"STATION","DATE","LATITUDE","LONGITUDE","ELEVATION","NAME","IMMA_VER","ATTM_CT","TIME_IND","LL_IND","SHIP_COURSE","SHIP_SPD","ID_IND","WIND_DIR_IND","WIND_DIR","WIND_SPD_IND","WIND_SPEED","VV_IND","VISIBILITY","PRES_WX","PAST_WX","SEA_LVL_PRES","CHAR_PPP","AMT_PRES_TEND","IND_FOR_TEMP","AIR_TEMP","IND_FOR_WBT","WET_BULB_TEMP","DEW_PT_TEMP","SST_MM","SEA_SURF_TEMP","TOT_CLD_AMT","LOW_CLD_AMT","LOW_CLD_TYPE","CLD_HGT","MID_CLD_TYPE","HI_CLD_TYPE","WAVE_DIR","WAVE_PERIOD","WAVE_HGT","SWELL_DIR","SWELL_PERIOD","SWELL_HGT","TEN_BOX_NUM","ONE_BOX_NUM","DECK","SOURCE_ID","PLATFORM_ID","DUP_STATUS","DUP_CHK","NIGHT_DAY_FLAG","TRIM_FLAG","NCDC_QC_FLAGS","SOURCE_EXCLUSION_FLAG","OB_SOURCE","STA_WX_IND","PAST_WX2","IND_FOR_PRECIP"
"4600616","2019-09-01T00:00:00","26.09","-137.61",,,"1","3","2","5",,,"11",,,,,,,,,,,,"0",,,,,,"256",,,,,,,,,,,,,"236","67","794","103","7","1","2","2","1FFFFF","1AAAAAAAA1AAAA","4",,,,
"5100832","2019-09-01T00:00:00","25.29","-139.91",,,"1","3","2","5",,,"11",,,,,,,,,,,,"0",,,,,,"255",,,,,,,,,,,,,"236","59","794","103","7","1","2","2","1FFFFF","1AAAAAAAA1AAAA","4",,,,
"WDC3786","2019-09-01T00:00:00","26.80","-136.90",,,"1","5","2","5","2","4","1",,"20","4","46","1","98","2","0","10200","6","8","8","262",,"213","186",,,"5","5","1","5","A","A",,"2","1","14","5","3","236","66","798","172","5","1","2","2","F11111","111111111A1111",,"5",,"0",
"4600616","2019-09-01T01:00:00","26.09","-137.61",,,"1","3","2","5",,,"11",,,,,,,,,,,,"0",,,,,,"256",,,,,,,,,,,,,"236","67","794","103","7","1","2","2","1FFFFF","1AAAAAAAA1AAAA","4",,,,
"5100832","2019-09-01T01:00:00","25.29","-139.91",,,"1","3","2","5",,,"11",,,,,,,,,,,,"0",,,,,,"255",,,,,,,,,,,,,"236","59","794","103","7","1","2","2","1FFFFF","1AAAAAAAA1AAAA","4",,,,
"4600616","2019-09-01T02:00:00","26.09","-137.62",,,"1","3","2","5",,,"11",,,,,,,,,,,,"0",,,,,,"254",,,,,,,,,,,,,"236","67","794","103","7","1","2","2","1FFFFF","1AAAAAAAA1AAAA","4",,,,
"5100832","2019-09-01T02:00:00","25.29","-139.91",,,"1","3","2","5",,,"11",,,,,,,,,,,,"0",,,,,,"255",,,,,,,,,,,,,"236","59","794","103","7","1","2","2","1FFFFF","1AAAAAAAA1AAAA","4",,,,
"2101521","2019-09-01T03:00:00","29.33","-135.82",,,"1","4","2","5",,,"11",,,,,,,,,,,,"8",,,,,"9","257",,,,,,,,,,,,,"236","95","798","172","7","0",,"2","3FFFFF","1AAAAAAAA1AAAA","4",,,,
"3201644","2019-09-01T03:00:00","26.29","-138.22",,,"1","4","2","5",,,"11",,,,,,,,,,,,"8",,,,,"9","263",,,,,,,,,,,,,"236","68","798","172","7","0",,"2","3FFFFF","1AAAAAAAA1AAAA","4",,,,
"4301559","2019-09-01T03:00:00","29.27","-139.97",,,"1","4","2","5",,,"11",,,,,,,,,,,,"8",,,,,"9","267",,,,,,,,,,,,,"236","99","798","172","7","0",,"2","5FFFFF","1AAAAAAAA1AAAA","4",,,,
"4301564","2019-09-01T03:00:00","29.54","-130.89",,,"1","4","2","5",,,"11",,,,,,,,,"10178",,,"8",,,,,"9","248",,,,,,,,,,,,,"236","90","798","172","7","0",,"1","1FFF1F","1AAAA1AAA1AAAA","4",,,,
"4301567","2019-09-01T03:00:00","25.45","-132.46",,,"1","4","2","5",,,"11",,,,,,,,,"10173",,,"8",,,,,"9","241",,,,,,,,,,,,,"236","52","798","172","7","0",,"1","1FFF1F","1AAAA1AAA1AAAA","4",,,,
"4301568","2019-09-01T03:00:00","29.29","-131.65",,,"1","4","2","5",,,"11",,,,,,,,,"10178",,,"8",,,,,"9","250",,,,,,,,,,,,,"236","91","798","172","7","0",,"1","3FFF1F","1AAAA1AAA1AAAA","4",,,,
"4301571","2019-09-01T03:00:00","24.49","-132.85",,,"1","4","2","5",,,"11",,,,,,,,,"10171",,,"8",,,,,"9","241",,,,,,,,,,,,,"236","42","798","172","7","0",,"1","1FFF1F","1AAAA1AAA1AAAA","4",,,,
"4301611","2019-09-01T03:00:00","25.86","-138.15",,,"1","4","2","5",,,"11",,,,,,,,,"10177",,,"8",,,,,"9","256",,,,,,,,,,,,,"236","58","798","172","7","0",,"2","1FFF1F","1AAAA1AAA1AAAA","4",,,,
"4600616","2019-09-01T03:00:00","26.10","-137.60",,,"1","4","2","5",,,"11",,,,,,,,,,,,"8",,,,,"9","253",,,,,,,,,,,,,"236","67","798","172","7","1","2","2","1FFFFF","1AAAAAAAA1AAAA","4",,,,
"5100832","2019-09-01T03:00:00","25.30","-139.91",,,"1","4","2","5",,,"11",,,,,,,,,,,,"8",,,,,"9","254",,,,,,,,,,,,,"236","59","798","172","7","1","2","2","1FFFFF","1AAAAAAAA1AAAA","4",,,,
"5102585","2019-09-01T03:00:00","28.96","-138.58",,,"1","4","2","5",,,"11",,,,,,,,,,,,"8",,,,,"9","271",,,,,,,,,,,,,"236","88","798","172","7","0",,"2","5FFFFF","1AAAAAAAA1AAAA","4",,,,
"5102593","2019-09-01T03:00:00","21.07","-132.34",,,"1","4","2","5",,,"11",,,,,,,,,,,,"8",,,,,"9","256",,,,,,,,,,,,,"236","12","798","172","7","0",,"1","1FFFFF","1AAAAAAAA1AAAA","4",,,,
"2101521","2019-09-01T04:00:00","29.32","-135.82",,,"1","4","2","5",,,"11",,,,,,,,,,,,"8",,,,,"9","256",,,,,,,,,,,,,"236","95","798","172","7","0",,"1","3FFFFF","1AAAAAAAA1AAAA","4",,,,
"3201644","2019-09-01T04:00:00","26.28","-138.21",,,"1","4","2","5",,,"11",,,,,,,,,,,,"8",,,,,"9","263",,,,,,,,,,,,,"236","68","798","172","7","0",,"1","3FFFFF","1AAAAAAAA1AAAA","4",,,,
"4301559","2019-09-01T04:00:00","29.27","-139.97",,,"1","4","2","5",,,"11",,,,,,,,,,,,"8",,,,,"9","265",,,,,,,,,,,,,"236","99","798","172","7","0",,"1","3FFFFF","1AAAAAAAA1AAAA","4",,,,
"4301564","2019-09-01T04:00:00","29.54","-130.90",,,"1","4","2","5",,,"11",,,,,,,,,"10182",,,"8",,,,,"9","248",,,,,,,,,,,,,"236","90","798","172","7","0",,"1","1FFF1F","1AAAA1AAA1AAAA","4",,,,
"4301567","2019-09-01T04:00:00","25.45","-132.46",,,"1","4","2","5",,,"11",,,,,,,,,"10178",,,"8",,,,,"9","241",,,,,,,,,,,,,"236","52","798","172","7","0",,"1","1FFF1F","1AAAA1AAA1AAAA","4",,,,
"4301568","2019-09-01T04:00:00","29.29","-131.65",,,"1","4","2","5",,,"11",,,,,,,,,"10183",,,"8",,,,,"9","249",,,,,,,,,,,,,"236","91","798","172","7","0",,"1","1FFF1F","1AAAA1AAA1AAAA","4",,,,
"4301571","2019-09-01T04:00:00","24.49","-132.85",,,"1","4","2","5",,,"11",,,,,,,,,"10174",,,"8",,,,,"9","240",,,,,,,,,,,,,"236","42","798","172","7","0",,"1","1FFF1F","1AAAA1AAA1AAAA","4",,,,
"4301611","2019-09-01T04:00:00","25.86","-138.15",,,"1","4","2","5",,,"11",,,,,,,,,"10184",,,"8",,,,,"9","256",,,,,,,,,,,,,"236","58","798","172","7","0",,"1","1FFF1F","1AAAA1AAA1AAAA","4",,,,
"4600616","2019-09-01T04:00:00","26.10","-137.60",,,"1","4","2","5",,,"11",,,,,,,,,,,,"8",,,,,"9","253",,,,,,,,,,,,,"236","67","798","172","7","1","2","1","1FFFFF","1AAAAAAAA1AAAA","4",,,,
"5100832","2019-09-01T04:00:00","25.30","-139.91",,,"1","4","2","5",,,"11",,,,,,,,,,,,"8",,,,,"9","253",,,,,,,,,,,,,"236","59","798","172","7","1","2","1","1FFFFF","1AAAAAAAA1AAAA","4",,,,
"5102585","2019-09-01T04:00:00","28.95","-138.58",,,"1","4","2","5",,,"11",,,,,,,,,,,,"8",,,,,"9","267",,,,,,,,,,,,,"236","88","798","172","7","0",,"1","5FFFFF","1AAAAAAAA1AAAA","4",,,,
"5102593","2019-09-01T04:00:00","21.07","-132.33",,,"1","4","2","5",,,"11",,,,,,,,,,,,"8",,,,,"9","256",,,,,,,,,,,,,"236","12","798","172","7","0",,"1","1FFFFF","1AAAAAAAA1AAAA","4",,,,
"2101521","2019-09-01T05:00:00","29.31","-135.83",,,"1","4","2","5",,,"11",,,,,,,,,,,,"8",,,,,"9","256",,,,,,,,,,,,,"236","95","798","172","7","0",,"1","3FFFFF","1AAAAAAAA1AAAA","4",,,,
"3201644","2019-09-01T05:00:00","26.27","-138.20",,,"1","4","2","5",,,"11",,,,,,,,,,,,"8",,,,,"9","263",,,,,,,,,,,,,"236","68","798","172","7","0",,"1","3FFFFF","1AAAAAAAA1AAAA","4",,,,
"4301559","2019-09-01T05:00:00","29.28","-139.97",,,"1","4","2","5",,,"11",,,,,,,,,,,,"8",,,,,"9","264",,,,,,,,,,,,,"236","99","798","172","7","0",,"1","3FFFFF","1AAAAAAAA1AAAA","4",,,,
"4301564","2019-09-01T05:00:00","29.54","-130.90",,,"1","4","2","5",,,"11",,,,,,,,,"10186",,,"8",,,,,"9","247",,,,,,,,,,,,,"236","90","798","172","7","0",,"1","1FFF1F","1AAAA1AAA1AAAA","4",,,,
"4301567","2019-09-01T05:00:00","25.45","-132.46",,,"1","4","2","5",,,"11",,,,,,,,,"10182",,,"8",,,,,"9","241",,,,,,,,,,,,,"236","52","798","172","7","0",,"1","1FFF1F","1AAAA1AAA1AAAA","4",,,,
"4301568","2019-09-01T05:00:00","29.29","-131.64",,,"1","4","2","5",,,"11",,,,,,,,,"10187",,,"8",,,,,"9","248",,,,,,,,,,,,,"236","91","798","172","7","0",,"1","1FFF1F","1AAAA1AAA1AAAA","4",,,,
"4301571","2019-09-01T05:00:00","24.48","-132.85",,,"1","4","2","5",,,"11",,,,,,,,,"10175",,,"8",,,,,"9","240",,,,,,,,,,,,,"236","42","798","172","7","0",,"1","1FFF1F","1AAAA1AAA1AAAA","4",,,,
"4301611","2019-09-01T05:00:00","25.85","-138.15",,,"1","4","2","5",,,"11",,,,,,,,,"10188",,,"8",,,,,"9","255",,,,,,,,,,,,,"236","58","798","172","7","0",,"1","1FFF1F","1AAAA1AAA1AAAA","4",,,,
"4600616","2019-09-01T05:00:00","26.09","-137.61",,,"1","4","2","5",,,"11",,,,,,,,,,,,"8",,,,,"9","253",,,,,,,,,,,,,"236","67","798","172","7","1","2","1","1FFFFF","1AAAAAAAA1AAAA","4",,,,
"5100832","2019-09-01T05:00:00","25.30","-139.95",,,"1","4","2","5",,,"11",,,,,,,,,,,,"8",,,,,"9","253",,,,,,,,,,,,,"236","59","798","172","7","1","2","1","1FFFFF","1AAAAAAAA1AAAA","4",,,,
"5102585","2019-09-01T05:00:00","28.95","-138.58",,,"1","4","2","5",,,"11",,,,,,,,,,,,"8",,,,,"9","268",,,,,,,,,,,,,"236","88","798","172","7","0",,"1","5FFFFF","1AAAAAAAA1AAAA","4",,,,
"5102593","2019-09-01T05:00:00","21.07","-132.32",,,"1","4","2","5",,,"11",,,,,,,,,,,,"8",,,,,"9","256",,,,,,,,,,,,,"236","12","798","172","7","0",,"1","1FFFFF","1AAAAAAAA1AAAA","4",,,,
"2101521","2019-09-01T06:00:00","29.30","-135.83",,,"1","4","2","5",,,"11",,,,,,,,,,,,"8",,,,,"9","255",,,,,,,,,,,,,"236","95","798","172","7","0",,"1","1FFFFF","1AAAAAAAA1AAAA","4",,,,
"3201644","2019-09-01T06:00:00","26.26","-138.20",,,"1","4","2","5",,,"11",,,,,,,,,,,,"8",,,,,"9","262",,,,,,,,,,,,,"236","68","798","172","7","0",,"1","3FFFFF","1AAAAAAAA1AAAA","4",,,,
"4301559","2019-09-01T06:00:00","29.28","-139.98",,,"1","4","2","5",,,"11",,,,,,,,,,,,"8",,,,,"9","263",,,,,,,,,,,,,"236","99","798","172","7","0",,"1","3FFFFF","1AAAAAAAA1AAAA","4",,,,
"4301564","2019-09-01T06:00:00","29.54","-130.90",,,"1","4","2","5",,,"11",,,,,,,,,"10188",,,"8",,,,,"9","246",,,,,,,,,,,,,"236","90","798","172","7","0",,"1","1FFF1F","1AAAA1AAA1AAAA","4",,,,
"4301567","2019-09-01T06:00:00","25.45","-132.46",,,"1","4","2","5",,,"11",,,,,,,,,"10183",,,"8",,,,,"9","240",,,,,,,,,,,,,"236","52","798","172","7","0",,"1","1FFF1F","1AAAA1AAA1AAAA","4",,,,
"4301568","2019-09-01T06:00:00","29.29","-131.64",,,"1","4","2","5",,,"11",,,,,,,,,"10189",,,"8",,,,,"9","247",,,,,,,,,,,,,"236","91","798","172","7","0",,"1","1FFF1F","1AAAA1AAA1AAAA","4",,,,
"4301611","2019-09-01T06:00:00","25.85","-138.15",,,"1","4","2","5",,,"11",,,,,,,,,"10191",,,"8",,,,,"9","254",,,,,,,,,,,,,"236","58","798","172","7","0",,"1","1FFF1F","1AAAA1AAA1AAAA","4",,,,
"4600616","2019-09-01T06:00:00","26.10","-137.60",,,"1","4","2","5",,,"11",,,,,,,,,,,,"8",,,,,"9","253",,,,,,,,,,,,,"236","67","798","172","7","1","2","1","1FFFFF","1AAAAAAAA1AAAA","4",,,,
"5100832","2019-09-01T06:00:00","25.31","-139.94",,,"1","4","2","5",,,"11",,,,,,,,,,,,"8",,,,,"9","252",,,,,,,,,,,,,"236","59","798","172","7","1","2","1","1FFFFF","1AAAAAAAA1AAAA","4",,,,
"5102585","2019-09-01T06:00:00","28.95","-138.59",,,"1","4","2","5",,,"11",,,,,,,,,,,,"8",,,,,"9","267",,,,,,,,,,,,,"236","88","798","172","7","0",,"1","5FFFFF","1AAAAAAAA1AAAA","4",,,,
"5102593","2019-09-01T06:00:00","21.08","-132.32",,,"1","4","2","5",,,"11",,,,,,,,,,,,"8",,,,,"9","256",,,,,,,,,,,,,"236","12","798","172","7","0",,"1","1FFFFF","1AAAAAAAA1AAAA","4",,,,
"4301571","2019-09-01T06:01:00","24.48","-132.86",,,"1","4","2","5",,,"11",,,,,,,,,"10181",,,"8",,,,,"9","240",,,,,,,,,,,,,"236","42","798","172","7","0",,"1","1FFF1F","1AAAA1AAA1AAAA","4",,,,
"2101521","2019-09-01T07:00:00","29.29","-135.84",,,"1","4","2","5",,,"11",,,,,,,,,,,,"8",,,,,"9","254",,,,,,,,,,,,,"236","95","798","172","7","0",,"1","1FFFFF","1AAAAAAAA1AAAA","4",,,,
"3201644","2019-09-01T07:00:00","26.25","-138.20",,,"1","4","2","5",,,"11",,,,,,,,,,,,"8",,,,,"9","262",,,,,,,,,,,,,"236","68","798","172","7","0",,"1","3FFFFF","1AAAAAAAA1AAAA","4",,,,
"4301559","2019-09-01T07:00:00","29.29","-139.98",,,"1","4","2","5",,,"11",,,,,,,,,,,,"8",,,,,"9","263",,,,,,,,,,,,,"236","99","798","172","7","0",,"1","3FFFFF","1AAAAAAAA1AAAA","4",,,,
"4301564","2019-09-01T07:00:00","29.55","-130.90",,,"1","4","2","5",,,"11",,,,,,,,,"10186",,,"8",,,,,"9","245",,,,,,,,,,,,,"236","90","798","172","7","0",,"1","1FFF1F","1AAAA1AAA1AAAA","4",,,,
"4301567","2019-09-01T07:00:00","25.45","-132.45",,,"1","4","2","5",,,"11",,,,,,,,,"10186",,,"8",,,,,"9","240",,,,,,,,,,,,,"236","52","798","172","7","0",,"1","1FFF1F","1AAAA1AAA1AAAA","4",,,,
"4301568","2019-09-01T07:00:00","29.29","-131.64",,,"1","4","2","5",,,"11",,,,,,,,,"10188",,,"8",,,,,"9","246",,,,,,,,,,,,,"236","91","798","172","7","0",,"1","1FFF1F","1AAAA1AAA1AAAA","4",,,,
"4301611","2019-09-01T07:00:00","25.84","-138.15",,,"1","4","2","5",,,"11",,,,,,,,,"10193",,,"8",,,,,"9","254",,,,,,,,,,,,,"236","58","798","172","7","0",,"1","1FFF1F","1AAAA1AAA1AAAA","4",,,,
"4600616","2019-09-01T07:00:00","26.09","-137.61",,,"1","4","2","5",,,"11",,,,,,,,,,,,"8",,,,,"9","253",,,,,,,,,,,,,"236","67","798","172","7","1","2","1","1FFFFF","1AAAAAAAA1AAAA","4",,,,
"5100832","2019-09-01T07:00:00","25.32","-139.96",,,"1","4","2","5",,,"11",,,,,,,,,,,,"8",,,,,"9","252",,,,,,,,,,,,,"236","59","798","172","7","1","2","1","1FFFFF","1AAAAAAAA1AAAA","4",,,,
"5102585","2019-09-01T07:00:00","28.94","-138.59",,,"1","4","2","5",,,"11",,,,,,,,,,,,"8",,,,,"9","265",,,,,,,,,,,,,"236","88","798","172","7","0",,"1","3FFFFF","1AAAAAAAA1AAAA","4",,,,
"5102593","2019-09-01T07:00:00","21.08","-132.31",,,"1","4","2","5",,,"11",,,,,,,,,,,,"8",,,,,"9","256",,,,,,,,,,,,,"236","12","798","172","7","0",,"1","1FFFFF","1AAAAAAAA1AAAA","4",,,,
"4301571","2019-09-01T07:04:00","24.47","-132.86",,,"1","4","2","5",,,"11",,,,,,,,,"10181",,,"8",,,,,"9","240",,,,,,,,,,,,,"236","42","798","172","7","0",,"1","1FFF1F","1AAAA1AAA1AAAA","4",,,,
"2101521","2019-09-01T08:00:00","29.29","-135.85",,,"1","4","2","5",,,"11",,,,,,,,,,,,"8",,,,,"9","254",,,,,,,,,,,,,"236","95","798","172","7","0",,"1","1FFFFF","1AAAAAAAA1AAAA","4",,,,
"3201644","2019-09-01T08:00:00","26.24","-138.19",,,"1","4","2","5",,,"11",,,,,,,,,,,,"8",,,,,"9","262",,,,,,,,,,,,,"236","68","798","172","7","0",,"1","3FFFFF","1AAAAAAAA1AAAA","4",,,,
"4301559","2019-09-01T08:00:00","29.29","-139.98",,,"1","4","2","5",,,"11",,,,,,,,,,,,"8",,,,,"9","262",,,,,,,,,,,,,"236","99","798","172","7","0",,"1","3FFFFF","1AAAAAAAA1AAAA","4",,,,
"4301564","2019-09-01T08:00:00","29.55","-130.91",,,"1","4","2","5",,,"11",,,,,,,,,"10183",,,"8",,,,,"9","245",,,,,,,,,,,,,"236","90","798","172","7","0",,"1","1FFF1F","1AAAA1AAA1AAAA","4",,,,
"4301568","2019-09-01T08:00:00","29.28","-131.64",,,"1","4","2","5",,,"11",,,,,,,,,"10186",,,"8",,,,,"9","247",,,,,,,,,,,,,"236","91","798","172","7","0",,"1","1FFF1F","1AAAA1AAA1AAAA","4",,,,
"4301611","2019-09-01T08:00:00","25.84","-138.14",,,"1","4","2","5",,,"11",,,,,,,,,"10192",,,"8",,,,,"9","254",,,,,,,,,,,,,"236","58","798","172","7","0",,"1","1FFF1F","1AAAA1AAA1AAAA","4",,,,
"4600616","2019-09-01T08:00:00","26.09","-137.61",,,"1","4","2","5",,,"11",,,,,,,,,,,,"8",,,,,"9","254",,,,,,,,,,,,,"236","67","798","172","7","1","2","1","1FFFFF","1AAAAAAAA1AAAA","4",,,,
"5100832","2019-09-01T08:00:00","25.33","-139.98",,,"1","4","2","5",,,"11",,,,,,,,,,,,"8",,,,,"9","251",,,,,,,,,,,,,"236","59","798","172","7","1","2","1","1FFFFF","1AAAAAAAA1AAAA","4",,,,
"5102585","2019-09-01T08:00:00","28.94","-138.60",,,"1","4","2","5",,,"11",,,,,,,,,,,,"8",,,,,"9","266",,,,,,,,,,,,,"236","88","798","172","7","0",,"1","3FFFFF","1AAAAAAAA1AAAA","4",,,,
"5102593","2019-09-01T08:00:00","21.08","-132.30",,,"1","4","2","5",,,"11",,,,,,,,,,,,"8",,,,,"9","255",,,,,,,,,,,,,"236","12","798","172","7","0",,"1","1FFFFF","1AAAAAAAA1AAAA","4",,,,
"4301567","2019-09-01T08:01:00","25.44","-132.45",,,"1","4","2","5",,,"11",,,,,,,,,"10183",,,"8",,,,,"9","240",,,,,,,,,,,,,"236","52","798","172","7","0",,"1","1FFF1F","1AAAA1AAA1AAAA","4",,,,
"4301571","2019-09-01T08:01:00","24.48","-132.86",,,"1","4","2","5",,,"11",,,,,,,,,"10178",,,"8",,,,,"9","240",,,,,,,,,,,,,"236","42","798","172","7","0",,"1","1FFF1F","1AAAA1AAA1AAAA","4",,,,
"2101521","2019-09-01T09:00:00","29.28","-135.85",,,"1","4","2","5",,,"11",,,,,,,,,,,,"8",,,,,"9","254",,,,,,,,,,,,,"236","95","798","172","7","0",,"1","1FFFFF","1AAAAAAAA1AAAA","4",,,,
"4301564","2019-09-01T09:00:00","29.55","-130.91",,,"1","4","2","5",,,"11",,,,,,,,,"10181",,,"8",,,,,"9","245",,,,,,,,,,,,,"236","90","798","172","7","0",,"1","1FFF1F","1AAAA1AAA1AAAA","4",,,,
"4301567","2019-09-01T09:00:00","25.44","-132.46",,,"1","4","2","5",,,"11",,,,,,,,,"10179",,,"8",,,,,"9","240",,,,,,,,,,,,,"236","52","798","172","7","0",,"1","1FFF1F","1AAAA1AAA1AAAA","4",,,,
"4301571","2019-09-01T09:00:00","24.48","-132.87",,,"1","4","2","5",,,"11",,,,,,,,,"10173",,,"8",,,,,"9","240",,,,,,,,,,,,,"236","42","798","172","7","0",,"1","1FFF1F","1AAAA1AAA1AAAA","4",,,,
"4301611","2019-09-01T09:00:00","25.83","-138.14",,,"1","4","2","5",,,"11",,,,,,,,,"10189",,,"8",,,,,"9","254",,,,,,,,,,,,,"236","58","798","172","7","0",,"1","1FFF1F","1AAAA1AAA1AAAA","4",,,,
"4600616","2019-09-01T09:00:00","26.09","-137.61",,,"1","4","2","5",,,"11",,,,,,,,,,,,"8",,,,,"9","254",,,,,,,,,,,,,"236","67","798","172","7","1","2","1","1FFFFF","1AAAAAAAA1AAAA","4",,,,
"5100832","2019-09-01T09:00:00","25.33","-139.98",,,"1","4","2","5",,,"11",,,,,,,,,,,,"8",,,,,"9","251",,,,,,,,,,,,,"236","59","798","172","7","1","2","1","1FFFFF","1AAAAAAAA1AAAA","4",,,,
"5102585","2019-09-01T09:00:00","28.94","-138.60",,,"1","4","2","5",,,"11",,,,,,,,,,,,"8",,,,,"9","262",,,,,,,,,,,,,"236","88","798","172","7","0",,"1","3FFFFF","1AAAAAAAA1AAAA","4",,,,
"5102593","2019-09-01T09:00:00","21.08","-132.30",,,"1","4","2","5",,,"11",,,,,,,,,,,,"8",,,,,"9","255",,,,,,,,,,,,,"236","12","798","172","7","0",,"1","1FFFFF","1AAAAAAAA1AAAA","4",,,,
"4301559","2019-09-01T09:01:00","29.30","-139.98",,,"1","4","2","5",,,"11",,,,,,,,,,,,"8",,,,,"9","261",,,,,,,,,,,,,"236","99","798","172","7","0",,"1","3FFFFF","1AAAAAAAA1AAAA","4",,,,
"4301568","2019-09-01T09:01:00","29.28","-131.64",,,"1","4","2","5",,,"11",,,,,,,,,"10184",,,"8",,,,,"9","246",,,,,,,,,,,,,"236","91","798","172","7","0",,"1","1FFF1F","1AAAA1AAA1AAAA","4",,,,
"2101521","2019-09-01T10:00:00","29.28","-135.86",,,"1","4","2","5",,,"11",,,,,,,,,,,,"8",,,,,"9","253",,,,,,,,,,,,,"236","95","798","172","7","0",,"1","1FFFFF","1AAAAAAAA1AAAA","4",,,,
"4301559","2019-09-01T10:00:00","29.30","-139.98",,,"1","4","2","5",,,"11",,,,,,,,,,,,"8",,,,,"9","261",,,,,,,,,,,,,"236","99","798","172","7","0",,"1","3FFFFF","1AAAAAAAA1AAAA","4",,,,
"4301564","2019-09-01T10:00:00","29.56","-130.90",,,"1","4","2","5",,,"11",,,,,,,,,"10180",,,"8",,,,,"9","244",,,,,,,,,,,,,"236","90","798","172","7","0",,"1","1FFF1F","1AAAA1AAA1AAAA","4",,,,
"4301567","2019-09-01T10:00:00","25.44","-132.46",,,"1","4","2","5",,,"11",,,,,,,,,"10174",,,"8",,,,,"9","240",,,,,,,,,,,,,"236","52","798","172","7","0",,"1","1FFF1F","1AAAA1AAA1AAAA","4",,,,
"4301568","2019-09-01T10:00:00","29.28","-131.64",,,"1","4","2","5",,,"11",,,,,,,,,"10181",,,"8",,,,,"9","247",,,,,,,,,,,,,"236","91","798","172","7","0",,"1","1FFF1F","1AAAA1AAA1AAAA","4",,,,
"4600616","2019-09-01T10:00:00","26.09","-137.61",,,"1","4","2","5",,,"11",,,,,,,,,,,,"8",,,,,"9","254",,,,,,,,,,,,,"236","67","798","172","7","1","2","1","1FFFFF","1AAAAAAAA1AAAA","4",,,,
"5100832","2019-09-01T10:00:00","25.33","-139.98",,,"1","4","2","5",,,"11",,,,,,,,,,,,"8",,,,,"9","251",,,,,,,,,,,,,"236","59","798","172","7","1","2","1","1FFFFF","1AAAAAAAA1AAAA","4",,,,
"5102585","2019-09-01T10:00:00","28.93","-138.61",,,"1","4","2","5",,,"11",,,,,,,,,,,,"8",,,,,"9","261",,,,,,,,,,,,,"236","88","798","172","7","0",,"1","3FFFFF","1AAAAAAAA1AAAA","4",,,,
"5102593","2019-09-01T10:00:00","21.08","-132.29",,,"1","4","2","5",,,"11",,,,,,,,,,,,"8",,,,,"9","255",,,,,,,,,,,,,"236","12","798","172","7","0",,"1","1FFFFF","1AAAAAAAA1AAAA","4",,,,
"4301571","2019-09-01T10:01:00","24.47","-132.87",,,"1","4","2","5",,,"11",,,,,,,,,"10173",,,"8",,,,,"9","240",,,,,,,,,,,,,"236","42","798","172","7","0",,"1","1FFF1F","1AAAA1AAA1AAAA","4",,,,
"4301611","2019-09-01T10:03:00","25.82","-138.13",,,"1","4","2","5",,,"11",,,,,,,,,"10188",,,"8",,,,,"9","254",,,,,,,,,,,,,"236","58","798","172","7","0",,"1","1FFF1F","1AAAA1AAA1AAAA","4",,,,
"2101521","2019-09-01T11:00:00","29.29","-135.86",,,"1","4","2","5",,,"11",,,,,,,,,,,,"8",,,,,"9","253",,,,,,,,,,,,,"236","95","798","172","7","0",,"1","1FFFFF","1AAAAAAAA1AAAA","4",,,,
"3201644","2019-09-01T11:00:00","26.21","-138.19",,,"1","4","2","5",,,"11",,,,,,,,,,,,"8",,,,,"9","260",,,,,,,,,,,,,"236","68","798","172","7","0",,"1","1FFFFF","1AAAAAAAA1AAAA","4",,,,
"4301559","2019-09-01T11:00:00","29.30","-139.98",,,"1","4","2","5",,,"11",,,,,,,,,,,,"8",,,,,"9","260",,,,,,,,,,,,,"236","99","798","172","7","0",,"1","3FFFFF","1AAAAAAAA1AAAA","4",,,,
"4301564","2019-09-01T11:00:00","29.56","-130.90",,,"1","4","2","5",,,"11",,,,,,,,,"10178",,,"8",,,,,"9","244",,,,,,,,,,,,,"236","90","798","172","7","0",,"1","1FFF1F","1AAAA1AAA1AAAA","4",,,,
"4301567","2019-09-01T11:00:00","25.44","-132.46",,,"1","4","2","5",,,"11",,,,,,,,,"10172",,,"8",,,,,"9","240",,,,,,,,,,,,,"236","52","798","172","7","0",,"1","1FFF1F","1AAAA1AAA1AAAA","4",,,,
"4301568","2019-09-01T11:00:00","29.28","-131.64",,,"1","4","2","5",,,"11",,,,,,,,,"10178",,,"8",,,,,"9","247",,,,,,,,,,,,,"236","91","798","172","7","0",,"1","1FFF1F","1AAAA1AAA1AAAA","4",,,,
"4301571","2019-09-01T11:00:00","24.47","-132.87",,,"1","4","2","5",,,"11",,,,,,,,,"10169",,,"8",,,,,"9","240",,,,,,,,,,,,,"236","42","798","172","7","0",,"1","1FFF1F","1AAAA1AAA1AAAA","4",,,,
"4301611","2019-09-01T11:00:00","25.82","-138.13",,,"1","4","2","5",,,"11",,,,,,,,,"10184",,,"8",,,,,"9","253",,,,,,,,,,,,,"236","58","798","172","7","0",,"1","1FFF1F","1AAAA1AAA1AAAA","4",,,,
"4600616","2019-09-01T11:00:00","26.07","-137.60",,,"1","4","2","5",,,"11",,,,,,,,,,,,"8",,,,,"9","254",,,,,,,,,,,,,"236","67","798","172","7","1","2","1","1FFFFF","1AAAAAAAA1AAAA","4",,,,
"5102585","2019-09-01T11:00:00","28.93","-138.61",,,"1","4","2","5",,,"11",,,,,,,,,,,,"8",,,,,"9","260",,,,,,,,,,,,,"236","88","798","172","7","0",,"1","3FFFFF","1AAAAAAAA1AAAA","4",,,,
"5102593","2019-09-01T11:00:00","21.08","-132.29",,,"1","4","2","5",,,"11",,,,,,,,,,,,"8",,,,,"9","255",,,,,,,,,,,,,"236","12","798","172","7","0",,"1","1FFFFF","1AAAAAAAA1AAAA","4",,,,
"2101521","2019-09-01T12:00:00","29.29","-135.86",,,"1","4","2","5",,,"11",,,,,,,,,,,,"8",,,,,"9","253",,,,,,,,,,,,,"236","95","798","172","7","0",,"1","1FFFFF","1AAAAAAAA1AAAA","4",,,,
"3201644","2019-09-01T12:00:00","26.20","-138.19",,,"1","4","2","5",,,"11",,,,,,,,,,,,"8",,,,,"9","260",,,,,,,,,,,,,"236","68","798","172","7","0",,"1","1FFFFF","1AAAAAAAA1AAAA","4",,,,
"4301564","2019-09-01T12:00:00","29.56","-130.89",,,"1","4","2","5",,,"11",,,,,,,,,"10174",,,"8",,,,,"9","244",,,,,,,,,,,,,"236","90","798","172","7","0",,"1","1FFF1F","1AAAA1AAA1AAAA","4",,,,
"4301567","2019-09-01T12:00:00","25.43","-132.46",,,"1","4","2","5",,,"11",,,,,,,,,"10170",,,"8",,,,,"9","239",,,,,,,,,,,,,"236","52","798","172","7","0",,"1","1FFF1F","1AAAA1AAA1AAAA","4",,,,
"4301568","2019-09-01T12:00:00","29.28","-131.63",,,"1","4","2","5",,,"11",,,,,,,,,"10176",,,"8",,,,,"9","246",,,,,,,,,,,,,"236","91","798","172","7","0",,"1","1FFF1F","1AAAA1AAA1AAAA","4",,,,
"4301611","2019-09-01T12:00:00","25.81","-138.14",,,"1","4","2","5",,,"11",,,,,,,,,"10179",,,"8",,,,,"9","254",,,,,,,,,,,,,"236","58","798","172","7","0",,"1","1FFF1F","1AAAA1AAA1AAAA","4",,,,
"4600616","2019-09-01T12:00:00","26.07","-137.60",,,"1","4","2","5",,,"11",,,,,,,,,,,,"8",,,,,"9","254",,,,,,,,,,,,,"236","67","798","172","7","1","2","1","1FFFFF","1AAAAAAAA1AAAA","4",,,,
"5100832","2019-09-01T12:00:00","25.33","-139.98",,,"1","4","2","5",,,"11",,,,,,,,,,,,"8",,,,,"9","251",,,,,,,,,,,,,"236","59","798","172","7","1","2","1","1FFFFF","1AAAAAAAA1AAAA","4",,,,
"5102585","2019-09-01T12:00:00","28.93","-138.61",,,"1","4","2","5",,,"11",,,,,,,,,,,,"8",,,,,"9","259",,,,,,,,,,,,,"236","88","798","172","7","0",,"1","3FFFFF","1AAAAAAAA1AAAA","4",,,,
"5102593","2019-09-01T12:00:00","21.08","-132.28",,,"1","4","2","5",,,"11",,,,,,,,,,,,"8",,,,,"9","255",,,,,,,,,,,,,"236","12","798","172","7","0",,"1","1FFFFF","1AAAAAAAA1AAAA","4",,,,
"WDC3786","2019-09-01T12:00:00","28.00","-132.00",,,"1","6","2","5","2","4","1",,"350","4","41","1","98","1","0","10184","7","10","8","220",,"205","197","1","257","2","2","4","5","A","A",,"2","1",,,,"236","82","798","172","5","1","2","1","311111","111111111111A1",,"5",,"0",
"4301559","2019-09-01T12:01:00","29.31","-139.98",,,"1","4","2","5",,,"11",,,,,,,,,,,,"8",,,,,"9","260",,,,,,,,,,,,,"236","99","798","172","7","0",,"1","3FFFFF","1AAAAAAAA1AAAA","4",,,,
"4301571","2019-09-01T12:04:00","24.47","-132.87",,,"1","4","2","5",,,"11",,,,,,,,,"10166",,,"8",,,,,"9","240",,,,,,,,,,,,,"236","42","798","172","7","0",,"1","1FFF1F","1AAAA1AAA1AAAA","4",,,,
"2101521","2019-09-01T13:00:00","29.29","-135.86",,,"1","4","2","5",,,"11",,,,,,,,,,,,"8",,,,,"9","253",,,,,,,,,,,,,"236","95","798","172","7","0",,"1","1FFFFF","1AAAAAAAA1AAAA","4",,,,
"3201644","2019-09-01T13:00:00","26.20","-138.19",,,"1","4","2","5",,,"11",,,,,,,,,,,,"8",,,,,"9","259",,,,,,,,,,,,,"236","68","798","172","7","0",,"1","1FFFFF","1AAAAAAAA1AAAA","4",,,,
"4301559","2019-09-01T13:00:00","29.30","-139.98",,,"1","4","2","5",,,"11",,,,,,,,,,,,"8",,,,,"9","260",,,,,,,,,,,,,"236","99","798","172","7","0",,"1","3FFFFF","1AAAAAAAA1AAAA","4",,,,
"4301564","2019-09-01T13:00:00","29.57","-130.89",,,"1","4","2","5",,,"11",,,,,,,,,"10176",,,"8",,,,,"9","244",,,,,,,,,,,,,"236","90","798","172","7","0",,"1","1FFF1F","1AAAA1AAA1AAAA","4",,,,
"4301567","2019-09-01T13:00:00","25.43","-132.46",,,"1","4","2","5",,,"11",,,,,,,,,"10170",,,"8",,,,,"9","239",,,,,,,,,,,,,"236","52","798","172","7","0",,"1","1FFF1F","1AAAA1AAA1AAAA","4",,,,
"4301571","2019-09-01T13:00:00","24.47","-132.87",,,"1","4","2","5",,,"11",,,,,,,,,"10165",,,"8",,,,,"9","239",,,,,,,,,,,,,"236","42","798","172","7","0",,"1","1FFF1F","1AAAA1AAA1AAAA","4",,,,
"4600616","2019-09-01T13:00:00","26.07","-137.60",,,"1","4","2","5",,,"11",,,,,,,,,,,,"8",,,,,"9","253",,,,,,,,,,,,,"236","67","798","172","7","1","2","1","1FFFFF","1AAAAAAAA1AAAA","4",,,,
"5100832","2019-09-01T13:00:00","25.33","-139.98",,,"1","4","2","5",,,"11",,,,,,,,,,,,"8",,,,,"9","251",,,,,,,,,,,,,"236","59","798","172","7","1","2","1","1FFFFF","1AAAAAAAA1AAAA","4",,,,
"5102585","2019-09-01T13:00:00","28.93","-138.61",,,"1","4","2","5",,,"11",,,,,,,,,,,,"8",,,,,"9","260",,,,,,,,,,,,,"236","88","798","172","7","0",,"1","3FFFFF","1AAAAAAAA1AAAA","4",,,,
"5102593","2019-09-01T13:00:00","21.08","-132.27",,,"1","4","2","5",,,"11",,,,,,,,,,,,"8",,,,,"9","255",,,,,,,,,,,,,"236","12","798","172","7","0",,"1","1FFFFF","1AAAAAAAA1AAAA","4",,,,
"4301568","2019-09-01T13:01:00","29.28","-131.63",,,"1","4","2","5",,,"11",,,,,,,,,"10178",,,"8",,,,,"9","246",,,,,,,,,,,,,"236","91","798","172","7","0",,"1","1FFF1F","1AAAA1AAA1AAAA","4",,,,
"4301611","2019-09-01T13:01:00","25.80","-138.14",,,"1","4","2","5",,,"11",,,,,,,,,"10178",,,"8",,,,,"9","253",,,,,,,,,,,,,"236","58","798","172","7","0",,"1","1FFF1F","1AAAA1AAA1AAAA","4",,,,
"2101521","2019-09-01T14:00:00","29.29","-135.86",,,"1","4","2","5",,,"11",,,,,,,,,,,,"8",,,,,"9","253",,,,,,,,,,,,,"236","95","798","172","7","0",,"1","1FFFFF","1AAAAAAAA1AAAA","4",,,,
"3201644","2019-09-01T14:00:00","26.19","-138.19",,,"1","4","2","5",,,"11",,,,,,,,,,,,"8",,,,,"9","259",,,,,,,,,,,,,"236","68","798","172","7","0",,"1","1FFFFF","1AAAAAAAA1AAAA","4",,,,
"4301559","2019-09-01T14:00:00","29.30","-139.99",,,"1","4","2","5",,,"11",,,,,,,,,,,,"8",,,,,"9","259",,,,,,,,,,,,,"236","99","798","172","7","0",,"1","3FFFFF","1AAAAAAAA1AAAA","4",,,,
"4301564","2019-09-01T14:00:00","29.57","-130.88",,,"1","4","2","5",,,"11",,,,,,,,,"10179",,,"8",,,,,"9","244",,,,,,,,,,,,,"236","90","798","172","7","0",,"1","1FFF1F","1AAAA1AAA1AAAA","4",,,,
"4301567","2019-09-01T14:00:00","25.43","-132.46",,,"1","4","2","5",,,"11",,,,,,,,,"10171",,,"8",,,,,"9","239",,,,,,,,,,,,,"236","52","798","172","7","0",,"1","1FFF1F","1AAAA1AAA1AAAA","4",,,,
"4301568","2019-09-01T14:00:00","29.28","-131.62",,,"1","4","2","5",,,"11",,,,,,,,,"10180",,,"8",,,,,"9","246",,,,,,,,,,,,,"236","91","798","172","7","0",,"1","1FFF1F","1AAAA1AAA1AAAA","4",,,,
"4301571","2019-09-01T14:00:00","24.47","-132.87",,,"1","4","2","5",,,"11",,,,,,,,,"10169",,,"8",,,,,"9","239",,,,,,,,,,,,,"236","42","798","172","7","0",,"1","1FFF1F","1AAAA1AAA1AAAA","4",,,,
"4600616","2019-09-01T14:00:00","26.07","-137.60",,,"1","4","2","5",,,"11",,,,,,,,,,,,"8",,,,,"9","250",,,,,,,,,,,,,"236","67","798","172","7","1","2","1","1FFFFF","1AAAAAAAA1AAAA","4",,,,
"5100832","2019-09-01T14:00:00","25.33","-139.98",,,"1","4","2","5",,,"11",,,,,,,,,,,,"8",,,,,"9","251",,,,,,,,,,,,,"236","59","798","172","7","1","2","1","1FFFFF","1AAAAAAAA1AAAA","4",,,,
"5102585","2019-09-01T14:00:00","28.93","-138.60",,,"1","4","2","5",,,"11",,,,,,,,,,,,"8",,,,,"9","259",,,,,,,,,,,,,"236","88","798","172","7","0",,"1","3FFFFF","1AAAAAAAA1AAAA","4",,,,
"5102593","2019-09-01T14:00:00","21.08","-132.27",,,"1","4","2","5",,,"11",,,,,,,,,,,,"8",,,,,"9","255",,,,,,,,,,,,,"236","12","798","172","7","0",,"1","1FFFFF","1AAAAAAAA1AAAA","4",,,,
"4301611","2019-09-01T14:01:00","25.80","-138.14",,,"1","4","2","5",,,"11",,,,,,,,,"10180",,,"8",,,,,"9","253",,,,,,,,,,,,,"236","58","798","172","7","0",,"1","1FFF1F","1AAAA1AAA1AAAA","4",,,,
"2101521","2019-09-01T15:00:00","29.30","-135.86",,,"1","4","2","5",,,"11",,,,,,,,,,,,"8",,,,,"9","253",,,,,,,,,,,,,"236","95","798","172","7","0",,"2","1FFFFF","1AAAAAAAA1AAAA","4",,,,
"3201644","2019-09-01T15:00:00","26.18","-138.18",,,"1","4","2","5",,,"11",,,,,,,,,,,,"8",,,,,"9","259",,,,,,,,,,,,,"236","68","798","172","7","0",,"1","1FFFFF","1AAAAAAAA1AAAA","4",,,,
"4301559","2019-09-01T15:00:00","29.30","-140.00",,,"1","4","2","5",,,"11",,,,,,,,,,,,"8",,,,,"9","260",,,,,,,,,,,,,"235","90","798","172","7","0",,"1","1FFFFF","1AAAAAAAA1AAAA","4",,,,
"4301564","2019-09-01T15:00:00","29.57","-130.88",,,"1","4","2","5",,,"11",,,,,,,,,"10180",,,"8",,,,,"9","244",,,,,,,,,,,,,"236","90","798","172","7","0",,"2","1FFF1F","1AAAA1AAA1AAAA","4",,,,
"4301567","2019-09-01T15:00:00","25.43","-132.47",,,"1","4","2","5",,,"11",,,,,,,,,"10177",,,"8",,,,,"9","239",,,,,,,,,,,,,"236","52","798","172","7","0",,"2","1FFF1F","1AAAA1AAA1AAAA","4",,,,
"4301568","2019-09-01T15:00:00","29.28","-131.62",,,"1","4","2","5",,,"11",,,,,,,,,"10181",,,"8",,,,,"9","246",,,,,,,,,,,,,"236","91","798","172","7","0",,"2","1FFF1F","1AAAA1AAA1AAAA","4",,,,
"4301571","2019-09-01T15:00:00","24.46","-132.87",,,"1","4","2","5",,,"11",,,,,,,,,"10174",,,"8",,,,,"9","239",,,,,,,,,,,,,"236","42","798","172","7","0",,"2","1FFF1F","1AAAA1AAA1AAAA","4",,,,
"4301611","2019-09-01T15:00:00","25.79","-138.14",,,"1","4","2","5",,,"11",,,,,,,,,"10182",,,"8",,,,,"9","253",,,,,,,,,,,,,"236","58","798","172","7","0",,"1","1FFF1F","1AAAA1AAA1AAAA","4",,,,
"4600616","2019-09-01T15:00:00","26.07","-137.61",,,"1","4","2","5",,,"11",,,,,,,,,,,,"8",,,,,"9","249",,,,,,,,,,,,,"236","67","798","172","7","1","2","1","1FFFFF","1AAAAAAAA1AAAA","4",,,,
"5102585","2019-09-01T15:00:00","28.93","-138.60",,,"1","4","2","5",,,"11",,,,,,,,,,,,"8",,,,,"9","261",,,,,,,,,,,,,"236","88","798","172","7","0",,"1","3FFFFF","1AAAAAAAA1AAAA","4",,,,
"5102593","2019-09-01T15:00:00","21.09","-132.26",,,"1","4","2","5",,,"11",,,,,,,,,,,,"8",,,,,"9","255",,,,,,,,,,,,,"236","12","798","172","7","0",,"2","1FFFFF","1AAAAAAAA1AAAA","4",,,,
"2101521","2019-09-01T16:00:00","29.30","-135.85",,,"1","4","2","5",,,"11",,,,,,,,,,,,"8",,,,,"9","254",,,,,,,,,,,,,"236","95","798","172","7","0",,"2","1FFFFF","1AAAAAAAA1AAAA","4",,,,
"4301559","2019-09-01T16:00:00","29.30","-140.00",,,"1","4","2","5",,,"11",,,,,,,,,,,,"8",,,,,"9","261",,,,,,,,,,,,,"235","90","798","172","7","0",,"2","1FFFFF","1AAAAAAAA1AAAA","4",,,,
"4301564","2019-09-01T16:00:00","29.57","-130.88",,,"1","4","2","5",,,"11",,,,,,,,,"10185",,,"8",,,,,"9","244",,,,,,,,,,,,,"236","90","798","172","7","0",,"2","1FFF1F","1AAAA1AAA1AAAA","4",,,,
"4301571","2019-09-01T16:00:00","24.46","-132.87",,,"1","4","2","5",,,"11",,,,,,,,,"10174",,,"8",,,,,"9","239",,,,,,,,,,,,,"236","42","798","172","7","0",,"2","1FFF1F","1AAAA1AAA1AAAA","4",,,,
"4301611","2019-09-01T16:00:00","25.79","-138.14",,,"1","4","2","5",,,"11",,,,,,,,,"10185",,,"8",,,,,"9","253",,,,,,,,,,,,,"236","58","798","172","7","0",,"2","1FFF1F","1AAAA1AAA1AAAA","4",,,,
"4600616","2019-09-01T16:00:00","26.07","-137.61",,,"1","4","2","5",,,"11",,,,,,,,,,,,"8",,,,,"9","250",,,,,,,,,,,,,"236","67","798","172","7","1","2","2","1FFFFF","1AAAAAAAA1AAAA","4",,,,
"5102585","2019-09-01T16:00:00","28.92","-138.60",,,"1","4","2","5",,,"11",,,,,,,,,,,,"8",,,,,"9","260",,,,,,,,,,,,,"236","88","798","172","7","0",,"2","3FFFFF","1AAAAAAAA1AAAA","4",,,,
"5102593","2019-09-01T16:00:00","21.09","-132.25",,,"1","4","2","5",,,"11",,,,,,,,,,,,"8",,,,,"9","255",,,,,,,,,,,,,"236","12","798","172","7","0",,"2","1FFFFF","1AAAAAAAA1AAAA","4",,,,
"4301567","2019-09-01T16:01:00","25.44","-132.47",,,"1","4","2","5",,,"11",,,,,,,,,"10178",,,"8",,,,,"9","239",,,,,,,,,,,,,"236","52","798","172","7","0",,"2","1FFF1F","1AAAA1AAA1AAAA","4",,,,
"4301568","2019-09-01T16:02:00","29.28","-131.61",,,"1","4","2","5",,,"11",,,,,,,,,"10183",,,"8",,,,,"9","246",,,,,,,,,,,,,"236","91","798","172","7","0",,"2","1FFF1F","1AAAA1AAA1AAAA","4",,,,
"2101521","2019-09-01T17:00:00","29.30","-135.85",,,"1","4","2","5",,,"11",,,,,,,,,,,,"8",,,,,"9","253",,,,,,,,,,,,,"236","95","798","172","7","0",,"2","1FFFFF","1AAAAAAAA1AAAA","4",,,,
"3201644","2019-09-01T17:00:00","26.16","-138.18",,,"1","4","2","5",,,"11",,,,,,,,,,,,"8",,,,,"9","259",,,,,,,,,,,,,"236","68","798","172","7","0",,"2","1FFFFF","1AAAAAAAA1AAAA","4",,,,
"4301564","2019-09-01T17:00:00","29.57","-130.87",,,"1","4","2","5",,,"11",,,,,,,,,"10187",,,"8",,,,,"9","244",,,,,,,,,,,,,"236","90","798","172","7","0",,"2","1FFF1F","1AAAA1AAA1AAAA","4",,,,
"4301567","2019-09-01T17:00:00","25.44","-132.47",,,"1","4","2","5",,,"11",,,,,,,,,"10183",,,"8",,,,,"9","239",,,,,,,,,,,,,"236","52","798","172","7","0",,"2","1FFF1F","1AAAA1AAA1AAAA","4",,,,
"4301568","2019-09-01T17:00:00","29.28","-131.61",,,"1","4","2","5",,,"11",,,,,,,,,"10187",,,"8",,,,,"9","246",,,,,,,,,,,,,"236","91","798","172","7","0",,"2","1FFF1F","1AAAA1AAA1AAAA","4",,,,
"4301571","2019-09-01T17:00:00","24.45","-132.87",,,"1","4","2","5",,,"11",,,,,,,,,"10179",,,"8",,,,,"9","240",,,,,,,,,,,,,"236","42","798","172","7","0",,"2","1FFF1F","1AAAA1AAA1AAAA","4",,,,
"4301611","2019-09-01T17:00:00","25.78","-138.14",,,"1","4","2","5",,,"11",,,,,,,,,"10186",,,"8",,,,,"9","253",,,,,,,,,,,,,"236","58","798","172","7","0",,"2","1FFF1F","1AAAA1AAA1AAAA","4",,,,
"4600616","2019-09-01T17:00:00","26.07","-137.61",,,"1","4","2","5",,,"11",,,,,,,,,,,,"8",,,,,"9","252",,,,,,,,,,,,,"236","67","798","172","7","1","2","2","1FFFFF","1AAAAAAAA1AAAA","4",,,,
"5102585","2019-09-01T17:00:00","28.92","-138.60",,,"1","4","2","5",,,"11",,,,,,,,,,,,"8",,,,,"9","261",,,,,,,,,,,,,"236","88","798","172","7","0",,"2","3FFFFF","1AAAAAAAA1AAAA","4",,,,
"5102593","2019-09-01T17:00:00","21.10","-132.24",,,"1","4","2","5",,,"11",,,,,,,,,,,,"8",,,,,"9","255",,,,,,,,,,,,,"236","12","798","172","7","0",,"2","1FFFFF","1AAAAAAAA1AAAA","4",,,,
"2101521","2019-09-01T18:00:00","29.30","-135.85",,,"1","4","2","5",,,"11",,,,,,,,,,,,"8",,,,,"9","254",,,,,,,,,,,,,"236","95","798","172","7","0",,"2","1FFFFF","1AAAAAAAA1AAAA","4",,,,
"3201644","2019-09-01T18:00:00","26.16","-138.17",,,"1","4","2","5",,,"11",,,,,,,,,,,,"8",,,,,"9","261",,,,,,,,,,,,,"236","68","798","172","7","0",,"2","1FFFFF","1AAAAAAAA1AAAA","4",,,,
"4301564","2019-09-01T18:00:00","29.57","-130.87",,,"1","4","2","5",,,"11",,,,,,,,,"10189",,,"8",,,,,"9","245",,,,,,,,,,,,,"236","90","798","172","7","0",,"2","1FFF1F","1AAAA1AAA1AAAA","4",,,,
"4301567","2019-09-01T18:00:00","25.44","-132.47",,,"1","4","2","5",,,"11",,,,,,,,,"10185",,,"8",,,,,"9","240",,,,,,,,,,,,,"236","52","798","172","7","0",,"2","1FFF1F","1AAAA1AAA1AAAA","4",,,,
"4301568","2019-09-01T18:00:00","29.28","-131.60",,,"1","4","2","5",,,"11",,,,,,,,,"10190",,,"8",,,,,"9","245",,,,,,,,,,,,,"236","91","798","172","7","0",,"2","1FFF1F","1AAAA1AAA1AAAA","4",,,,
"4301571","2019-09-01T18:00:00","24.45","-132.87",,,"1","4","2","5",,,"11",,,,,,,,,"10183",,,"8",,,,,"9","240",,,,,,,,,,,,,"236","42","798","172","7","0",,"2","1FFF1F","1AAAA1AAA1AAAA","4",,,,
"4301611","2019-09-01T18:00:00","25.77","-138.15",,,"1","4","2","5",,,"11",,,,,,,,,"10187",,,"8",,,,,"9","254",,,,,,,,,,,,,"236","58","798","172","7","0",,"2","1FFF1F","1AAAA1AAA1AAAA","4",,,,
"4600616","2019-09-01T18:00:00","26.08","-137.61",,,"1","4","2","5",,,"11",,,,,,,,,,,,"8",,,,,"9","253",,,,,,,,,,,,,"236","67","798","172","7","1","2","2","1FFFFF","1AAAAAAAA1AAAA","4",,,,
"5102585","2019-09-01T18:00:00","28.92","-138.60",,,"1","4","2","5",,,"11",,,,,,,,,,,,"8",,,,,"9","262",,,,,,,,,,,,,"236","88","798","172","7","0",,"2","3FFFFF","1AAAAAAAA1AAAA","4",,,,
"5102593","2019-09-01T18:00:00","21.10","-132.23",,,"1","4","2","5",,,"11",,,,,,,,,,,,"8",,,,,"9","255",,,,,,,,,,,,,"236","12","798","172","7","0",,"2","1FFFFF","1AAAAAAAA1AAAA","4",,,,
"9V3741","2019-09-01T18:00:00","24.80","-130.70",,,"1","4","0","0","5","3","1","0","50","3","41",,"98","2","0",,,,"0","250","0","210","188","3","210","3","2","3","3","6","2",,,"1","19",,"3","236","40","992","114","5","1","2","2","1111F1","11111A1111133A",,,"1","0","4"
"WDC3786","2019-09-01T18:00:00","28.50","-130.50",,,"1","6","2","5","2","4","1",,"30","4","57","1","99",,"1","10190","4","0","8","225",,"195","177","1","257","5","5","4","6","7","0",,"2","1","31","7","3","236","80","798","172","5","1","2","2","311111","111A1111111111",,"5",,"1",
"2101521","2019-09-01T19:00:00","29.31","-135.84",,,"1","4","2","5",,,"11",,,,,,,,,,,,"8",,,,,"9","256",,,,,,,,,,,,,"236","95","798","172","7","0",,"2","3FFFFF","1AAAAAAAA1AAAA","4",,,,
"3201644","2019-09-01T19:00:00","26.16","-138.17",,,"1","4","2","5",,,"11",,,,,,,,,,,,"8",,,,,"9","264",,,,,,,,,,,,,"236","68","798","172","7","0",,"2","3FFFFF","1AAAAAAAA1AAAA","4",,,,
"4301567","2019-09-01T19:00:00","25.44","-132.47",,,"1","4","2","5",,,"11",,,,,,,,,"10184",,,"8",,,,,"9","241",,,,,,,,,,,,,"236","52","798","172","7","0",,"2","1FFF1F","1AAAA1AAA1AAAA","4",,,,
"4301568","2019-09-01T19:00:00","29.28","-131.60",,,"1","4","2","5",,,"11",,,,,,,,,"10191",,,"8",,,,,"9","245",,,,,,,,,,,,,"236","91","798","172","7","0",,"2","1FFF1F","1AAAA1AAA1AAAA","4",,,,
"4301571","2019-09-01T19:00:00","24.45","-132.88",,,"1","4","2","5",,,"11",,,,,,,,,"10179",,,"8",,,,,"9","241",,,,,,,,,,,,,"236","42","798","172","7","0",,"2","1FFF1F","1AAAA1AAA1AAAA","4",,,,
"4301611","2019-09-01T19:00:00","25.77","-138.16",,,"1","4","2","5",,,"11",,,,,,,,,"10189",,,"8",,,,,"9","257",,,,,,,,,,,,,"236","58","798","172","7","0",,"2","1FFF1F","1AAAA1AAA1AAAA","4",,,,
"4600616","2019-09-01T19:00:00","26.08","-137.61",,,"1","4","2","5",,,"11",,,,,,,,,,,,"8",,,,,"9","257",,,,,,,,,,,,,"236","67","798","172","7","1","2","2","1FFFFF","1AAAAAAAA1AAAA","4",,,,
"5102585","2019-09-01T19:00:00","28.91","-138.60",,,"1","4","2","5",,,"11",,,,,,,,,,,,"8",,,,,"9","266",,,,,,,,,,,,,"236","88","798","172","7","0",,"2","3FFFFF","1AAAAAAAA1AAAA","4",,,,
"5102593","2019-09-01T19:00:00","21.10","-132.22",,,"1","4","2","5",,,"11",,,,,,,,,,,,"8",,,,,"9","256",,,,,,,,,,,,,"236","12","798","172","7","0",,"2","1FFFFF","1AAAAAAAA1AAAA","4",,,,
"4301564","2019-09-01T19:01:00","29.57","-130.87",,,"1","4","2","5",,,"11",,,,,,,,,"10190",,,"8",,,,,"9","247",,,,,,,,,,,,,"236","90","798","172","7","0",,"2","1FFF1F","1AAAA1AAA1AAAA","4",,,,
"2101521","2019-09-01T20:00:00","29.30","-135.84",,,"1","4","2","5",,,"11",,,,,,,,,,,,"8",,,,,"9","261",,,,,,,,,,,,,"236","95","798","172","7","0",,"2","3FFFFF","1AAAAAAAA1AAAA","4",,,,
"3201644","2019-09-01T20:00:00","26.15","-138.17",,,"1","4","2","5",,,"11",,,,,,,,,,,,"8",,,,,"9","266",,,,,,,,,,,,,"236","68","798","172","7","0",,"2","3FFFFF","1AAAAAAAA1AAAA","4",,,,
"4301564","2019-09-01T20:00:00","29.57","-130.87",,,"1","4","2","5",,,"11",,,,,,,,,"10189",,,"8",,,,,"9","250",,,,,,,,,,,,,"236","90","798","172","7","0",,"2","3FFF1F","1AAAA1AAA1AAAA","4",,,,
"4301567","2019-09-01T20:00:00","25.44","-132.47",,,"1","4","2","5",,,"11",,,,,,,,,"10182",,,"8",,,,,"9","242",,,,,,,,,,,,,"236","52","798","172","7","0",,"2","1FFF1F","1AAAA1AAA1AAAA","4",,,,
"4301568","2019-09-01T20:00:00","29.28","-131.60",,,"1","4","2","5",,,"11",,,,,,,,,"10189",,,"8",,,,,"9","248",,,,,,,,,,,,,"236","91","798","172","7","0",,"2","1FFF1F","1AAAA1AAA1AAAA","4",,,,
"4301571","2019-09-01T20:00:00","24.45","-132.88",,,"1","4","2","5",,,"11",,,,,,,,,"10178",,,"8",,,,,"9","242",,,,,,,,,,,,,"236","42","798","172","7","0",,"2","1FFF1F","1AAAA1AAA1AAAA","4",,,,
"4301611","2019-09-01T20:00:00","25.77","-138.16",,,"1","4","2","5",,,"11",,,,,,,,,"10188",,,"8",,,,,"9","261",,,,,,,,,,,,,"236","58","798","172","7","0",,"2","1FFF1F","1AAAA1AAA1AAAA","4",,,,
"4600616","2019-09-01T20:00:00","26.08","-137.62",,,"1","4","2","5",,,"11",,,,,,,,,,,,"8",,,,,"9","258",,,,,,,,,,,,,"236","67","798","172","7","1","2","2","3FFFFF","1AAAAAAAA1AAAA","4",,,,
"5102585","2019-09-01T20:00:00","28.91","-138.60",,,"1","4","2","5",,,"11",,,,,,,,,,,,"8",,,,,"9","271",,,,,,,,,,,,,"236","88","798","172","7","0",,"2","5FFFFF","1AAAAAAAA1AAAA","4",,,,
"5102593","2019-09-01T20:00:00","21.11","-132.21",,,"1","4","2","5",,,"11",,,,,,,,,,,,"8",,,,,"9","256",,,,,,,,,,,,,"236","12","798","172","7","0",,"2","1FFFFF","1AAAAAAAA1AAAA","4",,,,
"2101521","2019-09-01T21:00:00","29.29","-135.83",,,"1","4","2","5",,,"11",,,,,,,,,,,,"8",,,,,"9","264",,,,,,,,,,,,,"236","95","798","172","7","0",,"2","3FFFFF","1AAAAAAAA1AAAA","4",,,,
"4301564","2019-09-01T21:00:00","29.57","-130.87",,,"1","4","2","5",,,"11",,,,,,,,,"10184",,,"8",,,,,"9","257",,,,,,,,,,,,,"236","90","798","172","7","0",,"2","3FFF1F","1AAAA1AAA1AAAA","4",,,,
"4301567","2019-09-01T21:00:00","25.45","-132.46",,,"1","4","2","5",,,"11",,,,,,,,,"10178",,,"8",,,,,"9","244",,,,,,,,,,,,,"236","52","798","172","7","0",,"2","1FFF1F","1AAAA1AAA1AAAA","4",,,,
"4301568","2019-09-01T21:00:00","29.28","-131.59",,,"1","4","2","5",,,"11",,,,,,,,,"10185",,,"8",,,,,"9","258",,,,,,,,,,,,,"236","91","798","172","7","0",,"2","3FFF1F","1AAAA1AAA1AAAA","4",,,,
"4301571","2019-09-01T21:00:00","24.45","-132.88",,,"1","4","2","5",,,"11",,,,,,,,,"10172",,,"8",,,,,"9","244",,,,,,,,,,,,,"236","42","798","172","7","0",,"2","1FFF1F","1AAAA1AAA1AAAA","4",,,,
"4301611","2019-09-01T21:00:00","25.77","-138.17",,,"1","4","2","5",,,"11",,,,,,,,,"10184",,,"8",,,,,"9","264",,,,,,,,,,,,,"236","58","798","172","7","0",,"2","1FFF1F","1AAAA1AAA1AAAA","4",,,,
"4600616","2019-09-01T21:00:00","26.08","-137.62",,,"1","4","2","5",,,"11",,,,,,,,,,,,"8",,,,,"9","259",,,,,,,,,,,,,"236","67","798","172","7","1","2","2","3FFFFF","1AAAAAAAA1AAAA","4",,,,
"5102585","2019-09-01T21:00:00","28.91","-138.60",,,"1","4","2","5",,,"11",,,,,,,,,,,,"8",,,,,"9","277",,,,,,,,,,,,,"236","88","798","172","7","0",,"2","5FFFFF","1AAAAAAAA1AAAA","4",,,,
"5102593","2019-09-01T21:00:00","21.11","-132.19",,,"1","4","2","5",,,"11",,,,,,,,,,,,"8",,,,,"9","257",,,,,,,,,,,,,"236","12","798","172","7","0",,"2","1FFFFF","1AAAAAAAA1AAAA","4",,,,
"3201644","2019-09-01T21:01:00","26.15","-138.17",,,"1","4","2","5",,,"11",,,,,,,,,,,,"8",,,,,"9","268",,,,,,,,,,,,,"236","68","798","172","7","0",,"2","3FFFFF","1AAAAAAAA1AAAA","4",,,,
"2101521","2019-09-01T22:00:00","29.29","-135.83",,,"1","4","2","5",,,"11",,,,,,,,,,,,"8",,,,,"9","269",,,,,,,,,,,,,"236","95","798","172","7","0",,"2","5FFFFF","1AAAAAAAA1AAAA","4",,,,
"3201644","2019-09-01T22:00:00","26.15","-138.16",,,"1","4","2","5",,,"11",,,,,,,,,,,,"8",,,,,"9","268",,,,,,,,,,,,,"236","68","798","172","7","0",,"2","3FFFFF","1AAAAAAAA1AAAA","4",,,,
"4301564","2019-09-01T22:00:00","29.57","-130.86",,,"1","4","2","5",,,"11",,,,,,,,,"10179",,,"8",,,,,"9","262",,,,,,,,,,,,,"236","90","798","172","7","0",,"2","5FFF1F","1AAAA1AAA1AAAA","4",,,,
"4301567","2019-09-01T22:00:00","25.45","-132.46",,,"1","4","2","5",,,"11",,,,,,,,,"10172",,,"8",,,,,"9","244",,,,,,,,,,,,,"236","52","798","172","7","0",,"2","1FFF1F","1AAAA1AAA1AAAA","4",,,,
"4301568","2019-09-01T22:00:00","29.28","-131.59",,,"1","4","2","5",,,"11",,,,,,,,,"10181",,,"8",,,,,"9","262",,,,,,,,,,,,,"236","91","798","172","7","0",,"2","5FFF1F","1AAAA1AAA1AAAA","4",,,,
"4301571","2019-09-01T22:00:00","24.44","-132.88",,,"1","4","2","5",,,"11",,,,,,,,,"10166",,,"8",,,,,"9","244",,,,,,,,,,,,,"236","42","798","172","7","0",,"2","1FFF1F","1AAAA1AAA1AAAA","4",,,,
"4301611","2019-09-01T22:00:00","25.77","-138.17",,,"1","4","2","5",,,"11",,,,,,,,,"10176",,,"8",,,,,"9","262",,,,,,,,,,,,,"236","58","798","172","7","0",,"2","1FFF1F","1AAAA1AAA1AAAA","4",,,,
"4600616","2019-09-01T22:00:00","26.08","-137.62",,,"1","4","2","5",,,"11",,,,,,,,,,,,"8",,,,,"9","260",,,,,,,,,,,,,"236","67","798","172","7","1","2","2","3FFFFF","1AAAAAAAA1AAAA","4",,,,
"5102585","2019-09-01T22:00:00","28.90","-138.60",,,"1","4","2","5",,,"11",,,,,,,,,,,,"8",,,,,"9","277",,,,,,,,,,,,,"236","88","798","172","7","0",,"2","5FFFFF","1AAAAAAAA1AAAA","4",,,,
"5102593","2019-09-01T22:00:00","21.11","-132.18",,,"1","4","2","5",,,"11",,,,,,,,,,,,"8",,,,,"9","257",,,,,,,,,,,,,"236","12","798","172","7","0",,"2","1FFFFF","1AAAAAAAA1AAAA","4",,,,
"2101521","2019-09-01T23:00:00","29.28","-135.83",,,"1","4","2","5",,,"11",,,,,,,,,,,,"8",,,,,"9","275",,,,,,,,,,,,,"236","95","798","172","7","0",,"2","5FFFFF","1AAAAAAAA1AAAA","4",,,,
"3201644","2019-09-01T23:00:00","26.15","-138.15",,,"1","4","2","5",,,"11",,,,,,,,,,,,"8",,,,,"9","266",,,,,,,,,,,,,"236","68","798","172","7","0",,"2","3FFFFF","1AAAAAAAA1AAAA","4",,,,
"4301564","2019-09-01T23:00:00","29.57","-130.86",,,"1","4","2","5",,,"11",,,,,,,,,"10175",,,"8",,,,,"9","269",,,,,,,,,,,,,"236","90","798","172","7","0",,"2","5FFF1F","1AAAA1AAA1AAAA","4",,,,
"4301567","2019-09-01T23:00:00","25.45","-132.46",,,"1","4","2","5",,,"11",,,,,,,,,"10166",,,"8",,,,,"9","244",,,,,,,,,,,,,"236","52","798","172","7","0",,"2","1FFF1F","1AAAA1AAA1AAAA","4",,,,
"4301568","2019-09-01T23:00:00","29.28","-131.58",,,"1","4","2","5",,,"11",,,,,,,,,"10177",,,"8",,,,,"9","257",,,,,,,,,,,,,"236","91","798","172","7","0",,"2","3FFF1F","1AAAA1AAA1AAAA","4",,,,
"4301571","2019-09-01T23:00:00","24.44","-132.88",,,"1","4","2","5",,,"11",,,,,,,,,"10161",,,"8",,,,,"9","244",,,,,,,,,,,,,"236","42","798","172","7","0",,"2","1FFF1F","1AAAA1AAA1AAAA","4",,,,
"4301611","2019-09-01T23:00:00","25.77","-138.17",,,"1","4","2","5",,,"11",,,,,,,,,"10170",,,"8",,,,,"9","264",,,,,,,,,,,,,"236","58","798","172","7","0",,"2","1FFF1F","1AAAA1AAA1AAAA","4",,,,
"4600616","2019-09-01T23:00:00","26.08","-137.62",,,"1","4","2","5",,,"11",,,,,,,,,,,,"8",,,,,"9","260",,,,,,,,,,,,,"236","67","798","172","7","1","2","2","3FFFFF","1AAAAAAAA1AAAA","4",,,,
"5102585","2019-09-01T23:00:00","28.90","-138.60",,,"1","4","2","5",,,"11",,,,,,,,,,,,"8",,,,,"9","277",,,,,,,,,,,,,"236","88","798","172","7","0",,"2","5FFFFF","1AAAAAAAA1AAAA","4",,,,
"5102593","2019-09-01T23:00:00","21.11","-132.17",,,"1","4","2","5",,,"11",,,,,,,,,,,,"8",,,,,"9","257",,,,,,,,,,,,,"236","12","798","172","7","0",,"2","1FFFFF","1AAAAAAAA1AAAA","4",,,,
"2101521","2019-09-02T00:00:00","29.27","-135.83",,,"1","4","2","5",,,"11",,,,,,,,,,,,"8",,,,,"9",,,,,,,,,,,,,,"236","95","798","172","7","0",,"2","7FFFFF","1AAAAAAAA1AAAA","4",,,,
"4301564","2019-09-02T00:00:00","29.57","-130.86",,,"1","4","2","5",,,"11",,,,,,,,,"10172",,,"8",,,,,"9",,,,,,,,,,,,,,"236","90","798","172","7","0",,"2","7FFF1F","1AAAA1AAA1AAAA","4",,,,
"4301567","2019-09-02T00:00:00","25.45","-132.46",,,"1","4","2","5",,,"11",,,,,,,,,"10162",,,"8",,,,,"9","244",,,,,,,,,,,,,"236","52","798","172","7","0",,"2","1FFF1F","1AAAA1AAA1AAAA","4",,,,
"4301611","2019-09-02T00:00:00","25.77","-138.17",,,"1","4","2","5",,,"11",,,,,,,,,"10166",,,"8",,,,,"9","263",,,,,,,,,,,,,"236","58","798","172","7","0",,"2","1FFF1F","1AAAA1AAA1AAAA","4",,,,
"4600616","2019-09-02T00:00:00","26.08","-137.62",,,"1","4","2","5",,,"11",,,,,,,,,,,,"8",,,,,"9","260",,,,,,,,,,,,,"236","67","798","172","7","1","2","2","3FFFFF","1AAAAAAAA1AAAA","4",,,,
"5102585","2019-09-02T00:00:00","28.89","-138.60",,,"1","4","2","5",,,"11",,,,,,,,,,,,"8",,,,,"9","277",,,,,,,,,,,,,"236","88","798","172","7","0",,"2","5FFFFF","1AAAAAAAA1AAAA","4",,,,
"5102593","2019-09-02T00:00:00","21.11","-132.16",,,"1","4","2","5",,,"11",,,,,,,,,,,,"8",,,,,"9","258",,,,,,,,,,,,,"236","12","798","172","7","0",,"2","1FFFFF","1AAAAAAAA1AAAA","4",,,,
"9V3741","2019-09-02T00:00:00","23.40","-131.40",,,"1","6","2","5","5","3","1",,"60","3","67","1","98","19","1","10162",,,"8","250",,"230","220","3","270","2","1","1","4","2","0",,"4","1","18","8","3","236","31","798","172","5","1","2","2","311111","1111111111111A",,"5",,"1",
"4301571","2019-09-02T00:03:00","24.44","-132.88",,,"1","4","2","5",,,"11",,,,,,,,,"10158",,,"8",,,,,"9","245",,,,,,,,,,,,,"236","42","798","172","7","0",,"2","1FFF1F","1AAAA1AAA1AAAA","4",,,,
"2101521","2019-09-02T01:00:00","29.27","-135.83",,,"1","4","2","5",,,"11",,,,,,,,,,,,"8",,,,,"9",,,,,,,,,,,,,,"236","95","798","172","7","0",,"2","7FFFFF","1AAAAAAAA1AAAA","4",,,,
"4301567","2019-09-02T01:00:00","25.44","-132.46",,,"1","4","2","5",,,"11",,,,,,,,,"10161",,,"8",,,,,"9","244",,,,,,,,,,,,,"236","52","798","172","7","0",,"2","1FFF1F","1AAAA1AAA1AAAA","4",,,,
"4301568","2019-09-02T01:00:00","29.27","-131.57",,,"1","4","2","5",,,"11",,,,,,,,,"10173",,,"8",,,,,"9","251",,,,,,,,,,,,,"236","91","798","172","7","0",,"2","3FFF1F","1AAAA1AAA1AAAA","4",,,,
"4301571","2019-09-02T01:00:00","24.43","-132.88",,,"1","4","2","5",,,"11",,,,,,,,,"10156",,,"8",,,,,"9","244",,,,,,,,,,,,,"236","42","798","172","7","0",,"2","1FFF1F","1AAAA1AAA1AAAA","4",,,,
"4301611","2019-09-02T01:00:00","25.77","-138.17",,,"1","4","2","5",,,"11",,,,,,,,,"10165",,,"8",,,,,"9","261",,,,,,,,,,,,,"236","58","798","172","7","0",,"2","1FFF1F","1AAAA1AAA1AAAA","4",,,,
"4600616","2019-09-02T01:00:00","26.08","-137.62",,,"1","4","2","5",,,"11",,,,,,,,,,,,"8",,,,,"9","260",,,,,,,,,,,,,"236","67","798","172","7","1","2","2","3FFFFF","1AAAAAAAA1AAAA","4",,,,
"5102585","2019-09-02T01:00:00","28.89","-138.60",,,"1","4","2","5",,,"11",,,,,,,,,,,,"8",,,,,"9","276",,,,,,,,,,,,,"236","88","798","172","7","0",,"2","5FFFFF","1AAAAAAAA1AAAA","4",,,,
"5102593","2019-09-02T01:00:00","21.11","-132.14",,,"1","4","2","5",,,"11",,,,,,,,,,,,"8",,,,,"9","258",,,,,,,,,,,,,"236","12","798","172","7","0",,"2","1FFFFF","1AAAAAAAA1AAAA","4",,,,
"4301564","2019-09-02T01:01:00","29.57","-130.85",,,"1","4","2","5",,,"11",,,,,,,,,"10172",,,"8",,,,,"9",,,,,,,,,,,,,,"236","90","798","172","7","0",,"2","7FFF1F","1AAAA1AAA1AAAA","4",,,,
"2101521","2019-09-02T02:00:00","29.26","-135.84",,,"1","4","2","5",,,"11",,,,,,,,,,,,"8",,,,,"9","275",,,,,,,,,,,,,"236","95","798","172","7","0",,"2","5FFFFF","1AAAAAAAA1AAAA","4",,,,
"3201644","2019-09-02T02:00:00","26.13","-138.13",,,"1","4","2","5",,,"11",,,,,,,,,,,,"8",,,,,"9","266",,,,,,,,,,,,,"236","68","798","172","7","0",,"2","3FFFFF","1AAAAAAAA1AAAA","4",,,,
"4301564","2019-09-02T02:00:00","29.57","-130.85",,,"1","4","2","5",,,"11",,,,,,,,,"10171",,,"8",,,,,"9","269",,,,,,,,,,,,,"236","90","798","172","7","0",,"2","5FFF1F","1AAAA1AAA1AAAA","4",,,,
"4301567","2019-09-02T02:00:00","25.44","-132.46",,,"1","4","2","5",,,"11",,,,,,,,,"10160",,,"8",,,,,"9","243",,,,,,,,,,,,,"236","52","798","172","7","0",,"2","1FFF1F","1AAAA1AAA1AAAA","4",,,,
"4301568","2019-09-02T02:00:00","29.27","-131.57",,,"1","4","2","5",,,"11",,,,,,,,,"10172",,,"8",,,,,"9","250",,,,,,,,,,,,,"236","91","798","172","7","0",,"2","3FFF1F","1AAAA1AAA1AAAA","4",,,,
"4301571","2019-09-02T02:00:00","24.42","-132.88",,,"1","4","2","5",,,"11",,,,,,,,,"10156",,,"8",,,,,"9","244",,,,,,,,,,,,,"236","42","798","172","7","0",,"2","1FFF1F","1AAAA1AAA1AAAA","4",,,,
"4600616","2019-09-02T02:00:00","26.09","-137.62",,,"1","4","2","5",,,"11",,,,,,,,,,,,"8",,,,,"9","259",,,,,,,,,,,,,"236","67","798","172","7","1","2","2","3FFFFF","1AAAAAAAA1AAAA","4",,,,
"5102585","2019-09-02T02:00:00","28.88","-138.60",,,"1","4","2","5",,,"11",,,,,,,,,,,,"8",,,,,"9","274",,,,,,,,,,,,,"236","88","798","172","7","0",,"2","5FFFFF","1AAAAAAAA1AAAA","4",,,,
"5102593","2019-09-02T02:00:00","21.10","-132.13",,,"1","4","2","5",,,"11",,,,,,,,,,,,"8",,,,,"9","258",,,,,,,,,,,,,"236","12","798","172","7","0",,"2","1FFFFF","1AAAAAAAA1AAAA","4",,,,
"4301611","2019-09-02T02:02:00","25.76","-138.16",,,"1","4","2","5",,,"11",,,,,,,,,"10163",,,"8",,,,,"9","259",,,,,,,,,,,,,"236","58","798","172","7","0",,"2","1FFF1F","1AAAA1AAA1AAAA","4",,,,
"2101521","2019-09-02T03:00:00","29.26","-135.84",,,"1","4","2","5",,,"11",,,,,,,,,,,,"8",,,,,"9","267",,,,,,,,,,,,,"236","95","798","172","7","0",,"2","5FFFFF","1AAAAAAAA1AAAA","4",,,,
"4301564","2019-09-02T03:00:00","29.57","-130.85",,,"1","4","2","5",,,"11",,,,,,,,,"10172",,,"8",,,,,"9","262",,,,,,,,,,,,,"236","90","798","172","7","0",,"1","5FFF1F","1AAAA1AAA1AAAA","4",,,,
"4301567","2019-09-02T03:00:00","25.44","-132.46",,,"1","4","2","5",,,"11",,,,,,,,,"10164",,,"8",,,,,"9","243",,,,,,,,,,,,,"236","52","798","172","7","0",,"1","1FFF1F","1AAAA1AAA1AAAA","4",,,,
"4301568","2019-09-02T03:00:00","29.27","-131.57",,,"1","4","2","5",,,"11",,,,,,,,,"10171",,,"8",,,,,"9","249",,,,,,,,,,,,,"236","91","798","172","7","0",,"1","1FFF1F","1AAAA1AAA1AAAA","4",,,,
"4301571","2019-09-02T03:00:00","24.42","-132.88",,,"1","4","2","5",,,"11",,,,,,,,,"10158",,,"8",,,,,"9","244",,,,,,,,,,,,,"236","42","798","172","7","0",,"1","1FFF1F","1AAAA1AAA1AAAA","4",,,,
"4301611","2019-09-02T03:00:00","25.76","-138.16",,,"1","4","2","5",,,"11",,,,,,,,,"10167",,,"8",,,,,"9","258",,,,,,,,,,,,,"236","58","798","172","7","0",,"2","1FFF1F","1AAAA1AAA1AAAA","4",,,,
"4600616","2019-09-02T03:00:00","26.09","-137.62",,,"1","4","2","5",,,"11",,,,,,,,,,,,"8",,,,,"9","258",,,,,,,,,,,,,"236","67","798","172","7","1","2","2","3FFFFF","1AAAAAAAA1AAAA","4",,,,
"5102585","2019-09-02T03:00:00","28.87","-138.60",,,"1","4","2","5",,,"11",,,,,,,,,,,,"8",,,,,"9","269",,,,,,,,,,,,,"236","88","798","172","7","0",,"2","5FFFFF","1AAAAAAAA1AAAA","4",,,,
"5102593","2019-09-02T03:00:00","21.10","-132.12",,,"1","4","2","5",,,"11",,,,,,,,,,,,"8",,,,,"9","257",,,,,,,,,,,,,"236","12","798","172","7","0",,"1","1FFFFF","1AAAAAAAA1AAAA","4",,,,
"3201644","2019-09-02T03:01:00","26.12","-138.12",,,"1","4","2","5",,,"11",,,,,,,,,,,,"8",,,,,"9","265",,,,,,,,,,,,,"236","68","798","172","7","0",,"2","3FFFFF","1AAAAAAAA1AAAA","4",,,,
"2101521","2019-09-02T04:00:00","29.25","-135.85",,,"1","4","2","5",,,"11",,,,,,,,,,,,"8",,,,,"9","265",,,,,,,,,,,,,"236","95","798","172","7","0",,"1","5FFFFF","1AAAAAAAA1AAAA","4",,,,
"3201644","2019-09-02T04:00:00","26.11","-138.12",,,"1","4","2","5",,,"11",,,,,,,,,,,,"8",,,,,"9","264",,,,,,,,,,,,,"236","68","798","172","7","0",,"1","3FFFFF","1AAAAAAAA1AAAA","4",,,,
"4301564","2019-09-02T04:00:00","29.57","-130.85",,,"1","4","2","5",,,"11",,,,,,,,,"10176",,,"8",,,,,"9","267",,,,,,,,,,,,,"236","90","798","172","7","0",,"1","5FFF1F","1AAAA1AAA1AAAA","4",,,,
"4301568","2019-09-02T04:00:00","29.27","-131.56",,,"1","4","2","5",,,"11",,,,,,,,,"10178",,,"8",,,,,"9","249",,,,,,,,,,,,,"236","91","798","172","7","0",,"1","1FFF1F","1AAAA1AAA1AAAA","4",,,,
"4301611","2019-09-02T04:00:00","25.76","-138.16",,,"1","4","2","5",,,"11",,,,,,,,,"10171",,,"8",,,,,"9","257",,,,,,,,,,,,,"236","58","798","172","7","0",,"1","1FFF1F","1AAAA1AAA1AAAA","4",,,,
"4600616","2019-09-02T04:00:00","26.09","-137.62",,,"1","4","2","5",,,"11",,,,,,,,,,,,"8",,,,,"9","258",,,,,,,,,,,,,"236","67","798","172","7","1","2","1","3FFFFF","1AAAAAAAA1AAAA","4",,,,
"5102585","2019-09-02T04:00:00","28.87","-138.60",,,"1","4","2","5",,,"11",,,,,,,,,,,,"8",,,,,"9","267",,,,,,,,,,,,,"236","88","798","172","7","0",,"1","5FFFFF","1AAAAAAAA1AAAA","4",,,,
"5102593","2019-09-02T04:00:00","21.10","-132.11",,,"1","4","2","5",,,"11",,,,,,,,,,,,"8",,,,,"9","257",,,,,,,,,,,,,"236","12","798","172","7","0",,"1","1FFFFF","1AAAAAAAA1AAAA","4",,,,
"4301567","2019-09-02T04:01:00","25.44","-132.46",,,"1","4","2","5",,,"11",,,,,,,,,"10168",,,"8",,,,,"9","242",,,,,,,,,,,,,"236","52","798","172","7","0",,"1","1FFF1F","1AAAA1AAA1AAAA","4",,,,
"4301571","2019-09-02T04:03:00","24.41","-132.88",,,"1","4","2","5",,,"11",,,,,,,,,"10163",,,"8",,,,,"9","243",,,,,,,,,,,,,"236","42","798","172","7","0",,"1","1FFF1F","1AAAA1AAA1AAAA","4",,,,
"2101521","2019-09-02T05:00:00","29.24","-135.86",,,"1","4","2","5",,,"11",,,,,,,,,,,,"8",,,,,"9","262",,,,,,,,,,,,,"236","95","798","172","7","0",,"1","3FFFFF","1AAAAAAAA1AAAA","4",,,,
"3201644","2019-09-02T05:00:00","26.10","-138.11",,,"1","4","2","5",,,"11",,,,,,,,,,,,"8",,,,,"9","263",,,,,,,,,,,,,"236","68","798","172","7","0",,"1","3FFFFF","1AAAAAAAA1AAAA","4",,,,
"4301564","2019-09-02T05:00:00","29.57","-130.85",,,"1","4","2","5",,,"11",,,,,,,,,"10179",,,"8",,,,,"9","266",,,,,,,,,,,,,"236","90","798","172","7","0",,"1","5FFF1F","1AAAA1AAA1AAAA","4",,,,
"4301567","2019-09-02T05:00:00","25.44","-132.47",,,"1","4","2","5",,,"11",,,,,,,,,"10171",,,"8",,,,,"9","242",,,,,,,,,,,,,"236","52","798","172","7","0",,"1","1FFF1F","1AAAA1AAA1AAAA","4",,,,
"4301568","2019-09-02T05:00:00","29.27","-131.56",,,"1","4","2","5",,,"11",,,,,,,,,"10180",,,"8",,,,,"9","249",,,,,,,,,,,,,"236","91","798","172","7","0",,"1","1FFF1F","1AAAA1AAA1AAAA","4",,,,
"4301611","2019-09-02T05:00:00","25.76","-138.16",,,"1","4","2","5",,,"11",,,,,,,,,"10176",,,"8",,,,,"9","256",,,,,,,,,,,,,"236","58","798","172","7","0",,"1","1FFF1F","1AAAA1AAA1AAAA","4",,,,
"4600616","2019-09-02T05:00:00","26.08","-137.62",,,"1","4","2","5",,,"11",,,,,,,,,,,,"8",,,,,"9","258",,,,,,,,,,,,,"236","67","798","172","7","1","2","1","3FFFFF","1AAAAAAAA1AAAA","4",,,,
"5102585","2019-09-02T05:00:00","28.86","-138.60",,,"1","4","2","5",,,"11",,,,,,,,,,,,"8",,,,,"9","265",,,,,,,,,,,,,"236","88","798","172","7","0",,"1","3FFFFF","1AAAAAAAA1AAAA","4",,,,
"5102593","2019-09-02T05:00:00","21.09","-132.11",,,"1","4","2","5",,,"11",,,,,,,,,,,,"8",,,,,"9","257",,,,,,,,,,,,,"236","12","798","172","7","0",,"1","1FFFFF","1AAAAAAAA1AAAA","4",,,,
"4301571","2019-09-02T05:03:00","24.41","-132.88",,,"1","4","2","5",,,"11",,,,,,,,,"10168",,,"8",,,,,"9","243",,,,,,,,,,,,,"236","42","798","172","7","0",,"1","1FFF1F","1AAAA1AAA1AAAA","4",,,,
"2101521","2019-09-02T06:00:00","29.24","-135.87",,,"1","4","2","5",,,"11",,,,,,,,,,,,"8",,,,,"9","263",,,,,,,,,,,,,"236","95","798","172","7","0",,"1","3FFFFF","1AAAAAAAA1AAAA","4",,,,
"3201644","2019-09-02T06:00:00","26.09","-138.11",,,"1","4","2","5",,,"11",,,,,,,,,,,,"8",,,,,"9","263",,,,,,,,,,,,,"236","68","798","172","7","0",,"1","3FFFFF","1AAAAAAAA1AAAA","4",,,,
"4301564","2019-09-02T06:00:00","29.57","-130.85",,,"1","4","2","5",,,"11",,,,,,,,,"10184",,,"8",,,,,"9","261",,,,,,,,,,,,,"236","90","798","172","7","0",,"1","5FFF1F","1AAAA1AAA1AAAA","4",,,,
"4301567","2019-09-02T06:00:00","25.45","-132.46",,,"1","4","2","5",,,"11",,,,,,,,,"10176",,,"8",,,,,"9","242",,,,,,,,,,,,,"236","52","798","172","7","0",,"1","1FFF1F","1AAAA1AAA1AAAA","4",,,,
"4301568","2019-09-02T06:00:00","29.26","-131.56",,,"1","4","2","5",,,"11",,,,,,,,,"10184",,,"8",,,,,"9","248",,,,,,,,,,,,,"236","91","798","172","7","0",,"1","1FFF1F","1AAAA1AAA1AAAA","4",,,,
"4301571","2019-09-02T06:00:00","24.41","-132.88",,,"1","4","2","5",,,"11",,,,,,,,,"10174",,,"8",,,,,"9","243",,,,,,,,,,,,,"236","42","798","172","7","0",,"1","1FFF1F","1AAAA1AAA1AAAA","4",,,,
"4301611","2019-09-02T06:00:00","25.76","-138.16",,,"1","4","2","5",,,"11",,,,,,,,,"10183",,,"8",,,,,"9","255",,,,,,,,,,,,,"236","58","798","172","7","0",,"1","1FFF1F","1AAAA1AAA1AAAA","4",,,,
"4600616","2019-09-02T06:00:00","26.09","-137.61",,,"1","4","2","5",,,"11",,,,,,,,,,,,"8",,,,,"9","257",,,,,,,,,,,,,"236","67","798","172","7","1","2","1","1FFFFF","1AAAAAAAA1AAAA","4",,,,
"5102585","2019-09-02T06:00:00","28.86","-138.60",,,"1","4","2","5",,,"11",,,,,,,,,,,,"8",,,,,"9","263",,,,,,,,,,,,,"236","88","798","172","7","0",,"1","3FFFFF","1AAAAAAAA1AAAA","4",,,,
"5102593","2019-09-02T06:00:00","21.09","-132.10",,,"1","4","2","5",,,"11",,,,,,,,,,,,"8",,,,,"9","257",,,,,,,,,,,,,"236","12","798","172","7","0",,"1","1FFFFF","1AAAAAAAA1AAAA","4",,,,
"2101521","2019-09-02T07:00:00","29.24","-135.88",,,"1","4","2","5",,,"11",,,,,,,,,,,,"8",,,,,"9","262",,,,,,,,,,,,,"236","95","798","172","7","0",,"1","3FFFFF","1AAAAAAAA1AAAA","4",,,,
"4301564","2019-09-02T07:00:00","29.57","-130.86",,,"1","4","2","5",,,"11",,,,,,,,,"10183",,,"8",,,,,"9","253",,,,,,,,,,,,,"236","90","798","172","7","0",,"1","3FFF1F","1AAAA1AAA1AAAA","4",,,,
"4301567","2019-09-02T07:00:00","25.45","-132.46",,,"1","4","2","5",,,"11",,,,,,,,,"10177",,,"8",,,,,"9","241",,,,,,,,,,,,,"236","52","798","172","7","0",,"1","1FFF1F","1AAAA1AAA1AAAA","4",,,,
"4301568","2019-09-02T07:00:00","29.26","-131.55",,,"1","4","2","5",,,"11",,,,,,,,,"10186",,,"8",,,,,"9","247",,,,,,,,,,,,,"236","91","798","172","7","0",,"1","1FFF1F","1AAAA1AAA1AAAA","4",,,,
"4301571","2019-09-02T07:00:00","24.40","-132.88",,,"1","4","2","5",,,"11",,,,,,,,,"10173",,,"8",,,,,"9","242",,,,,,,,,,,,,"236","42","798","172","7","0",,"1","1FFF1F","1AAAA1AAA1AAAA","4",,,,
"4301611","2019-09-02T07:00:00","25.75","-138.16",,,"1","4","2","5",,,"11",,,,,,,,,"10184",,,"8",,,,,"9","255",,,,,,,,,,,,,"236","58","798","172","7","0",,"1","1FFF1F","1AAAA1AAA1AAAA","4",,,,
"4600616","2019-09-02T07:00:00","26.08","-137.61",,,"1","4","2","5",,,"11",,,,,,,,,,,,"8",,,,,"9","257",,,,,,,,,,,,,"236","67","798","172","7","1","2","1","1FFFFF","1AAAAAAAA1AAAA","4",,,,
"5102585","2019-09-02T07:00:00","28.86","-138.61",,,"1","4","2","5",,,"11",,,,,,,,,,,,"8",,,,,"9","263",,,,,,,,,,,,,"236","88","798","172","7","0",,"1","3FFFFF","1AAAAAAAA1AAAA","4",,,,
"5102593","2019-09-02T07:00:00","21.09","-132.09",,,"1","4","2","5",,,"11",,,,,,,,,,,,"8",,,,,"9","257",,,,,,,,,,,,,"236","12","798","172","7","0",,"1","1FFFFF","1AAAAAAAA1AAAA","4",,,,
"3201644","2019-09-02T07:01:00","26.08","-138.11",,,"1","4","2","5",,,"11",,,,,,,,,,,,"8",,,,,"9","262",,,,,,,,,,,,,"236","68","798","172","7","0",,"1","3FFFFF","1AAAAAAAA1AAAA","4",,,,
"2101521","2019-09-02T08:00:00","29.23","-135.88",,,"1","4","2","5",,,"11",,,,,,,,,,,,"8",,,,,"9","259",,,,,,,,,,,,,"236","95","798","172","7","0",,"1","3FFFFF","1AAAAAAAA1AAAA","4",,,,
"4301564","2019-09-02T08:00:00","29.58","-130.85",,,"1","4","2","5",,,"11",,,,,,,,,"10182",,,"8",,,,,"9","249",,,,,,,,,,,,,"236","90","798","172","7","0",,"1","1FFF1F","1AAAA1AAA1AAAA","4",,,,
"4301611","2019-09-02T08:00:00","25.75","-138.16",,,"1","4","2","5",,,"11",,,,,,,,,"10183",,,"8",,,,,"9","256",,,,,,,,,,,,,"236","58","798","172","7","0",,"1","1FFF1F","1AAAA1AAA1AAAA","4",,,,
"4600616","2019-09-02T08:00:00","26.08","-137.62",,,"1","4","2","5",,,"11",,,,,,,,,,,,"8",,,,,"9","257",,,,,,,,,,,,,"236","67","798","172","7","1","2","1","1FFFFF","1AAAAAAAA1AAAA","4",,,,
"5102585","2019-09-02T08:00:00","28.85","-138.61",,,"1","4","2","5",,,"11",,,,,,,,,,,,"8",,,,,"9","264",,,,,,,,,,,,,"236","88","798","172","7","0",,"1","3FFFFF","1AAAAAAAA1AAAA","4",,,,
"5102593","2019-09-02T08:00:00","21.09","-132.09",,,"1","4","2","5",,,"11",,,,,,,,,,,,"8",,,,,"9","257",,,,,,,,,,,,,"236","12","798","172","7","0",,"1","1FFFFF","1AAAAAAAA1AAAA","4",,,,
"4301571","2019-09-02T08:01:00","24.40","-132.88",,,"1","4","2","5",,,"11",,,,,,,,,"10172",,,"8",,,,,"9","242",,,,,,,,,,,,,"236","42","798","172","7","0",,"1","1FFF1F","1AAAA1AAA1AAAA","4",,,,
"4301567","2019-09-02T08:02:00","25.45","-132.46",,,"1","4","2","5",,,"11",,,,,,,,,"10177",,,"8",,,,,"9","241",,,,,,,,,,,,,"236","52","798","172","7","0",,"1","1FFF1F","1AAAA1AAA1AAAA","4",,,,
"2101521","2019-09-02T09:00:00","29.23","-135.89",,,"1","4","2","5",,,"11",,,,,,,,,,,,"8",,,,,"9","258",,,,,,,,,,,,,"236","95","798","172","7","0",,"1","3FFFFF","1AAAAAAAA1AAAA","4",,,,
"3201644","2019-09-02T09:00:00","26.07","-138.11",,,"1","4","2","5",,,"11",,,,,,,,,,,,"8",,,,,"9","262",,,,,,,,,,,,,"236","68","798","172","7","0",,"1","3FFFFF","1AAAAAAAA1AAAA","4",,,,
"4301564","2019-09-02T09:00:00","29.58","-130.85",,,"1","4","2","5",,,"11",,,,,,,,,"10180",,,"8",,,,,"9","248",,,,,,,,,,,,,"236","90","798","172","7","0",,"1","1FFF1F","1AAAA1AAA1AAAA","4",,,,
"4301567","2019-09-02T09:00:00","25.44","-132.46",,,"1","4","2","5",,,"11",,,,,,,,,"10174",,,"8",,,,,"9","241",,,,,,,,,,,,,"236","52","798","172","7","0",,"1","1FFF1F","1AAAA1AAA1AAAA","4",,,,
"4301568","2019-09-02T09:00:00","29.27","-131.56",,,"1","4","2","5",,,"11",,,,,,,,,"10182",,,"8",,,,,"9","246",,,,,,,,,,,,,"236","91","798","172","7","0",,"1","1FFF1F","1AAAA1AAA1AAAA","4",,,,
"4301571","2019-09-02T09:00:00","24.40","-132.88",,,"1","4","2","5",,,"11",,,,,,,,,"10170",,,"8",,,,,"9","242",,,,,,,,,,,,,"236","42","798","172","7","0",,"1","1FFF1F","1AAAA1AAA1AAAA","4",,,,
"4600616","2019-09-02T09:00:00","26.08","-137.62",,,"1","4","2","5",,,"11",,,,,,,,,,,,"8",,,,,"9","257",,,,,,,,,,,,,"236","67","798","172","7","1","2","1","1FFFFF","1AAAAAAAA1AAAA","4",,,,
"5102585","2019-09-02T09:00:00","28.85","-138.62",,,"1","4","2","5",,,"11",,,,,,,,,,,,"8",,,,,"9","262",,,,,,,,,,,,,"236","88","798","172","7","0",,"1","3FFFFF","1AAAAAAAA1AAAA","4",,,,
"5102593","2019-09-02T09:00:00","21.09","-132.08",,,"1","4","2","5",,,"11",,,,,,,,,,,,"8",,,,,"9","257",,,,,,,,,,,,,"236","12","798","172","7","0",,"1","1FFFFF","1AAAAAAAA1AAAA","4",,,,
"4301611","2019-09-02T09:01:00","25.74","-138.15",,,"1","4","2","5",,,"11",,,,,,,,,"10182",,,"8",,,,,"9","255",,,,,,,,,,,,,"236","58","798","172","7","0",,"1","1FFF1F","1AAAA1AAA1AAAA","4",,,,
"2101521","2019-09-02T10:00:00","29.23","-135.90",,,"1","4","2","5",,,"11",,,,,,,,,,,,"8",,,,,"9","257",,,,,,,,,,,,,"236","95","798","172","7","0",,"1","3FFFFF","1AAAAAAAA1AAAA","4",,,,
"4301564","2019-09-02T10:00:00","29.58","-130.85",,,"1","4","2","5",,,"11",,,,,,,,,"10178",,,"8",,,,,"9","247",,,,,,,,,,,,,"236","90","798","172","7","0",,"1","1FFF1F","1AAAA1AAA1AAAA","4",,,,
"4301567","2019-09-02T10:00:00","25.45","-132.47",,,"1","4","2","5",,,"11",,,,,,,,,"10173",,,"8",,,,,"9","241",,,,,,,,,,,,,"236","52","798","172","7","0",,"1","1FFF1F","1AAAA1AAA1AAAA","4",,,,
"4301568","2019-09-02T10:00:00","29.27","-131.55",,,"1","4","2","5",,,"11",,,,,,,,,"10179",,,"8",,,,,"9","246",,,,,,,,,,,,,"236","91","798","172","7","0",,"1","1FFF1F","1AAAA1AAA1AAAA","4",,,,
"4301571","2019-09-02T10:00:00","24.39","-132.88",,,"1","4","2","5",,,"11",,,,,,,,,"10168",,,"8",,,,,"9","242",,,,,,,,,,,,,"236","42","798","172","7","0",,"1","1FFF1F","1AAAA1AAA1AAAA","4",,,,
"4301611","2019-09-02T10:00:00","25.73","-138.15",,,"1","4","2","5",,,"11",,,,,,,,,"10179",,,"8",,,,,"9","255",,,,,,,,,,,,,"236","58","798","172","7","0",,"1","1FFF1F","1AAAA1AAA1AAAA","4",,,,
"4600616","2019-09-02T10:00:00","26.08","-137.62",,,"1","4","2","5",,,"11",,,,,,,,,,,,"8",,,,,"9","256",,,,,,,,,,,,,"236","67","798","172","7","1","2","1","1FFFFF","1AAAAAAAA1AAAA","4",,,,
"5102585","2019-09-02T10:00:00","28.85","-138.62",,,"1","4","2","5",,,"11",,,,,,,,,,,,"8",,,,,"9","262",,,,,,,,,,,,,"236","88","798","172","7","0",,"1","3FFFFF","1AAAAAAAA1AAAA","4",,,,
"5102593","2019-09-02T10:00:00","21.09","-132.08",,,"1","4","2","5",,,"11",,,,,,,,,,,,"8",,,,,"9","256",,,,,,,,,,,,,"236","12","798","172","7","0",,"1","1FFFFF","1AAAAAAAA1AAAA","4",,,,
"3201644","2019-09-02T10:01:00","26.06","-138.10",,,"1","4","2","5",,,"11",,,,,,,,,,,,"8",,,,,"9","261",,,,,,,,,,,,,"236","68","798","172","7","0",,"1","1FFFFF","1AAAAAAAA1AAAA","4",,,,
"2101521","2019-09-02T11:00:00","29.23","-135.91",,,"1","4","2","5",,,"11",,,,,,,,,,,,"8",,,,,"9","259",,,,,,,,,,,,,"236","95","798","172","7","0",,"1","3FFFFF","1AAAAAAAA1AAAA","4",,,,
"3201644","2019-09-02T11:00:00","26.06","-138.10",,,"1","4","2","5",,,"11",,,,,,,,,,,,"8",,,,,"9","261",,,,,,,,,,,,,"236","68","798","172","7","0",,"1","1FFFFF","1AAAAAAAA1AAAA","4",,,,
"4301564","2019-09-02T11:00:00","29.58","-130.84",,,"1","4","2","5",,,"11",,,,,,,,,"10173",,,"8",,,,,"9","247",,,,,,,,,,,,,"236","90","798","172","7","0",,"1","1FFF1F","1AAAA1AAA1AAAA","4",,,,
"4301567","2019-09-02T11:00:00","25.45","-132.47",,,"1","4","2","5",,,"11",,,,,,,,,"10168",,,"8",,,,,"9","241",,,,,,,,,,,,,"236","52","798","172","7","0",,"1","1FFF1F","1AAAA1AAA1AAAA","4",,,,
"4301568","2019-09-02T11:00:00","29.26","-131.55",,,"1","4","2","5",,,"11",,,,,,,,,"10177",,,"8",,,,,"9","245",,,,,,,,,,,,,"236","91","798","172","7","0",,"1","1FFF1F","1AAAA1AAA1AAAA","4",,,,
"4301571","2019-09-02T11:00:00","24.39","-132.89",,,"1","4","2","5",,,"11",,,,,,,,,"10165",,,"8",,,,,"9","241",,,,,,,,,,,,,"236","42","798","172","7","0",,"1","1FFF1F","1AAAA1AAA1AAAA","4",,,,
"4301611","2019-09-02T11:00:00","25.73","-138.14",,,"1","4","2","5",,,"11",,,,,,,,,"10177",,,"8",,,,,"9","255",,,,,,,,,,,,,"236","58","798","172","7","0",,"1","1FFF1F","1AAAA1AAA1AAAA","4",,,,
"4600616","2019-09-02T11:00:00","26.09","-137.63",,,"1","4","2","5",,,"11",,,,,,,,,,,,"8",,,,,"9","256",,,,,,,,,,,,,"236","67","798","172","7","1","2","1","1FFFFF","1AAAAAAAA1AAAA","4",,,,
"5102585","2019-09-02T11:00:00","28.84","-138.63",,,"1","4","2","5",,,"11",,,,,,,,,,,,"8",,,,,"9","261",,,,,,,,,,,,,"236","88","798","172","7","0",,"1","3FFFFF","1AAAAAAAA1AAAA","4",,,,
"5102593","2019-09-02T11:00:00","21.09","-132.07",,,"1","4","2","5",,,"11",,,,,,,,,,,,"8",,,,,"9","256",,,,,,,,,,,,,"236","12","798","172","7","0",,"1","1FFFFF","1AAAAAAAA1AAAA","4",,,,
"2101521","2019-09-02T12:00:00","29.23","-135.92",,,"1","4","2","5",,,"11",,,,,,,,,,,,"8",,,,,"9","258",,,,,,,,,,,,,"236","95","798","172","7","0",,"1","3FFFFF","1AAAAAAAA1AAAA","4",,,,
"3201644","2019-09-02T12:00:00","26.05","-138.10",,,"1","4","2","5",,,"11",,,,,,,,,,,,"8",,,,,"9","261",,,,,,,,,,,,,"236","68","798","172","7","0",,"1","1FFFFF","1AAAAAAAA1AAAA","4",,,,
"4301564","2019-09-02T12:00:00","29.58","-130.84",,,"1","4","2","5",,,"11",,,,,,,,,"10176",,,"8",,,,,"9","247",,,,,,,,,,,,,"236","90","798","172","7","0",,"1","1FFF1F","1AAAA1AAA1AAAA","4",,,,
"4301567","2019-09-02T12:00:00","25.45","-132.47",,,"1","4","2","5",,,"11",,,,,,,,,"10168",,,"8",,,,,"9","241",,,,,,,,,,,,,"236","52","798","172","7","0",,"1","1FFF1F","1AAAA1AAA1AAAA","4",,,,
"4301568","2019-09-02T12:00:00","29.26","-131.55",,,"1","4","2","5",,,"11",,,,,,,,,"10178",,,"8",,,,,"9","245",,,,,,,,,,,,,"236","91","798","172","7","0",,"1","1FFF1F","1AAAA1AAA1AAAA","4",,,,
"4301571","2019-09-02T12:00:00","24.39","-132.89",,,"1","4","2","5",,,"11",,,,,,,,,"10167",,,"8",,,,,"9","241",,,,,,,,,,,,,"236","42","798","172","7","0",,"1","1FFF1F","1AAAA1AAA1AAAA","4",,,,
"4301611","2019-09-02T12:00:00","25.72","-138.14",,,"1","4","2","5",,,"11",,,,,,,,,"10176",,,"8",,,,,"9","254",,,,,,,,,,,,,"236","58","798","172","7","0",,"1","1FFF1F","1AAAA1AAA1AAAA","4",,,,
"4600616","2019-09-02T12:00:00","26.09","-137.63",,,"1","4","2","5",,,"11",,,,,,,,,,,,"8",,,,,"9","256",,,,,,,,,,,,,"236","67","798","172","7","1","2","1","1FFFFF","1AAAAAAAA1AAAA","4",,,,
"5102585","2019-09-02T12:00:00","28.84","-138.63",,,"1","4","2","5",,,"11",,,,,,,,,,,,"8",,,,,"9","261",,,,,,,,,,,,,"236","88","798","172","7","0",,"1","3FFFFF","1AAAAAAAA1AAAA","4",,,,
"5102593","2019-09-02T12:00:00","21.09","-132.06",,,"1","4","2","5",,,"11",,,,,,,,,,,,"8",,,,,"9","256",,,,,,,,,,,,,"236","12","798","172","7","0",,"1","1FFFFF","1AAAAAAAA1AAAA","4",,,,
"WSRL","2019-09-02T12:00:00","29.50","-136.20",,,"1","6","2","5","6","4","1",,"90","3","15","1","98","3","0","10185","1","2","8","228",,"200","186","1","261","2","2","2","4","A","A",,,,,,,"236","96","798","172","5","1","2","1","311111","11111111111AA1",,"5",,"0",
"2101521","2019-09-02T13:00:00","29.23","-135.93",,,"1","4","2","5",,,"11",,,,,,,,,,,,"8",,,,,"9","257",,,,,,,,,,,,,"236","95","798","172","7","0",,"1","3FFFFF","1AAAAAAAA1AAAA","4",,,,
"3201644","2019-09-02T13:00:00","26.05","-138.10",,,"1","4","2","5",,,"11",,,,,,,,,,,,"8",,,,,"9","261",,,,,,,,,,,,,"236","68","798","172","7","0",,"1","1FFFFF","1AAAAAAAA1AAAA","4",,,,
"4301564","2019-09-02T13:00:00","29.58","-130.84",,,"1","4","2","5",,,"11",,,,,,,,,"10179",,,"8",,,,,"9","247",,,,,,,,,,,,,"236","90","798","172","7","0",,"1","1FFF1F","1AAAA1AAA1AAAA","4",,,,
"4301567","2019-09-02T13:00:00","25.45","-132.47",,,"1","4","2","5",,,"11",,,,,,,,,"10167",,,"8",,,,,"9","241",,,,,,,,,,,,,"236","52","798","172","7","0",,"1","1FFF1F","1AAAA1AAA1AAAA","4",,,,
"4301571","2019-09-02T13:00:00","24.39","-132.89",,,"1","4","2","5",,,"11",,,,,,,,,"10164",,,"8",,,,,"9","241",,,,,,,,,,,,,"236","42","798","172","7","0",,"1","1FFF1F","1AAAA1AAA1AAAA","4",,,,
"4600616","2019-09-02T13:00:00","26.09","-137.65",,,"1","4","2","5",,,"11",,,,,,,,,,,,"8",,,,,"9","256",,,,,,,,,,,,,"236","67","798","172","7","1","2","1","1FFFFF","1AAAAAAAA1AAAA","4",,,,
"5102585","2019-09-02T13:00:00","28.84","-138.63",,,"1","4","2","5",,,"11",,,,,,,,,,,,"8",,,,,"9","263",,,,,,,,,,,,,"236","88","798","172","7","0",,"1","3FFFFF","1AAAAAAAA1AAAA","4",,,,
"5102593","2019-09-02T13:00:00","21.10","-132.06",,,"1","4","2","5",,,"11",,,,,,,,,,,,"8",,,,,"9","256",,,,,,,,,,,,,"236","12","798","172","7","0",,"1","1FFFFF","1AAAAAAAA1AAAA","4",,,,
"4301568","2019-09-02T13:01:00","29.26","-131.55",,,"1","4","2","5",,,"11",,,,,,,,,"10179",,,"8",,,,,"9","245",,,,,,,,,,,,,"236","91","798","172","7","0",,"1","1FFF1F","1AAAA1AAA1AAAA","4",,,,
"2101521","2019-09-02T14:00:00","29.24","-135.94",,,"1","4","2","5",,,"11",,,,,,,,,,,,"8",,,,,"9","257",,,,,,,,,,,,,"236","95","798","172","7","0",,"1","3FFFFF","1AAAAAAAA1AAAA","4",,,,
"3201644","2019-09-02T14:00:00","26.04","-138.10",,,"1","4","2","5",,,"11",,,,,,,,,,,,"8",,,,,"9","260",,,,,,,,,,,,,"236","68","798","172","7","0",,"1","1FFFFF","1AAAAAAAA1AAAA","4",,,,
"4301564","2019-09-02T14:00:00","29.58","-130.84",,,"1","4","2","5",,,"11",,,,,,,,,"10181",,,"8",,,,,"9","247",,,,,,,,,,,,,"236","90","798","172","7","0",,"1","1FFF1F","1AAAA1AAA1AAAA","4",,,,
"4301567","2019-09-02T14:00:00","25.44","-132.47",,,"1","4","2","5",,,"11",,,,,,,,,"10169",,,"8",,,,,"9","240",,,,,,,,,,,,,"236","52","798","172","7","0",,"1","1FFF1F","1AAAA1AAA1AAAA","4",,,,
"4301571","2019-09-02T14:00:00","24.38","-132.89",,,"1","4","2","5",,,"11",,,,,,,,,"10166",,,"8",,,,,"9","241",,,,,,,,,,,,,"236","42","798","172","7","0",,"1","1FFF1F","1AAAA1AAA1AAAA","4",,,,
"4301611","2019-09-02T14:00:00","25.70","-138.15",,,"1","4","2","5",,,"11",,,,,,,,,"10178",,,"8",,,,,"9","254",,,,,,,,,,,,,"236","58","798","172","7","0",,"1","1FFF1F","1AAAA1AAA1AAAA","4",,,,
"4600616","2019-09-02T14:00:00","26.09","-137.65",,,"1","4","2","5",,,"11",,,,,,,,,,,,"8",,,,,"9","256",,,,,,,,,,,,,"236","67","798","172","7","1","2","1","1FFFFF","1AAAAAAAA1AAAA","4",,,,
"5102585","2019-09-02T14:00:00","28.83","-138.63",,,"1","4","2","5",,,"11",,,,,,,,,,,,"8",,,,,"9","264",,,,,,,,,,,,,"236","88","798","172","7","0",,"1","3FFFFF","1AAAAAAAA1AAAA","4",,,,
"5102593","2019-09-02T14:00:00","21.10","-132.05",,,"1","4","2","5",,,"11",,,,,,,,,,,,"8",,,,,"9","256",,,,,,,,,,,,,"236","12","798","172","7","0",,"1","1FFFFF","1AAAAAAAA1AAAA","4",,,,
"4301568","2019-09-02T14:01:00","29.27","-131.55",,,"1","4","2","5",,,"11",,,,,,,,,"10182",,,"8",,,,,"9","245",,,,,,,,,,,,,"236","91","798","172","7","0",,"1","1FFF1F","1AAAA1AAA1AAAA","4",,,,
"2101521","2019-09-02T15:00:00","29.24","-135.95",,,"1","4","2","5",,,"11",,,,,,,,,,,,"8",,,,,"9","257",,,,,,,,,,,,,"236","95","798","172","7","0",,"2","3FFFFF","1AAAAAAAA1AAAA","4",,,,
"3201644","2019-09-02T15:00:00","26.03","-138.10",,,"1","4","2","5",,,"11",,,,,,,,,,,,"8",,,,,"9","259",,,,,,,,,,,,,"236","68","798","172","7","0",,"1","1FFFFF","1AAAAAAAA1AAAA","4",,,,
"4301564","2019-09-02T15:00:00","29.58","-130.83",,,"1","4","2","5",,,"11",,,,,,,,,"10186",,,"8",,,,,"9","247",,,,,,,,,,,,,"236","90","798","172","7","0",,"2","1FFF1F","1AAAA1AAA1AAAA","4",,,,
"4301567","2019-09-02T15:00:00","25.44","-132.47",,,"1","4","2","5",,,"11",,,,,,,,,"10174",,,"8",,,,,"9","240",,,,,,,,,,,,,"236","52","798","172","7","0",,"2","1FFF1F","1AAAA1AAA1AAAA","4",,,,
"4301568","2019-09-02T15:00:00","29.27","-131.55",,,"1","4","2","5",,,"11",,,,,,,,,"10188",,,"8",,,,,"9","245",,,,,,,,,,,,,"236","91","798","172","7","0",,"2","1FFF1F","1AAAA1AAA1AAAA","4",,,,
"4301571","2019-09-02T15:00:00","24.38","-132.89",,,"1","4","2","5",,,"11",,,,,,,,,"10169",,,"8",,,,,"9","241",,,,,,,,,,,,,"236","42","798","172","7","0",,"2","1FFF1F","1AAAA1AAA1AAAA","4",,,,
"4301611","2019-09-02T15:00:00","25.70","-138.15",,,"1","4","2","5",,,"11",,,,,,,,,"10179",,,"8",,,,,"9","254",,,,,,,,,,,,,"236","58","798","172","7","0",,"1","1FFF1F","1AAAA1AAA1AAAA","4",,,,
"4600616","2019-09-02T15:00:00","26.09","-137.63",,,"1","4","2","5",,,"11",,,,,,,,,,,,"8",,,,,"9","256",,,,,,,,,,,,,"236","67","798","172","7","1","2","1","1FFFFF","1AAAAAAAA1AAAA","4",,,,
"5102585","2019-09-02T15:00:00","28.83","-138.63",,,"1","4","2","5",,,"11",,,,,,,,,,,,"8",,,,,"9","263",,,,,,,,,,,,,"236","88","798","172","7","0",,"1","3FFFFF","1AAAAAAAA1AAAA","4",,,,
"5102593","2019-09-02T15:00:00","21.10","-132.04",,,"1","4","2","5",,,"11",,,,,,,,,,,,"8",,,,,"9","256",,,,,,,,,,,,,"236","12","798","172","7","0",,"2","1FFFFF","1AAAAAAAA1AAAA","4",,,,
"2101521","2019-09-02T16:00:00","29.25","-135.95",,,"1","4","2","5",,,"11",,,,,,,,,,,,"8",,,,,"9","258",,,,,,,,,,,,,"236","95","798","172","7","0",,"2","3FFFFF","1AAAAAAAA1AAAA","4",,,,
"3201644","2019-09-02T16:00:00","26.03","-138.10",,,"1","4","2","5",,,"11",,,,,,,,,,,,"8",,,,,"9","259",,,,,,,,,,,,,"236","68","798","172","7","0",,"2","1FFFFF","1AAAAAAAA1AAAA","4",,,,
"4301564","2019-09-02T16:00:00","29.58","-130.83",,,"1","4","2","5",,,"11",,,,,,,,,"10190",,,"8",,,,,"9","247",,,,,,,,,,,,,"236","90","798","172","7","0",,"2","1FFF1F","1AAAA1AAA1AAAA","4",,,,
"4301567","2019-09-02T16:00:00","25.44","-132.47",,,"1","4","2","5",,,"11",,,,,,,,,"10178",,,"8",,,,,"9","240",,,,,,,,,,,,,"236","52","798","172","7","0",,"2","1FFF1F","1AAAA1AAA1AAAA","4",,,,
"4301568","2019-09-02T16:00:00","29.27","-131.54",,,"1","4","2","5",,,"11",,,,,,,,,"10194",,,"8",,,,,"9","245",,,,,,,,,,,,,"236","91","798","172","7","0",,"2","1FFF1F","1AAAA1AAA1AAAA","4",,,,
"4301571","2019-09-02T16:00:00","24.37","-132.89",,,"1","4","2","5",,,"11",,,,,,,,,"10173",,,"8",,,,,"9","241",,,,,,,,,,,,,"236","42","798","172","7","0",,"2","1FFF1F","1AAAA1AAA1AAAA","4",,,,
"4600616","2019-09-02T16:00:00","26.09","-137.63",,,"1","4","2","5",,,"11",,,,,,,,,,,,"8",,,,,"9","256",,,,,,,,,,,,,"236","67","798","172","7","1","2","2","1FFFFF","1AAAAAAAA1AAAA","4",,,,
"5102585","2019-09-02T16:00:00","28.83","-138.64",,,"1","4","2","5",,,"11",,,,,,,,,,,,"8",,,,,"9","263",,,,,,,,,,,,,"236","88","798","172","7","0",,"2","3FFFFF","1AAAAAAAA1AAAA","4",,,,
"5102593","2019-09-02T16:00:00","21.10","-132.03",,,"1","4","2","5",,,"11",,,,,,,,,,,,"8",,,,,"9","256",,,,,,,,,,,,,"236","12","798","172","7","0",,"2","1FFFFF","1AAAAAAAA1AAAA","4",,,,
"4301611","2019-09-02T16:01:00","25.70","-138.16",,,"1","4","2","5",,,"11",,,,,,,,,"10182",,,"8",,,,,"9","254",,,,,,,,,,,,,"236","58","798","172","7","0",,"2","1FFF1F","1AAAA1AAA1AAAA","4",,,,
"2101521","2019-09-02T17:00:00","29.25","-135.95",,,"1","4","2","5",,,"11",,,,,,,,,,,,"8",,,,,"9","259",,,,,,,,,,,,,"236","95","798","172","7","0",,"2","3FFFFF","1AAAAAAAA1AAAA","4",,,,
"3201644","2019-09-02T17:00:00","26.02","-138.10",,,"1","4","2","5",,,"11",,,,,,,,,,,,"8",,,,,"9","259",,,,,,,,,,,,,"236","68","798","172","7","0",,"2","1FFFFF","1AAAAAAAA1AAAA","4",,,,
"4301564","2019-09-02T17:00:00","29.59","-130.83",,,"1","4","2","5",,,"11",,,,,,,,,"10194",,,"8",,,,,"9","247",,,,,,,,,,,,,"236","90","798","172","7","0",,"2","1FFF1F","1AAAA1AAA1AAAA","4",,,,
"4301567","2019-09-02T17:00:00","25.45","-132.47",,,"1","4","2","5",,,"11",,,,,,,,,"10182",,,"8",,,,,"9","241",,,,,,,,,,,,,"236","52","798","172","7","0",,"2","1FFF1F","1AAAA1AAA1AAAA","4",,,,
"4301568","2019-09-02T17:00:00","29.27","-131.53",,,"1","4","2","5",,,"11",,,,,,,,,"10196",,,"8",,,,,"9","245",,,,,,,,,,,,,"236","91","798","172","7","0",,"2","1FFF1F","1AAAA1AAA1AAAA","4",,,,
"4301571","2019-09-02T17:00:00","24.37","-132.89",,,"1","4","2","5",,,"11",,,,,,,,,"10176",,,"8",,,,,"9","241",,,,,,,,,,,,,"236","42","798","172","7","0",,"2","1FFF1F","1AAAA1AAA1AAAA","4",,,,
"4301611","2019-09-02T17:00:00","25.69","-138.16",,,"1","4","2","5",,,"11",,,,,,,,,"10189",,,"8",,,,,"9","254",,,,,,,,,,,,,"236","58","798","172","7","0",,"2","1FFF1F","1AAAA1AAA1AAAA","4",,,,
"4600616","2019-09-02T17:00:00","26.10","-137.64",,,"1","4","2","5",,,"11",,,,,,,,,,,,"8",,,,,"9","256",,,,,,,,,,,,,"236","67","798","172","7","1","2","2","1FFFFF","1AAAAAAAA1AAAA","4",,,,
"5102585","2019-09-02T17:00:00","28.83","-138.64",,,"1","4","2","5",,,"11",,,,,,,,,,,,"8",,,,,"9","264",,,,,,,,,,,,,"236","88","798","172","7","0",,"2","3FFFFF","1AAAAAAAA1AAAA","4",,,,
"5102593","2019-09-02T17:00:00","21.11","-132.03",,,"1","4","2","5",,,"11",,,,,,,,,,,,"8",,,,,"9","256",,,,,,,,,,,,,"236","12","798","172","7","0",,"2","1FFFFF","1AAAAAAAA1AAAA","4",,,,
"2101521","2019-09-02T18:00:00","29.25","-135.95",,,"1","4","2","5",,,"11",,,,,,,,,,,,"8",,,,,"9","259",,,,,,,,,,,,,"236","95","798","172","7","0",,"2","3FFFFF","1AAAAAAAA1AAAA","4",,,,
"3201644","2019-09-02T18:00:00","26.02","-138.09",,,"1","4","2","5",,,"11",,,,,,,,,,,,"8",,,,,"9","260",,,,,,,,,,,,,"236","68","798","172","7","0",,"2","1FFFFF","1AAAAAAAA1AAAA","4",,,,
"4301564","2019-09-02T18:00:00","29.59","-130.83",,,"1","4","2","5",,,"11",,,,,,,,,"10199",,,"8",,,,,"9","247",,,,,,,,,,,,,"236","90","798","172","7","0",,"2","1FFF1F","1AAAA1AAA1AAAA","4",,,,
"4301567","2019-09-02T18:00:00","25.45","-132.47",,,"1","4","2","5",,,"11",,,,,,,,,"10185",,,"8",,,,,"9","241",,,,,,,,,,,,,"236","52","798","172","7","0",,"2","1FFF1F","1AAAA1AAA1AAAA","4",,,,
"4301568","2019-09-02T18:00:00","29.28","-131.53",,,"1","4","2","5",,,"11",,,,,,,,,"10197",,,"8",,,,,"9","246",,,,,,,,,,,,,"236","91","798","172","7","0",,"2","1FFF1F","1AAAA1AAA1AAAA","4",,,,
"4301571","2019-09-02T18:00:00","24.37","-132.89",,,"1","4","2","5",,,"11",,,,,,,,,"10180",,,"8",,,,,"9","242",,,,,,,,,,,,,"236","42","798","172","7","0",,"2","1FFF1F","1AAAA1AAA1AAAA","4",,,,
"4301611","2019-09-02T18:00:00","25.69","-138.17",,,"1","4","2","5",,,"11",,,,,,,,,"10192",,,"8",,,,,"9","254",,,,,,,,,,,,,"236","58","798","172","7","0",,"2","1FFF1F","1AAAA1AAA1AAAA","4",,,,
"4600616","2019-09-02T18:00:00","26.10","-137.64",,,"1","4","2","5",,,"11",,,,,,,,,,,,"8",,,,,"9","256",,,,,,,,,,,,,"236","67","798","172","7","1","2","2","1FFFFF","1AAAAAAAA1AAAA","4",,,,
"5102585","2019-09-02T18:00:00","28.83","-138.64",,,"1","4","2","5",,,"11",,,,,,,,,,,,"8",,,,,"9","268",,,,,,,,,,,,,"236","88","798","172","7","0",,"2","5FFFFF","1AAAAAAAA1AAAA","4",,,,
"5102593","2019-09-02T18:00:00","21.11","-132.02",,,"1","4","2","5",,,"11",,,,,,,,,,,,"8",,,,,"9","256",,,,,,,,,,,,,"236","12","798","172","7","0",,"2","1FFFFF","1AAAAAAAA1AAAA","4",,,,
"WNRD","2019-09-02T18:00:00","28.50","-138.60",,,"1","6","2","5","2","4","1",,"80","4","15","1","98","2","0","10170","1","10","8","260",,"230","215","7","260","3","2","4","5","6","1",,"6","1",,,,"236","88","798","172","5","1","2","2","311111","111111111111A1",,"5",,"0",
"WSRL","2019-09-02T18:00:00","28.80","-138.50",,,"1","4","0","0","6","5","1","0","290","3","5",,"98","2","0",,,,,,,,,,,"2","1","1","A","6","5",,"0","0","38","15","1","236","88","992","114","5","1","2","2","FF11FF","11111AAAAA113A",,,"1","0","4"
"2101521","2019-09-02T19:00:00","29.26","-135.95",,,"1","4","2","5",,,"11",,,,,,,,,,,,"8",,,,,"9","261",,,,,,,,,,,,,"236","95","798","172","7","0",,"2","3FFFFF","1AAAAAAAA1AAAA","4",,,,
"3201644","2019-09-02T19:00:00","26.02","-138.09",,,"1","4","2","5",,,"11",,,,,,,,,,,,"8",,,,,"9","261",,,,,,,,,,,,,"236","68","798","172","7","0",,"2","1FFFFF","1AAAAAAAA1AAAA","4",,,,
"4301567","2019-09-02T19:00:00","25.45","-132.48",,,"1","4","2","5",,,"11",,,,,,,,,"10186",,,"8",,,,,"9","242",,,,,,,,,,,,,"236","52","798","172","7","0",,"2","1FFF1F","1AAAA1AAA1AAAA","4",,,,
"4301568","2019-09-02T19:00:00","29.28","-131.52",,,"1","4","2","5",,,"11",,,,,,,,,"10199",,,"8",,,,,"9","250",,,,,,,,,,,,,"236","91","798","172","7","0",,"2","3FFF1F","1AAAA1AAA1AAAA","4",,,,
"4301571","2019-09-02T19:00:00","24.37","-132.89",,,"1","4","2","5",,,"11",,,,,,,,,"10180",,,"8",,,,,"9","242",,,,,,,,,,,,,"236","42","798","172","7","0",,"2","1FFF1F","1AAAA1AAA1AAAA","4",,,,
"4301611","2019-09-02T19:00:00","25.69","-138.17",,,"1","4","2","5",,,"11",,,,,,,,,"10192",,,"8",,,,,"9","255",,,,,,,,,,,,,"236","58","798","172","7","0",,"2","1FFF1F","1AAAA1AAA1AAAA","4",,,,
"4600616","2019-09-02T19:00:00","26.11","-137.63",,,"1","4","2","5",,,"11",,,,,,,,,,,,"8",,,,,"9","257",,,,,,,,,,,,,"236","67","798","172","7","1","2","2","1FFFFF","1AAAAAAAA1AAAA","4",,,,
"5102585","2019-09-02T19:00:00","28.83","-138.64",,,"1","4","2","5",,,"11",,,,,,,,,,,,"8",,,,,"9","273",,,,,,,,,,,,,"236","88","798","172","7","0",,"2","5FFFFF","1AAAAAAAA1AAAA","4",,,,
"5102593","2019-09-02T19:00:00","21.11","-132.01",,,"1","4","2","5",,,"11",,,,,,,,,,,,"8",,,,,"9","256",,,,,,,,,,,,,"236","12","798","172","7","0",,"2","1FFFFF","1AAAAAAAA1AAAA","4",,,,
"4301564","2019-09-02T19:01:00","29.59","-130.83",,,"1","4","2","5",,,"11",,,,,,,,,"10199",,,"8",,,,,"9","248",,,,,,,,,,,,,"236","90","798","172","7","0",,"2","1FFF1F","1AAAA1AAA1AAAA","4",,,,
"2101521","2019-09-02T20:00:00","29.26","-135.96",,,"1","4","2","5",,,"11",,,,,,,,,,,,"8",,,,,"9","263",,,,,,,,,,,,,"236","95","798","172","7","0",,"2","3FFFFF","1AAAAAAAA1AAAA","4",,,,
"4301564","2019-09-02T20:00:00","29.59","-130.83",,,"1","4","2","5",,,"11",,,,,,,,,"10197",,,"8",,,,,"9","249",,,,,,,,,,,,,"236","90","798","172","7","0",,"2","1FFF1F","1AAAA1AAA1AAAA","4",,,,
"4301568","2019-09-02T20:00:00","29.27","-131.52",,,"1","4","2","5",,,"11",,,,,,,,,"10197",,,"8",,,,,"9","249",,,,,,,,,,,,,"236","91","798","172","7","0",,"2","1FFF1F","1AAAA1AAA1AAAA","4",,,,
"4301571","2019-09-02T20:00:00","24.37","-132.89",,,"1","4","2","5",,,"11",,,,,,,,,"10178",,,"8",,,,,"9","243",,,,,,,,,,,,,"236","42","798","172","7","0",,"2","1FFF1F","1AAAA1AAA1AAAA","4",,,,
"4301611","2019-09-02T20:00:00","25.68","-138.18",,,"1","4","2","5",,,"11",,,,,,,,,"10191",,,"8",,,,,"9","256",,,,,,,,,,,,,"236","58","798","172","7","0",,"2","1FFF1F","1AAAA1AAA1AAAA","4",,,,
"4600616","2019-09-02T20:00:00","26.11","-137.63",,,"1","4","2","5",,,"11",,,,,,,,,,,,"8",,,,,"9","258",,,,,,,,,,,,,"236","67","798","172","7","1","2","2","3FFFFF","1AAAAAAAA1AAAA","4",,,,
"5102585","2019-09-02T20:00:00","28.83","-138.63",,,"1","4","2","5",,,"11",,,,,,,,,,,,"8",,,,,"9",,,,,,,,,,,,,,"236","88","798","172","7","0",,"2","7FFFFF","1AAAAAAAA1AAAA","4",,,,
"5102593","2019-09-02T20:00:00","21.12","-132.00",,,"1","4","2","5",,,"11",,,,,,,,,,,,"8",,,,,"9","256",,,,,,,,,,,,,"236","12","798","172","7","0",,"2","1FFFFF","1AAAAAAAA1AAAA","4",,,,
"2101521","2019-09-02T21:00:00","29.26","-135.96",,,"1","4","2","5",,,"11",,,,,,,,,,,,"8",,,,,"9","266",,,,,,,,,,,,,"236","95","798","172","7","0",,"2","5FFFFF","1AAAAAAAA1AAAA","4",,,,
"4301564","2019-09-02T21:00:00","29.59","-130.83",,,"1","4","2","5",,,"11",,,,,,,,,"10191",,,"8",,,,,"9","249",,,,,,,,,,,,,"236","90","798","172","7","0",,"2","1FFF1F","1AAAA1AAA1AAAA","4",,,,
"4301568","2019-09-02T21:00:00","29.27","-131.52",,,"1","4","2","5",,,"11",,,,,,,,,"10194",,,"8",,,,,"9","249",,,,,,,,,,,,,"236","91","798","172","7","0",,"2","1FFF1F","1AAAA1AAA1AAAA","4",,,,
"4301611","2019-09-02T21:00:00","25.68","-138.18",,,"1","4","2","5",,,"11",,,,,,,,,"10190",,,"8",,,,,"9","256",,,,,,,,,,,,,"236","58","798","172","7","0",,"2","1FFF1F","1AAAA1AAA1AAAA","4",,,,
"4600616","2019-09-02T21:00:00","26.11","-137.63",,,"1","4","2","5",,,"11",,,,,,,,,,,,"8",,,,,"9","259",,,,,,,,,,,,,"236","67","798","172","7","1","2","2","3FFFFF","1AAAAAAAA1AAAA","4",,,,
"5102585","2019-09-02T21:00:00","28.83","-138.63",,,"1","4","2","5",,,"11",,,,,,,,,,,,"8",,,,,"9",,,,,,,,,,,,,,"236","88","798","172","7","0",,"2","7FFFFF","1AAAAAAAA1AAAA","4",,,,
"5102593","2019-09-02T21:00:00","21.12","-131.99",,,"1","4","2","5",,,"11",,,,,,,,,,,,"8",,,,,"9","257",,,,,,,,,,,,,"236","11","798","172","7","0",,"2","1FFFFF","1AAAAAAAA1AAAA","4",,,,
"3201644","2019-09-02T21:01:00","26.02","-138.08",,,"1","4","2","5",,,"11",,,,,,,,,,,,"8",,,,,"9","262",,,,,,,,,,,,,"236","68","798","172","7","0",,"2","3FFFFF","1AAAAAAAA1AAAA","4",,,,
"4301567","2019-09-02T21:01:00","25.45","-132.48",,,"1","4","2","5",,,"11",,,,,,,,,"10182",,,"8",,,,,"9","243",,,,,,,,,,,,,"236","52","798","172","7","0",,"2","1FFF1F","1AAAA1AAA1AAAA","4",,,,
"4301571","2019-09-02T21:01:00","24.37","-132.89",,,"1","4","2","5",,,"11",,,,,,,,,"10175",,,"8",,,,,"9","244",,,,,,,,,,,,,"236","42","798","172","7","0",,"2","1FFF1F","1AAAA1AAA1AAAA","4",,,,
"2101521","2019-09-02T22:00:00","29.26","-135.96",,,"1","4","2","5",,,"11",,,,,,,,,,,,"8",,,,,"9","269",,,,,,,,,,,,,"236","95","798","172","7","0",,"2","5FFFFF","1AAAAAAAA1AAAA","4",,,,
"4301564","2019-09-02T22:00:00","29.59","-130.82",,,"1","4","2","5",,,"11",,,,,,,,,"10188",,,"8",,,,,"9","250",,,,,,,,,,,,,"236","90","798","172","7","0",,"2","3FFF1F","1AAAA1AAA1AAAA","4",,,,
"4301567","2019-09-02T22:00:00","25.46","-132.48",,,"1","4","2","5",,,"11",,,,,,,,,"10175",,,"8",,,,,"9","243",,,,,,,,,,,,,"236","52","798","172","7","0",,"2","1FFF1F","1AAAA1AAA1AAAA","4",,,,
"4301568","2019-09-02T22:00:00","29.27","-131.51",,,"1","4","2","5",,,"11",,,,,,,,,"10189",,,"8",,,,,"9","249",,,,,,,,,,,,,"236","91","798","172","7","0",,"2","1FFF1F","1AAAA1AAA1AAAA","4",,,,
"4301571","2019-09-02T22:00:00","24.37","-132.89",,,"1","4","2","5",,,"11",,,,,,,,,"10168",,,"8",,,,,"9","245",,,,,,,,,,,,,"236","42","798","172","7","0",,"2","1FFF1F","1AAAA1AAA1AAAA","4",,,,
"4600616","2019-09-02T22:00:00","26.11","-137.63",,,"1","4","2","5",,,"11",,,,,,,,,,,,"8",,,,,"9","260",,,,,,,,,,,,,"236","67","798","172","7","1","2","2","3FFFFF","1AAAAAAAA1AAAA","4",,,,
"5102585","2019-09-02T22:00:00","28.83","-138.63",,,"1","4","2","5",,,"11",,,,,,,,,,,,"8",,,,,"9",,,,,,,,,,,,,,"236","88","798","172","7","0",,"2","7FFFFF","1AAAAAAAA1AAAA","4",,,,
"5102593","2019-09-02T22:00:00","21.12","-131.98",,,"1","4","2","5",,,"11",,,,,,,,,,,,"8",,,,,"9","257",,,,,,,,,,,,,"236","11","798","172","7","0",,"2","1FFFFF","1AAAAAAAA1AAAA","4",,,,
"4301611","2019-09-02T22:01:00","25.68","-138.18",,,"1","4","2","5",,,"11",,,,,,,,,"10185",,,"8",,,,,"9","257",,,,,,,,,,,,,"236","58","798","172","7","0",,"2","1FFF1F","1AAAA1AAA1AAAA","4",,,,
"2101521","2019-09-02T23:00:00","29.25","-135.96",,,"1","4","2","5",,,"11",,,,,,,,,,,,"8",,,,,"9","272",,,,,,,,,,,,,"236","95","798","172","7","0",,"2","5FFFFF","1AAAAAAAA1AAAA","4",,,,
"3201644","2019-09-02T23:00:00","26.01","-138.07",,,"1","4","2","5",,,"11",,,,,,,,,,,,"8",,,,,"9","263",,,,,,,,,,,,,"236","68","798","172","7","0",,"2","3FFFFF","1AAAAAAAA1AAAA","4",,,,
"4301567","2019-09-02T23:00:00","25.46","-132.48",,,"1","4","2","5",,,"11",,,,,,,,,"10170",,,"8",,,,,"9","243",,,,,,,,,,,,,"236","52","798","172","7","0",,"2","1FFF1F","1AAAA1AAA1AAAA","4",,,,
"4301611","2019-09-02T23:00:00","25.68","-138.19",,,"1","4","2","5",,,"11",,,,,,,,,"10178",,,"8",,,,,"9","258",,,,,,,,,,,,,"236","58","798","172","7","0",,"2","1FFF1F","1AAAA1AAA1AAAA","4",,,,
"4600616","2019-09-02T23:00:00","26.12","-137.63",,,"1","4","2","5",,,"11",,,,,,,,,,,,"8",,,,,"9","260",,,,,,,,,,,,,"236","67","798","172","7","1","2","2","3FFFFF","1AAAAAAAA1AAAA","4",,,,
"5102585","2019-09-02T23:00:00","28.82","-138.63",,,"1","4","2","5",,,"11",,,,,,,,,,,,"8",,,,,"9",,,,,,,,,,,,,,"236","88","798","172","7","0",,"2","7FFFFF","1AAAAAAAA1AAAA","4",,,,
"5102593","2019-09-02T23:00:00","21.12","-131.97",,,"1","4","2","5",,,"11",,,,,,,,,,,,"8",,,,,"9","257",,,,,,,,,,,,,"236","11","798","172","7","0",,"2","1FFFFF","1AAAAAAAA1AAAA","4",,,,
"4301564","2019-09-02T23:01:00","29.59","-130.82",,,"1","4","2","5",,,"11",,,,,,,,,"10182",,,"8",,,,,"9","251",,,,,,,,,,,,,"236","90","798","172","7","0",,"2","3FFF1F","1AAAA1AAA1AAAA","4",,,,
"4301571","2019-09-02T23:01:00","24.37","-132.89",,,"1","4","2","5",,,"11",,,,,,,,,"10162",,,"8",,,,,"9","244",,,,,,,,,,,,,"236","42","798","172","7","0",,"2","1FFF1F","1AAAA1AAA1AAAA","4",,,,
"4301568","2019-09-02T23:02:00","29.27","-131.51",,,"1","4","2","5",,,"11",,,,,,,,,"10185",,,"8",,,,,"9","251",,,,,,,,,,,,,"236","91","798","172","7","0",,"2","3FFF1F","1AAAA1AAA1AAAA","4",,,,
"2101521","2019-09-03T00:00:00","29.25","-135.97",,,"1","4","2","5",,,"11",,,,,,,,,,,,"8",,,,,"9","269",,,,,,,,,,,,,"236","95","798","172","7","0",,"2","5FFFFF","1AAAAAAAA1AAAA","4",,,,
"3201644","2019-09-03T00:00:00","26.00","-138.06",,,"1","4","2","5",,,"11",,,,,,,,,,,,"8",,,,,"9","263",,,,,,,,,,,,,"236","68","798","172","7","0",,"2","3FFFFF","1AAAAAAAA1AAAA","4",,,,
"4301564","2019-09-03T00:00:00","29.59","-130.81",,,"1","4","2","5",,,"11",,,,,,,,,"10179",,,"8",,,,,"9","251",,,,,,,,,,,,,"236","90","798","172","7","0",,"2","3FFF1F","1AAAA1AAA1AAAA","4",,,,
"4301567","2019-09-03T00:00:00","25.46","-132.48",,,"1","4","2","5",,,"11",,,,,,,,,"10166",,,"8",,,,,"9","243",,,,,,,,,,,,,"236","52","798","172","7","0",,"2","1FFF1F","1AAAA1AAA1AAAA","4",,,,
"4301571","2019-09-03T00:00:00","24.36","-132.89",,,"1","4","2","5",,,"11",,,,,,,,,"10159",,,"8",,,,,"9","244",,,,,,,,,,,,,"236","42","798","172","7","0",,"2","1FFF1F","1AAAA1AAA1AAAA","4",,,,
"4301611","2019-09-03T00:00:00","25.67","-138.19",,,"1","4","2","5",,,"11",,,,,,,,,"10176",,,"8",,,,,"9","259",,,,,,,,,,,,,"236","58","798","172","7","0",,"2","1FFF1F","1AAAA1AAA1AAAA","4",,,,
"4600616","2019-09-03T00:00:00","26.12","-137.63",,,"1","4","2","5",,,"11",,,,,,,,,,,,"8",,,,,"9","260",,,,,,,,,,,,,"236","67","798","172","7","1","2","2","3FFFFF","1AAAAAAAA1AAAA","4",,,,
"5102585","2019-09-03T00:00:00","28.82","-138.63",,,"1","4","2","5",,,"11",,,,,,,,,,,,"8",,,,,"9",,,,,,,,,,,,,,"236","88","798","172","7","0",,"2","7FFFFF","1AAAAAAAA1AAAA","4",,,,
"5102593","2019-09-03T00:00:00","21.12","-131.96",,,"1","4","2","5",,,"11",,,,,,,,,,,,"8",,,,,"9","257",,,,,,,,,,,,,"236","11","798","172","7","0",,"2","1FFFFF","1AAAAAAAA1AAAA","4",,,,
"4301568","2019-09-03T00:02:00","29.27","-131.50",,,"1","4","2","5",,,"11",,,,,,,,,"10181",,,"8",,,,,"9","251",,,,,,,,,,,,,"236","91","798","172","7","0",,"2","3FFF1F","1AAAA1AAA1AAAA","4",,,,
"2101521","2019-09-03T01:00:00","29.24","-135.97",,,"1","4","2","5",,,"11",,,,,,,,,,,,"8",,,,,"9","269",,,,,,,,,,,,,"236","95","798","172","7","0",,"2","5FFFFF","1AAAAAAAA1AAAA","4",,,,
"3201644","2019-09-03T01:00:00","25.99","-138.06",,,"1","4","2","5",,,"11",,,,,,,,,,,,"8",,,,,"9","263",,,,,,,,,,,,,"236","58","798","172","7","0",,"2","1FFFFF","1AAAAAAAA1AAAA","4",,,,
"4301564","2019-09-03T01:00:00","29.59","-130.81",,,"1","4","2","5",,,"11",,,,,,,,,"10180",,,"8",,,,,"9","251",,,,,,,,,,,,,"236","90","798","172","7","0",,"2","3FFF1F","1AAAA1AAA1AAAA","4",,,,
"4301567","2019-09-03T01:00:00","25.46","-132.48",,,"1","4","2","5",,,"11",,,,,,,,,"10163",,,"8",,,,,"9","243",,,,,,,,,,,,,"236","52","798","172","7","0",,"2","1FFF1F","1AAAA1AAA1AAAA","4",,,,
"4301571","2019-09-03T01:00:00","24.36","-132.88",,,"1","4","2","5",,,"11",,,,,,,,,"10159",,,"8",,,,,"9","244",,,,,,,,,,,,,"236","42","798","172","7","0",,"2","1FFF1F","1AAAA1AAA1AAAA","4",,,,
"4301611","2019-09-03T01:00:00","25.67","-138.20",,,"1","4","2","5",,,"11",,,,,,,,,"10172",,,"8",,,,,"9","258",,,,,,,,,,,,,"236","58","798","172","7","0",,"2","1FFF1F","1AAAA1AAA1AAAA","4",,,,
"4600616","2019-09-03T01:00:00","26.12","-137.63",,,"1","4","2","5",,,"11",,,,,,,,,,,,"8",,,,,"9","260",,,,,,,,,,,,,"236","67","798","172","7","1","2","2","3FFFFF","1AAAAAAAA1AAAA","4",,,,
"5102585","2019-09-03T01:00:00","28.81","-138.63",,,"1","4","2","5",,,"11",,,,,,,,,,,,"8",,,,,"9","278",,,,,,,,,,,,,"236","88","798","172","7","0",,"2","5FFFFF","1AAAAAAAA1AAAA","4",,,,
"5102593","2019-09-03T01:00:00","21.12","-131.95",,,"1","4","2","5",,,"11",,,,,,,,,,,,"8",,,,,"9","257",,,,,,,,,,,,,"236","11","798","172","7","0",,"2","1FFFFF","1AAAAAAAA1AAAA","4",,,,
"4301568","2019-09-03T01:01:00","29.26","-131.50",,,"1","4","2","5",,,"11",,,,,,,,,"10181",,,"8",,,,,"9","250",,,,,,,,,,,,,"236","91","798","172","7","0",,"2","3FFF1F","1AAAA1AAA1AAAA","4",,,,
"2101521","2019-09-03T02:00:00","29.23","-135.98",,,"1","4","2","5",,,"11",,,,,,,,,,,,"8",,,,,"9","269",,,,,,,,,,,,,"236","95","798","172","7","0",,"2","5FFFFF","1AAAAAAAA1AAAA","4",,,,
"3201644","2019-09-03T02:00:00","25.99","-138.05",,,"1","4","2","5",,,"11",,,,,,,,,,,,"8",,,,,"9","263",,,,,,,,,,,,,"236","58","798","172","7","0",,"2","1FFFFF","1AAAAAAAA1AAAA","4",,,,
"4301564","2019-09-03T02:00:00","29.59","-130.81",,,"1","4","2","5",,,"11",,,,,,,,,"10180",,,"8",,,,,"9","250",,,,,,,,,,,,,"236","90","798","172","7","0",,"2","3FFF1F","1AAAA1AAA1AAAA","4",,,,
"4301567","2019-09-03T02:00:00","25.46","-132.48",,,"1","4","2","5",,,"11",,,,,,,,,"10166",,,"8",,,,,"9","242",,,,,,,,,,,,,"236","52","798","172","7","0",,"2","1FFF1F","1AAAA1AAA1AAAA","4",,,,
"4301568","2019-09-03T02:00:00","29.26","-131.50",,,"1","4","2","5",,,"11",,,,,,,,,"10180",,,"8",,,,,"9","249",,,,,,,,,,,,,"236","91","798","172","7","0",,"2","1FFF1F","1AAAA1AAA1AAAA","4",,,,
"4301571","2019-09-03T02:00:00","24.35","-132.88",,,"1","4","2","5",,,"11",,,,,,,,,"10161",,,"8",,,,,"9","244",,,,,,,,,,,,,"236","42","798","172","7","0",,"2","1FFF1F","1AAAA1AAA1AAAA","4",,,,
"4301611","2019-09-03T02:00:00","25.67","-138.20",,,"1","4","2","5",,,"11",,,,,,,,,"10171",,,"8",,,,,"9","258",,,,,,,,,,,,,"236","58","798","172","7","0",,"2","1FFF1F","1AAAA1AAA1AAAA","4",,,,
"4600616","2019-09-03T02:00:00","26.12","-137.63",,,"1","4","2","5",,,"11",,,,,,,,,,,,"8",,,,,"9","259",,,,,,,,,,,,,"236","67","798","172","7","1","2","2","3FFFFF","1AAAAAAAA1AAAA","4",,,,
"5102585","2019-09-03T02:00:00","28.81","-138.63",,,"1","4","2","5",,,"11",,,,,,,,,,,,"8",,,,,"9","277",,,,,,,,,,,,,"236","88","798","172","7","0",,"2","5FFFFF","1AAAAAAAA1AAAA","4",,,,
"5102593","2019-09-03T02:00:00","21.12","-131.94",,,"1","4","2","5",,,"11",,,,,,,,,,,,"8",,,,,"9","257",,,,,,,,,,,,,"236","11","798","172","7","0",,"2","1FFFFF","1AAAAAAAA1AAAA","4",,,,
"2101521","2019-09-03T03:00:00","29.22","-135.99",,,"1","4","2","5",,,"11",,,,,,,,,,,,"8",,,,,"9","268",,,,,,,,,,,,,"236","95","798","172","7","0",,"2","5FFFFF","1AAAAAAAA1AAAA","4",,,,
"4301567","2019-09-03T03:00:00","25.46","-132.48",,,"1","4","2","5",,,"11",,,,,,,,,"10171",,,"8",,,,,"9","242",,,,,,,,,,,,,"236","52","798","172","7","0",,"1","1FFF1F","1AAAA1AAA1AAAA","4",,,,
"4301568","2019-09-03T03:00:00","29.26","-131.50",,,"1","4","2","5",,,"11",,,,,,,,,"10183",,,"8",,,,,"9","248",,,,,,,,,,,,,"236","91","798","172","7","0",,"1","1FFF1F","1AAAA1AAA1AAAA","4",,,,
"4301571","2019-09-03T03:00:00","24.35","-132.88",,,"1","4","2","5",,,"11",,,,,,,,,"10167",,,"8",,,,,"9","243",,,,,,,,,,,,,"236","42","798","172","7","0",,"1","1FFF1F","1AAAA1AAA1AAAA","4",,,,
"4301611","2019-09-03T03:00:00","25.66","-138.20",,,"1","4","2","5",,,"11",,,,,,,,,"10174",,,"8",,,,,"9","257",,,,,,,,,,,,,"236","58","798","172","7","0",,"2","1FFF1F","1AAAA1AAA1AAAA","4",,,,
"4600616","2019-09-03T03:00:00","26.12","-137.63",,,"1","4","2","5",,,"11",,,,,,,,,,,,"8",,,,,"9","258",,,,,,,,,,,,,"236","67","798","172","7","1","2","2","3FFFFF","1AAAAAAAA1AAAA","4",,,,
"5102585","2019-09-03T03:00:00","28.80","-138.63",,,"1","4","2","5",,,"11",,,,,,,,,,,,"8",,,,,"9","275",,,,,,,,,,,,,"236","88","798","172","7","0",,"2","5FFFFF","1AAAAAAAA1AAAA","4",,,,
"5102593","2019-09-03T03:00:00","21.12","-131.93",,,"1","4","2","5",,,"11",,,,,,,,,,,,"8",,,,,"9","257",,,,,,,,,,,,,"236","11","798","172","7","0",,"1","1FFFFF","1AAAAAAAA1AAAA","4",,,,
"4301564","2019-09-03T03:01:00","29.59","-130.81",,,"1","4","2","5",,,"11",,,,,,,,,"10182",,,"8",,,,,"9","249",,,,,,,,,,,,,"236","90","798","172","7","0",,"1","1FFF1F","1AAAA1AAA1AAAA","4",,,,
"2101521","2019-09-03T04:00:00","29.22","-136.00",,,"1","4","2","5",,,"11",,,,,,,,,,,,"8",,,,,"9","266",,,,,,,,,,,,,"236","96","798","172","7","0",,"1","5FFFFF","1AAAAAAAA1AAAA","4",,,,
"4301564","2019-09-03T04:00:00","29.59","-130.81",,,"1","4","2","5",,,"11",,,,,,,,,"10186",,,"8",,,,,"9","248",,,,,,,,,,,,,"236","90","798","172","7","0",,"1","1FFF1F","1AAAA1AAA1AAAA","4",,,,
"4301568","2019-09-03T04:00:00","29.27","-131.50",,,"1","4","2","5",,,"11",,,,,,,,,"10186",,,"8",,,,,"9","247",,,,,,,,,,,,,"236","91","798","172","7","0",,"1","1FFF1F","1AAAA1AAA1AAAA","4",,,,
"4301571","2019-09-03T04:00:00","24.35","-132.89",,,"1","4","2","5",,,"11",,,,,,,,,"10171",,,"8",,,,,"9","243",,,,,,,,,,,,,"236","42","798","172","7","0",,"1","1FFF1F","1AAAA1AAA1AAAA","4",,,,
"4301611","2019-09-03T04:00:00","25.66","-138.20",,,"1","4","2","5",,,"11",,,,,,,,,"10177",,,"8",,,,,"9","257",,,,,,,,,,,,,"236","58","798","172","7","0",,"1","1FFF1F","1AAAA1AAA1AAAA","4",,,,
"4600616","2019-09-03T04:00:00","26.12","-137.62",,,"1","4","2","5",,,"11",,,,,,,,,,,,"8",,,,,"9","258",,,,,,,,,,,,,"236","67","798","172","7","1","2","1","3FFFFF","1AAAAAAAA1AAAA","4",,,,
"5102585","2019-09-03T04:00:00","28.79","-138.63",,,"1","4","2","5",,,"11",,,,,,,,,,,,"8",,,,,"9","271",,,,,,,,,,,,,"236","88","798","172","7","0",,"1","5FFFFF","1AAAAAAAA1AAAA","4",,,,
"5102593","2019-09-03T04:00:00","21.12","-131.92",,,"1","4","2","5",,,"11",,,,,,,,,,,,"8",,,,,"9","256",,,,,,,,,,,,,"236","11","798","172","7","0",,"1","1FFFFF","1AAAAAAAA1AAAA","4",,,,
"4301567","2019-09-03T04:03:00","25.46","-132.48",,,"1","4","2","5",,,"11",,,,,,,,,"10176",,,"8",,,,,"9","241",,,,,,,,,,,,,"236","52","798","172","7","0",,"1","1FFF1F","1AAAA1AAA1AAAA","4",,,,
"2101521","2019-09-03T05:00:00","29.21","-136.01",,,"1","4","2","5",,,"11",,,,,,,,,,,,"8",,,,,"9","267",,,,,,,,,,,,,"236","96","798","172","7","0",,"1","5FFFFF","1AAAAAAAA1AAAA","4",,,,
"3201644","2019-09-03T05:00:00","25.97","-138.05",,,"1","4","2","5",,,"11",,,,,,,,,,,,"8",,,,,"9","262",,,,,,,,,,,,,"236","58","798","172","7","0",,"1","1FFFFF","1AAAAAAAA1AAAA","4",,,,
"4301567","2019-09-03T05:00:00","25.46","-132.48",,,"1","4","2","5",,,"11",,,,,,,,,"10180",,,"8",,,,,"9","241",,,,,,,,,,,,,"236","52","798","172","7","0",,"1","1FFF1F","1AAAA1AAA1AAAA","4",,,,
"4301568","2019-09-03T05:00:00","29.27","-131.49",,,"1","4","2","5",,,"11",,,,,,,,,"10190",,,"8",,,,,"9","247",,,,,,,,,,,,,"236","91","798","172","7","0",,"1","1FFF1F","1AAAA1AAA1AAAA","4",,,,
"4301611","2019-09-03T05:00:00","25.66","-138.20",,,"1","4","2","5",,,"11",,,,,,,,,"10182",,,"8",,,,,"9","256",,,,,,,,,,,,,"236","58","798","172","7","0",,"1","1FFF1F","1AAAA1AAA1AAAA","4",,,,
"4600616","2019-09-03T05:00:00","26.11","-137.61",,,"1","4","2","5",,,"11",,,,,,,,,,,,"8",,,,,"9","257",,,,,,,,,,,,,"236","67","798","172","7","1","2","1","1FFFFF","1AAAAAAAA1AAAA","4",,,,
"5102585","2019-09-03T05:00:00","28.78","-138.64",,,"1","4","2","5",,,"11",,,,,,,,,,,,"8",,,,,"9","268",,,,,,,,,,,,,"236","88","798","172","7","0",,"1","5FFFFF","1AAAAAAAA1AAAA","4",,,,
"5102593","2019-09-03T05:00:00","21.12","-131.91",,,"1","4","2","5",,,"11",,,,,,,,,,,,"8",,,,,"9","256",,,,,,,,,,,,,"236","11","798","172","7","0",,"1","1FFFFF","1AAAAAAAA1AAAA","4",,,,
"4301571","2019-09-03T05:04:00","24.34","-132.89",,,"1","4","2","5",,,"11",,,,,,,,,"10174",,,"8",,,,,"9","243",,,,,,,,,,,,,"236","42","798","172","7","0",,"1","1FFF1F","1AAAA1AAA1AAAA","4",,,,
"2101521","2019-09-03T06:00:00","29.21","-136.02",,,"1","4","2","5",,,"11",,,,,,,,,,,,"8",,,,,"9","266",,,,,,,,,,,,,"236","96","798","172","7","0",,"1","5FFFFF","1AAAAAAAA1AAAA","4",,,,
"4301564","2019-09-03T06:00:00","29.59","-130.81",,,"1","4","2","5",,,"11",,,,,,,,,"10193",,,"8",,,,,"9","247",,,,,,,,,,,,,"236","90","798","172","7","0",,"1","1FFF1F","1AAAA1AAA1AAAA","4",,,,
"4301567","2019-09-03T06:00:00","25.46","-132.48",,,"1","4","2","5",,,"11",,,,,,,,,"10183",,,"8",,,,,"9","241",,,,,,,,,,,,,"236","52","798","172","7","0",,"1","1FFF1F","1AAAA1AAA1AAAA","4",,,,
"4301568","2019-09-03T06:00:00","29.26","-131.49",,,"1","4","2","5",,,"11",,,,,,,,,"10193",,,"8",,,,,"9","246",,,,,,,,,,,,,"236","91","798","172","7","0",,"1","1FFF1F","1AAAA1AAA1AAAA","4",,,,
"4301611","2019-09-03T06:00:00","25.65","-138.20",,,"1","4","2","5",,,"11",,,,,,,,,"10191",,,"8",,,,,"9","256",,,,,,,,,,,,,"236","58","798","172","7","0",,"1","1FFF1F","1AAAA1AAA1AAAA","4",,,,
"4600616","2019-09-03T06:00:00","26.10","-137.62",,,"1","4","2","5",,,"11",,,,,,,,,,,,"8",,,,,"9","257",,,,,,,,,,,,,"236","67","798","172","7","1","2","1","1FFFFF","1AAAAAAAA1AAAA","4",,,,
"5102585","2019-09-03T06:00:00","28.77","-138.64",,,"1","4","2","5",,,"11",,,,,,,,,,,,"8",,,,,"9","267",,,,,,,,,,,,,"236","88","798","172","7","0",,"1","5FFFFF","1AAAAAAAA1AAAA","4",,,,
"5102593","2019-09-03T06:00:00","21.12","-131.91",,,"1","4","2","5",,,"11",,,,,,,,,,,,"8",,,,,"9","256",,,,,,,,,,,,,"236","11","798","172","7","0",,"1","1FFFFF","1AAAAAAAA1AAAA","4",,,,
"WNRD","2019-09-03T06:00:00","29.70","-134.00",,,"1","6","2","5","2","5","1",,"20","4","31","1","98","2","0","10182","2","18","8","230",,"220","215","7","240","0","0","0","9","0","0",,,,,,,"236","94","798","172","5","1","2","1","111111","11111111111AA1",,"5",,"0",
"3201644","2019-09-03T06:01:00","25.97","-138.04",,,"1","4","2","5",,,"11",,,,,,,,,,,,"8",,,,,"9","261",,,,,,,,,,,,,"236","58","798","172","7","0",,"1","1FFFFF","1AAAAAAAA1AAAA","4",,,,
"4301571","2019-09-03T06:03:00","24.34","-132.88",,,"1","4","2","5",,,"11",,,,,,,,,"10180",,,"8",,,,,"9","242",,,,,,,,,,,,,"236","42","798","172","7","0",,"1","1FFF1F","1AAAA1AAA1AAAA","4",,,,
"2101521","2019-09-03T07:00:00","29.21","-136.02",,,"1","4","2","5",,,"11",,,,,,,,,,,,"8",,,,,"9","265",,,,,,,,,,,,,"236","96","798","172","7","0",,"1","5FFFFF","1AAAAAAAA1AAAA","4",,,,
"4301564","2019-09-03T07:00:00","29.59","-130.81",,,"1","4","2","5",,,"11",,,,,,,,,"10193",,,"8",,,,,"9","247",,,,,,,,,,,,,"236","90","798","172","7","0",,"1","1FFF1F","1AAAA1AAA1AAAA","4",,,,
"4301567","2019-09-03T07:00:00","25.46","-132.48",,,"1","4","2","5",,,"11",,,,,,,,,"10184",,,"8",,,,,"9","241",,,,,,,,,,,,,"236","52","798","172","7","0",,"1","1FFF1F","1AAAA1AAA1AAAA","4",,,,
"4301568","2019-09-03T07:00:00","29.26","-131.49",,,"1","4","2","5",,,"11",,,,,,,,,"10193",,,"8",,,,,"9","246",,,,,,,,,,,,,"236","91","798","172","7","0",,"1","1FFF1F","1AAAA1AAA1AAAA","4",,,,
"4301571","2019-09-03T07:00:00","24.33","-132.88",,,"1","4","2","5",,,"11",,,,,,,,,"10181",,,"8",,,,,"9","242",,,,,,,,,,,,,"236","42","798","172","7","0",,"1","1FFF1F","1AAAA1AAA1AAAA","4",,,,
"4301611","2019-09-03T07:00:00","25.64","-138.20",,,"1","4","2","5",,,"11",,,,,,,,,"10191",,,"8",,,,,"9","256",,,,,,,,,,,,,"236","58","798","172","7","0",,"1","1FFF1F","1AAAA1AAA1AAAA","4",,,,
"4600616","2019-09-03T07:00:00","26.10","-137.62",,,"1","4","2","5",,,"11",,,,,,,,,,,,"8",,,,,"9","256",,,,,,,,,,,,,"236","67","798","172","7","1","2","1","1FFFFF","1AAAAAAAA1AAAA","4",,,,
"5102585","2019-09-03T07:00:00","28.77","-138.65",,,"1","4","2","5",,,"11",,,,,,,,,,,,"8",,,,,"9","266",,,,,,,,,,,,,"236","88","798","172","7","0",,"1","3FFFFF","1AAAAAAAA1AAAA","4",,,,
"5102593","2019-09-03T07:00:00","21.13","-131.90",,,"1","4","2","5",,,"11",,,,,,,,,,,,"8",,,,,"9","256",,,,,,,,,,,,,"236","11","798","172","7","0",,"1","1FFFFF","1AAAAAAAA1AAAA","4",,,,
"3201644","2019-09-03T07:01:00","25.96","-138.04",,,"1","4","2","5",,,"11",,,,,,,,,,,,"8",,,,,"9","261",,,,,,,,,,,,,"236","58","798","172","7","0",,"1","1FFFFF","1AAAAAAAA1AAAA","4",,,,
"2101521","2019-09-03T08:00:00","29.21","-136.03",,,"1","4","2","5",,,"11",,,,,,,,,,,,"8",,,,,"9","265",,,,,,,,,,,,,"236","96","798","172","7","0",,"1","5FFFFF","1AAAAAAAA1AAAA","4",,,,
"3201644","2019-09-03T08:00:00","25.96","-138.04",,,"1","4","2","5",,,"11",,,,,,,,,,,,"8",,,,,"9","261",,,,,,,,,,,,,"236","58","798","172","7","0",,"1","1FFFFF","1AAAAAAAA1AAAA","4",,,,
"4301564","2019-09-03T08:00:00","29.60","-130.82",,,"1","4","2","5",,,"11",,,,,,,,,"10193",,,"8",,,,,"9","247",,,,,,,,,,,,,"236","90","798","172","7","0",,"1","1FFF1F","1AAAA1AAA1AAAA","4",,,,
"4301567","2019-09-03T08:00:00","25.46","-132.48",,,"1","4","2","5",,,"11",,,,,,,,,"10182",,,"8",,,,,"9","241",,,,,,,,,,,,,"236","52","798","172","7","0",,"1","1FFF1F","1AAAA1AAA1AAAA","4",,,,
"4301568","2019-09-03T08:00:00","29.26","-131.49",,,"1","4","2","5",,,"11",,,,,,,,,"10194",,,"8",,,,,"9","245",,,,,,,,,,,,,"236","91","798","172","7","0",,"1","1FFF1F","1AAAA1AAA1AAAA","4",,,,
"4301611","2019-09-03T08:00:00","25.64","-138.20",,,"1","4","2","5",,,"11",,,,,,,,,"10191",,,"8",,,,,"9","255",,,,,,,,,,,,,"236","58","798","172","7","0",,"1","1FFF1F","1AAAA1AAA1AAAA","4",,,,
"4600616","2019-09-03T08:00:00","26.10","-137.62",,,"1","4","2","5",,,"11",,,,,,,,,,,,"8",,,,,"9","256",,,,,,,,,,,,,"236","67","798","172","7","1","2","1","1FFFFF","1AAAAAAAA1AAAA","4",,,,
"5102585","2019-09-03T08:00:00","28.77","-138.66",,,"1","4","2","5",,,"11",,,,,,,,,,,,"8",,,,,"9","264",,,,,,,,,,,,,"236","88","798","172","7","0",,"1","3FFFFF","1AAAAAAAA1AAAA","4",,,,
"5102593","2019-09-03T08:00:00","21.13","-131.89",,,"1","4","2","5",,,"11",,,,,,,,,,,,"8",,,,,"9","256",,,,,,,,,,,,,"236","11","798","172","7","0",,"1","1FFFFF","1AAAAAAAA1AAAA","4",,,,
"2101521","2019-09-03T09:00:00","29.20","-136.03",,,"1","4","2","5",,,"11",,,,,,,,,,,,"8",,,,,"9","264",,,,,,,,,,,,,"236","96","798","172","7","0",,"1","3FFFFF","1AAAAAAAA1AAAA","4",,,,
"3201644","2019-09-03T09:00:00","25.95","-138.03",,,"1","4","2","5",,,"11",,,,,,,,,,,,"8",,,,,"9","260",,,,,,,,,,,,,"236","58","798","172","7","0",,"1","1FFFFF","1AAAAAAAA1AAAA","4",,,,
"4301564","2019-09-03T09:00:00","29.60","-130.82",,,"1","4","2","5",,,"11",,,,,,,,,"10190",,,"8",,,,,"9","247",,,,,,,,,,,,,"236","90","798","172","7","0",,"1","1FFF1F","1AAAA1AAA1AAAA","4",,,,
"4301567","2019-09-03T09:00:00","25.46","-132.48",,,"1","4","2","5",,,"11",,,,,,,,,"10181",,,"8",,,,,"9","241",,,,,,,,,,,,,"236","52","798","172","7","0",,"1","1FFF1F","1AAAA1AAA1AAAA","4",,,,
"4301568","2019-09-03T09:00:00","29.26","-131.49",,,"1","4","2","5",,,"11",,,,,,,,,"10190",,,"8",,,,,"9","245",,,,,,,,,,,,,"236","91","798","172","7","0",,"1","1FFF1F","1AAAA1AAA1AAAA","4",,,,
"4301571","2019-09-03T09:00:00","24.33","-132.88",,,"1","4","2","5",,,"11",,,,,,,,,"10176",,,"8",,,,,"9","242",,,,,,,,,,,,,"236","42","798","172","7","0",,"1","1FFF1F","1AAAA1AAA1AAAA","4",,,,
"4301611","2019-09-03T09:00:00","25.63","-138.20",,,"1","4","2","5",,,"11",,,,,,,,,"10189",,,"8",,,,,"9","255",,,,,,,,,,,,,"236","58","798","172","7","0",,"1","1FFF1F","1AAAA1AAA1AAAA","4",,,,
"4600616","2019-09-03T09:00:00","26.10","-137.62",,,"1","4","2","5",,,"11",,,,,,,,,,,,"8",,,,,"9","256",,,,,,,,,,,,,"236","67","798","172","7","1","2","1","1FFFFF","1AAAAAAAA1AAAA","4",,,,
"5102585","2019-09-03T09:00:00","28.77","-138.66",,,"1","4","2","5",,,"11",,,,,,,,,,,,"8",,,,,"9","264",,,,,,,,,,,,,"236","88","798","172","7","0",,"1","3FFFFF","1AAAAAAAA1AAAA","4",,,,
"5102593","2019-09-03T09:00:00","21.13","-131.88",,,"1","4","2","5",,,"11",,,,,,,,,,,,"8",,,,,"9","256",,,,,,,,,,,,,"236","11","798","172","7","0",,"1","1FFFFF","1AAAAAAAA1AAAA","4",,,,
"2101521","2019-09-03T10:00:00","29.20","-136.04",,,"1","4","2","5",,,"11",,,,,,,,,,,,"8",,,,,"9","263",,,,,,,,,,,,,"236","96","798","172","7","0",,"1","3FFFFF","1AAAAAAAA1AAAA","4",,,,
"4301564","2019-09-03T10:00:00","29.60","-130.81",,,"1","4","2","5",,,"11",,,,,,,,,"10188",,,"8",,,,,"9","247",,,,,,,,,,,,,"236","90","798","172","7","0",,"1","1FFF1F","1AAAA1AAA1AAAA","4",,,,
"4301568","2019-09-03T10:00:00","29.26","-131.49",,,"1","4","2","5",,,"11",,,,,,,,,"10191",,,"8",,,,,"9","245",,,,,,,,,,,,,"236","91","798","172","7","0",,"1","1FFF1F","1AAAA1AAA1AAAA","4",,,,
"4301571","2019-09-03T10:00:00","24.32","-132.88",,,"1","4","2","5",,,"11",,,,,,,,,"10170",,,"8",,,,,"9","242",,,,,,,,,,,,,"236","42","798","172","7","0",,"1","1FFF1F","1AAAA1AAA1AAAA","4",,,,
"4301611","2019-09-03T10:00:00","25.62","-138.20",,,"1","4","2","5",,,"11",,,,,,,,,"10186",,,"8",,,,,"9","255",,,,,,,,,,,,,"236","58","798","172","7","0",,"1","1FFF1F","1AAAA1AAA1AAAA","4",,,,
"4600616","2019-09-03T10:00:00","26.10","-137.62",,,"1","4","2","5",,,"11",,,,,,,,,,,,"8",,,,,"9","256",,,,,,,,,,,,,"236","67","798","172","7","1","2","1","1FFFFF","1AAAAAAAA1AAAA","4",,,,
"5102585","2019-09-03T10:00:00","28.78","-138.67",,,"1","4","2","5",,,"11",,,,,,,,,,,,"8",,,,,"9","263",,,,,,,,,,,,,"236","88","798","172","7","0",,"1","3FFFFF","1AAAAAAAA1AAAA","4",,,,
"5102593","2019-09-03T10:00:00","21.13","-131.87",,,"1","4","2","5",,,"11",,,,,,,,,,,,"8",,,,,"9","256",,,,,,,,,,,,,"236","11","798","172","7","0",,"1","1FFFFF","1AAAAAAAA1AAAA","4",,,,
"2101521","2019-09-03T11:00:00","29.19","-136.05",,,"1","4","2","5",,,"11",,,,,,,,,,,,"8",,,,,"9","263",,,,,,,,,,,,,"236","96","798","172","7","0",,"1","3FFFFF","1AAAAAAAA1AAAA","4",,,,
"3201644","2019-09-03T11:00:00","25.94","-138.03",,,"1","4","2","5",,,"11",,,,,,,,,,,,"8",,,,,"9","260",,,,,,,,,,,,,"236","58","798","172","7","0",,"1","1FFFFF","1AAAAAAAA1AAAA","4",,,,
"4301567","2019-09-03T11:00:00","25.46","-132.49",,,"1","4","2","5",,,"11",,,,,,,,,"10170",,,"8",,,,,"9","241",,,,,,,,,,,,,"236","52","798","172","7","0",,"1","1FFF1F","1AAAA1AAA1AAAA","4",,,,
"4301568","2019-09-03T11:00:00","29.27","-131.48",,,"1","4","2","5",,,"11",,,,,,,,,"10187",,,"8",,,,,"9","244",,,,,,,,,,,,,"236","91","798","172","7","0",,"1","1FFF1F","1AAAA1AAA1AAAA","4",,,,
"4301571","2019-09-03T11:00:00","24.31","-132.88",,,"1","4","2","5",,,"11",,,,,,,,,"10165",,,"8",,,,,"9","242",,,,,,,,,,,,,"236","42","798","172","7","0",,"1","1FFF1F","1AAAA1AAA1AAAA","4",,,,
"4301611","2019-09-03T11:00:00","25.62","-138.20",,,"1","4","2","5",,,"11",,,,,,,,,"10182",,,"8",,,,,"9","255",,,,,,,,,,,,,"236","58","798","172","7","0",,"1","1FFF1F","1AAAA1AAA1AAAA","4",,,,
"4600616","2019-09-03T11:00:00","26.12","-137.64",,,"1","4","2","5",,,"11",,,,,,,,,,,,"8",,,,,"9","256",,,,,,,,,,,,,"236","67","798","172","7","1","2","1","1FFFFF","1AAAAAAAA1AAAA","4",,,,
"5102585","2019-09-03T11:00:00","28.78","-138.66",,,"1","4","2","5",,,"11",,,,,,,,,,,,"8",,,,,"9","263",,,,,,,,,,,,,"236","88","798","172","7","0",,"1","3FFFFF","1AAAAAAAA1AAAA","4",,,,
"5102593","2019-09-03T11:00:00","21.13","-131.86",,,"1","4","2","5",,,"11",,,,,,,,,,,,"8",,,,,"9","256",,,,,,,,,,,,,"236","11","798","172","7","0",,"1","1FFFFF","1AAAAAAAA1AAAA","4",,,,
"4301564","2019-09-03T11:04:00","29.60","-130.81",,,"1","4","2","5",,,"11",,,,,,,,,"10187",,,"8",,,,,"9","246",,,,,,,,,,,,,"236","90","798","172","7","0",,"1","1FFF1F","1AAAA1AAA1AAAA","4",,,,
"2101521","2019-09-03T12:00:00","29.19","-136.06",,,"1","4","2","5",,,"11",,,,,,,,,,,,"8",,,,,"9","262",,,,,,,,,,,,,"236","96","798","172","7","0",,"1","3FFFFF","1AAAAAAAA1AAAA","4",,,,
"4301564","2019-09-03T12:00:00","29.60","-130.81",,,"1","4","2","5",,,"11",,,,,,,,,"10186",,,"8",,,,,"9","246",,,,,,,,,,,,,"236","90","798","172","7","0",,"1","1FFF1F","1AAAA1AAA1AAAA","4",,,,
"4301567","2019-09-03T12:00:00","25.46","-132.49",,,"1","4","2","5",,,"11",,,,,,,,,"10169",,,"8",,,,,"9","240",,,,,,,,,,,,,"236","52","798","172","7","0",,"1","1FFF1F","1AAAA1AAA1AAAA","4",,,,
"4301568","2019-09-03T12:00:00","29.27","-131.49",,,"1","4","2","5",,,"11",,,,,,,,,"10186",,,"8",,,,,"9","244",,,,,,,,,,,,,"236","91","798","172","7","0",,"1","1FFF1F","1AAAA1AAA1AAAA","4",,,,
"4301571","2019-09-03T12:00:00","24.30","-132.88",,,"1","4","2","5",,,"11",,,,,,,,,"10165",,,"8",,,,,"9","242",,,,,,,,,,,,,"236","42","798","172","7","0",,"1","1FFF1F","1AAAA1AAA1AAAA","4",,,,
"4301611","2019-09-03T12:00:00","25.61","-138.20",,,"1","4","2","5",,,"11",,,,,,,,,"10180",,,"8",,,,,"9","255",,,,,,,,,,,,,"236","58","798","172","7","0",,"1","1FFF1F","1AAAA1AAA1AAAA","4",,,,
"4600616","2019-09-03T12:00:00","26.12","-137.64",,,"1","4","2","5",,,"11",,,,,,,,,,,,"8",,,,,"9","256",,,,,,,,,,,,,"236","67","798","172","7","1","2","1","1FFFFF","1AAAAAAAA1AAAA","4",,,,
"5102585","2019-09-03T12:00:00","28.78","-138.66",,,"1","4","2","5",,,"11",,,,,,,,,,,,"8",,,,,"9","262",,,,,,,,,,,,,"236","88","798","172","7","0",,"1","3FFFFF","1AAAAAAAA1AAAA","4",,,,
"5102593","2019-09-03T12:00:00","21.13","-131.85",,,"1","4","2","5",,,"11",,,,,,,,,,,,"8",,,,,"9","256",,,,,,,,,,,,,"236","11","798","172","7","0",,"1","1FFFFF","1AAAAAAAA1AAAA","4",,,,
"2101521","2019-09-03T13:00:00","29.18","-136.07",,,"1","4","2","5",,,"11",,,,,,,,,,,,"8",,,,,"9","262",,,,,,,,,,,,,"236","96","798","172","7","0",,"1","3FFFFF","1AAAAAAAA1AAAA","4",,,,
"4301567","2019-09-03T13:00:00","25.46","-132.49",,,"1","4","2","5",,,"11",,,,,,,,,"10171",,,"8",,,,,"9","240",,,,,,,,,,,,,"236","52","798","172","7","0",,"1","1FFF1F","1AAAA1AAA1AAAA","4",,,,
"4301568","2019-09-03T13:00:00","29.27","-131.49",,,"1","4","2","5",,,"11",,,,,,,,,"10188",,,"8",,,,,"9","244",,,,,,,,,,,,,"236","91","798","172","7","0",,"1","1FFF1F","1AAAA1AAA1AAAA","4",,,,
"4301571","2019-09-03T13:00:00","24.30","-132.89",,,"1","4","2","5",,,"11",,,,,,,,,"10163",,,"8",,,,,"9","242",,,,,,,,,,,,,"236","42","798","172","7","0",,"1","1FFF1F","1AAAA1AAA1AAAA","4",,,,
"4301611","2019-09-03T13:00:00","25.60","-138.21",,,"1","4","2","5",,,"11",,,,,,,,,"10179",,,"8",,,,,"9","255",,,,,,,,,,,,,"236","58","798","172","7","0",,"1","1FFF1F","1AAAA1AAA1AAAA","4",,,,
"4600616","2019-09-03T13:00:00","26.12","-137.64",,,"1","4","2","5",,,"11",,,,,,,,,,,,"8",,,,,"9","255",,,,,,,,,,,,,"236","67","798","172","7","1","2","1","1FFFFF","1AAAAAAAA1AAAA","4",,,,
"5102585","2019-09-03T13:00:00","28.78","-138.65",,,"1","4","2","5",,,"11",,,,,,,,,,,,"8",,,,,"9","264",,,,,,,,,,,,,"236","88","798","172","7","0",,"1","3FFFFF","1AAAAAAAA1AAAA","4",,,,
"5102593","2019-09-03T13:00:00","21.14","-131.84",,,"1","4","2","5",,,"11",,,,,,,,,,,,"8",,,,,"9","255",,,,,,,,,,,,,"236","11","798","172","7","0",,"1","1FFFFF","1AAAAAAAA1AAAA","4",,,,
"4301564","2019-09-03T13:04:00","29.60","-130.81",,,"1","4","2","5",,,"11",,,,,,,,,"10188",,,"8",,,,,"9","246",,,,,,,,,,,,,"236","90","798","172","7","0",,"1","1FFF1F","1AAAA1AAA1AAAA","4",,,,
"2101521","2019-09-03T14:00:00","29.18","-136.08",,,"1","4","2","5",,,"11",,,,,,,,,,,,"8",,,,,"9","261",,,,,,,,,,,,,"236","96","798","172","7","0",,"1","3FFFFF","1AAAAAAAA1AAAA","4",,,,
"3201644","2019-09-03T14:00:00","25.94","-138.02",,,"1","4","2","5",,,"11",,,,,,,,,,,,"8",,,,,"9","259",,,,,,,,,,,,,"236","58","798","172","7","0",,"1","1FFFFF","1AAAAAAAA1AAAA","4",,,,
"4301564","2019-09-03T14:00:00","29.60","-130.81",,,"1","4","2","5",,,"11",,,,,,,,,"10191",,,"8",,,,,"9","246",,,,,,,,,,,,,"236","90","798","172","7","0",,"1","1FFF1F","1AAAA1AAA1AAAA","4",,,,
"4301567","2019-09-03T14:00:00","25.46","-132.50",,,"1","4","2","5",,,"11",,,,,,,,,"10175",,,"8",,,,,"9","240",,,,,,,,,,,,,"236","52","798","172","7","0",,"1","1FFF1F","1AAAA1AAA1AAAA","4",,,,
"4301568","2019-09-03T14:00:00","29.27","-131.48",,,"1","4","2","5",,,"11",,,,,,,,,"10191",,,"8",,,,,"9","244",,,,,,,,,,,,,"236","91","798","172","7","0",,"1","1FFF1F","1AAAA1AAA1AAAA","4",,,,
"4600616","2019-09-03T14:00:00","26.12","-137.64",,,"1","4","2","5",,,"11",,,,,,,,,,,,"8",,,,,"9","255",,,,,,,,,,,,,"236","67","798","172","7","1","2","1","1FFFFF","1AAAAAAAA1AAAA","4",,,,
"5102585","2019-09-03T14:00:00","28.77","-138.65",,,"1","4","2","5",,,"11",,,,,,,,,,,,"8",,,,,"9","267",,,,,,,,,,,,,"236","88","798","172","7","0",,"1","5FFFFF","1AAAAAAAA1AAAA","4",,,,
"5102593","2019-09-03T14:00:00","21.13","-131.83",,,"1","4","2","5",,,"11",,,,,,,,,,,,"8",,,,,"9","255",,,,,,,,,,,,,"236","11","798","172","7","0",,"1","1FFFFF","1AAAAAAAA1AAAA","4",,,,
"4301571","2019-09-03T14:01:00","24.29","-132.89",,,"1","4","2","5",,,"11",,,,,,,,,"10169",,,"8",,,,,"9","241",,,,,,,,,,,,,"236","42","798","172","7","0",,"1","1FFF1F","1AAAA1AAA1AAAA","4",,,,
"4301611","2019-09-03T14:04:00","25.60","-138.44",,,"1","4","2","5",,,"11",,,,,,,,,"10181",,,"8",,,,,"9","254",,,,,,,,,,,,,"236","58","798","172","7","0",,"1","1FFF1F","1AAAA1AAA1AAAA","4",,,,
"2101521","2019-09-03T15:00:00","29.18","-136.08",,,"1","4","2","5",,,"11",,,,,,,,,,,,"8",,,,,"9","260",,,,,,,,,,,,,"236","96","798","172","7","0",,"2","3FFFFF","1AAAAAAAA1AAAA","4",,,,
"4301564","2019-09-03T15:00:00","29.61","-130.80",,,"1","4","2","5",,,"11",,,,,,,,,"10195",,,"8",,,,,"9","246",,,,,,,,,,,,,"236","90","798","172","7","0",,"2","1FFF1F","1AAAA1AAA1AAAA","4",,,,
"4301568","2019-09-03T15:00:00","29.27","-131.48",,,"1","4","2","5",,,"11",,,,,,,,,"10197",,,"8",,,,,"9","244",,,,,,,,,,,,,"236","91","798","172","7","0",,"2","1FFF1F","1AAAA1AAA1AAAA","4",,,,
"4600616","2019-09-03T15:00:00","26.12","-137.63",,,"1","4","2","5",,,"11",,,,,,,,,,,,"8",,,,,"9","255",,,,,,,,,,,,,"236","67","798","172","7","1","2","1","1FFFFF","1AAAAAAAA1AAAA","4",,,,
"5102585","2019-09-03T15:00:00","28.77","-138.65",,,"1","4","2","5",,,"11",,,,,,,,,,,,"8",,,,,"9","267",,,,,,,,,,,,,"236","88","798","172","7","0",,"1","5FFFFF","1AAAAAAAA1AAAA","4",,,,
"5102593","2019-09-03T15:00:00","21.13","-131.81",,,"1","4","2","5",,,"11",,,,,,,,,,,,"8",,,,,"9","255",,,,,,,,,,,,,"236","11","798","172","7","0",,"2","1FFFFF","1AAAAAAAA1AAAA","4",,,,
"4301567","2019-09-03T15:02:00","25.46","-132.50",,,"1","4","2","5",,,"11",,,,,,,,,"10177",,,"8",,,,,"9","240",,,,,,,,,,,,,"236","52","798","172","7","0",,"2","1FFF1F","1AAAA1AAA1AAAA","4",,,,
"4301571","2019-09-03T15:02:00","24.29","-132.90",,,"1","4","2","5",,,"11",,,,,,,,,"10173",,,"8",,,,,"9","241",,,,,,,,,,,,,"236","42","798","172","7","0",,"2","1FFF1F","1AAAA1AAA1AAAA","4",,,,
"2101521","2019-09-03T16:00:00","29.17","-136.09",,,"1","4","2","5",,,"11",,,,,,,,,,,,"8",,,,,"9","259",,,,,,,,,,,,,"236","96","798","172","7","0",,"2","3FFFFF","1AAAAAAAA1AAAA","4",,,,
"3201644","2019-09-03T16:00:00","25.93","-138.02",,,"1","4","2","5",,,"11",,,,,,,,,,,,"8",,,,,"9","259",,,,,,,,,,,,,"236","58","798","172","7","0",,"2","1FFFFF","1AAAAAAAA1AAAA","4",,,,
"4301564","2019-09-03T16:00:00","29.60","-130.81",,,"1","4","2","5",,,"11",,,,,,,,,"10198",,,"8",,,,,"9","246",,,,,,,,,,,,,"236","90","798","172","7","0",,"2","1FFF1F","1AAAA1AAA1AAAA","4",,,,
"4301567","2019-09-03T16:00:00","25.47","-132.50",,,"1","4","2","5",,,"11",,,,,,,,,"10181",,,"8",,,,,"9","240",,,,,,,,,,,,,"236","52","798","172","7","0",,"2","1FFF1F","1AAAA1AAA1AAAA","4",,,,
"4301568","2019-09-03T16:00:00","29.28","-131.48",,,"1","4","2","5",,,"11",,,,,,,,,"10199",,,"8",,,,,"9","244",,,,,,,,,,,,,"236","91","798","172","7","0",,"2","1FFF1F","1AAAA1AAA1AAAA","4",,,,
"4301571","2019-09-03T16:00:00","24.29","-132.90",,,"1","4","2","5",,,"11",,,,,,,,,"10176",,,"8",,,,,"9","241",,,,,,,,,,,,,"236","42","798","172","7","0",,"2","1FFF1F","1AAAA1AAA1AAAA","4",,,,
"4301611","2019-09-03T16:00:00","25.59","-138.23",,,"1","4","2","5",,,"11",,,,,,,,,"10192",,,"8",,,,,"9","254",,,,,,,,,,,,,"236","58","798","172","7","0",,"2","1FFF1F","1AAAA1AAA1AAAA","4",,,,
"4600616","2019-09-03T16:00:00","26.12","-137.63",,,"1","4","2","5",,,"11",,,,,,,,,,,,"8",,,,,"9","255",,,,,,,,,,,,,"236","67","798","172","7","1","2","2","1FFFFF","1AAAAAAAA1AAAA","4",,,,
"5102585","2019-09-03T16:00:00","28.76","-138.65",,,"1","4","2","5",,,"11",,,,,,,,,,,,"8",,,,,"9","267",,,,,,,,,,,,,"236","88","798","172","7","0",,"2","5FFFFF","1AAAAAAAA1AAAA","4",,,,
"5102593","2019-09-03T16:00:00","21.13","-131.80",,,"1","4","2","5",,,"11",,,,,,,,,,,,"8",,,,,"9","255",,,,,,,,,,,,,"236","11","798","172","7","0",,"2","1FFFFF","1AAAAAAAA1AAAA","4",,,,
"2101521","2019-09-03T17:00:00","29.17","-136.10",,,"1","4","2","5",,,"11",,,,,,,,,,,,"8",,,,,"9","259",,,,,,,,,,,,,"236","96","798","172","7","0",,"2","3FFFFF","1AAAAAAAA1AAAA","4",,,,
"3201644","2019-09-03T17:00:00","25.93","-138.02",,,"1","4","2","5",,,"11",,,,,,,,,,,,"8",,,,,"9","259",,,,,,,,,,,,,"236","58","798","172","7","0",,"2","1FFFFF","1AAAAAAAA1AAAA","4",,,,
"4301564","2019-09-03T17:00:00","29.61","-130.81",,,"1","4","2","5",,,"11",,,,,,,,,"10199",,,"8",,,,,"9","246",,,,,,,,,,,,,"236","90","798","172","7","0",,"2","1FFF1F","1AAAA1AAA1AAAA","4",,,,
"4301567","2019-09-03T17:00:00","25.47","-132.51",,,"1","4","2","5",,,"11",,,,,,,,,"10181",,,"8",,,,,"9","240",,,,,,,,,,,,,"236","52","798","172","7","0",,"2","1FFF1F","1AAAA1AAA1AAAA","4",,,,
"4301568","2019-09-03T17:00:00","29.28","-131.47",,,"1","4","2","5",,,"11",,,,,,,,,"10200",,,"8",,,,,"9","245",,,,,,,,,,,,,"236","91","798","172","7","0",,"2","1FFF1F","1AAAA1AAA1AAAA","4",,,,
"4301571","2019-09-03T17:00:00","24.28","-132.90",,,"1","4","2","5",,,"11",,,,,,,,,"10176",,,"8",,,,,"9","242",,,,,,,,,,,,,"236","42","798","172","7","0",,"2","1FFF1F","1AAAA1AAA1AAAA","4",,,,
"4301611","2019-09-03T17:00:00","25.58","-138.24",,,"1","4","2","5",,,"11",,,,,,,,,"10196",,,"8",,,,,"9","254",,,,,,,,,,,,,"236","58","798","172","7","0",,"2","1FFF1F","1AAAA1AAA1AAAA","4",,,,
"4600616","2019-09-03T17:00:00","26.12","-137.63",,,"1","4","2","5",,,"11",,,,,,,,,,,,"8",,,,,"9","255",,,,,,,,,,,,,"236","67","798","172","7","1","2","2","1FFFFF","1AAAAAAAA1AAAA","4",,,,
"5102585","2019-09-03T17:00:00","28.76","-138.65",,,"1","4","2","5",,,"11",,,,,,,,,,,,"8",,,,,"9","268",,,,,,,,,,,,,"236","88","798","172","7","0",,"2","5FFFFF","1AAAAAAAA1AAAA","4",,,,
"5102593","2019-09-03T17:00:00","21.13","-131.79",,,"1","4","2","5",,,"11",,,,,,,,,,,,"8",,,,,"9","255",,,,,,,,,,,,,"236","11","798","172","7","0",,"2","1FFFFF","1AAAAAAAA1AAAA","4",,,,
"2101521","2019-09-03T18:00:00","29.17","-136.11",,,"1","4","2","5",,,"11",,,,,,,,,,,,"8",,,,,"9","259",,,,,,,,,,,,,"236","96","798","172","7","0",,"2","3FFFFF","1AAAAAAAA1AAAA","4",,,,
"3201644","2019-09-03T18:00:00","25.93","-138.01",,,"1","4","2","5",,,"11",,,,,,,,,,,,"8",,,,,"9","259",,,,,,,,,,,,,"236","58","798","172","7","0",,"2","1FFFFF","1AAAAAAAA1AAAA","4",,,,
"4301564","2019-09-03T18:00:00","29.61","-130.81",,,"1","4","2","5",,,"11",,,,,,,,,"10200",,,"8",,,,,"9","247",,,,,,,,,,,,,"236","90","798","172","7","0",,"2","1FFF1F","1AAAA1AAA1AAAA","4",,,,
"4301567","2019-09-03T18:00:00","25.47","-132.51",,,"1","4","2","5",,,"11",,,,,,,,,"10181",,,"8",,,,,"9","241",,,,,,,,,,,,,"236","52","798","172","7","0",,"2","1FFF1F","1AAAA1AAA1AAAA","4",,,,
"4301568","2019-09-03T18:00:00","29.28","-131.47",,,"1","4","2","5",,,"11",,,,,,,,,"10200",,,"8",,,,,"9","246",,,,,,,,,,,,,"236","91","798","172","7","0",,"2","1FFF1F","1AAAA1AAA1AAAA","4",,,,
"4301611","2019-09-03T18:00:00","25.58","-138.24",,,"1","4","2","5",,,"11",,,,,,,,,"10196",,,"8",,,,,"9","254",,,,,,,,,,,,,"236","58","798","172","7","0",,"2","1FFF1F","1AAAA1AAA1AAAA","4",,,,
"4600616","2019-09-03T18:00:00","26.13","-137.65",,,"1","4","2","5",,,"11",,,,,,,,,,,,"8",,,,,"9","256",,,,,,,,,,,,,"236","67","798","172","7","1","2","2","1FFFFF","1AAAAAAAA1AAAA","4",,,,
"5102585","2019-09-03T18:00:00","28.76","-138.66",,,"1","4","2","5",,,"11",,,,,,,,,,,,"8",,,,,"9","267",,,,,,,,,,,,,"236","88","798","172","7","0",,"2","5FFFFF","1AAAAAAAA1AAAA","4",,,,
"5102593","2019-09-03T18:00:00","21.13","-131.79",,,"1","4","2","5",,,"11",,,,,,,,,,,,"8",,,,,"9","256",,,,,,,,,,,,,"236","11","798","172","7","0",,"2","1FFFFF","1AAAAAAAA1AAAA","4",,,,
"DHBN","2019-09-03T18:00:00","21.00","-133.50",,,"1","6","2","5","1","4","1",,"60",,"82","1","98","60","8","10159","1","19","8","240",,,"219","3","270","8","7","7","2","7","3","6","4","2","6","8","3","236","13","798","172","5","1","2","2","111111","1111111A111111",,"5",,"2",
"4301571","2019-09-03T18:03:00","24.28","-132.91",,,"1","4","2","5",,,"11",,,,,,,,,"10179",,,"8",,,,,"9","242",,,,,,,,,,,,,"236","42","798","172","7","0",,"2","1FFF1F","1AAAA1AAA1AAAA","4",,,,
"2101521","2019-09-03T19:00:00","29.18","-136.12",,,"1","4","2","5",,,"11",,,,,,,,,,,,"8",,,,,"9","260",,,,,,,,,,,,,"236","96","798","172","7","0",,"2","3FFFFF","1AAAAAAAA1AAAA","4",,,,
"3201644","2019-09-03T19:00:00","25.93","-138.01",,,"1","4","2","5",,,"11",,,,,,,,,,,,"8",,,,,"9","260",,,,,,,,,,,,,"236","58","798","172","7","0",,"2","1FFFFF","1AAAAAAAA1AAAA","4",,,,
"4301564","2019-09-03T19:00:00","29.61","-130.80",,,"1","4","2","5",,,"11",,,,,,,,,"10198",,,"8",,,,,"9","249",,,,,,,,,,,,,"236","90","798","172","7","0",,"2","1FFF1F","1AAAA1AAA1AAAA","4",,,,
"4301567","2019-09-03T19:00:00","25.47","-132.51",,,"1","4","2","5",,,"11",,,,,,,,,"10182",,,"8",,,,,"9","241",,,,,,,,,,,,,"236","52","798","172","7","0",,"2","1FFF1F","1AAAA1AAA1AAAA","4",,,,
"4301568","2019-09-03T19:00:00","29.28","-131.46",,,"1","4","2","5",,,"11",,,,,,,,,"10202",,,"8",,,,,"9","248",,,,,,,,,,,,,"236","91","798","172","7","0",,"2","1FFF1F","1AAAA1AAA1AAAA","4",,,,
"4301571","2019-09-03T19:00:00","24.28","-132.91",,,"1","4","2","5",,,"11",,,,,,,,,"10176",,,"8",,,,,"9","242",,,,,,,,,,,,,"236","42","798","172","7","0",,"2","1FFF1F","1AAAA1AAA1AAAA","4",,,,
"4301611","2019-09-03T19:00:00","25.58","-138.25",,,"1","4","2","5",,,"11",,,,,,,,,"10199",,,"8",,,,,"9","255",,,,,,,,,,,,,"236","58","798","172","7","0",,"2","1FFF1F","1AAAA1AAA1AAAA","4",,,,
"4600616","2019-09-03T19:00:00","26.13","-137.62",,,"1","4","2","5",,,"11",,,,,,,,,,,,"8",,,,,"9","256",,,,,,,,,,,,,"236","67","798","172","7","1","2","2","1FFFFF","1AAAAAAAA1AAAA","4",,,,
"5102585","2019-09-03T19:00:00","28.75","-138.66",,,"1","4","2","5",,,"11",,,,,,,,,,,,"8",,,,,"9","267",,,,,,,,,,,,,"236","88","798","172","7","0",,"2","5FFFFF","1AAAAAAAA1AAAA","4",,,,
"5102593","2019-09-03T19:00:00","21.13","-131.78",,,"1","4","2","5",,,"11",,,,,,,,,,,,"8",,,,,"9","256",,,,,,,,,,,,,"236","11","798","172","7","0",,"2","1FFFFF","1AAAAAAAA1AAAA","4",,,,
"2101521","2019-09-03T20:00:00","29.18","-136.12",,,"1","4","2","5",,,"11",,,,,,,,,,,,"8",,,,,"9","261",,,,,,,,,,,,,"236","96","798","172","7","0",,"2","3FFFFF","1AAAAAAAA1AAAA","4",,,,
"4301564","2019-09-03T20:00:00","29.60","-130.80",,,"1","4","2","5",,,"11",,,,,,,,,"10195",,,"8",,,,,"9","252",,,,,,,,,,,,,"236","90","798","172","7","0",,"2","3FFF1F","1AAAA1AAA1AAAA","4",,,,
"4301567","2019-09-03T20:00:00","25.48","-132.51",,,"1","4","2","5",,,"11",,,,,,,,,"10179",,,"8",,,,,"9","241",,,,,,,,,,,,,"236","52","798","172","7","0",,"2","1FFF1F","1AAAA1AAA1AAAA","4",,,,
"4301568","2019-09-03T20:00:00","29.28","-131.46",,,"1","4","2","5",,,"11",,,,,,,,,"10196",,,"8",,,,,"9","251",,,,,,,,,,,,,"236","91","798","172","7","0",,"2","3FFF1F","1AAAA1AAA1AAAA","4",,,,
"4301571","2019-09-03T20:00:00","24.28","-132.91",,,"1","4","2","5",,,"11",,,,,,,,,"10172",,,"8",,,,,"9","243",,,,,,,,,,,,,"236","42","798","172","7","0",,"2","1FFF1F","1AAAA1AAA1AAAA","4",,,,
"4301611","2019-09-03T20:00:00","25.57","-138.25",,,"1","4","2","5",,,"11",,,,,,,,,"10197",,,"8",,,,,"9","256",,,,,,,,,,,,,"236","58","798","172","7","0",,"2","1FFF1F","1AAAA1AAA1AAAA","4",,,,
"4600616","2019-09-03T20:00:00","26.13","-137.62",,,"1","4","2","5",,,"11",,,,,,,,,,,,"8",,,,,"9","257",,,,,,,,,,,,,"236","67","798","172","7","1","2","2","1FFFFF","1AAAAAAAA1AAAA","4",,,,
"5102585","2019-09-03T20:00:00","28.75","-138.66",,,"1","4","2","5",,,"11",,,,,,,,,,,,"8",,,,,"9","267",,,,,,,,,,,,,"236","88","798","172","7","0",,"2","5FFFFF","1AAAAAAAA1AAAA","4",,,,
"5102593","2019-09-03T20:00:00","21.14","-131.77",,,"1","4","2","5",,,"11",,,,,,,,,,,,"8",,,,,"9","256",,,,,,,,,,,,,"236","11","798","172","7","0",,"2","1FFFFF","1AAAAAAAA1AAAA","4",,,,
"2101521","2019-09-03T21:00:00","29.18","-136.12",,,"1","4","2","5",,,"11",,,,,,,,,,,,"8",,,,,"9","262",,,,,,,,,,,,,"236","96","798","172","7","0",,"2","3FFFFF","1AAAAAAAA1AAAA","4",,,,
"3201644","2019-09-03T21:00:00","25.93","-138.00",,,"1","4","2","5",,,"11",,,,,,,,,,,,"8",,,,,"9","261",,,,,,,,,,,,,"236","58","798","172","7","0",,"2","1FFFFF","1AAAAAAAA1AAAA","4",,,,
"4301567","2019-09-03T21:00:00","25.48","-132.51",,,"1","4","2","5",,,"11",,,,,,,,,"10175",,,"8",,,,,"9","242",,,,,,,,,,,,,"236","52","798","172","7","0",,"2","1FFF1F","1AAAA1AAA1AAAA","4",,,,
"4301568","2019-09-03T21:00:00","29.28","-131.45",,,"1","4","2","5",,,"11",,,,,,,,,"10191",,,"8",,,,,"9","253",,,,,,,,,,,,,"236","91","798","172","7","0",,"2","3FFF1F","1AAAA1AAA1AAAA","4",,,,
"4301571","2019-09-03T21:00:00","24.28","-132.90",,,"1","4","2","5",,,"11",,,,,,,,,"10170",,,"8",,,,,"9","244",,,,,,,,,,,,,"236","42","798","172","7","0",,"2","1FFF1F","1AAAA1AAA1AAAA","4",,,,
"4301611","2019-09-03T21:00:00","25.56","-138.25",,,"1","4","2","5",,,"11",,,,,,,,,"10191",,,"8",,,,,"9","257",,,,,,,,,,,,,"236","58","798","172","7","0",,"2","1FFF1F","1AAAA1AAA1AAAA","4",,,,
"4600616","2019-09-03T21:00:00","26.13","-137.62",,,"1","4","2","5",,,"11",,,,,,,,,,,,"8",,,,,"9","258",,,,,,,,,,,,,"236","67","798","172","7","1","2","2","3FFFFF","1AAAAAAAA1AAAA","4",,,,
"5102585","2019-09-03T21:00:00","28.75","-138.67",,,"1","4","2","5",,,"11",,,,,,,,,,,,"8",,,,,"9","266",,,,,,,,,,,,,"236","88","798","172","7","0",,"2","3FFFFF","1AAAAAAAA1AAAA","4",,,,
"5102593","2019-09-03T21:00:00","21.14","-131.76",,,"1","4","2","5",,,"11",,,,,,,,,,,,"8",,,,,"9","257",,,,,,,,,,,,,"236","11","798","172","7","0",,"2","1FFFFF","1AAAAAAAA1AAAA","4",,,,
"4301564","2019-09-03T21:01:00","29.61","-130.80",,,"1","4","2","5",,,"11",,,,,,,,,"10191",,,"8",,,,,"9","255",,,,,,,,,,,,,"236","90","798","172","7","0",,"2","3FFF1F","1AAAA1AAA1AAAA","4",,,,
"2101521","2019-09-03T22:00:00","29.17","-136.12",,,"1","4","2","5",,,"11",,,,,,,,,,,,"8",,,,,"9","262",,,,,,,,,,,,,"236","96","798","172","7","0",,"2","3FFFFF","1AAAAAAAA1AAAA","4",,,,
"4301564","2019-09-03T22:00:00","29.61","-130.79",,,"1","4","2","5",,,"11",,,,,,,,,"10187",,,"8",,,,,"9","257",,,,,,,,,,,,,"236","90","798","172","7","0",,"2","3FFF1F","1AAAA1AAA1AAAA","4",,,,
"4301568","2019-09-03T22:00:00","29.28","-131.45",,,"1","4","2","5",,,"11",,,,,,,,,"10188",,,"8",,,,,"9","254",,,,,,,,,,,,,"236","91","798","172","7","0",,"2","3FFF1F","1AAAA1AAA1AAAA","4",,,,
"4600616","2019-09-03T22:00:00","26.13","-137.62",,,"1","4","2","5",,,"11",,,,,,,,,,,,"8",,,,,"9","259",,,,,,,,,,,,,"236","67","798","172","7","1","2","2","3FFFFF","1AAAAAAAA1AAAA","4",,,,
"5102585","2019-09-03T22:00:00","28.76","-138.67",,,"1","4","2","5",,,"11",,,,,,,,,,,,"8",,,,,"9","265",,,,,,,,,,,,,"236","88","798","172","7","0",,"2","3FFFFF","1AAAAAAAA1AAAA","4",,,,
"5102593","2019-09-03T22:00:00","21.15","-131.75",,,"1","4","2","5",,,"11",,,,,,,,,,,,"8",,,,,"9","257",,,,,,,,,,,,,"236","11","798","172","7","0",,"2","1FFFFF","1AAAAAAAA1AAAA","4",,,,
"4301567","2019-09-03T22:01:00","25.49","-132.51",,,"1","4","2","5",,,"11",,,,,,,,,"10172",,,"8",,,,,"9","242",,,,,,,,,,,,,"236","52","798","172","7","0",,"2","1FFF1F","1AAAA1AAA1AAAA","4",,,,
"4301571","2019-09-03T22:01:00","24.28","-132.90",,,"1","4","2","5",,,"11",,,,,,,,,"10167",,,"8",,,,,"9","245",,,,,,,,,,,,,"236","42","798","172","7","0",,"2","1FFF1F","1AAAA1AAA1AAAA","4",,,,
"4301611","2019-09-03T22:02:00","25.56","-138.26",,,"1","4","2","5",,,"11",,,,,,,,,"10188",,,"8",,,,,"9","257",,,,,,,,,,,,,"236","58","798","172","7","0",,"2","1FFF1F","1AAAA1AAA1AAAA","4",,,,
"2101521","2019-09-03T23:00:00","29.16","-136.11",,,"1","4","2","5",,,"11",,,,,,,,,,,,"8",,,,,"9","264",,,,,,,,,,,,,"236","96","798","172","7","0",,"2","3FFFFF","1AAAAAAAA1AAAA","4",,,,
"3201644","2019-09-03T23:00:00","25.92","-137.98",,,"1","4","2","5",,,"11",,,,,,,,,,,,"8",,,,,"9","262",,,,,,,,,,,,,"236","57","798","172","7","0",,"2","3FFFFF","1AAAAAAAA1AAAA","4",,,,
"4301564","2019-09-03T23:00:00","29.61","-130.79",,,"1","4","2","5",,,"11",,,,,,,,,"10182",,,"8",,,,,"9","258",,,,,,,,,,,,,"236","90","798","172","7","0",,"2","3FFF1F","1AAAA1AAA1AAAA","4",,,,
"4301568","2019-09-03T23:00:00","29.28","-131.45",,,"1","4","2","5",,,"11",,,,,,,,,"10182",,,"8",,,,,"9","255",,,,,,,,,,,,,"236","91","798","172","7","0",,"2","3FFF1F","1AAAA1AAA1AAAA","4",,,,
"4301571","2019-09-03T23:00:00","24.28","-132.90",,,"1","4","2","5",,,"11",,,,,,,,,"10162",,,"8",,,,,"9","246",,,,,,,,,,,,,"236","42","798","172","7","0",,"2","1FFF1F","1AAAA1AAA1AAAA","4",,,,
"4301611","2019-09-03T23:00:00","25.55","-138.26",,,"1","4","2","5",,,"11",,,,,,,,,"10188",,,"8",,,,,"9","257",,,,,,,,,,,,,"236","58","798","172","7","0",,"2","1FFF1F","1AAAA1AAA1AAAA","4",,,,
"4600616","2019-09-03T23:00:00","26.14","-137.62",,,"1","4","2","5",,,"11",,,,,,,,,,,,"8",,,,,"9","260",,,,,,,,,,,,,"236","67","798","172","7","1","2","2","3FFFFF","1AAAAAAAA1AAAA","4",,,,
"5102585","2019-09-03T23:00:00","28.76","-138.67",,,"1","4","2","5",,,"11",,,,,,,,,,,,"8",,,,,"9","265",,,,,,,,,,,,,"236","88","798","172","7","0",,"2","3FFFFF","1AAAAAAAA1AAAA","4",,,,
"5102593","2019-09-03T23:00:00","21.15","-131.74",,,"1","4","2","5",,,"11",,,,,,,,,,,,"8",,,,,"9","257",,,,,,,,,,,,,"236","11","798","172","7","0",,"2","1FFFFF","1AAAAAAAA1AAAA","4",,,,
"4301567","2019-09-03T23:03:00","25.49","-132.51",,,"1","4","2","5",,,"11",,,,,,,,,"10169",,,"8",,,,,"9","242",,,,,,,,,,,,,"236","52","798","172","7","0",,"2","1FFF1F","1AAAA1AAA1AAAA","4",,,,
"2101521","2019-09-04T00:00:00","29.15","-136.12",,,"1","4","2","5",,,"11",,,,,,,,,,,,"8",,,,,"9","264",,,,,,,,,,,,,"236","96","798","172","7","0",,"2","3FFFFF","1AAAAAAAA1AAAA","4",,,,
"3201644","2019-09-04T00:00:00","25.92","-137.98",,,"1","4","2","5",,,"11",,,,,,,,,,,,"8",,,,,"9","262",,,,,,,,,,,,,"236","57","798","172","7","0",,"2","3FFFFF","1AAAAAAAA1AAAA","4",,,,
"4301564","2019-09-04T00:00:00","29.61","-130.79",,,"1","4","2","5",,,"11",,,,,,,,,"10180",,,"8",,,,,"9","258",,,,,,,,,,,,,"236","90","798","172","7","0",,"2","3FFF1F","1AAAA1AAA1AAAA","4",,,,
"4301571","2019-09-04T00:00:00","24.28","-132.89",,,"1","4","2","5",,,"11",,,,,,,,,"10160",,,"8",,,,,"9","245",,,,,,,,,,,,,"236","42","798","172","7","0",,"2","1FFF1F","1AAAA1AAA1AAAA","4",,,,
"4301611","2019-09-04T00:00:00","25.55","-138.26",,,"1","4","2","5",,,"11",,,,,,,,,"10182",,,"8",,,,,"9","257",,,,,,,,,,,,,"236","58","798","172","7","0",,"2","1FFF1F","1AAAA1AAA1AAAA","4",,,,
"4600616","2019-09-04T00:00:00","26.14","-137.62",,,"1","4","2","5",,,"11",,,,,,,,,,,,"8",,,,,"9","260",,,,,,,,,,,,,"236","67","798","172","7","1","2","2","3FFFFF","1AAAAAAAA1AAAA","4",,,,
"5102585","2019-09-04T00:00:00","28.76","-138.67",,,"1","4","2","5",,,"11",,,,,,,,,,,,"8",,,,,"9","266",,,,,,,,,,,,,"236","88","798","172","7","0",,"2","3FFFFF","1AAAAAAAA1AAAA","4",,,,
"5102593","2019-09-04T00:00:00","21.15","-131.73",,,"1","4","2","5",,,"11",,,,,,,,,,,,"8",,,,,"9","257",,,,,,,,,,,,,"236","11","798","172","7","0",,"2","1FFFFF","1AAAAAAAA1AAAA","4",,,,
"DHBN","2019-09-04T00:00:00","22.40","-132.80",,,"1","5","2","5","9",,"1",,,,,"1","98","3","1","10147","7","13","8",,,,,,,"1",,,"2",,,,,,,,,"236","22","798","172","5","1","2","2","FF161F","111111AA1A1AA1",,"5",,"3",
"4301567","2019-09-04T00:01:00","25.49","-132.51",,,"1","4","2","5",,,"11",,,,,,,,,"10168",,,"8",,,,,"9","242",,,,,,,,,,,,,"236","52","798","172","7","0",,"2","1FFF1F","1AAAA1AAA1AAAA","4",,,,
"4301568","2019-09-04T00:02:00","29.28","-131.45",,,"1","4","2","5",,,"11",,,,,,,,,"10181",,,"8",,,,,"9","254",,,,,,,,,,,,,"236","91","798","172","7","0",,"2","3FFF1F","1AAAA1AAA1AAAA","4",,,,
"2101521","2019-09-04T01:00:00","29.14","-136.12",,,"1","4","2","5",,,"11",,,,,,,,,,,,"8",,,,,"9","264",,,,,,,,,,,,,"236","96","798","172","7","0",,"2","3FFFFF","1AAAAAAAA1AAAA","4",,,,
"3201644","2019-09-04T01:00:00","25.92","-137.98",,,"1","4","2","5",,,"11",,,,,,,,,,,,"8",,,,,"9","262",,,,,,,,,,,,,"236","57","798","172","7","0",,"2","3FFFFF","1AAAAAAAA1AAAA","4",,,,
"4301564","2019-09-04T01:00:00","29.61","-130.79",,,"1","4","2","5",,,"11",,,,,,,,,"10179",,,"8",,,,,"9","257",,,,,,,,,,,,,"236","90","798","172","7","0",,"2","3FFF1F","1AAAA1AAA1AAAA","4",,,,
"4301567","2019-09-04T01:00:00","25.49","-132.50",,,"1","4","2","5",,,"11",,,,,,,,,"10165",,,"8",,,,,"9","242",,,,,,,,,,,,,"236","52","798","172","7","0",,"2","1FFF1F","1AAAA1AAA1AAAA","4",,,,
"4301568","2019-09-04T01:00:00","29.28","-131.44",,,"1","4","2","5",,,"11",,,,,,,,,"10181",,,"8",,,,,"9","253",,,,,,,,,,,,,"236","91","798","172","7","0",,"2","3FFF1F","1AAAA1AAA1AAAA","4",,,,
"4301571","2019-09-04T01:00:00","24.27","-132.89",,,"1","4","2","5",,,"11",,,,,,,,,"10159",,,"8",,,,,"9","244",,,,,,,,,,,,,"236","42","798","172","7","0",,"2","1FFF1F","1AAAA1AAA1AAAA","4",,,,
"4301611","2019-09-04T01:00:00","25.54","-138.26",,,"1","4","2","5",,,"11",,,,,,,,,"10178",,,"8",,,,,"9","257",,,,,,,,,,,,,"236","58","798","172","7","0",,"2","1FFF1F","1AAAA1AAA1AAAA","4",,,,
"4600616","2019-09-04T01:00:00","26.14","-137.62",,,"1","4","2","5",,,"11",,,,,,,,,,,,"8",,,,,"9","259",,,,,,,,,,,,,"236","67","798","172","7","1","2","2","3FFFFF","1AAAAAAAA1AAAA","4",,,,
"5102585","2019-09-04T01:00:00","28.76","-138.67",,,"1","4","2","5",,,"11",,,,,,,,,,,,"8",,,,,"9","265",,,,,,,,,,,,,"236","88","798","172","7","0",,"2","3FFFFF","1AAAAAAAA1AAAA","4",,,,
"5102593","2019-09-04T01:00:00","21.15","-131.71",,,"1","4","2","5",,,"11",,,,,,,,,,,,"8",,,,,"9","258",,,,,,,,,,,,,"236","11","798","172","7","0",,"2","1FFFFF","1AAAAAAAA1AAAA","4",,,,
"2101521","2019-09-04T02:00:00","29.12","-136.12",,,"1","4","2","5",,,"11",,,,,,,,,,,,"8",,,,,"9","264",,,,,,,,,,,,,"236","96","798","172","7","0",,"2","3FFFFF","1AAAAAAAA1AAAA","4",,,,
"4301564","2019-09-04T02:00:00","29.61","-130.79",,,"1","4","2","5",,,"11",,,,,,,,,"10180",,,"8",,,,,"9","254",,,,,,,,,,,,,"236","90","798","172","7","0",,"2","3FFF1F","1AAAA1AAA1AAAA","4",,,,
"4301567","2019-09-04T02:00:00","25.49","-132.50",,,"1","4","2","5",,,"11",,,,,,,,,"10166",,,"8",,,,,"9","242",,,,,,,,,,,,,"236","52","798","172","7","0",,"2","1FFF1F","1AAAA1AAA1AAAA","4",,,,
"4301568","2019-09-04T02:00:00","29.28","-131.44",,,"1","4","2","5",,,"11",,,,,,,,,"10181",,,"8",,,,,"9","252",,,,,,,,,,,,,"236","91","798","172","7","0",,"2","3FFF1F","1AAAA1AAA1AAAA","4",,,,
"4301571","2019-09-04T02:00:00","24.26","-132.89",,,"1","4","2","5",,,"11",,,,,,,,,"10160",,,"8",,,,,"9","244",,,,,,,,,,,,,"236","42","798","172","7","0",,"2","1FFF1F","1AAAA1AAA1AAAA","4",,,,
"4301611","2019-09-04T02:00:00","25.53","-138.27",,,"1","4","2","5",,,"11",,,,,,,,,"10181",,,"8",,,,,"9","257",,,,,,,,,,,,,"236","58","798","172","7","0",,"2","1FFF1F","1AAAA1AAA1AAAA","4",,,,
"4600616","2019-09-04T02:00:00","26.14","-137.62",,,"1","4","2","5",,,"11",,,,,,,,,,,,"8",,,,,"9","259",,,,,,,,,,,,,"236","67","798","172","7","1","2","2","3FFFFF","1AAAAAAAA1AAAA","4",,,,
"5102585","2019-09-04T02:00:00","28.75","-138.67",,,"1","4","2","5",,,"11",,,,,,,,,,,,"8",,,,,"9","266",,,,,,,,,,,,,"236","88","798","172","7","0",,"2","3FFFFF","1AAAAAAAA1AAAA","4",,,,
"5102593","2019-09-04T02:00:00","21.15","-131.70",,,"1","4","2","5",,,"11",,,,,,,,,,,,"8",,,,,"9","257",,,,,,,,,,,,,"236","11","798","172","7","0",,"2","1FFFFF","1AAAAAAAA1AAAA","4",,,,
"2101521","2019-09-04T03:00:00","29.11","-136.12",,,"1","4","2","5",,,"11",,,,,,,,,,,,"8",,,,,"9","264",,,,,,,,,,,,,"236","96","798","172","7","0",,"2","3FFFFF","1AAAAAAAA1AAAA","4",,,,
"4301564","2019-09-04T03:00:00","29.61","-130.78",,,"1","4","2","5",,,"11",,,,,,,,,"10179",,,"8",,,,,"9","252",,,,,,,,,,,,,"236","90","798","172","7","0",,"1","3FFF1F","1AAAA1AAA1AAAA","4",,,,
"4301567","2019-09-04T03:00:00","25.48","-132.50",,,"1","4","2","5",,,"11",,,,,,,,,"10171",,,"8",,,,,"9","242",,,,,,,,,,,,,"236","52","798","172","7","0",,"1","1FFF1F","1AAAA1AAA1AAAA","4",,,,
"4301568","2019-09-04T03:00:00","29.28","-131.43",,,"1","4","2","5",,,"11",,,,,,,,,"10181",,,"8",,,,,"9","250",,,,,,,,,,,,,"236","91","798","172","7","0",,"1","3FFF1F","1AAAA1AAA1AAAA","4",,,,
"4301571","2019-09-04T03:00:00","24.26","-132.89",,,"1","4","2","5",,,"11",,,,,,,,,"10163",,,"8",,,,,"9","244",,,,,,,,,,,,,"236","42","798","172","7","0",,"1","1FFF1F","1AAAA1AAA1AAAA","4",,,,
"4301611","2019-09-04T03:00:00","25.53","-138.27",,,"1","4","2","5",,,"11",,,,,,,,,"10183",,,"8",,,,,"9","256",,,,,,,,,,,,,"236","58","798","172","7","0",,"2","1FFF1F","1AAAA1AAA1AAAA","4",,,,
"4600616","2019-09-04T03:00:00","26.14","-137.61",,,"1","4","2","5",,,"11",,,,,,,,,,,,"8",,,,,"9","258",,,,,,,,,,,,,"236","67","798","172","7","1","2","2","3FFFFF","1AAAAAAAA1AAAA","4",,,,
"5102585","2019-09-04T03:00:00","28.75","-138.67",,,"1","4","2","5",,,"11",,,,,,,,,,,,"8",,,,,"9","266",,,,,,,,,,,,,"236","88","798","172","7","0",,"2","3FFFFF","1AAAAAAAA1AAAA","4",,,,
"5102593","2019-09-04T03:00:00","21.15","-131.69",,,"1","4","2","5",,,"11",,,,,,,,,,,,"8",,,,,"9","257",,,,,,,,,,,,,"236","11","798","172","7","0",,"1","1FFFFF","1AAAAAAAA1AAAA","4",,,,
"3201644","2019-09-04T03:01:00","25.91","-137.97",,,"1","4","2","5",,,"11",,,,,,,,,,,,"8",,,,,"9","262",,,,,,,,,,,,,"236","57","798","172","7","0",,"2","3FFFFF","1AAAAAAAA1AAAA","4",,,,
"2101521","2019-09-04T04:00:00","29.10","-136.13",,,"1","4","2","5",,,"11",,,,,,,,,,,,"8",,,,,"9","263",,,,,,,,,,,,,"236","96","798","172","7","0",,"1","3FFFFF","1AAAAAAAA1AAAA","4",,,,
"4301564","2019-09-04T04:00:00","29.61","-130.78",,,"1","4","2","5",,,"11",,,,,,,,,"10182",,,"8",,,,,"9","251",,,,,,,,,,,,,"236","90","798","172","7","0",,"1","3FFF1F","1AAAA1AAA1AAAA","4",,,,
"4301567","2019-09-04T04:00:00","25.48","-132.50",,,"1","4","2","5",,,"11",,,,,,,,,"10173",,,"8",,,,,"9","241",,,,,,,,,,,,,"236","52","798","172","7","0",,"1","1FFF1F","1AAAA1AAA1AAAA","4",,,,
"4301568","2019-09-04T04:00:00","29.28","-131.43",,,"1","4","2","5",,,"11",,,,,,,,,"10185",,,"8",,,,,"9","249",,,,,,,,,,,,,"236","91","798","172","7","0",,"1","1FFF1F","1AAAA1AAA1AAAA","4",,,,
"4301571","2019-09-04T04:00:00","24.25","-132.89",,,"1","4","2","5",,,"11",,,,,,,,,"10166",,,"8",,,,,"9","243",,,,,,,,,,,,,"236","42","798","172","7","0",,"1","1FFF1F","1AAAA1AAA1AAAA","4",,,,
"4301611","2019-09-04T04:00:00","25.52","-138.27",,,"1","4","2","5",,,"11",,,,,,,,,"10186",,,"8",,,,,"9","256",,,,,,,,,,,,,"236","58","798","172","7","0",,"1","1FFF1F","1AAAA1AAA1AAAA","4",,,,
"4600616","2019-09-04T04:00:00","26.14","-137.61",,,"1","4","2","5",,,"11",,,,,,,,,,,,"8",,,,,"9","257",,,,,,,,,,,,,"236","67","798","172","7","1","2","1","1FFFFF","1AAAAAAAA1AAAA","4",,,,
"5102585","2019-09-04T04:00:00","28.74","-138.66",,,"1","4","2","5",,,"11",,,,,,,,,,,,"8",,,,,"9","265",,,,,,,,,,,,,"236","88","798","172","7","0",,"1","3FFFFF","1AAAAAAAA1AAAA","4",,,,
"5102593","2019-09-04T04:00:00","21.15","-131.68",,,"1","4","2","5",,,"11",,,,,,,,,,,,"8",,,,,"9","257",,,,,,,,,,,,,"236","11","798","172","7","0",,"1","1FFFFF","1AAAAAAAA1AAAA","4",,,,
"3201644","2019-09-04T05:00:00","25.90","-137.97",,,"1","4","2","5",,,"11",,,,,,,,,,,,"8",,,,,"9","261",,,,,,,,,,,,,"236","57","798","172","7","0",,"1","1FFFFF","1AAAAAAAA1AAAA","4",,,,
"4301564","2019-09-04T05:00:00","29.61","-130.78",,,"1","4","2","5",,,"11",,,,,,,,,"10187",,,"8",,,,,"9","251",,,,,,,,,,,,,"236","90","798","172","7","0",,"1","3FFF1F","1AAAA1AAA1AAAA","4",,,,
"4301567","2019-09-04T05:00:00","25.48","-132.51",,,"1","4","2","5",,,"11",,,,,,,,,"10178",,,"8",,,,,"9","241",,,,,,,,,,,,,"236","52","798","172","7","0",,"1","1FFF1F","1AAAA1AAA1AAAA","4",,,,
"4301568","2019-09-04T05:00:00","29.28","-131.42",,,"1","4","2","5",,,"11",,,,,,,,,"10187",,,"8",,,,,"9","248",,,,,,,,,,,,,"236","91","798","172","7","0",,"1","1FFF1F","1AAAA1AAA1AAAA","4",,,,
"4301571","2019-09-04T05:00:00","24.25","-132.90",,,"1","4","2","5",,,"11",,,,,,,,,"10172",,,"8",,,,,"9","243",,,,,,,,,,,,,"236","42","798","172","7","0",,"1","1FFF1F","1AAAA1AAA1AAAA","4",,,,
"4301611","2019-09-04T05:00:00","25.51","-138.28",,,"1","4","2","5",,,"11",,,,,,,,,"10190",,,"8",,,,,"9","256",,,,,,,,,,,,,"236","58","798","172","7","0",,"1","1FFF1F","1AAAA1AAA1AAAA","4",,,,
"4600616","2019-09-04T05:00:00","26.12","-137.60",,,"1","4","2","5",,,"11",,,,,,,,,,,,"8",,,,,"9","257",,,,,,,,,,,,,"236","67","798","172","7","1","2","1","1FFFFF","1AAAAAAAA1AAAA","4",,,,
"5102585","2019-09-04T05:00:00","28.73","-138.66",,,"1","4","2","5",,,"11",,,,,,,,,,,,"8",,,,,"9","265",,,,,,,,,,,,,"236","88","798","172","7","0",,"1","3FFFFF","1AAAAAAAA1AAAA","4",,,,
"5102593","2019-09-04T05:00:00","21.15","-131.67",,,"1","4","2","5",,,"11",,,,,,,,,,,,"8",,,,,"9","256",,,,,,,,,,,,,"236","11","798","172","7","0",,"1","1FFFFF","1AAAAAAAA1AAAA","4",,,,
"4301564","2019-09-04T06:00:00","29.61","-130.78",,,"1","4","2","5",,,"11",,,,,,,,,"10186",,,"8",,,,,"9","250",,,,,,,,,,,,,"236","90","798","172","7","0",,"1","3FFF1F","1AAAA1AAA1AAAA","4",,,,
"4301567","2019-09-04T06:00:00","25.48","-132.51",,,"1","4","2","5",,,"11",,,,,,,,,"10181",,,"8",,,,,"9","241",,,,,,,,,,,,,"236","52","798","172","7","0",,"1","1FFF1F","1AAAA1AAA1AAAA","4",,,,
"4301568","2019-09-04T06:00:00","29.28","-131.42",,,"1","4","2","5",,,"11",,,,,,,,,"10189",,,"8",,,,,"9","248",,,,,,,,,,,,,"236","91","798","172","7","0",,"1","1FFF1F","1AAAA1AAA1AAAA","4",,,,
"4600616","2019-09-04T06:00:00","26.12","-137.59",,,"1","4","2","5",,,"11",,,,,,,,,,,,"8",,,,,"9","257",,,,,,,,,,,,,"236","67","798","172","7","1","2","1","1FFFFF","1AAAAAAAA1AAAA","4",,,,
"5102585","2019-09-04T06:00:00","28.73","-138.67",,,"1","4","2","5",,,"11",,,,,,,,,,,,"8",,,,,"9","265",,,,,,,,,,,,,"236","88","798","172","7","0",,"1","3FFFFF","1AAAAAAAA1AAAA","4",,,,
"5102593","2019-09-04T06:00:00","21.15","-131.67",,,"1","4","2","5",,,"11",,,,,,,,,,,,"8",,,,,"9","256",,,,,,,,,,,,,"236","11","798","172","7","0",,"1","1FFFFF","1AAAAAAAA1AAAA","4",,,,
"4301611","2019-09-04T06:01:00","25.51","-138.28",,,"1","4","2","5",,,"11",,,,,,,,,"10195",,,"8",,,,,"9","256",,,,,,,,,,,,,"236","58","798","172","7","0",,"1","1FFF1F","1AAAA1AAA1AAAA","4",,,,
"3201644","2019-09-04T07:00:00","25.90","-137.96",,,"1","4","2","5",,,"11",,,,,,,,,,,,"8",,,,,"9","261",,,,,,,,,,,,,"236","57","798","172","7","0",,"1","1FFFFF","1AAAAAAAA1AAAA","4",,,,
"4301564","2019-09-04T07:00:00","29.61","-130.78",,,"1","4","2","5",,,"11",,,,,,,,,"10184",,,"8",,,,,"9","250",,,,,,,,,,,,,"236","90","798","172","7","0",,"1","3FFF1F","1AAAA1AAA1AAAA","4",,,,
"4301567","2019-09-04T07:00:00","25.48","-132.51",,,"1","4","2","5",,,"11",,,,,,,,,"10179",,,"8",,,,,"9","241",,,,,,,,,,,,,"236","52","798","172","7","0",,"1","1FFF1F","1AAAA1AAA1AAAA","4",,,,
"4301568","2019-09-04T07:00:00","29.27","-131.42",,,"1","4","2","5",,,"11",,,,,,,,,"10188",,,"8",,,,,"9","248",,,,,,,,,,,,,"236","91","798","172","7","0",,"1","1FFF1F","1AAAA1AAA1AAAA","4",,,,
"4600616","2019-09-04T07:00:00","26.12","-137.61",,,"1","4","2","5",,,"11",,,,,,,,,,,,"8",,,,,"9","257",,,,,,,,,,,,,"236","67","798","172","7","1","2","1","1FFFFF","1AAAAAAAA1AAAA","4",,,,
"5102585","2019-09-04T07:00:00","28.72","-138.67",,,"1","4","2","5",,,"11",,,,,,,,,,,,"8",,,,,"9","264",,,,,,,,,,,,,"236","88","798","172","7","0",,"1","3FFFFF","1AAAAAAAA1AAAA","4",,,,
"5102593","2019-09-04T07:00:00","21.15","-131.66",,,"1","4","2","5",,,"11",,,,,,,,,,,,"8",,,,,"9","256",,,,,,,,,,,,,"236","11","798","172","7","0",,"1","1FFFFF","1AAAAAAAA1AAAA","4",,,,
"4301571","2019-09-04T07:01:00","24.24","-132.89",,,"1","4","2","5",,,"11",,,,,,,,,"10173",,,"8",,,,,"9","242",,,,,,,,,,,,,"236","42","798","172","7","0",,"1","1FFF1F","1AAAA1AAA1AAAA","4",,,,
"4301611","2019-09-04T07:04:00","25.50","-138.29",,,"1","4","2","5",,,"11",,,,,,,,,"10196",,,"8",,,,,"9","256",,,,,,,,,,,,,"236","58","798","172","7","0",,"1","1FFF1F","1AAAA1AAA1AAAA","4",,,,
"4301564","2019-09-04T08:00:00","29.61","-130.78",,,"1","4","2","5",,,"11",,,,,,,,,"10182",,,"8",,,,,"9","250",,,,,,,,,,,,,"236","90","798","172","7","0",,"1","3FFF1F","1AAAA1AAA1AAAA","4",,,,
"4301567","2019-09-04T08:00:00","25.48","-132.52",,,"1","4","2","5",,,"11",,,,,,,,,"10177",,,"8",,,,,"9","241",,,,,,,,,,,,,"236","52","798","172","7","0",,"1","1FFF1F","1AAAA1AAA1AAAA","4",,,,
"4301568","2019-09-04T08:00:00","29.27","-131.42",,,"1","4","2","5",,,"11",,,,,,,,,"10186",,,"8",,,,,"9","248",,,,,,,,,,,,,"236","91","798","172","7","0",,"1","1FFF1F","1AAAA1AAA1AAAA","4",,,,
"4301611","2019-09-04T08:00:00","25.49","-138.29",,,"1","4","2","5",,,"11",,,,,,,,,"10194",,,"8",,,,,"9","255",,,,,,,,,,,,,"236","58","798","172","7","0",,"1","1FFF1F","1AAAA1AAA1AAAA","4",,,,
"4600616","2019-09-04T08:00:00","26.12","-137.61",,,"1","4","2","5",,,"11",,,,,,,,,,,,"8",,,,,"9","256",,,,,,,,,,,,,"236","67","798","172","7","1","2","1","1FFFFF","1AAAAAAAA1AAAA","4",,,,
"5102585","2019-09-04T08:00:00","28.72","-138.68",,,"1","4","2","5",,,"11",,,,,,,,,,,,"8",,,,,"9","264",,,,,,,,,,,,,"236","88","798","172","7","0",,"1","3FFFFF","1AAAAAAAA1AAAA","4",,,,
"5102593","2019-09-04T08:00:00","21.15","-131.66",,,"1","4","2","5",,,"11",,,,,,,,,,,,"8",,,,,"9","256",,,,,,,,,,,,,"236","11","798","172","7","0",,"1","1FFFFF","1AAAAAAAA1AAAA","4",,,,
"4301571","2019-09-04T08:04:00","24.24","-132.89",,,"1","4","2","5",,,"11",,,,,,,,,"10171",,,"8",,,,,"9","242",,,,,,,,,,,,,"236","42","798","172","7","0",,"1","1FFF1F","1AAAA1AAA1AAAA","4",,,,
"4301564","2019-09-04T09:00:00","29.61","-130.78",,,"1","4","2","5",,,"11",,,,,,,,,"10178",,,"8",,,,,"9","250",,,,,,,,,,,,,"236","90","798","172","7","0",,"1","3FFF1F","1AAAA1AAA1AAAA","4",,,,
"4301567","2019-09-04T09:00:00","25.48","-132.53",,,"1","4","2","5",,,"11",,,,,,,,,"10176",,,"8",,,,,"9","241",,,,,,,,,,,,,"236","52","798","172","7","0",,"1","1FFF1F","1AAAA1AAA1AAAA","4",,,,
"4301611","2019-09-04T09:00:00","25.48","-138.29",,,"1","4","2","5",,,"11",,,,,,,,,"10191",,,"8",,,,,"9","255",,,,,,,,,,,,,"236","58","798","172","7","0",,"1","1FFF1F","1AAAA1AAA1AAAA","4",,,,
"4600616","2019-09-04T09:00:00","26.12","-137.61",,,"1","4","2","5",,,"11",,,,,,,,,,,,"8",,,,,"9","256",,,,,,,,,,,,,"236","67","798","172","7","1","2","1","1FFFFF","1AAAAAAAA1AAAA","4",,,,
"5102585","2019-09-04T09:00:00","28.72","-138.68",,,"1","4","2","5",,,"11",,,,,,,,,,,,"8",,,,,"9","264",,,,,,,,,,,,,"236","88","798","172","7","0",,"1","3FFFFF","1AAAAAAAA1AAAA","4",,,,
"5102593","2019-09-04T09:00:00","21.15","-131.65",,,"1","4","2","5",,,"11",,,,,,,,,,,,"8",,,,,"9","256",,,,,,,,,,,,,"236","11","798","172","7","0",,"1","1FFFFF","1AAAAAAAA1AAAA","4",,,,
"4301568","2019-09-04T09:04:00","29.27","-131.42",,,"1","4","2","5",,,"11",,,,,,,,,"10183",,,"8",,,,,"9","248",,,,,,,,,,,,,"236","91","798","172","7","0",,"1","1FFF1F","1AAAA1AAA1AAAA","4",,,,
"3201644","2019-09-04T10:00:00","25.89","-137.94",,,"1","4","2","5",,,"11",,,,,,,,,,,,"8",,,,,"9","260",,,,,,,,,,,,,"236","57","798","172","7","0",,"1","1FFFFF","1AAAAAAAA1AAAA","4",,,,
"4301564","2019-09-04T10:00:00","29.61","-130.79",,,"1","4","2","5",,,"11",,,,,,,,,"10177",,,"8",,,,,"9","250",,,,,,,,,,,,,"236","90","798","172","7","0",,"1","3FFF1F","1AAAA1AAA1AAAA","4",,,,
"4301567","2019-09-04T10:00:00","25.48","-132.54",,,"1","4","2","5",,,"11",,,,,,,,,"10172",,,"8",,,,,"9","240",,,,,,,,,,,,,"236","52","798","172","7","0",,"1","1FFF1F","1AAAA1AAA1AAAA","4",,,,
"4301568","2019-09-04T10:00:00","29.27","-131.42",,,"1","4","2","5",,,"11",,,,,,,,,"10179",,,"8",,,,,"9","248",,,,,,,,,,,,,"236","91","798","172","7","0",,"1","1FFF1F","1AAAA1AAA1AAAA","4",,,,
"4600616","2019-09-04T10:00:00","26.12","-137.61",,,"1","4","2","5",,,"11",,,,,,,,,,,,"8",,,,,"9","256",,,,,,,,,,,,,"236","67","798","172","7","1","2","1","1FFFFF","1AAAAAAAA1AAAA","4",,,,
"5102585","2019-09-04T10:00:00","28.72","-138.68",,,"1","4","2","5",,,"11",,,,,,,,,,,,"8",,,,,"9","263",,,,,,,,,,,,,"236","88","798","172","7","0",,"1","3FFFFF","1AAAAAAAA1AAAA","4",,,,
"5102593","2019-09-04T10:00:00","21.16","-131.65",,,"1","4","2","5",,,"11",,,,,,,,,,,,"8",,,,,"9","256",,,,,,,,,,,,,"236","11","798","172","7","0",,"1","1FFFFF","1AAAAAAAA1AAAA","4",,,,
"4301611","2019-09-04T10:02:00","25.47","-138.30",,,"1","4","2","5",,,"11",,,,,,,,,"10189",,,"8",,,,,"9","255",,,,,,,,,,,,,"236","58","798","172","7","0",,"1","1FFF1F","1AAAA1AAA1AAAA","4",,,,
"3201644","2019-09-04T11:00:00","25.89","-137.94",,,"1","4","2","5",,,"11",,,,,,,,,,,,"8",,,,,"9","259",,,,,,,,,,,,,"236","57","798","172","7","0",,"1","1FFFFF","1AAAAAAAA1AAAA","4",,,,
"4301564","2019-09-04T11:00:00","29.61","-130.78",,,"1","4","2","5",,,"11",,,,,,,,,"10174",,,"8",,,,,"9","249",,,,,,,,,,,,,"236","90","798","172","7","0",,"1","1FFF1F","1AAAA1AAA1AAAA","4",,,,
"4301567","2019-09-04T11:00:00","25.49","-132.54",,,"1","4","2","5",,,"11",,,,,,,,,"10168",,,"8",,,,,"9","240",,,,,,,,,,,,,"236","52","798","172","7","0",,"1","1FFF1F","1AAAA1AAA1AAAA","4",,,,
"4301568","2019-09-04T11:00:00","29.27","-131.42",,,"1","4","2","5",,,"11",,,,,,,,,"10174",,,"8",,,,,"9","247",,,,,,,,,,,,,"236","91","798","172","7","0",,"1","1FFF1F","1AAAA1AAA1AAAA","4",,,,
"4301611","2019-09-04T11:00:00","25.46","-138.31",,,"1","4","2","5",,,"11",,,,,,,,,"10182",,,"8",,,,,"9","255",,,,,,,,,,,,,"236","58","798","172","7","0",,"1","1FFF1F","1AAAA1AAA1AAAA","4",,,,
"4600616","2019-09-04T11:00:00","26.12","-137.62",,,"1","4","2","5",,,"11",,,,,,,,,,,,"8",,,,,"9","256",,,,,,,,,,,,,"236","67","798","172","7","1","2","1","1FFFFF","1AAAAAAAA1AAAA","4",,,,
"5102585","2019-09-04T11:00:00","28.72","-138.69",,,"1","4","2","5",,,"11",,,,,,,,,,,,"8",,,,,"9","263",,,,,,,,,,,,,"236","88","798","172","7","0",,"1","3FFFFF","1AAAAAAAA1AAAA","4",,,,
"5102593","2019-09-04T11:00:00","21.16","-131.64",,,"1","4","2","5",,,"11",,,,,,,,,,,,"8",,,,,"9","256",,,,,,,,,,,,,"236","11","798","172","7","0",,"1","1FFFFF","1AAAAAAAA1AAAA","4",,,,
"3201644","2019-09-04T12:00:00","25.89","-137.94",,,"1","4","2","5",,,"11",,,,,,,,,,,,"8",,,,,"9","259",,,,,,,,,,,,,"236","57","798","172","7","0",,"1","1FFFFF","1AAAAAAAA1AAAA","4",,,,
"4301564","2019-09-04T12:00:00","29.61","-130.78",,,"1","4","2","5",,,"11",,,,,,,,,"10173",,,"8",,,,,"9","249",,,,,,,,,,,,,"236","90","798","172","7","0",,"1","1FFF1F","1AAAA1AAA1AAAA","4",,,,
"4301568","2019-09-04T12:00:00","29.27","-131.42",,,"1","4","2","5",,,"11",,,,,,,,,"10175",,,"8",,,,,"9","247",,,,,,,,,,,,,"236","91","798","172","7","0",,"1","1FFF1F","1AAAA1AAA1AAAA","4",,,,
"4301611","2019-09-04T12:00:00","25.45","-138.31",,,"1","4","2","5",,,"11",,,,,,,,,"10179",,,"8",,,,,"9","255",,,,,,,,,,,,,"236","58","798","172","7","0",,"1","1FFF1F","1AAAA1AAA1AAAA","4",,,,
"4600616","2019-09-04T12:00:00","26.12","-137.61",,,"1","4","2","5",,,"11",,,,,,,,,,,,"8",,,,,"9","255",,,,,,,,,,,,,"236","67","798","172","7","1","2","1","1FFFFF","1AAAAAAAA1AAAA","4",,,,
"5102585","2019-09-04T12:00:00","28.72","-138.69",,,"1","4","2","5",,,"11",,,,,,,,,,,,"8",,,,,"9","263",,,,,,,,,,,,,"236","88","798","172","7","0",,"1","3FFFFF","1AAAAAAAA1AAAA","4",,,,
"5102593","2019-09-04T12:00:00","21.16","-131.63",,,"1","4","2","5",,,"11",,,,,,,,,,,,"8",,,,,"9","256",,,,,,,,,,,,,"236","11","798","172","7","0",,"1","1FFFFF","1AAAAAAAA1AAAA","4",,,,
"DHBN","2019-09-04T12:00:00","25.30","-131.40",,,"1","6","2","5","1","4","1",,"60",,"82","1","97","2","1","10155",,,"8","225","0","205","196","3","250","5","4","4","5","4","3",,,,,,,"236","51","798","172","5","1","2","1","111111","11111111111AAA",,"5",,"1",
"4301567","2019-09-04T13:00:00","25.50","-132.55",,,"1","4","2","5",,,"11",,,,,,,,,"10165",,,"8",,,,,"9","240",,,,,,,,,,,,,"236","52","798","172","7","0",,"1","1FFF1F","1AAAA1AAA1AAAA","4",,,,
"4301568","2019-09-04T13:00:00","29.28","-131.42",,,"1","4","2","5",,,"11",,,,,,,,,"10175",,,"8",,,,,"9","246",,,,,,,,,,,,,"236","91","798","172","7","0",,"1","1FFF1F","1AAAA1AAA1AAAA","4",,,,
"4301611","2019-09-04T13:00:00","25.44","-138.32",,,"1","4","2","5",,,"11",,,,,,,,,"10179",,,"8",,,,,"9","255",,,,,,,,,,,,,"236","58","798","172","7","0",,"1","1FFF1F","1AAAA1AAA1AAAA","4",,,,
"4600616","2019-09-04T13:00:00","26.12","-137.62",,,"1","4","2","5",,,"11",,,,,,,,,,,,"8",,,,,"9","255",,,,,,,,,,,,,"236","67","798","172","7","1","2","1","1FFFFF","1AAAAAAAA1AAAA","4",,,,
"5102585","2019-09-04T13:00:00","28.72","-138.68",,,"1","4","2","5",,,"11",,,,,,,,,,,,"8",,,,,"9","263",,,,,,,,,,,,,"236","88","798","172","7","0",,"1","3FFFFF","1AAAAAAAA1AAAA","4",,,,
"5102593","2019-09-04T13:00:00","21.16","-131.62",,,"1","4","2","5",,,"11",,,,,,,,,,,,"8",,,,,"9","256",,,,,,,,,,,,,"236","11","798","172","7","0",,"1","1FFFFF","1AAAAAAAA1AAAA","4",,,,
"4301564","2019-09-04T13:02:00","29.61","-130.78",,,"1","4","2","5",,,"11",,,,,,,,,"10175",,,"8",,,,,"9","249",,,,,,,,,,,,,"236","90","798","172","7","0",,"1","1FFF1F","1AAAA1AAA1AAAA","4",,,,
"4301564","2019-09-04T14:00:00","29.61","-130.78",,,"1","4","2","5",,,"11",,,,,,,,,"10177",,,"8",,,,,"9","249",,,,,,,,,,,,,"236","90","798","172","7","0",,"1","1FFF1F","1AAAA1AAA1AAAA","4",,,,
"4301567","2019-09-04T14:00:00","25.50","-132.55",,,"1","4","2","5",,,"11",,,,,,,,,"10169",,,"8",,,,,"9","240",,,,,,,,,,,,,"236","52","798","172","7","0",,"1","1FFF1F","1AAAA1AAA1AAAA","4",,,,
"4301568","2019-09-04T14:00:00","29.28","-131.42",,,"1","4","2","5",,,"11",,,,,,,,,"10177",,,"8",,,,,"9","246",,,,,,,,,,,,,"236","91","798","172","7","0",,"1","1FFF1F","1AAAA1AAA1AAAA","4",,,,
"4301611","2019-09-04T14:00:00","25.44","-138.33",,,"1","4","2","5",,,"11",,,,,,,,,"10178",,,"8",,,,,"9","254",,,,,,,,,,,,,"236","58","798","172","7","0",,"1","1FFF1F","1AAAA1AAA1AAAA","4",,,,
"4600616","2019-09-04T14:00:00","26.12","-137.62",,,"1","4","2","5",,,"11",,,,,,,,,,,,"8",,,,,"9","255",,,,,,,,,,,,,"236","67","798","172","7","1","2","1","1FFFFF","1AAAAAAAA1AAAA","4",,,,
"5102585","2019-09-04T14:00:00","28.71","-138.68",,,"1","4","2","5",,,"11",,,,,,,,,,,,"8",,,,,"9","262",,,,,,,,,,,,,"236","88","798","172","7","0",,"1","3FFFFF","1AAAAAAAA1AAAA","4",,,,
"5102593","2019-09-04T14:00:00","21.17","-131.61",,,"1","4","2","5",,,"11",,,,,,,,,,,,"8",,,,,"9","256",,,,,,,,,,,,,"236","11","798","172","7","0",,"1","1FFFFF","1AAAAAAAA1AAAA","4",,,,
"4301571","2019-09-04T14:03:00","24.21","-132.90",,,"1","4","2","5",,,"11",,,,,,,,,"10163",,,"8",,,,,"9","241",,,,,,,,,,,,,"236","42","798","172","7","0",,"1","1FFF1F","1AAAA1AAA1AAAA","4",,,,
"4301564","2019-09-04T15:00:00","29.61","-130.78",,,"1","4","2","5",,,"11",,,,,,,,,"10181",,,"8",,,,,"9","248",,,,,,,,,,,,,"236","90","798","172","7","0",,"2","1FFF1F","1AAAA1AAA1AAAA","4",,,,
"4301567","2019-09-04T15:00:00","25.50","-132.55",,,"1","4","2","5",,,"11",,,,,,,,,"10173",,,"8",,,,,"9","240",,,,,,,,,,,,,"236","52","798","172","7","0",,"2","1FFF1F","1AAAA1AAA1AAAA","4",,,,
"4301568","2019-09-04T15:00:00","29.28","-131.42",,,"1","4","2","5",,,"11",,,,,,,,,"10180",,,"8",,,,,"9","247",,,,,,,,,,,,,"236","91","798","172","7","0",,"2","1FFF1F","1AAAA1AAA1AAAA","4",,,,
"4301571","2019-09-04T15:00:00","24.21","-132.90",,,"1","4","2","5",,,"11",,,,,,,,,"10167",,,"8",,,,,"9","241",,,,,,,,,,,,,"236","42","798","172","7","0",,"2","1FFF1F","1AAAA1AAA1AAAA","4",,,,
"4301611","2019-09-04T15:00:00","25.43","-138.34",,,"1","4","2","5",,,"11",,,,,,,,,"10182",,,"8",,,,,"9","254",,,,,,,,,,,,,"236","58","798","172","7","0",,"1","1FFF1F","1AAAA1AAA1AAAA","4",,,,
"4600616","2019-09-04T15:00:00","26.12","-137.62",,,"1","4","2","5",,,"11",,,,,,,,,,,,"8",,,,,"9","255",,,,,,,,,,,,,"236","67","798","172","7","1","2","1","1FFFFF","1AAAAAAAA1AAAA","4",,,,
"5102585","2019-09-04T15:00:00","28.71","-138.68",,,"1","4","2","5",,,"11",,,,,,,,,,,,"8",,,,,"9","262",,,,,,,,,,,,,"236","88","798","172","7","0",,"1","3FFFFF","1AAAAAAAA1AAAA","4",,,,
"5102593","2019-09-04T15:00:00","21.17","-131.60",,,"1","4","2","5",,,"11",,,,,,,,,,,,"8",,,,,"9","256",,,,,,,,,,,,,"236","11","798","172","7","0",,"2","1FFFFF","1AAAAAAAA1AAAA","4",,,,
"4301564","2019-09-04T16:00:00","29.62","-130.78",,,"1","4","2","5",,,"11",,,,,,,,,"10184",,,"8",,,,,"9","248",,,,,,,,,,,,,"236","90","798","172","7","0",,"2","1FFF1F","1AAAA1AAA1AAAA","4",,,,
"4301567","2019-09-04T16:00:00","25.51","-132.55",,,"1","4","2","5",,,"11",,,,,,,,,"10174",,,"8",,,,,"9","240",,,,,,,,,,,,,"236","52","798","172","7","0",,"2","1FFF1F","1AAAA1AAA1AAAA","4",,,,
"4301568","2019-09-04T16:00:00","29.28","-131.41",,,"1","4","2","5",,,"11",,,,,,,,,"10184",,,"8",,,,,"9","248",,,,,,,,,,,,,"236","91","798","172","7","0",,"2","1FFF1F","1AAAA1AAA1AAAA","4",,,,
"4301611","2019-09-04T16:00:00","25.43","-138.35",,,"1","4","2","5",,,"11",,,,,,,,,"10188",,,"8",,,,,"9","254",,,,,,,,,,,,,"236","58","798","172","7","0",,"2","1FFF1F","1AAAA1AAA1AAAA","4",,,,
"4600616","2019-09-04T16:00:00","26.12","-137.62",,,"1","4","2","5",,,"11",,,,,,,,,,,,"8",,,,,"9","255",,,,,,,,,,,,,"236","67","798","172","7","1","2","2","1FFFFF","1AAAAAAAA1AAAA","4",,,,
"5102585","2019-09-04T16:00:00","28.70","-138.69",,,"1","4","2","5",,,"11",,,,,,,,,,,,"8",,,,,"9","262",,,,,,,,,,,,,"236","88","798","172","7","0",,"2","3FFFFF","1AAAAAAAA1AAAA","4",,,,
"5102593","2019-09-04T16:00:00","21.18","-131.59",,,"1","4","2","5",,,"11",,,,,,,,,,,,"8",,,,,"9","256",,,,,,,,,,,,,"236","11","798","172","7","0",,"2","1FFFFF","1AAAAAAAA1AAAA","4",,,,
"4301571","2019-09-04T16:04:00","24.20","-132.90",,,"1","4","2","5",,,"11",,,,,,,,,"10166",,,"8",,,,,"9","241",,,,,,,,,,,,,"236","42","798","172","7","0",,"2","1FFF1F","1AAAA1AAA1AAAA","4",,,,
"3201644","2019-09-04T17:00:00","25.88","-137.94",,,"1","4","2","5",,,"11",,,,,,,,,,,,"8",,,,,"9","257",,,,,,,,,,,,,"236","57","798","172","7","0",,"2","1FFFFF","1AAAAAAAA1AAAA","4",,,,
"4301564","2019-09-04T17:00:00","29.62","-130.78",,,"1","4","2","5",,,"11",,,,,,,,,"10185",,,"8",,,,,"9","249",,,,,,,,,,,,,"236","90","798","172","7","0",,"2","1FFF1F","1AAAA1AAA1AAAA","4",,,,
"4301567","2019-09-04T17:00:00","25.51","-132.55",,,"1","4","2","5",,,"11",,,,,,,,,"10178",,,"8",,,,,"9","240",,,,,,,,,,,,,"236","52","798","172","7","0",,"2","1FFF1F","1AAAA1AAA1AAAA","4",,,,
"4301568","2019-09-04T17:00:00","29.29","-131.41",,,"1","4","2","5",,,"11",,,,,,,,,"10186",,,"8",,,,,"9","248",,,,,,,,,,,,,"236","91","798","172","7","0",,"2","1FFF1F","1AAAA1AAA1AAAA","4",,,,
"4301611","2019-09-04T17:00:00","25.43","-138.36",,,"1","4","2","5",,,"11",,,,,,,,,"10190",,,"8",,,,,"9","254",,,,,,,,,,,,,"236","58","798","172","7","0",,"2","1FFF1F","1AAAA1AAA1AAAA","4",,,,
"4600616","2019-09-04T17:00:00","26.12","-137.62",,,"1","4","2","5",,,"11",,,,,,,,,,,,"8",,,,,"9","255",,,,,,,,,,,,,"236","67","798","172","7","1","2","2","1FFFFF","1AAAAAAAA1AAAA","4",,,,
"5102585","2019-09-04T17:00:00","28.70","-138.69",,,"1","4","2","5",,,"11",,,,,,,,,,,,"8",,,,,"9","262",,,,,,,,,,,,,"236","88","798","172","7","0",,"2","3FFFFF","1AAAAAAAA1AAAA","4",,,,
"5102593","2019-09-04T17:00:00","21.18","-131.58",,,"1","4","2","5",,,"11",,,,,,,,,,,,"8",,,,,"9","256",,,,,,,,,,,,,"236","11","798","172","7","0",,"2","1FFFFF","1AAAAAAAA1AAAA","4",,,,
"4301571","2019-09-04T17:02:00","24.20","-132.90",,,"1","4","2","5",,,"11",,,,,,,,,"10171",,,"8",,,,,"9","241",,,,,,,,,,,,,"236","42","798","172","7","0",,"2","1FFF1F","1AAAA1AAA1AAAA","4",,,,
"4301567","2019-09-04T18:00:00","25.52","-132.54",,,"1","4","2","5",,,"11",,,,,,,,,"10179",,,"8",,,,,"9","240",,,,,,,,,,,,,"236","52","798","172","7","0",,"2","1FFF1F","1AAAA1AAA1AAAA","4",,,,
"4301568","2019-09-04T18:00:00","29.29","-131.41",,,"1","4","2","5",,,"11",,,,,,,,,"10184",,,"8",,,,,"9","249",,,,,,,,,,,,,"236","91","798","172","7","0",,"2","1FFF1F","1AAAA1AAA1AAAA","4",,,,
"4301571","2019-09-04T18:00:00","24.20","-132.90",,,"1","4","2","5",,,"11",,,,,,,,,"10171",,,"8",,,,,"9","242",,,,,,,,,,,,,"236","42","798","172","7","0",,"2","1FFF1F","1AAAA1AAA1AAAA","4",,,,
"4600616","2019-09-04T18:00:00","26.11","-137.61",,,"1","4","2","5",,,"11",,,,,,,,,,,,"8",,,,,"9","255",,,,,,,,,,,,,"236","67","798","172","7","1","2","2","1FFFFF","1AAAAAAAA1AAAA","4",,,,
"5102585","2019-09-04T18:00:00","28.70","-138.69",,,"1","4","2","5",,,"11",,,,,,,,,,,,"8",,,,,"9","262",,,,,,,,,,,,,"236","88","798","172","7","0",,"2","3FFFFF","1AAAAAAAA1AAAA","4",,,,
"5102593","2019-09-04T18:00:00","21.18","-131.58",,,"1","4","2","5",,,"11",,,,,,,,,,,,"8",,,,,"9","256",,,,,,,,,,,,,"236","11","798","172","7","0",,"2","1FFFFF","1AAAAAAAA1AAAA","4",,,,
"DHBN","2019-09-04T18:00:00","26.70","-130.60",,,"1","6","2","5","1","4","1",,"20",,"77","1","98","2","1","10170","1","10","8","235",,,"192","3","250","4","3","1","4","6","1","2","4","2","2","8","4","236","60","798","172","5","1","2","2","111111","1111111A111111",,"5",,"1",
"4301611","2019-09-04T18:01:00","25.43","-138.36",,,"1","4","2","5",,,"11",,,,,,,,,"10192",,,"8",,,,,"9","254",,,,,,,,,,,,,"236","58","798","172","7","0",,"2","1FFF1F","1AAAA1AAA1AAAA","4",,,,
"3201644","2019-09-04T19:00:00","25.89","-137.94",,,"1","4","2","5",,,"11",,,,,,,,,,,,"8",,,,,"9","257",,,,,,,,,,,,,"236","57","798","172","7","0",,"2","1FFFFF","1AAAAAAAA1AAAA","4",,,,
"4301564","2019-09-04T19:00:00","29.63","-130.78",,,"1","4","2","5",,,"11",,,,,,,,,"10182",,,"8",,,,,"9","252",,,,,,,,,,,,,"236","90","798","172","7","0",,"2","3FFF1F","1AAAA1AAA1AAAA","4",,,,
"4301567","2019-09-04T19:00:00","25.52","-132.54",,,"1","4","2","5",,,"11",,,,,,,,,"10177",,,"8",,,,,"9","241",,,,,,,,,,,,,"236","52","798","172","7","0",,"2","1FFF1F","1AAAA1AAA1AAAA","4",,,,
"4301568","2019-09-04T19:00:00","29.29","-131.40",,,"1","4","2","5",,,"11",,,,,,,,,"10184",,,"8",,,,,"9","250",,,,,,,,,,,,,"236","91","798","172","7","0",,"2","3FFF1F","1AAAA1AAA1AAAA","4",,,,
"4301611","2019-09-04T19:00:00","25.42","-138.37",,,"1","4","2","5",,,"11",,,,,,,,,"10190",,,"8",,,,,"9","255",,,,,,,,,,,,,"236","58","798","172","7","0",,"2","1FFF1F","1AAAA1AAA1AAAA","4",,,,
"4600616","2019-09-04T19:00:00","26.11","-137.60",,,"1","4","2","5",,,"11",,,,,,,,,,,,"8",,,,,"9","255",,,,,,,,,,,,,"236","67","798","172","7","1","2","2","1FFFFF","1AAAAAAAA1AAAA","4",,,,
"5102585","2019-09-04T19:00:00","28.70","-138.70",,,"1","4","2","5",,,"11",,,,,,,,,,,,"8",,,,,"9","262",,,,,,,,,,,,,"236","88","798","172","7","0",,"2","3FFFFF","1AAAAAAAA1AAAA","4",,,,
"5102593","2019-09-04T19:00:00","21.18","-131.57",,,"1","4","2","5",,,"11",,,,,,,,,,,,"8",,,,,"9","256",,,,,,,,,,,,,"236","11","798","172","7","0",,"2","1FFFFF","1AAAAAAAA1AAAA","4",,,,
"4301571","2019-09-04T19:02:00","24.20","-132.90",,,"1","4","2","5",,,"11",,,,,,,,,"10169",,,"8",,,,,"9","242",,,,,,,,,,,,,"236","42","798","172","7","0",,"2","1FFF1F","1AAAA1AAA1AAAA","4",,,,
"3201644","2019-09-04T20:00:00","25.89","-137.93",,,"1","4","2","5",,,"11",,,,,,,,,,,,"8",,,,,"9","257",,,,,,,,,,,,,"236","57","798","172","7","0",,"2","1FFFFF","1AAAAAAAA1AAAA","4",,,,
"4301564","2019-09-04T20:00:00","29.63","-130.78",,,"1","4","2","5",,,"11",,,,,,,,,"10180",,,"8",,,,,"9","256",,,,,,,,,,,,,"236","90","798","172","7","0",,"2","3FFF1F","1AAAA1AAA1AAAA","4",,,,
"4301567","2019-09-04T20:00:00","25.52","-132.54",,,"1","4","2","5",,,"11",,,,,,,,,"10172",,,"8",,,,,"9","241",,,,,,,,,,,,,"236","52","798","172","7","0",,"2","1FFF1F","1AAAA1AAA1AAAA","4",,,,
"4301571","2019-09-04T20:00:00","24.20","-132.90",,,"1","4","2","5",,,"11",,,,,,,,,"10165",,,"8",,,,,"9","243",,,,,,,,,,,,,"236","42","798","172","7","0",,"2","1FFF1F","1AAAA1AAA1AAAA","4",,,,
"4600616","2019-09-04T20:00:00","26.11","-137.61",,,"1","3","2","5",,,"11",,,,,,,,,,,,"0",,,,,,"256",,,,,,,,,,,,,"236","67","794","103","7","1","2","2","1FFFFF","1AAAAAAAA1AAAA","4",,,,
"5102585","2019-09-04T20:00:00","28.69","-138.70",,,"1","4","2","5",,,"11",,,,,,,,,,,,"8",,,,,"9","262",,,,,,,,,,,,,"236","88","798","172","7","0",,"2","3FFFFF","1AAAAAAAA1AAAA","4",,,,
"5102593","2019-09-04T20:00:00","21.19","-131.56",,,"1","4","2","5",,,"11",,,,,,,,,,,,"8",,,,,"9","256",,,,,,,,,,,,,"236","11","798","172","7","0",,"2","1FFFFF","1AAAAAAAA1AAAA","4",,,,
"4301568","2019-09-04T20:02:00","29.29","-131.39",,,"1","4","2","5",,,"11",,,,,,,,,"10180",,,"8",,,,,"9","253",,,,,,,,,,,,,"236","91","798","172","7","0",,"2","3FFF1F","1AAAA1AAA1AAAA","4",,,,
"4301611","2019-09-04T20:04:00","25.41","-138.37",,,"1","4","2","5",,,"11",,,,,,,,,"10186",,,"8",,,,,"9","255",,,,,,,,,,,,,"236","58","798","172","7","0",,"2","1FFF1F","1AAAA1AAA1AAAA","4",,,,
"4301564","2019-09-04T21:00:00","29.63","-130.77",,,"1","4","2","5",,,"11",,,,,,,,,"10174",,,"8",,,,,"9","259",,,,,,,,,,,,,"236","90","798","172","7","0",,"2","5FFF1F","1AAAA1AAA1AAAA","4",,,,
"4301567","2019-09-04T21:00:00","25.52","-132.54",,,"1","4","2","5",,,"11",,,,,,,,,"10167",,,"8",,,,,"9","242",,,,,,,,,,,,,"236","52","798","172","7","0",,"2","1FFF1F","1AAAA1AAA1AAAA","4",,,,
"4301568","2019-09-04T21:00:00","29.30","-131.39",,,"1","4","2","5",,,"11",,,,,,,,,"10174",,,"8",,,,,"9","260",,,,,,,,,,,,,"236","91","798","172","7","0",,"2","5FFF1F","1AAAA1AAA1AAAA","4",,,,
"4301611","2019-09-04T21:00:00","25.41","-138.38",,,"1","4","2","5",,,"11",,,,,,,,,"10179",,,"8",,,,,"9","256",,,,,,,,,,,,,"236","58","798","172","7","0",,"2","1FFF1F","1AAAA1AAA1AAAA","4",,,,
"4600616","2019-09-04T21:00:00","26.11","-137.61",,,"1","4","2","5",,,"11",,,,,,,,,,,,"8",,,,,"9","257",,,,,,,,,,,,,"236","67","798","172","7","1","2","2","1FFFFF","1AAAAAAAA1AAAA","4",,,,
"5102585","2019-09-04T21:00:00","28.70","-138.70",,,"1","4","2","5",,,"11",,,,,,,,,,,,"8",,,,,"9","262",,,,,,,,,,,,,"236","88","798","172","7","0",,"2","3FFFFF","1AAAAAAAA1AAAA","4",,,,
"5102593","2019-09-04T21:00:00","21.19","-131.55",,,"1","4","2","5",,,"11",,,,,,,,,,,,"8",,,,,"9","257",,,,,,,,,,,,,"236","11","798","172","7","0",,"2","1FFFFF","1AAAAAAAA1AAAA","4",,,,
"4301571","2019-09-04T21:04:00","24.19","-132.90",,,"1","4","2","5",,,"11",,,,,,,,,"10159",,,"8",,,,,"9","243",,,,,,,,,,,,,"236","42","798","172","7","0",,"2","1FFF1F","1AAAA1AAA1AAAA","4",,,,
"4301564","2019-09-04T22:00:00","29.63","-130.77",,,"1","4","2","5",,,"11",,,,,,,,,"10173",,,"8",,,,,"9","260",,,,,,,,,,,,,"236","90","798","172","7","0",,"2","5FFF1F","1AAAA1AAA1AAAA","4",,,,
"4301567","2019-09-04T22:00:00","25.52","-132.54",,,"1","4","2","5",,,"11",,,,,,,,,"10163",,,"8",,,,,"9","242",,,,,,,,,,,,,"236","52","798","172","7","0",,"2","1FFF1F","1AAAA1AAA1AAAA","4",,,,
"4301568","2019-09-04T22:00:00","29.30","-131.38",,,"1","4","2","5",,,"11",,,,,,,,,"10173",,,"8",,,,,"9","262",,,,,,,,,,,,,"236","91","798","172","7","0",,"2","5FFF1F","1AAAA1AAA1AAAA","4",,,,
"4301571","2019-09-04T22:00:00","24.19","-132.90",,,"1","4","2","5",,,"11",,,,,,,,,"10153",,,"8",,,,,"9","244",,,,,,,,,,,,,"236","42","798","172","7","0",,"2","1FFF1F","1AAAA1AAA1AAAA","4",,,,
"4301611","2019-09-04T22:00:00","25.40","-138.38",,,"1","4","2","5",,,"11",,,,,,,,,"10172",,,"8",,,,,"9","257",,,,,,,,,,,,,"236","58","798","172","7","0",,"2","1FFF1F","1AAAA1AAA1AAAA","4",,,,
"4600616","2019-09-04T22:00:00","26.11","-137.61",,,"1","4","2","5",,,"11",,,,,,,,,,,,"8",,,,,"9","257",,,,,,,,,,,,,"236","67","798","172","7","1","2","2","1FFFFF","1AAAAAAAA1AAAA","4",,,,
"5102585","2019-09-04T22:00:00","28.70","-138.71",,,"1","4","2","5",,,"11",,,,,,,,,,,,"8",,,,,"9","263",,,,,,,,,,,,,"236","88","798","172","7","0",,"2","3FFFFF","1AAAAAAAA1AAAA","4",,,,
"5102593","2019-09-04T22:00:00","21.20","-131.55",,,"1","4","2","5",,,"11",,,,,,,,,,,,"8",,,,,"9","257",,,,,,,,,,,,,"236","11","798","172","7","0",,"2","1FFFFF","1AAAAAAAA1AAAA","4",,,,
"3201644","2019-09-04T23:00:00","25.89","-137.90",,,"1","4","2","5",,,"11",,,,,,,,,,,,"8",,,,,"9","259",,,,,,,,,,,,,"236","57","798","172","7","0",,"2","1FFFFF","1AAAAAAAA1AAAA","4",,,,
"4301564","2019-09-04T23:00:00","29.63","-130.76",,,"1","4","2","5",,,"11",,,,,,,,,"10167",,,"8",,,,,"9","259",,,,,,,,,,,,,"236","90","798","172","7","0",,"2","5FFF1F","1AAAA1AAA1AAAA","4",,,,
"4301567","2019-09-04T23:00:00","25.52","-132.54",,,"1","4","2","5",,,"11",,,,,,,,,"10159",,,"8",,,,,"9","243",,,,,,,,,,,,,"236","52","798","172","7","0",,"2","1FFF1F","1AAAA1AAA1AAAA","4",,,,
"4301568","2019-09-04T23:00:00","29.30","-131.37",,,"1","4","2","5",,,"11",,,,,,,,,"10166",,,"8",,,,,"9","262",,,,,,,,,,,,,"236","91","798","172","7","0",,"2","5FFF1F","1AAAA1AAA1AAAA","4",,,,
"4301571","2019-09-04T23:00:00","24.19","-132.90",,,"1","4","2","5",,,"11",,,,,,,,,"10147",,,"8",,,,,"9","244",,,,,,,,,,,,,"236","42","798","172","7","0",,"2","1FFF1F","1AAAA1AAA1AAAA","4",,,,
"4301611","2019-09-04T23:00:00","25.39","-138.38",,,"1","4","2","5",,,"11",,,,,,,,,"10169",,,"8",,,,,"9","258",,,,,,,,,,,,,"236","58","798","172","7","0",,"2","1FFF1F","1AAAA1AAA1AAAA","4",,,,
"4600616","2019-09-04T23:00:00","26.11","-137.62",,,"1","4","2","5",,,"11",,,,,,,,,,,,"8",,,,,"9","258",,,,,,,,,,,,,"236","67","798","172","7","1","2","2","3FFFFF","1AAAAAAAA1AAAA","4",,,,
"5102585","2019-09-04T23:00:00","28.70","-138.71",,,"1","4","2","5",,,"11",,,,,,,,,,,,"8",,,,,"9","263",,,,,,,,,,,,,"236","88","798","172","7","0",,"2","3FFFFF","1AAAAAAAA1AAAA","4",,,,
"5102593","2019-09-04T23:00:00","21.20","-131.54",,,"1","4","2","5",,,"11",,,,,,,,,,,,"8",,,,,"9","257",,,,,,,,,,,,,"236","11","798","172","7","0",,"2","1FFFFF","1AAAAAAAA1AAAA","4",,,,
"4301564","2019-09-05T00:00:00","29.63","-130.76",,,"1","4","2","5",,,"11",,,,,,,,,"10165",,,"8",,,,,"9","259",,,,,,,,,,,,,"236","90","798","172","7","0",,"2","5FFF1F","1AAAA1AAA1AAAA","4",,,,
"4301568","2019-09-05T00:00:00","29.30","-131.37",,,"1","4","2","5",,,"11",,,,,,,,,"10164",,,"8",,,,,"9","258",,,,,,,,,,,,,"236","91","798","172","7","0",,"2","3FFF1F","1AAAA1AAA1AAAA","4",,,,
"4301611","2019-09-05T00:00:00","25.39","-138.38",,,"1","4","2","5",,,"11",,,,,,,,,"10165",,,"8",,,,,"9","258",,,,,,,,,,,,,"236","58","798","172","7","0",,"2","1FFF1F","1AAAA1AAA1AAAA","4",,,,
"4600616","2019-09-05T00:00:00","26.11","-137.62",,,"1","4","2","5",,,"11",,,,,,,,,,,,"8",,,,,"9","258",,,,,,,,,,,,,"236","67","798","172","7","1","2","2","3FFFFF","1AAAAAAAA1AAAA","4",,,,
"5102585","2019-09-05T00:00:00","28.70","-138.71",,,"1","4","2","5",,,"11",,,,,,,,,,,,"8",,,,,"9","263",,,,,,,,,,,,,"236","88","798","172","7","0",,"2","3FFFFF","1AAAAAAAA1AAAA","4",,,,
"5102593","2019-09-05T00:00:00","21.20","-131.53",,,"1","4","2","5",,,"11",,,,,,,,,,,,"8",,,,,"9","257",,,,,,,,,,,,,"236","11","798","172","7","0",,"2","1FFFFF","1AAAAAAAA1AAAA","4",,,,
"4301567","2019-09-05T00:02:00","25.52","-132.53",,,"1","4","2","5",,,"11",,,,,,,,,"10155",,,"8",,,,,"9","243",,,,,,,,,,,,,"236","52","798","172","7","0",,"2","1FFF1F","1AAAA1AAA1AAAA","4",,,,
"4301571","2019-09-05T00:03:00","24.18","-132.90",,,"1","4","2","5",,,"11",,,,,,,,,"10145",,,"8",,,,,"9","244",,,,,,,,,,,,,"236","42","798","172","7","0",,"2","1FFF1F","1AAAA1AAA1AAAA","4",,,,
"3201644","2019-09-05T01:00:00","25.89","-137.89",,,"1","4","2","5",,,"11",,,,,,,,,,,,"8",,,,,"9","259",,,,,,,,,,,,,"236","57","798","172","7","0",,"2","1FFFFF","1AAAAAAAA1AAAA","4",,,,
"4301564","2019-09-05T01:00:00","29.63","-130.76",,,"1","4","2","5",,,"11",,,,,,,,,"10167",,,"8",,,,,"9","258",,,,,,,,,,,,,"236","90","798","172","7","0",,"2","3FFF1F","1AAAA1AAA1AAAA","4",,,,
"4301567","2019-09-05T01:00:00","25.52","-132.53",,,"1","4","2","5",,,"11",,,,,,,,,"10154",,,"8",,,,,"9","243",,,,,,,,,,,,,"236","52","798","172","7","0",,"2","1FFF1F","1AAAA1AAA1AAAA","4",,,,
"4301568","2019-09-05T01:00:00","29.30","-131.37",,,"1","4","2","5",,,"11",,,,,,,,,"10167",,,"8",,,,,"9","258",,,,,,,,,,,,,"236","91","798","172","7","0",,"2","3FFF1F","1AAAA1AAA1AAAA","4",,,,
"4301571","2019-09-05T01:00:00","24.18","-132.90",,,"1","4","2","5",,,"11",,,,,,,,,"10146",,,"8",,,,,"9","243",,,,,,,,,,,,,"236","42","798","172","7","0",,"2","1FFF1F","1AAAA1AAA1AAAA","4",,,,
"4600616","2019-09-05T01:00:00","26.11","-137.62",,,"1","4","2","5",,,"11",,,,,,,,,,,,"8",,,,,"9","258",,,,,,,,,,,,,"236","67","798","172","7","1","2","2","3FFFFF","1AAAAAAAA1AAAA","4",,,,
"5102585","2019-09-05T01:00:00","28.70","-138.71",,,"1","4","2","5",,,"11",,,,,,,,,,,,"8",,,,,"9","263",,,,,,,,,,,,,"236","88","798","172","7","0",,"2","3FFFFF","1AAAAAAAA1AAAA","4",,,,
"5102593","2019-09-05T01:00:00","21.20","-131.53",,,"1","4","2","5",,,"11",,,,,,,,,,,,"8",,,,,"9","257",,,,,,,,,,,,,"236","11","798","172","7","0",,"2","1FFFFF","1AAAAAAAA1AAAA","4",,,,
"4301611","2019-09-05T01:02:00","25.38","-138.39",,,"1","4","2","5",,,"11",,,,,,,,,"10169",,,"8",,,,,"9","257",,,,,,,,,,,,,"236","58","798","172","7","0",,"2","1FFF1F","1AAAA1AAA1AAAA","4",,,,
"4301567","2019-09-05T02:00:00","25.51","-132.53",,,"1","4","2","5",,,"11",,,,,,,,,"10155",,,"8",,,,,"9","243",,,,,,,,,,,,,"236","52","798","172","7","0",,"2","1FFF1F","1AAAA1AAA1AAAA","4",,,,
"4301571","2019-09-05T02:00:00","24.17","-132.90",,,"1","4","2","5",,,"11",,,,,,,,,"10148",,,"8",,,,,"9","243",,,,,,,,,,,,,"236","42","798","172","7","0",,"2","1FFF1F","1AAAA1AAA1AAAA","4",,,,
"4301611","2019-09-05T02:00:00","25.37","-138.39",,,"1","4","2","5",,,"11",,,,,,,,,"10166",,,"8",,,,,"9","257",,,,,,,,,,,,,"236","58","798","172","7","0",,"2","1FFF1F","1AAAA1AAA1AAAA","4",,,,
"4600616","2019-09-05T02:00:00","26.12","-137.61",,,"1","4","2","5",,,"11",,,,,,,,,,,,"8",,,,,"9","257",,,,,,,,,,,,,"236","67","798","172","7","1","2","2","1FFFFF","1AAAAAAAA1AAAA","4",,,,
"5102585","2019-09-05T02:00:00","28.70","-138.70",,,"1","4","2","5",,,"11",,,,,,,,,,,,"8",,,,,"9","263",,,,,,,,,,,,,"236","88","798","172","7","0",,"2","3FFFFF","1AAAAAAAA1AAAA","4",,,,
"5102593","2019-09-05T02:00:00","21.20","-131.52",,,"1","4","2","5",,,"11",,,,,,,,,,,,"8",,,,,"9","257",,,,,,,,,,,,,"236","11","798","172","7","0",,"2","1FFFFF","1AAAAAAAA1AAAA","4",,,,
"4301564","2019-09-05T02:01:00","29.62","-130.76",,,"1","4","2","5",,,"11",,,,,,,,,"10168",,,"8",,,,,"9","256",,,,,,,,,,,,,"236","90","798","172","7","0",,"2","3FFF1F","1AAAA1AAA1AAAA","4",,,,
"4301568","2019-09-05T02:01:00","29.30","-131.36",,,"1","4","2","5",,,"11",,,,,,,,,"10168",,,"8",,,,,"9","254",,,,,,,,,,,,,"236","91","798","172","7","0",,"2","3FFF1F","1AAAA1AAA1AAAA","4",,,,
"4301564","2019-09-05T03:00:00","29.62","-130.75",,,"1","4","2","5",,,"11",,,,,,,,,"10171",,,"8",,,,,"9","254",,,,,,,,,,,,,"236","90","798","172","7","0",,"1","3FFF1F","1AAAA1AAA1AAAA","4",,,,
"4301567","2019-09-05T03:00:00","25.50","-132.53",,,"1","4","2","5",,,"11",,,,,,,,,"10158",,,"8",,,,,"9","242",,,,,,,,,,,,,"236","52","798","172","7","0",,"1","1FFF1F","1AAAA1AAA1AAAA","4",,,,
"4301568","2019-09-05T03:00:00","29.29","-131.36",,,"1","4","2","5",,,"11",,,,,,,,,"10168",,,"8",,,,,"9","251",,,,,,,,,,,,,"236","91","798","172","7","0",,"1","3FFF1F","1AAAA1AAA1AAAA","4",,,,
"4301571","2019-09-05T03:00:00","24.17","-132.90",,,"1","4","2","5",,,"11",,,,,,,,,"10151",,,"8",,,,,"9","243",,,,,,,,,,,,,"236","42","798","172","7","0",,"1","1FFF1F","1AAAA1AAA1AAAA","4",,,,
"4301611","2019-09-05T03:00:00","25.36","-138.39",,,"1","4","2","5",,,"11",,,,,,,,,"10169",,,"8",,,,,"9","257",,,,,,,,,,,,,"236","58","798","172","7","0",,"2","1FFF1F","1AAAA1AAA1AAAA","4",,,,
"4600616","2019-09-05T03:00:00","26.11","-137.62",,,"1","4","2","5",,,"11",,,,,,,,,,,,"8",,,,,"9","257",,,,,,,,,,,,,"236","67","798","172","7","1","2","2","1FFFFF","1AAAAAAAA1AAAA","4",,,,
"5102585","2019-09-05T03:00:00","28.69","-138.70",,,"1","4","2","5",,,"11",,,,,,,,,,,,"8",,,,,"9","262",,,,,,,,,,,,,"236","88","798","172","7","0",,"2","3FFFFF","1AAAAAAAA1AAAA","4",,,,
"5102593","2019-09-05T03:00:00","21.20","-131.51",,,"1","4","2","5",,,"11",,,,,,,,,,,,"8",,,,,"9","257",,,,,,,,,,,,,"236","11","798","172","7","0",,"1","1FFFFF","1AAAAAAAA1AAAA","4",,,,
"4301564","2019-09-05T04:00:00","29.62","-130.75",,,"1","4","2","5",,,"11",,,,,,,,,"10174",,,"8",,,,,"9","252",,,,,,,,,,,,,"236","90","798","172","7","0",,"1","3FFF1F","1AAAA1AAA1AAAA","4",,,,
"4301567","2019-09-05T04:00:00","25.50","-132.54",,,"1","4","2","5",,,"11",,,,,,,,,"10161",,,"8",,,,,"9","242",,,,,,,,,,,,,"236","52","798","172","7","0",,"1","1FFF1F","1AAAA1AAA1AAAA","4",,,,
"4301568","2019-09-05T04:00:00","29.29","-131.36",,,"1","4","2","5",,,"11",,,,,,,,,"10174",,,"8",,,,,"9","248",,,,,,,,,,,,,"236","91","798","172","7","0",,"1","1FFF1F","1AAAA1AAA1AAAA","4",,,,
"4600616","2019-09-05T04:00:00","26.11","-137.62",,,"1","3","2","5",,,"11",,,,,,,,,,,,"0",,,,,,"256",,,,,,,,,,,,,"236","67","794","103","7","1","2","1","1FFFFF","1AAAAAAAA1AAAA","4",,,,
"5102585","2019-09-05T04:00:00","28.69","-138.70",,,"1","4","2","5",,,"11",,,,,,,,,,,,"8",,,,,"9","262",,,,,,,,,,,,,"236","88","798","172","7","0",,"1","3FFFFF","1AAAAAAAA1AAAA","4",,,,
"5102593","2019-09-05T04:00:00","21.20","-131.51",,,"1","4","2","5",,,"11",,,,,,,,,,,,"8",,,,,"9","257",,,,,,,,,,,,,"236","11","798","172","7","0",,"1","1FFFFF","1AAAAAAAA1AAAA","4",,,,
"4301611","2019-09-05T04:01:00","25.35","-138.40",,,"1","4","2","5",,,"11",,,,,,,,,"10173",,,"8",,,,,"9","256",,,,,,,,,,,,,"236","58","798","172","7","0",,"1","1FFF1F","1AAAA1AAA1AAAA","4",,,,
"4301571","2019-09-05T04:04:00","24.17","-132.90",,,"1","4","2","5",,,"11",,,,,,,,,"10159",,,"8",,,,,"9","242",,,,,,,,,,,,,"236","42","798","172","7","0",,"1","1FFF1F","1AAAA1AAA1AAAA","4",,,,
"4600616","2019-09-05T05:00:00","26.11","-137.62",,,"1","3","2","5",,,"11",,,,,,,,,,,,"0",,,,,,"256",,,,,,,,,,,,,"236","67","794","103","7","1","2","1","1FFFFF","1AAAAAAAA1AAAA","4",,,,
"4600616","2019-09-05T06:00:00","26.11","-137.61",,,"1","3","2","5",,,"11",,,,,,,,,,,,"0",,,,,,"256",,,,,,,,,,,,,"236","67","794","103","7","1","2","1","1FFFFF","1AAAAAAAA1AAAA","4",,,,
"4600616","2019-09-05T07:00:00","26.11","-137.62",,,"1","3","2","5",,,"11",,,,,,,,,,,,"0",,,,,,"256",,,,,,,,,,,,,"236","67","794","103","7","1","2","1","1FFFFF","1AAAAAAAA1AAAA","4",,,,
"4600616","2019-09-05T08:00:00","26.11","-137.62",,,"1","4","2","5",,,"11",,,,,,,,,,,,"8",,,,,"9","256",,,,,,,,,,,,,"236","67","798","172","7","1","2","1","1FFFFF","1AAAAAAAA1AAAA","4",,,,
"4600616","2019-09-05T09:00:00","26.11","-137.62",,,"1","4","2","5",,,"11",,,,,,,,,,,,"8",,,,,"9","256",,,,,,,,,,,,,"236","67","798","172","7","1","2","1","1FFFFF","1AAAAAAAA1AAAA","4",,,,
"4600616","2019-09-05T10:00:00","26.11","-137.62",,,"1","4","2","5",,,"11",,,,,,,,,,,,"8",,,,,"9","255",,,,,,,,,,,,,"236","67","798","172","7","1","2","1","1FFFFF","1AAAAAAAA1AAAA","4",,,,
"4301564","2019-09-05T11:00:00","29.63","-130.77",,,"1","4","2","5",,,"11",,,,,,,,,"10174",,,"8",,,,,"9","248",,,,,,,,,,,,,"236","90","798","172","7","0",,"1","1FFF1F","1AAAA1AAA1AAAA","4",,,,
"4301567","2019-09-05T11:00:00","25.51","-132.59",,,"1","4","2","5",,,"11",,,,,,,,,"10162",,,"8",,,,,"9","240",,,,,,,,,,,,,"236","52","798","172","7","0",,"1","1FFF1F","1AAAA1AAA1AAAA","4",,,,
"4301568","2019-09-05T11:00:00","29.29","-131.35",,,"1","4","2","5",,,"11",,,,,,,,,"10175",,,"8",,,,,"9","248",,,,,,,,,,,,,"236","91","798","172","7","0",,"1","1FFF1F","1AAAA1AAA1AAAA","4",,,,
"4301571","2019-09-05T11:00:00","24.15","-132.90",,,"1","4","2","5",,,"11",,,,,,,,,"10160",,,"8",,,,,"9","241",,,,,,,,,,,,,"236","42","798","172","7","0",,"1","1FFF1F","1AAAA1AAA1AAAA","4",,,,
"4600616","2019-09-05T11:00:00","26.10","-137.62",,,"1","4","2","5",,,"11",,,,,,,,,,,,"8",,,,,"9","255",,,,,,,,,,,,,"236","67","798","172","7","1","2","1","1FFFFF","1AAAAAAAA1AAAA","4",,,,
"5102585","2019-09-05T11:00:00","28.66","-138.73",,,"1","4","2","5",,,"11",,,,,,,,,,,,"8",,,,,"9","261",,,,,,,,,,,,,"236","88","798","172","7","0",,"1","3FFFFF","1AAAAAAAA1AAAA","4",,,,
"5102593","2019-09-05T11:00:00","21.22","-131.50",,,"1","4","2","5",,,"11",,,,,,,,,,,,"8",,,,,"9","256",,,,,,,,,,,,,"236","11","798","172","7","0",,"1","1FFFFF","1AAAAAAAA1AAAA","4",,,,
"3201644","2019-09-05T12:00:00","25.88","-137.85",,,"1","4","2","5",,,"11",,,,,,,,,,,,"8",,,,,"9","256",,,,,,,,,,,,,"236","57","798","172","7","0",,"1","1FFFFF","1AAAAAAAA1AAAA","4",,,,
"4301564","2019-09-05T12:00:00","29.63","-130.77",,,"1","4","2","5",,,"11",,,,,,,,,"10175",,,"8",,,,,"9","247",,,,,,,,,,,,,"236","90","798","172","7","0",,"1","1FFF1F","1AAAA1AAA1AAAA","4",,,,
"4301567","2019-09-05T12:00:00","25.52","-132.59",,,"1","4","2","5",,,"11",,,,,,,,,"10163",,,"8",,,,,"9","240",,,,,,,,,,,,,"236","52","798","172","7","0",,"1","1FFF1F","1AAAA1AAA1AAAA","4",,,,
"4301568","2019-09-05T12:00:00","29.29","-131.36",,,"1","4","2","5",,,"11",,,,,,,,,"10175",,,"8",,,,,"9","247",,,,,,,,,,,,,"236","91","798","172","7","0",,"1","1FFF1F","1AAAA1AAA1AAAA","4",,,,
"4301571","2019-09-05T12:00:00","24.15","-132.89",,,"1","4","2","5",,,"11",,,,,,,,,"10157",,,"8",,,,,"9","241",,,,,,,,,,,,,"236","42","798","172","7","0",,"1","1FFF1F","1AAAA1AAA1AAAA","4",,,,
"4600616","2019-09-05T12:00:00","26.10","-137.62",,,"1","4","2","5",,,"11",,,,,,,,,,,,"8",,,,,"9","255",,,,,,,,,,,,,"236","67","798","172","7","1","2","1","1FFFFF","1AAAAAAAA1AAAA","4",,,,
"5102585","2019-09-05T12:00:00","28.66","-138.73",,,"1","4","2","5",,,"11",,,,,,,,,,,,"8",,,,,"9","261",,,,,,,,,,,,,"236","88","798","172","7","0",,"1","3FFFFF","1AAAAAAAA1AAAA","4",,,,
"5102593","2019-09-05T12:00:00","21.23","-131.49",,,"1","4","2","5",,,"11",,,,,,,,,,,,"8",,,,,"9","256",,,,,,,,,,,,,"236","11","798","172","7","0",,"1","1FFFFF","1AAAAAAAA1AAAA","4",,,,
"4301564","2019-09-05T13:00:00","29.64","-130.77",,,"1","4","2","5",,,"11",,,,,,,,,"10179",,,"8",,,,,"9","247",,,,,,,,,,,,,"236","90","798","172","7","0",,"1","1FFF1F","1AAAA1AAA1AAAA","4",,,,
"4301567","2019-09-05T13:00:00","25.52","-132.59",,,"1","4","2","5",,,"11",,,,,,,,,"10167",,,"8",,,,,"9","240",,,,,,,,,,,,,"236","52","798","172","7","0",,"1","1FFF1F","1AAAA1AAA1AAAA","4",,,,
"4301568","2019-09-05T13:00:00","29.29","-131.36",,,"1","4","2","5",,,"11",,,,,,,,,"10179",,,"8",,,,,"9","246",,,,,,,,,,,,,"236","91","798","172","7","0",,"1","1FFF1F","1AAAA1AAA1AAAA","4",,,,
"4301571","2019-09-05T13:00:00","24.14","-132.89",,,"1","4","2","5",,,"11",,,,,,,,,"10160",,,"8",,,,,"9","241",,,,,,,,,,,,,"236","42","798","172","7","0",,"1","1FFF1F","1AAAA1AAA1AAAA","4",,,,
"4600616","2019-09-05T13:00:00","26.11","-137.62",,,"1","4","2","5",,,"11",,,,,,,,,,,,"8",,,,,"9","255",,,,,,,,,,,,,"236","67","798","172","7","1","2","1","1FFFFF","1AAAAAAAA1AAAA","4",,,,
"5102585","2019-09-05T13:00:00","28.66","-138.73",,,"1","4","2","5",,,"11",,,,,,,,,,,,"8",,,,,"9","261",,,,,,,,,,,,,"236","88","798","172","7","0",,"1","3FFFFF","1AAAAAAAA1AAAA","4",,,,
"5102593","2019-09-05T13:00:00","21.24","-131.49",,,"1","4","2","5",,,"11",,,,,,,,,,,,"8",,,,,"9","256",,,,,,,,,,,,,"236","11","798","172","7","0",,"1","1FFFFF","1AAAAAAAA1AAAA","4",,,,
"4301611","2019-09-05T13:02:00","25.27","-138.44",,,"1","4","2","5",,,"11",,,,,,,,,"10171",,,"8",,,,,"9","255",,,,,,,,,,,,,"236","58","798","172","7","0",,"1","1FFF1F","1AAAA1AAA1AAAA","4",,,,
"3201644","2019-09-05T14:00:00","25.89","-137.84",,,"1","4","2","5",,,"11",,,,,,,,,,,,"8",,,,,"9","256",,,,,,,,,,,,,"236","57","798","172","7","0",,"1","1FFFFF","1AAAAAAAA1AAAA","4",,,,
"4301564","2019-09-05T14:00:00","29.64","-130.77",,,"1","4","2","5",,,"11",,,,,,,,,"10184",,,"8",,,,,"9","247",,,,,,,,,,,,,"236","90","798","172","7","0",,"1","1FFF1F","1AAAA1AAA1AAAA","4",,,,
"4301568","2019-09-05T14:00:00","29.30","-131.36",,,"1","4","2","5",,,"11",,,,,,,,,"10182",,,"8",,,,,"9","246",,,,,,,,,,,,,"236","91","798","172","7","0",,"1","1FFF1F","1AAAA1AAA1AAAA","4",,,,
"4301571","2019-09-05T14:00:00","24.14","-132.89",,,"1","4","2","5",,,"11",,,,,,,,,"10163",,,"8",,,,,"9","241",,,,,,,,,,,,,"236","42","798","172","7","0",,"1","1FFF1F","1AAAA1AAA1AAAA","4",,,,
"4301611","2019-09-05T14:00:00","25.26","-138.45",,,"1","4","2","5",,,"11",,,,,,,,,"10175",,,"8",,,,,"9","255",,,,,,,,,,,,,"236","58","798","172","7","0",,"1","1FFF1F","1AAAA1AAA1AAAA","4",,,,
"4600616","2019-09-05T14:00:00","26.10","-137.62",,,"1","4","2","5",,,"11",,,,,,,,,,,,"8",,,,,"9","255",,,,,,,,,,,,,"236","67","798","172","7","1","2","1","1FFFFF","1AAAAAAAA1AAAA","4",,,,
"5102585","2019-09-05T14:00:00","28.67","-138.73",,,"1","4","2","5",,,"11",,,,,,,,,,,,"8",,,,,"9","261",,,,,,,,,,,,,"236","88","798","172","7","0",,"1","3FFFFF","1AAAAAAAA1AAAA","4",,,,
"5102593","2019-09-05T14:00:00","21.24","-131.48",,,"1","4","2","5",,,"11",,,,,,,,,,,,"8",,,,,"9","256",,,,,,,,,,,,,"236","11","798","172","7","0",,"1","1FFFFF","1AAAAAAAA1AAAA","4",,,,
"4301564","2019-09-05T15:00:00","29.64","-130.77",,,"1","4","2","5",,,"11",,,,,,,,,"10187",,,"8",,,,,"9","247",,,,,,,,,,,,,"236","90","798","172","7","0",,"2","1FFF1F","1AAAA1AAA1AAAA","4",,,,
"4301567","2019-09-05T15:00:00","25.53","-132.59",,,"1","4","2","5",,,"11",,,,,,,,,"10173",,,"8",,,,,"9","240",,,,,,,,,,,,,"236","52","798","172","7","0",,"2","1FFF1F","1AAAA1AAA1AAAA","4",,,,
"4301568","2019-09-05T15:00:00","29.30","-131.36",,,"1","4","2","5",,,"11",,,,,,,,,"10188",,,"8",,,,,"9","245",,,,,,,,,,,,,"236","91","798","172","7","0",,"2","1FFF1F","1AAAA1AAA1AAAA","4",,,,
"4301571","2019-09-05T15:00:00","24.14","-132.89",,,"1","4","2","5",,,"11",,,,,,,,,"10166",,,"8",,,,,"9","241",,,,,,,,,,,,,"236","42","798","172","7","0",,"2","1FFF1F","1AAAA1AAA1AAAA","4",,,,
"4600616","2019-09-05T15:00:00","26.10","-137.62",,,"1","4","2","5",,,"11",,,,,,,,,,,,"8",,,,,"9","255",,,,,,,,,,,,,"236","67","798","172","7","1","2","1","1FFFFF","1AAAAAAAA1AAAA","4",,,,
"5102585","2019-09-05T15:00:00","28.66","-138.73",,,"1","4","2","5",,,"11",,,,,,,,,,,,"8",,,,,"9","260",,,,,,,,,,,,,"236","88","798","172","7","0",,"1","3FFFFF","1AAAAAAAA1AAAA","4",,,,
"5102593","2019-09-05T15:00:00","21.25","-131.48",,,"1","4","2","5",,,"11",,,,,,,,,,,,"8",,,,,"9","256",,,,,,,,,,,,,"236","11","798","172","7","0",,"2","1FFFFF","1AAAAAAAA1AAAA","4",,,,
"4301564","2019-09-05T16:00:00","29.64","-130.77",,,"1","4","2","5",,,"11",,,,,,,,,"10192",,,"8",,,,,"9","247",,,,,,,,,,,,,"236","90","798","172","7","0",,"2","1FFF1F","1AAAA1AAA1AAAA","4",,,,
"4301567","2019-09-05T16:00:00","25.54","-132.59",,,"1","4","2","5",,,"11",,,,,,,,,"10177",,,"8",,,,,"9","240",,,,,,,,,,,,,"236","52","798","172","7","0",,"2","1FFF1F","1AAAA1AAA1AAAA","4",,,,
"4301568","2019-09-05T16:00:00","29.31","-131.36",,,"1","4","2","5",,,"11",,,,,,,,,"10193",,,"8",,,,,"9","246",,,,,,,,,,,,,"236","91","798","172","7","0",,"2","1FFF1F","1AAAA1AAA1AAAA","4",,,,
"4301571","2019-09-05T16:00:00","24.14","-132.89",,,"1","4","2","5",,,"11",,,,,,,,,"10169",,,"8",,,,,"9","241",,,,,,,,,,,,,"236","42","798","172","7","0",,"2","1FFF1F","1AAAA1AAA1AAAA","4",,,,
"4600616","2019-09-05T16:00:00","26.10","-137.62",,,"1","4","2","5",,,"11",,,,,,,,,,,,"8",,,,,"9","255",,,,,,,,,,,,,"236","67","798","172","7","1","2","2","1FFFFF","1AAAAAAAA1AAAA","4",,,,
"5102585","2019-09-05T16:00:00","28.66","-138.73",,,"1","4","2","5",,,"11",,,,,,,,,,,,"8",,,,,"9","260",,,,,,,,,,,,,"236","88","798","172","7","0",,"2","3FFFFF","1AAAAAAAA1AAAA","4",,,,
"5102593","2019-09-05T16:00:00","21.25","-131.47",,,"1","4","2","5",,,"11",,,,,,,,,,,,"8",,,,,"9","256",,,,,,,,,,,,,"236","11","798","172","7","0",,"2","1FFFFF","1AAAAAAAA1AAAA","4",,,,
"4301611","2019-09-05T16:04:00","25.25","-138.46",,,"1","4","2","5",,,"11",,,,,,,,,"10182",,,"8",,,,,"9","255",,,,,,,,,,,,,"236","58","798","172","7","0",,"2","1FFF1F","1AAAA1AAA1AAAA","4",,,,
"3201644","2019-09-05T17:00:00","25.90","-137.83",,,"1","4","2","5",,,"11",,,,,,,,,,,,"8",,,,,"9","256",,,,,,,,,,,,,"236","57","798","172","7","0",,"2","1FFFFF","1AAAAAAAA1AAAA","4",,,,
"4301564","2019-09-05T17:00:00","29.64","-130.76",,,"1","4","2","5",,,"11",,,,,,,,,"10196",,,"8",,,,,"9","247",,,,,,,,,,,,,"236","90","798","172","7","0",,"2","1FFF1F","1AAAA1AAA1AAAA","4",,,,
"4301567","2019-09-05T17:00:00","25.54","-132.59",,,"1","4","2","5",,,"11",,,,,,,,,"10179",,,"8",,,,,"9","240",,,,,,,,,,,,,"236","52","798","172","7","0",,"2","1FFF1F","1AAAA1AAA1AAAA","4",,,,
"4301571","2019-09-05T17:00:00","24.13","-132.88",,,"1","4","2","5",,,"11",,,,,,,,,"10171",,,"8",,,,,"9","241",,,,,,,,,,,,,"236","42","798","172","7","0",,"2","1FFF1F","1AAAA1AAA1AAAA","4",,,,
"4600616","2019-09-05T17:00:00","26.10","-137.62",,,"1","4","2","5",,,"11",,,,,,,,,,,,"8",,,,,"9","255",,,,,,,,,,,,,"236","67","798","172","7","1","2","2","1FFFFF","1AAAAAAAA1AAAA","4",,,,
"5102585","2019-09-05T17:00:00","28.65","-138.73",,,"1","4","2","5",,,"11",,,,,,,,,,,,"8",,,,,"9","260",,,,,,,,,,,,,"236","88","798","172","7","0",,"2","3FFFFF","1AAAAAAAA1AAAA","4",,,,
"5102593","2019-09-05T17:00:00","21.25","-131.47",,,"1","4","2","5",,,"11",,,,,,,,,,,,"8",,,,,"9","256",,,,,,,,,,,,,"236","11","798","172","7","0",,"2","1FFFFF","1AAAAAAAA1AAAA","4",,,,
"4301568","2019-09-05T17:01:00","29.32","-131.35",,,"1","4","2","5",,,"11",,,,,,,,,"10198",,,"8",,,,,"9","246",,,,,,,,,,,,,"236","91","798","172","7","0",,"2","1FFF1F","1AAAA1AAA1AAAA","4",,,,
"4301611","2019-09-05T17:02:00","25.24","-138.47",,,"1","4","2","5",,,"11",,,,,,,,,"10184",,,"8",,,,,"9","255",,,,,,,,,,,,,"236","58","798","172","7","0",,"2","1FFF1F","1AAAA1AAA1AAAA","4",,,,
"4301564","2019-09-05T18:00:00","29.65","-130.76",,,"1","4","2","5",,,"11",,,,,,,,,"10199",,,"8",,,,,"9","248",,,,,,,,,,,,,"236","90","798","172","7","0",,"2","1FFF1F","1AAAA1AAA1AAAA","4",,,,
"4301567","2019-09-05T18:00:00","25.54","-132.59",,,"1","4","2","5",,,"11",,,,,,,,,"10182",,,"8",,,,,"9","240",,,,,,,,,,,,,"236","52","798","172","7","0",,"2","1FFF1F","1AAAA1AAA1AAAA","4",,,,
"4301568","2019-09-05T18:00:00","29.32","-131.34",,,"1","4","2","5",,,"11",,,,,,,,,"10198",,,"8",,,,,"9","246",,,,,,,,,,,,,"236","91","798","172","7","0",,"2","1FFF1F","1AAAA1AAA1AAAA","4",,,,
"4301571","2019-09-05T18:00:00","24.13","-132.88",,,"1","4","2","5",,,"11",,,,,,,,,"10174",,,"8",,,,,"9","241",,,,,,,,,,,,,"236","42","798","172","7","0",,"2","1FFF1F","1AAAA1AAA1AAAA","4",,,,
"4301611","2019-09-05T18:00:00","25.23","-138.47",,,"1","4","2","5",,,"11",,,,,,,,,"10188",,,"8",,,,,"9","255",,,,,,,,,,,,,"236","58","798","172","7","0",,"2","1FFF1F","1AAAA1AAA1AAAA","4",,,,
"4600616","2019-09-05T18:00:00","26.10","-137.62",,,"1","4","2","5",,,"11",,,,,,,,,,,,"8",,,,,"9","255",,,,,,,,,,,,,"236","67","798","172","7","1","2","2","1FFFFF","1AAAAAAAA1AAAA","4",,,,
"5102585","2019-09-05T18:00:00","28.65","-138.72",,,"1","4","2","5",,,"11",,,,,,,,,,,,"8",,,,,"9","261",,,,,,,,,,,,,"236","88","798","172","7","0",,"2","3FFFFF","1AAAAAAAA1AAAA","4",,,,
"5102593","2019-09-05T18:00:00","21.25","-131.47",,,"1","4","2","5",,,"11",,,,,,,,,,,,"8",,,,,"9","256",,,,,,,,,,,,,"236","11","798","172","7","0",,"2","1FFFFF","1AAAAAAAA1AAAA","4",,,,
"3201644","2019-09-05T18:02:00","25.90","-137.83",,,"1","4","2","5",,,"11",,,,,,,,,,,,"8",,,,,"9","256",,,,,,,,,,,,,"236","57","798","172","7","0",,"2","1FFFFF","1AAAAAAAA1AAAA","4",,,,
"4301564","2019-09-05T19:00:00","29.65","-130.76",,,"1","4","2","5",,,"11",,,,,,,,,"10197",,,"8",,,,,"9","249",,,,,,,,,,,,,"236","90","798","172","7","0",,"2","1FFF1F","1AAAA1AAA1AAAA","4",,,,
"4301568","2019-09-05T19:00:00","29.32","-131.34",,,"1","4","2","5",,,"11",,,,,,,,,"10199",,,"8",,,,,"9","248",,,,,,,,,,,,,"236","91","798","172","7","0",,"2","1FFF1F","1AAAA1AAA1AAAA","4",,,,
"4301571","2019-09-05T19:00:00","24.13","-132.88",,,"1","4","2","5",,,"11",,,,,,,,,"10174",,,"8",,,,,"9","241",,,,,,,,,,,,,"236","42","798","172","7","0",,"2","1FFF1F","1AAAA1AAA1AAAA","4",,,,
"4301611","2019-09-05T19:00:00","25.23","-138.48",,,"1","4","2","5",,,"11",,,,,,,,,"10186",,,"8",,,,,"9","255",,,,,,,,,,,,,"236","58","798","172","7","0",,"2","1FFF1F","1AAAA1AAA1AAAA","4",,,,
"4600616","2019-09-05T19:00:00","26.10","-137.63",,,"1","4","2","5",,,"11",,,,,,,,,,,,"8",,,,,"9","256",,,,,,,,,,,,,"236","67","798","172","7","1","2","2","1FFFFF","1AAAAAAAA1AAAA","4",,,,
"5102585","2019-09-05T19:00:00","28.64","-138.72",,,"1","4","2","5",,,"11",,,,,,,,,,,,"8",,,,,"9","261",,,,,,,,,,,,,"236","88","798","172","7","0",,"2","3FFFFF","1AAAAAAAA1AAAA","4",,,,
"5102593","2019-09-05T19:00:00","21.26","-131.46",,,"1","4","2","5",,,"11",,,,,,,,,,,,"8",,,,,"9","256",,,,,,,,,,,,,"236","11","798","172","7","0",,"2","1FFFFF","1AAAAAAAA1AAAA","4",,,,
"4301567","2019-09-05T19:04:00","25.55","-132.59",,,"1","4","2","5",,,"11",,,,,,,,,"10182",,,"8",,,,,"9","241",,,,,,,,,,,,,"236","52","798","172","7","0",,"2","1FFF1F","1AAAA1AAA1AAAA","4",,,,
"4301564","2019-09-05T20:00:00","29.65","-130.76",,,"1","4","2","5",,,"11",,,,,,,,,"10194",,,"8",,,,,"9","251",,,,,,,,,,,,,"236","90","798","172","7","0",,"2","3FFF1F","1AAAA1AAA1AAAA","4",,,,
"4301567","2019-09-05T20:00:00","25.55","-132.58",,,"1","4","2","5",,,"11",,,,,,,,,"10179",,,"8",,,,,"9","241",,,,,,,,,,,,,"236","52","798","172","7","0",,"2","1FFF1F","1AAAA1AAA1AAAA","4",,,,
"4301568","2019-09-05T20:00:00","29.32","-131.33",,,"1","4","2","5",,,"11",,,,,,,,,"10195",,,"8",,,,,"9","250",,,,,,,,,,,,,"236","91","798","172","7","0",,"2","3FFF1F","1AAAA1AAA1AAAA","4",,,,
"4301571","2019-09-05T20:00:00","24.13","-132.87",,,"1","4","2","5",,,"11",,,,,,,,,"10170",,,"8",,,,,"9","242",,,,,,,,,,,,,"236","42","798","172","7","0",,"2","1FFF1F","1AAAA1AAA1AAAA","4",,,,
"4600616","2019-09-05T20:00:00","26.10","-137.63",,,"1","4","2","5",,,"11",,,,,,,,,,,,"8",,,,,"9","257",,,,,,,,,,,,,"236","67","798","172","7","1","2","2","1FFFFF","1AAAAAAAA1AAAA","4",,,,
"5102585","2019-09-05T20:00:00","28.64","-138.72",,,"1","4","2","5",,,"11",,,,,,,,,,,,"8",,,,,"9","261",,,,,,,,,,,,,"236","88","798","172","7","0",,"2","3FFFFF","1AAAAAAAA1AAAA","4",,,,
"5102593","2019-09-05T20:00:00","21.26","-131.46",,,"1","4","2","5",,,"11",,,,,,,,,,,,"8",,,,,"9","256",,,,,,,,,,,,,"236","11","798","172","7","0",,"2","1FFFFF","1AAAAAAAA1AAAA","4",,,,
"4301611","2019-09-05T20:04:00","25.22","-138.49",,,"1","4","2","5",,,"11",,,,,,,,,"10184",,,"8",,,,,"9","256",,,,,,,,,,,,,"236","58","798","172","7","0",,"2","1FFF1F","1AAAA1AAA1AAAA","4",,,,
"4301567","2019-09-05T21:00:00","25.55","-132.58",,,"1","4","2","5",,,"11",,,,,,,,,"10175",,,"8",,,,,"9","241",,,,,,,,,,,,,"236","52","798","172","7","0",,"2","1FFF1F","1AAAA1AAA1AAAA","4",,,,
"4301568","2019-09-05T21:00:00","29.32","-131.32",,,"1","4","2","5",,,"11",,,,,,,,,"10195",,,"8",,,,,"9","249",,,,,,,,,,,,,"236","91","798","172","7","0",,"2","1FFF1F","1AAAA1AAA1AAAA","4",,,,
"4301571","2019-09-05T21:00:00","24.12","-132.87",,,"1","4","2","5",,,"11",,,,,,,,,"10167",,,"8",,,,,"9","243",,,,,,,,,,,,,"236","42","798","172","7","0",,"2","1FFF1F","1AAAA1AAA1AAAA","4",,,,
"4600616","2019-09-05T21:00:00","26.10","-137.63",,,"1","4","2","5",,,"11",,,,,,,,,,,,"8",,,,,"9","257",,,,,,,,,,,,,"236","67","798","172","7","1","2","2","1FFFFF","1AAAAAAAA1AAAA","4",,,,
"5102585","2019-09-05T21:00:00","28.63","-138.72",,,"1","4","2","5",,,"11",,,,,,,,,,,,"8",,,,,"9","262",,,,,,,,,,,,,"236","88","798","172","7","0",,"2","3FFFFF","1AAAAAAAA1AAAA","4",,,,
"5102593","2019-09-05T21:00:00","21.27","-131.45",,,"1","4","2","5",,,"11",,,,,,,,,,,,"8",,,,,"9","256",,,,,,,,,,,,,"236","11","798","172","7","0",,"2","1FFFFF","1AAAAAAAA1AAAA","4",,,,
"4301611","2019-09-05T21:01:00","25.22","-138.49",,,"1","4","2","5",,,"11",,,,,,,,,"10182",,,"8",,,,,"9","257",,,,,,,,,,,,,"236","58","798","172","7","0",,"2","1FFF1F","1AAAA1AAA1AAAA","4",,,,
"4301564","2019-09-05T21:04:00","29.65","-130.75",,,"1","4","2","5",,,"11",,,,,,,,,"10193",,,"8",,,,,"9","251",,,,,,,,,,,,,"236","90","798","172","7","0",,"2","3FFF1F","1AAAA1AAA1AAAA","4",,,,
"4301567","2019-09-05T22:00:00","25.55","-132.58",,,"1","4","2","5",,,"11",,,,,,,,,"10172",,,"8",,,,,"9","242",,,,,,,,,,,,,"236","52","798","172","7","0",,"2","1FFF1F","1AAAA1AAA1AAAA","4",,,,
"4301568","2019-09-05T22:00:00","29.33","-131.31",,,"1","4","2","5",,,"11",,,,,,,,,"10192",,,"8",,,,,"9","249",,,,,,,,,,,,,"236","91","798","172","7","0",,"2","1FFF1F","1AAAA1AAA1AAAA","4",,,,
"4301571","2019-09-05T22:00:00","24.12","-132.87",,,"1","4","2","5",,,"11",,,,,,,,,"10163",,,"8",,,,,"9","243",,,,,,,,,,,,,"236","42","798","172","7","0",,"2","1FFF1F","1AAAA1AAA1AAAA","4",,,,
"4301611","2019-09-05T22:00:00","25.21","-138.49",,,"1","4","2","5",,,"11",,,,,,,,,"10178",,,"8",,,,,"9","257",,,,,,,,,,,,,"236","58","798","172","7","0",,"2","1FFF1F","1AAAA1AAA1AAAA","4",,,,
"4600616","2019-09-05T22:00:00","26.10","-137.63",,,"1","4","2","5",,,"11",,,,,,,,,,,,"8",,,,,"9","258",,,,,,,,,,,,,"236","67","798","172","7","1","2","2","3FFFFF","1AAAAAAAA1AAAA","4",,,,
"5102585","2019-09-05T22:00:00","28.63","-138.73",,,"1","4","2","5",,,"11",,,,,,,,,,,,"8",,,,,"9","262",,,,,,,,,,,,,"236","88","798","172","7","0",,"2","3FFFFF","1AAAAAAAA1AAAA","4",,,,
"5102593","2019-09-05T22:00:00","21.27","-131.45",,,"1","4","2","5",,,"11",,,,,,,,,,,,"8",,,,,"9","257",,,,,,,,,,,,,"236","11","798","172","7","0",,"2","1FFFFF","1AAAAAAAA1AAAA","4",,,,
"3201644","2019-09-05T23:00:00","25.91","-137.80",,,"1","4","2","5",,,"11",,,,,,,,,,,,"8",,,,,"9","258",,,,,,,,,,,,,"236","57","798","172","7","0",,"2","1FFFFF","1AAAAAAAA1AAAA","4",,,,
"4301567","2019-09-05T23:00:00","25.55","-132.57",,,"1","4","2","5",,,"11",,,,,,,,,"10168",,,"8",,,,,"9","242",,,,,,,,,,,,,"236","52","798","172","7","0",,"2","1FFF1F","1AAAA1AAA1AAAA","4",,,,
"4301568","2019-09-05T23:00:00","29.32","-131.30",,,"1","4","2","5",,,"11",,,,,,,,,"10186",,,"8",,,,,"9","249",,,,,,,,,,,,,"236","91","798","172","7","0",,"2","1FFF1F","1AAAA1AAA1AAAA","4",,,,
"4301571","2019-09-05T23:00:00","24.11","-132.86",,,"1","4","2","5",,,"11",,,,,,,,,"10157",,,"8",,,,,"9","244",,,,,,,,,,,,,"236","42","798","172","7","0",,"2","1FFF1F","1AAAA1AAA1AAAA","4",,,,
"4301611","2019-09-05T23:00:00","25.20","-138.49",,,"1","4","2","5",,,"11",,,,,,,,,"10174",,,"8",,,,,"9","258",,,,,,,,,,,,,"236","58","798","172","7","0",,"2","1FFF1F","1AAAA1AAA1AAAA","4",,,,
"4600616","2019-09-05T23:00:00","26.10","-137.64",,,"1","4","2","5",,,"11",,,,,,,,,,,,"8",,,,,"9","259",,,,,,,,,,,,,"236","67","798","172","7","1","2","2","3FFFFF","1AAAAAAAA1AAAA","4",,,,
"5102585","2019-09-05T23:00:00","28.62","-138.73",,,"1","4","2","5",,,"11",,,,,,,,,,,,"8",,,,,"9","263",,,,,,,,,,,,,"236","88","798","172","7","0",,"2","3FFFFF","1AAAAAAAA1AAAA","4",,,,
"5102593","2019-09-05T23:00:00","21.28","-131.44",,,"1","4","2","5",,,"11",,,,,,,,,,,,"8",,,,,"9","257",,,,,,,,,,,,,"236","11","798","172","7","0",,"2","1FFFFF","1AAAAAAAA1AAAA","4",,,,
"4301564","2019-09-05T23:03:00","29.66","-130.74",,,"1","4","2","5",,,"11",,,,,,,,,"10186",,,"8",,,,,"9","251",,,,,,,,,,,,,"236","90","798","172","7","0",,"2","3FFF1F","1AAAA1AAA1AAAA","4",,,,
"4301567","2019-09-06T00:00:00","25.54","-132.58",,,"1","4","2","5",,,"11",,,,,,,,,"10167",,,"8",,,,,"9","242",,,,,,,,,,,,,"236","52","798","172","7","0",,"2","1FFF1F","1AAAA1AAA1AAAA","4",,,,
"4301568","2019-09-06T00:00:00","29.32","-131.30",,,"1","4","2","5",,,"11",,,,,,,,,"10184",,,"8",,,,,"9","249",,,,,,,,,,,,,"236","91","798","172","7","0",,"2","1FFF1F","1AAAA1AAA1AAAA","4",,,,
"4301571","2019-09-06T00:00:00","24.11","-132.86",,,"1","4","2","5",,,"11",,,,,,,,,"10157",,,"8",,,,,"9","244",,,,,,,,,,,,,"236","42","798","172","7","0",,"2","1FFF1F","1AAAA1AAA1AAAA","4",,,,
"4301611","2019-09-06T00:00:00","25.19","-138.49",,,"1","4","2","5",,,"11",,,,,,,,,"10170",,,"8",,,,,"9","258",,,,,,,,,,,,,"236","58","798","172","7","0",,"2","1FFF1F","1AAAA1AAA1AAAA","4",,,,
"4600616","2019-09-06T00:00:00","26.10","-137.64",,,"1","4","2","5",,,"11",,,,,,,,,,,,"8",,,,,"9","259",,,,,,,,,,,,,"236","67","798","172","7","1","2","2","3FFFFF","1AAAAAAAA1AAAA","4",,,,
"5102585","2019-09-06T00:00:00","28.62","-138.74",,,"1","4","2","5",,,"11",,,,,,,,,,,,"8",,,,,"9","263",,,,,,,,,,,,,"236","88","798","172","7","0",,"2","3FFFFF","1AAAAAAAA1AAAA","4",,,,
"5102593","2019-09-06T00:00:00","21.28","-131.43",,,"1","4","2","5",,,"11",,,,,,,,,,,,"8",,,,,"9","256",,,,,,,,,,,,,"236","11","798","172","7","0",,"2","1FFFFF","1AAAAAAAA1AAAA","4",,,,
"4301564","2019-09-06T00:03:00","29.65","-130.74",,,"1","4","2","5",,,"11",,,,,,,,,"10184",,,"8",,,,,"9","251",,,,,,,,,,,,,"236","90","798","172","7","0",,"2","3FFF1F","1AAAA1AAA1AAAA","4",,,,
"4301564","2019-09-06T01:00:00","29.65","-130.74",,,"1","4","2","5",,,"11",,,,,,,,,"10184",,,"8",,,,,"9","251",,,,,,,,,,,,,"236","90","798","172","7","0",,"2","3FFF1F","1AAAA1AAA1AAAA","4",,,,
"4301567","2019-09-06T01:00:00","25.54","-132.58",,,"1","4","2","5",,,"11",,,,,,,,,"10165",,,"8",,,,,"9","242",,,,,,,,,,,,,"236","52","798","172","7","0",,"2","1FFF1F","1AAAA1AAA1AAAA","4",,,,
"4301568","2019-09-06T01:00:00","29.32","-131.30",,,"1","4","2","5",,,"11",,,,,,,,,"10182",,,"8",,,,,"9","249",,,,,,,,,,,,,"236","91","798","172","7","0",,"2","1FFF1F","1AAAA1AAA1AAAA","4",,,,
"4301571","2019-09-06T01:00:00","24.10","-132.86",,,"1","4","2","5",,,"11",,,,,,,,,"10155",,,"8",,,,,"9","243",,,,,,,,,,,,,"236","42","798","172","7","0",,"2","1FFF1F","1AAAA1AAA1AAAA","4",,,,
"4301611","2019-09-06T01:00:00","25.18","-138.50",,,"1","4","2","5",,,"11",,,,,,,,,"10165",,,"8",,,,,"9","258",,,,,,,,,,,,,"236","58","798","172","7","0",,"2","1FFF1F","1AAAA1AAA1AAAA","4",,,,
"4600616","2019-09-06T01:00:00","26.10","-137.64",,,"1","4","2","5",,,"11",,,,,,,,,,,,"8",,,,,"9","259",,,,,,,,,,,,,"236","67","798","172","7","1","2","2","3FFFFF","1AAAAAAAA1AAAA","4",,,,
"5102585","2019-09-06T01:00:00","28.62","-138.74",,,"1","4","2","5",,,"11",,,,,,,,,,,,"8",,,,,"9","263",,,,,,,,,,,,,"236","88","798","172","7","0",,"2","3FFFFF","1AAAAAAAA1AAAA","4",,,,
"5102593","2019-09-06T01:00:00","21.27","-131.43",,,"1","4","2","5",,,"11",,,,,,,,,,,,"8",,,,,"9","256",,,,,,,,,,,,,"236","11","798","172","7","0",,"2","1FFFFF","1AAAAAAAA1AAAA","4",,,,
"3201644","2019-09-06T01:01:00","25.92","-137.78",,,"1","4","2","5",,,"11",,,,,,,,,,,,"8",,,,,"9","258",,,,,,,,,,,,,"236","57","798","172","7","0",,"2","1FFFFF","1AAAAAAAA1AAAA","4",,,,
"4301567","2019-09-06T02:00:00","25.53","-132.58",,,"1","4","2","5",,,"11",,,,,,,,,"10166",,,"8",,,,,"9","242",,,,,,,,,,,,,"236","52","798","172","7","0",,"2","1FFF1F","1AAAA1AAA1AAAA","4",,,,
"4301571","2019-09-06T02:00:00","24.10","-132.86",,,"1","4","2","5",,,"11",,,,,,,,,"10156",,,"8",,,,,"9","243",,,,,,,,,,,,,"236","42","798","172","7","0",,"2","1FFF1F","1AAAA1AAA1AAAA","4",,,,
"4301611","2019-09-06T02:00:00","25.18","-138.50",,,"1","4","2","5",,,"11",,,,,,,,,"10167",,,"8",,,,,"9","257",,,,,,,,,,,,,"236","58","798","172","7","0",,"2","1FFF1F","1AAAA1AAA1AAAA","4",,,,
"4600616","2019-09-06T02:00:00","26.10","-137.64",,,"1","4","2","5",,,"11",,,,,,,,,,,,"8",,,,,"9","258",,,,,,,,,,,,,"236","67","798","172","7","1","2","2","3FFFFF","1AAAAAAAA1AAAA","4",,,,
"5102585","2019-09-06T02:00:00","28.62","-138.74",,,"1","4","2","5",,,"11",,,,,,,,,,,,"8",,,,,"9","263",,,,,,,,,,,,,"236","88","798","172","7","0",,"2","3FFFFF","1AAAAAAAA1AAAA","4",,,,
"5102593","2019-09-06T02:00:00","21.27","-131.42",,,"1","4","2","5",,,"11",,,,,,,,,,,,"8",,,,,"9","256",,,,,,,,,,,,,"236","11","798","172","7","0",,"2","1FFFFF","1AAAAAAAA1AAAA","4",,,,
"3201644","2019-09-06T03:00:00","25.92","-137.76",,,"1","4","2","5",,,"11",,,,,,,,,,,,"8",,,,,"9","257",,,,,,,,,,,,,"236","57","798","172","7","0",,"2","1FFFFF","1AAAAAAAA1AAAA","4",,,,
"4301564","2019-09-06T03:00:00","29.65","-130.74",,,"1","4","2","5",,,"11",,,,,,,,,"10189",,,"8",,,,,"9","249",,,,,,,,,,,,,"236","90","798","172","7","0",,"1","1FFF1F","1AAAA1AAA1AAAA","4",,,,
"4301611","2019-09-06T03:00:00","25.17","-138.50",,,"1","4","2","5",,,"11",,,,,,,,,"10169",,,"8",,,,,"9","257",,,,,,,,,,,,,"236","58","798","172","7","0",,"2","1FFF1F","1AAAA1AAA1AAAA","4",,,,
"4600616","2019-09-06T03:00:00","26.10","-137.64",,,"1","4","2","5",,,"11",,,,,,,,,,,,"8",,,,,"9","257",,,,,,,,,,,,,"236","67","798","172","7","1","2","2","1FFFFF","1AAAAAAAA1AAAA","4",,,,
"5102585","2019-09-06T03:00:00","28.62","-138.74",,,"1","4","2","5",,,"11",,,,,,,,,,,,"8",,,,,"9","263",,,,,,,,,,,,,"236","88","798","172","7","0",,"2","3FFFFF","1AAAAAAAA1AAAA","4",,,,
"5102593","2019-09-06T03:00:00","21.27","-131.42",,,"1","4","2","5",,,"11",,,,,,,,,,,,"8",,,,,"9","256",,,,,,,,,,,,,"236","11","798","172","7","0",,"1","1FFFFF","1AAAAAAAA1AAAA","4",,,,
"4301571","2019-09-06T03:02:00","24.09","-132.86",,,"1","4","2","5",,,"11",,,,,,,,,"10158",,,"8",,,,,"9","243",,,,,,,,,,,,,"236","42","798","172","7","0",,"1","1FFF1F","1AAAA1AAA1AAAA","4",,,,
"4301567","2019-09-06T03:03:00","25.53","-132.58",,,"1","4","2","5",,,"11",,,,,,,,,"10167",,,"8",,,,,"9","242",,,,,,,,,,,,,"236","52","798","172","7","0",,"1","1FFF1F","1AAAA1AAA1AAAA","4",,,,
"4301568","2019-09-06T03:04:00","29.31","-131.29",,,"1","4","2","5",,,"11",,,,,,,,,"10187",,,"8",,,,,"9","248",,,,,,,,,,,,,"236","91","798","172","7","0",,"1","1FFF1F","1AAAA1AAA1AAAA","4",,,,
"3201644","2019-09-06T04:00:00","25.92","-137.75",,,"1","4","2","5",,,"11",,,,,,,,,,,,"8",,,,,"9","257",,,,,,,,,,,,,"236","57","798","172","7","0",,"1","1FFFFF","1AAAAAAAA1AAAA","4",,,,
"4301567","2019-09-06T04:00:00","25.53","-132.59",,,"1","4","2","5",,,"11",,,,,,,,,"10170",,,"8",,,,,"9","241",,,,,,,,,,,,,"236","52","798","172","7","0",,"1","1FFF1F","1AAAA1AAA1AAAA","4",,,,
"4600616","2019-09-06T04:00:00","26.10","-137.64",,,"1","4","2","5",,,"11",,,,,,,,,,,,"8",,,,,"9","257",,,,,,,,,,,,,"236","67","798","172","7","1","2","1","1FFFFF","1AAAAAAAA1AAAA","4",,,,
"5102585","2019-09-06T04:00:00","28.61","-138.74",,,"1","4","2","5",,,"11",,,,,,,,,,,,"8",,,,,"9","262",,,,,,,,,,,,,"236","88","798","172","7","0",,"1","3FFFFF","1AAAAAAAA1AAAA","4",,,,
"5102593","2019-09-06T04:00:00","21.26","-131.42",,,"1","4","2","5",,,"11",,,,,,,,,,,,"8",,,,,"9","256",,,,,,,,,,,,,"236","11","798","172","7","0",,"1","1FFFFF","1AAAAAAAA1AAAA","4",,,,
"4301568","2019-09-06T04:01:00","29.31","-131.29",,,"1","4","2","5",,,"11",,,,,,,,,"10193",,,"8",,,,,"9","248",,,,,,,,,,,,,"236","91","798","172","7","0",,"1","1FFF1F","1AAAA1AAA1AAAA","4",,,,
"4301611","2019-09-06T04:01:00","25.16","-138.51",,,"1","4","2","5",,,"11",,,,,,,,,"10172",,,"8",,,,,"9","256",,,,,,,,,,,,,"236","58","798","172","7","0",,"1","1FFF1F","1AAAA1AAA1AAAA","4",,,,
"4301571","2019-09-06T04:03:00","24.08","-132.86",,,"1","4","2","5",,,"11",,,,,,,,,"10162",,,"8",,,,,"9","242",,,,,,,,,,,,,"236","42","798","172","7","0",,"1","1FFF1F","1AAAA1AAA1AAAA","4",,,,
"4301564","2019-09-06T05:00:00","29.65","-130.74",,,"1","4","2","5",,,"11",,,,,,,,,"10199",,,"8",,,,,"9","248",,,,,,,,,,,,,"236","90","798","172","7","0",,"1","1FFF1F","1AAAA1AAA1AAAA","4",,,,
"4301567","2019-09-06T05:00:00","25.53","-132.60",,,"1","4","2","5",,,"11",,,,,,,,,"10174",,,"8",,,,,"9","241",,,,,,,,,,,,,"236","52","798","172","7","0",,"1","1FFF1F","1AAAA1AAA1AAAA","4",,,,
"4600616","2019-09-06T05:00:00","26.08","-137.63",,,"1","4","2","5",,,"11",,,,,,,,,,,,"8",,,,,"9","257",,,,,,,,,,,,,"236","67","798","172","7","1","2","1","1FFFFF","1AAAAAAAA1AAAA","4",,,,
"5102585","2019-09-06T05:00:00","28.60","-138.74",,,"1","4","2","5",,,"11",,,,,,,,,,,,"8",,,,,"9","261",,,,,,,,,,,,,"236","88","798","172","7","0",,"1","3FFFFF","1AAAAAAAA1AAAA","4",,,,
"5102593","2019-09-06T05:00:00","21.26","-131.42",,,"1","4","2","5",,,"11",,,,,,,,,,,,"8",,,,,"9","256",,,,,,,,,,,,,"236","11","798","172","7","0",,"1","1FFFFF","1AAAAAAAA1AAAA","4",,,,
"4301568","2019-09-06T05:01:00","29.31","-131.29",,,"1","4","2","5",,,"11",,,,,,,,,"10199",,,"8",,,,,"9","247",,,,,,,,,,,,,"236","91","798","172","7","0",,"1","1FFF1F","1AAAA1AAA1AAAA","4",,,,
"4301571","2019-09-06T05:04:00","24.08","-132.86",,,"1","4","2","5",,,"11",,,,,,,,,"10170",,,"8",,,,,"9","242",,,,,,,,,,,,,"236","42","798","172","7","0",,"1","1FFF1F","1AAAA1AAA1AAAA","4",,,,
"4301611","2019-09-06T05:04:00","25.14","-138.51",,,"1","4","2","5",,,"11",,,,,,,,,"10179",,,"8",,,,,"9","256",,,,,,,,,,,,,"236","58","798","172","7","0",,"1","1FFF1F","1AAAA1AAA1AAAA","4",,,,
"4301564","2019-09-06T06:00:00","29.65","-130.74",,,"1","4","2","5",,,"11",,,,,,,,,"10200",,,"8",,,,,"9","248",,,,,,,,,,,,,"236","90","798","172","7","0",,"1","1FFF1F","1AAAA1AAA1AAAA","4",,,,
"4301568","2019-09-06T06:00:00","29.31","-131.29",,,"1","4","2","5",,,"11",,,,,,,,,"10200",,,"8",,,,,"9","247",,,,,,,,,,,,,"236","91","798","172","7","0",,"1","1FFF1F","1AAAA1AAA1AAAA","4",,,,
"4301571","2019-09-06T06:00:00","24.07","-132.86",,,"1","4","2","5",,,"11",,,,,,,,,"10172",,,"8",,,,,"9","242",,,,,,,,,,,,,"236","42","798","172","7","0",,"1","1FFF1F","1AAAA1AAA1AAAA","4",,,,
"4301611","2019-09-06T06:00:00","25.13","-138.51",,,"1","4","2","5",,,"11",,,,,,,,,"10183",,,"8",,,,,"9","256",,,,,,,,,,,,,"236","58","798","172","7","0",,"1","1FFF1F","1AAAA1AAA1AAAA","4",,,,
"4600616","2019-09-06T06:00:00","26.08","-137.63",,,"1","4","2","5",,,"11",,,,,,,,,,,,"8",,,,,"9","257",,,,,,,,,,,,,"236","67","798","172","7","1","2","1","1FFFFF","1AAAAAAAA1AAAA","4",,,,
"5102585","2019-09-06T06:00:00","28.60","-138.75",,,"1","4","2","5",,,"11",,,,,,,,,,,,"8",,,,,"9","261",,,,,,,,,,,,,"236","88","798","172","7","0",,"1","3FFFFF","1AAAAAAAA1AAAA","4",,,,
"5102593","2019-09-06T06:00:00","21.25","-131.42",,,"1","4","2","5",,,"11",,,,,,,,,,,,"8",,,,,"9","256",,,,,,,,,,,,,"236","11","798","172","7","0",,"1","1FFFFF","1AAAAAAAA1AAAA","4",,,,
"4301567","2019-09-06T06:01:00","25.53","-132.61",,,"1","4","2","5",,,"11",,,,,,,,,"10180",,,"8",,,,,"9","241",,,,,,,,,,,,,"236","52","798","172","7","0",,"1","1FFF1F","1AAAA1AAA1AAAA","4",,,,
"3201644","2019-09-06T07:00:00","25.91","-137.74",,,"1","4","2","5",,,"11",,,,,,,,,,,,"8",,,,,"9","257",,,,,,,,,,,,,"236","57","798","172","7","0",,"1","1FFFFF","1AAAAAAAA1AAAA","4",,,,
"4301564","2019-09-06T07:00:00","29.65","-130.74",,,"1","4","2","5",,,"11",,,,,,,,,"10200",,,"8",,,,,"9","248",,,,,,,,,,,,,"236","90","798","172","7","0",,"1","1FFF1F","1AAAA1AAA1AAAA","4",,,,
"4301567","2019-09-06T07:00:00","25.53","-132.61",,,"1","4","2","5",,,"11",,,,,,,,,"10179",,,"8",,,,,"9","241",,,,,,,,,,,,,"236","52","798","172","7","0",,"1","1FFF1F","1AAAA1AAA1AAAA","4",,,,
"4301568","2019-09-06T07:00:00","29.31","-131.29",,,"1","4","2","5",,,"11",,,,,,,,,"10200",,,"8",,,,,"9","246",,,,,,,,,,,,,"236","91","798","172","7","0",,"1","1FFF1F","1AAAA1AAA1AAAA","4",,,,
"4301571","2019-09-06T07:00:00","24.07","-132.86",,,"1","4","2","5",,,"11",,,,,,,,,"10173",,,"8",,,,,"9","242",,,,,,,,,,,,,"236","42","798","172","7","0",,"1","1FFF1F","1AAAA1AAA1AAAA","4",,,,
"4301611","2019-09-06T07:00:00","25.12","-138.52",,,"1","4","2","5",,,"11",,,,,,,,,"10182",,,"8",,,,,"9","255",,,,,,,,,,,,,"236","58","798","172","7","0",,"1","1FFF1F","1AAAA1AAA1AAAA","4",,,,
"4600616","2019-09-06T07:00:00","26.07","-137.64",,,"1","4","2","5",,,"11",,,,,,,,,,,,"8",,,,,"9","256",,,,,,,,,,,,,"236","67","798","172","7","1","2","1","1FFFFF","1AAAAAAAA1AAAA","4",,,,
"5102585","2019-09-06T07:00:00","28.60","-138.75",,,"1","4","2","5",,,"11",,,,,,,,,,,,"8",,,,,"9","261",,,,,,,,,,,,,"236","88","798","172","7","0",,"1","3FFFFF","1AAAAAAAA1AAAA","4",,,,
"5102593","2019-09-06T07:00:00","21.25","-131.43",,,"1","4","2","5",,,"11",,,,,,,,,,,,"8",,,,,"9","256",,,,,,,,,,,,,"236","11","798","172","7","0",,"1","1FFFFF","1AAAAAAAA1AAAA","4",,,,
"4301567","2019-09-06T08:00:00","25.53","-132.62",,,"1","4","2","5",,,"11",,,,,,,,,"10177",,,"8",,,,,"9","241",,,,,,,,,,,,,"236","52","798","172","7","0",,"1","1FFF1F","1AAAA1AAA1AAAA","4",,,,
"4301568","2019-09-06T08:00:00","29.31","-131.30",,,"1","4","2","5",,,"11",,,,,,,,,"10197",,,"8",,,,,"9","246",,,,,,,,,,,,,"236","91","798","172","7","0",,"1","1FFF1F","1AAAA1AAA1AAAA","4",,,,
"4600616","2019-09-06T08:00:00","26.07","-137.64",,,"1","4","2","5",,,"11",,,,,,,,,,,,"8",,,,,"9","256",,,,,,,,,,,,,"236","67","798","172","7","1","2","1","1FFFFF","1AAAAAAAA1AAAA","4",,,,
"5102585","2019-09-06T08:00:00","28.60","-138.76",,,"1","4","2","5",,,"11",,,,,,,,,,,,"8",,,,,"9","261",,,,,,,,,,,,,"236","88","798","172","7","0",,"1","3FFFFF","1AAAAAAAA1AAAA","4",,,,
"5102593","2019-09-06T08:00:00","21.25","-131.43",,,"1","4","2","5",,,"11",,,,,,,,,,,,"8",,,,,"9","256",,,,,,,,,,,,,"236","11","798","172","7","0",,"1","1FFFFF","1AAAAAAAA1AAAA","4",,,,
"4301564","2019-09-06T08:02:00","29.65","-130.75",,,"1","4","2","5",,,"11",,,,,,,,,"10198",,,"8",,,,,"9","248",,,,,,,,,,,,,"236","90","798","172","7","0",,"1","1FFF1F","1AAAA1AAA1AAAA","4",,,,
"4301571","2019-09-06T08:02:00","24.07","-132.86",,,"1","4","2","5",,,"11",,,,,,,,,"10170",,,"8",,,,,"9","242",,,,,,,,,,,,,"236","42","798","172","7","0",,"1","1FFF1F","1AAAA1AAA1AAAA","4",,,,
"4301611","2019-09-06T08:04:00","25.11","-138.52",,,"1","4","2","5",,,"11",,,,,,,,,"10184",,,"8",,,,,"9","255",,,,,,,,,,,,,"236","58","798","172","7","0",,"1","1FFF1F","1AAAA1AAA1AAAA","4",,,,
"3201644","2019-09-06T09:00:00","25.90","-137.73",,,"1","4","2","5",,,"11",,,,,,,,,,,,"8",,,,,"9","256",,,,,,,,,,,,,"236","57","798","172","7","0",,"1","1FFFFF","1AAAAAAAA1AAAA","4",,,,
"4301564","2019-09-06T09:00:00","29.65","-130.75",,,"1","4","2","5",,,"11",,,,,,,,,"10197",,,"8",,,,,"9","248",,,,,,,,,,,,,"236","90","798","172","7","0",,"1","1FFF1F","1AAAA1AAA1AAAA","4",,,,
"4301567","2019-09-06T09:00:00","25.52","-132.63",,,"1","4","2","5",,,"11",,,,,,,,,"10175",,,"8",,,,,"9","241",,,,,,,,,,,,,"236","52","798","172","7","0",,"1","1FFF1F","1AAAA1AAA1AAAA","4",,,,
"4301568","2019-09-06T09:00:00","29.31","-131.30",,,"1","4","2","5",,,"11",,,,,,,,,"10196",,,"8",,,,,"9","246",,,,,,,,,,,,,"236","91","798","172","7","0",,"1","1FFF1F","1AAAA1AAA1AAAA","4",,,,
"4301571","2019-09-06T09:00:00","24.07","-132.86",,,"1","4","2","5",,,"11",,,,,,,,,"10170",,,"8",,,,,"9","242",,,,,,,,,,,,,"236","42","798","172","7","0",,"1","1FFF1F","1AAAA1AAA1AAAA","4",,,,
"4301611","2019-09-06T09:00:00","25.10","-138.53",,,"1","4","2","5",,,"11",,,,,,,,,"10183",,,"8",,,,,"9","255",,,,,,,,,,,,,"236","58","798","172","7","0",,"1","1FFF1F","1AAAA1AAA1AAAA","4",,,,
"4600616","2019-09-06T09:00:00","26.07","-137.64",,,"1","4","2","5",,,"11",,,,,,,,,,,,"8",,,,,"9","256",,,,,,,,,,,,,"236","67","798","172","7","1","2","1","1FFFFF","1AAAAAAAA1AAAA","4",,,,
"5102585","2019-09-06T09:00:00","28.60","-138.76",,,"1","4","2","5",,,"11",,,,,,,,,,,,"8",,,,,"9","261",,,,,,,,,,,,,"236","88","798","172","7","0",,"1","3FFFFF","1AAAAAAAA1AAAA","4",,,,
"5102593","2019-09-06T09:00:00","21.25","-131.43",,,"1","4","2","5",,,"11",,,,,,,,,,,,"8",,,,,"9","256",,,,,,,,,,,,,"236","11","798","172","7","0",,"1","1FFFFF","1AAAAAAAA1AAAA","4",,,,
"3201644","2019-09-06T10:00:00","25.91","-137.73",,,"1","4","2","5",,,"11",,,,,,,,,,,,"8",,,,,"9","256",,,,,,,,,,,,,"236","57","798","172","7","0",,"1","1FFFFF","1AAAAAAAA1AAAA","4",,,,
"4301564","2019-09-06T10:00:00","29.65","-130.75",,,"1","4","2","5",,,"11",,,,,,,,,"10194",,,"8",,,,,"9","248",,,,,,,,,,,,,"236","90","798","172","7","0",,"1","1FFF1F","1AAAA1AAA1AAAA","4",,,,
"4301567","2019-09-06T10:00:00","25.53","-132.64",,,"1","4","2","5",,,"11",,,,,,,,,"10174",,,"8",,,,,"9","241",,,,,,,,,,,,,"236","52","798","172","7","0",,"1","1FFF1F","1AAAA1AAA1AAAA","4",,,,
"4301568","2019-09-06T10:00:00","29.31","-131.29",,,"1","4","2","5",,,"11",,,,,,,,,"10192",,,"8",,,,,"9","245",,,,,,,,,,,,,"236","91","798","172","7","0",,"1","1FFF1F","1AAAA1AAA1AAAA","4",,,,
"4301571","2019-09-06T10:00:00","24.06","-132.86",,,"1","4","2","5",,,"11",,,,,,,,,"10165",,,"8",,,,,"9","241",,,,,,,,,,,,,"236","42","798","172","7","0",,"1","1FFF1F","1AAAA1AAA1AAAA","4",,,,
"4301611","2019-09-06T10:00:00","25.10","-138.53",,,"1","4","2","5",,,"11",,,,,,,,,"10181",,,"8",,,,,"9","255",,,,,,,,,,,,,"236","58","798","172","7","0",,"1","1FFF1F","1AAAA1AAA1AAAA","4",,,,
"4600616","2019-09-06T10:00:00","26.07","-137.64",,,"1","4","2","5",,,"11",,,,,,,,,,,,"8",,,,,"9","256",,,,,,,,,,,,,"236","67","798","172","7","1","2","1","1FFFFF","1AAAAAAAA1AAAA","4",,,,
"5102585","2019-09-06T10:00:00","28.60","-138.76",,,"1","4","2","5",,,"11",,,,,,,,,,,,"8",,,,,"9","260",,,,,,,,,,,,,"236","88","798","172","7","0",,"1","3FFFFF","1AAAAAAAA1AAAA","4",,,,
"5102593","2019-09-06T10:00:00","21.25","-131.44",,,"1","4","2","5",,,"11",,,,,,,,,,,,"8",,,,,"9","256",,,,,,,,,,,,,"236","11","798","172","7","0",,"1","1FFFFF","1AAAAAAAA1AAAA","4",,,,
"4301568","2019-09-06T11:00:00","29.31","-131.29",,,"1","4","2","5",,,"11",,,,,,,,,"10189",,,"8",,,,,"9","245",,,,,,,,,,,,,"236","91","798","172","7","0",,"1","1FFF1F","1AAAA1AAA1AAAA","4",,,,
"4301571","2019-09-06T11:00:00","24.06","-132.86",,,"1","4","2","5",,,"11",,,,,,,,,"10164",,,"8",,,,,"9","241",,,,,,,,,,,,,"236","42","798","172","7","0",,"1","1FFF1F","1AAAA1AAA1AAAA","4",,,,
"4301611","2019-09-06T11:00:00","25.09","-138.54",,,"1","4","2","5",,,"11",,,,,,,,,"10180",,,"8",,,,,"9","255",,,,,,,,,,,,,"236","58","798","172","7","0",,"1","1FFF1F","1AAAA1AAA1AAAA","4",,,,
"4600616","2019-09-06T11:00:00","26.08","-137.66",,,"1","4","2","5",,,"11",,,,,,,,,,,,"8",,,,,"9","256",,,,,,,,,,,,,"236","67","798","172","7","1","2","1","1FFFFF","1AAAAAAAA1AAAA","4",,,,
"5102585","2019-09-06T11:00:00","28.60","-138.76",,,"1","4","2","5",,,"11",,,,,,,,,,,,"8",,,,,"9","260",,,,,,,,,,,,,"236","88","798","172","7","0",,"1","3FFFFF","1AAAAAAAA1AAAA","4",,,,
"5102593","2019-09-06T11:00:00","21.26","-131.44",,,"1","4","2","5",,,"11",,,,,,,,,,,,"8",,,,,"9","255",,,,,,,,,,,,,"236","11","798","172","7","0",,"1","1FFFFF","1AAAAAAAA1AAAA","4",,,,
"4301567","2019-09-06T11:01:00","25.53","-132.64",,,"1","4","2","5",,,"11",,,,,,,,,"10171",,,"8",,,,,"9","240",,,,,,,,,,,,,"236","52","798","172","7","0",,"1","1FFF1F","1AAAA1AAA1AAAA","4",,,,
"4301564","2019-09-06T11:03:00","29.66","-130.75",,,"1","4","2","5",,,"11",,,,,,,,,"10192",,,"8",,,,,"9","248",,,,,,,,,,,,,"236","90","798","172","7","0",,"1","1FFF1F","1AAAA1AAA1AAAA","4",,,,
"4301564","2019-09-06T12:00:00","29.66","-130.75",,,"1","4","2","5",,,"11",,,,,,,,,"10193",,,"8",,,,,"9","247",,,,,,,,,,,,,"236","90","798","172","7","0",,"1","1FFF1F","1AAAA1AAA1AAAA","4",,,,
"4301568","2019-09-06T12:00:00","29.32","-131.29",,,"1","4","2","5",,,"11",,,,,,,,,"10191",,,"8",,,,,"9","245",,,,,,,,,,,,,"236","91","798","172","7","0",,"1","1FFF1F","1AAAA1AAA1AAAA","4",,,,
"4301571","2019-09-06T12:00:00","24.05","-132.86",,,"1","4","2","5",,,"11",,,,,,,,,"10166",,,"8",,,,,"9","241",,,,,,,,,,,,,"236","42","798","172","7","0",,"1","1FFF1F","1AAAA1AAA1AAAA","4",,,,
"4301611","2019-09-06T12:00:00","25.08","-138.54",,,"1","4","2","5",,,"11",,,,,,,,,"10176",,,"8",,,,,"9","255",,,,,,,,,,,,,"236","58","798","172","7","0",,"1","1FFF1F","1AAAA1AAA1AAAA","4",,,,
"4600616","2019-09-06T12:00:00","26.08","-137.66",,,"1","4","2","5",,,"11",,,,,,,,,,,,"8",,,,,"9","256",,,,,,,,,,,,,"236","67","798","172","7","1","2","1","1FFFFF","1AAAAAAAA1AAAA","4",,,,
"5102585","2019-09-06T12:00:00","28.60","-138.76",,,"1","4","2","5",,,"11",,,,,,,,,,,,"8",,,,,"9","260",,,,,,,,,,,,,"236","88","798","172","7","0",,"1","3FFFFF","1AAAAAAAA1AAAA","4",,,,
"5102593","2019-09-06T12:00:00","21.26","-131.45",,,"1","4","2","5",,,"11",,,,,,,,,,,,"8",,,,,"9","255",,,,,,,,,,,,,"236","11","798","172","7","0",,"1","1FFFFF","1AAAAAAAA1AAAA","4",,,,
"WDH6745","2019-09-06T12:00:00","28.20","-138.50",,,"1","6","2","5","2","4","1",,"90","4","72","1","98","2",,"10210","4","0","8","244",,"216","201","1",,"4",,"5","5","A","A",,"2","2","14","4","4","236","88","798","172","5","1","2","1","711111","1111A111111111",,"5",,,
"4301567","2019-09-06T12:01:00","25.54","-132.65",,,"1","4","2","5",,,"11",,,,,,,,,"10170",,,"8",,,,,"9","240",,,,,,,,,,,,,"236","52","798","172","7","0",,"1","1FFF1F","1AAAA1AAA1AAAA","4",,,,
"3201644","2019-09-06T13:00:00","25.92","-137.72",,,"1","4","2","5",,,"11",,,,,,,,,,,,"8",,,,,"9","256",,,,,,,,,,,,,"236","57","798","172","7","0",,"1","1FFFFF","1AAAAAAAA1AAAA","4",,,,
"4301567","2019-09-06T13:00:00","25.54","-132.66",,,"1","4","2","5",,,"11",,,,,,,,,"10177",,,"8",,,,,"9","240",,,,,,,,,,,,,"236","52","798","172","7","0",,"1","1FFF1F","1AAAA1AAA1AAAA","4",,,,
"4301568","2019-09-06T13:00:00","29.32","-131.30",,,"1","4","2","5",,,"11",,,,,,,,,"10195",,,"8",,,,,"9","245",,,,,,,,,,,,,"236","91","798","172","7","0",,"1","1FFF1F","1AAAA1AAA1AAAA","4",,,,
"4301571","2019-09-06T13:00:00","24.05","-132.86",,,"1","4","2","5",,,"11",,,,,,,,,"10168",,,"8",,,,,"9","241",,,,,,,,,,,,,"236","42","798","172","7","0",,"1","1FFF1F","1AAAA1AAA1AAAA","4",,,,
"4600616","2019-09-06T13:00:00","26.07","-137.64",,,"1","4","2","5",,,"11",,,,,,,,,,,,"8",,,,,"9","256",,,,,,,,,,,,,"236","67","798","172","7","1","2","1","1FFFFF","1AAAAAAAA1AAAA","4",,,,
"5102585","2019-09-06T13:00:00","28.60","-138.75",,,"1","4","2","5",,,"11",,,,,,,,,,,,"8",,,,,"9","260",,,,,,,,,,,,,"236","88","798","172","7","0",,"1","3FFFFF","1AAAAAAAA1AAAA","4",,,,
"5102593","2019-09-06T13:00:00","21.27","-131.45",,,"1","4","2","5",,,"11",,,,,,,,,,,,"8",,,,,"9","255",,,,,,,,,,,,,"236","11","798","172","7","0",,"1","1FFFFF","1AAAAAAAA1AAAA","4",,,,
"4301611","2019-09-06T13:02:00","25.08","-138.54",,,"1","4","2","5",,,"11",,,,,,,,,"10175",,,"8",,,,,"9","254",,,,,,,,,,,,,"236","58","798","172","7","0",,"1","1FFF1F","1AAAA1AAA1AAAA","4",,,,
"4301571","2019-09-06T14:00:00","24.05","-132.86",,,"1","4","2","5",,,"11",,,,,,,,,"10172",,,"8",,,,,"9","241",,,,,,,,,,,,,"236","42","798","172","7","0",,"1","1FFF1F","1AAAA1AAA1AAAA","4",,,,
"4301611","2019-09-06T14:00:00","25.07","-138.54",,,"1","4","2","5",,,"11",,,,,,,,,"10178",,,"8",,,,,"9","254",,,,,,,,,,,,,"236","58","798","172","7","0",,"1","1FFF1F","1AAAA1AAA1AAAA","4",,,,
"4600616","2019-09-06T14:00:00","26.08","-137.66",,,"1","4","2","5",,,"11",,,,,,,,,,,,"8",,,,,"9","255",,,,,,,,,,,,,"236","67","798","172","7","1","2","1","1FFFFF","1AAAAAAAA1AAAA","4",,,,
"5102585","2019-09-06T14:00:00","28.59","-138.75",,,"1","4","2","5",,,"11",,,,,,,,,,,,"8",,,,,"9","260",,,,,,,,,,,,,"236","88","798","172","7","0",,"1","3FFFFF","1AAAAAAAA1AAAA","4",,,,
"5102593","2019-09-06T14:00:00","21.27","-131.45",,,"1","4","2","5",,,"11",,,,,,,,,,,,"8",,,,,"9","255",,,,,,,,,,,,,"236","11","798","172","7","0",,"1","1FFFFF","1AAAAAAAA1AAAA","4",,,,
"4301567","2019-09-06T14:04:00","25.55","-132.66",,,"1","4","2","5",,,"11",,,,,,,,,"10184",,,"8",,,,,"9","240",,,,,,,,,,,,,"236","52","798","172","7","0",,"1","1FFF1F","1AAAA1AAA1AAAA","4",,,,
"3201644","2019-09-06T15:00:00","25.92","-137.71",,,"1","4","2","5",,,"11",,,,,,,,,,,,"8",,,,,"9","255",,,,,,,,,,,,,"236","57","798","172","7","0",,"1","1FFFFF","1AAAAAAAA1AAAA","4",,,,
"4301568","2019-09-06T15:00:00","29.33","-131.30",,,"1","4","2","5",,,"11",,,,,,,,,"10207",,,"8",,,,,"9","244",,,,,,,,,,,,,"236","91","798","172","7","0",,"2","1FFF1F","1AAAA1AAA1AAAA","4",,,,
"4301571","2019-09-06T15:00:00","24.05","-132.86",,,"1","4","2","5",,,"11",,,,,,,,,"10175",,,"8",,,,,"9","241",,,,,,,,,,,,,"236","42","798","172","7","0",,"2","1FFF1F","1AAAA1AAA1AAAA","4",,,,
"4301611","2019-09-06T15:00:00","25.06","-138.54",,,"1","4","2","5",,,"11",,,,,,,,,"10184",,,"8",,,,,"9","254",,,,,,,,,,,,,"236","58","798","172","7","0",,"1","1FFF1F","1AAAA1AAA1AAAA","4",,,,
"4600616","2019-09-06T15:00:00","26.08","-137.66",,,"1","4","2","5",,,"11",,,,,,,,,,,,"8",,,,,"9","255",,,,,,,,,,,,,"236","67","798","172","7","1","2","1","1FFFFF","1AAAAAAAA1AAAA","4",,,,
"5102585","2019-09-06T15:00:00","28.59","-138.75",,,"1","4","2","5",,,"11",,,,,,,,,,,,"8",,,,,"9","260",,,,,,,,,,,,,"236","88","798","172","7","0",,"1","3FFFFF","1AAAAAAAA1AAAA","4",,,,
"5102593","2019-09-06T15:00:00","21.28","-131.45",,,"1","4","2","5",,,"11",,,,,,,,,,,,"8",,,,,"9","255",,,,,,,,,,,,,"236","11","798","172","7","0",,"2","1FFFFF","1AAAAAAAA1AAAA","4",,,,
"3201644","2019-09-06T16:00:00","25.92","-137.70",,,"1","4","2","5",,,"11",,,,,,,,,,,,"8",,,,,"9","255",,,,,,,,,,,,,"236","57","798","172","7","0",,"2","1FFFFF","1AAAAAAAA1AAAA","4",,,,
"4301568","2019-09-06T16:00:00","29.33","-131.29",,,"1","4","2","5",,,"11",,,,,,,,,"10213",,,"8",,,,,"9","244",,,,,,,,,,,,,"236","91","798","172","7","0",,"2","1FFF1F","1AAAA1AAA1AAAA","4",,,,
"4301571","2019-09-06T16:00:00","24.05","-132.86",,,"1","4","2","5",,,"11",,,,,,,,,"10180",,,"8",,,,,"9","241",,,,,,,,,,,,,"236","42","798","172","7","0",,"2","1FFF1F","1AAAA1AAA1AAAA","4",,,,
"4301611","2019-09-06T16:00:00","25.05","-138.55",,,"1","4","2","5",,,"11",,,,,,,,,"10189",,,"8",,,,,"9","254",,,,,,,,,,,,,"236","58","798","172","7","0",,"2","1FFF1F","1AAAA1AAA1AAAA","4",,,,
"4600616","2019-09-06T16:00:00","26.07","-137.68",,,"1","4","2","5",,,"11",,,,,,,,,,,,"8",,,,,"9","255",,,,,,,,,,,,,"236","67","798","172","7","1","2","2","1FFFFF","1AAAAAAAA1AAAA","4",,,,
"5102585","2019-09-06T16:00:00","28.58","-138.75",,,"1","4","2","5",,,"11",,,,,,,,,,,,"8",,,,,"9","260",,,,,,,,,,,,,"236","88","798","172","7","0",,"2","3FFFFF","1AAAAAAAA1AAAA","4",,,,
"5102593","2019-09-06T16:00:00","21.28","-131.45",,,"1","4","2","5",,,"11",,,,,,,,,,,,"8",,,,,"9","255",,,,,,,,,,,,,"236","11","798","172","7","0",,"2","1FFFFF","1AAAAAAAA1AAAA","4",,,,
"4301567","2019-09-06T16:01:00","25.57","-132.67",,,"1","4","2","5",,,"11",,,,,,,,,"10192",,,"8",,,,,"9","240",,,,,,,,,,,,,"236","52","798","172","7","0",,"2","1FFF1F","1AAAA1AAA1AAAA","4",,,,
"3201644","2019-09-06T17:00:00","25.92","-137.69",,,"1","4","2","5",,,"11",,,,,,,,,,,,"8",,,,,"9","255",,,,,,,,,,,,,"236","57","798","172","7","0",,"2","1FFFFF","1AAAAAAAA1AAAA","4",,,,
"4301567","2019-09-06T17:00:00","25.57","-132.67",,,"1","4","2","5",,,"11",,,,,,,,,"10195",,,"8",,,,,"9","240",,,,,,,,,,,,,"236","52","798","172","7","0",,"2","1FFF1F","1AAAA1AAA1AAAA","4",,,,
"4301571","2019-09-06T17:00:00","24.05","-132.85",,,"1","4","2","5",,,"11",,,,,,,,,"10184",,,"8",,,,,"9","241",,,,,,,,,,,,,"236","42","798","172","7","0",,"2","1FFF1F","1AAAA1AAA1AAAA","4",,,,
"4301611","2019-09-06T17:00:00","25.04","-138.55",,,"1","4","2","5",,,"11",,,,,,,,,"10196",,,"8",,,,,"9","254",,,,,,,,,,,,,"236","58","798","172","7","0",,"2","1FFF1F","1AAAA1AAA1AAAA","4",,,,
"4600616","2019-09-06T17:00:00","26.09","-137.67",,,"1","4","2","5",,,"11",,,,,,,,,,,,"8",,,,,"9","255",,,,,,,,,,,,,"236","67","798","172","7","1","2","2","1FFFFF","1AAAAAAAA1AAAA","4",,,,
"5102585","2019-09-06T17:00:00","28.58","-138.75",,,"1","4","2","5",,,"11",,,,,,,,,,,,"8",,,,,"9","260",,,,,,,,,,,,,"236","88","798","172","7","0",,"2","3FFFFF","1AAAAAAAA1AAAA","4",,,,
"5102593","2019-09-06T17:00:00","21.29","-131.45",,,"1","4","2","5",,,"11",,,,,,,,,,,,"8",,,,,"9","255",,,,,,,,,,,,,"236","11","798","172","7","0",,"2","1FFFFF","1AAAAAAAA1AAAA","4",,,,
"4301568","2019-09-06T17:04:00","29.34","-131.29",,,"1","4","2","5",,,"11",,,,,,,,,"10214",,,"8",,,,,"9","244",,,,,,,,,,,,,"236","91","798","172","7","0",,"2","1FFF1F","1AAAA1AAA1AAAA","4",,,,
"4301568","2019-09-06T18:00:00","29.34","-131.28",,,"1","4","2","5",,,"11",,,,,,,,,"10217",,,"8",,,,,"9","244",,,,,,,,,,,,,"236","91","798","172","7","0",,"2","1FFF1F","1AAAA1AAA1AAAA","4",,,,
"4301571","2019-09-06T18:00:00","24.05","-132.85",,,"1","4","2","5",,,"11",,,,,,,,,"10185",,,"8",,,,,"9","241",,,,,,,,,,,,,"236","42","798","172","7","0",,"2","1FFF1F","1AAAA1AAA1AAAA","4",,,,
"4301611","2019-09-06T18:00:00","25.03","-138.56",,,"1","4","2","5",,,"11",,,,,,,,,"10201",,,"8",,,,,"9","254",,,,,,,,,,,,,"236","58","798","172","7","0",,"2","1FFF1F","1AAAA1AAA1AAAA","4",,,,
"4600616","2019-09-06T18:00:00","26.09","-137.67",,,"1","4","2","5",,,"11",,,,,,,,,,,,"8",,,,,"9","256",,,,,,,,,,,,,"236","67","798","172","7","1","2","2","1FFFFF","1AAAAAAAA1AAAA","4",,,,
"5102585","2019-09-06T18:00:00","28.57","-138.75",,,"1","4","2","5",,,"11",,,,,,,,,,,,"8",,,,,"9","260",,,,,,,,,,,,,"236","88","798","172","7","0",,"2","3FFFFF","1AAAAAAAA1AAAA","4",,,,
"5102593","2019-09-06T18:00:00","21.29","-131.46",,,"1","4","2","5",,,"11",,,,,,,,,,,,"8",,,,,"9","255",,,,,,,,,,,,,"236","11","798","172","7","0",,"2","1FFFFF","1AAAAAAAA1AAAA","4",,,,
"4301567","2019-09-06T18:04:00","25.57","-132.64",,,"1","4","2","5",,,"11",,,,,,,,,"10196",,,"8",,,,,"9","240",,,,,,,,,,,,,"236","52","798","172","7","0",,"2","1FFF1F","1AAAA1AAA1AAAA","4",,,,
"4301567","2019-09-06T19:00:00","25.59","-132.66",,,"1","4","2","5",,,"11",,,,,,,,,"10196",,,"8",,,,,"9","240",,,,,,,,,,,,,"236","52","798","172","7","0",,"2","1FFF1F","1AAAA1AAA1AAAA","4",,,,
"4301571","2019-09-06T19:00:00","24.05","-132.84",,,"1","4","2","5",,,"11",,,,,,,,,"10184",,,"8",,,,,"9","241",,,,,,,,,,,,,"236","42","798","172","7","0",,"2","1FFF1F","1AAAA1AAA1AAAA","4",,,,
"4301611","2019-09-06T19:00:00","25.02","-138.56",,,"1","4","2","5",,,"11",,,,,,,,,"10200",,,"8",,,,,"9","255",,,,,,,,,,,,,"236","58","798","172","7","0",,"2","1FFF1F","1AAAA1AAA1AAAA","4",,,,
"4600616","2019-09-06T19:00:00","26.09","-137.68",,,"1","4","2","5",,,"11",,,,,,,,,,,,"8",,,,,"9","256",,,,,,,,,,,,,"236","67","798","172","7","1","2","2","1FFFFF","1AAAAAAAA1AAAA","4",,,,
"5102585","2019-09-06T19:00:00","28.57","-138.75",,,"1","4","2","5",,,"11",,,,,,,,,,,,"8",,,,,"9","261",,,,,,,,,,,,,"236","88","798","172","7","0",,"2","3FFFFF","1AAAAAAAA1AAAA","4",,,,
"5102593","2019-09-06T19:00:00","21.29","-131.46",,,"1","4","2","5",,,"11",,,,,,,,,,,,"8",,,,,"9","255",,,,,,,,,,,,,"236","11","798","172","7","0",,"2","1FFFFF","1AAAAAAAA1AAAA","4",,,,
"4301611","2019-09-06T20:00:00","25.01","-138.57",,,"1","4","2","5",,,"11",,,,,,,,,"10199",,,"8",,,,,"9","255",,,,,,,,,,,,,"236","58","798","172","7","0",,"2","1FFF1F","1AAAA1AAA1AAAA","4",,,,
"4600616","2019-09-06T20:00:00","26.10","-137.68",,,"1","4","2","5",,,"11",,,,,,,,,,,,"8",,,,,"9","257",,,,,,,,,,,,,"236","67","798","172","7","1","2","2","1FFFFF","1AAAAAAAA1AAAA","4",,,,
"5102585","2019-09-06T20:00:00","28.56","-138.76",,,"1","4","2","5",,,"11",,,,,,,,,,,,"8",,,,,"9","262",,,,,,,,,,,,,"236","88","798","172","7","0",,"2","3FFFFF","1AAAAAAAA1AAAA","4",,,,
"5102593","2019-09-06T20:00:00","21.30","-131.45",,,"1","4","2","5",,,"11",,,,,,,,,,,,"8",,,,,"9","256",,,,,,,,,,,,,"236","11","798","172","7","0",,"2","1FFFFF","1AAAAAAAA1AAAA","4",,,,
"4301568","2019-09-06T20:01:00","29.35","-131.27",,,"1","4","2","5",,,"11",,,,,,,,,"10216",,,"8",,,,,"9","245",,,,,,,,,,,,,"236","91","798","172","7","0",,"2","1FFF1F","1AAAA1AAA1AAAA","4",,,,
"4301567","2019-09-06T20:02:00","25.59","-132.65",,,"1","4","2","5",,,"11",,,,,,,,,"10192",,,"8",,,,,"9","240",,,,,,,,,,,,,"236","52","798","172","7","0",,"2","1FFF1F","1AAAA1AAA1AAAA","4",,,,
"4301571","2019-09-06T20:03:00","24.04","-132.84",,,"1","4","2","5",,,"11",,,,,,,,,"10184",,,"8",,,,,"9","241",,,,,,,,,,,,,"236","42","798","172","7","0",,"2","1FFF1F","1AAAA1AAA1AAAA","4",,,,
"3201644","2019-09-06T21:00:00","25.94","-137.67",,,"1","4","2","5",,,"11",,,,,,,,,,,,"8",,,,,"9","257",,,,,,,,,,,,,"236","57","798","172","7","0",,"2","1FFFFF","1AAAAAAAA1AAAA","4",,,,
"4301567","2019-09-06T21:00:00","25.59","-132.65",,,"1","4","2","5",,,"11",,,,,,,,,"10188",,,"8",,,,,"9","240",,,,,,,,,,,,,"236","52","798","172","7","0",,"2","1FFF1F","1AAAA1AAA1AAAA","4",,,,
"4301568","2019-09-06T21:00:00","29.36","-131.26",,,"1","4","2","5",,,"11",,,,,,,,,"10214",,,"8",,,,,"9","246",,,,,,,,,,,,,"236","91","798","172","7","0",,"2","1FFF1F","1AAAA1AAA1AAAA","4",,,,
"4301571","2019-09-06T21:00:00","24.04","-132.83",,,"1","4","2","5",,,"11",,,,,,,,,"10178",,,"8",,,,,"9","241",,,,,,,,,,,,,"236","42","798","172","7","0",,"2","1FFF1F","1AAAA1AAA1AAAA","4",,,,
"4600616","2019-09-06T21:00:00","26.10","-137.68",,,"1","4","2","5",,,"11",,,,,,,,,,,,"8",,,,,"9","258",,,,,,,,,,,,,"236","67","798","172","7","1","2","2","3FFFFF","1AAAAAAAA1AAAA","4",,,,
"5102585","2019-09-06T21:00:00","28.56","-138.76",,,"1","4","2","5",,,"11",,,,,,,,,,,,"8",,,,,"9","264",,,,,,,,,,,,,"236","88","798","172","7","0",,"2","3FFFFF","1AAAAAAAA1AAAA","4",,,,
"5102593","2019-09-06T21:00:00","21.30","-131.45",,,"1","4","2","5",,,"11",,,,,,,,,,,,"8",,,,,"9","256",,,,,,,,,,,,,"236","11","798","172","7","0",,"2","1FFFFF","1AAAAAAAA1AAAA","4",,,,
"4301611","2019-09-06T21:04:00","25.00","-138.57",,,"1","4","2","5",,,"11",,,,,,,,,"10198",,,"8",,,,,"9","256",,,,,,,,,,,,,"236","58","798","172","7","0",,"2","1FFF1F","1AAAA1AAA1AAAA","4",,,,
"4301567","2019-09-06T22:00:00","25.59","-132.64",,,"1","4","2","5",,,"11",,,,,,,,,"10184",,,"8",,,,,"9","240",,,,,,,,,,,,,"236","52","798","172","7","0",,"2","1FFF1F","1AAAA1AAA1AAAA","4",,,,
"4301571","2019-09-06T22:00:00","24.03","-132.83",,,"1","4","2","5",,,"11",,,,,,,,,"10171",,,"8",,,,,"9","242",,,,,,,,,,,,,"236","42","798","172","7","0",,"2","1FFF1F","1AAAA1AAA1AAAA","4",,,,
"4301611","2019-09-06T22:00:00","24.99","-138.57",,,"1","4","2","5",,,"11",,,,,,,,,"10192",,,"8",,,,,"9","257",,,,,,,,,,,,,"236","48","798","172","7","0",,"2","1FFF1F","1AAAA1AAA1AAAA","4",,,,
"4600616","2019-09-06T22:00:00","26.10","-137.68",,,"1","4","2","5",,,"11",,,,,,,,,,,,"8",,,,,"9","258",,,,,,,,,,,,,"236","67","798","172","7","1","2","2","3FFFFF","1AAAAAAAA1AAAA","4",,,,
"5102585","2019-09-06T22:00:00","28.55","-138.76",,,"1","4","2","5",,,"11",,,,,,,,,,,,"8",,,,,"9","264",,,,,,,,,,,,,"236","88","798","172","7","0",,"2","3FFFFF","1AAAAAAAA1AAAA","4",,,,
"5102593","2019-09-06T22:00:00","21.30","-131.45",,,"1","4","2","5",,,"11",,,,,,,,,,,,"8",,,,,"9","256",,,,,,,,,,,,,"236","11","798","172","7","0",,"2","1FFFFF","1AAAAAAAA1AAAA","4",,,,
"4301568","2019-09-06T22:01:00","29.36","-131.26",,,"1","4","2","5",,,"11",,,,,,,,,"10212",,,"8",,,,,"9","246",,,,,,,,,,,,,"236","91","798","172","7","0",,"2","1FFF1F","1AAAA1AAA1AAAA","4",,,,
"3201644","2019-09-06T23:00:00","25.94","-137.66",,,"1","4","2","5",,,"11",,,,,,,,,,,,"8",,,,,"9","257",,,,,,,,,,,,,"236","57","798","172","7","0",,"2","1FFFFF","1AAAAAAAA1AAAA","4",,,,
"4301567","2019-09-06T23:00:00","25.58","-132.63",,,"1","4","2","5",,,"11",,,,,,,,,"10180",,,"8",,,,,"9","240",,,,,,,,,,,,,"236","52","798","172","7","0",,"2","1FFF1F","1AAAA1AAA1AAAA","4",,,,
"4301571","2019-09-06T23:00:00","24.03","-132.82",,,"1","4","2","5",,,"11",,,,,,,,,"10168",,,"8",,,,,"9","242",,,,,,,,,,,,,"236","42","798","172","7","0",,"2","1FFF1F","1AAAA1AAA1AAAA","4",,,,
"4301611","2019-09-06T23:00:00","24.99","-138.57",,,"1","4","2","5",,,"11",,,,,,,,,"10188",,,"8",,,,,"9","257",,,,,,,,,,,,,"236","48","798","172","7","0",,"2","1FFF1F","1AAAA1AAA1AAAA","4",,,,
"4600616","2019-09-06T23:00:00","26.10","-137.68",,,"1","4","2","5",,,"11",,,,,,,,,,,,"8",,,,,"9","259",,,,,,,,,,,,,"236","67","798","172","7","1","2","2","3FFFFF","1AAAAAAAA1AAAA","4",,,,
"5102585","2019-09-06T23:00:00","28.55","-138.76",,,"1","4","2","5",,,"11",,,,,,,,,,,,"8",,,,,"9","265",,,,,,,,,,,,,"236","88","798","172","7","0",,"2","3FFFFF","1AAAAAAAA1AAAA","4",,,,
"5102593","2019-09-06T23:00:00","21.30","-131.44",,,"1","4","2","5",,,"11",,,,,,,,,,,,"8",,,,,"9","256",,,,,,,,,,,,,"236","11","798","172","7","0",,"2","1FFFFF","1AAAAAAAA1AAAA","4",,,,
"4301567","2019-09-07T00:00:00","25.57","-132.63",,,"1","4","2","5",,,"11",,,,,,,,,"10177",,,"8",,,,,"9","241",,,,,,,,,,,,,"236","52","798","172","7","0",,"2","1FFF1F","1AAAA1AAA1AAAA","4",,,,
"4301568","2019-09-07T00:00:00","29.36","-131.24",,,"1","4","2","5",,,"11",,,,,,,,,"10206",,,"8",,,,,"9","246",,,,,,,,,,,,,"236","91","798","172","7","0",,"2","1FFF1F","1AAAA1AAA1AAAA","4",,,,
"4301571","2019-09-07T00:00:00","24.02","-132.81",,,"1","4","2","5",,,"11",,,,,,,,,"10167",,,"8",,,,,"9","242",,,,,,,,,,,,,"236","42","798","172","7","0",,"2","1FFF1F","1AAAA1AAA1AAAA","4",,,,
"4301611","2019-09-07T00:00:00","24.98","-138.58",,,"1","4","2","5",,,"11",,,,,,,,,"10186",,,"8",,,,,"9","258",,,,,,,,,,,,,"236","48","798","172","7","0",,"2","1FFF1F","1AAAA1AAA1AAAA","4",,,,
"4600616","2019-09-07T00:00:00","26.10","-137.68",,,"1","4","2","5",,,"11",,,,,,,,,,,,"8",,,,,"9","259",,,,,,,,,,,,,"236","67","798","172","7","1","2","2","3FFFFF","1AAAAAAAA1AAAA","4",,,,
"5102585","2019-09-07T00:00:00","28.55","-138.76",,,"1","4","2","5",,,"11",,,,,,,,,,,,"8",,,,,"9","265",,,,,,,,,,,,,"236","88","798","172","7","0",,"2","3FFFFF","1AAAAAAAA1AAAA","4",,,,
"5102593","2019-09-07T00:00:00","21.31","-131.44",,,"1","4","2","5",,,"11",,,,,,,,,,,,"8",,,,,"9","256",,,,,,,,,,,,,"236","11","798","172","7","0",,"2","1FFFFF","1AAAAAAAA1AAAA","4",,,,
"WDC3786","2019-09-07T00:00:00","28.50","-133.70",,,"1","5","2","5","6","4","1",,"60","4","36","1","98","2","1","10215","5","6","8","260",,"205","173",,,"6","5","2","6","A","1",,"2","1","12","12","4","236","83","798","172","5","1","2","2","F31111","111111111A1111",,"5",,"1",
"3201644","2019-09-07T01:00:00","25.94","-137.64",,,"1","4","2","5",,,"11",,,,,,,,,,,,"8",,,,,"9","258",,,,,,,,,,,,,"236","57","798","172","7","0",,"2","1FFFFF","1AAAAAAAA1AAAA","4",,,,
"4301567","2019-09-07T01:00:00","25.57","-132.64",,,"1","4","2","5",,,"11",,,,,,,,,"10176",,,"8",,,,,"9","240",,,,,,,,,,,,,"236","52","798","172","7","0",,"2","1FFF1F","1AAAA1AAA1AAAA","4",,,,
"4301568","2019-09-07T01:00:00","29.36","-131.23",,,"1","4","2","5",,,"11",,,,,,,,,"10207",,,"8",,,,,"9","246",,,,,,,,,,,,,"236","91","798","172","7","0",,"2","1FFF1F","1AAAA1AAA1AAAA","4",,,,
"4301611","2019-09-07T01:00:00","24.97","-138.58",,,"1","4","2","5",,,"11",,,,,,,,,"10183",,,"8",,,,,"9","257",,,,,,,,,,,,,"236","48","798","172","7","0",,"2","1FFF1F","1AAAA1AAA1AAAA","4",,,,
"4600616","2019-09-07T01:00:00","26.10","-137.68",,,"1","4","2","5",,,"11",,,,,,,,,,,,"8",,,,,"9","259",,,,,,,,,,,,,"236","67","798","172","7","1","2","2","3FFFFF","1AAAAAAAA1AAAA","4",,,,
"5102585","2019-09-07T01:00:00","28.55","-138.77",,,"1","4","2","5",,,"11",,,,,,,,,,,,"8",,,,,"9","264",,,,,,,,,,,,,"236","88","798","172","7","0",,"2","3FFFFF","1AAAAAAAA1AAAA","4",,,,
"5102593","2019-09-07T01:00:00","21.31","-131.44",,,"1","4","2","5",,,"11",,,,,,,,,,,,"8",,,,,"9","256",,,,,,,,,,,,,"236","11","798","172","7","0",,"2","1FFFFF","1AAAAAAAA1AAAA","4",,,,
"4301571","2019-09-07T01:01:00","24.01","-132.81",,,"1","4","2","5",,,"11",,,,,,,,,"10167",,,"8",,,,,"9","242",,,,,,,,,,,,,"236","42","798","172","7","0",,"2","1FFF1F","1AAAA1AAA1AAAA","4",,,,
"3201644","2019-09-07T02:00:00","25.94","-137.64",,,"1","4","2","5",,,"11",,,,,,,,,,,,"8",,,,,"9","257",,,,,,,,,,,,,"236","57","798","172","7","0",,"2","1FFFFF","1AAAAAAAA1AAAA","4",,,,
"4301567","2019-09-07T02:00:00","25.56","-132.64",,,"1","4","2","5",,,"11",,,,,,,,,"10178",,,"8",,,,,"9","240",,,,,,,,,,,,,"236","52","798","172","7","0",,"2","1FFF1F","1AAAA1AAA1AAAA","4",,,,
"4301568","2019-09-07T02:00:00","29.35","-131.23",,,"1","4","2","5",,,"11",,,,,,,,,"10209",,,"8",,,,,"9","245",,,,,,,,,,,,,"236","91","798","172","7","0",,"2","1FFF1F","1AAAA1AAA1AAAA","4",,,,
"4301571","2019-09-07T02:00:00","24.00","-132.81",,,"1","4","2","5",,,"11",,,,,,,,,"10166",,,"8",,,,,"9","242",,,,,,,,,,,,,"236","42","798","172","7","0",,"2","1FFF1F","1AAAA1AAA1AAAA","4",,,,
"4301611","2019-09-07T02:00:00","24.96","-138.58",,,"1","4","2","5",,,"11",,,,,,,,,"10187",,,"8",,,,,"9","257",,,,,,,,,,,,,"236","48","798","172","7","0",,"2","1FFF1F","1AAAA1AAA1AAAA","4",,,,
"4600616","2019-09-07T02:00:00","26.09","-137.69",,,"1","4","2","5",,,"11",,,,,,,,,,,,"8",,,,,"9","259",,,,,,,,,,,,,"236","67","798","172","7","1","2","2","3FFFFF","1AAAAAAAA1AAAA","4",,,,
"5102585","2019-09-07T02:00:00","28.55","-138.77",,,"1","4","2","5",,,"11",,,,,,,,,,,,"8",,,,,"9","264",,,,,,,,,,,,,"236","88","798","172","7","0",,"2","3FFFFF","1AAAAAAAA1AAAA","4",,,,
"5102593","2019-09-07T02:00:00","21.31","-131.44",,,"1","4","2","5",,,"11",,,,,,,,,,,,"8",,,,,"9","256",,,,,,,,,,,,,"236","11","798","172","7","0",,"2","1FFFFF","1AAAAAAAA1AAAA","4",,,,
"4301564","2019-09-07T02:03:00","29.70","-130.72",,,"1","4","2","5",,,"11",,,,,,,,,"10208",,,"8",,,,,"9","248",,,,,,,,,,,,,"236","90","798","172","7","0",,"2","1FFF1F","1AAAA1AAA1AAAA","4",,,,
"4301564","2019-09-07T03:00:00","29.70","-130.72",,,"1","4","2","5",,,"11",,,,,,,,,"10212",,,"8",,,,,"9","248",,,,,,,,,,,,,"236","90","798","172","7","0",,"1","1FFF1F","1AAAA1AAA1AAAA","4",,,,
"4301568","2019-09-07T03:00:00","29.35","-131.23",,,"1","4","2","5",,,"11",,,,,,,,,"10212",,,"8",,,,,"9","245",,,,,,,,,,,,,"236","91","798","172","7","0",,"1","1FFF1F","1AAAA1AAA1AAAA","4",,,,
"4301611","2019-09-07T03:00:00","24.95","-138.58",,,"1","4","2","5",,,"11",,,,,,,,,"10192",,,"8",,,,,"9","256",,,,,,,,,,,,,"236","48","798","172","7","0",,"2","1FFF1F","1AAAA1AAA1AAAA","4",,,,
"4600616","2019-09-07T03:00:00","26.10","-137.69",,,"1","4","2","5",,,"11",,,,,,,,,,,,"8",,,,,"9","258",,,,,,,,,,,,,"236","67","798","172","7","1","2","2","3FFFFF","1AAAAAAAA1AAAA","4",,,,
"5102585","2019-09-07T03:00:00","28.54","-138.78",,,"1","4","2","5",,,"11",,,,,,,,,,,,"8",,,,,"9","263",,,,,,,,,,,,,"236","88","798","172","7","0",,"2","3FFFFF","1AAAAAAAA1AAAA","4",,,,
"5102593","2019-09-07T03:00:00","21.30","-131.43",,,"1","4","2","5",,,"11",,,,,,,,,,,,"8",,,,,"9","256",,,,,,,,,,,,,"236","11","798","172","7","0",,"1","1FFFFF","1AAAAAAAA1AAAA","4",,,,
"4301567","2019-09-07T03:03:00","25.55","-132.65",,,"1","4","2","5",,,"11",,,,,,,,,"10182",,,"8",,,,,"9","240",,,,,,,,,,,,,"236","52","798","172","7","0",,"1","1FFF1F","1AAAA1AAA1AAAA","4",,,,
"4301571","2019-09-07T03:04:00","24.00","-132.81",,,"1","4","2","5",,,"11",,,,,,,,,"10171",,,"8",,,,,"9","241",,,,,,,,,,,,,"236","42","798","172","7","0",,"1","1FFF1F","1AAAA1AAA1AAAA","4",,,,
"4301564","2019-09-07T04:00:00","29.69","-130.72",,,"1","4","2","5",,,"11",,,,,,,,,"10216",,,"8",,,,,"9","247",,,,,,,,,,,,,"236","90","798","172","7","0",,"1","1FFF1F","1AAAA1AAA1AAAA","4",,,,
"4301611","2019-09-07T04:00:00","24.94","-138.59",,,"1","4","2","5",,,"11",,,,,,,,,"10195",,,"8",,,,,"9","256",,,,,,,,,,,,,"236","48","798","172","7","0",,"1","1FFF1F","1AAAA1AAA1AAAA","4",,,,
"4600616","2019-09-07T04:00:00","26.09","-137.70",,,"1","4","2","5",,,"11",,,,,,,,,,,,"8",,,,,"9","257",,,,,,,,,,,,,"236","67","798","172","7","1","2","1","1FFFFF","1AAAAAAAA1AAAA","4",,,,
"5102585","2019-09-07T04:00:00","28.54","-138.78",,,"1","4","2","5",,,"11",,,,,,,,,,,,"8",,,,,"9","262",,,,,,,,,,,,,"236","88","798","172","7","0",,"1","3FFFFF","1AAAAAAAA1AAAA","4",,,,
"5102593","2019-09-07T04:00:00","21.30","-131.43",,,"1","4","2","5",,,"11",,,,,,,,,,,,"8",,,,,"9","255",,,,,,,,,,,,,"236","11","798","172","7","0",,"1","1FFFFF","1AAAAAAAA1AAAA","4",,,,
"4301567","2019-09-07T04:01:00","25.55","-132.66",,,"1","4","2","5",,,"11",,,,,,,,,"10188",,,"8",,,,,"9","240",,,,,,,,,,,,,"236","52","798","172","7","0",,"1","1FFF1F","1AAAA1AAA1AAAA","4",,,,
"4301571","2019-09-07T04:04:00","23.99","-132.81",,,"1","4","2","5",,,"11",,,,,,,,,"10177",,,"8",,,,,"9","241",,,,,,,,,,,,,"236","32","798","172","7","0",,"1","1FFF1F","1AAAA1AAA1AAAA","4",,,,
"3201644","2019-09-07T05:00:00","25.94","-137.62",,,"1","4","2","5",,,"11",,,,,,,,,,,,"8",,,,,"9","256",,,,,,,,,,,,,"236","57","798","172","7","0",,"1","1FFFFF","1AAAAAAAA1AAAA","4",,,,
"4301564","2019-09-07T05:00:00","29.69","-130.72",,,"1","4","2","5",,,"11",,,,,,,,,"10221",,,"8",,,,,"9","247",,,,,,,,,,,,,"236","90","798","172","7","0",,"1","1FFF1F","1AAAA1AAA1AAAA","4",,,,
"4301567","2019-09-07T05:00:00","25.54","-132.66",,,"1","4","2","5",,,"11",,,,,,,,,"10193",,,"8",,,,,"9","240",,,,,,,,,,,,,"236","52","798","172","7","0",,"1","1FFF1F","1AAAA1AAA1AAAA","4",,,,
"4600616","2019-09-07T05:00:00","26.08","-137.70",,,"1","4","2","5",,,"11",,,,,,,,,,,,"8",,,,,"9","256",,,,,,,,,,,,,"236","67","798","172","7","1","2","1","1FFFFF","1AAAAAAAA1AAAA","4",,,,
"5102585","2019-09-07T05:00:00","28.54","-138.78",,,"1","4","2","5",,,"11",,,,,,,,,,,,"8",,,,,"9","262",,,,,,,,,,,,,"236","88","798","172","7","0",,"1","3FFFFF","1AAAAAAAA1AAAA","4",,,,
"5102593","2019-09-07T05:00:00","21.29","-131.44",,,"1","4","2","5",,,"11",,,,,,,,,,,,"8",,,,,"9","255",,,,,,,,,,,,,"236","11","798","172","7","0",,"1","1FFFFF","1AAAAAAAA1AAAA","4",,,,
"4301611","2019-09-07T05:03:00","24.93","-138.59",,,"1","4","2","5",,,"11",,,,,,,,,"10200",,,"8",,,,,"9","256",,,,,,,,,,,,,"236","48","798","172","7","0",,"1","1FFF1F","1AAAA1AAA1AAAA","4",,,,
"4301568","2019-09-07T05:04:00","29.34","-131.23",,,"1","4","2","5",,,"11",,,,,,,,,"10219",,,"8",,,,,"9","244",,,,,,,,,,,,,"236","91","798","172","7","0",,"1","1FFF1F","1AAAA1AAA1AAAA","4",,,,
"4301571","2019-09-07T05:04:00","23.99","-132.81",,,"1","4","2","5",,,"11",,,,,,,,,"10181",,,"8",,,,,"9","241",,,,,,,,,,,,,"236","32","798","172","7","0",,"1","1FFF1F","1AAAA1AAA1AAAA","4",,,,
"4301611","2019-09-07T06:00:00","24.92","-138.60",,,"1","4","2","5",,,"11",,,,,,,,,"10205",,,"8",,,,,"9","256",,,,,,,,,,,,,"236","48","798","172","7","0",,"1","1FFF1F","1AAAA1AAA1AAAA","4",,,,
"4600616","2019-09-07T06:00:00","26.08","-137.70",,,"1","4","2","5",,,"11",,,,,,,,,,,,"8",,,,,"9","256",,,,,,,,,,,,,"236","67","798","172","7","1","2","1","1FFFFF","1AAAAAAAA1AAAA","4",,,,
"5102585","2019-09-07T06:00:00","28.53","-138.78",,,"1","4","2","5",,,"11",,,,,,,,,,,,"8",,,,,"9","261",,,,,,,,,,,,,"236","88","798","172","7","0",,"1","3FFFFF","1AAAAAAAA1AAAA","4",,,,
"5102593","2019-09-07T06:00:00","21.29","-131.44",,,"1","4","2","5",,,"11",,,,,,,,,,,,"8",,,,,"9","255",,,,,,,,,,,,,"236","11","798","172","7","0",,"1","1FFFFF","1AAAAAAAA1AAAA","4",,,,
"4301567","2019-09-07T06:02:00","25.54","-132.67",,,"1","4","2","5",,,"11",,,,,,,,,"10193",,,"8",,,,,"9","239",,,,,,,,,,,,,"236","52","798","172","7","0",,"1","1FFF1F","1AAAA1AAA1AAAA","4",,,,
"4301568","2019-09-07T06:04:00","29.34","-131.23",,,"1","4","2","5",,,"11",,,,,,,,,"10219",,,"8",,,,,"9","244",,,,,,,,,,,,,"236","91","798","172","7","0",,"1","1FFF1F","1AAAA1AAA1AAAA","4",,,,
"4301571","2019-09-07T06:04:00","23.98","-132.81",,,"1","4","2","5",,,"11",,,,,,,,,"10185",,,"8",,,,,"9","241",,,,,,,,,,,,,"236","32","798","172","7","0",,"1","1FFF1F","1AAAA1AAA1AAAA","4",,,,
"4301567","2019-09-07T07:00:00","25.54","-132.68",,,"1","4","2","5",,,"11",,,,,,,,,"10193",,,"8",,,,,"9","239",,,,,,,,,,,,,"236","52","798","172","7","0",,"1","1FFF1F","1AAAA1AAA1AAAA","4",,,,
"4301611","2019-09-07T07:00:00","24.91","-138.60",,,"1","4","2","5",,,"11",,,,,,,,,"10206",,,"8",,,,,"9","255",,,,,,,,,,,,,"236","48","798","172","7","0",,"1","1FFF1F","1AAAA1AAA1AAAA","4",,,,
"4600616","2019-09-07T07:00:00","26.07","-137.71",,,"1","4","2","5",,,"11",,,,,,,,,,,,"8",,,,,"9","256",,,,,,,,,,,,,"236","67","798","172","7","1","2","1","1FFFFF","1AAAAAAAA1AAAA","4",,,,
"5102585","2019-09-07T07:00:00","28.53","-138.78",,,"1","4","2","5",,,"11",,,,,,,,,,,,"8",,,,,"9","261",,,,,,,,,,,,,"236","88","798","172","7","0",,"1","3FFFFF","1AAAAAAAA1AAAA","4",,,,
"5102593","2019-09-07T07:00:00","21.28","-131.44",,,"1","4","2","5",,,"11",,,,,,,,,,,,"8",,,,,"9","255",,,,,,,,,,,,,"236","11","798","172","7","0",,"1","1FFFFF","1AAAAAAAA1AAAA","4",,,,
"PHET","2019-09-07T07:00:00","25.40","-138.00",,,"1","5","2","5","6","3","1",,"350","4","46","1","98","0","0","10183","2","4","8","139",,,,,,,,"A",,"A","A",,,,,,,"236","58","798","172","5","1","2","1","F6111F","1111111AAA8AA1",,"5",,"0",
"4301568","2019-09-07T07:04:00","29.33","-131.24",,,"1","4","2","5",,,"11",,,,,,,,,"10218",,,"8",,,,,"9","243",,,,,,,,,,,,,"236","91","798","172","7","0",,"1","1FFF1F","1AAAA1AAA1AAAA","4",,,,
"4301567","2019-09-07T08:00:00","25.54","-132.70",,,"1","4","2","5",,,"11",,,,,,,,,"10191",,,"8",,,,,"9","239",,,,,,,,,,,,,"236","52","798","172","7","0",,"1","1FFF1F","1AAAA1AAA1AAAA","4",,,,
"4301611","2019-09-07T08:00:00","24.90","-138.61",,,"1","4","2","5",,,"11",,,,,,,,,"10205",,,"8",,,,,"9","255",,,,,,,,,,,,,"236","48","798","172","7","0",,"1","1FFF1F","1AAAA1AAA1AAAA","4",,,,
"4600616","2019-09-07T08:00:00","26.07","-137.71",,,"1","4","2","5",,,"11",,,,,,,,,,,,"8",,,,,"9","256",,,,,,,,,,,,,"236","67","798","172","7","1","2","1","1FFFFF","1AAAAAAAA1AAAA","4",,,,
"5102585","2019-09-07T08:00:00","28.53","-138.79",,,"1","4","2","5",,,"11",,,,,,,,,,,,"8",,,,,"9","261",,,,,,,,,,,,,"236","88","798","172","7","0",,"1","3FFFFF","1AAAAAAAA1AAAA","4",,,,
"5102593","2019-09-07T08:00:00","21.28","-131.45",,,"1","4","2","5",,,"11",,,,,,,,,,,,"8",,,,,"9","255",,,,,,,,,,,,,"236","11","798","172","7","0",,"1","1FFFFF","1AAAAAAAA1AAAA","4",,,,
"4301568","2019-09-07T08:04:00","29.33","-131.24",,,"1","4","2","5",,,"11",,,,,,,,,"10216",,,"8",,,,,"9","243",,,,,,,,,,,,,"236","91","798","172","7","0",,"1","1FFF1F","1AAAA1AAA1AAAA","4",,,,
"4301611","2019-09-07T09:00:00","24.89","-138.61",,,"1","4","2","5",,,"11",,,,,,,,,"10202",,,"8",,,,,"9","255",,,,,,,,,,,,,"236","48","798","172","7","0",,"1","1FFF1F","1AAAA1AAA1AAAA","4",,,,
"4600616","2019-09-07T09:00:00","26.07","-137.71",,,"1","4","2","5",,,"11",,,,,,,,,,,,"8",,,,,"9","256",,,,,,,,,,,,,"236","67","798","172","7","1","2","1","1FFFFF","1AAAAAAAA1AAAA","4",,,,
"5102585","2019-09-07T09:00:00","28.52","-138.79",,,"1","4","2","5",,,"11",,,,,,,,,,,,"8",,,,,"9","261",,,,,,,,,,,,,"236","88","798","172","7","0",,"1","3FFFFF","1AAAAAAAA1AAAA","4",,,,
"5102593","2019-09-07T09:00:00","21.28","-131.45",,,"1","4","2","5",,,"11",,,,,,,,,,,,"8",,,,,"9","255",,,,,,,,,,,,,"236","11","798","172","7","0",,"1","1FFFFF","1AAAAAAAA1AAAA","4",,,,
"4301564","2019-09-07T09:03:00","29.68","-130.74",,,"1","4","2","5",,,"11",,,,,,,,,"10215",,,"8",,,,,"9","246",,,,,,,,,,,,,"236","90","798","172","7","0",,"1","1FFF1F","1AAAA1AAA1AAAA","4",,,,
"4301571","2019-09-07T09:03:00","23.96","-132.81",,,"1","4","2","5",,,"11",,,,,,,,,"10179",,,"8",,,,,"9","241",,,,,,,,,,,,,"236","32","798","172","7","0",,"1","1FFF1F","1AAAA1AAA1AAAA","4",,,,
"4301567","2019-09-07T09:04:00","25.54","-132.70",,,"1","4","2","5",,,"11",,,,,,,,,"10188",,,"8",,,,,"9","239",,,,,,,,,,,,,"236","52","798","172","7","0",,"1","1FFF1F","1AAAA1AAA1AAAA","4",,,,
"4301568","2019-09-07T09:04:00","29.33","-131.25",,,"1","4","2","5",,,"11",,,,,,,,,"10214",,,"8",,,,,"9","243",,,,,,,,,,,,,"236","91","798","172","7","0",,"1","1FFF1F","1AAAA1AAA1AAAA","4",,,,
"4301564","2019-09-07T10:00:00","29.68","-130.74",,,"1","4","2","5",,,"11",,,,,,,,,"10211",,,"8",,,,,"9","245",,,,,,,,,,,,,"236","90","798","172","7","0",,"1","1FFF1F","1AAAA1AAA1AAAA","4",,,,
"4301611","2019-09-07T10:00:00","24.88","-138.62",,,"1","4","2","5",,,"11",,,,,,,,,"10199",,,"8",,,,,"9","255",,,,,,,,,,,,,"236","48","798","172","7","0",,"1","1FFF1F","1AAAA1AAA1AAAA","4",,,,
"4600616","2019-09-07T10:00:00","26.07","-137.71",,,"1","4","2","5",,,"11",,,,,,,,,,,,"8",,,,,"9","256",,,,,,,,,,,,,"236","67","798","172","7","1","2","1","1FFFFF","1AAAAAAAA1AAAA","4",,,,
"5102585","2019-09-07T10:00:00","28.53","-138.79",,,"1","4","2","5",,,"11",,,,,,,,,,,,"8",,,,,"9","260",,,,,,,,,,,,,"236","88","798","172","7","0",,"1","3FFFFF","1AAAAAAAA1AAAA","4",,,,
"5102593","2019-09-07T10:00:00","21.27","-131.45",,,"1","4","2","5",,,"11",,,,,,,,,,,,"8",,,,,"9","255",,,,,,,,,,,,,"236","11","798","172","7","0",,"1","1FFFFF","1AAAAAAAA1AAAA","4",,,,
"4301567","2019-09-07T10:04:00","25.54","-132.72",,,"1","4","2","5",,,"11",,,,,,,,,"10186",,,"8",,,,,"9","239",,,,,,,,,,,,,"236","52","798","172","7","0",,"1","1FFF1F","1AAAA1AAA1AAAA","4",,,,
"4301568","2019-09-07T10:04:00","29.33","-131.26",,,"1","4","2","5",,,"11",,,,,,,,,"10211",,,"8",,,,,"9","242",,,,,,,,,,,,,"236","91","798","172","7","0",,"1","1FFF1F","1AAAA1AAA1AAAA","4",,,,
"4301571","2019-09-07T10:04:00","23.96","-132.81",,,"1","4","2","5",,,"11",,,,,,,,,"10174",,,"8",,,,,"9","241",,,,,,,,,,,,,"236","32","798","172","7","0",,"1","1FFF1F","1AAAA1AAA1AAAA","4",,,,
"3201644","2019-09-07T11:00:00","25.93","-137.59",,,"1","4","2","5",,,"11",,,,,,,,,,,,"8",,,,,"9","255",,,,,,,,,,,,,"236","57","798","172","7","0",,"1","1FFFFF","1AAAAAAAA1AAAA","4",,,,
"4301564","2019-09-07T11:00:00","29.69","-130.74",,,"1","4","2","5",,,"11",,,,,,,,,"10210",,,"8",,,,,"9","245",,,,,,,,,,,,,"236","90","798","172","7","0",,"1","1FFF1F","1AAAA1AAA1AAAA","4",,,,
"4301611","2019-09-07T11:00:00","24.87","-138.62",,,"1","4","2","5",,,"11",,,,,,,,,"10197",,,"8",,,,,"9","254",,,,,,,,,,,,,"236","48","798","172","7","0",,"1","1FFF1F","1AAAA1AAA1AAAA","4",,,,
"4600616","2019-09-07T11:00:00","26.06","-137.74",,,"1","4","2","5",,,"11",,,,,,,,,,,,"8",,,,,"9","256",,,,,,,,,,,,,"236","67","798","172","7","1","2","1","1FFFFF","1AAAAAAAA1AAAA","4",,,,
"5102585","2019-09-07T11:00:00","28.52","-138.79",,,"1","4","2","5",,,"11",,,,,,,,,,,,"8",,,,,"9","260",,,,,,,,,,,,,"236","88","798","172","7","0",,"1","3FFFFF","1AAAAAAAA1AAAA","4",,,,
"5102593","2019-09-07T11:00:00","21.27","-131.46",,,"1","4","2","5",,,"11",,,,,,,,,,,,"8",,,,,"9","255",,,,,,,,,,,,,"236","11","798","172","7","0",,"1","1FFFFF","1AAAAAAAA1AAAA","4",,,,
"4301567","2019-09-07T11:02:00","25.55","-132.72",,,"1","4","2","5",,,"11",,,,,,,,,"10180",,,"8",,,,,"9","239",,,,,,,,,,,,,"236","52","798","172","7","0",,"1","1FFF1F","1AAAA1AAA1AAAA","4",,,,
"4301568","2019-09-07T11:04:00","29.34","-131.26",,,"1","4","2","5",,,"11",,,,,,,,,"10206",,,"8",,,,,"9","242",,,,,,,,,,,,,"236","91","798","172","7","0",,"1","1FFF1F","1AAAA1AAA1AAAA","4",,,,
"4301571","2019-09-07T11:04:00","23.96","-132.81",,,"1","4","2","5",,,"11",,,,,,,,,"10169",,,"8",,,,,"9","241",,,,,,,,,,,,,"236","32","798","172","7","0",,"1","1FFF1F","1AAAA1AAA1AAAA","4",,,,
"4301611","2019-09-07T12:00:00","24.86","-138.62",,,"1","4","2","5",,,"11",,,,,,,,,"10192",,,"8",,,,,"9","254",,,,,,,,,,,,,"236","48","798","172","7","0",,"1","1FFF1F","1AAAA1AAA1AAAA","4",,,,
"4600616","2019-09-07T12:00:00","26.06","-137.74",,,"1","4","2","5",,,"11",,,,,,,,,,,,"8",,,,,"9","256",,,,,,,,,,,,,"236","67","798","172","7","1","2","1","1FFFFF","1AAAAAAAA1AAAA","4",,,,
"5102585","2019-09-07T12:00:00","28.52","-138.79",,,"1","4","2","5",,,"11",,,,,,,,,,,,"8",,,,,"9","260",,,,,,,,,,,,,"236","88","798","172","7","0",,"1","3FFFFF","1AAAAAAAA1AAAA","4",,,,
"5102593","2019-09-07T12:00:00","21.27","-131.46",,,"1","4","2","5",,,"11",,,,,,,,,,,,"8",,,,,"9","255",,,,,,,,,,,,,"236","11","798","172","7","0",,"1","1FFFFF","1AAAAAAAA1AAAA","4",,,,
"4301568","2019-09-07T12:03:00","29.34","-131.27",,,"1","4","2","5",,,"11",,,,,,,,,"10209",,,"8",,,,,"9","242",,,,,,,,,,,,,"236","91","798","172","7","0",,"1","1FFF1F","1AAAA1AAA1AAAA","4",,,,
"4301571","2019-09-07T12:04:00","23.95","-132.81",,,"1","4","2","5",,,"11",,,,,,,,,"10167",,,"8",,,,,"9","241",,,,,,,,,,,,,"236","32","798","172","7","0",,"1","1FFF1F","1AAAA1AAA1AAAA","4",,,,
"4600616","2019-09-07T13:00:00","26.07","-137.71",,,"1","4","2","5",,,"11",,,,,,,,,,,,"8",,,,,"9","256",,,,,,,,,,,,,"236","67","798","172","7","1","2","1","1FFFFF","1AAAAAAAA1AAAA","4",,,,
"5102585","2019-09-07T13:00:00","28.52","-138.79",,,"1","4","2","5",,,"11",,,,,,,,,,,,"8",,,,,"9","260",,,,,,,,,,,,,"236","88","798","172","7","0",,"1","3FFFFF","1AAAAAAAA1AAAA","4",,,,
"5102593","2019-09-07T13:00:00","21.27","-131.47",,,"1","4","2","5",,,"11",,,,,,,,,,,,"8",,,,,"9","255",,,,,,,,,,,,,"236","11","798","172","7","0",,"1","1FFFFF","1AAAAAAAA1AAAA","4",,,,
"4301568","2019-09-07T13:01:00","29.35","-131.28",,,"1","4","2","5",,,"11",,,,,,,,,"10207",,,"8",,,,,"9","242",,,,,,,,,,,,,"236","91","798","172","7","0",,"1","1FFF1F","1AAAA1AAA1AAAA","4",,,,
"4301611","2019-09-07T13:02:00","24.86","-138.63",,,"1","4","2","5",,,"11",,,,,,,,,"10190",,,"8",,,,,"9","254",,,,,,,,,,,,,"236","48","798","172","7","0",,"1","1FFF1F","1AAAA1AAA1AAAA","4",,,,
"4301571","2019-09-07T13:04:00","23.95","-132.81",,,"1","4","2","5",,,"11",,,,,,,,,"10170",,,"8",,,,,"9","241",,,,,,,,,,,,,"236","32","798","172","7","0",,"1","1FFF1F","1AAAA1AAA1AAAA","4",,,,
"4301571","2019-09-07T14:00:00","23.95","-132.81",,,"1","4","2","5",,,"11",,,,,,,,,"10169",,,"8",,,,,"9","241",,,,,,,,,,,,,"236","32","798","172","7","0",,"1","1FFF1F","1AAAA1AAA1AAAA","4",,,,
"4301611","2019-09-07T14:00:00","24.85","-138.63",,,"1","4","2","5",,,"11",,,,,,,,,"10192",,,"8",,,,,"9","254",,,,,,,,,,,,,"236","48","798","172","7","0",,"1","1FFF1F","1AAAA1AAA1AAAA","4",,,,
"4600616","2019-09-07T14:00:00","26.05","-137.74",,,"1","4","2","5",,,"11",,,,,,,,,,,,"8",,,,,"9","256",,,,,,,,,,,,,"236","67","798","172","7","1","2","1","1FFFFF","1AAAAAAAA1AAAA","4",,,,
"5102585","2019-09-07T14:00:00","28.52","-138.79",,,"1","4","2","5",,,"11",,,,,,,,,,,,"8",,,,,"9","260",,,,,,,,,,,,,"236","88","798","172","7","0",,"1","3FFFFF","1AAAAAAAA1AAAA","4",,,,
"5102593","2019-09-07T14:00:00","21.27","-131.47",,,"1","4","2","5",,,"11",,,,,,,,,,,,"8",,,,,"9","255",,,,,,,,,,,,,"236","11","798","172","7","0",,"1","1FFFFF","1AAAAAAAA1AAAA","4",,,,
"4301611","2019-09-07T15:00:00","24.84","-138.64",,,"1","4","2","5",,,"11",,,,,,,,,"10195",,,"8",,,,,"9","254",,,,,,,,,,,,,"236","48","798","172","7","0",,"1","1FFF1F","1AAAA1AAA1AAAA","4",,,,
"4600616","2019-09-07T15:00:00","26.05","-137.75",,,"1","4","2","5",,,"11",,,,,,,,,,,,"8",,,,,"9","255",,,,,,,,,,,,,"236","67","798","172","7","1","2","1","1FFFFF","1AAAAAAAA1AAAA","4",,,,
"5102585","2019-09-07T15:00:00","28.52","-138.80",,,"1","4","2","5",,,"11",,,,,,,,,,,,"8",,,,,"9","259",,,,,,,,,,,,,"236","88","798","172","7","0",,"1","3FFFFF","1AAAAAAAA1AAAA","4",,,,
"5102593","2019-09-07T15:00:00","21.27","-131.47",,,"1","4","2","5",,,"11",,,,,,,,,,,,"8",,,,,"9","255",,,,,,,,,,,,,"236","11","798","172","7","0",,"2","1FFFFF","1AAAAAAAA1AAAA","4",,,,
"4301567","2019-09-07T15:01:00","25.56","-132.74",,,"1","4","2","5",,,"11",,,,,,,,,"10184",,,"8",,,,,"9","238",,,,,,,,,,,,,"236","52","798","172","7","0",,"2","1FFF1F","1AAAA1AAA1AAAA","4",,,,
"4301568","2019-09-07T15:03:00","29.36","-131.29",,,"1","4","2","5",,,"11",,,,,,,,,"10218",,,"8",,,,,"9","241",,,,,,,,,,,,,"236","91","798","172","7","0",,"2","1FFF1F","1AAAA1AAA1AAAA","4",,,,
"3201644","2019-09-07T16:00:00","25.95","-137.59",,,"1","4","2","5",,,"11",,,,,,,,,,,,"8",,,,,"9","255",,,,,,,,,,,,,"236","57","798","172","7","0",,"2","1FFFFF","1AAAAAAAA1AAAA","4",,,,
"4301567","2019-09-07T16:00:00","25.57","-132.74",,,"1","4","2","5",,,"11",,,,,,,,,"10190",,,"8",,,,,"9","238",,,,,,,,,,,,,"236","52","798","172","7","0",,"2","1FFF1F","1AAAA1AAA1AAAA","4",,,,
"4600616","2019-09-07T16:00:00","26.05","-137.76",,,"1","4","2","5",,,"11",,,,,,,,,,,,"8",,,,,"9","255",,,,,,,,,,,,,"236","67","798","172","7","1","2","2","1FFFFF","1AAAAAAAA1AAAA","4",,,,
"5102585","2019-09-07T16:00:00","28.52","-138.80",,,"1","4","2","5",,,"11",,,,,,,,,,,,"8",,,,,"9","259",,,,,,,,,,,,,"236","88","798","172","7","0",,"2","3FFFFF","1AAAAAAAA1AAAA","4",,,,
"5102593","2019-09-07T16:00:00","21.27","-131.48",,,"1","4","2","5",,,"11",,,,,,,,,,,,"8",,,,,"9","255",,,,,,,,,,,,,"236","11","798","172","7","0",,"2","1FFFFF","1AAAAAAAA1AAAA","4",,,,
"4301611","2019-09-07T16:02:00","24.83","-138.64",,,"1","4","2","5",,,"11",,,,,,,,,"10200",,,"8",,,,,"9","254",,,,,,,,,,,,,"236","48","798","172","7","0",,"2","1FFF1F","1AAAA1AAA1AAAA","4",,,,
"4301568","2019-09-07T16:04:00","29.37","-131.29",,,"1","4","2","5",,,"11",,,,,,,,,"10221",,,"8",,,,,"9","241",,,,,,,,,,,,,"236","91","798","172","7","0",,"2","1FFF1F","1AAAA1AAA1AAAA","4",,,,
"4301571","2019-09-07T16:04:00","23.94","-132.81",,,"1","4","2","5",,,"11",,,,,,,,,"10174",,,"8",,,,,"9","241",,,,,,,,,,,,,"236","32","798","172","7","0",,"2","1FFF1F","1AAAA1AAA1AAAA","4",,,,
"4301571","2019-09-07T17:00:00","23.94","-132.81",,,"1","4","2","5",,,"11",,,,,,,,,"10175",,,"8",,,,,"9","241",,,,,,,,,,,,,"236","32","798","172","7","0",,"2","1FFF1F","1AAAA1AAA1AAAA","4",,,,
"4301611","2019-09-07T17:00:00","24.83","-138.64",,,"1","4","2","5",,,"11",,,,,,,,,"10202",,,"8",,,,,"9","254",,,,,,,,,,,,,"236","48","798","172","7","0",,"2","1FFF1F","1AAAA1AAA1AAAA","4",,,,
"4600616","2019-09-07T17:00:00","26.05","-137.75",,,"1","4","2","5",,,"11",,,,,,,,,,,,"8",,,,,"9","255",,,,,,,,,,,,,"236","67","798","172","7","1","2","2","1FFFFF","1AAAAAAAA1AAAA","4",,,,
"5102585","2019-09-07T17:00:00","28.51","-138.80",,,"1","4","2","5",,,"11",,,,,,,,,,,,"8",,,,,"9","259",,,,,,,,,,,,,"236","88","798","172","7","0",,"2","3FFFFF","1AAAAAAAA1AAAA","4",,,,
"5102593","2019-09-07T17:00:00","21.27","-131.48",,,"1","4","2","5",,,"11",,,,,,,,,,,,"8",,,,,"9","255",,,,,,,,,,,,,"236","11","798","172","7","0",,"2","1FFFFF","1AAAAAAAA1AAAA","4",,,,
"4301567","2019-09-07T17:01:00","25.57","-132.75",,,"1","4","2","5",,,"11",,,,,,,,,"10191",,,"8",,,,,"9","238",,,,,,,,,,,,,"236","52","798","172","7","0",,"2","1FFF1F","1AAAA1AAA1AAAA","4",,,,
"4301567","2019-09-07T18:00:00","25.54","-132.75",,,"1","4","2","5",,,"11",,,,,,,,,"10193",,,"8",,,,,"9","238",,,,,,,,,,,,,"236","52","798","172","7","0",,"2","1FFF1F","1AAAA1AAA1AAAA","4",,,,
"4301571","2019-09-07T18:00:00","23.94","-132.81",,,"1","4","2","5",,,"11",,,,,,,,,"10175",,,"8",,,,,"9","241",,,,,,,,,,,,,"236","32","798","172","7","0",,"2","1FFF1F","1AAAA1AAA1AAAA","4",,,,
"4301611","2019-09-07T18:00:00","24.82","-138.65",,,"1","4","2","5",,,"11",,,,,,,,,"10207",,,"8",,,,,"9","254",,,,,,,,,,,,,"236","48","798","172","7","0",,"2","1FFF1F","1AAAA1AAA1AAAA","4",,,,
"4600616","2019-09-07T18:00:00","26.05","-137.76",,,"1","4","2","5",,,"11",,,,,,,,,,,,"8",,,,,"9","256",,,,,,,,,,,,,"236","67","798","172","7","1","2","2","1FFFFF","1AAAAAAAA1AAAA","4",,,,
"5102585","2019-09-07T18:00:00","28.51","-138.80",,,"1","4","2","5",,,"11",,,,,,,,,,,,"8",,,,,"9","259",,,,,,,,,,,,,"236","88","798","172","7","0",,"2","3FFFFF","1AAAAAAAA1AAAA","4",,,,
"5102593","2019-09-07T18:00:00","21.27","-131.48",,,"1","4","2","5",,,"11",,,,,,,,,,,,"8",,,,,"9","255",,,,,,,,,,,,,"236","11","798","172","7","0",,"2","1FFFFF","1AAAAAAAA1AAAA","4",,,,
"4301568","2019-09-07T18:04:00","29.38","-131.28",,,"1","4","2","5",,,"11",,,,,,,,,"10228",,,"8",,,,,"9","240",,,,,,,,,,,,,"236","91","798","172","7","0",,"2","1FFF1F","1AAAA1AAA1AAAA","4",,,,
"3201644","2019-09-07T19:00:00","25.96","-137.57",,,"1","4","2","5",,,"11",,,,,,,,,,,,"8",,,,,"9","255",,,,,,,,,,,,,"236","57","798","172","7","0",,"2","1FFFFF","1AAAAAAAA1AAAA","4",,,,
"4301567","2019-09-07T19:00:00","25.57","-132.75",,,"1","4","2","5",,,"11",,,,,,,,,"10187",,,"8",,,,,"9","239",,,,,,,,,,,,,"236","52","798","172","7","0",,"2","1FFF1F","1AAAA1AAA1AAAA","4",,,,
"4301611","2019-09-07T19:00:00","24.80","-138.65",,,"1","4","2","5",,,"11",,,,,,,,,"10207",,,"8",,,,,"9","254",,,,,,,,,,,,,"236","48","798","172","7","0",,"2","1FFF1F","1AAAA1AAA1AAAA","4",,,,
"4600616","2019-09-07T19:00:00","26.06","-137.77",,,"1","4","2","5",,,"11",,,,,,,,,,,,"8",,,,,"9","256",,,,,,,,,,,,,"236","67","798","172","7","1","2","2","1FFFFF","1AAAAAAAA1AAAA","4",,,,
"5102585","2019-09-07T19:00:00","28.50","-138.81",,,"1","4","2","5",,,"11",,,,,,,,,,,,"8",,,,,"9","259",,,,,,,,,,,,,"236","88","798","172","7","0",,"2","3FFFFF","1AAAAAAAA1AAAA","4",,,,
"5102593","2019-09-07T19:00:00","21.27","-131.49",,,"1","4","2","5",,,"11",,,,,,,,,,,,"8",,,,,"9","256",,,,,,,,,,,,,"236","11","798","172","7","0",,"2","1FFFFF","1AAAAAAAA1AAAA","4",,,,
"4301568","2019-09-07T19:04:00","29.39","-131.27",,,"1","4","2","5",,,"11",,,,,,,,,"10230",,,"8",,,,,"9","240",,,,,,,,,,,,,"236","91","798","172","7","0",,"2","1FFF1F","1AAAA1AAA1AAAA","4",,,,
"3201644","2019-09-07T20:00:00","25.97","-137.56",,,"1","4","2","5",,,"11",,,,,,,,,,,,"8",,,,,"9","255",,,,,,,,,,,,,"236","57","798","172","7","0",,"2","1FFFFF","1AAAAAAAA1AAAA","4",,,,
"4301567","2019-09-07T20:00:00","25.57","-132.75",,,"1","4","2","5",,,"11",,,,,,,,,"10183",,,"8",,,,,"9","239",,,,,,,,,,,,,"236","52","798","172","7","0",,"2","1FFF1F","1AAAA1AAA1AAAA","4",,,,
"4600616","2019-09-07T20:00:00","26.05","-137.77",,,"1","4","2","5",,,"11",,,,,,,,,,,,"8",,,,,"9","256",,,,,,,,,,,,,"236","67","798","172","7","1","2","2","1FFFFF","1AAAAAAAA1AAAA","4",,,,
"5102585","2019-09-07T20:00:00","28.50","-138.81",,,"1","4","2","5",,,"11",,,,,,,,,,,,"8",,,,,"9","260",,,,,,,,,,,,,"236","88","798","172","7","0",,"2","3FFFFF","1AAAAAAAA1AAAA","4",,,,
"5102593","2019-09-07T20:00:00","21.27","-131.49",,,"1","4","2","5",,,"11",,,,,,,,,,,,"8",,,,,"9","257",,,,,,,,,,,,,"236","11","798","172","7","0",,"2","1FFFFF","1AAAAAAAA1AAAA","4",,,,
"4301611","2019-09-07T20:01:00","24.79","-138.65",,,"1","4","2","5",,,"11",,,,,,,,,"10210",,,"8",,,,,"9","254",,,,,,,,,,,,,"236","48","798","172","7","0",,"2","1FFF1F","1AAAA1AAA1AAAA","4",,,,
"4301568","2019-09-07T20:03:00","29.40","-131.28",,,"1","4","2","5",,,"11",,,,,,,,,"10228",,,"8",,,,,"9","240",,,,,,,,,,,,,"236","91","798","172","7","0",,"2","1FFF1F","1AAAA1AAA1AAAA","4",,,,
"4301571","2019-09-07T20:04:00","23.94","-132.79",,,"1","4","2","5",,,"11",,,,,,,,,"10169",,,"8",,,,,"9","242",,,,,,,,,,,,,"236","32","798","172","7","0",,"2","1FFF1F","1AAAA1AAA1AAAA","4",,,,
"4301567","2019-09-07T21:00:00","25.57","-132.75",,,"1","4","2","5",,,"11",,,,,,,,,"10179",,,"8",,,,,"9","239",,,,,,,,,,,,,"236","52","798","172","7","0",,"2","1FFF1F","1AAAA1AAA1AAAA","4",,,,
"4301568","2019-09-07T21:00:00","29.40","-131.27",,,"1","4","2","5",,,"11",,,,,,,,,"10224",,,"8",,,,,"9","241",,,,,,,,,,,,,"236","91","798","172","7","0",,"2","1FFF1F","1AAAA1AAA1AAAA","4",,,,
"4600616","2019-09-07T21:00:00","26.05","-137.77",,,"1","4","2","5",,,"11",,,,,,,,,,,,"8",,,,,"9","256",,,,,,,,,,,,,"236","67","798","172","7","1","2","2","1FFFFF","1AAAAAAAA1AAAA","4",,,,
"5102585","2019-09-07T21:00:00","28.49","-138.82",,,"1","4","2","5",,,"11",,,,,,,,,,,,"8",,,,,"9","260",,,,,,,,,,,,,"236","88","798","172","7","0",,"2","3FFFFF","1AAAAAAAA1AAAA","4",,,,
"5102593","2019-09-07T21:00:00","21.27","-131.50",,,"1","4","2","5",,,"11",,,,,,,,,,,,"8",,,,,"9","258",,,,,,,,,,,,,"236","11","798","172","7","0",,"2","1FFFFF","1AAAAAAAA1AAAA","4",,,,
"4301611","2019-09-07T21:04:00","24.78","-138.66",,,"1","4","2","5",,,"11",,,,,,,,,"10206",,,"8",,,,,"9","254",,,,,,,,,,,,,"236","48","798","172","7","0",,"2","1FFF1F","1AAAA1AAA1AAAA","4",,,,
"4301567","2019-09-07T22:00:00","25.57","-132.75",,,"1","4","2","5",,,"11",,,,,,,,,"10176",,,"8",,,,,"9","239",,,,,,,,,,,,,"236","52","798","172","7","0",,"2","1FFF1F","1AAAA1AAA1AAAA","4",,,,
"4301571","2019-09-07T22:00:00","23.93","-132.78",,,"1","4","2","5",,,"11",,,,,,,,,"10162",,,"8",,,,,"9","242",,,,,,,,,,,,,"236","32","798","172","7","0",,"2","1FFF1F","1AAAA1AAA1AAAA","4",,,,
"4600616","2019-09-07T22:00:00","26.05","-137.77",,,"1","4","2","5",,,"11",,,,,,,,,,,,"8",,,,,"9","256",,,,,,,,,,,,,"236","67","798","172","7","1","2","2","1FFFFF","1AAAAAAAA1AAAA","4",,,,
"5102585","2019-09-07T22:00:00","28.49","-138.82",,,"1","4","2","5",,,"11",,,,,,,,,,,,"8",,,,,"9","260",,,,,,,,,,,,,"236","88","798","172","7","0",,"2","3FFFFF","1AAAAAAAA1AAAA","4",,,,
"5102593","2019-09-07T22:00:00","21.27","-131.50",,,"1","4","2","5",,,"11",,,,,,,,,,,,"8",,,,,"9","259",,,,,,,,,,,,,"236","11","798","172","7","0",,"2","1FFFFF","1AAAAAAAA1AAAA","4",,,,
"4301568","2019-09-07T22:01:00","29.41","-131.27",,,"1","4","2","5",,,"11",,,,,,,,,"10221",,,"8",,,,,"9","241",,,,,,,,,,,,,"236","91","798","172","7","0",,"2","1FFF1F","1AAAA1AAA1AAAA","4",,,,
"4301611","2019-09-07T22:02:00","24.77","-138.66",,,"1","4","2","5",,,"11",,,,,,,,,"10203",,,"8",,,,,"9","255",,,,,,,,,,,,,"236","48","798","172","7","0",,"2","1FFF1F","1AAAA1AAA1AAAA","4",,,,
"4301567","2019-09-07T23:00:00","25.57","-132.76",,,"1","4","2","5",,,"11",,,,,,,,,"10174",,,"8",,,,,"9","239",,,,,,,,,,,,,"236","52","798","172","7","0",,"2","1FFF1F","1AAAA1AAA1AAAA","4",,,,
"4600616","2019-09-07T23:00:00","26.05","-137.77",,,"1","4","2","5",,,"11",,,,,,,,,,,,"8",,,,,"9","256",,,,,,,,,,,,,"236","67","798","172","7","1","2","2","1FFFFF","1AAAAAAAA1AAAA","4",,,,
"5102585","2019-09-07T23:00:00","28.50","-138.83",,,"1","4","2","5",,,"11",,,,,,,,,,,,"8",,,,,"9","260",,,,,,,,,,,,,"236","88","798","172","7","0",,"2","3FFFFF","1AAAAAAAA1AAAA","4",,,,
"5102593","2019-09-07T23:00:00","21.28","-131.50",,,"1","4","2","5",,,"11",,,,,,,,,,,,"8",,,,,"9","259",,,,,,,,,,,,,"236","11","798","172","7","0",,"2","1FFFFF","1AAAAAAAA1AAAA","4",,,,
"4301571","2019-09-07T23:02:00","23.92","-132.77",,,"1","4","2","5",,,"11",,,,,,,,,"10161",,,"8",,,,,"9","242",,,,,,,,,,,,,"236","32","798","172","7","0",,"2","1FFF1F","1AAAA1AAA1AAAA","4",,,,
"4301568","2019-09-07T23:04:00","29.41","-131.26",,,"1","4","2","5",,,"11",,,,,,,,,"10218",,,"8",,,,,"9","241",,,,,,,,,,,,,"236","91","798","172","7","0",,"2","1FFF1F","1AAAA1AAA1AAAA","4",,,,
"4301611","2019-09-07T23:04:00","24.76","-138.67",,,"1","4","2","5",,,"11",,,,,,,,,"10197",,,"8",,,,,"9","254",,,,,,,,,,,,,"236","48","798","172","7","0",,"2","1FFF1F","1AAAA1AAA1AAAA","4",,,,
"4301567","2019-09-08T00:00:00","25.57","-132.76",,,"1","4","2","5",,,"11",,,,,,,,,"10172",,,"8",,,,,"9","239",,,,,,,,,,,,,"236","52","798","172","7","0",,"2","1FFF1F","1AAAA1AAA1AAAA","4",,,,
"4600616","2019-09-08T00:00:00","26.03","-137.79",,,"1","4","2","5",,,"11",,,,,,,,,,,,"8",,,,,"9","257",,,,,,,,,,,,,"236","67","798","172","7","1","2","2","1FFFFF","1AAAAAAAA1AAAA","4",,,,
"5102585","2019-09-08T00:00:00","28.50","-138.83",,,"1","4","2","5",,,"11",,,,,,,,,,,,"8",,,,,"9","260",,,,,,,,,,,,,"236","88","798","172","7","0",,"2","3FFFFF","1AAAAAAAA1AAAA","4",,,,
"5102593","2019-09-08T00:00:00","21.28","-131.50",,,"1","4","2","5",,,"11",,,,,,,,,,,,"8",,,,,"9","259",,,,,,,,,,,,,"236","11","798","172","7","0",,"2","1FFFFF","1AAAAAAAA1AAAA","4",,,,
"4301611","2019-09-08T00:03:00","24.76","-138.67",,,"1","4","2","5",,,"11",,,,,,,,,"10194",,,"8",,,,,"9","255",,,,,,,,,,,,,"236","48","798","172","7","0",,"2","1FFF1F","1AAAA1AAA1AAAA","4",,,,
"4301571","2019-09-08T00:04:00","23.91","-132.77",,,"1","4","2","5",,,"11",,,,,,,,,"10161",,,"8",,,,,"9","243",,,,,,,,,,,,,"236","32","798","172","7","0",,"2","1FFF1F","1AAAA1AAA1AAAA","4",,,,
"4301611","2019-09-08T01:00:00","24.75","-138.68",,,"1","4","2","5",,,"11",,,,,,,,,"10197",,,"8",,,,,"9","254",,,,,,,,,,,,,"236","48","798","172","7","0",,"2","1FFF1F","1AAAA1AAA1AAAA","4",,,,
"4600616","2019-09-08T01:00:00","26.05","-137.77",,,"1","4","2","5",,,"11",,,,,,,,,,,,"8",,,,,"9","256",,,,,,,,,,,,,"236","67","798","172","7","1","2","2","1FFFFF","1AAAAAAAA1AAAA","4",,,,
"5102585","2019-09-08T01:00:00","28.50","-138.83",,,"1","4","2","5",,,"11",,,,,,,,,,,,"8",,,,,"9","260",,,,,,,,,,,,,"236","88","798","172","7","0",,"2","3FFFFF","1AAAAAAAA1AAAA","4",,,,
"5102593","2019-09-08T01:00:00","21.29","-131.50",,,"1","4","2","5",,,"11",,,,,,,,,,,,"8",,,,,"9","259",,,,,,,,,,,,,"236","11","798","172","7","0",,"2","1FFFFF","1AAAAAAAA1AAAA","4",,,,
"4301571","2019-09-08T01:02:00","23.90","-132.77",,,"1","4","2","5",,,"11",,,,,,,,,"10163",,,"8",,,,,"9","242",,,,,,,,,,,,,"236","32","798","172","7","0",,"2","1FFF1F","1AAAA1AAA1AAAA","4",,,,
"4301567","2019-09-08T01:04:00","25.56","-132.76",,,"1","4","2","5",,,"11",,,,,,,,,"10171",,,"8",,,,,"9","239",,,,,,,,,,,,,"236","52","798","172","7","0",,"2","1FFF1F","1AAAA1AAA1AAAA","4",,,,
"4301567","2019-09-08T02:00:00","25.56","-132.76",,,"1","4","2","5",,,"11",,,,,,,,,"10174",,,"8",,,,,"9","239",,,,,,,,,,,,,"236","52","798","172","7","0",,"2","1FFF1F","1AAAA1AAA1AAAA","4",,,,
"4301571","2019-09-08T02:00:00","23.90","-132.76",,,"1","4","2","5",,,"11",,,,,,,,,"10164",,,"8",,,,,"9","242",,,,,,,,,,,,,"236","32","798","172","7","0",,"2","1FFF1F","1AAAA1AAA1AAAA","4",,,,
"4301611","2019-09-08T02:00:00","24.74","-138.68",,,"1","4","2","5",,,"11",,,,,,,,,"10198",,,"8",,,,,"9","254",,,,,,,,,,,,,"236","48","798","172","7","0",,"2","1FFF1F","1AAAA1AAA1AAAA","4",,,,
"4600616","2019-09-08T02:00:00","26.05","-137.77",,,"1","4","2","5",,,"11",,,,,,,,,,,,"8",,,,,"9","256",,,,,,,,,,,,,"236","67","798","172","7","1","2","2","1FFFFF","1AAAAAAAA1AAAA","4",,,,
"5102585","2019-09-08T02:00:00","28.50","-138.83",,,"1","4","2","5",,,"11",,,,,,,,,,,,"8",,,,,"9","260",,,,,,,,,,,,,"236","88","798","172","7","0",,"2","3FFFFF","1AAAAAAAA1AAAA","4",,,,
"5102593","2019-09-08T02:00:00","21.29","-131.49",,,"1","4","2","5",,,"11",,,,,,,,,,,,"8",,,,,"9","258",,,,,,,,,,,,,"236","11","798","172","7","0",,"2","1FFFFF","1AAAAAAAA1AAAA","4",,,,
"4301567","2019-09-08T03:00:00","25.56","-132.77",,,"1","4","2","5",,,"11",,,,,,,,,"10178",,,"8",,,,,"9","239",,,,,,,,,,,,,"236","52","798","172","7","0",,"1","1FFF1F","1AAAA1AAA1AAAA","4",,,,
"4301571","2019-09-08T03:00:00","23.89","-132.76",,,"1","4","2","5",,,"11",,,,,,,,,"10166",,,"8",,,,,"9","242",,,,,,,,,,,,,"236","32","798","172","7","0",,"1","1FFF1F","1AAAA1AAA1AAAA","4",,,,
"4600616","2019-09-08T03:00:00","26.03","-137.79",,,"1","4","2","5",,,"11",,,,,,,,,,,,"8",,,,,"9","255",,,,,,,,,,,,,"236","67","798","172","7","1","2","2","1FFFFF","1AAAAAAAA1AAAA","4",,,,
"5102585","2019-09-08T03:00:00","28.50","-138.84",,,"1","4","2","5",,,"11",,,,,,,,,,,,"8",,,,,"9","260",,,,,,,,,,,,,"236","88","798","172","7","0",,"2","3FFFFF","1AAAAAAAA1AAAA","4",,,,
"5102593","2019-09-08T03:00:00","21.28","-131.49",,,"1","4","2","5",,,"11",,,,,,,,,,,,"8",,,,,"9","258",,,,,,,,,,,,,"236","11","798","172","7","0",,"1","1FFFFF","1AAAAAAAA1AAAA","4",,,,
"4301571","2019-09-08T04:00:00","23.88","-132.76",,,"1","4","2","5",,,"11",,,,,,,,,"10168",,,"8",,,,,"9","242",,,,,,,,,,,,,"236","32","798","172","7","0",,"1","1FFF1F","1AAAA1AAA1AAAA","4",,,,
"4301611","2019-09-08T04:00:00","24.73","-138.69",,,"1","4","2","5",,,"11",,,,,,,,,"10206",,,"8",,,,,"9","254",,,,,,,,,,,,,"236","48","798","172","7","0",,"1","1FFF1F","1AAAA1AAA1AAAA","4",,,,
"4600616","2019-09-08T04:00:00","26.02","-137.80",,,"1","4","2","5",,,"11",,,,,,,,,,,,"8",,,,,"9","255",,,,,,,,,,,,,"236","67","798","172","7","1","2","1","1FFFFF","1AAAAAAAA1AAAA","4",,,,
"5102585","2019-09-08T04:00:00","28.50","-138.83",,,"1","4","2","5",,,"11",,,,,,,,,,,,"8",,,,,"9","259",,,,,,,,,,,,,"236","88","798","172","7","0",,"1","3FFFFF","1AAAAAAAA1AAAA","4",,,,
"5102593","2019-09-08T04:00:00","21.28","-131.48",,,"1","4","2","5",,,"11",,,,,,,,,,,,"8",,,,,"9","257",,,,,,,,,,,,,"236","11","798","172","7","0",,"1","1FFFFF","1AAAAAAAA1AAAA","4",,,,
"4301567","2019-09-08T04:04:00","25.55","-132.78",,,"1","4","2","5",,,"11",,,,,,,,,"10182",,,"8",,,,,"9","239",,,,,,,,,,,,,"236","52","798","172","7","0",,"1","1FFF1F","1AAAA1AAA1AAAA","4",,,,
"4301567","2019-09-08T05:00:00","25.55","-132.78",,,"1","4","2","5",,,"11",,,,,,,,,"10186",,,"8",,,,,"9","239",,,,,,,,,,,,,"236","52","798","172","7","0",,"1","1FFF1F","1AAAA1AAA1AAAA","4",,,,
"4301571","2019-09-08T05:00:00","23.87","-132.75",,,"1","4","2","5",,,"11",,,,,,,,,"10173",,,"8",,,,,"9","242",,,,,,,,,,,,,"236","32","798","172","7","0",,"1","1FFF1F","1AAAA1AAA1AAAA","4",,,,
"4301611","2019-09-08T05:00:00","24.72","-138.70",,,"1","4","2","5",,,"11",,,,,,,,,"10208",,,"8",,,,,"9","254",,,,,,,,,,,,,"236","48","798","172","7","0",,"1","1FFF1F","1AAAA1AAA1AAAA","4",,,,
"4600616","2019-09-08T05:00:00","26.02","-137.80",,,"1","4","2","5",,,"11",,,,,,,,,,,,"8",,,,,"9","255",,,,,,,,,,,,,"236","67","798","172","7","1","2","1","1FFFFF","1AAAAAAAA1AAAA","4",,,,
"5102585","2019-09-08T05:00:00","28.50","-138.84",,,"1","4","2","5",,,"11",,,,,,,,,,,,"8",,,,,"9","259",,,,,,,,,,,,,"236","88","798","172","7","0",,"1","3FFFFF","1AAAAAAAA1AAAA","4",,,,
"5102593","2019-09-08T05:00:00","21.28","-131.48",,,"1","4","2","5",,,"11",,,,,,,,,,,,"8",,,,,"9","257",,,,,,,,,,,,,"236","11","798","172","7","0",,"1","1FFFFF","1AAAAAAAA1AAAA","4",,,,
"4301567","2019-09-08T06:00:00","25.54","-132.79",,,"1","4","2","5",,,"11",,,,,,,,,"10190",,,"8",,,,,"9","239",,,,,,,,,,,,,"236","52","798","172","7","0",,"1","1FFF1F","1AAAA1AAA1AAAA","4",,,,
"4301571","2019-09-08T06:00:00","23.86","-132.75",,,"1","4","2","5",,,"11",,,,,,,,,"10174",,,"8",,,,,"9","242",,,,,,,,,,,,,"236","32","798","172","7","0",,"1","1FFF1F","1AAAA1AAA1AAAA","4",,,,
"4301611","2019-09-08T06:00:00","24.71","-138.70",,,"1","4","2","5",,,"11",,,,,,,,,"10215",,,"8",,,,,"9","254",,,,,,,,,,,,,"236","48","798","172","7","0",,"1","1FFF1F","1AAAA1AAA1AAAA","4",,,,
"4600616","2019-09-08T06:00:00","26.00","-137.81",,,"1","4","2","5",,,"11",,,,,,,,,,,,"8",,,,,"9","255",,,,,,,,,,,,,"236","67","798","172","7","1","2","1","1FFFFF","1AAAAAAAA1AAAA","4",,,,
"5102585","2019-09-08T06:00:00","28.50","-138.84",,,"1","4","2","5",,,"11",,,,,,,,,,,,"8",,,,,"9","259",,,,,,,,,,,,,"236","88","798","172","7","0",,"1","3FFFFF","1AAAAAAAA1AAAA","4",,,,
"5102593","2019-09-08T06:00:00","21.27","-131.48",,,"1","4","2","5",,,"11",,,,,,,,,,,,"8",,,,,"9","257",,,,,,,,,,,,,"236","11","798","172","7","0",,"1","1FFFFF","1AAAAAAAA1AAAA","4",,,,
"4301567","2019-09-08T07:00:00","25.54","-132.80",,,"1","4","2","5",,,"11",,,,,,,,,"10186",,,"8",,,,,"9","239",,,,,,,,,,,,,"236","52","798","172","7","0",,"1","1FFF1F","1AAAA1AAA1AAAA","4",,,,
"4301611","2019-09-08T07:00:00","24.70","-138.71",,,"1","4","2","5",,,"11",,,,,,,,,"10213",,,"8",,,,,"9","254",,,,,,,,,,,,,"236","48","798","172","7","0",,"1","1FFF1F","1AAAA1AAA1AAAA","4",,,,
"4600616","2019-09-08T07:00:00","26.00","-137.82",,,"1","4","2","5",,,"11",,,,,,,,,,,,"8",,,,,"9","255",,,,,,,,,,,,,"236","67","798","172","7","1","2","1","1FFFFF","1AAAAAAAA1AAAA","4",,,,
"5102585","2019-09-08T07:00:00","28.49","-138.84",,,"1","4","2","5",,,"11",,,,,,,,,,,,"8",,,,,"9","259",,,,,,,,,,,,,"236","88","798","172","7","0",,"1","3FFFFF","1AAAAAAAA1AAAA","4",,,,
"5102593","2019-09-08T07:00:00","21.26","-131.48",,,"1","4","2","5",,,"11",,,,,,,,,,,,"8",,,,,"9","257",,,,,,,,,,,,,"236","11","798","172","7","0",,"1","1FFFFF","1AAAAAAAA1AAAA","4",,,,
"4301611","2019-09-08T08:00:00","24.69","-138.71",,,"1","4","2","5",,,"11",,,,,,,,,"10213",,,"8",,,,,"9","254",,,,,,,,,,,,,"236","48","798","172","7","0",,"1","1FFF1F","1AAAA1AAA1AAAA","4",,,,
"4600616","2019-09-08T08:00:00","25.99","-137.82",,,"1","4","2","5",,,"11",,,,,,,,,,,,"8",,,,,"9","255",,,,,,,,,,,,,"236","57","798","172","7","1","2","1","1FFFFF","1AAAAAAAA1AAAA","4",,,,
"5102585","2019-09-08T08:00:00","28.49","-138.85",,,"1","4","2","5",,,"11",,,,,,,,,,,,"8",,,,,"9","259",,,,,,,,,,,,,"236","88","798","172","7","0",,"1","3FFFFF","1AAAAAAAA1AAAA","4",,,,
"5102593","2019-09-08T08:00:00","21.25","-131.48",,,"1","4","2","5",,,"11",,,,,,,,,,,,"8",,,,,"9","257",,,,,,,,,,,,,"236","11","798","172","7","0",,"1","1FFFFF","1AAAAAAAA1AAAA","4",,,,
"4301611","2019-09-08T09:00:00","24.68","-138.71",,,"1","4","2","5",,,"11",,,,,,,,,"10208",,,"8",,,,,"9","253",,,,,,,,,,,,,"236","48","798","172","7","0",,"1","1FFF1F","1AAAA1AAA1AAAA","4",,,,
"4600616","2019-09-08T09:00:00","25.99","-137.82",,,"1","4","2","5",,,"11",,,,,,,,,,,,"8",,,,,"9","254",,,,,,,,,,,,,"236","57","798","172","7","1","2","1","1FFFFF","1AAAAAAAA1AAAA","4",,,,
"5102585","2019-09-08T09:00:00","28.48","-138.85",,,"1","4","2","5",,,"11",,,,,,,,,,,,"8",,,,,"9","258",,,,,,,,,,,,,"236","88","798","172","7","0",,"1","1FFFFF","1AAAAAAAA1AAAA","4",,,,
"5102593","2019-09-08T09:00:00","21.24","-131.48",,,"1","4","2","5",,,"11",,,,,,,,,,,,"8",,,,,"9","257",,,,,,,,,,,,,"236","11","798","172","7","0",,"1","1FFFFF","1AAAAAAAA1AAAA","4",,,,
"4301567","2019-09-08T09:04:00","25.53","-132.82",,,"1","4","2","5",,,"11",,,,,,,,,"10175",,,"8",,,,,"9","238",,,,,,,,,,,,,"236","52","798","172","7","0",,"1","1FFF1F","1AAAA1AAA1AAAA","4",,,,
"4600616","2019-09-08T10:00:00","25.99","-137.82",,,"1","4","2","5",,,"11",,,,,,,,,,,,"8",,,,,"9","254",,,,,,,,,,,,,"236","57","798","172","7","1","2","1","1FFFFF","1AAAAAAAA1AAAA","4",,,,
"5102585","2019-09-08T10:00:00","28.48","-138.86",,,"1","4","2","5",,,"11",,,,,,,,,,,,"8",,,,,"9","258",,,,,,,,,,,,,"236","88","798","172","7","0",,"1","1FFFFF","1AAAAAAAA1AAAA","4",,,,
"5102593","2019-09-08T10:00:00","21.24","-131.49",,,"1","4","2","5",,,"11",,,,,,,,,,,,"8",,,,,"9","257",,,,,,,,,,,,,"236","11","798","172","7","0",,"1","1FFFFF","1AAAAAAAA1AAAA","4",,,,
"4301611","2019-09-08T10:01:00","24.67","-138.72",,,"1","4","2","5",,,"11",,,,,,,,,"10204",,,"8",,,,,"9","253",,,,,,,,,,,,,"236","48","798","172","7","0",,"1","1FFF1F","1AAAA1AAA1AAAA","4",,,,
"4301567","2019-09-08T10:04:00","25.53","-132.84",,,"1","4","2","5",,,"11",,,,,,,,,"10170",,,"8",,,,,"9","238",,,,,,,,,,,,,"236","52","798","172","7","0",,"1","1FFF1F","1AAAA1AAA1AAAA","4",,,,
"4600616","2019-09-08T11:00:00","25.99","-137.82",,,"1","4","2","5",,,"11",,,,,,,,,,,,"8",,,,,"9","254",,,,,,,,,,,,,"236","57","798","172","7","1","2","1","1FFFFF","1AAAAAAAA1AAAA","4",,,,
"5102585","2019-09-08T11:00:00","28.47","-138.86",,,"1","4","2","5",,,"11",,,,,,,,,,,,"8",,,,,"9","258",,,,,,,,,,,,,"236","88","798","172","7","0",,"1","1FFFFF","1AAAAAAAA1AAAA","4",,,,
"5102593","2019-09-08T11:00:00","21.24","-131.49",,,"1","4","2","5",,,"11",,,,,,,,,,,,"8",,,,,"9","257",,,,,,,,,,,,,"236","11","798","172","7","0",,"1","1FFFFF","1AAAAAAAA1AAAA","4",,,,
"4301567","2019-09-08T11:01:00","25.54","-132.84",,,"1","4","2","5",,,"11",,,,,,,,,"10164",,,"8",,,,,"9","238",,,,,,,,,,,,,"236","52","798","172","7","0",,"1","1FFF1F","1AAAA1AAA1AAAA","4",,,,
"4301611","2019-09-08T11:01:00","24.66","-138.72",,,"1","4","2","5",,,"11",,,,,,,,,"10197",,,"8",,,,,"9","253",,,,,,,,,,,,,"236","48","798","172","7","0",,"1","1FFF1F","1AAAA1AAA1AAAA","4",,,,
"4301567","2019-09-08T12:00:00","25.53","-132.86",,,"1","4","2","5",,,"11",,,,,,,,,"10163",,,"8",,,,,"9","238",,,,,,,,,,,,,"236","52","798","172","7","0",,"1","1FFF1F","1AAAA1AAA1AAAA","4",,,,
"4600616","2019-09-08T12:00:00","25.95","-137.87",,,"1","4","2","5",,,"11",,,,,,,,,,,,"8",,,,,"9","254",,,,,,,,,,,,,"236","57","798","172","7","1","2","1","1FFFFF","1AAAAAAAA1AAAA","4",,,,
"5102585","2019-09-08T12:00:00","28.47","-138.86",,,"1","4","2","5",,,"11",,,,,,,,,,,,"8",,,,,"9","258",,,,,,,,,,,,,"236","88","798","172","7","0",,"1","1FFFFF","1AAAAAAAA1AAAA","4",,,,
"5102593","2019-09-08T12:00:00","21.24","-131.49",,,"1","4","2","5",,,"11",,,,,,,,,,,,"8",,,,,"9","257",,,,,,,,,,,,,"236","11","798","172","7","0",,"1","1FFFFF","1AAAAAAAA1AAAA","4",,,,
"4301568","2019-09-08T12:02:00","29.44","-131.28",,,"1","4","2","5",,,"11",,,,,,,,,"10223",,,"8",,,,,"9","239",,,,,,,,,,,,,"236","91","798","172","7","0",,"1","1FFF1F","1AAAA1AAA1AAAA","4",,,,
"4301611","2019-09-08T12:04:00","24.64","-138.73",,,"1","4","2","5",,,"11",,,,,,,,,"10193",,,"8",,,,,"9","253",,,,,,,,,,,,,"236","48","798","172","7","0",,"1","1FFF1F","1AAAA1AAA1AAAA","4",,,,
"4301567","2019-09-08T13:00:00","25.54","-132.86",,,"1","4","2","5",,,"11",,,,,,,,,"10159",,,"8",,,,,"9","238",,,,,,,,,,,,,"236","52","798","172","7","0",,"1","1FFF1F","1AAAA1AAA1AAAA","4",,,,
"4600616","2019-09-08T13:00:00","25.99","-137.82",,,"1","4","2","5",,,"11",,,,,,,,,,,,"8",,,,,"9","254",,,,,,,,,,,,,"236","57","798","172","7","1","2","1","1FFFFF","1AAAAAAAA1AAAA","4",,,,
"5102585","2019-09-08T13:00:00","28.47","-138.87",,,"1","4","2","5",,,"11",,,,,,,,,,,,"8",,,,,"9","258",,,,,,,,,,,,,"236","88","798","172","7","0",,"1","1FFFFF","1AAAAAAAA1AAAA","4",,,,
"5102593","2019-09-08T13:00:00","21.24","-131.49",,,"1","4","2","5",,,"11",,,,,,,,,,,,"8",,,,,"9","257",,,,,,,,,,,,,"236","11","798","172","7","0",,"1","1FFFFF","1AAAAAAAA1AAAA","4",,,,
"4301568","2019-09-08T13:04:00","29.45","-131.28",,,"1","4","2","5",,,"11",,,,,,,,,"10225",,,"8",,,,,"9","239",,,,,,,,,,,,,"236","91","798","172","7","0",,"1","1FFF1F","1AAAA1AAA1AAAA","4",,,,
"4301611","2019-09-08T13:04:00","24.65","-138.73",,,"1","4","2","5",,,"11",,,,,,,,,"10193",,,"8",,,,,"9","253",,,,,,,,,,,,,"236","48","798","172","7","0",,"1","1FFF1F","1AAAA1AAA1AAAA","4",,,,
"4600616","2019-09-08T14:00:00","25.99","-137.82",,,"1","4","2","5",,,"11",,,,,,,,,,,,"8",,,,,"9","254",,,,,,,,,,,,,"236","57","798","172","7","1","2","1","1FFFFF","1AAAAAAAA1AAAA","4",,,,
"5102585","2019-09-08T14:00:00","28.47","-138.87",,,"1","4","2","5",,,"11",,,,,,,,,,,,"8",,,,,"9","258",,,,,,,,,,,,,"236","88","798","172","7","0",,"1","1FFFFF","1AAAAAAAA1AAAA","4",,,,
"5102593","2019-09-08T14:00:00","21.24","-131.49",,,"1","4","2","5",,,"11",,,,,,,,,,,,"8",,,,,"9","256",,,,,,,,,,,,,"236","11","798","172","7","0",,"1","1FFFFF","1AAAAAAAA1AAAA","4",,,,
"4301567","2019-09-08T14:03:00","25.55","-132.88",,,"1","4","2","5",,,"11",,,,,,,,,"10162",,,"8",,,,,"9","238",,,,,,,,,,,,,"236","52","798","172","7","0",,"1","1FFF1F","1AAAA1AAA1AAAA","4",,,,
"4301611","2019-09-08T14:04:00","24.63","-138.74",,,"1","4","2","5",,,"11",,,,,,,,,"10192",,,"8",,,,,"9","253",,,,,,,,,,,,,"236","48","798","172","7","0",,"1","1FFF1F","1AAAA1AAA1AAAA","4",,,,
"4301567","2019-09-08T15:00:00","25.55","-132.88",,,"1","4","2","5",,,"11",,,,,,,,,"10163",,,"8",,,,,"9","238",,,,,,,,,,,,,"236","52","798","172","7","0",,"2","1FFF1F","1AAAA1AAA1AAAA","4",,,,
"4600616","2019-09-08T15:00:00","25.94","-137.87",,,"1","4","2","5",,,"11",,,,,,,,,,,,"8",,,,,"9","254",,,,,,,,,,,,,"236","57","798","172","7","1","2","1","1FFFFF","1AAAAAAAA1AAAA","4",,,,
"5102585","2019-09-08T15:00:00","28.47","-138.88",,,"1","4","2","5",,,"11",,,,,,,,,,,,"8",,,,,"9","257",,,,,,,,,,,,,"236","88","798","172","7","0",,"1","1FFFFF","1AAAAAAAA1AAAA","4",,,,
"5102593","2019-09-08T15:00:00","21.24","-131.50",,,"1","4","2","5",,,"11",,,,,,,,,,,,"8",,,,,"9","256",,,,,,,,,,,,,"236","11","798","172","7","0",,"2","1FFFFF","1AAAAAAAA1AAAA","4",,,,
"4301571","2019-09-08T15:04:00","23.79","-132.72",,,"1","4","2","5",,,"11",,,,,,,,,"10137",,,"8",,,,,"9","242",,,,,,,,,,,,,"236","32","798","172","7","0",,"2","1FFF1F","1AAAA1AAA1AAAA","4",,,,
"4301611","2019-09-08T15:04:00","24.62","-138.74",,,"1","4","2","5",,,"11",,,,,,,,,"10193",,,"8",,,,,"9","253",,,,,,,,,,,,,"236","48","798","172","7","0",,"1","1FFF1F","1AAAA1AAA1AAAA","4",,,,
"4301571","2019-09-08T16:00:00","23.78","-132.72",,,"1","4","2","5",,,"11",,,,,,,,,"10141",,,"8",,,,,"9","242",,,,,,,,,,,,,"236","32","798","172","7","0",,"2","1FFF1F","1AAAA1AAA1AAAA","4",,,,
"4600616","2019-09-08T16:00:00","25.94","-137.87",,,"1","4","2","5",,,"11",,,,,,,,,,,,"8",,,,,"9","253",,,,,,,,,,,,,"236","57","798","172","7","1","2","2","1FFFFF","1AAAAAAAA1AAAA","4",,,,
"5102585","2019-09-08T16:00:00","28.47","-138.88",,,"1","4","2","5",,,"11",,,,,,,,,,,,"8",,,,,"9","257",,,,,,,,,,,,,"236","88","798","172","7","0",,"2","1FFFFF","1AAAAAAAA1AAAA","4",,,,
"5102593","2019-09-08T16:00:00","21.25","-131.50",,,"1","4","2","5",,,"11",,,,,,,,,,,,"8",,,,,"9","256",,,,,,,,,,,,,"236","11","798","172","7","0",,"2","1FFFFF","1AAAAAAAA1AAAA","4",,,,
"4301567","2019-09-08T16:04:00","25.56","-132.89",,,"1","4","2","5",,,"11",,,,,,,,,"10173",,,"8",,,,,"9","238",,,,,,,,,,,,,"236","52","798","172","7","0",,"2","1FFF1F","1AAAA1AAA1AAAA","4",,,,
"4301611","2019-09-08T16:04:00","24.60","-138.75",,,"1","4","2","5",,,"11",,,,,,,,,"10196",,,"8",,,,,"9","253",,,,,,,,,,,,,"236","48","798","172","7","0",,"2","1FFF1F","1AAAA1AAA1AAAA","4",,,,
"4301567","2019-09-08T17:00:00","25.56","-132.90",,,"1","4","2","5",,,"11",,,,,,,,,"10174",,,"8",,,,,"9","238",,,,,,,,,,,,,"236","52","798","172","7","0",,"2","1FFF1F","1AAAA1AAA1AAAA","4",,,,
"4301571","2019-09-08T17:00:00","23.77","-132.71",,,"1","4","2","5",,,"11",,,,,,,,,"10150",,,"8",,,,,"9","243",,,,,,,,,,,,,"236","32","798","172","7","0",,"2","1FFF1F","1AAAA1AAA1AAAA","4",,,,
"4600616","2019-09-08T17:00:00","25.94","-137.87",,,"1","4","2","5",,,"11",,,,,,,,,,,,"8",,,,,"9","254",,,,,,,,,,,,,"236","57","798","172","7","1","2","2","1FFFFF","1AAAAAAAA1AAAA","4",,,,
"5102585","2019-09-08T17:00:00","28.47","-138.88",,,"1","4","2","5",,,"11",,,,,,,,,,,,"8",,,,,"9","257",,,,,,,,,,,,,"236","88","798","172","7","0",,"2","1FFFFF","1AAAAAAAA1AAAA","4",,,,
"5102593","2019-09-08T17:00:00","21.25","-131.50",,,"1","4","2","5",,,"11",,,,,,,,,,,,"8",,,,,"9","257",,,,,,,,,,,,,"236","11","798","172","7","0",,"2","1FFFFF","1AAAAAAAA1AAAA","4",,,,
"4301611","2019-09-08T17:04:00","24.60","-138.75",,,"1","4","2","5",,,"11",,,,,,,,,"10200",,,"8",,,,,"9","253",,,,,,,,,,,,,"236","48","798","172","7","0",,"2","1FFF1F","1AAAA1AAA1AAAA","4",,,,
"3201644","2019-09-08T18:00:00","25.99","-137.54",,,"1","4","2","5",,,"11",,,,,,,,,,,,"8",,,,,"9","254",,,,,,,,,,,,,"236","57","798","172","7","0",,"2","1FFFFF","1AAAAAAAA1AAAA","4",,,,
"4301567","2019-09-08T18:00:00","25.56","-132.90",,,"1","4","2","5",,,"11",,,,,,,,,"10177",,,"8",,,,,"9","238",,,,,,,,,,,,,"236","52","798","172","7","0",,"2","1FFF1F","1AAAA1AAA1AAAA","4",,,,
"4600616","2019-09-08T18:00:00","25.94","-137.87",,,"1","4","2","5",,,"11",,,,,,,,,,,,"8",,,,,"9","254",,,,,,,,,,,,,"236","57","798","172","7","1","2","2","1FFFFF","1AAAAAAAA1AAAA","4",,,,
"5102585","2019-09-08T18:00:00","28.47","-138.89",,,"1","4","2","5",,,"11",,,,,,,,,,,,"8",,,,,"9","257",,,,,,,,,,,,,"236","88","798","172","7","0",,"2","1FFFFF","1AAAAAAAA1AAAA","4",,,,
"5102593","2019-09-08T18:00:00","21.24","-131.50",,,"1","4","2","5",,,"11",,,,,,,,,,,,"8",,,,,"9","259",,,,,,,,,,,,,"236","11","798","172","7","0",,"2","1FFFFF","1AAAAAAAA1AAAA","4",,,,
"4301571","2019-09-08T18:03:00","23.76","-132.71",,,"1","4","2","5",,,"11",,,,,,,,,"10156",,,"8",,,,,"9","243",,,,,,,,,,,,,"236","32","798","172","7","0",,"2","1FFF1F","1AAAA1AAA1AAAA","4",,,,
"4301611","2019-09-08T18:04:00","24.58","-138.76",,,"1","4","2","5",,,"11",,,,,,,,,"10206",,,"8",,,,,"9","253",,,,,,,,,,,,,"236","48","798","172","7","0",,"2","1FFF1F","1AAAA1AAA1AAAA","4",,,,
"4301567","2019-09-08T19:00:00","25.57","-132.90",,,"1","4","2","5",,,"11",,,,,,,,,"10181",,,"8",,,,,"9","238",,,,,,,,,,,,,"236","52","798","172","7","0",,"2","1FFF1F","1AAAA1AAA1AAAA","4",,,,
"4600616","2019-09-08T19:00:00","25.92","-137.90",,,"1","4","2","5",,,"11",,,,,,,,,,,,"8",,,,,"9","254",,,,,,,,,,,,,"236","57","798","172","7","1","2","2","1FFFFF","1AAAAAAAA1AAAA","4",,,,
"5102585","2019-09-08T19:00:00","28.47","-138.89",,,"1","4","2","5",,,"11",,,,,,,,,,,,"8",,,,,"9","257",,,,,,,,,,,,,"236","88","798","172","7","0",,"2","1FFFFF","1AAAAAAAA1AAAA","4",,,,
"5102593","2019-09-08T19:00:00","21.24","-131.50",,,"1","4","2","5",,,"11",,,,,,,,,,,,"8",,,,,"9","259",,,,,,,,,,,,,"236","11","798","172","7","0",,"2","1FFFFF","1AAAAAAAA1AAAA","4",,,,
"4301571","2019-09-08T19:04:00","23.75","-132.70",,,"1","4","2","5",,,"11",,,,,,,,,"10163",,,"8",,,,,"9","244",,,,,,,,,,,,,"236","32","798","172","7","0",,"2","1FFF1F","1AAAA1AAA1AAAA","4",,,,
"4301611","2019-09-08T19:04:00","24.57","-138.76",,,"1","4","2","5",,,"11",,,,,,,,,"10203",,,"8",,,,,"9","253",,,,,,,,,,,,,"236","48","798","172","7","0",,"2","1FFF1F","1AAAA1AAA1AAAA","4",,,,
"4301567","2019-09-08T20:00:00","25.57","-132.91",,,"1","4","2","5",,,"11",,,,,,,,,"10182",,,"8",,,,,"9","238",,,,,,,,,,,,,"236","52","798","172","7","0",,"2","1FFF1F","1AAAA1AAA1AAAA","4",,,,
"4600616","2019-09-08T20:00:00","25.92","-137.90",,,"1","4","2","5",,,"11",,,,,,,,,,,,"8",,,,,"9","254",,,,,,,,,,,,,"236","57","798","172","7","1","2","2","1FFFFF","1AAAAAAAA1AAAA","4",,,,
"5102585","2019-09-08T20:00:00","28.47","-138.90",,,"1","4","2","5",,,"11",,,,,,,,,,,,"8",,,,,"9","257",,,,,,,,,,,,,"236","88","798","172","7","0",,"2","1FFFFF","1AAAAAAAA1AAAA","4",,,,
"5102593","2019-09-08T20:00:00","21.24","-131.50",,,"1","4","2","5",,,"11",,,,,,,,,,,,"8",,,,,"9","261",,,,,,,,,,,,,"236","11","798","172","7","0",,"2","1FFFFF","1AAAAAAAA1AAAA","4",,,,
"4301571","2019-09-08T20:04:00","23.74","-132.70",,,"1","4","2","5",,,"11",,,,,,,,,"10165",,,"8",,,,,"9","244",,,,,,,,,,,,,"236","32","798","172","7","0",,"2","1FFF1F","1AAAA1AAA1AAAA","4",,,,
"4301611","2019-09-08T20:04:00","24.56","-138.78",,,"1","4","2","5",,,"11",,,,,,,,,"10199",,,"8",,,,,"9","253",,,,,,,,,,,,,"236","48","798","172","7","0",,"2","1FFF1F","1AAAA1AAA1AAAA","4",,,,
"4600616","2019-09-08T21:00:00","25.92","-137.90",,,"1","4","2","5",,,"11",,,,,,,,,,,,"8",,,,,"9","254",,,,,,,,,,,,,"236","57","798","172","7","1","2","2","1FFFFF","1AAAAAAAA1AAAA","4",,,,
"5102585","2019-09-08T21:00:00","28.47","-138.90",,,"1","4","2","5",,,"11",,,,,,,,,,,,"8",,,,,"9","257",,,,,,,,,,,,,"236","88","798","172","7","0",,"2","1FFFFF","1AAAAAAAA1AAAA","4",,,,
"5102593","2019-09-08T21:00:00","21.24","-131.50",,,"1","4","2","5",,,"11",,,,,,,,,,,,"8",,,,,"9","263",,,,,,,,,,,,,"236","11","798","172","7","0",,"2","1FFFFF","1AAAAAAAA1AAAA","4",,,,
"4301567","2019-09-08T21:01:00","25.57","-132.91",,,"1","4","2","5",,,"11",,,,,,,,,"10182",,,"8",,,,,"9","238",,,,,,,,,,,,,"236","52","798","172","7","0",,"2","1FFF1F","1AAAA1AAA1AAAA","4",,,,
"4301571","2019-09-08T21:03:00","23.73","-132.69",,,"1","4","2","5",,,"11",,,,,,,,,"10164",,,"8",,,,,"9","245",,,,,,,,,,,,,"236","32","798","172","7","0",,"2","1FFF1F","1AAAA1AAA1AAAA","4",,,,
"4301567","2019-09-08T22:00:00","25.58","-132.91",,,"1","4","2","5",,,"11",,,,,,,,,"10179",,,"8",,,,,"9","238",,,,,,,,,,,,,"236","52","798","172","7","0",,"2","1FFF1F","1AAAA1AAA1AAAA","4",,,,
"4600616","2019-09-08T22:00:00","25.92","-137.90",,,"1","4","2","5",,,"11",,,,,,,,,,,,"8",,,,,"9","254",,,,,,,,,,,,,"236","57","798","172","7","1","2","2","1FFFFF","1AAAAAAAA1AAAA","4",,,,
"5102585","2019-09-08T22:00:00","28.47","-138.90",,,"1","4","2","5",,,"11",,,,,,,,,,,,"8",,,,,"9","257",,,,,,,,,,,,,"236","88","798","172","7","0",,"2","1FFFFF","1AAAAAAAA1AAAA","4",,,,
"5102593","2019-09-08T22:00:00","21.24","-131.50",,,"1","4","2","5",,,"11",,,,,,,,,,,,"8",,,,,"9","266",,,,,,,,,,,,,"236","11","798","172","7","0",,"2","1FFFFF","1AAAAAAAA1AAAA","4",,,,
"4301611","2019-09-08T22:02:00","24.54","-138.80",,,"1","4","2","5",,,"11",,,,,,,,,"10193",,,"8",,,,,"9","253",,,,,,,,,,,,,"236","48","798","172","7","0",,"2","1FFF1F","1AAAA1AAA1AAAA","4",,,,
"4301571","2019-09-08T22:03:00","23.73","-132.69",,,"1","4","2","5",,,"11",,,,,,,,,"10164",,,"8",,,,,"9","245",,,,,,,,,,,,,"236","32","798","172","7","0",,"2","1FFF1F","1AAAA1AAA1AAAA","4",,,,
"4301571","2019-09-08T23:00:00","23.73","-132.69",,,"1","4","2","5",,,"11",,,,,,,,,"10162",,,"8",,,,,"9","245",,,,,,,,,,,,,"236","32","798","172","7","0",,"2","1FFF1F","1AAAA1AAA1AAAA","4",,,,
"4301611","2019-09-08T23:00:00","24.54","-138.81",,,"1","4","2","5",,,"11",,,,,,,,,"10189",,,"8",,,,,"9","253",,,,,,,,,,,,,"236","48","798","172","7","0",,"2","1FFF1F","1AAAA1AAA1AAAA","4",,,,
"4600616","2019-09-08T23:00:00","25.86","-137.96",,,"1","4","2","5",,,"11",,,,,,,,,,,,"8",,,,,"9","254",,,,,,,,,,,,,"236","57","798","172","7","1","2","2","1FFFFF","1AAAAAAAA1AAAA","4",,,,
"5102585","2019-09-08T23:00:00","28.47","-138.90",,,"1","4","2","5",,,"11",,,,,,,,,,,,"8",,,,,"9","258",,,,,,,,,,,,,"236","88","798","172","7","0",,"2","1FFFFF","1AAAAAAAA1AAAA","4",,,,
"5102593","2019-09-08T23:00:00","21.23","-131.50",,,"1","4","2","5",,,"11",,,,,,,,,,,,"8",,,,,"9","269",,,,,,,,,,,,,"236","11","798","172","7","0",,"2","1FFFFF","1AAAAAAAA1AAAA","4",,,,
"4301567","2019-09-08T23:04:00","25.58","-132.91",,,"1","4","2","5",,,"11",,,,,,,,,"10179",,,"8",,,,,"9","238",,,,,,,,,,,,,"236","52","798","172","7","0",,"2","1FFF1F","1AAAA1AAA1AAAA","4",,,,
"4301567","2019-09-09T00:00:00","25.59","-132.91",,,"1","4","2","5",,,"11",,,,,,,,,"10178",,,"8",,,,,"9","238",,,,,,,,,,,,,"236","52","798","172","7","0",,"2","1FFF1F","1AAAA1AAA1AAAA","4",,,,
"4301571","2019-09-09T00:00:00","23.72","-132.69",,,"1","4","2","5",,,"11",,,,,,,,,"10161",,,"8",,,,,"9","246",,,,,,,,,,,,,"236","32","798","172","7","0",,"2","1FFF1F","1AAAA1AAA1AAAA","4",,,,
"4301611","2019-09-09T00:00:00","24.53","-138.83",,,"1","4","2","5",,,"11",,,,,,,,,"10185",,,"8",,,,,"9","253",,,,,,,,,,,,,"236","48","798","172","7","0",,"2","1FFF1F","1AAAA1AAA1AAAA","4",,,,
"4600616","2019-09-09T00:00:00","25.92","-137.90",,,"1","4","2","5",,,"11",,,,,,,,,,,,"8",,,,,"9","254",,,,,,,,,,,,,"236","57","798","172","7","1","2","2","1FFFFF","1AAAAAAAA1AAAA","4",,,,
"5102585","2019-09-09T00:00:00","28.46","-138.90",,,"1","4","2","5",,,"11",,,,,,,,,,,,"8",,,,,"9","258",,,,,,,,,,,,,"236","88","798","172","7","0",,"2","1FFFFF","1AAAAAAAA1AAAA","4",,,,
"5102593","2019-09-09T00:00:00","21.23","-131.50",,,"1","4","2","5",,,"11",,,,,,,,,,,,"8",,,,,"9","268",,,,,,,,,,,,,"236","11","798","172","7","0",,"2","1FFFFF","1AAAAAAAA1AAAA","4",,,,
"4301571","2019-09-09T01:00:00","23.72","-132.68",,,"1","4","2","5",,,"11",,,,,,,,,"10164",,,"8",,,,,"9","246",,,,,,,,,,,,,"236","32","798","172","7","0",,"2","1FFF1F","1AAAA1AAA1AAAA","4",,,,
"4301611","2019-09-09T01:00:00","24.52","-138.84",,,"1","4","2","5",,,"11",,,,,,,,,"10184",,,"8",,,,,"9","253",,,,,,,,,,,,,"236","48","798","172","7","0",,"2","1FFF1F","1AAAA1AAA1AAAA","4",,,,
"4600616","2019-09-09T01:00:00","25.86","-137.96",,,"1","4","2","5",,,"11",,,,,,,,,,,,"8",,,,,"9","254",,,,,,,,,,,,,"236","57","798","172","7","1","2","2","1FFFFF","1AAAAAAAA1AAAA","4",,,,
"5102585","2019-09-09T01:00:00","28.46","-138.91",,,"1","4","2","5",,,"11",,,,,,,,,,,,"8",,,,,"9","257",,,,,,,,,,,,,"236","88","798","172","7","0",,"2","1FFFFF","1AAAAAAAA1AAAA","4",,,,
"5102593","2019-09-09T01:00:00","21.23","-131.50",,,"1","4","2","5",,,"11",,,,,,,,,,,,"8",,,,,"9","267",,,,,,,,,,,,,"236","11","798","172","7","0",,"2","1FFFFF","1AAAAAAAA1AAAA","4",,,,
"4301567","2019-09-09T01:03:00","25.59","-132.91",,,"1","4","2","5",,,"11",,,,,,,,,"10178",,,"8",,,,,"9","238",,,,,,,,,,,,,"236","52","798","172","7","0",,"2","1FFF1F","1AAAA1AAA1AAAA","4",,,,
"4301564","2019-09-09T01:04:00","29.79","-130.76",,,"1","4","2","5",,,"11",,,,,,,,,"10221",,,"8",,,,,"9","244",,,,,,,,,,,,,"236","90","798","172","7","0",,"2","1FFF1F","1AAAA1AAA1AAAA","4",,,,
"4301567","2019-09-09T02:00:00","25.59","-132.91",,,"1","4","2","5",,,"11",,,,,,,,,"10180",,,"8",,,,,"9","238",,,,,,,,,,,,,"236","52","798","172","7","0",,"2","1FFF1F","1AAAA1AAA1AAAA","4",,,,
"4301571","2019-09-09T02:00:00","23.72","-132.68",,,"1","4","2","5",,,"11",,,,,,,,,"10167",,,"8",,,,,"9","246",,,,,,,,,,,,,"236","32","798","172","7","0",,"2","1FFF1F","1AAAA1AAA1AAAA","4",,,,
"4600616","2019-09-09T02:00:00","25.86","-137.96",,,"1","4","2","5",,,"11",,,,,,,,,,,,"8",,,,,"9","254",,,,,,,,,,,,,"236","57","798","172","7","1","2","2","1FFFFF","1AAAAAAAA1AAAA","4",,,,
"5102585","2019-09-09T02:00:00","28.45","-138.91",,,"1","4","2","5",,,"11",,,,,,,,,,,,"8",,,,,"9","257",,,,,,,,,,,,,"236","88","798","172","7","0",,"2","1FFFFF","1AAAAAAAA1AAAA","4",,,,
"5102593","2019-09-09T02:00:00","21.23","-131.50",,,"1","4","2","5",,,"11",,,,,,,,,,,,"8",,,,,"9","264",,,,,,,,,,,,,"236","11","798","172","7","0",,"2","1FFFFF","1AAAAAAAA1AAAA","4",,,,
"4301611","2019-09-09T02:01:00","24.52","-138.84",,,"1","4","2","5",,,"11",,,,,,,,,"10182",,,"8",,,,,"9","253",,,,,,,,,,,,,"236","48","798","172","7","0",,"2","1FFF1F","1AAAA1AAA1AAAA","4",,,,
"4301567","2019-09-09T03:00:00","25.59","-132.91",,,"1","4","2","5",,,"11",,,,,,,,,"10186",,,"8",,,,,"9","238",,,,,,,,,,,,,"236","52","798","172","7","0",,"1","1FFF1F","1AAAA1AAA1AAAA","4",,,,
"4301571","2019-09-09T03:00:00","23.71","-132.67",,,"1","4","2","5",,,"11",,,,,,,,,"10174",,,"8",,,,,"9","246",,,,,,,,,,,,,"236","32","798","172","7","0",,"1","1FFF1F","1AAAA1AAA1AAAA","4",,,,
"4600616","2019-09-09T03:00:00","25.86","-137.95",,,"1","4","2","5",,,"11",,,,,,,,,,,,"8",,,,,"9","254",,,,,,,,,,,,,"236","57","798","172","7","1","2","2","1FFFFF","1AAAAAAAA1AAAA","4",,,,
"5102585","2019-09-09T03:00:00","28.46","-138.92",,,"1","4","2","5",,,"11",,,,,,,,,,,,"8",,,,,"9","257",,,,,,,,,,,,,"236","88","798","172","7","0",,"2","1FFFFF","1AAAAAAAA1AAAA","4",,,,
"5102593","2019-09-09T03:00:00","21.24","-131.50",,,"1","4","2","5",,,"11",,,,,,,,,,,,"8",,,,,"9","263",,,,,,,,,,,,,"236","11","798","172","7","0",,"1","1FFFFF","1AAAAAAAA1AAAA","4",,,,
"4301611","2019-09-09T03:02:00","24.51","-138.85",,,"1","4","2","5",,,"11",,,,,,,,,"10186",,,"8",,,,,"9","253",,,,,,,,,,,,,"236","48","798","172","7","0",,"2","1FFF1F","1AAAA1AAA1AAAA","4",,,,
"4301564","2019-09-09T04:00:00","29.80","-130.77",,,"1","4","2","5",,,"11",,,,,,,,,"10231",,,"8",,,,,"9","243",,,,,,,,,,,,,"236","90","798","172","7","0",,"1","1FFF1F","1AAAA1AAA1AAAA","4",,,,
"4301567","2019-09-09T04:00:00","25.59","-132.91",,,"1","4","2","5",,,"11",,,,,,,,,"10195",,,"8",,,,,"9","238",,,,,,,,,,,,,"236","52","798","172","7","0",,"1","1FFF1F","1AAAA1AAA1AAAA","4",,,,
"4301571","2019-09-09T04:00:00","23.70","-132.67",,,"1","4","2","5",,,"11",,,,,,,,,"10183",,,"8",,,,,"9","246",,,,,,,,,,,,,"236","32","798","172","7","0",,"1","1FFF1F","1AAAA1AAA1AAAA","4",,,,
"4600616","2019-09-09T04:00:00","25.86","-137.95",,,"1","4","2","5",,,"11",,,,,,,,,,,,"8",,,,,"9","255",,,,,,,,,,,,,"236","57","798","172","7","1","2","1","1FFFFF","1AAAAAAAA1AAAA","4",,,,
"5102585","2019-09-09T04:00:00","28.46","-138.92",,,"1","4","2","5",,,"11",,,,,,,,,,,,"8",,,,,"9","257",,,,,,,,,,,,,"236","88","798","172","7","0",,"1","1FFFFF","1AAAAAAAA1AAAA","4",,,,
"5102593","2019-09-09T04:00:00","21.24","-131.50",,,"1","4","2","5",,,"11",,,,,,,,,,,,"8",,,,,"9","262",,,,,,,,,,,,,"236","11","798","172","7","0",,"1","1FFFFF","1AAAAAAAA1AAAA","4",,,,
"4301611","2019-09-09T04:04:00","24.51","-138.86",,,"1","4","2","5",,,"11",,,,,,,,,"10189",,,"8",,,,,"9","253",,,,,,,,,,,,,"236","48","798","172","7","0",,"1","1FFF1F","1AAAA1AAA1AAAA","4",,,,
"4301571","2019-09-09T05:00:00","23.70","-132.66",,,"1","4","2","5",,,"11",,,,,,,,,"10189",,,"8",,,,,"9","246",,,,,,,,,,,,,"236","32","798","172","7","0",,"1","1FFF1F","1AAAA1AAA1AAAA","4",,,,
"4301611","2019-09-09T05:00:00","24.50","-138.87",,,"1","4","2","5",,,"11",,,,,,,,,"10195",,,"8",,,,,"9","253",,,,,,,,,,,,,"236","48","798","172","7","0",,"1","1FFF1F","1AAAA1AAA1AAAA","4",,,,
"4600616","2019-09-09T05:00:00","25.86","-137.95",,,"1","4","2","5",,,"11",,,,,,,,,,,,"8",,,,,"9","255",,,,,,,,,,,,,"236","57","798","172","7","1","2","1","1FFFFF","1AAAAAAAA1AAAA","4",,,,
"5102585","2019-09-09T05:00:00","28.45","-138.93",,,"1","4","2","5",,,"11",,,,,,,,,,,,"8",,,,,"9","257",,,,,,,,,,,,,"236","88","798","172","7","0",,"1","1FFFFF","1AAAAAAAA1AAAA","4",,,,
"5102593","2019-09-09T05:00:00","21.24","-131.50",,,"1","4","2","5",,,"11",,,,,,,,,,,,"8",,,,,"9","260",,,,,,,,,,,,,"236","11","798","172","7","0",,"1","1FFFFF","1AAAAAAAA1AAAA","4",,,,
"4301567","2019-09-09T05:02:00","25.59","-132.91",,,"1","4","2","5",,,"11",,,,,,,,,"10203",,,"8",,,,,"9","238",,,,,,,,,,,,,"236","52","798","172","7","0",,"1","1FFF1F","1AAAA1AAA1AAAA","4",,,,
"4301567","2019-09-09T06:00:00","25.59","-132.90",,,"1","4","2","5",,,"11",,,,,,,,,"10207",,,"8",,,,,"9","238",,,,,,,,,,,,,"236","52","798","172","7","0",,"1","1FFF1F","1AAAA1AAA1AAAA","4",,,,
"4301571","2019-09-09T06:00:00","23.69","-132.66",,,"1","4","2","5",,,"11",,,,,,,,,"10194",,,"8",,,,,"9","246",,,,,,,,,,,,,"236","32","798","172","7","0",,"1","1FFF1F","1AAAA1AAA1AAAA","4",,,,
"4600616","2019-09-09T06:00:00","25.83","-137.97",,,"1","4","2","5",,,"11",,,,,,,,,,,,"8",,,,,"9","254",,,,,,,,,,,,,"236","57","798","172","7","1","2","1","1FFFFF","1AAAAAAAA1AAAA","4",,,,
"5102585","2019-09-09T06:00:00","28.45","-138.94",,,"1","4","2","5",,,"11",,,,,,,,,,,,"8",,,,,"9","256",,,,,,,,,,,,,"236","88","798","172","7","0",,"1","1FFFFF","1AAAAAAAA1AAAA","4",,,,
"5102593","2019-09-09T06:00:00","21.23","-131.50",,,"1","4","2","5",,,"11",,,,,,,,,,,,"8",,,,,"9","259",,,,,,,,,,,,,"236","11","798","172","7","0",,"1","1FFFFF","1AAAAAAAA1AAAA","4",,,,
"4301611","2019-09-09T06:01:00","24.50","-138.87",,,"1","4","2","5",,,"11",,,,,,,,,"10199",,,"8",,,,,"9","253",,,,,,,,,,,,,"236","48","798","172","7","0",,"1","1FFF1F","1AAAA1AAA1AAAA","4",,,,
"4301571","2019-09-09T07:00:00","23.69","-132.65",,,"1","4","2","5",,,"11",,,,,,,,,"10195",,,"8",,,,,"9","245",,,,,,,,,,,,,"236","32","798","172","7","0",,"1","1FFF1F","1AAAA1AAA1AAAA","4",,,,
"4600616","2019-09-09T07:00:00","25.82","-137.98",,,"1","4","2","5",,,"11",,,,,,,,,,,,"8",,,,,"9","254",,,,,,,,,,,,,"236","57","798","172","7","1","2","1","1FFFFF","1AAAAAAAA1AAAA","4",,,,
"5102585","2019-09-09T07:00:00","28.45","-138.94",,,"1","4","2","5",,,"11",,,,,,,,,,,,"8",,,,,"9","256",,,,,,,,,,,,,"236","88","798","172","7","0",,"1","1FFFFF","1AAAAAAAA1AAAA","4",,,,
"5102593","2019-09-09T07:00:00","21.23","-131.50",,,"1","4","2","5",,,"11",,,,,,,,,,,,"8",,,,,"9","259",,,,,,,,,,,,,"236","11","798","172","7","0",,"1","1FFFFF","1AAAAAAAA1AAAA","4",,,,
"4301611","2019-09-09T07:04:00","24.49","-138.88",,,"1","4","2","5",,,"11",,,,,,,,,"10200",,,"8",,,,,"9","253",,,,,,,,,,,,,"236","48","798","172","7","0",,"1","1FFF1F","1AAAA1AAA1AAAA","4",,,,
"4301571","2019-09-09T08:00:00","23.68","-132.64",,,"1","4","2","5",,,"11",,,,,,,,,"10195",,,"8",,,,,"9","245",,,,,,,,,,,,,"236","32","798","172","7","0",,"1","1FFF1F","1AAAA1AAA1AAAA","4",,,,
"4600616","2019-09-09T08:00:00","25.82","-137.98",,,"1","4","2","5",,,"11",,,,,,,,,,,,"8",,,,,"9","254",,,,,,,,,,,,,"236","57","798","172","7","1","2","1","1FFFFF","1AAAAAAAA1AAAA","4",,,,
"5102585","2019-09-09T08:00:00","28.45","-138.95",,,"1","4","2","5",,,"11",,,,,,,,,,,,"8",,,,,"9","256",,,,,,,,,,,,,"236","88","798","172","7","0",,"1","1FFFFF","1AAAAAAAA1AAAA","4",,,,
"5102593","2019-09-09T08:00:00","21.22","-131.50",,,"1","4","2","5",,,"11",,,,,,,,,,,,"8",,,,,"9","259",,,,,,,,,,,,,"236","11","798","172","7","0",,"1","1FFFFF","1AAAAAAAA1AAAA","4",,,,
"4301564","2019-09-09T08:01:00","29.80","-130.78",,,"1","4","2","5",,,"11",,,,,,,,,"10233",,,"8",,,,,"9","242",,,,,,,,,,,,,"236","90","798","172","7","0",,"1","1FFF1F","1AAAA1AAA1AAAA","4",,,,
"4301611","2019-09-09T08:04:00","24.49","-138.87",,,"1","4","2","5",,,"11",,,,,,,,,"10197",,,"8",,,,,"9","253",,,,,,,,,,,,,"236","48","798","172","7","0",,"1","1FFF1F","1AAAA1AAA1AAAA","4",,,,
"4600616","2019-09-09T09:00:00","25.82","-137.98",,,"1","4","2","5",,,"11",,,,,,,,,,,,"8",,,,,"9","253",,,,,,,,,,,,,"236","57","798","172","7","1","2","1","1FFFFF","1AAAAAAAA1AAAA","4",,,,
"5102585","2019-09-09T09:00:00","28.45","-138.96",,,"1","4","2","5",,,"11",,,,,,,,,,,,"8",,,,,"9","256",,,,,,,,,,,,,"236","88","798","172","7","0",,"1","1FFFFF","1AAAAAAAA1AAAA","4",,,,
"5102593","2019-09-09T09:00:00","21.21","-131.50",,,"1","4","2","5",,,"11",,,,,,,,,,,,"8",,,,,"9","258",,,,,,,,,,,,,"236","11","798","172","7","0",,"1","1FFFFF","1AAAAAAAA1AAAA","4",,,,
"4301567","2019-09-09T09:02:00","25.57","-132.91",,,"1","4","2","5",,,"11",,,,,,,,,"10205",,,"8",,,,,"9","238",,,,,,,,,,,,,"236","52","798","172","7","0",,"1","1FFF1F","1AAAA1AAA1AAAA","4",,,,
"4301564","2019-09-09T09:04:00","29.80","-130.78",,,"1","4","2","5",,,"11",,,,,,,,,"10232",,,"8",,,,,"9","242",,,,,,,,,,,,,"236","90","798","172","7","0",,"1","1FFF1F","1AAAA1AAA1AAAA","4",,,,
"4301571","2019-09-09T09:04:00","23.67","-132.63",,,"1","4","2","5",,,"11",,,,,,,,,"10193",,,"8",,,,,"9","245",,,,,,,,,,,,,"236","32","798","172","7","0",,"1","1FFF1F","1AAAA1AAA1AAAA","4",,,,
"4301611","2019-09-09T09:04:00","24.48","-138.88",,,"1","4","2","5",,,"11",,,,,,,,,"10195",,,"8",,,,,"9","253",,,,,,,,,,,,,"236","48","798","172","7","0",,"1","1FFF1F","1AAAA1AAA1AAAA","4",,,,
"4301564","2019-09-09T10:00:00","29.80","-130.78",,,"1","4","2","5",,,"11",,,,,,,,,"10231",,,"8",,,,,"9","242",,,,,,,,,,,,,"236","90","798","172","7","0",,"1","1FFF1F","1AAAA1AAA1AAAA","4",,,,
"4600616","2019-09-09T10:00:00","25.82","-137.98",,,"1","4","2","5",,,"11",,,,,,,,,,,,"8",,,,,"9","253",,,,,,,,,,,,,"236","57","798","172","7","1","2","1","1FFFFF","1AAAAAAAA1AAAA","4",,,,
"5102585","2019-09-09T10:00:00","28.45","-138.96",,,"1","4","2","5",,,"11",,,,,,,,,,,,"8",,,,,"9","256",,,,,,,,,,,,,"236","88","798","172","7","0",,"1","1FFFFF","1AAAAAAAA1AAAA","4",,,,
"5102593","2019-09-09T10:00:00","21.21","-131.51",,,"1","4","2","5",,,"11",,,,,,,,,,,,"8",,,,,"9","258",,,,,,,,,,,,,"236","11","798","172","7","0",,"1","1FFFFF","1AAAAAAAA1AAAA","4",,,,
"4301567","2019-09-09T10:02:00","25.57","-132.91",,,"1","4","2","5",,,"11",,,,,,,,,"10203",,,"8",,,,,"9","238",,,,,,,,,,,,,"236","52","798","172","7","0",,"1","1FFF1F","1AAAA1AAA1AAAA","4",,,,
"4301571","2019-09-09T10:04:00","23.65","-132.62",,,"1","4","2","5",,,"11",,,,,,,,,"10190",,,"8",,,,,"9","245",,,,,,,,,,,,,"236","32","798","172","7","0",,"1","1FFF1F","1AAAA1AAA1AAAA","4",,,,
"4301564","2019-09-09T11:00:00","29.80","-130.78",,,"1","4","2","5",,,"11",,,,,,,,,"10226",,,"8",,,,,"9","242",,,,,,,,,,,,,"236","90","798","172","7","0",,"1","1FFF1F","1AAAA1AAA1AAAA","4",,,,
"4301567","2019-09-09T11:00:00","25.56","-132.92",,,"1","4","2","5",,,"11",,,,,,,,,"10199",,,"8",,,,,"9","238",,,,,,,,,,,,,"236","52","798","172","7","0",,"1","1FFF1F","1AAAA1AAA1AAAA","4",,,,
"4301571","2019-09-09T11:00:00","23.64","-132.62",,,"1","4","2","5",,,"11",,,,,,,,,"10187",,,"8",,,,,"9","245",,,,,,,,,,,,,"236","32","798","172","7","0",,"1","1FFF1F","1AAAA1AAA1AAAA","4",,,,
"4600616","2019-09-09T11:00:00","25.75","-138.04",,,"1","4","2","5",,,"11",,,,,,,,,,,,"8",,,,,"9","252",,,,,,,,,,,,,"236","58","798","172","7","1","2","1","1FFFFF","1AAAAAAAA1AAAA","4",,,,
"5102585","2019-09-09T11:00:00","28.44","-138.96",,,"1","4","2","5",,,"11",,,,,,,,,,,,"8",,,,,"9","256",,,,,,,,,,,,,"236","88","798","172","7","0",,"1","1FFFFF","1AAAAAAAA1AAAA","4",,,,
"5102593","2019-09-09T11:00:00","21.21","-131.51",,,"1","4","2","5",,,"11",,,,,,,,,,,,"8",,,,,"9","259",,,,,,,,,,,,,"236","11","798","172","7","0",,"1","1FFFFF","1AAAAAAAA1AAAA","4",,,,
"4301567","2019-09-09T12:00:00","25.56","-132.92",,,"1","4","2","5",,,"11",,,,,,,,,"10197",,,"8",,,,,"9","238",,,,,,,,,,,,,"236","52","798","172","7","0",,"1","1FFF1F","1AAAA1AAA1AAAA","4",,,,
"4301571","2019-09-09T12:00:00","23.63","-132.62",,,"1","4","2","5",,,"11",,,,,,,,,"10186",,,"8",,,,,"9","245",,,,,,,,,,,,,"236","32","798","172","7","0",,"1","1FFF1F","1AAAA1AAA1AAAA","4",,,,
"4600616","2019-09-09T12:00:00","25.82","-137.98",,,"1","4","2","5",,,"11",,,,,,,,,,,,"8",,,,,"9","253",,,,,,,,,,,,,"236","57","798","172","7","1","2","1","1FFFFF","1AAAAAAAA1AAAA","4",,,,
"5102585","2019-09-09T12:00:00","28.44","-138.97",,,"1","4","2","5",,,"11",,,,,,,,,,,,"8",,,,,"9","255",,,,,,,,,,,,,"236","88","798","172","7","0",,"1","1FFFFF","1AAAAAAAA1AAAA","4",,,,
"5102593","2019-09-09T12:00:00","21.21","-131.51",,,"1","4","2","5",,,"11",,,,,,,,,,,,"8",,,,,"9","258",,,,,,,,,,,,,"236","11","798","172","7","0",,"1","1FFFFF","1AAAAAAAA1AAAA","4",,,,
"4301567","2019-09-09T13:00:00","25.56","-132.93",,,"1","4","2","5",,,"11",,,,,,,,,"10196",,,"8",,,,,"9","237",,,,,,,,,,,,,"236","52","798","172","7","0",,"1","1FFF1F","1AAAA1AAA1AAAA","4",,,,
"4301571","2019-09-09T13:00:00","23.61","-132.62",,,"1","4","2","5",,,"11",,,,,,,,,"10186",,,"8",,,,,"9","245",,,,,,,,,,,,,"236","32","798","172","7","0",,"1","1FFF1F","1AAAA1AAA1AAAA","4",,,,
"4600616","2019-09-09T13:00:00","25.82","-137.98",,,"1","4","2","5",,,"11",,,,,,,,,,,,"8",,,,,"9","252",,,,,,,,,,,,,"236","57","798","172","7","1","2","1","1FFFFF","1AAAAAAAA1AAAA","4",,,,
"5102585","2019-09-09T13:00:00","28.45","-138.97",,,"1","4","2","5",,,"11",,,,,,,,,,,,"8",,,,,"9","255",,,,,,,,,,,,,"236","88","798","172","7","0",,"1","1FFFFF","1AAAAAAAA1AAAA","4",,,,
"5102593","2019-09-09T13:00:00","21.21","-131.52",,,"1","4","2","5",,,"11",,,,,,,,,,,,"8",,,,,"9","258",,,,,,,,,,,,,"236","11","798","172","7","0",,"1","1FFFFF","1AAAAAAAA1AAAA","4",,,,
"4301564","2019-09-09T13:01:00","29.81","-130.78",,,"1","4","2","5",,,"11",,,,,,,,,"10224",,,"8",,,,,"9","242",,,,,,,,,,,,,"236","90","798","172","7","0",,"1","1FFF1F","1AAAA1AAA1AAAA","4",,,,
"4301564","2019-09-09T14:00:00","29.81","-130.78",,,"1","4","2","5",,,"11",,,,,,,,,"10226",,,"8",,,,,"9","242",,,,,,,,,,,,,"236","90","798","172","7","0",,"1","1FFF1F","1AAAA1AAA1AAAA","4",,,,
"4301567","2019-09-09T14:00:00","25.56","-132.93",,,"1","4","2","5",,,"11",,,,,,,,,"10199",,,"8",,,,,"9","237",,,,,,,,,,,,,"236","52","798","172","7","0",,"1","1FFF1F","1AAAA1AAA1AAAA","4",,,,
"4301571","2019-09-09T14:00:00","23.60","-132.62",,,"1","4","2","5",,,"11",,,,,,,,,"10186",,,"8",,,,,"9","245",,,,,,,,,,,,,"236","32","798","172","7","0",,"1","1FFF1F","1AAAA1AAA1AAAA","4",,,,
"4600616","2019-09-09T14:00:00","25.75","-138.04",,,"1","4","2","5",,,"11",,,,,,,,,,,,"8",,,,,"9","252",,,,,,,,,,,,,"236","58","798","172","7","1","2","1","1FFFFF","1AAAAAAAA1AAAA","4",,,,
"5102585","2019-09-09T14:00:00","28.44","-138.97",,,"1","4","2","5",,,"11",,,,,,,,,,,,"8",,,,,"9","255",,,,,,,,,,,,,"236","88","798","172","7","0",,"1","1FFFFF","1AAAAAAAA1AAAA","4",,,,
"5102593","2019-09-09T14:00:00","21.21","-131.52",,,"1","4","2","5",,,"11",,,,,,,,,,,,"8",,,,,"9","258",,,,,,,,,,,,,"236","11","798","172","7","0",,"1","1FFFFF","1AAAAAAAA1AAAA","4",,,,
"4600616","2019-09-09T15:00:00","25.75","-138.03",,,"1","4","2","5",,,"11",,,,,,,,,,,,"8",,,,,"9","252",,,,,,,,,,,,,"236","58","798","172","7","1","2","1","1FFFFF","1AAAAAAAA1AAAA","4",,,,
"5102585","2019-09-09T15:00:00","28.44","-138.98",,,"1","4","2","5",,,"11",,,,,,,,,,,,"8",,,,,"9","255",,,,,,,,,,,,,"236","88","798","172","7","0",,"1","1FFFFF","1AAAAAAAA1AAAA","4",,,,
"5102593","2019-09-09T15:00:00","21.22","-131.52",,,"1","4","2","5",,,"11",,,,,,,,,,,,"8",,,,,"9","258",,,,,,,,,,,,,"236","11","798","172","7","0",,"2","1FFFFF","1AAAAAAAA1AAAA","4",,,,
"VRSH3","2019-09-09T15:00:00","28.90","-130.50",,,"1","6","2","5","6","3","1",,"50","4","72","1","98","3","2","10236",,,"8","220",,"210","205","7","240","6","4","5","6","6","3",,"8","4","20","12","5","236","80","798","172","5","1","2","2","111111","1111111111111A",,"5",,"2",
"4301567","2019-09-09T15:02:00","25.56","-132.94",,,"1","4","2","5",,,"11",,,,,,,,,"10203",,,"8",,,,,"9","237",,,,,,,,,,,,,"236","52","798","172","7","0",,"2","1FFF1F","1AAAA1AAA1AAAA","4",,,,
"4301564","2019-09-09T15:04:00","29.82","-130.79",,,"1","4","2","5",,,"11",,,,,,,,,"10228",,,"8",,,,,"9","241",,,,,,,,,,,,,"236","90","798","172","7","0",,"2","1FFF1F","1AAAA1AAA1AAAA","4",,,,
"4301568","2019-09-09T15:04:00","29.54","-131.21",,,"1","4","2","5",,,"11",,,,,,,,,"10230",,,"8",,,,,"9","239",,,,,,,,,,,,,"236","91","798","172","7","0",,"2","1FFF1F","1AAAA1AAA1AAAA","4",,,,
"4301611","2019-09-09T15:04:00","24.42","-138.91",,,"1","4","2","5",,,"11",,,,,,,,,"10184",,,"8",,,,,"9","252",,,,,,,,,,,,,"236","48","798","172","7","0",,"1","1FFF1F","1AAAA1AAA1AAAA","4",,,,
"4301567","2019-09-09T16:00:00","25.55","-132.94",,,"1","4","2","5",,,"11",,,,,,,,,"10209",,,"8",,,,,"9","237",,,,,,,,,,,,,"236","52","798","172","7","0",,"2","1FFF1F","1AAAA1AAA1AAAA","4",,,,
"4301568","2019-09-09T16:00:00","29.54","-131.21",,,"1","4","2","5",,,"11",,,,,,,,,"10233",,,"8",,,,,"9","239",,,,,,,,,,,,,"236","91","798","172","7","0",,"2","1FFF1F","1AAAA1AAA1AAAA","4",,,,
"4600616","2019-09-09T16:00:00","25.75","-138.03",,,"1","4","2","5",,,"11",,,,,,,,,,,,"8",,,,,"9","252",,,,,,,,,,,,,"236","58","798","172","7","1","2","2","1FFFFF","1AAAAAAAA1AAAA","4",,,,
"5102585","2019-09-09T16:00:00","28.44","-138.98",,,"1","4","2","5",,,"11",,,,,,,,,,,,"8",,,,,"9","255",,,,,,,,,,,,,"236","88","798","172","7","0",,"2","1FFFFF","1AAAAAAAA1AAAA","4",,,,
"5102593","2019-09-09T16:00:00","21.22","-131.52",,,"1","4","2","5",,,"11",,,,,,,,,,,,"8",,,,,"9","258",,,,,,,,,,,,,"236","11","798","172","7","0",,"2","1FFFFF","1AAAAAAAA1AAAA","4",,,,
"4301571","2019-09-09T16:02:00","23.58","-132.62",,,"1","4","2","5",,,"11",,,,,,,,,"10196",,,"8",,,,,"9","245",,,,,,,,,,,,,"236","32","798","172","7","0",,"2","1FFF1F","1AAAA1AAA1AAAA","4",,,,
"4301611","2019-09-09T16:04:00","24.41","-138.92",,,"1","4","2","5",,,"11",,,,,,,,,"10184",,,"8",,,,,"9","252",,,,,,,,,,,,,"236","48","798","172","7","0",,"2","1FFF1F","1AAAA1AAA1AAAA","4",,,,
"4301567","2019-09-09T17:00:00","25.55","-132.95",,,"1","4","2","5",,,"11",,,,,,,,,"10213",,,"8",,,,,"9","238",,,,,,,,,,,,,"236","52","798","172","7","0",,"2","1FFF1F","1AAAA1AAA1AAAA","4",,,,
"4301568","2019-09-09T17:00:00","29.55","-131.20",,,"1","4","2","5",,,"11",,,,,,,,,"10234",,,"8",,,,,"9","239",,,,,,,,,,,,,"236","91","798","172","7","0",,"2","1FFF1F","1AAAA1AAA1AAAA","4",,,,
"4301571","2019-09-09T17:00:00","23.57","-132.63",,,"1","4","2","5",,,"11",,,,,,,,,"10201",,,"8",,,,,"9","245",,,,,,,,,,,,,"236","32","798","172","7","0",,"2","1FFF1F","1AAAA1AAA1AAAA","4",,,,
"4600616","2019-09-09T17:00:00","25.73","-138.06",,,"1","4","2","5",,,"11",,,,,,,,,,,,"8",,,,,"9","252",,,,,,,,,,,,,"236","58","798","172","7","1","2","2","1FFFFF","1AAAAAAAA1AAAA","4",,,,
"5102585","2019-09-09T17:00:00","28.44","-138.98",,,"1","4","2","5",,,"11",,,,,,,,,,,,"8",,,,,"9","255",,,,,,,,,,,,,"236","88","798","172","7","0",,"2","1FFFFF","1AAAAAAAA1AAAA","4",,,,
"5102593","2019-09-09T17:00:00","21.22","-131.52",,,"1","4","2","5",,,"11",,,,,,,,,,,,"8",,,,,"9","258",,,,,,,,,,,,,"236","11","798","172","7","0",,"2","1FFFFF","1AAAAAAAA1AAAA","4",,,,
"4301564","2019-09-09T18:00:00","29.82","-130.78",,,"1","4","2","5",,,"11",,,,,,,,,"10235",,,"8",,,,,"9","242",,,,,,,,,,,,,"236","90","798","172","7","0",,"2","1FFF1F","1AAAA1AAA1AAAA","4",,,,
"4301567","2019-09-09T18:00:00","25.55","-132.95",,,"1","4","2","5",,,"11",,,,,,,,,"10217",,,"8",,,,,"9","238",,,,,,,,,,,,,"236","52","798","172","7","0",,"2","1FFF1F","1AAAA1AAA1AAAA","4",,,,
"4301571","2019-09-09T18:00:00","23.56","-132.63",,,"1","4","2","5",,,"11",,,,,,,,,"10203",,,"8",,,,,"9","245",,,,,,,,,,,,,"236","32","798","172","7","0",,"2","1FFF1F","1AAAA1AAA1AAAA","4",,,,
"4600616","2019-09-09T18:00:00","25.72","-138.07",,,"1","4","2","5",,,"11",,,,,,,,,,,,"8",,,,,"9","253",,,,,,,,,,,,,"236","58","798","172","7","1","2","2","1FFFFF","1AAAAAAAA1AAAA","4",,,,
"5102585","2019-09-09T18:00:00","28.44","-138.99",,,"1","4","2","5",,,"11",,,,,,,,,,,,"8",,,,,"9","255",,,,,,,,,,,,,"236","88","798","172","7","0",,"2","1FFFFF","1AAAAAAAA1AAAA","4",,,,
"5102593","2019-09-09T18:00:00","21.22","-131.53",,,"1","4","2","5",,,"11",,,,,,,,,,,,"8",,,,,"9","258",,,,,,,,,,,,,"236","11","798","172","7","0",,"2","1FFFFF","1AAAAAAAA1AAAA","4",,,,
"VRSH3","2019-09-09T18:00:00","29.10","-131.10",,,"1","6","2","5","7","3","1",,"50","4","46","1","98","2","2","10247","1","10","8","230",,"220","215","7","250","7","7","4","5","7","A",,"8","4","36","8","6","236","91","798","172","5","1","2","2","311111","11111111111111",,"5",,"2",
"WNRD","2019-09-09T18:00:00","29.30","-135.70",,,"1","6","2","5","6","4","1",,"60","4","67","1","99","2","0","10237","1","2","8","240",,"230","225","7","230","2",,"1","2","A","4",,"5","1","33","10","2","236","95","798","172","5","1","2","2","111111","11111111111111",,"5",,"0",
"4301568","2019-09-09T18:01:00","29.55","-131.19",,,"1","4","2","5",,,"11",,,,,,,,,"10236",,,"8",,,,,"9","239",,,,,,,,,,,,,"236","91","798","172","7","0",,"2","1FFF1F","1AAAA1AAA1AAAA","4",,,,
"4301564","2019-09-09T19:00:00","29.82","-130.78",,,"1","4","2","5",,,"11",,,,,,,,,"10233",,,"8",,,,,"9","242",,,,,,,,,,,,,"236","90","798","172","7","0",,"2","1FFF1F","1AAAA1AAA1AAAA","4",,,,
"4301571","2019-09-09T19:00:00","23.55","-132.63",,,"1","4","2","5",,,"11",,,,,,,,,"10200",,,"8",,,,,"9","245",,,,,,,,,,,,,"236","32","798","172","7","0",,"2","1FFF1F","1AAAA1AAA1AAAA","4",,,,
"4600616","2019-09-09T19:00:00","25.72","-138.08",,,"1","4","2","5",,,"11",,,,,,,,,,,,"8",,,,,"9","253",,,,,,,,,,,,,"236","58","798","172","7","1","2","2","1FFFFF","1AAAAAAAA1AAAA","4",,,,
"5102585","2019-09-09T19:00:00","28.44","-138.99",,,"1","4","2","5",,,"11",,,,,,,,,,,,"8",,,,,"9","255",,,,,,,,,,,,,"236","88","798","172","7","0",,"2","1FFFFF","1AAAAAAAA1AAAA","4",,,,
"5102593","2019-09-09T19:00:00","21.22","-131.53",,,"1","4","2","5",,,"11",,,,,,,,,,,,"8",,,,,"9","259",,,,,,,,,,,,,"236","11","798","172","7","0",,"2","1FFFFF","1AAAAAAAA1AAAA","4",,,,
"4301567","2019-09-09T19:03:00","25.54","-132.95",,,"1","4","2","5",,,"11",,,,,,,,,"10216",,,"8",,,,,"9","238",,,,,,,,,,,,,"236","52","798","172","7","0",,"2","1FFF1F","1AAAA1AAA1AAAA","4",,,,
"4301567","2019-09-09T20:00:00","25.54","-132.96",,,"1","4","2","5",,,"11",,,,,,,,,"10213",,,"8",,,,,"9","238",,,,,,,,,,,,,"236","52","798","172","7","0",,"2","1FFF1F","1AAAA1AAA1AAAA","4",,,,
"4301571","2019-09-09T20:00:00","23.54","-132.63",,,"1","4","2","5",,,"11",,,,,,,,,"10195",,,"8",,,,,"9","246",,,,,,,,,,,,,"236","32","798","172","7","0",,"2","1FFF1F","1AAAA1AAA1AAAA","4",,,,
"4600616","2019-09-09T20:00:00","25.72","-138.09",,,"1","4","2","5",,,"11",,,,,,,,,,,,"8",,,,,"9","253",,,,,,,,,,,,,"236","58","798","172","7","1","2","2","1FFFFF","1AAAAAAAA1AAAA","4",,,,
"5102585","2019-09-09T20:00:00","28.44","-138.99",,,"1","4","2","5",,,"11",,,,,,,,,,,,"8",,,,,"9","255",,,,,,,,,,,,,"236","88","798","172","7","0",,"2","1FFFFF","1AAAAAAAA1AAAA","4",,,,
"5102593","2019-09-09T20:00:00","21.22","-131.53",,,"1","4","2","5",,,"11",,,,,,,,,,,,"8",,,,,"9","259",,,,,,,,,,,,,"236","11","798","172","7","0",,"2","1FFFFF","1AAAAAAAA1AAAA","4",,,,
"4301571","2019-09-09T21:00:00","23.53","-132.64",,,"1","4","2","5",,,"11",,,,,,,,,"10194",,,"8",,,,,"9","246",,,,,,,,,,,,,"236","32","798","172","7","0",,"2","1FFF1F","1AAAA1AAA1AAAA","4",,,,
"4600616","2019-09-09T21:00:00","25.72","-138.09",,,"1","4","2","5",,,"11",,,,,,,,,,,,"8",,,,,"9","253",,,,,,,,,,,,,"236","58","798","172","7","1","2","2","1FFFFF","1AAAAAAAA1AAAA","4",,,,
"5102585","2019-09-09T21:00:00","28.43","-139.00",,,"1","4","2","5",,,"11",,,,,,,,,,,,"8",,,,,"9","255",,,,,,,,,,,,,"236","89","798","172","7","0",,"2","1FFFFF","1AAAAAAAA1AAAA","4",,,,
"5102593","2019-09-09T21:00:00","21.23","-131.54",,,"1","4","2","5",,,"11",,,,,,,,,,,,"8",,,,,"9","260",,,,,,,,,,,,,"236","11","798","172","7","0",,"2","1FFFFF","1AAAAAAAA1AAAA","4",,,,
"VRSH3","2019-09-09T21:00:00","29.30","-131.70",,,"1","6","2","5","7","3","1",,"50","4","46","1","98","2","2","10247","4","0","8","230",,"220","215","7","250","7","7","4","5","7","A",,"8","4","36","8","6","236","91","798","172","5","1","2","2","311111","11111111111111",,"5",,"2",
"4301568","2019-09-09T21:04:00","29.55","-131.18",,,"1","4","2","5",,,"11",,,,,,,,,"10225",,,"8",,,,,"9","241",,,,,,,,,,,,,"236","91","798","172","7","0",,"2","1FFF1F","1AAAA1AAA1AAAA","4",,,,
"4301568","2019-09-09T22:00:00","29.55","-131.17",,,"1","4","2","5",,,"11",,,,,,,,,"10219",,,"8",,,,,"9","241",,,,,,,,,,,,,"236","91","798","172","7","0",,"2","1FFF1F","1AAAA1AAA1AAAA","4",,,,
"4301571","2019-09-09T22:00:00","23.52","-132.64",,,"1","4","2","5",,,"11",,,,,,,,,"10189",,,"8",,,,,"9","246",,,,,,,,,,,,,"236","32","798","172","7","0",,"2","1FFF1F","1AAAA1AAA1AAAA","4",,,,
"4600616","2019-09-09T22:00:00","25.72","-138.09",,,"1","4","2","5",,,"11",,,,,,,,,,,,"8",,,,,"9","254",,,,,,,,,,,,,"236","58","798","172","7","1","2","2","1FFFFF","1AAAAAAAA1AAAA","4",,,,
"5102585","2019-09-09T22:00:00","28.43","-139.00",,,"1","4","2","5",,,"11",,,,,,,,,,,,"8",,,,,"9","256",,,,,,,,,,,,,"236","89","798","172","7","0",,"2","1FFFFF","1AAAAAAAA1AAAA","4",,,,
"5102593","2019-09-09T22:00:00","21.23","-131.54",,,"1","4","2","5",,,"11",,,,,,,,,,,,"8",,,,,"9","260",,,,,,,,,,,,,"236","11","798","172","7","0",,"2","1FFFFF","1AAAAAAAA1AAAA","4",,,,
"4301568","2019-09-09T23:00:00","29.55","-131.17",,,"1","4","2","5",,,"11",,,,,,,,,"10212",,,"8",,,,,"9","241",,,,,,,,,,,,,"236","91","798","172","7","0",,"2","1FFF1F","1AAAA1AAA1AAAA","4",,,,
"4301571","2019-09-09T23:00:00","23.51","-132.64",,,"1","4","2","5",,,"11",,,,,,,,,"10181",,,"8",,,,,"9","247",,,,,,,,,,,,,"236","32","798","172","7","0",,"2","1FFF1F","1AAAA1AAA1AAAA","4",,,,
"4600616","2019-09-09T23:00:00","25.69","-138.17",,,"1","4","2","5",,,"11",,,,,,,,,,,,"8",,,,,"9","254",,,,,,,,,,,,,"236","58","798","172","7","1","2","2","1FFFFF","1AAAAAAAA1AAAA","4",,,,
"5102585","2019-09-09T23:00:00","28.42","-139.00",,,"1","4","2","5",,,"11",,,,,,,,,,,,"8",,,,,"9","256",,,,,,,,,,,,,"236","89","798","172","7","0",,"2","1FFFFF","1AAAAAAAA1AAAA","4",,,,
"5102593","2019-09-09T23:00:00","21.23","-131.54",,,"1","4","2","5",,,"11",,,,,,,,,,,,"8",,,,,"9","260",,,,,,,,,,,,,"236","11","798","172","7","0",,"2","1FFFFF","1AAAAAAAA1AAAA","4",,,,
"4301611","2019-09-09T23:04:00","24.34","-139.00",,,"1","4","2","5",,,"11",,,,,,,,,"10159",,,"8",,,,,"9","253",,,,,,,,,,,,,"236","49","798","172","7","0",,"2","1FFF1F","1AAAA1AAA1AAAA","4",,,,
"4301571","2019-09-10T00:00:00","23.51","-132.64",,,"1","4","2","5",,,"11",,,,,,,,,"10181",,,"8",,,,,"9","247",,,,,,,,,,,,,"236","32","798","172","7","0",,"2","1FFF1F","1AAAA1AAA1AAAA","4",,,,
"4600616","2019-09-10T00:00:00","25.69","-138.17",,,"1","4","2","5",,,"11",,,,,,,,,,,,"8",,,,,"9","254",,,,,,,,,,,,,"236","58","798","172","7","1","2","2","1FFFFF","1AAAAAAAA1AAAA","4",,,,
"5102585","2019-09-10T00:00:00","28.42","-139.01",,,"1","4","2","5",,,"11",,,,,,,,,,,,"8",,,,,"9","256",,,,,,,,,,,,,"236","89","798","172","7","0",,"2","1FFFFF","1AAAAAAAA1AAAA","4",,,,
"5102593","2019-09-10T00:00:00","21.23","-131.54",,,"1","4","2","5",,,"11",,,,,,,,,,,,"8",,,,,"9","260",,,,,,,,,,,,,"236","11","798","172","7","0",,"2","1FFFFF","1AAAAAAAA1AAAA","4",,,,
"VRSH3","2019-09-10T00:00:00","29.40","-132.50",,,"1","6","2","5","7","3","1",,"50","4","51","1","98","2","2","10247","4","0","8","260",,"250","246","7","260","6","6","4","5","4","A",,"8","4","3","8","6","236","92","798","172","5","1","2","2","331111","11111111111111",,"5",,"2",
"4301567","2019-09-10T00:02:00","25.55","-132.98",,,"1","4","2","5",,,"11",,,,,,,,,"10199",,,"8",,,,,"9","239",,,,,,,,,,,,,"236","52","798","172","7","0",,"2","1FFF1F","1AAAA1AAA1AAAA","4",,,,
"4301568","2019-09-10T00:03:00","29.55","-131.16",,,"1","4","2","5",,,"11",,,,,,,,,"10211",,,"8",,,,,"9","241",,,,,,,,,,,,,"236","91","798","172","7","0",,"2","1FFF1F","1AAAA1AAA1AAAA","4",,,,
"4301611","2019-09-10T00:04:00","24.33","-139.01",,,"1","4","2","5",,,"11",,,,,,,,,"10155",,,"8",,,,,"9","253",,,,,,,,,,,,,"236","49","798","172","7","0",,"2","1FFF1F","1AAAA1AAA1AAAA","4",,,,
"4301567","2019-09-10T01:00:00","25.55","-132.98",,,"1","4","2","5",,,"11",,,,,,,,,"10196",,,"8",,,,,"9","239",,,,,,,,,,,,,"236","52","798","172","7","0",,"2","1FFF1F","1AAAA1AAA1AAAA","4",,,,
"4301568","2019-09-10T01:00:00","29.55","-131.16",,,"1","4","2","5",,,"11",,,,,,,,,"10209",,,"8",,,,,"9","241",,,,,,,,,,,,,"236","91","798","172","7","0",,"2","1FFF1F","1AAAA1AAA1AAAA","4",,,,
"4600616","2019-09-10T01:00:00","25.69","-138.17",,,"1","4","2","5",,,"11",,,,,,,,,,,,"8",,,,,"9","254",,,,,,,,,,,,,"236","58","798","172","7","1","2","2","1FFFFF","1AAAAAAAA1AAAA","4",,,,
"5102585","2019-09-10T01:00:00","28.42","-139.01",,,"1","4","2","5",,,"11",,,,,,,,,,,,"8",,,,,"9","256",,,,,,,,,,,,,"236","89","798","172","7","0",,"2","1FFFFF","1AAAAAAAA1AAAA","4",,,,
"5102593","2019-09-10T01:00:00","21.23","-131.55",,,"1","4","2","5",,,"11",,,,,,,,,,,,"8",,,,,"9","259",,,,,,,,,,,,,"236","11","798","172","7","0",,"2","1FFFFF","1AAAAAAAA1AAAA","4",,,,
"4301571","2019-09-10T01:01:00","23.50","-132.65",,,"1","4","2","5",,,"11",,,,,,,,,"10182",,,"8",,,,,"9","247",,,,,,,,,,,,,"236","32","798","172","7","0",,"2","1FFF1F","1AAAA1AAA1AAAA","4",,,,
"4301564","2019-09-10T01:02:00","29.82","-130.77",,,"1","4","2","5",,,"11",,,,,,,,,"10208",,,"8",,,,,"9","244",,,,,,,,,,,,,"236","90","798","172","7","0",,"2","1FFF1F","1AAAA1AAA1AAAA","4",,,,
"4301611","2019-09-10T01:04:00","24.33","-139.03",,,"1","4","2","5",,,"11",,,,,,,,,"10152",,,"8",,,,,"9","253",,,,,,,,,,,,,"236","49","798","172","7","0",,"2","1FFF1F","1AAAA1AAA1AAAA","4",,,,
"4301564","2019-09-10T02:00:00","29.82","-130.77",,,"1","4","2","5",,,"11",,,,,,,,,"10207",,,"8",,,,,"9","243",,,,,,,,,,,,,"236","90","798","172","7","0",,"2","1FFF1F","1AAAA1AAA1AAAA","4",,,,
"4301567","2019-09-10T02:00:00","25.55","-132.98",,,"1","4","2","5",,,"11",,,,,,,,,"10196",,,"8",,,,,"9","239",,,,,,,,,,,,,"236","52","798","172","7","0",,"2","1FFF1F","1AAAA1AAA1AAAA","4",,,,
"4301568","2019-09-10T02:00:00","29.55","-131.16",,,"1","4","2","5",,,"11",,,,,,,,,"10209",,,"8",,,,,"9","241",,,,,,,,,,,,,"236","91","798","172","7","0",,"2","1FFF1F","1AAAA1AAA1AAAA","4",,,,
"4301571","2019-09-10T02:00:00","23.50","-132.65",,,"1","4","2","5",,,"11",,,,,,,,,"10182",,,"8",,,,,"9","246",,,,,,,,,,,,,"236","32","798","172","7","0",,"2","1FFF1F","1AAAA1AAA1AAAA","4",,,,
"4301611","2019-09-10T02:00:00","24.32","-139.04",,,"1","4","2","5",,,"11",,,,,,,,,"10154",,,"8",,,,,"9","253",,,,,,,,,,,,,"236","49","798","172","7","0",,"2","1FFF1F","1AAAA1AAA1AAAA","4",,,,
"4600616","2019-09-10T02:00:00","25.69","-138.17",,,"1","4","2","5",,,"11",,,,,,,,,,,,"8",,,,,"9","254",,,,,,,,,,,,,"236","58","798","172","7","1","2","2","1FFFFF","1AAAAAAAA1AAAA","4",,,,
"5102585","2019-09-10T02:00:00","28.42","-139.01",,,"1","4","2","5",,,"11",,,,,,,,,,,,"8",,,,,"9","256",,,,,,,,,,,,,"236","89","798","172","7","0",,"2","1FFFFF","1AAAAAAAA1AAAA","4",,,,
"5102593","2019-09-10T02:00:00","21.24","-131.55",,,"1","4","2","5",,,"11",,,,,,,,,,,,"8",,,,,"9","259",,,,,,,,,,,,,"236","11","798","172","7","0",,"2","1FFFFF","1AAAAAAAA1AAAA","4",,,,
"4301564","2019-09-10T03:00:00","29.81","-130.77",,,"1","4","2","5",,,"11",,,,,,,,,"10209",,,"8",,,,,"9","243",,,,,,,,,,,,,"236","90","798","172","7","0",,"1","1FFF1F","1AAAA1AAA1AAAA","4",,,,
"4301611","2019-09-10T03:00:00","24.32","-139.05",,,"1","4","2","5",,,"11",,,,,,,,,"10157",,,"8",,,,,"9","253",,,,,,,,,,,,,"236","49","798","172","7","0",,"2","1FFF1F","1AAAA1AAA1AAAA","4",,,,
"4600616","2019-09-10T03:00:00","25.69","-138.17",,,"1","4","2","5",,,"11",,,,,,,,,,,,"8",,,,,"9","254",,,,,,,,,,,,,"236","58","798","172","7","1","2","2","1FFFFF","1AAAAAAAA1AAAA","4",,,,
"5102585","2019-09-10T03:00:00","28.41","-139.02",,,"1","4","2","5",,,"11",,,,,,,,,,,,"8",,,,,"9","255",,,,,,,,,,,,,"236","89","798","172","7","0",,"2","1FFFFF","1AAAAAAAA1AAAA","4",,,,
"5102593","2019-09-10T03:00:00","21.25","-131.54",,,"1","4","2","5",,,"11",,,,,,,,,,,,"8",,,,,"9","259",,,,,,,,,,,,,"236","11","798","172","7","0",,"1","1FFFFF","1AAAAAAAA1AAAA","4",,,,
"VRSH3","2019-09-10T03:00:00","29.60","-132.90",,,"1","6","2","5","6","3","1",,"30","4","72","1","98","2","1","10236","4","0","8","220",,"210","205","7","250","5","3","5","6","6","5",,,,,,,"236","92","798","172","5","1","2","1","111111","11111111111AA1",,"5",,"1",
"4301567","2019-09-10T03:01:00","25.55","-132.98",,,"1","4","2","5",,,"11",,,,,,,,,"10201",,,"8",,,,,"9","238",,,,,,,,,,,,,"236","52","798","172","7","0",,"1","1FFF1F","1AAAA1AAA1AAAA","4",,,,
"4301568","2019-09-10T03:04:00","29.55","-131.15",,,"1","4","2","5",,,"11",,,,,,,,,"10210",,,"8",,,,,"9","240",,,,,,,,,,,,,"236","91","798","172","7","0",,"1","1FFF1F","1AAAA1AAA1AAAA","4",,,,
"4301564","2019-09-10T04:00:00","29.81","-130.77",,,"1","4","2","5",,,"11",,,,,,,,,"10211",,,"8",,,,,"9","243",,,,,,,,,,,,,"236","90","798","172","7","0",,"1","1FFF1F","1AAAA1AAA1AAAA","4",,,,
"4301571","2019-09-10T04:00:00","23.49","-132.66",,,"1","4","2","5",,,"11",,,,,,,,,"10190",,,"8",,,,,"9","246",,,,,,,,,,,,,"236","32","798","172","7","0",,"1","1FFF1F","1AAAA1AAA1AAAA","4",,,,
"4600616","2019-09-10T04:00:00","25.69","-138.19",,,"1","4","2","5",,,"11",,,,,,,,,,,,"8",,,,,"9","254",,,,,,,,,,,,,"236","58","798","172","7","1","2","1","1FFFFF","1AAAAAAAA1AAAA","4",,,,
"5102585","2019-09-10T04:00:00","28.41","-139.02",,,"1","4","2","5",,,"11",,,,,,,,,,,,"8",,,,,"9","255",,,,,,,,,,,,,"236","89","798","172","7","0",,"1","1FFFFF","1AAAAAAAA1AAAA","4",,,,
"5102593","2019-09-10T04:00:00","21.25","-131.54",,,"1","4","2","5",,,"11",,,,,,,,,,,,"8",,,,,"9","259",,,,,,,,,,,,,"236","11","798","172","7","0",,"1","1FFFFF","1AAAAAAAA1AAAA","4",,,,
"4301567","2019-09-10T04:02:00","25.55","-132.98",,,"1","4","2","5",,,"11",,,,,,,,,"10204",,,"8",,,,,"9","238",,,,,,,,,,,,,"236","52","798","172","7","0",,"1","1FFF1F","1AAAA1AAA1AAAA","4",,,,
"4301611","2019-09-10T04:04:00","24.32","-139.06",,,"1","4","2","5",,,"11",,,,,,,,,"10164",,,"8",,,,,"9","253",,,,,,,,,,,,,"236","49","798","172","7","0",,"1","1FFF1F","1AAAA1AAA1AAAA","4",,,,
"4301567","2019-09-10T05:00:00","25.55","-132.98",,,"1","4","2","5",,,"11",,,,,,,,,"10208",,,"8",,,,,"9","238",,,,,,,,,,,,,"236","52","798","172","7","0",,"1","1FFF1F","1AAAA1AAA1AAAA","4",,,,
"4600616","2019-09-10T05:00:00","25.69","-138.19",,,"1","4","2","5",,,"11",,,,,,,,,,,,"8",,,,,"9","254",,,,,,,,,,,,,"236","58","798","172","7","1","2","1","1FFFFF","1AAAAAAAA1AAAA","4",,,,
"5102585","2019-09-10T05:00:00","28.41","-139.03",,,"1","4","2","5",,,"11",,,,,,,,,,,,"8",,,,,"9","255",,,,,,,,,,,,,"236","89","798","172","7","0",,"1","1FFFFF","1AAAAAAAA1AAAA","4",,,,
"5102593","2019-09-10T05:00:00","21.25","-131.54",,,"1","4","2","5",,,"11",,,,,,,,,,,,"8",,,,,"9","258",,,,,,,,,,,,,"236","11","798","172","7","0",,"1","1FFFFF","1AAAAAAAA1AAAA","4",,,,
"4301571","2019-09-10T05:01:00","23.48","-132.66",,,"1","4","2","5",,,"11",,,,,,,,,"10196",,,"8",,,,,"9","246",,,,,,,,,,,,,"236","32","798","172","7","0",,"1","1FFF1F","1AAAA1AAA1AAAA","4",,,,
"4301611","2019-09-10T05:04:00","24.32","-139.08",,,"1","4","2","5",,,"11",,,,,,,,,"10174",,,"8",,,,,"9","252",,,,,,,,,,,,,"236","49","798","172","7","0",,"1","1FFF1F","1AAAA1AAA1AAAA","4",,,,
"4301567","2019-09-10T06:00:00","25.54","-132.98",,,"1","4","2","5",,,"11",,,,,,,,,"10212",,,"8",,,,,"9","238",,,,,,,,,,,,,"236","52","798","172","7","0",,"1","1FFF1F","1AAAA1AAA1AAAA","4",,,,
"4600616","2019-09-10T06:00:00","25.69","-138.19",,,"1","4","2","5",,,"11",,,,,,,,,,,,"8",,,,,"9","254",,,,,,,,,,,,,"236","58","798","172","7","1","2","1","1FFFFF","1AAAAAAAA1AAAA","4",,,,
"5102585","2019-09-10T06:00:00","28.41","-139.04",,,"1","4","2","5",,,"11",,,,,,,,,,,,"8",,,,,"9","254",,,,,,,,,,,,,"236","89","798","172","7","0",,"1","1FFFFF","1AAAAAAAA1AAAA","4",,,,
"5102593","2019-09-10T06:00:00","21.25","-131.54",,,"1","4","2","5",,,"11",,,,,,,,,,,,"8",,,,,"9","258",,,,,,,,,,,,,"236","11","798","172","7","0",,"1","1FFFFF","1AAAAAAAA1AAAA","4",,,,
"VRSH3","2019-09-10T06:00:00","29.80","-133.50",,,"1","6","2","5","6","3","1",,"40","4","72","1","98","2","1","10236","4","0","8","220",,"210","205","7","250","6","4","5","6","6","5",,,,,,,"236","93","798","172","5","1","2","1","111111","11111111111AA1",,"5",,"1",
"4301564","2019-09-10T06:01:00","29.82","-130.79",,,"1","4","2","5",,,"11",,,,,,,,,"10218",,,"8",,,,,"9","242",,,,,,,,,,,,,"236","90","798","172","7","0",,"1","1FFF1F","1AAAA1AAA1AAAA","4",,,,
"4301571","2019-09-10T06:01:00","23.48","-132.66",,,"1","4","2","5",,,"11",,,,,,,,,"10199",,,"8",,,,,"9","246",,,,,,,,,,,,,"236","32","798","172","7","0",,"1","1FFF1F","1AAAA1AAA1AAAA","4",,,,
"4301611","2019-09-10T06:04:00","24.32","-139.09",,,"1","4","2","5",,,"11",,,,,,,,,"10180",,,"8",,,,,"9","252",,,,,,,,,,,,,"236","49","798","172","7","0",,"1","1FFF1F","1AAAA1AAA1AAAA","4",,,,
"4301564","2019-09-10T07:00:00","29.82","-130.79",,,"1","4","2","5",,,"11",,,,,,,,,"10218",,,"8",,,,,"9","242",,,,,,,,,,,,,"236","90","798","172","7","0",,"1","1FFF1F","1AAAA1AAA1AAAA","4",,,,
"4600616","2019-09-10T07:00:00","25.69","-138.20",,,"1","4","2","5",,,"11",,,,,,,,,,,,"8",,,,,"9","254",,,,,,,,,,,,,"236","58","798","172","7","1","2","1","1FFFFF","1AAAAAAAA1AAAA","4",,,,
"5102585","2019-09-10T07:00:00","28.41","-139.05",,,"1","4","2","5",,,"11",,,,,,,,,,,,"8",,,,,"9","254",,,,,,,,,,,,,"236","89","798","172","7","0",,"1","1FFFFF","1AAAAAAAA1AAAA","4",,,,
"5102593","2019-09-10T07:00:00","21.24","-131.54",,,"1","4","2","5",,,"11",,,,,,,,,,,,"8",,,,,"9","258",,,,,,,,,,,,,"236","11","798","172","7","0",,"1","1FFFFF","1AAAAAAAA1AAAA","4",,,,
"4301567","2019-09-10T07:03:00","25.54","-132.98",,,"1","4","2","5",,,"11",,,,,,,,,"10211",,,"8",,,,,"9","238",,,,,,,,,,,,,"236","52","798","172","7","0",,"1","1FFF1F","1AAAA1AAA1AAAA","4",,,,
"4301571","2019-09-10T07:03:00","23.47","-132.66",,,"1","4","2","5",,,"11",,,,,,,,,"10202",,,"8",,,,,"9","245",,,,,,,,,,,,,"236","32","798","172","7","0",,"1","1FFF1F","1AAAA1AAA1AAAA","4",,,,
"4301611","2019-09-10T07:04:00","24.32","-139.10",,,"1","4","2","5",,,"11",,,,,,,,,"10183",,,"8",,,,,"9","252",,,,,,,,,,,,,"236","49","798","172","7","0",,"1","1FFF1F","1AAAA1AAA1AAAA","4",,,,
"4301564","2019-09-10T08:00:00","29.82","-130.79",,,"1","4","2","5",,,"11",,,,,,,,,"10215",,,"8",,,,,"9","242",,,,,,,,,,,,,"236","90","798","172","7","0",,"1","1FFF1F","1AAAA1AAA1AAAA","4",,,,
"4301571","2019-09-10T08:00:00","23.46","-132.66",,,"1","4","2","5",,,"11",,,,,,,,,"10200",,,"8",,,,,"9","245",,,,,,,,,,,,,"236","32","798","172","7","0",,"1","1FFF1F","1AAAA1AAA1AAAA","4",,,,
"4600616","2019-09-10T08:00:00","25.69","-138.21",,,"1","4","2","5",,,"11",,,,,,,,,,,,"8",,,,,"9","254",,,,,,,,,,,,,"236","58","798","172","7","1","2","1","1FFFFF","1AAAAAAAA1AAAA","4",,,,
"5102585","2019-09-10T08:00:00","28.41","-139.05",,,"1","4","2","5",,,"11",,,,,,,,,,,,"8",,,,,"9","254",,,,,,,,,,,,,"236","89","798","172","7","0",,"1","1FFFFF","1AAAAAAAA1AAAA","4",,,,
"5102593","2019-09-10T08:00:00","21.24","-131.54",,,"1","4","2","5",,,"11",,,,,,,,,,,,"8",,,,,"9","258",,,,,,,,,,,,,"236","11","798","172","7","0",,"1","1FFFFF","1AAAAAAAA1AAAA","4",,,,
"4301567","2019-09-10T08:03:00","25.54","-132.98",,,"1","4","2","5",,,"11",,,,,,,,,"10211",,,"8",,,,,"9","238",,,,,,,,,,,,,"236","52","798","172","7","0",,"1","1FFF1F","1AAAA1AAA1AAAA","4",,,,
"4301568","2019-09-10T08:03:00","29.54","-131.15",,,"1","4","2","5",,,"11",,,,,,,,,"10218",,,"8",,,,,"9","240",,,,,,,,,,,,,"236","91","798","172","7","0",,"1","1FFF1F","1AAAA1AAA1AAAA","4",,,,
"4301611","2019-09-10T08:04:00","24.32","-139.10",,,"1","4","2","5",,,"11",,,,,,,,,"10184",,,"8",,,,,"9","252",,,,,,,,,,,,,"236","49","798","172","7","0",,"1","1FFF1F","1AAAA1AAA1AAAA","4",,,,
"4301564","2019-09-10T09:00:00","29.82","-130.79",,,"1","4","2","5",,,"11",,,,,,,,,"10213",,,"8",,,,,"9","242",,,,,,,,,,,,,"236","90","798","172","7","0",,"1","1FFF1F","1AAAA1AAA1AAAA","4",,,,
"4301567","2019-09-10T09:00:00","25.53","-132.98",,,"1","4","2","5",,,"11",,,,,,,,,"10208",,,"8",,,,,"9","238",,,,,,,,,,,,,"236","52","798","172","7","0",,"1","1FFF1F","1AAAA1AAA1AAAA","4",,,,
"4301571","2019-09-10T09:00:00","23.45","-132.65",,,"1","4","2","5",,,"11",,,,,,,,,"10194",,,"8",,,,,"9","245",,,,,,,,,,,,,"236","32","798","172","7","0",,"1","1FFF1F","1AAAA1AAA1AAAA","4",,,,
"4600616","2019-09-10T09:00:00","25.69","-138.21",,,"1","4","2","5",,,"11",,,,,,,,,,,,"8",,,,,"9","253",,,,,,,,,,,,,"236","58","798","172","7","1","2","1","1FFFFF","1AAAAAAAA1AAAA","4",,,,
"5102585","2019-09-10T09:00:00","28.41","-139.05",,,"1","4","2","5",,,"11",,,,,,,,,,,,"8",,,,,"9","254",,,,,,,,,,,,,"236","89","798","172","7","0",,"1","1FFFFF","1AAAAAAAA1AAAA","4",,,,
"5102593","2019-09-10T09:00:00","21.23","-131.54",,,"1","4","2","5",,,"11",,,,,,,,,,,,"8",,,,,"9","258",,,,,,,,,,,,,"236","11","798","172","7","0",,"1","1FFFFF","1AAAAAAAA1AAAA","4",,,,
"VRSH3","2019-09-10T09:00:00","29.90","-134.10",,,"1","6","2","5","6","3","1",,"20","4","62","1","98","2","0","10237","4","0","8","220",,"210","205","7","260","6","6","1","5","4","A",,"10","3","36","10","4","236","94","798","172","5","1","2","1","311111","11111111111111",,"5",,"0",
"4301568","2019-09-10T09:04:00","29.54","-131.16",,,"1","4","2","5",,,"11",,,,,,,,,"10213",,,"8",,,,,"9","240",,,,,,,,,,,,,"236","91","798","172","7","0",,"1","1FFF1F","1AAAA1AAA1AAAA","4",,,,
"4301564","2019-09-10T10:00:00","29.82","-130.80",,,"1","4","2","5",,,"11",,,,,,,,,"10209",,,"8",,,,,"9","242",,,,,,,,,,,,,"236","90","798","172","7","0",,"1","1FFF1F","1AAAA1AAA1AAAA","4",,,,
"4301567","2019-09-10T10:00:00","25.53","-132.98",,,"1","4","2","5",,,"11",,,,,,,,,"10202",,,"8",,,,,"9","238",,,,,,,,,,,,,"236","52","798","172","7","0",,"1","1FFF1F","1AAAA1AAA1AAAA","4",,,,
"4301571","2019-09-10T10:00:00","23.44","-132.65",,,"1","4","2","5",,,"11",,,,,,,,,"10188",,,"8",,,,,"9","245",,,,,,,,,,,,,"236","32","798","172","7","0",,"1","1FFF1F","1AAAA1AAA1AAAA","4",,,,
"4600616","2019-09-10T10:00:00","25.69","-138.21",,,"1","4","2","5",,,"11",,,,,,,,,,,,"8",,,,,"9","253",,,,,,,,,,,,,"236","58","798","172","7","1","2","1","1FFFFF","1AAAAAAAA1AAAA","4",,,,
"5102585","2019-09-10T10:00:00","28.41","-139.06",,,"1","4","2","5",,,"11",,,,,,,,,,,,"8",,,,,"9","254",,,,,,,,,,,,,"236","89","798","172","7","0",,"1","1FFFFF","1AAAAAAAA1AAAA","4",,,,
"5102593","2019-09-10T10:00:00","21.22","-131.55",,,"1","4","2","5",,,"11",,,,,,,,,,,,"8",,,,,"9","257",,,,,,,,,,,,,"236","11","798","172","7","0",,"1","1FFFFF","1AAAAAAAA1AAAA","4",,,,
"4301568","2019-09-10T10:02:00","29.54","-131.15",,,"1","4","2","5",,,"11",,,,,,,,,"10209",,,"8",,,,,"9","239",,,,,,,,,,,,,"236","91","798","172","7","0",,"1","1FFF1F","1AAAA1AAA1AAAA","4",,,,
"4301564","2019-09-10T11:00:00","29.82","-130.80",,,"1","4","2","5",,,"11",,,,,,,,,"10205",,,"8",,,,,"9","242",,,,,,,,,,,,,"236","90","798","172","7","0",,"1","1FFF1F","1AAAA1AAA1AAAA","4",,,,
"4301567","2019-09-10T11:00:00","25.52","-132.99",,,"1","4","2","5",,,"11",,,,,,,,,"10196",,,"8",,,,,"9","237",,,,,,,,,,,,,"236","52","798","172","7","0",,"1","1FFF1F","1AAAA1AAA1AAAA","4",,,,
"4301568","2019-09-10T11:00:00","29.55","-131.16",,,"1","4","2","5",,,"11",,,,,,,,,"10207",,,"8",,,,,"9","239",,,,,,,,,,,,,"236","91","798","172","7","0",,"1","1FFF1F","1AAAA1AAA1AAAA","4",,,,
"4301571","2019-09-10T11:00:00","23.43","-132.65",,,"1","4","2","5",,,"11",,,,,,,,,"10182",,,"8",,,,,"9","245",,,,,,,,,,,,,"236","32","798","172","7","0",,"1","1FFF1F","1AAAA1AAA1AAAA","4",,,,
"4600616","2019-09-10T11:00:00","25.65","-138.22",,,"1","4","2","5",,,"11",,,,,,,,,,,,"8",,,,,"9","253",,,,,,,,,,,,,"236","58","798","172","7","1","2","1","1FFFFF","1AAAAAAAA1AAAA","4",,,,
"5102585","2019-09-10T11:00:00","28.41","-139.06",,,"1","4","2","5",,,"11",,,,,,,,,,,,"8",,,,,"9","254",,,,,,,,,,,,,"236","89","798","172","7","0",,"1","1FFFFF","1AAAAAAAA1AAAA","4",,,,
"5102593","2019-09-10T11:00:00","21.22","-131.55",,,"1","4","2","5",,,"11",,,,,,,,,,,,"8",,,,,"9","257",,,,,,,,,,,,,"236","11","798","172","7","0",,"1","1FFFFF","1AAAAAAAA1AAAA","4",,,,
"4301564","2019-09-10T12:00:00","29.83","-130.80",,,"1","4","2","5",,,"11",,,,,,,,,"10204",,,"8",,,,,"9","241",,,,,,,,,,,,,"236","90","798","172","7","0",,"1","1FFF1F","1AAAA1AAA1AAAA","4",,,,
"4301567","2019-09-10T12:00:00","25.51","-132.99",,,"1","4","2","5",,,"11",,,,,,,,,"10193",,,"8",,,,,"9","237",,,,,,,,,,,,,"236","52","798","172","7","0",,"1","1FFF1F","1AAAA1AAA1AAAA","4",,,,
"4301571","2019-09-10T12:00:00","23.42","-132.65",,,"1","4","2","5",,,"11",,,,,,,,,"10180",,,"8",,,,,"9","245",,,,,,,,,,,,,"236","32","798","172","7","0",,"1","1FFF1F","1AAAA1AAA1AAAA","4",,,,
"4600616","2019-09-10T12:00:00","25.65","-138.22",,,"1","4","2","5",,,"11",,,,,,,,,,,,"8",,,,,"9","253",,,,,,,,,,,,,"236","58","798","172","7","1","2","1","1FFFFF","1AAAAAAAA1AAAA","4",,,,
"5102585","2019-09-10T12:00:00","28.41","-139.06",,,"1","4","2","5",,,"11",,,,,,,,,,,,"8",,,,,"9","254",,,,,,,,,,,,,"236","89","798","172","7","0",,"1","1FFFFF","1AAAAAAAA1AAAA","4",,,,
"5102593","2019-09-10T12:00:00","21.22","-131.56",,,"1","4","2","5",,,"11",,,,,,,,,,,,"8",,,,,"9","257",,,,,,,,,,,,,"236","11","798","172","7","0",,"1","1FFFFF","1AAAAAAAA1AAAA","4",,,,
"4301568","2019-09-10T12:04:00","29.55","-131.16",,,"1","4","2","5",,,"11",,,,,,,,,"10204",,,"8",,,,,"9","239",,,,,,,,,,,,,"236","91","798","172","7","0",,"1","1FFF1F","1AAAA1AAA1AAAA","4",,,,
"4301611","2019-09-10T12:04:00","24.32","-139.14",,,"1","4","2","5",,,"11",,,,,,,,,"10167",,,"8",,,,,"9","252",,,,,,,,,,,,,"236","49","798","172","7","0",,"1","1FFF1F","1AAAA1AAA1AAAA","4",,,,
"4301564","2019-09-10T13:00:00","29.83","-130.80",,,"1","4","2","5",,,"11",,,,,,,,,"10201",,,"8",,,,,"9","242",,,,,,,,,,,,,"236","90","798","172","7","0",,"1","1FFF1F","1AAAA1AAA1AAAA","4",,,,
"4301571","2019-09-10T13:00:00","23.41","-132.65",,,"1","4","2","5",,,"11",,,,,,,,,"10178",,,"8",,,,,"9","245",,,,,,,,,,,,,"236","32","798","172","7","0",,"1","1FFF1F","1AAAA1AAA1AAAA","4",,,,
"4600616","2019-09-10T13:00:00","25.65","-138.22",,,"1","4","2","5",,,"11",,,,,,,,,,,,"8",,,,,"9","253",,,,,,,,,,,,,"236","58","798","172","7","1","2","1","1FFFFF","1AAAAAAAA1AAAA","4",,,,
"5102585","2019-09-10T13:00:00","28.40","-139.06",,,"1","4","2","5",,,"11",,,,,,,,,,,,"8",,,,,"9","254",,,,,,,,,,,,,"236","89","798","172","7","0",,"1","1FFFFF","1AAAAAAAA1AAAA","4",,,,
"5102593","2019-09-10T13:00:00","21.22","-131.57",,,"1","4","2","5",,,"11",,,,,,,,,,,,"8",,,,,"9","257",,,,,,,,,,,,,"236","11","798","172","7","0",,"1","1FFFFF","1AAAAAAAA1AAAA","4",,,,
"4301567","2019-09-10T13:01:00","25.51","-133.00",,,"1","4","2","5",,,"11",,,,,,,,,"10193",,,"8",,,,,"9","237",,,,,,,,,,,,,"236","53","798","172","7","0",,"1","1FFF1F","1AAAA1AAA1AAAA","4",,,,
"4301568","2019-09-10T13:03:00","29.55","-131.16",,,"1","4","2","5",,,"11",,,,,,,,,"10203",,,"8",,,,,"9","239",,,,,,,,,,,,,"236","91","798","172","7","0",,"1","1FFF1F","1AAAA1AAA1AAAA","4",,,,
"4301611","2019-09-10T13:04:00","24.32","-139.15",,,"1","4","2","5",,,"11",,,,,,,,,"10170",,,"8",,,,,"9","252",,,,,,,,,,,,,"236","49","798","172","7","0",,"1","1FFF1F","1AAAA1AAA1AAAA","4",,,,
"4301564","2019-09-10T14:00:00","29.83","-130.80",,,"1","4","2","5",,,"11",,,,,,,,,"10200",,,"8",,,,,"9","241",,,,,,,,,,,,,"236","90","798","172","7","0",,"1","1FFF1F","1AAAA1AAA1AAAA","4",,,,
"4301568","2019-09-10T14:00:00","29.56","-131.15",,,"1","4","2","5",,,"11",,,,,,,,,"10205",,,"8",,,,,"9","239",,,,,,,,,,,,,"236","91","798","172","7","0",,"1","1FFF1F","1AAAA1AAA1AAAA","4",,,,
"4301571","2019-09-10T14:00:00","23.40","-132.66",,,"1","4","2","5",,,"11",,,,,,,,,"10180",,,"8",,,,,"9","245",,,,,,,,,,,,,"236","32","798","172","7","0",,"1","1FFF1F","1AAAA1AAA1AAAA","4",,,,
"4600616","2019-09-10T14:00:00","25.65","-138.22",,,"1","4","2","5",,,"11",,,,,,,,,,,,"8",,,,,"9","253",,,,,,,,,,,,,"236","58","798","172","7","1","2","1","1FFFFF","1AAAAAAAA1AAAA","4",,,,
"5102585","2019-09-10T14:00:00","28.40","-139.06",,,"1","4","2","5",,,"11",,,,,,,,,,,,"8",,,,,"9","254",,,,,,,,,,,,,"236","89","798","172","7","0",,"1","1FFFFF","1AAAAAAAA1AAAA","4",,,,
"5102593","2019-09-10T14:00:00","21.22","-131.57",,,"1","4","2","5",,,"11",,,,,,,,,,,,"8",,,,,"9","257",,,,,,,,,,,,,"236","11","798","172","7","0",,"1","1FFFFF","1AAAAAAAA1AAAA","4",,,,
"4301567","2019-09-10T14:03:00","25.50","-133.00",,,"1","4","2","5",,,"11",,,,,,,,,"10194",,,"8",,,,,"9","237",,,,,,,,,,,,,"236","53","798","172","7","0",,"1","1FFF1F","1AAAA1AAA1AAAA","4",,,,
"4301611","2019-09-10T14:04:00","24.33","-139.15",,,"1","4","2","5",,,"11",,,,,,,,,"10173",,,"8",,,,,"9","252",,,,,,,,,,,,,"236","49","798","172","7","0",,"1","1FFF1F","1AAAA1AAA1AAAA","4",,,,
"4301568","2019-09-10T15:00:00","29.56","-131.15",,,"1","4","2","5",,,"11",,,,,,,,,"10207",,,"8",,,,,"9","239",,,,,,,,,,,,,"236","91","798","172","7","0",,"2","1FFF1F","1AAAA1AAA1AAAA","4",,,,
"4301571","2019-09-10T15:00:00","23.39","-132.66",,,"1","4","2","5",,,"11",,,,,,,,,"10183",,,"8",,,,,"9","244",,,,,,,,,,,,,"236","32","798","172","7","0",,"2","1FFF1F","1AAAA1AAA1AAAA","4",,,,
"4600616","2019-09-10T15:00:00","25.65","-138.23",,,"1","4","2","5",,,"11",,,,,,,,,,,,"8",,,,,"9","253",,,,,,,,,,,,,"236","58","798","172","7","1","2","1","1FFFFF","1AAAAAAAA1AAAA","4",,,,
"5102585","2019-09-10T15:00:00","28.40","-139.06",,,"1","4","2","5",,,"11",,,,,,,,,,,,"8",,,,,"9","253",,,,,,,,,,,,,"236","89","798","172","7","0",,"1","1FFFFF","1AAAAAAAA1AAAA","4",,,,
"5102593","2019-09-10T15:00:00","21.22","-131.58",,,"1","4","2","5",,,"11",,,,,,,,,,,,"8",,,,,"9","257",,,,,,,,,,,,,"236","11","798","172","7","0",,"2","1FFFFF","1AAAAAAAA1AAAA","4",,,,
"4301611","2019-09-10T15:04:00","24.33","-139.16",,,"1","4","2","5",,,"11",,,,,,,,,"10178",,,"8",,,,,"9","252",,,,,,,,,,,,,"236","49","798","172","7","0",,"1","1FFF1F","1AAAA1AAA1AAAA","4",,,,
"4301567","2019-09-10T16:00:00","25.49","-133.01",,,"1","4","2","5",,,"11",,,,,,,,,"10200",,,"8",,,,,"9","237",,,,,,,,,,,,,"236","53","798","172","7","0",,"2","1FFF1F","1AAAA1AAA1AAAA","4",,,,
"4301568","2019-09-10T16:00:00","29.57","-131.14",,,"1","4","2","5",,,"11",,,,,,,,,"10211",,,"8",,,,,"9","239",,,,,,,,,,,,,"236","91","798","172","7","0",,"2","1FFF1F","1AAAA1AAA1AAAA","4",,,,
"4301571","2019-09-10T16:00:00","23.38","-132.66",,,"1","4","2","5",,,"11",,,,,,,,,"10188",,,"8",,,,,"9","244",,,,,,,,,,,,,"236","32","798","172","7","0",,"2","1FFF1F","1AAAA1AAA1AAAA","4",,,,
"4600616","2019-09-10T16:00:00","25.63","-138.23",,,"1","4","2","5",,,"11",,,,,,,,,,,,"8",,,,,"9","253",,,,,,,,,,,,,"236","58","798","172","7","1","2","2","1FFFFF","1AAAAAAAA1AAAA","4",,,,
"5102585","2019-09-10T16:00:00","28.40","-139.06",,,"1","4","2","5",,,"11",,,,,,,,,,,,"8",,,,,"9","253",,,,,,,,,,,,,"236","89","798","172","7","0",,"2","1FFFFF","1AAAAAAAA1AAAA","4",,,,
"5102593","2019-09-10T16:00:00","21.23","-131.58",,,"1","4","2","5",,,"11",,,,,,,,,,,,"8",,,,,"9","257",,,,,,,,,,,,,"236","11","798","172","7","0",,"2","1FFFFF","1AAAAAAAA1AAAA","4",,,,
"4301611","2019-09-10T16:03:00","24.33","-139.16",,,"1","4","2","5",,,"11",,,,,,,,,"10184",,,"8",,,,,"9","252",,,,,,,,,,,,,"236","49","798","172","7","0",,"2","1FFF1F","1AAAA1AAA1AAAA","4",,,,
"4301564","2019-09-10T16:04:00","29.84","-130.79",,,"1","4","2","5",,,"11",,,,,,,,,"10208",,,"8",,,,,"9","242",,,,,,,,,,,,,"236","90","798","172","7","0",,"2","1FFF1F","1AAAA1AAA1AAAA","4",,,,
"4301564","2019-09-10T17:00:00","29.84","-130.79",,,"1","4","2","5",,,"11",,,,,,,,,"10214",,,"8",,,,,"9","242",,,,,,,,,,,,,"236","90","798","172","7","0",,"2","1FFF1F","1AAAA1AAA1AAAA","4",,,,
"4301567","2019-09-10T17:00:00","25.48","-133.02",,,"1","4","2","5",,,"11",,,,,,,,,"10203",,,"8",,,,,"9","237",,,,,,,,,,,,,"236","53","798","172","7","0",,"2","1FFF1F","1AAAA1AAA1AAAA","4",,,,
"4301568","2019-09-10T17:00:00","29.57","-131.14",,,"1","4","2","5",,,"11",,,,,,,,,"10215",,,"8",,,,,"9","239",,,,,,,,,,,,,"236","91","798","172","7","0",,"2","1FFF1F","1AAAA1AAA1AAAA","4",,,,
"4301571","2019-09-10T17:00:00","23.37","-132.67",,,"1","4","2","5",,,"11",,,,,,,,,"10191",,,"8",,,,,"9","245",,,,,,,,,,,,,"236","32","798","172","7","0",,"2","1FFF1F","1AAAA1AAA1AAAA","4",,,,
"4600616","2019-09-10T17:00:00","25.63","-138.23",,,"1","4","2","5",,,"11",,,,,,,,,,,,"8",,,,,"9","253",,,,,,,,,,,,,"236","58","798","172","7","1","2","2","1FFFFF","1AAAAAAAA1AAAA","4",,,,
"5102585","2019-09-10T17:00:00","28.40","-139.06",,,"1","4","2","5",,,"11",,,,,,,,,,,,"8",,,,,"9","253",,,,,,,,,,,,,"236","89","798","172","7","0",,"2","1FFFFF","1AAAAAAAA1AAAA","4",,,,
"5102593","2019-09-10T17:00:00","21.23","-131.59",,,"1","4","2","5",,,"11",,,,,,,,,,,,"8",,,,,"9","257",,,,,,,,,,,,,"236","11","798","172","7","0",,"2","1FFFFF","1AAAAAAAA1AAAA","4",,,,
"4301564","2019-09-10T18:00:00","29.84","-130.79",,,"1","4","2","5",,,"11",,,,,,,,,"10215",,,"8",,,,,"9","242",,,,,,,,,,,,,"236","90","798","172","7","0",,"2","1FFF1F","1AAAA1AAA1AAAA","4",,,,
"4301567","2019-09-10T18:00:00","25.48","-133.02",,,"1","4","2","5",,,"11",,,,,,,,,"10208",,,"8",,,,,"9","237",,,,,,,,,,,,,"236","53","798","172","7","0",,"2","1FFF1F","1AAAA1AAA1AAAA","4",,,,
"4301568","2019-09-10T18:00:00","29.57","-131.13",,,"1","4","2","5",,,"11",,,,,,,,,"10218",,,"8",,,,,"9","239",,,,,,,,,,,,,"236","91","798","172","7","0",,"2","1FFF1F","1AAAA1AAA1AAAA","4",,,,
"4301571","2019-09-10T18:00:00","23.36","-132.67",,,"1","4","2","5",,,"11",,,,,,,,,"10194",,,"8",,,,,"9","245",,,,,,,,,,,,,"236","32","798","172","7","0",,"2","1FFF1F","1AAAA1AAA1AAAA","4",,,,
"4600616","2019-09-10T18:00:00","25.60","-138.26",,,"1","4","2","5",,,"11",,,,,,,,,,,,"8",,,,,"9","252",,,,,,,,,,,,,"236","58","798","172","7","1","2","2","1FFFFF","1AAAAAAAA1AAAA","4",,,,
"5102585","2019-09-10T18:00:00","28.39","-139.06",,,"1","4","2","5",,,"11",,,,,,,,,,,,"8",,,,,"9","254",,,,,,,,,,,,,"236","89","798","172","7","0",,"2","1FFFFF","1AAAAAAAA1AAAA","4",,,,
"5102593","2019-09-10T18:00:00","21.23","-131.59",,,"1","4","2","5",,,"11",,,,,,,,,,,,"8",,,,,"9","257",,,,,,,,,,,,,"236","11","798","172","7","0",,"2","1FFFFF","1AAAAAAAA1AAAA","4",,,,
"4301611","2019-09-10T18:04:00","24.33","-139.17",,,"1","4","2","5",,,"11",,,,,,,,,"10192",,,"8",,,,,"9","252",,,,,,,,,,,,,"236","49","798","172","7","0",,"2","1FFF1F","1AAAA1AAA1AAAA","4",,,,
"4600616","2019-09-10T19:00:00","25.60","-138.26",,,"1","4","2","5",,,"11",,,,,,,,,,,,"8",,,,,"9","252",,,,,,,,,,,,,"236","58","798","172","7","1","2","2","1FFFFF","1AAAAAAAA1AAAA","4",,,,
"5102585","2019-09-10T19:00:00","28.39","-139.07",,,"1","4","2","5",,,"11",,,,,,,,,,,,"8",,,,,"9","254",,,,,,,,,,,,,"236","89","798","172","7","0",,"2","1FFFFF","1AAAAAAAA1AAAA","4",,,,
"5102593","2019-09-10T19:00:00","21.23","-131.60",,,"1","4","2","5",,,"11",,,,,,,,,,,,"8",,,,,"9","257",,,,,,,,,,,,,"236","11","798","172","7","0",,"2","1FFFFF","1AAAAAAAA1AAAA","4",,,,
"4301564","2019-09-10T19:01:00","29.84","-130.78",,,"1","4","2","5",,,"11",,,,,,,,,"10215",,,"8",,,,,"9","242",,,,,,,,,,,,,"236","90","798","172","7","0",,"2","1FFF1F","1AAAA1AAA1AAAA","4",,,,
"4301567","2019-09-10T19:01:00","25.48","-133.03",,,"1","4","2","5",,,"11",,,,,,,,,"10206",,,"8",,,,,"9","238",,,,,,,,,,,,,"236","53","798","172","7","0",,"2","1FFF1F","1AAAA1AAA1AAAA","4",,,,
"4301568","2019-09-10T19:01:00","29.57","-131.12",,,"1","4","2","5",,,"11",,,,,,,,,"10217",,,"8",,,,,"9","239",,,,,,,,,,,,,"236","91","798","172","7","0",,"2","1FFF1F","1AAAA1AAA1AAAA","4",,,,
"4301571","2019-09-10T19:04:00","23.35","-132.67",,,"1","4","2","5",,,"11",,,,,,,,,"10191",,,"8",,,,,"9","245",,,,,,,,,,,,,"236","32","798","172","7","0",,"2","1FFF1F","1AAAA1AAA1AAAA","4",,,,
"4301567","2019-09-10T20:00:00","25.48","-133.03",,,"1","4","2","5",,,"11",,,,,,,,,"10202",,,"8",,,,,"9","238",,,,,,,,,,,,,"236","53","798","172","7","0",,"2","1FFF1F","1AAAA1AAA1AAAA","4",,,,
"4301568","2019-09-10T20:00:00","29.57","-131.12",,,"1","4","2","5",,,"11",,,,,,,,,"10212",,,"8",,,,,"9","239",,,,,,,,,,,,,"236","91","798","172","7","0",,"2","1FFF1F","1AAAA1AAA1AAAA","4",,,,
"4600616","2019-09-10T20:00:00","25.60","-138.28",,,"1","4","2","5",,,"11",,,,,,,,,,,,"8",,,,,"9","253",,,,,,,,,,,,,"236","58","798","172","7","1","2","2","1FFFFF","1AAAAAAAA1AAAA","4",,,,
"5102585","2019-09-10T20:00:00","28.38","-139.07",,,"1","4","2","5",,,"11",,,,,,,,,,,,"8",,,,,"9","254",,,,,,,,,,,,,"236","89","798","172","7","0",,"2","1FFFFF","1AAAAAAAA1AAAA","4",,,,
"5102593","2019-09-10T20:00:00","21.23","-131.60",,,"1","4","2","5",,,"11",,,,,,,,,,,,"8",,,,,"9","257",,,,,,,,,,,,,"236","11","798","172","7","0",,"2","1FFFFF","1AAAAAAAA1AAAA","4",,,,
"4301564","2019-09-10T20:01:00","29.78","-130.25",,,"1","4","2","5",,,"11",,,,,,,,,"10212",,,"8",,,,,"9","242",,,,,,,,,,,,,"236","90","798","172","7","0",,"2","1FFF1F","1AAAA1AAA1AAAA","4",,,,
"4301571","2019-09-10T20:03:00","23.34","-132.68",,,"1","4","2","5",,,"11",,,,,,,,,"10189",,,"8",,,,,"9","246",,,,,,,,,,,,,"236","32","798","172","7","0",,"2","1FFF1F","1AAAA1AAA1AAAA","4",,,,
"4301564","2019-09-10T20:59:00","29.84","-130.78",,,"1","4","2","5",,,"11",,,,,,,,,"10208",,,"8",,,,,"9","243",,,,,,,,,,,,,"236","90","798","172","7","0",,"2","1FFF1F","1AAAA1AAA1AAAA","4",,,,
"4301567","2019-09-10T21:00:00","25.48","-133.03",,,"1","4","2","5",,,"11",,,,,,,,,"10198",,,"8",,,,,"9","238",,,,,,,,,,,,,"236","53","798","172","7","0",,"2","1FFF1F","1AAAA1AAA1AAAA","4",,,,
"4301568","2019-09-10T21:00:00","29.57","-131.11",,,"1","4","2","5",,,"11",,,,,,,,,"10205",,,"8",,,,,"9","240",,,,,,,,,,,,,"236","91","798","172","7","0",,"2","1FFF1F","1AAAA1AAA1AAAA","4",,,,
"4301571","2019-09-10T21:00:00","23.33","-132.68",,,"1","4","2","5",,,"11",,,,,,,,,"10183",,,"8",,,,,"9","246",,,,,,,,,,,,,"236","32","798","172","7","0",,"2","1FFF1F","1AAAA1AAA1AAAA","4",,,,
"4600616","2019-09-10T21:00:00","25.60","-138.28",,,"1","4","2","5",,,"11",,,,,,,,,,,,"8",,,,,"9","253",,,,,,,,,,,,,"236","58","798","172","7","1","2","2","1FFFFF","1AAAAAAAA1AAAA","4",,,,
"5102585","2019-09-10T21:00:00","28.38","-139.07",,,"1","4","2","5",,,"11",,,,,,,,,,,,"8",,,,,"9","255",,,,,,,,,,,,,"236","89","798","172","7","0",,"2","1FFFFF","1AAAAAAAA1AAAA","4",,,,
"5102593","2019-09-10T21:00:00","21.23","-131.61",,,"1","4","2","5",,,"11",,,,,,,,,,,,"8",,,,,"9","257",,,,,,,,,,,,,"236","11","798","172","7","0",,"2","1FFFFF","1AAAAAAAA1AAAA","4",,,,
"4301567","2019-09-10T22:00:00","25.48","-133.04",,,"1","4","2","5",,,"11",,,,,,,,,"10191",,,"8",,,,,"9","239",,,,,,,,,,,,,"236","53","798","172","7","0",,"2","1FFF1F","1AAAA1AAA1AAAA","4",,,,
"4301568","2019-09-10T22:00:00","29.56","-131.10",,,"1","4","2","5",,,"11",,,,,,,,,"10204",,,"8",,,,,"9","240",,,,,,,,,,,,,"236","91","798","172","7","0",,"2","1FFF1F","1AAAA1AAA1AAAA","4",,,,
"4600616","2019-09-10T22:00:00","25.60","-138.28",,,"1","4","2","5",,,"11",,,,,,,,,,,,"8",,,,,"9","253",,,,,,,,,,,,,"236","58","798","172","7","1","2","2","1FFFFF","1AAAAAAAA1AAAA","4",,,,
"5102585","2019-09-10T22:00:00","28.38","-139.07",,,"1","4","2","5",,,"11",,,,,,,,,,,,"8",,,,,"9","255",,,,,,,,,,,,,"236","89","798","172","7","0",,"2","1FFFFF","1AAAAAAAA1AAAA","4",,,,
"5102593","2019-09-10T22:00:00","21.23","-131.62",,,"1","4","2","5",,,"11",,,,,,,,,,,,"8",,,,,"9","257",,,,,,,,,,,,,"236","11","798","172","7","0",,"2","1FFFFF","1AAAAAAAA1AAAA","4",,,,
"4301571","2019-09-10T22:01:00","23.32","-132.69",,,"1","4","2","5",,,"11",,,,,,,,,"10180",,,"8",,,,,"9","246",,,,,,,,,,,,,"236","32","798","172","7","0",,"2","1FFF1F","1AAAA1AAA1AAAA","4",,,,
"4301567","2019-09-10T23:00:00","25.47","-133.04",,,"1","4","2","5",,,"11",,,,,,,,,"10184",,,"8",,,,,"9","239",,,,,,,,,,,,,"236","53","798","172","7","0",,"2","1FFF1F","1AAAA1AAA1AAAA","4",,,,
"4301568","2019-09-10T23:00:00","29.56","-131.10",,,"1","4","2","5",,,"11",,,,,,,,,"10197",,,"8",,,,,"9","240",,,,,,,,,,,,,"236","91","798","172","7","0",,"2","1FFF1F","1AAAA1AAA1AAAA","4",,,,
"4600616","2019-09-10T23:00:00","25.56","-138.34",,,"1","4","2","5",,,"11",,,,,,,,,,,,"8",,,,,"9","253",,,,,,,,,,,,,"236","58","798","172","7","1","2","2","1FFFFF","1AAAAAAAA1AAAA","4",,,,
"5102585","2019-09-10T23:00:00","28.38","-139.08",,,"1","4","2","5",,,"11",,,,,,,,,,,,"8",,,,,"9","256",,,,,,,,,,,,,"236","89","798","172","7","0",,"2","1FFFFF","1AAAAAAAA1AAAA","4",,,,
"5102593","2019-09-10T23:00:00","21.23","-131.63",,,"1","4","2","5",,,"11",,,,,,,,,,,,"8",,,,,"9","257",,,,,,,,,,,,,"236","11","798","172","7","0",,"2","1FFFFF","1AAAAAAAA1AAAA","4",,,,
"4301571","2019-09-10T23:01:00","23.31","-132.70",,,"1","4","2","5",,,"11",,,,,,,,,"10173",,,"8",,,,,"9","246",,,,,,,,,,,,,"236","32","798","172","7","0",,"2","1FFF1F","1AAAA1AAA1AAAA","4",,,,
"4301567","2019-09-11T00:00:00","25.47","-133.04",,,"1","4","2","5",,,"11",,,,,,,,,"10185",,,"8",,,,,"9","239",,,,,,,,,,,,,"236","53","798","172","7","0",,"2","1FFF1F","1AAAA1AAA1AAAA","4",,,,
"4301568","2019-09-11T00:00:00","29.55","-131.10",,,"1","4","2","5",,,"11",,,,,,,,,"10197",,,"8",,,,,"9","240",,,,,,,,,,,,,"236","91","798","172","7","0",,"2","1FFF1F","1AAAA1AAA1AAAA","4",,,,
"4301571","2019-09-11T00:00:00","23.30","-132.71",,,"1","4","2","5",,,"11",,,,,,,,,"10170",,,"8",,,,,"9","246",,,,,,,,,,,,,"236","32","798","172","7","0",,"2","1FFF1F","1AAAA1AAA1AAAA","4",,,,
"4600616","2019-09-11T00:00:00","25.56","-138.34",,,"1","4","2","5",,,"11",,,,,,,,,,,,"8",,,,,"9","253",,,,,,,,,,,,,"236","58","798","172","7","1","2","2","1FFFFF","1AAAAAAAA1AAAA","4",,,,
"5102585","2019-09-11T00:00:00","28.37","-139.08",,,"1","4","2","5",,,"11",,,,,,,,,,,,"8",,,,,"9","256",,,,,,,,,,,,,"236","89","798","172","7","0",,"2","1FFFFF","1AAAAAAAA1AAAA","4",,,,
"5102593","2019-09-11T00:00:00","21.24","-131.63",,,"1","4","2","5",,,"11",,,,,,,,,,,,"8",,,,,"9","257",,,,,,,,,,,,,"236","11","798","172","7","0",,"2","1FFFFF","1AAAAAAAA1AAAA","4",,,,
"4301567","2019-09-11T01:00:00","25.46","-133.05",,,"1","4","2","5",,,"11",,,,,,,,,"10184",,,"8",,,,,"9","239",,,,,,,,,,,,,"236","53","798","172","7","0",,"2","1FFF1F","1AAAA1AAA1AAAA","4",,,,
"4301568","2019-09-11T01:00:00","29.55","-131.11",,,"1","4","2","5",,,"11",,,,,,,,,"10195",,,"8",,,,,"9","240",,,,,,,,,,,,,"236","91","798","172","7","0",,"2","1FFF1F","1AAAA1AAA1AAAA","4",,,,
"4301571","2019-09-11T01:00:00","23.29","-132.71",,,"1","4","2","5",,,"11",,,,,,,,,"10173",,,"8",,,,,"9","245",,,,,,,,,,,,,"236","32","798","172","7","0",,"2","1FFF1F","1AAAA1AAA1AAAA","4",,,,
"4600616","2019-09-11T01:00:00","25.56","-138.34",,,"1","4","2","5",,,"11",,,,,,,,,,,,"8",,,,,"9","253",,,,,,,,,,,,,"236","58","798","172","7","1","2","2","1FFFFF","1AAAAAAAA1AAAA","4",,,,
"5102585","2019-09-11T01:00:00","28.37","-139.08",,,"1","4","2","5",,,"11",,,,,,,,,,,,"8",,,,,"9","256",,,,,,,,,,,,,"236","89","798","172","7","0",,"2","1FFFFF","1AAAAAAAA1AAAA","4",,,,
"5102593","2019-09-11T01:00:00","21.25","-131.64",,,"1","4","2","5",,,"11",,,,,,,,,,,,"8",,,,,"9","257",,,,,,,,,,,,,"236","11","798","172","7","0",,"2","1FFFFF","1AAAAAAAA1AAAA","4",,,,
"4301567","2019-09-11T02:00:00","25.46","-133.05",,,"1","4","2","5",,,"11",,,,,,,,,"10181",,,"8",,,,,"9","238",,,,,,,,,,,,,"236","53","798","172","7","0",,"2","1FFF1F","1AAAA1AAA1AAAA","4",,,,
"4301571","2019-09-11T02:00:00","23.28","-132.72",,,"1","4","2","5",,,"11",,,,,,,,,"10172",,,"8",,,,,"9","245",,,,,,,,,,,,,"236","32","798","172","7","0",,"2","1FFF1F","1AAAA1AAA1AAAA","4",,,,
"4600616","2019-09-11T02:00:00","25.55","-138.34",,,"1","4","2","5",,,"11",,,,,,,,,,,,"8",,,,,"9","253",,,,,,,,,,,,,"236","58","798","172","7","1","2","2","1FFFFF","1AAAAAAAA1AAAA","4",,,,
"5102585","2019-09-11T02:00:00","28.36","-139.08",,,"1","4","2","5",,,"11",,,,,,,,,,,,"8",,,,,"9","255",,,,,,,,,,,,,"236","89","798","172","7","0",,"2","1FFFFF","1AAAAAAAA1AAAA","4",,,,
"5102593","2019-09-11T02:00:00","21.25","-131.64",,,"1","4","2","5",,,"11",,,,,,,,,,,,"8",,,,,"9","257",,,,,,,,,,,,,"236","11","798","172","7","0",,"2","1FFFFF","1AAAAAAAA1AAAA","4",,,,
"4301568","2019-09-11T02:04:00","29.55","-131.10",,,"1","4","2","5",,,"11",,,,,,,,,"10197",,,"8",,,,,"9","240",,,,,,,,,,,,,"236","91","798","172","7","0",,"2","1FFF1F","1AAAA1AAA1AAAA","4",,,,
"4301611","2019-09-11T02:04:00","24.29","-139.21",,,"1","4","2","5",,,"11",,,,,,,,,"10169",,,"8",,,,,"9","252",,,,,,,,,,,,,"236","49","798","172","7","0",,"2","1FFF1F","1AAAA1AAA1AAAA","4",,,,
"4301567","2019-09-11T03:00:00","25.46","-133.05",,,"1","4","2","5",,,"11",,,,,,,,,"10186",,,"8",,,,,"9","238",,,,,,,,,,,,,"236","53","798","172","7","0",,"1","1FFF1F","1AAAA1AAA1AAAA","4",,,,
"4301568","2019-09-11T03:00:00","29.54","-131.10",,,"1","4","2","5",,,"11",,,,,,,,,"10198",,,"8",,,,,"9","240",,,,,,,,,,,,,"236","91","798","172","7","0",,"1","1FFF1F","1AAAA1AAA1AAAA","4",,,,
"4301571","2019-09-11T03:00:00","23.27","-132.73",,,"1","4","2","5",,,"11",,,,,,,,,"10173",,,"8",,,,,"9","245",,,,,,,,,,,,,"236","32","798","172","7","0",,"1","1FFF1F","1AAAA1AAA1AAAA","4",,,,
"4600616","2019-09-11T03:00:00","25.55","-138.34",,,"1","4","2","5",,,"11",,,,,,,,,,,,"8",,,,,"9","253",,,,,,,,,,,,,"236","58","798","172","7","1","2","2","1FFFFF","1AAAAAAAA1AAAA","4",,,,
"5102585","2019-09-11T03:00:00","28.35","-139.09",,,"1","4","2","5",,,"11",,,,,,,,,,,,"8",,,,,"9","255",,,,,,,,,,,,,"236","89","798","172","7","0",,"2","1FFFFF","1AAAAAAAA1AAAA","4",,,,
"5102593","2019-09-11T03:00:00","21.26","-131.65",,,"1","4","2","5",,,"11",,,,,,,,,,,,"8",,,,,"9","258",,,,,,,,,,,,,"236","11","798","172","7","0",,"1","1FFFFF","1AAAAAAAA1AAAA","4",,,,
"4301564","2019-09-11T03:04:00","29.83","-130.79",,,"1","4","2","5",,,"11",,,,,,,,,"10199",,,"8",,,,,"9","243",,,,,,,,,,,,,"236","90","798","172","7","0",,"1","1FFF1F","1AAAA1AAA1AAAA","4",,,,
"4301611","2019-09-11T03:04:00","24.28","-139.22",,,"1","4","2","5",,,"11",,,,,,,,,"10170",,,"8",,,,,"9","252",,,,,,,,,,,,,"236","49","798","172","7","0",,"2","1FFF1F","1AAAA1AAA1AAAA","4",,,,
"4301567","2019-09-11T04:00:00","25.45","-133.06",,,"1","4","2","5",,,"11",,,,,,,,,"10188",,,"8",,,,,"9","238",,,,,,,,,,,,,"236","53","798","172","7","0",,"1","1FFF1F","1AAAA1AAA1AAAA","4",,,,
"4301568","2019-09-11T04:00:00","29.55","-131.10",,,"1","4","2","5",,,"11",,,,,,,,,"10201",,,"8",,,,,"9","239",,,,,,,,,,,,,"236","91","798","172","7","0",,"1","1FFF1F","1AAAA1AAA1AAAA","4",,,,
"4600616","2019-09-11T04:00:00","25.55","-138.37",,,"1","4","2","5",,,"11",,,,,,,,,,,,"8",,,,,"9","253",,,,,,,,,,,,,"236","58","798","172","7","1","2","1","1FFFFF","1AAAAAAAA1AAAA","4",,,,
"5102585","2019-09-11T04:00:00","28.35","-139.10",,,"1","4","2","5",,,"11",,,,,,,,,,,,"8",,,,,"9","254",,,,,,,,,,,,,"236","89","798","172","7","0",,"1","1FFFFF","1AAAAAAAA1AAAA","4",,,,
"5102593","2019-09-11T04:00:00","21.27","-131.65",,,"1","4","2","5",,,"11",,,,,,,,,,,,"8",,,,,"9","257",,,,,,,,,,,,,"236","11","798","172","7","0",,"1","1FFFFF","1AAAAAAAA1AAAA","4",,,,
"4301564","2019-09-11T04:01:00","29.83","-130.79",,,"1","4","2","5",,,"11",,,,,,,,,"10202",,,"8",,,,,"9","242",,,,,,,,,,,,,"236","90","798","172","7","0",,"1","1FFF1F","1AAAA1AAA1AAAA","4",,,,
"4301571","2019-09-11T04:01:00","23.27","-132.74",,,"1","4","2","5",,,"11",,,,,,,,,"10175",,,"8",,,,,"9","244",,,,,,,,,,,,,"236","32","798","172","7","0",,"1","1FFF1F","1AAAA1AAA1AAAA","4",,,,
"4301567","2019-09-11T05:00:00","25.45","-133.06",,,"1","4","2","5",,,"11",,,,,,,,,"10193",,,"8",,,,,"9","238",,,,,,,,,,,,,"236","53","798","172","7","0",,"1","1FFF1F","1AAAA1AAA1AAAA","4",,,,
"4600616","2019-09-11T05:00:00","25.55","-138.37",,,"1","4","2","5",,,"11",,,,,,,,,,,,"8",,,,,"9","253",,,,,,,,,,,,,"236","58","798","172","7","1","2","1","1FFFFF","1AAAAAAAA1AAAA","4",,,,
"5102585","2019-09-11T05:00:00","28.35","-139.10",,,"1","4","2","5",,,"11",,,,,,,,,,,,"8",,,,,"9","254",,,,,,,,,,,,,"236","89","798","172","7","0",,"1","1FFFFF","1AAAAAAAA1AAAA","4",,,,
"5102593","2019-09-11T05:00:00","21.27","-131.65",,,"1","4","2","5",,,"11",,,,,,,,,,,,"8",,,,,"9","257",,,,,,,,,,,,,"236","11","798","172","7","0",,"1","1FFFFF","1AAAAAAAA1AAAA","4",,,,
"4301564","2019-09-11T05:01:00","29.84","-130.81",,,"1","4","2","5",,,"11",,,,,,,,,"10209",,,"8",,,,,"9","242",,,,,,,,,,,,,"236","90","798","172","7","0",,"1","1FFF1F","1AAAA1AAA1AAAA","4",,,,
"4301571","2019-09-11T05:01:00","23.26","-132.75",,,"1","4","2","5",,,"11",,,,,,,,,"10180",,,"8",,,,,"9","244",,,,,,,,,,,,,"236","32","798","172","7","0",,"1","1FFF1F","1AAAA1AAA1AAAA","4",,,,
"4301567","2019-09-11T06:00:00","25.45","-133.07",,,"1","4","2","5",,,"11",,,,,,,,,"10199",,,"8",,,,,"9","238",,,,,,,,,,,,,"236","53","798","172","7","0",,"1","1FFF1F","1AAAA1AAA1AAAA","4",,,,
"4301571","2019-09-11T06:00:00","23.26","-132.76",,,"1","4","2","5",,,"11",,,,,,,,,"10185",,,"8",,,,,"9","244",,,,,,,,,,,,,"236","32","798","172","7","0",,"1","1FFF1F","1AAAA1AAA1AAAA","4",,,,
"4600616","2019-09-11T06:00:00","25.54","-138.38",,,"1","4","2","5",,,"11",,,,,,,,,,,,"8",,,,,"9","253",,,,,,,,,,,,,"236","58","798","172","7","1","2","1","1FFFFF","1AAAAAAAA1AAAA","4",,,,
"5102585","2019-09-11T06:00:00","28.34","-139.11",,,"1","4","2","5",,,"11",,,,,,,,,,,,"8",,,,,"9","254",,,,,,,,,,,,,"236","89","798","172","7","0",,"1","1FFFFF","1AAAAAAAA1AAAA","4",,,,
"5102593","2019-09-11T06:00:00","21.27","-131.65",,,"1","4","2","5",,,"11",,,,,,,,,,,,"8",,,,,"9","257",,,,,,,,,,,,,"236","11","798","172","7","0",,"1","1FFFFF","1AAAAAAAA1AAAA","4",,,,
"4301568","2019-09-11T06:04:00","29.52","-131.10",,,"1","4","2","5",,,"11",,,,,,,,,"10211",,,"8",,,,,"9","239",,,,,,,,,,,,,"236","91","798","172","7","0",,"1","1FFF1F","1AAAA1AAA1AAAA","4",,,,
"4301564","2019-09-11T07:00:00","29.84","-130.81",,,"1","4","2","5",,,"11",,,,,,,,,"10211",,,"8",,,,,"9","242",,,,,,,,,,,,,"236","90","798","172","7","0",,"1","1FFF1F","1AAAA1AAA1AAAA","4",,,,
"4301567","2019-09-11T07:00:00","25.44","-133.07",,,"1","4","2","5",,,"11",,,,,,,,,"10199",,,"8",,,,,"9","238",,,,,,,,,,,,,"236","53","798","172","7","0",,"1","1FFF1F","1AAAA1AAA1AAAA","4",,,,
"4301571","2019-09-11T07:00:00","23.25","-132.77",,,"1","4","2","5",,,"11",,,,,,,,,"10189",,,"8",,,,,"9","244",,,,,,,,,,,,,"236","32","798","172","7","0",,"1","1FFF1F","1AAAA1AAA1AAAA","4",,,,
"4600616","2019-09-11T07:00:00","25.53","-138.40",,,"1","4","2","5",,,"11",,,,,,,,,,,,"8",,,,,"9","253",,,,,,,,,,,,,"236","58","798","172","7","1","2","1","1FFFFF","1AAAAAAAA1AAAA","4",,,,
"5102585","2019-09-11T07:00:00","28.34","-139.12",,,"1","4","2","5",,,"11",,,,,,,,,,,,"8",,,,,"9","254",,,,,,,,,,,,,"236","89","798","172","7","0",,"1","1FFFFF","1AAAAAAAA1AAAA","4",,,,
"5102593","2019-09-11T07:00:00","21.27","-131.65",,,"1","4","2","5",,,"11",,,,,,,,,,,,"8",,,,,"9","256",,,,,,,,,,,,,"236","11","798","172","7","0",,"1","1FFFFF","1AAAAAAAA1AAAA","4",,,,
"4301564","2019-09-11T08:00:00","29.84","-130.81",,,"1","4","2","5",,,"11",,,,,,,,,"10210",,,"8",,,,,"9","242",,,,,,,,,,,,,"236","90","798","172","7","0",,"1","1FFF1F","1AAAA1AAA1AAAA","4",,,,
"4301567","2019-09-11T08:00:00","25.44","-133.07",,,"1","4","2","5",,,"11",,,,,,,,,"10197",,,"8",,,,,"9","238",,,,,,,,,,,,,"236","53","798","172","7","0",,"1","1FFF1F","1AAAA1AAA1AAAA","4",,,,
"4301571","2019-09-11T08:00:00","23.24","-132.77",,,"1","4","2","5",,,"11",,,,,,,,,"10187",,,"8",,,,,"9","244",,,,,,,,,,,,,"236","32","798","172","7","0",,"1","1FFF1F","1AAAA1AAA1AAAA","4",,,,
"4600616","2019-09-11T08:00:00","25.53","-138.41",,,"1","4","2","5",,,"11",,,,,,,,,,,,"8",,,,,"9","253",,,,,,,,,,,,,"236","58","798","172","7","1","2","1","1FFFFF","1AAAAAAAA1AAAA","4",,,,
"5102585","2019-09-11T08:00:00","28.35","-139.13",,,"1","4","2","5",,,"11",,,,,,,,,,,,"8",,,,,"9","254",,,,,,,,,,,,,"236","89","798","172","7","0",,"1","1FFFFF","1AAAAAAAA1AAAA","4",,,,
"5102593","2019-09-11T08:00:00","21.26","-131.65",,,"1","4","2","5",,,"11",,,,,,,,,,,,"8",,,,,"9","256",,,,,,,,,,,,,"236","11","798","172","7","0",,"1","1FFFFF","1AAAAAAAA1AAAA","4",,,,
"4301567","2019-09-11T09:00:00","25.44","-133.07",,,"1","4","2","5",,,"11",,,,,,,,,"10194",,,"8",,,,,"9","237",,,,,,,,,,,,,"236","53","798","172","7","0",,"1","1FFF1F","1AAAA1AAA1AAAA","4",,,,
"4600616","2019-09-11T09:00:00","25.53","-138.41",,,"1","4","2","5",,,"11",,,,,,,,,,,,"8",,,,,"9","253",,,,,,,,,,,,,"236","58","798","172","7","1","2","1","1FFFFF","1AAAAAAAA1AAAA","4",,,,
"5102585","2019-09-11T09:00:00","28.35","-139.14",,,"1","4","2","5",,,"11",,,,,,,,,,,,"8",,,,,"9","254",,,,,,,,,,,,,"236","89","798","172","7","0",,"1","1FFFFF","1AAAAAAAA1AAAA","4",,,,
"5102593","2019-09-11T09:00:00","21.25","-131.65",,,"1","4","2","5",,,"11",,,,,,,,,,,,"8",,,,,"9","256",,,,,,,,,,,,,"236","11","798","172","7","0",,"1","1FFFFF","1AAAAAAAA1AAAA","4",,,,
"4301564","2019-09-11T10:00:00","29.84","-130.81",,,"1","4","2","5",,,"11",,,,,,,,,"10208",,,"8",,,,,"9","242",,,,,,,,,,,,,"236","90","798","172","7","0",,"1","1FFF1F","1AAAA1AAA1AAAA","4",,,,
"4301567","2019-09-11T10:00:00","25.44","-133.07",,,"1","4","2","5",,,"11",,,,,,,,,"10189",,,"8",,,,,"9","237",,,,,,,,,,,,,"236","53","798","172","7","0",,"1","1FFF1F","1AAAA1AAA1AAAA","4",,,,
"4600616","2019-09-11T10:00:00","25.53","-138.41",,,"1","4","2","5",,,"11",,,,,,,,,,,,"8",,,,,"9","253",,,,,,,,,,,,,"236","58","798","172","7","1","2","1","1FFFFF","1AAAAAAAA1AAAA","4",,,,
"5102585","2019-09-11T10:00:00","28.35","-139.14",,,"1","4","2","5",,,"11",,,,,,,,,,,,"8",,,,,"9","254",,,,,,,,,,,,,"236","89","798","172","7","0",,"1","1FFFFF","1AAAAAAAA1AAAA","4",,,,
"5102593","2019-09-11T10:00:00","21.25","-131.66",,,"1","4","2","5",,,"11",,,,,,,,,,,,"8",,,,,"9","256",,,,,,,,,,,,,"236","11","798","172","7","0",,"1","1FFFFF","1AAAAAAAA1AAAA","4",,,,
"4301571","2019-09-11T10:04:00","23.23","-132.79",,,"1","4","2","5",,,"11",,,,,,,,,"10177",,,"8",,,,,"9","244",,,,,,,,,,,,,"236","32","798","172","7","0",,"1","1FFF1F","1AAAA1AAA1AAAA","4",,,,
"4301564","2019-09-11T11:00:00","29.85","-130.81",,,"1","4","2","5",,,"11",,,,,,,,,"10205",,,"8",,,,,"9","241",,,,,,,,,,,,,"236","90","798","172","7","0",,"1","1FFF1F","1AAAA1AAA1AAAA","4",,,,
"4301567","2019-09-11T11:00:00","25.43","-133.08",,,"1","4","2","5",,,"11",,,,,,,,,"10187",,,"8",,,,,"9","237",,,,,,,,,,,,,"236","53","798","172","7","0",,"1","1FFF1F","1AAAA1AAA1AAAA","4",,,,
"4301571","2019-09-11T11:00:00","23.22","-132.79",,,"1","4","2","5",,,"11",,,,,,,,,"10173",,,"8",,,,,"9","244",,,,,,,,,,,,,"236","32","798","172","7","0",,"1","1FFF1F","1AAAA1AAA1AAAA","4",,,,
"4600616","2019-09-11T11:00:00","25.50","-138.46",,,"1","4","2","5",,,"11",,,,,,,,,,,,"8",,,,,"9","253",,,,,,,,,,,,,"236","58","798","172","7","1","2","1","1FFFFF","1AAAAAAAA1AAAA","4",,,,
"5102585","2019-09-11T11:00:00","28.35","-139.14",,,"1","4","2","5",,,"11",,,,,,,,,,,,"8",,,,,"9","254",,,,,,,,,,,,,"236","89","798","172","7","0",,"1","1FFFFF","1AAAAAAAA1AAAA","4",,,,
"5102593","2019-09-11T11:00:00","21.24","-131.66",,,"1","4","2","5",,,"11",,,,,,,,,,,,"8",,,,,"9","256",,,,,,,,,,,,,"236","11","798","172","7","0",,"1","1FFFFF","1AAAAAAAA1AAAA","4",,,,
"4301568","2019-09-11T11:04:00","29.55","-131.12",,,"1","4","2","5",,,"11",,,,,,,,,"10204",,,"8",,,,,"9","239",,,,,,,,,,,,,"236","91","798","172","7","0",,"1","1FFF1F","1AAAA1AAA1AAAA","4",,,,
"4301564","2019-09-11T12:00:00","29.85","-130.81",,,"1","4","2","5",,,"11",,,,,,,,,"10204",,,"8",,,,,"9","241",,,,,,,,,,,,,"236","90","798","172","7","0",,"1","1FFF1F","1AAAA1AAA1AAAA","4",,,,
"4301567","2019-09-11T12:00:00","25.43","-133.08",,,"1","4","2","5",,,"11",,,,,,,,,"10184",,,"8",,,,,"9","237",,,,,,,,,,,,,"236","53","798","172","7","0",,"1","1FFF1F","1AAAA1AAA1AAAA","4",,,,
"4301568","2019-09-11T12:00:00","29.55","-131.12",,,"1","4","2","5",,,"11",,,,,,,,,"10203",,,"8",,,,,"9","239",,,,,,,,,,,,,"236","91","798","172","7","0",,"1","1FFF1F","1AAAA1AAA1AAAA","4",,,,
"4301571","2019-09-11T12:00:00","23.21","-132.80",,,"1","4","2","5",,,"11",,,,,,,,,"10171",,,"8",,,,,"9","244",,,,,,,,,,,,,"236","32","798","172","7","0",,"1","1FFF1F","1AAAA1AAA1AAAA","4",,,,
"4600616","2019-09-11T12:00:00","25.50","-138.46",,,"1","4","2","5",,,"11",,,,,,,,,,,,"8",,,,,"9","253",,,,,,,,,,,,,"236","58","798","172","7","1","2","1","1FFFFF","1AAAAAAAA1AAAA","4",,,,
"5102585","2019-09-11T12:00:00","28.35","-139.14",,,"1","4","2","5",,,"11",,,,,,,,,,,,"8",,,,,"9","254",,,,,,,,,,,,,"236","89","798","172","7","0",,"1","1FFFFF","1AAAAAAAA1AAAA","4",,,,
"5102593","2019-09-11T12:00:00","21.24","-131.67",,,"1","4","2","5",,,"11",,,,,,,,,,,,"8",,,,,"9","256",,,,,,,,,,,,,"236","11","798","172","7","0",,"1","1FFFFF","1AAAAAAAA1AAAA","4",,,,
"4301611","2019-09-11T12:04:00","24.26","-139.33",,,"1","4","2","5",,,"11",,,,,,,,,"10166",,,"8",,,,,"9","251",,,,,,,,,,,,,"236","49","798","172","7","0",,"1","1FFF1F","1AAAA1AAA1AAAA","4",,,,
"4301564","2019-09-11T13:00:00","29.85","-130.81",,,"1","4","2","5",,,"11",,,,,,,,,"10201",,,"8",,,,,"9","241",,,,,,,,,,,,,"236","90","798","172","7","0",,"1","1FFF1F","1AAAA1AAA1AAAA","4",,,,
"4301567","2019-09-11T13:00:00","25.42","-133.08",,,"1","4","2","5",,,"11",,,,,,,,,"10184",,,"8",,,,,"9","237",,,,,,,,,,,,,"236","53","798","172","7","0",,"1","1FFF1F","1AAAA1AAA1AAAA","4",,,,
"4301568","2019-09-11T13:00:00","29.55","-131.12",,,"1","4","2","5",,,"11",,,,,,,,,"10203",,,"8",,,,,"9","239",,,,,,,,,,,,,"236","91","798","172","7","0",,"1","1FFF1F","1AAAA1AAA1AAAA","4",,,,
"4600616","2019-09-11T13:00:00","25.53","-138.41",,,"1","4","2","5",,,"11",,,,,,,,,,,,"8",,,,,"9","253",,,,,,,,,,,,,"236","58","798","172","7","1","2","1","1FFFFF","1AAAAAAAA1AAAA","4",,,,
"5102585","2019-09-11T13:00:00","28.35","-139.14",,,"1","4","2","5",,,"11",,,,,,,,,,,,"8",,,,,"9","254",,,,,,,,,,,,,"236","89","798","172","7","0",,"1","1FFFFF","1AAAAAAAA1AAAA","4",,,,
"5102593","2019-09-11T13:00:00","21.24","-131.69",,,"1","4","2","5",,,"11",,,,,,,,,,,,"8",,,,,"9","256",,,,,,,,,,,,,"236","11","798","172","7","0",,"1","1FFFFF","1AAAAAAAA1AAAA","4",,,,
"4301571","2019-09-11T13:02:00","23.20","-132.81",,,"1","4","2","5",,,"11",,,,,,,,,"10170",,,"8",,,,,"9","244",,,,,,,,,,,,,"236","32","798","172","7","0",,"1","1FFF1F","1AAAA1AAA1AAAA","4",,,,
"4301611","2019-09-11T13:04:00","24.24","-139.38",,,"1","4","2","5",,,"11",,,,,,,,,"10168",,,"8",,,,,"9","251",,,,,,,,,,,,,"236","49","798","172","7","0",,"1","1FFF1F","1AAAA1AAA1AAAA","4",,,,
"4301564","2019-09-11T14:00:00","29.85","-130.80",,,"1","4","2","5",,,"11",,,,,,,,,"10206",,,"8",,,,,"9","241",,,,,,,,,,,,,"236","90","798","172","7","0",,"1","1FFF1F","1AAAA1AAA1AAAA","4",,,,
"4301567","2019-09-11T14:00:00","25.42","-133.08",,,"1","4","2","5",,,"11",,,,,,,,,"10185",,,"8",,,,,"9","237",,,,,,,,,,,,,"236","53","798","172","7","0",,"1","1FFF1F","1AAAA1AAA1AAAA","4",,,,
"4301568","2019-09-11T14:00:00","29.55","-131.12",,,"1","4","2","5",,,"11",,,,,,,,,"10207",,,"8",,,,,"9","239",,,,,,,,,,,,,"236","91","798","172","7","0",,"1","1FFF1F","1AAAA1AAA1AAAA","4",,,,
"4301571","2019-09-11T14:00:00","23.20","-132.82",,,"1","4","2","5",,,"11",,,,,,,,,"10173",,,"8",,,,,"9","244",,,,,,,,,,,,,"236","32","798","172","7","0",,"1","1FFF1F","1AAAA1AAA1AAAA","4",,,,
"4600616","2019-09-11T14:00:00","25.50","-138.45",,,"1","4","2","5",,,"11",,,,,,,,,,,,"8",,,,,"9","253",,,,,,,,,,,,,"236","58","798","172","7","1","2","1","1FFFFF","1AAAAAAAA1AAAA","4",,,,
"5102585","2019-09-11T14:00:00","28.35","-139.14",,,"1","4","2","5",,,"11",,,,,,,,,,,,"8",,,,,"9","254",,,,,,,,,,,,,"236","89","798","172","7","0",,"1","1FFFFF","1AAAAAAAA1AAAA","4",,,,
"5102593","2019-09-11T14:00:00","21.25","-131.70",,,"1","4","2","5",,,"11",,,,,,,,,,,,"8",,,,,"9","256",,,,,,,,,,,,,"236","11","798","172","7","0",,"1","1FFFFF","1AAAAAAAA1AAAA","4",,,,
"4301611","2019-09-11T14:04:00","24.27","-139.35",,,"1","4","2","5",,,"11",,,,,,,,,"10172",,,"8",,,,,"9","251",,,,,,,,,,,,,"236","49","798","172","7","0",,"1","1FFF1F","1AAAA1AAA1AAAA","4",,,,
"4301564","2019-09-11T15:00:00","29.86","-130.80",,,"1","4","2","5",,,"11",,,,,,,,,"10213",,,"8",,,,,"9","241",,,,,,,,,,,,,"236","90","798","172","7","0",,"2","1FFF1F","1AAAA1AAA1AAAA","4",,,,
"4301568","2019-09-11T15:00:00","29.56","-131.11",,,"1","4","2","5",,,"11",,,,,,,,,"10212",,,"8",,,,,"9","239",,,,,,,,,,,,,"236","91","798","172","7","0",,"2","1FFF1F","1AAAA1AAA1AAAA","4",,,,
"4301571","2019-09-11T15:00:00","23.18","-132.83",,,"1","4","2","5",,,"11",,,,,,,,,"10175",,,"8",,,,,"9","244",,,,,,,,,,,,,"236","32","798","172","7","0",,"2","1FFF1F","1AAAA1AAA1AAAA","4",,,,
"4600616","2019-09-11T15:00:00","25.50","-138.47",,,"1","4","2","5",,,"11",,,,,,,,,,,,"8",,,,,"9","253",,,,,,,,,,,,,"236","58","798","172","7","1","2","1","1FFFFF","1AAAAAAAA1AAAA","4",,,,
"5102585","2019-09-11T15:00:00","28.35","-139.13",,,"1","4","2","5",,,"11",,,,,,,,,,,,"8",,,,,"9","254",,,,,,,,,,,,,"236","89","798","172","7","0",,"1","1FFFFF","1AAAAAAAA1AAAA","4",,,,
"5102593","2019-09-11T15:00:00","21.25","-131.71",,,"1","4","2","5",,,"11",,,,,,,,,,,,"8",,,,,"9","256",,,,,,,,,,,,,"236","11","798","172","7","0",,"2","1FFFFF","1AAAAAAAA1AAAA","4",,,,
"4301567","2019-09-11T15:04:00","25.41","-133.08",,,"1","4","2","5",,,"11",,,,,,,,,"10190",,,"8",,,,,"9","237",,,,,,,,,,,,,"236","53","798","172","7","0",,"2","1FFF1F","1AAAA1AAA1AAAA","4",,,,
"4301611","2019-09-11T15:04:00","24.28","-139.37",,,"1","4","2","5",,,"11",,,,,,,,,"10175",,,"8",,,,,"9","251",,,,,,,,,,,,,"236","49","798","172","7","0",,"1","1FFF1F","1AAAA1AAA1AAAA","4",,,,
"4301564","2019-09-11T16:00:00","29.86","-130.80",,,"1","4","2","5",,,"11",,,,,,,,,"10217",,,"8",,,,,"9","241",,,,,,,,,,,,,"236","90","798","172","7","0",,"2","1FFF1F","1AAAA1AAA1AAAA","4",,,,
"4301567","2019-09-11T16:00:00","25.41","-133.08",,,"1","4","2","5",,,"11",,,,,,,,,"10192",,,"8",,,,,"9","237",,,,,,,,,,,,,"236","53","798","172","7","0",,"2","1FFF1F","1AAAA1AAA1AAAA","4",,,,
"4301568","2019-09-11T16:00:00","29.56","-131.11",,,"1","4","2","5",,,"11",,,,,,,,,"10218",,,"8",,,,,"9","239",,,,,,,,,,,,,"236","91","798","172","7","0",,"2","1FFF1F","1AAAA1AAA1AAAA","4",,,,
"4301571","2019-09-11T16:00:00","23.17","-132.84",,,"1","4","2","5",,,"11",,,,,,,,,"10179",,,"8",,,,,"9","244",,,,,,,,,,,,,"236","32","798","172","7","0",,"2","1FFF1F","1AAAA1AAA1AAAA","4",,,,
"4301611","2019-09-11T16:00:00","24.28","-139.37",,,"1","4","2","5",,,"11",,,,,,,,,"10175",,,"8",,,,,"9","251",,,,,,,,,,,,,"236","49","798","172","7","0",,"2","1FFF1F","1AAAA1AAA1AAAA","4",,,,
"4600616","2019-09-11T16:00:00","25.50","-138.49",,,"1","4","2","5",,,"11",,,,,,,,,,,,"8",,,,,"9","252",,,,,,,,,,,,,"236","58","798","172","7","1","2","2","1FFFFF","1AAAAAAAA1AAAA","4",,,,
"5102585","2019-09-11T16:00:00","28.35","-139.13",,,"1","4","2","5",,,"11",,,,,,,,,,,,"8",,,,,"9","254",,,,,,,,,,,,,"236","89","798","172","7","0",,"2","1FFFFF","1AAAAAAAA1AAAA","4",,,,
"5102593","2019-09-11T16:00:00","21.26","-131.72",,,"1","4","2","5",,,"11",,,,,,,,,,,,"8",,,,,"9","256",,,,,,,,,,,,,"236","11","798","172","7","0",,"2","1FFFFF","1AAAAAAAA1AAAA","4",,,,
"4301564","2019-09-11T17:00:00","29.86","-130.80",,,"1","4","2","5",,,"11",,,,,,,,,"10221",,,"8",,,,,"9","241",,,,,,,,,,,,,"236","90","798","172","7","0",,"2","1FFF1F","1AAAA1AAA1AAAA","4",,,,
"4301567","2019-09-11T17:00:00","25.40","-133.09",,,"1","4","2","5",,,"11",,,,,,,,,"10197",,,"8",,,,,"9","237",,,,,,,,,,,,,"236","53","798","172","7","0",,"2","1FFF1F","1AAAA1AAA1AAAA","4",,,,
"4301568","2019-09-11T17:00:00","29.57","-131.10",,,"1","4","2","5",,,"11",,,,,,,,,"10219",,,"8",,,,,"9","239",,,,,,,,,,,,,"236","91","798","172","7","0",,"2","1FFF1F","1AAAA1AAA1AAAA","4",,,,
"4301571","2019-09-11T17:00:00","23.16","-132.85",,,"1","4","2","5",,,"11",,,,,,,,,"10179",,,"8",,,,,"9","244",,,,,,,,,,,,,"236","32","798","172","7","0",,"2","1FFF1F","1AAAA1AAA1AAAA","4",,,,
"4600616","2019-09-11T17:00:00","25.49","-138.47",,,"1","4","2","5",,,"11",,,,,,,,,,,,"8",,,,,"9","252",,,,,,,,,,,,,"236","58","798","172","7","1","2","2","1FFFFF","1AAAAAAAA1AAAA","4",,,,
"5102585","2019-09-11T17:00:00","28.34","-139.13",,,"1","4","2","5",,,"11",,,,,,,,,,,,"8",,,,,"9","254",,,,,,,,,,,,,"236","89","798","172","7","0",,"2","1FFFFF","1AAAAAAAA1AAAA","4",,,,
"5102593","2019-09-11T17:00:00","21.27","-131.72",,,"1","4","2","5",,,"11",,,,,,,,,,,,"8",,,,,"9","256",,,,,,,,,,,,,"236","11","798","172","7","0",,"2","1FFFFF","1AAAAAAAA1AAAA","4",,,,
"4301611","2019-09-11T17:04:00","24.29","-139.38",,,"1","4","2","5",,,"11",,,,,,,,,"10181",,,"8",,,,,"9","251",,,,,,,,,,,,,"236","49","798","172","7","0",,"2","1FFF1F","1AAAA1AAA1AAAA","4",,,,
"4301564","2019-09-11T18:00:00","29.86","-130.80",,,"1","4","2","5",,,"11",,,,,,,,,"10223",,,"8",,,,,"9","242",,,,,,,,,,,,,"236","90","798","172","7","0",,"2","1FFF1F","1AAAA1AAA1AAAA","4",,,,
"4301567","2019-09-11T18:00:00","25.40","-133.09",,,"1","4","2","5",,,"11",,,,,,,,,"10199",,,"8",,,,,"9","238",,,,,,,,,,,,,"236","53","798","172","7","0",,"2","1FFF1F","1AAAA1AAA1AAAA","4",,,,
"4600616","2019-09-11T18:00:00","25.49","-138.48",,,"1","4","2","5",,,"11",,,,,,,,,,,,"8",,,,,"9","252",,,,,,,,,,,,,"236","58","798","172","7","1","2","2","1FFFFF","1AAAAAAAA1AAAA","4",,,,
"5102585","2019-09-11T18:00:00","28.34","-139.13",,,"1","4","2","5",,,"11",,,,,,,,,,,,"8",,,,,"9","253",,,,,,,,,,,,,"236","89","798","172","7","0",,"2","1FFFFF","1AAAAAAAA1AAAA","4",,,,
"5102593","2019-09-11T18:00:00","21.28","-131.73",,,"1","4","2","5",,,"11",,,,,,,,,,,,"8",,,,,"9","256",,,,,,,,,,,,,"236","11","798","172","7","0",,"2","1FFFFF","1AAAAAAAA1AAAA","4",,,,
"4301568","2019-09-11T18:01:00","29.57","-131.10",,,"1","4","2","5",,,"11",,,,,,,,,"10224",,,"8",,,,,"9","239",,,,,,,,,,,,,"236","91","798","172","7","0",,"2","1FFF1F","1AAAA1AAA1AAAA","4",,,,
"4301571","2019-09-11T18:04:00","23.15","-132.86",,,"1","4","2","5",,,"11",,,,,,,,,"10183",,,"8",,,,,"9","244",,,,,,,,,,,,,"236","32","798","172","7","0",,"2","1FFF1F","1AAAA1AAA1AAAA","4",,,,
"4301611","2019-09-11T18:04:00","24.29","-139.38",,,"1","4","2","5",,,"11",,,,,,,,,"10185",,,"8",,,,,"9","251",,,,,,,,,,,,,"236","49","798","172","7","0",,"2","1FFF1F","1AAAA1AAA1AAAA","4",,,,
"4600616","2019-09-11T19:00:00","25.48","-138.49",,,"1","4","2","5",,,"11",,,,,,,,,,,,"8",,,,,"9","252",,,,,,,,,,,,,"236","58","798","172","7","1","2","2","1FFFFF","1AAAAAAAA1AAAA","4",,,,
"5102585","2019-09-11T19:00:00","28.34","-139.13",,,"1","4","2","5",,,"11",,,,,,,,,,,,"8",,,,,"9","256",,,,,,,,,,,,,"236","89","798","172","7","0",,"2","1FFFFF","1AAAAAAAA1AAAA","4",,,,
"5102593","2019-09-11T19:00:00","21.28","-131.73",,,"1","4","2","5",,,"11",,,,,,,,,,,,"8",,,,,"9","256",,,,,,,,,,,,,"236","11","798","172","7","0",,"2","1FFFFF","1AAAAAAAA1AAAA","4",,,,
"4301564","2019-09-11T19:01:00","29.86","-130.79",,,"1","4","2","5",,,"11",,,,,,,,,"10220",,,"8",,,,,"9","242",,,,,,,,,,,,,"236","90","798","172","7","0",,"2","1FFF1F","1AAAA1AAA1AAAA","4",,,,
"4301571","2019-09-11T19:01:00","23.15","-132.87",,,"1","4","2","5",,,"11",,,,,,,,,"10182",,,"8",,,,,"9","244",,,,,,,,,,,,,"236","32","798","172","7","0",,"2","1FFF1F","1AAAA1AAA1AAAA","4",,,,
"4301567","2019-09-11T19:03:00","25.39","-133.09",,,"1","4","2","5",,,"11",,,,,,,,,"10197",,,"8",,,,,"9","238",,,,,,,,,,,,,"236","53","798","172","7","0",,"2","1FFF1F","1AAAA1AAA1AAAA","4",,,,
"4301568","2019-09-11T19:04:00","29.57","-131.09",,,"1","4","2","5",,,"11",,,,,,,,,"10221",,,"8",,,,,"9","239",,,,,,,,,,,,,"236","91","798","172","7","0",,"2","1FFF1F","1AAAA1AAA1AAAA","4",,,,
"4301567","2019-09-11T20:00:00","25.39","-133.09",,,"1","4","2","5",,,"11",,,,,,,,,"10193",,,"8",,,,,"9","239",,,,,,,,,,,,,"236","53","798","172","7","0",,"2","1FFF1F","1AAAA1AAA1AAAA","4",,,,
"4301568","2019-09-11T20:00:00","29.57","-131.09",,,"1","4","2","5",,,"11",,,,,,,,,"10217",,,"8",,,,,"9","239",,,,,,,,,,,,,"236","91","798","172","7","0",,"2","1FFF1F","1AAAA1AAA1AAAA","4",,,,
"4301571","2019-09-11T20:00:00","23.14","-132.88",,,"1","4","2","5",,,"11",,,,,,,,,"10178",,,"8",,,,,"9","245",,,,,,,,,,,,,"236","32","798","172","7","0",,"2","1FFF1F","1AAAA1AAA1AAAA","4",,,,
"4600616","2019-09-11T20:00:00","25.47","-138.50",,,"1","4","2","5",,,"11",,,,,,,,,,,,"8",,,,,"9","252",,,,,,,,,,,,,"236","58","798","172","7","1","2","2","1FFFFF","1AAAAAAAA1AAAA","4",,,,
"5102585","2019-09-11T20:00:00","28.33","-139.13",,,"1","4","2","5",,,"11",,,,,,,,,,,,"8",,,,,"9","256",,,,,,,,,,,,,"236","89","798","172","7","0",,"2","1FFFFF","1AAAAAAAA1AAAA","4",,,,
"5102593","2019-09-11T20:00:00","21.28","-131.73",,,"1","4","2","5",,,"11",,,,,,,,,,,,"8",,,,,"9","256",,,,,,,,,,,,,"236","11","798","172","7","0",,"2","1FFFFF","1AAAAAAAA1AAAA","4",,,,
"4301564","2019-09-11T20:04:00","29.86","-130.79",,,"1","4","2","5",,,"11",,,,,,,,,"10218",,,"8",,,,,"9","242",,,,,,,,,,,,,"236","90","798","172","7","0",,"2","1FFF1F","1AAAA1AAA1AAAA","4",,,,
"4301567","2019-09-11T21:00:00","25.39","-133.09",,,"1","4","2","5",,,"11",,,,,,,,,"10186",,,"8",,,,,"9","239",,,,,,,,,,,,,"236","53","798","172","7","0",,"2","1FFF1F","1AAAA1AAA1AAAA","4",,,,
"4301571","2019-09-11T21:00:00","23.14","-132.89",,,"1","4","2","5",,,"11",,,,,,,,,"10172",,,"8",,,,,"9","245",,,,,,,,,,,,,"236","32","798","172","7","0",,"2","1FFF1F","1AAAA1AAA1AAAA","4",,,,
"4600616","2019-09-11T21:00:00","25.47","-138.50",,,"1","4","2","5",,,"11",,,,,,,,,,,,"8",,,,,"9","252",,,,,,,,,,,,,"236","58","798","172","7","1","2","2","1FFFFF","1AAAAAAAA1AAAA","4",,,,
"5102585","2019-09-11T21:00:00","28.32","-139.13",,,"1","4","2","5",,,"11",,,,,,,,,,,,"8",,,,,"9","257",,,,,,,,,,,,,"236","89","798","172","7","0",,"2","1FFFFF","1AAAAAAAA1AAAA","4",,,,
"5102593","2019-09-11T21:00:00","21.28","-131.73",,,"1","4","2","5",,,"11",,,,,,,,,,,,"8",,,,,"9","256",,,,,,,,,,,,,"236","11","798","172","7","0",,"2","1FFFFF","1AAAAAAAA1AAAA","4",,,,
"4301568","2019-09-11T21:02:00","29.57","-131.08",,,"1","4","2","5",,,"11",,,,,,,,,"10215",,,"8",,,,,"9","240",,,,,,,,,,,,,"236","91","798","172","7","0",,"2","1FFF1F","1AAAA1AAA1AAAA","4",,,,
"4301564","2019-09-11T21:04:00","29.86","-130.79",,,"1","4","2","5",,,"11",,,,,,,,,"10214",,,"8",,,,,"9","242",,,,,,,,,,,,,"236","90","798","172","7","0",,"2","1FFF1F","1AAAA1AAA1AAAA","4",,,,
"4301567","2019-09-11T22:00:00","25.38","-133.09",,,"1","4","2","5",,,"11",,,,,,,,,"10182",,,"8",,,,,"9","239",,,,,,,,,,,,,"236","53","798","172","7","0",,"2","1FFF1F","1AAAA1AAA1AAAA","4",,,,
"4301568","2019-09-11T22:00:00","29.56","-131.07",,,"1","4","2","5",,,"11",,,,,,,,,"10208",,,"8",,,,,"9","240",,,,,,,,,,,,,"236","91","798","172","7","0",,"2","1FFF1F","1AAAA1AAA1AAAA","4",,,,
"4301571","2019-09-11T22:00:00","23.13","-132.90",,,"1","4","2","5",,,"11",,,,,,,,,"10166",,,"8",,,,,"9","245",,,,,,,,,,,,,"236","32","798","172","7","0",,"2","1FFF1F","1AAAA1AAA1AAAA","4",,,,
"4600616","2019-09-11T22:00:00","25.47","-138.50",,,"1","4","2","5",,,"11",,,,,,,,,,,,"8",,,,,"9","253",,,,,,,,,,,,,"236","58","798","172","7","1","2","2","1FFFFF","1AAAAAAAA1AAAA","4",,,,
"5102585","2019-09-11T22:00:00","28.31","-139.14",,,"1","4","2","5",,,"11",,,,,,,,,,,,"8",,,,,"9","256",,,,,,,,,,,,,"236","89","798","172","7","0",,"2","1FFFFF","1AAAAAAAA1AAAA","4",,,,
"5102593","2019-09-11T22:00:00","21.28","-131.73",,,"1","4","2","5",,,"11",,,,,,,,,,,,"8",,,,,"9","256",,,,,,,,,,,,,"236","11","798","172","7","0",,"2","1FFFFF","1AAAAAAAA1AAAA","4",,,,
"4301567","2019-09-11T23:00:00","25.37","-133.10",,,"1","4","2","5",,,"11",,,,,,,,,"10176",,,"8",,,,,"9","240",,,,,,,,,,,,,"236","53","798","172","7","0",,"2","1FFF1F","1AAAA1AAA1AAAA","4",,,,
"4301568","2019-09-11T23:00:00","29.56","-131.07",,,"1","4","2","5",,,"11",,,,,,,,,"10201",,,"8",,,,,"9","241",,,,,,,,,,,,,"236","91","798","172","7","0",,"2","1FFF1F","1AAAA1AAA1AAAA","4",,,,
"4600616","2019-09-11T23:00:00","25.44","-138.56",,,"1","4","2","5",,,"11",,,,,,,,,,,,"8",,,,,"9","253",,,,,,,,,,,,,"236","58","798","172","7","1","2","2","1FFFFF","1AAAAAAAA1AAAA","4",,,,
"5102585","2019-09-11T23:00:00","28.31","-139.14",,,"1","4","2","5",,,"11",,,,,,,,,,,,"8",,,,,"9","255",,,,,,,,,,,,,"236","89","798","172","7","0",,"2","1FFFFF","1AAAAAAAA1AAAA","4",,,,
"5102593","2019-09-11T23:00:00","21.28","-131.74",,,"1","4","2","5",,,"11",,,,,,,,,,,,"8",,,,,"9","256",,,,,,,,,,,,,"236","11","798","172","7","0",,"2","1FFFFF","1AAAAAAAA1AAAA","4",,,,
"4301611","2019-09-11T23:04:00","24.30","-139.40",,,"1","4","2","5",,,"11",,,,,,,,,"10162",,,"8",,,,,"9","252",,,,,,,,,,,,,"236","49","798","172","7","0",,"2","1FFF1F","1AAAA1AAA1AAAA","4",,,,
"4301567","2019-09-12T00:00:00","25.36","-133.10",,,"1","4","2","5",,,"11",,,,,,,,,"10173",,,"8",,,,,"9","240",,,,,,,,,,,,,"236","53","798","172","7","0",,"2","1FFF1F","1AAAA1AAA1AAAA","4",,,,
"4301568","2019-09-12T00:00:00","29.55","-131.07",,,"1","4","2","5",,,"11",,,,,,,,,"10199",,,"8",,,,,"9","241",,,,,,,,,,,,,"236","91","798","172","7","0",,"2","1FFF1F","1AAAA1AAA1AAAA","4",,,,
"4301571","2019-09-12T00:00:00","23.12","-132.91",,,"1","4","2","5",,,"11",,,,,,,,,"10158",,,"8",,,,,"9","245",,,,,,,,,,,,,"236","32","798","172","7","0",,"2","1FFF1F","1AAAA1AAA1AAAA","4",,,,
"4600616","2019-09-12T00:00:00","25.44","-138.56",,,"1","4","2","5",,,"11",,,,,,,,,,,,"8",,,,,"9","253",,,,,,,,,,,,,"236","58","798","172","7","1","2","2","1FFFFF","1AAAAAAAA1AAAA","4",,,,
"5102585","2019-09-12T00:00:00","28.30","-139.14",,,"1","4","2","5",,,"11",,,,,,,,,,,,"8",,,,,"9","255",,,,,,,,,,,,,"236","89","798","172","7","0",,"2","1FFFFF","1AAAAAAAA1AAAA","4",,,,
"5102593","2019-09-12T00:00:00","21.28","-131.74",,,"1","4","2","5",,,"11",,,,,,,,,,,,"8",,,,,"9","257",,,,,,,,,,,,,"236","11","798","172","7","0",,"2","1FFFFF","1AAAAAAAA1AAAA","4",,,,
"4301564","2019-09-12T00:02:00","29.85","-130.80",,,"1","4","2","5",,,"11",,,,,,,,,"10198",,,"8",,,,,"9","243",,,,,,,,,,,,,"236","90","798","172","7","0",,"2","1FFF1F","1AAAA1AAA1AAAA","4",,,,
"4301564","2019-09-12T01:00:00","29.85","-130.80",,,"1","4","2","5",,,"11",,,,,,,,,"10197",,,"8",,,,,"9","243",,,,,,,,,,,,,"236","90","798","172","7","0",,"2","1FFF1F","1AAAA1AAA1AAAA","4",,,,
"4301567","2019-09-12T01:00:00","25.36","-133.11",,,"1","4","2","5",,,"11",,,,,,,,,"10172",,,"8",,,,,"9","239",,,,,,,,,,,,,"236","53","798","172","7","0",,"2","1FFF1F","1AAAA1AAA1AAAA","4",,,,
"4301568","2019-09-12T01:00:00","29.54","-131.07",,,"1","4","2","5",,,"11",,,,,,,,,"10198",,,"8",,,,,"9","240",,,,,,,,,,,,,"236","91","798","172","7","0",,"2","1FFF1F","1AAAA1AAA1AAAA","4",,,,
"4301571","2019-09-12T01:00:00","23.10","-132.92",,,"1","4","2","5",,,"11",,,,,,,,,"10158",,,"8",,,,,"9","245",,,,,,,,,,,,,"236","32","798","172","7","0",,"2","1FFF1F","1AAAA1AAA1AAAA","4",,,,
"4600616","2019-09-12T01:00:00","25.44","-138.56",,,"1","4","2","5",,,"11",,,,,,,,,,,,"8",,,,,"9","253",,,,,,,,,,,,,"236","58","798","172","7","1","2","2","1FFFFF","1AAAAAAAA1AAAA","4",,,,
"5102585","2019-09-12T01:00:00","28.30","-139.15",,,"1","4","2","5",,,"11",,,,,,,,,,,,"8",,,,,"9","255",,,,,,,,,,,,,"236","89","798","172","7","0",,"2","1FFFFF","1AAAAAAAA1AAAA","4",,,,
"5102593","2019-09-12T01:00:00","21.28","-131.75",,,"1","4","2","5",,,"11",,,,,,,,,,,,"8",,,,,"9","257",,,,,,,,,,,,,"236","11","798","172","7","0",,"2","1FFFFF","1AAAAAAAA1AAAA","4",,,,
"4301611","2019-09-12T01:01:00","24.30","-139.40",,,"1","4","2","5",,,"11",,,,,,,,,"10159",,,"8",,,,,"9","252",,,,,,,,,,,,,"236","49","798","172","7","0",,"2","1FFF1F","1AAAA1AAA1AAAA","4",,,,
"4301564","2019-09-12T02:00:00","29.85","-130.80",,,"1","4","2","5",,,"11",,,,,,,,,"10195",,,"8",,,,,"9","242",,,,,,,,,,,,,"236","90","798","172","7","0",,"2","1FFF1F","1AAAA1AAA1AAAA","4",,,,
"4301567","2019-09-12T02:00:00","25.35","-133.11",,,"1","4","2","5",,,"11",,,,,,,,,"10171",,,"8",,,,,"9","239",,,,,,,,,,,,,"236","53","798","172","7","0",,"2","1FFF1F","1AAAA1AAA1AAAA","4",,,,
"4301571","2019-09-12T02:00:00","23.09","-132.92",,,"1","4","2","5",,,"11",,,,,,,,,"10159",,,"8",,,,,"9","245",,,,,,,,,,,,,"236","32","798","172","7","0",,"2","1FFF1F","1AAAA1AAA1AAAA","4",,,,
"4301611","2019-09-12T02:00:00","24.29","-139.40",,,"1","4","2","5",,,"11",,,,,,,,,"10157",,,"8",,,,,"9","252",,,,,,,,,,,,,"236","49","798","172","7","0",,"2","1FFF1F","1AAAA1AAA1AAAA","4",,,,
"4600616","2019-09-12T02:00:00","25.44","-138.56",,,"1","4","2","5",,,"11",,,,,,,,,,,,"8",,,,,"9","253",,,,,,,,,,,,,"236","58","798","172","7","1","2","2","1FFFFF","1AAAAAAAA1AAAA","4",,,,
"5102585","2019-09-12T02:00:00","28.29","-139.16",,,"1","4","2","5",,,"11",,,,,,,,,,,,"8",,,,,"9","255",,,,,,,,,,,,,"236","89","798","172","7","0",,"2","1FFFFF","1AAAAAAAA1AAAA","4",,,,
"5102593","2019-09-12T02:00:00","21.28","-131.76",,,"1","4","2","5",,,"11",,,,,,,,,,,,"8",,,,,"9","257",,,,,,,,,,,,,"236","11","798","172","7","0",,"2","1FFFFF","1AAAAAAAA1AAAA","4",,,,
"4301568","2019-09-12T02:04:00","29.54","-131.07",,,"1","4","2","5",,,"11",,,,,,,,,"10194",,,"8",,,,,"9","240",,,,,,,,,,,,,"236","91","798","172","7","0",,"2","1FFF1F","1AAAA1AAA1AAAA","4",,,,
"4301564","2019-09-12T03:00:00","29.85","-130.81",,,"1","4","2","5",,,"11",,,,,,,,,"10195",,,"8",,,,,"9","242",,,,,,,,,,,,,"236","90","798","172","7","0",,"1","1FFF1F","1AAAA1AAA1AAAA","4",,,,
"4301611","2019-09-12T03:00:00","24.29","-139.40",,,"1","4","2","5",,,"11",,,,,,,,,"10158",,,"8",,,,,"9","252",,,,,,,,,,,,,"236","49","798","172","7","0",,"2","1FFF1F","1AAAA1AAA1AAAA","4",,,,
"4600616","2019-09-12T03:00:00","25.43","-138.58",,,"1","4","2","5",,,"11",,,,,,,,,,,,"8",,,,,"9","253",,,,,,,,,,,,,"236","58","798","172","7","1","2","2","1FFFFF","1AAAAAAAA1AAAA","4",,,,
"5102585","2019-09-12T03:00:00","28.29","-139.17",,,"1","4","2","5",,,"11",,,,,,,,,,,,"8",,,,,"9","255",,,,,,,,,,,,,"236","89","798","172","7","0",,"2","1FFFFF","1AAAAAAAA1AAAA","4",,,,
"5102593","2019-09-12T03:00:00","21.29","-131.76",,,"1","4","2","5",,,"11",,,,,,,,,,,,"8",,,,,"9","257",,,,,,,,,,,,,"236","11","798","172","7","0",,"1","1FFFFF","1AAAAAAAA1AAAA","4",,,,
"4301571","2019-09-12T03:04:00","23.08","-132.94",,,"1","4","2","5",,,"11",,,,,,,,,"10160",,,"8",,,,,"9","245",,,,,,,,,,,,,"236","32","798","172","7","0",,"1","1FFF1F","1AAAA1AAA1AAAA","4",,,,
"4301567","2019-09-12T04:00:00","25.35","-133.12",,,"1","4","2","5",,,"11",,,,,,,,,"10177",,,"8",,,,,"9","238",,,,,,,,,,,,,"236","53","798","172","7","0",,"1","1FFF1F","1AAAA1AAA1AAAA","4",,,,
"4600616","2019-09-12T04:00:00","25.43","-138.58",,,"1","4","2","5",,,"11",,,,,,,,,,,,"8",,,,,"9","253",,,,,,,,,,,,,"236","58","798","172","7","1","2","1","1FFFFF","1AAAAAAAA1AAAA","4",,,,
"5102585","2019-09-12T04:00:00","28.29","-139.18",,,"1","4","2","5",,,"11",,,,,,,,,,,,"8",,,,,"9","254",,,,,,,,,,,,,"236","89","798","172","7","0",,"1","1FFFFF","1AAAAAAAA1AAAA","4",,,,
"5102593","2019-09-12T04:00:00","21.30","-131.76",,,"1","4","2","5",,,"11",,,,,,,,,,,,"8",,,,,"9","256",,,,,,,,,,,,,"236","11","798","172","7","0",,"1","1FFFFF","1AAAAAAAA1AAAA","4",,,,
"4301611","2019-09-12T04:04:00","24.29","-139.41",,,"1","4","2","5",,,"11",,,,,,,,,"10161",,,"8",,,,,"9","252",,,,,,,,,,,,,"236","49","798","172","7","0",,"1","1FFF1F","1AAAA1AAA1AAAA","4",,,,
"4301567","2019-09-12T05:00:00","25.34","-133.13",,,"1","4","2","5",,,"11",,,,,,,,,"10182",,,"8",,,,,"9","238",,,,,,,,,,,,,"236","53","798","172","7","0",,"1","1FFF1F","1AAAA1AAA1AAAA","4",,,,
"4600616","2019-09-12T05:00:00","25.43","-138.58",,,"1","4","2","5",,,"11",,,,,,,,,,,,"8",,,,,"9","253",,,,,,,,,,,,,"236","58","798","172","7","1","2","1","1FFFFF","1AAAAAAAA1AAAA","4",,,,
"5102585","2019-09-12T05:00:00","28.29","-139.18",,,"1","4","2","5",,,"11",,,,,,,,,,,,"8",,,,,"9","254",,,,,,,,,,,,,"236","89","798","172","7","0",,"1","1FFFFF","1AAAAAAAA1AAAA","4",,,,
"5102593","2019-09-12T05:00:00","21.30","-131.76",,,"1","4","2","5",,,"11",,,,,,,,,,,,"8",,,,,"9","256",,,,,,,,,,,,,"236","11","798","172","7","0",,"1","1FFFFF","1AAAAAAAA1AAAA","4",,,,
"4301567","2019-09-12T06:00:00","25.34","-133.13",,,"1","4","2","5",,,"11",,,,,,,,,"10186",,,"8",,,,,"9","238",,,,,,,,,,,,,"236","53","798","172","7","0",,"1","1FFF1F","1AAAA1AAA1AAAA","4",,,,
"4301571","2019-09-12T06:00:00","23.05","-132.97",,,"1","4","2","5",,,"11",,,,,,,,,"10173",,,"8",,,,,"9","244",,,,,,,,,,,,,"236","32","798","172","7","0",,"1","1FFF1F","1AAAA1AAA1AAAA","4",,,,
"4600616","2019-09-12T06:00:00","25.42","-138.60",,,"1","4","2","5",,,"11",,,,,,,,,,,,"8",,,,,"9","252",,,,,,,,,,,,,"236","58","798","172","7","1","2","1","1FFFFF","1AAAAAAAA1AAAA","4",,,,
"5102585","2019-09-12T06:00:00","28.29","-139.19",,,"1","4","2","5",,,"11",,,,,,,,,,,,"8",,,,,"9","254",,,,,,,,,,,,,"236","89","798","172","7","0",,"1","1FFFFF","1AAAAAAAA1AAAA","4",,,,
"5102593","2019-09-12T06:00:00","21.30","-131.76",,,"1","4","2","5",,,"11",,,,,,,,,,,,"8",,,,,"9","256",,,,,,,,,,,,,"236","11","798","172","7","0",,"1","1FFFFF","1AAAAAAAA1AAAA","4",,,,
"4301567","2019-09-12T07:00:00","25.34","-133.14",,,"1","4","2","5",,,"11",,,,,,,,,"10185",,,"8",,,,,"9","238",,,,,,,,,,,,,"236","53","798","172","7","0",,"1","1FFF1F","1AAAA1AAA1AAAA","4",,,,
"4301571","2019-09-12T07:00:00","23.05","-132.98",,,"1","4","2","5",,,"11",,,,,,,,,"10176",,,"8",,,,,"9","244",,,,,,,,,,,,,"236","32","798","172","7","0",,"1","1FFF1F","1AAAA1AAA1AAAA","4",,,,
"4600616","2019-09-12T07:00:00","25.41","-138.62",,,"1","4","2","5",,,"11",,,,,,,,,,,,"8",,,,,"9","252",,,,,,,,,,,,,"236","58","798","172","7","1","2","1","1FFFFF","1AAAAAAAA1AAAA","4",,,,
"5102585","2019-09-12T07:00:00","28.29","-139.20",,,"1","4","2","5",,,"11",,,,,,,,,,,,"8",,,,,"9","254",,,,,,,,,,,,,"236","89","798","172","7","0",,"1","1FFFFF","1AAAAAAAA1AAAA","4",,,,
"5102593","2019-09-12T07:00:00","21.30","-131.76",,,"1","4","2","5",,,"11",,,,,,,,,,,,"8",,,,,"9","256",,,,,,,,,,,,,"236","11","798","172","7","0",,"1","1FFFFF","1AAAAAAAA1AAAA","4",,,,
"4301564","2019-09-12T07:01:00","29.87","-130.81",,,"1","4","2","5",,,"11",,,,,,,,,"10208",,,"8",,,,,"9","240",,,,,,,,,,,,,"236","90","798","172","7","0",,"1","1FFF1F","1AAAA1AAA1AAAA","4",,,,
"4301611","2019-09-12T07:03:00","24.27","-139.43",,,"1","4","2","5",,,"11",,,,,,,,,"10173",,,"8",,,,,"9","252",,,,,,,,,,,,,"236","49","798","172","7","0",,"1","1FFF1F","1AAAA1AAA1AAAA","4",,,,
"4301564","2019-09-12T08:00:00","29.87","-130.82",,,"1","4","2","5",,,"11",,,,,,,,,"10207",,,"8",,,,,"9","240",,,,,,,,,,,,,"236","90","798","172","7","0",,"1","1FFF1F","1AAAA1AAA1AAAA","4",,,,
"4301567","2019-09-12T08:00:00","25.33","-133.13",,,"1","4","2","5",,,"11",,,,,,,,,"10183",,,"8",,,,,"9","238",,,,,,,,,,,,,"236","53","798","172","7","0",,"1","1FFF1F","1AAAA1AAA1AAAA","4",,,,
"4301611","2019-09-12T08:00:00","24.27","-139.44",,,"1","4","2","5",,,"11",,,,,,,,,"10175",,,"8",,,,,"9","252",,,,,,,,,,,,,"236","49","798","172","7","0",,"1","1FFF1F","1AAAA1AAA1AAAA","4",,,,
"4600616","2019-09-12T08:00:00","25.41","-138.62",,,"1","4","2","5",,,"11",,,,,,,,,,,,"8",,,,,"9","252",,,,,,,,,,,,,"236","58","798","172","7","1","2","1","1FFFFF","1AAAAAAAA1AAAA","4",,,,
"5102585","2019-09-12T08:00:00","28.29","-139.21",,,"1","4","2","5",,,"11",,,,,,,,,,,,"8",,,,,"9","254",,,,,,,,,,,,,"236","89","798","172","7","0",,"1","1FFFFF","1AAAAAAAA1AAAA","4",,,,
"5102593","2019-09-12T08:00:00","21.30","-131.76",,,"1","4","2","5",,,"11",,,,,,,,,,,,"8",,,,,"9","256",,,,,,,,,,,,,"236","11","798","172","7","0",,"1","1FFFFF","1AAAAAAAA1AAAA","4",,,,
"4301571","2019-09-12T08:02:00","23.03","-132.98",,,"1","4","2","5",,,"11",,,,,,,,,"10174",,,"8",,,,,"9","244",,,,,,,,,,,,,"236","32","798","172","7","0",,"1","1FFF1F","1AAAA1AAA1AAAA","4",,,,
"4301567","2019-09-12T09:00:00","25.33","-133.13",,,"1","4","2","5",,,"11",,,,,,,,,"10184",,,"8",,,,,"9","238",,,,,,,,,,,,,"236","53","798","172","7","0",,"1","1FFF1F","1AAAA1AAA1AAAA","4",,,,
"4301611","2019-09-12T09:00:00","24.26","-139.45",,,"1","4","2","5",,,"11",,,,,,,,,"10167",,,"8",,,,,"9","251",,,,,,,,,,,,,"236","49","798","172","7","0",,"1","1FFF1F","1AAAA1AAA1AAAA","4",,,,
"4600616","2019-09-12T09:00:00","25.41","-138.62",,,"1","4","2","5",,,"11",,,,,,,,,,,,"8",,,,,"9","252",,,,,,,,,,,,,"236","58","798","172","7","1","2","1","1FFFFF","1AAAAAAAA1AAAA","4",,,,
"5102585","2019-09-12T09:00:00","28.30","-139.21",,,"1","4","2","5",,,"11",,,,,,,,,,,,"8",,,,,"9","254",,,,,,,,,,,,,"236","89","798","172","7","0",,"1","1FFFFF","1AAAAAAAA1AAAA","4",,,,
"5102593","2019-09-12T09:00:00","21.30","-131.77",,,"1","4","2","5",,,"11",,,,,,,,,,,,"8",,,,,"9","256",,,,,,,,,,,,,"236","11","798","172","7","0",,"1","1FFFFF","1AAAAAAAA1AAAA","4",,,,
"4301571","2019-09-12T09:01:00","23.02","-132.99",,,"1","4","2","5",,,"11",,,,,,,,,"10171",,,"8",,,,,"9","244",,,,,,,,,,,,,"236","32","798","172","7","0",,"1","1FFF1F","1AAAA1AAA1AAAA","4",,,,
"4301567","2019-09-12T10:00:00","25.33","-133.13",,,"1","4","2","5",,,"11",,,,,,,,,"10182",,,"8",,,,,"9","238",,,,,,,,,,,,,"236","53","798","172","7","0",,"1","1FFF1F","1AAAA1AAA1AAAA","4",,,,
"4600616","2019-09-12T10:00:00","25.41","-138.62",,,"1","4","2","5",,,"11",,,,,,,,,,,,"8",,,,,"9","252",,,,,,,,,,,,,"236","58","798","172","7","1","2","1","1FFFFF","1AAAAAAAA1AAAA","4",,,,
"5102585","2019-09-12T10:00:00","28.30","-139.21",,,"1","4","2","5",,,"11",,,,,,,,,,,,"8",,,,,"9","254",,,,,,,,,,,,,"236","89","798","172","7","0",,"1","1FFFFF","1AAAAAAAA1AAAA","4",,,,
"5102593","2019-09-12T10:00:00","21.30","-131.77",,,"1","4","2","5",,,"11",,,,,,,,,,,,"8",,,,,"9","256",,,,,,,,,,,,,"236","11","798","172","7","0",,"1","1FFFFF","1AAAAAAAA1AAAA","4",,,,
"4301564","2019-09-12T10:01:00","29.87","-130.82",,,"1","4","2","5",,,"11",,,,,,,,,"10205",,,"8",,,,,"9","239",,,,,,,,,,,,,"236","90","798","172","7","0",,"1","1FFF1F","1AAAA1AAA1AAAA","4",,,,
"4301571","2019-09-12T10:04:00","23.02","-133.00",,,"1","4","2","5",,,"11",,,,,,,,,"10169",,,"8",,,,,"9","244",,,,,,,,,,,,,"236","33","798","172","7","0",,"1","1FFF1F","1AAAA1AAA1AAAA","4",,,,
"4301611","2019-09-12T10:04:00","24.26","-139.46",,,"1","4","2","5",,,"11",,,,,,,,,"10164",,,"8",,,,,"9","251",,,,,,,,,,,,,"236","49","798","172","7","0",,"1","1FFF1F","1AAAA1AAA1AAAA","4",,,,
"4301571","2019-09-12T11:00:00","23.01","-133.01",,,"1","4","2","5",,,"11",,,,,,,,,"10161",,,"8",,,,,"9","244",,,,,,,,,,,,,"236","33","798","172","7","0",,"1","1FFF1F","1AAAA1AAA1AAAA","4",,,,
"4600616","2019-09-12T11:00:00","25.40","-138.68",,,"1","4","2","5",,,"11",,,,,,,,,,,,"8",,,,,"9","252",,,,,,,,,,,,,"236","58","798","172","7","1","2","1","1FFFFF","1AAAAAAAA1AAAA","4",,,,
"5102585","2019-09-12T11:00:00","28.30","-139.21",,,"1","4","2","5",,,"11",,,,,,,,,,,,"8",,,,,"9","254",,,,,,,,,,,,,"236","89","798","172","7","0",,"1","1FFFFF","1AAAAAAAA1AAAA","4",,,,
"5102593","2019-09-12T11:00:00","21.29","-131.77",,,"1","4","2","5",,,"11",,,,,,,,,,,,"8",,,,,"9","255",,,,,,,,,,,,,"236","11","798","172","7","0",,"1","1FFFFF","1AAAAAAAA1AAAA","4",,,,
"4301567","2019-09-12T11:01:00","25.32","-133.14",,,"1","4","2","5",,,"11",,,,,,,,,"10174",,,"8",,,,,"9","238",,,,,,,,,,,,,"236","53","798","172","7","0",,"1","1FFF1F","1AAAA1AAA1AAAA","4",,,,
"4301611","2019-09-12T11:04:00","24.26","-139.47",,,"1","4","2","5",,,"11",,,,,,,,,"10164",,,"8",,,,,"9","251",,,,,,,,,,,,,"236","49","798","172","7","0",,"1","1FFF1F","1AAAA1AAA1AAAA","4",,,,
"4301564","2019-09-12T12:00:00","29.87","-130.82",,,"1","4","2","5",,,"11",,,,,,,,,"10198",,,"8",,,,,"9","239",,,,,,,,,,,,,"236","90","798","172","7","0",,"1","1FFF1F","1AAAA1AAA1AAAA","4",,,,
"4301567","2019-09-12T12:00:00","25.32","-133.14",,,"1","4","2","5",,,"11",,,,,,,,,"10171",,,"8",,,,,"9","238",,,,,,,,,,,,,"236","53","798","172","7","0",,"1","1FFF1F","1AAAA1AAA1AAAA","4",,,,
"4301571","2019-09-12T12:00:00","23.00","-133.01",,,"1","4","2","5",,,"11",,,,,,,,,"10158",,,"8",,,,,"9","244",,,,,,,,,,,,,"236","33","798","172","7","0",,"1","1FFF1F","1AAAA1AAA1AAAA","4",,,,
"4600616","2019-09-12T12:00:00","25.40","-138.69",,,"1","4","2","5",,,"11",,,,,,,,,,,,"8",,,,,"9","252",,,,,,,,,,,,,"236","58","798","172","7","1","2","1","1FFFFF","1AAAAAAAA1AAAA","4",,,,
"5102585","2019-09-12T12:00:00","28.30","-139.21",,,"1","4","2","5",,,"11",,,,,,,,,,,,"8",,,,,"9","253",,,,,,,,,,,,,"236","89","798","172","7","0",,"1","1FFFFF","1AAAAAAAA1AAAA","4",,,,
"5102593","2019-09-12T12:00:00","21.29","-131.78",,,"1","4","2","5",,,"11",,,,,,,,,,,,"8",,,,,"9","255",,,,,,,,,,,,,"236","11","798","172","7","0",,"1","1FFFFF","1AAAAAAAA1AAAA","4",,,,
"4301611","2019-09-12T12:04:00","24.25","-139.49",,,"1","4","2","5",,,"11",,,,,,,,,"10156",,,"8",,,,,"9","251",,,,,,,,,,,,,"236","49","798","172","7","0",,"1","1FFF1F","1AAAA1AAA1AAAA","4",,,,
"4301564","2019-09-12T13:00:00","29.88","-130.82",,,"1","4","2","5",,,"11",,,,,,,,,"10198",,,"8",,,,,"9","239",,,,,,,,,,,,,"236","90","798","172","7","0",,"1","1FFF1F","1AAAA1AAA1AAAA","4",,,,
"4301571","2019-09-12T13:00:00","23.00","-133.02",,,"1","4","2","5",,,"11",,,,,,,,,"10156",,,"8",,,,,"9","244",,,,,,,,,,,,,"236","33","798","172","7","0",,"1","1FFF1F","1AAAA1AAA1AAAA","4",,,,
"4301611","2019-09-12T13:00:00","24.26","-139.50",,,"1","4","2","5",,,"11",,,,,,,,,"10157",,,"8",,,,,"9","251",,,,,,,,,,,,,"236","49","798","172","7","0",,"1","1FFF1F","1AAAA1AAA1AAAA","4",,,,
"4600616","2019-09-12T13:00:00","25.40","-138.69",,,"1","4","2","5",,,"11",,,,,,,,,,,,"8",,,,,"9","252",,,,,,,,,,,,,"236","58","798","172","7","1","2","1","1FFFFF","1AAAAAAAA1AAAA","4",,,,
"5102585","2019-09-12T13:00:00","28.30","-139.21",,,"1","4","2","5",,,"11",,,,,,,,,,,,"8",,,,,"9","253",,,,,,,,,,,,,"236","89","798","172","7","0",,"1","1FFFFF","1AAAAAAAA1AAAA","4",,,,
"5102593","2019-09-12T13:00:00","21.29","-131.78",,,"1","4","2","5",,,"11",,,,,,,,,,,,"8",,,,,"9","255",,,,,,,,,,,,,"236","11","798","172","7","0",,"1","1FFFFF","1AAAAAAAA1AAAA","4",,,,
"4301567","2019-09-12T13:01:00","25.32","-133.14",,,"1","4","2","5",,,"11",,,,,,,,,"10173",,,"8",,,,,"9","238",,,,,,,,,,,,,"236","53","798","172","7","0",,"1","1FFF1F","1AAAA1AAA1AAAA","4",,,,
"4301564","2019-09-12T14:00:00","29.88","-130.82",,,"1","4","2","5",,,"11",,,,,,,,,"10203",,,"8",,,,,"9","239",,,,,,,,,,,,,"236","90","798","172","7","0",,"1","1FFF1F","1AAAA1AAA1AAAA","4",,,,
"4301567","2019-09-12T14:00:00","25.31","-133.14",,,"1","4","2","5",,,"11",,,,,,,,,"10176",,,"8",,,,,"9","238",,,,,,,,,,,,,"236","53","798","172","7","0",,"1","1FFF1F","1AAAA1AAA1AAAA","4",,,,
"4600616","2019-09-12T14:00:00","25.40","-138.68",,,"1","4","2","5",,,"11",,,,,,,,,,,,"8",,,,,"9","252",,,,,,,,,,,,,"236","58","798","172","7","1","2","1","1FFFFF","1AAAAAAAA1AAAA","4",,,,
"5102585","2019-09-12T14:00:00","28.30","-139.21",,,"1","4","2","5",,,"11",,,,,,,,,,,,"8",,,,,"9","253",,,,,,,,,,,,,"236","89","798","172","7","0",,"1","1FFFFF","1AAAAAAAA1AAAA","4",,,,
"5102593","2019-09-12T14:00:00","21.29","-131.79",,,"1","4","2","5",,,"11",,,,,,,,,,,,"8",,,,,"9","255",,,,,,,,,,,,,"236","11","798","172","7","0",,"1","1FFFFF","1AAAAAAAA1AAAA","4",,,,
"4301571","2019-09-12T14:03:00","22.99","-133.03",,,"1","4","2","5",,,"11",,,,,,,,,"10162",,,"8",,,,,"9","244",,,,,,,,,,,,,"236","23","798","172","7","0",,"1","1FFF1F","1AAAA1AAA1AAAA","4",,,,
"4301564","2019-09-12T15:00:00","29.88","-130.82",,,"1","4","2","5",,,"11",,,,,,,,,"10206",,,"8",,,,,"9","239",,,,,,,,,,,,,"236","90","798","172","7","0",,"2","1FFF1F","1AAAA1AAA1AAAA","4",,,,
"4301567","2019-09-12T15:00:00","25.31","-133.14",,,"1","4","2","5",,,"11",,,,,,,,,"10175",,,"8",,,,,"9","238",,,,,,,,,,,,,"236","53","798","172","7","0",,"2","1FFF1F","1AAAA1AAA1AAAA","4",,,,
"4600616","2019-09-12T15:00:00","25.39","-138.69",,,"1","4","2","5",,,"11",,,,,,,,,,,,"8",,,,,"9","252",,,,,,,,,,,,,"236","58","798","172","7","1","2","1","1FFFFF","1AAAAAAAA1AAAA","4",,,,
"5102585","2019-09-12T15:00:00","28.30","-139.20",,,"1","4","2","5",,,"11",,,,,,,,,,,,"8",,,,,"9","253",,,,,,,,,,,,,"236","89","798","172","7","0",,"1","1FFFFF","1AAAAAAAA1AAAA","4",,,,
"5102593","2019-09-12T15:00:00","21.29","-131.79",,,"1","4","2","5",,,"11",,,,,,,,,,,,"8",,,,,"9","255",,,,,,,,,,,,,"236","11","798","172","7","0",,"2","1FFFFF","1AAAAAAAA1AAAA","4",,,,
"4301611","2019-09-12T15:04:00","24.26","-139.52",,,"1","4","2","5",,,"11",,,,,,,,,"10163",,,"8",,,,,"9","251",,,,,,,,,,,,,"236","49","798","172","7","0",,"1","1FFF1F","1AAAA1AAA1AAAA","4",,,,
"4301564","2019-09-12T16:00:00","29.88","-130.82",,,"1","4","2","5",,,"11",,,,,,,,,"10210",,,"8",,,,,"9","239",,,,,,,,,,,,,"236","90","798","172","7","0",,"2","1FFF1F","1AAAA1AAA1AAAA","4",,,,
"4301567","2019-09-12T16:00:00","25.31","-133.14",,,"1","4","2","5",,,"11",,,,,,,,,"10181",,,"8",,,,,"9","238",,,,,,,,,,,,,"236","53","798","172","7","0",,"2","1FFF1F","1AAAA1AAA1AAAA","4",,,,
"4301571","2019-09-12T16:00:00","22.97","-133.04",,,"1","4","2","5",,,"11",,,,,,,,,"10170",,,"8",,,,,"9","244",,,,,,,,,,,,,"236","23","798","172","7","0",,"2","1FFF1F","1AAAA1AAA1AAAA","4",,,,
"4301611","2019-09-12T16:00:00","24.27","-139.53",,,"1","4","2","5",,,"11",,,,,,,,,"10163",,,"8",,,,,"9","251",,,,,,,,,,,,,"236","49","798","172","7","0",,"2","1FFF1F","1AAAA1AAA1AAAA","4",,,,
"4600616","2019-09-12T16:00:00","25.39","-138.71",,,"1","3","2","5",,,"11",,,,,,,,,,,,"0",,,,,,"252",,,,,,,,,,,,,"236","58","794","103","7","1","2","2","1FFFFF","1AAAAAAAA1AAAA","4",,,,
"5102585","2019-09-12T16:00:00","28.30","-139.20",,,"1","4","2","5",,,"11",,,,,,,,,,,,"8",,,,,"9","253",,,,,,,,,,,,,"236","89","798","172","7","0",,"2","1FFFFF","1AAAAAAAA1AAAA","4",,,,
"5102593","2019-09-12T16:00:00","21.29","-131.79",,,"1","4","2","5",,,"11",,,,,,,,,,,,"8",,,,,"9","255",,,,,,,,,,,,,"236","11","798","172","7","0",,"2","1FFFFF","1AAAAAAAA1AAAA","4",,,,
"4301567","2019-09-12T17:00:00","25.30","-133.14",,,"1","4","2","5",,,"11",,,,,,,,,"10187",,,"8",,,,,"9","238",,,,,,,,,,,,,"236","53","798","172","7","0",,"2","1FFF1F","1AAAA1AAA1AAAA","4",,,,
"4600616","2019-09-12T17:00:00","25.39","-138.70",,,"1","4","2","5",,,"11",,,,,,,,,,,,"8",,,,,"9","252",,,,,,,,,,,,,"236","58","798","172","7","1","2","2","1FFFFF","1AAAAAAAA1AAAA","4",,,,
"5102585","2019-09-12T17:00:00","28.29","-139.20",,,"1","4","2","5",,,"11",,,,,,,,,,,,"8",,,,,"9","253",,,,,,,,,,,,,"236","89","798","172","7","0",,"2","1FFFFF","1AAAAAAAA1AAAA","4",,,,
"5102593","2019-09-12T17:00:00","21.30","-131.79",,,"1","4","2","5",,,"11",,,,,,,,,,,,"8",,,,,"9","255",,,,,,,,,,,,,"236","11","798","172","7","0",,"2","1FFFFF","1AAAAAAAA1AAAA","4",,,,
"4301564","2019-09-12T17:01:00","29.89","-130.82",,,"1","4","2","5",,,"11",,,,,,,,,"10212",,,"8",,,,,"9","239",,,,,,,,,,,,,"236","90","798","172","7","0",,"2","1FFF1F","1AAAA1AAA1AAAA","4",,,,
"4301611","2019-09-12T17:02:00","24.27","-139.54",,,"1","4","2","5",,,"11",,,,,,,,,"10171",,,"8",,,,,"9","251",,,,,,,,,,,,,"236","49","798","172","7","0",,"2","1FFF1F","1AAAA1AAA1AAAA","4",,,,
"4301567","2019-09-12T18:00:00","25.29","-133.14",,,"1","4","2","5",,,"11",,,,,,,,,"10189",,,"8",,,,,"9","238",,,,,,,,,,,,,"236","53","798","172","7","0",,"2","1FFF1F","1AAAA1AAA1AAAA","4",,,,
"4301571","2019-09-12T18:00:00","22.95","-133.06",,,"1","4","2","5",,,"11",,,,,,,,,"10180",,,"8",,,,,"9","244",,,,,,,,,,,,,"236","23","798","172","7","0",,"2","1FFF1F","1AAAA1AAA1AAAA","4",,,,
"4301611","2019-09-12T18:00:00","24.28","-139.55",,,"1","4","2","5",,,"11",,,,,,,,,"10172",,,"8",,,,,"9","251",,,,,,,,,,,,,"236","49","798","172","7","0",,"2","1FFF1F","1AAAA1AAA1AAAA","4",,,,
"4600616","2019-09-12T18:00:00","25.39","-138.71",,,"1","4","2","5",,,"11",,,,,,,,,,,,"8",,,,,"9","252",,,,,,,,,,,,,"236","58","798","172","7","1","2","2","1FFFFF","1AAAAAAAA1AAAA","4",,,,
"5102585","2019-09-12T18:00:00","28.29","-139.20",,,"1","4","2","5",,,"11",,,,,,,,,,,,"8",,,,,"9","254",,,,,,,,,,,,,"236","89","798","172","7","0",,"2","1FFFFF","1AAAAAAAA1AAAA","4",,,,
"5102593","2019-09-12T18:00:00","21.30","-131.79",,,"1","4","2","5",,,"11",,,,,,,,,,,,"8",,,,,"9","255",,,,,,,,,,,,,"236","11","798","172","7","0",,"2","1FFFFF","1AAAAAAAA1AAAA","4",,,,
"4301564","2019-09-12T18:02:00","29.89","-130.81",,,"1","4","2","5",,,"11",,,,,,,,,"10217",,,"8",,,,,"9","239",,,,,,,,,,,,,"236","90","798","172","7","0",,"2","1FFF1F","1AAAA1AAA1AAAA","4",,,,
"4301564","2019-09-12T19:00:00","29.89","-130.81",,,"1","4","2","5",,,"11",,,,,,,,,"10214",,,"8",,,,,"9","240",,,,,,,,,,,,,"236","90","798","172","7","0",,"2","1FFF1F","1AAAA1AAA1AAAA","4",,,,
"4301567","2019-09-12T19:00:00","25.29","-133.14",,,"1","4","2","5",,,"11",,,,,,,,,"10190",,,"8",,,,,"9","238",,,,,,,,,,,,,"236","53","798","172","7","0",,"2","1FFF1F","1AAAA1AAA1AAAA","4",,,,
"4301611","2019-09-12T19:00:00","24.28","-139.56",,,"1","4","2","5",,,"11",,,,,,,,,"10171",,,"8",,,,,"9","252",,,,,,,,,,,,,"236","49","798","172","7","0",,"2","1FFF1F","1AAAA1AAA1AAAA","4",,,,
"4600616","2019-09-12T19:00:00","25.38","-138.73",,,"1","4","2","5",,,"11",,,,,,,,,,,,"8",,,,,"9","252",,,,,,,,,,,,,"236","58","798","172","7","1","2","2","1FFFFF","1AAAAAAAA1AAAA","4",,,,
"5102585","2019-09-12T19:00:00","28.28","-139.20",,,"1","4","2","5",,,"11",,,,,,,,,,,,"8",,,,,"9","254",,,,,,,,,,,,,"236","89","798","172","7","0",,"2","1FFFFF","1AAAAAAAA1AAAA","4",,,,
"5102593","2019-09-12T19:00:00","21.30","-131.79",,,"1","4","2","5",,,"11",,,,,,,,,,,,"8",,,,,"9","255",,,,,,,,,,,,,"236","11","798","172","7","0",,"2","1FFFFF","1AAAAAAAA1AAAA","4",,,,
"4301571","2019-09-12T19:03:00","22.94","-133.07",,,"1","4","2","5",,,"11",,,,,,,,,"10179",,,"8",,,,,"9","244",,,,,,,,,,,,,"236","23","798","172","7","0",,"2","1FFF1F","1AAAA1AAA1AAAA","4",,,,
"4301564","2019-09-12T20:00:00","29.89","-130.81",,,"1","4","2","5",,,"11",,,,,,,,,"10210",,,"8",,,,,"9","240",,,,,,,,,,,,,"236","90","798","172","7","0",,"2","1FFF1F","1AAAA1AAA1AAAA","4",,,,
"4301567","2019-09-12T20:00:00","25.28","-133.14",,,"1","4","2","5",,,"11",,,,,,,,,"10190",,,"8",,,,,"9","238",,,,,,,,,,,,,"236","53","798","172","7","0",,"2","1FFF1F","1AAAA1AAA1AAAA","4",,,,
"4301571","2019-09-12T20:00:00","22.94","-133.08",,,"1","4","2","5",,,"11",,,,,,,,,"10178",,,"8",,,,,"9","244",,,,,,,,,,,,,"236","23","798","172","7","0",,"2","1FFF1F","1AAAA1AAA1AAAA","4",,,,
"4600616","2019-09-12T20:00:00","25.38","-138.74",,,"1","4","2","5",,,"11",,,,,,,,,,,,"8",,,,,"9","252",,,,,,,,,,,,,"236","58","798","172","7","1","2","2","1FFFFF","1AAAAAAAA1AAAA","4",,,,
"5102585","2019-09-12T20:00:00","28.28","-139.21",,,"1","4","2","5",,,"11",,,,,,,,,,,,"8",,,,,"9","254",,,,,,,,,,,,,"236","89","798","172","7","0",,"2","1FFFFF","1AAAAAAAA1AAAA","4",,,,
"5102593","2019-09-12T20:00:00","21.29","-131.79",,,"1","4","2","5",,,"11",,,,,,,,,,,,"8",,,,,"9","255",,,,,,,,,,,,,"236","11","798","172","7","0",,"2","1FFFFF","1AAAAAAAA1AAAA","4",,,,
"4301567","2019-09-12T21:00:00","25.27","-133.15",,,"1","4","2","5",,,"11",,,,,,,,,"10187",,,"8",,,,,"9","238",,,,,,,,,,,,,"236","53","798","172","7","0",,"2","1FFF1F","1AAAA1AAA1AAAA","4",,,,
"4600616","2019-09-12T21:00:00","25.38","-138.74",,,"1","4","2","5",,,"11",,,,,,,,,,,,"8",,,,,"9","252",,,,,,,,,,,,,"236","58","798","172","7","1","2","2","1FFFFF","1AAAAAAAA1AAAA","4",,,,
"5102585","2019-09-12T21:00:00","28.28","-139.21",,,"1","4","2","5",,,"11",,,,,,,,,,,,"8",,,,,"9","254",,,,,,,,,,,,,"236","89","798","172","7","0",,"2","1FFFFF","1AAAAAAAA1AAAA","4",,,,
"5102593","2019-09-12T21:00:00","21.29","-131.79",,,"1","4","2","5",,,"11",,,,,,,,,,,,"8",,,,,"9","256",,,,,,,,,,,,,"236","11","798","172","7","0",,"2","1FFFFF","1AAAAAAAA1AAAA","4",,,,
"4301564","2019-09-12T21:04:00","29.89","-130.82",,,"1","4","2","5",,,"11",,,,,,,,,"10208",,,"8",,,,,"9","240",,,,,,,,,,,,,"236","90","798","172","7","0",,"2","1FFF1F","1AAAA1AAA1AAAA","4",,,,
"4301571","2019-09-12T21:04:00","22.94","-133.09",,,"1","4","2","5",,,"11",,,,,,,,,"10173",,,"8",,,,,"9","245",,,,,,,,,,,,,"236","23","798","172","7","0",,"2","1FFF1F","1AAAA1AAA1AAAA","4",,,,
"4301611","2019-09-12T21:04:00","24.30","-139.56",,,"1","4","2","5",,,"11",,,,,,,,,"10169",,,"8",,,,,"9","253",,,,,,,,,,,,,"236","49","798","172","7","0",,"2","1FFF1F","1AAAA1AAA1AAAA","4",,,,
"4301571","2019-09-12T22:00:00","22.93","-133.09",,,"1","4","2","5",,,"11",,,,,,,,,"10166",,,"8",,,,,"9","245",,,,,,,,,,,,,"236","23","798","172","7","0",,"2","1FFF1F","1AAAA1AAA1AAAA","4",,,,
"4301611","2019-09-12T22:00:00","24.30","-139.57",,,"1","4","2","5",,,"11",,,,,,,,,"10168",,,"8",,,,,"9","253",,,,,,,,,,,,,"236","49","798","172","7","0",,"2","1FFF1F","1AAAA1AAA1AAAA","4",,,,
"4600616","2019-09-12T22:00:00","25.38","-138.74",,,"1","4","2","5",,,"11",,,,,,,,,,,,"8",,,,,"9","253",,,,,,,,,,,,,"236","58","798","172","7","1","2","2","1FFFFF","1AAAAAAAA1AAAA","4",,,,
"5102585","2019-09-12T22:00:00","28.27","-139.21",,,"1","4","2","5",,,"11",,,,,,,,,,,,"8",,,,,"9","254",,,,,,,,,,,,,"236","89","798","172","7","0",,"2","1FFFFF","1AAAAAAAA1AAAA","4",,,,
"5102593","2019-09-12T22:00:00","21.29","-131.80",,,"1","4","2","5",,,"11",,,,,,,,,,,,"8",,,,,"9","256",,,,,,,,,,,,,"236","11","798","172","7","0",,"2","1FFFFF","1AAAAAAAA1AAAA","4",,,,
"4301567","2019-09-12T22:02:00","25.27","-133.15",,,"1","4","2","5",,,"11",,,,,,,,,"10180",,,"8",,,,,"9","239",,,,,,,,,,,,,"236","53","798","172","7","0",,"2","1FFF1F","1AAAA1AAA1AAAA","4",,,,
"4301567","2019-09-12T23:00:00","25.26","-133.15",,,"1","4","2","5",,,"11",,,,,,,,,"10173",,,"8",,,,,"9","239",,,,,,,,,,,,,"236","53","798","172","7","0",,"2","1FFF1F","1AAAA1AAA1AAAA","4",,,,
"4301571","2019-09-12T23:00:00","22.92","-133.10",,,"1","4","2","5",,,"11",,,,,,,,,"10156",,,"8",,,,,"9","246",,,,,,,,,,,,,"236","23","798","172","7","0",,"2","1FFF1F","1AAAA1AAA1AAAA","4",,,,
"4301611","2019-09-12T23:00:00","24.30","-139.57",,,"1","4","2","5",,,"11",,,,,,,,,"10161",,,"8",,,,,"9","253",,,,,,,,,,,,,"236","49","798","172","7","0",,"2","1FFF1F","1AAAA1AAA1AAAA","4",,,,
"4600616","2019-09-12T23:00:00","25.37","-138.78",,,"1","4","2","5",,,"11",,,,,,,,,,,,"8",,,,,"9","253",,,,,,,,,,,,,"236","58","798","172","7","1","2","2","1FFFFF","1AAAAAAAA1AAAA","4",,,,
"5102585","2019-09-12T23:00:00","28.27","-139.22",,,"1","4","2","5",,,"11",,,,,,,,,,,,"8",,,,,"9","254",,,,,,,,,,,,,"236","89","798","172","7","0",,"2","1FFFFF","1AAAAAAAA1AAAA","4",,,,
"5102593","2019-09-12T23:00:00","21.28","-131.80",,,"1","4","2","5",,,"11",,,,,,,,,,,,"8",,,,,"9","256",,,,,,,,,,,,,"236","11","798","172","7","0",,"2","1FFFFF","1AAAAAAAA1AAAA","4",,,,
"4301567","2019-09-13T00:00:00","25.25","-133.16",,,"1","4","2","5",,,"11",,,,,,,,,"10169",,,"8",,,,,"9","240",,,,,,,,,,,,,"236","53","798","172","7","0",,"2","1FFF1F","1AAAA1AAA1AAAA","4",,,,
"4301571","2019-09-13T00:00:00","22.91","-133.10",,,"1","4","2","5",,,"11",,,,,,,,,"10155",,,"8",,,,,"9","245",,,,,,,,,,,,,"236","23","798","172","7","0",,"2","1FFF1F","1AAAA1AAA1AAAA","4",,,,
"4301611","2019-09-13T00:00:00","24.30","-139.57",,,"1","4","2","5",,,"11",,,,,,,,,"10158",,,"8",,,,,"9","253",,,,,,,,,,,,,"236","49","798","172","7","0",,"2","1FFF1F","1AAAA1AAA1AAAA","4",,,,
"4600616","2019-09-13T00:00:00","25.37","-138.78",,,"1","4","2","5",,,"11",,,,,,,,,,,,"8",,,,,"9","253",,,,,,,,,,,,,"236","58","798","172","7","1","2","2","1FFFFF","1AAAAAAAA1AAAA","4",,,,
"5102585","2019-09-13T00:00:00","28.26","-139.23",,,"1","4","2","5",,,"11",,,,,,,,,,,,"8",,,,,"9","254",,,,,,,,,,,,,"236","89","798","172","7","0",,"2","1FFFFF","1AAAAAAAA1AAAA","4",,,,
"5102593","2019-09-13T00:00:00","21.28","-131.81",,,"1","4","2","5",,,"11",,,,,,,,,,,,"8",,,,,"9","256",,,,,,,,,,,,,"236","11","798","172","7","0",,"2","1FFFFF","1AAAAAAAA1AAAA","4",,,,
"4301567","2019-09-13T01:00:00","25.25","-133.16",,,"1","4","2","5",,,"11",,,,,,,,,"10170",,,"8",,,,,"9","240",,,,,,,,,,,,,"236","53","798","172","7","0",,"2","1FFF1F","1AAAA1AAA1AAAA","4",,,,
"4301611","2019-09-13T01:00:00","24.30","-139.58",,,"1","4","2","5",,,"11",,,,,,,,,"10159",,,"8",,,,,"9","253",,,,,,,,,,,,,"236","49","798","172","7","0",,"2","1FFF1F","1AAAA1AAA1AAAA","4",,,,
"4600616","2019-09-13T01:00:00","25.37","-138.78",,,"1","4","2","5",,,"11",,,,,,,,,,,,"8",,,,,"9","252",,,,,,,,,,,,,"236","58","798","172","7","1","2","2","1FFFFF","1AAAAAAAA1AAAA","4",,,,
"5102585","2019-09-13T01:00:00","28.26","-139.23",,,"1","4","2","5",,,"11",,,,,,,,,,,,"8",,,,,"9","254",,,,,,,,,,,,,"236","89","798","172","7","0",,"2","1FFFFF","1AAAAAAAA1AAAA","4",,,,
"5102593","2019-09-13T01:00:00","21.28","-131.82",,,"1","4","2","5",,,"11",,,,,,,,,,,,"8",,,,,"9","256",,,,,,,,,,,,,"236","11","798","172","7","0",,"2","1FFFFF","1AAAAAAAA1AAAA","4",,,,
"4301564","2019-09-13T01:04:00","29.87","-130.80",,,"1","4","2","5",,,"11",,,,,,,,,"10193",,,"8",,,,,"9","241",,,,,,,,,,,,,"236","90","798","172","7","0",,"2","1FFF1F","1AAAA1AAA1AAAA","4",,,,
"4301568","2019-09-13T01:04:00","29.58","-131.07",,,"1","4","2","5",,,"11",,,,,,,,,"10194",,,"8",,,,,"9","241",,,,,,,,,,,,,"236","91","798","172","7","0",,"2","1FFF1F","1AAAA1AAA1AAAA","4",,,,
"4301564","2019-09-13T02:00:00","29.87","-130.80",,,"1","4","2","5",,,"11",,,,,,,,,"10195",,,"8",,,,,"9","241",,,,,,,,,,,,,"236","90","798","172","7","0",,"2","1FFF1F","1AAAA1AAA1AAAA","4",,,,
"4301567","2019-09-13T02:00:00","25.24","-133.16",,,"1","4","2","5",,,"11",,,,,,,,,"10171",,,"8",,,,,"9","239",,,,,,,,,,,,,"236","53","798","172","7","0",,"2","1FFF1F","1AAAA1AAA1AAAA","4",,,,
"4301571","2019-09-13T02:00:00","22.90","-133.11",,,"1","4","2","5",,,"11",,,,,,,,,"10154",,,"8",,,,,"9","245",,,,,,,,,,,,,"236","23","798","172","7","0",,"2","1FFF1F","1AAAA1AAA1AAAA","4",,,,
"4301611","2019-09-13T02:00:00","24.30","-139.58",,,"1","4","2","5",,,"11",,,,,,,,,"10160",,,"8",,,,,"9","253",,,,,,,,,,,,,"236","49","798","172","7","0",,"2","1FFF1F","1AAAA1AAA1AAAA","4",,,,
"4600616","2019-09-13T02:00:00","25.37","-138.78",,,"1","4","2","5",,,"11",,,,,,,,,,,,"8",,,,,"9","252",,,,,,,,,,,,,"236","58","798","172","7","1","2","2","1FFFFF","1AAAAAAAA1AAAA","4",,,,
"5102585","2019-09-13T02:00:00","28.26","-139.24",,,"1","4","2","5",,,"11",,,,,,,,,,,,"8",,,,,"9","254",,,,,,,,,,,,,"236","89","798","172","7","0",,"2","1FFFFF","1AAAAAAAA1AAAA","4",,,,
"5102593","2019-09-13T02:00:00","21.28","-131.82",,,"1","4","2","5",,,"11",,,,,,,,,,,,"8",,,,,"9","256",,,,,,,,,,,,,"236","11","798","172","7","0",,"2","1FFFFF","1AAAAAAAA1AAAA","4",,,,
"4301564","2019-09-13T03:00:00","29.87","-130.81",,,"1","4","2","5",,,"11",,,,,,,,,"10196",,,"8",,,,,"9","240",,,,,,,,,,,,,"236","90","798","172","7","0",,"1","1FFF1F","1AAAA1AAA1AAAA","4",,,,
"4301567","2019-09-13T03:00:00","25.24","-133.16",,,"1","4","2","5",,,"11",,,,,,,,,"10174",,,"8",,,,,"9","239",,,,,,,,,,,,,"236","53","798","172","7","0",,"1","1FFF1F","1AAAA1AAA1AAAA","4",,,,
"4301571","2019-09-13T03:00:00","22.89","-133.11",,,"1","4","2","5",,,"11",,,,,,,,,"10161",,,"8",,,,,"9","245",,,,,,,,,,,,,"236","23","798","172","7","0",,"1","1FFF1F","1AAAA1AAA1AAAA","4",,,,
"4301611","2019-09-13T03:00:00","24.30","-139.58",,,"1","4","2","5",,,"11",,,,,,,,,"10163",,,"8",,,,,"9","252",,,,,,,,,,,,,"236","49","798","172","7","0",,"2","1FFF1F","1AAAA1AAA1AAAA","4",,,,
"4600616","2019-09-13T03:00:00","25.37","-138.79",,,"1","4","2","5",,,"11",,,,,,,,,,,,"8",,,,,"9","252",,,,,,,,,,,,,"236","58","798","172","7","1","2","2","1FFFFF","1AAAAAAAA1AAAA","4",,,,
"5102585","2019-09-13T03:00:00","28.26","-139.24",,,"1","4","2","5",,,"11",,,,,,,,,,,,"8",,,,,"9","254",,,,,,,,,,,,,"236","89","798","172","7","0",,"2","1FFFFF","1AAAAAAAA1AAAA","4",,,,
"5102593","2019-09-13T03:00:00","21.29","-131.83",,,"1","4","2","5",,,"11",,,,,,,,,,,,"8",,,,,"9","256",,,,,,,,,,,,,"236","11","798","172","7","0",,"1","1FFFFF","1AAAAAAAA1AAAA","4",,,,
"4301568","2019-09-13T03:01:00","29.57","-131.08",,,"1","4","2","5",,,"11",,,,,,,,,"10196",,,"8",,,,,"9","240",,,,,,,,,,,,,"236","91","798","172","7","0",,"1","1FFF1F","1AAAA1AAA1AAAA","4",,,,
"4301611","2019-09-13T04:00:00","24.31","-139.59",,,"1","4","2","5",,,"11",,,,,,,,,"10169",,,"8",,,,,"9","252",,,,,,,,,,,,,"236","49","798","172","7","0",,"1","1FFF1F","1AAAA1AAA1AAAA","4",,,,
"4600616","2019-09-13T04:00:00","25.37","-138.79",,,"1","4","2","5",,,"11",,,,,,,,,,,,"8",,,,,"9","252",,,,,,,,,,,,,"236","58","798","172","7","1","2","1","1FFFFF","1AAAAAAAA1AAAA","4",,,,
"5102585","2019-09-13T04:00:00","28.26","-139.25",,,"1","4","2","5",,,"11",,,,,,,,,,,,"8",,,,,"9","254",,,,,,,,,,,,,"236","89","798","172","7","0",,"1","1FFFFF","1AAAAAAAA1AAAA","4",,,,
"5102593","2019-09-13T04:00:00","21.29","-131.83",,,"1","4","2","5",,,"11",,,,,,,,,,,,"8",,,,,"9","256",,,,,,,,,,,,,"236","11","798","172","7","0",,"1","1FFFFF","1AAAAAAAA1AAAA","4",,,,
"4301564","2019-09-13T04:01:00","29.86","-130.82",,,"1","4","2","5",,,"11",,,,,,,,,"10200",,,"8",,,,,"9","240",,,,,,,,,,,,,"236","90","798","172","7","0",,"1","1FFF1F","1AAAA1AAA1AAAA","4",,,,
"4301567","2019-09-13T04:04:00","25.24","-133.17",,,"1","4","2","5",,,"11",,,,,,,,,"10180",,,"8",,,,,"9","239",,,,,,,,,,,,,"236","53","798","172","7","0",,"1","1FFF1F","1AAAA1AAA1AAAA","4",,,,
"4301571","2019-09-13T04:04:00","22.89","-133.11",,,"1","4","2","5",,,"11",,,,,,,,,"10166",,,"8",,,,,"9","245",,,,,,,,,,,,,"236","23","798","172","7","0",,"1","1FFF1F","1AAAA1AAA1AAAA","4",,,,
"4301564","2019-09-13T05:00:00","29.87","-130.82",,,"1","4","2","5",,,"11",,,,,,,,,"10203",,,"8",,,,,"9","240",,,,,,,,,,,,,"236","90","798","172","7","0",,"1","1FFF1F","1AAAA1AAA1AAAA","4",,,,
"4301567","2019-09-13T05:00:00","25.24","-133.17",,,"1","4","2","5",,,"11",,,,,,,,,"10183",,,"8",,,,,"9","239",,,,,,,,,,,,,"236","53","798","172","7","0",,"1","1FFF1F","1AAAA1AAA1AAAA","4",,,,
"4301611","2019-09-13T05:00:00","24.31","-139.59",,,"1","4","2","5",,,"11",,,,,,,,,"10175",,,"8",,,,,"9","252",,,,,,,,,,,,,"236","49","798","172","7","0",,"1","1FFF1F","1AAAA1AAA1AAAA","4",,,,
"4600616","2019-09-13T05:00:00","25.36","-138.79",,,"1","4","2","5",,,"11",,,,,,,,,,,,"8",,,,,"9","252",,,,,,,,,,,,,"236","58","798","172","7","1","2","1","1FFFFF","1AAAAAAAA1AAAA","4",,,,
"5102585","2019-09-13T05:00:00","28.26","-139.25",,,"1","4","2","5",,,"11",,,,,,,,,,,,"8",,,,,"9","254",,,,,,,,,,,,,"236","89","798","172","7","0",,"1","1FFFFF","1AAAAAAAA1AAAA","4",,,,
"5102593","2019-09-13T05:00:00","21.30","-131.83",,,"1","4","2","5",,,"11",,,,,,,,,,,,"8",,,,,"9","256",,,,,,,,,,,,,"236","11","798","172","7","0",,"1","1FFFFF","1AAAAAAAA1AAAA","4",,,,
"4301571","2019-09-13T05:04:00","22.88","-133.12",,,"1","4","2","5",,,"11",,,,,,,,,"10172",,,"8",,,,,"9","244",,,,,,,,,,,,,"236","23","798","172","7","0",,"1","1FFF1F","1AAAA1AAA1AAAA","4",,,,
"4301564","2019-09-13T06:00:00","29.87","-130.82",,,"1","4","2","5",,,"11",,,,,,,,,"10207",,,"8",,,,,"9","240",,,,,,,,,,,,,"236","90","798","172","7","0",,"1","1FFF1F","1AAAA1AAA1AAAA","4",,,,
"4301567","2019-09-13T06:00:00","25.24","-133.17",,,"1","4","2","5",,,"11",,,,,,,,,"10187",,,"8",,,,,"9","239",,,,,,,,,,,,,"236","53","798","172","7","0",,"1","1FFF1F","1AAAA1AAA1AAAA","4",,,,
"4301611","2019-09-13T06:00:00","24.31","-139.60",,,"1","4","2","5",,,"11",,,,,,,,,"10179",,,"8",,,,,"9","252",,,,,,,,,,,,,"236","49","798","172","7","0",,"1","1FFF1F","1AAAA1AAA1AAAA","4",,,,
"4600616","2019-09-13T06:00:00","25.34","-138.81",,,"1","4","2","5",,,"11",,,,,,,,,,,,"8",,,,,"9","252",,,,,,,,,,,,,"236","58","798","172","7","1","2","1","1FFFFF","1AAAAAAAA1AAAA","4",,,,
"5102585","2019-09-13T06:00:00","28.26","-139.26",,,"1","4","2","5",,,"11",,,,,,,,,,,,"8",,,,,"9","254",,,,,,,,,,,,,"236","89","798","172","7","0",,"1","1FFFFF","1AAAAAAAA1AAAA","4",,,,
"5102593","2019-09-13T06:00:00","21.30","-131.83",,,"1","4","2","5",,,"11",,,,,,,,,,,,"8",,,,,"9","256",,,,,,,,,,,,,"236","11","798","172","7","0",,"1","1FFFFF","1AAAAAAAA1AAAA","4",,,,
"WDH6745","2019-09-13T06:00:00","29.80","-133.30",,,"1","6","2","5","6","5","1",,"30","4","51","1","98","2",,"10240","2","15","8","228",,"200","184","1","272","4",,"A","A","A","A",,"7","2","33","11","4","236","93","798","172","5","1","2","1","511111","1111A111111111",,"5",,,
"4301571","2019-09-13T06:01:00","22.88","-133.13",,,"1","4","2","5",,,"11",,,,,,,,,"10174",,,"8",,,,,"9","244",,,,,,,,,,,,,"236","23","798","172","7","0",,"1","1FFF1F","1AAAA1AAA1AAAA","4",,,,
"4301568","2019-09-13T06:04:00","29.57","-131.10",,,"1","4","2","5",,,"11",,,,,,,,,"10208",,,"8",,,,,"9","239",,,,,,,,,,,,,"236","91","798","172","7","0",,"1","1FFF1F","1AAAA1AAA1AAAA","4",,,,
"4301564","2019-09-13T07:00:00","29.88","-130.83",,,"1","4","2","5",,,"11",,,,,,,,,"10206",,,"8",,,,,"9","240",,,,,,,,,,,,,"236","90","798","172","7","0",,"1","1FFF1F","1AAAA1AAA1AAAA","4",,,,
"4301567","2019-09-13T07:00:00","25.23","-133.17",,,"1","4","2","5",,,"11",,,,,,,,,"10187",,,"8",,,,,"9","239",,,,,,,,,,,,,"236","53","798","172","7","0",,"1","1FFF1F","1AAAA1AAA1AAAA","4",,,,
"4301568","2019-09-13T07:00:00","29.58","-131.11",,,"1","4","2","5",,,"11",,,,,,,,,"10207",,,"8",,,,,"9","239",,,,,,,,,,,,,"236","91","798","172","7","0",,"1","1FFF1F","1AAAA1AAA1AAAA","4",,,,
"4301571","2019-09-13T07:00:00","22.87","-133.13",,,"1","4","2","5",,,"11",,,,,,,,,"10174",,,"8",,,,,"9","244",,,,,,,,,,,,,"236","23","798","172","7","0",,"1","1FFF1F","1AAAA1AAA1AAAA","4",,,,
"4301611","2019-09-13T07:00:00","24.31","-139.60",,,"1","4","2","5",,,"11",,,,,,,,,"10177",,,"8",,,,,"9","252",,,,,,,,,,,,,"236","49","798","172","7","0",,"1","1FFF1F","1AAAA1AAA1AAAA","4",,,,
"4600616","2019-09-13T07:00:00","25.33","-138.82",,,"1","4","2","5",,,"11",,,,,,,,,,,,"8",,,,,"9","252",,,,,,,,,,,,,"236","58","798","172","7","1","2","1","1FFFFF","1AAAAAAAA1AAAA","4",,,,
"5102585","2019-09-13T07:00:00","28.26","-139.27",,,"1","4","2","5",,,"11",,,,,,,,,,,,"8",,,,,"9","254",,,,,,,,,,,,,"236","89","798","172","7","0",,"1","1FFFFF","1AAAAAAAA1AAAA","4",,,,
"5102593","2019-09-13T07:00:00","21.30","-131.83",,,"1","4","2","5",,,"11",,,,,,,,,,,,"8",,,,,"9","256",,,,,,,,,,,,,"236","11","798","172","7","0",,"1","1FFFFF","1AAAAAAAA1AAAA","4",,,,
"4301564","2019-09-13T08:00:00","29.88","-130.83",,,"1","4","2","5",,,"11",,,,,,,,,"10205",,,"8",,,,,"9","240",,,,,,,,,,,,,"236","90","798","172","7","0",,"1","1FFF1F","1AAAA1AAA1AAAA","4",,,,
"4301567","2019-09-13T08:00:00","25.22","-133.17",,,"1","4","2","5",,,"11",,,,,,,,,"10187",,,"8",,,,,"9","238",,,,,,,,,,,,,"236","53","798","172","7","0",,"1","1FFF1F","1AAAA1AAA1AAAA","4",,,,
"4301611","2019-09-13T08:00:00","24.31","-139.61",,,"1","4","2","5",,,"11",,,,,,,,,"10177",,,"8",,,,,"9","252",,,,,,,,,,,,,"236","49","798","172","7","0",,"1","1FFF1F","1AAAA1AAA1AAAA","4",,,,
"4600616","2019-09-13T08:00:00","25.33","-138.82",,,"1","4","2","5",,,"11",,,,,,,,,,,,"8",,,,,"9","252",,,,,,,,,,,,,"236","58","798","172","7","1","2","1","1FFFFF","1AAAAAAAA1AAAA","4",,,,
"5102585","2019-09-13T08:00:00","28.26","-139.27",,,"1","4","2","5",,,"11",,,,,,,,,,,,"8",,,,,"9","254",,,,,,,,,,,,,"236","89","798","172","7","0",,"1","1FFFFF","1AAAAAAAA1AAAA","4",,,,
"5102593","2019-09-13T08:00:00","21.30","-131.83",,,"1","4","2","5",,,"11",,,,,,,,,,,,"8",,,,,"9","256",,,,,,,,,,,,,"236","11","798","172","7","0",,"1","1FFFFF","1AAAAAAAA1AAAA","4",,,,
"4301568","2019-09-13T08:04:00","29.58","-131.11",,,"1","4","2","5",,,"11",,,,,,,,,"10206",,,"8",,,,,"9","239",,,,,,,,,,,,,"236","91","798","172","7","0",,"1","1FFF1F","1AAAA1AAA1AAAA","4",,,,
"4301571","2019-09-13T08:04:00","22.86","-133.13",,,"1","4","2","5",,,"11",,,,,,,,,"10173",,,"8",,,,,"9","244",,,,,,,,,,,,,"236","23","798","172","7","0",,"1","1FFF1F","1AAAA1AAA1AAAA","4",,,,
"4301564","2019-09-13T09:00:00","29.88","-130.83",,,"1","4","2","5",,,"11",,,,,,,,,"10199",,,"8",,,,,"9","240",,,,,,,,,,,,,"236","90","798","172","7","0",,"1","1FFF1F","1AAAA1AAA1AAAA","4",,,,
"4600616","2019-09-13T09:00:00","25.33","-138.82",,,"1","4","2","5",,,"11",,,,,,,,,,,,"8",,,,,"9","252",,,,,,,,,,,,,"236","58","798","172","7","1","2","1","1FFFFF","1AAAAAAAA1AAAA","4",,,,
"5102585","2019-09-13T09:00:00","28.27","-139.28",,,"1","4","2","5",,,"11",,,,,,,,,,,,"8",,,,,"9","254",,,,,,,,,,,,,"236","89","798","172","7","0",,"1","1FFFFF","1AAAAAAAA1AAAA","4",,,,
"5102593","2019-09-13T09:00:00","21.30","-131.83",,,"1","4","2","5",,,"11",,,,,,,,,,,,"8",,,,,"9","255",,,,,,,,,,,,,"236","11","798","172","7","0",,"1","1FFFFF","1AAAAAAAA1AAAA","4",,,,
"4301567","2019-09-13T09:01:00","25.21","-133.17",,,"1","4","2","5",,,"11",,,,,,,,,"10184",,,"8",,,,,"9","238",,,,,,,,,,,,,"236","53","798","172","7","0",,"1","1FFF1F","1AAAA1AAA1AAAA","4",,,,
"4301611","2019-09-13T09:01:00","24.31","-139.61",,,"1","4","2","5",,,"11",,,,,,,,,"10175",,,"8",,,,,"9","252",,,,,,,,,,,,,"236","49","798","172","7","0",,"1","1FFF1F","1AAAA1AAA1AAAA","4",,,,
"4301568","2019-09-13T09:03:00","29.59","-131.12",,,"1","4","2","5",,,"11",,,,,,,,,"10199",,,"8",,,,,"9","239",,,,,,,,,,,,,"236","91","798","172","7","0",,"1","1FFF1F","1AAAA1AAA1AAAA","4",,,,
"4301571","2019-09-13T09:04:00","22.85","-133.14",,,"1","4","2","5",,,"11",,,,,,,,,"10170",,,"8",,,,,"9","244",,,,,,,,,,,,,"236","23","798","172","7","0",,"1","1FFF1F","1AAAA1AAA1AAAA","4",,,,
"4301564","2019-09-13T10:00:00","29.88","-130.83",,,"1","4","2","5",,,"11",,,,,,,,,"10196",,,"8",,,,,"9","240",,,,,,,,,,,,,"236","90","798","172","7","0",,"1","1FFF1F","1AAAA1AAA1AAAA","4",,,,
"4301567","2019-09-13T10:00:00","25.21","-133.17",,,"1","4","2","5",,,"11",,,,,,,,,"10182",,,"8",,,,,"9","238",,,,,,,,,,,,,"236","53","798","172","7","0",,"1","1FFF1F","1AAAA1AAA1AAAA","4",,,,
"4301611","2019-09-13T10:00:00","24.31","-139.62",,,"1","4","2","5",,,"11",,,,,,,,,"10171",,,"8",,,,,"9","252",,,,,,,,,,,,,"236","49","798","172","7","0",,"1","1FFF1F","1AAAA1AAA1AAAA","4",,,,
"4600616","2019-09-13T10:00:00","25.33","-138.82",,,"1","4","2","5",,,"11",,,,,,,,,,,,"8",,,,,"9","251",,,,,,,,,,,,,"236","58","798","172","7","1","2","1","1FFFFF","1AAAAAAAA1AAAA","4",,,,
"5102585","2019-09-13T10:00:00","28.27","-139.28",,,"1","4","2","5",,,"11",,,,,,,,,,,,"8",,,,,"9","254",,,,,,,,,,,,,"236","89","798","172","7","0",,"1","1FFFFF","1AAAAAAAA1AAAA","4",,,,
"5102593","2019-09-13T10:00:00","21.30","-131.83",,,"1","4","2","5",,,"11",,,,,,,,,,,,"8",,,,,"9","255",,,,,,,,,,,,,"236","11","798","172","7","0",,"1","1FFFFF","1AAAAAAAA1AAAA","4",,,,
"4301571","2019-09-13T10:01:00","22.84","-133.14",,,"1","4","2","5",,,"11",,,,,,,,,"10166",,,"8",,,,,"9","245",,,,,,,,,,,,,"236","23","798","172","7","0",,"1","1FFF1F","1AAAA1AAA1AAAA","4",,,,
"4301568","2019-09-13T10:04:00","29.60","-131.12",,,"1","4","2","5",,,"11",,,,,,,,,"10196",,,"8",,,,,"9","239",,,,,,,,,,,,,"236","91","798","172","7","0",,"1","1FFF1F","1AAAA1AAA1AAAA","4",,,,
"4301564","2019-09-13T11:00:00","29.88","-130.83",,,"1","4","2","5",,,"11",,,,,,,,,"10190",,,"8",,,,,"9","239",,,,,,,,,,,,,"236","90","798","172","7","0",,"1","1FFF1F","1AAAA1AAA1AAAA","4",,,,
"4301567","2019-09-13T11:00:00","25.20","-133.17",,,"1","4","2","5",,,"11",,,,,,,,,"10173",,,"8",,,,,"9","238",,,,,,,,,,,,,"236","53","798","172","7","0",,"1","1FFF1F","1AAAA1AAA1AAAA","4",,,,
"4301571","2019-09-13T11:00:00","22.83","-133.15",,,"1","4","2","5",,,"11",,,,,,,,,"10160",,,"8",,,,,"9","244",,,,,,,,,,,,,"236","23","798","172","7","0",,"1","1FFF1F","1AAAA1AAA1AAAA","4",,,,
"4301611","2019-09-13T11:00:00","24.30","-139.62",,,"1","4","2","5",,,"11",,,,,,,,,"10166",,,"8",,,,,"9","252",,,,,,,,,,,,,"236","49","798","172","7","0",,"1","1FFF1F","1AAAA1AAA1AAAA","4",,,,
"4600616","2019-09-13T11:00:00","25.30","-138.90",,,"1","4","2","5",,,"11",,,,,,,,,,,,"8",,,,,"9","251",,,,,,,,,,,,,"236","58","798","172","7","1","2","1","1FFFFF","1AAAAAAAA1AAAA","4",,,,
"5102585","2019-09-13T11:00:00","28.27","-139.28",,,"1","4","2","5",,,"11",,,,,,,,,,,,"8",,,,,"9","253",,,,,,,,,,,,,"236","89","798","172","7","0",,"1","1FFFFF","1AAAAAAAA1AAAA","4",,,,
"5102593","2019-09-13T11:00:00","21.30","-131.83",,,"1","4","2","5",,,"11",,,,,,,,,,,,"8",,,,,"9","255",,,,,,,,,,,,,"236","11","798","172","7","0",,"1","1FFFFF","1AAAAAAAA1AAAA","4",,,,
"4301564","2019-09-13T12:00:00","29.88","-130.83",,,"1","4","2","5",,,"11",,,,,,,,,"10188",,,"8",,,,,"9","239",,,,,,,,,,,,,"236","90","798","172","7","0",,"1","1FFF1F","1AAAA1AAA1AAAA","4",,,,
"4301567","2019-09-13T12:00:00","25.19","-133.18",,,"1","4","2","5",,,"11",,,,,,,,,"10168",,,"8",,,,,"9","238",,,,,,,,,,,,,"236","53","798","172","7","0",,"1","1FFF1F","1AAAA1AAA1AAAA","4",,,,
"4301571","2019-09-13T12:00:00","22.83","-133.16",,,"1","4","2","5",,,"11",,,,,,,,,"10155",,,"8",,,,,"9","244",,,,,,,,,,,,,"236","23","798","172","7","0",,"1","1FFF1F","1AAAA1AAA1AAAA","4",,,,
"4301611","2019-09-13T12:00:00","24.30","-139.63",,,"1","4","2","5",,,"11",,,,,,,,,"10160",,,"8",,,,,"9","252",,,,,,,,,,,,,"236","49","798","172","7","0",,"1","1FFF1F","1AAAA1AAA1AAAA","4",,,,
"4600616","2019-09-13T12:00:00","25.30","-138.90",,,"1","4","2","5",,,"11",,,,,,,,,,,,"8",,,,,"9","251",,,,,,,,,,,,,"236","58","798","172","7","1","2","1","1FFFFF","1AAAAAAAA1AAAA","4",,,,
"5102585","2019-09-13T12:00:00","28.27","-139.27",,,"1","4","2","5",,,"11",,,,,,,,,,,,"8",,,,,"9","253",,,,,,,,,,,,,"236","89","798","172","7","0",,"1","1FFFFF","1AAAAAAAA1AAAA","4",,,,
"5102593","2019-09-13T12:00:00","21.29","-131.83",,,"1","4","2","5",,,"11",,,,,,,,,,,,"8",,,,,"9","255",,,,,,,,,,,,,"236","11","798","172","7","0",,"1","1FFFFF","1AAAAAAAA1AAAA","4",,,,
"WDH6745","2019-09-13T12:00:00","29.30","-135.70",,,"1","6","2","5","6","5","1",,"70","4","51","1","98","3",,"10220","4","0","8","227",,"200","184","1","277","6",,"A","A","3","A",,"2","1","35","4","3","236","95","798","172","5","1","2","1","511111","1111A111111111",,"5",,,
"WDJ3199","2019-09-13T12:00:00","29.80","-136.20",,,"1","4","0","0","6","5","1","0","100","3","57",,"98","2","2","10210","4","0","0","230","0","195","174","3","250","3","3","2","5","6","A",,"3","0",,,,"236","96","992","114","5","1","2","1","111111","111111111111A1",,,"1","2","4"
"4301564","2019-09-13T13:00:00","29.89","-130.83",,,"1","4","2","5",,,"11",,,,,,,,,"10191",,,"8",,,,,"9","239",,,,,,,,,,,,,"236","90","798","172","7","0",,"1","1FFF1F","1AAAA1AAA1AAAA","4",,,,
"4301567","2019-09-13T13:00:00","25.18","-133.18",,,"1","4","2","5",,,"11",,,,,,,,,"10173",,,"8",,,,,"9","238",,,,,,,,,,,,,"236","53","798","172","7","0",,"1","1FFF1F","1AAAA1AAA1AAAA","4",,,,
"4301571","2019-09-13T13:00:00","22.82","-133.17",,,"1","4","2","5",,,"11",,,,,,,,,"10157",,,"8",,,,,"9","244",,,,,,,,,,,,,"236","23","798","172","7","0",,"1","1FFF1F","1AAAA1AAA1AAAA","4",,,,
"4301611","2019-09-13T13:00:00","24.30","-139.64",,,"1","4","2","5",,,"11",,,,,,,,,"10161",,,"8",,,,,"9","252",,,,,,,,,,,,,"236","49","798","172","7","0",,"1","1FFF1F","1AAAA1AAA1AAAA","4",,,,
"4600616","2019-09-13T13:00:00","25.33","-138.82",,,"1","4","2","5",,,"11",,,,,,,,,,,,"8",,,,,"9","251",,,,,,,,,,,,,"236","58","798","172","7","1","2","1","1FFFFF","1AAAAAAAA1AAAA","4",,,,
"5102585","2019-09-13T13:00:00","28.26","-139.27",,,"1","4","2","5",,,"11",,,,,,,,,,,,"8",,,,,"9","253",,,,,,,,,,,,,"236","89","798","172","7","0",,"1","1FFFFF","1AAAAAAAA1AAAA","4",,,,
"5102593","2019-09-13T13:00:00","21.29","-131.83",,,"1","4","2","5",,,"11",,,,,,,,,,,,"8",,,,,"9","255",,,,,,,,,,,,,"236","11","798","172","7","0",,"1","1FFFFF","1AAAAAAAA1AAAA","4",,,,
"4301564","2019-09-13T14:00:00","29.89","-130.83",,,"1","4","2","5",,,"11",,,,,,,,,"10192",,,"8",,,,,"9","239",,,,,,,,,,,,,"236","90","798","172","7","0",,"1","1FFF1F","1AAAA1AAA1AAAA","4",,,,
"4301567","2019-09-13T14:00:00","25.18","-133.18",,,"1","4","2","5",,,"11",,,,,,,,,"10177",,,"8",,,,,"9","237",,,,,,,,,,,,,"236","53","798","172","7","0",,"1","1FFF1F","1AAAA1AAA1AAAA","4",,,,
"4301611","2019-09-13T14:00:00","24.30","-139.64",,,"1","4","2","5",,,"11",,,,,,,,,"10167",,,"8",,,,,"9","251",,,,,,,,,,,,,"236","49","798","172","7","0",,"1","1FFF1F","1AAAA1AAA1AAAA","4",,,,
"4600616","2019-09-13T14:00:00","25.30","-138.89",,,"1","4","2","5",,,"11",,,,,,,,,,,,"8",,,,,"9","251",,,,,,,,,,,,,"236","58","798","172","7","1","2","1","1FFFFF","1AAAAAAAA1AAAA","4",,,,
"5102585","2019-09-13T14:00:00","28.26","-139.27",,,"1","4","2","5",,,"11",,,,,,,,,,,,"8",,,,,"9","253",,,,,,,,,,,,,"236","89","798","172","7","0",,"1","1FFFFF","1AAAAAAAA1AAAA","4",,,,
"5102593","2019-09-13T14:00:00","21.29","-131.83",,,"1","4","2","5",,,"11",,,,,,,,,,,,"8",,,,,"9","254",,,,,,,,,,,,,"236","11","798","172","7","0",,"1","1FFFFF","1AAAAAAAA1AAAA","4",,,,
"4301571","2019-09-13T14:02:00","22.81","-133.18",,,"1","4","2","5",,,"11",,,,,,,,,"10162",,,"8",,,,,"9","244",,,,,,,,,,,,,"236","23","798","172","7","0",,"1","1FFF1F","1AAAA1AAA1AAAA","4",,,,
"4301568","2019-09-13T14:04:00","29.62","-131.12",,,"1","4","2","5",,,"11",,,,,,,,,"10194",,,"8",,,,,"9","238",,,,,,,,,,,,,"236","91","798","172","7","0",,"1","1FFF1F","1AAAA1AAA1AAAA","4",,,,
"4301567","2019-09-13T15:00:00","25.18","-133.18",,,"1","4","2","5",,,"11",,,,,,,,,"10182",,,"8",,,,,"9","237",,,,,,,,,,,,,"236","53","798","172","7","0",,"2","1FFF1F","1AAAA1AAA1AAAA","4",,,,
"4301571","2019-09-13T15:00:00","22.81","-133.18",,,"1","4","2","5",,,"11",,,,,,,,,"10165",,,"8",,,,,"9","244",,,,,,,,,,,,,"236","23","798","172","7","0",,"2","1FFF1F","1AAAA1AAA1AAAA","4",,,,
"4301611","2019-09-13T15:00:00","24.30","-139.65",,,"1","4","2","5",,,"11",,,,,,,,,"10168",,,"8",,,,,"9","251",,,,,,,,,,,,,"236","49","798","172","7","0",,"1","1FFF1F","1AAAA1AAA1AAAA","4",,,,
"4600616","2019-09-13T15:00:00","25.30","-138.89",,,"1","4","2","5",,,"11",,,,,,,,,,,,"8",,,,,"9","251",,,,,,,,,,,,,"236","58","798","172","7","1","2","1","1FFFFF","1AAAAAAAA1AAAA","4",,,,
"5102585","2019-09-13T15:00:00","28.26","-139.27",,,"1","4","2","5",,,"11",,,,,,,,,,,,"8",,,,,"9","253",,,,,,,,,,,,,"236","89","798","172","7","0",,"1","1FFFFF","1AAAAAAAA1AAAA","4",,,,
"5102593","2019-09-13T15:00:00","21.29","-131.83",,,"1","4","2","5",,,"11",,,,,,,,,,,,"8",,,,,"9","254",,,,,,,,,,,,,"236","11","798","172","7","0",,"2","1FFFFF","1AAAAAAAA1AAAA","4",,,,
"4301564","2019-09-13T15:04:00","29.89","-130.82",,,"1","4","2","5",,,"11",,,,,,,,,"10194",,,"8",,,,,"9","240",,,,,,,,,,,,,"236","90","798","172","7","0",,"2","1FFF1F","1AAAA1AAA1AAAA","4",,,,
"4301568","2019-09-13T15:04:00","29.63","-131.13",,,"1","4","2","5",,,"11",,,,,,,,,"10196",,,"8",,,,,"9","238",,,,,,,,,,,,,"236","91","798","172","7","0",,"2","1FFF1F","1AAAA1AAA1AAAA","4",,,,
"4301564","2019-09-13T16:00:00","29.90","-130.82",,,"1","4","2","5",,,"11",,,,,,,,,"10196",,,"8",,,,,"9","240",,,,,,,,,,,,,"236","90","798","172","7","0",,"2","1FFF1F","1AAAA1AAA1AAAA","4",,,,
"4301567","2019-09-13T16:00:00","25.17","-133.18",,,"1","4","2","5",,,"11",,,,,,,,,"10185",,,"8",,,,,"9","237",,,,,,,,,,,,,"236","53","798","172","7","0",,"2","1FFF1F","1AAAA1AAA1AAAA","4",,,,
"4301571","2019-09-13T16:00:00","22.81","-133.19",,,"1","4","2","5",,,"11",,,,,,,,,"10169",,,"8",,,,,"9","244",,,,,,,,,,,,,"236","23","798","172","7","0",,"2","1FFF1F","1AAAA1AAA1AAAA","4",,,,
"4301611","2019-09-13T16:00:00","24.30","-139.66",,,"1","4","2","5",,,"11",,,,,,,,,"10174",,,"8",,,,,"9","251",,,,,,,,,,,,,"236","49","798","172","7","0",,"2","1FFF1F","1AAAA1AAA1AAAA","4",,,,
"4600616","2019-09-13T16:00:00","25.29","-138.92",,,"1","4","2","5",,,"11",,,,,,,,,,,,"8",,,,,"9","251",,,,,,,,,,,,,"236","58","798","172","7","1","2","2","1FFFFF","1AAAAAAAA1AAAA","4",,,,
"5102585","2019-09-13T16:00:00","28.26","-139.27",,,"1","4","2","5",,,"11",,,,,,,,,,,,"8",,,,,"9","253",,,,,,,,,,,,,"236","89","798","172","7","0",,"2","1FFFFF","1AAAAAAAA1AAAA","4",,,,
"5102593","2019-09-13T16:00:00","21.29","-131.83",,,"1","4","2","5",,,"11",,,,,,,,,,,,"8",,,,,"9","254",,,,,,,,,,,,,"236","11","798","172","7","0",,"2","1FFFFF","1AAAAAAAA1AAAA","4",,,,
"4301568","2019-09-13T16:04:00","29.63","-131.12",,,"1","4","2","5",,,"11",,,,,,,,,"10199",,,"8",,,,,"9","238",,,,,,,,,,,,,"236","91","798","172","7","0",,"2","1FFF1F","1AAAA1AAA1AAAA","4",,,,
"4301564","2019-09-13T17:00:00","29.90","-130.82",,,"1","4","2","5",,,"11",,,,,,,,,"10201",,,"8",,,,,"9","240",,,,,,,,,,,,,"236","90","798","172","7","0",,"2","1FFF1F","1AAAA1AAA1AAAA","4",,,,
"4301567","2019-09-13T17:00:00","25.17","-133.19",,,"1","4","2","5",,,"11",,,,,,,,,"10190",,,"8",,,,,"9","237",,,,,,,,,,,,,"236","53","798","172","7","0",,"2","1FFF1F","1AAAA1AAA1AAAA","4",,,,
"4301571","2019-09-13T17:00:00","22.80","-133.20",,,"1","4","2","5",,,"11",,,,,,,,,"10175",,,"8",,,,,"9","244",,,,,,,,,,,,,"236","23","798","172","7","0",,"2","1FFF1F","1AAAA1AAA1AAAA","4",,,,
"4301611","2019-09-13T17:00:00","24.31","-139.67",,,"1","4","2","5",,,"11",,,,,,,,,"10179",,,"8",,,,,"9","251",,,,,,,,,,,,,"236","49","798","172","7","0",,"2","1FFF1F","1AAAA1AAA1AAAA","4",,,,
"4600616","2019-09-13T17:00:00","25.28","-138.94",,,"1","4","2","5",,,"11",,,,,,,,,,,,"8",,,,,"9","251",,,,,,,,,,,,,"236","58","798","172","7","1","2","2","1FFFFF","1AAAAAAAA1AAAA","4",,,,
"5102585","2019-09-13T17:00:00","28.25","-139.27",,,"1","4","2","5",,,"11",,,,,,,,,,,,"8",,,,,"9","253",,,,,,,,,,,,,"236","89","798","172","7","0",,"2","1FFFFF","1AAAAAAAA1AAAA","4",,,,
"5102593","2019-09-13T17:00:00","21.29","-131.83",,,"1","4","2","5",,,"11",,,,,,,,,,,,"8",,,,,"9","254",,,,,,,,,,,,,"236","11","798","172","7","0",,"2","1FFFFF","1AAAAAAAA1AAAA","4",,,,
"4301568","2019-09-13T17:04:00","29.64","-131.11",,,"1","4","2","5",,,"11",,,,,,,,,"10202",,,"8",,,,,"9","238",,,,,,,,,,,,,"236","91","798","172","7","0",,"2","1FFF1F","1AAAA1AAA1AAAA","4",,,,
"4301564","2019-09-13T18:00:00","29.90","-130.81",,,"1","4","2","5",,,"11",,,,,,,,,"10203",,,"8",,,,,"9","240",,,,,,,,,,,,,"236","90","798","172","7","0",,"2","1FFF1F","1AAAA1AAA1AAAA","4",,,,
"4301567","2019-09-13T18:00:00","25.17","-133.19",,,"1","4","2","5",,,"11",,,,,,,,,"10189",,,"8",,,,,"9","238",,,,,,,,,,,,,"236","53","798","172","7","0",,"2","1FFF1F","1AAAA1AAA1AAAA","4",,,,
"4301571","2019-09-13T18:00:00","22.80","-133.20",,,"1","4","2","5",,,"11",,,,,,,,,"10175",,,"8",,,,,"9","244",,,,,,,,,,,,,"236","23","798","172","7","0",,"2","1FFF1F","1AAAA1AAA1AAAA","4",,,,
"4600616","2019-09-13T18:00:00","25.28","-138.94",,,"1","4","2","5",,,"11",,,,,,,,,,,,"8",,,,,"9","251",,,,,,,,,,,,,"236","58","798","172","7","1","2","2","1FFFFF","1AAAAAAAA1AAAA","4",,,,
"5102585","2019-09-13T18:00:00","28.25","-139.28",,,"1","4","2","5",,,"11",,,,,,,,,,,,"8",,,,,"9","253",,,,,,,,,,,,,"236","89","798","172","7","0",,"2","1FFFFF","1AAAAAAAA1AAAA","4",,,,
"5102593","2019-09-13T18:00:00","21.29","-131.83",,,"1","4","2","5",,,"11",,,,,,,,,,,,"8",,,,,"9","254",,,,,,,,,,,,,"236","11","798","172","7","0",,"2","1FFFFF","1AAAAAAAA1AAAA","4",,,,
"WDJ3199","2019-09-13T18:00:00","29.10","-138.50",,,"1","6","2","5","5","5","1",,,,,,,,,"10220","2","10","8","250",,"225","212","3","259",,,"A",,"A","A",,,,,,,"236","98","798","172","5","1","2","2","31FF11","1AAAA111118AA1",,"5",,,
"WFLH","2019-09-13T18:00:00","29.30","-136.80",,,"1","6","2","5","1","3","1",,"90","4","67","1","98","3","1","10212","1","2","8","239",,,"181","0","239","6","4","1","3","3","5",,"3","1","17","15","2","236","96","798","172","5","1","2","2","111111","1111111A111131",,"5",,"1",
"4301611","2019-09-13T18:04:00","24.31","-139.68",,,"1","4","2","5",,,"11",,,,,,,,,"10184",,,"8",,,,,"9","252",,,,,,,,,,,,,"236","49","798","172","7","0",,"2","1FFF1F","1AAAA1AAA1AAAA","4",,,,
"4301567","2019-09-13T19:00:00","25.16","-133.19",,,"1","4","2","5",,,"11",,,,,,,,,"10186",,,"8",,,,,"9","238",,,,,,,,,,,,,"236","53","798","172","7","0",,"2","1FFF1F","1AAAA1AAA1AAAA","4",,,,
"4301571","2019-09-13T19:00:00","22.80","-133.20",,,"1","4","2","5",,,"11",,,,,,,,,"10174",,,"8",,,,,"9","244",,,,,,,,,,,,,"236","23","798","172","7","0",,"2","1FFF1F","1AAAA1AAA1AAAA","4",,,,
"4600616","2019-09-13T19:00:00","25.28","-138.95",,,"1","4","2","5",,,"11",,,,,,,,,,,,"8",,,,,"9","252",,,,,,,,,,,,,"236","58","798","172","7","1","2","2","1FFFFF","1AAAAAAAA1AAAA","4",,,,
"5102585","2019-09-13T19:00:00","28.25","-139.28",,,"1","4","2","5",,,"11",,,,,,,,,,,,"8",,,,,"9","254",,,,,,,,,,,,,"236","89","798","172","7","0",,"2","1FFFFF","1AAAAAAAA1AAAA","4",,,,
"5102593","2019-09-13T19:00:00","21.29","-131.83",,,"1","4","2","5",,,"11",,,,,,,,,,,,"8",,,,,"9","255",,,,,,,,,,,,,"236","11","798","172","7","0",,"2","1FFFFF","1AAAAAAAA1AAAA","4",,,,
"4301564","2019-09-13T19:04:00","29.89","-130.81",,,"1","4","2","5",,,"11",,,,,,,,,"10201",,,"8",,,,,"9","240",,,,,,,,,,,,,"236","90","798","172","7","0",,"2","1FFF1F","1AAAA1AAA1AAAA","4",,,,
"4301564","2019-09-13T20:00:00","29.89","-130.80",,,"1","4","2","5",,,"11",,,,,,,,,"10198",,,"8",,,,,"9","240",,,,,,,,,,,,,"236","90","798","172","7","0",,"2","1FFF1F","1AAAA1AAA1AAAA","4",,,,
"4301567","2019-09-13T20:00:00","25.16","-133.20",,,"1","4","2","5",,,"11",,,,,,,,,"10183",,,"8",,,,,"9","238",,,,,,,,,,,,,"236","53","798","172","7","0",,"2","1FFF1F","1AAAA1AAA1AAAA","4",,,,
"4301571","2019-09-13T20:00:00","22.80","-133.21",,,"1","4","2","5",,,"11",,,,,,,,,"10168",,,"8",,,,,"9","245",,,,,,,,,,,,,"236","23","798","172","7","0",,"2","1FFF1F","1AAAA1AAA1AAAA","4",,,,
"4600616","2019-09-13T20:00:00","25.27","-138.96",,,"1","4","2","5",,,"11",,,,,,,,,,,,"8",,,,,"9","252",,,,,,,,,,,,,"236","58","798","172","7","1","2","2","1FFFFF","1AAAAAAAA1AAAA","4",,,,
"5102585","2019-09-13T20:00:00","28.24","-139.28",,,"1","4","2","5",,,"11",,,,,,,,,,,,"8",,,,,"9","254",,,,,,,,,,,,,"236","89","798","172","7","0",,"2","1FFFFF","1AAAAAAAA1AAAA","4",,,,
"5102593","2019-09-13T20:00:00","21.28","-131.84",,,"1","4","2","5",,,"11",,,,,,,,,,,,"8",,,,,"9","255",,,,,,,,,,,,,"236","11","798","172","7","0",,"2","1FFFFF","1AAAAAAAA1AAAA","4",,,,
"4301568","2019-09-13T20:04:00","29.65","-131.10",,,"1","4","2","5",,,"11",,,,,,,,,"10200",,,"8",,,,,"9","239",,,,,,,,,,,,,"236","91","798","172","7","0",,"2","1FFF1F","1AAAA1AAA1AAAA","4",,,,
"4301564","2019-09-13T21:00:00","29.89","-130.80",,,"1","4","2","5",,,"11",,,,,,,,,"10193",,,"8",,,,,"9","240",,,,,,,,,,,,,"236","90","798","172","7","0",,"2","1FFF1F","1AAAA1AAA1AAAA","4",,,,
"4301567","2019-09-13T21:00:00","25.16","-133.20",,,"1","4","2","5",,,"11",,,,,,,,,"10180",,,"8",,,,,"9","239",,,,,,,,,,,,,"236","53","798","172","7","0",,"2","1FFF1F","1AAAA1AAA1AAAA","4",,,,
"4301568","2019-09-13T21:00:00","29.65","-131.10",,,"1","4","2","5",,,"11",,,,,,,,,"10193",,,"8",,,,,"9","240",,,,,,,,,,,,,"236","91","798","172","7","0",,"2","1FFF1F","1AAAA1AAA1AAAA","4",,,,
"4301571","2019-09-13T21:00:00","22.79","-133.21",,,"1","4","2","5",,,"11",,,,,,,,,"10165",,,"8",,,,,"9","245",,,,,,,,,,,,,"236","23","798","172","7","0",,"2","1FFF1F","1AAAA1AAA1AAAA","4",,,,
"4600616","2019-09-13T21:00:00","25.27","-138.96",,,"1","4","2","5",,,"11",,,,,,,,,,,,"8",,,,,"9","252",,,,,,,,,,,,,"236","58","798","172","7","1","2","2","1FFFFF","1AAAAAAAA1AAAA","4",,,,
"5102585","2019-09-13T21:00:00","28.24","-139.29",,,"1","4","2","5",,,"11",,,,,,,,,,,,"8",,,,,"9","255",,,,,,,,,,,,,"236","89","798","172","7","0",,"2","1FFFFF","1AAAAAAAA1AAAA","4",,,,
"5102593","2019-09-13T21:00:00","21.28","-131.84",,,"1","4","2","5",,,"11",,,,,,,,,,,,"8",,,,,"9","256",,,,,,,,,,,,,"236","11","798","172","7","0",,"2","1FFFFF","1AAAAAAAA1AAAA","4",,,,
"4301611","2019-09-13T21:03:00","24.31","-139.70",,,"1","4","2","5",,,"11",,,,,,,,,"10183",,,"8",,,,,"9","253",,,,,,,,,,,,,"236","49","798","172","7","0",,"2","1FFF1F","1AAAA1AAA1AAAA","4",,,,
"4301567","2019-09-13T22:00:00","25.15","-133.20",,,"1","4","2","5",,,"11",,,,,,,,,"10177",,,"8",,,,,"9","239",,,,,,,,,,,,,"236","53","798","172","7","0",,"2","1FFF1F","1AAAA1AAA1AAAA","4",,,,
"4301568","2019-09-13T22:00:00","29.66","-131.09",,,"1","4","2","5",,,"11",,,,,,,,,"10187",,,"8",,,,,"9","240",,,,,,,,,,,,,"236","91","798","172","7","0",,"2","1FFF1F","1AAAA1AAA1AAAA","4",,,,
"4301571","2019-09-13T22:00:00","22.79","-133.22",,,"1","4","2","5",,,"11",,,,,,,,,"10160",,,"8",,,,,"9","246",,,,,,,,,,,,,"236","23","798","172","7","0",,"2","1FFF1F","1AAAA1AAA1AAAA","4",,,,
"4301611","2019-09-13T22:00:00","24.31","-139.71",,,"1","4","2","5",,,"11",,,,,,,,,"10178",,,"8",,,,,"9","253",,,,,,,,,,,,,"236","49","798","172","7","0",,"2","1FFF1F","1AAAA1AAA1AAAA","4",,,,
"4600616","2019-09-13T22:00:00","25.27","-138.96",,,"1","4","2","5",,,"11",,,,,,,,,,,,"8",,,,,"9","252",,,,,,,,,,,,,"236","58","798","172","7","1","2","2","1FFFFF","1AAAAAAAA1AAAA","4",,,,
"5102585","2019-09-13T22:00:00","28.23","-139.29",,,"1","4","2","5",,,"11",,,,,,,,,,,,"8",,,,,"9","255",,,,,,,,,,,,,"236","89","798","172","7","0",,"2","1FFFFF","1AAAAAAAA1AAAA","4",,,,
"5102593","2019-09-13T22:00:00","21.28","-131.84",,,"1","4","2","5",,,"11",,,,,,,,,,,,"8",,,,,"9","256",,,,,,,,,,,,,"236","11","798","172","7","0",,"2","1FFFFF","1AAAAAAAA1AAAA","4",,,,
"WDJ3199","2019-09-13T22:00:00","28.60","-140.00",,,"1","6","2","5","6","5","1",,"100","3","62","1","98","2","0","10210","4","0","8","270",,"220","193","3","260","3","3","1","5","0","0",,"3","1","16","10","2","235","80","798","172","5","1","2","2","131111","11111111111111",,"5",,"0",
"4301564","2019-09-13T22:04:00","29.87","-130.80",,,"1","4","2","5",,,"11",,,,,,,,,"10188",,,"8",,,,,"9","241",,,,,,,,,,,,,"236","90","798","172","7","0",,"2","1FFF1F","1AAAA1AAA1AAAA","4",,,,
"4301564","2019-09-13T23:00:00","29.87","-130.80",,,"1","4","2","5",,,"11",,,,,,,,,"10181",,,"8",,,,,"9","241",,,,,,,,,,,,,"236","90","798","172","7","0",,"2","1FFF1F","1AAAA1AAA1AAAA","4",,,,
"4301567","2019-09-13T23:00:00","25.15","-133.20",,,"1","4","2","5",,,"11",,,,,,,,,"10174",,,"8",,,,,"9","239",,,,,,,,,,,,,"236","53","798","172","7","0",,"2","1FFF1F","1AAAA1AAA1AAAA","4",,,,
"4301568","2019-09-13T23:00:00","29.65","-131.08",,,"1","4","2","5",,,"11",,,,,,,,,"10183",,,"8",,,,,"9","240",,,,,,,,,,,,,"236","91","798","172","7","0",,"2","1FFF1F","1AAAA1AAA1AAAA","4",,,,
"4301611","2019-09-13T23:00:00","24.31","-139.71",,,"1","4","2","5",,,"11",,,,,,,,,"10174",,,"8",,,,,"9","253",,,,,,,,,,,,,"236","49","798","172","7","0",,"2","1FFF1F","1AAAA1AAA1AAAA","4",,,,
"4600616","2019-09-13T23:00:00","25.26","-139.02",,,"1","4","2","5",,,"11",,,,,,,,,,,,"8",,,,,"9","253",,,,,,,,,,,,,"236","59","798","172","7","1","2","2","1FFFFF","1AAAAAAAA1AAAA","4",,,,
"5102585","2019-09-13T23:00:00","28.23","-139.30",,,"1","4","2","5",,,"11",,,,,,,,,,,,"8",,,,,"9","255",,,,,,,,,,,,,"236","89","798","172","7","0",,"2","1FFFFF","1AAAAAAAA1AAAA","4",,,,
"5102593","2019-09-13T23:00:00","21.27","-131.84",,,"1","4","2","5",,,"11",,,,,,,,,,,,"8",,,,,"9","256",,,,,,,,,,,,,"236","11","798","172","7","0",,"2","1FFFFF","1AAAAAAAA1AAAA","4",,,,
"4301571","2019-09-13T23:01:00","22.79","-133.22",,,"1","4","2","5",,,"11",,,,,,,,,"10158",,,"8",,,,,"9","246",,,,,,,,,,,,,"236","23","798","172","7","0",,"2","1FFF1F","1AAAA1AAA1AAAA","4",,,,
"4301564","2019-09-14T00:00:00","29.87","-130.80",,,"1","4","2","5",,,"11",,,,,,,,,"10178",,,"8",,,,,"9","241",,,,,,,,,,,,,"236","90","798","172","7","0",,"2","1FFF1F","1AAAA1AAA1AAAA","4",,,,
"4301568","2019-09-14T00:00:00","29.65","-131.08",,,"1","4","2","5",,,"11",,,,,,,,,"10178",,,"8",,,,,"9","240",,,,,,,,,,,,,"236","91","798","172","7","0",,"2","1FFF1F","1AAAA1AAA1AAAA","4",,,,
"4301571","2019-09-14T00:00:00","22.79","-133.23",,,"1","4","2","5",,,"11",,,,,,,,,"10154",,,"8",,,,,"9","246",,,,,,,,,,,,,"236","23","798","172","7","0",,"2","1FFF1F","1AAAA1AAA1AAAA","4",,,,
"4301611","2019-09-14T00:00:00","24.31","-139.72",,,"1","4","2","5",,,"11",,,,,,,,,"10170",,,"8",,,,,"9","254",,,,,,,,,,,,,"236","49","798","172","7","0",,"2","1FFF1F","1AAAA1AAA1AAAA","4",,,,
"4600616","2019-09-14T00:00:00","25.26","-139.02",,,"1","4","2","5",,,"11",,,,,,,,,,,,"8",,,,,"9","253",,,,,,,,,,,,,"236","59","798","172","7","1","2","2","1FFFFF","1AAAAAAAA1AAAA","4",,,,
"5102585","2019-09-14T00:00:00","28.23","-139.30",,,"1","4","2","5",,,"11",,,,,,,,,,,,"8",,,,,"9","255",,,,,,,,,,,,,"236","89","798","172","7","0",,"2","1FFFFF","1AAAAAAAA1AAAA","4",,,,
"5102593","2019-09-14T00:00:00","21.27","-131.85",,,"1","4","2","5",,,"11",,,,,,,,,,,,"8",,,,,"9","256",,,,,,,,,,,,,"236","11","798","172","7","0",,"2","1FFFFF","1AAAAAAAA1AAAA","4",,,,
"4301567","2019-09-14T00:01:00","25.14","-133.20",,,"1","4","2","5",,,"11",,,,,,,,,"10171",,,"8",,,,,"9","239",,,,,,,,,,,,,"236","53","798","172","7","0",,"2","1FFF1F","1AAAA1AAA1AAAA","4",,,,
"4301564","2019-09-14T01:00:00","29.86","-130.81",,,"1","4","2","5",,,"11",,,,,,,,,"10180",,,"8",,,,,"9","240",,,,,,,,,,,,,"236","90","798","172","7","0",,"2","1FFF1F","1AAAA1AAA1AAAA","4",,,,
"4301571","2019-09-14T01:00:00","22.79","-133.24",,,"1","4","2","5",,,"11",,,,,,,,,"10158",,,"8",,,,,"9","246",,,,,,,,,,,,,"236","23","798","172","7","0",,"2","1FFF1F","1AAAA1AAA1AAAA","4",,,,
"4301611","2019-09-14T01:00:00","24.31","-139.73",,,"1","4","2","5",,,"11",,,,,,,,,"10170",,,"8",,,,,"9","253",,,,,,,,,,,,,"236","49","798","172","7","0",,"2","1FFF1F","1AAAA1AAA1AAAA","4",,,,
"4600616","2019-09-14T01:00:00","25.26","-139.02",,,"1","4","2","5",,,"11",,,,,,,,,,,,"8",,,,,"9","253",,,,,,,,,,,,,"236","59","798","172","7","1","2","2","1FFFFF","1AAAAAAAA1AAAA","4",,,,
"5102585","2019-09-14T01:00:00","28.22","-139.31",,,"1","4","2","5",,,"11",,,,,,,,,,,,"8",,,,,"9","255",,,,,,,,,,,,,"236","89","798","172","7","0",,"2","1FFFFF","1AAAAAAAA1AAAA","4",,,,
"5102593","2019-09-14T01:00:00","21.27","-131.85",,,"1","4","2","5",,,"11",,,,,,,,,,,,"8",,,,,"9","256",,,,,,,,,,,,,"236","11","798","172","7","0",,"2","1FFFFF","1AAAAAAAA1AAAA","4",,,,
"4301568","2019-09-14T01:03:00","29.65","-131.09",,,"1","4","2","5",,,"11",,,,,,,,,"10182",,,"8",,,,,"9","240",,,,,,,,,,,,,"236","91","798","172","7","0",,"2","1FFF1F","1AAAA1AAA1AAAA","4",,,,
"4301567","2019-09-14T01:04:00","25.14","-133.19",,,"1","4","2","5",,,"11",,,,,,,,,"10173",,,"8",,,,,"9","239",,,,,,,,,,,,,"236","53","798","172","7","0",,"2","1FFF1F","1AAAA1AAA1AAAA","4",,,,
"4301564","2019-09-14T02:00:00","29.86","-130.81",,,"1","4","2","5",,,"11",,,,,,,,,"10180",,,"8",,,,,"9","240",,,,,,,,,,,,,"236","90","798","172","7","0",,"2","1FFF1F","1AAAA1AAA1AAAA","4",,,,
"4301567","2019-09-14T02:00:00","25.14","-133.19",,,"1","4","2","5",,,"11",,,,,,,,,"10172",,,"8",,,,,"9","239",,,,,,,,,,,,,"236","53","798","172","7","0",,"2","1FFF1F","1AAAA1AAA1AAAA","4",,,,
"4301568","2019-09-14T02:00:00","29.65","-131.09",,,"1","4","2","5",,,"11",,,,,,,,,"10181",,,"8",,,,,"9","239",,,,,,,,,,,,,"236","91","798","172","7","0",,"2","1FFF1F","1AAAA1AAA1AAAA","4",,,,
"4301571","2019-09-14T02:00:00","22.79","-133.24",,,"1","4","2","5",,,"11",,,,,,,,,"10160",,,"8",,,,,"9","246",,,,,,,,,,,,,"236","23","798","172","7","0",,"2","1FFF1F","1AAAA1AAA1AAAA","4",,,,
"4600616","2019-09-14T02:00:00","25.27","-139.02",,,"1","4","2","5",,,"11",,,,,,,,,,,,"8",,,,,"9","253",,,,,,,,,,,,,"236","59","798","172","7","1","2","2","1FFFFF","1AAAAAAAA1AAAA","4",,,,
"5102585","2019-09-14T02:00:00","28.22","-139.31",,,"1","4","2","5",,,"11",,,,,,,,,,,,"8",,,,,"9","255",,,,,,,,,,,,,"236","89","798","172","7","0",,"2","1FFFFF","1AAAAAAAA1AAAA","4",,,,
"5102593","2019-09-14T02:00:00","21.27","-131.85",,,"1","4","2","5",,,"11",,,,,,,,,,,,"8",,,,,"9","255",,,,,,,,,,,,,"236","11","798","172","7","0",,"2","1FFFFF","1AAAAAAAA1AAAA","4",,,,
"4301611","2019-09-14T02:02:00","24.32","-139.74",,,"1","4","2","5",,,"11",,,,,,,,,"10175",,,"8",,,,,"9","253",,,,,,,,,,,,,"236","49","798","172","7","0",,"2","1FFF1F","1AAAA1AAA1AAAA","4",,,,
"4301564","2019-09-14T03:00:00","29.87","-130.81",,,"1","4","2","5",,,"11",,,,,,,,,"10182",,,"8",,,,,"9","240",,,,,,,,,,,,,"236","90","798","172","7","0",,"1","1FFF1F","1AAAA1AAA1AAAA","4",,,,
"4301567","2019-09-14T03:00:00","25.14","-133.18",,,"1","4","2","5",,,"11",,,,,,,,,"10176",,,"8",,,,,"9","238",,,,,,,,,,,,,"236","53","798","172","7","0",,"1","1FFF1F","1AAAA1AAA1AAAA","4",,,,
"4301568","2019-09-14T03:00:00","29.66","-131.10",,,"1","4","2","5",,,"11",,,,,,,,,"10182",,,"8",,,,,"9","239",,,,,,,,,,,,,"236","91","798","172","7","0",,"1","1FFF1F","1AAAA1AAA1AAAA","4",,,,
"4301571","2019-09-14T03:00:00","22.79","-133.24",,,"1","4","2","5",,,"11",,,,,,,,,"10167",,,"8",,,,,"9","245",,,,,,,,,,,,,"236","23","798","172","7","0",,"1","1FFF1F","1AAAA1AAA1AAAA","4",,,,
"4301611","2019-09-14T03:00:00","24.32","-139.74",,,"1","4","2","5",,,"11",,,,,,,,,"10174",,,"8",,,,,"9","253",,,,,,,,,,,,,"236","49","798","172","7","0",,"2","1FFF1F","1AAAA1AAA1AAAA","4",,,,
"4600616","2019-09-14T03:00:00","25.26","-139.03",,,"1","4","2","5",,,"11",,,,,,,,,,,,"8",,,,,"9","252",,,,,,,,,,,,,"236","59","798","172","7","1","2","2","1FFFFF","1AAAAAAAA1AAAA","4",,,,
"5102585","2019-09-14T03:00:00","28.21","-139.32",,,"1","4","2","5",,,"11",,,,,,,,,,,,"8",,,,,"9","254",,,,,,,,,,,,,"236","89","798","172","7","0",,"2","1FFFFF","1AAAAAAAA1AAAA","4",,,,
"5102593","2019-09-14T03:00:00","21.28","-131.85",,,"1","4","2","5",,,"11",,,,,,,,,,,,"8",,,,,"9","255",,,,,,,,,,,,,"236","11","798","172","7","0",,"1","1FFFFF","1AAAAAAAA1AAAA","4",,,,
"4301567","2019-09-14T04:00:00","25.13","-133.18",,,"1","4","2","5",,,"11",,,,,,,,,"10179",,,"8",,,,,"9","238",,,,,,,,,,,,,"236","53","798","172","7","0",,"1","1FFF1F","1AAAA1AAA1AAAA","4",,,,
"4301568","2019-09-14T04:00:00","29.66","-131.10",,,"1","4","2","5",,,"11",,,,,,,,,"10187",,,"8",,,,,"9","239",,,,,,,,,,,,,"236","91","798","172","7","0",,"1","1FFF1F","1AAAA1AAA1AAAA","4",,,,
"4301571","2019-09-14T04:00:00","22.79","-133.25",,,"1","4","2","5",,,"11",,,,,,,,,"10170",,,"8",,,,,"9","245",,,,,,,,,,,,,"236","23","798","172","7","0",,"1","1FFF1F","1AAAA1AAA1AAAA","4",,,,
"4301611","2019-09-14T04:00:00","24.33","-139.75",,,"1","4","2","5",,,"11",,,,,,,,,"10179",,,"8",,,,,"9","253",,,,,,,,,,,,,"236","49","798","172","7","0",,"1","1FFF1F","1AAAA1AAA1AAAA","4",,,,
"4600616","2019-09-14T04:00:00","25.26","-139.04",,,"1","4","2","5",,,"11",,,,,,,,,,,,"8",,,,,"9","252",,,,,,,,,,,,,"236","59","798","172","7","1","2","1","1FFFFF","1AAAAAAAA1AAAA","4",,,,
"5102585","2019-09-14T04:00:00","28.21","-139.32",,,"1","4","2","5",,,"11",,,,,,,,,,,,"8",,,,,"9","254",,,,,,,,,,,,,"236","89","798","172","7","0",,"1","1FFFFF","1AAAAAAAA1AAAA","4",,,,
"5102593","2019-09-14T04:00:00","21.28","-131.85",,,"1","4","2","5",,,"11",,,,,,,,,,,,"8",,,,,"9","255",,,,,,,,,,,,,"236","11","798","172","7","0",,"1","1FFFFF","1AAAAAAAA1AAAA","4",,,,
"4301564","2019-09-14T04:04:00","29.87","-130.83",,,"1","4","2","5",,,"11",,,,,,,,,"10186",,,"8",,,,,"9","240",,,,,,,,,,,,,"236","90","798","172","7","0",,"1","1FFF1F","1AAAA1AAA1AAAA","4",,,,
"4301567","2019-09-14T05:00:00","25.12","-133.17",,,"1","4","2","5",,,"11",,,,,,,,,"10186",,,"8",,,,,"9","238",,,,,,,,,,,,,"236","53","798","172","7","0",,"1","1FFF1F","1AAAA1AAA1AAAA","4",,,,
"4301568","2019-09-14T05:00:00","29.66","-131.10",,,"1","4","2","5",,,"11",,,,,,,,,"10190",,,"8",,,,,"9","239",,,,,,,,,,,,,"236","91","798","172","7","0",,"1","1FFF1F","1AAAA1AAA1AAAA","4",,,,
"4301571","2019-09-14T05:00:00","22.78","-133.25",,,"1","4","2","5",,,"11",,,,,,,,,"10174",,,"8",,,,,"9","244",,,,,,,,,,,,,"236","23","798","172","7","0",,"1","1FFF1F","1AAAA1AAA1AAAA","4",,,,
"4600616","2019-09-14T05:00:00","25.25","-139.05",,,"1","4","2","5",,,"11",,,,,,,,,,,,"8",,,,,"9","252",,,,,,,,,,,,,"236","59","798","172","7","1","2","1","1FFFFF","1AAAAAAAA1AAAA","4",,,,
"5102585","2019-09-14T05:00:00","28.21","-139.33",,,"1","4","2","5",,,"11",,,,,,,,,,,,"8",,,,,"9","254",,,,,,,,,,,,,"236","89","798","172","7","0",,"1","1FFFFF","1AAAAAAAA1AAAA","4",,,,
"5102593","2019-09-14T05:00:00","21.28","-131.84",,,"1","4","2","5",,,"11",,,,,,,,,,,,"8",,,,,"9","254",,,,,,,,,,,,,"236","11","798","172","7","0",,"1","1FFFFF","1AAAAAAAA1AAAA","4",,,,
"4301611","2019-09-14T05:01:00","24.33","-139.76",,,"1","4","2","5",,,"11",,,,,,,,,"10184",,,"8",,,,,"9","252",,,,,,,,,,,,,"236","49","798","172","7","0",,"1","1FFF1F","1AAAA1AAA1AAAA","4",,,,
"4301564","2019-09-14T05:04:00","29.87","-130.82",,,"1","4","2","5",,,"11",,,,,,,,,"10188",,,"8",,,,,"9","240",,,,,,,,,,,,,"236","90","798","172","7","0",,"1","1FFF1F","1AAAA1AAA1AAAA","4",,,,
"4301567","2019-09-14T06:00:00","25.12","-133.17",,,"1","4","2","5",,,"11",,,,,,,,,"10191",,,"8",,,,,"9","238",,,,,,,,,,,,,"236","53","798","172","7","0",,"1","1FFF1F","1AAAA1AAA1AAAA","4",,,,
"4301568","2019-09-14T06:00:00","29.67","-131.11",,,"1","4","2","5",,,"11",,,,,,,,,"10194",,,"8",,,,,"9","239",,,,,,,,,,,,,"236","91","798","172","7","0",,"1","1FFF1F","1AAAA1AAA1AAAA","4",,,,
"4301571","2019-09-14T06:00:00","22.78","-133.25",,,"1","4","2","5",,,"11",,,,,,,,,"10180",,,"8",,,,,"9","244",,,,,,,,,,,,,"236","23","798","172","7","0",,"1","1FFF1F","1AAAA1AAA1AAAA","4",,,,
"4301611","2019-09-14T06:00:00","24.34","-139.77",,,"1","4","2","5",,,"11",,,,,,,,,"10192",,,"8",,,,,"9","252",,,,,,,,,,,,,"236","49","798","172","7","0",,"1","1FFF1F","1AAAA1AAA1AAAA","4",,,,
"4600616","2019-09-14T06:00:00","25.25","-139.04",,,"1","4","2","5",,,"11",,,,,,,,,,,,"8",,,,,"9",,,,,,,,,,,,,,"236","59","798","172","7","1","2","1","6FFFFF","1AAAAAAAA9AAAA","4",,,,
"5102585","2019-09-14T06:00:00","28.21","-139.34",,,"1","4","2","5",,,"11",,,,,,,,,,,,"8",,,,,"9","254",,,,,,,,,,,,,"236","89","798","172","7","0",,"1","1FFFFF","1AAAAAAAA1AAAA","4",,,,
"5102593","2019-09-14T06:00:00","21.29","-131.84",,,"1","4","2","5",,,"11",,,,,,,,,,,,"8",,,,,"9","254",,,,,,,,,,,,,"236","11","798","172","7","0",,"1","1FFFFF","1AAAAAAAA1AAAA","4",,,,
"4301564","2019-09-14T06:01:00","29.88","-130.82",,,"1","4","2","5",,,"11",,,,,,,,,"10193",,,"8",,,,,"9","240",,,,,,,,,,,,,"236","90","798","172","7","0",,"1","1FFF1F","1AAAA1AAA1AAAA","4",,,,
"4301564","2019-09-14T07:00:00","29.88","-130.82",,,"1","4","2","5",,,"11",,,,,,,,,"10188",,,"8",,,,,"9","240",,,,,,,,,,,,,"236","90","798","172","7","0",,"1","1FFF1F","1AAAA1AAA1AAAA","4",,,,
"4301567","2019-09-14T07:00:00","25.10","-133.17",,,"1","4","2","5",,,"11",,,,,,,,,"10190",,,"8",,,,,"9","238",,,,,,,,,,,,,"236","53","798","172","7","0",,"1","1FFF1F","1AAAA1AAA1AAAA","4",,,,
"4301568","2019-09-14T07:00:00","29.68","-131.11",,,"1","4","2","5",,,"11",,,,,,,,,"10193",,,"8",,,,,"9","239",,,,,,,,,,,,,"236","91","798","172","7","0",,"1","1FFF1F","1AAAA1AAA1AAAA","4",,,,
"4301611","2019-09-14T07:00:00","24.34","-139.78",,,"1","4","2","5",,,"11",,,,,,,,,"10196",,,"8",,,,,"9","252",,,,,,,,,,,,,"236","49","798","172","7","0",,"1","1FFF1F","1AAAA1AAA1AAAA","4",,,,
"4600616","2019-09-14T07:00:00","25.24","-139.06",,,"1","4","2","5",,,"11",,,,,,,,,,,,"8",,,,,"9","252",,,,,,,,,,,,,"236","59","798","172","7","1","2","1","1FFFFF","1AAAAAAAA1AAAA","4",,,,
"5102585","2019-09-14T07:00:00","28.22","-139.35",,,"1","4","2","5",,,"11",,,,,,,,,,,,"8",,,,,"9","254",,,,,,,,,,,,,"236","89","798","172","7","0",,"1","1FFFFF","1AAAAAAAA1AAAA","4",,,,
"5102593","2019-09-14T07:00:00","21.29","-131.83",,,"1","4","2","5",,,"11",,,,,,,,,,,,"8",,,,,"9","254",,,,,,,,,,,,,"236","11","798","172","7","0",,"1","1FFFFF","1AAAAAAAA1AAAA","4",,,,
"4301567","2019-09-14T08:00:00","25.09","-133.17",,,"1","4","2","5",,,"11",,,,,,,,,"10188",,,"8",,,,,"9","238",,,,,,,,,,,,,"236","53","798","172","7","0",,"1","1FFF1F","1AAAA1AAA1AAAA","4",,,,
"4301568","2019-09-14T08:00:00","29.69","-131.11",,,"1","4","2","5",,,"11",,,,,,,,,"10189",,,"8",,,,,"9","239",,,,,,,,,,,,,"236","91","798","172","7","0",,"1","1FFF1F","1AAAA1AAA1AAAA","4",,,,
"4600616","2019-09-14T08:00:00","25.24","-139.06",,,"1","4","2","5",,,"11",,,,,,,,,,,,"8",,,,,"9","252",,,,,,,,,,,,,"236","59","798","172","7","1","2","1","1FFFFF","1AAAAAAAA1AAAA","4",,,,
"5102585","2019-09-14T08:00:00","28.22","-139.36",,,"1","4","2","5",,,"11",,,,,,,,,,,,"8",,,,,"9","254",,,,,,,,,,,,,"236","89","798","172","7","0",,"1","1FFFFF","1AAAAAAAA1AAAA","4",,,,
"5102593","2019-09-14T08:00:00","21.29","-131.83",,,"1","4","2","5",,,"11",,,,,,,,,,,,"8",,,,,"9","254",,,,,,,,,,,,,"236","11","798","172","7","0",,"1","1FFFFF","1AAAAAAAA1AAAA","4",,,,
"4301564","2019-09-14T08:01:00","29.88","-130.82",,,"1","4","2","5",,,"11",,,,,,,,,"10189",,,"8",,,,,"9","240",,,,,,,,,,,,,"236","90","798","172","7","0",,"1","1FFF1F","1AAAA1AAA1AAAA","4",,,,
"4301571","2019-09-14T08:04:00","22.77","-133.26",,,"1","4","2","5",,,"11",,,,,,,,,"10177",,,"8",,,,,"9","244",,,,,,,,,,,,,"236","23","798","172","7","0",,"1","1FFF1F","1AAAA1AAA1AAAA","4",,,,
"4301611","2019-09-14T08:04:00","24.35","-139.78",,,"1","4","2","5",,,"11",,,,,,,,,"10193",,,"8",,,,,"9","252",,,,,,,,,,,,,"236","49","798","172","7","0",,"1","1FFF1F","1AAAA1AAA1AAAA","4",,,,
"4301568","2019-09-14T09:00:00","29.69","-131.11",,,"1","4","2","5",,,"11",,,,,,,,,"10188",,,"8",,,,,"9","239",,,,,,,,,,,,,"236","91","798","172","7","0",,"1","1FFF1F","1AAAA1AAA1AAAA","4",,,,
"4600616","2019-09-14T09:00:00","25.24","-139.06",,,"1","4","2","5",,,"11",,,,,,,,,,,,"8",,,,,"9","252",,,,,,,,,,,,,"236","59","798","172","7","1","2","1","1FFFFF","1AAAAAAAA1AAAA","4",,,,
"5102585","2019-09-14T09:00:00","28.23","-139.36",,,"1","4","2","5",,,"11",,,,,,,,,,,,"8",,,,,"9","254",,,,,,,,,,,,,"236","89","798","172","7","0",,"1","1FFFFF","1AAAAAAAA1AAAA","4",,,,
"5102593","2019-09-14T09:00:00","21.29","-131.82",,,"1","4","2","5",,,"11",,,,,,,,,,,,"8",,,,,"9","254",,,,,,,,,,,,,"236","11","798","172","7","0",,"1","1FFFFF","1AAAAAAAA1AAAA","4",,,,
"4301567","2019-09-14T09:02:00","25.08","-133.17",,,"1","4","2","5",,,"11",,,,,,,,,"10185",,,"8",,,,,"9","237",,,,,,,,,,,,,"236","53","798","172","7","0",,"1","1FFF1F","1AAAA1AAA1AAAA","4",,,,
"4301611","2019-09-14T09:03:00","24.35","-139.78",,,"1","4","2","5",,,"11",,,,,,,,,"10188",,,"8",,,,,"9","252",,,,,,,,,,,,,"236","49","798","172","7","0",,"1","1FFF1F","1AAAA1AAA1AAAA","4",,,,
"4301564","2019-09-14T09:04:00","29.88","-130.82",,,"1","4","2","5",,,"11",,,,,,,,,"10185",,,"8",,,,,"9","240",,,,,,,,,,,,,"236","90","798","172","7","0",,"1","1FFF1F","1AAAA1AAA1AAAA","4",,,,
"4301571","2019-09-14T09:04:00","22.77","-133.26",,,"1","4","2","5",,,"11",,,,,,,,,"10177",,,"8",,,,,"9","244",,,,,,,,,,,,,"236","23","798","172","7","0",,"1","1FFF1F","1AAAA1AAA1AAAA","4",,,,
"4301567","2019-09-14T10:00:00","25.07","-133.18",,,"1","4","2","5",,,"11",,,,,,,,,"10181",,,"8",,,,,"9","238",,,,,,,,,,,,,"236","53","798","172","7","0",,"1","1FFF1F","1AAAA1AAA1AAAA","4",,,,
"4301571","2019-09-14T10:00:00","22.76","-133.27",,,"1","4","2","5",,,"11",,,,,,,,,"10171",,,"8",,,,,"9","244",,,,,,,,,,,,,"236","23","798","172","7","0",,"1","1FFF1F","1AAAA1AAA1AAAA","4",,,,
"4301611","2019-09-14T10:00:00","24.35","-139.79",,,"1","4","2","5",,,"11",,,,,,,,,"10185",,,"8",,,,,"9","252",,,,,,,,,,,,,"236","49","798","172","7","0",,"1","1FFF1F","1AAAA1AAA1AAAA","4",,,,
"4600616","2019-09-14T10:00:00","25.24","-139.06",,,"1","4","2","5",,,"11",,,,,,,,,,,,"8",,,,,"9","251",,,,,,,,,,,,,"236","59","798","172","7","1","2","1","1FFFFF","1AAAAAAAA1AAAA","4",,,,
"5102585","2019-09-14T10:00:00","28.23","-139.36",,,"1","4","2","5",,,"11",,,,,,,,,,,,"8",,,,,"9","254",,,,,,,,,,,,,"236","89","798","172","7","0",,"1","1FFFFF","1AAAAAAAA1AAAA","4",,,,
"5102593","2019-09-14T10:00:00","21.29","-131.81",,,"1","4","2","5",,,"11",,,,,,,,,,,,"8",,,,,"9","254",,,,,,,,,,,,,"236","11","798","172","7","0",,"1","1FFFFF","1AAAAAAAA1AAAA","4",,,,
"4301564","2019-09-14T10:04:00","29.89","-130.82",,,"1","4","2","5",,,"11",,,,,,,,,"10182",,,"8",,,,,"9","239",,,,,,,,,,,,,"236","90","798","172","7","0",,"1","1FFF1F","1AAAA1AAA1AAAA","4",,,,
"4301564","2019-09-14T11:00:00","29.88","-130.82",,,"1","4","2","5",,,"11",,,,,,,,,"10176",,,"8",,,,,"9","239",,,,,,,,,,,,,"236","90","798","172","7","0",,"1","1FFF1F","1AAAA1AAA1AAAA","4",,,,
"4301567","2019-09-14T11:00:00","25.06","-133.18",,,"1","4","2","5",,,"11",,,,,,,,,"10176",,,"8",,,,,"9","238",,,,,,,,,,,,,"236","53","798","172","7","0",,"1","1FFF1F","1AAAA1AAA1AAAA","4",,,,
"4301571","2019-09-14T11:00:00","22.76","-133.28",,,"1","4","2","5",,,"11",,,,,,,,,"10165",,,"8",,,,,"9","244",,,,,,,,,,,,,"236","23","798","172","7","0",,"1","1FFF1F","1AAAA1AAA1AAAA","4",,,,
"4301611","2019-09-14T11:00:00","24.36","-139.79",,,"1","4","2","5",,,"11",,,,,,,,,"10182",,,"8",,,,,"9","252",,,,,,,,,,,,,"236","49","798","172","7","0",,"1","1FFF1F","1AAAA1AAA1AAAA","4",,,,
"4600616","2019-09-14T11:00:00","25.22","-139.10",,,"1","4","2","5",,,"11",,,,,,,,,,,,"8",,,,,"9","251",,,,,,,,,,,,,"236","59","798","172","7","1","2","1","1FFFFF","1AAAAAAAA1AAAA","4",,,,
"5102585","2019-09-14T11:00:00","28.23","-139.36",,,"1","4","2","5",,,"11",,,,,,,,,,,,"8",,,,,"9","254",,,,,,,,,,,,,"236","89","798","172","7","0",,"1","1FFFFF","1AAAAAAAA1AAAA","4",,,,
"5102593","2019-09-14T11:00:00","21.28","-131.81",,,"1","4","2","5",,,"11",,,,,,,,,,,,"8",,,,,"9","254",,,,,,,,,,,,,"236","11","798","172","7","0",,"1","1FFFFF","1AAAAAAAA1AAAA","4",,,,
"4301567","2019-09-14T12:00:00","25.05","-133.19",,,"1","4","2","5",,,"11",,,,,,,,,"10173",,,"8",,,,,"9","237",,,,,,,,,,,,,"236","53","798","172","7","0",,"1","1FFF1F","1AAAA1AAA1AAAA","4",,,,
"4301568","2019-09-14T12:00:00","29.71","-131.11",,,"1","4","2","5",,,"11",,,,,,,,,"10177",,,"8",,,,,"9","238",,,,,,,,,,,,,"236","91","798","172","7","0",,"1","1FFF1F","1AAAA1AAA1AAAA","4",,,,
"4301571","2019-09-14T12:00:00","22.76","-133.28",,,"1","4","2","5",,,"11",,,,,,,,,"10159",,,"8",,,,,"9","244",,,,,,,,,,,,,"236","23","798","172","7","0",,"1","1FFF1F","1AAAA1AAA1AAAA","4",,,,
"4301611","2019-09-14T12:00:00","24.36","-139.79",,,"1","4","2","5",,,"11",,,,,,,,,"10176",,,"8",,,,,"9","252",,,,,,,,,,,,,"236","49","798","172","7","0",,"1","1FFF1F","1AAAA1AAA1AAAA","4",,,,
"4600616","2019-09-14T12:00:00","25.21","-139.08",,,"1","4","2","5",,,"11",,,,,,,,,,,,"8",,,,,"9","251",,,,,,,,,,,,,"236","59","798","172","7","1","2","1","1FFFFF","1AAAAAAAA1AAAA","4",,,,
"5102585","2019-09-14T12:00:00","28.23","-139.36",,,"1","4","2","5",,,"11",,,,,,,,,,,,"8",,,,,"9","253",,,,,,,,,,,,,"236","89","798","172","7","0",,"1","1FFFFF","1AAAAAAAA1AAAA","4",,,,
"5102593","2019-09-14T12:00:00","21.28","-131.81",,,"1","4","2","5",,,"11",,,,,,,,,,,,"8",,,,,"9","254",,,,,,,,,,,,,"236","11","798","172","7","0",,"1","1FFFFF","1AAAAAAAA1AAAA","4",,,,
"4301564","2019-09-14T12:02:00","29.89","-130.82",,,"1","4","2","5",,,"11",,,,,,,,,"10177",,,"8",,,,,"9","239",,,,,,,,,,,,,"236","90","798","172","7","0",,"1","1FFF1F","1AAAA1AAA1AAAA","4",,,,
"4301564","2019-09-14T13:00:00","29.89","-130.82",,,"1","4","2","5",,,"11",,,,,,,,,"10179",,,"8",,,,,"9","239",,,,,,,,,,,,,"236","90","798","172","7","0",,"1","1FFF1F","1AAAA1AAA1AAAA","4",,,,
"4301567","2019-09-14T13:00:00","25.04","-133.19",,,"1","4","2","5",,,"11",,,,,,,,,"10175",,,"8",,,,,"9","237",,,,,,,,,,,,,"236","53","798","172","7","0",,"1","1FFF1F","1AAAA1AAA1AAAA","4",,,,
"4301571","2019-09-14T13:00:00","22.75","-133.28",,,"1","4","2","5",,,"11",,,,,,,,,"10163",,,"8",,,,,"9","244",,,,,,,,,,,,,"236","23","798","172","7","0",,"1","1FFF1F","1AAAA1AAA1AAAA","4",,,,
"4600616","2019-09-14T13:00:00","25.24","-139.06",,,"1","4","2","5",,,"11",,,,,,,,,,,,"8",,,,,"9","251",,,,,,,,,,,,,"236","59","798","172","7","1","2","1","1FFFFF","1AAAAAAAA1AAAA","4",,,,
"5102585","2019-09-14T13:00:00","28.22","-139.36",,,"1","4","2","5",,,"11",,,,,,,,,,,,"8",,,,,"9","253",,,,,,,,,,,,,"236","89","798","172","7","0",,"1","1FFFFF","1AAAAAAAA1AAAA","4",,,,
"5102593","2019-09-14T13:00:00","21.27","-131.81",,,"1","4","2","5",,,"11",,,,,,,,,,,,"8",,,,,"9","254",,,,,,,,,,,,,"236","11","798","172","7","0",,"1","1FFFFF","1AAAAAAAA1AAAA","4",,,,
"4301611","2019-09-14T13:01:00","24.35","-139.79",,,"1","4","2","5",,,"11",,,,,,,,,"10178",,,"8",,,,,"9","252",,,,,,,,,,,,,"236","49","798","172","7","0",,"1","1FFF1F","1AAAA1AAA1AAAA","4",,,,
"4301568","2019-09-14T13:04:00","29.72","-131.11",,,"1","4","2","5",,,"11",,,,,,,,,"10179",,,"8",,,,,"9","238",,,,,,,,,,,,,"236","91","798","172","7","0",,"1","1FFF1F","1AAAA1AAA1AAAA","4",,,,
"4301564","2019-09-14T14:00:00","29.89","-130.82",,,"1","4","2","5",,,"11",,,,,,,,,"10180",,,"8",,,,,"9","239",,,,,,,,,,,,,"236","90","798","172","7","0",,"1","1FFF1F","1AAAA1AAA1AAAA","4",,,,
"4301567","2019-09-14T14:00:00","25.04","-133.19",,,"1","4","2","5",,,"11",,,,,,,,,"10179",,,"8",,,,,"9","237",,,,,,,,,,,,,"236","53","798","172","7","0",,"1","1FFF1F","1AAAA1AAA1AAAA","4",,,,
"4301568","2019-09-14T14:00:00","29.72","-131.11",,,"1","4","2","5",,,"11",,,,,,,,,"10183",,,"8",,,,,"9","238",,,,,,,,,,,,,"236","91","798","172","7","0",,"1","1FFF1F","1AAAA1AAA1AAAA","4",,,,
"4301571","2019-09-14T14:00:00","22.75","-133.29",,,"1","4","2","5",,,"11",,,,,,,,,"10168",,,"8",,,,,"9","243",,,,,,,,,,,,,"236","23","798","172","7","0",,"1","1FFF1F","1AAAA1AAA1AAAA","4",,,,
"4301611","2019-09-14T14:00:00","24.35","-139.80",,,"1","4","2","5",,,"11",,,,,,,,,"10181",,,"8",,,,,"9","251",,,,,,,,,,,,,"236","49","798","172","7","0",,"1","1FFF1F","1AAAA1AAA1AAAA","4",,,,
"4600616","2019-09-14T14:00:00","25.22","-139.10",,,"1","4","2","5",,,"11",,,,,,,,,,,,"8",,,,,"9","251",,,,,,,,,,,,,"236","59","798","172","7","1","2","1","1FFFFF","1AAAAAAAA1AAAA","4",,,,
"5102585","2019-09-14T14:00:00","28.22","-139.36",,,"1","4","2","5",,,"11",,,,,,,,,,,,"8",,,,,"9","253",,,,,,,,,,,,,"236","89","798","172","7","0",,"1","1FFFFF","1AAAAAAAA1AAAA","4",,,,
"5102593","2019-09-14T14:00:00","21.27","-131.81",,,"1","4","2","5",,,"11",,,,,,,,,,,,"8",,,,,"9","254",,,,,,,,,,,,,"236","11","798","172","7","0",,"1","1FFFFF","1AAAAAAAA1AAAA","4",,,,
"4301564","2019-09-14T15:00:00","29.89","-130.82",,,"1","4","2","5",,,"11",,,,,,,,,"10183",,,"8",,,,,"9","239",,,,,,,,,,,,,"236","90","798","172","7","0",,"2","1FFF1F","1AAAA1AAA1AAAA","4",,,,
"4301611","2019-09-14T15:00:00","24.35","-139.80",,,"1","4","2","5",,,"11",,,,,,,,,"10184",,,"8",,,,,"9","251",,,,,,,,,,,,,"236","49","798","172","7","0",,"1","1FFF1F","1AAAA1AAA1AAAA","4",,,,
"4600616","2019-09-14T15:00:00","25.22","-139.10",,,"1","4","2","5",,,"11",,,,,,,,,,,,"8",,,,,"9","252",,,,,,,,,,,,,"236","59","798","172","7","1","2","1","1FFFFF","1AAAAAAAA1AAAA","4",,,,
"5102585","2019-09-14T15:00:00","28.22","-139.36",,,"1","4","2","5",,,"11",,,,,,,,,,,,"8",,,,,"9","253",,,,,,,,,,,,,"236","89","798","172","7","0",,"1","1FFFFF","1AAAAAAAA1AAAA","4",,,,
"5102593","2019-09-14T15:00:00","21.27","-131.80",,,"1","4","2","5",,,"11",,,,,,,,,,,,"8",,,,,"9","253",,,,,,,,,,,,,"236","11","798","172","7","0",,"2","1FFFFF","1AAAAAAAA1AAAA","4",,,,
"WDA7827","2019-09-14T15:00:00","26.30","-140.00",,,"1","6","2","5","9",,"1",,"90","4","67",,,,,"10186",,,"8","220",,,"194","3","251",,,"A",,"A","A",,,,,,,"235","60","798","172","5","1","2","1","111111","11AAA11A118AAA",,"5",,,
"4301567","2019-09-14T15:01:00","25.03","-133.20",,,"1","4","2","5",,,"11",,,,,,,,,"10180",,,"8",,,,,"9","237",,,,,,,,,,,,,"236","53","798","172","7","0",,"2","1FFF1F","1AAAA1AAA1AAAA","4",,,,
"4301571","2019-09-14T15:03:00","22.75","-133.29",,,"1","4","2","5",,,"11",,,,,,,,,"10171",,,"8",,,,,"9","243",,,,,,,,,,,,,"236","23","798","172","7","0",,"2","1FFF1F","1AAAA1AAA1AAAA","4",,,,
"4301568","2019-09-14T15:04:00","29.73","-131.10",,,"1","4","2","5",,,"11",,,,,,,,,"10185",,,"8",,,,,"9","238",,,,,,,,,,,,,"236","91","798","172","7","0",,"2","1FFF1F","1AAAA1AAA1AAAA","4",,,,
"4301567","2019-09-14T16:00:00","25.03","-133.20",,,"1","4","2","5",,,"11",,,,,,,,,"10184",,,"8",,,,,"9","237",,,,,,,,,,,,,"236","53","798","172","7","0",,"2","1FFF1F","1AAAA1AAA1AAAA","4",,,,
"4301568","2019-09-14T16:00:00","29.74","-131.10",,,"1","4","2","5",,,"11",,,,,,,,,"10188",,,"8",,,,,"9","238",,,,,,,,,,,,,"236","91","798","172","7","0",,"2","1FFF1F","1AAAA1AAA1AAAA","4",,,,
"4301571","2019-09-14T16:00:00","22.75","-133.29",,,"1","4","2","5",,,"11",,,,,,,,,"10174",,,"8",,,,,"9","243",,,,,,,,,,,,,"236","23","798","172","7","0",,"2","1FFF1F","1AAAA1AAA1AAAA","4",,,,
"4301611","2019-09-14T16:00:00","24.35","-139.81",,,"1","4","2","5",,,"11",,,,,,,,,"10187",,,"8",,,,,"9","252",,,,,,,,,,,,,"236","49","798","172","7","0",,"2","1FFF1F","1AAAA1AAA1AAAA","4",,,,
"4600616","2019-09-14T16:00:00","25.20","-139.12",,,"1","4","2","5",,,"11",,,,,,,,,,,,"8",,,,,"9","252",,,,,,,,,,,,,"236","59","798","172","7","1","2","2","1FFFFF","1AAAAAAAA1AAAA","4",,,,
"5102585","2019-09-14T16:00:00","28.22","-139.36",,,"1","4","2","5",,,"11",,,,,,,,,,,,"8",,,,,"9","253",,,,,,,,,,,,,"236","89","798","172","7","0",,"2","1FFFFF","1AAAAAAAA1AAAA","4",,,,
"5102593","2019-09-14T16:00:00","21.27","-131.80",,,"1","4","2","5",,,"11",,,,,,,,,,,,"8",,,,,"9","253",,,,,,,,,,,,,"236","11","798","172","7","0",,"2","1FFFFF","1AAAAAAAA1AAAA","4",,,,
"WDA7827","2019-09-14T16:00:00","26.40","-139.80",,,"1","6","2","5","9",,"1",,"90","4","31",,,,,"10187",,,"8","232",,,"175","3","252",,,"A",,"A","A",,,,,,,"236","69","798","172","5","1","2","2","111111","11AAA11A118AAA",,"5",,,
"4301564","2019-09-14T16:03:00","29.89","-130.81",,,"1","4","2","5",,,"11",,,,,,,,,"10185",,,"8",,,,,"9","239",,,,,,,,,,,,,"236","90","798","172","7","0",,"2","1FFF1F","1AAAA1AAA1AAAA","4",,,,
"4301564","2019-09-14T17:00:00","29.89","-130.81",,,"1","4","2","5",,,"11",,,,,,,,,"10188",,,"8",,,,,"9","239",,,,,,,,,,,,,"236","90","798","172","7","0",,"2","1FFF1F","1AAAA1AAA1AAAA","4",,,,
"4301567","2019-09-14T17:00:00","25.03","-133.21",,,"1","4","2","5",,,"11",,,,,,,,,"10186",,,"8",,,,,"9","237",,,,,,,,,,,,,"236","53","798","172","7","0",,"2","1FFF1F","1AAAA1AAA1AAAA","4",,,,
"4301568","2019-09-14T17:00:00","29.74","-131.09",,,"1","4","2","5",,,"11",,,,,,,,,"10191",,,"8",,,,,"9","238",,,,,,,,,,,,,"236","91","798","172","7","0",,"2","1FFF1F","1AAAA1AAA1AAAA","4",,,,
"4301571","2019-09-14T17:00:00","22.75","-133.30",,,"1","4","2","5",,,"11",,,,,,,,,"10176",,,"8",,,,,"9","244",,,,,,,,,,,,,"236","23","798","172","7","0",,"2","1FFF1F","1AAAA1AAA1AAAA","4",,,,
"4600616","2019-09-14T17:00:00","25.20","-139.12",,,"1","4","2","5",,,"11",,,,,,,,,,,,"8",,,,,"9","252",,,,,,,,,,,,,"236","59","798","172","7","1","2","2","1FFFFF","1AAAAAAAA1AAAA","4",,,,
"5102585","2019-09-14T17:00:00","28.21","-139.36",,,"1","4","2","5",,,"11",,,,,,,,,,,,"8",,,,,"9","253",,,,,,,,,,,,,"236","89","798","172","7","0",,"2","1FFFFF","1AAAAAAAA1AAAA","4",,,,
"5102593","2019-09-14T17:00:00","21.27","-131.80",,,"1","4","2","5",,,"11",,,,,,,,,,,,"8",,,,,"9","253",,,,,,,,,,,,,"236","11","798","172","7","0",,"2","1FFFFF","1AAAAAAAA1AAAA","4",,,,
"WDA7827","2019-09-14T17:00:00","26.40","-139.60",,,"1","6","2","5","9",,"1",,"60","4","15",,,,,"10190",,,"8","230",,,"187","3","253",,,"A",,"A","A",,,,,,,"236","69","798","172","5","1","2","2","111111","11AAA11A118AAA",,"5",,,
"4301611","2019-09-14T17:01:00","24.35","-139.81",,,"1","4","2","5",,,"11",,,,,,,,,"10187",,,"8",,,,,"9","252",,,,,,,,,,,,,"236","49","798","172","7","0",,"2","1FFF1F","1AAAA1AAA1AAAA","4",,,,
"4301564","2019-09-14T18:00:00","29.89","-130.80",,,"1","4","2","5",,,"11",,,,,,,,,"10187",,,"8",,,,,"9","239",,,,,,,,,,,,,"236","90","798","172","7","0",,"2","1FFF1F","1AAAA1AAA1AAAA","4",,,,
"4301567","2019-09-14T18:00:00","25.03","-133.21",,,"1","4","2","5",,,"11",,,,,,,,,"10185",,,"8",,,,,"9","238",,,,,,,,,,,,,"236","53","798","172","7","0",,"2","1FFF1F","1AAAA1AAA1AAAA","4",,,,
"4301568","2019-09-14T18:00:00","29.75","-131.09",,,"1","4","2","5",,,"11",,,,,,,,,"10190",,,"8",,,,,"9","238",,,,,,,,,,,,,"236","91","798","172","7","0",,"2","1FFF1F","1AAAA1AAA1AAAA","4",,,,
"4301571","2019-09-14T18:00:00","22.74","-133.30",,,"1","4","2","5",,,"11",,,,,,,,,"10176",,,"8",,,,,"9","244",,,,,,,,,,,,,"236","23","798","172","7","0",,"2","1FFF1F","1AAAA1AAA1AAAA","4",,,,
"4301611","2019-09-14T18:00:00","24.34","-139.82",,,"1","4","2","5",,,"11",,,,,,,,,"10193",,,"8",,,,,"9","252",,,,,,,,,,,,,"236","49","798","172","7","0",,"2","1FFF1F","1AAAA1AAA1AAAA","4",,,,
"4600616","2019-09-14T18:00:00","25.18","-139.15",,,"1","4","2","5",,,"11",,,,,,,,,,,,"8",,,,,"9","252",,,,,,,,,,,,,"236","59","798","172","7","1","2","2","1FFFFF","1AAAAAAAA1AAAA","4",,,,
"5102585","2019-09-14T18:00:00","28.21","-139.36",,,"1","4","2","5",,,"11",,,,,,,,,,,,"8",,,,,"9","253",,,,,,,,,,,,,"236","89","798","172","7","0",,"2","1FFFFF","1AAAAAAAA1AAAA","4",,,,
"5102593","2019-09-14T18:00:00","21.26","-131.80",,,"1","4","2","5",,,"11",,,,,,,,,,,,"8",,,,,"9","254",,,,,,,,,,,,,"236","11","798","172","7","0",,"2","1FFFFF","1AAAAAAAA1AAAA","4",,,,
"WDA7827","2019-09-14T18:00:00","26.50","-139.40",,,"1","6","2","5","9",,"1",,"40","4","46",,,,,"10190",,,"8","235",,,"189","3","253",,,"A",,"A","A",,,,,,,"236","69","798","172","5","1","2","2","111111","11AAA11A118AAA",,"5",,,
"4301564","2019-09-14T19:00:00","29.89","-130.80",,,"1","4","2","5",,,"11",,,,,,,,,"10187",,,"8",,,,,"9","239",,,,,,,,,,,,,"236","90","798","172","7","0",,"2","1FFF1F","1AAAA1AAA1AAAA","4",,,,
"4301567","2019-09-14T19:00:00","25.03","-133.21",,,"1","4","2","5",,,"11",,,,,,,,,"10184",,,"8",,,,,"9","239",,,,,,,,,,,,,"236","53","798","172","7","0",,"2","1FFF1F","1AAAA1AAA1AAAA","4",,,,
"4301568","2019-09-14T19:00:00","29.75","-131.08",,,"1","4","2","5",,,"11",,,,,,,,,"10187",,,"8",,,,,"9","239",,,,,,,,,,,,,"236","91","798","172","7","0",,"2","1FFF1F","1AAAA1AAA1AAAA","4",,,,
"4301571","2019-09-14T19:00:00","22.74","-133.31",,,"1","4","2","5",,,"11",,,,,,,,,"10170",,,"8",,,,,"9","244",,,,,,,,,,,,,"236","23","798","172","7","0",,"2","1FFF1F","1AAAA1AAA1AAAA","4",,,,
"4301611","2019-09-14T19:00:00","24.34","-139.83",,,"1","4","2","5",,,"11",,,,,,,,,"10195",,,"8",,,,,"9","252",,,,,,,,,,,,,"236","49","798","172","7","0",,"2","1FFF1F","1AAAA1AAA1AAAA","4",,,,
"4600616","2019-09-14T19:00:00","25.17","-139.15",,,"1","4","2","5",,,"11",,,,,,,,,,,,"8",,,,,"9","253",,,,,,,,,,,,,"236","59","798","172","7","1","2","2","1FFFFF","1AAAAAAAA1AAAA","4",,,,
"5102585","2019-09-14T19:00:00","28.20","-139.37",,,"1","4","2","5",,,"11",,,,,,,,,,,,"8",,,,,"9","253",,,,,,,,,,,,,"236","89","798","172","7","0",,"2","1FFFFF","1AAAAAAAA1AAAA","4",,,,
"5102593","2019-09-14T19:00:00","21.26","-131.80",,,"1","4","2","5",,,"11",,,,,,,,,,,,"8",,,,,"9","254",,,,,,,,,,,,,"236","11","798","172","7","0",,"2","1FFFFF","1AAAAAAAA1AAAA","4",,,,
"WDA7827","2019-09-14T19:00:00","26.60","-139.20",,,"1","6","2","5","9",,"1",,"50","4","46",,,,,"10190",,,"8","238",,,"166","3","253",,,"A",,"A","A",,,,,,,"236","69","798","172","5","1","2","2","111111","11AAA11A118AAA",,"5",,,
"4301564","2019-09-14T20:00:00","29.88","-130.79",,,"1","4","2","5",,,"11",,,,,,,,,"10181",,,"8",,,,,"9","240",,,,,,,,,,,,,"236","90","798","172","7","0",,"2","1FFF1F","1AAAA1AAA1AAAA","4",,,,
"4301568","2019-09-14T20:00:00","29.76","-131.08",,,"1","4","2","5",,,"11",,,,,,,,,"10183",,,"8",,,,,"9","239",,,,,,,,,,,,,"236","91","798","172","7","0",,"2","1FFF1F","1AAAA1AAA1AAAA","4",,,,
"4600616","2019-09-14T20:00:00","25.17","-139.18",,,"1","4","2","5",,,"11",,,,,,,,,,,,"8",,,,,"9","253",,,,,,,,,,,,,"236","59","798","172","7","1","2","2","1FFFFF","1AAAAAAAA1AAAA","4",,,,
"5102585","2019-09-14T20:00:00","28.20","-139.38",,,"1","4","2","5",,,"11",,,,,,,,,,,,"8",,,,,"9","254",,,,,,,,,,,,,"236","89","798","172","7","0",,"2","1FFFFF","1AAAAAAAA1AAAA","4",,,,
"5102593","2019-09-14T20:00:00","21.26","-131.80",,,"1","4","2","5",,,"11",,,,,,,,,,,,"8",,,,,"9","254",,,,,,,,,,,,,"236","11","798","172","7","0",,"2","1FFFFF","1AAAAAAAA1AAAA","4",,,,
"WDA7827","2019-09-14T20:00:00","26.60","-139.00",,,"1","6","2","5","9",,"1",,"60","4","41",,,,,"10189",,,"8","237",,,"169","3","253",,,"A",,"A","A",,,,,,,"236","69","798","172","5","1","2","2","111111","11AAA11A118AAA",,"5",,,
"4301567","2019-09-14T20:02:00","25.03","-133.21",,,"1","4","2","5",,,"11",,,,,,,,,"10178",,,"8",,,,,"9","239",,,,,,,,,,,,,"236","53","798","172","7","0",,"2","1FFF1F","1AAAA1AAA1AAAA","4",,,,
"4301611","2019-09-14T20:03:00","24.34","-139.84",,,"1","4","2","5",,,"11",,,,,,,,,"10193",,,"8",,,,,"9","253",,,,,,,,,,,,,"236","49","798","172","7","0",,"2","1FFF1F","1AAAA1AAA1AAAA","4",,,,
"4301571","2019-09-14T20:04:00","22.74","-133.31",,,"1","4","2","5",,,"11",,,,,,,,,"10169",,,"8",,,,,"9","244",,,,,,,,,,,,,"236","23","798","172","7","0",,"2","1FFF1F","1AAAA1AAA1AAAA","4",,,,
"4301564","2019-09-14T21:00:00","29.88","-130.79",,,"1","4","2","5",,,"11",,,,,,,,,"10180",,,"8",,,,,"9","240",,,,,,,,,,,,,"236","90","798","172","7","0",,"2","1FFF1F","1AAAA1AAA1AAAA","4",,,,
"4301567","2019-09-14T21:00:00","25.03","-133.21",,,"1","4","2","5",,,"11",,,,,,,,,"10173",,,"8",,,,,"9","241",,,,,,,,,,,,,"236","53","798","172","7","0",,"2","1FFF1F","1AAAA1AAA1AAAA","4",,,,
"4301568","2019-09-14T21:00:00","29.76","-131.07",,,"1","4","2","5",,,"11",,,,,,,,,"10180",,,"8",,,,,"9","239",,,,,,,,,,,,,"236","91","798","172","7","0",,"2","1FFF1F","1AAAA1AAA1AAAA","4",,,,
"4301571","2019-09-14T21:00:00","22.74","-133.32",,,"1","4","2","5",,,"11",,,,,,,,,"10166",,,"8",,,,,"9","245",,,,,,,,,,,,,"236","23","798","172","7","0",,"2","1FFF1F","1AAAA1AAA1AAAA","4",,,,
"4301611","2019-09-14T21:00:00","24.34","-139.85",,,"1","4","2","5",,,"11",,,,,,,,,"10189",,,"8",,,,,"9","254",,,,,,,,,,,,,"236","49","798","172","7","0",,"2","1FFF1F","1AAAA1AAA1AAAA","4",,,,
"4600616","2019-09-14T21:00:00","25.17","-139.18",,,"1","4","2","5",,,"11",,,,,,,,,,,,"8",,,,,"9","254",,,,,,,,,,,,,"236","59","798","172","7","1","2","2","1FFFFF","1AAAAAAAA1AAAA","4",,,,
"5102585","2019-09-14T21:00:00","28.20","-139.38",,,"1","4","2","5",,,"11",,,,,,,,,,,,"8",,,,,"9","255",,,,,,,,,,,,,"236","89","798","172","7","0",,"2","1FFFFF","1AAAAAAAA1AAAA","4",,,,
"5102593","2019-09-14T21:00:00","21.26","-131.80",,,"1","4","2","5",,,"11",,,,,,,,,,,,"8",,,,,"9","254",,,,,,,,,,,,,"236","11","798","172","7","0",,"2","1FFFFF","1AAAAAAAA1AAAA","4",,,,
"WDA7827","2019-09-14T21:00:00","26.70","-138.80",,,"1","6","2","5","9",,"1",,"50","4","46",,,,,"10185",,,"8","238",,,"171","3","253",,,"A",,"A","A",,,,,,,"236","68","798","172","5","1","2","2","111111","11AAA11A118AAA",,"5",,,
"4301567","2019-09-14T22:00:00","25.03","-133.21",,,"1","4","2","5",,,"11",,,,,,,,,"10167",,,"8",,,,,"9","242",,,,,,,,,,,,,"236","53","798","172","7","0",,"2","1FFF1F","1AAAA1AAA1AAAA","4",,,,
"4301568","2019-09-14T22:00:00","29.76","-131.07",,,"1","4","2","5",,,"11",,,,,,,,,"10172",,,"8",,,,,"9","240",,,,,,,,,,,,,"236","91","798","172","7","0",,"2","1FFF1F","1AAAA1AAA1AAAA","4",,,,
"4301571","2019-09-14T22:00:00","22.74","-133.32",,,"1","4","2","5",,,"11",,,,,,,,,"10159",,,"8",,,,,"9","246",,,,,,,,,,,,,"236","23","798","172","7","0",,"2","1FFF1F","1AAAA1AAA1AAAA","4",,,,
"4301611","2019-09-14T22:00:00","24.33","-139.86",,,"1","4","2","5",,,"11",,,,,,,,,"10182",,,"8",,,,,"9","254",,,,,,,,,,,,,"236","49","798","172","7","0",,"2","1FFF1F","1AAAA1AAA1AAAA","4",,,,
"4600616","2019-09-14T22:00:00","25.17","-139.18",,,"1","4","2","5",,,"11",,,,,,,,,,,,"8",,,,,"9","255",,,,,,,,,,,,,"236","59","798","172","7","1","2","2","1FFFFF","1AAAAAAAA1AAAA","4",,,,
"5102585","2019-09-14T22:00:00","28.19","-139.39",,,"1","4","2","5",,,"11",,,,,,,,,,,,"8",,,,,"9","255",,,,,,,,,,,,,"236","89","798","172","7","0",,"2","1FFFFF","1AAAAAAAA1AAAA","4",,,,
"5102593","2019-09-14T22:00:00","21.26","-131.80",,,"1","4","2","5",,,"11",,,,,,,,,,,,"8",,,,,"9","254",,,,,,,,,,,,,"236","11","798","172","7","0",,"2","1FFFFF","1AAAAAAAA1AAAA","4",,,,
"WDA7827","2019-09-14T22:00:00","26.70","-138.60",,,"1","6","2","5","9",,"1",,"50","4","36",,,,,"10180",,,"8","238",,,"172","3","254",,,"A",,"A","A",,,,,,,"236","68","798","172","5","1","2","2","111111","11AAA11A118AAA",,"5",,,
"4301564","2019-09-14T23:00:00","29.87","-130.79",,,"1","4","2","5",,,"11",,,,,,,,,"10167",,,"8",,,,,"9","241",,,,,,,,,,,,,"236","90","798","172","7","0",,"2","1FFF1F","1AAAA1AAA1AAAA","4",,,,
"4301567","2019-09-14T23:00:00","25.02","-133.21",,,"1","4","2","5",,,"11",,,,,,,,,"10161",,,"8",,,,,"9","242",,,,,,,,,,,,,"236","53","798","172","7","0",,"2","1FFF1F","1AAAA1AAA1AAAA","4",,,,
"4301568","2019-09-14T23:00:00","29.76","-131.07",,,"1","4","2","5",,,"11",,,,,,,,,"10168",,,"8",,,,,"9","240",,,,,,,,,,,,,"236","91","798","172","7","0",,"2","1FFF1F","1AAAA1AAA1AAAA","4",,,,
"4301571","2019-09-14T23:00:00","22.75","-133.33",,,"1","4","2","5",,,"11",,,,,,,,,"10154",,,"8",,,,,"9","246",,,,,,,,,,,,,"236","23","798","172","7","0",,"2","1FFF1F","1AAAA1AAA1AAAA","4",,,,
"4301611","2019-09-14T23:00:00","24.33","-139.87",,,"1","4","2","5",,,"11",,,,,,,,,"10178",,,"8",,,,,"9","255",,,,,,,,,,,,,"236","49","798","172","7","0",,"2","1FFF1F","1AAAA1AAA1AAAA","4",,,,
"4600616","2019-09-14T23:00:00","25.15","-139.23",,,"1","4","2","5",,,"11",,,,,,,,,,,,"8",,,,,"9","255",,,,,,,,,,,,,"236","59","798","172","7","1","2","2","1FFFFF","1AAAAAAAA1AAAA","4",,,,
"5102585","2019-09-14T23:00:00","28.19","-139.39",,,"1","4","2","5",,,"11",,,,,,,,,,,,"8",,,,,"9","256",,,,,,,,,,,,,"236","89","798","172","7","0",,"2","1FFFFF","1AAAAAAAA1AAAA","4",,,,
"5102593","2019-09-14T23:00:00","21.25","-131.80",,,"1","4","2","5",,,"11",,,,,,,,,,,,"8",,,,,"9","255",,,,,,,,,,,,,"236","11","798","172","7","0",,"2","1FFFFF","1AAAAAAAA1AAAA","4",,,,
"WDA7827","2019-09-14T23:00:00","26.80","-138.40",,,"1","6","2","5","9",,"1",,"40","4","41",,,,,"10173",,,"8","238",,,"168","3","255",,,"A",,"A","A",,,,,,,"236","68","798","172","5","1","2","2","111111","11AAA11A118AAA",,"5",,,
"4301564","2019-09-15T00:00:00","29.86","-130.79",,,"1","4","2","5",,,"11",,,,,,,,,"10165",,,"8",,,,,"9","240",,,,,,,,,,,,,"236","90","798","172","7","0",,"2","1FFF1F","1AAAA1AAA1AAAA","4",,,,
"4301567","2019-09-15T00:00:00","25.01","-133.21",,,"1","4","2","5",,,"11",,,,,,,,,"10158",,,"8",,,,,"9","242",,,,,,,,,,,,,"236","53","798","172","7","0",,"2","1FFF1F","1AAAA1AAA1AAAA","4",,,,
"4301568","2019-09-15T00:00:00","29.75","-131.07",,,"1","4","2","5",,,"11",,,,,,,,,"10168",,,"8",,,,,"9","240",,,,,,,,,,,,,"236","91","798","172","7","0",,"2","1FFF1F","1AAAA1AAA1AAAA","4",,,,
"4301571","2019-09-15T00:00:00","22.75","-133.33",,,"1","4","2","5",,,"11",,,,,,,,,"10151",,,"8",,,,,"9","246",,,,,,,,,,,,,"236","23","798","172","7","0",,"2","1FFF1F","1AAAA1AAA1AAAA","4",,,,
"4301611","2019-09-15T00:00:00","24.33","-139.88",,,"1","4","2","5",,,"11",,,,,,,,,"10173",,,"8",,,,,"9","255",,,,,,,,,,,,,"236","49","798","172","7","0",,"2","1FFF1F","1AAAA1AAA1AAAA","4",,,,
"4600616","2019-09-15T00:00:00","25.15","-139.23",,,"1","4","2","5",,,"11",,,,,,,,,,,,"8",,,,,"9","255",,,,,,,,,,,,,"236","59","798","172","7","1","2","2","1FFFFF","1AAAAAAAA1AAAA","4",,,,
"5102585","2019-09-15T00:00:00","28.19","-139.39",,,"1","4","2","5",,,"11",,,,,,,,,,,,"8",,,,,"9","256",,,,,,,,,,,,,"236","89","798","172","7","0",,"2","1FFFFF","1AAAAAAAA1AAAA","4",,,,
"5102593","2019-09-15T00:00:00","21.25","-131.80",,,"1","4","2","5",,,"11",,,,,,,,,,,,"8",,,,,"9","255",,,,,,,,,,,,,"236","11","798","172","7","0",,"2","1FFFFF","1AAAAAAAA1AAAA","4",,,,
"WDA7827","2019-09-15T00:00:00","26.90","-138.20",,,"1","6","2","5","9",,"1",,"30","4","31",,,,,"10168",,,"8","238",,,"170","3","255",,,"A",,"A","A",,,,,,,"236","68","798","172","5","1","2","2","111111","11AAA11A118AAA",,"5",,,
"WDC3786","2019-09-15T00:00:00","26.70","-136.90",,,"1","6","2","5","2","4","1",,"20","4","82","1","98","2","2","10185","6","4","8","248",,"190","153","1","263","4","4","1","6","A","A",,"3","1","15","10","3","236","66","798","172","5","1","2","2","311111","11111111111111",,"5",,"2",
"4301564","2019-09-15T01:00:00","29.85","-130.79",,,"1","4","2","5",,,"11",,,,,,,,,"10166",,,"8",,,,,"9","240",,,,,,,,,,,,,"236","90","798","172","7","0",,"2","1FFF1F","1AAAA1AAA1AAAA","4",,,,
"4301567","2019-09-15T01:00:00","25.01","-133.20",,,"1","4","2","5",,,"11",,,,,,,,,"10160",,,"8",,,,,"9","242",,,,,,,,,,,,,"236","53","798","172","7","0",,"2","1FFF1F","1AAAA1AAA1AAAA","4",,,,
"4301571","2019-09-15T01:00:00","22.75","-133.33",,,"1","4","2","5",,,"11",,,,,,,,,"10151",,,"8",,,,,"9","246",,,,,,,,,,,,,"236","23","798","172","7","0",,"2","1FFF1F","1AAAA1AAA1AAAA","4",,,,
"4301611","2019-09-15T01:00:00","24.33","-139.90",,,"1","4","2","5",,,"11",,,,,,,,,"10169",,,"8",,,,,"9","254",,,,,,,,,,,,,"236","49","798","172","7","0",,"2","1FFF1F","1AAAA1AAA1AAAA","4",,,,
"4600616","2019-09-15T01:00:00","25.15","-139.23",,,"1","4","2","5",,,"11",,,,,,,,,,,,"8",,,,,"9","255",,,,,,,,,,,,,"236","59","798","172","7","1","2","2","1FFFFF","1AAAAAAAA1AAAA","4",,,,
"5102585","2019-09-15T01:00:00","28.19","-139.40",,,"1","4","2","5",,,"11",,,,,,,,,,,,"8",,,,,"9","255",,,,,,,,,,,,,"236","89","798","172","7","0",,"2","1FFFFF","1AAAAAAAA1AAAA","4",,,,
"5102593","2019-09-15T01:00:00","21.24","-131.80",,,"1","4","2","5",,,"11",,,,,,,,,,,,"8",,,,,"9","255",,,,,,,,,,,,,"236","11","798","172","7","0",,"2","1FFFFF","1AAAAAAAA1AAAA","4",,,,
"WDA7827","2019-09-15T01:00:00","26.90","-138.00",,,"1","6","2","5","9",,"1",,"40","4","26",,,,,"10167",,,"8","236",,,"165","3","255",,,"A",,"A","A",,,,,,,"236","68","798","172","5","1","2","2","111111","11AAA11A118AAA",,"5",,,
"4301568","2019-09-15T01:04:00","29.76","-131.07",,,"1","4","2","5",,,"11",,,,,,,,,"10163",,,"8",,,,,"9","240",,,,,,,,,,,,,"236","91","798","172","7","0",,"2","1FFF1F","1AAAA1AAA1AAAA","4",,,,
"4301564","2019-09-15T02:00:00","29.85","-130.80",,,"1","4","2","5",,,"11",,,,,,,,,"10168",,,"8",,,,,"9","239",,,,,,,,,,,,,"236","90","798","172","7","0",,"2","1FFF1F","1AAAA1AAA1AAAA","4",,,,
"4301567","2019-09-15T02:00:00","25.01","-133.21",,,"1","4","2","5",,,"11",,,,,,,,,"10160",,,"8",,,,,"9","241",,,,,,,,,,,,,"236","53","798","172","7","0",,"2","1FFF1F","1AAAA1AAA1AAAA","4",,,,
"4301571","2019-09-15T02:00:00","22.74","-133.33",,,"1","4","2","5",,,"11",,,,,,,,,"10153",,,"8",,,,,"9","245",,,,,,,,,,,,,"236","23","798","172","7","0",,"2","1FFF1F","1AAAA1AAA1AAAA","4",,,,
"4600616","2019-09-15T02:00:00","25.15","-139.25",,,"1","4","2","5",,,"11",,,,,,,,,,,,"8",,,,,"9","255",,,,,,,,,,,,,"236","59","798","172","7","1","2","2","1FFFFF","1AAAAAAAA1AAAA","4",,,,
"5102585","2019-09-15T02:00:00","28.18","-139.40",,,"1","4","2","5",,,"11",,,,,,,,,,,,"8",,,,,"9","255",,,,,,,,,,,,,"236","89","798","172","7","0",,"2","1FFFFF","1AAAAAAAA1AAAA","4",,,,
"5102593","2019-09-15T02:00:00","21.24","-131.80",,,"1","4","2","5",,,"11",,,,,,,,,,,,"8",,,,,"9","254",,,,,,,,,,,,,"236","11","798","172","7","0",,"2","1FFFFF","1AAAAAAAA1AAAA","4",,,,
"WDA7827","2019-09-15T02:00:00","27.00","-137.80",,,"1","6","2","5","9",,"1",,"40","4","31",,,,,"10165",,,"8","237",,,"165","3","254",,,"A",,"A","A",,,,,,,"236","77","798","172","5","1","2","2","111111","11AAA11A118AAA",,"5",,,
"4301611","2019-09-15T02:04:00","24.34","-139.91",,,"1","4","2","5",,,"11",,,,,,,,,"10170",,,"8",,,,,"9","254",,,,,,,,,,,,,"236","49","798","172","7","0",,"2","1FFF1F","1AAAA1AAA1AAAA","4",,,,
"4301564","2019-09-15T03:00:00","29.85","-130.80",,,"1","4","2","5",,,"11",,,,,,,,,"10171",,,"8",,,,,"9","239",,,,,,,,,,,,,"236","90","798","172","7","0",,"1","1FFF1F","1AAAA1AAA1AAAA","4",,,,
"4301567","2019-09-15T03:00:00","25.00","-133.20",,,"1","4","2","5",,,"11",,,,,,,,,"10163",,,"8",,,,,"9","241",,,,,,,,,,,,,"236","53","798","172","7","0",,"1","1FFF1F","1AAAA1AAA1AAAA","4",,,,
"4301568","2019-09-15T03:00:00","29.76","-131.08",,,"1","4","2","5",,,"11",,,,,,,,,"10172",,,"8",,,,,"9","239",,,,,,,,,,,,,"236","91","798","172","7","0",,"1","1FFF1F","1AAAA1AAA1AAAA","4",,,,
"4301571","2019-09-15T03:00:00","22.74","-133.34",,,"1","4","2","5",,,"11",,,,,,,,,"10156",,,"8",,,,,"9","245",,,,,,,,,,,,,"236","23","798","172","7","0",,"1","1FFF1F","1AAAA1AAA1AAAA","4",,,,
"4301611","2019-09-15T03:00:00","24.34","-139.92",,,"1","4","2","5",,,"11",,,,,,,,,"10171",,,"8",,,,,"9","254",,,,,,,,,,,,,"236","49","798","172","7","0",,"2","1FFF1F","1AAAA1AAA1AAAA","4",,,,
"4600616","2019-09-15T03:00:00","25.15","-139.25",,,"1","4","2","5",,,"11",,,,,,,,,,,,"8",,,,,"9","254",,,,,,,,,,,,,"236","59","798","172","7","1","2","2","1FFFFF","1AAAAAAAA1AAAA","4",,,,
"5102585","2019-09-15T03:00:00","28.18","-139.41",,,"1","4","2","5",,,"11",,,,,,,,,,,,"8",,,,,"9","254",,,,,,,,,,,,,"236","89","798","172","7","0",,"2","1FFFFF","1AAAAAAAA1AAAA","4",,,,
"5102593","2019-09-15T03:00:00","21.24","-131.80",,,"1","4","2","5",,,"11",,,,,,,,,,,,"8",,,,,"9","254",,,,,,,,,,,,,"236","11","798","172","7","0",,"1","1FFFFF","1AAAAAAAA1AAAA","4",,,,
"WDA7827","2019-09-15T03:00:00","27.00","-137.60",,,"1","6","2","5","9",,"1",,"20","4","36",,,,,"10164",,,"8","235",,,"170","3","253",,,"A",,"A","A",,,,,,,"236","77","798","172","5","1","2","2","111111","11AAA11A118AAA",,"5",,,
"4301567","2019-09-15T04:00:00","25.00","-133.20",,,"1","4","2","5",,,"11",,,,,,,,,"10165",,,"8",,,,,"9","241",,,,,,,,,,,,,"236","53","798","172","7","0",,"1","1FFF1F","1AAAA1AAA1AAAA","4",,,,
"4301568","2019-09-15T04:00:00","29.76","-131.09",,,"1","4","2","5",,,"11",,,,,,,,,"10174",,,"8",,,,,"9","239",,,,,,,,,,,,,"236","91","798","172","7","0",,"1","1FFF1F","1AAAA1AAA1AAAA","4",,,,
"4301571","2019-09-15T04:00:00","22.73","-133.35",,,"1","4","2","5",,,"11",,,,,,,,,"10161",,,"8",,,,,"9","244",,,,,,,,,,,,,"236","23","798","172","7","0",,"1","1FFF1F","1AAAA1AAA1AAAA","4",,,,
"4600616","2019-09-15T04:00:00","25.14","-139.26",,,"1","4","2","5",,,"11",,,,,,,,,,,,"8",,,,,"9","254",,,,,,,,,,,,,"236","59","798","172","7","1","2","1","1FFFFF","1AAAAAAAA1AAAA","4",,,,
"5102585","2019-09-15T04:00:00","28.18","-139.42",,,"1","4","2","5",,,"11",,,,,,,,,,,,"8",,,,,"9","254",,,,,,,,,,,,,"236","89","798","172","7","0",,"1","1FFFFF","1AAAAAAAA1AAAA","4",,,,
"5102593","2019-09-15T04:00:00","21.24","-131.81",,,"1","4","2","5",,,"11",,,,,,,,,,,,"8",,,,,"9","254",,,,,,,,,,,,,"236","11","798","172","7","0",,"1","1FFFFF","1AAAAAAAA1AAAA","4",,,,
"WDA7827","2019-09-15T04:00:00","27.10","-137.40",,,"1","6","2","5","9",,"1",,"50","4","41",,,,,"10167",,,"8","234",,,"177","3","253",,,"A",,"A","A",,,,,,,"236","77","798","172","5","1","2","1","111111","11AAA11A118AAA",,"5",,,
"4301611","2019-09-15T04:01:00","24.35","-139.93",,,"1","4","2","5",,,"11",,,,,,,,,"10174",,,"8",,,,,"9","253",,,,,,,,,,,,,"236","49","798","172","7","0",,"1","1FFF1F","1AAAA1AAA1AAAA","4",,,,
"4301564","2019-09-15T04:04:00","29.85","-130.82",,,"1","4","2","5",,,"11",,,,,,,,,"10174",,,"8",,,,,"9","239",,,,,,,,,,,,,"236","90","798","172","7","0",,"1","1FFF1F","1AAAA1AAA1AAAA","4",,,,
"4301567","2019-09-15T05:00:00","24.99","-133.20",,,"1","4","2","5",,,"11",,,,,,,,,"10168",,,"8",,,,,"9","241",,,,,,,,,,,,,"236","43","798","172","7","0",,"1","1FFF1F","1AAAA1AAA1AAAA","4",,,,
"4301568","2019-09-15T05:00:00","29.77","-131.09",,,"1","4","2","5",,,"11",,,,,,,,,"10178",,,"8",,,,,"9","239",,,,,,,,,,,,,"236","91","798","172","7","0",,"1","1FFF1F","1AAAA1AAA1AAAA","4",,,,
"4301611","2019-09-15T05:00:00","24.36","-139.94",,,"1","4","2","5",,,"11",,,,,,,,,"10178",,,"8",,,,,"9","253",,,,,,,,,,,,,"236","49","798","172","7","0",,"1","1FFF1F","1AAAA1AAA1AAAA","4",,,,
"4600616","2019-09-15T05:00:00","25.13","-139.28",,,"1","4","2","5",,,"11",,,,,,,,,,,,"8",,,,,"9","254",,,,,,,,,,,,,"236","59","798","172","7","1","2","1","1FFFFF","1AAAAAAAA1AAAA","4",,,,
"5102585","2019-09-15T05:00:00","28.17","-139.42",,,"1","4","2","5",,,"11",,,,,,,,,,,,"8",,,,,"9","254",,,,,,,,,,,,,"236","89","798","172","7","0",,"1","1FFFFF","1AAAAAAAA1AAAA","4",,,,
"5102593","2019-09-15T05:00:00","21.25","-131.81",,,"1","4","2","5",,,"11",,,,,,,,,,,,"8",,,,,"9","254",,,,,,,,,,,,,"236","11","798","172","7","0",,"1","1FFFFF","1AAAAAAAA1AAAA","4",,,,
"WDA7827","2019-09-15T05:00:00","27.10","-137.20",,,"1","6","2","5","9",,"1",,"60","4","57",,,,,"10170",,,"8","236",,,"168","3","252",,,"A",,"A","A",,,,,,,"236","77","798","172","5","1","2","1","111111","11AAA11A118AAA",,"5",,,
"4301571","2019-09-15T05:02:00","22.73","-133.36",,,"1","4","2","5",,,"11",,,,,,,,,"10164",,,"8",,,,,"9","244",,,,,,,,,,,,,"236","23","798","172","7","0",,"1","1FFF1F","1AAAA1AAA1AAAA","4",,,,
"4301564","2019-09-15T05:04:00","29.85","-130.81",,,"1","4","2","5",,,"11",,,,,,,,,"10175",,,"8",,,,,"9","239",,,,,,,,,,,,,"236","90","798","172","7","0",,"1","1FFF1F","1AAAA1AAA1AAAA","4",,,,
"4301568","2019-09-15T06:00:00","29.78","-131.10",,,"1","4","2","5",,,"11",,,,,,,,,"10180",,,"8",,,,,"9","239",,,,,,,,,,,,,"236","91","798","172","7","0",,"1","1FFF1F","1AAAA1AAA1AAAA","4",,,,
"4301571","2019-09-15T06:00:00","22.73","-133.36",,,"1","4","2","5",,,"11",,,,,,,,,"10167",,,"8",,,,,"9","244",,,,,,,,,,,,,"236","23","798","172","7","0",,"1","1FFF1F","1AAAA1AAA1AAAA","4",,,,
"4301611","2019-09-15T06:00:00","24.36","-139.95",,,"1","4","2","5",,,"11",,,,,,,,,"10183",,,"8",,,,,"9","253",,,,,,,,,,,,,"236","49","798","172","7","0",,"1","1FFF1F","1AAAA1AAA1AAAA","4",,,,
"4600616","2019-09-15T06:00:00","25.14","-139.29",,,"1","4","2","5",,,"11",,,,,,,,,,,,"8",,,,,"9","253",,,,,,,,,,,,,"236","59","798","172","7","1","2","1","1FFFFF","1AAAAAAAA1AAAA","4",,,,
"5102585","2019-09-15T06:00:00","28.17","-139.43",,,"1","4","2","5",,,"11",,,,,,,,,,,,"8",,,,,"9","254",,,,,,,,,,,,,"236","89","798","172","7","0",,"1","1FFFFF","1AAAAAAAA1AAAA","4",,,,
"5102593","2019-09-15T06:00:00","21.26","-131.81",,,"1","4","2","5",,,"11",,,,,,,,,,,,"8",,,,,"9","254",,,,,,,,,,,,,"236","11","798","172","7","0",,"1","1FFFFF","1AAAAAAAA1AAAA","4",,,,
"WDA7827","2019-09-15T06:00:00","27.20","-137.00",,,"1","6","2","5","9",,"1",,"70","4","36",,,,,"10173",,,"8","233",,,"178","3","251",,,"A",,"A","A",,,,,,,"236","77","798","172","5","1","2","1","111111","11AAA11A118AAA",,"5",,,
"4301567","2019-09-15T06:01:00","24.99","-133.19",,,"1","4","2","5",,,"11",,,,,,,,,"10172",,,"8",,,,,"9","241",,,,,,,,,,,,,"236","43","798","172","7","0",,"1","1FFF1F","1AAAA1AAA1AAAA","4",,,,
"4301564","2019-09-15T06:04:00","29.86","-130.81",,,"1","4","2","5",,,"11",,,,,,,,,"10179",,,"8",,,,,"9","239",,,,,,,,,,,,,"236","90","798","172","7","0",,"1","1FFF1F","1AAAA1AAA1AAAA","4",,,,
"4301567","2019-09-15T07:00:00","24.98","-133.19",,,"1","4","2","5",,,"11",,,,,,,,,"10173",,,"8",,,,,"9","240",,,,,,,,,,,,,"236","43","798","172","7","0",,"1","1FFF1F","1AAAA1AAA1AAAA","4",,,,
"4301568","2019-09-15T07:00:00","29.79","-131.10",,,"1","4","2","5",,,"11",,,,,,,,,"10180",,,"8",,,,,"9","239",,,,,,,,,,,,,"236","91","798","172","7","0",,"1","1FFF1F","1AAAA1AAA1AAAA","4",,,,
"4301571","2019-09-15T07:00:00","22.73","-133.37",,,"1","4","2","5",,,"11",,,,,,,,,"10170",,,"8",,,,,"9","244",,,,,,,,,,,,,"236","23","798","172","7","0",,"1","1FFF1F","1AAAA1AAA1AAAA","4",,,,
"4301611","2019-09-15T07:00:00","24.37","-139.96",,,"1","4","2","5",,,"11",,,,,,,,,"10184",,,"8",,,,,"9","252",,,,,,,,,,,,,"236","49","798","172","7","0",,"1","1FFF1F","1AAAA1AAA1AAAA","4",,,,
"4600616","2019-09-15T07:00:00","25.13","-139.30",,,"1","4","2","5",,,"11",,,,,,,,,,,,"8",,,,,"9","253",,,,,,,,,,,,,"236","59","798","172","7","1","2","1","1FFFFF","1AAAAAAAA1AAAA","4",,,,
"5102585","2019-09-15T07:00:00","28.17","-139.44",,,"1","4","2","5",,,"11",,,,,,,,,,,,"8",,,,,"9","253",,,,,,,,,,,,,"236","89","798","172","7","0",,"1","1FFFFF","1AAAAAAAA1AAAA","4",,,,
"5102593","2019-09-15T07:00:00","21.27","-131.80",,,"1","4","2","5",,,"11",,,,,,,,,,,,"8",,,,,"9","254",,,,,,,,,,,,,"236","11","798","172","7","0",,"1","1FFFFF","1AAAAAAAA1AAAA","4",,,,
"WDA7827","2019-09-15T07:00:00","27.20","-136.80",,,"1","6","2","5","9",,"1",,"60","4","31",,,,,"10174",,,"8","232",,,"175","3","249",,,"A",,"A","A",,,,,,,"236","76","798","172","5","1","2","1","111111","11AAA11A118AAA",,"5",,,
"4301564","2019-09-15T07:04:00","29.86","-130.81",,,"1","4","2","5",,,"11",,,,,,,,,"10179",,,"8",,,,,"9","239",,,,,,,,,,,,,"236","90","798","172","7","0",,"1","1FFF1F","1AAAA1AAA1AAAA","4",,,,
"4301567","2019-09-15T08:00:00","24.97","-133.19",,,"1","4","2","5",,,"11",,,,,,,,,"10169",,,"8",,,,,"9","240",,,,,,,,,,,,,"236","43","798","172","7","0",,"1","1FFF1F","1AAAA1AAA1AAAA","4",,,,
"4301568","2019-09-15T08:00:00","29.80","-131.09",,,"1","4","2","5",,,"11",,,,,,,,,"10177",,,"8",,,,,"9","239",,,,,,,,,,,,,"236","91","798","172","7","0",,"1","1FFF1F","1AAAA1AAA1AAAA","4",,,,
"4301571","2019-09-15T08:00:00","22.74","-133.38",,,"1","4","2","5",,,"11",,,,,,,,,"10169",,,"8",,,,,"9","244",,,,,,,,,,,,,"236","23","798","172","7","0",,"1","1FFF1F","1AAAA1AAA1AAAA","4",,,,
"4600616","2019-09-15T08:00:00","25.13","-139.31",,,"1","4","2","5",,,"11",,,,,,,,,,,,"8",,,,,"9","253",,,,,,,,,,,,,"236","59","798","172","7","1","2","1","1FFFFF","1AAAAAAAA1AAAA","4",,,,
"5102585","2019-09-15T08:00:00","28.17","-139.44",,,"1","4","2","5",,,"11",,,,,,,,,,,,"8",,,,,"9","254",,,,,,,,,,,,,"236","89","798","172","7","0",,"1","1FFFFF","1AAAAAAAA1AAAA","4",,,,
"5102593","2019-09-15T08:00:00","21.27","-131.80",,,"1","4","2","5",,,"11",,,,,,,,,,,,"8",,,,,"9","254",,,,,,,,,,,,,"236","11","798","172","7","0",,"1","1FFFFF","1AAAAAAAA1AAAA","4",,,,
"WDA7827","2019-09-15T08:00:00","27.30","-136.60",,,"1","6","2","5","9",,"1",,"10","4","21",,,,,"10171",,,"8","230",,,"182","3","248",,,"A",,"A","A",,,,,,,"236","76","798","172","5","1","2","1","111111","11AAA11A118AAA",,"5",,,
"4301611","2019-09-15T08:03:00","24.37","-139.96",,,"1","4","2","5",,,"11",,,,,,,,,"10183",,,"8",,,,,"9","252",,,,,,,,,,,,,"236","49","798","172","7","0",,"1","1FFF1F","1AAAA1AAA1AAAA","4",,,,
"4301564","2019-09-15T08:04:00","29.87","-130.81",,,"1","4","2","5",,,"11",,,,,,,,,"10176",,,"8",,,,,"9","239",,,,,,,,,,,,,"236","90","798","172","7","0",,"1","1FFF1F","1AAAA1AAA1AAAA","4",,,,
"4301567","2019-09-15T09:00:00","24.96","-133.19",,,"1","4","2","5",,,"11",,,,,,,,,"10166",,,"8",,,,,"9","240",,,,,,,,,,,,,"236","43","798","172","7","0",,"1","1FFF1F","1AAAA1AAA1AAAA","4",,,,
"4301611","2019-09-15T09:00:00","24.38","-139.97",,,"1","4","2","5",,,"11",,,,,,,,,"10182",,,"8",,,,,"9","252",,,,,,,,,,,,,"236","49","798","172","7","0",,"1","1FFF1F","1AAAA1AAA1AAAA","4",,,,
"4600616","2019-09-15T09:00:00","25.13","-139.31",,,"1","4","2","5",,,"11",,,,,,,,,,,,"8",,,,,"9","253",,,,,,,,,,,,,"236","59","798","172","7","1","2","1","1FFFFF","1AAAAAAAA1AAAA","4",,,,
"5102585","2019-09-15T09:00:00","28.18","-139.45",,,"1","4","2","5",,,"11",,,,,,,,,,,,"8",,,,,"9","253",,,,,,,,,,,,,"236","89","798","172","7","0",,"1","1FFFFF","1AAAAAAAA1AAAA","4",,,,
"5102593","2019-09-15T09:00:00","21.27","-131.79",,,"1","4","2","5",,,"11",,,,,,,,,,,,"8",,,,,"9","254",,,,,,,,,,,,,"236","11","798","172","7","0",,"1","1FFFFF","1AAAAAAAA1AAAA","4",,,,
"WDA7827","2019-09-15T09:00:00","27.40","-136.40",,,"1","6","2","5","9",,"1",,"70","4","26",,,,,"10168",,,"8","234",,,"182","3","250",,,"A",,"A","A",,,,,,,"236","76","798","172","5","1","2","1","111111","11AAA11A118AAA",,"5",,,
"4301568","2019-09-15T09:01:00","29.80","-131.10",,,"1","4","2","5",,,"11",,,,,,,,,"10175",,,"8",,,,,"9","238",,,,,,,,,,,,,"236","91","798","172","7","0",,"1","1FFF1F","1AAAA1AAA1AAAA","4",,,,
"4301564","2019-09-15T09:04:00","29.87","-130.81",,,"1","4","2","5",,,"11",,,,,,,,,"10174",,,"8",,,,,"9","239",,,,,,,,,,,,,"236","90","798","172","7","0",,"1","1FFF1F","1AAAA1AAA1AAAA","4",,,,
"4301567","2019-09-15T10:00:00","24.96","-133.19",,,"1","4","2","5",,,"11",,,,,,,,,"10162",,,"8",,,,,"9","240",,,,,,,,,,,,,"236","43","798","172","7","0",,"1","1FFF1F","1AAAA1AAA1AAAA","4",,,,
"4301568","2019-09-15T10:00:00","29.81","-131.09",,,"1","4","2","5",,,"11",,,,,,,,,"10171",,,"8",,,,,"9","238",,,,,,,,,,,,,"236","91","798","172","7","0",,"1","1FFF1F","1AAAA1AAA1AAAA","4",,,,
"4301571","2019-09-15T10:00:00","22.75","-133.39",,,"1","4","2","5",,,"11",,,,,,,,,"10159",,,"8",,,,,"9","244",,,,,,,,,,,,,"236","23","798","172","7","0",,"1","1FFF1F","1AAAA1AAA1AAAA","4",,,,
"4301611","2019-09-15T10:00:00","24.38","-139.98",,,"1","4","2","5",,,"11",,,,,,,,,"10176",,,"8",,,,,"9","252",,,,,,,,,,,,,"236","49","798","172","7","0",,"1","1FFF1F","1AAAA1AAA1AAAA","4",,,,
"4600616","2019-09-15T10:00:00","25.13","-139.31",,,"1","4","2","5",,,"11",,,,,,,,,,,,"8",,,,,"9","253",,,,,,,,,,,,,"236","59","798","172","7","1","2","1","1FFFFF","1AAAAAAAA1AAAA","4",,,,
"5102585","2019-09-15T10:00:00","28.17","-139.45",,,"1","4","2","5",,,"11",,,,,,,,,,,,"8",,,,,"9","253",,,,,,,,,,,,,"236","89","798","172","7","0",,"1","1FFFFF","1AAAAAAAA1AAAA","4",,,,
"5102593","2019-09-15T10:00:00","21.27","-131.78",,,"1","4","2","5",,,"11",,,,,,,,,,,,"8",,,,,"9","254",,,,,,,,,,,,,"236","11","798","172","7","0",,"1","1FFFFF","1AAAAAAAA1AAAA","4",,,,
"WDA7827","2019-09-15T10:00:00","27.40","-136.20",,,"1","6","2","5","9",,"1",,"50","4","36",,,,,"10162",,,"8","234",,,"185","3","249",,,"A",,"A","A",,,,,,,"236","76","798","172","5","1","2","1","111111","11AAA11A118AAA",,"5",,,
"4301564","2019-09-15T10:04:00","29.87","-130.81",,,"1","4","2","5",,,"11",,,,,,,,,"10170",,,"8",,,,,"9","239",,,,,,,,,,,,,"236","90","798","172","7","0",,"1","1FFF1F","1AAAA1AAA1AAAA","4",,,,
"4301567","2019-09-15T11:00:00","24.95","-133.20",,,"1","4","2","5",,,"11",,,,,,,,,"10155",,,"8",,,,,"9","240",,,,,,,,,,,,,"236","43","798","172","7","0",,"1","1FFF1F","1AAAA1AAA1AAAA","4",,,,
"4301568","2019-09-15T11:00:00","29.82","-131.09",,,"1","4","2","5",,,"11",,,,,,,,,"10167",,,"8",,,,,"9","238",,,,,,,,,,,,,"236","91","798","172","7","0",,"1","1FFF1F","1AAAA1AAA1AAAA","4",,,,
"4301571","2019-09-15T11:00:00","22.76","-133.40",,,"1","4","2","5",,,"11",,,,,,,,,"10153",,,"8",,,,,"9","244",,,,,,,,,,,,,"236","23","798","172","7","0",,"1","1FFF1F","1AAAA1AAA1AAAA","4",,,,
"4301611","2019-09-15T11:00:00","24.39","-139.99",,,"1","4","2","5",,,"11",,,,,,,,,"10169",,,"8",,,,,"9","252",,,,,,,,,,,,,"236","49","798","172","7","0",,"1","1FFF1F","1AAAA1AAA1AAAA","4",,,,
"4600616","2019-09-15T11:00:00","25.13","-139.31",,,"1","4","2","5",,,"11",,,,,,,,,,,,"8",,,,,"9","252",,,,,,,,,,,,,"236","59","798","172","7","1","2","1","1FFFFF","1AAAAAAAA1AAAA","4",,,,
"5102585","2019-09-15T11:00:00","28.17","-139.46",,,"1","4","2","5",,,"11",,,,,,,,,,,,"8",,,,,"9","253",,,,,,,,,,,,,"236","89","798","172","7","0",,"1","1FFFFF","1AAAAAAAA1AAAA","4",,,,
"5102593","2019-09-15T11:00:00","21.27","-131.78",,,"1","4","2","5",,,"11",,,,,,,,,,,,"8",,,,,"9","254",,,,,,,,,,,,,"236","11","798","172","7","0",,"1","1FFFFF","1AAAAAAAA1AAAA","4",,,,
"WDA7827","2019-09-15T11:00:00","27.50","-135.90",,,"1","6","2","5","9",,"1",,"80","4","26",,,,,"10156",,,"8","235",,,"182","3","250",,,"A",,"A","A",,,,,,,"236","75","798","172","5","1","2","1","111111","11AAA11A118AAA",,"5",,,
"4301564","2019-09-15T11:02:00","29.87","-130.81",,,"1","4","2","5",,,"11",,,,,,,,,"10166",,,"8",,,,,"9","239",,,,,,,,,,,,,"236","90","798","172","7","0",,"1","1FFF1F","1AAAA1AAA1AAAA","4",,,,
"4301567","2019-09-15T12:00:00","24.94","-133.20",,,"1","4","2","5",,,"11",,,,,,,,,"10153",,,"8",,,,,"9","240",,,,,,,,,,,,,"236","43","798","172","7","0",,"1","1FFF1F","1AAAA1AAA1AAAA","4",,,,
"4301568","2019-09-15T12:00:00","29.82","-131.09",,,"1","4","2","5",,,"11",,,,,,,,,"10163",,,"8",,,,,"9","238",,,,,,,,,,,,,"236","91","798","172","7","0",,"1","1FFF1F","1AAAA1AAA1AAAA","4",,,,
"4301571","2019-09-15T12:00:00","22.76","-133.40",,,"1","4","2","5",,,"11",,,,,,,,,"10150",,,"8",,,,,"9","244",,,,,,,,,,,,,"236","23","798","172","7","0",,"1","1FFF1F","1AAAA1AAA1AAAA","4",,,,
"4301611","2019-09-15T12:00:00","24.39","-139.99",,,"1","4","2","5",,,"11",,,,,,,,,"10164",,,"8",,,,,"9","252",,,,,,,,,,,,,"236","49","798","172","7","0",,"1","1FFF1F","1AAAA1AAA1AAAA","4",,,,
"4600616","2019-09-15T12:00:00","25.10","-139.31",,,"1","4","2","5",,,"11",,,,,,,,,,,,"8",,,,,"9","252",,,,,,,,,,,,,"236","59","798","172","7","1","2","1","1FFFFF","1AAAAAAAA1AAAA","4",,,,
"5102585","2019-09-15T12:00:00","28.18","-139.46",,,"1","4","2","5",,,"11",,,,,,,,,,,,"8",,,,,"9","253",,,,,,,,,,,,,"236","89","798","172","7","0",,"1","1FFFFF","1AAAAAAAA1AAAA","4",,,,
"5102593","2019-09-15T12:00:00","21.27","-131.77",,,"1","4","2","5",,,"11",,,,,,,,,,,,"8",,,,,"9","254",,,,,,,,,,,,,"236","11","798","172","7","0",,"1","1FFFFF","1AAAAAAAA1AAAA","4",,,,
"WDA7827","2019-09-15T12:00:00","27.50","-135.70",,,"1","6","2","5","9",,"1",,"90","4","26",,,,,"10152",,,"8","234",,,"186","3","250",,,"A",,"A","A",,,,,,,"236","75","798","172","5","1","2","1","111111","11AAA11A118AAA",,"5",,,
"WDC3786","2019-09-15T12:00:00","27.90","-132.80",,,"1","5","2","5","2","4","1",,"30","4","62","1","98","15","0","10172","4","0","8","218",,"188","169",,,"8","8","8","5","A","A",,"2","1",,,,"236","72","798","172","5","1","2","1","F11111","111111111A11A1",,"5",,"0",
"4301564","2019-09-15T12:04:00","29.87","-130.81",,,"1","4","2","5",,,"11",,,,,,,,,"10164",,,"8",,,,,"9","239",,,,,,,,,,,,,"236","90","798","172","7","0",,"1","1FFF1F","1AAAA1AAA1AAAA","4",,,,
"4301567","2019-09-15T13:00:00","24.94","-133.20",,,"1","4","2","5",,,"11",,,,,,,,,"10152",,,"8",,,,,"9","239",,,,,,,,,,,,,"236","43","798","172","7","0",,"1","1FFF1F","1AAAA1AAA1AAAA","4",,,,
"4301571","2019-09-15T13:00:00","22.76","-133.40",,,"1","4","2","5",,,"11",,,,,,,,,"10149",,,"8",,,,,"9","244",,,,,,,,,,,,,"236","23","798","172","7","0",,"1","1FFF1F","1AAAA1AAA1AAAA","4",,,,
"4600616","2019-09-15T13:00:00","25.13","-139.31",,,"1","4","2","5",,,"11",,,,,,,,,,,,"8",,,,,"9","253",,,,,,,,,,,,,"236","59","798","172","7","1","2","1","1FFFFF","1AAAAAAAA1AAAA","4",,,,
"5102585","2019-09-15T13:00:00","28.18","-139.47",,,"1","4","2","5",,,"11",,,,,,,,,,,,"8",,,,,"9","253",,,,,,,,,,,,,"236","89","798","172","7","0",,"1","1FFFFF","1AAAAAAAA1AAAA","4",,,,
"5102593","2019-09-15T13:00:00","21.27","-131.76",,,"1","4","2","5",,,"11",,,,,,,,,,,,"8",,,,,"9","253",,,,,,,,,,,,,"236","11","798","172","7","0",,"1","1FFFFF","1AAAAAAAA1AAAA","4",,,,
"WDA7827","2019-09-15T13:00:00","27.60","-135.50",,,"1","6","2","5","9",,"1",,"80","4","31",,,,,"10152",,,"8","231",,,"184","3","249",,,"A",,"A","A",,,,,,,"236","75","798","172","5","1","2","1","111111","11AAA11A118AAA",,"5",,,
"4301611","2019-09-15T13:01:00","24.40","-140.00",,,"1","4","2","5",,,"11",,,,,,,,,"10164",,,"8",,,,,"9","252",,,,,,,,,,,,,"235","40","798","172","7","0",,"1","1FFF1F","1AAAA1AAA1AAAA","4",,,,
"4301564","2019-09-15T13:04:00","29.87","-130.81",,,"1","4","2","5",,,"11",,,,,,,,,"10163",,,"8",,,,,"9","239",,,,,,,,,,,,,"236","90","798","172","7","0",,"1","1FFF1F","1AAAA1AAA1AAAA","4",,,,
"4301567","2019-09-15T14:00:00","24.93","-133.20",,,"1","4","2","5",,,"11",,,,,,,,,"10155",,,"8",,,,,"9","239",,,,,,,,,,,,,"236","43","798","172","7","0",,"1","1FFF1F","1AAAA1AAA1AAAA","4",,,,
"4301571","2019-09-15T14:00:00","22.77","-133.40",,,"1","4","2","5",,,"11",,,,,,,,,"10150",,,"8",,,,,"9","244",,,,,,,,,,,,,"236","23","798","172","7","0",,"1","1FFF1F","1AAAA1AAA1AAAA","4",,,,
"4600616","2019-09-15T14:00:00","25.10","-139.31",,,"1","4","2","5",,,"11",,,,,,,,,,,,"8",,,,,"9","253",,,,,,,,,,,,,"236","59","798","172","7","1","2","1","1FFFFF","1AAAAAAAA1AAAA","4",,,,
"5102585","2019-09-15T14:00:00","28.18","-139.47",,,"1","4","2","5",,,"11",,,,,,,,,,,,"8",,,,,"9","253",,,,,,,,,,,,,"236","89","798","172","7","0",,"1","1FFFFF","1AAAAAAAA1AAAA","4",,,,
"5102593","2019-09-15T14:00:00","21.27","-131.75",,,"1","4","2","5",,,"11",,,,,,,,,,,,"8",,,,,"9","253",,,,,,,,,,,,,"236","11","798","172","7","0",,"1","1FFFFF","1AAAAAAAA1AAAA","4",,,,
"WDA7827","2019-09-15T14:00:00","27.70","-135.30",,,"1","6","2","5","9",,"1",,"70","4","36",,,,,"10156",,,"8","231",,,"174","3","249",,,"A",,"A","A",,,,,,,"236","75","798","172","5","1","2","1","111111","11AAA11A118AAA",,"5",,,
"4301611","2019-09-15T14:01:00","24.40","-140.00",,,"1","4","2","5",,,"11",,,,,,,,,"10165",,,"8",,,,,"9","252",,,,,,,,,,,,,"235","40","798","172","7","0",,"1","1FFF1F","1AAAA1AAA1AAAA","4",,,,
"4301567","2019-09-15T15:00:00","24.93","-133.20",,,"1","4","2","5",,,"11",,,,,,,,,"10158",,,"8",,,,,"9","239",,,,,,,,,,,,,"236","43","798","172","7","0",,"2","1FFF1F","1AAAA1AAA1AAAA","4",,,,
"4301568","2019-09-15T15:00:00","29.83","-131.08",,,"1","4","2","5",,,"11",,,,,,,,,"10172",,,"8",,,,,"9","238",,,,,,,,,,,,,"236","91","798","172","7","0",,"2","1FFF1F","1AAAA1AAA1AAAA","4",,,,
"4301571","2019-09-15T15:00:00","22.77","-133.40",,,"1","4","2","5",,,"11",,,,,,,,,"10155",,,"8",,,,,"9","244",,,,,,,,,,,,,"236","23","798","172","7","0",,"2","1FFF1F","1AAAA1AAA1AAAA","4",,,,
"4600616","2019-09-15T15:00:00","25.10","-139.31",,,"1","4","2","5",,,"11",,,,,,,,,,,,"8",,,,,"9","252",,,,,,,,,,,,,"236","59","798","172","7","1","2","1","1FFFFF","1AAAAAAAA1AAAA","4",,,,
"5102585","2019-09-15T15:00:00","28.18","-139.47",,,"1","4","2","5",,,"11",,,,,,,,,,,,"8",,,,,"9","253",,,,,,,,,,,,,"236","89","798","172","7","0",,"1","1FFFFF","1AAAAAAAA1AAAA","4",,,,
"5102593","2019-09-15T15:00:00","21.27","-131.74",,,"1","4","2","5",,,"11",,,,,,,,,,,,"8",,,,,"9","253",,,,,,,,,,,,,"236","11","798","172","7","0",,"2","1FFFFF","1AAAAAAAA1AAAA","4",,,,
"WDA7827","2019-09-15T15:00:00","27.70","-135.10",,,"1","6","2","5","9",,"1",,"60","4","41",,,,,"10159",,,"8","229",,,"175","3","249",,,"A",,"A","A",,,,,,,"236","75","798","172","5","1","2","2","111111","11AAA11A118AAA",,"5",,,
"4301564","2019-09-15T15:01:00","29.87","-130.81",,,"1","4","2","5",,,"11",,,,,,,,,"10171",,,"8",,,,,"9","239",,,,,,,,,,,,,"236","90","798","172","7","0",,"2","1FFF1F","1AAAA1AAA1AAAA","4",,,,
"4301567","2019-09-15T16:00:00","24.93","-133.20",,,"1","4","2","5",,,"11",,,,,,,,,"10164",,,"8",,,,,"9","239",,,,,,,,,,,,,"236","43","798","172","7","0",,"2","1FFF1F","1AAAA1AAA1AAAA","4",,,,
"4301568","2019-09-15T16:00:00","29.84","-131.07",,,"1","4","2","5",,,"11",,,,,,,,,"10177",,,"8",,,,,"9","238",,,,,,,,,,,,,"236","91","798","172","7","0",,"2","1FFF1F","1AAAA1AAA1AAAA","4",,,,
"4301571","2019-09-15T16:00:00","22.77","-133.40",,,"1","4","2","5",,,"11",,,,,,,,,"10157",,,"8",,,,,"9","244",,,,,,,,,,,,,"236","23","798","172","7","0",,"2","1FFF1F","1AAAA1AAA1AAAA","4",,,,
"4600616","2019-09-15T16:00:00","25.09","-139.32",,,"1","4","2","5",,,"11",,,,,,,,,,,,"8",,,,,"9","252",,,,,,,,,,,,,"236","59","798","172","7","1","2","2","1FFFFF","1AAAAAAAA1AAAA","4",,,,
"5102585","2019-09-15T16:00:00","28.17","-139.47",,,"1","4","2","5",,,"11",,,,,,,,,,,,"8",,,,,"9","253",,,,,,,,,,,,,"236","89","798","172","7","0",,"2","1FFFFF","1AAAAAAAA1AAAA","4",,,,
"5102593","2019-09-15T16:00:00","21.27","-131.74",,,"1","4","2","5",,,"11",,,,,,,,,,,,"8",,,,,"9","253",,,,,,,,,,,,,"236","11","798","172","7","0",,"2","1FFFFF","1AAAAAAAA1AAAA","4",,,,
"WDA7827","2019-09-15T16:00:00","27.80","-134.90",,,"1","6","2","5","9",,"1",,"60","4","41",,,,,"10161",,,"8","234",,,"179","3","249",,,"A",,"A","A",,,,,,,"236","74","798","172","5","1","2","2","111111","11AAA11A118AAA",,"5",,,
"4301564","2019-09-15T16:03:00","29.87","-130.80",,,"1","4","2","5",,,"11",,,,,,,,,"10174",,,"8",,,,,"9","239",,,,,,,,,,,,,"236","90","798","172","7","0",,"2","1FFF1F","1AAAA1AAA1AAAA","4",,,,
"4301564","2019-09-15T17:00:00","29.87","-130.79",,,"1","4","2","5",,,"11",,,,,,,,,"10179",,,"8",,,,,"9","239",,,,,,,,,,,,,"236","90","798","172","7","0",,"2","1FFF1F","1AAAA1AAA1AAAA","4",,,,
"4301567","2019-09-15T17:00:00","24.92","-133.21",,,"1","4","2","5",,,"11",,,,,,,,,"10169",,,"8",,,,,"9","240",,,,,,,,,,,,,"236","43","798","172","7","0",,"2","1FFF1F","1AAAA1AAA1AAAA","4",,,,
"4301568","2019-09-15T17:00:00","29.84","-131.07",,,"1","4","2","5",,,"11",,,,,,,,,"10180",,,"8",,,,,"9","238",,,,,,,,,,,,,"236","91","798","172","7","0",,"2","1FFF1F","1AAAA1AAA1AAAA","4",,,,
"4301571","2019-09-15T17:00:00","22.77","-133.40",,,"1","4","2","5",,,"11",,,,,,,,,"10162",,,"8",,,,,"9","244",,,,,,,,,,,,,"236","23","798","172","7","0",,"2","1FFF1F","1AAAA1AAA1AAAA","4",,,,
"4600616","2019-09-15T17:00:00","25.09","-139.32",,,"1","4","2","5",,,"11",,,,,,,,,,,,"8",,,,,"9","252",,,,,,,,,,,,,"236","59","798","172","7","1","2","2","1FFFFF","1AAAAAAAA1AAAA","4",,,,
"5102585","2019-09-15T17:00:00","28.17","-139.47",,,"1","4","2","5",,,"11",,,,,,,,,,,,"8",,,,,"9","253",,,,,,,,,,,,,"236","89","798","172","7","0",,"2","1FFFFF","1AAAAAAAA1AAAA","4",,,,
"5102593","2019-09-15T17:00:00","21.27","-131.73",,,"1","4","2","5",,,"11",,,,,,,,,,,,"8",,,,,"9","253",,,,,,,,,,,,,"236","11","798","172","7","0",,"2","1FFFFF","1AAAAAAAA1AAAA","4",,,,
"WDA7827","2019-09-15T17:00:00","27.80","-134.70",,,"1","6","2","5","9",,"1",,"80","4","46",,,,,"10166",,,"8","234",,,"183","3","246",,,"A",,"A","A",,,,,,,"236","74","798","172","5","1","2","2","111111","11AAA11A118AAA",,"5",,,
"4301564","2019-09-15T18:00:00","29.87","-130.79",,,"1","4","2","5",,,"11",,,,,,,,,"10183",,,"8",,,,,"9","239",,,,,,,,,,,,,"236","90","798","172","7","0",,"2","1FFF1F","1AAAA1AAA1AAAA","4",,,,
"4301567","2019-09-15T18:00:00","24.92","-133.21",,,"1","4","2","5",,,"11",,,,,,,,,"10170",,,"8",,,,,"9","241",,,,,,,,,,,,,"236","43","798","172","7","0",,"2","1FFF1F","1AAAA1AAA1AAAA","4",,,,
"4301568","2019-09-15T18:00:00","29.85","-131.07",,,"1","4","2","5",,,"11",,,,,,,,,"10184",,,"8",,,,,"9","238",,,,,,,,,,,,,"236","91","798","172","7","0",,"2","1FFF1F","1AAAA1AAA1AAAA","4",,,,
"4301571","2019-09-15T18:00:00","22.77","-133.41",,,"1","4","2","5",,,"11",,,,,,,,,"10164",,,"8",,,,,"9","244",,,,,,,,,,,,,"236","23","798","172","7","0",,"2","1FFF1F","1AAAA1AAA1AAAA","4",,,,
"4600616","2019-09-15T18:00:00","25.08","-139.32",,,"1","4","2","5",,,"11",,,,,,,,,,,,"8",,,,,"9","252",,,,,,,,,,,,,"236","59","798","172","7","1","2","2","1FFFFF","1AAAAAAAA1AAAA","4",,,,
"5102585","2019-09-15T18:00:00","28.17","-139.47",,,"1","4","2","5",,,"11",,,,,,,,,,,,"8",,,,,"9","253",,,,,,,,,,,,,"236","89","798","172","7","0",,"2","1FFFFF","1AAAAAAAA1AAAA","4",,,,
"5102593","2019-09-15T18:00:00","21.28","-131.73",,,"1","4","2","5",,,"11",,,,,,,,,,,,"8",,,,,"9","254",,,,,,,,,,,,,"236","11","798","172","7","0",,"2","1FFFFF","1AAAAAAAA1AAAA","4",,,,
"WDA7827","2019-09-15T18:00:00","27.90","-134.50",,,"1","6","2","5","9",,"1",,"60","4","51",,,,,"10168",,,"8","237",,,"169","3","246",,,"A",,"A","A",,,,,,,"236","74","798","172","5","1","2","2","111111","11AAA11A118AAA",,"5",,,
"4301564","2019-09-15T19:00:00","29.87","-130.78",,,"1","4","2","5",,,"11",,,,,,,,,"10180",,,"8",,,,,"9","239",,,,,,,,,,,,,"236","90","798","172","7","0",,"2","1FFF1F","1AAAA1AAA1AAAA","4",,,,
"4301567","2019-09-15T19:00:00","24.92","-133.21",,,"1","4","2","5",,,"11",,,,,,,,,"10166",,,"8",,,,,"9","242",,,,,,,,,,,,,"236","43","798","172","7","0",,"2","1FFF1F","1AAAA1AAA1AAAA","4",,,,
"4301568","2019-09-15T19:00:00","29.85","-131.07",,,"1","4","2","5",,,"11",,,,,,,,,"10183",,,"8",,,,,"9","238",,,,,,,,,,,,,"236","91","798","172","7","0",,"2","1FFF1F","1AAAA1AAA1AAAA","4",,,,
"4301571","2019-09-15T19:00:00","22.77","-133.41",,,"1","4","2","5",,,"11",,,,,,,,,"10161",,,"8",,,,,"9","245",,,,,,,,,,,,,"236","23","798","172","7","0",,"2","1FFF1F","1AAAA1AAA1AAAA","4",,,,
"5102585","2019-09-15T19:00:00","28.16","-139.48",,,"1","4","2","5",,,"11",,,,,,,,,,,,"8",,,,,"9","253",,,,,,,,,,,,,"236","89","798","172","7","0",,"2","1FFFFF","1AAAAAAAA1AAAA","4",,,,
"5102593","2019-09-15T19:00:00","21.27","-131.72",,,"1","4","2","5",,,"11",,,,,,,,,,,,"8",,,,,"9","254",,,,,,,,,,,,,"236","11","798","172","7","0",,"2","1FFFFF","1AAAAAAAA1AAAA","4",,,,
"WDC3786","2019-09-15T19:00:00","28.60","-130.40",,,"1","5","2","5","2","4","1",,"30","4","77","1","98",,,"10175",,,"8","225",,"185","159",,,"5",,"7","2","A","A",,"4","1","3","10","3","236","80","798","172","5","1","2","2","F11111","111AA1111A111A",,"5",,,
"4301568","2019-09-15T20:00:00","29.85","-131.06",,,"1","4","2","5",,,"11",,,,,,,,,"10180",,,"8",,,,,"9","238",,,,,,,,,,,,,"236","91","798","172","7","0",,"2","1FFF1F","1AAAA1AAA1AAAA","4",,,,
"4600616","2019-09-15T20:00:00","25.07","-139.35",,,"1","4","2","5",,,"11",,,,,,,,,,,,"8",,,,,"9","254",,,,,,,,,,,,,"236","59","798","172","7","1","2","2","1FFFFF","1AAAAAAAA1AAAA","4",,,,
"5102585","2019-09-15T20:00:00","28.16","-139.48",,,"1","4","2","5",,,"11",,,,,,,,,,,,"8",,,,,"9","253",,,,,,,,,,,,,"236","89","798","172","7","0",,"2","1FFFFF","1AAAAAAAA1AAAA","4",,,,
"5102593","2019-09-15T20:00:00","21.27","-131.71",,,"1","4","2","5",,,"11",,,,,,,,,,,,"8",,,,,"9","255",,,,,,,,,,,,,"236","11","798","172","7","0",,"2","1FFFFF","1AAAAAAAA1AAAA","4",,,,
"WDA7827","2019-09-15T20:00:00","28.00","-134.10",,,"1","6","2","5","9",,"1",,"60","4","62",,,,,"10165",,,"8","236",,,"173","3","246",,,"A",,"A","A",,,,,,,"236","84","798","172","5","1","2","2","111111","11AAA11A118AAA",,"5",,,
"4301567","2019-09-15T20:01:00","24.91","-133.21",,,"1","4","2","5",,,"11",,,,,,,,,"10163",,,"8",,,,,"9","245",,,,,,,,,,,,,"236","43","798","172","7","0",,"2","1FFF1F","1AAAA1AAA1AAAA","4",,,,
"4301571","2019-09-15T20:03:00","22.77","-133.41",,,"1","4","2","5",,,"11",,,,,,,,,"10155",,,"8",,,,,"9","245",,,,,,,,,,,,,"236","23","798","172","7","0",,"2","1FFF1F","1AAAA1AAA1AAAA","4",,,,
"4301564","2019-09-15T20:04:00","29.87","-130.78",,,"1","4","2","5",,,"11",,,,,,,,,"10178",,,"8",,,,,"9","239",,,,,,,,,,,,,"236","90","798","172","7","0",,"2","1FFF1F","1AAAA1AAA1AAAA","4",,,,
"4301571","2019-09-15T21:00:00","22.78","-133.41",,,"1","4","2","5",,,"11",,,,,,,,,"10151",,,"8",,,,,"9","246",,,,,,,,,,,,,"236","23","798","172","7","0",,"2","1FFF1F","1AAAA1AAA1AAAA","4",,,,
"4600616","2019-09-15T21:00:00","25.07","-139.35",,,"1","4","2","5",,,"11",,,,,,,,,,,,"8",,,,,"9","254",,,,,,,,,,,,,"236","59","798","172","7","1","2","2","1FFFFF","1AAAAAAAA1AAAA","4",,,,
"5102585","2019-09-15T21:00:00","28.16","-139.49",,,"1","4","2","5",,,"11",,,,,,,,,,,,"8",,,,,"9","254",,,,,,,,,,,,,"236","89","798","172","7","0",,"2","1FFFFF","1AAAAAAAA1AAAA","4",,,,
"5102593","2019-09-15T21:00:00","21.27","-131.71",,,"1","4","2","5",,,"11",,,,,,,,,,,,"8",,,,,"9","255",,,,,,,,,,,,,"236","11","798","172","7","0",,"2","1FFFFF","1AAAAAAAA1AAAA","4",,,,
"WDA7827","2019-09-15T21:00:00","28.10","-133.90",,,"1","6","2","5","9",,"1",,"60","4","72",,,,,"10160",,,"8","235",,,"177","3","246",,,"A",,"A","A",,,,,,,"236","83","798","172","5","1","2","2","111111","11AAA11A118AAA",,"5",,,
"4301567","2019-09-15T21:02:00","24.91","-133.22",,,"1","4","2","5",,,"11",,,,,,,,,"10158",,,"8",,,,,"9","246",,,,,,,,,,,,,"236","43","798","172","7","0",,"2","1FFF1F","1AAAA1AAA1AAAA","4",,,,
"4301567","2019-09-15T22:00:00","24.91","-133.22",,,"1","4","2","5",,,"11",,,,,,,,,"10153",,,"8",,,,,"9","247",,,,,,,,,,,,,"236","43","798","172","7","0",,"2","1FFF1F","1AAAA1AAA1AAAA","4",,,,
"4301571","2019-09-15T22:00:00","22.78","-133.42",,,"1","4","2","5",,,"11",,,,,,,,,"10145",,,"8",,,,,"9","247",,,,,,,,,,,,,"236","23","798","172","7","0",,"2","1FFF1F","1AAAA1AAA1AAAA","4",,,,
"4600616","2019-09-15T22:00:00","25.07","-139.35",,,"1","4","2","5",,,"11",,,,,,,,,,,,"8",,,,,"9","255",,,,,,,,,,,,,"236","59","798","172","7","1","2","2","1FFFFF","1AAAAAAAA1AAAA","4",,,,
"5102585","2019-09-15T22:00:00","28.16","-139.49",,,"1","4","2","5",,,"11",,,,,,,,,,,,"8",,,,,"9","254",,,,,,,,,,,,,"236","89","798","172","7","0",,"2","1FFFFF","1AAAAAAAA1AAAA","4",,,,
"5102593","2019-09-15T22:00:00","21.26","-131.70",,,"1","4","2","5",,,"11",,,,,,,,,,,,"8",,,,,"9","256",,,,,,,,,,,,,"236","11","798","172","7","0",,"2","1FFFFF","1AAAAAAAA1AAAA","4",,,,
"WDA7827","2019-09-15T22:00:00","28.10","-133.70",,,"1","6","2","5","9",,"1",,"60","4","72",,,,,"10154",,,"8","234",,,"168","3","246",,,"A",,"A","A",,,,,,,"236","83","798","172","5","1","2","2","111111","11AAA11A118AAA",,"5",,,
"4301568","2019-09-15T22:02:00","29.85","-131.06",,,"1","4","2","5",,,"11",,,,,,,,,"10170",,,"8",,,,,"9","239",,,,,,,,,,,,,"236","91","798","172","7","0",,"2","1FFF1F","1AAAA1AAA1AAAA","4",,,,
"4301564","2019-09-15T22:04:00","29.86","-130.78",,,"1","4","2","5",,,"11",,,,,,,,,"10168",,,"8",,,,,"9","239",,,,,,,,,,,,,"236","90","798","172","7","0",,"2","1FFF1F","1AAAA1AAA1AAAA","4",,,,
"4301567","2019-09-15T23:00:00","24.90","-133.22",,,"1","4","2","5",,,"11",,,,,,,,,"10146",,,"8",,,,,"9","247",,,,,,,,,,,,,"236","43","798","172","7","0",,"2","1FFF1F","1AAAA1AAA1AAAA","4",,,,
"4301568","2019-09-15T23:00:00","29.85","-131.05",,,"1","4","2","5",,,"11",,,,,,,,,"10163",,,"8",,,,,"9","239",,,,,,,,,,,,,"236","91","798","172","7","0",,"2","1FFF1F","1AAAA1AAA1AAAA","4",,,,
"4301571","2019-09-15T23:00:00","22.78","-133.42",,,"1","4","2","5",,,"11",,,,,,,,,"10140",,,"8",,,,,"9","248",,,,,,,,,,,,,"236","23","798","172","7","0",,"2","1FFF1F","1AAAA1AAA1AAAA","4",,,,
"4600616","2019-09-15T23:00:00","25.07","-139.35",,,"1","4","2","5",,,"11",,,,,,,,,,,,"8",,,,,"9","255",,,,,,,,,,,,,"236","59","798","172","7","1","2","2","1FFFFF","1AAAAAAAA1AAAA","4",,,,
"5102585","2019-09-15T23:00:00","28.16","-139.50",,,"1","4","2","5",,,"11",,,,,,,,,,,,"8",,,,,"9","254",,,,,,,,,,,,,"236","89","798","172","7","0",,"2","1FFFFF","1AAAAAAAA1AAAA","4",,,,
"5102593","2019-09-15T23:00:00","21.26","-131.69",,,"1","4","2","5",,,"11",,,,,,,,,,,,"8",,,,,"9","256",,,,,,,,,,,,,"236","11","798","172","7","0",,"2","1FFFFF","1AAAAAAAA1AAAA","4",,,,
"WDA7827","2019-09-15T23:00:00","28.20","-133.50",,,"1","6","2","5","9",,"1",,"60","4","67",,,,,"10149",,,"8","234",,,"163","3","246",,,"A",,"A","A",,,,,,,"236","83","798","172","5","1","2","2","111111","11AAA11A118AAA",,"5",,,
"4301564","2019-09-15T23:02:00","29.85","-130.78",,,"1","4","2","5",,,"11",,,,,,,,,"10162",,,"8",,,,,"9","239",,,,,,,,,,,,,"236","90","798","172","7","0",,"2","1FFF1F","1AAAA1AAA1AAAA","4",,,,
"4301564","2019-09-16T00:00:00","29.85","-130.78",,,"1","4","2","5",,,"11",,,,,,,,,"10158",,,"8",,,,,"9","239",,,,,,,,,,,,,"236","90","798","172","7","0",,"2","1FFF1F","1AAAA1AAA1AAAA","4",,,,
"4301567","2019-09-16T00:00:00","24.90","-133.22",,,"1","4","2","5",,,"11",,,,,,,,,"10143",,,"8",,,,,"9","247",,,,,,,,,,,,,"236","43","798","172","7","0",,"2","1FFF1F","1AAAA1AAA1AAAA","4",,,,
"4301568","2019-09-16T00:00:00","29.85","-131.05",,,"1","4","2","5",,,"11",,,,,,,,,"10160",,,"8",,,,,"9","239",,,,,,,,,,,,,"236","91","798","172","7","0",,"2","1FFF1F","1AAAA1AAA1AAAA","4",,,,
"4301571","2019-09-16T00:00:00","22.78","-133.42",,,"1","4","2","5",,,"11",,,,,,,,,"10134",,,"8",,,,,"9","248",,,,,,,,,,,,,"236","23","798","172","7","0",,"2","1FFF1F","1AAAA1AAA1AAAA","4",,,,
"4600616","2019-09-16T00:00:00","25.00","-139.41",,,"1","4","2","5",,,"11",,,,,,,,,,,,"8",,,,,"9","255",,,,,,,,,,,,,"236","59","798","172","7","1","2","2","1FFFFF","1AAAAAAAA1AAAA","4",,,,
"5102585","2019-09-16T00:00:00","28.16","-139.50",,,"1","4","2","5",,,"11",,,,,,,,,,,,"8",,,,,"9","254",,,,,,,,,,,,,"236","89","798","172","7","0",,"2","1FFFFF","1AAAAAAAA1AAAA","4",,,,
"5102593","2019-09-16T00:00:00","21.25","-131.69",,,"1","4","2","5",,,"11",,,,,,,,,,,,"8",,,,,"9","256",,,,,,,,,,,,,"236","11","798","172","7","0",,"2","1FFFFF","1AAAAAAAA1AAAA","4",,,,
"WDA7827","2019-09-16T00:00:00","28.20","-133.30",,,"1","6","2","5","9",,"1",,"60","4","62",,,,,"10146",,,"8","232",,,"167","3","242",,,"A",,"A","A",,,,,,,"236","83","798","172","5","1","2","2","111111","11AAA11A118AAA",,"5",,,
"4301564","2019-09-16T01:00:00","29.84","-130.79",,,"1","4","2","5",,,"11",,,,,,,,,"10158",,,"8",,,,,"9","239",,,,,,,,,,,,,"236","90","798","172","7","0",,"2","1FFF1F","1AAAA1AAA1AAAA","4",,,,
"4301571","2019-09-16T01:00:00","22.78","-133.42",,,"1","4","2","5",,,"11",,,,,,,,,"10135",,,"8",,,,,"9","248",,,,,,,,,,,,,"236","23","798","172","7","0",,"2","1FFF1F","1AAAA1AAA1AAAA","4",,,,
"4600616","2019-09-16T01:00:00","25.00","-139.41",,,"1","4","2","5",,,"11",,,,,,,,,,,,"8",,,,,"9","255",,,,,,,,,,,,,"236","59","798","172","7","1","2","2","1FFFFF","1AAAAAAAA1AAAA","4",,,,
"5102585","2019-09-16T01:00:00","28.16","-139.51",,,"1","4","2","5",,,"11",,,,,,,,,,,,"8",,,,,"9","254",,,,,,,,,,,,,"236","89","798","172","7","0",,"2","1FFFFF","1AAAAAAAA1AAAA","4",,,,
"5102593","2019-09-16T01:00:00","21.24","-131.69",,,"1","4","2","5",,,"11",,,,,,,,,,,,"8",,,,,"9","256",,,,,,,,,,,,,"236","11","798","172","7","0",,"2","1FFFFF","1AAAAAAAA1AAAA","4",,,,
"4301567","2019-09-16T01:01:00","24.90","-133.22",,,"1","4","2","5",,,"11",,,,,,,,,"10144",,,"8",,,,,"9","247",,,,,,,,,,,,,"236","43","798","172","7","0",,"2","1FFF1F","1AAAA1AAA1AAAA","4",,,,
"4301568","2019-09-16T01:02:00","29.85","-131.06",,,"1","4","2","5",,,"11",,,,,,,,,"10159",,,"8",,,,,"9","238",,,,,,,,,,,,,"236","91","798","172","7","0",,"2","1FFF1F","1AAAA1AAA1AAAA","4",,,,
"4301567","2019-09-16T02:00:00","24.90","-133.22",,,"1","4","2","5",,,"11",,,,,,,,,"10144",,,"8",,,,,"9","246",,,,,,,,,,,,,"236","43","798","172","7","0",,"2","1FFF1F","1AAAA1AAA1AAAA","4",,,,
"4301568","2019-09-16T02:00:00","29.85","-131.06",,,"1","4","2","5",,,"11",,,,,,,,,"10163",,,"8",,,,,"9","238",,,,,,,,,,,,,"236","91","798","172","7","0",,"2","1FFF1F","1AAAA1AAA1AAAA","4",,,,
"4301571","2019-09-16T02:00:00","22.78","-133.42",,,"1","4","2","5",,,"11",,,,,,,,,"10136",,,"8",,,,,"9","247",,,,,,,,,,,,,"236","23","798","172","7","0",,"2","1FFF1F","1AAAA1AAA1AAAA","4",,,,
"4600616","2019-09-16T02:00:00","25.00","-139.41",,,"1","4","2","5",,,"11",,,,,,,,,,,,"8",,,,,"9","254",,,,,,,,,,,,,"236","59","798","172","7","1","2","2","1FFFFF","1AAAAAAAA1AAAA","4",,,,
"5102585","2019-09-16T02:00:00","28.16","-139.51",,,"1","4","2","5",,,"11",,,,,,,,,,,,"8",,,,,"9","254",,,,,,,,,,,,,"236","89","798","172","7","0",,"2","1FFFFF","1AAAAAAAA1AAAA","4",,,,
"5102593","2019-09-16T02:00:00","21.23","-131.69",,,"1","4","2","5",,,"11",,,,,,,,,,,,"8",,,,,"9","255",,,,,,,,,,,,,"236","11","798","172","7","0",,"2","1FFFFF","1AAAAAAAA1AAAA","4",,,,
"WDA7827","2019-09-16T02:00:00","28.30","-132.90",,,"1","6","2","5","9",,"1",,"50","4","62",,,,,"10146",,,"8","229",,,"171","3","242",,,"A",,"A","A",,,,,,,"236","82","798","172","5","1","2","2","111111","11AAA11A118AAA",,"5",,,
"4301564","2019-09-16T02:04:00","29.84","-130.78",,,"1","4","2","5",,,"11",,,,,,,,,"10160",,,"8",,,,,"9","239",,,,,,,,,,,,,"236","90","798","172","7","0",,"2","1FFF1F","1AAAA1AAA1AAAA","4",,,,
"4301567","2019-09-16T03:00:00","24.89","-133.22",,,"1","4","2","5",,,"11",,,,,,,,,"10147",,,"8",,,,,"9","244",,,,,,,,,,,,,"236","43","798","172","7","0",,"1","1FFF1F","1AAAA1AAA1AAAA","4",,,,
"4600616","2019-09-16T03:00:00","25.00","-139.42",,,"1","4","2","5",,,"11",,,,,,,,,,,,"8",,,,,"9","254",,,,,,,,,,,,,"236","59","798","172","7","1","2","2","1FFFFF","1AAAAAAAA1AAAA","4",,,,
"5102585","2019-09-16T03:00:00","28.16","-139.51",,,"1","4","2","5",,,"11",,,,,,,,,,,,"8",,,,,"9","254",,,,,,,,,,,,,"236","89","798","172","7","0",,"2","1FFFFF","1AAAAAAAA1AAAA","4",,,,
"5102593","2019-09-16T03:00:00","21.23","-131.70",,,"1","4","2","5",,,"11",,,,,,,,,,,,"8",,,,,"9","255",,,,,,,,,,,,,"236","11","798","172","7","0",,"1","1FFFFF","1AAAAAAAA1AAAA","4",,,,
"WDA7827","2019-09-16T03:00:00","28.40","-132.70",,,"1","6","2","5","9",,"1",,"40","4","62",,,,,"10148",,,"8","228",,,"175","3","241",,,"A",,"A","A",,,,,,,"236","82","798","172","5","1","2","1","111111","11AAA11A118AAA",,"5",,,
"4301568","2019-09-16T03:03:00","29.85","-131.06",,,"1","4","2","5",,,"11",,,,,,,,,"10163",,,"8",,,,,"9","238",,,,,,,,,,,,,"236","91","798","172","7","0",,"1","1FFF1F","1AAAA1AAA1AAAA","4",,,,
"4301564","2019-09-16T03:04:00","29.84","-130.79",,,"1","4","2","5",,,"11",,,,,,,,,"10161",,,"8",,,,,"9","239",,,,,,,,,,,,,"236","90","798","172","7","0",,"1","1FFF1F","1AAAA1AAA1AAAA","4",,,,
"4301567","2019-09-16T04:00:00","24.89","-133.22",,,"1","4","2","5",,,"11",,,,,,,,,"10149",,,"8",,,,,"9","244",,,,,,,,,,,,,"236","43","798","172","7","0",,"1","1FFF1F","1AAAA1AAA1AAAA","4",,,,
"4301571","2019-09-16T04:00:00","22.78","-133.43",,,"1","4","2","5",,,"11",,,,,,,,,"10142",,,"8",,,,,"9","245",,,,,,,,,,,,,"236","23","798","172","7","0",,"1","1FFF1F","1AAAA1AAA1AAAA","4",,,,
"4600616","2019-09-16T04:00:00","24.99","-139.45",,,"1","4","2","5",,,"11",,,,,,,,,,,,"8",,,,,"9","254",,,,,,,,,,,,,"236","49","798","172","7","1","2","1","1FFFFF","1AAAAAAAA1AAAA","4",,,,
"5102585","2019-09-16T04:00:00","28.15","-139.52",,,"1","4","2","5",,,"11",,,,,,,,,,,,"8",,,,,"9","253",,,,,,,,,,,,,"236","89","798","172","7","0",,"1","1FFFFF","1AAAAAAAA1AAAA","4",,,,
"5102593","2019-09-16T04:00:00","21.23","-131.71",,,"1","4","2","5",,,"11",,,,,,,,,,,,"8",,,,,"9","255",,,,,,,,,,,,,"236","11","798","172","7","0",,"1","1FFFFF","1AAAAAAAA1AAAA","4",,,,
"WDA7827","2019-09-16T04:00:00","28.40","-132.50",,,"1","6","2","5","9",,"1",,"60","4","72",,,,,"10152",,,"8","226",,,"175","3","240",,,"A",,"A","A",,,,,,,"236","82","798","172","5","1","2","1","111111","11AAA11A118AAA",,"5",,,
"4301564","2019-09-16T04:01:00","29.84","-130.79",,,"1","4","2","5",,,"11",,,,,,,,,"10168",,,"8",,,,,"9","239",,,,,,,,,,,,,"236","90","798","172","7","0",,"1","1FFF1F","1AAAA1AAA1AAAA","4",,,,
"4301568","2019-09-16T04:01:00","29.85","-131.06",,,"1","4","2","5",,,"11",,,,,,,,,"10169",,,"8",,,,,"9","238",,,,,,,,,,,,,"236","91","798","172","7","0",,"1","1FFF1F","1AAAA1AAA1AAAA","4",,,,
"4301567","2019-09-16T05:00:00","24.89","-133.21",,,"1","4","2","5",,,"11",,,,,,,,,"10155",,,"8",,,,,"9","243",,,,,,,,,,,,,"236","43","798","172","7","0",,"1","1FFF1F","1AAAA1AAA1AAAA","4",,,,
"4301571","2019-09-16T05:00:00","22.78","-133.44",,,"1","4","2","5",,,"11",,,,,,,,,"10150",,,"8",,,,,"9","246",,,,,,,,,,,,,"236","23","798","172","7","0",,"1","1FFF1F","1AAAA1AAA1AAAA","4",,,,
"4600616","2019-09-16T05:00:00","24.99","-139.45",,,"1","4","2","5",,,"11",,,,,,,,,,,,"8",,,,,"9","253",,,,,,,,,,,,,"236","49","798","172","7","1","2","1","1FFFFF","1AAAAAAAA1AAAA","4",,,,
"5102585","2019-09-16T05:00:00","28.15","-139.52",,,"1","4","2","5",,,"11",,,,,,,,,,,,"8",,,,,"9","253",,,,,,,,,,,,,"236","89","798","172","7","0",,"1","1FFFFF","1AAAAAAAA1AAAA","4",,,,
"5102593","2019-09-16T05:00:00","21.23","-131.71",,,"1","4","2","5",,,"11",,,,,,,,,,,,"8",,,,,"9","254",,,,,,,,,,,,,"236","11","798","172","7","0",,"1","1FFFFF","1AAAAAAAA1AAAA","4",,,,
"WDA7827","2019-09-16T05:00:00","28.50","-132.30",,,"1","6","2","5","9",,"1",,"50","4","67",,,,,"10158",,,"8","227",,,"177","3","240",,,"A",,"A","A",,,,,,,"236","82","798","172","5","1","2","1","111111","11AAA11A118AAA",,"5",,,
"4301564","2019-09-16T05:03:00","29.84","-130.80",,,"1","4","2","5",,,"11",,,,,,,,,"10172",,,"8",,,,,"9","239",,,,,,,,,,,,,"236","90","798","172","7","0",,"1","1FFF1F","1AAAA1AAA1AAAA","4",,,,
"4301568","2019-09-16T05:04:00","29.86","-131.06",,,"1","4","2","5",,,"11",,,,,,,,,"10174",,,"8",,,,,"9","238",,,,,,,,,,,,,"236","91","798","172","7","0",,"1","1FFF1F","1AAAA1AAA1AAAA","4",,,,
"4301567","2019-09-16T06:00:00","24.88","-133.21",,,"1","4","2","5",,,"11",,,,,,,,,"10158",,,"8",,,,,"9","242",,,,,,,,,,,,,"236","43","798","172","7","0",,"1","1FFF1F","1AAAA1AAA1AAAA","4",,,,
"4301568","2019-09-16T06:00:00","29.86","-131.07",,,"1","4","2","5",,,"11",,,,,,,,,"10177",,,"8",,,,,"9","238",,,,,,,,,,,,,"236","91","798","172","7","0",,"1","1FFF1F","1AAAA1AAA1AAAA","4",,,,
"4301571","2019-09-16T06:00:00","22.79","-133.44",,,"1","4","2","5",,,"11",,,,,,,,,"10156",,,"8",,,,,"9","245",,,,,,,,,,,,,"236","23","798","172","7","0",,"1","1FFF1F","1AAAA1AAA1AAAA","4",,,,
"4600616","2019-09-16T06:00:00","24.99","-139.45",,,"1","4","2","5",,,"11",,,,,,,,,,,,"8",,,,,"9","253",,,,,,,,,,,,,"236","49","798","172","7","1","2","1","1FFFFF","1AAAAAAAA1AAAA","4",,,,
"5102585","2019-09-16T06:00:00","28.15","-139.53",,,"1","4","2","5",,,"11",,,,,,,,,,,,"8",,,,,"9","253",,,,,,,,,,,,,"236","89","798","172","7","0",,"1","1FFFFF","1AAAAAAAA1AAAA","4",,,,
"5102593","2019-09-16T06:00:00","21.24","-131.71",,,"1","4","2","5",,,"11",,,,,,,,,,,,"8",,,,,"9","254",,,,,,,,,,,,,"236","11","798","172","7","0",,"1","1FFFFF","1AAAAAAAA1AAAA","4",,,,
"WDA7827","2019-09-16T06:00:00","28.60","-132.10",,,"1","6","2","5","9",,"1",,"50","4","62",,,,,"10161",,,"8","226",,,"177","3","242",,,"A",,"A","A",,,,,,,"236","82","798","172","5","1","2","1","111111","11AAA11A118AAA",,"5",,,
"4301567","2019-09-16T07:00:00","24.88","-133.21",,,"1","4","2","5",,,"11",,,,,,,,,"10160",,,"8",,,,,"9","241",,,,,,,,,,,,,"236","43","798","172","7","0",,"1","1FFF1F","1AAAA1AAA1AAAA","4",,,,
"4301568","2019-09-16T07:00:00","29.87","-131.07",,,"1","4","2","5",,,"11",,,,,,,,,"10177",,,"8",,,,,"9","238",,,,,,,,,,,,,"236","91","798","172","7","0",,"1","1FFF1F","1AAAA1AAA1AAAA","4",,,,
"4600616","2019-09-16T07:00:00","24.99","-139.47",,,"1","4","2","5",,,"11",,,,,,,,,,,,"8",,,,,"9","253",,,,,,,,,,,,,"236","49","798","172","7","1","2","1","1FFFFF","1AAAAAAAA1AAAA","4",,,,
"5102585","2019-09-16T07:00:00","28.15","-139.54",,,"1","4","2","5",,,"11",,,,,,,,,,,,"8",,,,,"9","253",,,,,,,,,,,,,"236","89","798","172","7","0",,"1","1FFFFF","1AAAAAAAA1AAAA","4",,,,
"5102593","2019-09-16T07:00:00","21.24","-131.72",,,"1","4","2","5",,,"11",,,,,,,,,,,,"8",,,,,"9","254",,,,,,,,,,,,,"236","11","798","172","7","0",,"1","1FFFFF","1AAAAAAAA1AAAA","4",,,,
"WDA7827","2019-09-16T07:00:00","28.60","-131.90",,,"1","6","2","5","9",,"1",,"50","4","87",,,,,"10162",,,"8","226",,,"169","3","240",,,"A",,"A","A",,,,,,,"236","81","798","172","5","1","2","1","111111","11AAA11A118AAA",,"5",,,
"4301567","2019-09-16T08:00:00","24.88","-133.21",,,"1","4","2","5",,,"11",,,,,,,,,"10160",,,"8",,,,,"9","241",,,,,,,,,,,,,"236","43","798","172","7","0",,"1","1FFF1F","1AAAA1AAA1AAAA","4",,,,
"4301571","2019-09-16T08:00:00","22.79","-133.45",,,"1","4","2","5",,,"11",,,,,,,,,"10155",,,"8",,,,,"9","245",,,,,,,,,,,,,"236","23","798","172","7","0",,"1","1FFF1F","1AAAA1AAA1AAAA","4",,,,
"4600616","2019-09-16T08:00:00","24.99","-139.48",,,"1","4","2","5",,,"11",,,,,,,,,,,,"8",,,,,"9","253",,,,,,,,,,,,,"236","49","798","172","7","1","2","1","1FFFFF","1AAAAAAAA1AAAA","4",,,,
"5102585","2019-09-16T08:00:00","28.15","-139.54",,,"1","4","2","5",,,"11",,,,,,,,,,,,"8",,,,,"9","253",,,,,,,,,,,,,"236","89","798","172","7","0",,"1","1FFFFF","1AAAAAAAA1AAAA","4",,,,
"5102593","2019-09-16T08:00:00","21.25","-131.72",,,"1","4","2","5",,,"11",,,,,,,,,,,,"8",,,,,"9","254",,,,,,,,,,,,,"236","11","798","172","7","0",,"1","1FFFFF","1AAAAAAAA1AAAA","4",,,,
"WDA7827","2019-09-16T08:00:00","28.70","-131.70",,,"1","6","2","5","9",,"1",,"40","4","77",,,,,"10159",,,"8","226",,,"164","3","238",,,"A",,"A","A",,,,,,,"236","81","798","172","5","1","2","1","111111","11AAA11A118AAA",,"5",,,
"4301568","2019-09-16T08:02:00","29.88","-131.07",,,"1","4","2","5",,,"11",,,,,,,,,"10175",,,"8",,,,,"9","238",,,,,,,,,,,,,"236","91","798","172","7","0",,"1","1FFF1F","1AAAA1AAA1AAAA","4",,,,
"4301567","2019-09-16T09:00:00","24.87","-133.21",,,"1","4","2","5",,,"11",,,,,,,,,"10160",,,"8",,,,,"9","241",,,,,,,,,,,,,"236","43","798","172","7","0",,"1","1FFF1F","1AAAA1AAA1AAAA","4",,,,
"4600616","2019-09-16T09:00:00","24.99","-139.48",,,"1","4","2","5",,,"11",,,,,,,,,,,,"8",,,,,"9","253",,,,,,,,,,,,,"236","49","798","172","7","1","2","1","1FFFFF","1AAAAAAAA1AAAA","4",,,,
"5102585","2019-09-16T09:00:00","28.14","-139.55",,,"1","4","2","5",,,"11",,,,,,,,,,,,"8",,,,,"9","253",,,,,,,,,,,,,"236","89","798","172","7","0",,"1","1FFFFF","1AAAAAAAA1AAAA","4",,,,
"5102593","2019-09-16T09:00:00","21.25","-131.72",,,"1","4","2","5",,,"11",,,,,,,,,,,,"8",,,,,"9","254",,,,,,,,,,,,,"236","11","798","172","7","0",,"1","1FFFFF","1AAAAAAAA1AAAA","4",,,,
"WDA7827","2019-09-16T09:00:00","28.70","-131.50",,,"1","6","2","5","9",,"1",,"50","4","72",,,,,"10158",,,"8","225",,,"165","3","238",,,"A",,"A","A",,,,,,,"236","81","798","172","5","1","2","1","111111","11AAA11A118AAA",,"5",,,
"4301571","2019-09-16T09:01:00","22.80","-133.46",,,"1","4","2","5",,,"11",,,,,,,,,"10155",,,"8",,,,,"9","245",,,,,,,,,,,,,"236","23","798","172","7","0",,"1","1FFF1F","1AAAA1AAA1AAAA","4",,,,
"4301568","2019-09-16T09:04:00","29.88","-131.07",,,"1","4","2","5",,,"11",,,,,,,,,"10173",,,"8",,,,,"9","238",,,,,,,,,,,,,"236","91","798","172","7","0",,"1","1FFF1F","1AAAA1AAA1AAAA","4",,,,
"4301567","2019-09-16T10:00:00","24.86","-133.21",,,"1","4","2","5",,,"11",,,,,,,,,"10158",,,"8",,,,,"9","241",,,,,,,,,,,,,"236","43","798","172","7","0",,"1","1FFF1F","1AAAA1AAA1AAAA","4",,,,
"4301571","2019-09-16T10:00:00","22.80","-133.46",,,"1","4","2","5",,,"11",,,,,,,,,"10151",,,"8",,,,,"9","245",,,,,,,,,,,,,"236","23","798","172","7","0",,"1","1FFF1F","1AAAA1AAA1AAAA","4",,,,
"4600616","2019-09-16T10:00:00","24.99","-139.48",,,"1","4","2","5",,,"11",,,,,,,,,,,,"8",,,,,"9","253",,,,,,,,,,,,,"236","49","798","172","7","1","2","1","1FFFFF","1AAAAAAAA1AAAA","4",,,,
"5102585","2019-09-16T10:00:00","28.14","-139.55",,,"1","4","2","5",,,"11",,,,,,,,,,,,"8",,,,,"9","253",,,,,,,,,,,,,"236","89","798","172","7","0",,"1","1FFFFF","1AAAAAAAA1AAAA","4",,,,
"5102593","2019-09-16T10:00:00","21.26","-131.71",,,"1","4","2","5",,,"11",,,,,,,,,,,,"8",,,,,"9","253",,,,,,,,,,,,,"236","11","798","172","7","0",,"1","1FFFFF","1AAAAAAAA1AAAA","4",,,,
"WDA7827","2019-09-16T10:00:00","28.80","-131.30",,,"1","6","2","5","9",,"1",,"50","4","67",,,,,"10155",,,"8","226",,,"146","3","237",,,"A",,"A","A",,,,,,,"236","81","798","172","5","1","2","1","111111","11AAA11A118AAA",,"5",,,
"4301568","2019-09-16T10:01:00","29.88","-131.07",,,"1","4","2","5",,,"11",,,,,,,,,"10170",,,"8",,,,,"9","238",,,,,,,,,,,,,"236","91","798","172","7","0",,"1","1FFF1F","1AAAA1AAA1AAAA","4",,,,
"4301564","2019-09-16T10:04:00","29.85","-130.80",,,"1","4","2","5",,,"11",,,,,,,,,"10168",,,"8",,,,,"9","238",,,,,,,,,,,,,"236","90","798","172","7","0",,"1","1FFF1F","1AAAA1AAA1AAAA","4",,,,
"4301564","2019-09-16T11:00:00","29.85","-130.80",,,"1","4","2","5",,,"11",,,,,,,,,"10163",,,"8",,,,,"9","238",,,,,,,,,,,,,"236","90","798","172","7","0",,"1","1FFF1F","1AAAA1AAA1AAAA","4",,,,
"4301567","2019-09-16T11:00:00","24.85","-133.21",,,"1","4","2","5",,,"11",,,,,,,,,"10155",,,"8",,,,,"9","240",,,,,,,,,,,,,"236","43","798","172","7","0",,"1","1FFF1F","1AAAA1AAA1AAAA","4",,,,
"4301568","2019-09-16T11:00:00","29.89","-131.07",,,"1","4","2","5",,,"11",,,,,,,,,"10165",,,"8",,,,,"9","238",,,,,,,,,,,,,"236","91","798","172","7","0",,"1","1FFF1F","1AAAA1AAA1AAAA","4",,,,
"4301571","2019-09-16T11:00:00","22.81","-133.47",,,"1","4","2","5",,,"11",,,,,,,,,"10145",,,"8",,,,,"9","244",,,,,,,,,,,,,"236","23","798","172","7","0",,"1","1FFF1F","1AAAA1AAA1AAAA","4",,,,
"4600616","2019-09-16T11:00:00","24.98","-139.53",,,"1","4","2","5",,,"11",,,,,,,,,,,,"8",,,,,"9","253",,,,,,,,,,,,,"236","49","798","172","7","1","2","1","1FFFFF","1AAAAAAAA1AAAA","4",,,,
"5102585","2019-09-16T11:00:00","28.14","-139.56",,,"1","4","2","5",,,"11",,,,,,,,,,,,"8",,,,,"9","252",,,,,,,,,,,,,"236","89","798","172","7","0",,"1","1FFFFF","1AAAAAAAA1AAAA","4",,,,
"5102593","2019-09-16T11:00:00","21.27","-131.71",,,"1","4","2","5",,,"11",,,,,,,,,,,,"8",,,,,"9","253",,,,,,,,,,,,,"236","11","798","172","7","0",,"1","1FFFFF","1AAAAAAAA1AAAA","4",,,,
"WDA7827","2019-09-16T11:00:00","28.80","-131.10",,,"1","6","2","5","9",,"1",,"40","4","51",,,,,"10151",,,"8","224",,,"158","3","235",,,"A",,"A","A",,,,,,,"236","81","798","172","5","1","2","1","111111","11AAA11A118AAA",,"5",,,
"4301564","2019-09-16T12:00:00","29.85","-130.80",,,"1","4","2","5",,,"11",,,,,,,,,"10160",,,"8",,,,,"9","238",,,,,,,,,,,,,"236","90","798","172","7","0",,"1","1FFF1F","1AAAA1AAA1AAAA","4",,,,
"4301567","2019-09-16T12:00:00","24.85","-133.21",,,"1","4","2","5",,,"11",,,,,,,,,"10151",,,"8",,,,,"9","241",,,,,,,,,,,,,"236","43","798","172","7","0",,"1","1FFF1F","1AAAA1AAA1AAAA","4",,,,
"4301568","2019-09-16T12:00:00","29.89","-131.07",,,"1","4","2","5",,,"11",,,,,,,,,"10161",,,"8",,,,,"9","238",,,,,,,,,,,,,"236","91","798","172","7","0",,"1","1FFF1F","1AAAA1AAA1AAAA","4",,,,
"4301571","2019-09-16T12:00:00","22.81","-133.47",,,"1","4","2","5",,,"11",,,,,,,,,"10143",,,"8",,,,,"9","244",,,,,,,,,,,,,"236","23","798","172","7","0",,"1","1FFF1F","1AAAA1AAA1AAAA","4",,,,
"4600616","2019-09-16T12:00:00","24.98","-139.53",,,"1","4","2","5",,,"11",,,,,,,,,,,,"8",,,,,"9","252",,,,,,,,,,,,,"236","49","798","172","7","1","2","1","1FFFFF","1AAAAAAAA1AAAA","4",,,,
"5102585","2019-09-16T12:00:00","28.14","-139.56",,,"1","4","2","5",,,"11",,,,,,,,,,,,"8",,,,,"9","252",,,,,,,,,,,,,"236","89","798","172","7","0",,"1","1FFFFF","1AAAAAAAA1AAAA","4",,,,
"5102593","2019-09-16T12:00:00","21.27","-131.70",,,"1","4","2","5",,,"11",,,,,,,,,,,,"8",,,,,"9","253",,,,,,,,,,,,,"236","11","798","172","7","0",,"1","1FFFFF","1AAAAAAAA1AAAA","4",,,,
"WDA7827","2019-09-16T12:00:00","28.90","-130.90",,,"1","6","2","5","9",,"1",,"60","4","36",,,,,"10149",,,"8","224",,,"145","3","234",,,"A",,"A","A",,,,,,,"236","80","798","172","5","1","2","1","111111","11AAA11A118AAA",,"5",,,
"WSRL","2019-09-16T12:00:00","29.40","-136.40",,,"1","5","2","5","6","4","1",,"50","4","51","1","98","2","0","10182",,,"8","217",,"189","175",,,"2","2","7","2","A","A",,"8","2","3","15","2","236","96","798","172","5","1","2","1","F11111","111111111A113A",,"5",,"0",
"4301564","2019-09-16T13:00:00","29.85","-130.80",,,"1","4","2","5",,,"11",,,,,,,,,"10164",,,"8",,,,,"9","238",,,,,,,,,,,,,"236","90","798","172","7","0",,"1","1FFF1F","1AAAA1AAA1AAAA","4",,,,
"4301567","2019-09-16T13:00:00","24.84","-133.21",,,"1","4","2","5",,,"11",,,,,,,,,"10151",,,"8",,,,,"9","240",,,,,,,,,,,,,"236","43","798","172","7","0",,"1","1FFF1F","1AAAA1AAA1AAAA","4",,,,
"4301568","2019-09-16T13:00:00","29.90","-131.07",,,"1","4","2","5",,,"11",,,,,,,,,"10166",,,"8",,,,,"9","238",,,,,,,,,,,,,"236","91","798","172","7","0",,"1","1FFF1F","1AAAA1AAA1AAAA","4",,,,
"4301571","2019-09-16T13:00:00","22.81","-133.48",,,"1","4","2","5",,,"11",,,,,,,,,"10143",,,"8",,,,,"9","244",,,,,,,,,,,,,"236","23","798","172","7","0",,"1","1FFF1F","1AAAA1AAA1AAAA","4",,,,
"4600616","2019-09-16T13:00:00","24.98","-139.53",,,"1","4","2","5",,,"11",,,,,,,,,,,,"8",,,,,"9","252",,,,,,,,,,,,,"236","49","798","172","7","1","2","1","1FFFFF","1AAAAAAAA1AAAA","4",,,,
"5102585","2019-09-16T13:00:00","28.14","-139.57",,,"1","4","2","5",,,"11",,,,,,,,,,,,"8",,,,,"9","252",,,,,,,,,,,,,"236","89","798","172","7","0",,"1","1FFFFF","1AAAAAAAA1AAAA","4",,,,
"5102593","2019-09-16T13:00:00","21.27","-131.70",,,"1","4","2","5",,,"11",,,,,,,,,,,,"8",,,,,"9","253",,,,,,,,,,,,,"236","11","798","172","7","0",,"1","1FFFFF","1AAAAAAAA1AAAA","4",,,,
"WDA7827","2019-09-16T13:00:00","28.90","-130.70",,,"1","6","2","5","9",,"1",,"30","4","36",,,,,"10150",,,"8","222",,,"152","3","234",,,"A",,"A","A",,,,,,,"236","80","798","172","5","1","2","1","111111","11AAA11A118AAA",,"5",,,
"4301567","2019-09-16T14:00:00","24.84","-133.22",,,"1","4","2","5",,,"11",,,,,,,,,"10155",,,"8",,,,,"9","240",,,,,,,,,,,,,"236","43","798","172","7","0",,"1","1FFF1F","1AAAA1AAA1AAAA","4",,,,
"4301571","2019-09-16T14:00:00","22.82","-133.48",,,"1","4","2","5",,,"11",,,,,,,,,"10146",,,"8",,,,,"9","244",,,,,,,,,,,,,"236","23","798","172","7","0",,"1","1FFF1F","1AAAA1AAA1AAAA","4",,,,
"4600616","2019-09-16T14:00:00","24.98","-139.53",,,"1","4","2","5",,,"11",,,,,,,,,,,,"8",,,,,"9","252",,,,,,,,,,,,,"236","49","798","172","7","1","2","1","1FFFFF","1AAAAAAAA1AAAA","4",,,,
"5102585","2019-09-16T14:00:00","28.14","-139.57",,,"1","4","2","5",,,"11",,,,,,,,,,,,"8",,,,,"9","252",,,,,,,,,,,,,"236","89","798","172","7","0",,"1","1FFFFF","1AAAAAAAA1AAAA","4",,,,
"5102593","2019-09-16T14:00:00","21.27","-131.69",,,"1","4","2","5",,,"11",,,,,,,,,,,,"8",,,,,"9","253",,,,,,,,,,,,,"236","11","798","172","7","0",,"1","1FFFFF","1AAAAAAAA1AAAA","4",,,,
"WDA7827","2019-09-16T14:00:00","29.00","-130.50",,,"1","6","2","5","9",,"1",,"40","4","51",,,,,"10156",,,"8","219",,,"151","3","234",,,"A",,"A","A",,,,,,,"236","90","798","172","5","1","2","1","111111","11AAA11A118AAA",,"5",,,
"4301564","2019-09-16T14:03:00","29.85","-130.80",,,"1","4","2","5",,,"11",,,,,,,,,"10169",,,"8",,,,,"9","238",,,,,,,,,,,,,"236","90","798","172","7","0",,"1","1FFF1F","1AAAA1AAA1AAAA","4",,,,
"4301568","2019-09-16T14:04:00","29.90","-131.06",,,"1","4","2","5",,,"11",,,,,,,,,"10171",,,"8",,,,,"9","238",,,,,,,,,,,,,"236","91","798","172","7","0",,"1","1FFF1F","1AAAA1AAA1AAAA","4",,,,
"4301564","2019-09-16T15:00:00","29.84","-130.79",,,"1","4","2","5",,,"11",,,,,,,,,"10175",,,"8",,,,,"9","238",,,,,,,,,,,,,"236","90","798","172","7","0",,"2","1FFF1F","1AAAA1AAA1AAAA","4",,,,
"4301567","2019-09-16T15:00:00","24.84","-133.22",,,"1","4","2","5",,,"11",,,,,,,,,"10158",,,"8",,,,,"9","240",,,,,,,,,,,,,"236","43","798","172","7","0",,"2","1FFF1F","1AAAA1AAA1AAAA","4",,,,
"4301571","2019-09-16T15:00:00","22.83","-133.48",,,"1","4","2","5",,,"11",,,,,,,,,"10148",,,"8",,,,,"9","244",,,,,,,,,,,,,"236","23","798","172","7","0",,"2","1FFF1F","1AAAA1AAA1AAAA","4",,,,
"4600616","2019-09-16T15:00:00","24.98","-139.55",,,"1","4","2","5",,,"11",,,,,,,,,,,,"8",,,,,"9","252",,,,,,,,,,,,,"236","49","798","172","7","1","2","1","1FFFFF","1AAAAAAAA1AAAA","4",,,,
"5102585","2019-09-16T15:00:00","28.14","-139.58",,,"1","4","2","5",,,"11",,,,,,,,,,,,"8",,,,,"9","252",,,,,,,,,,,,,"236","89","798","172","7","0",,"1","1FFFFF","1AAAAAAAA1AAAA","4",,,,
"5102593","2019-09-16T15:00:00","21.27","-131.68",,,"1","4","2","5",,,"11",,,,,,,,,,,,"8",,,,,"9","253",,,,,,,,,,,,,"236","11","798","172","7","0",,"2","1FFFFF","1AAAAAAAA1AAAA","4",,,,
"WDA7827","2019-09-16T15:00:00","29.10","-130.30",,,"1","6","2","5","9",,"1",,"50","4","46",,,,,"10160",,,"8","219",,,"153","3","236",,,"A",,"A","A",,,,,,,"236","90","798","172","5","1","2","2","111111","11AAA11A118AAA",,"5",,,
"4301568","2019-09-16T15:04:00","29.90","-131.05",,,"1","4","2","5",,,"11",,,,,,,,,"10177",,,"8",,,,,"9","238",,,,,,,,,,,,,"236","91","798","172","7","0",,"2","1FFF1F","1AAAA1AAA1AAAA","4",,,,
"4301568","2019-09-16T16:00:00","29.90","-131.05",,,"1","4","2","5",,,"11",,,,,,,,,"10181",,,"8",,,,,"9","238",,,,,,,,,,,,,"236","91","798","172","7","0",,"2","1FFF1F","1AAAA1AAA1AAAA","4",,,,
"4301571","2019-09-16T16:00:00","22.84","-133.49",,,"1","4","2","5",,,"11",,,,,,,,,"10153",,,"8",,,,,"9","244",,,,,,,,,,,,,"236","23","798","172","7","0",,"2","1FFF1F","1AAAA1AAA1AAAA","4",,,,
"4600616","2019-09-16T16:00:00","24.97","-139.56",,,"1","4","2","5",,,"11",,,,,,,,,,,,"8",,,,,"9","252",,,,,,,,,,,,,"236","49","798","172","7","1","2","2","1FFFFF","1AAAAAAAA1AAAA","4",,,,
"5102585","2019-09-16T16:00:00","28.14","-139.58",,,"1","4","2","5",,,"11",,,,,,,,,,,,"8",,,,,"9","252",,,,,,,,,,,,,"236","89","798","172","7","0",,"2","1FFFFF","1AAAAAAAA1AAAA","4",,,,
"5102593","2019-09-16T16:00:00","21.28","-131.67",,,"1","4","2","5",,,"11",,,,,,,,,,,,"8",,,,,"9","253",,,,,,,,,,,,,"236","11","798","172","7","0",,"2","1FFFFF","1AAAAAAAA1AAAA","4",,,,
"WDA7827","2019-09-16T16:00:00","29.10","-130.10",,,"1","6","2","5","9",,"1",,"30","4","41",,,,,"10164",,,"8","218",,,"153","3","235",,,"A",,"A","A",,,,,,,"236","90","798","172","5","1","2","2","111111","11AAA11A118AAA",,"5",,,
"4301564","2019-09-16T16:01:00","29.85","-130.78",,,"1","4","2","5",,,"11",,,,,,,,,"10179",,,"8",,,,,"9","238",,,,,,,,,,,,,"236","90","798","172","7","0",,"2","1FFF1F","1AAAA1AAA1AAAA","4",,,,
"4301567","2019-09-16T16:01:00","24.83","-133.22",,,"1","4","2","5",,,"11",,,,,,,,,"10161",,,"8",,,,,"9","240",,,,,,,,,,,,,"236","43","798","172","7","0",,"2","1FFF1F","1AAAA1AAA1AAAA","4",,,,
"4301564","2019-09-16T17:00:00","29.85","-130.78",,,"1","4","2","5",,,"11",,,,,,,,,"10184",,,"8",,,,,"9","238",,,,,,,,,,,,,"236","90","798","172","7","0",,"2","1FFF1F","1AAAA1AAA1AAAA","4",,,,
"4301567","2019-09-16T17:00:00","24.82","-133.22",,,"1","4","2","5",,,"11",,,,,,,,,"10165",,,"8",,,,,"9","240",,,,,,,,,,,,,"236","43","798","172","7","0",,"2","1FFF1F","1AAAA1AAA1AAAA","4",,,,
"4301568","2019-09-16T17:00:00","29.91","-131.05",,,"1","4","2","5",,,"11",,,,,,,,,"10186",,,"8",,,,,"9","238",,,,,,,,,,,,,"236","91","798","172","7","0",,"2","1FFF1F","1AAAA1AAA1AAAA","4",,,,
"4301571","2019-09-16T17:00:00","22.84","-133.49",,,"1","4","2","5",,,"11",,,,,,,,,"10156",,,"8",,,,,"9","244",,,,,,,,,,,,,"236","23","798","172","7","0",,"2","1FFF1F","1AAAA1AAA1AAAA","4",,,,
"4600616","2019-09-16T17:00:00","24.98","-139.56",,,"1","4","2","5",,,"11",,,,,,,,,,,,"8",,,,,"9","252",,,,,,,,,,,,,"236","49","798","172","7","1","2","2","1FFFFF","1AAAAAAAA1AAAA","4",,,,
"5102585","2019-09-16T17:00:00","28.14","-139.59",,,"1","4","2","5",,,"11",,,,,,,,,,,,"8",,,,,"9","252",,,,,,,,,,,,,"236","89","798","172","7","0",,"2","1FFFFF","1AAAAAAAA1AAAA","4",,,,
"5102593","2019-09-16T17:00:00","21.28","-131.67",,,"1","4","2","5",,,"11",,,,,,,,,,,,"8",,,,,"9","253",,,,,,,,,,,,,"236","11","798","172","7","0",,"2","1FFFFF","1AAAAAAAA1AAAA","4",,,,
"4301567","2019-09-16T18:00:00","24.82","-133.22",,,"1","4","2","5",,,"11",,,,,,,,,"10168",,,"8",,,,,"9","241",,,,,,,,,,,,,"236","43","798","172","7","0",,"2","1FFF1F","1AAAA1AAA1AAAA","4",,,,
"4301571","2019-09-16T18:00:00","22.85","-133.49",,,"1","4","2","5",,,"11",,,,,,,,,"10157",,,"8",,,,,"9","244",,,,,,,,,,,,,"236","23","798","172","7","0",,"2","1FFF1F","1AAAA1AAA1AAAA","4",,,,
"4600616","2019-09-16T18:00:00","24.98","-139.58",,,"1","4","2","5",,,"11",,,,,,,,,,,,"8",,,,,"9","252",,,,,,,,,,,,,"236","49","798","172","7","1","2","2","1FFFFF","1AAAAAAAA1AAAA","4",,,,
"5102585","2019-09-16T18:00:00","28.14","-139.59",,,"1","4","2","5",,,"11",,,,,,,,,,,,"8",,,,,"9","252",,,,,,,,,,,,,"236","89","798","172","7","0",,"2","1FFFFF","1AAAAAAAA1AAAA","4",,,,
"5102593","2019-09-16T18:00:00","21.28","-131.66",,,"1","4","2","5",,,"11",,,,,,,,,,,,"8",,,,,"9","253",,,,,,,,,,,,,"236","11","798","172","7","0",,"2","1FFFFF","1AAAAAAAA1AAAA","4",,,,
"WNRD","2019-09-16T18:00:00","28.00","-140.00",,,"1","6","2","5","2","4","1",,"80","4","103","1","98","1","0","10175","3","15","8","250",,"220","205","7","240","3",,"2","4","A","A",,"5","1","6","10","4","235","80","798","172","5","1","2","2","111111","11111111111111",,"5",,"0",
"4301568","2019-09-16T18:01:00","29.91","-131.04",,,"1","4","2","5",,,"11",,,,,,,,,"10187",,,"8",,,,,"9","238",,,,,,,,,,,,,"236","91","798","172","7","0",,"2","1FFF1F","1AAAA1AAA1AAAA","4",,,,
"4301564","2019-09-16T18:04:00","29.85","-130.78",,,"1","4","2","5",,,"11",,,,,,,,,"10187",,,"8",,,,,"9","239",,,,,,,,,,,,,"236","90","798","172","7","0",,"2","1FFF1F","1AAAA1AAA1AAAA","4",,,,
"4301567","2019-09-16T19:00:00","24.82","-133.23",,,"1","4","2","5",,,"11",,,,,,,,,"10166",,,"8",,,,,"9","241",,,,,,,,,,,,,"236","43","798","172","7","0",,"2","1FFF1F","1AAAA1AAA1AAAA","4",,,,
"4301571","2019-09-16T19:00:00","22.86","-133.50",,,"1","4","2","5",,,"11",,,,,,,,,"10156",,,"8",,,,,"9","244",,,,,,,,,,,,,"236","23","798","172","7","0",,"2","1FFF1F","1AAAA1AAA1AAAA","4",,,,
"4600616","2019-09-16T19:00:00","24.97","-139.59",,,"1","4","2","5",,,"11",,,,,,,,,,,,"8",,,,,"9","252",,,,,,,,,,,,,"236","49","798","172","7","1","2","2","1FFFFF","1AAAAAAAA1AAAA","4",,,,
"5102585","2019-09-16T19:00:00","28.14","-139.59",,,"1","4","2","5",,,"11",,,,,,,,,,,,"8",,,,,"9","252",,,,,,,,,,,,,"236","89","798","172","7","0",,"2","1FFFFF","1AAAAAAAA1AAAA","4",,,,
"5102593","2019-09-16T19:00:00","21.29","-131.66",,,"1","4","2","5",,,"11",,,,,,,,,,,,"8",,,,,"9","253",,,,,,,,,,,,,"236","11","798","172","7","0",,"2","1FFFFF","1AAAAAAAA1AAAA","4",,,,
"4301568","2019-09-16T19:04:00","29.91","-131.04",,,"1","4","2","5",,,"11",,,,,,,,,"10188",,,"8",,,,,"9","238",,,,,,,,,,,,,"236","91","798","172","7","0",,"2","1FFF1F","1AAAA1AAA1AAAA","4",,,,
"4301567","2019-09-16T20:00:00","24.81","-133.23",,,"1","4","2","5",,,"11",,,,,,,,,"10163",,,"8",,,,,"9","242",,,,,,,,,,,,,"236","43","798","172","7","0",,"2","1FFF1F","1AAAA1AAA1AAAA","4",,,,
"4301571","2019-09-16T20:00:00","22.87","-133.50",,,"1","4","2","5",,,"11",,,,,,,,,"10153",,,"8",,,,,"9","245",,,,,,,,,,,,,"236","23","798","172","7","0",,"2","1FFF1F","1AAAA1AAA1AAAA","4",,,,
"5102585","2019-09-16T20:00:00","28.14","-139.60",,,"1","4","2","5",,,"11",,,,,,,,,,,,"8",,,,,"9","253",,,,,,,,,,,,,"236","89","798","172","7","0",,"2","1FFFFF","1AAAAAAAA1AAAA","4",,,,
"5102593","2019-09-16T20:00:00","21.29","-131.65",,,"1","4","2","5",,,"11",,,,,,,,,,,,"8",,,,,"9","254",,,,,,,,,,,,,"236","11","798","172","7","0",,"2","1FFFFF","1AAAAAAAA1AAAA","4",,,,
"4301567","2019-09-16T21:00:00","24.81","-133.23",,,"1","4","2","5",,,"11",,,,,,,,,"10156",,,"8",,,,,"9","242",,,,,,,,,,,,,"236","43","798","172","7","0",,"2","1FFF1F","1AAAA1AAA1AAAA","4",,,,
"4301571","2019-09-16T21:00:00","22.88","-133.50",,,"1","4","2","5",,,"11",,,,,,,,,"10147",,,"8",,,,,"9","246",,,,,,,,,,,,,"236","23","798","172","7","0",,"2","1FFF1F","1AAAA1AAA1AAAA","4",,,,
"4600616","2019-09-16T21:00:00","24.98","-139.60",,,"1","4","2","5",,,"11",,,,,,,,,,,,"8",,,,,"9","253",,,,,,,,,,,,,"236","49","798","172","7","1","2","2","1FFFFF","1AAAAAAAA1AAAA","4",,,,
"5102585","2019-09-16T21:00:00","28.14","-139.60",,,"1","4","2","5",,,"11",,,,,,,,,,,,"8",,,,,"9","253",,,,,,,,,,,,,"236","89","798","172","7","0",,"2","1FFFFF","1AAAAAAAA1AAAA","4",,,,
"5102593","2019-09-16T21:00:00","21.29","-131.64",,,"1","4","2","5",,,"11",,,,,,,,,,,,"8",,,,,"9","254",,,,,,,,,,,,,"236","11","798","172","7","0",,"2","1FFFFF","1AAAAAAAA1AAAA","4",,,,
"4301568","2019-09-16T21:04:00","29.91","-131.03",,,"1","4","2","5",,,"11",,,,,,,,,"10183",,,"8",,,,,"9","240",,,,,,,,,,,,,"236","91","798","172","7","0",,"2","1FFF1F","1AAAA1AAA1AAAA","4",,,,
"4301567","2019-09-16T22:00:00","24.81","-133.24",,,"1","4","2","5",,,"11",,,,,,,,,"10153",,,"8",,,,,"9","243",,,,,,,,,,,,,"236","43","798","172","7","0",,"2","1FFF1F","1AAAA1AAA1AAAA","4",,,,
"4600616","2019-09-16T22:00:00","24.98","-139.60",,,"1","4","2","5",,,"11",,,,,,,,,,,,"8",,,,,"9","254",,,,,,,,,,,,,"236","49","798","172","7","1","2","2","1FFFFF","1AAAAAAAA1AAAA","4",,,,
"5102585","2019-09-16T22:00:00","28.14","-139.60",,,"1","4","2","5",,,"11",,,,,,,,,,,,"8",,,,,"9","254",,,,,,,,,,,,,"236","89","798","172","7","0",,"2","1FFFFF","1AAAAAAAA1AAAA","4",,,,
"5102593","2019-09-16T22:00:00","21.29","-131.63",,,"1","4","2","5",,,"11",,,,,,,,,,,,"8",,,,,"9","255",,,,,,,,,,,,,"236","11","798","172","7","0",,"2","1FFFFF","1AAAAAAAA1AAAA","4",,,,
"4301564","2019-09-16T22:02:00","29.83","-130.76",,,"1","4","2","5",,,"11",,,,,,,,,"10175",,,"8",,,,,"9","241",,,,,,,,,,,,,"236","90","798","172","7","0",,"2","1FFF1F","1AAAA1AAA1AAAA","4",,,,
"4301568","2019-09-16T22:04:00","29.91","-131.03",,,"1","4","2","5",,,"11",,,,,,,,,"10178",,,"8",,,,,"9","241",,,,,,,,,,,,,"236","91","798","172","7","0",,"2","1FFF1F","1AAAA1AAA1AAAA","4",,,,
"4301567","2019-09-16T23:00:00","24.81","-133.24",,,"1","4","2","5",,,"11",,,,,,,,,"10151",,,"8",,,,,"9","243",,,,,,,,,,,,,"236","43","798","172","7","0",,"2","1FFF1F","1AAAA1AAA1AAAA","4",,,,
"4301571","2019-09-16T23:00:00","22.89","-133.50",,,"1","4","2","5",,,"11",,,,,,,,,"10143",,,"8",,,,,"9","246",,,,,,,,,,,,,"236","23","798","172","7","0",,"2","1FFF1F","1AAAA1AAA1AAAA","4",,,,
"4600616","2019-09-16T23:00:00","24.98","-139.60",,,"1","4","2","5",,,"11",,,,,,,,,,,,"8",,,,,"9","254",,,,,,,,,,,,,"236","49","798","172","7","1","2","2","1FFFFF","1AAAAAAAA1AAAA","4",,,,
"5102585","2019-09-16T23:00:00","28.14","-139.60",,,"1","4","2","5",,,"11",,,,,,,,,,,,"8",,,,,"9","253",,,,,,,,,,,,,"236","89","798","172","7","0",,"2","1FFFFF","1AAAAAAAA1AAAA","4",,,,
"5102593","2019-09-16T23:00:00","21.29","-131.63",,,"1","4","2","5",,,"11",,,,,,,,,,,,"8",,,,,"9","255",,,,,,,,,,,,,"236","11","798","172","7","0",,"2","1FFFFF","1AAAAAAAA1AAAA","4",,,,
"4301568","2019-09-16T23:02:00","29.91","-131.03",,,"1","4","2","5",,,"11",,,,,,,,,"10177",,,"8",,,,,"9","241",,,,,,,,,,,,,"236","91","798","172","7","0",,"2","1FFF1F","1AAAA1AAA1AAAA","4",,,,
"4301567","2019-09-17T00:00:00","24.80","-133.24",,,"1","4","2","5",,,"11",,,,,,,,,"10150",,,"8",,,,,"9","243",,,,,,,,,,,,,"236","43","798","172","7","0",,"2","1FFF1F","1AAAA1AAA1AAAA","4",,,,
"4301568","2019-09-17T00:00:00","29.91","-131.03",,,"1","4","2","5",,,"11",,,,,,,,,"10172",,,"8",,,,,"9","241",,,,,,,,,,,,,"236","91","798","172","7","0",,"2","1FFF1F","1AAAA1AAA1AAAA","4",,,,
"4301571","2019-09-17T00:00:00","22.89","-133.50",,,"1","4","2","5",,,"11",,,,,,,,,"10137",,,"8",,,,,"9","246",,,,,,,,,,,,,"236","23","798","172","7","0",,"2","1FFF1F","1AAAA1AAA1AAAA","4",,,,
"4600616","2019-09-17T00:00:00","24.96","-139.67",,,"1","4","2","5",,,"11",,,,,,,,,,,,"8",,,,,"9","253",,,,,,,,,,,,,"236","49","798","172","7","1","2","2","1FFFFF","1AAAAAAAA1AAAA","4",,,,
"5102585","2019-09-17T00:00:00","28.14","-139.60",,,"1","4","2","5",,,"11",,,,,,,,,,,,"8",,,,,"9","254",,,,,,,,,,,,,"236","89","798","172","7","0",,"2","1FFFFF","1AAAAAAAA1AAAA","4",,,,
"5102593","2019-09-17T00:00:00","21.28","-131.62",,,"1","4","2","5",,,"11",,,,,,,,,,,,"8",,,,,"9","255",,,,,,,,,,,,,"236","11","798","172","7","0",,"2","1FFFFF","1AAAAAAAA1AAAA","4",,,,
"4301568","2019-09-17T01:00:00","29.90","-131.03",,,"1","4","2","5",,,"11",,,,,,,,,"10172",,,"8",,,,,"9","241",,,,,,,,,,,,,"236","91","798","172","7","0",,"2","1FFF1F","1AAAA1AAA1AAAA","4",,,,
"4301571","2019-09-17T01:00:00","22.90","-133.50",,,"1","4","2","5",,,"11",,,,,,,,,"10135",,,"8",,,,,"9","246",,,,,,,,,,,,,"236","23","798","172","7","0",,"2","1FFF1F","1AAAA1AAA1AAAA","4",,,,
"4600616","2019-09-17T01:00:00","24.96","-139.67",,,"1","4","2","5",,,"11",,,,,,,,,,,,"8",,,,,"9","253",,,,,,,,,,,,,"236","49","798","172","7","1","2","2","1FFFFF","1AAAAAAAA1AAAA","4",,,,
"5102585","2019-09-17T01:00:00","28.14","-139.60",,,"1","4","2","5",,,"11",,,,,,,,,,,,"8",,,,,"9","254",,,,,,,,,,,,,"236","89","798","172","7","0",,"2","1FFFFF","1AAAAAAAA1AAAA","4",,,,
"5102593","2019-09-17T01:00:00","21.27","-131.62",,,"1","4","2","5",,,"11",,,,,,,,,,,,"8",,,,,"9","255",,,,,,,,,,,,,"236","11","798","172","7","0",,"2","1FFFFF","1AAAAAAAA1AAAA","4",,,,
"4301567","2019-09-17T01:01:00","24.80","-133.24",,,"1","4","2","5",,,"11",,,,,,,,,"10149",,,"8",,,,,"9","243",,,,,,,,,,,,,"236","43","798","172","7","0",,"2","1FFF1F","1AAAA1AAA1AAAA","4",,,,
"4301564","2019-09-17T01:03:00","29.81","-130.77",,,"1","4","2","5",,,"11",,,,,,,,,"10172",,,"8",,,,,"9","241",,,,,,,,,,,,,"236","90","798","172","7","0",,"2","1FFF1F","1AAAA1AAA1AAAA","4",,,,
"4301564","2019-09-17T02:00:00","29.81","-130.77",,,"1","4","2","5",,,"11",,,,,,,,,"10174",,,"8",,,,,"9","241",,,,,,,,,,,,,"236","90","798","172","7","0",,"2","1FFF1F","1AAAA1AAA1AAAA","4",,,,
"4301567","2019-09-17T02:00:00","24.80","-133.24",,,"1","4","2","5",,,"11",,,,,,,,,"10149",,,"8",,,,,"9","242",,,,,,,,,,,,,"236","43","798","172","7","0",,"2","1FFF1F","1AAAA1AAA1AAAA","4",,,,
"4301571","2019-09-17T02:00:00","22.91","-133.50",,,"1","4","2","5",,,"11",,,,,,,,,"10139",,,"8",,,,,"9","246",,,,,,,,,,,,,"236","23","798","172","7","0",,"2","1FFF1F","1AAAA1AAA1AAAA","4",,,,
"4600616","2019-09-17T02:00:00","24.96","-139.67",,,"1","4","2","5",,,"11",,,,,,,,,,,,"8",,,,,"9","253",,,,,,,,,,,,,"236","49","798","172","7","1","2","2","1FFFFF","1AAAAAAAA1AAAA","4",,,,
"5102585","2019-09-17T02:00:00","28.13","-139.60",,,"1","4","2","5",,,"11",,,,,,,,,,,,"8",,,,,"9","253",,,,,,,,,,,,,"236","89","798","172","7","0",,"2","1FFFFF","1AAAAAAAA1AAAA","4",,,,
"5102593","2019-09-17T02:00:00","21.27","-131.62",,,"1","4","2","5",,,"11",,,,,,,,,,,,"8",,,,,"9","254",,,,,,,,,,,,,"236","11","798","172","7","0",,"2","1FFFFF","1AAAAAAAA1AAAA","4",,,,
"4301568","2019-09-17T02:02:00","29.90","-131.03",,,"1","4","2","5",,,"11",,,,,,,,,"10177",,,"8",,,,,"9","241",,,,,,,,,,,,,"236","91","798","172","7","0",,"2","1FFF1F","1AAAA1AAA1AAAA","4",,,,
"4301564","2019-09-17T03:00:00","29.80","-130.78",,,"1","4","2","5",,,"11",,,,,,,,,"10178",,,"8",,,,,"9","240",,,,,,,,,,,,,"236","90","798","172","7","0",,"1","1FFF1F","1AAAA1AAA1AAAA","4",,,,
"4301568","2019-09-17T03:00:00","29.90","-131.04",,,"1","4","2","5",,,"11",,,,,,,,,"10180",,,"8",,,,,"9","240",,,,,,,,,,,,,"236","91","798","172","7","0",,"1","1FFF1F","1AAAA1AAA1AAAA","4",,,,
"4301571","2019-09-17T03:00:00","22.91","-133.49",,,"1","4","2","5",,,"11",,,,,,,,,"10146",,,"8",,,,,"9","246",,,,,,,,,,,,,"236","23","798","172","7","0",,"1","1FFF1F","1AAAA1AAA1AAAA","4",,,,
"4600616","2019-09-17T03:00:00","24.96","-139.67",,,"1","4","2","5",,,"11",,,,,,,,,,,,"8",,,,,"9","252",,,,,,,,,,,,,"236","49","798","172","7","1","2","2","1FFFFF","1AAAAAAAA1AAAA","4",,,,
"5102585","2019-09-17T03:00:00","28.13","-139.60",,,"1","4","2","5",,,"11",,,,,,,,,,,,"8",,,,,"9","253",,,,,,,,,,,,,"236","89","798","172","7","0",,"2","1FFFFF","1AAAAAAAA1AAAA","4",,,,
"5102593","2019-09-17T03:00:00","21.27","-131.62",,,"1","4","2","5",,,"11",,,,,,,,,,,,"8",,,,,"9","254",,,,,,,,,,,,,"236","11","798","172","7","0",,"1","1FFFFF","1AAAAAAAA1AAAA","4",,,,
"4301567","2019-09-17T03:01:00","24.80","-133.24",,,"1","4","2","5",,,"11",,,,,,,,,"10153",,,"8",,,,,"9","242",,,,,,,,,,,,,"236","43","798","172","7","0",,"1","1FFF1F","1AAAA1AAA1AAAA","4",,,,
"4301567","2019-09-17T04:00:00","24.80","-133.24",,,"1","4","2","5",,,"11",,,,,,,,,"10159",,,"8",,,,,"9","241",,,,,,,,,,,,,"236","43","798","172","7","0",,"1","1FFF1F","1AAAA1AAA1AAAA","4",,,,
"4301568","2019-09-17T04:00:00","29.90","-131.04",,,"1","4","2","5",,,"11",,,,,,,,,"10184",,,"8",,,,,"9","240",,,,,,,,,,,,,"236","91","798","172","7","0",,"1","1FFF1F","1AAAA1AAA1AAAA","4",,,,
"4301571","2019-09-17T04:00:00","22.91","-133.49",,,"1","4","2","5",,,"11",,,,,,,,,"10151",,,"8",,,,,"9","245",,,,,,,,,,,,,"236","23","798","172","7","0",,"1","1FFF1F","1AAAA1AAA1AAAA","4",,,,
"4600616","2019-09-17T04:00:00","24.95","-139.70",,,"1","4","2","5",,,"11",,,,,,,,,,,,"8",,,,,"9","252",,,,,,,,,,,,,"236","49","798","172","7","1","2","1","1FFFFF","1AAAAAAAA1AAAA","4",,,,
"5102585","2019-09-17T04:00:00","28.12","-139.60",,,"1","4","2","5",,,"11",,,,,,,,,,,,"8",,,,,"9","253",,,,,,,,,,,,,"236","89","798","172","7","0",,"1","1FFFFF","1AAAAAAAA1AAAA","4",,,,
"5102593","2019-09-17T04:00:00","21.27","-131.62",,,"1","4","2","5",,,"11",,,,,,,,,,,,"8",,,,,"9","254",,,,,,,,,,,,,"236","11","798","172","7","0",,"1","1FFFFF","1AAAAAAAA1AAAA","4",,,,
"4301564","2019-09-17T04:04:00","29.80","-130.78",,,"1","4","2","5",,,"11",,,,,,,,,"10182",,,"8",,,,,"9","239",,,,,,,,,,,,,"236","90","798","172","7","0",,"1","1FFF1F","1AAAA1AAA1AAAA","4",,,,
"4301564","2019-09-17T05:00:00","29.80","-130.79",,,"1","4","2","5",,,"11",,,,,,,,,"10187",,,"8",,,,,"9","239",,,,,,,,,,,,,"236","90","798","172","7","0",,"1","1FFF1F","1AAAA1AAA1AAAA","4",,,,
"4301568","2019-09-17T05:00:00","29.90","-131.04",,,"1","4","2","5",,,"11",,,,,,,,,"10187",,,"8",,,,,"9","240",,,,,,,,,,,,,"236","91","798","172","7","0",,"1","1FFF1F","1AAAA1AAA1AAAA","4",,,,
"4600616","2019-09-17T05:00:00","24.95","-139.70",,,"1","4","2","5",,,"11",,,,,,,,,,,,"8",,,,,"9","252",,,,,,,,,,,,,"236","49","798","172","7","1","2","1","1FFFFF","1AAAAAAAA1AAAA","4",,,,
"5102585","2019-09-17T05:00:00","28.12","-139.61",,,"1","4","2","5",,,"11",,,,,,,,,,,,"8",,,,,"9","253",,,,,,,,,,,,,"236","89","798","172","7","0",,"1","1FFFFF","1AAAAAAAA1AAAA","4",,,,
"5102593","2019-09-17T05:00:00","21.27","-131.62",,,"1","4","2","5",,,"11",,,,,,,,,,,,"8",,,,,"9","254",,,,,,,,,,,,,"236","11","798","172","7","0",,"1","1FFFFF","1AAAAAAAA1AAAA","4",,,,
"4301567","2019-09-17T05:04:00","24.80","-133.24",,,"1","4","2","5",,,"11",,,,,,,,,"10165",,,"8",,,,,"9","241",,,,,,,,,,,,,"236","43","798","172","7","0",,"1","1FFF1F","1AAAA1AAA1AAAA","4",,,,
"4301571","2019-09-17T05:04:00","22.91","-133.49",,,"1","4","2","5",,,"11",,,,,,,,,"10157",,,"8",,,,,"9","245",,,,,,,,,,,,,"236","23","798","172","7","0",,"1","1FFF1F","1AAAA1AAA1AAAA","4",,,,
"4301564","2019-09-17T06:00:00","29.81","-130.79",,,"1","4","2","5",,,"11",,,,,,,,,"10189",,,"8",,,,,"9","239",,,,,,,,,,,,,"236","90","798","172","7","0",,"1","1FFF1F","1AAAA1AAA1AAAA","4",,,,
"4301567","2019-09-17T06:00:00","24.79","-133.24",,,"1","4","2","5",,,"11",,,,,,,,,"10170",,,"8",,,,,"9","241",,,,,,,,,,,,,"236","43","798","172","7","0",,"1","1FFF1F","1AAAA1AAA1AAAA","4",,,,
"4600616","2019-09-17T06:00:00","24.95","-139.72",,,"1","4","2","5",,,"11",,,,,,,,,,,,"8",,,,,"9","252",,,,,,,,,,,,,"236","49","798","172","7","1","2","1","1FFFFF","1AAAAAAAA1AAAA","4",,,,
"5102585","2019-09-17T06:00:00","28.11","-139.62",,,"1","4","2","5",,,"11",,,,,,,,,,,,"8",,,,,"9","253",,,,,,,,,,,,,"236","89","798","172","7","0",,"1","1FFFFF","1AAAAAAAA1AAAA","4",,,,
"5102593","2019-09-17T06:00:00","21.27","-131.63",,,"1","4","2","5",,,"11",,,,,,,,,,,,"8",,,,,"9","254",,,,,,,,,,,,,"236","11","798","172","7","0",,"1","1FFFFF","1AAAAAAAA1AAAA","4",,,,
"WNRD","2019-09-17T06:00:00","29.30","-135.60",,,"1","6","2","5","2","4","1",,"20","4","41","1","98","2","2","10182","1","12","8","230",,"220","215","7","230","4","2","5","5","6","2",,,,,,,"236","95","798","172","5","1","2","1","111111","11111111111AA1",,"5",,"2",
"4301568","2019-09-17T06:02:00","29.91","-131.04",,,"1","4","2","5",,,"11",,,,,,,,,"10191",,,"8",,,,,"9","239",,,,,,,,,,,,,"236","91","798","172","7","0",,"1","1FFF1F","1AAAA1AAA1AAAA","4",,,,
"4301571","2019-09-17T06:02:00","22.92","-133.49",,,"1","4","2","5",,,"11",,,,,,,,,"10162",,,"8",,,,,"9","245",,,,,,,,,,,,,"236","23","798","172","7","0",,"1","1FFF1F","1AAAA1AAA1AAAA","4",,,,
"4301564","2019-09-17T07:00:00","29.81","-130.79",,,"1","4","2","5",,,"11",,,,,,,,,"10189",,,"8",,,,,"9","239",,,,,,,,,,,,,"236","90","798","172","7","0",,"1","1FFF1F","1AAAA1AAA1AAAA","4",,,,
"4301567","2019-09-17T07:00:00","24.79","-133.24",,,"1","4","2","5",,,"11",,,,,,,,,"10172",,,"8",,,,,"9","241",,,,,,,,,,,,,"236","43","798","172","7","0",,"1","1FFF1F","1AAAA1AAA1AAAA","4",,,,
"4301571","2019-09-17T07:00:00","22.92","-133.50",,,"1","4","2","5",,,"11",,,,,,,,,"10165",,,"8",,,,,"9","245",,,,,,,,,,,,,"236","23","798","172","7","0",,"1","1FFF1F","1AAAA1AAA1AAAA","4",,,,
"4600616","2019-09-17T07:00:00","24.95","-139.74",,,"1","4","2","5",,,"11",,,,,,,,,,,,"8",,,,,"9","252",,,,,,,,,,,,,"236","49","798","172","7","1","2","1","1FFFFF","1AAAAAAAA1AAAA","4",,,,
"5102585","2019-09-17T07:00:00","28.10","-139.63",,,"1","4","2","5",,,"11",,,,,,,,,,,,"8",,,,,"9","253",,,,,,,,,,,,,"236","89","798","172","7","0",,"1","1FFFFF","1AAAAAAAA1AAAA","4",,,,
"5102593","2019-09-17T07:00:00","21.28","-131.63",,,"1","4","2","5",,,"11",,,,,,,,,,,,"8",,,,,"9","254",,,,,,,,,,,,,"236","11","798","172","7","0",,"1","1FFFFF","1AAAAAAAA1AAAA","4",,,,
"4301568","2019-09-17T07:04:00","29.92","-131.04",,,"1","4","2","5",,,"11",,,,,,,,,"10191",,,"8",,,,,"9","239",,,,,,,,,,,,,"236","91","798","172","7","0",,"1","1FFF1F","1AAAA1AAA1AAAA","4",,,,
"4301564","2019-09-17T08:00:00","29.81","-130.79",,,"1","4","2","5",,,"11",,,,,,,,,"10190",,,"8",,,,,"9","239",,,,,,,,,,,,,"236","90","798","172","7","0",,"1","1FFF1F","1AAAA1AAA1AAAA","4",,,,
"4301568","2019-09-17T08:00:00","29.93","-131.04",,,"1","4","2","5",,,"11",,,,,,,,,"10190",,,"8",,,,,"9","239",,,,,,,,,,,,,"236","91","798","172","7","0",,"1","1FFF1F","1AAAA1AAA1AAAA","4",,,,
"4301571","2019-09-17T08:00:00","22.93","-133.49",,,"1","4","2","5",,,"11",,,,,,,,,"10165",,,"8",,,,,"9","245",,,,,,,,,,,,,"236","23","798","172","7","0",,"1","1FFF1F","1AAAA1AAA1AAAA","4",,,,
"4600616","2019-09-17T08:00:00","24.95","-139.74",,,"1","4","2","5",,,"11",,,,,,,,,,,,"8",,,,,"9","252",,,,,,,,,,,,,"236","49","798","172","7","1","2","1","1FFFFF","1AAAAAAAA1AAAA","4",,,,
"5102585","2019-09-17T08:00:00","28.10","-139.64",,,"1","4","2","5",,,"11",,,,,,,,,,,,"8",,,,,"9","253",,,,,,,,,,,,,"236","89","798","172","7","0",,"1","1FFFFF","1AAAAAAAA1AAAA","4",,,,
"5102593","2019-09-17T08:00:00","21.28","-131.63",,,"1","4","2","5",,,"11",,,,,,,,,,,,"8",,,,,"9","254",,,,,,,,,,,,,"236","11","798","172","7","0",,"1","1FFFFF","1AAAAAAAA1AAAA","4",,,,
"4301567","2019-09-17T08:01:00","24.79","-133.24",,,"1","4","2","5",,,"11",,,,,,,,,"10171",,,"8",,,,,"9","241",,,,,,,,,,,,,"236","43","798","172","7","0",,"1","1FFF1F","1AAAA1AAA1AAAA","4",,,,
"4301564","2019-09-17T09:00:00","29.82","-130.79",,,"1","4","2","5",,,"11",,,,,,,,,"10190",,,"8",,,,,"9","239",,,,,,,,,,,,,"236","90","798","172","7","0",,"1","1FFF1F","1AAAA1AAA1AAAA","4",,,,
"4301567","2019-09-17T09:00:00","24.78","-133.23",,,"1","4","2","5",,,"11",,,,,,,,,"10171",,,"8",,,,,"9","241",,,,,,,,,,,,,"236","43","798","172","7","0",,"1","1FFF1F","1AAAA1AAA1AAAA","4",,,,
"4301568","2019-09-17T09:00:00","29.93","-131.04",,,"1","4","2","5",,,"11",,,,,,,,,"10192",,,"8",,,,,"9","239",,,,,,,,,,,,,"236","91","798","172","7","0",,"1","1FFF1F","1AAAA1AAA1AAAA","4",,,,
"4600616","2019-09-17T09:00:00","24.95","-139.74",,,"1","4","2","5",,,"11",,,,,,,,,,,,"8",,,,,"9","252",,,,,,,,,,,,,"236","49","798","172","7","1","2","1","1FFFFF","1AAAAAAAA1AAAA","4",,,,
"5102585","2019-09-17T09:00:00","28.10","-139.64",,,"1","4","2","5",,,"11",,,,,,,,,,,,"8",,,,,"9","253",,,,,,,,,,,,,"236","89","798","172","7","0",,"1","1FFFFF","1AAAAAAAA1AAAA","4",,,,
"5102593","2019-09-17T09:00:00","21.29","-131.63",,,"1","4","2","5",,,"11",,,,,,,,,,,,"8",,,,,"9","253",,,,,,,,,,,,,"236","11","798","172","7","0",,"1","1FFFFF","1AAAAAAAA1AAAA","4",,,,
"5501505","2019-09-17T09:00:00","23.15","-136.38",,,"1","3","2","5",,,"11",,,,,,,,,"10146",,,,,,,,,,,,,,,,,,,,,,"236","36","798","172","7","0",,"1","FFFF1F","1AAAA1AAAAAAAA","4",,,,
"4301571","2019-09-17T09:01:00","22.93","-133.50",,,"1","4","2","5",,,"11",,,,,,,,,"10161",,,"8",,,,,"9","245",,,,,,,,,,,,,"236","23","798","172","7","0",,"1","1FFF1F","1AAAA1AAA1AAAA","4",,,,
"4301564","2019-09-17T10:00:00","29.82","-130.79",,,"1","4","2","5",,,"11",,,,,,,,,"10191",,,"8",,,,,"9","239",,,,,,,,,,,,,"236","90","798","172","7","0",,"1","1FFF1F","1AAAA1AAA1AAAA","4",,,,
"4301567","2019-09-17T10:00:00","24.78","-133.24",,,"1","4","2","5",,,"11",,,,,,,,,"10169",,,"8",,,,,"9","241",,,,,,,,,,,,,"236","43","798","172","7","0",,"1","1FFF1F","1AAAA1AAA1AAAA","4",,,,
"4301568","2019-09-17T10:00:00","29.94","-131.04",,,"1","4","2","5",,,"11",,,,,,,,,"10191",,,"8",,,,,"9","239",,,,,,,,,,,,,"236","91","798","172","7","0",,"1","1FFF1F","1AAAA1AAA1AAAA","4",,,,
"4301571","2019-09-17T10:00:00","22.93","-133.50",,,"1","4","2","5",,,"11",,,,,,,,,"10160",,,"8",,,,,"9","245",,,,,,,,,,,,,"236","23","798","172","7","0",,"1","1FFF1F","1AAAA1AAA1AAAA","4",,,,
"4600616","2019-09-17T10:00:00","24.95","-139.74",,,"1","4","2","5",,,"11",,,,,,,,,,,,"8",,,,,"9","252",,,,,,,,,,,,,"236","49","798","172","7","1","2","1","1FFFFF","1AAAAAAAA1AAAA","4",,,,
"5102585","2019-09-17T10:00:00","28.10","-139.65",,,"1","4","2","5",,,"11",,,,,,,,,,,,"8",,,,,"9","252",,,,,,,,,,,,,"236","89","798","172","7","0",,"1","1FFFFF","1AAAAAAAA1AAAA","4",,,,
"5102593","2019-09-17T10:00:00","21.29","-131.62",,,"1","4","2","5",,,"11",,,,,,,,,,,,"8",,,,,"9","253",,,,,,,,,,,,,"236","11","798","172","7","0",,"1","1FFFFF","1AAAAAAAA1AAAA","4",,,,
"4301564","2019-09-17T11:00:00","29.82","-130.79",,,"1","4","2","5",,,"11",,,,,,,,,"10188",,,"8",,,,,"9","239",,,,,,,,,,,,,"236","90","798","172","7","0",,"1","1FFF1F","1AAAA1AAA1AAAA","4",,,,
"4301567","2019-09-17T11:00:00","24.77","-133.24",,,"1","4","2","5",,,"11",,,,,,,,,"10164",,,"8",,,,,"9","240",,,,,,,,,,,,,"236","43","798","172","7","0",,"1","1FFF1F","1AAAA1AAA1AAAA","4",,,,
"4301568","2019-09-17T11:00:00","29.94","-131.03",,,"1","4","2","5",,,"11",,,,,,,,,"10190",,,"8",,,,,"9","239",,,,,,,,,,,,,"236","91","798","172","7","0",,"1","1FFF1F","1AAAA1AAA1AAAA","4",,,,
"4600616","2019-09-17T11:00:00","24.95","-139.74",,,"1","4","2","5",,,"11",,,,,,,,,,,,"8",,,,,"9","252",,,,,,,,,,,,,"236","49","798","172","7","1","2","1","1FFFFF","1AAAAAAAA1AAAA","4",,,,
"5102585","2019-09-17T11:00:00","28.10","-139.65",,,"1","4","2","5",,,"11",,,,,,,,,,,,"8",,,,,"9","252",,,,,,,,,,,,,"236","89","798","172","7","0",,"1","1FFFFF","1AAAAAAAA1AAAA","4",,,,
"5102593","2019-09-17T11:00:00","21.29","-131.62",,,"1","4","2","5",,,"11",,,,,,,,,,,,"8",,,,,"9","253",,,,,,,,,,,,,"236","11","798","172","7","0",,"1","1FFFFF","1AAAAAAAA1AAAA","4",,,,
"4301571","2019-09-17T11:02:00","22.94","-133.50",,,"1","4","2","5",,,"11",,,,,,,,,"10154",,,"8",,,,,"9","244",,,,,,,,,,,,,"236","23","798","172","7","0",,"1","1FFF1F","1AAAA1AAA1AAAA","4",,,,
"4301564","2019-09-17T12:00:00","29.82","-130.79",,,"1","4","2","5",,,"11",,,,,,,,,"10186",,,"8",,,,,"9","239",,,,,,,,,,,,,"236","90","798","172","7","0",,"1","1FFF1F","1AAAA1AAA1AAAA","4",,,,
"4301568","2019-09-17T12:00:00","29.94","-131.03",,,"1","4","2","5",,,"11",,,,,,,,,"10189",,,"8",,,,,"9","239",,,,,,,,,,,,,"236","91","798","172","7","0",,"1","1FFF1F","1AAAA1AAA1AAAA","4",,,,
"4301571","2019-09-17T12:00:00","22.94","-133.50",,,"1","4","2","5",,,"11",,,,,,,,,"10153",,,"8",,,,,"9","244",,,,,,,,,,,,,"236","23","798","172","7","0",,"1","1FFF1F","1AAAA1AAA1AAAA","4",,,,
"4600616","2019-09-17T12:00:00","24.95","-139.74",,,"1","4","2","5",,,"11",,,,,,,,,,,,"8",,,,,"9","252",,,,,,,,,,,,,"236","49","798","172","7","1","2","1","1FFFFF","1AAAAAAAA1AAAA","4",,,,
"5102585","2019-09-17T12:00:00","28.10","-139.66",,,"1","4","2","5",,,"11",,,,,,,,,,,,"8",,,,,"9","252",,,,,,,,,,,,,"236","89","798","172","7","0",,"1","1FFFFF","1AAAAAAAA1AAAA","4",,,,
"5102593","2019-09-17T12:00:00","21.30","-131.62",,,"1","4","2","5",,,"11",,,,,,,,,,,,"8",,,,,"9","253",,,,,,,,,,,,,"236","11","798","172","7","0",,"1","1FFFFF","1AAAAAAAA1AAAA","4",,,,
"WNRD","2019-09-17T12:00:00","29.90","-133.20",,,"1","6","2","5","2","5","1",,"100","4","57",,,,,"10175","5","3","8","220",,"210","205","7","220",,,"A",,"A","A",,,,,,,"236","93","798","172","5","1","2","1","111111","11AAA111118AA1",,"5",,,
"4301567","2019-09-17T12:02:00","24.77","-133.24",,,"1","4","2","5",,,"11",,,,,,,,,"10163",,,"8",,,,,"9","240",,,,,,,,,,,,,"236","43","798","172","7","0",,"1","1FFF1F","1AAAA1AAA1AAAA","4",,,,
"4301564","2019-09-17T13:00:00","29.82","-130.79",,,"1","4","2","5",,,"11",,,,,,,,,"10190",,,"8",,,,,"9","239",,,,,,,,,,,,,"236","90","798","172","7","0",,"1","1FFF1F","1AAAA1AAA1AAAA","4",,,,
"4301567","2019-09-17T13:00:00","24.76","-133.24",,,"1","4","2","5",,,"11",,,,,,,,,"10164",,,"8",,,,,"9","240",,,,,,,,,,,,,"236","43","798","172","7","0",,"1","1FFF1F","1AAAA1AAA1AAAA","4",,,,
"4301568","2019-09-17T13:00:00","29.94","-131.02",,,"1","4","2","5",,,"11",,,,,,,,,"10194",,,"8",,,,,"9","239",,,,,,,,,,,,,"236","91","798","172","7","0",,"1","1FFF1F","1AAAA1AAA1AAAA","4",,,,
"4301571","2019-09-17T13:00:00","22.95","-133.51",,,"1","4","2","5",,,"11",,,,,,,,,"10154",,,"8",,,,,"9","244",,,,,,,,,,,,,"236","23","798","172","7","0",,"1","1FFF1F","1AAAA1AAA1AAAA","4",,,,
"5102585","2019-09-17T13:00:00","28.10","-139.67",,,"1","4","2","5",,,"11",,,,,,,,,,,,"8",,,,,"9","252",,,,,,,,,,,,,"236","89","798","172","7","0",,"1","1FFFFF","1AAAAAAAA1AAAA","4",,,,
"5102593","2019-09-17T13:00:00","21.30","-131.61",,,"1","4","2","5",,,"11",,,,,,,,,,,,"8",,,,,"9","253",,,,,,,,,,,,,"236","11","798","172","7","0",,"1","1FFFFF","1AAAAAAAA1AAAA","4",,,,
"4301571","2019-09-17T14:00:00","22.95","-133.51",,,"1","4","2","5",,,"11",,,,,,,,,"10156",,,"8",,,,,"9","244",,,,,,,,,,,,,"236","23","798","172","7","0",,"1","1FFF1F","1AAAA1AAA1AAAA","4",,,,
"4600616","2019-09-17T14:00:00","24.95","-139.74",,,"1","4","2","5",,,"11",,,,,,,,,,,,"8",,,,,"9","251",,,,,,,,,,,,,"236","49","798","172","7","1","2","1","1FFFFF","1AAAAAAAA1AAAA","4",,,,
"5102585","2019-09-17T14:00:00","28.10","-139.67",,,"1","4","2","5",,,"11",,,,,,,,,,,,"8",,,,,"9","252",,,,,,,,,,,,,"236","89","798","172","7","0",,"1","1FFFFF","1AAAAAAAA1AAAA","4",,,,
"5102593","2019-09-17T14:00:00","21.30","-131.61",,,"1","4","2","5",,,"11",,,,,,,,,,,,"8",,,,,"9","253",,,,,,,,,,,,,"236","11","798","172","7","0",,"1","1FFFFF","1AAAAAAAA1AAAA","4",,,,
"4301564","2019-09-17T14:01:00","29.82","-130.78",,,"1","4","2","5",,,"11",,,,,,,,,"10193",,,"8",,,,,"9","239",,,,,,,,,,,,,"236","90","798","172","7","0",,"1","1FFF1F","1AAAA1AAA1AAAA","4",,,,
"4301567","2019-09-17T14:02:00","24.76","-133.25",,,"1","4","2","5",,,"11",,,,,,,,,"10165",,,"8",,,,,"9","240",,,,,,,,,,,,,"236","43","798","172","7","0",,"1","1FFF1F","1AAAA1AAA1AAAA","4",,,,
"4301564","2019-09-17T15:00:00","29.81","-130.78",,,"1","4","2","5",,,"11",,,,,,,,,"10199",,,"8",,,,,"9","239",,,,,,,,,,,,,"236","90","798","172","7","0",,"2","1FFF1F","1AAAA1AAA1AAAA","4",,,,
"4301567","2019-09-17T15:00:00","24.76","-133.25",,,"1","4","2","5",,,"11",,,,,,,,,"10169",,,"8",,,,,"9","240",,,,,,,,,,,,,"236","43","798","172","7","0",,"2","1FFF1F","1AAAA1AAA1AAAA","4",,,,
"4301568","2019-09-17T15:00:00","29.94","-131.02",,,"1","4","2","5",,,"11",,,,,,,,,"10201",,,"8",,,,,"9","238",,,,,,,,,,,,,"236","91","798","172","7","0",,"2","1FFF1F","1AAAA1AAA1AAAA","4",,,,
"5102585","2019-09-17T15:00:00","28.09","-139.67",,,"1","4","2","5",,,"11",,,,,,,,,,,,"8",,,,,"9","252",,,,,,,,,,,,,"236","89","798","172","7","0",,"1","1FFFFF","1AAAAAAAA1AAAA","4",,,,
"5102593","2019-09-17T15:00:00","21.30","-131.60",,,"1","4","2","5",,,"11",,,,,,,,,,,,"8",,,,,"9","252",,,,,,,,,,,,,"236","11","798","172","7","0",,"2","1FFFFF","1AAAAAAAA1AAAA","4",,,,
"4301571","2019-09-17T15:01:00","22.96","-133.51",,,"1","4","2","5",,,"11",,,,,,,,,"10156",,,"8",,,,,"9","244",,,,,,,,,,,,,"236","23","798","172","7","0",,"2","1FFF1F","1AAAA1AAA1AAAA","4",,,,
"4301568","2019-09-17T16:00:00","29.94","-131.01",,,"1","4","2","5",,,"11",,,,,,,,,"10205",,,"8",,,,,"9","239",,,,,,,,,,,,,"236","91","798","172","7","0",,"2","1FFF1F","1AAAA1AAA1AAAA","4",,,,
"4301571","2019-09-17T16:00:00","22.97","-133.51",,,"1","4","2","5",,,"11",,,,,,,,,"10162",,,"8",,,,,"9","244",,,,,,,,,,,,,"236","23","798","172","7","0",,"2","1FFF1F","1AAAA1AAA1AAAA","4",,,,
"4600616","2019-09-17T16:00:00","24.95","-139.86",,,"1","4","2","5",,,"11",,,,,,,,,,,,"8",,,,,"9","251",,,,,,,,,,,,,"236","49","798","172","7","1","2","2","1FFFFF","1AAAAAAAA1AAAA","4",,,,
"5102585","2019-09-17T16:00:00","28.09","-139.68",,,"1","4","2","5",,,"11",,,,,,,,,,,,"8",,,,,"9","252",,,,,,,,,,,,,"236","89","798","172","7","0",,"2","1FFFFF","1AAAAAAAA1AAAA","4",,,,
"5102593","2019-09-17T16:00:00","21.31","-131.60",,,"1","4","2","5",,,"11",,,,,,,,,,,,"8",,,,,"9","253",,,,,,,,,,,,,"236","11","798","172","7","0",,"2","1FFFFF","1AAAAAAAA1AAAA","4",,,,
"4301564","2019-09-17T16:01:00","29.81","-130.78",,,"1","4","2","5",,,"11",,,,,,,,,"10204",,,"8",,,,,"9","239",,,,,,,,,,,,,"236","90","798","172","7","0",,"2","1FFF1F","1AAAA1AAA1AAAA","4",,,,
"4301567","2019-09-17T16:01:00","24.76","-133.25",,,"1","4","2","5",,,"11",,,,,,,,,"10173",,,"8",,,,,"9","240",,,,,,,,,,,,,"236","43","798","172","7","0",,"2","1FFF1F","1AAAA1AAA1AAAA","4",,,,
"4301564","2019-09-17T17:00:00","29.81","-130.78",,,"1","4","2","5",,,"11",,,,,,,,,"10206",,,"8",,,,,"9","239",,,,,,,,,,,,,"236","90","798","172","7","0",,"2","1FFF1F","1AAAA1AAA1AAAA","4",,,,
"4301567","2019-09-17T17:00:00","24.76","-133.24",,,"1","4","2","5",,,"11",,,,,,,,,"10178",,,"8",,,,,"9","240",,,,,,,,,,,,,"236","43","798","172","7","0",,"2","1FFF1F","1AAAA1AAA1AAAA","4",,,,
"4301568","2019-09-17T17:00:00","29.94","-131.00",,,"1","4","2","5",,,"11",,,,,,,,,"10207",,,"8",,,,,"9","239",,,,,,,,,,,,,"236","91","798","172","7","0",,"2","1FFF1F","1AAAA1AAA1AAAA","4",,,,
"4600616","2019-09-17T17:00:00","24.95","-139.86",,,"1","4","2","5",,,"11",,,,,,,,,,,,"8",,,,,"9","251",,,,,,,,,,,,,"236","49","798","172","7","1","2","2","1FFFFF","1AAAAAAAA1AAAA","4",,,,
"5102585","2019-09-17T17:00:00","28.09","-139.68",,,"1","4","2","5",,,"11",,,,,,,,,,,,"8",,,,,"9","252",,,,,,,,,,,,,"236","89","798","172","7","0",,"2","1FFFFF","1AAAAAAAA1AAAA","4",,,,
"5102593","2019-09-17T17:00:00","21.31","-131.59",,,"1","4","2","5",,,"11",,,,,,,,,,,,"8",,,,,"9","253",,,,,,,,,,,,,"236","11","798","172","7","0",,"2","1FFFFF","1AAAAAAAA1AAAA","4",,,,
"4301571","2019-09-17T17:02:00","22.98","-133.51",,,"1","4","2","5",,,"11",,,,,,,,,"10162",,,"8",,,,,"9","244",,,,,,,,,,,,,"236","23","798","172","7","0",,"2","1FFF1F","1AAAA1AAA1AAAA","4",,,,
"4301564","2019-09-17T18:00:00","29.82","-130.78",,,"1","4","2","5",,,"11",,,,,,,,,"10208",,,"8",,,,,"9","240",,,,,,,,,,,,,"236","90","798","172","7","0",,"2","1FFF1F","1AAAA1AAA1AAAA","4",,,,
"4301571","2019-09-17T18:00:00","22.98","-133.52",,,"1","4","2","5",,,"11",,,,,,,,,"10165",,,"8",,,,,"9","245",,,,,,,,,,,,,"236","23","798","172","7","0",,"2","1FFF1F","1AAAA1AAA1AAAA","4",,,,
"4600616","2019-09-17T18:00:00","24.97","-139.88",,,"1","4","2","5",,,"11",,,,,,,,,,,,"8",,,,,"9","252",,,,,,,,,,,,,"236","49","798","172","7","1","2","2","1FFFFF","1AAAAAAAA1AAAA","4",,,,
"5102585","2019-09-17T18:00:00","28.10","-139.68",,,"1","4","2","5",,,"11",,,,,,,,,,,,"8",,,,,"9","252",,,,,,,,,,,,,"236","89","798","172","7","0",,"2","1FFFFF","1AAAAAAAA1AAAA","4",,,,
"5102593","2019-09-17T18:00:00","21.32","-131.59",,,"1","4","2","5",,,"11",,,,,,,,,,,,"8",,,,,"9","253",,,,,,,,,,,,,"236","11","798","172","7","0",,"2","1FFFFF","1AAAAAAAA1AAAA","4",,,,
"4301568","2019-09-17T18:01:00","29.94","-131.00",,,"1","4","2","5",,,"11",,,,,,,,,"10211",,,"8",,,,,"9","239",,,,,,,,,,,,,"236","91","798","172","7","0",,"2","1FFF1F","1AAAA1AAA1AAAA","4",,,,
"4301567","2019-09-17T18:02:00","24.75","-133.25",,,"1","4","2","5",,,"11",,,,,,,,,"10179",,,"8",,,,,"9","240",,,,,,,,,,,,,"236","43","798","172","7","0",,"2","1FFF1F","1AAAA1AAA1AAAA","4",,,,
"4301564","2019-09-17T19:00:00","29.82","-130.77",,,"1","4","2","5",,,"11",,,,,,,,,"10206",,,"8",,,,,"9","241",,,,,,,,,,,,,"236","90","798","172","7","0",,"2","1FFF1F","1AAAA1AAA1AAAA","4",,,,
"4301567","2019-09-17T19:00:00","24.75","-133.25",,,"1","4","2","5",,,"11",,,,,,,,,"10181",,,"8",,,,,"9","240",,,,,,,,,,,,,"236","43","798","172","7","0",,"2","1FFF1F","1AAAA1AAA1AAAA","4",,,,
"4301571","2019-09-17T19:00:00","22.99","-133.52",,,"1","4","2","5",,,"11",,,,,,,,,"10166",,,"8",,,,,"9","246",,,,,,,,,,,,,"236","23","798","172","7","0",,"2","1FFF1F","1AAAA1AAA1AAAA","4",,,,
"4600616","2019-09-17T19:00:00","24.97","-139.90",,,"1","4","2","5",,,"11",,,,,,,,,,,,"8",,,,,"9","252",,,,,,,,,,,,,"236","49","798","172","7","1","2","2","1FFFFF","1AAAAAAAA1AAAA","4",,,,
"5102585","2019-09-17T19:00:00","28.10","-139.69",,,"1","4","2","5",,,"11",,,,,,,,,,,,"8",,,,,"9","253",,,,,,,,,,,,,"236","89","798","172","7","0",,"2","1FFFFF","1AAAAAAAA1AAAA","4",,,,
"5102593","2019-09-17T19:00:00","21.33","-131.58",,,"1","4","2","5",,,"11",,,,,,,,,,,,"8",,,,,"9","254",,,,,,,,,,,,,"236","11","798","172","7","0",,"2","1FFFFF","1AAAAAAAA1AAAA","4",,,,
"4301568","2019-09-17T19:03:00","29.94","-130.99",,,"1","4","2","5",,,"11",,,,,,,,,"10208",,,"8",,,,,"9","239",,,,,,,,,,,,,"236","90","798","172","7","0",,"2","1FFF1F","1AAAA1AAA1AAAA","4",,,,
"4301564","2019-09-17T20:00:00","29.82","-130.77",,,"1","4","2","5",,,"11",,,,,,,,,"10205",,,"8",,,,,"9","244",,,,,,,,,,,,,"236","90","798","172","7","0",,"2","1FFF1F","1AAAA1AAA1AAAA","4",,,,
"4301567","2019-09-17T20:00:00","24.75","-133.25",,,"1","4","2","5",,,"11",,,,,,,,,"10177",,,"8",,,,,"9","241",,,,,,,,,,,,,"236","43","798","172","7","0",,"2","1FFF1F","1AAAA1AAA1AAAA","4",,,,
"4301571","2019-09-17T20:00:00","23.00","-133.52",,,"1","4","2","5",,,"11",,,,,,,,,"10162",,,"8",,,,,"9","246",,,,,,,,,,,,,"236","33","798","172","7","0",,"2","1FFF1F","1AAAA1AAA1AAAA","4",,,,
"4600616","2019-09-17T20:00:00","24.98","-139.91",,,"1","4","2","5",,,"11",,,,,,,,,,,,"8",,,,,"9","252",,,,,,,,,,,,,"236","49","798","172","7","1","2","2","1FFFFF","1AAAAAAAA1AAAA","4",,,,
"5102585","2019-09-17T20:00:00","28.09","-139.69",,,"1","4","2","5",,,"11",,,,,,,,,,,,"8",,,,,"9","254",,,,,,,,,,,,,"236","89","798","172","7","0",,"2","1FFFFF","1AAAAAAAA1AAAA","4",,,,
"5102593","2019-09-17T20:00:00","21.33","-131.58",,,"1","4","2","5",,,"11",,,,,,,,,,,,"8",,,,,"9","254",,,,,,,,,,,,,"236","11","798","172","7","0",,"2","1FFFFF","1AAAAAAAA1AAAA","4",,,,
"4301568","2019-09-17T20:01:00","29.94","-130.99",,,"1","4","2","5",,,"11",,,,,,,,,"10207",,,"8",,,,,"9","241",,,,,,,,,,,,,"236","90","798","172","7","0",,"2","1FFF1F","1AAAA1AAA1AAAA","4",,,,
"4301564","2019-09-17T21:00:00","29.82","-130.76",,,"1","4","2","5",,,"11",,,,,,,,,"10200",,,"8",,,,,"9","249",,,,,,,,,,,,,"236","90","798","172","7","0",,"2","1FFF1F","1AAAA1AAA1AAAA","4",,,,
"4301567","2019-09-17T21:00:00","24.75","-133.25",,,"1","4","2","5",,,"11",,,,,,,,,"10170",,,"8",,,,,"9","242",,,,,,,,,,,,,"236","43","798","172","7","0",,"2","1FFF1F","1AAAA1AAA1AAAA","4",,,,
"4301568","2019-09-17T21:00:00","29.94","-130.99",,,"1","4","2","5",,,"11",,,,,,,,,"10201",,,"8",,,,,"9","244",,,,,,,,,,,,,"236","90","798","172","7","0",,"2","1FFF1F","1AAAA1AAA1AAAA","4",,,,
"4301571","2019-09-17T21:00:00","23.01","-133.52",,,"1","4","2","5",,,"11",,,,,,,,,"10156",,,"8",,,,,"9","246",,,,,,,,,,,,,"236","33","798","172","7","0",,"2","1FFF1F","1AAAA1AAA1AAAA","4",,,,
"4600616","2019-09-17T21:00:00","24.98","-139.91",,,"1","4","2","5",,,"11",,,,,,,,,,,,"8",,,,,"9","252",,,,,,,,,,,,,"236","49","798","172","7","1","2","2","1FFFFF","1AAAAAAAA1AAAA","4",,,,
"5102585","2019-09-17T21:00:00","28.09","-139.69",,,"1","4","2","5",,,"11",,,,,,,,,,,,"8",,,,,"9","255",,,,,,,,,,,,,"236","89","798","172","7","0",,"2","1FFFFF","1AAAAAAAA1AAAA","4",,,,
"5102593","2019-09-17T21:00:00","21.34","-131.57",,,"1","4","2","5",,,"11",,,,,,,,,,,,"8",,,,,"9","254",,,,,,,,,,,,,"236","11","798","172","7","0",,"2","1FFFFF","1AAAAAAAA1AAAA","4",,,,
"4301568","2019-09-17T22:00:00","29.94","-130.99",,,"1","4","2","5",,,"11",,,,,,,,,"10199",,,"8",,,,,"9","246",,,,,,,,,,,,,"236","90","798","172","7","0",,"2","1FFF1F","1AAAA1AAA1AAAA","4",,,,
"4301571","2019-09-17T22:00:00","23.02","-133.52",,,"1","4","2","5",,,"11",,,,,,,,,"10152",,,"8",,,,,"9","247",,,,,,,,,,,,,"236","33","798","172","7","0",,"2","1FFF1F","1AAAA1AAA1AAAA","4",,,,
"4600616","2019-09-17T22:00:00","24.98","-139.91",,,"1","4","2","5",,,"11",,,,,,,,,,,,"8",,,,,"9","253",,,,,,,,,,,,,"236","49","798","172","7","1","2","2","1FFFFF","1AAAAAAAA1AAAA","4",,,,
"5102585","2019-09-17T22:00:00","28.09","-139.69",,,"1","4","2","5",,,"11",,,,,,,,,,,,"8",,,,,"9","255",,,,,,,,,,,,,"236","89","798","172","7","0",,"2","1FFFFF","1AAAAAAAA1AAAA","4",,,,
"5102593","2019-09-17T22:00:00","21.34","-131.57",,,"1","4","2","5",,,"11",,,,,,,,,,,,"8",,,,,"9","255",,,,,,,,,,,,,"236","11","798","172","7","0",,"2","1FFFFF","1AAAAAAAA1AAAA","4",,,,
"4301567","2019-09-17T22:02:00","24.74","-133.25",,,"1","4","2","5",,,"11",,,,,,,,,"10165",,,"8",,,,,"9","242",,,,,,,,,,,,,"236","43","798","172","7","0",,"2","1FFF1F","1AAAA1AAA1AAAA","4",,,,
"4301564","2019-09-17T23:00:00","29.81","-130.75",,,"1","4","2","5",,,"11",,,,,,,,,"10194",,,"8",,,,,"9","251",,,,,,,,,,,,,"236","90","798","172","7","0",,"2","3FFF1F","1AAAA1AAA1AAAA","4",,,,
"4301568","2019-09-17T23:00:00","29.94","-130.98",,,"1","4","2","5",,,"11",,,,,,,,,"10194",,,"8",,,,,"9","247",,,,,,,,,,,,,"236","90","798","172","7","0",,"2","1FFF1F","1AAAA1AAA1AAAA","4",,,,
"4600616","2019-09-17T23:00:00","24.98","-139.91",,,"1","4","2","5",,,"11",,,,,,,,,,,,"8",,,,,"9","253",,,,,,,,,,,,,"236","49","798","172","7","1","2","2","1FFFFF","1AAAAAAAA1AAAA","4",,,,
"5102585","2019-09-17T23:00:00","28.09","-139.68",,,"1","4","2","5",,,"11",,,,,,,,,,,,"8",,,,,"9","255",,,,,,,,,,,,,"236","89","798","172","7","0",,"2","1FFFFF","1AAAAAAAA1AAAA","4",,,,
"5102593","2019-09-17T23:00:00","21.34","-131.56",,,"1","4","2","5",,,"11",,,,,,,,,,,,"8",,,,,"9","255",,,,,,,,,,,,,"236","11","798","172","7","0",,"2","1FFFFF","1AAAAAAAA1AAAA","4",,,,
"4301567","2019-09-17T23:01:00","24.74","-133.25",,,"1","4","2","5",,,"11",,,,,,,,,"10161",,,"8",,,,,"9","242",,,,,,,,,,,,,"236","43","798","172","7","0",,"2","1FFF1F","1AAAA1AAA1AAAA","4",,,,
"4301571","2019-09-17T23:04:00","23.02","-133.52",,,"1","4","2","5",,,"11",,,,,,,,,"10149",,,"8",,,,,"9","247",,,,,,,,,,,,,"236","33","798","172","7","0",,"2","1FFF1F","1AAAA1AAA1AAAA","4",,,,
"4301564","2019-09-18T00:00:00","29.80","-130.75",,,"1","4","2","5",,,"11",,,,,,,,,"10191",,,"8",,,,,"9","251",,,,,,,,,,,,,"236","90","798","172","7","0",,"2","3FFF1F","1AAAA1AAA1AAAA","4",,,,
"4301567","2019-09-18T00:00:00","24.73","-133.26",,,"1","4","2","5",,,"11",,,,,,,,,"10159",,,"8",,,,,"9","242",,,,,,,,,,,,,"236","43","798","172","7","0",,"2","1FFF1F","1AAAA1AAA1AAAA","4",,,,
"4301568","2019-09-18T00:00:00","29.93","-130.98",,,"1","4","2","5",,,"11",,,,,,,,,"10192",,,"8",,,,,"9","249",,,,,,,,,,,,,"236","90","798","172","7","0",,"2","1FFF1F","1AAAA1AAA1AAAA","4",,,,
"4600616","2019-09-18T00:00:00","24.98","-139.97",,,"1","4","2","5",,,"11",,,,,,,,,,,,"8",,,,,"9","253",,,,,,,,,,,,,"236","49","798","172","7","1","2","2","1FFFFF","1AAAAAAAA1AAAA","4",,,,
"5102585","2019-09-18T00:00:00","28.09","-139.68",,,"1","4","2","5",,,"11",,,,,,,,,,,,"8",,,,,"9","256",,,,,,,,,,,,,"236","89","798","172","7","0",,"2","1FFFFF","1AAAAAAAA1AAAA","4",,,,
"5102593","2019-09-18T00:00:00","21.34","-131.55",,,"1","4","2","5",,,"11",,,,,,,,,,,,"8",,,,,"9","255",,,,,,,,,,,,,"236","11","798","172","7","0",,"2","1FFFFF","1AAAAAAAA1AAAA","4",,,,
"4301571","2019-09-18T00:02:00","23.03","-133.52",,,"1","4","2","5",,,"11",,,,,,,,,"10148",,,"8",,,,,"9","247",,,,,,,,,,,,,"236","33","798","172","7","0",,"2","1FFF1F","1AAAA1AAA1AAAA","4",,,,
"4301564","2019-09-18T01:00:00","29.79","-130.75",,,"1","4","2","5",,,"11",,,,,,,,,"10193",,,"8",,,,,"9","242",,,,,,,,,,,,,"236","90","798","172","7","0",,"2","1FFF1F","1AAAA1AAA1AAAA","4",,,,
"4301567","2019-09-18T01:00:00","24.73","-133.26",,,"1","4","2","5",,,"11",,,,,,,,,"10158",,,"8",,,,,"9","242",,,,,,,,,,,,,"236","43","798","172","7","0",,"2","1FFF1F","1AAAA1AAA1AAAA","4",,,,
"4301568","2019-09-18T01:00:00","29.93","-130.98",,,"1","4","2","5",,,"11",,,,,,,,,"10194",,,"8",,,,,"9","245",,,,,,,,,,,,,"236","90","798","172","7","0",,"2","1FFF1F","1AAAA1AAA1AAAA","4",,,,
"4301571","2019-09-18T01:00:00","23.03","-133.52",,,"1","4","2","5",,,"11",,,,,,,,,"10147",,,"8",,,,,"9","247",,,,,,,,,,,,,"236","33","798","172","7","0",,"2","1FFF1F","1AAAA1AAA1AAAA","4",,,,
"4600616","2019-09-18T01:00:00","24.98","-139.97",,,"1","4","2","5",,,"11",,,,,,,,,,,,"8",,,,,"9","253",,,,,,,,,,,,,"236","49","798","172","7","1","2","2","1FFFFF","1AAAAAAAA1AAAA","4",,,,
"5102585","2019-09-18T01:00:00","28.08","-139.68",,,"1","4","2","5",,,"11",,,,,,,,,,,,"8",,,,,"9","255",,,,,,,,,,,,,"236","89","798","172","7","0",,"2","1FFFFF","1AAAAAAAA1AAAA","4",,,,
"5102593","2019-09-18T01:00:00","21.34","-131.55",,,"1","4","2","5",,,"11",,,,,,,,,,,,"8",,,,,"9","255",,,,,,,,,,,,,"236","11","798","172","7","0",,"2","1FFFFF","1AAAAAAAA1AAAA","4",,,,
"4301568","2019-09-18T02:00:00","29.92","-130.98",,,"1","4","2","5",,,"11",,,,,,,,,"10194",,,"8",,,,,"9","244",,,,,,,,,,,,,"236","90","798","172","7","0",,"2","1FFF1F","1AAAA1AAA1AAAA","4",,,,
"4301571","2019-09-18T02:00:00","23.04","-133.51",,,"1","4","2","5",,,"11",,,,,,,,,"10150",,,"8",,,,,"9","246",,,,,,,,,,,,,"236","33","798","172","7","0",,"2","1FFF1F","1AAAA1AAA1AAAA","4",,,,
"4600616","2019-09-18T02:00:00","24.98","-139.97",,,"1","4","2","5",,,"11",,,,,,,,,,,,"8",,,,,"9","253",,,,,,,,,,,,,"236","49","798","172","7","1","2","2","1FFFFF","1AAAAAAAA1AAAA","4",,,,
"5102585","2019-09-18T02:00:00","28.07","-139.68",,,"1","4","2","5",,,"11",,,,,,,,,,,,"8",,,,,"9","255",,,,,,,,,,,,,"236","89","798","172","7","0",,"2","1FFFFF","1AAAAAAAA1AAAA","4",,,,
"5102593","2019-09-18T02:00:00","21.33","-131.54",,,"1","4","2","5",,,"11",,,,,,,,,,,,"8",,,,,"9","255",,,,,,,,,,,,,"236","11","798","172","7","0",,"2","1FFFFF","1AAAAAAAA1AAAA","4",,,,
"4301567","2019-09-18T02:03:00","24.72","-133.26",,,"1","4","2","5",,,"11",,,,,,,,,"10159",,,"8",,,,,"9","241",,,,,,,,,,,,,"236","43","798","172","7","0",,"2","1FFF1F","1AAAA1AAA1AAAA","4",,,,
"4301564","2019-09-18T03:00:00","29.79","-130.76",,,"1","4","2","5",,,"11",,,,,,,,,"10195",,,"8",,,,,"9","241",,,,,,,,,,,,,"236","90","798","172","7","0",,"1","1FFF1F","1AAAA1AAA1AAAA","4",,,,
"4301567","2019-09-18T03:00:00","24.72","-133.26",,,"1","4","2","5",,,"11",,,,,,,,,"10161",,,"8",,,,,"9","241",,,,,,,,,,,,,"236","43","798","172","7","0",,"1","1FFF1F","1AAAA1AAA1AAAA","4",,,,
"4301568","2019-09-18T03:00:00","29.92","-130.98",,,"1","4","2","5",,,"11",,,,,,,,,"10195",,,"8",,,,,"9","241",,,,,,,,,,,,,"236","90","798","172","7","0",,"1","1FFF1F","1AAAA1AAA1AAAA","4",,,,
"4301571","2019-09-18T03:00:00","23.05","-133.51",,,"1","4","2","5",,,"11",,,,,,,,,"10154",,,"8",,,,,"9","246",,,,,,,,,,,,,"236","33","798","172","7","0",,"2","1FFF1F","1AAAA1AAA1AAAA","4",,,,
"4600616","2019-09-18T03:00:00","24.98","-139.97",,,"1","4","2","5",,,"11",,,,,,,,,,,,"8",,,,,"9","252",,,,,,,,,,,,,"236","49","798","172","7","1","2","2","1FFFFF","1AAAAAAAA1AAAA","4",,,,
"5102585","2019-09-18T03:00:00","28.06","-139.68",,,"1","4","2","5",,,"11",,,,,,,,,,,,"8",,,,,"9","254",,,,,,,,,,,,,"236","89","798","172","7","0",,"2","1FFFFF","1AAAAAAAA1AAAA","4",,,,
"5102593","2019-09-18T03:00:00","21.33","-131.54",,,"1","4","2","5",,,"11",,,,,,,,,,,,"8",,,,,"9","255",,,,,,,,,,,,,"236","11","798","172","7","0",,"1","1FFFFF","1AAAAAAAA1AAAA","4",,,,
"4301564","2019-09-18T04:00:00","29.78","-130.76",,,"1","4","2","5",,,"11",,,,,,,,,"10197",,,"8",,,,,"9","241",,,,,,,,,,,,,"236","90","798","172","7","0",,"1","1FFF1F","1AAAA1AAA1AAAA","4",,,,
"4301567","2019-09-18T04:00:00","24.71","-133.26",,,"1","4","2","5",,,"11",,,,,,,,,"10166",,,"8",,,,,"9","241",,,,,,,,,,,,,"236","43","798","172","7","0",,"1","1FFF1F","1AAAA1AAA1AAAA","4",,,,
"4301571","2019-09-18T04:00:00","23.05","-133.51",,,"1","4","2","5",,,"11",,,,,,,,,"10158",,,"8",,,,,"9","246",,,,,,,,,,,,,"236","33","798","172","7","0",,"1","1FFF1F","1AAAA1AAA1AAAA","4",,,,
"4600616","2019-09-18T04:00:00","24.98","-139.99",,,"1","4","2","5",,,"11",,,,,,,,,,,,"8",,,,,"9","252",,,,,,,,,,,,,"236","49","798","172","7","1","2","1","1FFFFF","1AAAAAAAA1AAAA","4",,,,
"5102585","2019-09-18T04:00:00","28.05","-139.69",,,"1","4","2","5",,,"11",,,,,,,,,,,,"8",,,,,"9","253",,,,,,,,,,,,,"236","89","798","172","7","0",,"1","1FFFFF","1AAAAAAAA1AAAA","4",,,,
"5102593","2019-09-18T04:00:00","21.33","-131.54",,,"1","4","2","5",,,"11",,,,,,,,,,,,"8",,,,,"9","255",,,,,,,,,,,,,"236","11","798","172","7","0",,"1","1FFFFF","1AAAAAAAA1AAAA","4",,,,
"4301568","2019-09-18T04:01:00","29.92","-130.99",,,"1","4","2","5",,,"11",,,,,,,,,"10199",,,"8",,,,,"9","240",,,,,,,,,,,,,"236","90","798","172","7","0",,"1","1FFF1F","1AAAA1AAA1AAAA","4",,,,
"4301564","2019-09-18T05:00:00","29.78","-130.77",,,"1","4","2","5",,,"11",,,,,,,,,"10201",,,"8",,,,,"9","240",,,,,,,,,,,,,"236","90","798","172","7","0",,"1","1FFF1F","1AAAA1AAA1AAAA","4",,,,
"4301568","2019-09-18T05:00:00","29.92","-131.00",,,"1","4","2","5",,,"11",,,,,,,,,"10203",,,"8",,,,,"9","240",,,,,,,,,,,,,"236","91","798","172","7","0",,"1","1FFF1F","1AAAA1AAA1AAAA","4",,,,
"4600616","2019-09-18T05:00:00","24.98","-139.99",,,"1","4","2","5",,,"11",,,,,,,,,,,,"8",,,,,"9","252",,,,,,,,,,,,,"236","49","798","172","7","1","2","1","1FFFFF","1AAAAAAAA1AAAA","4",,,,
"5102585","2019-09-18T05:00:00","28.05","-139.70",,,"1","4","2","5",,,"11",,,,,,,,,,,,"8",,,,,"9","253",,,,,,,,,,,,,"236","89","798","172","7","0",,"1","1FFFFF","1AAAAAAAA1AAAA","4",,,,
"5102593","2019-09-18T05:00:00","21.34","-131.54",,,"1","4","2","5",,,"11",,,,,,,,,,,,"8",,,,,"9","255",,,,,,,,,,,,,"236","11","798","172","7","0",,"1","1FFFFF","1AAAAAAAA1AAAA","4",,,,
"4301567","2019-09-18T05:01:00","24.71","-133.26",,,"1","4","2","5",,,"11",,,,,,,,,"10171",,,"8",,,,,"9","241",,,,,,,,,,,,,"236","43","798","172","7","0",,"1","1FFF1F","1AAAA1AAA1AAAA","4",,,,
"5102585","2019-09-18T06:00:00","28.04","-139.71",,,"1","4","2","5",,,"11",,,,,,,,,,,,"8",,,,,"9","253",,,,,,,,,,,,,"236","89","798","172","7","0",,"1","1FFFFF","1AAAAAAAA1AAAA","4",,,,
"5102593","2019-09-18T06:00:00","21.34","-131.54",,,"1","4","2","5",,,"11",,,,,,,,,,,,"8",,,,,"9","254",,,,,,,,,,,,,"236","11","798","172","7","0",,"1","1FFFFF","1AAAAAAAA1AAAA","4",,,,
"4301571","2019-09-18T06:01:00","23.07","-133.52",,,"1","4","2","5",,,"11",,,,,,,,,"10166",,,"8",,,,,"9","245",,,,,,,,,,,,,"236","33","798","172","7","0",,"1","1FFF1F","1AAAA1AAA1AAAA","4",,,,
"4301567","2019-09-18T06:03:00","24.70","-133.27",,,"1","4","2","5",,,"11",,,,,,,,,"10174",,,"8",,,,,"9","241",,,,,,,,,,,,,"236","43","798","172","7","0",,"1","1FFF1F","1AAAA1AAA1AAAA","4",,,,
"4301568","2019-09-18T06:04:00","29.92","-131.00",,,"1","4","2","5",,,"11",,,,,,,,,"10204",,,"8",,,,,"9","239",,,,,,,,,,,,,"236","91","798","172","7","0",,"1","1FFF1F","1AAAA1AAA1AAAA","4",,,,
"4301564","2019-09-18T07:00:00","29.78","-130.78",,,"1","4","2","5",,,"11",,,,,,,,,"10202",,,"8",,,,,"9","239",,,,,,,,,,,,,"236","90","798","172","7","0",,"1","1FFF1F","1AAAA1AAA1AAAA","4",,,,
"4301567","2019-09-18T07:00:00","24.70","-133.27",,,"1","4","2","5",,,"11",,,,,,,,,"10173",,,"8",,,,,"9","241",,,,,,,,,,,,,"236","43","798","172","7","0",,"1","1FFF1F","1AAAA1AAA1AAAA","4",,,,
"4301571","2019-09-18T07:00:00","23.08","-133.52",,,"1","4","2","5",,,"11",,,,,,,,,"10165",,,"8",,,,,"9","245",,,,,,,,,,,,,"236","33","798","172","7","0",,"1","1FFF1F","1AAAA1AAA1AAAA","4",,,,
"5102585","2019-09-18T07:00:00","28.04","-139.71",,,"1","4","2","5",,,"11",,,,,,,,,,,,"8",,,,,"9","253",,,,,,,,,,,,,"236","89","798","172","7","0",,"1","1FFFFF","1AAAAAAAA1AAAA","4",,,,
"5102593","2019-09-18T07:00:00","21.35","-131.55",,,"1","4","2","5",,,"11",,,,,,,,,,,,"8",,,,,"9","254",,,,,,,,,,,,,"236","11","798","172","7","0",,"1","1FFFFF","1AAAAAAAA1AAAA","4",,,,
"4301568","2019-09-18T07:04:00","29.93","-131.00",,,"1","4","2","5",,,"11",,,,,,,,,"10201",,,"8",,,,,"9","239",,,,,,,,,,,,,"236","91","798","172","7","0",,"1","1FFF1F","1AAAA1AAA1AAAA","4",,,,
"4301564","2019-09-18T08:00:00","29.78","-130.78",,,"1","4","2","5",,,"11",,,,,,,,,"10201",,,"8",,,,,"9","239",,,,,,,,,,,,,"236","90","798","172","7","0",,"1","1FFF1F","1AAAA1AAA1AAAA","4",,,,
"5102585","2019-09-18T08:00:00","28.03","-139.72",,,"1","4","2","5",,,"11",,,,,,,,,,,,"8",,,,,"9","253",,,,,,,,,,,,,"236","89","798","172","7","0",,"1","1FFFFF","1AAAAAAAA1AAAA","4",,,,
"5102593","2019-09-18T08:00:00","21.35","-131.55",,,"1","4","2","5",,,"11",,,,,,,,,,,,"8",,,,,"9","254",,,,,,,,,,,,,"236","11","798","172","7","0",,"1","1FFFFF","1AAAAAAAA1AAAA","4",,,,
"4301567","2019-09-18T08:04:00","24.70","-133.27",,,"1","4","2","5",,,"11",,,,,,,,,"10173",,,"8",,,,,"9","241",,,,,,,,,,,,,"236","43","798","172","7","0",,"1","1FFF1F","1AAAA1AAA1AAAA","4",,,,
"4301571","2019-09-18T08:04:00","23.09","-133.52",,,"1","4","2","5",,,"11",,,,,,,,,"10165",,,"8",,,,,"9","245",,,,,,,,,,,,,"236","33","798","172","7","0",,"1","1FFF1F","1AAAA1AAA1AAAA","4",,,,
"4301564","2019-09-18T09:00:00","29.79","-130.79",,,"1","4","2","5",,,"11",,,,,,,,,"10198",,,"8",,,,,"9","239",,,,,,,,,,,,,"236","90","798","172","7","0",,"1","1FFF1F","1AAAA1AAA1AAAA","4",,,,
"5102585","2019-09-18T09:00:00","28.03","-139.73",,,"1","4","2","5",,,"11",,,,,,,,,,,,"8",,,,,"9","252",,,,,,,,,,,,,"236","89","798","172","7","0",,"1","1FFFFF","1AAAAAAAA1AAAA","4",,,,
"5102593","2019-09-18T09:00:00","21.36","-131.55",,,"1","4","2","5",,,"11",,,,,,,,,,,,"8",,,,,"9","254",,,,,,,,,,,,,"236","11","798","172","7","0",,"1","1FFFFF","1AAAAAAAA1AAAA","4",,,,
"4301567","2019-09-18T09:01:00","24.70","-133.28",,,"1","4","2","5",,,"11",,,,,,,,,"10172",,,"8",,,,,"9","240",,,,,,,,,,,,,"236","43","798","172","7","0",,"1","1FFF1F","1AAAA1AAA1AAAA","4",,,,
"4301568","2019-09-18T09:04:00","29.94","-131.01",,,"1","4","2","5",,,"11",,,,,,,,,"10199",,,"8",,,,,"9","239",,,,,,,,,,,,,"236","91","798","172","7","0",,"1","1FFF1F","1AAAA1AAA1AAAA","4",,,,
"4301571","2019-09-18T09:04:00","23.10","-133.52",,,"1","4","2","5",,,"11",,,,,,,,,"10161",,,"8",,,,,"9","245",,,,,,,,,,,,,"236","33","798","172","7","0",,"1","1FFF1F","1AAAA1AAA1AAAA","4",,,,
"4301564","2019-09-18T10:00:00","29.79","-130.79",,,"1","4","2","5",,,"11",,,,,,,,,"10195",,,"8",,,,,"9","239",,,,,,,,,,,,,"236","90","798","172","7","0",,"1","1FFF1F","1AAAA1AAA1AAAA","4",,,,
"4301567","2019-09-18T10:00:00","24.69","-133.28",,,"1","4","2","5",,,"11",,,,,,,,,"10167",,,"8",,,,,"9","240",,,,,,,,,,,,,"236","43","798","172","7","0",,"1","1FFF1F","1AAAA1AAA1AAAA","4",,,,
"4301571","2019-09-18T10:00:00","23.11","-133.52",,,"1","4","2","5",,,"11",,,,,,,,,"10158",,,"8",,,,,"9","245",,,,,,,,,,,,,"236","33","798","172","7","0",,"1","1FFF1F","1AAAA1AAA1AAAA","4",,,,
"5102585","2019-09-18T10:00:00","28.03","-139.74",,,"1","4","2","5",,,"11",,,,,,,,,,,,"8",,,,,"9","252",,,,,,,,,,,,,"236","89","798","172","7","0",,"1","1FFFFF","1AAAAAAAA1AAAA","4",,,,
"5102593","2019-09-18T10:00:00","21.37","-131.55",,,"1","4","2","5",,,"11",,,,,,,,,,,,"8",,,,,"9","254",,,,,,,,,,,,,"236","11","798","172","7","0",,"1","1FFFFF","1AAAAAAAA1AAAA","4",,,,
"4301568","2019-09-18T10:03:00","29.95","-131.01",,,"1","4","2","5",,,"11",,,,,,,,,"10197",,,"8",,,,,"9","239",,,,,,,,,,,,,"236","91","798","172","7","0",,"1","1FFF1F","1AAAA1AAA1AAAA","4",,,,
"4301564","2019-09-18T11:00:00","29.80","-130.79",,,"1","4","2","5",,,"11",,,,,,,,,"10190",,,"8",,,,,"9","239",,,,,,,,,,,,,"236","90","798","172","7","0",,"1","1FFF1F","1AAAA1AAA1AAAA","4",,,,
"4301567","2019-09-18T11:00:00","24.69","-133.29",,,"1","4","2","5",,,"11",,,,,,,,,"10161",,,"8",,,,,"9","240",,,,,,,,,,,,,"236","43","798","172","7","0",,"1","1FFF1F","1AAAA1AAA1AAAA","4",,,,
"4301568","2019-09-18T11:00:00","29.95","-131.01",,,"1","4","2","5",,,"11",,,,,,,,,"10191",,,"8",,,,,"9","239",,,,,,,,,,,,,"236","91","798","172","7","0",,"1","1FFF1F","1AAAA1AAA1AAAA","4",,,,
"4301571","2019-09-18T11:00:00","23.12","-133.52",,,"1","4","2","5",,,"11",,,,,,,,,"10153",,,"8",,,,,"9","245",,,,,,,,,,,,,"236","33","798","172","7","0",,"1","1FFF1F","1AAAA1AAA1AAAA","4",,,,
"5102585","2019-09-18T11:00:00","28.03","-139.75",,,"1","4","2","5",,,"11",,,,,,,,,,,,"8",,,,,"9","252",,,,,,,,,,,,,"236","89","798","172","7","0",,"1","1FFFFF","1AAAAAAAA1AAAA","4",,,,
"5102593","2019-09-18T11:00:00","21.38","-131.55",,,"1","4","2","5",,,"11",,,,,,,,,,,,"8",,,,,"9","254",,,,,,,,,,,,,"236","11","798","172","7","0",,"1","1FFFFF","1AAAAAAAA1AAAA","4",,,,
"4301564","2019-09-18T12:00:00","29.80","-130.79",,,"1","4","2","5",,,"11",,,,,,,,,"10188",,,"8",,,,,"9","239",,,,,,,,,,,,,"236","90","798","172","7","0",,"1","1FFF1F","1AAAA1AAA1AAAA","4",,,,
"4301568","2019-09-18T12:00:00","29.96","-131.00",,,"1","4","2","5",,,"11",,,,,,,,,"10192",,,"8",,,,,"9","239",,,,,,,,,,,,,"236","91","798","172","7","0",,"1","1FFF1F","1AAAA1AAA1AAAA","4",,,,
"5102585","2019-09-18T12:00:00","28.03","-139.75",,,"1","4","2","5",,,"11",,,,,,,,,,,,"8",,,,,"9","252",,,,,,,,,,,,,"236","89","798","172","7","0",,"1","1FFFFF","1AAAAAAAA1AAAA","4",,,,
"5102593","2019-09-18T12:00:00","21.39","-131.55",,,"1","4","2","5",,,"11",,,,,,,,,,,,"8",,,,,"9","254",,,,,,,,,,,,,"236","11","798","172","7","0",,"1","1FFFFF","1AAAAAAAA1AAAA","4",,,,
"4301567","2019-09-18T12:02:00","24.69","-133.29",,,"1","4","2","5",,,"11",,,,,,,,,"10157",,,"8",,,,,"9","240",,,,,,,,,,,,,"236","43","798","172","7","0",,"1","1FFF1F","1AAAA1AAA1AAAA","4",,,,
"4301564","2019-09-18T13:00:00","29.81","-130.79",,,"1","4","2","5",,,"11",,,,,,,,,"10189",,,"8",,,,,"9","239",,,,,,,,,,,,,"236","90","798","172","7","0",,"1","1FFF1F","1AAAA1AAA1AAAA","4",,,,
"4301568","2019-09-18T13:00:00","29.96","-131.00",,,"1","4","2","5",,,"11",,,,,,,,,"10190",,,"8",,,,,"9","238",,,,,,,,,,,,,"236","91","798","172","7","0",,"1","1FFF1F","1AAAA1AAA1AAAA","4",,,,
"5102585","2019-09-18T13:00:00","28.03","-139.76",,,"1","4","2","5",,,"11",,,,,,,,,,,,"8",,,,,"9","252",,,,,,,,,,,,,"236","89","798","172","7","0",,"1","1FFFFF","1AAAAAAAA1AAAA","4",,,,
"5102593","2019-09-18T13:00:00","21.39","-131.54",,,"1","4","2","5",,,"11",,,,,,,,,,,,"8",,,,,"9","254",,,,,,,,,,,,,"236","11","798","172","7","0",,"1","1FFFFF","1AAAAAAAA1AAAA","4",,,,
"4301571","2019-09-18T13:01:00","23.13","-133.51",,,"1","4","2","5",,,"11",,,,,,,,,"10148",,,"8",,,,,"9","245",,,,,,,,,,,,,"236","33","798","172","7","0",,"1","1FFF1F","1AAAA1AAA1AAAA","4",,,,
"4301567","2019-09-18T13:02:00","24.69","-133.30",,,"1","4","2","5",,,"11",,,,,,,,,"10156",,,"8",,,,,"9","240",,,,,,,,,,,,,"236","43","798","172","7","0",,"1","1FFF1F","1AAAA1AAA1AAAA","4",,,,
"5102585","2019-09-18T14:00:00","28.03","-139.76",,,"1","4","2","5",,,"11",,,,,,,,,,,,"8",,,,,"9","252",,,,,,,,,,,,,"236","89","798","172","7","0",,"1","1FFFFF","1AAAAAAAA1AAAA","4",,,,
"5102593","2019-09-18T14:00:00","21.40","-131.54",,,"1","4","2","5",,,"11",,,,,,,,,,,,"8",,,,,"9","253",,,,,,,,,,,,,"236","11","798","172","7","0",,"1","1FFFFF","1AAAAAAAA1AAAA","4",,,,
"4301567","2019-09-18T14:03:00","24.69","-133.30",,,"1","4","2","5",,,"11",,,,,,,,,"10162",,,"8",,,,,"9","240",,,,,,,,,,,,,"236","43","798","172","7","0",,"1","1FFF1F","1AAAA1AAA1AAAA","4",,,,
"4301568","2019-09-18T14:03:00","29.96","-130.99",,,"1","4","2","5",,,"11",,,,,,,,,"10196",,,"8",,,,,"9","238",,,,,,,,,,,,,"236","90","798","172","7","0",,"1","1FFF1F","1AAAA1AAA1AAAA","4",,,,
"4301564","2019-09-18T14:04:00","29.80","-130.77",,,"1","4","2","5",,,"11",,,,,,,,,"10194",,,"8",,,,,"9","239",,,,,,,,,,,,,"236","90","798","172","7","0",,"1","1FFF1F","1AAAA1AAA1AAAA","4",,,,
"4301571","2019-09-18T14:04:00","23.14","-133.51",,,"1","4","2","5",,,"11",,,,,,,,,"10154",,,"8",,,,,"9","245",,,,,,,,,,,,,"236","33","798","172","7","0",,"1","1FFF1F","1AAAA1AAA1AAAA","4",,,,
"4301564","2019-09-18T15:00:00","29.81","-130.78",,,"1","4","2","5",,,"11",,,,,,,,,"10200",,,"8",,,,,"9","238",,,,,,,,,,,,,"236","90","798","172","7","0",,"2","1FFF1F","1AAAA1AAA1AAAA","4",,,,
"4301567","2019-09-18T15:00:00","24.69","-133.30",,,"1","4","2","5",,,"11",,,,,,,,,"10166",,,"8",,,,,"9","240",,,,,,,,,,,,,"236","43","798","172","7","0",,"2","1FFF1F","1AAAA1AAA1AAAA","4",,,,
"5102585","2019-09-18T15:00:00","28.03","-139.77",,,"1","4","2","5",,,"11",,,,,,,,,,,,"8",,,,,"9","252",,,,,,,,,,,,,"236","89","798","172","7","0",,"1","1FFFFF","1AAAAAAAA1AAAA","4",,,,
"5102593","2019-09-18T15:00:00","21.41","-131.53",,,"1","4","2","5",,,"11",,,,,,,,,,,,"8",,,,,"9","253",,,,,,,,,,,,,"236","11","798","172","7","0",,"2","1FFFFF","1AAAAAAAA1AAAA","4",,,,
"4301571","2019-09-18T15:04:00","23.15","-133.50",,,"1","4","2","5",,,"11",,,,,,,,,"10160",,,"8",,,,,"9","245",,,,,,,,,,,,,"236","33","798","172","7","0",,"2","1FFF1F","1AAAA1AAA1AAAA","4",,,,
"4301564","2019-09-18T16:00:00","29.81","-130.78",,,"1","4","2","5",,,"11",,,,,,,,,"10205",,,"8",,,,,"9","238",,,,,,,,,,,,,"236","90","798","172","7","0",,"2","1FFF1F","1AAAA1AAA1AAAA","4",,,,
"4301567","2019-09-18T16:00:00","24.69","-133.30",,,"1","4","2","5",,,"11",,,,,,,,,"10173",,,"8",,,,,"9","240",,,,,,,,,,,,,"236","43","798","172","7","0",,"2","1FFF1F","1AAAA1AAA1AAAA","4",,,,
"4301568","2019-09-18T16:00:00","29.96","-130.99",,,"1","4","2","5",,,"11",,,,,,,,,"10208",,,"8",,,,,"9","238",,,,,,,,,,,,,"236","90","798","172","7","0",,"2","1FFF1F","1AAAA1AAA1AAAA","4",,,,
"5102585","2019-09-18T16:00:00","28.03","-139.78",,,"1","4","2","5",,,"11",,,,,,,,,,,,"8",,,,,"9","252",,,,,,,,,,,,,"236","89","798","172","7","0",,"2","1FFFFF","1AAAAAAAA1AAAA","4",,,,
"5102593","2019-09-18T16:00:00","21.41","-131.53",,,"1","4","2","5",,,"11",,,,,,,,,,,,"8",,,,,"9","253",,,,,,,,,,,,,"236","11","798","172","7","0",,"2","1FFFFF","1AAAAAAAA1AAAA","4",,,,
"4301571","2019-09-18T16:02:00","23.16","-133.50",,,"1","4","2","5",,,"11",,,,,,,,,"10164",,,"8",,,,,"9","245",,,,,,,,,,,,,"236","33","798","172","7","0",,"2","1FFF1F","1AAAA1AAA1AAAA","4",,,,
"4301564","2019-09-18T17:00:00","29.81","-130.77",,,"1","4","2","5",,,"11",,,,,,,,,"10212",,,"8",,,,,"9","238",,,,,,,,,,,,,"236","90","798","172","7","0",,"2","1FFF1F","1AAAA1AAA1AAAA","4",,,,
"4301567","2019-09-18T17:00:00","24.69","-133.30",,,"1","4","2","5",,,"11",,,,,,,,,"10179",,,"8",,,,,"9","240",,,,,,,,,,,,,"236","43","798","172","7","0",,"2","1FFF1F","1AAAA1AAA1AAAA","4",,,,
"4301568","2019-09-18T17:00:00","29.96","-130.98",,,"1","4","2","5",,,"11",,,,,,,,,"10212",,,"8",,,,,"9","238",,,,,,,,,,,,,"236","90","798","172","7","0",,"2","1FFF1F","1AAAA1AAA1AAAA","4",,,,
"4301571","2019-09-18T17:00:00","23.17","-133.50",,,"1","4","2","5",,,"11",,,,,,,,,"10166",,,"8",,,,,"9","245",,,,,,,,,,,,,"236","33","798","172","7","0",,"2","1FFF1F","1AAAA1AAA1AAAA","4",,,,
"5102585","2019-09-18T17:00:00","28.04","-139.78",,,"1","4","2","5",,,"11",,,,,,,,,,,,"8",,,,,"9","252",,,,,,,,,,,,,"236","89","798","172","7","0",,"2","1FFFFF","1AAAAAAAA1AAAA","4",,,,
"5102593","2019-09-18T17:00:00","21.42","-131.52",,,"1","4","2","5",,,"11",,,,,,,,,,,,"8",,,,,"9","253",,,,,,,,,,,,,"236","11","798","172","7","0",,"2","1FFFFF","1AAAAAAAA1AAAA","4",,,,
"4301564","2019-09-18T18:00:00","29.81","-130.77",,,"1","4","2","5",,,"11",,,,,,,,,"10211",,,"8",,,,,"9","238",,,,,,,,,,,,,"236","90","798","172","7","0",,"2","1FFF1F","1AAAA1AAA1AAAA","4",,,,
"4301567","2019-09-18T18:00:00","24.69","-133.30",,,"1","4","2","5",,,"11",,,,,,,,,"10178",,,"8",,,,,"9","240",,,,,,,,,,,,,"236","43","798","172","7","0",,"2","1FFF1F","1AAAA1AAA1AAAA","4",,,,
"5102585","2019-09-18T18:00:00","28.04","-139.79",,,"1","4","2","5",,,"11",,,,,,,,,,,,"8",,,,,"9","252",,,,,,,,,,,,,"236","89","798","172","7","0",,"2","1FFFFF","1AAAAAAAA1AAAA","4",,,,
"5102593","2019-09-18T18:00:00","21.42","-131.52",,,"1","4","2","5",,,"11",,,,,,,,,,,,"8",,,,,"9","253",,,,,,,,,,,,,"236","11","798","172","7","0",,"2","1FFFFF","1AAAAAAAA1AAAA","4",,,,
"4301568","2019-09-18T18:04:00","29.96","-130.97",,,"1","4","2","5",,,"11",,,,,,,,,"10212",,,"8",,,,,"9","238",,,,,,,,,,,,,"236","90","798","172","7","0",,"2","1FFF1F","1AAAA1AAA1AAAA","4",,,,
"4301567","2019-09-18T19:00:00","24.68","-133.30",,,"1","4","2","5",,,"11",,,,,,,,,"10179",,,"8",,,,,"9","241",,,,,,,,,,,,,"236","43","798","172","7","0",,"2","1FFF1F","1AAAA1AAA1AAAA","4",,,,
"4301571","2019-09-18T19:00:00","23.18","-133.49",,,"1","4","2","5",,,"11",,,,,,,,,"10167",,,"8",,,,,"9","245",,,,,,,,,,,,,"236","33","798","172","7","0",,"2","1FFF1F","1AAAA1AAA1AAAA","4",,,,
"5102585","2019-09-18T19:00:00","28.04","-139.79",,,"1","4","2","5",,,"11",,,,,,,,,,,,"8",,,,,"9","252",,,,,,,,,,,,,"236","89","798","172","7","0",,"2","1FFFFF","1AAAAAAAA1AAAA","4",,,,
"5102593","2019-09-18T19:00:00","21.43","-131.52",,,"1","4","2","5",,,"11",,,,,,,,,,,,"8",,,,,"9","253",,,,,,,,,,,,,"236","11","798","172","7","0",,"2","1FFFFF","1AAAAAAAA1AAAA","4",,,,
"4301564","2019-09-18T19:03:00","29.81","-130.77",,,"1","4","2","5",,,"11",,,,,,,,,"10212",,,"8",,,,,"9","239",,,,,,,,,,,,,"236","90","798","172","7","0",,"2","1FFF1F","1AAAA1AAA1AAAA","4",,,,
"4301568","2019-09-18T19:04:00","29.96","-130.97",,,"1","4","2","5",,,"11",,,,,,,,,"10212",,,"8",,,,,"9","239",,,,,,,,,,,,,"236","90","798","172","7","0",,"2","1FFF1F","1AAAA1AAA1AAAA","4",,,,
"4301564","2019-09-18T20:00:00","29.81","-130.76",,,"1","4","2","5",,,"11",,,,,,,,,"10210",,,"8",,,,,"9","239",,,,,,,,,,,,,"236","90","798","172","7","0",,"2","1FFF1F","1AAAA1AAA1AAAA","4",,,,
"4301568","2019-09-18T20:00:00","29.96","-130.96",,,"1","4","2","5",,,"11",,,,,,,,,"10211",,,"8",,,,,"9","239",,,,,,,,,,,,,"236","90","798","172","7","0",,"2","1FFF1F","1AAAA1AAA1AAAA","4",,,,
"5102585","2019-09-18T20:00:00","28.04","-139.79",,,"1","4","2","5",,,"11",,,,,,,,,,,,"8",,,,,"9","253",,,,,,,,,,,,,"236","89","798","172","7","0",,"2","1FFFFF","1AAAAAAAA1AAAA","4",,,,
"5102593","2019-09-18T20:00:00","21.44","-131.52",,,"1","4","2","5",,,"11",,,,,,,,,,,,"8",,,,,"9","254",,,,,,,,,,,,,"236","11","798","172","7","0",,"2","1FFFFF","1AAAAAAAA1AAAA","4",,,,
"4301567","2019-09-18T20:04:00","24.68","-133.30",,,"1","4","2","5",,,"11",,,,,,,,,"10177",,,"8",,,,,"9","241",,,,,,,,,,,,,"236","43","798","172","7","0",,"2","1FFF1F","1AAAA1AAA1AAAA","4",,,,
"4301564","2019-09-18T21:00:00","29.80","-130.76",,,"1","4","2","5",,,"11",,,,,,,,,"10205",,,"8",,,,,"9","239",,,,,,,,,,,,,"236","90","798","172","7","0",,"2","1FFF1F","1AAAA1AAA1AAAA","4",,,,
"5102585","2019-09-18T21:00:00","28.05","-139.79",,,"1","4","2","5",,,"11",,,,,,,,,,,,"8",,,,,"9","254",,,,,,,,,,,,,"236","89","798","172","7","0",,"2","1FFFFF","1AAAAAAAA1AAAA","4",,,,
"5102593","2019-09-18T21:00:00","21.44","-131.52",,,"1","4","2","5",,,"11",,,,,,,,,,,,"8",,,,,"9","254",,,,,,,,,,,,,"236","11","798","172","7","0",,"2","1FFFFF","1AAAAAAAA1AAAA","4",,,,
"4301567","2019-09-18T21:02:00","24.68","-133.29",,,"1","4","2","5",,,"11",,,,,,,,,"10173",,,"8",,,,,"9","242",,,,,,,,,,,,,"236","43","798","172","7","0",,"2","1FFF1F","1AAAA1AAA1AAAA","4",,,,
"4301571","2019-09-18T21:04:00","23.20","-133.49",,,"1","4","2","5",,,"11",,,,,,,,,"10160",,,"8",,,,,"9","246",,,,,,,,,,,,,"236","33","798","172","7","0",,"2","1FFF1F","1AAAA1AAA1AAAA","4",,,,
"4301564","2019-09-18T22:00:00","29.80","-130.76",,,"1","4","2","5",,,"11",,,,,,,,,"10198",,,"8",,,,,"9","240",,,,,,,,,,,,,"236","90","798","172","7","0",,"2","1FFF1F","1AAAA1AAA1AAAA","4",,,,
"4301567","2019-09-18T22:00:00","24.67","-133.30",,,"1","4","2","5",,,"11",,,,,,,,,"10167",,,"8",,,,,"9","242",,,,,,,,,,,,,"236","43","798","172","7","0",,"2","1FFF1F","1AAAA1AAA1AAAA","4",,,,
"4301568","2019-09-18T22:00:00","29.95","-130.96",,,"1","4","2","5",,,"11",,,,,,,,,"10201",,,"8",,,,,"9","241",,,,,,,,,,,,,"236","90","798","172","7","0",,"2","1FFF1F","1AAAA1AAA1AAAA","4",,,,
"4301571","2019-09-18T22:00:00","23.20","-133.49",,,"1","4","2","5",,,"11",,,,,,,,,"10156",,,"8",,,,,"9","246",,,,,,,,,,,,,"236","33","798","172","7","0",,"2","1FFF1F","1AAAA1AAA1AAAA","4",,,,
"5102585","2019-09-18T22:00:00","28.05","-139.79",,,"1","4","2","5",,,"11",,,,,,,,,,,,"8",,,,,"9","253",,,,,,,,,,,,,"236","89","798","172","7","0",,"2","1FFFFF","1AAAAAAAA1AAAA","4",,,,
"5102593","2019-09-18T22:00:00","21.45","-131.52",,,"1","4","2","5",,,"11",,,,,,,,,,,,"8",,,,,"9","254",,,,,,,,,,,,,"236","11","798","172","7","0",,"2","1FFFFF","1AAAAAAAA1AAAA","4",,,,
"4301564","2019-09-18T23:00:00","29.80","-130.76",,,"1","4","2","5",,,"11",,,,,,,,,"10196",,,"8",,,,,"9","241",,,,,,,,,,,,,"236","90","798","172","7","0",,"2","1FFF1F","1AAAA1AAA1AAAA","4",,,,
"4301567","2019-09-18T23:00:00","24.66","-133.30",,,"1","4","2","5",,,"11",,,,,,,,,"10165",,,"8",,,,,"9","242",,,,,,,,,,,,,"236","43","798","172","7","0",,"2","1FFF1F","1AAAA1AAA1AAAA","4",,,,
"4301568","2019-09-18T23:00:00","29.95","-130.96",,,"1","4","2","5",,,"11",,,,,,,,,"10199",,,"8",,,,,"9","241",,,,,,,,,,,,,"236","90","798","172","7","0",,"2","1FFF1F","1AAAA1AAA1AAAA","4",,,,
"4301571","2019-09-18T23:00:00","23.21","-133.48",,,"1","4","2","5",,,"11",,,,,,,,,"10153",,,"8",,,,,"9","246",,,,,,,,,,,,,"236","33","798","172","7","0",,"2","1FFF1F","1AAAA1AAA1AAAA","4",,,,
"5102585","2019-09-18T23:00:00","28.05","-139.78",,,"1","4","2","5",,,"11",,,,,,,,,,,,"8",,,,,"9","253",,,,,,,,,,,,,"236","89","798","172","7","0",,"2","1FFFFF","1AAAAAAAA1AAAA","4",,,,
"5102593","2019-09-18T23:00:00","21.45","-131.51",,,"1","4","2","5",,,"11",,,,,,,,,,,,"8",,,,,"9","254",,,,,,,,,,,,,"236","11","798","172","7","0",,"2","1FFFFF","1AAAAAAAA1AAAA","4",,,,
"4301564","2019-09-19T00:00:00","29.80","-130.76",,,"1","4","2","5",,,"11",,,,,,,,,"10192",,,"8",,,,,"9","241",,,,,,,,,,,,,"236","90","798","172","7","0",,"2","1FFF1F","1AAAA1AAA1AAAA","4",,,,
"4301567","2019-09-19T00:00:00","24.66","-133.30",,,"1","4","2","5",,,"11",,,,,,,,,"10161",,,"8",,,,,"9","242",,,,,,,,,,,,,"236","43","798","172","7","0",,"2","1FFF1F","1AAAA1AAA1AAAA","4",,,,
"4301568","2019-09-19T00:00:00","29.95","-130.96",,,"1","4","2","5",,,"11",,,,,,,,,"10193",,,"8",,,,,"9","241",,,,,,,,,,,,,"236","90","798","172","7","0",,"2","1FFF1F","1AAAA1AAA1AAAA","4",,,,
"4301571","2019-09-19T00:00:00","23.21","-133.48",,,"1","4","2","5",,,"11",,,,,,,,,"10152",,,"8",,,,,"9","246",,,,,,,,,,,,,"236","33","798","172","7","0",,"2","1FFF1F","1AAAA1AAA1AAAA","4",,,,
"5102585","2019-09-19T00:00:00","28.05","-139.78",,,"1","4","2","5",,,"11",,,,,,,,,,,,"8",,,,,"9","253",,,,,,,,,,,,,"236","89","798","172","7","0",,"2","1FFFFF","1AAAAAAAA1AAAA","4",,,,
"5102593","2019-09-19T00:00:00","21.46","-131.51",,,"1","4","2","5",,,"11",,,,,,,,,,,,"8",,,,,"9","255",,,,,,,,,,,,,"236","11","798","172","7","0",,"2","1FFFFF","1AAAAAAAA1AAAA","4",,,,
"4301564","2019-09-19T01:00:00","29.79","-130.76",,,"1","4","2","5",,,"11",,,,,,,,,"10190",,,"8",,,,,"9","241",,,,,,,,,,,,,"236","90","798","172","7","0",,"2","1FFF1F","1AAAA1AAA1AAAA","4",,,,
"4301567","2019-09-19T01:00:00","24.65","-133.31",,,"1","4","2","5",,,"11",,,,,,,,,"10163",,,"8",,,,,"9","242",,,,,,,,,,,,,"236","43","798","172","7","0",,"2","1FFF1F","1AAAA1AAA1AAAA","4",,,,
"4301568","2019-09-19T01:00:00","29.95","-130.96",,,"1","4","2","5",,,"11",,,,,,,,,"10192",,,"8",,,,,"9","241",,,,,,,,,,,,,"236","90","798","172","7","0",,"2","1FFF1F","1AAAA1AAA1AAAA","4",,,,
"5102585","2019-09-19T01:00:00","28.04","-139.78",,,"1","4","2","5",,,"11",,,,,,,,,,,,"8",,,,,"9","253",,,,,,,,,,,,,"236","89","798","172","7","0",,"2","1FFFFF","1AAAAAAAA1AAAA","4",,,,
"5102593","2019-09-19T01:00:00","21.46","-131.51",,,"1","4","2","5",,,"11",,,,,,,,,,,,"8",,,,,"9","255",,,,,,,,,,,,,"236","11","798","172","7","0",,"2","1FFFFF","1AAAAAAAA1AAAA","4",,,,
"4301571","2019-09-19T01:01:00","23.21","-133.48",,,"1","4","2","5",,,"11",,,,,,,,,"10151",,,"8",,,,,"9","246",,,,,,,,,,,,,"236","33","798","172","7","0",,"2","1FFF1F","1AAAA1AAA1AAAA","4",,,,
"4301567","2019-09-19T02:00:00","24.65","-133.31",,,"1","4","2","5",,,"11",,,,,,,,,"10165",,,"8",,,,,"9","241",,,,,,,,,,,,,"236","43","798","172","7","0",,"2","1FFF1F","1AAAA1AAA1AAAA","4",,,,
"4301571","2019-09-19T02:00:00","23.21","-133.49",,,"1","4","2","5",,,"11",,,,,,,,,"10153",,,"8",,,,,"9","246",,,,,,,,,,,,,"236","33","798","172","7","0",,"2","1FFF1F","1AAAA1AAA1AAAA","4",,,,
"5102585","2019-09-19T02:00:00","28.04","-139.78",,,"1","4","2","5",,,"11",,,,,,,,,,,,"8",,,,,"9","253",,,,,,,,,,,,,"236","89","798","172","7","0",,"2","1FFFFF","1AAAAAAAA1AAAA","4",,,,
"5102593","2019-09-19T02:00:00","21.46","-131.50",,,"1","4","2","5",,,"11",,,,,,,,,,,,"8",,,,,"9","254",,,,,,,,,,,,,"236","11","798","172","7","0",,"2","1FFFFF","1AAAAAAAA1AAAA","4",,,,
"4301568","2019-09-19T02:02:00","29.94","-130.96",,,"1","4","2","5",,,"11",,,,,,,,,"10193",,,"8",,,,,"9","240",,,,,,,,,,,,,"236","90","798","172","7","0",,"2","1FFF1F","1AAAA1AAA1AAAA","4",,,,
"4301564","2019-09-19T03:00:00","29.78","-130.76",,,"1","4","2","5",,,"11",,,,,,,,,"10193",,,"8",,,,,"9","240",,,,,,,,,,,,,"236","90","798","172","7","0",,"1","1FFF1F","1AAAA1AAA1AAAA","4",,,,
"4301567","2019-09-19T03:00:00","24.64","-133.31",,,"1","4","2","5",,,"11",,,,,,,,,"10166",,,"8",,,,,"9","241",,,,,,,,,,,,,"236","43","798","172","7","0",,"1","1FFF1F","1AAAA1AAA1AAAA","4",,,,
"4301568","2019-09-19T03:00:00","29.94","-130.96",,,"1","4","2","5",,,"11",,,,,,,,,"10191",,,"8",,,,,"9","240",,,,,,,,,,,,,"236","90","798","172","7","0",,"1","1FFF1F","1AAAA1AAA1AAAA","4",,,,
"4301571","2019-09-19T03:00:00","23.22","-133.49",,,"1","4","2","5",,,"11",,,,,,,,,"10156",,,"8",,,,,"9","246",,,,,,,,,,,,,"236","33","798","172","7","0",,"1","1FFF1F","1AAAA1AAA1AAAA","4",,,,
"5102585","2019-09-19T03:00:00","28.03","-139.78",,,"1","4","2","5",,,"11",,,,,,,,,,,,"8",,,,,"9","253",,,,,,,,,,,,,"236","89","798","172","7","0",,"2","1FFFFF","1AAAAAAAA1AAAA","4",,,,
"5102593","2019-09-19T03:00:00","21.46","-131.50",,,"1","4","2","5",,,"11",,,,,,,,,,,,"8",,,,,"9","254",,,,,,,,,,,,,"236","11","798","172","7","0",,"1","1FFFFF","1AAAAAAAA1AAAA","4",,,,
"4301564","2019-09-19T04:00:00","29.78","-130.76",,,"1","4","2","5",,,"11",,,,,,,,,"10194",,,"8",,,,,"9","239",,,,,,,,,,,,,"236","90","798","172","7","0",,"1","1FFF1F","1AAAA1AAA1AAAA","4",,,,
"4301567","2019-09-19T04:00:00","24.64","-133.31",,,"1","4","2","5",,,"11",,,,,,,,,"10168",,,"8",,,,,"9","241",,,,,,,,,,,,,"236","43","798","172","7","0",,"1","1FFF1F","1AAAA1AAA1AAAA","4",,,,
"5102585","2019-09-19T04:00:00","28.02","-139.78",,,"1","4","2","5",,,"11",,,,,,,,,,,,"8",,,,,"9","253",,,,,,,,,,,,,"236","89","798","172","7","0",,"1","1FFFFF","1AAAAAAAA1AAAA","4",,,,
"5102593","2019-09-19T04:00:00","21.46","-131.51",,,"1","4","2","5",,,"11",,,,,,,,,,,,"8",,,,,"9","254",,,,,,,,,,,,,"236","11","798","172","7","0",,"1","1FFFFF","1AAAAAAAA1AAAA","4",,,,
"4301568","2019-09-19T04:01:00","29.94","-130.97",,,"1","4","2","5",,,"11",,,,,,,,,"10197",,,"8",,,,,"9","239",,,,,,,,,,,,,"236","90","798","172","7","0",,"1","1FFF1F","1AAAA1AAA1AAAA","4",,,,
"4301564","2019-09-19T05:00:00","29.77","-130.77",,,"1","4","2","5",,,"11",,,,,,,,,"10195",,,"8",,,,,"9","239",,,,,,,,,,,,,"236","90","798","172","7","0",,"1","1FFF1F","1AAAA1AAA1AAAA","4",,,,
"4301567","2019-09-19T05:00:00","24.63","-133.32",,,"1","4","2","5",,,"11",,,,,,,,,"10171",,,"8",,,,,"9","241",,,,,,,,,,,,,"236","43","798","172","7","0",,"1","1FFF1F","1AAAA1AAA1AAAA","4",,,,
"4301571","2019-09-19T05:00:00","23.23","-133.50",,,"1","4","2","5",,,"11",,,,,,,,,"10162",,,"8",,,,,"9","245",,,,,,,,,,,,,"236","33","798","172","7","0",,"1","1FFF1F","1AAAA1AAA1AAAA","4",,,,
"5102585","2019-09-19T05:00:00","28.02","-139.78",,,"1","4","2","5",,,"11",,,,,,,,,,,,"8",,,,,"9","252",,,,,,,,,,,,,"236","89","798","172","7","0",,"1","1FFFFF","1AAAAAAAA1AAAA","4",,,,
"5102593","2019-09-19T05:00:00","21.46","-131.51",,,"1","4","2","5",,,"11",,,,,,,,,,,,"8",,,,,"9","254",,,,,,,,,,,,,"236","11","798","172","7","0",,"1","1FFFFF","1AAAAAAAA1AAAA","4",,,,
"4301568","2019-09-19T05:01:00","29.93","-130.97",,,"1","4","2","5",,,"11",,,,,,,,,"10198",,,"8",,,,,"9","240",,,,,,,,,,,,,"236","90","798","172","7","0",,"1","1FFF1F","1AAAA1AAA1AAAA","4",,,,
"5102585","2019-09-19T06:00:00","28.01","-139.79",,,"1","4","2","5",,,"11",,,,,,,,,,,,"8",,,,,"9","252",,,,,,,,,,,,,"236","89","798","172","7","0",,"1","1FFFFF","1AAAAAAAA1AAAA","4",,,,
"5102593","2019-09-19T06:00:00","21.47","-131.51",,,"1","4","2","5",,,"11",,,,,,,,,,,,"8",,,,,"9","254",,,,,,,,,,,,,"236","11","798","172","7","0",,"1","1FFFFF","1AAAAAAAA1AAAA","4",,,,
"4301567","2019-09-19T06:01:00","24.63","-133.32",,,"1","4","2","5",,,"11",,,,,,,,,"10174",,,"8",,,,,"9","241",,,,,,,,,,,,,"236","43","798","172","7","0",,"1","1FFF1F","1AAAA1AAA1AAAA","4",,,,
"4301564","2019-09-19T06:04:00","29.77","-130.77",,,"1","4","2","5",,,"11",,,,,,,,,"10198",,,"8",,,,,"9","239",,,,,,,,,,,,,"236","90","798","172","7","0",,"1","1FFF1F","1AAAA1AAA1AAAA","4",,,,
"4301564","2019-09-19T07:00:00","29.77","-130.78",,,"1","4","2","5",,,"11",,,,,,,,,"10199",,,"8",,,,,"9","239",,,,,,,,,,,,,"236","90","798","172","7","0",,"1","1FFF1F","1AAAA1AAA1AAAA","4",,,,
"4301571","2019-09-19T07:00:00","23.25","-133.50",,,"1","4","2","5",,,"11",,,,,,,,,"10168",,,"8",,,,,"9","245",,,,,,,,,,,,,"236","33","798","172","7","0",,"1","1FFF1F","1AAAA1AAA1AAAA","4",,,,
"5102585","2019-09-19T07:00:00","28.00","-139.80",,,"1","4","2","5",,,"11",,,,,,,,,,,,"8",,,,,"9","252",,,,,,,,,,,,,"236","89","798","172","7","0",,"1","1FFFFF","1AAAAAAAA1AAAA","4",,,,
"5102593","2019-09-19T07:00:00","21.47","-131.52",,,"1","4","2","5",,,"11",,,,,,,,,,,,"8",,,,,"9","254",,,,,,,,,,,,,"236","11","798","172","7","0",,"1","1FFFFF","1AAAAAAAA1AAAA","4",,,,
"4301567","2019-09-19T07:01:00","24.63","-133.32",,,"1","4","2","5",,,"11",,,,,,,,,"10176",,,"8",,,,,"9","240",,,,,,,,,,,,,"236","43","798","172","7","0",,"1","1FFF1F","1AAAA1AAA1AAAA","4",,,,
"4301568","2019-09-19T07:04:00","29.94","-130.97",,,"1","4","2","5",,,"11",,,,,,,,,"10200",,,"8",,,,,"9","239",,,,,,,,,,,,,"236","90","798","172","7","0",,"1","1FFF1F","1AAAA1AAA1AAAA","4",,,,
"4301564","2019-09-19T08:00:00","29.78","-130.78",,,"1","4","2","5",,,"11",,,,,,,,,"10198",,,"8",,,,,"9","239",,,,,,,,,,,,,"236","90","798","172","7","0",,"1","1FFF1F","1AAAA1AAA1AAAA","4",,,,
"4301567","2019-09-19T08:00:00","24.62","-133.33",,,"1","4","2","5",,,"11",,,,,,,,,"10174",,,"8",,,,,"9","240",,,,,,,,,,,,,"236","43","798","172","7","0",,"1","1FFF1F","1AAAA1AAA1AAAA","4",,,,
"4301571","2019-09-19T08:00:00","23.26","-133.50",,,"1","4","2","5",,,"11",,,,,,,,,"10166",,,"8",,,,,"9","245",,,,,,,,,,,,,"236","33","798","172","7","0",,"1","1FFF1F","1AAAA1AAA1AAAA","4",,,,
"5102585","2019-09-19T08:00:00","28.00","-139.80",,,"1","4","2","5",,,"11",,,,,,,,,,,,"8",,,,,"9","252",,,,,,,,,,,,,"236","89","798","172","7","0",,"1","1FFFFF","1AAAAAAAA1AAAA","4",,,,
"5102593","2019-09-19T08:00:00","21.48","-131.52",,,"1","4","2","5",,,"11",,,,,,,,,,,,"8",,,,,"9","253",,,,,,,,,,,,,"236","11","798","172","7","0",,"1","1FFFFF","1AAAAAAAA1AAAA","4",,,,
"4301568","2019-09-19T08:04:00","29.94","-130.98",,,"1","4","2","5",,,"11",,,,,,,,,"10198",,,"8",,,,,"9","239",,,,,,,,,,,,,"236","90","798","172","7","0",,"1","1FFF1F","1AAAA1AAA1AAAA","4",,,,
"4301564","2019-09-19T09:00:00","29.78","-130.79",,,"1","4","2","5",,,"11",,,,,,,,,"10196",,,"8",,,,,"9","239",,,,,,,,,,,,,"236","90","798","172","7","0",,"1","1FFF1F","1AAAA1AAA1AAAA","4",,,,
"4301567","2019-09-19T09:00:00","24.62","-133.33",,,"1","4","2","5",,,"11",,,,,,,,,"10174",,,"8",,,,,"9","240",,,,,,,,,,,,,"236","43","798","172","7","0",,"1","1FFF1F","1AAAA1AAA1AAAA","4",,,,
"4301568","2019-09-19T09:00:00","29.94","-130.98",,,"1","4","2","5",,,"11",,,,,,,,,"10197",,,"8",,,,,"9","239",,,,,,,,,,,,,"236","90","798","172","7","0",,"1","1FFF1F","1AAAA1AAA1AAAA","4",,,,
"4301571","2019-09-19T09:00:00","23.27","-133.50",,,"1","4","2","5",,,"11",,,,,,,,,"10165",,,"8",,,,,"9","245",,,,,,,,,,,,,"236","33","798","172","7","0",,"1","1FFF1F","1AAAA1AAA1AAAA","4",,,,
"5102585","2019-09-19T09:00:00","28.00","-139.81",,,"1","4","2","5",,,"11",,,,,,,,,,,,"8",,,,,"9","252",,,,,,,,,,,,,"236","89","798","172","7","0",,"1","1FFFFF","1AAAAAAAA1AAAA","4",,,,
"5102593","2019-09-19T09:00:00","21.48","-131.52",,,"1","4","2","5",,,"11",,,,,,,,,,,,"8",,,,,"9","253",,,,,,,,,,,,,"236","11","798","172","7","0",,"1","1FFFFF","1AAAAAAAA1AAAA","4",,,,
"4301567","2019-09-19T10:00:00","24.62","-133.34",,,"1","4","2","5",,,"11",,,,,,,,,"10170",,,"8",,,,,"9","240",,,,,,,,,,,,,"236","43","798","172","7","0",,"1","1FFF1F","1AAAA1AAA1AAAA","4",,,,
"4301571","2019-09-19T10:00:00","23.29","-133.51",,,"1","4","2","5",,,"11",,,,,,,,,"10160",,,"8",,,,,"9","245",,,,,,,,,,,,,"236","33","798","172","7","0",,"1","1FFF1F","1AAAA1AAA1AAAA","4",,,,
"5102585","2019-09-19T10:00:00","28.00","-139.82",,,"1","4","2","5",,,"11",,,,,,,,,,,,"8",,,,,"9","252",,,,,,,,,,,,,"236","89","798","172","7","0",,"1","1FFFFF","1AAAAAAAA1AAAA","4",,,,
"5102593","2019-09-19T10:00:00","21.49","-131.52",,,"1","4","2","5",,,"11",,,,,,,,,,,,"8",,,,,"9","253",,,,,,,,,,,,,"236","11","798","172","7","0",,"1","1FFFFF","1AAAAAAAA1AAAA","4",,,,
"4301564","2019-09-19T10:03:00","29.78","-130.79",,,"1","4","2","5",,,"11",,,,,,,,,"10191",,,"8",,,,,"9","239",,,,,,,,,,,,,"236","90","798","172","7","0",,"1","1FFF1F","1AAAA1AAA1AAAA","4",,,,
"4301564","2019-09-19T11:00:00","29.79","-130.79",,,"1","4","2","5",,,"11",,,,,,,,,"10187",,,"8",,,,,"9","239",,,,,,,,,,,,,"236","90","798","172","7","0",,"1","1FFF1F","1AAAA1AAA1AAAA","4",,,,
"4301567","2019-09-19T11:00:00","24.61","-133.35",,,"1","4","2","5",,,"11",,,,,,,,,"10166",,,"8",,,,,"9","240",,,,,,,,,,,,,"236","43","798","172","7","0",,"1","1FFF1F","1AAAA1AAA1AAAA","4",,,,
"4301568","2019-09-19T11:00:00","29.95","-130.97",,,"1","4","2","5",,,"11",,,,,,,,,"10188",,,"8",,,,,"9","239",,,,,,,,,,,,,"236","90","798","172","7","0",,"1","1FFF1F","1AAAA1AAA1AAAA","4",,,,
"4301571","2019-09-19T11:00:00","23.30","-133.51",,,"1","4","2","5",,,"11",,,,,,,,,"10155",,,"8",,,,,"9","245",,,,,,,,,,,,,"236","33","798","172","7","0",,"1","1FFF1F","1AAAA1AAA1AAAA","4",,,,
"5102585","2019-09-19T11:00:00","28.00","-139.83",,,"1","4","2","5",,,"11",,,,,,,,,,,,"8",,,,,"9","252",,,,,,,,,,,,,"236","89","798","172","7","0",,"1","1FFFFF","1AAAAAAAA1AAAA","4",,,,
"5102593","2019-09-19T11:00:00","21.49","-131.52",,,"1","4","2","5",,,"11",,,,,,,,,,,,"8",,,,,"9","253",,,,,,,,,,,,,"236","11","798","172","7","0",,"1","1FFFFF","1AAAAAAAA1AAAA","4",,,,
"4301564","2019-09-19T12:00:00","29.79","-130.79",,,"1","4","2","5",,,"11",,,,,,,,,"10182",,,"8",,,,,"9","238",,,,,,,,,,,,,"236","90","798","172","7","0",,"1","1FFF1F","1AAAA1AAA1AAAA","4",,,,
"4301567","2019-09-19T12:00:00","24.61","-133.35",,,"1","4","2","5",,,"11",,,,,,,,,"10163",,,"8",,,,,"9","240",,,,,,,,,,,,,"236","43","798","172","7","0",,"1","1FFF1F","1AAAA1AAA1AAAA","4",,,,
"4301571","2019-09-19T12:00:00","23.31","-133.51",,,"1","4","2","5",,,"11",,,,,,,,,"10156",,,"8",,,,,"9","245",,,,,,,,,,,,,"236","33","798","172","7","0",,"1","1FFF1F","1AAAA1AAA1AAAA","4",,,,
"5102585","2019-09-19T12:00:00","28.00","-139.83",,,"1","4","2","5",,,"11",,,,,,,,,,,,"8",,,,,"9","252",,,,,,,,,,,,,"236","89","798","172","7","0",,"1","1FFFFF","1AAAAAAAA1AAAA","4",,,,
"5102593","2019-09-19T12:00:00","21.50","-131.53",,,"1","4","2","5",,,"11",,,,,,,,,,,,"8",,,,,"9","253",,,,,,,,,,,,,"236","11","798","172","7","0",,"1","1FFFFF","1AAAAAAAA1AAAA","4",,,,
"4301568","2019-09-19T12:01:00","29.96","-130.97",,,"1","4","2","5",,,"11",,,,,,,,,"10186",,,"8",,,,,"9","239",,,,,,,,,,,,,"236","90","798","172","7","0",,"1","1FFF1F","1AAAA1AAA1AAAA","4",,,,
"4301564","2019-09-19T13:00:00","29.79","-130.79",,,"1","4","2","5",,,"11",,,,,,,,,"10182",,,"8",,,,,"9","238",,,,,,,,,,,,,"236","90","798","172","7","0",,"1","1FFF1F","1AAAA1AAA1AAAA","4",,,,
"4301567","2019-09-19T13:00:00","24.61","-133.36",,,"1","4","2","5",,,"11",,,,,,,,,"10166",,,"8",,,,,"9","240",,,,,,,,,,,,,"236","43","798","172","7","0",,"1","1FFF1F","1AAAA1AAA1AAAA","4",,,,
"4301568","2019-09-19T13:00:00","29.96","-130.96",,,"1","4","2","5",,,"11",,,,,,,,,"10185",,,"8",,,,,"9","239",,,,,,,,,,,,,"236","90","798","172","7","0",,"1","1FFF1F","1AAAA1AAA1AAAA","4",,,,
"4301571","2019-09-19T13:00:00","23.32","-133.51",,,"1","4","2","5",,,"11",,,,,,,,,"10154",,,"8",,,,,"9","244",,,,,,,,,,,,,"236","33","798","172","7","0",,"1","1FFF1F","1AAAA1AAA1AAAA","4",,,,
"5102585","2019-09-19T13:00:00","27.99","-139.84",,,"1","4","2","5",,,"11",,,,,,,,,,,,"8",,,,,"9","251",,,,,,,,,,,,,"236","79","798","172","7","0",,"1","1FFFFF","1AAAAAAAA1AAAA","4",,,,
"5102593","2019-09-19T13:00:00","21.50","-131.53",,,"1","4","2","5",,,"11",,,,,,,,,,,,"8",,,,,"9","253",,,,,,,,,,,,,"236","11","798","172","7","0",,"1","1FFFFF","1AAAAAAAA1AAAA","4",,,,
"4301564","2019-09-19T14:00:00","29.80","-130.79",,,"1","4","2","5",,,"11",,,,,,,,,"10187",,,"8",,,,,"9","238",,,,,,,,,,,,,"236","90","798","172","7","0",,"1","1FFF1F","1AAAA1AAA1AAAA","4",,,,
"4301567","2019-09-19T14:00:00","24.61","-133.36",,,"1","4","2","5",,,"11",,,,,,,,,"10167",,,"8",,,,,"9","240",,,,,,,,,,,,,"236","43","798","172","7","0",,"1","1FFF1F","1AAAA1AAA1AAAA","4",,,,
"5102585","2019-09-19T14:00:00","27.99","-139.85",,,"1","4","2","5",,,"11",,,,,,,,,,,,"8",,,,,"9","251",,,,,,,,,,,,,"236","79","798","172","7","0",,"1","1FFFFF","1AAAAAAAA1AAAA","4",,,,
"5102593","2019-09-19T14:00:00","21.50","-131.53",,,"1","4","2","5",,,"11",,,,,,,,,,,,"8",,,,,"9","253",,,,,,,,,,,,,"236","11","798","172","7","0",,"1","1FFFFF","1AAAAAAAA1AAAA","4",,,,
"4301568","2019-09-19T14:02:00","29.96","-130.96",,,"1","4","2","5",,,"11",,,,,,,,,"10189",,,"8",,,,,"9","239",,,,,,,,,,,,,"236","90","798","172","7","0",,"1","1FFF1F","1AAAA1AAA1AAAA","4",,,,
"4301571","2019-09-19T14:04:00","23.33","-133.51",,,"1","4","2","5",,,"11",,,,,,,,,"10158",,,"8",,,,,"9","244",,,,,,,,,,,,,"236","33","798","172","7","0",,"1","1FFF1F","1AAAA1AAA1AAAA","4",,,,
"4301564","2019-09-19T15:00:00","29.80","-130.79",,,"1","4","2","5",,,"11",,,,,,,,,"10191",,,"8",,,,,"9","238",,,,,,,,,,,,,"236","90","798","172","7","0",,"2","1FFF1F","1AAAA1AAA1AAAA","4",,,,
"4301567","2019-09-19T15:00:00","24.61","-133.37",,,"1","4","2","5",,,"11",,,,,,,,,"10170",,,"8",,,,,"9","240",,,,,,,,,,,,,"236","43","798","172","7","0",,"2","1FFF1F","1AAAA1AAA1AAAA","4",,,,
"4301568","2019-09-19T15:00:00","29.95","-130.96",,,"1","4","2","5",,,"11",,,,,,,,,"10192",,,"8",,,,,"9","239",,,,,,,,,,,,,"236","90","798","172","7","0",,"2","1FFF1F","1AAAA1AAA1AAAA","4",,,,
"5102585","2019-09-19T15:00:00","27.99","-139.86",,,"1","4","2","5",,,"11",,,,,,,,,,,,"8",,,,,"9","251",,,,,,,,,,,,,"236","79","798","172","7","0",,"1","1FFFFF","1AAAAAAAA1AAAA","4",,,,
"5102593","2019-09-19T15:00:00","21.50","-131.53",,,"1","4","2","5",,,"11",,,,,,,,,,,,"8",,,,,"9","253",,,,,,,,,,,,,"236","11","798","172","7","0",,"2","1FFFFF","1AAAAAAAA1AAAA","4",,,,
"4301571","2019-09-19T15:01:00","23.34","-133.51",,,"1","4","2","5",,,"11",,,,,,,,,"10159",,,"8",,,,,"9","244",,,,,,,,,,,,,"236","33","798","172","7","0",,"2","1FFF1F","1AAAA1AAA1AAAA","4",,,,
"4301564","2019-09-19T16:00:00","29.80","-130.78",,,"1","4","2","5",,,"11",,,,,,,,,"10196",,,"8",,,,,"9","238",,,,,,,,,,,,,"236","90","798","172","7","0",,"2","1FFF1F","1AAAA1AAA1AAAA","4",,,,
"4301567","2019-09-19T16:00:00","24.60","-133.37",,,"1","4","2","5",,,"11",,,,,,,,,"10175",,,"8",,,,,"9","240",,,,,,,,,,,,,"236","43","798","172","7","0",,"2","1FFF1F","1AAAA1AAA1AAAA","4",,,,
"4301568","2019-09-19T16:00:00","29.95","-130.96",,,"1","4","2","5",,,"11",,,,,,,,,"10195",,,"8",,,,,"9","239",,,,,,,,,,,,,"236","90","798","172","7","0",,"2","1FFF1F","1AAAA1AAA1AAAA","4",,,,
"4301571","2019-09-19T16:00:00","23.35","-133.50",,,"1","4","2","5",,,"11",,,,,,,,,"10165",,,"8",,,,,"9","244",,,,,,,,,,,,,"236","33","798","172","7","0",,"2","1FFF1F","1AAAA1AAA1AAAA","4",,,,
"5102585","2019-09-19T16:00:00","28.00","-139.86",,,"1","4","2","5",,,"11",,,,,,,,,,,,"8",,,,,"9","251",,,,,,,,,,,,,"236","89","798","172","7","0",,"2","1FFFFF","1AAAAAAAA1AAAA","4",,,,
"5102593","2019-09-19T16:00:00","21.51","-131.53",,,"1","4","2","5",,,"11",,,,,,,,,,,,"8",,,,,"9","253",,,,,,,,,,,,,"236","11","798","172","7","0",,"2","1FFFFF","1AAAAAAAA1AAAA","4",,,,
"4301564","2019-09-19T17:00:00","29.80","-130.78",,,"1","4","2","5",,,"11",,,,,,,,,"10197",,,"8",,,,,"9","238",,,,,,,,,,,,,"236","90","798","172","7","0",,"2","1FFF1F","1AAAA1AAA1AAAA","4",,,,
"4301567","2019-09-19T17:00:00","24.60","-133.38",,,"1","4","2","5",,,"11",,,,,,,,,"10177",,,"8",,,,,"9","240",,,,,,,,,,,,,"236","43","798","172","7","0",,"2","1FFF1F","1AAAA1AAA1AAAA","4",,,,
"4301568","2019-09-19T17:00:00","29.95","-130.95",,,"1","4","2","5",,,"11",,,,,,,,,"10199",,,"8",,,,,"9","239",,,,,,,,,,,,,"236","90","798","172","7","0",,"2","1FFF1F","1AAAA1AAA1AAAA","4",,,,
"5102585","2019-09-19T17:00:00","28.00","-139.87",,,"1","4","2","5",,,"11",,,,,,,,,,,,"8",,,,,"9","251",,,,,,,,,,,,,"236","89","798","172","7","0",,"2","1FFFFF","1AAAAAAAA1AAAA","4",,,,
"5102593","2019-09-19T17:00:00","21.51","-131.54",,,"1","4","2","5",,,"11",,,,,,,,,,,,"8",,,,,"9","253",,,,,,,,,,,,,"236","11","798","172","7","0",,"2","1FFFFF","1AAAAAAAA1AAAA","4",,,,
"4301571","2019-09-19T17:04:00","23.36","-133.50",,,"1","4","2","5",,,"11",,,,,,,,,"10166",,,"8",,,,,"9","244",,,,,,,,,,,,,"236","33","798","172","7","0",,"2","1FFF1F","1AAAA1AAA1AAAA","4",,,,
"4301564","2019-09-19T18:00:00","29.80","-130.78",,,"1","4","2","5",,,"11",,,,,,,,,"10200",,,"8",,,,,"9","238",,,,,,,,,,,,,"236","90","798","172","7","0",,"2","1FFF1F","1AAAA1AAA1AAAA","4",,,,
"4301567","2019-09-19T18:00:00","24.60","-133.38",,,"1","4","2","5",,,"11",,,,,,,,,"10179",,,"8",,,,,"9","240",,,,,,,,,,,,,"236","43","798","172","7","0",,"2","1FFF1F","1AAAA1AAA1AAAA","4",,,,
"4301568","2019-09-19T18:00:00","29.94","-130.95",,,"1","4","2","5",,,"11",,,,,,,,,"10201",,,"8",,,,,"9","239",,,,,,,,,,,,,"236","90","798","172","7","0",,"2","1FFF1F","1AAAA1AAA1AAAA","4",,,,
"5102585","2019-09-19T18:00:00","28.01","-139.88",,,"1","4","2","5",,,"11",,,,,,,,,,,,"8",,,,,"9","251",,,,,,,,,,,,,"236","89","798","172","7","0",,"2","1FFFFF","1AAAAAAAA1AAAA","4",,,,
"5102593","2019-09-19T18:00:00","21.51","-131.54",,,"1","4","2","5",,,"11",,,,,,,,,,,,"8",,,,,"9","253",,,,,,,,,,,,,"236","11","798","172","7","0",,"2","1FFFFF","1AAAAAAAA1AAAA","4",,,,
"4301564","2019-09-19T19:00:00","29.80","-130.77",,,"1","4","2","5",,,"11",,,,,,,,,"10200",,,"8",,,,,"9","238",,,,,,,,,,,,,"236","90","798","172","7","0",,"2","1FFF1F","1AAAA1AAA1AAAA","4",,,,
"5102585","2019-09-19T19:00:00","28.01","-139.88",,,"1","4","2","5",,,"11",,,,,,,,,,,,"8",,,,,"9","252",,,,,,,,,,,,,"236","89","798","172","7","0",,"2","1FFFFF","1AAAAAAAA1AAAA","4",,,,
"5102593","2019-09-19T19:00:00","21.52","-131.54",,,"1","4","2","5",,,"11",,,,,,,,,,,,"8",,,,,"9","253",,,,,,,,,,,,,"236","11","798","172","7","0",,"2","1FFFFF","1AAAAAAAA1AAAA","4",,,,
"4301567","2019-09-19T19:02:00","24.60","-133.38",,,"1","4","2","5",,,"11",,,,,,,,,"10175",,,"8",,,,,"9","240",,,,,,,,,,,,,"236","43","798","172","7","0",,"2","1FFF1F","1AAAA1AAA1AAAA","4",,,,
"4301571","2019-09-19T19:02:00","23.37","-133.49",,,"1","4","2","5",,,"11",,,,,,,,,"10165",,,"8",,,,,"9","245",,,,,,,,,,,,,"236","33","798","172","7","0",,"2","1FFF1F","1AAAA1AAA1AAAA","4",,,,
"4301564","2019-09-19T20:00:00","29.80","-130.77",,,"1","4","2","5",,,"11",,,,,,,,,"10197",,,"8",,,,,"9","238",,,,,,,,,,,,,"236","90","798","172","7","0",,"2","1FFF1F","1AAAA1AAA1AAAA","4",,,,
"4301568","2019-09-19T20:00:00","29.95","-130.94",,,"1","4","2","5",,,"11",,,,,,,,,"10196",,,"8",,,,,"9","239",,,,,,,,,,,,,"236","90","798","172","7","0",,"2","1FFF1F","1AAAA1AAA1AAAA","4",,,,
"5102585","2019-09-19T20:00:00","28.02","-139.88",,,"1","4","2","5",,,"11",,,,,,,,,,,,"8",,,,,"9","252",,,,,,,,,,,,,"236","89","798","172","7","0",,"2","1FFFFF","1AAAAAAAA1AAAA","4",,,,
"5102593","2019-09-19T20:00:00","21.53","-131.54",,,"1","4","2","5",,,"11",,,,,,,,,,,,"8",,,,,"9","253",,,,,,,,,,,,,"236","11","798","172","7","0",,"2","1FFFFF","1AAAAAAAA1AAAA","4",,,,
"4301567","2019-09-19T20:04:00","24.60","-133.38",,,"1","4","2","5",,,"11",,,,,,,,,"10171",,,"8",,,,,"9","241",,,,,,,,,,,,,"236","43","798","172","7","0",,"2","1FFF1F","1AAAA1AAA1AAAA","4",,,,
"4301568","2019-09-19T21:00:00","29.95","-130.94",,,"1","4","2","5",,,"11",,,,,,,,,"10189",,,"8",,,,,"9","240",,,,,,,,,,,,,"236","90","798","172","7","0",,"2","1FFF1F","1AAAA1AAA1AAAA","4",,,,
"4301571","2019-09-19T21:00:00","23.39","-133.49",,,"1","4","2","5",,,"11",,,,,,,,,"10157",,,"8",,,,,"9","245",,,,,,,,,,,,,"236","33","798","172","7","0",,"2","1FFF1F","1AAAA1AAA1AAAA","4",,,,
"5102585","2019-09-19T21:00:00","28.03","-139.88",,,"1","4","2","5",,,"11",,,,,,,,,,,,"8",,,,,"9","252",,,,,,,,,,,,,"236","89","798","172","7","0",,"2","1FFFFF","1AAAAAAAA1AAAA","4",,,,
"5102593","2019-09-19T21:00:00","21.53","-131.55",,,"1","4","2","5",,,"11",,,,,,,,,,,,"8",,,,,"9","253",,,,,,,,,,,,,"236","11","798","172","7","0",,"2","1FFFFF","1AAAAAAAA1AAAA","4",,,,
"4301564","2019-09-19T21:03:00","29.80","-130.76",,,"1","4","2","5",,,"11",,,,,,,,,"10189",,,"8",,,,,"9","241",,,,,,,,,,,,,"236","90","798","172","7","0",,"2","1FFF1F","1AAAA1AAA1AAAA","4",,,,
"4301564","2019-09-19T22:00:00","29.80","-130.76",,,"1","4","2","5",,,"11",,,,,,,,,"10185",,,"8",,,,,"9","241",,,,,,,,,,,,,"236","90","798","172","7","0",,"2","1FFF1F","1AAAA1AAA1AAAA","4",,,,
"4301567","2019-09-19T22:00:00","24.60","-133.38",,,"1","4","2","5",,,"11",,,,,,,,,"10163",,,"8",,,,,"9","241",,,,,,,,,,,,,"236","43","798","172","7","0",,"2","1FFF1F","1AAAA1AAA1AAAA","4",,,,
"5102585","2019-09-19T22:00:00","28.04","-139.87",,,"1","4","2","5",,,"11",,,,,,,,,,,,"8",,,,,"9","252",,,,,,,,,,,,,"236","89","798","172","7","0",,"2","1FFFFF","1AAAAAAAA1AAAA","4",,,,
"5102593","2019-09-19T22:00:00","21.54","-131.55",,,"1","4","2","5",,,"11",,,,,,,,,,,,"8",,,,,"9","254",,,,,,,,,,,,,"236","11","798","172","7","0",,"2","1FFFFF","1AAAAAAAA1AAAA","4",,,,
"4301568","2019-09-19T22:01:00","29.94","-130.93",,,"1","4","2","5",,,"11",,,,,,,,,"10189",,,"8",,,,,"9","241",,,,,,,,,,,,,"236","90","798","172","7","0",,"2","1FFF1F","1AAAA1AAA1AAAA","4",,,,
"4301567","2019-09-19T23:00:00","24.60","-133.38",,,"1","4","2","5",,,"11",,,,,,,,,"10160",,,"8",,,,,"9","241",,,,,,,,,,,,,"236","43","798","172","7","0",,"2","1FFF1F","1AAAA1AAA1AAAA","4",,,,
"4301571","2019-09-19T23:00:00","23.40","-133.49",,,"1","4","2","5",,,"11",,,,,,,,,"10148",,,"8",,,,,"9","246",,,,,,,,,,,,,"236","33","798","172","7","0",,"2","1FFF1F","1AAAA1AAA1AAAA","4",,,,
"5102585","2019-09-19T23:00:00","28.04","-139.87",,,"1","4","2","5",,,"11",,,,,,,,,,,,"8",,,,,"9","252",,,,,,,,,,,,,"236","89","798","172","7","0",,"2","1FFFFF","1AAAAAAAA1AAAA","4",,,,
"5102593","2019-09-19T23:00:00","21.54","-131.55",,,"1","4","2","5",,,"11",,,,,,,,,,,,"8",,,,,"9","254",,,,,,,,,,,,,"236","11","798","172","7","0",,"2","1FFFFF","1AAAAAAAA1AAAA","4",,,,
"4301564","2019-09-19T23:03:00","29.80","-130.76",,,"1","4","2","5",,,"11",,,,,,,,,"10183",,,"8",,,,,"9","241",,,,,,,,,,,,,"236","90","798","172","7","0",,"2","1FFF1F","1AAAA1AAA1AAAA","4",,,,
"4301568","2019-09-19T23:04:00","29.94","-130.94",,,"1","4","2","5",,,"11",,,,,,,,,"10185",,,"8",,,,,"9","240",,,,,,,,,,,,,"236","90","798","172","7","0",,"2","1FFF1F","1AAAA1AAA1AAAA","4",,,,
"4301567","2019-09-20T00:00:00","24.59","-133.38",,,"1","4","2","5",,,"11",,,,,,,,,"10157",,,"8",,,,,"9","241",,,,,,,,,,,,,"236","43","798","172","7","0",,"2","1FFF1F","1AAAA1AAA1AAAA","4",,,,
"4301571","2019-09-20T00:00:00","23.41","-133.49",,,"1","4","2","5",,,"11",,,,,,,,,"10147",,,"8",,,,,"9","246",,,,,,,,,,,,,"236","33","798","172","7","0",,"2","1FFF1F","1AAAA1AAA1AAAA","4",,,,
"5102585","2019-09-20T00:00:00","28.04","-139.86",,,"1","4","2","5",,,"11",,,,,,,,,,,,"8",,,,,"9","253",,,,,,,,,,,,,"236","89","798","172","7","0",,"2","1FFFFF","1AAAAAAAA1AAAA","4",,,,
"5102593","2019-09-20T00:00:00","21.55","-131.56",,,"1","4","2","5",,,"11",,,,,,,,,,,,"8",,,,,"9","254",,,,,,,,,,,,,"236","11","798","172","7","0",,"2","1FFFFF","1AAAAAAAA1AAAA","4",,,,
"4301564","2019-09-20T00:01:00","29.80","-130.76",,,"1","4","2","5",,,"11",,,,,,,,,"10181",,,"8",,,,,"9","239",,,,,,,,,,,,,"236","90","798","172","7","0",,"2","1FFF1F","1AAAA1AAA1AAAA","4",,,,
"4301567","2019-09-20T01:00:00","24.59","-133.38",,,"1","4","2","5",,,"11",,,,,,,,,"10158",,,"8",,,,,"9","241",,,,,,,,,,,,,"236","43","798","172","7","0",,"2","1FFF1F","1AAAA1AAA1AAAA","4",,,,
"4301568","2019-09-20T01:00:00","29.93","-130.94",,,"1","4","2","5",,,"11",,,,,,,,,"10183",,,"8",,,,,"9","239",,,,,,,,,,,,,"236","90","798","172","7","0",,"2","1FFF1F","1AAAA1AAA1AAAA","4",,,,
"5102585","2019-09-20T01:00:00","28.05","-139.85",,,"1","4","2","5",,,"11",,,,,,,,,,,,"8",,,,,"9","253",,,,,,,,,,,,,"236","89","798","172","7","0",,"2","1FFFFF","1AAAAAAAA1AAAA","4",,,,
"5102593","2019-09-20T01:00:00","21.55","-131.56",,,"1","4","2","5",,,"11",,,,,,,,,,,,"8",,,,,"9","253",,,,,,,,,,,,,"236","11","798","172","7","0",,"2","1FFFFF","1AAAAAAAA1AAAA","4",,,,
"4301564","2019-09-20T01:04:00","29.79","-130.76",,,"1","4","2","5",,,"11",,,,,,,,,"10182",,,"8",,,,,"9","239",,,,,,,,,,,,,"236","90","798","172","7","0",,"2","1FFF1F","1AAAA1AAA1AAAA","4",,,,
"4301567","2019-09-20T02:00:00","24.58","-133.38",,,"1","4","2","5",,,"11",,,,,,,,,"10157",,,"8",,,,,"9","241",,,,,,,,,,,,,"236","43","798","172","7","0",,"2","1FFF1F","1AAAA1AAA1AAAA","4",,,,
"5102585","2019-09-20T02:00:00","28.04","-139.85",,,"1","4","2","5",,,"11",,,,,,,,,,,,"8",,,,,"9","252",,,,,,,,,,,,,"236","89","798","172","7","0",,"2","1FFFFF","1AAAAAAAA1AAAA","4",,,,
"5102593","2019-09-20T02:00:00","21.55","-131.56",,,"1","4","2","5",,,"11",,,,,,,,,,,,"8",,,,,"9","253",,,,,,,,,,,,,"236","11","798","172","7","0",,"2","1FFFFF","1AAAAAAAA1AAAA","4",,,,
"4301571","2019-09-20T02:02:00","23.42","-133.49",,,"1","4","2","5",,,"11",,,,,,,,,"10150",,,"8",,,,,"9","246",,,,,,,,,,,,,"236","33","798","172","7","0",,"2","1FFF1F","1AAAA1AAA1AAAA","4",,,,
"4301568","2019-09-20T02:04:00","29.92","-130.95",,,"1","4","2","5",,,"11",,,,,,,,,"10181",,,"8",,,,,"9","239",,,,,,,,,,,,,"236","90","798","172","7","0",,"2","1FFF1F","1AAAA1AAA1AAAA","4",,,,
"4301567","2019-09-20T03:00:00","24.57","-133.38",,,"1","4","2","5",,,"11",,,,,,,,,"10161",,,"8",,,,,"9","241",,,,,,,,,,,,,"236","43","798","172","7","0",,"1","1FFF1F","1AAAA1AAA1AAAA","4",,,,
"4301571","2019-09-20T03:00:00","23.43","-133.49",,,"1","4","2","5",,,"11",,,,,,,,,"10150",,,"8",,,,,"9","245",,,,,,,,,,,,,"236","33","798","172","7","0",,"1","1FFF1F","1AAAA1AAA1AAAA","4",,,,
"5102585","2019-09-20T03:00:00","28.04","-139.84",,,"1","4","2","5",,,"11",,,,,,,,,,,,"8",,,,,"9","252",,,,,,,,,,,,,"236","89","798","172","7","0",,"2","1FFFFF","1AAAAAAAA1AAAA","4",,,,
"5102593","2019-09-20T03:00:00","21.56","-131.57",,,"1","4","2","5",,,"11",,,,,,,,,,,,"8",,,,,"9","253",,,,,,,,,,,,,"236","11","798","172","7","0",,"1","1FFFFF","1AAAAAAAA1AAAA","4",,,,
"4301564","2019-09-20T03:04:00","29.78","-130.76",,,"1","4","2","5",,,"11",,,,,,,,,"10181",,,"8",,,,,"9","238",,,,,,,,,,,,,"236","90","798","172","7","0",,"1","1FFF1F","1AAAA1AAA1AAAA","4",,,,
"4301568","2019-09-20T03:04:00","29.92","-130.95",,,"1","4","2","5",,,"11",,,,,,,,,"10183",,,"8",,,,,"9","239",,,,,,,,,,,,,"236","90","798","172","7","0",,"1","1FFF1F","1AAAA1AAA1AAAA","4",,,,
"4301567","2019-09-20T04:00:00","24.56","-133.39",,,"1","4","2","5",,,"11",,,,,,,,,"10165",,,"8",,,,,"9","241",,,,,,,,,,,,,"236","43","798","172","7","0",,"1","1FFF1F","1AAAA1AAA1AAAA","4",,,,
"4301571","2019-09-20T04:00:00","23.44","-133.50",,,"1","4","2","5",,,"11",,,,,,,,,"10159",,,"8",,,,,"9","245",,,,,,,,,,,,,"236","33","798","172","7","0",,"1","1FFF1F","1AAAA1AAA1AAAA","4",,,,
"5102585","2019-09-20T04:00:00","28.03","-139.84",,,"1","4","2","5",,,"11",,,,,,,,,,,,"8",,,,,"9","252",,,,,,,,,,,,,"236","89","798","172","7","0",,"1","1FFFFF","1AAAAAAAA1AAAA","4",,,,
"5102593","2019-09-20T04:00:00","21.56","-131.57",,,"1","4","2","5",,,"11",,,,,,,,,,,,"8",,,,,"9","253",,,,,,,,,,,,,"236","11","798","172","7","0",,"1","1FFFFF","1AAAAAAAA1AAAA","4",,,,
"4301568","2019-09-20T04:04:00","29.92","-130.96",,,"1","4","2","5",,,"11",,,,,,,,,"10188",,,"8",,,,,"9","239",,,,,,,,,,,,,"236","90","798","172","7","0",,"1","1FFF1F","1AAAA1AAA1AAAA","4",,,,
"4301564","2019-09-20T05:00:00","29.77","-130.77",,,"1","4","2","5",,,"11",,,,,,,,,"10194",,,"8",,,,,"9","238",,,,,,,,,,,,,"236","90","798","172","7","0",,"1","1FFF1F","1AAAA1AAA1AAAA","4",,,,
"4301567","2019-09-20T05:00:00","24.55","-133.39",,,"1","4","2","5",,,"11",,,,,,,,,"10172",,,"8",,,,,"9","240",,,,,,,,,,,,,"236","43","798","172","7","0",,"1","1FFF1F","1AAAA1AAA1AAAA","4",,,,
"4301571","2019-09-20T05:00:00","23.44","-133.50",,,"1","4","2","5",,,"11",,,,,,,,,"10164",,,"8",,,,,"9","245",,,,,,,,,,,,,"236","33","798","172","7","0",,"1","1FFF1F","1AAAA1AAA1AAAA","4",,,,
"5102585","2019-09-20T05:00:00","28.03","-139.84",,,"1","4","2","5",,,"11",,,,,,,,,,,,"8",,,,,"9","251",,,,,,,,,,,,,"236","89","798","172","7","0",,"1","1FFFFF","1AAAAAAAA1AAAA","4",,,,
"5102593","2019-09-20T05:00:00","21.56","-131.57",,,"1","4","2","5",,,"11",,,,,,,,,,,,"8",,,,,"9","253",,,,,,,,,,,,,"236","11","798","172","7","0",,"1","1FFFFF","1AAAAAAAA1AAAA","4",,,,
"4301568","2019-09-20T05:03:00","29.92","-130.97",,,"1","4","2","5",,,"11",,,,,,,,,"10197",,,"8",,,,,"9","239",,,,,,,,,,,,,"236","90","798","172","7","0",,"1","1FFF1F","1AAAA1AAA1AAAA","4",,,,
"4301564","2019-09-20T06:00:00","29.78","-130.78",,,"1","4","2","5",,,"11",,,,,,,,,"10196",,,"8",,,,,"9","238",,,,,,,,,,,,,"236","90","798","172","7","0",,"1","1FFF1F","1AAAA1AAA1AAAA","4",,,,
"4301571","2019-09-20T06:00:00","23.45","-133.50",,,"1","4","2","5",,,"11",,,,,,,,,"10167",,,"8",,,,,"9","245",,,,,,,,,,,,,"236","33","798","172","7","0",,"1","1FFF1F","1AAAA1AAA1AAAA","4",,,,
"5102585","2019-09-20T06:00:00","28.02","-139.84",,,"1","4","2","5",,,"11",,,,,,,,,,,,"8",,,,,"9","251",,,,,,,,,,,,,"236","89","798","172","7","0",,"1","1FFFFF","1AAAAAAAA1AAAA","4",,,,
"5102593","2019-09-20T06:00:00","21.56","-131.57",,,"1","4","2","5",,,"11",,,,,,,,,,,,"8",,,,,"9","252",,,,,,,,,,,,,"236","11","798","172","7","0",,"1","1FFFFF","1AAAAAAAA1AAAA","4",,,,
"4301567","2019-09-20T06:02:00","24.54","-133.40",,,"1","4","2","5",,,"11",,,,,,,,,"10174",,,"8",,,,,"9","240",,,,,,,,,,,,,"236","43","798","172","7","0",,"1","1FFF1F","1AAAA1AAA1AAAA","4",,,,
"4301568","2019-09-20T06:04:00","29.92","-130.97",,,"1","4","2","5",,,"11",,,,,,,,,"10200",,,"8",,,,,"9","239",,,,,,,,,,,,,"236","90","798","172","7","0",,"1","1FFF1F","1AAAA1AAA1AAAA","4",,,,
"4301564","2019-09-20T07:00:00","29.78","-130.79",,,"1","4","2","5",,,"11",,,,,,,,,"10197",,,"8",,,,,"9","238",,,,,,,,,,,,,"236","90","798","172","7","0",,"1","1FFF1F","1AAAA1AAA1AAAA","4",,,,
"4301567","2019-09-20T07:00:00","24.53","-133.41",,,"1","4","2","5",,,"11",,,,,,,,,"10172",,,"8",,,,,"9","240",,,,,,,,,,,,,"236","43","798","172","7","0",,"1","1FFF1F","1AAAA1AAA1AAAA","4",,,,
"5102585","2019-09-20T07:00:00","28.02","-139.84",,,"1","4","2","5",,,"11",,,,,,,,,,,,"8",,,,,"9","251",,,,,,,,,,,,,"236","89","798","172","7","0",,"1","1FFFFF","1AAAAAAAA1AAAA","4",,,,
"5102593","2019-09-20T07:00:00","21.57","-131.57",,,"1","4","2","5",,,"11",,,,,,,,,,,,"8",,,,,"9","252",,,,,,,,,,,,,"236","11","798","172","7","0",,"1","1FFFFF","1AAAAAAAA1AAAA","4",,,,
"4301571","2019-09-20T07:01:00","23.45","-133.49",,,"1","4","2","5",,,"11",,,,,,,,,"10164",,,"8",,,,,"9","245",,,,,,,,,,,,,"236","33","798","172","7","0",,"1","1FFF1F","1AAAA1AAA1AAAA","4",,,,
"4301568","2019-09-20T07:04:00","29.92","-130.98",,,"1","4","2","5",,,"11",,,,,,,,,"10200",,,"8",,,,,"9","239",,,,,,,,,,,,,"236","90","798","172","7","0",,"1","1FFF1F","1AAAA1AAA1AAAA","4",,,,
"4301567","2019-09-20T08:00:00","24.53","-133.41",,,"1","4","2","5",,,"11",,,,,,,,,"10169",,,"8",,,,,"9","240",,,,,,,,,,,,,"236","43","798","172","7","0",,"1","1FFF1F","1AAAA1AAA1AAAA","4",,,,
"4301571","2019-09-20T08:00:00","23.46","-133.49",,,"1","4","2","5",,,"11",,,,,,,,,"10159",,,"8",,,,,"9","245",,,,,,,,,,,,,"236","33","798","172","7","0",,"1","1FFF1F","1AAAA1AAA1AAAA","4",,,,
"5102585","2019-09-20T08:00:00","28.01","-139.85",,,"1","4","2","5",,,"11",,,,,,,,,,,,"8",,,,,"9","251",,,,,,,,,,,,,"236","89","798","172","7","0",,"1","1FFFFF","1AAAAAAAA1AAAA","4",,,,
"5102593","2019-09-20T08:00:00","21.57","-131.58",,,"1","4","2","5",,,"11",,,,,,,,,,,,"8",,,,,"9","252",,,,,,,,,,,,,"236","11","798","172","7","0",,"1","1FFFFF","1AAAAAAAA1AAAA","4",,,,
"4301567","2019-09-20T09:00:00","24.53","-133.42",,,"1","4","2","5",,,"11",,,,,,,,,"10167",,,"8",,,,,"9","240",,,,,,,,,,,,,"236","43","798","172","7","0",,"1","1FFF1F","1AAAA1AAA1AAAA","4",,,,
"5102585","2019-09-20T09:00:00","28.01","-139.85",,,"1","4","2","5",,,"11",,,,,,,,,,,,"8",,,,,"9","251",,,,,,,,,,,,,"236","89","798","172","7","0",,"1","1FFFFF","1AAAAAAAA1AAAA","4",,,,
"5102593","2019-09-20T09:00:00","21.57","-131.58",,,"1","4","2","5",,,"11",,,,,,,,,,,,"8",,,,,"9","252",,,,,,,,,,,,,"236","11","798","172","7","0",,"1","1FFFFF","1AAAAAAAA1AAAA","4",,,,
"4301564","2019-09-20T09:04:00","29.79","-130.80",,,"1","4","2","5",,,"11",,,,,,,,,"10199",,,"8",,,,,"9","238",,,,,,,,,,,,,"236","90","798","172","7","0",,"1","1FFF1F","1AAAA1AAA1AAAA","4",,,,
"4301568","2019-09-20T09:04:00","29.94","-130.98",,,"1","4","2","5",,,"11",,,,,,,,,"10203",,,"8",,,,,"9","239",,,,,,,,,,,,,"236","90","798","172","7","0",,"1","1FFF1F","1AAAA1AAA1AAAA","4",,,,
"4301571","2019-09-20T09:04:00","23.45","-133.50",,,"1","4","2","5",,,"11",,,,,,,,,"10160",,,"8",,,,,"9","245",,,,,,,,,,,,,"236","33","798","172","7","0",,"1","1FFF1F","1AAAA1AAA1AAAA","4",,,,
"4301564","2019-09-20T10:00:00","29.80","-130.80",,,"1","4","2","5",,,"11",,,,,,,,,"10197",,,"8",,,,,"9","238",,,,,,,,,,,,,"236","90","798","172","7","0",,"1","1FFF1F","1AAAA1AAA1AAAA","4",,,,
"4301567","2019-09-20T10:00:00","24.53","-133.43",,,"1","4","2","5",,,"11",,,,,,,,,"10165",,,"8",,,,,"9","240",,,,,,,,,,,,,"236","43","798","172","7","0",,"1","1FFF1F","1AAAA1AAA1AAAA","4",,,,
"4301571","2019-09-20T10:00:00","23.46","-133.50",,,"1","4","2","5",,,"11",,,,,,,,,"10158",,,"8",,,,,"9","244",,,,,,,,,,,,,"236","33","798","172","7","0",,"1","1FFF1F","1AAAA1AAA1AAAA","4",,,,
"5102585","2019-09-20T10:00:00","28.00","-139.85",,,"1","4","2","5",,,"11",,,,,,,,,,,,"8",,,,,"9","251",,,,,,,,,,,,,"236","89","798","172","7","0",,"1","1FFFFF","1AAAAAAAA1AAAA","4",,,,
"5102593","2019-09-20T10:00:00","21.57","-131.59",,,"1","4","2","5",,,"11",,,,,,,,,,,,"8",,,,,"9","252",,,,,,,,,,,,,"236","11","798","172","7","0",,"1","1FFFFF","1AAAAAAAA1AAAA","4",,,,
"4301568","2019-09-20T10:03:00","29.94","-130.98",,,"1","4","2","5",,,"11",,,,,,,,,"10198",,,"8",,,,,"9","239",,,,,,,,,,,,,"236","90","798","172","7","0",,"1","1FFF1F","1AAAA1AAA1AAAA","4",,,,
"4301564","2019-09-20T11:00:00","29.81","-130.80",,,"1","4","2","5",,,"11",,,,,,,,,"10192",,,"8",,,,,"9","238",,,,,,,,,,,,,"236","90","798","172","7","0",,"1","1FFF1F","1AAAA1AAA1AAAA","4",,,,
"4301571","2019-09-20T11:00:00","23.47","-133.50",,,"1","4","2","5",,,"11",,,,,,,,,"10159",,,"8",,,,,"9","244",,,,,,,,,,,,,"236","33","798","172","7","0",,"1","1FFF1F","1AAAA1AAA1AAAA","4",,,,
"5102585","2019-09-20T11:00:00","28.00","-139.86",,,"1","4","2","5",,,"11",,,,,,,,,,,,"8",,,,,"9","251",,,,,,,,,,,,,"236","89","798","172","7","0",,"1","1FFFFF","1AAAAAAAA1AAAA","4",,,,
"5102593","2019-09-20T11:00:00","21.58","-131.59",,,"1","4","2","5",,,"11",,,,,,,,,,,,"8",,,,,"9","252",,,,,,,,,,,,,"236","11","798","172","7","0",,"1","1FFFFF","1AAAAAAAA1AAAA","4",,,,
"4301567","2019-09-20T11:01:00","24.52","-133.44",,,"1","4","2","5",,,"11",,,,,,,,,"10161",,,"8",,,,,"9","240",,,,,,,,,,,,,"236","43","798","172","7","0",,"1","1FFF1F","1AAAA1AAA1AAAA","4",,,,
"4301564","2019-09-20T12:00:00","29.81","-130.80",,,"1","4","2","5",,,"11",,,,,,,,,"10192",,,"8",,,,,"9","237",,,,,,,,,,,,,"236","90","798","172","7","0",,"1","1FFF1F","1AAAA1AAA1AAAA","4",,,,
"4301567","2019-09-20T12:00:00","24.51","-133.45",,,"1","4","2","5",,,"11",,,,,,,,,"10160",,,"8",,,,,"9","240",,,,,,,,,,,,,"236","43","798","172","7","0",,"1","1FFF1F","1AAAA1AAA1AAAA","4",,,,
"4301571","2019-09-20T12:00:00","23.47","-133.51",,,"1","4","2","5",,,"11",,,,,,,,,"10153",,,"8",,,,,"9","244",,,,,,,,,,,,,"236","33","798","172","7","0",,"1","1FFF1F","1AAAA1AAA1AAAA","4",,,,
"5102585","2019-09-20T12:00:00","27.99","-139.86",,,"1","4","2","5",,,"11",,,,,,,,,,,,"8",,,,,"9","251",,,,,,,,,,,,,"236","79","798","172","7","0",,"1","1FFFFF","1AAAAAAAA1AAAA","4",,,,
"5102593","2019-09-20T12:00:00","21.58","-131.60",,,"1","4","2","5",,,"11",,,,,,,,,,,,"8",,,,,"9","252",,,,,,,,,,,,,"236","11","798","172","7","0",,"1","1FFFFF","1AAAAAAAA1AAAA","4",,,,
"WFLH","2019-09-20T12:00:00","29.50","-135.50",,,"1","6","2","5","6","4","1",,"40","4","46","1","97",,"1","10213","4","0","8","228",,,"178","0","233","8","8","2","4","1","A",,"3","1","1","8","5","236","95","798","172","5","1","2","1","111111","111A111A111111",,"5",,"1",
"4301564","2019-09-20T13:00:00","29.82","-130.80",,,"1","4","2","5",,,"11",,,,,,,,,"10191",,,"8",,,,,"9","237",,,,,,,,,,,,,"236","90","798","172","7","0",,"1","1FFF1F","1AAAA1AAA1AAAA","4",,,,
"4301567","2019-09-20T13:00:00","24.51","-133.45",,,"1","4","2","5",,,"11",,,,,,,,,"10162",,,"8",,,,,"9","240",,,,,,,,,,,,,"236","43","798","172","7","0",,"1","1FFF1F","1AAAA1AAA1AAAA","4",,,,
"4301571","2019-09-20T13:00:00","23.48","-133.52",,,"1","4","2","5",,,"11",,,,,,,,,"10156",,,"8",,,,,"9","244",,,,,,,,,,,,,"236","33","798","172","7","0",,"1","1FFF1F","1AAAA1AAA1AAAA","4",,,,
"5102585","2019-09-20T13:00:00","27.99","-139.87",,,"1","4","2","5",,,"11",,,,,,,,,,,,"8",,,,,"9","251",,,,,,,,,,,,,"236","79","798","172","7","0",,"1","1FFFFF","1AAAAAAAA1AAAA","4",,,,
"5102593","2019-09-20T13:00:00","21.59","-131.60",,,"1","4","2","5",,,"11",,,,,,,,,,,,"8",,,,,"9","251",,,,,,,,,,,,,"236","11","798","172","7","0",,"1","1FFFFF","1AAAAAAAA1AAAA","4",,,,
"4301568","2019-09-20T13:04:00","29.95","-130.97",,,"1","4","2","5",,,"11",,,,,,,,,"10193",,,"8",,,,,"9","238",,,,,,,,,,,,,"236","90","798","172","7","0",,"1","1FFF1F","1AAAA1AAA1AAAA","4",,,,
"4301564","2019-09-20T14:00:00","29.82","-130.79",,,"1","4","2","5",,,"11",,,,,,,,,"10195",,,"8",,,,,"9","237",,,,,,,,,,,,,"236","90","798","172","7","0",,"1","1FFF1F","1AAAA1AAA1AAAA","4",,,,
"4301567","2019-09-20T14:00:00","24.51","-133.46",,,"1","4","2","5",,,"11",,,,,,,,,"10164",,,"8",,,,,"9","240",,,,,,,,,,,,,"236","43","798","172","7","0",,"1","1FFF1F","1AAAA1AAA1AAAA","4",,,,
"4301571","2019-09-20T14:00:00","23.49","-133.53",,,"1","4","2","5",,,"11",,,,,,,,,"10155",,,"8",,,,,"9","244",,,,,,,,,,,,,"236","33","798","172","7","0",,"1","1FFF1F","1AAAA1AAA1AAAA","4",,,,
"5102585","2019-09-20T14:00:00","27.99","-139.88",,,"1","4","2","5",,,"11",,,,,,,,,,,,"8",,,,,"9","250",,,,,,,,,,,,,"236","79","798","172","7","0",,"1","1FFFFF","1AAAAAAAA1AAAA","4",,,,
"5102593","2019-09-20T14:00:00","21.59","-131.60",,,"1","4","2","5",,,"11",,,,,,,,,,,,"8",,,,,"9","251",,,,,,,,,,,,,"236","11","798","172","7","0",,"1","1FFFFF","1AAAAAAAA1AAAA","4",,,,
"4301567","2019-09-20T15:00:00","24.50","-133.47",,,"1","4","2","5",,,"11",,,,,,,,,"10166",,,"8",,,,,"9","240",,,,,,,,,,,,,"236","43","798","172","7","0",,"2","1FFF1F","1AAAA1AAA1AAAA","4",,,,
"4301571","2019-09-20T15:00:00","23.49","-133.53",,,"1","4","2","5",,,"11",,,,,,,,,"10157",,,"8",,,,,"9","244",,,,,,,,,,,,,"236","33","798","172","7","0",,"2","1FFF1F","1AAAA1AAA1AAAA","4",,,,
"5102585","2019-09-20T15:00:00","27.99","-139.89",,,"1","4","2","5",,,"11",,,,,,,,,,,,"8",,,,,"9","250",,,,,,,,,,,,,"236","79","798","172","7","0",,"1","1FFFFF","1AAAAAAAA1AAAA","4",,,,
"5102593","2019-09-20T15:00:00","21.59","-131.61",,,"1","4","2","5",,,"11",,,,,,,,,,,,"8",,,,,"9","251",,,,,,,,,,,,,"236","11","798","172","7","0",,"2","1FFFFF","1AAAAAAAA1AAAA","4",,,,
"4301564","2019-09-20T15:01:00","29.82","-130.79",,,"1","4","2","5",,,"11",,,,,,,,,"10198",,,"8",,,,,"9","237",,,,,,,,,,,,,"236","90","798","172","7","0",,"2","1FFF1F","1AAAA1AAA1AAAA","4",,,,
"4301568","2019-09-20T15:04:00","29.95","-130.96",,,"1","4","2","5",,,"11",,,,,,,,,"10202",,,"8",,,,,"9","238",,,,,,,,,,,,,"236","90","798","172","7","0",,"2","1FFF1F","1AAAA1AAA1AAAA","4",,,,
"4301567","2019-09-20T16:00:00","24.50","-133.48",,,"1","4","2","5",,,"11",,,,,,,,,"10167",,,"8",,,,,"9","240",,,,,,,,,,,,,"236","43","798","172","7","0",,"2","1FFF1F","1AAAA1AAA1AAAA","4",,,,
"4301568","2019-09-20T16:00:00","29.95","-130.96",,,"1","4","2","5",,,"11",,,,,,,,,"10203",,,"8",,,,,"9","238",,,,,,,,,,,,,"236","90","798","172","7","0",,"2","1FFF1F","1AAAA1AAA1AAAA","4",,,,
"4301571","2019-09-20T16:00:00","23.50","-133.53",,,"1","4","2","5",,,"11",,,,,,,,,"10159",,,"8",,,,,"9","244",,,,,,,,,,,,,"236","33","798","172","7","0",,"2","1FFF1F","1AAAA1AAA1AAAA","4",,,,
"5102585","2019-09-20T16:00:00","28.00","-139.89",,,"1","4","2","5",,,"11",,,,,,,,,,,,"8",,,,,"9","250",,,,,,,,,,,,,"236","89","798","172","7","0",,"2","1FFFFF","1AAAAAAAA1AAAA","4",,,,
"5102593","2019-09-20T16:00:00","21.60","-131.61",,,"1","4","2","5",,,"11",,,,,,,,,,,,"8",,,,,"9","251",,,,,,,,,,,,,"236","11","798","172","7","0",,"2","1FFFFF","1AAAAAAAA1AAAA","4",,,,
"4301564","2019-09-20T16:04:00","29.82","-130.78",,,"1","4","2","5",,,"11",,,,,,,,,"10200",,,"8",,,,,"9","237",,,,,,,,,,,,,"236","90","798","172","7","0",,"2","1FFF1F","1AAAA1AAA1AAAA","4",,,,
"4301567","2019-09-20T17:00:00","24.50","-133.48",,,"1","4","2","5",,,"11",,,,,,,,,"10177",,,"8",,,,,"9","240",,,,,,,,,,,,,"236","43","798","172","7","0",,"2","1FFF1F","1AAAA1AAA1AAAA","4",,,,
"4301568","2019-09-20T17:00:00","29.94","-130.96",,,"1","4","2","5",,,"11",,,,,,,,,"10208",,,"8",,,,,"9","238",,,,,,,,,,,,,"236","90","798","172","7","0",,"2","1FFF1F","1AAAA1AAA1AAAA","4",,,,
"4301571","2019-09-20T17:00:00","23.51","-133.53",,,"1","4","2","5",,,"11",,,,,,,,,"10167",,,"8",,,,,"9","244",,,,,,,,,,,,,"236","33","798","172","7","0",,"2","1FFF1F","1AAAA1AAA1AAAA","4",,,,
"5102585","2019-09-20T17:00:00","28.00","-139.90",,,"1","4","2","5",,,"11",,,,,,,,,,,,"8",,,,,"9","250",,,,,,,,,,,,,"236","89","798","172","7","0",,"2","1FFFFF","1AAAAAAAA1AAAA","4",,,,
"5102593","2019-09-20T17:00:00","21.61","-131.61",,,"1","4","2","5",,,"11",,,,,,,,,,,,"8",,,,,"9","251",,,,,,,,,,,,,"236","11","798","172","7","0",,"2","1FFFFF","1AAAAAAAA1AAAA","4",,,,
"4301564","2019-09-20T17:01:00","29.83","-130.78",,,"1","4","2","5",,,"11",,,,,,,,,"10205",,,"8",,,,,"9","237",,,,,,,,,,,,,"236","90","798","172","7","0",,"2","1FFF1F","1AAAA1AAA1AAAA","4",,,,
"4301564","2019-09-20T18:00:00","29.83","-130.78",,,"1","4","2","5",,,"11",,,,,,,,,"10206",,,"8",,,,,"9","237",,,,,,,,,,,,,"236","90","798","172","7","0",,"2","1FFF1F","1AAAA1AAA1AAAA","4",,,,
"4301567","2019-09-20T18:00:00","24.50","-133.49",,,"1","4","2","5",,,"11",,,,,,,,,"10177",,,"8",,,,,"9","240",,,,,,,,,,,,,"236","43","798","172","7","0",,"2","1FFF1F","1AAAA1AAA1AAAA","4",,,,
"4301571","2019-09-20T18:00:00","23.52","-133.54",,,"1","4","2","5",,,"11",,,,,,,,,"10167",,,"8",,,,,"9","244",,,,,,,,,,,,,"236","33","798","172","7","0",,"2","1FFF1F","1AAAA1AAA1AAAA","4",,,,
"5102585","2019-09-20T18:00:00","28.00","-139.90",,,"1","4","2","5",,,"11",,,,,,,,,,,,"8",,,,,"9","251",,,,,,,,,,,,,"236","89","798","172","7","0",,"2","1FFFFF","1AAAAAAAA1AAAA","4",,,,
"5102593","2019-09-20T18:00:00","21.62","-131.61",,,"1","4","2","5",,,"11",,,,,,,,,,,,"8",,,,,"9","251",,,,,,,,,,,,,"236","11","798","172","7","0",,"2","1FFFFF","1AAAAAAAA1AAAA","4",,,,
"WDH6745","2019-09-20T18:00:00","27.60","-139.60",,,"1","6","2","5","2","4","1",,"60","4","98","1","98","2",,"10215","2","10","8","244",,"217","203","1","279","4",,"A","A","A","A",,"6","3","11","12","4","236","79","798","172","5","1","2","2","511111","1111A111111111",,"5",,,
"WFLH","2019-09-20T18:00:00","28.80","-137.70",,,"1","6","2","5","5","4","1",,"90","4","82","1","98","3","1","10219","2","6","8","244",,,"187","0","239","7","6","2","4","3","9",,"4","2","36","13","4","236","87","798","172","5","1","2","2","111111","1111111A111111",,"5",,"1",
"4301564","2019-09-20T19:00:00","29.83","-130.77",,,"1","4","2","5",,,"11",,,,,,,,,"10206",,,"8",,,,,"9","237",,,,,,,,,,,,,"236","90","798","172","7","0",,"2","1FFF1F","1AAAA1AAA1AAAA","4",,,,
"4301567","2019-09-20T19:00:00","24.50","-133.49",,,"1","4","2","5",,,"11",,,,,,,,,"10176",,,"8",,,,,"9","240",,,,,,,,,,,,,"236","43","798","172","7","0",,"2","1FFF1F","1AAAA1AAA1AAAA","4",,,,
"4301571","2019-09-20T19:00:00","23.53","-133.54",,,"1","4","2","5",,,"11",,,,,,,,,"10167",,,"8",,,,,"9","244",,,,,,,,,,,,,"236","33","798","172","7","0",,"2","1FFF1F","1AAAA1AAA1AAAA","4",,,,
"5102585","2019-09-20T19:00:00","28.01","-139.90",,,"1","4","2","5",,,"11",,,,,,,,,,,,"8",,,,,"9","251",,,,,,,,,,,,,"236","89","798","172","7","0",,"2","1FFFFF","1AAAAAAAA1AAAA","4",,,,
"5102593","2019-09-20T19:00:00","21.62","-131.62",,,"1","4","2","5",,,"11",,,,,,,,,,,,"8",,,,,"9","251",,,,,,,,,,,,,"236","11","798","172","7","0",,"2","1FFFFF","1AAAAAAAA1AAAA","4",,,,
"WDC3786","2019-09-20T19:00:00","28.90","-131.70",,,"1","5","2","5","6","4","1",,"60","4","72","1","98",,,"10215",,,"8","220",,"180","154",,,"6",,"7","2","A","A",,"4","1","33","10","4","236","81","798","172","5","1","2","2","F11111","111AA1111A111A",,"5",,,
"4301564","2019-09-20T20:00:00","29.83","-130.77",,,"1","4","2","5",,,"11",,,,,,,,,"10207",,,"8",,,,,"9","238",,,,,,,,,,,,,"236","90","798","172","7","0",,"2","1FFF1F","1AAAA1AAA1AAAA","4",,,,
"5102585","2019-09-20T20:00:00","28.02","-139.90",,,"1","4","2","5",,,"11",,,,,,,,,,,,"8",,,,,"9","251",,,,,,,,,,,,,"236","89","798","172","7","0",,"2","1FFFFF","1AAAAAAAA1AAAA","4",,,,
"5102593","2019-09-20T20:00:00","21.63","-131.62",,,"1","4","2","5",,,"11",,,,,,,,,,,,"8",,,,,"9","251",,,,,,,,,,,,,"236","11","798","172","7","0",,"2","1FFFFF","1AAAAAAAA1AAAA","4",,,,
"4301567","2019-09-20T20:02:00","24.50","-133.50",,,"1","4","2","5",,,"11",,,,,,,,,"10173",,,"8",,,,,"9","240",,,,,,,,,,,,,"236","43","798","172","7","0",,"2","1FFF1F","1AAAA1AAA1AAAA","4",,,,
"4301571","2019-09-20T20:04:00","23.55","-133.54",,,"1","4","2","5",,,"11",,,,,,,,,"10166",,,"8",,,,,"9","244",,,,,,,,,,,,,"236","33","798","172","7","0",,"2","1FFF1F","1AAAA1AAA1AAAA","4",,,,
"4301567","2019-09-20T21:00:00","24.50","-133.50",,,"1","4","2","5",,,"11",,,,,,,,,"10170",,,"8",,,,,"9","241",,,,,,,,,,,,,"236","43","798","172","7","0",,"2","1FFF1F","1AAAA1AAA1AAAA","4",,,,
"4301571","2019-09-20T21:00:00","23.55","-133.54",,,"1","4","2","5",,,"11",,,,,,,,,"10163",,,"8",,,,,"9","245",,,,,,,,,,,,,"236","33","798","172","7","0",,"2","1FFF1F","1AAAA1AAA1AAAA","4",,,,
"5102585","2019-09-20T21:00:00","28.02","-139.90",,,"1","4","2","5",,,"11",,,,,,,,,,,,"8",,,,,"9","252",,,,,,,,,,,,,"236","89","798","172","7","0",,"2","1FFFFF","1AAAAAAAA1AAAA","4",,,,
"5102593","2019-09-20T21:00:00","21.64","-131.62",,,"1","4","2","5",,,"11",,,,,,,,,,,,"8",,,,,"9","251",,,,,,,,,,,,,"236","11","798","172","7","0",,"2","1FFFFF","1AAAAAAAA1AAAA","4",,,,
"4301564","2019-09-20T21:04:00","29.83","-130.77",,,"1","4","2","5",,,"11",,,,,,,,,"10201",,,"8",,,,,"9","238",,,,,,,,,,,,,"236","90","798","172","7","0",,"2","1FFF1F","1AAAA1AAA1AAAA","4",,,,
"4301564","2019-09-20T22:00:00","29.83","-130.77",,,"1","4","2","5",,,"11",,,,,,,,,"10197",,,"8",,,,,"9","238",,,,,,,,,,,,,"236","90","798","172","7","0",,"2","1FFF1F","1AAAA1AAA1AAAA","4",,,,
"4301567","2019-09-20T22:00:00","24.50","-133.51",,,"1","4","2","5",,,"11",,,,,,,,,"10166",,,"8",,,,,"9","241",,,,,,,,,,,,,"236","43","798","172","7","0",,"2","1FFF1F","1AAAA1AAA1AAAA","4",,,,
"4301571","2019-09-20T22:00:00","23.56","-133.54",,,"1","4","2","5",,,"11",,,,,,,,,"10155",,,"8",,,,,"9","245",,,,,,,,,,,,,"236","33","798","172","7","0",,"2","1FFF1F","1AAAA1AAA1AAAA","4",,,,
"5102585","2019-09-20T22:00:00","28.02","-139.90",,,"1","4","2","5",,,"11",,,,,,,,,,,,"8",,,,,"9","252",,,,,,,,,,,,,"236","89","798","172","7","0",,"2","1FFFFF","1AAAAAAAA1AAAA","4",,,,
"5102593","2019-09-20T22:00:00","21.64","-131.61",,,"1","4","2","5",,,"11",,,,,,,,,,,,"8",,,,,"9","251",,,,,,,,,,,,,"236","11","798","172","7","0",,"2","1FFFFF","1AAAAAAAA1AAAA","4",,,,
"4301564","2019-09-20T23:00:00","29.83","-130.77",,,"1","4","2","5",,,"11",,,,,,,,,"10192",,,"8",,,,,"9","238",,,,,,,,,,,,,"236","90","798","172","7","0",,"2","1FFF1F","1AAAA1AAA1AAAA","4",,,,
"4301567","2019-09-20T23:00:00","24.50","-133.51",,,"1","4","2","5",,,"11",,,,,,,,,"10163",,,"8",,,,,"9","241",,,,,,,,,,,,,"236","43","798","172","7","0",,"2","1FFF1F","1AAAA1AAA1AAAA","4",,,,
"4301571","2019-09-20T23:00:00","23.57","-133.54",,,"1","4","2","5",,,"11",,,,,,,,,"10155",,,"8",,,,,"9","245",,,,,,,,,,,,,"236","33","798","172","7","0",,"2","1FFF1F","1AAAA1AAA1AAAA","4",,,,
"5102585","2019-09-20T23:00:00","28.03","-139.89",,,"1","4","2","5",,,"11",,,,,,,,,,,,"8",,,,,"9","252",,,,,,,,,,,,,"236","89","798","172","7","0",,"2","1FFFFF","1AAAAAAAA1AAAA","4",,,,
"5102593","2019-09-20T23:00:00","21.65","-131.61",,,"1","4","2","5",,,"11",,,,,,,,,,,,"8",,,,,"9","252",,,,,,,,,,,,,"236","11","798","172","7","0",,"2","1FFFFF","1AAAAAAAA1AAAA","4",,,,
"4301567","2019-09-21T00:00:00","24.50","-133.52",,,"1","4","2","5",,,"11",,,,,,,,,"10163",,,"8",,,,,"9","241",,,,,,,,,,,,,"236","43","798","172","7","0",,"2","1FFF1F","1AAAA1AAA1AAAA","4",,,,
"4301571","2019-09-21T00:00:00","23.57","-133.55",,,"1","4","2","5",,,"11",,,,,,,,,"10153",,,"8",,,,,"9","245",,,,,,,,,,,,,"236","33","798","172","7","0",,"2","1FFF1F","1AAAA1AAA1AAAA","4",,,,
"5102585","2019-09-21T00:00:00","28.03","-139.89",,,"1","4","2","5",,,"11",,,,,,,,,,,,"8",,,,,"9","252",,,,,,,,,,,,,"236","89","798","172","7","0",,"2","1FFFFF","1AAAAAAAA1AAAA","4",,,,
"5102593","2019-09-21T00:00:00","21.65","-131.61",,,"1","4","2","5",,,"11",,,,,,,,,,,,"8",,,,,"9","252",,,,,,,,,,,,,"236","11","798","172","7","0",,"2","1FFFFF","1AAAAAAAA1AAAA","4",,,,
"WDC3786","2019-09-21T00:00:00","28.60","-133.50",,,"1","5","2","5","6","4","1",,"70","4","77","1","98","2","2","10220","7","5","8","255",,"205","176",,,"7","7","5","5","A","A",,"4","1","36","12","4","236","83","798","172","5","1","2","2","F11111","111111111A1111",,"5",,"2",
"4301564","2019-09-21T01:00:00","29.83","-130.77",,,"1","4","2","5",,,"11",,,,,,,,,"10193",,,"8",,,,,"9","238",,,,,,,,,,,,,"236","90","798","172","7","0",,"2","1FFF1F","1AAAA1AAA1AAAA","4",,,,
"4301571","2019-09-21T01:00:00","23.58","-133.55",,,"1","4","2","5",,,"11",,,,,,,,,"10155",,,"8",,,,,"9","245",,,,,,,,,,,,,"236","33","798","172","7","0",,"2","1FFF1F","1AAAA1AAA1AAAA","4",,,,
"5102585","2019-09-21T01:00:00","28.03","-139.88",,,"1","4","2","5",,,"11",,,,,,,,,,,,"8",,,,,"9","251",,,,,,,,,,,,,"236","89","798","172","7","0",,"2","1FFFFF","1AAAAAAAA1AAAA","4",,,,
"5102593","2019-09-21T01:00:00","21.65","-131.61",,,"1","4","2","5",,,"11",,,,,,,,,,,,"8",,,,,"9","251",,,,,,,,,,,,,"236","11","798","172","7","0",,"2","1FFFFF","1AAAAAAAA1AAAA","4",,,,
"4301567","2019-09-21T01:04:00","24.50","-133.52",,,"1","4","2","5",,,"11",,,,,,,,,"10165",,,"8",,,,,"9","241",,,,,,,,,,,,,"236","43","798","172","7","0",,"2","1FFF1F","1AAAA1AAA1AAAA","4",,,,
"4301571","2019-09-21T02:00:00","23.59","-133.55",,,"1","4","2","5",,,"11",,,,,,,,,"10157",,,"8",,,,,"9","245",,,,,,,,,,,,,"236","33","798","172","7","0",,"2","1FFF1F","1AAAA1AAA1AAAA","4",,,,
"5102585","2019-09-21T02:00:00","28.03","-139.87",,,"1","4","2","5",,,"11",,,,,,,,,,,,"8",,,,,"9","251",,,,,,,,,,,,,"236","89","798","172","7","0",,"2","1FFFFF","1AAAAAAAA1AAAA","4",,,,
"5102593","2019-09-21T02:00:00","21.65","-131.61",,,"1","4","2","5",,,"11",,,,,,,,,,,,"8",,,,,"9","251",,,,,,,,,,,,,"236","11","798","172","7","0",,"2","1FFFFF","1AAAAAAAA1AAAA","4",,,,
"4301567","2019-09-21T02:02:00","24.49","-133.53",,,"1","4","2","5",,,"11",,,,,,,,,"10165",,,"8",,,,,"9","241",,,,,,,,,,,,,"236","43","798","172","7","0",,"2","1FFF1F","1AAAA1AAA1AAAA","4",,,,
"4301564","2019-09-21T03:00:00","29.82","-130.78",,,"1","4","2","5",,,"11",,,,,,,,,"10199",,,"8",,,,,"9","238",,,,,,,,,,,,,"236","90","798","172","7","0",,"1","1FFF1F","1AAAA1AAA1AAAA","4",,,,
"4301567","2019-09-21T03:00:00","24.49","-133.53",,,"1","4","2","5",,,"11",,,,,,,,,"10169",,,"8",,,,,"9","241",,,,,,,,,,,,,"236","43","798","172","7","0",,"2","1FFF1F","1AAAA1AAA1AAAA","4",,,,
"5102585","2019-09-21T03:00:00","28.03","-139.87",,,"1","4","2","5",,,"11",,,,,,,,,,,,"8",,,,,"9","251",,,,,,,,,,,,,"236","89","798","172","7","0",,"2","1FFFFF","1AAAAAAAA1AAAA","4",,,,
"5102593","2019-09-21T03:00:00","21.65","-131.61",,,"1","4","2","5",,,"11",,,,,,,,,,,,"8",,,,,"9","251",,,,,,,,,,,,,"236","11","798","172","7","0",,"1","1FFFFF","1AAAAAAAA1AAAA","4",,,,
"4301571","2019-09-21T03:01:00","23.59","-133.56",,,"1","4","2","5",,,"11",,,,,,,,,"10164",,,"8",,,,,"9","245",,,,,,,,,,,,,"236","33","798","172","7","0",,"1","1FFF1F","1AAAA1AAA1AAAA","4",,,,
"4301564","2019-09-21T04:00:00","29.82","-130.78",,,"1","4","2","5",,,"11",,,,,,,,,"10205",,,"8",,,,,"9","237",,,,,,,,,,,,,"236","90","798","172","7","0",,"1","1FFF1F","1AAAA1AAA1AAAA","4",,,,
"4301567","2019-09-21T04:00:00","24.49","-133.53",,,"1","4","2","5",,,"11",,,,,,,,,"10176",,,"8",,,,,"9","240",,,,,,,,,,,,,"236","43","798","172","7","0",,"1","1FFF1F","1AAAA1AAA1AAAA","4",,,,
"4301571","2019-09-21T04:00:00","23.60","-133.56",,,"1","4","2","5",,,"11",,,,,,,,,"10169",,,"8",,,,,"9","244",,,,,,,,,,,,,"236","33","798","172","7","0",,"1","1FFF1F","1AAAA1AAA1AAAA","4",,,,
"5102585","2019-09-21T04:00:00","28.02","-139.87",,,"1","4","2","5",,,"11",,,,,,,,,,,,"8",,,,,"9","251",,,,,,,,,,,,,"236","89","798","172","7","0",,"1","1FFFFF","1AAAAAAAA1AAAA","4",,,,
"5102593","2019-09-21T04:00:00","21.65","-131.61",,,"1","4","2","5",,,"11",,,,,,,,,,,,"8",,,,,"9","251",,,,,,,,,,,,,"236","11","798","172","7","0",,"1","1FFFFF","1AAAAAAAA1AAAA","4",,,,
"WDH6745","2019-09-21T04:00:00","28.70","-135.80",,,"1","6","2","5","2","4","1",,"80","4","113","1","98","2",,"10220","2","10","8","233",,"200","181","1",,"4",,"A","A","A","A",,"6","3","2","11","4","236","85","798","172","5","1","2","1","711111","1111A111111111",,"5",,,
"4301564","2019-09-21T05:00:00","29.82","-130.79",,,"1","4","2","5",,,"11",,,,,,,,,"10209",,,"8",,,,,"9","237",,,,,,,,,,,,,"236","90","798","172","7","0",,"1","1FFF1F","1AAAA1AAA1AAAA","4",,,,
"4301567","2019-09-21T05:00:00","24.49","-133.53",,,"1","4","2","5",,,"11",,,,,,,,,"10181",,,"8",,,,,"9","240",,,,,,,,,,,,,"236","43","798","172","7","0",,"1","1FFF1F","1AAAA1AAA1AAAA","4",,,,
"4301571","2019-09-21T05:00:00","23.60","-133.56",,,"1","4","2","5",,,"11",,,,,,,,,"10173",,,"8",,,,,"9","244",,,,,,,,,,,,,"236","33","798","172","7","0",,"1","1FFF1F","1AAAA1AAA1AAAA","4",,,,
"5102585","2019-09-21T05:00:00","28.02","-139.87",,,"1","4","2","5",,,"11",,,,,,,,,,,,"8",,,,,"9","251",,,,,,,,,,,,,"236","89","798","172","7","0",,"1","1FFFFF","1AAAAAAAA1AAAA","4",,,,
"5102593","2019-09-21T05:00:00","21.66","-131.62",,,"1","4","2","5",,,"11",,,,,,,,,,,,"8",,,,,"9","251",,,,,,,,,,,,,"236","11","798","172","7","0",,"1","1FFFFF","1AAAAAAAA1AAAA","4",,,,
"4301564","2019-09-21T06:00:00","29.82","-130.79",,,"1","4","2","5",,,"11",,,,,,,,,"10212",,,"8",,,,,"9","237",,,,,,,,,,,,,"236","90","798","172","7","0",,"1","1FFF1F","1AAAA1AAA1AAAA","4",,,,
"4301567","2019-09-21T06:00:00","24.49","-133.53",,,"1","4","2","5",,,"11",,,,,,,,,"10187",,,"8",,,,,"9","240",,,,,,,,,,,,,"236","43","798","172","7","0",,"1","1FFF1F","1AAAA1AAA1AAAA","4",,,,
"4301571","2019-09-21T06:00:00","23.61","-133.56",,,"1","4","2","5",,,"11",,,,,,,,,"10181",,,"8",,,,,"9","244",,,,,,,,,,,,,"236","33","798","172","7","0",,"1","1FFF1F","1AAAA1AAA1AAAA","4",,,,
"5102585","2019-09-21T06:00:00","28.02","-139.87",,,"1","4","2","5",,,"11",,,,,,,,,,,,"8",,,,,"9","251",,,,,,,,,,,,,"236","89","798","172","7","0",,"1","1FFFFF","1AAAAAAAA1AAAA","4",,,,
"5102593","2019-09-21T06:00:00","21.66","-131.62",,,"1","4","2","5",,,"11",,,,,,,,,,,,"8",,,,,"9","251",,,,,,,,,,,,,"236","11","798","172","7","0",,"1","1FFFFF","1AAAAAAAA1AAAA","4",,,,
"4301571","2019-09-21T07:00:00","23.62","-133.57",,,"1","4","2","5",,,"11",,,,,,,,,"10184",,,"8",,,,,"9","244",,,,,,,,,,,,,"236","33","798","172","7","0",,"1","1FFF1F","1AAAA1AAA1AAAA","4",,,,
"5102585","2019-09-21T07:00:00","28.01","-139.87",,,"1","4","2","5",,,"11",,,,,,,,,,,,"8",,,,,"9","251",,,,,,,,,,,,,"236","89","798","172","7","0",,"1","1FFFFF","1AAAAAAAA1AAAA","4",,,,
"5102593","2019-09-21T07:00:00","21.66","-131.63",,,"1","4","2","5",,,"11",,,,,,,,,,,,"8",,,,,"9","250",,,,,,,,,,,,,"236","11","798","172","7","0",,"1","1FFFFF","1AAAAAAAA1AAAA","4",,,,
"4301564","2019-09-21T07:01:00","29.83","-130.79",,,"1","4","2","5",,,"11",,,,,,,,,"10213",,,"8",,,,,"9","237",,,,,,,,,,,,,"236","90","798","172","7","0",,"1","1FFF1F","1AAAA1AAA1AAAA","4",,,,
"4301567","2019-09-21T07:04:00","24.48","-133.53",,,"1","4","2","5",,,"11",,,,,,,,,"10191",,,"8",,,,,"9","240",,,,,,,,,,,,,"236","43","798","172","7","0",,"1","1FFF1F","1AAAA1AAA1AAAA","4",,,,
"5102585","2019-09-21T08:00:00","28.01","-139.88",,,"1","4","2","5",,,"11",,,,,,,,,,,,"8",,,,,"9","250",,,,,,,,,,,,,"236","89","798","172","7","0",,"1","1FFFFF","1AAAAAAAA1AAAA","4",,,,
"5102593","2019-09-21T08:00:00","21.67","-131.63",,,"1","4","2","5",,,"11",,,,,,,,,,,,"8",,,,,"9","250",,,,,,,,,,,,,"236","11","798","172","7","0",,"1","1FFFFF","1AAAAAAAA1AAAA","4",,,,
"4301567","2019-09-21T08:03:00","24.47","-133.54",,,"1","4","2","5",,,"11",,,,,,,,,"10193",,,"8",,,,,"9","240",,,,,,,,,,,,,"236","43","798","172","7","0",,"1","1FFF1F","1AAAA1AAA1AAAA","4",,,,
"4301571","2019-09-21T08:04:00","23.62","-133.56",,,"1","4","2","5",,,"11",,,,,,,,,"10185",,,"8",,,,,"9","244",,,,,,,,,,,,,"236","33","798","172","7","0",,"1","1FFF1F","1AAAA1AAA1AAAA","4",,,,
"4301564","2019-09-21T09:00:00","29.84","-130.80",,,"1","4","2","5",,,"11",,,,,,,,,"10212",,,"8",,,,,"9","237",,,,,,,,,,,,,"236","90","798","172","7","0",,"1","1FFF1F","1AAAA1AAA1AAAA","4",,,,
"4301567","2019-09-21T09:00:00","24.46","-133.54",,,"1","4","2","5",,,"11",,,,,,,,,"10192",,,"8",,,,,"9","240",,,,,,,,,,,,,"236","43","798","172","7","0",,"1","1FFF1F","1AAAA1AAA1AAAA","4",,,,
"5102585","2019-09-21T09:00:00","28.01","-139.88",,,"1","4","2","5",,,"11",,,,,,,,,,,,"8",,,,,"9","250",,,,,,,,,,,,,"236","89","798","172","7","0",,"1","1FFFFF","1AAAAAAAA1AAAA","4",,,,
"5102593","2019-09-21T09:00:00","21.67","-131.64",,,"1","4","2","5",,,"11",,,,,,,,,,,,"8",,,,,"9","250",,,,,,,,,,,,,"236","11","798","172","7","0",,"1","1FFFFF","1AAAAAAAA1AAAA","4",,,,
"4301571","2019-09-21T09:02:00","23.64","-133.57",,,"1","4","2","5",,,"11",,,,,,,,,"10183",,,"8",,,,,"9","244",,,,,,,,,,,,,"236","33","798","172","7","0",,"1","1FFF1F","1AAAA1AAA1AAAA","4",,,,
"4301567","2019-09-21T10:00:00","24.46","-133.55",,,"1","4","2","5",,,"11",,,,,,,,,"10188",,,"8",,,,,"9","240",,,,,,,,,,,,,"236","43","798","172","7","0",,"1","1FFF1F","1AAAA1AAA1AAAA","4",,,,
"4301571","2019-09-21T10:00:00","23.65","-133.57",,,"1","4","2","5",,,"11",,,,,,,,,"10181",,,"8",,,,,"9","244",,,,,,,,,,,,,"236","33","798","172","7","0",,"1","1FFF1F","1AAAA1AAA1AAAA","4",,,,
"5102585","2019-09-21T10:00:00","28.00","-139.88",,,"1","4","2","5",,,"11",,,,,,,,,,,,"8",,,,,"9","250",,,,,,,,,,,,,"236","89","798","172","7","0",,"1","1FFFFF","1AAAAAAAA1AAAA","4",,,,
"5102593","2019-09-21T10:00:00","21.68","-131.64",,,"1","4","2","5",,,"11",,,,,,,,,,,,"8",,,,,"9","250",,,,,,,,,,,,,"236","11","798","172","7","0",,"1","1FFFFF","1AAAAAAAA1AAAA","4",,,,
"4301564","2019-09-21T10:01:00","29.85","-130.80",,,"1","4","2","5",,,"11",,,,,,,,,"10208",,,"8",,,,,"9","237",,,,,,,,,,,,,"236","90","798","172","7","0",,"1","1FFF1F","1AAAA1AAA1AAAA","4",,,,
"4301567","2019-09-21T11:00:00","24.45","-133.56",,,"1","4","2","5",,,"11",,,,,,,,,"10185",,,"8",,,,,"9","240",,,,,,,,,,,,,"236","43","798","172","7","0",,"1","1FFF1F","1AAAA1AAA1AAAA","4",,,,
"4301571","2019-09-21T11:00:00","23.65","-133.57",,,"1","4","2","5",,,"11",,,,,,,,,"10177",,,"8",,,,,"9","244",,,,,,,,,,,,,"236","33","798","172","7","0",,"1","1FFF1F","1AAAA1AAA1AAAA","4",,,,
"5102585","2019-09-21T11:00:00","28.00","-139.89",,,"1","4","2","5",,,"11",,,,,,,,,,,,"8",,,,,"9","250",,,,,,,,,,,,,"236","89","798","172","7","0",,"1","1FFFFF","1AAAAAAAA1AAAA","4",,,,
"5102593","2019-09-21T11:00:00","21.68","-131.65",,,"1","4","2","5",,,"11",,,,,,,,,,,,"8",,,,,"9","250",,,,,,,,,,,,,"236","11","798","172","7","0",,"1","1FFFFF","1AAAAAAAA1AAAA","4",,,,
"4301564","2019-09-21T11:01:00","29.85","-130.80",,,"1","4","2","5",,,"11",,,,,,,,,"10208",,,"8",,,,,"9","237",,,,,,,,,,,,,"236","90","798","172","7","0",,"1","1FFF1F","1AAAA1AAA1AAAA","4",,,,
"4301564","2019-09-21T12:00:00","29.85","-130.80",,,"1","4","2","5",,,"11",,,,,,,,,"10204",,,"8",,,,,"9","237",,,,,,,,,,,,,"236","90","798","172","7","0",,"1","1FFF1F","1AAAA1AAA1AAAA","4",,,,
"5102585","2019-09-21T12:00:00","28.00","-139.89",,,"1","4","2","5",,,"11",,,,,,,,,,,,"8",,,,,"9","250",,,,,,,,,,,,,"236","89","798","172","7","0",,"1","1FFFFF","1AAAAAAAA1AAAA","4",,,,
"5102593","2019-09-21T12:00:00","21.69","-131.65",,,"1","4","2","5",,,"11",,,,,,,,,,,,"8",,,,,"9","250",,,,,,,,,,,,,"236","11","798","172","7","0",,"1","1FFFFF","1AAAAAAAA1AAAA","4",,,,
"WDC3786","2019-09-21T12:00:00","27.70","-137.60",,,"1","5","2","5","6","4","1",,"110","4","46","1","99","2","2","10223",,,"8","210",,"185","169",,,,,"A",,"A","A",,"5","1","1","11","4","236","77","798","172","5","1","2","1","F11111","111111111A811A",,"5",,"1",
"4301567","2019-09-21T12:01:00","24.45","-133.57",,,"1","4","2","5",,,"11",,,,,,,,,"10182",,,"8",,,,,"9","240",,,,,,,,,,,,,"236","43","798","172","7","0",,"1","1FFF1F","1AAAA1AAA1AAAA","4",,,,
"4301571","2019-09-21T12:03:00","23.66","-133.57",,,"1","4","2","5",,,"11",,,,,,,,,"10176",,,"8",,,,,"9","244",,,,,,,,,,,,,"236","33","798","172","7","0",,"1","1FFF1F","1AAAA1AAA1AAAA","4",,,,
"4301568","2019-09-21T12:04:00","29.97","-131.04",,,"1","4","2","5",,,"11",,,,,,,,,"10207",,,"8",,,,,"9","238",,,,,,,,,,,,,"236","91","798","172","7","0",,"1","1FFF1F","1AAAA1AAA1AAAA","4",,,,
"4301567","2019-09-21T13:00:00","24.44","-133.58",,,"1","4","2","5",,,"11",,,,,,,,,"10182",,,"8",,,,,"9","240",,,,,,,,,,,,,"236","43","798","172","7","0",,"1","1FFF1F","1AAAA1AAA1AAAA","4",,,,
"5102585","2019-09-21T13:00:00","28.00","-139.89",,,"1","4","2","5",,,"11",,,,,,,,,,,,"8",,,,,"9","250",,,,,,,,,,,,,"236","89","798","172","7","0",,"1","1FFFFF","1AAAAAAAA1AAAA","4",,,,
"5102593","2019-09-21T13:00:00","21.69","-131.65",,,"1","4","2","5",,,"11",,,,,,,,,,,,"8",,,,,"9","250",,,,,,,,,,,,,"236","11","798","172","7","0",,"1","1FFFFF","1AAAAAAAA1AAAA","4",,,,
"4301564","2019-09-21T13:01:00","29.86","-130.80",,,"1","4","2","5",,,"11",,,,,,,,,"10205",,,"8",,,,,"9","236",,,,,,,,,,,,,"236","90","798","172","7","0",,"1","1FFF1F","1AAAA1AAA1AAAA","4",,,,
"4301571","2019-09-21T13:01:00","23.67","-133.57",,,"1","4","2","5",,,"11",,,,,,,,,"10178",,,"8",,,,,"9","244",,,,,,,,,,,,,"236","33","798","172","7","0",,"1","1FFF1F","1AAAA1AAA1AAAA","4",,,,
"4301568","2019-09-21T13:04:00","29.98","-131.04",,,"1","4","2","5",,,"11",,,,,,,,,"10207",,,"8",,,,,"9","237",,,,,,,,,,,,,"236","91","798","172","7","0",,"1","1FFF1F","1AAAA1AAA1AAAA","4",,,,
"4301567","2019-09-21T14:00:00","24.44","-133.59",,,"1","4","2","5",,,"11",,,,,,,,,"10186",,,"8",,,,,"9","240",,,,,,,,,,,,,"236","43","798","172","7","0",,"1","1FFF1F","1AAAA1AAA1AAAA","4",,,,
"5102585","2019-09-21T14:00:00","27.99","-139.90",,,"1","4","2","5",,,"11",,,,,,,,,,,,"8",,,,,"9","250",,,,,,,,,,,,,"236","79","798","172","7","0",,"1","1FFFFF","1AAAAAAAA1AAAA","4",,,,
"5102593","2019-09-21T14:00:00","21.70","-131.65",,,"1","4","2","5",,,"11",,,,,,,,,,,,"8",,,,,"9","249",,,,,,,,,,,,,"236","11","798","172","7","0",,"1","1FFFFF","1AAAAAAAA1AAAA","4",,,,
"4301564","2019-09-21T15:00:00","29.87","-130.79",,,"1","4","2","5",,,"11",,,,,,,,,"10209",,,"8",,,,,"9","236",,,,,,,,,,,,,"236","90","798","172","7","0",,"2","1FFF1F","1AAAA1AAA1AAAA","4",,,,
"5102585","2019-09-21T15:00:00","27.99","-139.91",,,"1","4","2","5",,,"11",,,,,,,,,,,,"8",,,,,"9","250",,,,,,,,,,,,,"236","79","798","172","7","0",,"1","1FFFFF","1AAAAAAAA1AAAA","4",,,,
"5102593","2019-09-21T15:00:00","21.71","-131.65",,,"1","4","2","5",,,"11",,,,,,,,,,,,"8",,,,,"9","249",,,,,,,,,,,,,"236","11","798","172","7","0",,"2","1FFFFF","1AAAAAAAA1AAAA","4",,,,
"4301567","2019-09-21T15:02:00","24.43","-133.59",,,"1","4","2","5",,,"11",,,,,,,,,"10189",,,"8",,,,,"9","240",,,,,,,,,,,,,"236","43","798","172","7","0",,"2","1FFF1F","1AAAA1AAA1AAAA","4",,,,
"4301571","2019-09-21T15:04:00","23.67","-133.58",,,"1","4","2","5",,,"11",,,,,,,,,"10181",,,"8",,,,,"9","244",,,,,,,,,,,,,"236","33","798","172","7","0",,"2","1FFF1F","1AAAA1AAA1AAAA","4",,,,
"4301567","2019-09-21T16:00:00","24.43","-133.60",,,"1","4","2","5",,,"11",,,,,,,,,"10193",,,"8",,,,,"9","240",,,,,,,,,,,,,"236","43","798","172","7","0",,"2","1FFF1F","1AAAA1AAA1AAAA","4",,,,
"4301571","2019-09-21T16:00:00","23.67","-133.58",,,"1","4","2","5",,,"11",,,,,,,,,"10185",,,"8",,,,,"9","243",,,,,,,,,,,,,"236","33","798","172","7","0",,"2","1FFF1F","1AAAA1AAA1AAAA","4",,,,
"5102585","2019-09-21T16:00:00","27.99","-139.91",,,"1","4","2","5",,,"11",,,,,,,,,,,,"8",,,,,"9","250",,,,,,,,,,,,,"236","79","798","172","7","0",,"2","1FFFFF","1AAAAAAAA1AAAA","4",,,,
"5102593","2019-09-21T16:00:00","21.71","-131.65",,,"1","4","2","5",,,"11",,,,,,,,,,,,"8",,,,,"9","249",,,,,,,,,,,,,"236","11","798","172","7","0",,"2","1FFFFF","1AAAAAAAA1AAAA","4",,,,
"4301564","2019-09-21T16:04:00","29.88","-130.78",,,"1","4","2","5",,,"11",,,,,,,,,"10213",,,"8",,,,,"9","236",,,,,,,,,,,,,"236","90","798","172","7","0",,"2","1FFF1F","1AAAA1AAA1AAAA","4",,,,
"4301568","2019-09-21T16:04:00","29.98","-131.04",,,"1","4","2","5",,,"11",,,,,,,,,"10217",,,"8",,,,,"9","237",,,,,,,,,,,,,"236","91","798","172","7","0",,"2","1FFF1F","1AAAA1AAA1AAAA","4",,,,
"4301564","2019-09-21T17:00:00","29.88","-130.78",,,"1","4","2","5",,,"11",,,,,,,,,"10216",,,"8",,,,,"9","236",,,,,,,,,,,,,"236","90","798","172","7","0",,"2","1FFF1F","1AAAA1AAA1AAAA","4",,,,
"5102585","2019-09-21T17:00:00","27.99","-139.92",,,"1","4","2","5",,,"11",,,,,,,,,,,,"8",,,,,"9","250",,,,,,,,,,,,,"236","79","798","172","7","0",,"2","1FFFFF","1AAAAAAAA1AAAA","4",,,,
"5102593","2019-09-21T17:00:00","21.72","-131.65",,,"1","4","2","5",,,"11",,,,,,,,,,,,"8",,,,,"9","249",,,,,,,,,,,,,"236","11","798","172","7","0",,"2","1FFFFF","1AAAAAAAA1AAAA","4",,,,
"4301567","2019-09-21T17:01:00","24.42","-133.61",,,"1","4","2","5",,,"11",,,,,,,,,"10197",,,"8",,,,,"9","240",,,,,,,,,,,,,"236","43","798","172","7","0",,"2","1FFF1F","1AAAA1AAA1AAAA","4",,,,
"4301571","2019-09-21T17:04:00","23.68","-133.59",,,"1","4","2","5",,,"11",,,,,,,,,"10190",,,"8",,,,,"9","243",,,,,,,,,,,,,"236","33","798","172","7","0",,"2","1FFF1F","1AAAA1AAA1AAAA","4",,,,
"4301564","2019-09-21T18:00:00","29.87","-130.77",,,"1","4","2","5",,,"11",,,,,,,,,"10217",,,"8",,,,,"9","236",,,,,,,,,,,,,"236","90","798","172","7","0",,"2","1FFF1F","1AAAA1AAA1AAAA","4",,,,
"4301567","2019-09-21T18:00:00","24.41","-133.62",,,"1","4","2","5",,,"11",,,,,,,,,"10199",,,"8",,,,,"9","240",,,,,,,,,,,,,"236","43","798","172","7","0",,"2","1FFF1F","1AAAA1AAA1AAAA","4",,,,
"4301571","2019-09-21T18:00:00","23.68","-133.59",,,"1","4","2","5",,,"11",,,,,,,,,"10191",,,"8",,,,,"9","244",,,,,,,,,,,,,"236","33","798","172","7","0",,"2","1FFF1F","1AAAA1AAA1AAAA","4",,,,
"5102585","2019-09-21T18:00:00","28.00","-139.93",,,"1","4","2","5",,,"11",,,,,,,,,,,,"8",,,,,"9","250",,,,,,,,,,,,,"236","89","798","172","7","0",,"2","1FFFFF","1AAAAAAAA1AAAA","4",,,,
"5102593","2019-09-21T18:00:00","21.72","-131.65",,,"1","4","2","5",,,"11",,,,,,,,,,,,"8",,,,,"9","249",,,,,,,,,,,,,"236","11","798","172","7","0",,"2","1FFFFF","1AAAAAAAA1AAAA","4",,,,
"WDC3786","2019-09-21T18:00:00","27.10","-139.80",,,"1","5","2","5","6","4","1",,"60","4","21","1","98",,,"10230",,,"8","225",,"205","194",,,"6",,"7","2","A","A",,"4","1","6","10","4","236","79","798","172","5","1","2","2","F11111","111AA1111A111A",,"5",,,
"4301567","2019-09-21T19:00:00","24.41","-133.63",,,"1","4","2","5",,,"11",,,,,,,,,"10195",,,"8",,,,,"9","240",,,,,,,,,,,,,"236","43","798","172","7","0",,"2","1FFF1F","1AAAA1AAA1AAAA","4",,,,
"4301571","2019-09-21T19:00:00","23.69","-133.59",,,"1","4","2","5",,,"11",,,,,,,,,"10188",,,"8",,,,,"9","244",,,,,,,,,,,,,"236","33","798","172","7","0",,"2","1FFF1F","1AAAA1AAA1AAAA","4",,,,
"5102585","2019-09-21T19:00:00","28.00","-139.93",,,"1","4","2","5",,,"11",,,,,,,,,,,,"8",,,,,"9","250",,,,,,,,,,,,,"236","89","798","172","7","0",,"2","1FFFFF","1AAAAAAAA1AAAA","4",,,,
"5102593","2019-09-21T19:00:00","21.73","-131.64",,,"1","4","2","5",,,"11",,,,,,,,,,,,"8",,,,,"9","249",,,,,,,,,,,,,"236","11","798","172","7","0",,"2","1FFFFF","1AAAAAAAA1AAAA","4",,,,
"4301564","2019-09-21T19:04:00","29.87","-130.77",,,"1","4","2","5",,,"11",,,,,,,,,"10214",,,"8",,,,,"9","237",,,,,,,,,,,,,"236","90","798","172","7","0",,"2","1FFF1F","1AAAA1AAA1AAAA","4",,,,
"4301567","2019-09-21T20:00:00","24.41","-133.64",,,"1","4","2","5",,,"11",,,,,,,,,"10190",,,"8",,,,,"9","241",,,,,,,,,,,,,"236","43","798","172","7","0",,"2","1FFF1F","1AAAA1AAA1AAAA","4",,,,
"4301571","2019-09-21T20:00:00","23.70","-133.59",,,"1","4","2","5",,,"11",,,,,,,,,"10185",,,"8",,,,,"9","244",,,,,,,,,,,,,"236","33","798","172","7","0",,"2","1FFF1F","1AAAA1AAA1AAAA","4",,,,
"5102585","2019-09-21T20:00:00","28.00","-139.94",,,"1","4","2","5",,,"11",,,,,,,,,,,,"8",,,,,"9","251",,,,,,,,,,,,,"236","89","798","172","7","0",,"2","1FFFFF","1AAAAAAAA1AAAA","4",,,,
"5102593","2019-09-21T20:00:00","21.73","-131.64",,,"1","4","2","5",,,"11",,,,,,,,,,,,"8",,,,,"9","249",,,,,,,,,,,,,"236","11","798","172","7","0",,"2","1FFFFF","1AAAAAAAA1AAAA","4",,,,
"4301564","2019-09-21T20:04:00","29.87","-130.77",,,"1","4","2","5",,,"11",,,,,,,,,"10207",,,"8",,,,,"9","237",,,,,,,,,,,,,"236","90","798","172","7","0",,"2","1FFF1F","1AAAA1AAA1AAAA","4",,,,
"5102585","2019-09-21T21:00:00","28.00","-139.94",,,"1","4","2","5",,,"11",,,,,,,,,,,,"8",,,,,"9","251",,,,,,,,,,,,,"236","89","798","172","7","0",,"2","1FFFFF","1AAAAAAAA1AAAA","4",,,,
"5102593","2019-09-21T21:00:00","21.73","-131.64",,,"1","4","2","5",,,"11",,,,,,,,,,,,"8",,,,,"9","249",,,,,,,,,,,,,"236","11","798","172","7","0",,"2","1FFFFF","1AAAAAAAA1AAAA","4",,,,
"4301567","2019-09-21T21:01:00","24.40","-133.65",,,"1","4","2","5",,,"11",,,,,,,,,"10185",,,"8",,,,,"9","241",,,,,,,,,,,,,"236","43","798","172","7","0",,"2","1FFF1F","1AAAA1AAA1AAAA","4",,,,
"4301564","2019-09-21T21:04:00","29.87","-130.77",,,"1","4","2","5",,,"11",,,,,,,,,"10202",,,"8",,,,,"9","238",,,,,,,,,,,,,"236","90","798","172","7","0",,"2","1FFF1F","1AAAA1AAA1AAAA","4",,,,
"4301571","2019-09-21T21:04:00","23.71","-133.60",,,"1","4","2","5",,,"11",,,,,,,,,"10176",,,"8",,,,,"9","244",,,,,,,,,,,,,"236","33","798","172","7","0",,"2","1FFF1F","1AAAA1AAA1AAAA","4",,,,
"4301564","2019-09-21T22:00:00","29.87","-130.77",,,"1","4","2","5",,,"11",,,,,,,,,"10198",,,"8",,,,,"9","238",,,,,,,,,,,,,"236","90","798","172","7","0",,"2","1FFF1F","1AAAA1AAA1AAAA","4",,,,
"4301567","2019-09-21T22:00:00","24.41","-133.67",,,"1","4","2","5",,,"11",,,,,,,,,"10179",,,"8",,,,,"9","242",,,,,,,,,,,,,"236","43","798","172","7","0",,"2","1FFF1F","1AAAA1AAA1AAAA","4",,,,
"4301571","2019-09-21T22:00:00","23.71","-133.60",,,"1","4","2","5",,,"11",,,,,,,,,"10171",,,"8",,,,,"9","245",,,,,,,,,,,,,"236","33","798","172","7","0",,"2","1FFF1F","1AAAA1AAA1AAAA","4",,,,
"5102585","2019-09-21T22:00:00","28.01","-139.94",,,"1","4","2","5",,,"11",,,,,,,,,,,,"8",,,,,"9","251",,,,,,,,,,,,,"236","89","798","172","7","0",,"2","1FFFFF","1AAAAAAAA1AAAA","4",,,,
"5102593","2019-09-21T22:00:00","21.73","-131.64",,,"1","4","2","5",,,"11",,,,,,,,,,,,"8",,,,,"9","249",,,,,,,,,,,,,"236","11","798","172","7","0",,"2","1FFFFF","1AAAAAAAA1AAAA","4",,,,
"4301571","2019-09-21T23:00:00","23.71","-133.61",,,"1","4","2","5",,,"11",,,,,,,,,"10165",,,"8",,,,,"9","245",,,,,,,,,,,,,"236","33","798","172","7","0",,"2","1FFF1F","1AAAA1AAA1AAAA","4",,,,
"5102585","2019-09-21T23:00:00","28.02","-139.94",,,"1","4","2","5",,,"11",,,,,,,,,,,,"8",,,,,"9","252",,,,,,,,,,,,,"236","89","798","172","7","0",,"2","1FFFFF","1AAAAAAAA1AAAA","4",,,,
"5102593","2019-09-21T23:00:00","21.74","-131.63",,,"1","4","2","5",,,"11",,,,,,,,,,,,"8",,,,,"9","249",,,,,,,,,,,,,"236","11","798","172","7","0",,"2","1FFFFF","1AAAAAAAA1AAAA","4",,,,
"4301564","2019-09-21T23:01:00","29.88","-130.78",,,"1","4","2","5",,,"11",,,,,,,,,"10194",,,"8",,,,,"9","238",,,,,,,,,,,,,"236","90","798","172","7","0",,"2","1FFF1F","1AAAA1AAA1AAAA","4",,,,
"4301567","2019-09-21T23:03:00","24.41","-133.69",,,"1","4","2","5",,,"11",,,,,,,,,"10172",,,"8",,,,,"9","241",,,,,,,,,,,,,"236","43","798","172","7","0",,"2","1FFF1F","1AAAA1AAA1AAAA","4",,,,
"4301567","2019-09-22T00:00:00","24.42","-133.70",,,"1","4","2","5",,,"11",,,,,,,,,"10171",,,"8",,,,,"9","241",,,,,,,,,,,,,"236","43","798","172","7","0",,"2","1FFF1F","1AAAA1AAA1AAAA","4",,,,
"5102585","2019-09-22T00:00:00","28.02","-139.94",,,"1","4","2","5",,,"11",,,,,,,,,,,,"8",,,,,"9","252",,,,,,,,,,,,,"236","89","798","172","7","0",,"2","1FFFFF","1AAAAAAAA1AAAA","4",,,,
"5102593","2019-09-22T00:00:00","21.74","-131.63",,,"1","4","2","5",,,"11",,,,,,,,,,,,"8",,,,,"9","249",,,,,,,,,,,,,"236","11","798","172","7","0",,"2","1FFFFF","1AAAAAAAA1AAAA","4",,,,
"4301564","2019-09-22T00:01:00","29.88","-130.78",,,"1","4","2","5",,,"11",,,,,,,,,"10188",,,"8",,,,,"9","238",,,,,,,,,,,,,"236","90","798","172","7","0",,"2","1FFF1F","1AAAA1AAA1AAAA","4",,,,
"4301571","2019-09-22T00:04:00","23.72","-133.61",,,"1","4","2","5",,,"11",,,,,,,,,"10164",,,"8",,,,,"9","245",,,,,,,,,,,,,"236","33","798","172","7","0",,"2","1FFF1F","1AAAA1AAA1AAAA","4",,,,
"4301564","2019-09-22T01:00:00","29.88","-130.78",,,"1","4","2","5",,,"11",,,,,,,,,"10185",,,"8",,,,,"9","237",,,,,,,,,,,,,"236","90","798","172","7","0",,"2","1FFF1F","1AAAA1AAA1AAAA","4",,,,
"4301567","2019-09-22T01:00:00","24.42","-133.70",,,"1","4","2","5",,,"11",,,,,,,,,"10174",,,"8",,,,,"9","241",,,,,,,,,,,,,"236","43","798","172","7","0",,"2","1FFF1F","1AAAA1AAA1AAAA","4",,,,
"4301568","2019-09-22T01:00:00","29.98","-131.09",,,"1","4","2","5",,,"11",,,,,,,,,"10192",,,"8",,,,,"9","237",,,,,,,,,,,,,"236","91","798","172","7","0",,"2","1FFF1F","1AAAA1AAA1AAAA","4",,,,
"4301571","2019-09-22T01:00:00","23.72","-133.61",,,"1","4","2","5",,,"11",,,,,,,,,"10167",,,"8",,,,,"9","245",,,,,,,,,,,,,"236","33","798","172","7","0",,"2","1FFF1F","1AAAA1AAA1AAAA","4",,,,
"5102585","2019-09-22T01:00:00","28.02","-139.94",,,"1","4","2","5",,,"11",,,,,,,,,,,,"8",,,,,"9","251",,,,,,,,,,,,,"236","89","798","172","7","0",,"2","1FFFFF","1AAAAAAAA1AAAA","4",,,,
"5102593","2019-09-22T01:00:00","21.74","-131.63",,,"1","4","2","5",,,"11",,,,,,,,,,,,"8",,,,,"9","249",,,,,,,,,,,,,"236","11","798","172","7","0",,"2","1FFFFF","1AAAAAAAA1AAAA","4",,,,
"4301564","2019-09-22T02:00:00","29.88","-130.78",,,"1","4","2","5",,,"11",,,,,,,,,"10191",,,"8",,,,,"9","237",,,,,,,,,,,,,"236","90","798","172","7","0",,"2","1FFF1F","1AAAA1AAA1AAAA","4",,,,
"4301571","2019-09-22T02:00:00","23.73","-133.62",,,"1","4","2","5",,,"11",,,,,,,,,"10170",,,"8",,,,,"9","244",,,,,,,,,,,,,"236","33","798","172","7","0",,"2","1FFF1F","1AAAA1AAA1AAAA","4",,,,
"5102585","2019-09-22T02:00:00","28.03","-139.94",,,"1","4","2","5",,,"11",,,,,,,,,,,,"8",,,,,"9","251",,,,,,,,,,,,,"236","89","798","172","7","0",,"2","1FFFFF","1AAAAAAAA1AAAA","4",,,,
"5102593","2019-09-22T02:00:00","21.74","-131.63",,,"1","4","2","5",,,"11",,,,,,,,,,,,"8",,,,,"9","249",,,,,,,,,,,,,"236","11","798","172","7","0",,"2","1FFFFF","1AAAAAAAA1AAAA","4",,,,
"4301568","2019-09-22T02:04:00","29.98","-131.10",,,"1","4","2","5",,,"11",,,,,,,,,"10194",,,"8",,,,,"9","237",,,,,,,,,,,,,"236","91","798","172","7","0",,"2","1FFF1F","1AAAA1AAA1AAAA","4",,,,
"4301564","2019-09-22T03:00:00","29.88","-130.78",,,"1","4","2","5",,,"11",,,,,,,,,"10193",,,"8",,,,,"9","236",,,,,,,,,,,,,"236","90","798","172","7","0",,"1","1FFF1F","1AAAA1AAA1AAAA","4",,,,
"5102585","2019-09-22T03:00:00","28.03","-139.94",,,"1","4","2","5",,,"11",,,,,,,,,,,,"8",,,,,"9","251",,,,,,,,,,,,,"236","89","798","172","7","0",,"2","1FFFFF","1AAAAAAAA1AAAA","4",,,,
"5102593","2019-09-22T03:00:00","21.74","-131.63",,,"1","4","2","5",,,"11",,,,,,,,,,,,"8",,,,,"9","249",,,,,,,,,,,,,"236","11","798","172","7","0",,"1","1FFFFF","1AAAAAAAA1AAAA","4",,,,
"4301571","2019-09-22T03:04:00","23.73","-133.62",,,"1","4","2","5",,,"11",,,,,,,,,"10174",,,"8",,,,,"9","244",,,,,,,,,,,,,"236","33","798","172","7","0",,"1","1FFF1F","1AAAA1AAA1AAAA","4",,,,
"4301564","2019-09-22T04:00:00","29.88","-130.78",,,"1","4","2","5",,,"11",,,,,,,,,"10198",,,"8",,,,,"9","236",,,,,,,,,,,,,"236","90","798","172","7","0",,"1","1FFF1F","1AAAA1AAA1AAAA","4",,,,
"5102585","2019-09-22T04:00:00","28.03","-139.93",,,"1","4","2","5",,,"11",,,,,,,,,,,,"8",,,,,"9","251",,,,,,,,,,,,,"236","89","798","172","7","0",,"1","1FFFFF","1AAAAAAAA1AAAA","4",,,,
"5102593","2019-09-22T04:00:00","21.74","-131.63",,,"1","4","2","5",,,"11",,,,,,,,,,,,"8",,,,,"9","249",,,,,,,,,,,,,"236","11","798","172","7","0",,"1","1FFFFF","1AAAAAAAA1AAAA","4",,,,
"4301571","2019-09-22T04:02:00","23.74","-133.63",,,"1","4","2","5",,,"11",,,,,,,,,"10181",,,"8",,,,,"9","244",,,,,,,,,,,,,"236","33","798","172","7","0",,"1","1FFF1F","1AAAA1AAA1AAAA","4",,,,
"4301564","2019-09-22T05:00:00","29.88","-130.78",,,"1","4","2","5",,,"11",,,,,,,,,"10204",,,"8",,,,,"9","236",,,,,,,,,,,,,"236","90","798","172","7","0",,"1","1FFF1F","1AAAA1AAA1AAAA","4",,,,
"4301567","2019-09-22T05:00:00","24.44","-133.72",,,"1","4","2","5",,,"11",,,,,,,,,"10188",,,"8",,,,,"9","241",,,,,,,,,,,,,"236","43","798","172","7","0",,"1","1FFF1F","1AAAA1AAA1AAAA","4",,,,
"5102585","2019-09-22T05:00:00","28.03","-139.93",,,"1","4","2","5",,,"11",,,,,,,,,,,,"8",,,,,"9","250",,,,,,,,,,,,,"236","89","798","172","7","0",,"1","1FFFFF","1AAAAAAAA1AAAA","4",,,,
"5102593","2019-09-22T05:00:00","21.74","-131.64",,,"1","4","2","5",,,"11",,,,,,,,,,,,"8",,,,,"9","249",,,,,,,,,,,,,"236","11","798","172","7","0",,"1","1FFFFF","1AAAAAAAA1AAAA","4",,,,
"4301571","2019-09-22T05:04:00","23.74","-133.63",,,"1","4","2","5",,,"11",,,,,,,,,"10184",,,"8",,,,,"9","244",,,,,,,,,,,,,"236","33","798","172","7","0",,"1","1FFF1F","1AAAA1AAA1AAAA","4",,,,
"4301567","2019-09-22T06:00:00","24.43","-133.71",,,"1","4","2","5",,,"11",,,,,,,,,"10193",,,"8",,,,,"9","240",,,,,,,,,,,,,"236","43","798","172","7","0",,"1","1FFF1F","1AAAA1AAA1AAAA","4",,,,
"5102585","2019-09-22T06:00:00","28.02","-139.93",,,"1","4","2","5",,,"11",,,,,,,,,,,,"8",,,,,"9","250",,,,,,,,,,,,,"236","89","798","172","7","0",,"1","1FFFFF","1AAAAAAAA1AAAA","4",,,,
"5102593","2019-09-22T06:00:00","21.74","-131.64",,,"1","4","2","5",,,"11",,,,,,,,,,,,"8",,,,,"9","249",,,,,,,,,,,,,"236","11","798","172","7","0",,"1","1FFFFF","1AAAAAAAA1AAAA","4",,,,
"4301564","2019-09-22T07:00:00","29.88","-130.79",,,"1","4","2","5",,,"11",,,,,,,,,"10206",,,"8",,,,,"9","236",,,,,,,,,,,,,"236","90","798","172","7","0",,"1","1FFF1F","1AAAA1AAA1AAAA","4",,,,
"4301567","2019-09-22T07:00:00","24.42","-133.71",,,"1","4","2","5",,,"11",,,,,,,,,"10194",,,"8",,,,,"9","240",,,,,,,,,,,,,"236","43","798","172","7","0",,"1","1FFF1F","1AAAA1AAA1AAAA","4",,,,
"5102585","2019-09-22T07:00:00","28.02","-139.93",,,"1","4","2","5",,,"11",,,,,,,,,,,,"8",,,,,"9","250",,,,,,,,,,,,,"236","89","798","172","7","0",,"1","1FFFFF","1AAAAAAAA1AAAA","4",,,,
"5102593","2019-09-22T07:00:00","21.74","-131.65",,,"1","4","2","5",,,"11",,,,,,,,,,,,"8",,,,,"9","248",,,,,,,,,,,,,"236","11","798","172","7","0",,"1","1FFFFF","1AAAAAAAA1AAAA","4",,,,
"4301571","2019-09-22T07:04:00","23.76","-133.65",,,"1","4","2","5",,,"11",,,,,,,,,"10187",,,"8",,,,,"9","244",,,,,,,,,,,,,"236","33","798","172","7","0",,"1","1FFF1F","1AAAA1AAA1AAAA","4",,,,
"4301567","2019-09-22T08:00:00","24.41","-133.71",,,"1","4","2","5",,,"11",,,,,,,,,"10190",,,"8",,,,,"9","240",,,,,,,,,,,,,"236","43","798","172","7","0",,"1","1FFF1F","1AAAA1AAA1AAAA","4",,,,
"4301571","2019-09-22T08:00:00","23.76","-133.65",,,"1","4","2","5",,,"11",,,,,,,,,"10186",,,"8",,,,,"9","244",,,,,,,,,,,,,"236","33","798","172","7","0",,"1","1FFF1F","1AAAA1AAA1AAAA","4",,,,
"5102585","2019-09-22T08:00:00","28.01","-139.93",,,"1","4","2","5",,,"11",,,,,,,,,,,,"8",,,,,"9","249",,,,,,,,,,,,,"236","89","798","172","7","0",,"1","1FFFFF","1AAAAAAAA1AAAA","4",,,,
"5102593","2019-09-22T08:00:00","21.75","-131.65",,,"1","4","2","5",,,"11",,,,,,,,,,,,"8",,,,,"9","248",,,,,,,,,,,,,"236","11","798","172","7","0",,"1","1FFFFF","1AAAAAAAA1AAAA","4",,,,
"4301564","2019-09-22T08:04:00","29.88","-130.80",,,"1","4","2","5",,,"11",,,,,,,,,"10202",,,"8",,,,,"9","236",,,,,,,,,,,,,"236","90","798","172","7","0",,"1","1FFF1F","1AAAA1AAA1AAAA","4",,,,
"4301571","2019-09-22T09:00:00","23.77","-133.66",,,"1","4","2","5",,,"11",,,,,,,,,"10184",,,"8",,,,,"9","244",,,,,,,,,,,,,"236","33","798","172","7","0",,"1","1FFF1F","1AAAA1AAA1AAAA","4",,,,
"5102585","2019-09-22T09:00:00","28.01","-139.93",,,"1","4","2","5",,,"11",,,,,,,,,,,,"8",,,,,"9","249",,,,,,,,,,,,,"236","89","798","172","7","0",,"1","1FFFFF","1AAAAAAAA1AAAA","4",,,,
"5102593","2019-09-22T09:00:00","21.75","-131.65",,,"1","4","2","5",,,"11",,,,,,,,,,,,"8",,,,,"9","248",,,,,,,,,,,,,"236","11","798","172","7","0",,"1","1FFFFF","1AAAAAAAA1AAAA","4",,,,
"4301564","2019-09-22T09:04:00","29.88","-130.79",,,"1","4","2","5",,,"11",,,,,,,,,"10200",,,"8",,,,,"9","236",,,,,,,,,,,,,"236","90","798","172","7","0",,"1","1FFF1F","1AAAA1AAA1AAAA","4",,,,
"4301567","2019-09-22T09:04:00","24.40","-133.72",,,"1","4","2","5",,,"11",,,,,,,,,"10188",,,"8",,,,,"9","240",,,,,,,,,,,,,"236","43","798","172","7","0",,"1","1FFF1F","1AAAA1AAA1AAAA","4",,,,
"4301564","2019-09-22T10:00:00","29.89","-130.80",,,"1","4","2","5",,,"11",,,,,,,,,"10198",,,"8",,,,,"9","236",,,,,,,,,,,,,"236","90","798","172","7","0",,"1","1FFF1F","1AAAA1AAA1AAAA","4",,,,
"4301571","2019-09-22T10:00:00","23.78","-133.66",,,"1","4","2","5",,,"11",,,,,,,,,"10179",,,"8",,,,,"9","244",,,,,,,,,,,,,"236","33","798","172","7","0",,"1","1FFF1F","1AAAA1AAA1AAAA","4",,,,
"5102585","2019-09-22T10:00:00","28.01","-139.93",,,"1","4","2","5",,,"11",,,,,,,,,,,,"8",,,,,"9","249",,,,,,,,,,,,,"236","89","798","172","7","0",,"1","1FFFFF","1AAAAAAAA1AAAA","4",,,,
"5102593","2019-09-22T10:00:00","21.76","-131.65",,,"1","4","2","5",,,"11",,,,,,,,,,,,"8",,,,,"9","248",,,,,,,,,,,,,"236","11","798","172","7","0",,"1","1FFFFF","1AAAAAAAA1AAAA","4",,,,
"4301567","2019-09-22T10:04:00","24.40","-133.72",,,"1","4","2","5",,,"11",,,,,,,,,"10186",,,"8",,,,,"9","240",,,,,,,,,,,,,"236","43","798","172","7","0",,"1","1FFF1F","1AAAA1AAA1AAAA","4",,,,
"5102585","2019-09-22T11:00:00","28.00","-139.94",,,"1","4","2","5",,,"11",,,,,,,,,,,,"8",,,,,"9","249",,,,,,,,,,,,,"236","89","798","172","7","0",,"1","1FFFFF","1AAAAAAAA1AAAA","4",,,,
"5102593","2019-09-22T11:00:00","21.76","-131.65",,,"1","4","2","5",,,"11",,,,,,,,,,,,"8",,,,,"9","248",,,,,,,,,,,,,"236","11","798","172","7","0",,"1","1FFFFF","1AAAAAAAA1AAAA","4",,,,
"4301567","2019-09-22T11:04:00","24.39","-133.73",,,"1","4","2","5",,,"11",,,,,,,,,"10183",,,"8",,,,,"9","240",,,,,,,,,,,,,"236","43","798","172","7","0",,"1","1FFF1F","1AAAA1AAA1AAAA","4",,,,
"4301571","2019-09-22T11:04:00","23.79","-133.66",,,"1","4","2","5",,,"11",,,,,,,,,"10180",,,"8",,,,,"9","243",,,,,,,,,,,,,"236","33","798","172","7","0",,"1","1FFF1F","1AAAA1AAA1AAAA","4",,,,
"4301567","2019-09-22T12:00:00","24.39","-133.74",,,"1","4","2","5",,,"11",,,,,,,,,"10180",,,"8",,,,,"9","240",,,,,,,,,,,,,"236","43","798","172","7","0",,"1","1FFF1F","1AAAA1AAA1AAAA","4",,,,
"5102585","2019-09-22T12:00:00","27.99","-139.94",,,"1","4","2","5",,,"11",,,,,,,,,,,,"8",,,,,"9","249",,,,,,,,,,,,,"236","79","798","172","7","0",,"1","1FFFFF","1AAAAAAAA1AAAA","4",,,,
"5102593","2019-09-22T12:00:00","21.76","-131.64",,,"1","4","2","5",,,"11",,,,,,,,,,,,"8",,,,,"9","248",,,,,,,,,,,,,"236","11","798","172","7","0",,"1","1FFFFF","1AAAAAAAA1AAAA","4",,,,
"4301564","2019-09-22T12:04:00","29.89","-130.81",,,"1","4","2","5",,,"11",,,,,,,,,"10196",,,"8",,,,,"9","236",,,,,,,,,,,,,"236","90","798","172","7","0",,"1","1FFF1F","1AAAA1AAA1AAAA","4",,,,
"4301567","2019-09-22T13:00:00","24.38","-133.75",,,"1","4","2","5",,,"11",,,,,,,,,"10180",,,"8",,,,,"9","240",,,,,,,,,,,,,"236","43","798","172","7","0",,"1","1FFF1F","1AAAA1AAA1AAAA","4",,,,
"5102585","2019-09-22T13:00:00","27.99","-139.95",,,"1","4","2","5",,,"11",,,,,,,,,,,,"8",,,,,"9","249",,,,,,,,,,,,,"236","79","798","172","7","0",,"1","1FFFFF","1AAAAAAAA1AAAA","4",,,,
"5102593","2019-09-22T13:00:00","21.76","-131.64",,,"1","4","2","5",,,"11",,,,,,,,,,,,"8",,,,,"9","247",,,,,,,,,,,,,"236","11","798","172","7","0",,"1","1FFFFF","1AAAAAAAA1AAAA","4",,,,
"4301571","2019-09-22T13:04:00","23.80","-133.66",,,"1","4","2","5",,,"11",,,,,,,,,"10175",,,"8",,,,,"9","243",,,,,,,,,,,,,"236","33","798","172","7","0",,"1","1FFF1F","1AAAA1AAA1AAAA","4",,,,
"5102585","2019-09-22T14:00:00","27.99","-139.96",,,"1","4","2","5",,,"11",,,,,,,,,,,,"8",,,,,"9","249",,,,,,,,,,,,,"236","79","798","172","7","0",,"1","1FFFFF","1AAAAAAAA1AAAA","4",,,,
"5102593","2019-09-22T14:00:00","21.77","-131.64",,,"1","4","2","5",,,"11",,,,,,,,,,,,"8",,,,,"9","247",,,,,,,,,,,,,"236","11","798","172","7","0",,"1","1FFFFF","1AAAAAAAA1AAAA","4",,,,
"4301567","2019-09-22T14:04:00","24.37","-133.76",,,"1","4","2","5",,,"11",,,,,,,,,"10184",,,"8",,,,,"9","240",,,,,,,,,,,,,"236","43","798","172","7","0",,"1","1FFF1F","1AAAA1AAA1AAAA","4",,,,
"4301571","2019-09-22T15:00:00","23.81","-133.66",,,"1","4","2","5",,,"11",,,,,,,,,"10184",,,"8",,,,,"9","243",,,,,,,,,,,,,"236","33","798","172","7","0",,"2","1FFF1F","1AAAA1AAA1AAAA","4",,,,
"5102585","2019-09-22T15:00:00","27.99","-139.97",,,"1","4","2","5",,,"11",,,,,,,,,,,,"8",,,,,"9","249",,,,,,,,,,,,,"236","79","798","172","7","0",,"1","1FFFFF","1AAAAAAAA1AAAA","4",,,,
"5102593","2019-09-22T15:00:00","21.77","-131.64",,,"1","4","2","5",,,"11",,,,,,,,,,,,"8",,,,,"9","247",,,,,,,,,,,,,"236","11","798","172","7","0",,"2","1FFFFF","1AAAAAAAA1AAAA","4",,,,
"4301567","2019-09-22T15:04:00","24.37","-133.77",,,"1","4","2","5",,,"11",,,,,,,,,"10188",,,"8",,,,,"9","240",,,,,,,,,,,,,"236","43","798","172","7","0",,"2","1FFF1F","1AAAA1AAA1AAAA","4",,,,
"4301567","2019-09-22T16:00:00","24.37","-133.77",,,"1","4","2","5",,,"11",,,,,,,,,"10190",,,"8",,,,,"9","240",,,,,,,,,,,,,"236","43","798","172","7","0",,"2","1FFF1F","1AAAA1AAA1AAAA","4",,,,
"4301571","2019-09-22T16:00:00","23.81","-133.66",,,"1","4","2","5",,,"11",,,,,,,,,"10185",,,"8",,,,,"9","243",,,,,,,,,,,,,"236","33","798","172","7","0",,"2","1FFF1F","1AAAA1AAA1AAAA","4",,,,
"5102585","2019-09-22T16:00:00","27.99","-139.98",,,"1","4","2","5",,,"11",,,,,,,,,,,,"8",,,,,"9","249",,,,,,,,,,,,,"236","79","798","172","7","0",,"2","1FFFFF","1AAAAAAAA1AAAA","4",,,,
"5102593","2019-09-22T16:00:00","21.78","-131.64",,,"1","4","2","5",,,"11",,,,,,,,,,,,"8",,,,,"9","247",,,,,,,,,,,,,"236","11","798","172","7","0",,"2","1FFFFF","1AAAAAAAA1AAAA","4",,,,
"4301567","2019-09-22T17:00:00","24.37","-133.78",,,"1","4","2","5",,,"11",,,,,,,,,"10194",,,"8",,,,,"9","240",,,,,,,,,,,,,"236","43","798","172","7","0",,"2","1FFF1F","1AAAA1AAA1AAAA","4",,,,
"4301571","2019-09-22T17:00:00","23.82","-133.66",,,"1","4","2","5",,,"11",,,,,,,,,"10189",,,"8",,,,,"9","243",,,,,,,,,,,,,"236","33","798","172","7","0",,"2","1FFF1F","1AAAA1AAA1AAAA","4",,,,
"5102585","2019-09-22T17:00:00","28.00","-139.98",,,"1","4","2","5",,,"11",,,,,,,,,,,,"8",,,,,"9","249",,,,,,,,,,,,,"236","89","798","172","7","0",,"2","1FFFFF","1AAAAAAAA1AAAA","4",,,,
"5102593","2019-09-22T17:00:00","21.78","-131.63",,,"1","4","2","5",,,"11",,,,,,,,,,,,"8",,,,,"9","247",,,,,,,,,,,,,"236","11","798","172","7","0",,"2","1FFFFF","1AAAAAAAA1AAAA","4",,,,
"4301564","2019-09-22T17:04:00","29.92","-130.80",,,"1","4","2","5",,,"11",,,,,,,,,"10214",,,"8",,,,,"9","235",,,,,,,,,,,,,"236","90","798","172","7","0",,"2","1FFF1F","1AAAA1AAA1AAAA","4",,,,
"4301571","2019-09-22T18:00:00","23.82","-133.66",,,"1","4","2","5",,,"11",,,,,,,,,"10189",,,"8",,,,,"9","243",,,,,,,,,,,,,"236","33","798","172","7","0",,"2","1FFF1F","1AAAA1AAA1AAAA","4",,,,
"5102585","2019-09-22T18:00:00","28.00","-139.99",,,"1","4","2","5",,,"11",,,,,,,,,,,,"8",,,,,"9","249",,,,,,,,,,,,,"236","89","798","172","7","0",,"2","1FFFFF","1AAAAAAAA1AAAA","4",,,,
"5102593","2019-09-22T18:00:00","21.78","-131.63",,,"1","4","2","5",,,"11",,,,,,,,,,,,"8",,,,,"9","247",,,,,,,,,,,,,"236","11","798","172","7","0",,"2","1FFFFF","1AAAAAAAA1AAAA","4",,,,
"4301567","2019-09-22T18:02:00","24.37","-133.79",,,"1","4","2","5",,,"11",,,,,,,,,"10196",,,"8",,,,,"9","240",,,,,,,,,,,,,"236","43","798","172","7","0",,"2","1FFF1F","1AAAA1AAA1AAAA","4",,,,
"4301564","2019-09-22T18:04:00","29.92","-130.79",,,"1","4","2","5",,,"11",,,,,,,,,"10212",,,"8",,,,,"9","235",,,,,,,,,,,,,"236","90","798","172","7","0",,"2","1FFF1F","1AAAA1AAA1AAAA","4",,,,
"5102585","2019-09-22T19:00:00","28.00","-139.99",,,"1","4","2","5",,,"11",,,,,,,,,,,,"8",,,,,"9","249",,,,,,,,,,,,,"236","89","798","172","7","0",,"2","1FFFFF","1AAAAAAAA1AAAA","4",,,,
"5102593","2019-09-22T19:00:00","21.79","-131.63",,,"1","4","2","5",,,"11",,,,,,,,,,,,"8",,,,,"9","247",,,,,,,,,,,,,"236","11","798","172","7","0",,"2","1FFFFF","1AAAAAAAA1AAAA","4",,,,
"4301567","2019-09-22T19:01:00","24.37","-133.80",,,"1","4","2","5",,,"11",,,,,,,,,"10193",,,"8",,,,,"9","240",,,,,,,,,,,,,"236","43","798","172","7","0",,"2","1FFF1F","1AAAA1AAA1AAAA","4",,,,
"4301571","2019-09-22T19:01:00","23.82","-133.66",,,"1","4","2","5",,,"11",,,,,,,,,"10187",,,"8",,,,,"9","244",,,,,,,,,,,,,"236","33","798","172","7","0",,"2","1FFF1F","1AAAA1AAA1AAAA","4",,,,
"4301564","2019-09-22T19:04:00","29.92","-130.79",,,"1","4","2","5",,,"11",,,,,,,,,"10212",,,"8",,,,,"9","235",,,,,,,,,,,,,"236","90","798","172","7","0",,"2","1FFF1F","1AAAA1AAA1AAAA","4",,,,
"4301567","2019-09-22T20:00:00","24.36","-133.81",,,"1","4","2","5",,,"11",,,,,,,,,"10189",,,"8",,,,,"9","241",,,,,,,,,,,,,"236","43","798","172","7","0",,"2","1FFF1F","1AAAA1AAA1AAAA","4",,,,
"5102585","2019-09-22T20:00:00","28.00","-140.00",,,"1","4","2","5",,,"11",,,,,,,,,,,,"8",,,,,"9","249",,,,,,,,,,,,,"235","80","798","172","7","0",,"2","1FFFFF","1AAAAAAAA1AAAA","4",,,,
"5102593","2019-09-22T20:00:00","21.79","-131.63",,,"1","4","2","5",,,"11",,,,,,,,,,,,"8",,,,,"9","247",,,,,,,,,,,,,"236","11","798","172","7","0",,"2","1FFFFF","1AAAAAAAA1AAAA","4",,,,
"4301564","2019-09-22T20:04:00","29.92","-130.79",,,"1","4","2","5",,,"11",,,,,,,,,"10208",,,"8",,,,,"9","235",,,,,,,,,,,,,"236","90","798","172","7","0",,"2","1FFF1F","1AAAA1AAA1AAAA","4",,,,
"4301571","2019-09-22T21:00:00","23.83","-133.65",,,"1","4","2","5",,,"11",,,,,,,,,"10179",,,"8",,,,,"9","244",,,,,,,,,,,,,"236","33","798","172","7","0",,"2","1FFF1F","1AAAA1AAA1AAAA","4",,,,
"5102585","2019-09-22T21:00:00","28.01","-140.00",,,"1","4","2","5",,,"11",,,,,,,,,,,,"8",,,,,"9","249",,,,,,,,,,,,,"235","80","798","172","7","0",,"2","1FFFFF","1AAAAAAAA1AAAA","4",,,,
"5102593","2019-09-22T21:00:00","21.80","-131.63",,,"1","4","2","5",,,"11",,,,,,,,,,,,"8",,,,,"9","247",,,,,,,,,,,,,"236","11","798","172","7","0",,"2","1FFFFF","1AAAAAAAA1AAAA","4",,,,
"4301567","2019-09-22T21:01:00","24.36","-133.81",,,"1","4","2","5",,,"11",,,,,,,,,"10185",,,"8",,,,,"9","241",,,,,,,,,,,,,"236","43","798","172","7","0",,"2","1FFF1F","1AAAA1AAA1AAAA","4",,,,
"4301564","2019-09-22T22:00:00","29.91","-130.78",,,"1","4","2","5",,,"11",,,,,,,,,"10201",,,"8",,,,,"9","236",,,,,,,,,,,,,"236","90","798","172","7","0",,"2","1FFF1F","1AAAA1AAA1AAAA","4",,,,
"4301567","2019-09-22T22:00:00","24.36","-133.82",,,"1","4","2","5",,,"11",,,,,,,,,"10181",,,"8",,,,,"9","241",,,,,,,,,,,,,"236","43","798","172","7","0",,"2","1FFF1F","1AAAA1AAA1AAAA","4",,,,
"4301571","2019-09-22T22:00:00","23.83","-133.65",,,"1","4","2","5",,,"11",,,,,,,,,"10173",,,"8",,,,,"9","244",,,,,,,,,,,,,"236","33","798","172","7","0",,"2","1FFF1F","1AAAA1AAA1AAAA","4",,,,
"5102593","2019-09-22T22:00:00","21.80","-131.62",,,"1","4","2","5",,,"11",,,,,,,,,,,,"8",,,,,"9","248",,,,,,,,,,,,,"236","11","798","172","7","0",,"2","1FFFFF","1AAAAAAAA1AAAA","4",,,,
"4301564","2019-09-22T23:00:00","29.91","-130.78",,,"1","4","2","5",,,"11",,,,,,,,,"10197",,,"8",,,,,"9","236",,,,,,,,,,,,,"236","90","798","172","7","0",,"2","1FFF1F","1AAAA1AAA1AAAA","4",,,,
"4301567","2019-09-22T23:00:00","24.36","-133.83",,,"1","4","2","5",,,"11",,,,,,,,,"10173",,,"8",,,,,"9","241",,,,,,,,,,,,,"236","43","798","172","7","0",,"2","1FFF1F","1AAAA1AAA1AAAA","4",,,,
"5102593","2019-09-22T23:00:00","21.81","-131.61",,,"1","4","2","5",,,"11",,,,,,,,,,,,"8",,,,,"9","248",,,,,,,,,,,,,"236","11","798","172","7","0",,"2","1FFFFF","1AAAAAAAA1AAAA","4",,,,
"4301571","2019-09-22T23:01:00","23.83","-133.66",,,"1","4","2","5",,,"11",,,,,,,,,"10166",,,"8",,,,,"9","244",,,,,,,,,,,,,"236","33","798","172","7","0",,"2","1FFF1F","1AAAA1AAA1AAAA","4",,,,
"4301568","2019-09-22T23:03:00","29.99","-131.23",,,"1","4","2","5",,,"11",,,,,,,,,"10202",,,"8",,,,,"9","236",,,,,,,,,,,,,"236","91","798","172","7","0",,"2","1FFF1F","1AAAA1AAA1AAAA","4",,,,
"4301564","2019-09-23T00:00:00","29.91","-130.79",,,"1","4","2","5",,,"11",,,,,,,,,"10195",,,"8",,,,,"9","236",,,,,,,,,,,,,"236","90","798","172","7","0",,"2","1FFF1F","1AAAA1AAA1AAAA","4",,,,
"4301568","2019-09-23T00:00:00","29.99","-131.23",,,"1","4","2","5",,,"11",,,,,,,,,"10199",,,"8",,,,,"9","236",,,,,,,,,,,,,"236","91","798","172","7","0",,"2","1FFF1F","1AAAA1AAA1AAAA","4",,,,
"5102593","2019-09-23T00:00:00","21.81","-131.61",,,"1","4","2","5",,,"11",,,,,,,,,,,,"8",,,,,"9","248",,,,,,,,,,,,,"236","11","798","172","7","0",,"2","1FFFFF","1AAAAAAAA1AAAA","4",,,,
"4301567","2019-09-23T00:01:00","24.35","-133.84",,,"1","4","2","5",,,"11",,,,,,,,,"10170",,,"8",,,,,"9","241",,,,,,,,,,,,,"236","43","798","172","7","0",,"2","1FFF1F","1AAAA1AAA1AAAA","4",,,,
"4301571","2019-09-23T00:04:00","23.84","-133.66",,,"1","4","2","5",,,"11",,,,,,,,,"10163",,,"8",,,,,"9","244",,,,,,,,,,,,,"236","33","798","172","7","0",,"2","1FFF1F","1AAAA1AAA1AAAA","4",,,,
"4301564","2019-09-23T01:00:00","29.91","-130.79",,,"1","4","2","5",,,"11",,,,,,,,,"10199",,,"8",,,,,"9","236",,,,,,,,,,,,,"236","90","798","172","7","0",,"2","1FFF1F","1AAAA1AAA1AAAA","4",,,,
"4301571","2019-09-23T01:00:00","23.84","-133.66",,,"1","4","2","5",,,"11",,,,,,,,,"10166",,,"8",,,,,"9","244",,,,,,,,,,,,,"236","33","798","172","7","0",,"2","1FFF1F","1AAAA1AAA1AAAA","4",,,,
"5102593","2019-09-23T01:00:00","21.81","-131.61",,,"1","4","2","5",,,"11",,,,,,,,,,,,"8",,,,,"9","248",,,,,,,,,,,,,"236","11","798","172","7","0",,"2","1FFFFF","1AAAAAAAA1AAAA","4",,,,
"4301567","2019-09-23T01:03:00","24.36","-133.86",,,"1","4","2","5",,,"11",,,,,,,,,"10173",,,"8",,,,,"9","241",,,,,,,,,,,,,"236","43","798","172","7","0",,"2","1FFF1F","1AAAA1AAA1AAAA","4",,,,
"4301564","2019-09-23T02:00:00","29.91","-130.79",,,"1","4","2","5",,,"11",,,,,,,,,"10201",,,"8",,,,,"9","236",,,,,,,,,,,,,"236","90","798","172","7","0",,"2","1FFF1F","1AAAA1AAA1AAAA","4",,,,
"4301567","2019-09-23T02:00:00","24.36","-133.87",,,"1","4","2","5",,,"11",,,,,,,,,"10173",,,"8",,,,,"9","241",,,,,,,,,,,,,"236","43","798","172","7","0",,"2","1FFF1F","1AAAA1AAA1AAAA","4",,,,
"5102593","2019-09-23T02:00:00","21.81","-131.60",,,"1","4","2","5",,,"11",,,,,,,,,,,,"8",,,,,"9","247",,,,,,,,,,,,,"236","11","798","172","7","0",,"2","1FFFFF","1AAAAAAAA1AAAA","4",,,,
"4301567","2019-09-23T03:00:00","24.36","-133.87",,,"1","4","2","5",,,"11",,,,,,,,,"10177",,,"8",,,,,"9","241",,,,,,,,,,,,,"236","43","798","172","7","0",,"2","1FFF1F","1AAAA1AAA1AAAA","4",,,,
"4301571","2019-09-23T03:00:00","23.83","-133.68",,,"1","4","2","5",,,"11",,,,,,,,,"10170",,,"8",,,,,"9","244",,,,,,,,,,,,,"236","33","798","172","7","0",,"2","1FFF1F","1AAAA1AAA1AAAA","4",,,,
"5102593","2019-09-23T03:00:00","21.80","-131.61",,,"1","4","2","5",,,"11",,,,,,,,,,,,"8",,,,,"9","247",,,,,,,,,,,,,"236","11","798","172","7","0",,"1","1FFFFF","1AAAAAAAA1AAAA","4",,,,
"4301564","2019-09-23T03:01:00","29.91","-130.80",,,"1","4","2","5",,,"11",,,,,,,,,"10205",,,"8",,,,,"9","235",,,,,,,,,,,,,"236","90","798","172","7","0",,"1","1FFF1F","1AAAA1AAA1AAAA","4",,,,
"4301571","2019-09-23T04:00:00","23.84","-133.69",,,"1","4","2","5",,,"11",,,,,,,,,"10175",,,"8",,,,,"9","244",,,,,,,,,,,,,"236","33","798","172","7","0",,"1","1FFF1F","1AAAA1AAA1AAAA","4",,,,
"5102593","2019-09-23T04:00:00","21.80","-131.61",,,"1","4","2","5",,,"11",,,,,,,,,,,,"8",,,,,"9","247",,,,,,,,,,,,,"236","11","798","172","7","0",,"1","1FFFFF","1AAAAAAAA1AAAA","4",,,,
"4301564","2019-09-23T04:04:00","29.91","-130.79",,,"1","4","2","5",,,"11",,,,,,,,,"10210",,,"8",,,,,"9","235",,,,,,,,,,,,,"236","90","798","172","7","0",,"1","1FFF1F","1AAAA1AAA1AAAA","4",,,,
"4301567","2019-09-23T04:04:00","24.36","-133.88",,,"1","4","2","5",,,"11",,,,,,,,,"10181",,,"8",,,,,"9","241",,,,,,,,,,,,,"236","43","798","172","7","0",,"1","1FFF1F","1AAAA1AAA1AAAA","4",,,,
"4301567","2019-09-23T05:00:00","24.36","-133.89",,,"1","4","2","5",,,"11",,,,,,,,,"10185",,,"8",,,,,"9","240",,,,,,,,,,,,,"236","43","798","172","7","0",,"1","1FFF1F","1AAAA1AAA1AAAA","4",,,,
"4301571","2019-09-23T05:00:00","23.84","-133.69",,,"1","4","2","5",,,"11",,,,,,,,,"10179",,,"8",,,,,"9","244",,,,,,,,,,,,,"236","33","798","172","7","0",,"1","1FFF1F","1AAAA1AAA1AAAA","4",,,,
"5102593","2019-09-23T05:00:00","21.80","-131.61",,,"1","4","2","5",,,"11",,,,,,,,,,,,"8",,,,,"9","247",,,,,,,,,,,,,"236","11","798","172","7","0",,"1","1FFFFF","1AAAAAAAA1AAAA","4",,,,
"4301564","2019-09-23T05:04:00","29.91","-130.80",,,"1","4","2","5",,,"11",,,,,,,,,"10216",,,"8",,,,,"9","235",,,,,,,,,,,,,"236","90","798","172","7","0",,"1","1FFF1F","1AAAA1AAA1AAAA","4",,,,
"4301567","2019-09-23T06:00:00","24.35","-133.89",,,"1","4","2","5",,,"11",,,,,,,,,"10187",,,"8",,,,,"9","240",,,,,,,,,,,,,"236","43","798","172","7","0",,"1","1FFF1F","1AAAA1AAA1AAAA","4",,,,
"5102593","2019-09-23T06:00:00","21.80","-131.61",,,"1","4","2","5",,,"11",,,,,,,,,,,,"8",,,,,"9","247",,,,,,,,,,,,,"236","11","798","172","7","0",,"1","1FFFFF","1AAAAAAAA1AAAA","4",,,,
"WSRL","2019-09-23T06:00:00","29.80","-139.40",,,"1","5","2","5","1","4","1",,"50","4","103","1","98","2","0","10243",,,"8","233",,"209","198",,,"3","2","2","4","7","A",,"8","2","9","18","4","236","99","798","172","5","1","2","1","F11111","111111111A111A",,"5",,"0",
"4301564","2019-09-23T06:01:00","29.91","-130.80",,,"1","4","2","5",,,"11",,,,,,,,,"10218",,,"8",,,,,"9","235",,,,,,,,,,,,,"236","90","798","172","7","0",,"1","1FFF1F","1AAAA1AAA1AAAA","4",,,,
"4301564","2019-09-23T07:00:00","29.91","-130.81",,,"1","4","2","5",,,"11",,,,,,,,,"10217",,,"8",,,,,"9","235",,,,,,,,,,,,,"236","90","798","172","7","0",,"1","1FFF1F","1AAAA1AAA1AAAA","4",,,,
"4301567","2019-09-23T07:00:00","24.35","-133.90",,,"1","4","2","5",,,"11",,,,,,,,,"10189",,,"8",,,,,"9","240",,,,,,,,,,,,,"236","43","798","172","7","0",,"1","1FFF1F","1AAAA1AAA1AAAA","4",,,,
"4301571","2019-09-23T07:00:00","23.85","-133.71",,,"1","4","2","5",,,"11",,,,,,,,,"10185",,,"8",,,,,"9","243",,,,,,,,,,,,,"236","33","798","172","7","0",,"1","1FFF1F","1AAAA1AAA1AAAA","4",,,,
"5102593","2019-09-23T07:00:00","21.81","-131.61",,,"1","4","2","5",,,"11",,,,,,,,,,,,"8",,,,,"9","247",,,,,,,,,,,,,"236","11","798","172","7","0",,"1","1FFFFF","1AAAAAAAA1AAAA","4",,,,
"4301567","2019-09-23T08:00:00","24.35","-133.91",,,"1","4","2","5",,,"11",,,,,,,,,"10189",,,"8",,,,,"9","240",,,,,,,,,,,,,"236","43","798","172","7","0",,"1","1FFF1F","1AAAA1AAA1AAAA","4",,,,
"4301571","2019-09-23T08:00:00","23.85","-133.72",,,"1","4","2","5",,,"11",,,,,,,,,"10182",,,"8",,,,,"9","243",,,,,,,,,,,,,"236","33","798","172","7","0",,"1","1FFF1F","1AAAA1AAA1AAAA","4",,,,
"5102593","2019-09-23T08:00:00","21.81","-131.61",,,"1","4","2","5",,,"11",,,,,,,,,,,,"8",,,,,"9","246",,,,,,,,,,,,,"236","11","798","172","7","0",,"1","1FFFFF","1AAAAAAAA1AAAA","4",,,,
"4301564","2019-09-23T08:01:00","29.92","-130.81",,,"1","4","2","5",,,"11",,,,,,,,,"10215",,,"8",,,,,"9","235",,,,,,,,,,,,,"236","90","798","172","7","0",,"1","1FFF1F","1AAAA1AAA1AAAA","4",,,,
"4301564","2019-09-23T09:00:00","29.92","-130.81",,,"1","4","2","5",,,"11",,,,,,,,,"10211",,,"8",,,,,"9","235",,,,,,,,,,,,,"236","90","798","172","7","0",,"1","1FFF1F","1AAAA1AAA1AAAA","4",,,,
"4301567","2019-09-23T09:00:00","24.35","-133.92",,,"1","4","2","5",,,"11",,,,,,,,,"10183",,,"8",,,,,"9","240",,,,,,,,,,,,,"236","43","798","172","7","0",,"1","1FFF1F","1AAAA1AAA1AAAA","4",,,,
"5102593","2019-09-23T09:00:00","21.82","-131.61",,,"1","4","2","5",,,"11",,,,,,,,,,,,"8",,,,,"9","246",,,,,,,,,,,,,"236","11","798","172","7","0",,"1","1FFFFF","1AAAAAAAA1AAAA","4",,,,
"4301571","2019-09-23T09:04:00","23.86","-133.72",,,"1","4","2","5",,,"11",,,,,,,,,"10181",,,"8",,,,,"9","243",,,,,,,,,,,,,"236","33","798","172","7","0",,"1","1FFF1F","1AAAA1AAA1AAAA","4",,,,
"4301567","2019-09-23T10:00:00","24.35","-133.92",,,"1","4","2","5",,,"11",,,,,,,,,"10181",,,"8",,,,,"9","240",,,,,,,,,,,,,"236","43","798","172","7","0",,"1","1FFF1F","1AAAA1AAA1AAAA","4",,,,
"5102593","2019-09-23T10:00:00","21.82","-131.62",,,"1","4","2","5",,,"11",,,,,,,,,,,,"8",,,,,"9","246",,,,,,,,,,,,,"236","11","798","172","7","0",,"1","1FFFFF","1AAAAAAAA1AAAA","4",,,,
"4301564","2019-09-23T10:04:00","29.93","-130.80",,,"1","4","2","5",,,"11",,,,,,,,,"10210",,,"8",,,,,"9","235",,,,,,,,,,,,,"236","90","798","172","7","0",,"1","1FFF1F","1AAAA1AAA1AAAA","4",,,,
"5102593","2019-09-23T11:00:00","21.82","-131.62",,,"1","4","2","5",,,"11",,,,,,,,,,,,"8",,,,,"9","246",,,,,,,,,,,,,"236","11","798","172","7","0",,"1","1FFFFF","1AAAAAAAA1AAAA","4",,,,
"4301571","2019-09-23T11:04:00","23.88","-133.73",,,"1","4","2","5",,,"11",,,,,,,,,"10175",,,"8",,,,,"9","243",,,,,,,,,,,,,"236","33","798","172","7","0",,"1","1FFF1F","1AAAA1AAA1AAAA","4",,,,
"5102593","2019-09-23T12:00:00","21.82","-131.62",,,"1","4","2","5",,,"11",,,,,,,,,,,,"8",,,,,"9","246",,,,,,,,,,,,,"236","11","798","172","7","0",,"1","1FFFFF","1AAAAAAAA1AAAA","4",,,,
"KRGB","2019-09-23T12:00:00","29.40","-135.30",,,"1","6","2","5","6","5","1",,"50","4","87","1","98","1","0","10220",,,"8","239",,"183","145","1","217","3","2","5","5","7","8",,"4","3","3","6","4","236","95","798","172","5","1","2","1","111111","1111111111111A",,"5",,"0",
"4301567","2019-09-23T12:04:00","24.35","-133.94",,,"1","4","2","5",,,"11",,,,,,,,,"10175",,,"8",,,,,"9","240",,,,,,,,,,,,,"236","43","798","172","7","0",,"1","1FFF1F","1AAAA1AAA1AAAA","4",,,,
"5102593","2019-09-23T13:00:00","21.82","-131.62",,,"1","4","2","5",,,"11",,,,,,,,,,,,"8",,,,,"9","246",,,,,,,,,,,,,"236","11","798","172","7","0",,"1","1FFFFF","1AAAAAAAA1AAAA","4",,,,
"4301571","2019-09-23T13:04:00","23.89","-133.74",,,"1","4","2","5",,,"11",,,,,,,,,"10174",,,"8",,,,,"9","243",,,,,,,,,,,,,"236","33","798","172","7","0",,"1","1FFF1F","1AAAA1AAA1AAAA","4",,,,
"5102593","2019-09-23T14:00:00","21.82","-131.63",,,"1","4","2","5",,,"11",,,,,,,,,,,,"8",,,,,"9","246",,,,,,,,,,,,,"236","11","798","172","7","0",,"1","1FFFFF","1AAAAAAAA1AAAA","4",,,,
"4301567","2019-09-23T14:04:00","24.34","-133.96",,,"1","4","2","5",,,"11",,,,,,,,,"10183",,,"8",,,,,"9","240",,,,,,,,,,,,,"236","43","798","172","7","0",,"1","1FFF1F","1AAAA1AAA1AAAA","4",,,,
"4301571","2019-09-23T14:04:00","23.90","-133.74",,,"1","4","2","5",,,"11",,,,,,,,,"10179",,,"8",,,,,"9","243",,,,,,,,,,,,,"236","33","798","172","7","0",,"1","1FFF1F","1AAAA1AAA1AAAA","4",,,,
"5102593","2019-09-23T15:00:00","21.82","-131.63",,,"1","4","2","5",,,"11",,,,,,,,,,,,"8",,,,,"9","246",,,,,,,,,,,,,"236","11","798","172","7","0",,"2","1FFFFF","1AAAAAAAA1AAAA","4",,,,
"4301571","2019-09-23T15:02:00","23.91","-133.74",,,"1","4","2","5",,,"11",,,,,,,,,"10185",,,"8",,,,,"9","243",,,,,,,,,,,,,"236","33","798","172","7","0",,"2","1FFF1F","1AAAA1AAA1AAAA","4",,,,
"4301567","2019-09-23T15:04:00","24.34","-133.96",,,"1","4","2","5",,,"11",,,,,,,,,"10188",,,"8",,,,,"9","240",,,,,,,,,,,,,"236","43","798","172","7","0",,"2","1FFF1F","1AAAA1AAA1AAAA","4",,,,
"4301567","2019-09-23T16:00:00","24.34","-133.97",,,"1","4","2","5",,,"11",,,,,,,,,"10192",,,"8",,,,,"9","240",,,,,,,,,,,,,"236","43","798","172","7","0",,"2","1FFF1F","1AAAA1AAA1AAAA","4",,,,
"4301571","2019-09-23T16:00:00","23.91","-133.74",,,"1","4","2","5",,,"11",,,,,,,,,"10190",,,"8",,,,,"9","243",,,,,,,,,,,,,"236","33","798","172","7","0",,"2","1FFF1F","1AAAA1AAA1AAAA","4",,,,
"5102593","2019-09-23T16:00:00","21.83","-131.63",,,"1","4","2","5",,,"11",,,,,,,,,,,,"8",,,,,"9","246",,,,,,,,,,,,,"236","11","798","172","7","0",,"2","1FFFFF","1AAAAAAAA1AAAA","4",,,,
"4301571","2019-09-23T17:00:00","23.92","-133.74",,,"1","4","2","5",,,"11",,,,,,,,,"10194",,,"8",,,,,"9","243",,,,,,,,,,,,,"236","33","798","172","7","0",,"2","1FFF1F","1AAAA1AAA1AAAA","4",,,,
"5102593","2019-09-23T17:00:00","21.84","-131.63",,,"1","4","2","5",,,"11",,,,,,,,,,,,"8",,,,,"9","246",,,,,,,,,,,,,"236","11","798","172","7","0",,"2","1FFFFF","1AAAAAAAA1AAAA","4",,,,
"4301567","2019-09-23T17:02:00","24.35","-133.98",,,"1","4","2","5",,,"11",,,,,,,,,"10197",,,"8",,,,,"9","240",,,,,,,,,,,,,"236","43","798","172","7","0",,"2","1FFF1F","1AAAA1AAA1AAAA","4",,,,
"4301564","2019-09-23T17:04:00","29.95","-130.80",,,"1","4","2","5",,,"11",,,,,,,,,"10224",,,"8",,,,,"9","234",,,,,,,,,,,,,"236","90","798","172","7","0",,"2","1FFF1F","1AAAA1AAA1AAAA","4",,,,
"4301571","2019-09-23T18:00:00","23.92","-133.74",,,"1","4","2","5",,,"11",,,,,,,,,"10195",,,"8",,,,,"9","243",,,,,,,,,,,,,"236","33","798","172","7","0",,"2","1FFF1F","1AAAA1AAA1AAAA","4",,,,
"5102593","2019-09-23T18:00:00","21.84","-131.63",,,"1","4","2","5",,,"11",,,,,,,,,,,,"8",,,,,"9","246",,,,,,,,,,,,,"236","11","798","172","7","0",,"2","1FFFFF","1AAAAAAAA1AAAA","4",,,,
"WNRD","2019-09-23T18:00:00","29.00","-136.90",,,"1","6","2","5","6","4","1",,"50","4","82","1","98","2","2","10230","2","5","8","240",,"210","194","7","230","8","6","5","5","6","A",,"5","1","34","11","4","236","96","798","172","5","1","2","2","111111","11111111111111",,"5",,"2",
"5102593","2019-09-23T19:00:00","21.85","-131.62",,,"1","4","2","5",,,"11",,,,,,,,,,,,"8",,,,,"9","246",,,,,,,,,,,,,"236","11","798","172","7","0",,"2","1FFFFF","1AAAAAAAA1AAAA","4",,,,
"4301567","2019-09-23T19:01:00","24.34","-133.99",,,"1","4","2","5",,,"11",,,,,,,,,"10198",,,"8",,,,,"9","240",,,,,,,,,,,,,"236","43","798","172","7","0",,"2","1FFF1F","1AAAA1AAA1AAAA","4",,,,
"4301571","2019-09-23T19:02:00","23.93","-133.74",,,"1","4","2","5",,,"11",,,,,,,,,"10195",,,"8",,,,,"9","243",,,,,,,,,,,,,"236","33","798","172","7","0",,"2","1FFF1F","1AAAA1AAA1AAAA","4",,,,
"4301567","2019-09-23T20:00:00","24.33","-134.00",,,"1","4","2","5",,,"11",,,,,,,,,"10197",,,"8",,,,,"9","241",,,,,,,,,,,,,"236","44","798","172","7","0",,"2","1FFF1F","1AAAA1AAA1AAAA","4",,,,
"5102593","2019-09-23T20:00:00","21.86","-131.62",,,"1","4","2","5",,,"11",,,,,,,,,,,,"8",,,,,"9","246",,,,,,,,,,,,,"236","11","798","172","7","0",,"2","1FFFFF","1AAAAAAAA1AAAA","4",,,,
"4301564","2019-09-23T20:04:00","29.95","-130.78",,,"1","4","2","5",,,"11",,,,,,,,,"10225",,,"8",,,,,"9","235",,,,,,,,,,,,,"236","90","798","172","7","0",,"2","1FFF1F","1AAAA1AAA1AAAA","4",,,,
"4301571","2019-09-23T20:04:00","23.93","-133.74",,,"1","4","2","5",,,"11",,,,,,,,,"10195",,,"8",,,,,"9","243",,,,,,,,,,,,,"236","33","798","172","7","0",,"2","1FFF1F","1AAAA1AAA1AAAA","4",,,,
"4301567","2019-09-23T21:00:00","24.33","-134.00",,,"1","4","2","5",,,"11",,,,,,,,,"10193",,,"8",,,,,"9","241",,,,,,,,,,,,,"236","44","798","172","7","0",,"2","1FFF1F","1AAAA1AAA1AAAA","4",,,,
"4301571","2019-09-23T21:00:00","23.94","-133.74",,,"1","4","2","5",,,"11",,,,,,,,,"10187",,,"8",,,,,"9","243",,,,,,,,,,,,,"236","33","798","172","7","0",,"2","1FFF1F","1AAAA1AAA1AAAA","4",,,,
"5102593","2019-09-23T21:00:00","21.86","-131.61",,,"1","4","2","5",,,"11",,,,,,,,,,,,"8",,,,,"9","247",,,,,,,,,,,,,"236","11","798","172","7","0",,"2","1FFFFF","1AAAAAAAA1AAAA","4",,,,
"4301564","2019-09-23T21:04:00","29.95","-130.78",,,"1","4","2","5",,,"11",,,,,,,,,"10221",,,"8",,,,,"9","235",,,,,,,,,,,,,"236","90","798","172","7","0",,"2","1FFF1F","1AAAA1AAA1AAAA","4",,,,
"5102593","2019-09-23T22:00:00","21.87","-131.60",,,"1","4","2","5",,,"11",,,,,,,,,,,,"8",,,,,"9","247",,,,,,,,,,,,,"236","11","798","172","7","0",,"2","1FFFFF","1AAAAAAAA1AAAA","4",,,,
"4301571","2019-09-23T22:02:00","23.94","-133.74",,,"1","4","2","5",,,"11",,,,,,,,,"10183",,,"8",,,,,"9","244",,,,,,,,,,,,,"236","33","798","172","7","0",,"2","1FFF1F","1AAAA1AAA1AAAA","4",,,,
"4301564","2019-09-23T22:04:00","29.95","-130.78",,,"1","4","2","5",,,"11",,,,,,,,,"10213",,,"8",,,,,"9","235",,,,,,,,,,,,,"236","90","798","172","7","0",,"2","1FFF1F","1AAAA1AAA1AAAA","4",,,,
"4301567","2019-09-23T23:00:00","24.33","-134.02",,,"1","4","2","5",,,"11",,,,,,,,,"10186",,,"8",,,,,"9","241",,,,,,,,,,,,,"236","44","798","172","7","0",,"2","1FFF1F","1AAAA1AAA1AAAA","4",,,,
"5102593","2019-09-23T23:00:00","21.87","-131.59",,,"1","4","2","5",,,"11",,,,,,,,,,,,"8",,,,,"9","248",,,,,,,,,,,,,"236","11","798","172","7","0",,"2","1FFFFF","1AAAAAAAA1AAAA","4",,,,
"4301571","2019-09-23T23:03:00","23.94","-133.74",,,"1","4","2","5",,,"11",,,,,,,,,"10182",,,"8",,,,,"9","244",,,,,,,,,,,,,"236","33","798","172","7","0",,"2","1FFF1F","1AAAA1AAA1AAAA","4",,,,
"4301564","2019-09-23T23:04:00","29.94","-130.78",,,"1","4","2","5",,,"11",,,,,,,,,"10213",,,"8",,,,,"9","235",,,,,,,,,,,,,"236","90","798","172","7","0",,"2","1FFF1F","1AAAA1AAA1AAAA","4",,,,
"4301571","2019-09-24T00:00:00","23.95","-133.74",,,"1","4","2","5",,,"11",,,,,,,,,"10179",,,"8",,,,,"9","244",,,,,,,,,,,,,"236","33","798","172","7","0",,"2","1FFF1F","1AAAA1AAA1AAAA","4",,,,
"5102593","2019-09-24T00:00:00","21.87","-131.59",,,"1","4","2","5",,,"11",,,,,,,,,,,,"8",,,,,"9","248",,,,,,,,,,,,,"236","11","798","172","7","0",,"2","1FFFFF","1AAAAAAAA1AAAA","4",,,,
"KRGB","2019-09-24T00:00:00","28.10","-139.80",,,"1","6","2","5","6","5","1",,"70","4","87","1","98","1","0","10219",,,"8",,,"233","199","1","233","3","2","1","5","7","0",,"5","3","11","8","4","236","89","798","172","5","1","2","2","171111","1111111111111A",,"5",,"0",
"4301567","2019-09-24T00:02:00","24.32","-134.04",,,"1","4","2","5",,,"11",,,,,,,,,"10184",,,"8",,,,,"9","241",,,,,,,,,,,,,"236","44","798","172","7","0",,"2","1FFF1F","1AAAA1AAA1AAAA","4",,,,
"4301564","2019-09-24T00:03:00","29.94","-130.79",,,"1","4","2","5",,,"11",,,,,,,,,"10213",,,"8",,,,,"9","235",,,,,,,,,,,,,"236","90","798","172","7","0",,"2","1FFF1F","1AAAA1AAA1AAAA","4",,,,
"4301564","2019-09-24T01:00:00","29.95","-130.80",,,"1","4","2","5",,,"11",,,,,,,,,"10213",,,"8",,,,,"9","234",,,,,,,,,,,,,"236","90","798","172","7","0",,"2","1FFF1F","1AAAA1AAA1AAAA","4",,,,
"4301567","2019-09-24T01:00:00","24.32","-134.05",,,"1","4","2","5",,,"11",,,,,,,,,"10184",,,"8",,,,,"9","241",,,,,,,,,,,,,"236","44","798","172","7","0",,"2","1FFF1F","1AAAA1AAA1AAAA","4",,,,
"4301571","2019-09-24T01:00:00","23.95","-133.74",,,"1","4","2","5",,,"11",,,,,,,,,"10181",,,"8",,,,,"9","244",,,,,,,,,,,,,"236","33","798","172","7","0",,"2","1FFF1F","1AAAA1AAA1AAAA","4",,,,
"5102593","2019-09-24T01:00:00","21.87","-131.58",,,"1","4","2","5",,,"11",,,,,,,,,,,,"8",,,,,"9","248",,,,,,,,,,,,,"236","11","798","172","7","0",,"2","1FFFFF","1AAAAAAAA1AAAA","4",,,,
"4301567","2019-09-24T02:00:00","24.32","-134.05",,,"1","4","2","5",,,"11",,,,,,,,,"10184",,,"8",,,,,"9","241",,,,,,,,,,,,,"236","44","798","172","7","0",,"2","1FFF1F","1AAAA1AAA1AAAA","4",,,,
"4301571","2019-09-24T02:00:00","23.96","-133.74",,,"1","4","2","5",,,"11",,,,,,,,,"10179",,,"8",,,,,"9","244",,,,,,,,,,,,,"236","33","798","172","7","0",,"2","1FFF1F","1AAAA1AAA1AAAA","4",,,,
"5102593","2019-09-24T02:00:00","21.87","-131.58",,,"1","4","2","5",,,"11",,,,,,,,,,,,"8",,,,,"9","248",,,,,,,,,,,,,"236","11","798","172","7","0",,"2","1FFFFF","1AAAAAAAA1AAAA","4",,,,
"4301571","2019-09-24T03:00:00","23.96","-133.75",,,"1","4","2","5",,,"11",,,,,,,,,"10185",,,"8",,,,,"9","244",,,,,,,,,,,,,"236","33","798","172","7","0",,"2","1FFF1F","1AAAA1AAA1AAAA","4",,,,
"5102593","2019-09-24T03:00:00","21.87","-131.58",,,"1","4","2","5",,,"11",,,,,,,,,,,,"8",,,,,"9","247",,,,,,,,,,,,,"236","11","798","172","7","0",,"1","1FFFFF","1AAAAAAAA1AAAA","4",,,,
"5102593","2019-09-24T04:00:00","21.87","-131.57",,,"1","4","2","5",,,"11",,,,,,,,,,,,"8",,,,,"9","247",,,,,,,,,,,,,"236","11","798","172","7","0",,"1","1FFFFF","1AAAAAAAA1AAAA","4",,,,
"4301571","2019-09-24T05:00:00","23.96","-133.75",,,"1","4","2","5",,,"11",,,,,,,,,"10195",,,"8",,,,,"9","243",,,,,,,,,,,,,"236","33","798","172","7","0",,"1","1FFF1F","1AAAA1AAA1AAAA","4",,,,
"5102593","2019-09-24T05:00:00","21.87","-131.57",,,"1","4","2","5",,,"11",,,,,,,,,,,,"8",,,,,"9","247",,,,,,,,,,,,,"236","11","798","172","7","0",,"1","1FFFFF","1AAAAAAAA1AAAA","4",,,,
"4301567","2019-09-24T05:04:00","24.32","-134.08",,,"1","4","2","5",,,"11",,,,,,,,,"10199",,,"8",,,,,"9","240",,,,,,,,,,,,,"236","44","798","172","7","0",,"1","1FFF1F","1AAAA1AAA1AAAA","4",,,,
"4301571","2019-09-24T06:00:00","23.96","-133.76",,,"1","4","2","5",,,"11",,,,,,,,,"10199",,,"8",,,,,"9","243",,,,,,,,,,,,,"236","33","798","172","7","0",,"1","1FFF1F","1AAAA1AAA1AAAA","4",,,,
"5102593","2019-09-24T06:00:00","21.87","-131.57",,,"1","4","2","5",,,"11",,,,,,,,,,,,"8",,,,,"9","247",,,,,,,,,,,,,"236","11","798","172","7","0",,"1","1FFFFF","1AAAAAAAA1AAAA","4",,,,
"4301567","2019-09-24T06:01:00","24.32","-134.09",,,"1","4","2","5",,,"11",,,,,,,,,"10201",,,"8",,,,,"9","240",,,,,,,,,,,,,"236","44","798","172","7","0",,"1","1FFF1F","1AAAA1AAA1AAAA","4",,,,
"4301571","2019-09-24T07:00:00","23.96","-133.76",,,"1","4","2","5",,,"11",,,,,,,,,"10198",,,"8",,,,,"9","243",,,,,,,,,,,,,"236","33","798","172","7","0",,"1","1FFF1F","1AAAA1AAA1AAAA","4",,,,
"5102593","2019-09-24T07:00:00","21.87","-131.57",,,"1","4","2","5",,,"11",,,,,,,,,,,,"8",,,,,"9","247",,,,,,,,,,,,,"236","11","798","172","7","0",,"1","1FFFFF","1AAAAAAAA1AAAA","4",,,,
"4301567","2019-09-24T07:04:00","24.32","-134.09",,,"1","4","2","5",,,"11",,,,,,,,,"10201",,,"8",,,,,"9","240",,,,,,,,,,,,,"236","44","798","172","7","0",,"1","1FFF1F","1AAAA1AAA1AAAA","4",,,,
"4301567","2019-09-24T08:00:00","24.31","-134.10",,,"1","4","2","5",,,"11",,,,,,,,,"10199",,,"8",,,,,"9","240",,,,,,,,,,,,,"236","44","798","172","7","0",,"1","1FFF1F","1AAAA1AAA1AAAA","4",,,,
"5102593","2019-09-24T08:00:00","21.87","-131.57",,,"1","4","2","5",,,"11",,,,,,,,,,,,"8",,,,,"9","247",,,,,,,,,,,,,"236","11","798","172","7","0",,"1","1FFFFF","1AAAAAAAA1AAAA","4",,,,
"4301571","2019-09-24T08:04:00","23.96","-133.76",,,"1","4","2","5",,,"11",,,,,,,,,"10197",,,"8",,,,,"9","243",,,,,,,,,,,,,"236","33","798","172","7","0",,"1","1FFF1F","1AAAA1AAA1AAAA","4",,,,
"4301567","2019-09-24T09:00:00","24.31","-134.10",,,"1","4","2","5",,,"11",,,,,,,,,"10198",,,"8",,,,,"9","240",,,,,,,,,,,,,"236","44","798","172","7","0",,"1","1FFF1F","1AAAA1AAA1AAAA","4",,,,
"5102593","2019-09-24T09:00:00","21.88","-131.57",,,"1","4","2","5",,,"11",,,,,,,,,,,,"8",,,,,"9","247",,,,,,,,,,,,,"236","11","798","172","7","0",,"1","1FFFFF","1AAAAAAAA1AAAA","4",,,,
"4301571","2019-09-24T09:04:00","23.97","-133.76",,,"1","4","2","5",,,"11",,,,,,,,,"10196",,,"8",,,,,"9","243",,,,,,,,,,,,,"236","33","798","172","7","0",,"1","1FFF1F","1AAAA1AAA1AAAA","4",,,,
"4301567","2019-09-24T10:00:00","24.31","-134.11",,,"1","4","2","5",,,"11",,,,,,,,,"10192",,,"8",,,,,"9","240",,,,,,,,,,,,,"236","44","798","172","7","0",,"1","1FFF1F","1AAAA1AAA1AAAA","4",,,,
"5102593","2019-09-24T10:00:00","21.88","-131.57",,,"1","4","2","5",,,"11",,,,,,,,,,,,"8",,,,,"9","247",,,,,,,,,,,,,"236","11","798","172","7","0",,"1","1FFFFF","1AAAAAAAA1AAAA","4",,,,
"4301564","2019-09-24T10:01:00","29.95","-130.84",,,"1","4","2","5",,,"11",,,,,,,,,"10225",,,"8",,,,,"9","233",,,,,,,,,,,,,"236","90","798","172","7","0",,"1","1FFF1F","1AAAA1AAA1AAAA","4",,,,
"4301571","2019-09-24T10:02:00","23.98","-133.77",,,"1","4","2","5",,,"11",,,,,,,,,"10190",,,"8",,,,,"9","243",,,,,,,,,,,,,"236","33","798","172","7","0",,"1","1FFF1F","1AAAA1AAA1AAAA","4",,,,
"4301564","2019-09-24T11:00:00","29.96","-130.84",,,"1","4","2","5",,,"11",,,,,,,,,"10218",,,"8",,,,,"9","233",,,,,,,,,,,,,"236","90","798","172","7","0",,"1","1FFF1F","1AAAA1AAA1AAAA","4",,,,
"5102593","2019-09-24T11:00:00","21.88","-131.56",,,"1","4","2","5",,,"11",,,,,,,,,,,,"8",,,,,"9","246",,,,,,,,,,,,,"236","11","798","172","7","0",,"1","1FFFFF","1AAAAAAAA1AAAA","4",,,,
"4301571","2019-09-24T11:01:00","23.98","-133.77",,,"1","4","2","5",,,"11",,,,,,,,,"10189",,,"8",,,,,"9","243",,,,,,,,,,,,,"236","33","798","172","7","0",,"1","1FFF1F","1AAAA1AAA1AAAA","4",,,,
"4301611","2019-09-24T11:04:00","27.55","-139.09",,,"1","4","2","5",,,"11",,,,,,,,,"10207",,,"8",,,,,"9","254",,,,,,,,,,,,,"236","79","798","172","7","0",,"1","1FFF1F","1AAAA1AAA1AAAA","4",,,,
"4301564","2019-09-24T12:00:00","29.97","-130.84",,,"1","4","2","5",,,"11",,,,,,,,,"10215",,,"8",,,,,"9","233",,,,,,,,,,,,,"236","90","798","172","7","0",,"1","1FFF1F","1AAAA1AAA1AAAA","4",,,,
"5102593","2019-09-24T12:00:00","21.88","-131.56",,,"1","4","2","5",,,"11",,,,,,,,,,,,"8",,,,,"9","246",,,,,,,,,,,,,"236","11","798","172","7","0",,"1","1FFFFF","1AAAAAAAA1AAAA","4",,,,
"4301567","2019-09-24T12:03:00","24.31","-134.13",,,"1","4","2","5",,,"11",,,,,,,,,"10185",,,"8",,,,,"9","240",,,,,,,,,,,,,"236","44","798","172","7","0",,"1","1FFF1F","1AAAA1AAA1AAAA","4",,,,
"4301571","2019-09-24T12:04:00","23.99","-133.77",,,"1","4","2","5",,,"11",,,,,,,,,"10184",,,"8",,,,,"9","243",,,,,,,,,,,,,"236","33","798","172","7","0",,"1","1FFF1F","1AAAA1AAA1AAAA","4",,,,
"4301611","2019-09-24T12:04:00","27.76","-139.58",,,"1","4","2","5",,,"11",,,,,,,,,"10204",,,"8",,,,,"9","254",,,,,,,,,,,,,"236","79","798","172","7","0",,"1","1FFF1F","1AAAA1AAA1AAAA","4",,,,
"4301567","2019-09-24T13:00:00","24.30","-134.14",,,"1","4","2","5",,,"11",,,,,,,,,"10188",,,"8",,,,,"9","240",,,,,,,,,,,,,"236","44","798","172","7","0",,"1","1FFF1F","1AAAA1AAA1AAAA","4",,,,
"5102593","2019-09-24T13:00:00","21.87","-131.56",,,"1","4","2","5",,,"11",,,,,,,,,,,,"8",,,,,"9","246",,,,,,,,,,,,,"236","11","798","172","7","0",,"1","1FFFFF","1AAAAAAAA1AAAA","4",,,,
"4301571","2019-09-24T13:04:00","23.99","-133.77",,,"1","4","2","5",,,"11",,,,,,,,,"10184",,,"8",,,,,"9","243",,,,,,,,,,,,,"236","33","798","172","7","0",,"1","1FFF1F","1AAAA1AAA1AAAA","4",,,,
"5102593","2019-09-24T14:00:00","21.87","-131.56",,,"1","4","2","5",,,"11",,,,,,,,,,,,"8",,,,,"9","246",,,,,,,,,,,,,"236","11","798","172","7","0",,"1","1FFFFF","1AAAAAAAA1AAAA","4",,,,
"4301564","2019-09-24T14:04:00","29.98","-130.83",,,"1","4","2","5",,,"11",,,,,,,,,"10218",,,"8",,,,,"9","233",,,,,,,,,,,,,"236","90","798","172","7","0",,"1","1FFF1F","1AAAA1AAA1AAAA","4",,,,
"4301571","2019-09-24T14:04:00","23.99","-133.77",,,"1","4","2","5",,,"11",,,,,,,,,"10190",,,"8",,,,,"9","243",,,,,,,,,,,,,"236","33","798","172","7","0",,"1","1FFF1F","1AAAA1AAA1AAAA","4",,,,
"4301564","2019-09-24T15:00:00","29.99","-130.83",,,"1","4","2","5",,,"11",,,,,,,,,"10221",,,"8",,,,,"9","233",,,,,,,,,,,,,"236","90","798","172","7","0",,"2","1FFF1F","1AAAA1AAA1AAAA","4",,,,
"5102593","2019-09-24T15:00:00","21.87","-131.57",,,"1","4","2","5",,,"11",,,,,,,,,,,,"8",,,,,"9","246",,,,,,,,,,,,,"236","11","798","172","7","0",,"2","1FFFFF","1AAAAAAAA1AAAA","4",,,,
"4301571","2019-09-24T15:04:00","24.00","-133.77",,,"1","4","2","5",,,"11",,,,,,,,,"10193",,,"8",,,,,"9","242",,,,,,,,,,,,,"236","43","798","172","7","0",,"2","1FFF1F","1AAAA1AAA1AAAA","4",,,,
"4301564","2019-09-24T16:00:00","29.99","-130.82",,,"1","4","2","5",,,"11",,,,,,,,,"10222",,,"8",,,,,"9","233",,,,,,,,,,,,,"236","90","798","172","7","0",,"2","1FFF1F","1AAAA1AAA1AAAA","4",,,,
"5102593","2019-09-24T16:00:00","21.87","-131.57",,,"1","4","2","5",,,"11",,,,,,,,,,,,"8",,,,,"9","246",,,,,,,,,,,,,"236","11","798","172","7","0",,"2","1FFFFF","1AAAAAAAA1AAAA","4",,,,
"4301571","2019-09-24T16:04:00","24.00","-133.78",,,"1","4","2","5",,,"11",,,,,,,,,"10196",,,"8",,,,,"9","243",,,,,,,,,,,,,"236","43","798","172","7","0",,"2","1FFF1F","1AAAA1AAA1AAAA","4",,,,
"4301571","2019-09-24T17:00:00","24.00","-133.78",,,"1","4","2","5",,,"11",,,,,,,,,"10203",,,"8",,,,,"9","243",,,,,,,,,,,,,"236","43","798","172","7","0",,"2","1FFF1F","1AAAA1AAA1AAAA","4",,,,
"5102593","2019-09-24T17:00:00","21.87","-131.57",,,"1","4","2","5",,,"11",,,,,,,,,,,,"8",,,,,"9","246",,,,,,,,,,,,,"236","11","798","172","7","0",,"2","1FFFFF","1AAAAAAAA1AAAA","4",,,,
"4301564","2019-09-24T17:01:00","29.99","-130.81",,,"1","4","2","5",,,"11",,,,,,,,,"10226",,,"8",,,,,"9","233",,,,,,,,,,,,,"236","90","798","172","7","0",,"2","1FFF1F","1AAAA1AAA1AAAA","4",,,,
"4301567","2019-09-24T17:03:00","24.30","-134.17",,,"1","4","2","5",,,"11",,,,,,,,,"10206",,,"8",,,,,"9","240",,,,,,,,,,,,,"236","44","798","172","7","0",,"2","1FFF1F","1AAAA1AAA1AAAA","4",,,,
"4301567","2019-09-24T18:00:00","24.29","-134.18",,,"1","4","2","5",,,"11",,,,,,,,,"10212",,,"8",,,,,"9","240",,,,,,,,,,,,,"236","44","798","172","7","0",,"2","1FFF1F","1AAAA1AAA1AAAA","4",,,,
"4301571","2019-09-24T18:00:00","24.00","-133.78",,,"1","4","2","5",,,"11",,,,,,,,,"10211",,,"8",,,,,"9","243",,,,,,,,,,,,,"236","43","798","172","7","0",,"2","1FFF1F","1AAAA1AAA1AAAA","4",,,,
"5102593","2019-09-24T18:00:00","21.88","-131.57",,,"1","4","2","5",,,"11",,,,,,,,,,,,"8",,,,,"9","246",,,,,,,,,,,,,"236","11","798","172","7","0",,"2","1FFFFF","1AAAAAAAA1AAAA","4",,,,
"4301567","2019-09-24T19:00:00","24.29","-134.19",,,"1","4","2","5",,,"11",,,,,,,,,"10209",,,"8",,,,,"9","240",,,,,,,,,,,,,"236","44","798","172","7","0",,"2","1FFF1F","1AAAA1AAA1AAAA","4",,,,
"4301571","2019-09-24T19:00:00","24.01","-133.78",,,"1","4","2","5",,,"11",,,,,,,,,"10203",,,"8",,,,,"9","243",,,,,,,,,,,,,"236","43","798","172","7","0",,"2","1FFF1F","1AAAA1AAA1AAAA","4",,,,
"5102593","2019-09-24T19:00:00","21.88","-131.58",,,"1","4","2","5",,,"11",,,,,,,,,,,,"8",,,,,"9","246",,,,,,,,,,,,,"236","11","798","172","7","0",,"2","1FFFFF","1AAAAAAAA1AAAA","4",,,,
"4301567","2019-09-24T20:00:00","24.29","-134.20",,,"1","4","2","5",,,"11",,,,,,,,,"10205",,,"8",,,,,"9","240",,,,,,,,,,,,,"236","44","798","172","7","0",,"2","1FFF1F","1AAAA1AAA1AAAA","4",,,,
"4301571","2019-09-24T20:00:00","24.01","-133.78",,,"1","4","2","5",,,"11",,,,,,,,,"10202",,,"8",,,,,"9","243",,,,,,,,,,,,,"236","43","798","172","7","0",,"2","1FFF1F","1AAAA1AAA1AAAA","4",,,,
"5102593","2019-09-24T20:00:00","21.88","-131.57",,,"1","4","2","5",,,"11",,,,,,,,,,,,"8",,,,,"9","246",,,,,,,,,,,,,"236","11","798","172","7","0",,"2","1FFFFF","1AAAAAAAA1AAAA","4",,,,
"4301571","2019-09-24T21:00:00","24.02","-133.78",,,"1","4","2","5",,,"11",,,,,,,,,"10193",,,"8",,,,,"9","244",,,,,,,,,,,,,"236","43","798","172","7","0",,"2","1FFF1F","1AAAA1AAA1AAAA","4",,,,
"5102593","2019-09-24T21:00:00","21.89","-131.57",,,"1","4","2","5",,,"11",,,,,,,,,,,,"8",,,,,"9","247",,,,,,,,,,,,,"236","11","798","172","7","0",,"2","1FFFFF","1AAAAAAAA1AAAA","4",,,,
"4301564","2019-09-24T21:01:00","29.97","-130.80",,,"1","4","2","5",,,"11",,,,,,,,,"10210",,,"8",,,,,"9","234",,,,,,,,,,,,,"236","90","798","172","7","0",,"2","1FFF1F","1AAAA1AAA1AAAA","4",,,,
"4301567","2019-09-24T21:04:00","24.29","-134.20",,,"1","4","2","5",,,"11",,,,,,,,,"10195",,,"8",,,,,"9","241",,,,,,,,,,,,,"236","44","798","172","7","0",,"2","1FFF1F","1AAAA1AAA1AAAA","4",,,,
"4301567","2019-09-24T22:00:00","24.29","-134.21",,,"1","4","2","5",,,"11",,,,,,,,,"10187",,,"8",,,,,"9","241",,,,,,,,,,,,,"236","44","798","172","7","0",,"2","1FFF1F","1AAAA1AAA1AAAA","4",,,,
"4301571","2019-09-24T22:00:00","24.02","-133.78",,,"1","4","2","5",,,"11",,,,,,,,,"10181",,,"8",,,,,"9","244",,,,,,,,,,,,,"236","43","798","172","7","0",,"2","1FFF1F","1AAAA1AAA1AAAA","4",,,,
"5102593","2019-09-24T22:00:00","21.90","-131.57",,,"1","4","2","5",,,"11",,,,,,,,,,,,"8",,,,,"9","247",,,,,,,,,,,,,"236","11","798","172","7","0",,"2","1FFFFF","1AAAAAAAA1AAAA","4",,,,
"4301564","2019-09-24T23:00:00","29.96","-130.80",,,"1","4","2","5",,,"11",,,,,,,,,"10191",,,"8",,,,,"9","234",,,,,,,,,,,,,"236","90","798","172","7","0",,"2","1FFF1F","1AAAA1AAA1AAAA","4",,,,
"4301567","2019-09-24T23:00:00","24.29","-134.22",,,"1","4","2","5",,,"11",,,,,,,,,"10180",,,"8",,,,,"9","241",,,,,,,,,,,,,"236","44","798","172","7","0",,"2","1FFF1F","1AAAA1AAA1AAAA","4",,,,
"4301571","2019-09-24T23:00:00","24.02","-133.77",,,"1","4","2","5",,,"11",,,,,,,,,"10176",,,"8",,,,,"9","244",,,,,,,,,,,,,"236","43","798","172","7","0",,"2","1FFF1F","1AAAA1AAA1AAAA","4",,,,
"5102593","2019-09-24T23:00:00","21.90","-131.56",,,"1","4","2","5",,,"11",,,,,,,,,,,,"8",,,,,"9","248",,,,,,,,,,,,,"236","11","798","172","7","0",,"2","1FFFFF","1AAAAAAAA1AAAA","4",,,,
"4301567","2019-09-25T00:00:00","24.29","-134.22",,,"1","4","2","5",,,"11",,,,,,,,,"10176",,,"8",,,,,"9","242",,,,,,,,,,,,,"236","44","798","172","7","0",,"2","1FFF1F","1AAAA1AAA1AAAA","4",,,,
"4301571","2019-09-25T00:00:00","24.03","-133.77",,,"1","4","2","5",,,"11",,,,,,,,,"10173",,,"8",,,,,"9","244",,,,,,,,,,,,,"236","43","798","172","7","0",,"2","1FFF1F","1AAAA1AAA1AAAA","4",,,,
"5102593","2019-09-25T00:00:00","21.90","-131.55",,,"1","4","2","5",,,"11",,,,,,,,,,,,"8",,,,,"9","248",,,,,,,,,,,,,"236","11","798","172","7","0",,"2","1FFFFF","1AAAAAAAA1AAAA","4",,,,
"4301567","2019-09-25T01:00:00","24.29","-134.23",,,"1","4","2","5",,,"11",,,,,,,,,"10171",,,"8",,,,,"9","241",,,,,,,,,,,,,"236","44","798","172","7","0",,"2","1FFF1F","1AAAA1AAA1AAAA","4",,,,
"5102593","2019-09-25T01:00:00","21.90","-131.55",,,"1","4","2","5",,,"11",,,,,,,,,,,,"8",,,,,"9","248",,,,,,,,,,,,,"236","11","798","172","7","0",,"2","1FFFFF","1AAAAAAAA1AAAA","4",,,,
"4301571","2019-09-25T01:03:00","24.03","-133.77",,,"1","4","2","5",,,"11",,,,,,,,,"10169",,,"8",,,,,"9","244",,,,,,,,,,,,,"236","43","798","172","7","0",,"2","1FFF1F","1AAAA1AAA1AAAA","4",,,,
"4301567","2019-09-25T02:00:00","24.29","-134.23",,,"1","4","2","5",,,"11",,,,,,,,,"10173",,,"8",,,,,"9","241",,,,,,,,,,,,,"236","44","798","172","7","0",,"2","1FFF1F","1AAAA1AAA1AAAA","4",,,,
"4301571","2019-09-25T02:00:00","24.03","-133.77",,,"1","4","2","5",,,"11",,,,,,,,,"10169",,,"8",,,,,"9","244",,,,,,,,,,,,,"236","43","798","172","7","0",,"2","1FFF1F","1AAAA1AAA1AAAA","4",,,,
"5102593","2019-09-25T02:00:00","21.90","-131.54",,,"1","4","2","5",,,"11",,,,,,,,,,,,"8",,,,,"9","248",,,,,,,,,,,,,"236","11","798","172","7","0",,"2","1FFFFF","1AAAAAAAA1AAAA","4",,,,
"5102593","2019-09-25T03:00:00","21.90","-131.53",,,"1","4","2","5",,,"11",,,,,,,,,,,,"8",,,,,"9","247",,,,,,,,,,,,,"236","11","798","172","7","0",,"1","1FFFFF","1AAAAAAAA1AAAA","4",,,,
"4301567","2019-09-25T03:02:00","24.29","-134.23",,,"1","4","2","5",,,"11",,,,,,,,,"10176",,,"8",,,,,"9","241",,,,,,,,,,,,,"236","44","798","172","7","0",,"2","1FFF1F","1AAAA1AAA1AAAA","4",,,,
"4301571","2019-09-25T03:04:00","24.03","-133.77",,,"1","4","2","5",,,"11",,,,,,,,,"10173",,,"8",,,,,"9","243",,,,,,,,,,,,,"236","43","798","172","7","0",,"1","1FFF1F","1AAAA1AAA1AAAA","4",,,,
"4301571","2019-09-25T04:00:00","24.03","-133.77",,,"1","4","2","5",,,"11",,,,,,,,,"10180",,,"8",,,,,"9","243",,,,,,,,,,,,,"236","43","798","172","7","0",,"1","1FFF1F","1AAAA1AAA1AAAA","4",,,,
"5102593","2019-09-25T04:00:00","21.89","-131.53",,,"1","4","2","5",,,"11",,,,,,,,,,,,"8",,,,,"9","247",,,,,,,,,,,,,"236","11","798","172","7","0",,"1","1FFFFF","1AAAAAAAA1AAAA","4",,,,
"4301567","2019-09-25T04:04:00","24.29","-134.24",,,"1","4","2","5",,,"11",,,,,,,,,"10183",,,"8",,,,,"9","241",,,,,,,,,,,,,"236","44","798","172","7","0",,"1","1FFF1F","1AAAA1AAA1AAAA","4",,,,
"4301571","2019-09-25T05:00:00","24.04","-133.78",,,"1","4","2","5",,,"11",,,,,,,,,"10189",,,"8",,,,,"9","243",,,,,,,,,,,,,"236","43","798","172","7","0",,"1","1FFF1F","1AAAA1AAA1AAAA","4",,,,
"5102593","2019-09-25T05:00:00","21.89","-131.53",,,"1","4","2","5",,,"11",,,,,,,,,,,,"8",,,,,"9","247",,,,,,,,,,,,,"236","11","798","172","7","0",,"1","1FFFFF","1AAAAAAAA1AAAA","4",,,,
"4301567","2019-09-25T05:04:00","24.28","-134.25",,,"1","4","2","5",,,"11",,,,,,,,,"10191",,,"8",,,,,"9","241",,,,,,,,,,,,,"236","44","798","172","7","0",,"1","1FFF1F","1AAAA1AAA1AAAA","4",,,,
"4301571","2019-09-25T06:00:00","24.04","-133.78",,,"1","4","2","5",,,"11",,,,,,,,,"10191",,,"8",,,,,"9","243",,,,,,,,,,,,,"236","43","798","172","7","0",,"1","1FFF1F","1AAAA1AAA1AAAA","4",,,,
"5102593","2019-09-25T06:00:00","21.89","-131.52",,,"1","4","2","5",,,"11",,,,,,,,,,,,"8",,,,,"9","247",,,,,,,,,,,,,"236","11","798","172","7","0",,"1","1FFFFF","1AAAAAAAA1AAAA","4",,,,
"4301567","2019-09-25T06:04:00","24.28","-134.25",,,"1","4","2","5",,,"11",,,,,,,,,"10195",,,"8",,,,,"9","241",,,,,,,,,,,,,"236","44","798","172","7","0",,"1","1FFF1F","1AAAA1AAA1AAAA","4",,,,
"4301567","2019-09-25T07:00:00","24.27","-134.26",,,"1","4","2","5",,,"11",,,,,,,,,"10190",,,"8",,,,,"9","241",,,,,,,,,,,,,"236","44","798","172","7","0",,"1","1FFF1F","1AAAA1AAA1AAAA","4",,,,
"4301571","2019-09-25T07:00:00","24.04","-133.77",,,"1","4","2","5",,,"11",,,,,,,,,"10188",,,"8",,,,,"9","243",,,,,,,,,,,,,"236","43","798","172","7","0",,"1","1FFF1F","1AAAA1AAA1AAAA","4",,,,
"5102593","2019-09-25T07:00:00","21.89","-131.52",,,"1","4","2","5",,,"11",,,,,,,,,,,,"8",,,,,"9","247",,,,,,,,,,,,,"236","11","798","172","7","0",,"1","1FFFFF","1AAAAAAAA1AAAA","4",,,,
"4301567","2019-09-25T08:00:00","24.26","-134.26",,,"1","4","2","5",,,"11",,,,,,,,,"10187",,,"8",,,,,"9","240",,,,,,,,,,,,,"236","44","798","172","7","0",,"1","1FFF1F","1AAAA1AAA1AAAA","4",,,,
"4301571","2019-09-25T08:00:00","24.04","-133.77",,,"1","4","2","5",,,"11",,,,,,,,,"10184",,,"8",,,,,"9","243",,,,,,,,,,,,,"236","43","798","172","7","0",,"1","1FFF1F","1AAAA1AAA1AAAA","4",,,,
"5102593","2019-09-25T08:00:00","21.88","-131.51",,,"1","4","2","5",,,"11",,,,,,,,,,,,"8",,,,,"9","247",,,,,,,,,,,,,"236","11","798","172","7","0",,"1","1FFFFF","1AAAAAAAA1AAAA","4",,,,
"4301564","2019-09-25T08:04:00","29.96","-130.85",,,"1","4","2","5",,,"11",,,,,,,,,"10184",,,"8",,,,,"9","233",,,,,,,,,,,,,"236","90","798","172","7","0",,"1","1FFF1F","1AAAA1AAA1AAAA","4",,,,
"4301567","2019-09-25T09:00:00","24.25","-134.27",,,"1","4","2","5",,,"11",,,,,,,,,"10181",,,"8",,,,,"9","240",,,,,,,,,,,,,"236","44","798","172","7","0",,"1","1FFF1F","1AAAA1AAA1AAAA","4",,,,
"4301571","2019-09-25T09:00:00","24.04","-133.77",,,"1","4","2","5",,,"11",,,,,,,,,"10179",,,"8",,,,,"9","243",,,,,,,,,,,,,"236","43","798","172","7","0",,"1","1FFF1F","1AAAA1AAA1AAAA","4",,,,
"5102593","2019-09-25T09:00:00","21.88","-131.51",,,"1","4","2","5",,,"11",,,,,,,,,,,,"8",,,,,"9","247",,,,,,,,,,,,,"236","11","798","172","7","0",,"1","1FFFFF","1AAAAAAAA1AAAA","4",,,,
"4301567","2019-09-25T10:00:00","24.24","-134.27",,,"1","4","2","5",,,"11",,,,,,,,,"10175",,,"8",,,,,"9","240",,,,,,,,,,,,,"236","44","798","172","7","0",,"1","1FFF1F","1AAAA1AAA1AAAA","4",,,,
"4301571","2019-09-25T10:00:00","24.04","-133.77",,,"1","4","2","5",,,"11",,,,,,,,,"10172",,,"8",,,,,"9","242",,,,,,,,,,,,,"236","43","798","172","7","0",,"1","1FFF1F","1AAAA1AAA1AAAA","4",,,,
"5102593","2019-09-25T10:00:00","21.88","-131.51",,,"1","4","2","5",,,"11",,,,,,,,,,,,"8",,,,,"9","246",,,,,,,,,,,,,"236","11","798","172","7","0",,"1","1FFFFF","1AAAAAAAA1AAAA","4",,,,
"4301567","2019-09-25T11:00:00","24.23","-134.28",,,"1","4","2","5",,,"11",,,,,,,,,"10167",,,"8",,,,,"9","240",,,,,,,,,,,,,"236","44","798","172","7","0",,"1","1FFF1F","1AAAA1AAA1AAAA","4",,,,
"5102593","2019-09-25T11:00:00","21.88","-131.51",,,"1","4","2","5",,,"11",,,,,,,,,,,,"8",,,,,"9","246",,,,,,,,,,,,,"236","11","798","172","7","0",,"1","1FFFFF","1AAAAAAAA1AAAA","4",,,,
"4301571","2019-09-25T11:04:00","24.03","-133.77",,,"1","4","2","5",,,"11",,,,,,,,,"10163",,,"8",,,,,"9","242",,,,,,,,,,,,,"236","43","798","172","7","0",,"1","1FFF1F","1AAAA1AAA1AAAA","4",,,,
"4301571","2019-09-25T12:00:00","24.03","-133.77",,,"1","4","2","5",,,"11",,,,,,,,,"10160",,,"8",,,,,"9","242",,,,,,,,,,,,,"236","43","798","172","7","0",,"1","1FFF1F","1AAAA1AAA1AAAA","4",,,,
"5102593","2019-09-25T12:00:00","21.87","-131.51",,,"1","4","2","5",,,"11",,,,,,,,,,,,"8",,,,,"9","246",,,,,,,,,,,,,"236","11","798","172","7","0",,"1","1FFFFF","1AAAAAAAA1AAAA","4",,,,
"4301567","2019-09-25T12:01:00","24.23","-134.29",,,"1","4","2","5",,,"11",,,,,,,,,"10164",,,"8",,,,,"9","240",,,,,,,,,,,,,"236","44","798","172","7","0",,"1","1FFF1F","1AAAA1AAA1AAAA","4",,,,
"4301567","2019-09-25T13:00:00","24.22","-134.31",,,"1","4","2","5",,,"11",,,,,,,,,"10162",,,"8",,,,,"9","240",,,,,,,,,,,,,"236","44","798","172","7","0",,"1","1FFF1F","1AAAA1AAA1AAAA","4",,,,
"5102593","2019-09-25T13:00:00","21.87","-131.51",,,"1","4","2","5",,,"11",,,,,,,,,,,,"8",,,,,"9","246",,,,,,,,,,,,,"236","11","798","172","7","0",,"1","1FFFFF","1AAAAAAAA1AAAA","4",,,,
"5102593","2019-09-25T14:00:00","21.87","-131.50",,,"1","4","2","5",,,"11",,,,,,,,,,,,"8",,,,,"9","246",,,,,,,,,,,,,"236","11","798","172","7","0",,"1","1FFFFF","1AAAAAAAA1AAAA","4",,,,
"4301567","2019-09-25T14:03:00","24.22","-134.32",,,"1","4","2","5",,,"11",,,,,,,,,"10164",,,"8",,,,,"9","240",,,,,,,,,,,,,"236","44","798","172","7","0",,"1","1FFF1F","1AAAA1AAA1AAAA","4",,,,
"4301571","2019-09-25T14:03:00","24.03","-133.77",,,"1","4","2","5",,,"11",,,,,,,,,"10160",,,"8",,,,,"9","242",,,,,,,,,,,,,"236","43","798","172","7","0",,"1","1FFF1F","1AAAA1AAA1AAAA","4",,,,
"4301567","2019-09-25T15:00:00","24.21","-134.34",,,"1","4","2","5",,,"11",,,,,,,,,"10165",,,"8",,,,,"9","240",,,,,,,,,,,,,"236","44","798","172","7","0",,"2","1FFF1F","1AAAA1AAA1AAAA","4",,,,
"5102593","2019-09-25T15:00:00","21.87","-131.50",,,"1","4","2","5",,,"11",,,,,,,,,,,,"8",,,,,"9","246",,,,,,,,,,,,,"236","11","798","172","7","0",,"2","1FFFFF","1AAAAAAAA1AAAA","4",,,,
"4301571","2019-09-25T15:04:00","24.03","-133.77",,,"1","4","2","5",,,"11",,,,,,,,,"10162",,,"8",,,,,"9","242",,,,,,,,,,,,,"236","43","798","172","7","0",,"2","1FFF1F","1AAAA1AAA1AAAA","4",,,,
"4301567","2019-09-25T16:00:00","24.21","-134.35",,,"1","4","2","5",,,"11",,,,,,,,,"10167",,,"8",,,,,"9","240",,,,,,,,,,,,,"236","44","798","172","7","0",,"2","1FFF1F","1AAAA1AAA1AAAA","4",,,,
"5102593","2019-09-25T16:00:00","21.86","-131.50",,,"1","4","2","5",,,"11",,,,,,,,,,,,"8",,,,,"9","246",,,,,,,,,,,,,"236","11","798","172","7","0",,"2","1FFFFF","1AAAAAAAA1AAAA","4",,,,
"4301571","2019-09-25T16:04:00","24.03","-133.77",,,"1","4","2","5",,,"11",,,,,,,,,"10164",,,"8",,,,,"9","242",,,,,,,,,,,,,"236","43","798","172","7","0",,"2","1FFF1F","1AAAA1AAA1AAAA","4",,,,
"4301567","2019-09-25T17:00:00","24.21","-134.36",,,"1","4","2","5",,,"11",,,,,,,,,"10172",,,"8",,,,,"9","240",,,,,,,,,,,,,"236","44","798","172","7","0",,"2","1FFF1F","1AAAA1AAA1AAAA","4",,,,
"4301571","2019-09-25T17:00:00","24.03","-133.78",,,"1","4","2","5",,,"11",,,,,,,,,"10167",,,"8",,,,,"9","242",,,,,,,,,,,,,"236","43","798","172","7","0",,"2","1FFF1F","1AAAA1AAA1AAAA","4",,,,
"5102593","2019-09-25T17:00:00","21.86","-131.50",,,"1","4","2","5",,,"11",,,,,,,,,,,,"8",,,,,"9","246",,,,,,,,,,,,,"236","11","798","172","7","0",,"2","1FFFFF","1AAAAAAAA1AAAA","4",,,,
"4301567","2019-09-25T18:00:00","24.21","-134.37",,,"1","4","2","5",,,"11",,,,,,,,,"10173",,,"8",,,,,"9","240",,,,,,,,,,,,,"236","44","798","172","7","0",,"2","1FFF1F","1AAAA1AAA1AAAA","4",,,,
"5102593","2019-09-25T18:00:00","21.86","-131.50",,,"1","4","2","5",,,"11",,,,,,,,,,,,"8",,,,,"9","246",,,,,,,,,,,,,"236","11","798","172","7","0",,"2","1FFFFF","1AAAAAAAA1AAAA","4",,,,
"4301571","2019-09-25T18:04:00","24.03","-133.78",,,"1","4","2","5",,,"11",,,,,,,,,"10171",,,"8",,,,,"9","242",,,,,,,,,,,,,"236","43","798","172","7","0",,"2","1FFF1F","1AAAA1AAA1AAAA","4",,,,
"4301567","2019-09-25T19:00:00","24.21","-134.38",,,"1","4","2","5",,,"11",,,,,,,,,"10169",,,"8",,,,,"9","240",,,,,,,,,,,,,"236","44","798","172","7","0",,"2","1FFF1F","1AAAA1AAA1AAAA","4",,,,
"4301571","2019-09-25T19:00:00","24.03","-133.79",,,"1","4","2","5",,,"11",,,,,,,,,"10167",,,"8",,,,,"9","243",,,,,,,,,,,,,"236","43","798","172","7","0",,"2","1FFF1F","1AAAA1AAA1AAAA","4",,,,
"5102593","2019-09-25T19:00:00","21.85","-131.51",,,"1","4","2","5",,,"11",,,,,,,,,,,,"8",,,,,"9","246",,,,,,,,,,,,,"236","11","798","172","7","0",,"2","1FFFFF","1AAAAAAAA1AAAA","4",,,,
"4301568","2019-09-25T19:04:00","29.99","-131.45",,,"1","4","2","5",,,"11",,,,,,,,,"10178",,,"8",,,,,"9","233",,,,,,,,,,,,,"236","91","798","172","7","0",,"2","1FFF1F","1AAAA1AAA1AAAA","4",,,,
"4301567","2019-09-25T20:00:00","24.20","-134.39",,,"1","4","2","5",,,"11",,,,,,,,,"10163",,,"8",,,,,"9","241",,,,,,,,,,,,,"236","44","798","172","7","0",,"2","1FFF1F","1AAAA1AAA1AAAA","4",,,,
"4301568","2019-09-25T20:00:00","29.99","-131.45",,,"1","4","2","5",,,"11",,,,,,,,,"10172",,,"8",,,,,"9","233",,,,,,,,,,,,,"236","91","798","172","7","0",,"2","1FFF1F","1AAAA1AAA1AAAA","4",,,,
"4301571","2019-09-25T20:00:00","24.03","-133.79",,,"1","4","2","5",,,"11",,,,,,,,,"10159",,,"8",,,,,"9","243",,,,,,,,,,,,,"236","43","798","172","7","0",,"2","1FFF1F","1AAAA1AAA1AAAA","4",,,,
"5102593","2019-09-25T20:00:00","21.86","-131.51",,,"1","4","2","5",,,"11",,,,,,,,,,,,"8",,,,,"9","247",,,,,,,,,,,,,"236","11","798","172","7","0",,"2","1FFFFF","1AAAAAAAA1AAAA","4",,,,
"4301567","2019-09-25T21:00:00","24.20","-134.40",,,"1","4","2","5",,,"11",,,,,,,,,"10156",,,"8",,,,,"9","242",,,,,,,,,,,,,"236","44","798","172","7","0",,"2","1FFF1F","1AAAA1AAA1AAAA","4",,,,
"4301571","2019-09-25T21:00:00","24.03","-133.79",,,"1","4","2","5",,,"11",,,,,,,,,"10151",,,"8",,,,,"9","244",,,,,,,,,,,,,"236","43","798","172","7","0",,"2","1FFF1F","1AAAA1AAA1AAAA","4",,,,
"5102593","2019-09-25T21:00:00","21.86","-131.51",,,"1","4","2","5",,,"11",,,,,,,,,,,,"8",,,,,"9","247",,,,,,,,,,,,,"236","11","798","172","7","0",,"2","1FFFFF","1AAAAAAAA1AAAA","4",,,,
"4301568","2019-09-25T21:04:00","29.98","-131.46",,,"1","4","2","5",,,"11",,,,,,,,,"10164",,,"8",,,,,"9","233",,,,,,,,,,,,,"236","91","798","172","7","0",,"2","1FFF1F","1AAAA1AAA1AAAA","4",,,,
"4301567","2019-09-25T22:00:00","24.20","-134.41",,,"1","4","2","5",,,"11",,,,,,,,,"10150",,,"8",,,,,"9","243",,,,,,,,,,,,,"236","44","798","172","7","0",,"2","1FFF1F","1AAAA1AAA1AAAA","4",,,,
"4301571","2019-09-25T22:00:00","24.03","-133.79",,,"1","4","2","5",,,"11",,,,,,,,,"10143",,,"8",,,,,"9","245",,,,,,,,,,,,,"236","43","798","172","7","0",,"2","1FFF1F","1AAAA1AAA1AAAA","4",,,,
"5102593","2019-09-25T22:00:00","21.86","-131.50",,,"1","4","2","5",,,"11",,,,,,,,,,,,"8",,,,,"9","248",,,,,,,,,,,,,"236","11","798","172","7","0",,"2","1FFFFF","1AAAAAAAA1AAAA","4",,,,
"4301567","2019-09-25T23:00:00","24.19","-134.42",,,"1","4","2","5",,,"11",,,,,,,,,"10142",,,"8",,,,,"9","243",,,,,,,,,,,,,"236","44","798","172","7","0",,"2","1FFF1F","1AAAA1AAA1AAAA","4",,,,
"4301571","2019-09-25T23:00:00","24.03","-133.79",,,"1","4","2","5",,,"11",,,,,,,,,"10136",,,"8",,,,,"9","245",,,,,,,,,,,,,"236","43","798","172","7","0",,"2","1FFF1F","1AAAA1AAA1AAAA","4",,,,
"5102593","2019-09-25T23:00:00","21.86","-131.50",,,"1","4","2","5",,,"11",,,,,,,,,,,,"8",,,,,"9","248",,,,,,,,,,,,,"236","11","798","172","7","0",,"2","1FFFFF","1AAAAAAAA1AAAA","4",,,,
"4301564","2019-09-25T23:03:00","29.98","-130.80",,,"1","4","2","5",,,"11",,,,,,,,,"10148",,,"8",,,,,"9","233",,,,,,,,,,,,,"236","90","798","172","7","0",,"2","1FFF1F","1AAAA1AAA1AAAA","4",,,,
"4301567","2019-09-26T00:00:00","24.19","-134.42",,,"1","4","2","5",,,"11",,,,,,,,,"10136",,,"8",,,,,"9","244",,,,,,,,,,,,,"236","44","798","172","7","0",,"2","1FFF1F","1AAAA1AAA1AAAA","4",,,,
"4301571","2019-09-26T00:00:00","24.04","-133.80",,,"1","4","2","5",,,"11",,,,,,,,,"10132",,,"8",,,,,"9","246",,,,,,,,,,,,,"236","43","798","172","7","0",,"2","1FFF1F","1AAAA1AAA1AAAA","4",,,,
"5102593","2019-09-26T00:00:00","21.86","-131.49",,,"1","4","2","5",,,"11",,,,,,,,,,,,"8",,,,,"9","248",,,,,,,,,,,,,"236","11","798","172","7","0",,"2","1FFFFF","1AAAAAAAA1AAAA","4",,,,
"2ICH9","2019-09-26T01:00:00","27.60","-132.50",,,"1","6","2","5","1","3","1",,"40","4","77","1","98","2","2","10131","6","12","8","240",,"200","176","3","231","6","6","7","2","A","A",,"4","2","5","8","3","236","72","798","172","5","1","2","2","111111","11111111111111",,"5",,"2",
"4301571","2019-09-26T01:00:00","24.04","-133.80",,,"1","4","2","5",,,"11",,,,,,,,,"10132",,,"8",,,,,"9","245",,,,,,,,,,,,,"236","43","798","172","7","0",,"2","1FFF1F","1AAAA1AAA1AAAA","4",,,,
"5102593","2019-09-26T01:00:00","21.86","-131.48",,,"1","4","2","5",,,"11",,,,,,,,,,,,"8",,,,,"9","248",,,,,,,,,,,,,"236","11","798","172","7","0",,"2","1FFFFF","1AAAAAAAA1AAAA","4",,,,
"4301567","2019-09-26T01:02:00","24.19","-134.43",,,"1","4","2","5",,,"11",,,,,,,,,"10135",,,"8",,,,,"9","244",,,,,,,,,,,,,"236","44","798","172","7","0",,"2","1FFF1F","1AAAA1AAA1AAAA","4",,,,
"4301564","2019-09-26T01:04:00","29.98","-130.81",,,"1","4","2","5",,,"11",,,,,,,,,"10143",,,"8",,,,,"9","233",,,,,,,,,,,,,"236","90","798","172","7","0",,"2","1FFF1F","1AAAA1AAA1AAAA","4",,,,
"4301567","2019-09-26T02:00:00","24.19","-134.44",,,"1","4","2","5",,,"11",,,,,,,,,"10135",,,"8",,,,,"9","243",,,,,,,,,,,,,"236","44","798","172","7","0",,"2","1FFF1F","1AAAA1AAA1AAAA","4",,,,
"4301571","2019-09-26T02:00:00","24.04","-133.80",,,"1","4","2","5",,,"11",,,,,,,,,"10132",,,"8",,,,,"9","245",,,,,,,,,,,,,"236","43","798","172","7","0",,"2","1FFF1F","1AAAA1AAA1AAAA","4",,,,
"5102593","2019-09-26T02:00:00","21.85","-131.48",,,"1","4","2","5",,,"11",,,,,,,,,,,,"8",,,,,"9","248",,,,,,,,,,,,,"236","11","798","172","7","0",,"2","1FFFFF","1AAAAAAAA1AAAA","4",,,,
"4301564","2019-09-26T03:00:00","29.98","-130.81",,,"1","4","2","5",,,"11",,,,,,,,,"10143",,,"8",,,,,"9","233",,,,,,,,,,,,,"236","90","798","172","7","0",,"1","1FFF1F","1AAAA1AAA1AAAA","4",,,,
"4301571","2019-09-26T03:00:00","24.05","-133.80",,,"1","4","2","5",,,"11",,,,,,,,,"10136",,,"8",,,,,"9","244",,,,,,,,,,,,,"236","43","798","172","7","0",,"2","1FFF1F","1AAAA1AAA1AAAA","4",,,,
"5102593","2019-09-26T03:00:00","21.85","-131.48",,,"1","4","2","5",,,"11",,,,,,,,,,,,"8",,,,,"9","248",,,,,,,,,,,,,"236","11","798","172","7","0",,"1","1FFFFF","1AAAAAAAA1AAAA","4",,,,
"4301567","2019-09-26T03:03:00","24.19","-134.45",,,"1","4","2","5",,,"11",,,,,,,,,"10142",,,"8",,,,,"9","242",,,,,,,,,,,,,"236","44","798","172","7","0",,"2","1FFF1F","1AAAA1AAA1AAAA","4",,,,
"4301564","2019-09-26T04:00:00","29.98","-130.82",,,"1","4","2","5",,,"11",,,,,,,,,"10146",,,"8",,,,,"9","233",,,,,,,,,,,,,"236","90","798","172","7","0",,"1","1FFF1F","1AAAA1AAA1AAAA","4",,,,
"4301567","2019-09-26T04:00:00","24.19","-134.45",,,"1","4","2","5",,,"11",,,,,,,,,"10141",,,"8",,,,,"9","242",,,,,,,,,,,,,"236","44","798","172","7","0",,"1","1FFF1F","1AAAA1AAA1AAAA","4",,,,
"4301571","2019-09-26T04:00:00","24.05","-133.80",,,"1","4","2","5",,,"11",,,,,,,,,"10138",,,"8",,,,,"9","244",,,,,,,,,,,,,"236","43","798","172","7","0",,"1","1FFF1F","1AAAA1AAA1AAAA","4",,,,
"5102593","2019-09-26T04:00:00","21.85","-131.48",,,"1","4","2","5",,,"11",,,,,,,,,,,,"8",,,,,"9","248",,,,,,,,,,,,,"236","11","798","172","7","0",,"1","1FFFFF","1AAAAAAAA1AAAA","4",,,,
"4301567","2019-09-26T05:00:00","24.19","-134.46",,,"1","4","2","5",,,"11",,,,,,,,,"10146",,,"8",,,,,"9","242",,,,,,,,,,,,,"236","44","798","172","7","0",,"1","1FFF1F","1AAAA1AAA1AAAA","4",,,,
"4301571","2019-09-26T05:00:00","24.06","-133.79",,,"1","4","2","5",,,"11",,,,,,,,,"10143",,,"8",,,,,"9","244",,,,,,,,,,,,,"236","43","798","172","7","0",,"1","1FFF1F","1AAAA1AAA1AAAA","4",,,,
"5102593","2019-09-26T05:00:00","21.84","-131.47",,,"1","4","2","5",,,"11",,,,,,,,,,,,"8",,,,,"9","248",,,,,,,,,,,,,"236","11","798","172","7","0",,"1","1FFFFF","1AAAAAAAA1AAAA","4",,,,
"4301564","2019-09-26T05:04:00","29.98","-130.83",,,"1","4","2","5",,,"11",,,,,,,,,"10151",,,"8",,,,,"9","233",,,,,,,,,,,,,"236","90","798","172","7","0",,"1","1FFF1F","1AAAA1AAA1AAAA","4",,,,
"4301567","2019-09-26T06:00:00","24.18","-134.46",,,"1","4","2","5",,,"11",,,,,,,,,"10151",,,"8",,,,,"9","242",,,,,,,,,,,,,"236","44","798","172","7","0",,"1","1FFF1F","1AAAA1AAA1AAAA","4",,,,
"4301571","2019-09-26T06:00:00","24.06","-133.79",,,"1","4","2","5",,,"11",,,,,,,,,"10146",,,"8",,,,,"9","244",,,,,,,,,,,,,"236","43","798","172","7","0",,"1","1FFF1F","1AAAA1AAA1AAAA","4",,,,
"5102593","2019-09-26T06:00:00","21.84","-131.47",,,"1","4","2","5",,,"11",,,,,,,,,,,,"8",,,,,"9","248",,,,,,,,,,,,,"236","11","798","172","7","0",,"1","1FFFFF","1AAAAAAAA1AAAA","4",,,,
"4301567","2019-09-26T07:00:00","24.18","-134.46",,,"1","4","2","5",,,"11",,,,,,,,,"10150",,,"8",,,,,"9","241",,,,,,,,,,,,,"236","44","798","172","7","0",,"1","1FFF1F","1AAAA1AAA1AAAA","4",,,,
"4301571","2019-09-26T07:00:00","24.07","-133.79",,,"1","4","2","5",,,"11",,,,,,,,,"10147",,,"8",,,,,"9","243",,,,,,,,,,,,,"236","43","798","172","7","0",,"1","1FFF1F","1AAAA1AAA1AAAA","4",,,,
"5102593","2019-09-26T07:00:00","21.84","-131.47",,,"1","4","2","5",,,"11",,,,,,,,,,,,"8",,,,,"9","247",,,,,,,,,,,,,"236","11","798","172","7","0",,"1","1FFFFF","1AAAAAAAA1AAAA","4",,,,
"4301568","2019-09-26T07:03:00","29.93","-131.50",,,"1","4","2","5",,,"11",,,,,,,,,"10155",,,"8",,,,,"9","233",,,,,,,,,,,,,"236","91","798","172","7","0",,"1","1FFF1F","1AAAA1AAA1AAAA","4",,,,
"4301567","2019-09-26T08:00:00","24.17","-134.47",,,"1","4","2","5",,,"11",,,,,,,,,"10148",,,"8",,,,,"9","241",,,,,,,,,,,,,"236","44","798","172","7","0",,"1","1FFF1F","1AAAA1AAA1AAAA","4",,,,
"4301568","2019-09-26T08:00:00","29.93","-131.51",,,"1","4","2","5",,,"11",,,,,,,,,"10155",,,"8",,,,,"9","232",,,,,,,,,,,,,"236","91","798","172","7","0",,"1","1FFF1F","1AAAA1AAA1AAAA","4",,,,
"5102593","2019-09-26T08:00:00","21.84","-131.47",,,"1","4","2","5",,,"11",,,,,,,,,,,,"8",,,,,"9","247",,,,,,,,,,,,,"236","11","798","172","7","0",,"1","1FFFFF","1AAAAAAAA1AAAA","4",,,,
"4301567","2019-09-26T09:00:00","24.16","-134.48",,,"1","4","2","5",,,"11",,,,,,,,,"10144",,,"8",,,,,"9","241",,,,,,,,,,,,,"236","44","798","172","7","0",,"1","1FFF1F","1AAAA1AAA1AAAA","4",,,,
"4301571","2019-09-26T09:00:00","24.06","-133.78",,,"1","4","2","5",,,"11",,,,,,,,,"10141",,,"8",,,,,"9","243",,,,,,,,,,,,,"236","43","798","172","7","0",,"1","1FFF1F","1AAAA1AAA1AAAA","4",,,,
"5102593","2019-09-26T09:00:00","21.84","-131.46",,,"1","4","2","5",,,"11",,,,,,,,,,,,"8",,,,,"9","247",,,,,,,,,,,,,"236","11","798","172","7","0",,"1","1FFFFF","1AAAAAAAA1AAAA","4",,,,
"4301567","2019-09-26T10:00:00","24.15","-134.49",,,"1","4","2","5",,,"11",,,,,,,,,"10139",,,"8",,,,,"9","241",,,,,,,,,,,,,"236","44","798","172","7","0",,"1","1FFF1F","1AAAA1AAA1AAAA","4",,,,
"4301571","2019-09-26T10:00:00","24.06","-133.78",,,"1","4","2","5",,,"11",,,,,,,,,"10135",,,"8",,,,,"9","243",,,,,,,,,,,,,"236","43","798","172","7","0",,"1","1FFF1F","1AAAA1AAA1AAAA","4",,,,
"5102593","2019-09-26T10:00:00","21.84","-131.46",,,"1","4","2","5",,,"11",,,,,,,,,,,,"8",,,,,"9","247",,,,,,,,,,,,,"236","11","798","172","7","0",,"1","1FFFFF","1AAAAAAAA1AAAA","4",,,,
"4301567","2019-09-26T11:00:00","24.15","-134.49",,,"1","4","2","5",,,"11",,,,,,,,,"10134",,,"8",,,,,"9","241",,,,,,,,,,,,,"236","44","798","172","7","0",,"1","1FFF1F","1AAAA1AAA1AAAA","4",,,,
"4301571","2019-09-26T11:00:00","24.06","-133.77",,,"1","4","2","5",,,"11",,,,,,,,,"10130",,,"8",,,,,"9","243",,,,,,,,,,,,,"236","43","798","172","7","0",,"1","1FFF1F","1AAAA1AAA1AAAA","4",,,,
"5102593","2019-09-26T11:00:00","21.84","-131.46",,,"1","4","2","5",,,"11",,,,,,,,,,,,"8",,,,,"9","247",,,,,,,,,,,,,"236","11","798","172","7","0",,"1","1FFFFF","1AAAAAAAA1AAAA","4",,,,
"4301567","2019-09-26T12:00:00","24.14","-134.50",,,"1","4","2","5",,,"11",,,,,,,,,"10130",,,"8",,,,,"9","241",,,,,,,,,,,,,"236","44","798","172","7","0",,"1","1FFF1F","1AAAA1AAA1AAAA","4",,,,
"5102593","2019-09-26T12:00:00","21.84","-131.45",,,"1","4","2","5",,,"11",,,,,,,,,,,,"8",,,,,"9","247",,,,,,,,,,,,,"236","11","798","172","7","0",,"1","1FFFFF","1AAAAAAAA1AAAA","4",,,,
"4301571","2019-09-26T12:01:00","24.06","-133.77",,,"1","4","2","5",,,"11",,,,,,,,,"10129",,,"8",,,,,"9","243",,,,,,,,,,,,,"236","43","798","172","7","0",,"1","1FFF1F","1AAAA1AAA1AAAA","4",,,,
"4301567","2019-09-26T13:00:00","24.13","-134.51",,,"1","4","2","5",,,"11",,,,,,,,,"10130",,,"8",,,,,"9","241",,,,,,,,,,,,,"236","44","798","172","7","0",,"1","1FFF1F","1AAAA1AAA1AAAA","4",,,,
"4301571","2019-09-26T13:00:00","24.05","-133.77",,,"1","4","2","5",,,"11",,,,,,,,,"10129",,,"8",,,,,"9","243",,,,,,,,,,,,,"236","43","798","172","7","0",,"1","1FFF1F","1AAAA1AAA1AAAA","4",,,,
"5102593","2019-09-26T13:00:00","21.84","-131.45",,,"1","4","2","5",,,"11",,,,,,,,,,,,"8",,,,,"9","247",,,,,,,,,,,,,"236","11","798","172","7","0",,"1","1FFFFF","1AAAAAAAA1AAAA","4",,,,
"4301567","2019-09-26T14:00:00","24.13","-134.52",,,"1","4","2","5",,,"11",,,,,,,,,"10136",,,"8",,,,,"9","240",,,,,,,,,,,,,"236","44","798","172","7","0",,"1","1FFF1F","1AAAA1AAA1AAAA","4",,,,
"4301571","2019-09-26T14:00:00","24.05","-133.77",,,"1","4","2","5",,,"11",,,,,,,,,"10133",,,"8",,,,,"9","243",,,,,,,,,,,,,"236","43","798","172","7","0",,"1","1FFF1F","1AAAA1AAA1AAAA","4",,,,
"5102593","2019-09-26T14:00:00","21.84","-131.44",,,"1","4","2","5",,,"11",,,,,,,,,,,,"8",,,,,"9","247",,,,,,,,,,,,,"236","11","798","172","7","0",,"1","1FFFFF","1AAAAAAAA1AAAA","4",,,,
"4301567","2019-09-26T15:00:00","24.12","-134.54",,,"1","4","2","5",,,"11",,,,,,,,,"10136",,,"8",,,,,"9","240",,,,,,,,,,,,,"236","44","798","172","7","0",,"2","1FFF1F","1AAAA1AAA1AAAA","4",,,,
"5102593","2019-09-26T15:00:00","21.84","-131.43",,,"1","4","2","5",,,"11",,,,,,,,,,,,"8",,,,,"9","247",,,,,,,,,,,,,"236","11","798","172","7","0",,"2","1FFFFF","1AAAAAAAA1AAAA","4",,,,
"ZCDY2","2019-09-26T15:00:00","29.50","-131.10",,,"1","6","2","5","6","4","1",,"250","4","82","1","98","2","2","10144","1","10","8","220",,"193","179","3","230","8","8","7","2","A","A",,"3","1","35","5","2","236","91","798","172","5","1","2","2","113111","11111111111111",,"5",,"2",
"4301571","2019-09-26T15:03:00","24.05","-133.77",,,"1","4","2","5",,,"11",,,,,,,,,"10137",,,"8",,,,,"9","243",,,,,,,,,,,,,"236","43","798","172","7","0",,"2","1FFF1F","1AAAA1AAA1AAAA","4",,,,
"4301567","2019-09-26T16:00:00","24.12","-134.55",,,"1","4","2","5",,,"11",,,,,,,,,"10143",,,"8",,,,,"9","240",,,,,,,,,,,,,"236","44","798","172","7","0",,"2","1FFF1F","1AAAA1AAA1AAAA","4",,,,
"4301571","2019-09-26T16:00:00","24.04","-133.77",,,"1","4","2","5",,,"11",,,,,,,,,"10141",,,"8",,,,,"9","243",,,,,,,,,,,,,"236","43","798","172","7","0",,"2","1FFF1F","1AAAA1AAA1AAAA","4",,,,
"5102593","2019-09-26T16:00:00","21.83","-131.43",,,"1","4","2","5",,,"11",,,,,,,,,,,,"8",,,,,"9","247",,,,,,,,,,,,,"236","11","798","172","7","0",,"2","1FFFFF","1AAAAAAAA1AAAA","4",,,,
"4301567","2019-09-26T17:00:00","24.12","-134.56",,,"1","4","2","5",,,"11",,,,,,,,,"10147",,,"8",,,,,"9","240",,,,,,,,,,,,,"236","44","798","172","7","0",,"2","1FFF1F","1AAAA1AAA1AAAA","4",,,,
"4301571","2019-09-26T17:00:00","24.04","-133.77",,,"1","4","2","5",,,"11",,,,,,,,,"10146",,,"8",,,,,"9","243",,,,,,,,,,,,,"236","43","798","172","7","0",,"2","1FFF1F","1AAAA1AAA1AAAA","4",,,,
"5102593","2019-09-26T17:00:00","21.83","-131.42",,,"1","4","2","5",,,"11",,,,,,,,,,,,"8",,,,,"9","247",,,,,,,,,,,,,"236","11","798","172","7","0",,"2","1FFFFF","1AAAAAAAA1AAAA","4",,,,
"4301567","2019-09-26T18:00:00","24.11","-134.57",,,"1","4","2","5",,,"11",,,,,,,,,"10150",,,"8",,,,,"9","240",,,,,,,,,,,,,"236","44","798","172","7","0",,"2","1FFF1F","1AAAA1AAA1AAAA","4",,,,
"5102593","2019-09-26T18:00:00","21.83","-131.42",,,"1","4","2","5",,,"11",,,,,,,,,,,,"8",,,,,"9","248",,,,,,,,,,,,,"236","11","798","172","7","0",,"2","1FFFFF","1AAAAAAAA1AAAA","4",,,,
"4301571","2019-09-26T18:02:00","24.05","-133.77",,,"1","4","2","5",,,"11",,,,,,,,,"10149",,,"8",,,,,"9","243",,,,,,,,,,,,,"236","43","798","172","7","0",,"2","1FFF1F","1AAAA1AAA1AAAA","4",,,,
"5102593","2019-09-26T19:00:00","21.83","-131.41",,,"1","4","2","5",,,"11",,,,,,,,,,,,"8",,,,,"9","250",,,,,,,,,,,,,"236","11","798","172","7","0",,"2","1FFFFF","1AAAAAAAA1AAAA","4",,,,
"4301567","2019-09-26T19:01:00","24.11","-134.58",,,"1","4","2","5",,,"11",,,,,,,,,"10149",,,"8",,,,,"9","241",,,,,,,,,,,,,"236","44","798","172","7","0",,"2","1FFF1F","1AAAA1AAA1AAAA","4",,,,
"4301568","2019-09-26T19:04:00","29.92","-131.54",,,"1","4","2","5",,,"11",,,,,,,,,"10158",,,"8",,,,,"9","232",,,,,,,,,,,,,"236","91","798","172","7","0",,"2","1FFF1F","1AAAA1AAA1AAAA","4",,,,
"4301571","2019-09-26T19:04:00","24.04","-133.78",,,"1","4","2","5",,,"11",,,,,,,,,"10148",,,"8",,,,,"9","243",,,,,,,,,,,,,"236","43","798","172","7","0",,"2","1FFF1F","1AAAA1AAA1AAAA","4",,,,
"4301567","2019-09-26T20:00:00","24.11","-134.59",,,"1","4","2","5",,,"11",,,,,,,,,"10143",,,"8",,,,,"9","242",,,,,,,,,,,,,"236","44","798","172","7","0",,"2","1FFF1F","1AAAA1AAA1AAAA","4",,,,
"4301571","2019-09-26T20:00:00","24.04","-133.78",,,"1","4","2","5",,,"11",,,,,,,,,"10139",,,"8",,,,,"9","244",,,,,,,,,,,,,"236","43","798","172","7","0",,"2","1FFF1F","1AAAA1AAA1AAAA","4",,,,
"5102593","2019-09-26T20:00:00","21.82","-131.41",,,"1","4","2","5",,,"11",,,,,,,,,,,,"8",,,,,"9","251",,,,,,,,,,,,,"236","11","798","172","7","0",,"2","1FFFFF","1AAAAAAAA1AAAA","4",,,,
"WTEF","2019-09-26T20:00:00","29.60","-140.00",,,"1","5","2","5","9",,"1",,"80","4","82",,,,,"10182",,,"8","245",,,"189",,,,,"A",,"A","A",,,,,,,"235","90","798","172","5","1","2","2","F11111","11AAA11A1A8AAA",,"5",,,
"4301568","2019-09-26T20:02:00","29.92","-131.54",,,"1","4","2","5",,,"11",,,,,,,,,"10154",,,"8",,,,,"9","232",,,,,,,,,,,,,"236","91","798","172","7","0",,"2","1FFF1F","1AAAA1AAA1AAAA","4",,,,
"4301567","2019-09-26T21:00:00","24.11","-134.60",,,"1","4","2","5",,,"11",,,,,,,,,"10139",,,"8",,,,,"9","243",,,,,,,,,,,,,"236","44","798","172","7","0",,"2","1FFF1F","1AAAA1AAA1AAAA","4",,,,
"4301568","2019-09-26T21:00:00","29.91","-131.54",,,"1","4","2","5",,,"11",,,,,,,,,"10149",,,"8",,,,,"9","232",,,,,,,,,,,,,"236","91","798","172","7","0",,"2","1FFF1F","1AAAA1AAA1AAAA","4",,,,
"5102593","2019-09-26T21:00:00","21.82","-131.41",,,"1","4","2","5",,,"11",,,,,,,,,,,,"8",,,,,"9","253",,,,,,,,,,,,,"236","11","798","172","7","0",,"2","1FFFFF","1AAAAAAAA1AAAA","4",,,,
"ONIY","2019-09-26T21:00:00","23.20","-133.90",,,"1","4","0","0",,,"1","0","320","3","67",,"98","2",,"10130",,,"0","250",,,"220","3","280","8",,,"A",,,,,,"34",,"5","236","33","992","114","5","1","2","2","513111","1111A11A111A3A",,,"1",,"4"
"WTEF","2019-09-26T21:00:00","29.60","-139.80",,,"1","6","2","5","1","3","1",,"90","4","103","1","98",,"2","10180","0","8","8","241",,,"191","0","233","8",,"A","A","A","A",,,"1","5",,"2","236","99","798","172","5","1","2","2","111111","111A111A111331",,"5",,"2",
"4301571","2019-09-26T21:01:00","24.04","-133.79",,,"1","4","2","5",,,"11",,,,,,,,,"10135",,,"8",,,,,"9","245",,,,,,,,,,,,,"236","43","798","172","7","0",,"2","1FFF1F","1AAAA1AAA1AAAA","4",,,,
"4301567","2019-09-26T22:00:00","24.11","-134.61",,,"1","4","2","5",,,"11",,,,,,,,,"10132",,,"8",,,,,"9","244",,,,,,,,,,,,,"236","44","798","172","7","0",,"2","1FFF1F","1AAAA1AAA1AAAA","4",,,,
"5102593","2019-09-26T22:00:00","21.81","-131.41",,,"1","4","2","5",,,"11",,,,,,,,,,,,"8",,,,,"9","256",,,,,,,,,,,,,"236","11","798","172","7","0",,"2","1FFFFF","1AAAAAAAA1AAAA","4",,,,
"WTEF","2019-09-26T22:00:00","29.80","-139.70",,,"1","5","2","5","9",,"1",,"80","4","87",,,,,"10165",,,"8","243",,,"194",,,,,"A",,"A","A",,,,,,,"236","99","798","172","5","1","2","2","F11111","11AAA11A1A8AAA",,"5",,,
"4301571","2019-09-26T22:02:00","24.04","-133.79",,,"1","4","2","5",,,"11",,,,,,,,,"10130",,,"8",,,,,"9","246",,,,,,,,,,,,,"236","43","798","172","7","0",,"2","1FFF1F","1AAAA1AAA1AAAA","4",,,,
"4301568","2019-09-26T22:04:00","29.90","-131.54",,,"1","4","2","5",,,"11",,,,,,,,,"10145",,,"8",,,,,"9","232",,,,,,,,,,,,,"236","91","798","172","7","0",,"2","1FFF1F","1AAAA1AAA1AAAA","4",,,,
"4301567","2019-09-26T23:00:00","24.11","-134.62",,,"1","4","2","5",,,"11",,,,,,,,,"10128",,,"8",,,,,"9","243",,,,,,,,,,,,,"236","44","798","172","7","0",,"2","1FFF1F","1AAAA1AAA1AAAA","4",,,,
"4301568","2019-09-26T23:00:00","29.89","-131.54",,,"1","4","2","5",,,"11",,,,,,,,,"10141",,,"8",,,,,"9","232",,,,,,,,,,,,,"236","91","798","172","7","0",,"2","1FFF1F","1AAAA1AAA1AAAA","4",,,,
"4301571","2019-09-26T23:00:00","24.05","-133.79",,,"1","4","2","5",,,"11",,,,,,,,,"10125",,,"8",,,,,"9","247",,,,,,,,,,,,,"236","43","798","172","7","0",,"2","1FFF1F","1AAAA1AAA1AAAA","4",,,,
"5102593","2019-09-26T23:00:00","21.81","-131.40",,,"1","4","2","5",,,"11",,,,,,,,,,,,"8",,,,,"9","257",,,,,,,,,,,,,"236","11","798","172","7","0",,"2","1FFFFF","1AAAAAAAA1AAAA","4",,,,
"WTEF","2019-09-26T23:00:00","29.90","-139.30",,,"1","4","0","0","1","3","1",,"60","4","87",,"97",,,"10170","4","0","0","245",,,"199","0","233","4",,"A","A","A","A",,,"1","5",,"3","236","99","992","114","5","1","2","2","11FF11","1A1AA11A111731",,"5","1",,"4"
"4301567","2019-09-27T00:00:00","24.11","-134.63",,,"1","4","2","5",,,"11",,,,,,,,,"10126",,,"8",,,,,"9","244",,,,,,,,,,,,,"236","44","798","172","7","0",,"2","1FFF1F","1AAAA1AAA1AAAA","4",,,,
"4301568","2019-09-27T00:00:00","29.88","-131.55",,,"1","4","2","5",,,"11",,,,,,,,,"10139",,,"8",,,,,"9","232",,,,,,,,,,,,,"236","91","798","172","7","0",,"2","1FFF1F","1AAAA1AAA1AAAA","4",,,,
"4301571","2019-09-27T00:00:00","24.05","-133.79",,,"1","4","2","5",,,"11",,,,,,,,,"10124",,,"8",,,,,"9","248",,,,,,,,,,,,,"236","43","798","172","7","0",,"2","1FFF1F","1AAAA1AAA1AAAA","4",,,,
"5102593","2019-09-27T00:00:00","21.81","-131.40",,,"1","4","2","5",,,"11",,,,,,,,,,,,"8",,,,,"9","257",,,,,,,,,,,,,"236","11","798","172","7","0",,"2","1FFFFF","1AAAAAAAA1AAAA","4",,,,
"4301567","2019-09-27T01:00:00","24.11","-134.63",,,"1","4","2","5",,,"11",,,,,,,,,"10128",,,"8",,,,,"9","243",,,,,,,,,,,,,"236","44","798","172","7","0",,"2","1FFF1F","1AAAA1AAA1AAAA","4",,,,
"4301571","2019-09-27T01:00:00","24.05","-133.80",,,"1","4","2","5",,,"11",,,,,,,,,"10125",,,"8",,,,,"9","247",,,,,,,,,,,,,"236","43","798","172","7","0",,"2","1FFF1F","1AAAA1AAA1AAAA","4",,,,
"5102593","2019-09-27T01:00:00","21.81","-131.40",,,"1","4","2","5",,,"11",,,,,,,,,,,,"8",,,,,"9","256",,,,,,,,,,,,,"236","11","798","172","7","0",,"2","1FFFFF","1AAAAAAAA1AAAA","4",,,,
"4301568","2019-09-27T01:03:00","29.88","-131.55",,,"1","4","2","5",,,"11",,,,,,,,,"10139",,,"8",,,,,"9","232",,,,,,,,,,,,,"236","91","798","172","7","0",,"2","1FFF1F","1AAAA1AAA1AAAA","4",,,,
"4301567","2019-09-27T02:00:00","24.11","-134.64",,,"1","4","2","5",,,"11",,,,,,,,,"10131",,,"8",,,,,"9","242",,,,,,,,,,,,,"236","44","798","172","7","0",,"2","1FFF1F","1AAAA1AAA1AAAA","4",,,,
"4301571","2019-09-27T02:00:00","24.05","-133.80",,,"1","4","2","5",,,"11",,,,,,,,,"10129",,,"8",,,,,"9","246",,,,,,,,,,,,,"236","43","798","172","7","0",,"2","1FFF1F","1AAAA1AAA1AAAA","4",,,,
"5102593","2019-09-27T02:00:00","21.81","-131.40",,,"1","4","2","5",,,"11",,,,,,,,,,,,"8",,,,,"9","257",,,,,,,,,,,,,"236","11","798","172","7","0",,"2","1FFFFF","1AAAAAAAA1AAAA","4",,,,
"4301568","2019-09-27T02:04:00","29.87","-131.56",,,"1","4","2","5",,,"11",,,,,,,,,"10143",,,"8",,,,,"9","232",,,,,,,,,,,,,"236","91","798","172","7","0",,"2","1FFF1F","1AAAA1AAA1AAAA","4",,,,
"4301567","2019-09-27T03:00:00","24.11","-134.65",,,"1","4","2","5",,,"11",,,,,,,,,"10137",,,"8",,,,,"9","242",,,,,,,,,,,,,"236","44","798","172","7","0",,"2","1FFF1F","1AAAA1AAA1AAAA","4",,,,
"4301571","2019-09-27T03:00:00","24.06","-133.80",,,"1","4","2","5",,,"11",,,,,,,,,"10136",,,"8",,,,,"9","245",,,,,,,,,,,,,"236","43","798","172","7","0",,"2","1FFF1F","1AAAA1AAA1AAAA","4",,,,
"5102593","2019-09-27T03:00:00","21.81","-131.40",,,"1","4","2","5",,,"11",,,,,,,,,,,,"8",,,,,"9","256",,,,,,,,,,,,,"236","11","798","172","7","0",,"1","1FFFFF","1AAAAAAAA1AAAA","4",,,,
"4301568","2019-09-27T03:04:00","29.86","-131.56",,,"1","4","2","5",,,"11",,,,,,,,,"10147",,,"8",,,,,"9","232",,,,,,,,,,,,,"236","91","798","172","7","0",,"1","1FFF1F","1AAAA1AAA1AAAA","4",,,,
"4301567","2019-09-27T04:00:00","24.10","-134.65",,,"1","4","2","5",,,"11",,,,,,,,,"10141",,,"8",,,,,"9","242",,,,,,,,,,,,,"236","44","798","172","7","0",,"1","1FFF1F","1AAAA1AAA1AAAA","4",,,,
"4301568","2019-09-27T04:00:00","29.86","-131.57",,,"1","4","2","5",,,"11",,,,,,,,,"10153",,,"8",,,,,"9","232",,,,,,,,,,,,,"236","91","798","172","7","0",,"1","1FFF1F","1AAAA1AAA1AAAA","4",,,,
"4301571","2019-09-27T04:00:00","24.06","-133.80",,,"1","4","2","5",,,"11",,,,,,,,,"10142",,,"8",,,,,"9","245",,,,,,,,,,,,,"236","43","798","172","7","0",,"1","1FFF1F","1AAAA1AAA1AAAA","4",,,,
"5102593","2019-09-27T04:00:00","21.81","-131.40",,,"1","4","2","5",,,"11",,,,,,,,,,,,"8",,,,,"9","254",,,,,,,,,,,,,"236","11","798","172","7","0",,"1","1FFFFF","1AAAAAAAA1AAAA","4",,,,
"4301567","2019-09-27T05:00:00","24.10","-134.66",,,"1","4","2","5",,,"11",,,,,,,,,"10150",,,"8",,,,,"9","242",,,,,,,,,,,,,"236","44","798","172","7","0",,"1","1FFF1F","1AAAA1AAA1AAAA","4",,,,
"4301568","2019-09-27T05:00:00","29.86","-131.58",,,"1","4","2","5",,,"11",,,,,,,,,"10159",,,"8",,,,,"9","232",,,,,,,,,,,,,"236","91","798","172","7","0",,"1","1FFF1F","1AAAA1AAA1AAAA","4",,,,
"4301571","2019-09-27T05:00:00","24.06","-133.80",,,"1","4","2","5",,,"11",,,,,,,,,"10149",,,"8",,,,,"9","244",,,,,,,,,,,,,"236","43","798","172","7","0",,"1","1FFF1F","1AAAA1AAA1AAAA","4",,,,
"5102593","2019-09-27T05:00:00","21.81","-131.40",,,"1","4","2","5",,,"11",,,,,,,,,,,,"8",,,,,"9","254",,,,,,,,,,,,,"236","11","798","172","7","0",,"1","1FFFFF","1AAAAAAAA1AAAA","4",,,,
"4301571","2019-09-27T06:00:00","24.07","-133.80",,,"1","4","2","5",,,"11",,,,,,,,,"10152",,,"8",,,,,"9","244",,,,,,,,,,,,,"236","43","798","172","7","0",,"1","1FFF1F","1AAAA1AAA1AAAA","4",,,,
"5102593","2019-09-27T06:00:00","21.81","-131.40",,,"1","4","2","5",,,"11",,,,,,,,,,,,"8",,,,,"9","253",,,,,,,,,,,,,"236","11","798","172","7","0",,"1","1FFFFF","1AAAAAAAA1AAAA","4",,,,
"4301567","2019-09-27T06:01:00","24.10","-134.67",,,"1","4","2","5",,,"11",,,,,,,,,"10154",,,"8",,,,,"9","241",,,,,,,,,,,,,"236","44","798","172","7","0",,"1","1FFF1F","1AAAA1AAA1AAAA","4",,,,
"4301567","2019-09-27T07:00:00","24.10","-134.67",,,"1","4","2","5",,,"11",,,,,,,,,"10152",,,"8",,,,,"9","241",,,,,,,,,,,,,"236","44","798","172","7","0",,"1","1FFF1F","1AAAA1AAA1AAAA","4",,,,
"4301568","2019-09-27T07:00:00","29.86","-131.60",,,"1","4","2","5",,,"11",,,,,,,,,"10163",,,"8",,,,,"9","232",,,,,,,,,,,,,"236","91","798","172","7","0",,"1","1FFF1F","1AAAA1AAA1AAAA","4",,,,
"4301571","2019-09-27T07:00:00","24.07","-133.80",,,"1","4","2","5",,,"11",,,,,,,,,"10151",,,"8",,,,,"9","244",,,,,,,,,,,,,"236","43","798","172","7","0",,"1","1FFF1F","1AAAA1AAA1AAAA","4",,,,
"5102593","2019-09-27T07:00:00","21.81","-131.39",,,"1","4","2","5",,,"11",,,,,,,,,,,,"8",,,,,"9","253",,,,,,,,,,,,,"236","11","798","172","7","0",,"1","1FFFFF","1AAAAAAAA1AAAA","4",,,,
"4301568","2019-09-27T08:00:00","29.86","-131.61",,,"1","4","2","5",,,"11",,,,,,,,,"10162",,,"8",,,,,"9","232",,,,,,,,,,,,,"236","91","798","172","7","0",,"1","1FFF1F","1AAAA1AAA1AAAA","4",,,,
"5102593","2019-09-27T08:00:00","21.81","-131.39",,,"1","4","2","5",,,"11",,,,,,,,,,,,"8",,,,,"9","253",,,,,,,,,,,,,"236","11","798","172","7","0",,"1","1FFFFF","1AAAAAAAA1AAAA","4",,,,
"4301567","2019-09-27T08:01:00","24.09","-134.68",,,"1","4","2","5",,,"11",,,,,,,,,"10152",,,"8",,,,,"9","241",,,,,,,,,,,,,"236","44","798","172","7","0",,"1","1FFF1F","1AAAA1AAA1AAAA","4",,,,
"4301571","2019-09-27T08:02:00","24.07","-133.80",,,"1","4","2","5",,,"11",,,,,,,,,"10148",,,"8",,,,,"9","244",,,,,,,,,,,,,"236","43","798","172","7","0",,"1","1FFF1F","1AAAA1AAA1AAAA","4",,,,
"4301567","2019-09-27T09:00:00","24.09","-134.69",,,"1","4","2","5",,,"11",,,,,,,,,"10148",,,"8",,,,,"9","241",,,,,,,,,,,,,"236","44","798","172","7","0",,"1","1FFF1F","1AAAA1AAA1AAAA","4",,,,
"4301568","2019-09-27T09:00:00","29.86","-131.62",,,"1","4","2","5",,,"11",,,,,,,,,"10160",,,"8",,,,,"9","232",,,,,,,,,,,,,"236","91","798","172","7","0",,"1","1FFF1F","1AAAA1AAA1AAAA","4",,,,
"4301571","2019-09-27T09:00:00","24.07","-133.80",,,"1","4","2","5",,,"11",,,,,,,,,"10146",,,"8",,,,,"9","244",,,,,,,,,,,,,"236","43","798","172","7","0",,"1","1FFF1F","1AAAA1AAA1AAAA","4",,,,
"5102593","2019-09-27T09:00:00","21.81","-131.39",,,"1","4","2","5",,,"11",,,,,,,,,,,,"8",,,,,"9","253",,,,,,,,,,,,,"236","11","798","172","7","0",,"1","1FFFFF","1AAAAAAAA1AAAA","4",,,,
"4301567","2019-09-27T10:00:00","24.08","-134.70",,,"1","4","2","5",,,"11",,,,,,,,,"10145",,,"8",,,,,"9","241",,,,,,,,,,,,,"236","44","798","172","7","0",,"1","1FFF1F","1AAAA1AAA1AAAA","4",,,,
"4301571","2019-09-27T10:00:00","24.07","-133.80",,,"1","4","2","5",,,"11",,,,,,,,,"10144",,,"8",,,,,"9","244",,,,,,,,,,,,,"236","43","798","172","7","0",,"1","1FFF1F","1AAAA1AAA1AAAA","4",,,,
"5102593","2019-09-27T10:00:00","21.81","-131.39",,,"1","4","2","5",,,"11",,,,,,,,,,,,"8",,,,,"9","252",,,,,,,,,,,,,"236","11","798","172","7","0",,"1","1FFFFF","1AAAAAAAA1AAAA","4",,,,
"4301568","2019-09-27T10:04:00","29.86","-131.62",,,"1","4","2","5",,,"11",,,,,,,,,"10160",,,"8",,,,,"9","232",,,,,,,,,,,,,"236","91","798","172","7","0",,"1","1FFF1F","1AAAA1AAA1AAAA","4",,,,
"4301567","2019-09-27T11:00:00","24.08","-134.71",,,"1","4","2","5",,,"11",,,,,,,,,"10142",,,"8",,,,,"9","241",,,,,,,,,,,,,"236","44","798","172","7","0",,"1","1FFF1F","1AAAA1AAA1AAAA","4",,,,
"4301568","2019-09-27T11:00:00","29.86","-131.62",,,"1","4","2","5",,,"11",,,,,,,,,"10156",,,"8",,,,,"9","232",,,,,,,,,,,,,"236","91","798","172","7","0",,"1","1FFF1F","1AAAA1AAA1AAAA","4",,,,
"4301571","2019-09-27T11:00:00","24.07","-133.79",,,"1","4","2","5",,,"11",,,,,,,,,"10141",,,"8",,,,,"9","244",,,,,,,,,,,,,"236","43","798","172","7","0",,"1","1FFF1F","1AAAA1AAA1AAAA","4",,,,
"5102593","2019-09-27T11:00:00","21.81","-131.39",,,"1","4","2","5",,,"11",,,,,,,,,,,,"8",,,,,"9","252",,,,,,,,,,,,,"236","11","798","172","7","0",,"1","1FFFFF","1AAAAAAAA1AAAA","4",,,,
"4301567","2019-09-27T12:00:00","24.07","-134.72",,,"1","4","2","5",,,"11",,,,,,,,,"10139",,,"8",,,,,"9","241",,,,,,,,,,,,,"236","44","798","172","7","0",,"1","1FFF1F","1AAAA1AAA1AAAA","4",,,,
"4301571","2019-09-27T12:00:00","24.07","-133.79",,,"1","4","2","5",,,"11",,,,,,,,,"10138",,,"8",,,,,"9","244",,,,,,,,,,,,,"236","43","798","172","7","0",,"1","1FFF1F","1AAAA1AAA1AAAA","4",,,,
"5102593","2019-09-27T12:00:00","21.81","-131.39",,,"1","4","2","5",,,"11",,,,,,,,,,,,"8",,,,,"9","251",,,,,,,,,,,,,"236","11","798","172","7","0",,"1","1FFFFF","1AAAAAAAA1AAAA","4",,,,
"KFMV","2019-09-27T12:00:00","28.40","-135.10",,,"1","6","2","5","6","5","1",,"360","4","103","1","98","2","2","10150","4","0","8","220",,"200","189","1","230","8","8","7","2","A","A",,,,,,,"236","85","798","172","5","1","2","1","111111","11111111111AA1",,"5",,"2",
"WDH6745","2019-09-27T12:00:00","29.90","-133.70",,,"1","6","2","5","9","0","1",,"60","4","123","1","98","2",,"10190","4","0","8","211",,"200","194","1","257","8","8","6","2","A","A",,"2","1","36","4","5","236","93","798","172","5","1","2","1","311111","1411A111111411",,"5",,,
"ZCDY2","2019-09-27T12:00:00","28.20","-138.80",,,"1","6","2","5","6","5","1",,"110","4","67","1","98","2","2","10159","8","22","8","240",,"210","196","3","240","6",,"7","3","A","A",,"3","5","34","4","5","236","88","798","172","5","1","2","1","111111","11111111111111",,"5",,"2",
"4301568","2019-09-27T12:04:00","29.86","-131.63",,,"1","4","2","5",,,"11",,,,,,,,,"10157",,,"8",,,,,"9","232",,,,,,,,,,,,,"236","91","798","172","7","0",,"1","1FFF1F","1AAAA1AAA1AAAA","4",,,,
"4301567","2019-09-27T13:00:00","24.07","-134.73",,,"1","4","2","5",,,"11",,,,,,,,,"10142",,,"8",,,,,"9","241",,,,,,,,,,,,,"236","44","798","172","7","0",,"1","1FFF1F","1AAAA1AAA1AAAA","4",,,,
"4301568","2019-09-27T13:00:00","29.86","-131.63",,,"1","4","2","5",,,"11",,,,,,,,,"10160",,,"8",,,,,"9","232",,,,,,,,,,,,,"236","91","798","172","7","0",,"1","1FFF1F","1AAAA1AAA1AAAA","4",,,,
"4301571","2019-09-27T13:00:00","24.07","-133.78",,,"1","4","2","5",,,"11",,,,,,,,,"10141",,,"8",,,,,"9","244",,,,,,,,,,,,,"236","43","798","172","7","0",,"1","1FFF1F","1AAAA1AAA1AAAA","4",,,,
"5102593","2019-09-27T13:00:00","21.82","-131.38",,,"1","4","2","5",,,"11",,,,,,,,,,,,"8",,,,,"9","251",,,,,,,,,,,,,"236","11","798","172","7","0",,"1","1FFFFF","1AAAAAAAA1AAAA","4",,,,
"4301567","2019-09-27T14:00:00","24.07","-134.74",,,"1","4","2","5",,,"11",,,,,,,,,"10144",,,"8",,,,,"9","240",,,,,,,,,,,,,"236","44","798","172","7","0",,"1","1FFF1F","1AAAA1AAA1AAAA","4",,,,
"4301568","2019-09-27T14:00:00","29.86","-131.63",,,"1","4","2","5",,,"11",,,,,,,,,"10164",,,"8",,,,,"9","232",,,,,,,,,,,,,"236","91","798","172","7","0",,"1","1FFF1F","1AAAA1AAA1AAAA","4",,,,
"4301571","2019-09-27T14:00:00","24.07","-133.78",,,"1","4","2","5",,,"11",,,,,,,,,"10143",,,"8",,,,,"9","244",,,,,,,,,,,,,"236","43","798","172","7","0",,"1","1FFF1F","1AAAA1AAA1AAAA","4",,,,
"5102593","2019-09-27T14:00:00","21.82","-131.38",,,"1","4","2","5",,,"11",,,,,,,,,,,,"8",,,,,"9","251",,,,,,,,,,,,,"236","11","798","172","7","0",,"1","1FFFFF","1AAAAAAAA1AAAA","4",,,,
"J8B3605","2019-09-27T14:00:00","28.60","-139.70",,,"1","4","0","0",,,"1","0","60","3","113",,"97","2",,"10169",,,"0","230",,,,"3","250","5",,,"A",,,,,"5","9",,"4","236","89","992","114","5","1","2","1","11111F","1111A11AA1133A",,,"1",,"4"
"4301567","2019-09-27T15:00:00","24.07","-134.74",,,"1","4","2","5",,,"11",,,,,,,,,"10148",,,"8",,,,,"9","240",,,,,,,,,,,,,"236","44","798","172","7","0",,"2","1FFF1F","1AAAA1AAA1AAAA","4",,,,
"5102593","2019-09-27T15:00:00","21.82","-131.37",,,"1","4","2","5",,,"11",,,,,,,,,,,,"8",,,,,"9","250",,,,,,,,,,,,,"236","11","798","172","7","0",,"2","1FFFFF","1AAAAAAAA1AAAA","4",,,,
"4301571","2019-09-27T15:02:00","24.07","-133.78",,,"1","4","2","5",,,"11",,,,,,,,,"10146",,,"8",,,,,"9","244",,,,,,,,,,,,,"236","43","798","172","7","0",,"2","1FFF1F","1AAAA1AAA1AAAA","4",,,,
"4301567","2019-09-27T16:00:00","24.07","-134.75",,,"1","4","2","5",,,"11",,,,,,,,,"10152",,,"8",,,,,"9","240",,,,,,,,,,,,,"236","44","798","172","7","0",,"2","1FFF1F","1AAAA1AAA1AAAA","4",,,,
"4301571","2019-09-27T16:00:00","24.07","-133.78",,,"1","4","2","5",,,"11",,,,,,,,,"10152",,,"8",,,,,"9","244",,,,,,,,,,,,,"236","43","798","172","7","0",,"2","1FFF1F","1AAAA1AAA1AAAA","4",,,,
"5102593","2019-09-27T16:00:00","21.82","-131.36",,,"1","4","2","5",,,"11",,,,,,,,,,,,"8",,,,,"9","250",,,,,,,,,,,,,"236","11","798","172","7","0",,"2","1FFFFF","1AAAAAAAA1AAAA","4",,,,
"4301567","2019-09-27T17:00:00","24.07","-134.76",,,"1","4","2","5",,,"11",,,,,,,,,"10158",,,"8",,,,,"9","240",,,,,,,,,,,,,"236","44","798","172","7","0",,"2","1FFF1F","1AAAA1AAA1AAAA","4",,,,
"4301571","2019-09-27T17:00:00","24.07","-133.77",,,"1","4","2","5",,,"11",,,,,,,,,"10155",,,"8",,,,,"9","244",,,,,,,,,,,,,"236","43","798","172","7","0",,"2","1FFF1F","1AAAA1AAA1AAAA","4",,,,
"5102593","2019-09-27T17:00:00","21.81","-131.36",,,"1","4","2","5",,,"11",,,,,,,,,,,,"8",,,,,"9","249",,,,,,,,,,,,,"236","11","798","172","7","0",,"2","1FFFFF","1AAAAAAAA1AAAA","4",,,,
"4301567","2019-09-27T18:00:00","24.07","-134.76",,,"1","4","2","5",,,"11",,,,,,,,,"10159",,,"8",,,,,"9","241",,,,,,,,,,,,,"236","44","798","172","7","0",,"2","1FFF1F","1AAAA1AAA1AAAA","4",,,,
"5102593","2019-09-27T18:00:00","21.81","-131.36",,,"1","4","2","5",,,"11",,,,,,,,,,,,"8",,,,,"9","250",,,,,,,,,,,,,"236","11","798","172","7","0",,"2","1FFFFF","1AAAAAAAA1AAAA","4",,,,
"J8B3605","2019-09-27T18:00:00","28.90","-139.10",,,"1","4","0","0",,,"1","0","60","3","51",,"98","15",,"10190",,,"0","240",,,,"3","250","8",,,"A",,,,,"3","5",,"4","236","89","992","114","5","1","2","2","11111F","1111A11AA1133A",,,"1",,"4"
"WFLH","2019-09-27T18:00:00","29.20","-137.10",,,"1","6","2","5","1","3","1",,"50","4","123","1","98","60","6","10193","4","0","8","228",,,"187","0","233","6","5","1","4","7","A",,"4","2","5","12","6","236","97","798","172","5","1","2","2","111111","1111111A111111",,"5",,"6",
"4301571","2019-09-27T18:01:00","24.07","-133.77",,,"1","4","2","5",,,"11",,,,,,,,,"10154",,,"8",,,,,"9","244",,,,,,,,,,,,,"236","43","798","172","7","0",,"2","1FFF1F","1AAAA1AAA1AAAA","4",,,,
"4301567","2019-09-27T19:00:00","24.07","-134.77",,,"1","4","2","5",,,"11",,,,,,,,,"10157",,,"8",,,,,"9","242",,,,,,,,,,,,,"236","44","798","172","7","0",,"2","1FFF1F","1AAAA1AAA1AAAA","4",,,,
"4301571","2019-09-27T19:00:00","24.06","-133.77",,,"1","4","2","5",,,"11",,,,,,,,,"10153",,,"8",,,,,"9","245",,,,,,,,,,,,,"236","43","798","172","7","0",,"2","1FFF1F","1AAAA1AAA1AAAA","4",,,,
"5102593","2019-09-27T19:00:00","21.81","-131.36",,,"1","4","2","5",,,"11",,,,,,,,,,,,"8",,,,,"9","251",,,,,,,,,,,,,"236","11","798","172","7","0",,"2","1FFFFF","1AAAAAAAA1AAAA","4",,,,
"4301567","2019-09-27T20:00:00","24.06","-134.78",,,"1","4","2","5",,,"11",,,,,,,,,"10154",,,"8",,,,,"9","244",,,,,,,,,,,,,"236","44","798","172","7","0",,"2","1FFF1F","1AAAA1AAA1AAAA","4",,,,
"4301571","2019-09-27T20:00:00","24.06","-133.77",,,"1","4","2","5",,,"11",,,,,,,,,"10150",,,"8",,,,,"9","246",,,,,,,,,,,,,"236","43","798","172","7","0",,"2","1FFF1F","1AAAA1AAA1AAAA","4",,,,
"5102593","2019-09-27T20:00:00","21.81","-131.35",,,"1","4","2","5",,,"11",,,,,,,,,,,,"8",,,,,"9","252",,,,,,,,,,,,,"236","11","798","172","7","0",,"2","1FFFFF","1AAAAAAAA1AAAA","4",,,,
"4301567","2019-09-27T21:00:00","24.06","-134.79",,,"1","4","2","5",,,"11",,,,,,,,,"10149",,,"8",,,,,"9","246",,,,,,,,,,,,,"236","44","798","172","7","0",,"2","1FFF1F","1AAAA1AAA1AAAA","4",,,,
"4301571","2019-09-27T21:00:00","24.06","-133.77",,,"1","4","2","5",,,"11",,,,,,,,,"10147",,,"8",,,,,"9","247",,,,,,,,,,,,,"236","43","798","172","7","0",,"2","1FFF1F","1AAAA1AAA1AAAA","4",,,,
"5102593","2019-09-27T21:00:00","21.81","-131.35",,,"1","4","2","5",,,"11",,,,,,,,,,,,"8",,,,,"9","252",,,,,,,,,,,,,"236","11","798","172","7","0",,"2","1FFFFF","1AAAAAAAA1AAAA","4",,,,
"ONIY","2019-09-27T21:00:00","25.30","-138.60",,,"1","4","0","0",,,"1","0","360","3","67",,"97","2",,"10120",,,"0","270",,,"220","3","280","2",,,"A",,,,,"4","36",,"5","236","58","992","114","5","1","2","2","531111","1111A11A11133A",,,"1",,"4"
"4301568","2019-09-27T21:02:00","29.85","-131.62",,,"1","4","2","5",,,"11",,,,,,,,,"10167",,,"8",,,,,"9","233",,,,,,,,,,,,,"236","91","798","172","7","0",,"2","1FFF1F","1AAAA1AAA1AAAA","4",,,,
"4301567","2019-09-27T22:00:00","24.05","-134.80",,,"1","4","2","5",,,"11",,,,,,,,,"10144",,,"8",,,,,"9","248",,,,,,,,,,,,,"236","44","798","172","7","0",,"2","1FFF1F","1AAAA1AAA1AAAA","4",,,,
"4301568","2019-09-27T22:00:00","29.85","-131.62",,,"1","4","2","5",,,"11",,,,,,,,,"10161",,,"8",,,,,"9","234",,,,,,,,,,,,,"236","91","798","172","7","0",,"2","1FFF1F","1AAAA1AAA1AAAA","4",,,,
"4301571","2019-09-27T22:00:00","24.05","-133.77",,,"1","4","2","5",,,"11",,,,,,,,,"10142",,,"8",,,,,"9","250",,,,,,,,,,,,,"236","43","798","172","7","0",,"2","1FFF1F","1AAAA1AAA1AAAA","4",,,,
"5102593","2019-09-27T22:00:00","21.81","-131.35",,,"1","4","2","5",,,"11",,,,,,,,,,,,"8",,,,,"9","251",,,,,,,,,,,,,"236","11","798","172","7","0",,"2","1FFFFF","1AAAAAAAA1AAAA","4",,,,
"J8B3605","2019-09-27T22:00:00","29.20","-138.40",,,"1","4","0","0",,,"1","0","50","3","108",,"96","2",,"10180",,,"0","230",,,,"3","240","8",,,"A",,,,,"5","5",,"6","236","98","992","114","5","1","2","2","11111F","1114A11AA1133A",,,"1",,"4"
"4301568","2019-09-27T23:00:00","29.84","-131.62",,,"1","4","2","5",,,"11",,,,,,,,,"10154",,,"8",,,,,"9","234",,,,,,,,,,,,,"236","91","798","172","7","0",,"2","1FFF1F","1AAAA1AAA1AAAA","4",,,,
"5102593","2019-09-27T23:00:00","21.81","-131.34",,,"1","4","2","5",,,"11",,,,,,,,,,,,"8",,,,,"9","252",,,,,,,,,,,,,"236","11","798","172","7","0",,"2","1FFFFF","1AAAAAAAA1AAAA","4",,,,
"4301567","2019-09-27T23:01:00","24.05","-134.81",,,"1","4","2","5",,,"11",,,,,,,,,"10138",,,"8",,,,,"9","248",,,,,,,,,,,,,"236","44","798","172","7","0",,"2","1FFF1F","1AAAA1AAA1AAAA","4",,,,
"4301571","2019-09-27T23:02:00","24.05","-133.77",,,"1","4","2","5",,,"11",,,,,,,,,"10135",,,"8",,,,,"9","251",,,,,,,,,,,,,"236","43","798","172","7","0",,"2","1FFF1F","1AAAA1AAA1AAAA","4",,,,
"4301567","2019-09-28T00:00:00","24.04","-134.82",,,"1","4","2","5",,,"11",,,,,,,,,"10135",,,"8",,,,,"9","248",,,,,,,,,,,,,"236","44","798","172","7","0",,"2","1FFF1F","1AAAA1AAA1AAAA","4",,,,
"4301568","2019-09-28T00:00:00","29.83","-131.62",,,"1","4","2","5",,,"11",,,,,,,,,"10153",,,"8",,,,,"9","234",,,,,,,,,,,,,"236","91","798","172","7","0",,"2","1FFF1F","1AAAA1AAA1AAAA","4",,,,
"5102593","2019-09-28T00:00:00","21.81","-131.34",,,"1","4","2","5",,,"11",,,,,,,,,,,,"8",,,,,"9","251",,,,,,,,,,,,,"236","11","798","172","7","0",,"2","1FFFFF","1AAAAAAAA1AAAA","4",,,,
"4301571","2019-09-28T00:01:00","24.05","-133.77",,,"1","4","2","5",,,"11",,,,,,,,,"10133",,,"8",,,,,"9","251",,,,,,,,,,,,,"236","43","798","172","7","0",,"2","1FFF1F","1AAAA1AAA1AAAA","4",,,,
"4301611","2019-09-28T00:04:00","26.15","-140.00",,,"1","4","2","5",,,"11",,,,,,,,,"10153",,,"8",,,,,"9","255",,,,,,,,,,,,,"235","60","798","172","7","0",,"2","1FFF1F","1AAAA1AAA1AAAA","4",,,,
"4301567","2019-09-28T01:00:00","24.03","-134.83",,,"1","4","2","5",,,"11",,,,,,,,,"10134",,,"8",,,,,"9","247",,,,,,,,,,,,,"236","44","798","172","7","0",,"2","1FFF1F","1AAAA1AAA1AAAA","4",,,,
"4301568","2019-09-28T01:00:00","29.82","-131.62",,,"1","4","2","5",,,"11",,,,,,,,,"10154",,,"8",,,,,"9","233",,,,,,,,,,,,,"236","91","798","172","7","0",,"2","1FFF1F","1AAAA1AAA1AAAA","4",,,,
"4301571","2019-09-28T01:00:00","24.04","-133.77",,,"1","4","2","5",,,"11",,,,,,,,,"10134",,,"8",,,,,"9","251",,,,,,,,,,,,,"236","43","798","172","7","0",,"2","1FFF1F","1AAAA1AAA1AAAA","4",,,,
"5102593","2019-09-28T01:00:00","21.80","-131.34",,,"1","4","2","5",,,"11",,,,,,,,,,,,"8",,,,,"9","252",,,,,,,,,,,,,"236","11","798","172","7","0",,"2","1FFFFF","1AAAAAAAA1AAAA","4",,,,
"4301611","2019-09-28T01:04:00","26.16","-140.00",,,"1","4","2","5",,,"11",,,,,,,,,"10151",,,"8",,,,,"9","255",,,,,,,,,,,,,"235","60","798","172","7","0",,"2","1FFF1F","1AAAA1AAA1AAAA","4",,,,
"4301567","2019-09-28T02:00:00","24.03","-134.84",,,"1","4","2","5",,,"11",,,,,,,,,"10137",,,"8",,,,,"9","246",,,,,,,,,,,,,"236","44","798","172","7","0",,"2","1FFF1F","1AAAA1AAA1AAAA","4",,,,
"4301568","2019-09-28T02:00:00","29.82","-131.63",,,"1","4","2","5",,,"11",,,,,,,,,"10155",,,"8",,,,,"9","233",,,,,,,,,,,,,"236","91","798","172","7","0",,"2","1FFF1F","1AAAA1AAA1AAAA","4",,,,
"4301571","2019-09-28T02:00:00","24.03","-133.77",,,"1","4","2","5",,,"11",,,,,,,,,"10136",,,"8",,,,,"9","249",,,,,,,,,,,,,"236","43","798","172","7","0",,"2","1FFF1F","1AAAA1AAA1AAAA","4",,,,
"4301611","2019-09-28T02:00:00","26.16","-139.99",,,"1","4","2","5",,,"11",,,,,,,,,"10151",,,"8",,,,,"9","255",,,,,,,,,,,,,"236","69","798","172","7","0",,"2","1FFF1F","1AAAA1AAA1AAAA","4",,,,
"5102593","2019-09-28T02:00:00","21.80","-131.34",,,"1","4","2","5",,,"11",,,,,,,,,,,,"8",,,,,"9","252",,,,,,,,,,,,,"236","11","798","172","7","0",,"2","1FFFFF","1AAAAAAAA1AAAA","4",,,,
"4301567","2019-09-28T03:00:00","24.03","-134.85",,,"1","4","2","5",,,"11",,,,,,,,,"10140",,,"8",,,,,"9","245",,,,,,,,,,,,,"236","44","798","172","7","0",,"2","1FFF1F","1AAAA1AAA1AAAA","4",,,,
"4301568","2019-09-28T03:00:00","29.81","-131.63",,,"1","4","2","5",,,"11",,,,,,,,,"10158",,,"8",,,,,"9","233",,,,,,,,,,,,,"236","91","798","172","7","0",,"1","1FFF1F","1AAAA1AAA1AAAA","4",,,,
"4301571","2019-09-28T03:00:00","24.03","-133.78",,,"1","4","2","5",,,"11",,,,,,,,,"10139",,,"8",,,,,"9","248",,,,,,,,,,,,,"236","43","798","172","7","0",,"2","1FFF1F","1AAAA1AAA1AAAA","4",,,,
"4301611","2019-09-28T03:00:00","26.17","-139.98",,,"1","4","2","5",,,"11",,,,,,,,,"10155",,,"8",,,,,"9","255",,,,,,,,,,,,,"236","69","798","172","7","0",,"2","1FFF1F","1AAAA1AAA1AAAA","4",,,,
"5102593","2019-09-28T03:00:00","21.80","-131.33",,,"1","4","2","5",,,"11",,,,,,,,,,,,"8",,,,,"9","251",,,,,,,,,,,,,"236","11","798","172","7","0",,"1","1FFFFF","1AAAAAAAA1AAAA","4",,,,
"4301567","2019-09-28T04:00:00","24.02","-134.86",,,"1","4","2","5",,,"11",,,,,,,,,"10145",,,"8",,,,,"9","244",,,,,,,,,,,,,"236","44","798","172","7","0",,"1","1FFF1F","1AAAA1AAA1AAAA","4",,,,
"4301568","2019-09-28T04:00:00","29.80","-131.64",,,"1","4","2","5",,,"11",,,,,,,,,"10161",,,"8",,,,,"9","233",,,,,,,,,,,,,"236","91","798","172","7","0",,"1","1FFF1F","1AAAA1AAA1AAAA","4",,,,
"5102593","2019-09-28T04:00:00","21.80","-131.33",,,"1","4","2","5",,,"11",,,,,,,,,,,,"8",,,,,"9","251",,,,,,,,,,,,,"236","11","798","172","7","0",,"1","1FFFFF","1AAAAAAAA1AAAA","4",,,,
"4301571","2019-09-28T04:03:00","24.03","-133.78",,,"1","4","2","5",,,"11",,,,,,,,,"10141",,,"8",,,,,"9","247",,,,,,,,,,,,,"236","43","798","172","7","0",,"1","1FFF1F","1AAAA1AAA1AAAA","4",,,,
"4301611","2019-09-28T04:04:00","26.17","-139.97",,,"1","4","2","5",,,"11",,,,,,,,,"10160",,,"8",,,,,"9","255",,,,,,,,,,,,,"236","69","798","172","7","0",,"1","1FFF1F","1AAAA1AAA1AAAA","4",,,,
"4301567","2019-09-28T05:00:00","24.02","-134.87",,,"1","4","2","5",,,"11",,,,,,,,,"10148",,,"8",,,,,"9","243",,,,,,,,,,,,,"236","44","798","172","7","0",,"1","1FFF1F","1AAAA1AAA1AAAA","4",,,,
"4301568","2019-09-28T05:00:00","29.80","-131.65",,,"1","4","2","5",,,"11",,,,,,,,,"10166",,,"8",,,,,"9","233",,,,,,,,,,,,,"236","91","798","172","7","0",,"1","1FFF1F","1AAAA1AAA1AAAA","4",,,,
"4301571","2019-09-28T05:00:00","24.03","-133.78",,,"1","4","2","5",,,"11",,,,,,,,,"10148",,,"8",,,,,"9","247",,,,,,,,,,,,,"236","43","798","172","7","0",,"1","1FFF1F","1AAAA1AAA1AAAA","4",,,,
"5102593","2019-09-28T05:00:00","21.80","-131.33",,,"1","4","2","5",,,"11",,,,,,,,,,,,"8",,,,,"9","251",,,,,,,,,,,,,"236","11","798","172","7","0",,"1","1FFFFF","1AAAAAAAA1AAAA","4",,,,
"4301611","2019-09-28T05:04:00","26.17","-139.96",,,"1","4","2","5",,,"11",,,,,,,,,"10164",,,"8",,,,,"9","255",,,,,,,,,,,,,"236","69","798","172","7","0",,"1","1FFF1F","1AAAA1AAA1AAAA","4",,,,
"4301568","2019-09-28T06:00:00","29.79","-131.66",,,"1","4","2","5",,,"11",,,,,,,,,"10168",,,"8",,,,,"9","233",,,,,,,,,,,,,"236","91","798","172","7","0",,"1","1FFF1F","1AAAA1AAA1AAAA","4",,,,
"4301571","2019-09-28T06:00:00","24.03","-133.79",,,"1","4","2","5",,,"11",,,,,,,,,"10150",,,"8",,,,,"9","246",,,,,,,,,,,,,"236","43","798","172","7","0",,"1","1FFF1F","1AAAA1AAA1AAAA","4",,,,
"4301611","2019-09-28T06:00:00","26.17","-139.95",,,"1","4","2","5",,,"11",,,,,,,,,"10167",,,"8",,,,,"9","255",,,,,,,,,,,,,"236","69","798","172","7","0",,"1","1FFF1F","1AAAA1AAA1AAAA","4",,,,
"5102593","2019-09-28T06:00:00","21.79","-131.33",,,"1","4","2","5",,,"11",,,,,,,,,,,,"8",,,,,"9","250",,,,,,,,,,,,,"236","11","798","172","7","0",,"1","1FFFFF","1AAAAAAAA1AAAA","4",,,,
"WDH6745","2019-09-28T06:00:00","28.80","-137.60",,,"1","6","2","5","6","4","1",,"60","4","108","1","98","2",,"10200","1","10","8","222",,"211","205","1","268","6","4","A","A","A","A",,"6","1","2","12","5","236","87","798","172","5","1","2","1","511111","1111A111111111",,"5",,,
"4301567","2019-09-28T06:01:00","24.01","-134.88",,,"1","4","2","5",,,"11",,,,,,,,,"10154",,,"8",,,,,"9","243",,,,,,,,,,,,,"236","44","798","172","7","0",,"1","1FFF1F","1AAAA1AAA1AAAA","4",,,,
"4301567","2019-09-28T07:00:00","24.01","-134.89",,,"1","4","2","5",,,"11",,,,,,,,,"10153",,,"8",,,,,"9","243",,,,,,,,,,,,,"236","44","798","172","7","0",,"1","1FFF1F","1AAAA1AAA1AAAA","4",,,,
"4301568","2019-09-28T07:00:00","29.79","-131.67",,,"1","4","2","5",,,"11",,,,,,,,,"10169",,,"8",,,,,"9","232",,,,,,,,,,,,,"236","91","798","172","7","0",,"1","1FFF1F","1AAAA1AAA1AAAA","4",,,,
"4301571","2019-09-28T07:00:00","24.03","-133.79",,,"1","4","2","5",,,"11",,,,,,,,,"10152",,,"8",,,,,"9","246",,,,,,,,,,,,,"236","43","798","172","7","0",,"1","1FFF1F","1AAAA1AAA1AAAA","4",,,,
"4301611","2019-09-28T07:00:00","26.18","-139.94",,,"1","4","2","5",,,"11",,,,,,,,,"10167",,,"8",,,,,"9","254",,,,,,,,,,,,,"236","69","798","172","7","0",,"1","1FFF1F","1AAAA1AAA1AAAA","4",,,,
"5102593","2019-09-28T07:00:00","21.80","-131.33",,,"1","4","2","5",,,"11",,,,,,,,,,,,"8",,,,,"9","250",,,,,,,,,,,,,"236","11","798","172","7","0",,"1","1FFFFF","1AAAAAAAA1AAAA","4",,,,
"4301567","2019-09-28T08:00:00","24.01","-134.90",,,"1","4","2","5",,,"11",,,,,,,,,"10153",,,"8",,,,,"9","243",,,,,,,,,,,,,"236","44","798","172","7","0",,"1","1FFF1F","1AAAA1AAA1AAAA","4",,,,
"4301568","2019-09-28T08:00:00","29.79","-131.67",,,"1","4","2","5",,,"11",,,,,,,,,"10167",,,"8",,,,,"9","232",,,,,,,,,,,,,"236","91","798","172","7","0",,"1","1FFF1F","1AAAA1AAA1AAAA","4",,,,
"4301571","2019-09-28T08:00:00","24.04","-133.79",,,"1","4","2","5",,,"11",,,,,,,,,"10150",,,"8",,,,,"9","246",,,,,,,,,,,,,"236","43","798","172","7","0",,"1","1FFF1F","1AAAA1AAA1AAAA","4",,,,
"5102593","2019-09-28T08:00:00","21.80","-131.32",,,"1","4","2","5",,,"11",,,,,,,,,,,,"8",,,,,"9","250",,,,,,,,,,,,,"236","11","798","172","7","0",,"1","1FFFFF","1AAAAAAAA1AAAA","4",,,,
"4301611","2019-09-28T08:04:00","26.18","-139.93",,,"1","4","2","5",,,"11",,,,,,,,,"10165",,,"8",,,,,"9","254",,,,,,,,,,,,,"236","69","798","172","7","0",,"1","1FFF1F","1AAAA1AAA1AAAA","4",,,,
"4301568","2019-09-28T09:00:00","29.79","-131.68",,,"1","4","2","5",,,"11",,,,,,,,,"10167",,,"8",,,,,"9","232",,,,,,,,,,,,,"236","91","798","172","7","0",,"1","1FFF1F","1AAAA1AAA1AAAA","4",,,,
"4301571","2019-09-28T09:00:00","24.04","-133.79",,,"1","4","2","5",,,"11",,,,,,,,,"10148",,,"8",,,,,"9","246",,,,,,,,,,,,,"236","43","798","172","7","0",,"1","1FFF1F","1AAAA1AAA1AAAA","4",,,,
"5102593","2019-09-28T09:00:00","21.80","-131.32",,,"1","4","2","5",,,"11",,,,,,,,,,,,"8",,,,,"9","250",,,,,,,,,,,,,"236","11","798","172","7","0",,"1","1FFFFF","1AAAAAAAA1AAAA","4",,,,
"4301567","2019-09-28T09:01:00","24.00","-134.91",,,"1","4","2","5",,,"11",,,,,,,,,"10150",,,"8",,,,,"9","243",,,,,,,,,,,,,"236","44","798","172","7","0",,"1","1FFF1F","1AAAA1AAA1AAAA","4",,,,
"4301611","2019-09-28T09:03:00","26.17","-139.92",,,"1","4","2","5",,,"11",,,,,,,,,"10165",,,"8",,,,,"9","254",,,,,,,,,,,,,"236","69","798","172","7","0",,"1","1FFF1F","1AAAA1AAA1AAAA","4",,,,
"4301567","2019-09-28T10:00:00","24.00","-134.92",,,"1","4","2","5",,,"11",,,,,,,,,"10146",,,"8",,,,,"9","242",,,,,,,,,,,,,"236","44","798","172","7","0",,"1","1FFF1F","1AAAA1AAA1AAAA","4",,,,
"4301571","2019-09-28T10:00:00","24.05","-133.79",,,"1","4","2","5",,,"11",,,,,,,,,"10144",,,"8",,,,,"9","245",,,,,,,,,,,,,"236","43","798","172","7","0",,"1","1FFF1F","1AAAA1AAA1AAAA","4",,,,
"4301611","2019-09-28T10:00:00","26.17","-139.91",,,"1","4","2","5",,,"11",,,,,,,,,"10159",,,"8",,,,,"9","254",,,,,,,,,,,,,"236","69","798","172","7","0",,"1","1FFF1F","1AAAA1AAA1AAAA","4",,,,
"5102593","2019-09-28T10:00:00","21.80","-131.32",,,"1","4","2","5",,,"11",,,,,,,,,,,,"8",,,,,"9","249",,,,,,,,,,,,,"236","11","798","172","7","0",,"1","1FFFFF","1AAAAAAAA1AAAA","4",,,,
"4301568","2019-09-28T10:04:00","29.79","-131.69",,,"1","4","2","5",,,"11",,,,,,,,,"10163",,,"8",,,,,"9","232",,,,,,,,,,,,,"236","91","798","172","7","0",,"1","1FFF1F","1AAAA1AAA1AAAA","4",,,,
"4301567","2019-09-28T11:00:00","24.00","-134.93",,,"1","4","2","5",,,"11",,,,,,,,,"10143",,,"8",,,,,"9","242",,,,,,,,,,,,,"236","44","798","172","7","0",,"1","1FFF1F","1AAAA1AAA1AAAA","4",,,,
"4301568","2019-09-28T11:00:00","29.79","-131.69",,,"1","4","2","5",,,"11",,,,,,,,,"10160",,,"8",,,,,"9","232",,,,,,,,,,,,,"236","91","798","172","7","0",,"1","1FFF1F","1AAAA1AAA1AAAA","4",,,,
"4301571","2019-09-28T11:00:00","24.05","-133.79",,,"1","4","2","5",,,"11",,,,,,,,,"10139",,,"8",,,,,"9","245",,,,,,,,,,,,,"236","43","798","172","7","0",,"1","1FFF1F","1AAAA1AAA1AAAA","4",,,,
"5102593","2019-09-28T11:00:00","21.80","-131.32",,,"1","4","2","5",,,"11",,,,,,,,,,,,"8",,,,,"9","249",,,,,,,,,,,,,"236","11","798","172","7","0",,"1","1FFFFF","1AAAAAAAA1AAAA","4",,,,
"4301567","2019-09-28T12:00:00","24.00","-134.94",,,"1","4","2","5",,,"11",,,,,,,,,"10142",,,"8",,,,,"9","242",,,,,,,,,,,,,"236","44","798","172","7","0",,"1","1FFF1F","1AAAA1AAA1AAAA","4",,,,
"4301568","2019-09-28T12:00:00","29.79","-131.69",,,"1","4","2","5",,,"11",,,,,,,,,"10160",,,"8",,,,,"9","232",,,,,,,,,,,,,"236","91","798","172","7","0",,"1","1FFF1F","1AAAA1AAA1AAAA","4",,,,
"4301571","2019-09-28T12:00:00","24.05","-133.78",,,"1","4","2","5",,,"11",,,,,,,,,"10137",,,"8",,,,,"9","245",,,,,,,,,,,,,"236","43","798","172","7","0",,"1","1FFF1F","1AAAA1AAA1AAAA","4",,,,
"5102593","2019-09-28T12:00:00","21.80","-131.31",,,"1","4","2","5",,,"11",,,,,,,,,,,,"8",,,,,"9","249",,,,,,,,,,,,,"236","11","798","172","7","0",,"1","1FFFFF","1AAAAAAAA1AAAA","4",,,,
"WDH6745","2019-09-28T12:00:00","28.10","-139.80",,,"1","6","2","5","6","5","1",,"40","4","77","1","98","1",,"10200","4","0","8","233",,"211","199","1","271","5",,"4","5","A","A",,"4","1","5","4","6","236","89","798","172","5","1","2","1","511111","1111A111111111",,"5",,,
"4301611","2019-09-28T12:01:00","26.17","-139.89",,,"1","4","2","5",,,"11",,,,,,,,,"10155",,,"8",,,,,"9","254",,,,,,,,,,,,,"236","69","798","172","7","0",,"1","1FFF1F","1AAAA1AAA1AAAA","4",,,,
"4301568","2019-09-28T13:00:00","29.79","-131.69",,,"1","4","2","5",,,"11",,,,,,,,,"10160",,,"8",,,,,"9","232",,,,,,,,,,,,,"236","91","798","172","7","0",,"1","1FFF1F","1AAAA1AAA1AAAA","4",,,,
"4301571","2019-09-28T13:00:00","24.05","-133.77",,,"1","4","2","5",,,"11",,,,,,,,,"10139",,,"8",,,,,"9","245",,,,,,,,,,,,,"236","43","798","172","7","0",,"1","1FFF1F","1AAAA1AAA1AAAA","4",,,,
"4301611","2019-09-28T13:00:00","26.17","-139.87",,,"1","4","2","5",,,"11",,,,,,,,,"10156",,,"8",,,,,"9","254",,,,,,,,,,,,,"236","69","798","172","7","0",,"1","1FFF1F","1AAAA1AAA1AAAA","4",,,,
"5102593","2019-09-28T13:00:00","21.79","-131.31",,,"1","4","2","5",,,"11",,,,,,,,,,,,"8",,,,,"9","249",,,,,,,,,,,,,"236","11","798","172","7","0",,"1","1FFFFF","1AAAAAAAA1AAAA","4",,,,
"4301567","2019-09-28T13:01:00","24.00","-134.94",,,"1","4","2","5",,,"11",,,,,,,,,"10141",,,"8",,,,,"9","242",,,,,,,,,,,,,"236","44","798","172","7","0",,"1","1FFF1F","1AAAA1AAA1AAAA","4",,,,
"4301567","2019-09-28T14:00:00","23.99","-134.94",,,"1","4","2","5",,,"11",,,,,,,,,"10143",,,"8",,,,,"9","242",,,,,,,,,,,,,"236","34","798","172","7","0",,"1","1FFF1F","1AAAA1AAA1AAAA","4",,,,
"4301571","2019-09-28T14:00:00","24.05","-133.76",,,"1","4","2","5",,,"11",,,,,,,,,"10141",,,"8",,,,,"9","245",,,,,,,,,,,,,"236","43","798","172","7","0",,"1","1FFF1F","1AAAA1AAA1AAAA","4",,,,
"4301611","2019-09-28T14:00:00","26.17","-139.86",,,"1","4","2","5",,,"11",,,,,,,,,"10158",,,"8",,,,,"9","254",,,,,,,,,,,,,"236","69","798","172","7","0",,"1","1FFF1F","1AAAA1AAA1AAAA","4",,,,
"5102593","2019-09-28T14:00:00","21.79","-131.31",,,"1","4","2","5",,,"11",,,,,,,,,,,,"8",,,,,"9","250",,,,,,,,,,,,,"236","11","798","172","7","0",,"1","1FFFFF","1AAAAAAAA1AAAA","4",,,,
"4301567","2019-09-28T15:00:00","23.99","-134.94",,,"1","4","2","5",,,"11",,,,,,,,,"10147",,,"8",,,,,"9","242",,,,,,,,,,,,,"236","34","798","172","7","0",,"2","1FFF1F","1AAAA1AAA1AAAA","4",,,,
"4301571","2019-09-28T15:00:00","24.04","-133.76",,,"1","4","2","5",,,"11",,,,,,,,,"10143",,,"8",,,,,"9","245",,,,,,,,,,,,,"236","43","798","172","7","0",,"2","1FFF1F","1AAAA1AAA1AAAA","4",,,,
"4301611","2019-09-28T15:00:00","26.17","-139.85",,,"1","4","2","5",,,"11",,,,,,,,,"10163",,,"8",,,,,"9","254",,,,,,,,,,,,,"236","69","798","172","7","0",,"1","1FFF1F","1AAAA1AAA1AAAA","4",,,,
"5102593","2019-09-28T15:00:00","21.79","-131.31",,,"1","4","2","5",,,"11",,,,,,,,,,,,"8",,,,,"9","250",,,,,,,,,,,,,"236","11","798","172","7","0",,"2","1FFFFF","1AAAAAAAA1AAAA","4",,,,
"4301567","2019-09-28T16:00:00","23.99","-134.95",,,"1","4","2","5",,,"11",,,,,,,,,"10150",,,"8",,,,,"9","242",,,,,,,,,,,,,"236","34","798","172","7","0",,"2","1FFF1F","1AAAA1AAA1AAAA","4",,,,
"4301571","2019-09-28T16:00:00","24.04","-133.75",,,"1","4","2","5",,,"11",,,,,,,,,"10147",,,"8",,,,,"9","245",,,,,,,,,,,,,"236","43","798","172","7","0",,"2","1FFF1F","1AAAA1AAA1AAAA","4",,,,
"5102593","2019-09-28T16:00:00","21.79","-131.30",,,"1","4","2","5",,,"11",,,,,,,,,,,,"8",,,,,"9","249",,,,,,,,,,,,,"236","11","798","172","7","0",,"2","1FFFFF","1AAAAAAAA1AAAA","4",,,,
"4301611","2019-09-28T16:01:00","26.18","-139.84",,,"1","4","2","5",,,"11",,,,,,,,,"10166",,,"8",,,,,"9","254",,,,,,,,,,,,,"236","69","798","172","7","0",,"2","1FFF1F","1AAAA1AAA1AAAA","4",,,,
"4301568","2019-09-28T16:03:00","29.80","-131.69",,,"1","4","2","5",,,"11",,,,,,,,,"10171",,,"8",,,,,"9","232",,,,,,,,,,,,,"236","91","798","172","7","0",,"2","1FFF1F","1AAAA1AAA1AAAA","4",,,,
"4301567","2019-09-28T17:00:00","23.98","-134.95",,,"1","4","2","5",,,"11",,,,,,,,,"10156",,,"8",,,,,"9","242",,,,,,,,,,,,,"236","34","798","172","7","0",,"2","1FFF1F","1AAAA1AAA1AAAA","4",,,,
"4301568","2019-09-28T17:00:00","29.80","-131.69",,,"1","4","2","5",,,"11",,,,,,,,,"10175",,,"8",,,,,"9","232",,,,,,,,,,,,,"236","91","798","172","7","0",,"2","1FFF1F","1AAAA1AAA1AAAA","4",,,,
"4301571","2019-09-28T17:00:00","24.04","-133.75",,,"1","4","2","5",,,"11",,,,,,,,,"10153",,,"8",,,,,"9","245",,,,,,,,,,,,,"236","43","798","172","7","0",,"2","1FFF1F","1AAAA1AAA1AAAA","4",,,,
"4301611","2019-09-28T17:00:00","26.17","-139.83",,,"1","4","2","5",,,"11",,,,,,,,,"10171",,,"8",,,,,"9","254",,,,,,,,,,,,,"236","69","798","172","7","0",,"2","1FFF1F","1AAAA1AAA1AAAA","4",,,,
"5102593","2019-09-28T17:00:00","21.78","-131.30",,,"1","4","2","5",,,"11",,,,,,,,,,,,"8",,,,,"9","250",,,,,,,,,,,,,"236","11","798","172","7","0",,"2","1FFFFF","1AAAAAAAA1AAAA","4",,,,
"4301567","2019-09-28T18:00:00","23.98","-134.95",,,"1","4","2","5",,,"11",,,,,,,,,"10160",,,"8",,,,,"9","242",,,,,,,,,,,,,"236","34","798","172","7","0",,"2","1FFF1F","1AAAA1AAA1AAAA","4",,,,
"4301568","2019-09-28T18:00:00","29.80","-131.69",,,"1","4","2","5",,,"11",,,,,,,,,"10179",,,"8",,,,,"9","232",,,,,,,,,,,,,"236","91","798","172","7","0",,"2","1FFF1F","1AAAA1AAA1AAAA","4",,,,
"4301571","2019-09-28T18:00:00","24.04","-133.74",,,"1","4","2","5",,,"11",,,,,,,,,"10154",,,"8",,,,,"9","245",,,,,,,,,,,,,"236","43","798","172","7","0",,"2","1FFF1F","1AAAA1AAA1AAAA","4",,,,
"4301611","2019-09-28T18:00:00","26.17","-139.81",,,"1","4","2","5",,,"11",,,,,,,,,"10174",,,"8",,,,,"9","254",,,,,,,,,,,,,"236","69","798","172","7","0",,"2","1FFF1F","1AAAA1AAA1AAAA","4",,,,
"5102593","2019-09-28T18:00:00","21.78","-131.30",,,"1","4","2","5",,,"11",,,,,,,,,,,,"8",,,,,"9","251",,,,,,,,,,,,,"236","11","798","172","7","0",,"2","1FFFFF","1AAAAAAAA1AAAA","4",,,,
"4301571","2019-09-28T19:00:00","24.03","-133.74",,,"1","4","2","5",,,"11",,,,,,,,,"10152",,,"8",,,,,"9","246",,,,,,,,,,,,,"236","43","798","172","7","0",,"2","1FFF1F","1AAAA1AAA1AAAA","4",,,,
"4301611","2019-09-28T19:00:00","26.17","-139.80",,,"1","4","2","5",,,"11",,,,,,,,,"10175",,,"8",,,,,"9","254",,,,,,,,,,,,,"236","69","798","172","7","0",,"2","1FFF1F","1AAAA1AAA1AAAA","4",,,,
"5102593","2019-09-28T19:00:00","21.78","-131.30",,,"1","4","2","5",,,"11",,,,,,,,,,,,"8",,,,,"9","254",,,,,,,,,,,,,"236","11","798","172","7","0",,"2","1FFFFF","1AAAAAAAA1AAAA","4",,,,
"WDC3786","2019-09-28T19:00:00","25.90","-139.60",,,"1","5","2","5","2","4","1",,"100","4","72","1","98",,,"10175",,,"8","230",,"200","183",,,"4",,"4","5","A","A",,"5","1","5","10","6","236","59","798","172","5","1","2","2","F11111","111AA1111A111A",,"5",,,
"4301567","2019-09-28T19:01:00","23.97","-134.96",,,"1","4","2","5",,,"11",,,,,,,,,"10157",,,"8",,,,,"9","242",,,,,,,,,,,,,"236","34","798","172","7","0",,"2","1FFF1F","1AAAA1AAA1AAAA","4",,,,
"4301567","2019-09-28T20:00:00","23.96","-134.97",,,"1","4","2","5",,,"11",,,,,,,,,"10154",,,"8",,,,,"9","243",,,,,,,,,,,,,"236","34","798","172","7","0",,"2","1FFF1F","1AAAA1AAA1AAAA","4",,,,
"4301568","2019-09-28T20:00:00","29.79","-131.69",,,"1","4","2","5",,,"11",,,,,,,,,"10173",,,"8",,,,,"9","232",,,,,,,,,,,,,"236","91","798","172","7","0",,"2","1FFF1F","1AAAA1AAA1AAAA","4",,,,
"4301571","2019-09-28T20:00:00","24.03","-133.74",,,"1","4","2","5",,,"11",,,,,,,,,"10147",,,"8",,,,,"9","246",,,,,,,,,,,,,"236","43","798","172","7","0",,"2","1FFF1F","1AAAA1AAA1AAAA","4",,,,
"4301611","2019-09-28T20:00:00","26.17","-139.79",,,"1","4","2","5",,,"11",,,,,,,,,"10171",,,"8",,,,,"9","255",,,,,,,,,,,,,"236","69","798","172","7","0",,"2","1FFF1F","1AAAA1AAA1AAAA","4",,,,
"5102593","2019-09-28T20:00:00","21.78","-131.30",,,"1","4","2","5",,,"11",,,,,,,,,,,,"8",,,,,"9","256",,,,,,,,,,,,,"236","11","798","172","7","0",,"2","1FFFFF","1AAAAAAAA1AAAA","4",,,,
"4301567","2019-09-28T21:00:00","23.96","-134.97",,,"1","4","2","5",,,"11",,,,,,,,,"10145",,,"8",,,,,"9","244",,,,,,,,,,,,,"236","34","798","172","7","0",,"2","1FFF1F","1AAAA1AAA1AAAA","4",,,,
"4301568","2019-09-28T21:00:00","29.79","-131.68",,,"1","4","2","5",,,"11",,,,,,,,,"10169",,,"8",,,,,"9","232",,,,,,,,,,,,,"236","91","798","172","7","0",,"2","1FFF1F","1AAAA1AAA1AAAA","4",,,,
"4301571","2019-09-28T21:00:00","24.03","-133.73",,,"1","4","2","5",,,"11",,,,,,,,,"10141",,,"8",,,,,"9","246",,,,,,,,,,,,,"236","43","798","172","7","0",,"2","1FFF1F","1AAAA1AAA1AAAA","4",,,,
"5102593","2019-09-28T21:00:00","21.78","-131.30",,,"1","4","2","5",,,"11",,,,,,,,,,,,"8",,,,,"9","258",,,,,,,,,,,,,"236","11","798","172","7","0",,"2","1FFFFF","1AAAAAAAA1AAAA","4",,,,
"4301611","2019-09-28T21:04:00","26.16","-139.78",,,"1","4","2","5",,,"11",,,,,,,,,"10164",,,"8",,,,,"9","255",,,,,,,,,,,,,"236","69","798","172","7","0",,"2","1FFF1F","1AAAA1AAA1AAAA","4",,,,
"4301568","2019-09-28T22:00:00","29.78","-131.69",,,"1","4","2","5",,,"11",,,,,,,,,"10163",,,"8",,,,,"9","232",,,,,,,,,,,,,"236","91","798","172","7","0",,"2","1FFF1F","1AAAA1AAA1AAAA","4",,,,
"4301571","2019-09-28T22:00:00","24.02","-133.73",,,"1","4","2","5",,,"11",,,,,,,,,"10136",,,"8",,,,,"9","247",,,,,,,,,,,,,"236","43","798","172","7","0",,"2","1FFF1F","1AAAA1AAA1AAAA","4",,,,
"5102593","2019-09-28T22:00:00","21.78","-131.30",,,"1","4","2","5",,,"11",,,,,,,,,,,,"8",,,,,"9","257",,,,,,,,,,,,,"236","11","798","172","7","0",,"2","1FFFFF","1AAAAAAAA1AAAA","4",,,,
"4301567","2019-09-28T22:04:00","23.95","-134.98",,,"1","4","2","5",,,"11",,,,,,,,,"10143",,,"8",,,,,"9","244",,,,,,,,,,,,,"236","34","798","172","7","0",,"2","1FFF1F","1AAAA1AAA1AAAA","4",,,,
"4301611","2019-09-28T22:04:00","26.16","-139.77",,,"1","4","2","5",,,"11",,,,,,,,,"10158",,,"8",,,,,"9","255",,,,,,,,,,,,,"236","69","798","172","7","0",,"2","1FFF1F","1AAAA1AAA1AAAA","4",,,,
"4301567","2019-09-28T23:00:00","23.94","-134.98",,,"1","4","2","5",,,"11",,,,,,,,,"10136",,,"8",,,,,"9","244",,,,,,,,,,,,,"236","34","798","172","7","0",,"2","1FFF1F","1AAAA1AAA1AAAA","4",,,,
"4301568","2019-09-28T23:00:00","29.77","-131.69",,,"1","4","2","5",,,"11",,,,,,,,,"10161",,,"8",,,,,"9","231",,,,,,,,,,,,,"236","91","798","172","7","0",,"2","1FFF1F","1AAAA1AAA1AAAA","4",,,,
"4301571","2019-09-28T23:00:00","24.02","-133.72",,,"1","4","2","5",,,"11",,,,,,,,,"10134",,,"8",,,,,"9","246",,,,,,,,,,,,,"236","43","798","172","7","0",,"2","1FFF1F","1AAAA1AAA1AAAA","4",,,,
"5102593","2019-09-28T23:00:00","21.78","-131.30",,,"1","4","2","5",,,"11",,,,,,,,,,,,"8",,,,,"9","257",,,,,,,,,,,,,"236","11","798","172","7","0",,"2","1FFFFF","1AAAAAAAA1AAAA","4",,,,
"4301611","2019-09-28T23:03:00","26.15","-139.77",,,"1","4","2","5",,,"11",,,,,,,,,"10154",,,"8",,,,,"9","256",,,,,,,,,,,,,"236","69","798","172","7","0",,"2","1FFF1F","1AAAA1AAA1AAAA","4",,,,
"4301567","2019-09-29T00:00:00","23.93","-134.98",,,"1","4","2","5",,,"11",,,,,,,,,"10133",,,"8",,,,,"9","244",,,,,,,,,,,,,"236","34","798","172","7","0",,"2","1FFF1F","1AAAA1AAA1AAAA","4",,,,
"4301568","2019-09-29T00:00:00","29.77","-131.70",,,"1","4","2","5",,,"11",,,,,,,,,"10161",,,"8",,,,,"9","231",,,,,,,,,,,,,"236","91","798","172","7","0",,"2","1FFF1F","1AAAA1AAA1AAAA","4",,,,
"4301571","2019-09-29T00:00:00","24.02","-133.71",,,"1","4","2","5",,,"11",,,,,,,,,"10129",,,"8",,,,,"9","246",,,,,,,,,,,,,"236","43","798","172","7","0",,"2","1FFF1F","1AAAA1AAA1AAAA","4",,,,
"4301611","2019-09-29T00:00:00","26.15","-139.76",,,"1","4","2","5",,,"11",,,,,,,,,"10152",,,"8",,,,,"9","256",,,,,,,,,,,,,"236","69","798","172","7","0",,"2","1FFF1F","1AAAA1AAA1AAAA","4",,,,
"5102593","2019-09-29T00:00:00","21.78","-131.29",,,"1","4","2","5",,,"11",,,,,,,,,,,,"8",,,,,"9","257",,,,,,,,,,,,,"236","11","798","172","7","0",,"2","1FFFFF","1AAAAAAAA1AAAA","4",,,,
"WDC3786","2019-09-29T00:00:00","26.40","-138.00",,,"1","5","2","5","2","4","1",,"50","4","98","1","98","2","0","10155","7","10","8","245",,"200","173",,,"4","4","1","5","A","A",,"4","2","5","11","6","236","68","798","172","5","1","2","2","F11111","111111111A1111",,"5",,"0",
"4301567","2019-09-29T01:00:00","23.92","-134.99",,,"1","4","2","5",,,"11",,,,,,,,,"10133",,,"8",,,,,"9","244",,,,,,,,,,,,,"236","34","798","172","7","0",,"2","1FFF1F","1AAAA1AAA1AAAA","4",,,,
"4301568","2019-09-29T01:00:00","29.76","-131.70",,,"1","4","2","5",,,"11",,,,,,,,,"10163",,,"8",,,,,"9","231",,,,,,,,,,,,,"236","91","798","172","7","0",,"2","1FFF1F","1AAAA1AAA1AAAA","4",,,,
"4301571","2019-09-29T01:00:00","24.01","-133.71",,,"1","4","2","5",,,"11",,,,,,,,,"10130",,,"8",,,,,"9","246",,,,,,,,,,,,,"236","43","798","172","7","0",,"2","1FFF1F","1AAAA1AAA1AAAA","4",,,,
"4301611","2019-09-29T01:00:00","26.15","-139.76",,,"1","4","2","5",,,"11",,,,,,,,,"10149",,,"8",,,,,"9","256",,,,,,,,,,,,,"236","69","798","172","7","0",,"2","1FFF1F","1AAAA1AAA1AAAA","4",,,,
"5102593","2019-09-29T01:00:00","21.77","-131.29",,,"1","4","2","5",,,"11",,,,,,,,,,,,"8",,,,,"9","256",,,,,,,,,,,,,"236","11","798","172","7","0",,"2","1FFFFF","1AAAAAAAA1AAAA","4",,,,
"4301567","2019-09-29T02:00:00","23.91","-134.99",,,"1","4","2","5",,,"11",,,,,,,,,"10135",,,"8",,,,,"9","243",,,,,,,,,,,,,"236","34","798","172","7","0",,"2","1FFF1F","1AAAA1AAA1AAAA","4",,,,
"4301568","2019-09-29T02:00:00","29.76","-131.71",,,"1","4","2","5",,,"11",,,,,,,,,"10166",,,"8",,,,,"9","231",,,,,,,,,,,,,"236","91","798","172","7","0",,"2","1FFF1F","1AAAA1AAA1AAAA","4",,,,
"4301571","2019-09-29T02:00:00","24.01","-133.70",,,"1","4","2","5",,,"11",,,,,,,,,"10131",,,"8",,,,,"9","246",,,,,,,,,,,,,"236","43","798","172","7","0",,"2","1FFF1F","1AAAA1AAA1AAAA","4",,,,
"5102593","2019-09-29T02:00:00","21.77","-131.29",,,"1","4","2","5",,,"11",,,,,,,,,,,,"8",,,,,"9","254",,,,,,,,,,,,,"236","11","798","172","7","0",,"2","1FFFFF","1AAAAAAAA1AAAA","4",,,,
"4301567","2019-09-29T03:00:00","23.90","-135.00",,,"1","4","2","5",,,"11",,,,,,,,,"10137",,,"8",,,,,"9","243",,,,,,,,,,,,,"236","35","798","172","7","0",,"2","1FFF1F","1AAAA1AAA1AAAA","4",,,,
"4301568","2019-09-29T03:00:00","29.76","-131.71",,,"1","4","2","5",,,"11",,,,,,,,,"10168",,,"8",,,,,"9","230",,,,,,,,,,,,,"236","91","798","172","7","0",,"1","1FFF1F","1AAAA1AAA1AAAA","4",,,,
"4301571","2019-09-29T03:00:00","24.00","-133.70",,,"1","4","2","5",,,"11",,,,,,,,,"10135",,,"8",,,,,"9","245",,,,,,,,,,,,,"236","43","798","172","7","0",,"2","1FFF1F","1AAAA1AAA1AAAA","4",,,,
"5102593","2019-09-29T03:00:00","21.77","-131.29",,,"1","4","2","5",,,"11",,,,,,,,,,,,"8",,,,,"9","253",,,,,,,,,,,,,"236","11","798","172","7","0",,"1","1FFFFF","1AAAAAAAA1AAAA","4",,,,
"4301611","2019-09-29T03:04:00","26.16","-139.74",,,"1","4","2","5",,,"11",,,,,,,,,"10158",,,"8",,,,,"9","255",,,,,,,,,,,,,"236","69","798","172","7","0",,"2","1FFF1F","1AAAA1AAA1AAAA","4",,,,
"4301568","2019-09-29T04:00:00","29.76","-131.72",,,"1","4","2","5",,,"11",,,,,,,,,"10170",,,"8",,,,,"9","230",,,,,,,,,,,,,"236","91","798","172","7","0",,"1","1FFF1F","1AAAA1AAA1AAAA","4",,,,
"4301571","2019-09-29T04:00:00","24.00","-133.70",,,"1","4","2","5",,,"11",,,,,,,,,"10137",,,"8",,,,,"9","245",,,,,,,,,,,,,"236","43","798","172","7","0",,"1","1FFF1F","1AAAA1AAA1AAAA","4",,,,
"5102593","2019-09-29T04:00:00","21.77","-131.29",,,"1","4","2","5",,,"11",,,,,,,,,,,,"8",,,,,"9","252",,,,,,,,,,,,,"236","11","798","172","7","0",,"1","1FFFFF","1AAAAAAAA1AAAA","4",,,,
"4301567","2019-09-29T04:01:00","23.89","-135.01",,,"1","4","2","5",,,"11",,,,,,,,,"10140",,,"8",,,,,"9","243",,,,,,,,,,,,,"236","35","798","172","7","0",,"1","1FFF1F","1AAAA1AAA1AAAA","4",,,,
"4301611","2019-09-29T04:04:00","26.14","-139.71",,,"1","4","2","5",,,"11",,,,,,,,,"10161",,,"8",,,,,"9","255",,,,,,,,,,,,,"236","69","798","172","7","0",,"1","1FFF1F","1AAAA1AAA1AAAA","4",,,,
"4301567","2019-09-29T05:00:00","23.88","-135.02",,,"1","4","2","5",,,"11",,,,,,,,,"10147",,,"8",,,,,"9","243",,,,,,,,,,,,,"236","35","798","172","7","0",,"1","1FFF1F","1AAAA1AAA1AAAA","4",,,,
"4301568","2019-09-29T05:00:00","29.76","-131.73",,,"1","4","2","5",,,"11",,,,,,,,,"10178",,,"8",,,,,"9","230",,,,,,,,,,,,,"236","91","798","172","7","0",,"1","1FFF1F","1AAAA1AAA1AAAA","4",,,,
"4301571","2019-09-29T05:00:00","24.00","-133.70",,,"1","4","2","5",,,"11",,,,,,,,,"10144",,,"8",,,,,"9","245",,,,,,,,,,,,,"236","43","798","172","7","0",,"1","1FFF1F","1AAAA1AAA1AAAA","4",,,,
"5102593","2019-09-29T05:00:00","21.77","-131.29",,,"1","4","2","5",,,"11",,,,,,,,,,,,"8",,,,,"9","252",,,,,,,,,,,,,"236","11","798","172","7","0",,"1","1FFFFF","1AAAAAAAA1AAAA","4",,,,
"4301611","2019-09-29T05:04:00","26.15","-139.73",,,"1","4","2","5",,,"11",,,,,,,,,"10167",,,"8",,,,,"9","255",,,,,,,,,,,,,"236","69","798","172","7","0",,"1","1FFF1F","1AAAA1AAA1AAAA","4",,,,
"4301567","2019-09-29T06:00:00","23.87","-135.03",,,"1","4","2","5",,,"11",,,,,,,,,"10153",,,"8",,,,,"9","244",,,,,,,,,,,,,"236","35","798","172","7","0",,"1","1FFF1F","1AAAA1AAA1AAAA","4",,,,
"4301568","2019-09-29T06:00:00","29.76","-131.74",,,"1","4","2","5",,,"11",,,,,,,,,"10182",,,"8",,,,,"9","230",,,,,,,,,,,,,"236","91","798","172","7","0",,"1","1FFF1F","1AAAA1AAA1AAAA","4",,,,
"4301571","2019-09-29T06:00:00","24.00","-133.71",,,"1","4","2","5",,,"11",,,,,,,,,"10148",,,"8",,,,,"9","245",,,,,,,,,,,,,"236","43","798","172","7","0",,"1","1FFF1F","1AAAA1AAA1AAAA","4",,,,
"5102593","2019-09-29T06:00:00","21.77","-131.29",,,"1","4","2","5",,,"11",,,,,,,,,,,,"8",,,,,"9","252",,,,,,,,,,,,,"236","11","798","172","7","0",,"1","1FFFFF","1AAAAAAAA1AAAA","4",,,,
"4301611","2019-09-29T06:03:00","26.16","-139.73",,,"1","4","2","5",,,"11",,,,,,,,,"10177",,,"8",,,,,"9","255",,,,,,,,,,,,,"236","69","798","172","7","0",,"1","1FFF1F","1AAAA1AAA1AAAA","4",,,,
"4301567","2019-09-29T07:00:00","23.86","-135.04",,,"1","4","2","5",,,"11",,,,,,,,,"10156",,,"8",,,,,"9","244",,,,,,,,,,,,,"236","35","798","172","7","0",,"1","1FFF1F","1AAAA1AAA1AAAA","4",,,,
"4301568","2019-09-29T07:00:00","29.76","-131.75",,,"1","4","2","5",,,"11",,,,,,,,,"10186",,,"8",,,,,"9","230",,,,,,,,,,,,,"236","91","798","172","7","0",,"1","1FFF1F","1AAAA1AAA1AAAA","4",,,,
"4301571","2019-09-29T07:00:00","24.00","-133.71",,,"1","4","2","5",,,"11",,,,,,,,,"10151",,,"8",,,,,"9","245",,,,,,,,,,,,,"236","43","798","172","7","0",,"1","1FFF1F","1AAAA1AAA1AAAA","4",,,,
"4301611","2019-09-29T07:00:00","26.17","-139.72",,,"1","4","2","5",,,"11",,,,,,,,,"10179",,,"8",,,,,"9","255",,,,,,,,,,,,,"236","69","798","172","7","0",,"1","1FFF1F","1AAAA1AAA1AAAA","4",,,,
"5102593","2019-09-29T07:00:00","21.77","-131.29",,,"1","4","2","5",,,"11",,,,,,,,,,,,"8",,,,,"9","251",,,,,,,,,,,,,"236","11","798","172","7","0",,"1","1FFFFF","1AAAAAAAA1AAAA","4",,,,
"4301571","2019-09-29T08:00:00","24.00","-133.72",,,"1","4","2","5",,,"11",,,,,,,,,"10153",,,"8",,,,,"9","244",,,,,,,,,,,,,"236","43","798","172","7","0",,"1","1FFF1F","1AAAA1AAA1AAAA","4",,,,
"5102593","2019-09-29T08:00:00","21.78","-131.29",,,"1","4","2","5",,,"11",,,,,,,,,,,,"8",,,,,"9","251",,,,,,,,,,,,,"236","11","798","172","7","0",,"1","1FFFFF","1AAAAAAAA1AAAA","4",,,,
"4301567","2019-09-29T08:02:00","23.85","-135.05",,,"1","4","2","5",,,"11",,,,,,,,,"10156",,,"8",,,,,"9","244",,,,,,,,,,,,,"236","35","798","172","7","0",,"1","1FFF1F","1AAAA1AAA1AAAA","4",,,,
"4301568","2019-09-29T08:04:00","29.77","-131.76",,,"1","4","2","5",,,"11",,,,,,,,,"10186",,,"8",,,,,"9","230",,,,,,,,,,,,,"236","91","798","172","7","0",,"1","1FFF1F","1AAAA1AAA1AAAA","4",,,,
"4301611","2019-09-29T08:04:00","26.17","-139.71",,,"1","4","2","5",,,"11",,,,,,,,,"10179",,,"8",,,,,"9","254",,,,,,,,,,,,,"236","69","798","172","7","0",,"1","1FFF1F","1AAAA1AAA1AAAA","4",,,,
"4301567","2019-09-29T09:00:00","23.84","-135.06",,,"1","4","2","5",,,"11",,,,,,,,,"10155",,,"8",,,,,"9","244",,,,,,,,,,,,,"236","35","798","172","7","0",,"1","1FFF1F","1AAAA1AAA1AAAA","4",,,,
"4301571","2019-09-29T09:00:00","24.01","-133.72",,,"1","4","2","5",,,"11",,,,,,,,,"10149",,,"8",,,,,"9","244",,,,,,,,,,,,,"236","43","798","172","7","0",,"1","1FFF1F","1AAAA1AAA1AAAA","4",,,,
"5102593","2019-09-29T09:00:00","21.78","-131.28",,,"1","4","2","5",,,"11",,,,,,,,,,,,"8",,,,,"9","251",,,,,,,,,,,,,"236","11","798","172","7","0",,"1","1FFFFF","1AAAAAAAA1AAAA","4",,,,
"4301568","2019-09-29T09:01:00","29.77","-131.77",,,"1","4","2","5",,,"11",,,,,,,,,"10186",,,"8",,,,,"9","230",,,,,,,,,,,,,"236","91","798","172","7","0",,"1","1FFF1F","1AAAA1AAA1AAAA","4",,,,
"4301611","2019-09-29T09:03:00","26.18","-139.70",,,"1","4","2","5",,,"11",,,,,,,,,"10177",,,"8",,,,,"9","254",,,,,,,,,,,,,"236","69","798","172","7","0",,"1","1FFF1F","1AAAA1AAA1AAAA","4",,,,
"4301567","2019-09-29T10:00:00","23.83","-135.07",,,"1","4","2","5",,,"11",,,,,,,,,"10151",,,"8",,,,,"9","244",,,,,,,,,,,,,"236","35","798","172","7","0",,"1","1FFF1F","1AAAA1AAA1AAAA","4",,,,
"4301568","2019-09-29T10:00:00","29.77","-131.78",,,"1","4","2","5",,,"11",,,,,,,,,"10185",,,"8",,,,,"9","230",,,,,,,,,,,,,"236","91","798","172","7","0",,"1","1FFF1F","1AAAA1AAA1AAAA","4",,,,
"4301571","2019-09-29T10:00:00","24.01","-133.72",,,"1","4","2","5",,,"11",,,,,,,,,"10147",,,"8",,,,,"9","244",,,,,,,,,,,,,"236","43","798","172","7","0",,"1","1FFF1F","1AAAA1AAA1AAAA","4",,,,
"4301611","2019-09-29T10:00:00","26.18","-139.69",,,"1","4","2","5",,,"11",,,,,,,,,"10174",,,"8",,,,,"9","254",,,,,,,,,,,,,"236","69","798","172","7","0",,"1","1FFF1F","1AAAA1AAA1AAAA","4",,,,
"5102593","2019-09-29T10:00:00","21.79","-131.28",,,"1","4","2","5",,,"11",,,,,,,,,,,,"8",,,,,"9","251",,,,,,,,,,,,,"236","11","798","172","7","0",,"1","1FFFFF","1AAAAAAAA1AAAA","4",,,,
"4301567","2019-09-29T11:00:00","23.82","-135.07",,,"1","4","2","5",,,"11",,,,,,,,,"10147",,,"8",,,,,"9","243",,,,,,,,,,,,,"236","35","798","172","7","0",,"1","1FFF1F","1AAAA1AAA1AAAA","4",,,,
"4301568","2019-09-29T11:00:00","29.77","-131.79",,,"1","4","2","5",,,"11",,,,,,,,,"10181",,,"8",,,,,"9","229",,,,,,,,,,,,,"236","91","798","172","7","0",,"1","1FFF1F","1AAAA1AAA1AAAA","4",,,,
"4301571","2019-09-29T11:00:00","24.02","-133.72",,,"1","4","2","5",,,"11",,,,,,,,,"10142",,,"8",,,,,"9","244",,,,,,,,,,,,,"236","43","798","172","7","0",,"1","1FFF1F","1AAAA1AAA1AAAA","4",,,,
"5102593","2019-09-29T11:00:00","21.79","-131.27",,,"1","4","2","5",,,"11",,,,,,,,,,,,"8",,,,,"9","251",,,,,,,,,,,,,"236","11","798","172","7","0",,"1","1FFFFF","1AAAAAAAA1AAAA","4",,,,
"4301611","2019-09-29T11:02:00","26.18","-139.68",,,"1","4","2","5",,,"11",,,,,,,,,"10170",,,"8",,,,,"9","254",,,,,,,,,,,,,"236","69","798","172","7","0",,"1","1FFF1F","1AAAA1AAA1AAAA","4",,,,
"4301567","2019-09-29T12:00:00","23.81","-135.08",,,"1","4","2","5",,,"11",,,,,,,,,"10142",,,"8",,,,,"9","243",,,,,,,,,,,,,"236","35","798","172","7","0",,"1","1FFF1F","1AAAA1AAA1AAAA","4",,,,
"4301568","2019-09-29T12:00:00","29.78","-131.79",,,"1","4","2","5",,,"11",,,,,,,,,"10177",,,"8",,,,,"9","229",,,,,,,,,,,,,"236","91","798","172","7","0",,"1","1FFF1F","1AAAA1AAA1AAAA","4",,,,
"5102593","2019-09-29T12:00:00","21.79","-131.27",,,"1","4","2","5",,,"11",,,,,,,,,,,,"8",,,,,"9","251",,,,,,,,,,,,,"236","11","798","172","7","0",,"1","1FFFFF","1AAAAAAAA1AAAA","4",,,,
"WDC3786","2019-09-29T12:00:00","27.60","-134.10",,,"1","5","2","5","2","4","1",,"50","4","139","1","97","25","2","10168","7","2","8","200",,"180","167",,,"8","8","7","2","A","A",,"4","2","5","14","7","236","74","798","172","5","1","2","1","F11111","111111111A1111",,"5",,"2",
"4301611","2019-09-29T12:04:00","26.18","-139.67",,,"1","4","2","5",,,"11",,,,,,,,,"10169",,,"8",,,,,"9","254",,,,,,,,,,,,,"236","69","798","172","7","0",,"1","1FFF1F","1AAAA1AAA1AAAA","4",,,,
"4301567","2019-09-29T13:00:00","23.81","-135.08",,,"1","4","2","5",,,"11",,,,,,,,,"10142",,,"8",,,,,"9","243",,,,,,,,,,,,,"236","35","798","172","7","0",,"1","1FFF1F","1AAAA1AAA1AAAA","4",,,,
"4301568","2019-09-29T13:00:00","29.79","-131.79",,,"1","4","2","5",,,"11",,,,,,,,,"10182",,,"8",,,,,"9","229",,,,,,,,,,,,,"236","91","798","172","7","0",,"1","1FFF1F","1AAAA1AAA1AAAA","4",,,,
"4301611","2019-09-29T13:00:00","26.18","-139.67",,,"1","4","2","5",,,"11",,,,,,,,,"10169",,,"8",,,,,"9","254",,,,,,,,,,,,,"236","69","798","172","7","0",,"1","1FFF1F","1AAAA1AAA1AAAA","4",,,,
"5102593","2019-09-29T13:00:00","21.79","-131.26",,,"1","4","2","5",,,"11",,,,,,,,,,,,"8",,,,,"9","250",,,,,,,,,,,,,"236","11","798","172","7","0",,"1","1FFFFF","1AAAAAAAA1AAAA","4",,,,
"4301571","2019-09-29T13:02:00","24.03","-133.71",,,"1","4","2","5",,,"11",,,,,,,,,"10140",,,"8",,,,,"9","244",,,,,,,,,,,,,"236","43","798","172","7","0",,"1","1FFF1F","1AAAA1AAA1AAAA","4",,,,
"4301567","2019-09-29T14:00:00","23.80","-135.08",,,"1","4","2","5",,,"11",,,,,,,,,"10145",,,"8",,,,,"9","242",,,,,,,,,,,,,"236","35","798","172","7","0",,"1","1FFF1F","1AAAA1AAA1AAAA","4",,,,
"4301568","2019-09-29T14:00:00","29.79","-131.80",,,"1","4","2","5",,,"11",,,,,,,,,"10184",,,"8",,,,,"9","229",,,,,,,,,,,,,"236","91","798","172","7","0",,"1","1FFF1F","1AAAA1AAA1AAAA","4",,,,
"4301571","2019-09-29T14:00:00","24.04","-133.70",,,"1","4","2","5",,,"11",,,,,,,,,"10143",,,"8",,,,,"9","243",,,,,,,,,,,,,"236","43","798","172","7","0",,"1","1FFF1F","1AAAA1AAA1AAAA","4",,,,
"5102593","2019-09-29T14:00:00","21.79","-131.25",,,"1","4","2","5",,,"11",,,,,,,,,,,,"8",,,,,"9","250",,,,,,,,,,,,,"236","11","798","172","7","0",,"1","1FFFFF","1AAAAAAAA1AAAA","4",,,,
"4301611","2019-09-29T14:04:00","26.18","-139.66",,,"1","4","2","5",,,"11",,,,,,,,,"10172",,,"8",,,,,"9","254",,,,,,,,,,,,,"236","69","798","172","7","0",,"1","1FFF1F","1AAAA1AAA1AAAA","4",,,,
"4301567","2019-09-29T15:00:00","23.79","-135.08",,,"1","4","2","5",,,"11",,,,,,,,,"10149",,,"8",,,,,"9","242",,,,,,,,,,,,,"236","35","798","172","7","0",,"2","1FFF1F","1AAAA1AAA1AAAA","4",,,,
"4301571","2019-09-29T15:00:00","24.04","-133.69",,,"1","4","2","5",,,"11",,,,,,,,,"10146",,,"8",,,,,"9","243",,,,,,,,,,,,,"236","43","798","172","7","0",,"2","1FFF1F","1AAAA1AAA1AAAA","4",,,,
"5102593","2019-09-29T15:00:00","21.79","-131.25",,,"1","4","2","5",,,"11",,,,,,,,,,,,"8",,,,,"9","250",,,,,,,,,,,,,"236","11","798","172","7","0",,"2","1FFFFF","1AAAAAAAA1AAAA","4",,,,
"4301568","2019-09-29T15:01:00","29.80","-131.80",,,"1","4","2","5",,,"11",,,,,,,,,"10190",,,"8",,,,,"9","229",,,,,,,,,,,,,"236","91","798","172","7","0",,"2","1FFF1F","1AAAA1AAA1AAAA","4",,,,
"4301611","2019-09-29T15:04:00","26.18","-139.65",,,"1","4","2","5",,,"11",,,,,,,,,"10178",,,"8",,,,,"9","254",,,,,,,,,,,,,"236","69","798","172","7","0",,"1","1FFF1F","1AAAA1AAA1AAAA","4",,,,
"4301567","2019-09-29T16:00:00","23.79","-135.08",,,"1","4","2","5",,,"11",,,,,,,,,"10152",,,"8",,,,,"9","242",,,,,,,,,,,,,"236","35","798","172","7","0",,"2","1FFF1F","1AAAA1AAA1AAAA","4",,,,
"4301568","2019-09-29T16:00:00","29.80","-131.80",,,"1","4","2","5",,,"11",,,,,,,,,"10196",,,"8",,,,,"9","229",,,,,,,,,,,,,"236","91","798","172","7","0",,"2","1FFF1F","1AAAA1AAA1AAAA","4",,,,
"4301571","2019-09-29T16:00:00","24.04","-133.68",,,"1","4","2","5",,,"11",,,,,,,,,"10149",,,"8",,,,,"9","244",,,,,,,,,,,,,"236","43","798","172","7","0",,"2","1FFF1F","1AAAA1AAA1AAAA","4",,,,
"5102593","2019-09-29T16:00:00","21.79","-131.24",,,"1","4","2","5",,,"11",,,,,,,,,,,,"8",,,,,"9","250",,,,,,,,,,,,,"236","11","798","172","7","0",,"2","1FFFFF","1AAAAAAAA1AAAA","4",,,,
"4301611","2019-09-29T16:04:00","26.18","-139.64",,,"1","4","2","5",,,"11",,,,,,,,,"10177",,,"8",,,,,"9","254",,,,,,,,,,,,,"236","69","798","172","7","0",,"2","1FFF1F","1AAAA1AAA1AAAA","4",,,,
"4301568","2019-09-29T17:00:00","29.81","-131.79",,,"1","4","2","5",,,"11",,,,,,,,,"10198",,,"8",,,,,"9","229",,,,,,,,,,,,,"236","91","798","172","7","0",,"2","1FFF1F","1AAAA1AAA1AAAA","4",,,,
"5102593","2019-09-29T17:00:00","21.79","-131.24",,,"1","4","2","5",,,"11",,,,,,,,,,,,"8",,,,,"9","250",,,,,,,,,,,,,"236","11","798","172","7","0",,"2","1FFFFF","1AAAAAAAA1AAAA","4",,,,
"4301567","2019-09-29T17:01:00","23.78","-135.08",,,"1","4","2","5",,,"11",,,,,,,,,"10157",,,"8",,,,,"9","243",,,,,,,,,,,,,"236","35","798","172","7","0",,"2","1FFF1F","1AAAA1AAA1AAAA","4",,,,
"4301571","2019-09-29T18:00:00","24.05","-133.67",,,"1","4","2","5",,,"11",,,,,,,,,"10157",,,"8",,,,,"9","244",,,,,,,,,,,,,"236","43","798","172","7","0",,"2","1FFF1F","1AAAA1AAA1AAAA","4",,,,
"4301611","2019-09-29T18:00:00","26.19","-139.62",,,"1","4","2","5",,,"11",,,,,,,,,"10181",,,"8",,,,,"9","254",,,,,,,,,,,,,"236","69","798","172","7","0",,"2","1FFF1F","1AAAA1AAA1AAAA","4",,,,
"5102593","2019-09-29T18:00:00","21.79","-131.24",,,"1","4","2","5",,,"11",,,,,,,,,,,,"8",,,,,"9","251",,,,,,,,,,,,,"236","11","798","172","7","0",,"2","1FFFFF","1AAAAAAAA1AAAA","4",,,,
"4301568","2019-09-29T18:04:00","29.81","-131.79",,,"1","4","2","5",,,"11",,,,,,,,,"10202",,,"8",,,,,"9","229",,,,,,,,,,,,,"236","91","798","172","7","0",,"2","1FFF1F","1AAAA1AAA1AAAA","4",,,,
"4301567","2019-09-29T19:00:00","23.76","-135.09",,,"1","4","2","5",,,"11",,,,,,,,,"10158",,,"8",,,,,"9","244",,,,,,,,,,,,,"236","35","798","172","7","0",,"2","1FFF1F","1AAAA1AAA1AAAA","4",,,,
"4301571","2019-09-29T19:00:00","24.05","-133.67",,,"1","4","2","5",,,"11",,,,,,,,,"10156",,,"8",,,,,"9","244",,,,,,,,,,,,,"236","43","798","172","7","0",,"2","1FFF1F","1AAAA1AAA1AAAA","4",,,,
"5102593","2019-09-29T19:00:00","21.78","-131.24",,,"1","4","2","5",,,"11",,,,,,,,,,,,"8",,,,,"9","251",,,,,,,,,,,,,"236","11","798","172","7","0",,"2","1FFFFF","1AAAAAAAA1AAAA","4",,,,
"4301568","2019-09-29T19:01:00","29.81","-131.79",,,"1","4","2","5",,,"11",,,,,,,,,"10201",,,"8",,,,,"9","229",,,,,,,,,,,,,"236","91","798","172","7","0",,"2","1FFF1F","1AAAA1AAA1AAAA","4",,,,
"4301567","2019-09-29T20:00:00","23.74","-135.09",,,"1","4","2","5",,,"11",,,,,,,,,"10156",,,"8",,,,,"9","244",,,,,,,,,,,,,"236","35","798","172","7","0",,"2","1FFF1F","1AAAA1AAA1AAAA","4",,,,
"4301571","2019-09-29T20:00:00","24.05","-133.67",,,"1","4","2","5",,,"11",,,,,,,,,"10152",,,"8",,,,,"9","245",,,,,,,,,,,,,"236","43","798","172","7","0",,"2","1FFF1F","1AAAA1AAA1AAAA","4",,,,
"5102593","2019-09-29T20:00:00","21.78","-131.24",,,"1","4","2","5",,,"11",,,,,,,,,,,,"8",,,,,"9","252",,,,,,,,,,,,,"236","11","798","172","7","0",,"2","1FFFFF","1AAAAAAAA1AAAA","4",,,,
"4301568","2019-09-29T20:04:00","29.80","-131.79",,,"1","4","2","5",,,"11",,,,,,,,,"10198",,,"8",,,,,"9","230",,,,,,,,,,,,,"236","91","798","172","7","0",,"2","1FFF1F","1AAAA1AAA1AAAA","4",,,,
"4301611","2019-09-29T20:04:00","26.19","-139.60",,,"1","4","2","5",,,"11",,,,,,,,,"10179",,,"8",,,,,"9","254",,,,,,,,,,,,,"236","69","798","172","7","0",,"2","1FFF1F","1AAAA1AAA1AAAA","4",,,,
"4301567","2019-09-29T21:00:00","23.73","-135.10",,,"1","4","2","5",,,"11",,,,,,,,,"10150",,,"8",,,,,"9","244",,,,,,,,,,,,,"236","35","798","172","7","0",,"2","1FFF1F","1AAAA1AAA1AAAA","4",,,,
"4301568","2019-09-29T21:00:00","29.80","-131.79",,,"1","4","2","5",,,"11",,,,,,,,,"10196",,,"8",,,,,"9","229",,,,,,,,,,,,,"236","91","798","172","7","0",,"2","1FFF1F","1AAAA1AAA1AAAA","4",,,,
"4301571","2019-09-29T21:00:00","24.05","-133.66",,,"1","4","2","5",,,"11",,,,,,,,,"10147",,,"8",,,,,"9","245",,,,,,,,,,,,,"236","43","798","172","7","0",,"2","1FFF1F","1AAAA1AAA1AAAA","4",,,,
"5102593","2019-09-29T21:00:00","21.78","-131.25",,,"1","4","2","5",,,"11",,,,,,,,,,,,"8",,,,,"9","253",,,,,,,,,,,,,"236","11","798","172","7","0",,"2","1FFFFF","1AAAAAAAA1AAAA","4",,,,
"4301611","2019-09-29T21:04:00","26.19","-139.59",,,"1","4","2","5",,,"11",,,,,,,,,"10178",,,"8",,,,,"9","255",,,,,,,,,,,,,"236","69","798","172","7","0",,"2","1FFF1F","1AAAA1AAA1AAAA","4",,,,
"4301567","2019-09-29T22:00:00","23.71","-135.11",,,"1","4","2","5",,,"11",,,,,,,,,"10145",,,"8",,,,,"9","244",,,,,,,,,,,,,"236","35","798","172","7","0",,"2","1FFF1F","1AAAA1AAA1AAAA","4",,,,
"5102593","2019-09-29T22:00:00","21.79","-131.25",,,"1","4","2","5",,,"11",,,,,,,,,,,,"8",,,,,"9","254",,,,,,,,,,,,,"236","11","798","172","7","0",,"2","1FFFFF","1AAAAAAAA1AAAA","4",,,,
"4301571","2019-09-29T22:01:00","24.05","-133.66",,,"1","4","2","5",,,"11",,,,,,,,,"10143",,,"8",,,,,"9","245",,,,,,,,,,,,,"236","43","798","172","7","0",,"2","1FFF1F","1AAAA1AAA1AAAA","4",,,,
"4301568","2019-09-29T22:04:00","29.79","-131.79",,,"1","4","2","5",,,"11",,,,,,,,,"10191",,,"8",,,,,"9","229",,,,,,,,,,,,,"236","91","798","172","7","0",,"2","1FFF1F","1AAAA1AAA1AAAA","4",,,,
"4301568","2019-09-29T23:00:00","29.78","-131.80",,,"1","4","2","5",,,"11",,,,,,,,,"10187",,,"8",,,,,"9","230",,,,,,,,,,,,,"236","91","798","172","7","0",,"2","1FFF1F","1AAAA1AAA1AAAA","4",,,,
"5102593","2019-09-29T23:00:00","21.79","-131.25",,,"1","4","2","5",,,"11",,,,,,,,,,,,"8",,,,,"9","254",,,,,,,,,,,,,"236","11","798","172","7","0",,"2","1FFFFF","1AAAAAAAA1AAAA","4",,,,
"4301567","2019-09-29T23:01:00","23.70","-135.12",,,"1","4","2","5",,,"11",,,,,,,,,"10141",,,"8",,,,,"9","244",,,,,,,,,,,,,"236","35","798","172","7","0",,"2","1FFF1F","1AAAA1AAA1AAAA","4",,,,
"4301571","2019-09-29T23:01:00","24.06","-133.66",,,"1","4","2","5",,,"11",,,,,,,,,"10135",,,"8",,,,,"9","246",,,,,,,,,,,,,"236","43","798","172","7","0",,"2","1FFF1F","1AAAA1AAA1AAAA","4",,,,
"4301567","2019-09-30T00:00:00","23.68","-135.13",,,"1","4","2","5",,,"11",,,,,,,,,"10138",,,"8",,,,,"9","244",,,,,,,,,,,,,"236","35","798","172","7","0",,"2","1FFF1F","1AAAA1AAA1AAAA","4",,,,
"4301568","2019-09-30T00:00:00","29.78","-131.81",,,"1","4","2","5",,,"11",,,,,,,,,"10185",,,"8",,,,,"9","230",,,,,,,,,,,,,"236","91","798","172","7","0",,"2","1FFF1F","1AAAA1AAA1AAAA","4",,,,
"4301571","2019-09-30T00:00:00","24.06","-133.65",,,"1","4","2","5",,,"11",,,,,,,,,"10134",,,"8",,,,,"9","246",,,,,,,,,,,,,"236","43","798","172","7","0",,"2","1FFF1F","1AAAA1AAA1AAAA","4",,,,
"5102593","2019-09-30T00:00:00","21.79","-131.24",,,"1","4","2","5",,,"11",,,,,,,,,,,,"8",,,,,"9","253",,,,,,,,,,,,,"236","11","798","172","7","0",,"2","1FFFFF","1AAAAAAAA1AAAA","4",,,,
"4301567","2019-09-30T01:00:00","23.66","-135.14",,,"1","4","2","5",,,"11",,,,,,,,,"10137",,,"8",,,,,"9","244",,,,,,,,,,,,,"236","35","798","172","7","0",,"2","1FFF1F","1AAAA1AAA1AAAA","4",,,,
"4301571","2019-09-30T01:00:00","24.06","-133.65",,,"1","4","2","5",,,"11",,,,,,,,,"10136",,,"8",,,,,"9","245",,,,,,,,,,,,,"236","43","798","172","7","0",,"2","1FFF1F","1AAAA1AAA1AAAA","4",,,,
"5102593","2019-09-30T01:00:00","21.79","-131.24",,,"1","4","2","5",,,"11",,,,,,,,,,,,"8",,,,,"9","253",,,,,,,,,,,,,"236","11","798","172","7","0",,"2","1FFFFF","1AAAAAAAA1AAAA","4",,,,
"4301568","2019-09-30T01:04:00","29.77","-131.82",,,"1","4","2","5",,,"11",,,,,,,,,"10184",,,"8",,,,,"9","229",,,,,,,,,,,,,"236","91","798","172","7","0",,"2","1FFF1F","1AAAA1AAA1AAAA","4",,,,
"4301571","2019-09-30T02:00:00","24.05","-133.65",,,"1","4","2","5",,,"11",,,,,,,,,"10136",,,"8",,,,,"9","245",,,,,,,,,,,,,"236","43","798","172","7","0",,"2","1FFF1F","1AAAA1AAA1AAAA","4",,,,
"5102593","2019-09-30T02:00:00","21.79","-131.24",,,"1","4","2","5",,,"11",,,,,,,,,,,,"8",,,,,"9","252",,,,,,,,,,,,,"236","11","798","172","7","0",,"2","1FFFFF","1AAAAAAAA1AAAA","4",,,,
"4301567","2019-09-30T02:04:00","23.65","-135.15",,,"1","4","2","5",,,"11",,,,,,,,,"10137",,,"8",,,,,"9","244",,,,,,,,,,,,,"236","35","798","172","7","0",,"2","1FFF1F","1AAAA1AAA1AAAA","4",,,,
"4301568","2019-09-30T02:04:00","29.76","-131.83",,,"1","4","2","5",,,"11",,,,,,,,,"10188",,,"8",,,,,"9","229",,,,,,,,,,,,,"236","91","798","172","7","0",,"2","1FFF1F","1AAAA1AAA1AAAA","4",,,,
"4301567","2019-09-30T03:00:00","23.63","-135.16",,,"1","4","2","5",,,"11",,,,,,,,,"10140",,,"8",,,,,"9","243",,,,,,,,,,,,,"236","35","798","172","7","0",,"2","1FFF1F","1AAAA1AAA1AAAA","4",,,,
"4301571","2019-09-30T03:00:00","24.05","-133.64",,,"1","4","2","5",,,"11",,,,,,,,,"10140",,,"8",,,,,"9","245",,,,,,,,,,,,,"236","43","798","172","7","0",,"2","1FFF1F","1AAAA1AAA1AAAA","4",,,,
"5102593","2019-09-30T03:00:00","21.79","-131.24",,,"1","4","2","5",,,"11",,,,,,,,,,,,"8",,,,,"9","252",,,,,,,,,,,,,"236","11","798","172","7","0",,"1","1FFFFF","1AAAAAAAA1AAAA","4",,,,
"4301568","2019-09-30T03:04:00","29.77","-131.84",,,"1","4","2","5",,,"11",,,,,,,,,"10187",,,"8",,,,,"9","229",,,,,,,,,,,,,"236","91","798","172","7","0",,"1","1FFF1F","1AAAA1AAA1AAAA","4",,,,
"4301567","2019-09-30T04:00:00","23.62","-135.17",,,"1","4","2","5",,,"11",,,,,,,,,"10143",,,"8",,,,,"9","243",,,,,,,,,,,,,"236","35","798","172","7","0",,"1","1FFF1F","1AAAA1AAA1AAAA","4",,,,
"4301571","2019-09-30T04:00:00","24.05","-133.64",,,"1","4","2","5",,,"11",,,,,,,,,"10144",,,"8",,,,,"9","245",,,,,,,,,,,,,"236","43","798","172","7","0",,"1","1FFF1F","1AAAA1AAA1AAAA","4",,,,
"5102593","2019-09-30T04:00:00","21.79","-131.24",,,"1","4","2","5",,,"11",,,,,,,,,,,,"8",,,,,"9","252",,,,,,,,,,,,,"236","11","798","172","7","0",,"1","1FFFFF","1AAAAAAAA1AAAA","4",,,,
"4301568","2019-09-30T04:04:00","29.76","-131.85",,,"1","4","2","5",,,"11",,,,,,,,,"10189",,,"8",,,,,"9","229",,,,,,,,,,,,,"236","91","798","172","7","0",,"1","1FFF1F","1AAAA1AAA1AAAA","4",,,,
"4301567","2019-09-30T05:00:00","23.61","-135.19",,,"1","4","2","5",,,"11",,,,,,,,,"10150",,,"8",,,,,"9","243",,,,,,,,,,,,,"236","35","798","172","7","0",,"1","1FFF1F","1AAAA1AAA1AAAA","4",,,,
"4301571","2019-09-30T05:00:00","24.05","-133.65",,,"1","4","2","5",,,"11",,,,,,,,,"10148",,,"8",,,,,"9","244",,,,,,,,,,,,,"236","43","798","172","7","0",,"1","1FFF1F","1AAAA1AAA1AAAA","4",,,,
"5102593","2019-09-30T05:00:00","21.79","-131.24",,,"1","4","2","5",,,"11",,,,,,,,,,,,"8",,,,,"9","251",,,,,,,,,,,,,"236","11","798","172","7","0",,"1","1FFFFF","1AAAAAAAA1AAAA","4",,,,
"4301568","2019-09-30T05:04:00","29.76","-131.87",,,"1","4","2","5",,,"11",,,,,,,,,"10197",,,"8",,,,,"9","229",,,,,,,,,,,,,"236","91","798","172","7","0",,"1","1FFF1F","1AAAA1AAA1AAAA","4",,,,
"5102593","2019-09-30T06:00:00","21.79","-131.24",,,"1","4","2","5",,,"11",,,,,,,,,,,,"8",,,,,"9","251",,,,,,,,,,,,,"236","11","798","172","7","0",,"1","1FFFFF","1AAAAAAAA1AAAA","4",,,,
"4301567","2019-09-30T06:01:00","23.59","-135.20",,,"1","4","2","5",,,"11",,,,,,,,,"10157",,,"8",,,,,"9","243",,,,,,,,,,,,,"236","35","798","172","7","0",,"1","1FFF1F","1AAAA1AAA1AAAA","4",,,,
"4301571","2019-09-30T06:01:00","24.04","-133.65",,,"1","4","2","5",,,"11",,,,,,,,,"10155",,,"8",,,,,"9","244",,,,,,,,,,,,,"236","43","798","172","7","0",,"1","1FFF1F","1AAAA1AAA1AAAA","4",,,,
"4301568","2019-09-30T06:04:00","29.77","-131.88",,,"1","4","2","5",,,"11",,,,,,,,,"10199",,,"8",,,,,"9","229",,,,,,,,,,,,,"236","91","798","172","7","0",,"1","1FFF1F","1AAAA1AAA1AAAA","4",,,,
"4301571","2019-09-30T07:00:00","24.04","-133.66",,,"1","4","2","5",,,"11",,,,,,,,,"10155",,,"8",,,,,"9","244",,,,,,,,,,,,,"236","43","798","172","7","0",,"1","1FFF1F","1AAAA1AAA1AAAA","4",,,,
"5102593","2019-09-30T07:00:00","21.79","-131.24",,,"1","4","2","5",,,"11",,,,,,,,,,,,"8",,,,,"9","251",,,,,,,,,,,,,"236","11","798","172","7","0",,"1","1FFFFF","1AAAAAAAA1AAAA","4",,,,
"4301567","2019-09-30T07:01:00","23.58","-135.22",,,"1","4","2","5",,,"11",,,,,,,,,"10157",,,"8",,,,,"9","243",,,,,,,,,,,,,"236","35","798","172","7","0",,"1","1FFF1F","1AAAA1AAA1AAAA","4",,,,
"4301568","2019-09-30T07:04:00","29.77","-131.89",,,"1","4","2","5",,,"11",,,,,,,,,"10198",,,"8",,,,,"9","228",,,,,,,,,,,,,"236","91","798","172","7","0",,"1","1FFF1F","1AAAA1AAA1AAAA","4",,,,
"4301567","2019-09-30T08:00:00","23.57","-135.23",,,"1","4","2","5",,,"11",,,,,,,,,"10155",,,"8",,,,,"9","243",,,,,,,,,,,,,"236","35","798","172","7","0",,"1","1FFF1F","1AAAA1AAA1AAAA","4",,,,
"5102593","2019-09-30T08:00:00","21.79","-131.24",,,"1","4","2","5",,,"11",,,,,,,,,,,,"8",,,,,"9","251",,,,,,,,,,,,,"236","11","798","172","7","0",,"1","1FFFFF","1AAAAAAAA1AAAA","4",,,,
"4301571","2019-09-30T08:01:00","24.04","-133.67",,,"1","4","2","5",,,"11",,,,,,,,,"10153",,,"8",,,,,"9","244",,,,,,,,,,,,,"236","43","798","172","7","0",,"1","1FFF1F","1AAAA1AAA1AAAA","4",,,,
"4301567","2019-09-30T09:00:00","23.56","-135.25",,,"1","4","2","5",,,"11",,,,,,,,,"10152",,,"8",,,,,"9","243",,,,,,,,,,,,,"236","35","798","172","7","0",,"1","1FFF1F","1AAAA1AAA1AAAA","4",,,,
"4301571","2019-09-30T09:00:00","24.05","-133.68",,,"1","4","2","5",,,"11",,,,,,,,,"10151",,,"8",,,,,"9","244",,,,,,,,,,,,,"236","43","798","172","7","0",,"1","1FFF1F","1AAAA1AAA1AAAA","4",,,,
"5102593","2019-09-30T09:00:00","21.79","-131.25",,,"1","4","2","5",,,"11",,,,,,,,,,,,"8",,,,,"9","251",,,,,,,,,,,,,"236","11","798","172","7","0",,"1","1FFFFF","1AAAAAAAA1AAAA","4",,,,
"4301568","2019-09-30T09:04:00","29.78","-131.91",,,"1","4","2","5",,,"11",,,,,,,,,"10196",,,"8",,,,,"9","228",,,,,,,,,,,,,"236","91","798","172","7","0",,"1","1FFF1F","1AAAA1AAA1AAAA","4",,,,
"4301567","2019-09-30T10:00:00","23.55","-135.26",,,"1","4","2","5",,,"11",,,,,,,,,"10148",,,"8",,,,,"9","242",,,,,,,,,,,,,"236","35","798","172","7","0",,"1","1FFF1F","1AAAA1AAA1AAAA","4",,,,
"4301571","2019-09-30T10:00:00","24.05","-133.68",,,"1","4","2","5",,,"11",,,,,,,,,"10148",,,"8",,,,,"9","244",,,,,,,,,,,,,"236","43","798","172","7","0",,"1","1FFF1F","1AAAA1AAA1AAAA","4",,,,
"5102593","2019-09-30T10:00:00","21.80","-131.25",,,"1","4","2","5",,,"11",,,,,,,,,,,,"8",,,,,"9","251",,,,,,,,,,,,,"236","11","798","172","7","0",,"1","1FFFFF","1AAAAAAAA1AAAA","4",,,,
"4301567","2019-09-30T11:00:00","23.55","-135.27",,,"1","4","2","5",,,"11",,,,,,,,,"10145",,,"8",,,,,"9","242",,,,,,,,,,,,,"236","35","798","172","7","0",,"1","1FFF1F","1AAAA1AAA1AAAA","4",,,,
"5102593","2019-09-30T11:00:00","21.81","-131.25",,,"1","4","2","5",,,"11",,,,,,,,,,,,"8",,,,,"9","251",,,,,,,,,,,,,"236","11","798","172","7","0",,"1","1FFFFF","1AAAAAAAA1AAAA","4",,,,
"4301571","2019-09-30T11:01:00","24.06","-133.69",,,"1","4","2","5",,,"11",,,,,,,,,"10148",,,"8",,,,,"9","244",,,,,,,,,,,,,"236","43","798","172","7","0",,"1","1FFF1F","1AAAA1AAA1AAAA","4",,,,
"4301568","2019-09-30T11:04:00","29.79","-131.92",,,"1","4","2","5",,,"11",,,,,,,,,"10192",,,"8",,,,,"9","228",,,,,,,,,,,,,"236","91","798","172","7","0",,"1","1FFF1F","1AAAA1AAA1AAAA","4",,,,
"4301568","2019-09-30T12:00:00","29.79","-131.92",,,"1","4","2","5",,,"11",,,,,,,,,"10190",,,"8",,,,,"9","228",,,,,,,,,,,,,"236","91","798","172","7","0",,"1","1FFF1F","1AAAA1AAA1AAAA","4",,,,
"4301571","2019-09-30T12:00:00","24.07","-133.69",,,"1","4","2","5",,,"11",,,,,,,,,"10143",,,"8",,,,,"9","244",,,,,,,,,,,,,"236","43","798","172","7","0",,"1","1FFF1F","1AAAA1AAA1AAAA","4",,,,
"5102593","2019-09-30T12:00:00","21.82","-131.24",,,"1","4","2","5",,,"11",,,,,,,,,,,,"8",,,,,"9","251",,,,,,,,,,,,,"236","11","798","172","7","0",,"1","1FFFFF","1AAAAAAAA1AAAA","4",,,,
"4301567","2019-09-30T12:03:00","23.54","-135.28",,,"1","4","2","5",,,"11",,,,,,,,,"10144",,,"8",,,,,"9","242",,,,,,,,,,,,,"236","35","798","172","7","0",,"1","1FFF1F","1AAAA1AAA1AAAA","4",,,,
"4301567","2019-09-30T13:00:00","23.54","-135.29",,,"1","4","2","5",,,"11",,,,,,,,,"10141",,,"8",,,,,"9","242",,,,,,,,,,,,,"236","35","798","172","7","0",,"1","1FFF1F","1AAAA1AAA1AAAA","4",,,,
"4301568","2019-09-30T13:00:00","29.80","-131.93",,,"1","4","2","5",,,"11",,,,,,,,,"10193",,,"8",,,,,"9","228",,,,,,,,,,,,,"236","91","798","172","7","0",,"1","1FFF1F","1AAAA1AAA1AAAA","4",,,,
"5102593","2019-09-30T13:00:00","21.82","-131.24",,,"1","4","2","5",,,"11",,,,,,,,,,,,"8",,,,,"9","251",,,,,,,,,,,,,"236","11","798","172","7","0",,"1","1FFFFF","1AAAAAAAA1AAAA","4",,,,
"4301567","2019-09-30T14:00:00","23.53","-135.30",,,"1","4","2","5",,,"11",,,,,,,,,"10143",,,"8",,,,,"9","244",,,,,,,,,,,,,"236","35","798","172","7","0",,"1","1FFF1F","1AAAA1AAA1AAAA","4",,,,
"5102593","2019-09-30T14:00:00","21.83","-131.23",,,"1","4","2","5",,,"11",,,,,,,,,,,,"8",,,,,"9","251",,,,,,,,,,,,,"236","11","798","172","7","0",,"1","1FFFFF","1AAAAAAAA1AAAA","4",,,,
"4301568","2019-09-30T14:01:00","29.80","-131.93",,,"1","4","2","5",,,"11",,,,,,,,,"10196",,,"8",,,,,"9","227",,,,,,,,,,,,,"236","91","798","172","7","0",,"1","1FFF1F","1AAAA1AAA1AAAA","4",,,,
"4301571","2019-09-30T14:01:00","24.08","-133.70",,,"1","4","2","5",,,"11",,,,,,,,,"10149",,,"8",,,,,"9","244",,,,,,,,,,,,,"236","43","798","172","7","0",,"1","1FFF1F","1AAAA1AAA1AAAA","4",,,,
"4301567","2019-09-30T15:00:00","23.53","-135.30",,,"1","4","2","5",,,"11",,,,,,,,,"10146",,,"8",,,,,"9","244",,,,,,,,,,,,,"236","35","798","172","7","0",,"2","1FFF1F","1AAAA1AAA1AAAA","4",,,,
"4301568","2019-09-30T15:00:00","29.80","-131.93",,,"1","4","2","5",,,"11",,,,,,,,,"10197",,,"8",,,,,"9","227",,,,,,,,,,,,,"236","91","798","172","7","0",,"2","1FFF1F","1AAAA1AAA1AAAA","4",,,,
"4301571","2019-09-30T15:00:00","24.08","-133.69",,,"1","4","2","5",,,"11",,,,,,,,,"10151",,,"8",,,,,"9","244",,,,,,,,,,,,,"236","43","798","172","7","0",,"2","1FFF1F","1AAAA1AAA1AAAA","4",,,,
"5102593","2019-09-30T15:00:00","21.83","-131.23",,,"1","4","2","5",,,"11",,,,,,,,,,,,"8",,,,,"9","251",,,,,,,,,,,,,"236","11","798","172","7","0",,"2","1FFFFF","1AAAAAAAA1AAAA","4",,,,
"4301611","2019-09-30T15:04:00","26.21","-139.51",,,"1","4","2","5",,,"11",,,,,,,,,"10173",,,"8",,,,,"9","253",,,,,,,,,,,,,"236","69","798","172","7","0",,"1","1FFF1F","1AAAA1AAA1AAAA","4",,,,
"4301567","2019-09-30T16:00:00","23.52","-135.30",,,"1","4","2","5",,,"11",,,,,,,,,"10153",,,"8",,,,,"9","244",,,,,,,,,,,,,"236","35","798","172","7","0",,"2","1FFF1F","1AAAA1AAA1AAAA","4",,,,
"4301571","2019-09-30T16:00:00","24.08","-133.69",,,"1","4","2","5",,,"11",,,,,,,,,"10156",,,"8",,,,,"9","244",,,,,,,,,,,,,"236","43","798","172","7","0",,"2","1FFF1F","1AAAA1AAA1AAAA","4",,,,
"5102593","2019-09-30T16:00:00","21.84","-131.23",,,"1","4","2","5",,,"11",,,,,,,,,,,,"8",,,,,"9","251",,,,,,,,,,,,,"236","11","798","172","7","0",,"2","1FFFFF","1AAAAAAAA1AAAA","4",,,,
"4301568","2019-09-30T16:04:00","29.80","-131.93",,,"1","4","2","5",,,"11",,,,,,,,,"10203",,,"8",,,,,"9","227",,,,,,,,,,,,,"236","91","798","172","7","0",,"2","1FFF1F","1AAAA1AAA1AAAA","4",,,,
"4301568","2019-09-30T17:00:00","29.80","-131.93",,,"1","4","2","5",,,"11",,,,,,,,,"10206",,,"8",,,,,"9","227",,,,,,,,,,,,,"236","91","798","172","7","0",,"2","1FFF1F","1AAAA1AAA1AAAA","4",,,,
"5102593","2019-09-30T17:00:00","21.84","-131.22",,,"1","4","2","5",,,"11",,,,,,,,,,,,"8",,,,,"9","251",,,,,,,,,,,,,"236","11","798","172","7","0",,"2","1FFFFF","1AAAAAAAA1AAAA","4",,,,
"4301567","2019-09-30T17:01:00","23.51","-135.31",,,"1","4","2","5",,,"11",,,,,,,,,"10160",,,"8",,,,,"9","244",,,,,,,,,,,,,"236","35","798","172","7","0",,"2","1FFF1F","1AAAA1AAA1AAAA","4",,,,
"4301571","2019-09-30T17:04:00","24.08","-133.69",,,"1","4","2","5",,,"11",,,,,,,,,"10164",,,"8",,,,,"9","244",,,,,,,,,,,,,"236","43","798","172","7","0",,"2","1FFF1F","1AAAA1AAA1AAAA","4",,,,
"4301568","2019-09-30T18:00:00","29.79","-131.93",,,"1","4","2","5",,,"11",,,,,,,,,"10207",,,"8",,,,,"9","227",,,,,,,,,,,,,"236","91","798","172","7","0",,"2","1FFF1F","1AAAA1AAA1AAAA","4",,,,
"4301571","2019-09-30T18:00:00","24.08","-133.69",,,"1","4","2","5",,,"11",,,,,,,,,"10165",,,"8",,,,,"9","244",,,,,,,,,,,,,"236","43","798","172","7","0",,"2","1FFF1F","1AAAA1AAA1AAAA","4",,,,
"5102593","2019-09-30T18:00:00","21.84","-131.22",,,"1","4","2","5",,,"11",,,,,,,,,,,,"8",,,,,"9","251",,,,,,,,,,,,,"236","11","798","172","7","0",,"2","1FFFFF","1AAAAAAAA1AAAA","4",,,,
"WDJ3192","2019-09-30T18:00:00","29.00","-138.00",,,"1","6","2","5","6","5","1",,"50","4","103","1","98","2","2","10225","2","10","8","220",,"190","172","1","243","4","4","A","8","6","A",,"6","4","6","8","3","236","98","798","172","5","1","2","2","111111","11111111111111",,"5",,"2",
"WNRD","2019-09-30T18:00:00","28.20","-139.10",,,"1","6","2","5","1","4","1",,"80","4","129","1","98","3","2","10186","1","11","8","250",,"200","170","7","230","8","6","7","3","7","5",,"5","4","5","10","6","236","89","798","172","5","1","2","2","111111","11111111111111",,"5",,"2",
"4301567","2019-09-30T18:01:00","23.51","-135.31",,,"1","4","2","5",,,"11",,,,,,,,,"10164",,,"8",,,,,"9","244",,,,,,,,,,,,,"236","35","798","172","7","0",,"2","1FFF1F","1AAAA1AAA1AAAA","4",,,,
"4301611","2019-09-30T18:02:00","26.23","-139.49",,,"1","4","2","5",,,"11",,,,,,,,,"10186",,,"8",,,,,"9","253",,,,,,,,,,,,,"236","69","798","172","7","0",,"2","1FFF1F","1AAAA1AAA1AAAA","4",,,,
"4301567","2019-09-30T19:00:00","23.50","-135.32",,,"1","4","2","5",,,"11",,,,,,,,,"10166",,,"8",,,,,"9","245",,,,,,,,,,,,,"236","35","798","172","7","0",,"2","1FFF1F","1AAAA1AAA1AAAA","4",,,,
"4301611","2019-09-30T19:00:00","26.23","-139.49",,,"1","4","2","5",,,"11",,,,,,,,,"10186",,,"8",,,,,"9","253",,,,,,,,,,,,,"236","69","798","172","7","0",,"2","1FFF1F","1AAAA1AAA1AAAA","4",,,,
"5102593","2019-09-30T19:00:00","21.83","-131.22",,,"1","4","2","5",,,"11",,,,,,,,,,,,"8",,,,,"9","251",,,,,,,,,,,,,"236","11","798","172","7","0",,"2","1FFFFF","1AAAAAAAA1AAAA","4",,,,
"4301568","2019-09-30T19:01:00","29.79","-131.93",,,"1","4","2","5",,,"11",,,,,,,,,"10212",,,"8",,,,,"9","227",,,,,,,,,,,,,"236","91","798","172","7","0",,"2","1FFF1F","1AAAA1AAA1AAAA","4",,,,
"4301571","2019-09-30T19:04:00","24.08","-133.70",,,"1","4","2","5",,,"11",,,,,,,,,"10167",,,"8",,,,,"9","244",,,,,,,,,,,,,"236","43","798","172","7","0",,"2","1FFF1F","1AAAA1AAA1AAAA","4",,,,
"4301567","2019-09-30T20:00:00","23.50","-135.32",,,"1","4","2","5",,,"11",,,,,,,,,"10168",,,"8",,,,,"9","245",,,,,,,,,,,,,"236","35","798","172","7","0",,"2","1FFF1F","1AAAA1AAA1AAAA","4",,,,
"4301611","2019-09-30T20:00:00","26.23","-139.48",,,"1","4","2","5",,,"11",,,,,,,,,"10186",,,"8",,,,,"9","253",,,,,,,,,,,,,"236","69","798","172","7","0",,"2","1FFF1F","1AAAA1AAA1AAAA","4",,,,
"5102593","2019-09-30T20:00:00","21.83","-131.22",,,"1","4","2","5",,,"11",,,,,,,,,,,,"8",,,,,"9","251",,,,,,,,,,,,,"236","11","798","172","7","0",,"2","1FFFFF","1AAAAAAAA1AAAA","4",,,,
"4301571","2019-09-30T20:04:00","24.08","-133.70",,,"1","4","2","5",,,"11",,,,,,,,,"10167",,,"8",,,,,"9","244",,,,,,,,,,,,,"236","43","798","172","7","0",,"2","1FFF1F","1AAAA1AAA1AAAA","4",,,,
"4301567","2019-09-30T21:00:00","23.49","-135.32",,,"1","4","2","5",,,"11",,,,,,,,,"10163",,,"8",,,,,"9","245",,,,,,,,,,,,,"236","35","798","172","7","0",,"2","1FFF1F","1AAAA1AAA1AAAA","4",,,,
"4301611","2019-09-30T21:00:00","26.23","-139.47",,,"1","4","2","5",,,"11",,,,,,,,,"10182",,,"8",,,,,"9","253",,,,,,,,,,,,,"236","69","798","172","7","0",,"2","1FFF1F","1AAAA1AAA1AAAA","4",,,,
"5102593","2019-09-30T21:00:00","21.83","-131.22",,,"1","4","2","5",,,"11",,,,,,,,,,,,"8",,,,,"9","252",,,,,,,,,,,,,"236","11","798","172","7","0",,"2","1FFFFF","1AAAAAAAA1AAAA","4",,,,
"4301571","2019-09-30T21:02:00","24.09","-133.70",,,"1","4","2","5",,,"11",,,,,,,,,"10161",,,"8",,,,,"9","244",,,,,,,,,,,,,"236","43","798","172","7","0",,"2","1FFF1F","1AAAA1AAA1AAAA","4",,,,
"4301568","2019-09-30T21:04:00","29.78","-131.93",,,"1","4","2","5",,,"11",,,,,,,,,"10205",,,"8",,,,,"9","228",,,,,,,,,,,,,"236","91","798","172","7","0",,"2","1FFF1F","1AAAA1AAA1AAAA","4",,,,
"4301567","2019-09-30T22:00:00","23.49","-135.32",,,"1","4","2","5",,,"11",,,,,,,,,"10154",,,"8",,,,,"9","245",,,,,,,,,,,,,"236","35","798","172","7","0",,"2","1FFF1F","1AAAA1AAA1AAAA","4",,,,
"4301568","2019-09-30T22:00:00","29.77","-131.94",,,"1","4","2","5",,,"11",,,,,,,,,"10201",,,"8",,,,,"9","229",,,,,,,,,,,,,"236","91","798","172","7","0",,"2","1FFF1F","1AAAA1AAA1AAAA","4",,,,
"4301571","2019-09-30T22:00:00","24.09","-133.71",,,"1","4","2","5",,,"11",,,,,,,,,"10158",,,"8",,,,,"9","244",,,,,,,,,,,,,"236","43","798","172","7","0",,"2","1FFF1F","1AAAA1AAA1AAAA","4",,,,
"5102593","2019-09-30T22:00:00","21.84","-131.22",,,"1","4","2","5",,,"11",,,,,,,,,,,,"8",,,,,"9","252",,,,,,,,,,,,,"236","11","798","172","7","0",,"2","1FFFFF","1AAAAAAAA1AAAA","4",,,,
"4301567","2019-09-30T23:00:00","23.48","-135.32",,,"1","4","2","5",,,"11",,,,,,,,,"10151",,,"8",,,,,"9","246",,,,,,,,,,,,,"236","35","798","172","7","0",,"2","1FFF1F","1AAAA1AAA1AAAA","4",,,,
"4301568","2019-09-30T23:00:00","29.76","-131.94",,,"1","4","2","5",,,"11",,,,,,,,,"10198",,,"8",,,,,"9","229",,,,,,,,,,,,,"236","91","798","172","7","0",,"2","1FFF1F","1AAAA1AAA1AAAA","4",,,,
"4301571","2019-09-30T23:00:00","24.09","-133.71",,,"1","4","2","5",,,"11",,,,,,,,,"10157",,,"8",,,,,"9","244",,,,,,,,,,,,,"236","43","798","172","7","0",,"2","1FFF1F","1AAAA1AAA1AAAA","4",,,,
"5102593","2019-09-30T23:00:00","21.84","-131.22",,,"1","4","2","5",,,"11",,,,,,,,,,,,"8",,,,,"9","252",,,,,,,,,,,,,"236","11","798","172","7","0",,"2","1FFFFF","1AAAAAAAA1AAAA","4",,,,
