"STATION","DATE","LATITUDE","LONGITUDE","ELEVATION","NAME","IMMA_VER","ATTM_CT","TIME_IND","LL_IND","SHIP_COURSE","SHIP_SPD","NAT_SOURCE_IND","ID_IND","WIND_DIR_IND","WIND_DIR","WIND_SPD_IND","WIND_SPEED","VV_IND","VISIBILITY","PRES_WX","PAST_WX","SEA_LVL_PRES","CHAR_PPP","AMT_PRES_TEND","IND_FOR_TEMP","AIR_TEMP","IND_FOR_WBT","WET_BULB_TEMP","DPT_IND","DEW_PT_TEMP","SST_MM","SEA_SURF_TEMP","TOT_CLD_AMT","LOW_CLD_AMT","LOW_CLD_TYPE","CLD_HGT","MID_CLD_TYPE","HI_CLD_TYPE","WAVE_DIR","WAVE_PERIOD","WAVE_HGT","SWELL_DIR","SWELL_PERIOD","SWELL_HGT","TEN_BOX_NUM","ONE_BOX_NUM","DECK","SOURCE_ID","PLATFORM_ID","DUP_STATUS","DUP_CHK","NIGHT_DAY_FLAG","TRIM_FLAG","NCDC_QC_FLAGS","SOURCE_EXCLUSION_FLAG","OB_SOURCE","STA_WX_IND","PAST_WX2","DIR_OF_SWELL2","PER_OF_SWELL2","HGT_OF_SWELL2","ICE_ACCR_ON_SHIP","RATE_OF_I","CONCEN_OF_SEA_ICE","STAGE_OF_DEVELP","ICE_OF_LAND_ORIGIN","TRUE_BEARING_ICE_EDGE","ICE_SIT_TREND","IND_FOR_PRECIP","DUR_OF_PER"
"C6DM2","2016-09-01T00:00:00","24.80","125.20",,,"1","4","0","0","0","0",,"1","0","50","4","36",,"97",,"2","10060","4","0","0","290","0","270",,"263","3","300","8","7","2","2","9","A",,"2","1","5","8","3","226","45","992","114","5","1","2","2","111111","111A1111111111",,,"1","1","5","10","3",,,,,,,,"4",
"MASKSTID","2016-09-01T00:00:00","20.20","121.00",,,"1","4",,"0","5","3",,"2","0","240","3","77",,"98","25","5","10063","3","16",,"283","0","260",,"250","1","296","7","5","7","3","9","A",,"5","2","25","6","4","226","1","792","103","5","1","2","2","111111","11111111111111",,,"1","2",,,,,,,,,,,"4",
"VRGI8","2016-09-01T00:00:00","21.30","126.10",,,"1","4","0","0","8","3",,"1","0","270","4","26",,"98","1",,"10085","0",,"0","300","0","280",,"273",,,"4","4","4","5","8","2",,"15","4","29","15","3","226","16","992","114","5","1","2","2","711111","1111A111111117",,,"1",,,,,,,,,,,,"4",
"5100523","2016-09-01T00:15:00","21.80","124.57",,,"1","4","2","5",,,,"11",,,,,,,,,,,,"8",,,,,,"9","301",,,,,,,,,,,,,"226","14","798","172","7","1","2","2","1FFFFF","1AAAAAAAA1AAAA","4",,,,,,,,,,,,,,,
"3200623","2016-09-01T00:25:00","25.39","128.07",,,"1","4","2","5",,,,"11",,,,,,,,,,,,"8",,,,,,"9","298",,,,,,,,,,,,,"226","58","798","172","7","1","2","2","1FFFFF","1AAAAAAAA1AAAA","4",,,,,,,,,,,,,,,
"5100523","2016-09-01T01:00:00","21.77","124.62",,,"1","4","2","5",,,,"11",,,,,,,,,,,,"8",,,,,,"9","301",,,,,,,,,,,,,"226","14","798","172","7","1","2","2","1FFFFF","1AAAAAAAA1AAAA","4",,,,,,,,,,,,,,,
"3200623","2016-09-01T01:13:00","25.39","128.07",,,"1","4","2","5",,,,"11",,,,,,,,,,,,"8",,,,,,"9","298",,,,,,,,,,,,,"226","58","798","172","7","1","2","2","1FFFFF","1AAAAAAAA1AAAA","4",,,,,,,,,,,,,,,
"5100523","2016-09-01T01:15:00","21.77","124.62",,,"1","4","2","5",,,,"11",,,,,,,,,,,,"8",,,,,,"9","302",,,,,,,,,,,,,"226","14","798","172","7","1","2","2","1FFFFF","1AAAAAAAA1AAAA","4",,,,,,,,,,,,,,,
"3200623","2016-09-01T01:22:00","25.39","128.07",,,"1","4","2","5",,,,"11",,,,,,,,,,,,"8",,,,,,"9","298",,,,,,,,,,,,,"226","58","798","172","7","1","2","2","1FFFFF","1AAAAAAAA1AAAA","4",,,,,,,,,,,,,,,
"5100523","2016-09-01T01:45:00","21.77","124.62",,,"1","4","2","5",,,,"11",,,,,,,,,,,,"8",,,,,,"9","301",,,,,,,,,,,,,"226","14","798","172","7","1","2","2","1FFFFF","1AAAAAAAA1AAAA","4",,,,,,,,,,,,,,,
"5100523","2016-09-01T02:00:00","21.77","124.62",,,"1","4","2","5",,,,"11",,,,,,,,,,,,"8",,,,,,"9","301",,,,,,,,,,,,,"226","14","798","172","7","1","2","2","1FFFFF","1AAAAAAAA1AAAA","4",,,,,,,,,,,,,,,
"3200623","2016-09-01T02:01:00","25.39","128.07",,,"1","4","2","5",,,,"11",,,,,,,,,,,,"8",,,,,,"9","298",,,,,,,,,,,,,"226","58","798","172","7","1","2","2","1FFFFF","1AAAAAAAA1AAAA","4",,,,,,,,,,,,,,,
"3200623","2016-09-01T02:07:00","25.39","128.07",,,"1","4","2","5",,,,"11",,,,,,,,,,,,"8",,,,,,"9","298",,,,,,,,,,,,,"226","58","798","172","7","1","2","2","1FFFFF","1AAAAAAAA1AAAA","4",,,,,,,,,,,,,,,
"5100523","2016-09-01T02:45:00","21.77","124.62",,,"1","4","2","5",,,,"11",,,,,,,,,,,,"8",,,,,,"9","301",,,,,,,,,,,,,"226","14","798","172","7","1","2","2","1FFFFF","1AAAAAAAA1AAAA","4",,,,,,,,,,,,,,,
"9V2735","2016-09-01T03:00:00","21.70","126.40",,,"1","4","0","0","0","0",,"1","0","280","4","93",,"97",,"0","10080","2","10","3","310","0","280",,"270","1","300","4","4","4","5","7","8",,"2","3","29","2","3","226","16","992","114","5","1","2","2","111111","111A1111111111",,,"1","0","38",,,,,,,,,,"4",
"5100523","2016-09-01T04:30:00","21.77","124.62",,,"1","4","2","5",,,,"11",,,,,,,,,,,,"8",,,,,,"9","302",,,,,,,,,,,,,"226","14","798","172","7","1","2","2","1FFFFF","1AAAAAAAA1AAAA","4",,,,,,,,,,,,,,,
"3200623","2016-09-01T04:36:00","25.36","128.11",,,"1","4","2","5",,,,"11",,,,,,,,,,,,"8",,,,,,"9","297",,,,,,,,,,,,,"226","58","798","172","7","0",,"2","1FFFFF","1AAAAAAAA1AAAA","4",,,,,,,,,,,,,,,
"3200623","2016-09-01T04:37:00","25.36","128.11",,,"1","4","2","5",,,,"11",,,,,,,,,,,,"8",,,,,,"9","297",,,,,,,,,,,,,"226","58","798","172","7","1","2","2","1FFFFF","1AAAAAAAA1AAAA","4",,,,,,,,,,,,,,,
"5100523","2016-09-01T06:00:00","21.70","124.72",,,"1","4","2","5",,,,"11",,,,,,,,,,,,"8",,,,,,"9","302",,,,,,,,,,,,,"226","14","798","172","7","1","2","2","1FFFFF","1AAAAAAAA1AAAA","4",,,,,,,,,,,,,,,
"C6DM2","2016-09-01T06:00:00","24.80","125.20",,,"1","4","0","0","0","0",,"1","0","350","4","36",,"97",,"2","10060","4",,"0","320","0","300",,"294","3","310","8","7","2","2","9","A",,"3","1","29","8","3","226","45","992","114","5","1","2","2","111111","111A1111111117",,,"1","1","29","9","3",,,,,,,,"4",
"5100523","2016-09-01T06:15:00","21.70","124.72",,,"1","4","2","5",,,,"11",,,,,,,,,,,,"8",,,,,,"9","302",,,,,,,,,,,,,"226","14","798","172","7","1","2","2","1FFFFF","1AAAAAAAA1AAAA","4",,,,,,,,,,,,,,,
"3200623","2016-09-01T06:16:00","25.36","128.10",,,"1","4","2","5",,,,"11",,,,,,,,,,,,"8",,,,,,"9","297",,,,,,,,,,,,,"226","58","798","172","7","0",,"2","1FFFFF","1AAAAAAAA1AAAA","4",,,,,,,,,,,,,,,
"3200623","2016-09-01T06:18:00","25.36","128.10",,,"1","4","2","5",,,,"11",,,,,,,,,,,,"8",,,,,,"9","297",,,,,,,,,,,,,"226","58","798","172","7","1","2","2","1FFFFF","1AAAAAAAA1AAAA","4",,,,,,,,,,,,,,,
"3200623","2016-09-01T06:22:00","25.36","128.10",,,"1","4","2","5",,,,"11",,,,,,,,,,,,"8",,,,,,"9","297",,,,,,,,,,,,,"226","58","798","172","7","1","2","2","1FFFFF","1AAAAAAAA1AAAA","4",,,,,,,,,,,,,,,
"5100523","2016-09-01T08:15:00","21.70","124.72",,,"1","4","2","5",,,,"11",,,,,,,,,,,,"8",,,,,,"9","301",,,,,,,,,,,,,"226","14","798","172","7","1","2","2","1FFFFF","1AAAAAAAA1AAAA","4",,,,,,,,,,,,,,,
"3200623","2016-09-01T08:20:00","25.34","128.10",,,"1","4","2","5",,,,"11",,,,,,,,,,,,"8",,,,,,"9","297",,,,,,,,,,,,,"226","58","798","172","7","1","2","2","1FFFFF","1AAAAAAAA1AAAA","4",,,,,,,,,,,,,,,
"3200623","2016-09-01T08:21:00","25.34","128.10",,,"1","4","2","5",,,,"11",,,,,,,,,,,,"8",,,,,,"9","297",,,,,,,,,,,,,"226","58","798","172","7","1","2","2","1FFFFF","1AAAAAAAA1AAAA","4",,,,,,,,,,,,,,,
"3200623","2016-09-01T08:25:00","25.35","128.09",,,"1","4","2","5",,,,"11",,,,,,,,,,,,"8",,,,,,"9","297",,,,,,,,,,,,,"226","58","798","172","7","0",,"2","1FFFFF","1AAAAAAAA1AAAA","4",,,,,,,,,,,,,,,
"3200623","2016-09-01T08:44:00","25.34","128.10",,,"1","4","2","5",,,,"11",,,,,,,,,,,,"8",,,,,,"9","297",,,,,,,,,,,,,"226","58","798","172","7","1","2","2","1FFFFF","1AAAAAAAA1AAAA","4",,,,,,,,,,,,,,,
"5100523","2016-09-01T08:45:00","21.70","124.72",,,"1","4","2","5",,,,"11",,,,,,,,,,,,"8",,,,,,"9","302",,,,,,,,,,,,,"226","14","798","172","7","1","2","2","1FFFFF","1AAAAAAAA1AAAA","4",,,,,,,,,,,,,,,
"5100523","2016-09-01T08:47:00","21.69","124.75",,,"1","4","2","5",,,,"11",,,,,,,,,,,,"8",,,,,,"9","301",,,,,,,,,,,,,"226","14","798","172","7","0",,"2","1FFFFF","1AAAAAAAA1AAAA","4",,,,,,,,,,,,,,,
"3200623","2016-09-01T08:51:00","25.35","128.08",,,"1","4","2","5",,,,"11",,,,,,,,,,,,"8",,,,,,"9","297",,,,,,,,,,,,,"226","58","798","172","7","1","2","2","1FFFFF","1AAAAAAAA1AAAA","4",,,,,,,,,,,,,,,
"3200623","2016-09-01T08:55:00","25.35","128.09",,,"1","4","2","5",,,,"11",,,,,,,,,,,,"8",,,,,,"9","297",,,,,,,,,,,,,"226","58","798","172","7","0",,"2","1FFFFF","1AAAAAAAA1AAAA","4",,,,,,,,,,,,,,,
"3200623","2016-09-01T08:59:00","25.35","128.09",,,"1","4","2","5",,,,"11",,,,,,,,,,,,"8",,,,,,"9","297",,,,,,,,,,,,,"226","58","798","172","7","0",,"2","1FFFFF","1AAAAAAAA1AAAA","4",,,,,,,,,,,,,,,
"SHIP","2016-09-01T09:00:00","25.20","123.70",,,"1","4","0","0","5","3",,"2","0","320","4","77",,"97","2","0","10101","4","6","0","300","0","250",,"231","1","287","2","2","1","7","A","2",,"0","0","0","3","2","226","53","992","114","5","1","2","2","111111","14111111111437",,,"1","0","0",,,,,,,,,,"4",
"5100523","2016-09-01T09:45:00","21.69","124.75",,,"1","4","2","5",,,,"11",,,,,,,,,,,,"8",,,,,,"9","301",,,,,,,,,,,,,"226","14","798","172","7","1","2","2","1FFFFF","1AAAAAAAA1AAAA","4",,,,,,,,,,,,,,,
"3200623","2016-09-01T10:00:00","25.36","128.09",,,"1","4","2","5",,,,"11",,,,,,,,,,,,"8",,,,,,"9","297",,,,,,,,,,,,,"226","58","798","172","7","0",,"1","1FFFFF","1AAAAAAAA1AAAA","4",,,,,,,,,,,,,,,
"5100523","2016-09-01T10:00:00","21.69","124.77",,,"1","4","2","5",,,,"11",,,,,,,,,,,,"8",,,,,,"9","301",,,,,,,,,,,,,"226","14","798","172","7","1","2","1","1FFFFF","1AAAAAAAA1AAAA","4",,,,,,,,,,,,,,,
"3200623","2016-09-01T10:02:00","25.36","128.09",,,"1","4","2","5",,,,"11",,,,,,,,,,,,"8",,,,,,"9","297",,,,,,,,,,,,,"226","58","798","172","7","1","2","1","1FFFFF","1AAAAAAAA1AAAA","4",,,,,,,,,,,,,,,
"3200623","2016-09-01T10:06:00","25.36","128.09",,,"1","4","2","5",,,,"11",,,,,,,,,,,,"8",,,,,,"9","297",,,,,,,,,,,,,"226","58","798","172","7","1","2","1","1FFFFF","1AAAAAAAA1AAAA","4",,,,,,,,,,,,,,,
"5100523","2016-09-01T10:15:00","21.69","124.75",,,"1","4","2","5",,,,"11",,,,,,,,,,,,"8",,,,,,"9","301",,,,,,,,,,,,,"226","14","798","172","7","1","2","1","1FFFFF","1AAAAAAAA1AAAA","4",,,,,,,,,,,,,,,
"3200623","2016-09-01T10:26:00","25.35","128.08",,,"1","4","2","5",,,,"11",,,,,,,,,,,,"8",,,,,,"9","297",,,,,,,,,,,,,"226","58","798","172","7","0",,"1","1FFFFF","1AAAAAAAA1AAAA","4",,,,,,,,,,,,,,,
"5100523","2016-09-01T10:26:00","21.69","124.77",,,"1","4","2","5",,,,"11",,,,,,,,,,,,"8",,,,,,"9","301",,,,,,,,,,,,,"226","14","798","172","7","0",,"1","1FFFFF","1AAAAAAAA1AAAA","4",,,,,,,,,,,,,,,
"5100523","2016-09-01T10:30:00","21.69","124.77",,,"1","4","2","5",,,,"11",,,,,,,,,,,,"8",,,,,,"9","301",,,,,,,,,,,,,"226","14","798","172","7","1","2","1","1FFFFF","1AAAAAAAA1AAAA","4",,,,,,,,,,,,,,,
"3200623","2016-09-01T10:34:00","25.35","128.08",,,"1","4","2","5",,,,"11",,,,,,,,,,,,"8",,,,,,"9","297",,,,,,,,,,,,,"226","58","798","172","7","1","2","1","1FFFFF","1AAAAAAAA1AAAA","4",,,,,,,,,,,,,,,
"3200623","2016-09-01T10:35:00","25.35","128.08",,,"1","4","2","5",,,,"11",,,,,,,,,,,,"8",,,,,,"9","297",,,,,,,,,,,,,"226","58","798","172","7","0",,"1","1FFFFF","1AAAAAAAA1AAAA","4",,,,,,,,,,,,,,,
"5100523","2016-09-01T10:35:00","21.69","124.77",,,"1","4","2","5",,,,"11",,,,,,,,,,,,"8",,,,,,"9","301",,,,,,,,,,,,,"226","14","798","172","7","0",,"1","1FFFFF","1AAAAAAAA1AAAA","4",,,,,,,,,,,,,,,
"3200623","2016-09-01T10:37:00","25.35","128.08",,,"1","4","2","5",,,,"11",,,,,,,,,,,,"8",,,,,,"9","297",,,,,,,,,,,,,"226","58","798","172","7","1","2","1","1FFFFF","1AAAAAAAA1AAAA","4",,,,,,,,,,,,,,,
"5100523","2016-09-01T11:30:00","21.69","124.77",,,"1","4","2","5",,,,"11",,,,,,,,,,,,"8",,,,,,"9","301",,,,,,,,,,,,,"226","14","798","172","7","1","2","1","1FFFFF","1AAAAAAAA1AAAA","4",,,,,,,,,,,,,,,
"3200623","2016-09-01T11:34:00","25.36","128.09",,,"1","4","2","5",,,,"11",,,,,,,,,,,,"8",,,,,,"9","297",,,,,,,,,,,,,"226","58","798","172","7","0",,"1","1FFFFF","1AAAAAAAA1AAAA","4",,,,,,,,,,,,,,,
"3200623","2016-09-01T11:38:00","25.35","128.08",,,"1","4","2","5",,,,"11",,,,,,,,,,,,"8",,,,,,"9","297",,,,,,,,,,,,,"226","58","798","172","7","1","2","1","1FFFFF","1AAAAAAAA1AAAA","4",,,,,,,,,,,,,,,
"C6DM2","2016-09-01T12:00:00","25.10","123.40",,,"1","4","0","0","6","4",,"1","0","70","4","26",,"98","3","1","10050","4","0","0","290","0","260",,"249","3","300","6","5","4","7","8","8",,"8","3",,"8","3","226","53","992","114","5","1","2","1","111111","11111111111171",,,"1","1",,"6","2",,,,,,,,"4",
"VRPP5","2016-09-01T12:00:00","21.20","120.60",,,"1","4","0","0","1","4",,"1","0","250","4","46",,"96","95","9","10070","5","15","0","270",,,,"260","1","290","8","8","7","4","7","A",,,,"28",,,"226","10","992","114","5","1","2","1","111111","1111111A111A71",,,"1","5",,,,,,,,,,,"4",
"WDB3161","2016-09-01T12:00:00","27.00","127.20",,,"1","4","0","0","7","4",,"1","0","70","4","77",,"98","2","0","10035","3","15","0","300","0","260",,"243","1","300","1",,,"3",,,,,,,,,"226","77","992","114","5","1","2","1","111111","11111111111AA1",,,"1","0",,,,,,,,,,,"4",
"5100523","2016-09-01T12:15:00","21.70","124.79",,,"1","4","2","5",,,,"11",,,,,,,,,,,,"8",,,,,,"9","301",,,,,,,,,,,,,"226","14","798","172","7","1","2","1","1FFFFF","1AAAAAAAA1AAAA","4",,,,,,,,,,,,,,,
"3200623","2016-09-01T12:28:00","25.36","128.09",,,"1","4","2","5",,,,"11",,,,,,,,,,,,"8",,,,,,"9","297",,,,,,,,,,,,,"226","58","798","172","7","1","2","1","1FFFFF","1AAAAAAAA1AAAA","4",,,,,,,,,,,,,,,
"5100523","2016-09-01T12:30:00","21.70","124.79",,,"1","4","2","5",,,,"11",,,,,,,,,,,,"8",,,,,,"9","301",,,,,,,,,,,,,"226","14","798","172","7","1","2","1","1FFFFF","1AAAAAAAA1AAAA","4",,,,,,,,,,,,,,,
"5100523","2016-09-01T13:00:00","21.70","124.81",,,"1","4","2","5",,,,"11",,,,,,,,,,,,"8",,,,,,"9","301",,,,,,,,,,,,,"226","14","798","172","7","1","2","1","1FFFFF","1AAAAAAAA1AAAA","4",,,,,,,,,,,,,,,
"5100523","2016-09-01T13:15:00","21.70","124.81",,,"1","4","2","5",,,,"11",,,,,,,,,,,,"8",,,,,,"9","301",,,,,,,,,,,,,"226","14","798","172","7","1","2","1","1FFFFF","1AAAAAAAA1AAAA","4",,,,,,,,,,,,,,,
"3200623","2016-09-01T13:17:00","25.36","128.10",,,"1","4","2","5",,,,"11",,,,,,,,,,,,"8",,,,,,"9","297",,,,,,,,,,,,,"226","58","798","172","7","0",,"1","1FFFFF","1AAAAAAAA1AAAA","4",,,,,,,,,,,,,,,
"5100523","2016-09-01T13:17:00","21.70","124.81",,,"1","4","2","5",,,,"11",,,,,,,,,,,,"8",,,,,,"9","301",,,,,,,,,,,,,"226","14","798","172","7","1","2","1","1FFFFF","1AAAAAAAA1AAAA","4",,,,,,,,,,,,,,,
"3200623","2016-09-01T13:19:00","25.36","128.10",,,"1","4","2","5",,,,"11",,,,,,,,,,,,"8",,,,,,"9","297",,,,,,,,,,,,,"226","58","798","172","7","1","2","1","1FFFFF","1AAAAAAAA1AAAA","4",,,,,,,,,,,,,,,
"5100523","2016-09-01T14:00:00","21.70","124.81",,,"1","4","2","5",,,,"11",,,,,,,,,,,,"8",,,,,,"9","301",,,,,,,,,,,,,"226","14","798","172","7","0",,"1","1FFFFF","1AAAAAAAA1AAAA","4",,,,,,,,,,,,,,,
"9V2024","2016-09-01T15:00:00","28.60","125.40",,,"1","4","0","0","1","3",,"1","0","300","3","62",,"97","91","6","10070","4","0","3","260","0","230",,"220","1","290","7","5","7","3","1","7",,"5","0","14","10","1","226","85","992","114","5","1","2","1","111111","11111111111111",,,"1","5",,,,,,,,,,,"4",
"SHIP","2016-09-01T15:00:00","26.10","128.00",,,"1","4","0","0","5","4",,"2","0","320","4","15",,"98","3","8","10034","3","6","0","270","0","250",,"243","1","296","6","3","7","3","6","4",,"2","1",,,,"226","68","992","114","5","1","2","1","111111","111111111111A1",,,"1","8",,,,,,,,,,,"4",
"9V9132","2016-09-01T16:00:00","20.70","120.80",,,"1","4","0","0","8","3",,"1","0","280","3","118",,"98","51","2","10090","4",,"3","250","0","240",,"240","1","280","8","8","6","4","2","7",,"2","2","27","4","4","226","0","992","114","5","1","2","1","113111","11111111111117",,,"1","2","38",,,,,,,,,,"4",
"VRPP5","2016-09-01T16:00:00","22.10","121.40",,,"1","4","0","0","1","4",,"1","0","250","4","46",,"96","95","9","10070","5","15","0","280",,,,"260","1","290","8","8","7","4","7","A",,"2","1","28","2","1","226","21","992","114","5","1","2","1","111111","1111111A111111",,,"1","5",,,,,,,,,,,"4",
"5100523","2016-09-01T17:00:00","21.70","124.81",,,"1","4","2","5",,,,"11",,,,,,,,,,,,"8",,,,,,"9","301",,,,,,,,,,,,,"226","14","798","172","7","1","2","1","1FFFFF","1AAAAAAAA1AAAA","4",,,,,,,,,,,,,,,
"3200623","2016-09-01T17:06:00","25.37","128.12",,,"1","4","2","5",,,,"11",,,,,,,,,,,,"8",,,,,,"9","294",,,,,,,,,,,,,"226","58","798","172","7","0",,"1","1FFFFF","1AAAAAAAA1AAAA","4",,,,,,,,,,,,,,,
"3200623","2016-09-01T17:08:00","25.37","128.12",,,"1","4","2","5",,,,"11",,,,,,,,,,,,"8",,,,,,"9","294",,,,,,,,,,,,,"226","58","798","172","7","1","2","1","1FFFFF","1AAAAAAAA1AAAA","4",,,,,,,,,,,,,,,
"3200623","2016-09-01T17:11:00","25.37","128.12",,,"1","4","2","5",,,,"11",,,,,,,,,,,,"8",,,,,,"9","294",,,,,,,,,,,,,"226","58","798","172","7","1","2","1","1FFFFF","1AAAAAAAA1AAAA","4",,,,,,,,,,,,,,,
"9V9132","2016-09-01T18:00:00","21.00","120.90",,,"1","4","0","0","1","3",,"1","0","220","4","98",,"97","2","2","10090","0","0","3","290","0","270",,"260","3","280","4","4","6","8","6","A",,"8","5","23","6","5","226","10","992","114","5","1","2","1","111111","11111111111111",,,"1","2","23","6","5",,,,,,,,"4",
"C6DM2","2016-09-01T18:00:00","25.30","121.70",,,"1","4","0","0","6","3",,"1","0","320","4","46",,"97","2","0","10050","4","0","0","290","0","250",,"235","3","280","0","0","A","9","A","8",,"1","1","18","9","2","226","51","992","114","5","1","2","1","111111","11111111111111",,,"1","0","18","6","1",,,,,,,,"4",
"WDDI","2016-09-01T18:00:00","28.90","128.60",,,"1","4","0","0","6","4",,"1","0","130","4","123",,"98",,,"10032",,,"0","270","0","250",,"241","1","297",,,,"A",,,,,"4",,,,"226","88","992","114","5","1","2","1","111111","111AA1111183AA",,,"1",,,,,,,,,,,,"4",
"5100523","2016-09-01T18:30:00","21.70","124.81",,,"1","4","2","5",,,,"11",,,,,,,,,,,,"8",,,,,,"9","300",,,,,,,,,,,,,"226","14","798","172","7","1","2","1","1FFFFF","1AAAAAAAA1AAAA","4",,,,,,,,,,,,,,,
"5100523","2016-09-01T18:45:00","21.70","124.81",,,"1","4","2","5",,,,"11",,,,,,,,,,,,"8",,,,,,"9","300",,,,,,,,,,,,,"226","14","798","172","7","1","2","1","1FFFFF","1AAAAAAAA1AAAA","4",,,,,,,,,,,,,,,
"3200623","2016-09-01T18:47:00","25.38","128.13",,,"1","4","2","5",,,,"11",,,,,,,,,,,,"8",,,,,,"9","294",,,,,,,,,,,,,"226","58","798","172","7","1","2","1","1FFFFF","1AAAAAAAA1AAAA","4",,,,,,,,,,,,,,,
"3200623","2016-09-01T18:50:00","25.38","128.13",,,"1","4","2","5",,,,"11",,,,,,,,,,,,"8",,,,,,"9","294",,,,,,,,,,,,,"226","58","798","172","7","1","2","1","1FFFFF","1AAAAAAAA1AAAA","4",,,,,,,,,,,,,,,
"3200623","2016-09-01T18:53:00","25.38","128.13",,,"1","4","2","5",,,,"11",,,,,,,,,,,,"8",,,,,,"9","294",,,,,,,,,,,,,"226","58","798","172","7","1","2","1","1FFFFF","1AAAAAAAA1AAAA","4",,,,,,,,,,,,,,,
"3200623","2016-09-01T19:33:00","25.38","128.13",,,"1","4","2","5",,,,"11",,,,,,,,,,,,"8",,,,,,"9","294",,,,,,,,,,,,,"226","58","798","172","7","1","2","1","1FFFFF","1AAAAAAAA1AAAA","4",,,,,,,,,,,,,,,
"VRPP5","2016-09-01T20:00:00","23.10","122.00",,,"1","4","0","0","1","4",,"1","0","250","4","46",,"96","95","9","10060","5","15","0","280",,,,"260","1","290","8","8","7","4","7","A",,"2","1","28","2","1","226","32","992","114","5","1","2","1","111111","1111111A111111",,,"1","5",,,,,,,,,,,"4",
"3200623","2016-09-01T20:30:00","25.38","128.13",,,"1","3","2","5",,,,"11",,,,,,,,,,,,,,,,,,,,,,,,,,,,,,,,"226","58","798","172","7","0",,"1","FFFFFF","1AAAAAAAAAAAAA","4",,,,,,,,,,,,,,,
"5100523","2016-09-01T21:00:00","21.75","124.98",,,"1","4","2","5",,,,"11",,,,,,,,,,,,"8",,,,,,"9","300",,,,,,,,,,,,,"226","14","798","172","7","1","2","1","1FFFFF","1AAAAAAAA1AAAA","4",,,,,,,,,,,,,,,
"9V9132","2016-09-01T21:00:00","21.60","121.10",,,"1","4","0","0","1","3",,"1","0","230","4","93",,"97","2","2","10070","4","0","3","280","0","270",,"270","1","280","6","5","5","4","7","2",,,,"23","10","2","226","11","992","114","5","1","2","1","111111","11111111111A11",,,"1","2","38",,,,"0","0","A","0","A","A","4",
"SHIP","2016-09-01T21:00:00","23.00","124.10",,,"1","4","0","0","5","3",,"2","0","230","3","62",,"98","2","1","10021","7","7","0","290","0","260",,"250","1","300","4","2","8","4","9","5",,"5","1","2","12","3","226","34","992","114","5","1","2","1","111111","1111A111111111",,,"1","1",,,,,,,,,,,"4",
"3200623","2016-09-01T21:11:00","25.38","128.15",,,"1","4","2","5",,,,"11",,,,,,,,,,,,"8",,,,,,"9","294",,,,,,,,,,,,,"226","58","798","172","7","0",,"1","1FFFFF","1AAAAAAAA1AAAA","4",,,,,,,,,,,,,,,
"3200623","2016-09-01T21:13:00","25.38","128.15",,,"1","4","2","5",,,,"11",,,,,,,,,,,,"8",,,,,,"9","294",,,,,,,,,,,,,"226","58","798","172","7","1","2","1","1FFFFF","1AAAAAAAA1AAAA","4",,,,,,,,,,,,,,,
"5100523","2016-09-01T21:13:00","21.75","124.98",,,"1","4","2","5",,,,"11",,,,,,,,,,,,"8",,,,,,"9","300",,,,,,,,,,,,,"226","14","798","172","7","0",,"1","1FFFFF","1AAAAAAAA1AAAA","4",,,,,,,,,,,,,,,
"5100523","2016-09-01T21:15:00","21.75","124.98",,,"1","4","2","5",,,,"11",,,,,,,,,,,,"8",,,,,,"9","300",,,,,,,,,,,,,"226","14","798","172","7","1","2","1","1FFFFF","1AAAAAAAA1AAAA","4",,,,,,,,,,,,,,,
"3200623","2016-09-01T21:18:00","25.38","128.16",,,"1","4","2","5",,,,"11",,,,,,,,,,,,"8",,,,,,"9","295",,,,,,,,,,,,,"226","58","798","172","7","1","2","1","1FFFFF","1AAAAAAAA1AAAA","4",,,,,,,,,,,,,,,
"5100523","2016-09-01T21:18:00","21.76","124.99",,,"1","4","2","5",,,,"11",,,,,,,,,,,,"8",,,,,,"9","300",,,,,,,,,,,,,"226","14","798","172","7","0",,"1","1FFFFF","1AAAAAAAA1AAAA","4",,,,,,,,,,,,,,,
"3200623","2016-09-01T21:19:00","25.38","128.16",,,"1","4","2","5",,,,"11",,,,,,,,,,,,"8",,,,,,"9","295",,,,,,,,,,,,,"226","58","798","172","7","0",,"1","1FFFFF","1AAAAAAAA1AAAA","4",,,,,,,,,,,,,,,
"3200623","2016-09-01T21:21:00","25.38","128.16",,,"1","4","2","5",,,,"11",,,,,,,,,,,,"8",,,,,,"9","295",,,,,,,,,,,,,"226","58","798","172","7","1","2","1","1FFFFF","1AAAAAAAA1AAAA","4",,,,,,,,,,,,,,,
"3200623","2016-09-01T21:24:00","25.38","128.16",,,"1","4","2","5",,,,"11",,,,,,,,,,,,"8",,,,,,"9","295",,,,,,,,,,,,,"226","58","798","172","7","1","2","2","1FFFFF","1AAAAAAAA1AAAA","4",,,,,,,,,,,,,,,
"5100523","2016-09-01T22:45:00","21.76","124.99",,,"1","4","2","5",,,,"11",,,,,,,,,,,,"8",,,,,,"9","300",,,,,,,,,,,,,"226","14","798","172","7","1","2","2","1FFFFF","1AAAAAAAA1AAAA","4",,,,,,,,,,,,,,,
"3200623","2016-09-01T22:50:00","25.38","128.19",,,"1","4","2","5",,,,"11",,,,,,,,,,,,"8",,,,,,"9","295",,,,,,,,,,,,,"226","58","798","172","7","1","2","2","1FFFFF","1AAAAAAAA1AAAA","4",,,,,,,,,,,,,,,
"3200623","2016-09-01T22:59:00","25.38","128.19",,,"1","4","2","5",,,,"11",,,,,,,,,,,,"8",,,,,,"9","295",,,,,,,,,,,,,"226","58","798","172","7","1","2","2","1FFFFF","1AAAAAAAA1AAAA","4",,,,,,,,,,,,,,,
"5100523","2016-09-01T23:00:00","21.76","124.99",,,"1","4","2","5",,,,"11",,,,,,,,,,,,"8",,,,,,"9","300",,,,,,,,,,,,,"226","14","798","172","7","1","2","2","1FFFFF","1AAAAAAAA1AAAA","4",,,,,,,,,,,,,,,
"9V2735","2016-09-01T23:00:00","21.60","126.90",,,"1","4","0","0","0","0",,"1","0","250","4","67",,"97",,"1","10080","4","0","3","270","0","230",,"210","1","290","4","4","2","9","3","8",,"6","2","25","6","2","226","16","992","114","5","1","2","2","111111","111A1111111111",,,"1","1","25","6","2",,,,,,,,"4",
"VRGI8","2016-09-01T23:00:00","26.90","125.60",,,"1","4","0","0","8","3",,"1","0","110","4","51",,"97","2","1","10095","0",,"0","300","0","250",,"228",,"330","3","3","1","5","2","5",,"10","1","4","5","1","226","65","992","114","5","1","2","2","511111","11111111111117",,,"1","1",,,,,,,,,,,"4",
"5100523","2016-09-01T23:01:00","21.77","125.03",,,"1","4","2","5",,,,"11",,,,,,,,,,,,"8",,,,,,"9","300",,,,,,,,,,,,,"226","15","798","172","7","0",,"2","1FFFFF","1AAAAAAAA1AAAA","4",,,,,,,,,,,,,,,
"5100523","2016-09-02T00:00:00","21.77","125.03",,,"1","4","2","5",,,,"11",,,,,,,,,,,,"8",,,,,,"9","300",,,,,,,,,,,,,"226","15","798","172","7","1","2","2","1FFFFF","1AAAAAAAA1AAAA","4",,,,,,,,,,,,,,,
"9V9132","2016-09-02T00:00:00","22.00","121.40",,,"1","4","0","0","1","3",,"1","0","230","4","87",,"97","2","2","10080","4","0","3","280","0","270",,"270","1","280","6","5","5","5","7","2",,,,"23","10","3","226","21","992","114","5","1","2","2","111111","11111111111A11",,,"1","2","38",,,,"0","0","A","0","A","A","4",
"C6DM2","2016-09-02T00:00:00","25.00","120.40",,,"1","4","0","0","5","3",,"1","0","250","4","98",,"97",,"2","10040","6","20","0","280","0","260",,"253","3","280","8","7","2","2","9","A",,"5","4","34","5","3","226","50","992","114","5","1","2","2","113111","111A1111111111",,,"1","1","35","6","3",,,,,,,,"4",
"VRPP5","2016-09-02T00:00:00","24.20","122.50",,,"1","4","0","0","1","4",,"1","0","160","4","10",,"97","1","5","10060","4","0","0","280",,,,"250","1","300","3","3","0","8","4","8",,"0","0","36","0","0","226","42","992","114","5","1","2","2","111111","1111111A111111",,,"1","2",,,,,,,,,,,"4",
"3200623","2016-09-02T00:01:00","25.37","128.19",,,"1","4","2","5",,,,"11",,,,,,,,,,,,"8",,,,,,"9","296",,,,,,,,,,,,,"226","58","798","172","7","1","2","2","1FFFFF","1AAAAAAAA1AAAA","4",,,,,,,,,,,,,,,
"3200623","2016-09-02T00:03:00","25.37","128.19",,,"1","4","2","5",,,,"11",,,,,,,,,,,,"8",,,,,,"9","296",,,,,,,,,,,,,"226","58","798","172","7","1","2","2","1FFFFF","1AAAAAAAA1AAAA","4",,,,,,,,,,,,,,,
"3200623","2016-09-02T00:06:00","25.38","128.19",,,"1","4","2","5",,,,"11",,,,,,,,,,,,"8",,,,,,"9","296",,,,,,,,,,,,,"226","58","798","172","7","1","2","2","1FFFFF","1AAAAAAAA1AAAA","4",,,,,,,,,,,,,,,
"5100523","2016-09-02T00:45:00","21.77","125.10",,,"1","4","2","5",,,,"11",,,,,,,,,,,,"8",,,,,,"9","300",,,,,,,,,,,,,"226","15","798","172","7","1","2","2","1FFFFF","1AAAAAAAA1AAAA","4",,,,,,,,,,,,,,,
"5100523","2016-09-02T00:53:00","21.77","125.10",,,"1","4","2","5",,,,"11",,,,,,,,,,,,"8",,,,,,"9","300",,,,,,,,,,,,,"226","15","798","172","7","1","2","2","1FFFFF","1AAAAAAAA1AAAA","4",,,,,,,,,,,,,,,
"3200623","2016-09-02T00:54:00","25.37","128.20",,,"1","4","2","5",,,,"11",,,,,,,,,,,,"8",,,,,,"9","297",,,,,,,,,,,,,"226","58","798","172","7","1","2","2","1FFFFF","1AAAAAAAA1AAAA","4",,,,,,,,,,,,,,,
"3200623","2016-09-02T00:58:00","25.37","128.20",,,"1","4","2","5",,,,"11",,,,,,,,,,,,"8",,,,,,"9","296",,,,,,,,,,,,,"226","58","798","172","7","1","2","2","1FFFFF","1AAAAAAAA1AAAA","4",,,,,,,,,,,,,,,
"5100523","2016-09-02T01:00:00","21.77","125.09",,,"1","4","2","5",,,,"11",,,,,,,,,,,,"8",,,,,,"9","300",,,,,,,,,,,,,"226","15","798","172","7","1","2","2","1FFFFF","1AAAAAAAA1AAAA","4",,,,,,,,,,,,,,,
"5100523","2016-09-02T01:30:00","21.77","125.09",,,"1","4","2","5",,,,"11",,,,,,,,,,,,"8",,,,,,"9","300",,,,,,,,,,,,,"226","15","798","172","7","1","2","2","1FFFFF","1AAAAAAAA1AAAA","4",,,,,,,,,,,,,,,
"5100523","2016-09-02T01:40:00","21.77","125.12",,,"1","4","2","5",,,,"11",,,,,,,,,,,,"8",,,,,,"9","300",,,,,,,,,,,,,"226","15","798","172","7","0",,"2","1FFFFF","1AAAAAAAA1AAAA","4",,,,,,,,,,,,,,,
"3200623","2016-09-02T01:41:00","25.36","128.21",,,"1","4","2","5",,,,"11",,,,,,,,,,,,"8",,,,,,"9","297",,,,,,,,,,,,,"226","58","798","172","7","1","2","2","1FFFFF","1AAAAAAAA1AAAA","4",,,,,,,,,,,,,,,
"3200623","2016-09-02T01:42:00","25.37","128.20",,,"1","4","2","5",,,,"11",,,,,,,,,,,,"8",,,,,,"9","297",,,,,,,,,,,,,"226","58","798","172","7","1","2","2","1FFFFF","1AAAAAAAA1AAAA","4",,,,,,,,,,,,,,,
"5100523","2016-09-02T01:45:00","21.77","125.12",,,"1","4","2","5",,,,"11",,,,,,,,,,,,"8",,,,,,"9","300",,,,,,,,,,,,,"226","15","798","172","7","1","2","2","1FFFFF","1AAAAAAAA1AAAA","4",,,,,,,,,,,,,,,
"3200623","2016-09-02T01:46:00","25.36","128.21",,,"1","4","2","5",,,,"11",,,,,,,,,,,,"8",,,,,,"9","297",,,,,,,,,,,,,"226","58","798","172","7","1","2","2","1FFFFF","1AAAAAAAA1AAAA","4",,,,,,,,,,,,,,,
"9V9763","2016-09-02T02:00:00","27.70","122.10",,,"1","4","0","0","4","3","1","1","0","350","3","46",,"97","59","5","10036","0","10","0","230","0","230",,"230","1","280","5","4","0","6","7","3",,"1","2","36","1","2","226","72","992","114","5","1","2","2","111113","11131111111111",,,"1","5",,,,,,,,,,,"4",
"5100523","2016-09-02T02:30:00","21.78","125.16",,,"1","4","2","5",,,,"11",,,,,,,,,,,,"8",,,,,,"9","300",,,,,,,,,,,,,"226","15","798","172","7","0",,"2","1FFFFF","1AAAAAAAA1AAAA","4",,,,,,,,,,,,,,,
"3200623","2016-09-02T02:33:00","25.36","128.21",,,"1","4","2","5",,,,"11",,,,,,,,,,,,"8",,,,,,"9","297",,,,,,,,,,,,,"226","58","798","172","7","1","2","2","1FFFFF","1AAAAAAAA1AAAA","4",,,,,,,,,,,,,,,
"5100523","2016-09-02T02:36:00","21.78","125.16",,,"1","4","2","5",,,,"11",,,,,,,,,,,,"8",,,,,,"9","300",,,,,,,,,,,,,"226","15","798","172","7","1","2","2","1FFFFF","1AAAAAAAA1AAAA","4",,,,,,,,,,,,,,,
"VRDY5","2016-09-02T03:00:00","29.90","123.00",,,"1","4","0","0","4","3",,"1","0","240","3","36",,"97",,,"10108","5",,"0","280","0","260",,"252","3","305","8","6","7","4","7","0",,"4","1","19","4","1","226","93","992","114","5","1","2","2","111111","111AA111111117",,,"1",,,,,,,,,,,,"4",
"C6AX5","2016-09-02T04:00:00","20.00","121.60",,,"1","4","0","0","3","4",,"1","0","230","3","144",,"97",,"2","10070","3","10","0","270","0","250",,"243","1","310","8","8","9","7","A","A",,"1","3","5","4","4","226","1","992","114","5","1","2","2","111111","111A1111111111",,,"1","2","5","4","4",,,,,,,,"4",
"VRPP5","2016-09-02T04:00:00","25.30","122.90",,,"1","4","0","0","1","4",,"1","0","160","4","10",,"97","1","5","10060","4","0","0","310",,,,"290","1","300","3","3","0","8","4","8",,"0","0","36","0","0","226","52","992","114","5","1","2","2","111111","1111111A111111",,,"1","2",,,,,,,,,,,"4",
"3200623","2016-09-02T04:25:00","25.36","128.26",,,"1","4","2","5",,,,"11",,,,,,,,,,,,"8",,,,,,"9","298",,,,,,,,,,,,,"226","58","798","172","7","0",,"2","1FFFFF","1AAAAAAAA1AAAA","4",,,,,,,,,,,,,,,
"3200623","2016-09-02T04:27:00","25.36","128.26",,,"1","4","2","5",,,,"11",,,,,,,,,,,,"8",,,,,,"9","298",,,,,,,,,,,,,"226","58","798","172","7","1","2","2","1FFFFF","1AAAAAAAA1AAAA","4",,,,,,,,,,,,,,,
"3200623","2016-09-02T04:30:00","25.36","128.26",,,"1","4","2","5",,,,"11",,,,,,,,,,,,"8",,,,,,"9","298",,,,,,,,,,,,,"226","58","798","172","7","1","2","2","1FFFFF","1AAAAAAAA1AAAA","4",,,,,,,,,,,,,,,
"3FYC5","2016-09-02T06:00:00","21.20","120.40",,,"1","4","0","0",,,,"1","0","230","4","103",,,,,"10032",,,"0","260",,,,,,,"7",,,"A",,,,,"5",,,,"226","10","992","114","5","1","2","2","F1111F","11AAA11AAA13AA",,,"3",,,,,,,,,,,,"4",
"5100523","2016-09-02T06:00:00","21.78","125.16",,,"1","4","2","5",,,,"11",,,,,,,,,,,,"8",,,,,,"9","300",,,,,,,,,,,,,"226","15","798","172","7","1","2","2","1FFFFF","1AAAAAAAA1AAAA","4",,,,,,,,,,,,,,,
"D5ES8","2016-09-02T06:00:00","28.10","123.90",,,"1","4","0","0","3","4",,"1","0","180","4","170",,"97","2","6","10065","4","0","0","265","0","245",,"237",,"285","8","1","7","2","A","A",,"4","2","17","15","6","226","83","992","114","5","1","2","2","111511","11111111111111",,,"1","2",,,,,,,,,,,"4",
"VRGW3","2016-09-02T06:00:00","25.40","120.50",,,"1","4","0","0","1","4","1","1","0","200","3","46",,"98","2","2","10007","7","5","0","290","0","270",,"262","1","290","5","4","5","5","A","A",,"5","2","20","7","2","226","50","992","114","5","1","2","2","111111","11111111111111",,,"1","2",,,,,,,,,,,"4",
"WDDI","2016-09-02T06:00:00","29.20","127.70",,,"1","4","0","0","0","0",,"1","0","340","4","15",,"98",,,"10026",,,"0","300","0","270",,"258","1","294",,,,"A",,,,,"3",,,,"226","97","992","114","5","1","2","2","111111","111AA1111183AA",,,"1",,,,,,,,,,,,"4",
"5100523","2016-09-02T06:01:00","21.76","125.26",,,"1","4","2","5",,,,"11",,,,,,,,,,,,"8",,,,,,"9","300",,,,,,,,,,,,,"226","15","798","172","7","0",,"2","1FFFFF","1AAAAAAAA1AAAA","4",,,,,,,,,,,,,,,
"3200623","2016-09-02T06:05:00","25.34","128.28",,,"1","4","2","5",,,,"11",,,,,,,,,,,,"8",,,,,,"9","298",,,,,,,,,,,,,"226","58","798","172","7","0",,"2","1FFFFF","1AAAAAAAA1AAAA","4",,,,,,,,,,,,,,,
"3200623","2016-09-02T06:06:00","25.34","128.28",,,"1","4","2","5",,,,"11",,,,,,,,,,,,"8",,,,,,"9","298",,,,,,,,,,,,,"226","58","798","172","7","1","2","2","1FFFFF","1AAAAAAAA1AAAA","4",,,,,,,,,,,,,,,
"3200623","2016-09-02T06:12:00","25.34","128.28",,,"1","4","2","5",,,,"11",,,,,,,,,,,,"8",,,,,,"9","298",,,,,,,,,,,,,"226","58","798","172","7","1","2","2","1FFFFF","1AAAAAAAA1AAAA","4",,,,,,,,,,,,,,,
"5100523","2016-09-02T07:30:00","21.76","125.26",,,"1","4","2","5",,,,"11",,,,,,,,,,,,"8",,,,,,"9","300",,,,,,,,,,,,,"226","15","798","172","7","0",,"2","1FFFFF","1AAAAAAAA1AAAA","4",,,,,,,,,,,,,,,
"5100523","2016-09-02T07:45:00","21.76","125.26",,,"1","4","2","5",,,,"11",,,,,,,,,,,,"8",,,,,,"9","300",,,,,,,,,,,,,"226","15","798","172","7","0",,"2","1FFFFF","1AAAAAAAA1AAAA","4",,,,,,,,,,,,,,,
"3200623","2016-09-02T07:50:00","25.33","128.30",,,"1","4","2","5",,,,"11",,,,,,,,,,,,"8",,,,,,"9","298",,,,,,,,,,,,,"226","58","798","172","7","1","2","2","1FFFFF","1AAAAAAAA1AAAA","4",,,,,,,,,,,,,,,
"5100523","2016-09-02T08:15:00","21.76","125.26",,,"1","4","2","5",,,,"11",,,,,,,,,,,,"8",,,,,,"9","300",,,,,,,,,,,,,"226","15","798","172","7","1","2","2","1FFFFF","1AAAAAAAA1AAAA","4",,,,,,,,,,,,,,,
"3200623","2016-09-02T08:24:00","25.34","128.28",,,"1","4","2","5",,,,"11",,,,,,,,,,,,"8",,,,,,"9","298",,,,,,,,,,,,,"226","58","798","172","7","1","2","2","1FFFFF","1AAAAAAAA1AAAA","4",,,,,,,,,,,,,,,
"3200623","2016-09-02T08:25:00","25.32","128.29",,,"1","4","2","5",,,,"11",,,,,,,,,,,,"8",,,,,,"9","298",,,,,,,,,,,,,"226","58","798","172","7","1","2","2","1FFFFF","1AAAAAAAA1AAAA","4",,,,,,,,,,,,,,,
"5100523","2016-09-02T08:26:00","21.74","125.27",,,"1","4","2","5",,,,"11",,,,,,,,,,,,"8",,,,,,"9","300",,,,,,,,,,,,,"226","15","798","172","7","0",,"2","1FFFFF","1AAAAAAAA1AAAA","4",,,,,,,,,,,,,,,
"5100523","2016-09-02T08:30:00","21.74","125.27",,,"1","4","2","5",,,,"11",,,,,,,,,,,,"8",,,,,,"9","300",,,,,,,,,,,,,"226","15","798","172","7","1","2","2","1FFFFF","1AAAAAAAA1AAAA","4",,,,,,,,,,,,,,,
"3200623","2016-09-02T08:31:00","25.32","128.29",,,"1","4","2","5",,,,"11",,,,,,,,,,,,"8",,,,,,"9","298",,,,,,,,,,,,,"226","58","798","172","7","1","2","2","1FFFFF","1AAAAAAAA1AAAA","4",,,,,,,,,,,,,,,
"3200623","2016-09-02T08:32:00","25.33","128.30",,,"1","3","2","5",,,,"11",,,,,,,,,,,,,,,,,,,,,,,,,,,,,,,,"226","58","798","172","7","1","2","2","FFFFFF","1AAAAAAAAAAAAA","4",,,,,,,,,,,,,,,
"3200623","2016-09-02T08:33:00","25.32","128.30",,,"1","4","2","5",,,,"11",,,,,,,,,,,,"8",,,,,,"9","298",,,,,,,,,,,,,"226","58","798","172","7","0",,"2","1FFFFF","1AAAAAAAA1AAAA","4",,,,,,,,,,,,,,,
"3200623","2016-09-02T08:40:00","25.32","128.30",,,"1","4","2","5",,,,"11",,,,,,,,,,,,"8",,,,,,"9","298",,,,,,,,,,,,,"226","58","798","172","7","1","2","2","1FFFFF","1AAAAAAAA1AAAA","4",,,,,,,,,,,,,,,
"3200623","2016-09-02T08:43:00","25.32","128.30",,,"1","4","2","5",,,,"11",,,,,,,,,,,,"8",,,,,,"9","298",,,,,,,,,,,,,"226","58","798","172","7","1","2","2","1FFFFF","1AAAAAAAA1AAAA","4",,,,,,,,,,,,,,,
"SHIP","2016-09-02T09:00:00","22.30","123.00",,,"1","4","0","0","5","4",,"2","0","230","4","134",,"98","25","8","10025","3","4","0","290","0","250",,"235","1","302","7","3","4","A","6","6",,"4","5","24","7","6","226","23","992","114","5","1","2","2","113111","11111111111111",,,"1","2",,,,,,,,,,,"4",
"5100523","2016-09-02T09:15:00","21.76","125.28",,,"1","4","2","5",,,,"11",,,,,,,,,,,,"8",,,,,,"9","300",,,,,,,,,,,,,"226","15","798","172","7","1","2","2","1FFFFF","1AAAAAAAA1AAAA","4",,,,,,,,,,,,,,,
"3200623","2016-09-02T09:28:00","25.32","128.32",,,"1","4","2","5",,,,"11",,,,,,,,,,,,"8",,,,,,"9","298",,,,,,,,,,,,,"226","58","798","172","7","0",,"2","1FFFFF","1AAAAAAAA1AAAA","4",,,,,,,,,,,,,,,
"5100523","2016-09-02T09:29:00","21.76","125.28",,,"1","4","2","5",,,,"11",,,,,,,,,,,,"8",,,,,,"9","300",,,,,,,,,,,,,"226","15","798","172","7","1","2","2","1FFFFF","1AAAAAAAA1AAAA","4",,,,,,,,,,,,,,,
"5100523","2016-09-02T09:30:00","21.76","125.28",,,"1","4","2","5",,,,"11",,,,,,,,,,,,"8",,,,,,"9","300",,,,,,,,,,,,,"226","15","798","172","7","1","2","2","1FFFFF","1AAAAAAAA1AAAA","4",,,,,,,,,,,,,,,
"3200623","2016-09-02T09:31:00","25.32","128.32",,,"1","4","2","5",,,,"11",,,,,,,,,,,,"8",,,,,,"9","298",,,,,,,,,,,,,"226","58","798","172","7","1","2","2","1FFFFF","1AAAAAAAA1AAAA","4",,,,,,,,,,,,,,,
"3200623","2016-09-02T09:34:00","25.32","128.32",,,"1","4","2","5",,,,"11",,,,,,,,,,,,"8",,,,,,"9","298",,,,,,,,,,,,,"226","58","798","172","7","1","2","1","1FFFFF","1AAAAAAAA1AAAA","4",,,,,,,,,,,,,,,
"5100523","2016-09-02T10:00:00","21.76","125.28",,,"1","4","2","5",,,,"11",,,,,,,,,,,,"8",,,,,,"9","300",,,,,,,,,,,,,"226","15","798","172","7","0",,"1","1FFFFF","1AAAAAAAA1AAAA","4",,,,,,,,,,,,,,,
"3200623","2016-09-02T10:09:00","25.32","128.32",,,"1","4","2","5",,,,"11",,,,,,,,,,,,"8",,,,,,"9","298",,,,,,,,,,,,,"226","58","798","172","7","0",,"1","1FFFFF","1AAAAAAAA1AAAA","4",,,,,,,,,,,,,,,
"3200623","2016-09-02T10:10:00","25.32","128.32",,,"1","4","2","5",,,,"11",,,,,,,,,,,,"8",,,,,,"9","298",,,,,,,,,,,,,"226","58","798","172","7","0",,"1","1FFFFF","1AAAAAAAA1AAAA","4",,,,,,,,,,,,,,,
"3200623","2016-09-02T10:12:00","25.32","128.32",,,"1","4","2","5",,,,"11",,,,,,,,,,,,"8",,,,,,"9","298",,,,,,,,,,,,,"226","58","798","172","7","1","2","1","1FFFFF","1AAAAAAAA1AAAA","4",,,,,,,,,,,,,,,
"5100523","2016-09-02T10:15:00","21.75","125.30",,,"1","4","2","5",,,,"11",,,,,,,,,,,,"8",,,,,,"9","300",,,,,,,,,,,,,"226","15","798","172","7","1","2","1","1FFFFF","1AAAAAAAA1AAAA","4",,,,,,,,,,,,,,,
"3200623","2016-09-02T10:22:00","25.32","128.32",,,"1","4","2","5",,,,"11",,,,,,,,,,,,"8",,,,,,"9","298",,,,,,,,,,,,,"226","58","798","172","7","0",,"1","1FFFFF","1AAAAAAAA1AAAA","4",,,,,,,,,,,,,,,
"3200623","2016-09-02T10:25:00","25.32","128.32",,,"1","4","2","5",,,,"11",,,,,,,,,,,,"8",,,,,,"9","298",,,,,,,,,,,,,"226","58","798","172","7","1","2","1","1FFFFF","1AAAAAAAA1AAAA","4",,,,,,,,,,,,,,,
"5100523","2016-09-02T11:00:00","21.75","125.30",,,"1","4","2","5",,,,"11",,,,,,,,,,,,"8",,,,,,"9","300",,,,,,,,,,,,,"226","15","798","172","7","1","2","1","1FFFFF","1AAAAAAAA1AAAA","4",,,,,,,,,,,,,,,
"9V2735","2016-09-02T11:00:00","21.50","127.40",,,"1","4","0","0","0","0",,"1","0","270","4","67",,,,"0","10070","4","0","3","300","0","280",,"270","1","300","2","2","1","9","A","8",,"6","2","27","6","2","226","17","992","114","5","1","2","1","111111","11AA1111111111",,,"1","0","27","6","2",,,,,,,,"4",
"9V9132","2016-09-02T11:00:00","23.40","123.00",,,"1","4","0","0","1","3",,"1","0","10","4","10",,"97","3","2","10050","0","0","3","280","0","260",,"250","3","290","4","4","6","5","7","A",,"8","4","23","6","4","226","33","992","114","5","1","2","1","111111","11111111111111",,,"1","2","23","6","4",,,,,,,,"4",
"3200623","2016-09-02T11:09:00","25.32","128.33",,,"1","4","2","5",,,,"11",,,,,,,,,,,,"8",,,,,,"9","298",,,,,,,,,,,,,"226","58","798","172","7","0",,"1","1FFFFF","1AAAAAAAA1AAAA","4",,,,,,,,,,,,,,,
"3200623","2016-09-02T11:12:00","25.32","128.33",,,"1","4","2","5",,,,"11",,,,,,,,,,,,"8",,,,,,"9","298",,,,,,,,,,,,,"226","58","798","172","7","1","2","1","1FFFFF","1AAAAAAAA1AAAA","4",,,,,,,,,,,,,,,
"3200623","2016-09-02T11:14:00","25.31","128.33",,,"1","4","2","5",,,,"11",,,,,,,,,,,,"8",,,,,,"9","298",,,,,,,,,,,,,"226","58","798","172","7","1","2","1","1FFFFF","1AAAAAAAA1AAAA","4",,,,,,,,,,,,,,,
"5100523","2016-09-02T11:15:00","21.75","125.30",,,"1","4","2","5",,,,"11",,,,,,,,,,,,"8",,,,,,"9","300",,,,,,,,,,,,,"226","15","798","172","7","1","2","1","1FFFFF","1AAAAAAAA1AAAA","4",,,,,,,,,,,,,,,
"3200623","2016-09-02T11:16:00","25.31","128.33",,,"1","4","2","5",,,,"11",,,,,,,,,,,,"8",,,,,,"9","298",,,,,,,,,,,,,"226","58","798","172","7","1","2","1","1FFFFF","1AAAAAAAA1AAAA","4",,,,,,,,,,,,,,,
"5100523","2016-09-02T12:00:00","21.77","125.32",,,"1","4","2","5",,,,"11",,,,,,,,,,,,"8",,,,,,"9","300",,,,,,,,,,,,,"226","15","798","172","7","1","2","1","1FFFFF","1AAAAAAAA1AAAA","4",,,,,,,,,,,,,,,
"VRPP5","2016-09-02T12:00:00","27.40","123.50",,,"1","4","0","0","1","4",,"1","0","250","4","77",,"96","20","5","10020","6","20","0","270",,,,"260","1","290","7","7","1","6","3","7",,,,"33",,,"226","73","992","114","5","1","2","1","111111","1111111A111A71",,,"1","2",,,,,,,,,,,"4",
"WDDI","2016-09-02T12:00:00","28.80","127.70",,,"1","4","0","0","4","3",,"1","0","60","4","82",,"98",,,"10032","2","7","0","280","0","270",,"266","1","304","4",,,"A",,,,,,,,,"226","87","992","114","5","1","2","1","111111","111AA111111AA1",,,"1",,,,,,,,,,,,"4",
"5100523","2016-09-02T12:08:00","21.77","125.32",,,"1","4","2","5",,,,"11",,,,,,,,,,,,"8",,,,,,"9","300",,,,,,,,,,,,,"226","15","798","172","7","0",,"1","1FFFFF","1AAAAAAAA1AAAA","4",,,,,,,,,,,,,,,
"3200623","2016-09-02T12:09:00","25.31","128.34",,,"1","4","2","5",,,,"11",,,,,,,,,,,,"8",,,,,,"9","297",,,,,,,,,,,,,"226","58","798","172","7","0",,"1","1FFFFF","1AAAAAAAA1AAAA","4",,,,,,,,,,,,,,,
"3200623","2016-09-02T12:11:00","25.31","128.34",,,"1","4","2","5",,,,"11",,,,,,,,,,,,"8",,,,,,"9","297",,,,,,,,,,,,,"226","58","798","172","7","1","2","1","1FFFFF","1AAAAAAAA1AAAA","4",,,,,,,,,,,,,,,
"5100523","2016-09-02T12:45:00","21.77","125.32",,,"1","4","2","5",,,,"11",,,,,,,,,,,,"8",,,,,,"9","300",,,,,,,,,,,,,"226","15","798","172","7","1","2","1","1FFFFF","1AAAAAAAA1AAAA","4",,,,,,,,,,,,,,,
"3200623","2016-09-02T12:55:00","25.30","128.35",,,"1","4","2","5",,,,"11",,,,,,,,,,,,"8",,,,,,"9","297",,,,,,,,,,,,,"226","58","798","172","7","1","2","1","1FFFFF","1AAAAAAAA1AAAA","4",,,,,,,,,,,,,,,
"3200623","2016-09-02T12:57:00","25.30","128.35",,,"1","4","2","5",,,,"11",,,,,,,,,,,,"8",,,,,,"9","297",,,,,,,,,,,,,"226","58","798","172","7","1","2","1","1FFFFF","1AAAAAAAA1AAAA","4",,,,,,,,,,,,,,,
"5100523","2016-09-02T13:30:00","21.77","125.32",,,"1","4","2","5",,,,"11",,,,,,,,,,,,"8",,,,,,"9","300",,,,,,,,,,,,,"226","15","798","172","7","1","2","1","1FFFFF","1AAAAAAAA1AAAA","4",,,,,,,,,,,,,,,
"5100523","2016-09-02T13:44:00","21.79","125.34",,,"1","4","2","5",,,,"11",,,,,,,,,,,,"8",,,,,,"9","301",,,,,,,,,,,,,"226","15","798","172","7","1","2","1","1FFFFF","1AAAAAAAA1AAAA","4",,,,,,,,,,,,,,,
"5100523","2016-09-02T13:45:00","21.79","125.34",,,"1","4","2","5",,,,"11",,,,,,,,,,,,"8",,,,,,"9","300",,,,,,,,,,,,,"226","15","798","172","7","1","2","1","1FFFFF","1AAAAAAAA1AAAA","4",,,,,,,,,,,,,,,
"9V9132","2016-09-02T14:00:00","23.90","123.10",,,"1","4","0","0","8","3",,"1","0","270","3","10",,"98",,"2","10050","4",,"3","280","0","260",,"250","1","280","6","5","1","4","3","0",,,,"27","2","2","226","33","992","114","5","1","2","1","111111","111A1111111A17",,,"1","2","38",,,,,,,,,,"4",
"5100523","2016-09-02T14:30:00","21.79","125.34",,,"1","4","2","5",,,,"11",,,,,,,,,,,,"8",,,,,,"9","300",,,,,,,,,,,,,"226","15","798","172","7","1","2","1","1FFFFF","1AAAAAAAA1AAAA","4",,,,,,,,,,,,,,,
"9V9132","2016-09-02T15:00:00","24.20","123.30",,,"1","4","0","0","8","3",,"1","0","50","3","21",,"98",,"2","10050","4",,"3","280","0","260",,"250","1","280","6","4","1","4","3","0",,,,"27","2","2","226","43","992","114","5","1","2","1","111111","111A1111111A17",,,"1","2","38",,,,,,,,,,"4",
"SHIP","2016-09-02T15:00:00","20.30","120.70",,,"1","4","0","0","5","3",,"2","0","220","3","118",,"98","2","2","10060","3","14","0","270","0","250",,"243","1","300","8","5","A","A","A","A",,"3","2",,,,"226","0","992","114","5","1","2","1","111111","11111111111AA7",,,"1","2",,,,,,,,,,,"4",
"VRDY5","2016-09-02T15:00:00","27.00","121.50",,,"1","4","0","0","5","3",,"1","0","360","3","57",,"97","2","1","10129","0",,"0","260","0","240",,"231","3","328","3","1","2","4","4","5",,,,,,,"226","71","992","114","5","1","2","1","511111","11111111111AA7",,,"1","1",,,,,,,,,,,"4",
"VRPP5","2016-09-02T16:00:00","28.60","128.80",,,"1","4","0","0","1","4",,"1","0","250","4","77",,"96","20","5","10020","4","0","0","260",,,,"250","1","290","7","7","1","6","3","7",,,,"33",,,"226","88","992","114","5","1","2","1","111111","1111111A111A71",,,"1","2",,,,,,,,,,,"4",
"3200623","2016-09-02T16:56:00","25.31","128.35",,,"1","4","2","5",,,,"11",,,,,,,,,,,,"8",,,,,,"9","296",,,,,,,,,,,,,"226","58","798","172","7","1","2","1","1FFFFF","1AAAAAAAA1AAAA","4",,,,,,,,,,,,,,,
"3200623","2016-09-02T16:59:00","25.31","128.35",,,"1","4","2","5",,,,"11",,,,,,,,,,,,"8",,,,,,"9","296",,,,,,,,,,,,,"226","58","798","172","7","1","2","1","1FFFFF","1AAAAAAAA1AAAA","4",,,,,,,,,,,,,,,
"9V9132","2016-09-02T18:00:00","24.50","123.50",,,"1","4","0","0","8","3",,"1","0","50","4","21",,"98",,"2","10050","4",,"3","280","0","260",,"250","1","280","6","4","1","4","3","0",,,,"27","2","2","226","43","992","114","5","1","2","1","111111","111A1111111A17",,,"1","2","38",,,,,,,,,,"4",
"D5ES8","2016-09-02T18:00:00","25.20","126.60",,,"1","4","0","0","3","4",,"1","0","50","4","51",,"97","2","1","10070","4","0",,,,,,,,,"6","5","8","5","9","4",,"5","2","14","10","4","226","56","992","114","5","1","2","1","FF111F","111111AAAA1111",,,"1","1",,,,,,,,,,,"4",
"5100523","2016-09-02T18:30:00","21.79","125.34",,,"1","4","2","5",,,,"11",,,,,,,,,,,,"8",,,,,,"9","300",,,,,,,,,,,,,"226","15","798","172","7","1","2","1","1FFFFF","1AAAAAAAA1AAAA","4",,,,,,,,,,,,,,,
"3200623","2016-09-02T18:35:00","25.25","128.40",,,"1","4","2","5",,,,"11",,,,,,,,,,,,"8",,,,,,"9","296",,,,,,,,,,,,,"226","58","798","172","7","1","2","1","1FFFFF","1AAAAAAAA1AAAA","4",,,,,,,,,,,,,,,
"3200623","2016-09-02T18:38:00","25.25","128.40",,,"1","4","2","5",,,,"11",,,,,,,,,,,,"8",,,,,,"9","296",,,,,,,,,,,,,"226","58","798","172","7","1","2","1","1FFFFF","1AAAAAAAA1AAAA","4",,,,,,,,,,,,,,,
"5100523","2016-09-02T18:45:00","21.79","125.34",,,"1","4","2","5",,,,"11",,,,,,,,,,,,"8",,,,,,"9","300",,,,,,,,,,,,,"226","15","798","172","7","1","2","1","1FFFFF","1AAAAAAAA1AAAA","4",,,,,,,,,,,,,,,
"TBWUK47","2016-09-02T19:00:00","25.10","123.80",,,"1","4","0","0","4","4",,"1","0","50","4","72",,"97","3","5","10031","7","15","0","280","0","260",,"252","3","310",,,,"A",,,,"99",,,,,"226","53","992","114","5","1","2","1","111111","111111111187A1",,,"1","1",,,,,,,,,,,"4",
"VRPP5","2016-09-02T20:00:00","29.50","123.90",,,"1","4","0","0","1","4",,"1","0","250","4","77",,"96","20","5","10020","4","0","0","270",,,,"240","1","300","7","3","4","6","3","7",,"2","3","5","2",,"226","93","992","114","5","1","2","1","111111","1111111A111171",,,"1","2",,"3",,,,,,,,,"4",
"5100523","2016-09-02T20:15:00","21.79","125.34",,,"1","4","2","5",,,,"11",,,,,,,,,,,,"8",,,,,,"9","301",,,,,,,,,,,,,"226","15","798","172","7","0",,"1","1FFFFF","1AAAAAAAA1AAAA","4",,,,,,,,,,,,,,,
"3200623","2016-09-02T20:19:00","25.25","128.40",,,"1","4","2","5",,,,"11",,,,,,,,,,,,"8",,,,,,"9","296",,,,,,,,,,,,,"226","58","798","172","7","1","2","1","1FFFFF","1AAAAAAAA1AAAA","4",,,,,,,,,,,,,,,
"5100523","2016-09-02T20:30:00","21.86","125.45",,,"1","4","2","5",,,,"11",,,,,,,,,,,,"8",,,,,,"9","301",,,,,,,,,,,,,"226","15","798","172","7","1","2","1","1FFFFF","1AAAAAAAA1AAAA","4",,,,,,,,,,,,,,,
"5100523","2016-09-02T20:39:00","21.86","125.45",,,"1","4","2","5",,,,"11",,,,,,,,,,,,"8",,,,,,"9","301",,,,,,,,,,,,,"226","15","798","172","7","1","2","1","1FFFFF","1AAAAAAAA1AAAA","4",,,,,,,,,,,,,,,
"3200623","2016-09-02T20:40:00","25.23","128.39",,,"1","4","2","5",,,,"11",,,,,,,,,,,,"8",,,,,,"9","296",,,,,,,,,,,,,"226","58","798","172","7","0",,"1","1FFFFF","1AAAAAAAA1AAAA","4",,,,,,,,,,,,,,,
"3200623","2016-09-02T20:43:00","25.23","128.39",,,"1","4","2","5",,,,"11",,,,,,,,,,,,"8",,,,,,"9","296",,,,,,,,,,,,,"226","58","798","172","7","1","2","1","1FFFFF","1AAAAAAAA1AAAA","4",,,,,,,,,,,,,,,
"5100523","2016-09-02T20:45:00","21.86","125.45",,,"1","4","2","5",,,,"11",,,,,,,,,,,,"8",,,,,,"9","301",,,,,,,,,,,,,"226","15","798","172","7","1","2","1","1FFFFF","1AAAAAAAA1AAAA","4",,,,,,,,,,,,,,,
"5100523","2016-09-02T20:51:00","21.86","125.45",,,"1","4","2","5",,,,"11",,,,,,,,,,,,"8",,,,,,"9","301",,,,,,,,,,,,,"226","15","798","172","7","0",,"1","1FFFFF","1AAAAAAAA1AAAA","4",,,,,,,,,,,,,,,
"3200623","2016-09-02T20:52:00","25.22","128.39",,,"1","4","2","5",,,,"11",,,,,,,,,,,,"8",,,,,,"9","296",,,,,,,,,,,,,"226","58","798","172","7","0",,"1","1FFFFF","1AAAAAAAA1AAAA","4",,,,,,,,,,,,,,,
"3200623","2016-09-02T20:54:00","25.22","128.39",,,"1","4","2","5",,,,"11",,,,,,,,,,,,"8",,,,,,"9","296",,,,,,,,,,,,,"226","58","798","172","7","1","2","1","1FFFFF","1AAAAAAAA1AAAA","4",,,,,,,,,,,,,,,
"5100523","2016-09-02T21:00:00","21.86","125.45",,,"1","4","2","5",,,,"11",,,,,,,,,,,,"8",,,,,,"9","301",,,,,,,,,,,,,"226","15","798","172","7","1","2","1","1FFFFF","1AAAAAAAA1AAAA","4",,,,,,,,,,,,,,,
"3200623","2016-09-02T21:08:00","25.23","128.39",,,"1","4","2","5",,,,"11",,,,,,,,,,,,"8",,,,,,"9","296",,,,,,,,,,,,,"226","58","798","172","7","0",,"1","1FFFFF","1AAAAAAAA1AAAA","4",,,,,,,,,,,,,,,
"5100523","2016-09-02T21:09:00","21.86","125.46",,,"1","4","2","5",,,,"11",,,,,,,,,,,,"8",,,,,,"9","301",,,,,,,,,,,,,"226","15","798","172","7","0",,"1","1FFFFF","1AAAAAAAA1AAAA","4",,,,,,,,,,,,,,,
"3200623","2016-09-02T21:10:00","25.23","128.39",,,"1","4","2","5",,,,"11",,,,,,,,,,,,"8",,,,,,"9","296",,,,,,,,,,,,,"226","58","798","172","7","1","2","1","1FFFFF","1AAAAAAAA1AAAA","4",,,,,,,,,,,,,,,
"5100523","2016-09-02T22:00:00","21.87","125.47",,,"1","4","2","5",,,,"11",,,,,,,,,,,,"8",,,,,,"9","301",,,,,,,,,,,,,"226","15","798","172","7","1","2","2","1FFFFF","1AAAAAAAA1AAAA","4",,,,,,,,,,,,,,,
"9V9132","2016-09-02T22:00:00","25.40","123.70",,,"1","4","0","0","1","3",,"1","0","30","4","67",,"97","50","2","10060","4","0","3","270","0","240",,"230","1","290","7","6","6","4","1","7",,,,"38",,,"226","53","992","114","5","1","2","2","111111","11111111111A71",,,"1","2","38",,,,"0","0","A","0","A","A","4",
"5100523","2016-09-02T22:15:00","21.86","125.46",,,"1","4","2","5",,,,"11",,,,,,,,,,,,"8",,,,,,"9","301",,,,,,,,,,,,,"226","15","798","172","7","1","2","2","1FFFFF","1AAAAAAAA1AAAA","4",,,,,,,,,,,,,,,
"5100523","2016-09-02T22:18:00","21.87","125.47",,,"1","4","2","5",,,,"11",,,,,,,,,,,,"8",,,,,,"9","301",,,,,,,,,,,,,"226","15","798","172","7","0",,"2","1FFFFF","1AAAAAAAA1AAAA","4",,,,,,,,,,,,,,,
"3200623","2016-09-02T22:19:00","25.21","128.41",,,"1","4","2","5",,,,"11",,,,,,,,,,,,"8",,,,,,"9","296",,,,,,,,,,,,,"226","58","798","172","7","0",,"2","1FFFFF","1AAAAAAAA1AAAA","4",,,,,,,,,,,,,,,
"3200623","2016-09-02T22:22:00","25.21","128.41",,,"1","4","2","5",,,,"11",,,,,,,,,,,,"8",,,,,,"9","296",,,,,,,,,,,,,"226","58","798","172","7","1","2","2","1FFFFF","1AAAAAAAA1AAAA","4",,,,,,,,,,,,,,,
"3200623","2016-09-02T22:27:00","25.21","128.40",,,"1","4","2","5",,,,"11",,,,,,,,,,,,"8",,,,,,"9","296",,,,,,,,,,,,,"226","58","798","172","7","0",,"2","1FFFFF","1AAAAAAAA1AAAA","4",,,,,,,,,,,,,,,
"5100523","2016-09-02T22:29:00","21.88","125.48",,,"1","4","2","5",,,,"11",,,,,,,,,,,,"8",,,,,,"9","301",,,,,,,,,,,,,"226","15","798","172","7","0",,"2","1FFFFF","1AAAAAAAA1AAAA","4",,,,,,,,,,,,,,,
"5100523","2016-09-02T22:30:00","21.88","125.48",,,"1","4","2","5",,,,"11",,,,,,,,,,,,"8",,,,,,"9","301",,,,,,,,,,,,,"226","15","798","172","7","1","2","2","1FFFFF","1AAAAAAAA1AAAA","4",,,,,,,,,,,,,,,
"3200623","2016-09-02T22:37:00","25.21","128.40",,,"1","4","2","5",,,,"11",,,,,,,,,,,,"8",,,,,,"9","296",,,,,,,,,,,,,"226","58","798","172","7","1","2","2","1FFFFF","1AAAAAAAA1AAAA","4",,,,,,,,,,,,,,,
"5100523","2016-09-02T22:45:00","21.89","125.48",,,"1","4","2","5",,,,"11",,,,,,,,,,,,"8",,,,,,"9","301",,,,,,,,,,,,,"226","15","798","172","7","1","2","2","1FFFFF","1AAAAAAAA1AAAA","4",,,,,,,,,,,,,,,
"3200623","2016-09-02T22:48:00","25.22","128.37",,,"1","4","2","5",,,,"11",,,,,,,,,,,,"8",,,,,,"9","297",,,,,,,,,,,,,"226","58","798","172","7","0",,"2","1FFFFF","1AAAAAAAA1AAAA","4",,,,,,,,,,,,,,,
"5100523","2016-09-02T22:48:00","21.89","125.48",,,"1","4","2","5",,,,"11",,,,,,,,,,,,"8",,,,,,"9","301",,,,,,,,,,,,,"226","15","798","172","7","0",,"2","1FFFFF","1AAAAAAAA1AAAA","4",,,,,,,,,,,,,,,
"3200623","2016-09-02T22:50:00","25.21","128.40",,,"1","4","2","5",,,,"11",,,,,,,,,,,,"8",,,,,,"9","296",,,,,,,,,,,,,"226","58","798","172","7","1","2","2","1FFFFF","1AAAAAAAA1AAAA","4",,,,,,,,,,,,,,,
"9V2735","2016-09-02T23:00:00","21.40","127.60",,,"1","4","0","0","0","0",,"1","0","270","4","98",,"96","80","2","10060","6","20","3","270","0","260",,"260","1","290","8","8","9","8","A","A",,"6","4","27","6","4","226","17","992","114","5","1","2","2","111111","11111111111111",,,"1","2","27","6","4",,,,,,,,"4",
"TBWUK47","2016-09-02T23:00:00","24.10","123.20",,,"1","4","0","0","4","4",,"1","0","50","4","77",,"98","3","8","10036","3","7","0","280","0","260",,"252","3","310","5","4","7","3","7","8",,"3","2","23","2","2","226","43","992","114","5","1","2","2","111111","11111111111111",,,"1","2",,,,,,,,,,,"4",
"3200623","2016-09-02T23:41:00","25.22","128.37",,,"1","4","2","5",,,,"11",,,,,,,,,,,,"8",,,,,,"9","297",,,,,,,,,,,,,"226","58","798","172","7","1","2","2","1FFFFF","1AAAAAAAA1AAAA","4",,,,,,,,,,,,,,,
"9V9132","2016-09-03T00:00:00","25.70","123.80",,,"1","4","0","0","1","3",,"1","0","50","4","41",,"96","2","2","10080","4","0","3","280","0","250",,"240","1","280","7","6","6","4","2","6",,,,"38",,,"226","53","992","114","5","1","2","2","111111","11141111111A71",,,"1","2","38",,,,"0","0","A","0","A","A","4",
"C6DM2","2016-09-03T00:00:00","24.80","120.10",,,"1","4","0","0","1","4",,"1","0","50","4","93",,"97",,"2","10050","6","10","0","280","0","260",,"253","3","280","8","7","9","2","2","A",,"3","2","8","6","3","226","40","992","114","5","1","2","2","111111","111A1111111111",,,"1","1","7","8","3",,,,,,,,"4",
"D5AH6","2016-09-03T00:00:00","24.70","124.30",,,"1","4","0","0","7","4",,"1","0","70","4","62",,"98","2","2","10043","0","17","0","290",,,,"248","3","290","4","3","2","4","9","A",,"5","3",,,,"226","44","992","114","5","1","2","2","111111","1111111A1111A1",,,"1","2",,,,,,,,,,,"4",
"D5ES8","2016-09-03T00:00:00","23.70","127.70",,,"1","4","0","0","3","4",,"1","0","90","4","87",,"98","2","0","10070","4","0","0","315","0","276",,"261",,"300","3","3","4","5","4","2",,"8","3",,,,"226","37","992","114","5","1","2","2","111111","111111111111A1",,,"1","0",,,,,,,,,,,"4",
"VRGW3","2016-09-03T00:00:00","29.20","123.60",,,"1","4","0","0","1","3","1","1","0","60","3","87",,,"3","2","10045","1","14","0","270","0","250",,"241","1","290","7","6","4","5","6","4",,"5","4",,,,"226","93","992","114","5","1","2","2","111111","11A111111111A1",,,"1","2",,,,,,,,,,,"4",
"VROC5","2016-09-03T00:00:00","24.80","129.50",,,"1","4","0","0","7","3",,"1","0","200","4","41",,"98","2","0","10045","1","9","0","290","0","260",,"248","3","298","4","3","4","5","4","4",,"4","1","32","3","2","226","49","992","114","5","1","2","2","111111","11111111111111",,,"1","0",,,,,,,,,,,"4",
"WECH","2016-09-03T00:00:00","20.70","124.00",,,"1","4","0","0","6","5",,"1","0","260","3","129",,"98","81","8","10018","4","0","0","300","0","267",,"254","1","300","7","7","7","3","7","A",,"3","6","26","3","6","226","4","992","114","5","1","2","2","113111","11111111111111",,,"1","2",,,,,,,,,,,"4",
"5100523","2016-09-03T00:30:00","21.89","125.51",,,"1","4","2","5",,,,"11",,,,,,,,,,,,"8",,,,,,"9","300",,,,,,,,,,,,,"226","15","798","172","7","1","2","2","1FFFFF","1AAAAAAAA1AAAA","4",,,,,,,,,,,,,,,
"3200623","2016-09-03T00:33:00","25.21","128.37",,,"1","4","2","5",,,,"11",,,,,,,,,,,,"8",,,,,,"9","299",,,,,,,,,,,,,"226","58","798","172","7","1","2","2","1FFFFF","1AAAAAAAA1AAAA","4",,,,,,,,,,,,,,,
"5100523","2016-09-03T00:34:00","21.89","125.51",,,"1","4","2","5",,,,"11",,,,,,,,,,,,"8",,,,,,"9","300",,,,,,,,,,,,,"226","15","798","172","7","0",,"2","1FFFFF","1AAAAAAAA1AAAA","4",,,,,,,,,,,,,,,
"3200623","2016-09-03T00:35:00","25.21","128.37",,,"1","4","2","5",,,,"11",,,,,,,,,,,,"8",,,,,,"9","298",,,,,,,,,,,,,"226","58","798","172","7","1","2","2","1FFFFF","1AAAAAAAA1AAAA","4",,,,,,,,,,,,,,,
"3200623","2016-09-03T00:41:00","25.21","128.37",,,"1","4","2","5",,,,"11",,,,,,,,,,,,"8",,,,,,"9","299",,,,,,,,,,,,,"226","58","798","172","7","1","2","2","1FFFFF","1AAAAAAAA1AAAA","4",,,,,,,,,,,,,,,
"5100523","2016-09-03T01:15:00","21.89","125.51",,,"1","4","2","5",,,,"11",,,,,,,,,,,,"8",,,,,,"9","300",,,,,,,,,,,,,"226","15","798","172","7","1","2","2","1FFFFF","1AAAAAAAA1AAAA","4",,,,,,,,,,,,,,,
"3200623","2016-09-03T01:19:00","25.20","128.37",,,"1","4","2","5",,,,"11",,,,,,,,,,,,"8",,,,,,"9","310",,,,,,,,,,,,,"226","58","798","172","7","1","2","2","1FFFFF","1AAAAAAAA1AAAA","4",,,,,,,,,,,,,,,
"3200623","2016-09-03T01:21:00","25.20","128.37",,,"1","4","2","5",,,,"11",,,,,,,,,,,,"8",,,,,,"9","301",,,,,,,,,,,,,"226","58","798","172","7","1","2","2","1FFFFF","1AAAAAAAA1AAAA","4",,,,,,,,,,,,,,,
"3200623","2016-09-03T01:26:00","25.20","128.37",,,"1","4","2","5",,,,"11",,,,,,,,,,,,"8",,,,,,"9","301",,,,,,,,,,,,,"226","58","798","172","7","1","2","2","1FFFFF","1AAAAAAAA1AAAA","4",,,,,,,,,,,,,,,
"5100523","2016-09-03T02:00:00","21.89","125.51",,,"1","4","2","5",,,,"11",,,,,,,,,,,,"8",,,,,,"9","300",,,,,,,,,,,,,"226","15","798","172","7","1","2","2","1FFFFF","1AAAAAAAA1AAAA","4",,,,,,,,,,,,,,,
"TBWUK53","2016-09-03T02:00:00","20.30","120.60",,,"1","4","0","0","1","4",,"1","0","200","4","77",,"97","63",,"10060","0","6","0","285","0","270",,"264","3","293","8","7","7","3","7","8",,"6","6","22","10","4","226","0","992","114","5","1","2","2","111111","1113A111111111",,,"1",,,,,,,,,,,,"4",
"3200623","2016-09-03T02:10:00","25.20","128.37",,,"1","4","2","5",,,,"11",,,,,,,,,,,,"8",,,,,,"9","303",,,,,,,,,,,,,"226","58","798","172","7","1","2","2","1FFFFF","1AAAAAAAA1AAAA","4",,,,,,,,,,,,,,,
"5100523","2016-09-03T02:13:00","21.90","125.52",,,"1","4","2","5",,,,"11",,,,,,,,,,,,"8",,,,,,"9","301",,,,,,,,,,,,,"226","15","798","172","7","1","2","2","1FFFFF","1AAAAAAAA1AAAA","4",,,,,,,,,,,,,,,
"5100523","2016-09-03T02:15:00","21.90","125.52",,,"1","4","2","5",,,,"11",,,,,,,,,,,,"8",,,,,,"9","300",,,,,,,,,,,,,"226","15","798","172","7","1","2","2","1FFFFF","1AAAAAAAA1AAAA","4",,,,,,,,,,,,,,,
"3200623","2016-09-03T02:58:00","25.20","128.38",,,"1","4","2","5",,,,"11",,,,,,,,,,,,"8",,,,,,"9","306",,,,,,,,,,,,,"226","58","798","172","7","1","2","2","1FFFFF","1AAAAAAAA1AAAA","4",,,,,,,,,,,,,,,
"5100523","2016-09-03T03:00:00","21.90","125.52",,,"1","4","2","5",,,,"11",,,,,,,,,,,,"8",,,,,,"9","300",,,,,,,,,,,,,"226","15","798","172","7","1","2","2","1FFFFF","1AAAAAAAA1AAAA","4",,,,,,,,,,,,,,,
"DCPD2","2016-09-03T03:00:00","27.40","121.80",,,"1","4","0","0","5","3",,"1","0","30","4","82",,"97","10","1","10060","0","4","0","277",,,,"220","3","264","5","5","2","5","A","A",,"3","2",,,,"226","71","992","114","5","1","2","2","111111","1111111A1111A1",,,"1","1",,,,,,,,,,,"4",
"TBWUK47","2016-09-03T03:00:00","22.90","122.90",,,"1","4","0","0","4","4",,"1","0","260","4","21",,"98","2","2","10046","3","4","0","290","0","260",,"248","3","300","8","4","7","2","0","A",,"5","4","23","10","4","226","22","992","114","5","1","2","2","111111","11111111111111",,,"1","2",,,,,,,,,,,"4",
"3200623","2016-09-03T03:01:00","25.20","128.38",,,"1","4","2","5",,,,"11",,,,,,,,,,,,"8",,,,,,"9","306",,,,,,,,,,,,,"226","58","798","172","7","1","2","2","1FFFFF","1AAAAAAAA1AAAA","4",,,,,,,,,,,,,,,
"3200623","2016-09-03T04:14:00","25.21","128.33",,,"1","4","2","5",,,,"11",,,,,,,,,,,,"8",,,,,,"9","314",,,,,,,,,,,,,"226","58","798","172","7","1","2","2","3FFFFF","1AAAAAAAA1AAAA","4",,,,,,,,,,,,,,,
"3200623","2016-09-03T04:15:00","25.20","128.37",,,"1","4","2","5",,,,"11",,,,,,,,,,,,"8",,,,,,"9","310",,,,,,,,,,,,,"226","58","798","172","7","1","2","2","1FFFFF","1AAAAAAAA1AAAA","4",,,,,,,,,,,,,,,
"3200623","2016-09-03T04:18:00","25.21","128.33",,,"1","4","2","5",,,,"11",,,,,,,,,,,,"8",,,,,,"9","310",,,,,,,,,,,,,"226","58","798","172","7","1","2","2","1FFFFF","1AAAAAAAA1AAAA","4",,,,,,,,,,,,,,,
"TBWUK53","2016-09-03T05:00:00","20.80","121.20",,,"1","4","0","0","1","3",,"1","0","250","4","118",,"97","15","9","10055","5","3","0","282","0","264",,"257","3","294","8","8","6","3","A","A",,"3","5","25","5","5","226","1","992","114","5","1","2","2","111111","11111111111111",,,"1","8",,,,,,,,,,,"4",
"5100523","2016-09-03T05:45:00","21.90","125.52",,,"1","4","2","5",,,,"11",,,,,,,,,,,,"8",,,,,,"9","301",,,,,,,,,,,,,"226","15","798","172","7","1","2","2","1FFFFF","1AAAAAAAA1AAAA","4",,,,,,,,,,,,,,,
"3200623","2016-09-03T05:49:00","25.20","128.31",,,"1","4","2","5",,,,"11",,,,,,,,,,,,"8",,,,,,"9","323",,,,,,,,,,,,,"226","58","798","172","7","1","2","2","5FFFFF","1AAAAAAAA1AAAA","4",,,,,,,,,,,,,,,
"5100523","2016-09-03T05:49:00","21.93","125.58",,,"1","4","2","5",,,,"11",,,,,,,,,,,,"8",,,,,,"9","301",,,,,,,,,,,,,"226","15","798","172","7","0",,"2","1FFFFF","1AAAAAAAA1AAAA","4",,,,,,,,,,,,,,,
"3200623","2016-09-03T05:50:00","25.21","128.33",,,"1","4","2","5",,,,"11",,,,,,,,,,,,"8",,,,,,"9","314",,,,,,,,,,,,,"226","58","798","172","7","1","2","2","3FFFFF","1AAAAAAAA1AAAA","4",,,,,,,,,,,,,,,
"3200623","2016-09-03T05:56:00","25.20","128.31",,,"1","4","2","5",,,,"11",,,,,,,,,,,,"8",,,,,,"9","314",,,,,,,,,,,,,"226","58","798","172","7","1","2","2","3FFFFF","1AAAAAAAA1AAAA","4",,,,,,,,,,,,,,,
"3200623","2016-09-03T06:00:00","25.20","128.31",,,"1","4","2","5",,,,"11",,,,,,,,,,,,"8",,,,,,"9","314",,,,,,,,,,,,,"226","58","798","172","7","1","2","2","3FFFFF","1AAAAAAAA1AAAA","4",,,,,,,,,,,,,,,
"5100523","2016-09-03T06:00:00","21.93","125.58",,,"1","4","2","5",,,,"11",,,,,,,,,,,,"8",,,,,,"9","301",,,,,,,,,,,,,"226","15","798","172","7","1","2","2","1FFFFF","1AAAAAAAA1AAAA","4",,,,,,,,,,,,,,,
"C6DM2","2016-09-03T06:00:00","25.30","121.60",,,"1","4","0","0","2","4",,"1","0","50","4","36",,"97",,"2","10050","6","10","0","290","0","270",,"263","3","280","8","7","9","2","9","A",,"4","1","3","5","2","226","51","992","114","5","1","2","2","111111","111A1111111111",,,"1","1","3","6","2",,,,,,,,"4",
"D5ES8","2016-09-03T06:00:00","22.20","128.80",,,"1","4","0","0","3","4",,"1","0","210","4","51",,"98","2","1","10065","6","5","0","325","0","285",,"270",,"300","4","3","3","1","8","4",,"5","1","25","10","4","226","28","992","114","5","1","2","2","131111","11111111111111",,,"1","1",,,,,,,,,,,"4",
"9V9132","2016-09-03T07:00:00","27.10","124.30",,,"1","4","0","0","1","3",,"1","0","30","4","67",,"97","50","2","10060","4","0","3","270","0","240",,"230","1","290","7","6","6","4","1","7",,,,"38",,,"226","74","992","114","5","1","2","2","111111","11111111111A71",,,"1","2","38",,,,"0","0","A","0","A","A","4",
"5100523","2016-09-03T07:30:00","21.96","125.61",,,"1","4","2","5",,,,"11",,,,,,,,,,,,"8",,,,,,"9","301",,,,,,,,,,,,,"226","15","798","172","7","0",,"2","1FFFFF","1AAAAAAAA1AAAA","4",,,,,,,,,,,,,,,
"3200623","2016-09-03T07:35:00","25.20","128.31",,,"1","4","2","5",,,,"11",,,,,,,,,,,,"8",,,,,,"9","323",,,,,,,,,,,,,"226","58","798","172","7","1","2","2","5FFFFF","1AAAAAAAA1AAAA","4",,,,,,,,,,,,,,,
"5100523","2016-09-03T07:36:00","21.96","125.61",,,"1","4","2","5",,,,"11",,,,,,,,,,,,"8",,,,,,"9","301",,,,,,,,,,,,,"226","15","798","172","7","0",,"2","1FFFFF","1AAAAAAAA1AAAA","4",,,,,,,,,,,,,,,
"5100523","2016-09-03T08:00:00","21.96","125.61",,,"1","4","2","5",,,,"11",,,,,,,,,,,,"8",,,,,,"9","301",,,,,,,,,,,,,"226","15","798","172","7","1","2","2","1FFFFF","1AAAAAAAA1AAAA","4",,,,,,,,,,,,,,,
"3200623","2016-09-03T08:02:00","25.21","128.36",,,"1","4","2","5",,,,"11",,,,,,,,,,,,"8",,,,,,"9","322",,,,,,,,,,,,,"226","58","798","172","7","1","2","2","5FFFFF","1AAAAAAAA1AAAA","4",,,,,,,,,,,,,,,
"5100523","2016-09-03T08:02:00","21.94","125.63",,,"1","4","2","5",,,,"11",,,,,,,,,,,,"8",,,,,,"9","301",,,,,,,,,,,,,"226","15","798","172","7","0",,"2","1FFFFF","1AAAAAAAA1AAAA","4",,,,,,,,,,,,,,,
"3200623","2016-09-03T08:03:00","25.20","128.31",,,"1","4","2","5",,,,"11",,,,,,,,,,,,"8",,,,,,"9","322",,,,,,,,,,,,,"226","58","798","172","7","1","2","2","5FFFFF","1AAAAAAAA1AAAA","4",,,,,,,,,,,,,,,
"3200623","2016-09-03T08:07:00","25.21","128.36",,,"1","4","2","5",,,,"11",,,,,,,,,,,,"8",,,,,,"9","322",,,,,,,,,,,,,"226","58","798","172","7","1","2","2","5FFFFF","1AAAAAAAA1AAAA","4",,,,,,,,,,,,,,,
"5100523","2016-09-03T08:15:00","21.94","125.63",,,"1","4","2","5",,,,"11",,,,,,,,,,,,"8",,,,,,"9","301",,,,,,,,,,,,,"226","15","798","172","7","1","2","2","1FFFFF","1AAAAAAAA1AAAA","4",,,,,,,,,,,,,,,
"3200623","2016-09-03T08:23:00","25.21","128.37",,,"1","4","2","5",,,,"11",,,,,,,,,,,,"8",,,,,,"9","318",,,,,,,,,,,,,"226","58","798","172","7","1","2","2","3FFFFF","1AAAAAAAA1AAAA","4",,,,,,,,,,,,,,,
"5100523","2016-09-03T08:27:00","21.94","125.63",,,"1","4","2","5",,,,"11",,,,,,,,,,,,"8",,,,,,"9","301",,,,,,,,,,,,,"226","15","798","172","7","0",,"2","1FFFFF","1AAAAAAAA1AAAA","4",,,,,,,,,,,,,,,
"5100523","2016-09-03T08:30:00","21.94","125.63",,,"1","4","2","5",,,,"11",,,,,,,,,,,,"8",,,,,,"9","301",,,,,,,,,,,,,"226","15","798","172","7","1","2","2","1FFFFF","1AAAAAAAA1AAAA","4",,,,,,,,,,,,,,,
"3200623","2016-09-03T08:32:00","25.21","128.37",,,"1","4","2","5",,,,"11",,,,,,,,,,,,"8",,,,,,"9","318",,,,,,,,,,,,,"226","58","798","172","7","1","2","2","3FFFFF","1AAAAAAAA1AAAA","4",,,,,,,,,,,,,,,
"5100523","2016-09-03T08:45:00","21.94","125.65",,,"1","4","2","5",,,,"11",,,,,,,,,,,,"8",,,,,,"9","301",,,,,,,,,,,,,"226","15","798","172","7","1","2","2","1FFFFF","1AAAAAAAA1AAAA","4",,,,,,,,,,,,,,,
"3200623","2016-09-03T08:58:00","25.22","128.36",,,"1","4","2","5",,,,"11",,,,,,,,,,,,"8",,,,,,"9","316",,,,,,,,,,,,,"226","58","798","172","7","1","2","2","3FFFFF","1AAAAAAAA1AAAA","4",,,,,,,,,,,,,,,
"5100523","2016-09-03T08:59:00","21.94","125.65",,,"1","4","2","5",,,,"11",,,,,,,,,,,,"8",,,,,,"9","301",,,,,,,,,,,,,"226","15","798","172","7","0",,"2","1FFFFF","1AAAAAAAA1AAAA","4",,,,,,,,,,,,,,,
"3200623","2016-09-03T09:00:00","25.22","128.36",,,"1","4","2","5",,,,"11",,,,,,,,,,,,"8",,,,,,"9","316",,,,,,,,,,,,,"226","58","798","172","7","1","2","2","3FFFFF","1AAAAAAAA1AAAA","4",,,,,,,,,,,,,,,
"5100523","2016-09-03T09:00:00","21.94","125.65",,,"1","4","2","5",,,,"11",,,,,,,,,,,,"8",,,,,,"9","301",,,,,,,,,,,,,"226","15","798","172","7","1","2","2","1FFFFF","1AAAAAAAA1AAAA","4",,,,,,,,,,,,,,,
"5100523","2016-09-03T09:30:00","21.94","125.65",,,"1","4","2","5",,,,"11",,,,,,,,,,,,"8",,,,,,"9","301",,,,,,,,,,,,,"226","15","798","172","7","1","2","2","1FFFFF","1AAAAAAAA1AAAA","4",,,,,,,,,,,,,,,
"5100523","2016-09-03T09:38:00","21.94","125.65",,,"1","4","2","5",,,,"11",,,,,,,,,,,,"8",,,,,,"9","301",,,,,,,,,,,,,"226","15","798","172","7","1","2","2","1FFFFF","1AAAAAAAA1AAAA","4",,,,,,,,,,,,,,,
"3200623","2016-09-03T09:39:00","25.22","128.36",,,"1","4","2","5",,,,"11",,,,,,,,,,,,"8",,,,,,"9","311",,,,,,,,,,,,,"226","58","798","172","7","1","2","1","1FFFFF","1AAAAAAAA1AAAA","4",,,,,,,,,,,,,,,
"5100523","2016-09-03T09:45:00","21.94","125.65",,,"1","4","2","5",,,,"11",,,,,,,,,,,,"8",,,,,,"9","301",,,,,,,,,,,,,"226","15","798","172","7","1","2","1","1FFFFF","1AAAAAAAA1AAAA","4",,,,,,,,,,,,,,,
"3200623","2016-09-03T09:48:00","25.23","128.36",,,"1","4","2","5",,,,"11",,,,,,,,,,,,"8",,,,,,"9","311",,,,,,,,,,,,,"226","58","798","172","7","1","2","1","1FFFFF","1AAAAAAAA1AAAA","4",,,,,,,,,,,,,,,
"5100523","2016-09-03T10:00:00","21.94","125.65",,,"1","4","2","5",,,,"11",,,,,,,,,,,,"8",,,,,,"9","300",,,,,,,,,,,,,"226","15","798","172","7","1","2","1","1FFFFF","1AAAAAAAA1AAAA","4",,,,,,,,,,,,,,,
"3200623","2016-09-03T10:03:00","25.23","128.36",,,"1","4","2","5",,,,"11",,,,,,,,,,,,"8",,,,,,"9","308",,,,,,,,,,,,,"226","58","798","172","7","0",,"1","1FFFFF","1AAAAAAAA1AAAA","4",,,,,,,,,,,,,,,
"3200623","2016-09-03T10:11:00","25.23","128.36",,,"1","4","2","5",,,,"11",,,,,,,,,,,,"8",,,,,,"9","308",,,,,,,,,,,,,"226","58","798","172","7","1","2","1","1FFFFF","1AAAAAAAA1AAAA","4",,,,,,,,,,,,,,,
"5100523","2016-09-03T10:30:00","21.94","125.65",,,"1","4","2","5",,,,"11",,,,,,,,,,,,"8",,,,,,"9","300",,,,,,,,,,,,,"226","15","798","172","7","1","2","1","1FFFFF","1AAAAAAAA1AAAA","4",,,,,,,,,,,,,,,
"3200623","2016-09-03T10:38:00","25.24","128.36",,,"1","4","2","5",,,,"11",,,,,,,,,,,,"8",,,,,,"9","307",,,,,,,,,,,,,"226","58","798","172","7","0",,"1","1FFFFF","1AAAAAAAA1AAAA","4",,,,,,,,,,,,,,,
"5100523","2016-09-03T10:40:00","21.94","125.65",,,"1","4","2","5",,,,"11",,,,,,,,,,,,"8",,,,,,"9","300",,,,,,,,,,,,,"226","15","798","172","7","0",,"1","1FFFFF","1AAAAAAAA1AAAA","4",,,,,,,,,,,,,,,
"3200623","2016-09-03T10:42:00","25.24","128.36",,,"1","4","2","5",,,,"11",,,,,,,,,,,,"8",,,,,,"9","307",,,,,,,,,,,,,"226","58","798","172","7","1","2","1","1FFFFF","1AAAAAAAA1AAAA","4",,,,,,,,,,,,,,,
"5100523","2016-09-03T10:45:00","21.94","125.65",,,"1","4","2","5",,,,"11",,,,,,,,,,,,"8",,,,,,"9","300",,,,,,,,,,,,,"226","15","798","172","7","1","2","1","1FFFFF","1AAAAAAAA1AAAA","4",,,,,,,,,,,,,,,
"3200623","2016-09-03T10:56:00","25.24","128.37",,,"1","4","2","5",,,,"11",,,,,,,,,,,,"8",,,,,,"9","305",,,,,,,,,,,,,"226","58","798","172","7","1","2","1","1FFFFF","1AAAAAAAA1AAAA","4",,,,,,,,,,,,,,,
"3200623","2016-09-03T10:58:00","25.24","128.37",,,"1","4","2","5",,,,"11",,,,,,,,,,,,"8",,,,,,"9","305",,,,,,,,,,,,,"226","58","798","172","7","1","2","1","1FFFFF","1AAAAAAAA1AAAA","4",,,,,,,,,,,,,,,
"5100523","2016-09-03T11:30:00","21.94","125.65",,,"1","4","2","5",,,,"11",,,,,,,,,,,,"8",,,,,,"9","300",,,,,,,,,,,,,"226","15","798","172","7","1","2","1","1FFFFF","1AAAAAAAA1AAAA","4",,,,,,,,,,,,,,,
"3200623","2016-09-03T11:43:00","25.24","128.37",,,"1","3","2","5",,,,"11",,,,,,,,,,,,,,,,,,,,,,,,,,,,,,,,"226","58","798","172","7","1","2","1","FFFFFF","1AAAAAAAAAAAAA","4",,,,,,,,,,,,,,,
"5100523","2016-09-03T11:45:00","21.94","125.65",,,"1","4","2","5",,,,"11",,,,,,,,,,,,"8",,,,,,"9","300",,,,,,,,,,,,,"226","15","798","172","7","1","2","1","1FFFFF","1AAAAAAAA1AAAA","4",,,,,,,,,,,,,,,
"C6DM2","2016-09-03T12:00:00","25.10","123.40",,,"1","4","0","0","2","3",,"1","0","60","4","46",,"97","3","1","10050","4","0","0","300","0","260",,"246","3","290","6","5","1","8","9","2",,"8","2","18","11","2","226","53","992","114","5","1","2","1","111111","11111111111111",,,"1","1","20","8","2",,,,,,,,"4",
"D5AG9","2016-09-03T12:00:00","20.80","121.20",,,"1","4","0","0","1","3",,"1","0","280","3","51",,"96","10","6","10070","4","0","0","280","0","260",,"253","1","280","5","5","6","6","7","9",,"8","3",,,,"226","1","992","114","5","1","2","1","111111","111111111111A1",,,"1","2",,,,,,,,,,,"4",
"D5ES8","2016-09-03T12:00:00","20.70","129.90",,,"1","4","0","0","3","4",,"1","0","270","4","103",,"98","2","0","10070","4","0","0","305","0","282",,"274",,"296","3","3","1","5","4","5",,"8","4",,,,"226","9","992","114","5","1","2","1","111111","111111111111A1",,,"1","0",,,,,,,,,,,"4",
"5100523","2016-09-03T12:15:00","21.93","125.66",,,"1","4","2","5",,,,"11",,,,,,,,,,,,"8",,,,,,"9","300",,,,,,,,,,,,,"226","15","798","172","7","1","2","1","1FFFFF","1AAAAAAAA1AAAA","4",,,,,,,,,,,,,,,
"5100523","2016-09-03T12:30:00","21.93","125.66",,,"1","4","2","5",,,,"11",,,,,,,,,,,,"8",,,,,,"9","300",,,,,,,,,,,,,"226","15","798","172","7","1","2","1","1FFFFF","1AAAAAAAA1AAAA","4",,,,,,,,,,,,,,,
"5100523","2016-09-03T12:34:00","21.93","125.66",,,"1","4","2","5",,,,"11",,,,,,,,,,,,"8",,,,,,"9","300",,,,,,,,,,,,,"226","15","798","172","7","0",,"1","1FFFFF","1AAAAAAAA1AAAA","4",,,,,,,,,,,,,,,
"3200623","2016-09-03T12:35:00","25.25","128.38",,,"1","4","2","5",,,,"11",,,,,,,,,,,,"8",,,,,,"9","302",,,,,,,,,,,,,"226","58","798","172","7","1","2","1","1FFFFF","1AAAAAAAA1AAAA","4",,,,,,,,,,,,,,,
"3200623","2016-09-03T12:40:00","25.25","128.38",,,"1","4","2","5",,,,"11",,,,,,,,,,,,"8",,,,,,"9","302",,,,,,,,,,,,,"226","58","798","172","7","1","2","1","1FFFFF","1AAAAAAAA1AAAA","4",,,,,,,,,,,,,,,
"5100523","2016-09-03T13:15:00","21.93","125.66",,,"1","4","2","5",,,,"11",,,,,,,,,,,,"8",,,,,,"9","300",,,,,,,,,,,,,"226","15","798","172","7","1","2","1","1FFFFF","1AAAAAAAA1AAAA","4",,,,,,,,,,,,,,,
"5100523","2016-09-03T13:25:00","21.95","125.66",,,"1","4","2","5",,,,"11",,,,,,,,,,,,"8",,,,,,"9","300",,,,,,,,,,,,,"226","15","798","172","7","0",,"1","1FFFFF","1AAAAAAAA1AAAA","4",,,,,,,,,,,,,,,
"3200623","2016-09-03T13:27:00","25.25","128.38",,,"1","4","2","5",,,,"11",,,,,,,,,,,,"8",,,,,,"9","302",,,,,,,,,,,,,"226","58","798","172","7","1","2","1","1FFFFF","1AAAAAAAA1AAAA","4",,,,,,,,,,,,,,,
"5100523","2016-09-03T13:30:00","21.95","125.66",,,"1","4","2","5",,,,"11",,,,,,,,,,,,"8",,,,,,"9","300",,,,,,,,,,,,,"226","15","798","172","7","1","2","1","1FFFFF","1AAAAAAAA1AAAA","4",,,,,,,,,,,,,,,
"5100523","2016-09-03T14:00:00","21.94","125.64",,,"1","4","2","5",,,,"11",,,,,,,,,,,,"8",,,,,,"9","300",,,,,,,,,,,,,"226","15","798","172","7","1","2","1","1FFFFF","1AAAAAAAA1AAAA","4",,,,,,,,,,,,,,,
"9V9132","2016-09-03T14:00:00","28.40","124.60",,,"1","4","0","0","8","3",,"1","0","50","3","46",,"98",,"2","10090","4",,"3","260","0","240",,"230","1","280","6","4","1","4","3","0",,,,"27","2","2","226","84","992","114","5","1","2","1","111111","111A1111111A17",,,"1","2","38",,,,,,,,,,"4",
"V7OE5","2016-09-03T14:00:00","26.90","124.40",,,"1","4","0","0","4","4","1","1","0","100","4","57",,"98","2","0","10065","2","20","0","290","0","270",,"263","3",,"3","3","1","4","4","1",,"4","1",,,,"226","64","992","114","5","1","2","1","711111","111111111111A1",,,"1","0",,,,,,,,,,,"4",
"5100523","2016-09-03T14:14:00","21.94","125.64",,,"1","4","2","5",,,,"11",,,,,,,,,,,,"8",,,,,,"9","300",,,,,,,,,,,,,"226","15","798","172","7","0",,"1","1FFFFF","1AAAAAAAA1AAAA","4",,,,,,,,,,,,,,,
"3200623","2016-09-03T14:15:00","25.25","128.39",,,"1","4","2","5",,,,"11",,,,,,,,,,,,"8",,,,,,"9","302",,,,,,,,,,,,,"226","58","798","172","7","1","2","1","1FFFFF","1AAAAAAAA1AAAA","4",,,,,,,,,,,,,,,
"5100523","2016-09-03T14:15:00","21.94","125.64",,,"1","4","2","5",,,,"11",,,,,,,,,,,,"8",,,,,,"9","300",,,,,,,,,,,,,"226","15","798","172","7","1","2","1","1FFFFF","1AAAAAAAA1AAAA","4",,,,,,,,,,,,,,,
"3200623","2016-09-03T14:17:00","25.25","128.39",,,"1","4","2","5",,,,"11",,,,,,,,,,,,"8",,,,,,"9","302",,,,,,,,,,,,,"226","58","798","172","7","1","2","1","1FFFFF","1AAAAAAAA1AAAA","4",,,,,,,,,,,,,,,
"9V2735","2016-09-03T15:00:00","21.40","127.90",,,"1","4","0","0","0","0",,"1","0","270","4","62",,"97",,"0","10070","4","0","3","280","0","260",,"250","1","290","4","3","8","5","A","A",,"2","3","27","2","3","226","17","992","114","5","1","2","1","111111","111A1111111111",,,"1","0","38",,,,,,,,,,"4",
"A8HI8","2016-09-03T15:00:00","27.60","122.00",,,"1","4","0","0","1","3",,"1","0","20","4","82",,"97","1","5","10080","5",,"0","270","0","250",,"241","3","300","4","4","2","4","6","5",,"2","2","36","1","1","226","72","992","114","5","1","2","1","111111","11111111111117",,,"1","1",,,,,,,,,,,"4",
"DCPD2","2016-09-03T15:00:00","25.20","120.30",,,"1","4","0","0","5","3",,"1","0","50","4","82",,"98","13","1","10063","0","0","0","264",,,,"237","3","265",,,,"A",,,,,,,,,"226","50","992","114","5","1","2","1","111111","1111111A118AA1",,,"1","1",,,,,,,,,,,"4",
"3200623","2016-09-03T16:47:00","25.25","128.39",,,"1","4","2","5",,,,"11",,,,,,,,,,,,"8",,,,,,"9","300",,,,,,,,,,,,,"226","58","798","172","7","1","2","1","1FFFFF","1AAAAAAAA1AAAA","4",,,,,,,,,,,,,,,
"3200560","2016-09-03T17:00:00","20.02","122.63",,,"1","4","2","5",,,,"11",,,,,,,,,,,,"8",,,,,,"9","300",,,,,,,,,,,,,"226","2","798","172","7","1","2","1","1FFFFF","1AAAAAAAA1AAAA","4",,,,,,,,,,,,,,,
"3200560","2016-09-03T18:00:00","20.02","122.63",,,"1","4","2","5",,,,"11",,,,,,,,,,,,"8",,,,,,"9","300",,,,,,,,,,,,,"226","2","798","172","7","1","2","1","1FFFFF","1AAAAAAAA1AAAA","4",,,,,,,,,,,,,,,
"9V9712","2016-09-03T18:00:00","29.30","129.70",,,"1","4","0","0","1","4",,"1","0","230","4","57",,"98","2","0","10082","5","4","0","260","0","250",,"246","3","286","0","0","0","9","0","0",,,,,,,"226","99","992","114","5","1","2","1","111111","11111111111AA1",,,"1","0",,,,,,,,,,,"4",
"C6DM2","2016-09-03T18:00:00","24.90","124.60",,,"1","4","0","0","2","2",,"1","0","50","4","62",,"97","2","0","10060","4","0","0","300","0","280",,"274","3","300","0","0","A","9","A","8",,"3","2","14","8","1","226","44","992","114","5","1","2","1","111111","11111111111111",,,"1","0","22","5","2",,,,,,,,"4",
"D5AG9","2016-09-03T18:00:00","22.10","122.10",,,"1","4","0","0","1","3",,"1","0","270","3","21",,"97","1","5","10052","5",,"0","280","0","270",,"267",,,"4","4","5","6","7","5",,"2","2","23","3","3","226","22","992","114","5","1","2","1","F11111","111111111A1117",,,"1","5",,,,,,,,,,,"4",
"WDDI","2016-09-03T18:00:00","28.90","126.90",,,"1","4","0","0","8","4",,"1","0","40","4","144",,"98",,,"10050",,,"0","270","0","250",,"241","1","294",,,,"A",,,,,"4",,,,"226","86","992","114","5","1","2","1","111111","111AA1111183AA",,,"1",,,,,,,,,,,,"4",
"5100523","2016-09-03T18:15:00","22.02","125.65",,,"1","4","2","5",,,,"11",,,,,,,,,,,,"8",,,,,,"9","300",,,,,,,,,,,,,"226","25","798","172","7","1","2","1","1FFFFF","1AAAAAAAA1AAAA","4",,,,,,,,,,,,,,,
"3200623","2016-09-03T18:19:00","25.24","128.43",,,"1","4","2","5",,,,"11",,,,,,,,,,,,"8",,,,,,"9","298",,,,,,,,,,,,,"226","58","798","172","7","0",,"1","1FFFFF","1AAAAAAAA1AAAA","4",,,,,,,,,,,,,,,
"5100523","2016-09-03T18:25:00","22.02","125.65",,,"1","4","2","5",,,,"11",,,,,,,,,,,,"8",,,,,,"9","300",,,,,,,,,,,,,"226","25","798","172","7","0",,"1","1FFFFF","1AAAAAAAA1AAAA","4",,,,,,,,,,,,,,,
"3200560","2016-09-03T18:26:00","20.02","122.64",,,"1","4","2","5",,,,"11",,,,,,,,,,,,"8",,,,,,"9","300",,,,,,,,,,,,,"226","2","798","172","7","1","2","1","1FFFFF","1AAAAAAAA1AAAA","4",,,,,,,,,,,,,,,
"3200623","2016-09-03T18:28:00","25.24","128.43",,,"1","4","2","5",,,,"11",,,,,,,,,,,,"8",,,,,,"9","298",,,,,,,,,,,,,"226","58","798","172","7","1","2","1","1FFFFF","1AAAAAAAA1AAAA","4",,,,,,,,,,,,,,,
"5100523","2016-09-03T18:30:00","22.02","125.65",,,"1","4","2","5",,,,"11",,,,,,,,,,,,"8",,,,,,"9","300",,,,,,,,,,,,,"226","25","798","172","7","1","2","1","1FFFFF","1AAAAAAAA1AAAA","4",,,,,,,,,,,,,,,
"3200623","2016-09-03T18:31:00","25.24","128.43",,,"1","4","2","5",,,,"11",,,,,,,,,,,,"8",,,,,,"9","298",,,,,,,,,,,,,"226","58","798","172","7","1","2","1","1FFFFF","1AAAAAAAA1AAAA","4",,,,,,,,,,,,,,,
"3200560","2016-09-03T19:00:00","20.02","122.64",,,"1","4","2","5",,,,"11",,,,,,,,,,,,"8",,,,,,"9","300",,,,,,,,,,,,,"226","2","798","172","7","1","2","1","1FFFFF","1AAAAAAAA1AAAA","4",,,,,,,,,,,,,,,
"9V9132","2016-09-03T19:00:00","29.30","124.20",,,"1","4","0","0","8","3",,"1","0","50","4","46",,"98",,"2","10090","4",,"3","260","0","240",,"230","1","280","6","4","1","4","3","0",,,,"27","2","2","226","94","992","114","5","1","2","1","111111","111A1111111A17",,,"1","2","38",,,,,,,,,,"4",
"V7OE5","2016-09-03T19:00:00","25.40","123.80",,,"1","4","0","0","5","4","1","1","0","90","4","77",,"98","2","2","10057","5",,"0","289","0","270",,"264","3",,"3","3","1","4","4","5",,"3","4","9","3","4","226","53","992","114","5","1","2","1","711111","11111111111117",,,"1","2",,,,,,,,,,,"4",
"3200560","2016-09-03T20:00:00","20.02","122.64",,,"1","4","2","5",,,,"11",,,,,,,,,,,,"8",,,,,,"9","300",,,,,,,,,,,,,"226","2","798","172","7","1","2","1","1FFFFF","1AAAAAAAA1AAAA","4",,,,,,,,,,,,,,,
"5100523","2016-09-03T20:00:00","22.02","125.65",,,"1","4","2","5",,,,"11",,,,,,,,,,,,"8",,,,,,"9","300",,,,,,,,,,,,,"226","25","798","172","7","1","2","1","1FFFFF","1AAAAAAAA1AAAA","4",,,,,,,,,,,,,,,
"3200623","2016-09-03T20:05:00","25.23","128.44",,,"1","4","2","5",,,,"11",,,,,,,,,,,,"8",,,,,,"9","298",,,,,,,,,,,,,"226","58","798","172","7","0",,"1","1FFFFF","1AAAAAAAA1AAAA","4",,,,,,,,,,,,,,,
"5100523","2016-09-03T20:05:00","22.06","125.63",,,"1","4","2","5",,,,"11",,,,,,,,,,,,"8",,,,,,"9","300",,,,,,,,,,,,,"226","25","798","172","7","0",,"1","1FFFFF","1AAAAAAAA1AAAA","4",,,,,,,,,,,,,,,
"3200623","2016-09-03T20:07:00","25.23","128.44",,,"1","4","2","5",,,,"11",,,,,,,,,,,,"8",,,,,,"9","298",,,,,,,,,,,,,"226","58","798","172","7","1","2","1","1FFFFF","1AAAAAAAA1AAAA","4",,,,,,,,,,,,,,,
"3200623","2016-09-03T20:08:00","25.23","128.42",,,"1","4","2","5",,,,"11",,,,,,,,,,,,"8",,,,,,"9","298",,,,,,,,,,,,,"226","58","798","172","7","0",,"1","1FFFFF","1AAAAAAAA1AAAA","4",,,,,,,,,,,,,,,
"3200623","2016-09-03T20:12:00","25.23","128.42",,,"1","4","2","5",,,,"11",,,,,,,,,,,,"8",,,,,,"9","298",,,,,,,,,,,,,"226","58","798","172","7","1","2","1","1FFFFF","1AAAAAAAA1AAAA","4",,,,,,,,,,,,,,,
"5100523","2016-09-03T20:15:00","22.06","125.63",,,"1","4","2","5",,,,"11",,,,,,,,,,,,"8",,,,,,"9","300",,,,,,,,,,,,,"226","25","798","172","7","1","2","1","1FFFFF","1AAAAAAAA1AAAA","4",,,,,,,,,,,,,,,
"3200623","2016-09-03T20:28:00","25.23","128.42",,,"1","4","2","5",,,,"11",,,,,,,,,,,,"8",,,,,,"9","298",,,,,,,,,,,,,"226","58","798","172","7","0",,"1","1FFFFF","1AAAAAAAA1AAAA","4",,,,,,,,,,,,,,,
"3200623","2016-09-03T20:29:00","25.23","128.42",,,"1","4","2","5",,,,"11",,,,,,,,,,,,"8",,,,,,"9","298",,,,,,,,,,,,,"226","58","798","172","7","1","2","1","1FFFFF","1AAAAAAAA1AAAA","4",,,,,,,,,,,,,,,
"5100523","2016-09-03T20:29:00","22.06","125.65",,,"1","4","2","5",,,,"11",,,,,,,,,,,,"8",,,,,,"9","300",,,,,,,,,,,,,"226","25","798","172","7","0",,"1","1FFFFF","1AAAAAAAA1AAAA","4",,,,,,,,,,,,,,,
"5100523","2016-09-03T20:30:00","22.06","125.63",,,"1","4","2","5",,,,"11",,,,,,,,,,,,"8",,,,,,"9","300",,,,,,,,,,,,,"226","25","798","172","7","1","2","1","1FFFFF","1AAAAAAAA1AAAA","4",,,,,,,,,,,,,,,
"3200623","2016-09-03T20:32:00","25.23","128.42",,,"1","4","2","5",,,,"11",,,,,,,,,,,,"8",,,,,,"9","298",,,,,,,,,,,,,"226","58","798","172","7","1","2","1","1FFFFF","1AAAAAAAA1AAAA","4",,,,,,,,,,,,,,,
"5100523","2016-09-03T20:45:00","22.06","125.65",,,"1","4","2","5",,,,"11",,,,,,,,,,,,"8",,,,,,"9","300",,,,,,,,,,,,,"226","25","798","172","7","1","2","1","1FFFFF","1AAAAAAAA1AAAA","4",,,,,,,,,,,,,,,
"3200623","2016-09-03T20:56:00","25.22","128.41",,,"1","4","2","5",,,,"11",,,,,,,,,,,,"8",,,,,,"9","298",,,,,,,,,,,,,"226","58","798","172","7","0",,"1","1FFFFF","1AAAAAAAA1AAAA","4",,,,,,,,,,,,,,,
"5100523","2016-09-03T20:57:00","22.06","125.65",,,"1","4","2","5",,,,"11",,,,,,,,,,,,"8",,,,,,"9","300",,,,,,,,,,,,,"226","25","798","172","7","0",,"1","1FFFFF","1AAAAAAAA1AAAA","4",,,,,,,,,,,,,,,
"3200623","2016-09-03T20:58:00","25.22","128.41",,,"1","4","2","5",,,,"11",,,,,,,,,,,,"8",,,,,,"9","298",,,,,,,,,,,,,"226","58","798","172","7","1","2","1","1FFFFF","1AAAAAAAA1AAAA","4",,,,,,,,,,,,,,,
"3200560","2016-09-03T20:59:00","20.05","122.62",,,"1","4","2","5",,,,"11",,,,,,,,,,,,"8",,,,,,"9","300",,,,,,,,,,,,,"226","2","798","172","7","0",,"1","1FFFFF","1AAAAAAAA1AAAA","4",,,,,,,,,,,,,,,
"3200560","2016-09-03T21:00:00","20.05","122.62",,,"1","4","2","5",,,,"11",,,,,,,,,,,,"8",,,,,,"9","300",,,,,,,,,,,,,"226","2","798","172","7","1","2","1","1FFFFF","1AAAAAAAA1AAAA","4",,,,,,,,,,,,,,,
"5100523","2016-09-03T21:00:00","22.06","125.65",,,"1","4","2","5",,,,"11",,,,,,,,,,,,"8",,,,,,"9","300",,,,,,,,,,,,,"226","25","798","172","7","1","2","1","1FFFFF","1AAAAAAAA1AAAA","4",,,,,,,,,,,,,,,
"9V9132","2016-09-03T21:00:00","29.60","124.70",,,"1","4","0","0","8","3",,"1","0","90","4","57",,"96","52","2","10100","2","0","3","270","0","250",,"240","1","270","7","7","6","5","2","2",,,,"5","10","5","226","94","992","114","5","1","2","1","111111","11111111111A17",,,"1","2","38",,,,"0","0","A","0","A","A","4",
"TBWUK53","2016-09-03T21:00:00","24.40","123.30",,,"1","4","0","0","1","3",,"1","0","60","4","108",,"98","1","0","10048","3","6","0","290","0","272",,"265","3","300","2","2","1","4","0","0",,"5","2",,,,"226","43","992","114","5","1","2","1","111111","111111111111A1",,,"1","0",,,,,,,,,,,"4",
"3200623","2016-09-03T21:03:00","25.22","128.41",,,"1","4","2","5",,,,"11",,,,,,,,,,,,"8",,,,,,"9","298",,,,,,,,,,,,,"226","58","798","172","7","1","2","1","1FFFFF","1AAAAAAAA1AAAA","4",,,,,,,,,,,,,,,
"5100523","2016-09-03T21:30:00","22.08","125.65",,,"1","4","2","5",,,,"11",,,,,,,,,,,,"8",,,,,,"9","300",,,,,,,,,,,,,"226","25","798","172","7","1","2","1","1FFFFF","1AAAAAAAA1AAAA","4",,,,,,,,,,,,,,,
"5100523","2016-09-03T21:45:00","22.08","125.65",,,"1","4","2","5",,,,"11",,,,,,,,,,,,"8",,,,,,"9","300",,,,,,,,,,,,,"226","25","798","172","7","1","2","2","1FFFFF","1AAAAAAAA1AAAA","4",,,,,,,,,,,,,,,
"5100523","2016-09-03T21:46:00","22.08","125.65",,,"1","4","2","5",,,,"11",,,,,,,,,,,,"8",,,,,,"9","300",,,,,,,,,,,,,"226","25","798","172","7","0",,"2","1FFFFF","1AAAAAAAA1AAAA","4",,,,,,,,,,,,,,,
"3200623","2016-09-03T21:47:00","25.22","128.41",,,"1","4","2","5",,,,"11",,,,,,,,,,,,"8",,,,,,"9","298",,,,,,,,,,,,,"226","58","798","172","7","0",,"2","1FFFFF","1AAAAAAAA1AAAA","4",,,,,,,,,,,,,,,
"3200623","2016-09-03T21:52:00","25.22","128.41",,,"1","4","2","5",,,,"11",,,,,,,,,,,,"8",,,,,,"9","298",,,,,,,,,,,,,"226","58","798","172","7","1","2","2","1FFFFF","1AAAAAAAA1AAAA","4",,,,,,,,,,,,,,,
"3200560","2016-09-03T22:00:00","20.06","122.61",,,"1","4","2","5",,,,"11",,,,,,,,,,,,"8",,,,,,"9","301",,,,,,,,,,,,,"226","2","798","172","7","1","2","2","1FFFFF","1AAAAAAAA1AAAA","4",,,,,,,,,,,,,,,
"5100523","2016-09-03T22:00:00","22.09","125.65",,,"1","4","2","5",,,,"11",,,,,,,,,,,,"8",,,,,,"9","300",,,,,,,,,,,,,"226","25","798","172","7","1","2","2","1FFFFF","1AAAAAAAA1AAAA","4",,,,,,,,,,,,,,,
"5100523","2016-09-03T22:07:00","22.09","125.65",,,"1","4","2","5",,,,"11",,,,,,,,,,,,"8",,,,,,"9","300",,,,,,,,,,,,,"226","25","798","172","7","1","2","2","1FFFFF","1AAAAAAAA1AAAA","4",,,,,,,,,,,,,,,
"3200560","2016-09-03T22:09:00","20.06","122.61",,,"1","4","2","5",,,,"11",,,,,,,,,,,,"8",,,,,,"9","301",,,,,,,,,,,,,"226","2","798","172","7","0",,"2","1FFFFF","1AAAAAAAA1AAAA","4",,,,,,,,,,,,,,,
"3200623","2016-09-03T22:09:00","25.21","128.41",,,"1","4","2","5",,,,"11",,,,,,,,,,,,"8",,,,,,"9","298",,,,,,,,,,,,,"226","58","798","172","7","0",,"2","1FFFFF","1AAAAAAAA1AAAA","4",,,,,,,,,,,,,,,
"3200623","2016-09-03T22:10:00","25.21","128.41",,,"1","4","2","5",,,,"11",,,,,,,,,,,,"8",,,,,,"9","298",,,,,,,,,,,,,"226","58","798","172","7","1","2","2","1FFFFF","1AAAAAAAA1AAAA","4",,,,,,,,,,,,,,,
"5100523","2016-09-03T22:15:00","22.09","125.65",,,"1","4","2","5",,,,"11",,,,,,,,,,,,"8",,,,,,"9","300",,,,,,,,,,,,,"226","25","798","172","7","1","2","2","1FFFFF","1AAAAAAAA1AAAA","4",,,,,,,,,,,,,,,
"5100523","2016-09-03T22:30:00","22.10","125.66",,,"1","4","2","5",,,,"11",,,,,,,,,,,,"8",,,,,,"9","300",,,,,,,,,,,,,"226","25","798","172","7","1","2","2","1FFFFF","1AAAAAAAA1AAAA","4",,,,,,,,,,,,,,,
"3200623","2016-09-03T22:38:00","25.21","128.40",,,"1","4","2","5",,,,"11",,,,,,,,,,,,"8",,,,,,"9","298",,,,,,,,,,,,,"226","58","798","172","7","0",,"2","1FFFFF","1AAAAAAAA1AAAA","4",,,,,,,,,,,,,,,
"5100523","2016-09-03T22:38:00","22.10","125.66",,,"1","4","2","5",,,,"11",,,,,,,,,,,,"8",,,,,,"9","300",,,,,,,,,,,,,"226","25","798","172","7","1","2","2","1FFFFF","1AAAAAAAA1AAAA","4",,,,,,,,,,,,,,,
"3200623","2016-09-03T22:39:00","25.21","128.40",,,"1","4","2","5",,,,"11",,,,,,,,,,,,"8",,,,,,"9","298",,,,,,,,,,,,,"226","58","798","172","7","1","2","2","1FFFFF","1AAAAAAAA1AAAA","4",,,,,,,,,,,,,,,
"3200560","2016-09-03T22:40:00","20.06","122.61",,,"1","4","2","5",,,,"11",,,,,,,,,,,,"8",,,,,,"9","300",,,,,,,,,,,,,"226","2","798","172","7","0",,"2","1FFFFF","1AAAAAAAA1AAAA","4",,,,,,,,,,,,,,,
"5100523","2016-09-03T22:45:00","22.10","125.66",,,"1","4","2","5",,,,"11",,,,,,,,,,,,"8",,,,,,"9","300",,,,,,,,,,,,,"226","25","798","172","7","1","2","2","1FFFFF","1AAAAAAAA1AAAA","4",,,,,,,,,,,,,,,
"3200560","2016-09-03T23:00:00","20.06","122.61",,,"1","4","2","5",,,,"11",,,,,,,,,,,,"8",,,,,,"9","300",,,,,,,,,,,,,"226","2","798","172","7","1","2","2","1FFFFF","1AAAAAAAA1AAAA","4",,,,,,,,,,,,,,,
"VRDA4","2016-09-03T23:00:00","26.40","121.70",,,"1","4","0","0","1","3",,"1","0","50","4","67",,"98","0","0","10075",,,"0","280","0","260",,"252",,,"3","1","2","5","4","A",,,"2","2",,"2","226","61","992","114","5","1","2","2","F11111","111111111A133A",,,"1","0",,,,,,,,,,,"4",
"3200623","2016-09-03T23:20:00","25.21","128.39",,,"1","4","2","5",,,,"11",,,,,,,,,,,,"8",,,,,,"9","297",,,,,,,,,,,,,"226","58","798","172","7","0",,"2","1FFFFF","1AAAAAAAA1AAAA","4",,,,,,,,,,,,,,,
"3200623","2016-09-03T23:21:00","25.21","128.39",,,"1","4","2","5",,,,"11",,,,,,,,,,,,"8",,,,,,"9","297",,,,,,,,,,,,,"226","58","798","172","7","1","2","2","1FFFFF","1AAAAAAAA1AAAA","4",,,,,,,,,,,,,,,
"3200560","2016-09-04T00:00:00","20.06","122.61",,,"1","4","2","5",,,,"11",,,,,,,,,,,,"8",,,,,,"9","300",,,,,,,,,,,,,"226","2","798","172","7","1","2","2","1FFFFF","1AAAAAAAA1AAAA","4",,,,,,,,,,,,,,,
"5100523","2016-09-04T00:00:00","22.10","125.66",,,"1","4","2","5",,,,"11",,,,,,,,,,,,"8",,,,,,"9","300",,,,,,,,,,,,,"226","25","798","172","7","1","2","2","1FFFFF","1AAAAAAAA1AAAA","4",,,,,,,,,,,,,,,
"C6DM2","2016-09-04T00:00:00","24.80","125.20",,,"1","4","0","0","0","0",,"1","0","90","4","41",,"97",,"2","10050","6","10","0","290","0","270",,"263","3","300","8","7","2","2","9","A",,"4","2","8","7","3","226","45","992","114","5","1","2","2","111111","111A1111111111",,,"1","1","9","10","3",,,,,,,,"4",
"D5AG9","2016-09-04T00:00:00","23.40","122.80",,,"1","4","0","0","1","3",,"1","0","60","3","62",,"97",,,"10060","0","30","0","300","0","260",,"246","1","330","6","6","5","5","7","9",,"6","4","6","5","4","226","32","992","114","5","1","2","2","511111","111AA111111111",,,"3",,,,,,,,,,,,"4",
"3200623","2016-09-04T00:11:00","25.21","128.40",,,"1","4","2","5",,,,"11",,,,,,,,,,,,"8",,,,,,"9","298",,,,,,,,,,,,,"226","58","798","172","7","1","2","2","1FFFFF","1AAAAAAAA1AAAA","4",,,,,,,,,,,,,,,
"5100523","2016-09-04T00:13:00","22.12","125.66",,,"1","4","2","5",,,,"11",,,,,,,,,,,,"8",,,,,,"9","300",,,,,,,,,,,,,"226","25","798","172","7","0",,"2","1FFFFF","1AAAAAAAA1AAAA","4",,,,,,,,,,,,,,,
"5100523","2016-09-04T00:15:00","22.12","125.66",,,"1","4","2","5",,,,"11",,,,,,,,,,,,"8",,,,,,"9","300",,,,,,,,,,,,,"226","25","798","172","7","1","2","2","1FFFFF","1AAAAAAAA1AAAA","4",,,,,,,,,,,,,,,
"5100523","2016-09-04T00:45:00","22.12","125.66",,,"1","4","2","5",,,,"11",,,,,,,,,,,,"8",,,,,,"9","300",,,,,,,,,,,,,"226","25","798","172","7","1","2","2","1FFFFF","1AAAAAAAA1AAAA","4",,,,,,,,,,,,,,,
"3200623","2016-09-04T00:57:00","25.20","128.37",,,"1","4","2","5",,,,"11",,,,,,,,,,,,"8",,,,,,"9","298",,,,,,,,,,,,,"226","58","798","172","7","0",,"2","1FFFFF","1AAAAAAAA1AAAA","4",,,,,,,,,,,,,,,
"5100523","2016-09-04T00:57:00","22.14","125.68",,,"1","4","2","5",,,,"11",,,,,,,,,,,,"8",,,,,,"9","300",,,,,,,,,,,,,"226","25","798","172","7","0",,"2","1FFFFF","1AAAAAAAA1AAAA","4",,,,,,,,,,,,,,,
"3200560","2016-09-04T00:58:00","20.08","122.63",,,"1","4","2","5",,,,"11",,,,,,,,,,,,"8",,,,,,"9","300",,,,,,,,,,,,,"226","2","798","172","7","0",,"2","1FFFFF","1AAAAAAAA1AAAA","4",,,,,,,,,,,,,,,
"3200623","2016-09-04T00:58:00","25.20","128.37",,,"1","4","2","5",,,,"11",,,,,,,,,,,,"8",,,,,,"9","298",,,,,,,,,,,,,"226","58","798","172","7","1","2","2","1FFFFF","1AAAAAAAA1AAAA","4",,,,,,,,,,,,,,,
"3200560","2016-09-04T01:00:00","20.08","122.63",,,"1","4","2","5",,,,"11",,,,,,,,,,,,"8",,,,,,"9","300",,,,,,,,,,,,,"226","2","798","172","7","1","2","2","1FFFFF","1AAAAAAAA1AAAA","4",,,,,,,,,,,,,,,
"5100523","2016-09-04T01:00:00","22.14","125.68",,,"1","4","2","5",,,,"11",,,,,,,,,,,,"8",,,,,,"9","300",,,,,,,,,,,,,"226","25","798","172","7","1","2","2","1FFFFF","1AAAAAAAA1AAAA","4",,,,,,,,,,,,,,,
"3200623","2016-09-04T01:05:00","25.20","128.37",,,"1","4","2","5",,,,"11",,,,,,,,,,,,"8",,,,,,"9","298",,,,,,,,,,,,,"226","58","798","172","7","1","2","2","1FFFFF","1AAAAAAAA1AAAA","4",,,,,,,,,,,,,,,
"5100523","2016-09-04T01:45:00","22.15","125.68",,,"1","4","2","5",,,,"11",,,,,,,,,,,,"8",,,,,,"9","300",,,,,,,,,,,,,"226","25","798","172","7","1","2","2","1FFFFF","1AAAAAAAA1AAAA","4",,,,,,,,,,,,,,,
"3200623","2016-09-04T01:53:00","25.20","128.35",,,"1","4","2","5",,,,"11",,,,,,,,,,,,"8",,,,,,"9","298",,,,,,,,,,,,,"226","58","798","172","7","1","2","2","1FFFFF","1AAAAAAAA1AAAA","4",,,,,,,,,,,,,,,
"5100523","2016-09-04T01:54:00","22.15","125.68",,,"1","4","2","5",,,,"11",,,,,,,,,,,,"8",,,,,,"9","300",,,,,,,,,,,,,"226","25","798","172","7","0",,"2","1FFFFF","1AAAAAAAA1AAAA","4",,,,,,,,,,,,,,,
"3200560","2016-09-04T01:57:00","20.08","122.63",,,"1","4","2","5",,,,"11",,,,,,,,,,,,"8",,,,,,"9","301",,,,,,,,,,,,,"226","2","798","172","7","0",,"2","1FFFFF","1AAAAAAAA1AAAA","4",,,,,,,,,,,,,,,
"3200560","2016-09-04T02:00:00","20.08","122.63",,,"1","4","2","5",,,,"11",,,,,,,,,,,,"8",,,,,,"9","301",,,,,,,,,,,,,"226","2","798","172","7","1","2","2","1FFFFF","1AAAAAAAA1AAAA","4",,,,,,,,,,,,,,,
"TBWUK53","2016-09-04T02:00:00","25.60","123.90",,,"1","4","0","0","1","4",,"1","0","80","4","77",,"98","2",,"10073","1","14","0","300","0","265",,"251","3","294","1","1","1","5","0","0",,"7","2","5","7","2","226","53","992","114","5","1","2","2","111111","1111A111111111",,,"1",,,,,,,,,,,,"4",
"5100523","2016-09-04T02:30:00","22.17","125.69",,,"1","4","2","5",,,,"11",,,,,,,,,,,,"8",,,,,,"9","301",,,,,,,,,,,,,"226","25","798","172","7","0",,"2","1FFFFF","1AAAAAAAA1AAAA","4",,,,,,,,,,,,,,,
"3200623","2016-09-04T02:40:00","25.21","128.35",,,"1","4","2","5",,,,"11",,,,,,,,,,,,"8",,,,,,"9","301",,,,,,,,,,,,,"226","58","798","172","7","1","2","2","1FFFFF","1AAAAAAAA1AAAA","4",,,,,,,,,,,,,,,
"5100523","2016-09-04T02:40:00","22.17","125.69",,,"1","4","2","5",,,,"11",,,,,,,,,,,,"8",,,,,,"9","303",,,,,,,,,,,,,"226","25","798","172","7","1","2","2","1FFFFF","1AAAAAAAA1AAAA","4",,,,,,,,,,,,,,,
"3200623","2016-09-04T02:43:00","25.21","128.35",,,"1","4","2","5",,,,"11",,,,,,,,,,,,"8",,,,,,"9","299",,,,,,,,,,,,,"226","58","798","172","7","0",,"2","1FFFFF","1AAAAAAAA1AAAA","4",,,,,,,,,,,,,,,
"3200560","2016-09-04T02:45:00","20.09","122.63",,,"1","4","2","5",,,,"11",,,,,,,,,,,,"8",,,,,,"9","301",,,,,,,,,,,,,"226","2","798","172","7","0",,"2","1FFFFF","1AAAAAAAA1AAAA","4",,,,,,,,,,,,,,,
"3200560","2016-09-04T03:00:00","20.09","122.63",,,"1","4","2","5",,,,"11",,,,,,,,,,,,"8",,,,,,"9","301",,,,,,,,,,,,,"226","2","798","172","7","1","2","2","1FFFFF","1AAAAAAAA1AAAA","4",,,,,,,,,,,,,,,
"9V2735","2016-09-04T03:00:00","21.30","128.10",,,"1","4","0","0","0","0",,"1","0","260","4","93",,"97",,"1","10080","4","0","3","300","0","280",,"270","1","290","6","6","4","5","7","A",,"2","3","25","2","3","226","18","992","114","5","1","2","2","111111","111A1111111111",,,"1","1","38",,,,,,,,,,"4",
"V7OE5","2016-09-04T03:00:00","23.30","122.60",,,"1","4","0","0","5","4","1","1","0","20","4","93",,"97","61","6","10061","1","6","0","280","0","280",,"280","3",,"8","8","7","2","A","A",,"6","3",,,,"226","32","992","114","5","1","2","2","711113","111111111111A1",,,"1","2",,,,,,,,,,,"4",
"3200560","2016-09-04T04:00:00","20.09","122.63",,,"1","4","2","5",,,,"11",,,,,,,,,,,,"8",,,,,,"9","301",,,,,,,,,,,,,"226","2","798","172","7","1","2","2","1FFFFF","1AAAAAAAA1AAAA","4",,,,,,,,,,,,,,,
"TBWUK53","2016-09-04T04:00:00","26.00","124.10",,,"1","4","0","0","1","3",,"1","0","100","4","77",,"98","2","0","10071","0","4","0","296","0","271",,"261","3","297","1","1","0","9","4","0",,"3","2","6","7","3","226","64","992","114","5","1","2","2","111111","11111111111111",,,"1","0",,,,,,,,,,,"4",
"3200623","2016-09-04T04:02:00","25.21","128.35",,,"1","4","2","5",,,,"11",,,,,,,,,,,,"8",,,,,,"9","300",,,,,,,,,,,,,"226","58","798","172","7","0",,"2","1FFFFF","1AAAAAAAA1AAAA","4",,,,,,,,,,,,,,,
"3200560","2016-09-04T05:00:00","20.12","122.63",,,"1","4","2","5",,,,"11",,,,,,,,,,,,"8",,,,,,"9","301",,,,,,,,,,,,,"226","2","798","172","7","1","2","2","1FFFFF","1AAAAAAAA1AAAA","4",,,,,,,,,,,,,,,
"5100523","2016-09-04T05:30:00","22.17","125.69",,,"1","4","2","5",,,,"11",,,,,,,,,,,,"8",,,,,,"9","303",,,,,,,,,,,,,"226","25","798","172","7","0",,"2","1FFFFF","1AAAAAAAA1AAAA","4",,,,,,,,,,,,,,,
"5100523","2016-09-04T05:37:00","22.15","125.67",,,"1","4","2","5",,,,"11",,,,,,,,,,,,"8",,,,,,"9","303",,,,,,,,,,,,,"226","25","798","172","7","0",,"2","1FFFFF","1AAAAAAAA1AAAA","4",,,,,,,,,,,,,,,
"3200623","2016-09-04T05:38:00","25.21","128.35",,,"1","4","2","5",,,,"11",,,,,,,,,,,,"8",,,,,,"9","301",,,,,,,,,,,,,"226","58","798","172","7","1","2","2","1FFFFF","1AAAAAAAA1AAAA","4",,,,,,,,,,,,,,,
"3200560","2016-09-04T05:39:00","20.12","122.63",,,"1","4","2","5",,,,"11",,,,,,,,,,,,"8",,,,,,"9","301",,,,,,,,,,,,,"226","2","798","172","7","0",,"2","1FFFFF","1AAAAAAAA1AAAA","4",,,,,,,,,,,,,,,
"3200623","2016-09-04T05:45:00","25.23","128.30",,,"1","4","2","5",,,,"11",,,,,,,,,,,,"8",,,,,,"9","301",,,,,,,,,,,,,"226","58","798","172","7","1","2","2","1FFFFF","1AAAAAAAA1AAAA","4",,,,,,,,,,,,,,,
"5100523","2016-09-04T05:45:00","22.15","125.67",,,"1","4","2","5",,,,"11",,,,,,,,,,,,"8",,,,,,"9","303",,,,,,,,,,,,,"226","25","798","172","7","1","2","2","1FFFFF","1AAAAAAAA1AAAA","4",,,,,,,,,,,,,,,
"3200623","2016-09-04T05:50:00","25.23","128.29",,,"1","4","2","5",,,,"11",,,,,,,,,,,,"8",,,,,,"9","301",,,,,,,,,,,,,"226","58","798","172","7","1","2","2","1FFFFF","1AAAAAAAA1AAAA","4",,,,,,,,,,,,,,,
"3200560","2016-09-04T06:00:00","20.12","122.63",,,"1","4","2","5",,,,"11",,,,,,,,,,,,"8",,,,,,"9","301",,,,,,,,,,,,,"226","2","798","172","7","0",,"2","1FFFFF","1AAAAAAAA1AAAA","4",,,,,,,,,,,,,,,
"C6DM2","2016-09-04T06:00:00","24.80","125.10",,,"1","4","0","0","6","4",,"1","0","90","4","57",,"97",,"2","10060","6","10","0","320","0","300",,"294","3","310","8","7","2","2","9","A",,"3","2","11","7","3","226","45","992","114","5","1","2","2","111111","111A1111111111",,,"1","1","11","6","3",,,,,,,,"4",
"D5AG9","2016-09-04T06:00:00","24.60","123.40",,,"1","4","0","0","1","4",,"1","0","70","3","26",,"98","3","2","10050","5",,"0","315","0","306",,"304",,,"3","3","4","5","6","8",,"3","3","5","3","4","226","43","992","114","5","1","2","2","F11111","111111111A1117",,,"1","2",,,,,,,,,,,"4",
"3200560","2016-09-04T07:00:00","20.15","122.64",,,"1","4","2","5",,,,"11",,,,,,,,,,,,"8",,,,,,"9","300",,,,,,,,,,,,,"226","2","798","172","7","0",,"2","1FFFFF","1AAAAAAAA1AAAA","4",,,,,,,,,,,,,,,
"5100523","2016-09-04T07:15:00","22.15","125.66",,,"1","4","2","5",,,,"11",,,,,,,,,,,,"8",,,,,,"9","302",,,,,,,,,,,,,"226","25","798","172","7","0",,"2","1FFFFF","1AAAAAAAA1AAAA","4",,,,,,,,,,,,,,,
"3200560","2016-09-04T07:23:00","20.15","122.64",,,"1","4","2","5",,,,"11",,,,,,,,,,,,"8",,,,,,"9","300",,,,,,,,,,,,,"226","2","798","172","7","0",,"2","1FFFFF","1AAAAAAAA1AAAA","4",,,,,,,,,,,,,,,
"3200623","2016-09-04T07:24:00","25.24","128.29",,,"1","4","2","5",,,,"11",,,,,,,,,,,,"8",,,,,,"9","301",,,,,,,,,,,,,"226","58","798","172","7","0",,"2","1FFFFF","1AAAAAAAA1AAAA","4",,,,,,,,,,,,,,,
"5100523","2016-09-04T07:25:00","22.15","125.66",,,"1","4","2","5",,,,"11",,,,,,,,,,,,"8",,,,,,"9","302",,,,,,,,,,,,,"226","25","798","172","7","0",,"2","1FFFFF","1AAAAAAAA1AAAA","4",,,,,,,,,,,,,,,
"3200623","2016-09-04T07:26:00","25.24","128.29",,,"1","4","2","5",,,,"11",,,,,,,,,,,,"8",,,,,,"9","301",,,,,,,,,,,,,"226","58","798","172","7","1","2","2","1FFFFF","1AAAAAAAA1AAAA","4",,,,,,,,,,,,,,,
"3200623","2016-09-04T07:38:00","25.24","128.27",,,"1","4","2","5",,,,"11",,,,,,,,,,,,"8",,,,,,"9","301",,,,,,,,,,,,,"226","58","798","172","7","0",,"2","1FFFFF","1AAAAAAAA1AAAA","4",,,,,,,,,,,,,,,
"3200623","2016-09-04T07:39:00","25.24","128.27",,,"1","4","2","5",,,,"11",,,,,,,,,,,,"8",,,,,,"9","301",,,,,,,,,,,,,"226","58","798","172","7","0",,"2","1FFFFF","1AAAAAAAA1AAAA","4",,,,,,,,,,,,,,,
"3200560","2016-09-04T08:00:00","20.15","122.64",,,"1","4","2","5",,,,"11",,,,,,,,,,,,"8",,,,,,"9","300",,,,,,,,,,,,,"226","2","798","172","7","1","2","2","1FFFFF","1AAAAAAAA1AAAA","4",,,,,,,,,,,,,,,
"5100523","2016-09-04T08:00:00","22.18","125.65",,,"1","4","2","5",,,,"11",,,,,,,,,,,,"8",,,,,,"9","302",,,,,,,,,,,,,"226","25","798","172","7","0",,"2","1FFFFF","1AAAAAAAA1AAAA","4",,,,,,,,,,,,,,,
"5100523","2016-09-04T08:14:00","22.18","125.65",,,"1","4","2","5",,,,"11",,,,,,,,,,,,"8",,,,,,"9","302",,,,,,,,,,,,,"226","25","798","172","7","1","2","2","1FFFFF","1AAAAAAAA1AAAA","4",,,,,,,,,,,,,,,
"3200623","2016-09-04T08:15:00","25.26","128.27",,,"1","4","2","5",,,,"11",,,,,,,,,,,,"8",,,,,,"9","300",,,,,,,,,,,,,"226","58","798","172","7","1","2","2","1FFFFF","1AAAAAAAA1AAAA","4",,,,,,,,,,,,,,,
"5100523","2016-09-04T08:15:00","22.18","125.65",,,"1","4","2","5",,,,"11",,,,,,,,,,,,"8",,,,,,"9","302",,,,,,,,,,,,,"226","25","798","172","7","0",,"2","1FFFFF","1AAAAAAAA1AAAA","4",,,,,,,,,,,,,,,
"3200623","2016-09-04T08:17:00","25.26","128.27",,,"1","4","2","5",,,,"11",,,,,,,,,,,,"8",,,,,,"9","300",,,,,,,,,,,,,"226","58","798","172","7","0",,"2","1FFFFF","1AAAAAAAA1AAAA","4",,,,,,,,,,,,,,,
"3200623","2016-09-04T08:28:00","25.27","128.28",,,"1","4","2","5",,,,"11",,,,,,,,,,,,"8",,,,,,"9","300",,,,,,,,,,,,,"226","58","798","172","7","0",,"2","1FFFFF","1AAAAAAAA1AAAA","4",,,,,,,,,,,,,,,
"5100523","2016-09-04T08:30:00","22.18","125.65",,,"1","4","2","5",,,,"11",,,,,,,,,,,,"8",,,,,,"9","302",,,,,,,,,,,,,"226","25","798","172","7","0",,"2","1FFFFF","1AAAAAAAA1AAAA","4",,,,,,,,,,,,,,,
"3200623","2016-09-04T08:32:00","25.27","128.28",,,"1","4","2","5",,,,"11",,,,,,,,,,,,"8",,,,,,"9","300",,,,,,,,,,,,,"226","58","798","172","7","0",,"2","1FFFFF","1AAAAAAAA1AAAA","4",,,,,,,,,,,,,,,
"3200560","2016-09-04T09:00:00","20.15","122.64",,,"1","4","2","5",,,,"11",,,,,,,,,,,,"8",,,,,,"9","300",,,,,,,,,,,,,"226","2","798","172","7","0",,"2","1FFFFF","1AAAAAAAA1AAAA","4",,,,,,,,,,,,,,,
"5100523","2016-09-04T09:00:00","22.18","125.65",,,"1","4","2","5",,,,"11",,,,,,,,,,,,"8",,,,,,"9","302",,,,,,,,,,,,,"226","25","798","172","7","0",,"2","1FFFFF","1AAAAAAAA1AAAA","4",,,,,,,,,,,,,,,
"5100523","2016-09-04T09:13:00","22.19","125.66",,,"1","4","2","5",,,,"11",,,,,,,,,,,,"8",,,,,,"9","302",,,,,,,,,,,,,"226","25","798","172","7","0",,"2","1FFFFF","1AAAAAAAA1AAAA","4",,,,,,,,,,,,,,,
"5100523","2016-09-04T09:15:00","22.18","125.65",,,"1","4","2","5",,,,"11",,,,,,,,,,,,"8",,,,,,"9","302",,,,,,,,,,,,,"226","25","798","172","7","0",,"2","1FFFFF","1AAAAAAAA1AAAA","4",,,,,,,,,,,,,,,
"3200623","2016-09-04T09:16:00","25.26","128.27",,,"1","4","2","5",,,,"11",,,,,,,,,,,,"8",,,,,,"9","300",,,,,,,,,,,,,"226","58","798","172","7","1","2","2","1FFFFF","1AAAAAAAA1AAAA","4",,,,,,,,,,,,,,,
"3200623","2016-09-04T09:17:00","25.28","128.26",,,"1","4","2","5",,,,"11",,,,,,,,,,,,"8",,,,,,"9","300",,,,,,,,,,,,,"226","58","798","172","7","1","2","2","1FFFFF","1AAAAAAAA1AAAA","4",,,,,,,,,,,,,,,
"3200623","2016-09-04T09:24:00","25.28","128.26",,,"1","4","2","5",,,,"11",,,,,,,,,,,,"8",,,,,,"9","300",,,,,,,,,,,,,"226","58","798","172","7","1","2","2","1FFFFF","1AAAAAAAA1AAAA","4",,,,,,,,,,,,,,,
"5100523","2016-09-04T09:45:00","22.19","125.66",,,"1","4","2","5",,,,"11",,,,,,,,,,,,"8",,,,,,"9","302",,,,,,,,,,,,,"226","25","798","172","7","1","2","1","1FFFFF","1AAAAAAAA1AAAA","4",,,,,,,,,,,,,,,
"5100523","2016-09-04T09:50:00","22.20","125.66",,,"1","4","2","5",,,,"11",,,,,,,,,,,,"8",,,,,,"9","302",,,,,,,,,,,,,"226","25","798","172","7","0",,"1","1FFFFF","1AAAAAAAA1AAAA","4",,,,,,,,,,,,,,,
"3200560","2016-09-04T09:52:00","20.21","122.67",,,"1","4","2","5",,,,"11",,,,,,,,,,,,"8",,,,,,"9","300",,,,,,,,,,,,,"226","2","798","172","7","0",,"2","1FFFFF","1AAAAAAAA1AAAA","4",,,,,,,,,,,,,,,
"3200623","2016-09-04T09:52:00","25.28","128.26",,,"1","3","2","5",,,,"11",,,,,,,,,,,,,,,,,,,,,,,,,,,,,,,,"226","58","798","172","7","1","2","1","FFFFFF","1AAAAAAAAAAAAA","4",,,,,,,,,,,,,,,
"3200560","2016-09-04T10:00:00","20.21","122.67",,,"1","4","2","5",,,,"11",,,,,,,,,,,,"8",,,,,,"9","300",,,,,,,,,,,,,"226","2","798","172","7","1","2","1","1FFFFF","1AAAAAAAA1AAAA","4",,,,,,,,,,,,,,,
"5100523","2016-09-04T10:00:00","22.20","125.66",,,"1","4","2","5",,,,"11",,,,,,,,,,,,"8",,,,,,"9","302",,,,,,,,,,,,,"226","25","798","172","7","1","2","1","1FFFFF","1AAAAAAAA1AAAA","4",,,,,,,,,,,,,,,
"3200623","2016-09-04T10:08:00","25.29","128.27",,,"1","4","2","5",,,,"11",,,,,,,,,,,,"8",,,,,,"9","300",,,,,,,,,,,,,"226","58","798","172","7","0",,"1","1FFFFF","1AAAAAAAA1AAAA","4",,,,,,,,,,,,,,,
"3200560","2016-09-04T10:11:00","20.22","122.67",,,"1","4","2","5",,,,"11",,,,,,,,,,,,"8",,,,,,"9","300",,,,,,,,,,,,,"226","2","798","172","7","0",,"1","1FFFFF","1AAAAAAAA1AAAA","4",,,,,,,,,,,,,,,
"3200623","2016-09-04T10:11:00","25.29","128.27",,,"1","4","2","5",,,,"11",,,,,,,,,,,,"8",,,,,,"9","300",,,,,,,,,,,,,"226","58","798","172","7","1","2","1","1FFFFF","1AAAAAAAA1AAAA","4",,,,,,,,,,,,,,,
"5100523","2016-09-04T10:12:00","22.21","125.65",,,"1","4","2","5",,,,"11",,,,,,,,,,,,"8",,,,,,"9","301",,,,,,,,,,,,,"226","25","798","172","7","0",,"1","1FFFFF","1AAAAAAAA1AAAA","4",,,,,,,,,,,,,,,
"3200560","2016-09-04T11:00:00","20.22","122.67",,,"1","4","2","5",,,,"11",,,,,,,,,,,,"8",,,,,,"9","300",,,,,,,,,,,,,"226","2","798","172","7","0",,"1","1FFFFF","1AAAAAAAA1AAAA","4",,,,,,,,,,,,,,,
"9V2735","2016-09-04T11:00:00","21.30","128.20",,,"1","4","0","0","0","0",,"1","0","230","4","67",,"96",,"2","10090","4","0","3","270","0","240",,"230","1","290","8","8","9","9","7","A",,"5","2","23","5","2","226","18","992","114","5","1","2","1","111111","111A1111111111",,,"1","2","23","5","2",,,,,,,,"4",
"5100523","2016-09-04T11:15:00","22.21","125.65",,,"1","4","2","5",,,,"11",,,,,,,,,,,,"8",,,,,,"9","301",,,,,,,,,,,,,"226","25","798","172","7","0",,"1","1FFFFF","1AAAAAAAA1AAAA","4",,,,,,,,,,,,,,,
"5100523","2016-09-04T11:25:00","22.22","125.64",,,"1","4","2","5",,,,"11",,,,,,,,,,,,"8",,,,,,"9","301",,,,,,,,,,,,,"226","25","798","172","7","0",,"1","1FFFFF","1AAAAAAAA1AAAA","4",,,,,,,,,,,,,,,
"5100523","2016-09-04T11:30:00","22.22","125.64",,,"1","4","2","5",,,,"11",,,,,,,,,,,,"8",,,,,,"9","301",,,,,,,,,,,,,"226","25","798","172","7","1","2","1","1FFFFF","1AAAAAAAA1AAAA","4",,,,,,,,,,,,,,,
"3200623","2016-09-04T11:31:00","25.29","128.27",,,"1","4","2","5",,,,"11",,,,,,,,,,,,"8",,,,,,"9","300",,,,,,,,,,,,,"226","58","798","172","7","1","2","1","1FFFFF","1AAAAAAAA1AAAA","4",,,,,,,,,,,,,,,
"3200560","2016-09-04T12:00:00","20.23","122.72",,,"1","4","2","5",,,,"11",,,,,,,,,,,,"8",,,,,,"9","300",,,,,,,,,,,,,"226","2","798","172","7","0",,"1","1FFFFF","1AAAAAAAA1AAAA","4",,,,,,,,,,,,,,,
"5100523","2016-09-04T12:00:00","22.23","125.65",,,"1","4","2","5",,,,"11",,,,,,,,,,,,"8",,,,,,"9","301",,,,,,,,,,,,,"226","25","798","172","7","0",,"1","1FFFFF","1AAAAAAAA1AAAA","4",,,,,,,,,,,,,,,
"C6DM2","2016-09-04T12:00:00","25.10","123.40",,,"1","4","0","0","2","4",,"1","0","80","4","67",,"97","3","1","10070","4","0","0","290","0","270",,"263","3","300","6","5","1","6","8","2",,"6","3","18","9","1","226","53","992","114","5","1","2","1","111111","11111111111111",,,"1","1","18","6","1",,,,,,,,"4",
"D5AG9","2016-09-04T12:00:00","26.00","124.30",,,"1","4","0","0","1","3",,"1","0","60","3","77",,"97",,,"10070","0","20","0","290","0","280",,"277","1",,"0",,,"9",,,,"5","3",,,,"226","64","992","114","5","1","2","1","711111","111AA1111111A1",,,"3",,,,,,,,,,,,"4",
"3200560","2016-09-04T12:13:00","20.23","122.72",,,"1","4","2","5",,,,"11",,,,,,,,,,,,"8",,,,,,"9","300",,,,,,,,,,,,,"226","2","798","172","7","0",,"1","1FFFFF","1AAAAAAAA1AAAA","4",,,,,,,,,,,,,,,
"3200623","2016-09-04T12:14:00","25.31","128.27",,,"1","4","2","5",,,,"11",,,,,,,,,,,,"8",,,,,,"9","300",,,,,,,,,,,,,"226","58","798","172","7","0",,"1","1FFFFF","1AAAAAAAA1AAAA","4",,,,,,,,,,,,,,,
"5100523","2016-09-04T12:14:00","22.23","125.65",,,"1","4","2","5",,,,"11",,,,,,,,,,,,"8",,,,,,"9","301",,,,,,,,,,,,,"226","25","798","172","7","0",,"1","1FFFFF","1AAAAAAAA1AAAA","4",,,,,,,,,,,,,,,
"5100523","2016-09-04T12:15:00","22.23","125.65",,,"1","4","2","5",,,,"11",,,,,,,,,,,,"8",,,,,,"9","301",,,,,,,,,,,,,"226","25","798","172","7","0",,"1","1FFFFF","1AAAAAAAA1AAAA","4",,,,,,,,,,,,,,,
"3200623","2016-09-04T12:18:00","25.31","128.27",,,"1","4","2","5",,,,"11",,,,,,,,,,,,"8",,,,,,"9","300",,,,,,,,,,,,,"226","58","798","172","7","0",,"1","1FFFFF","1AAAAAAAA1AAAA","4",,,,,,,,,,,,,,,
"3200560","2016-09-04T13:00:00","20.24","122.72",,,"1","4","2","5",,,,"11",,,,,,,,,,,,"8",,,,,,"9","299",,,,,,,,,,,,,"226","2","798","172","7","1","2","1","1FFFFF","1AAAAAAAA1AAAA","4",,,,,,,,,,,,,,,
"5100523","2016-09-04T13:00:00","22.25","125.65",,,"1","4","2","5",,,,"11",,,,,,,,,,,,"8",,,,,,"9","301",,,,,,,,,,,,,"226","25","798","172","7","1","2","1","1FFFFF","1AAAAAAAA1AAAA","4",,,,,,,,,,,,,,,
"3200623","2016-09-04T13:06:00","25.31","128.28",,,"1","4","2","5",,,,"11",,,,,,,,,,,,"8",,,,,,"9","300",,,,,,,,,,,,,"226","58","798","172","7","0",,"1","1FFFFF","1AAAAAAAA1AAAA","4",,,,,,,,,,,,,,,
"5100523","2016-09-04T13:06:00","22.25","125.65",,,"1","4","2","5",,,,"11",,,,,,,,,,,,"8",,,,,,"9","301",,,,,,,,,,,,,"226","25","798","172","7","0",,"1","1FFFFF","1AAAAAAAA1AAAA","4",,,,,,,,,,,,,,,
"3200560","2016-09-04T13:07:00","20.24","122.72",,,"1","4","2","5",,,,"11",,,,,,,,,,,,"8",,,,,,"9","299",,,,,,,,,,,,,"226","2","798","172","7","0",,"1","1FFFFF","1AAAAAAAA1AAAA","4",,,,,,,,,,,,,,,
"3200623","2016-09-04T13:08:00","25.31","128.28",,,"1","4","2","5",,,,"11",,,,,,,,,,,,"8",,,,,,"9","300",,,,,,,,,,,,,"226","58","798","172","7","1","2","1","1FFFFF","1AAAAAAAA1AAAA","4",,,,,,,,,,,,,,,
"5100523","2016-09-04T13:45:00","22.25","125.64",,,"1","4","2","5",,,,"11",,,,,,,,,,,,"8",,,,,,"9","301",,,,,,,,,,,,,"226","25","798","172","7","1","2","1","1FFFFF","1AAAAAAAA1AAAA","4",,,,,,,,,,,,,,,
"5100523","2016-09-04T13:53:00","22.25","125.64",,,"1","4","2","5",,,,"11",,,,,,,,,,,,"8",,,,,,"9","301",,,,,,,,,,,,,"226","25","798","172","7","0",,"1","1FFFFF","1AAAAAAAA1AAAA","4",,,,,,,,,,,,,,,
"3200560","2016-09-04T13:54:00","20.24","122.74",,,"1","4","2","5",,,,"11",,,,,,,,,,,,"8",,,,,,"9","299",,,,,,,,,,,,,"226","2","798","172","7","1","2","1","1FFFFF","1AAAAAAAA1AAAA","4",,,,,,,,,,,,,,,
"3200623","2016-09-04T13:54:00","25.32","128.28",,,"1","4","2","5",,,,"11",,,,,,,,,,,,"8",,,,,,"9","300",,,,,,,,,,,,,"226","58","798","172","7","0",,"1","1FFFFF","1AAAAAAAA1AAAA","4",,,,,,,,,,,,,,,
"3200623","2016-09-04T13:56:00","25.32","128.28",,,"1","4","2","5",,,,"11",,,,,,,,,,,,"8",,,,,,"9","300",,,,,,,,,,,,,"226","58","798","172","7","1","2","1","1FFFFF","1AAAAAAAA1AAAA","4",,,,,,,,,,,,,,,
"3200560","2016-09-04T14:00:00","20.24","122.74",,,"1","4","2","5",,,,"11",,,,,,,,,,,,"8",,,,,,"9","299",,,,,,,,,,,,,"226","2","798","172","7","1","2","1","1FFFFF","1AAAAAAAA1AAAA","4",,,,,,,,,,,,,,,
"3200560","2016-09-04T15:00:00","20.24","122.74",,,"1","4","2","5",,,,"11",,,,,,,,,,,,"8",,,,,,"9","299",,,,,,,,,,,,,"226","2","798","172","7","0",,"1","1FFFFF","1AAAAAAAA1AAAA","4",,,,,,,,,,,,,,,
"SHIP","2016-09-04T15:00:00","26.40","128.30",,,"1","4","0","0","5","4",,"2","0","110","4","51",,"98","2","0","10084","7","15","0","290","0","270",,"264","1","275","3","2","2","4","3","2",,"6","1","38",,,"226","68","992","114","5","1","2","1","111111","11111111111A71",,,"1","0",,,,,,,,,,,"4",
"V7OE5","2016-09-04T15:00:00","20.70","120.00",,,"1","4","0","0","5","4","1","1","0","160","4","103",,"98","51","5","10065","2","10","0","270","0","265",,"263","3",,"8","8","8","5","A","A",,"5","2",,,,"226","0","992","114","5","1","2","1","711111","111111111111A1",,,"1","2",,,,,,,,,,,"4",
"3200560","2016-09-04T16:00:00","20.24","122.74",,,"1","4","2","5",,,,"11",,,,,,,,,,,,"8",,,,,,"9","299",,,,,,,,,,,,,"226","2","798","172","7","1","2","1","1FFFFF","1AAAAAAAA1AAAA","4",,,,,,,,,,,,,,,
"3200560","2016-09-04T17:00:00","20.26","122.76",,,"1","4","2","5",,,,"11",,,,,,,,,,,,"8",,,,,,"9","299",,,,,,,,,,,,,"226","2","798","172","7","1","2","1","1FFFFF","1AAAAAAAA1AAAA","4",,,,,,,,,,,,,,,
"3200560","2016-09-04T18:00:00","20.26","122.76",,,"1","4","2","5",,,,"11",,,,,,,,,,,,"8",,,,,,"9","299",,,,,,,,,,,,,"226","2","798","172","7","1","2","1","1FFFFF","1AAAAAAAA1AAAA","4",,,,,,,,,,,,,,,
"5100523","2016-09-04T18:00:00","22.31","125.65",,,"1","4","2","5",,,,"11",,,,,,,,,,,,"8",,,,,,"9","300",,,,,,,,,,,,,"226","25","798","172","7","1","2","1","1FFFFF","1AAAAAAAA1AAAA","4",,,,,,,,,,,,,,,
"C6DM2","2016-09-04T18:00:00","25.40","121.60",,,"1","4","0","0","6","4",,"1","0","90","4","93",,"97","3","1","10070","0","10","0","280","0","270",,"267","3","280","6","5","1","7","3","A",,"2","1","5","6","1","226","51","992","114","5","1","2","1","111111","11111111111111",,,"1","1","5","4","1",,,,,,,,"4",
"D5AG9","2016-09-04T18:00:00","26.10","124.40",,,"1","4","0","0","0","0",,"1","0",,"3",,,"98","0","1","10070","1",,"0","282","0","270",,"266",,,"3","3","5","5","6","8",,"2","2","5","2","2","226","64","992","114","5","1","2","1","F1FF11","111111111A1117",,,"1","1",,,,,,,,,,,"4",
"3200623","2016-09-04T18:13:00","25.35","128.31",,,"1","4","2","5",,,,"11",,,,,,,,,,,,"8",,,,,,"9","299",,,,,,,,,,,,,"226","58","798","172","7","0",,"1","1FFFFF","1AAAAAAAA1AAAA","4",,,,,,,,,,,,,,,
"5100523","2016-09-04T18:14:00","22.31","125.65",,,"1","4","2","5",,,,"11",,,,,,,,,,,,"8",,,,,,"9","300",,,,,,,,,,,,,"226","25","798","172","7","0",,"1","1FFFFF","1AAAAAAAA1AAAA","4",,,,,,,,,,,,,,,
"3200560","2016-09-04T18:15:00","20.26","122.76",,,"1","4","2","5",,,,"11",,,,,,,,,,,,"8",,,,,,"9","299",,,,,,,,,,,,,"226","2","798","172","7","0",,"1","1FFFFF","1AAAAAAAA1AAAA","4",,,,,,,,,,,,,,,
"5100523","2016-09-04T18:15:00","22.31","125.65",,,"1","4","2","5",,,,"11",,,,,,,,,,,,"8",,,,,,"9","300",,,,,,,,,,,,,"226","25","798","172","7","1","2","1","1FFFFF","1AAAAAAAA1AAAA","4",,,,,,,,,,,,,,,
"3200623","2016-09-04T18:17:00","25.35","128.31",,,"1","4","2","5",,,,"11",,,,,,,,,,,,"8",,,,,,"9","299",,,,,,,,,,,,,"226","58","798","172","7","1","2","1","1FFFFF","1AAAAAAAA1AAAA","4",,,,,,,,,,,,,,,
"3200560","2016-09-04T19:00:00","20.26","122.76",,,"1","4","2","5",,,,"11",,,,,,,,,,,,"8",,,,,,"9","299",,,,,,,,,,,,,"226","2","798","172","7","0",,"1","1FFFFF","1AAAAAAAA1AAAA","4",,,,,,,,,,,,,,,
"3200623","2016-09-04T19:37:00","25.35","128.32",,,"1","4","2","5",,,,"11",,,,,,,,,,,,"8",,,,,,"9","299",,,,,,,,,,,,,"226","58","798","172","7","0",,"1","1FFFFF","1AAAAAAAA1AAAA","4",,,,,,,,,,,,,,,
"3200623","2016-09-04T19:39:00","25.35","128.32",,,"1","4","2","5",,,,"11",,,,,,,,,,,,"8",,,,,,"9","299",,,,,,,,,,,,,"226","58","798","172","7","0",,"1","1FFFFF","1AAAAAAAA1AAAA","4",,,,,,,,,,,,,,,
"5100523","2016-09-04T19:45:00","22.35","125.65",,,"1","4","2","5",,,,"11",,,,,,,,,,,,"8",,,,,,"9","300",,,,,,,,,,,,,"226","25","798","172","7","0",,"1","1FFFFF","1AAAAAAAA1AAAA","4",,,,,,,,,,,,,,,
"3200623","2016-09-04T19:53:00","25.35","128.32",,,"1","4","2","5",,,,"11",,,,,,,,,,,,"8",,,,,,"9","299",,,,,,,,,,,,,"226","58","798","172","7","0",,"1","1FFFFF","1AAAAAAAA1AAAA","4",,,,,,,,,,,,,,,
"5100523","2016-09-04T19:54:00","22.35","125.65",,,"1","4","2","5",,,,"11",,,,,,,,,,,,"8",,,,,,"9","300",,,,,,,,,,,,,"226","25","798","172","7","0",,"1","1FFFFF","1AAAAAAAA1AAAA","4",,,,,,,,,,,,,,,
"3200560","2016-09-04T19:55:00","20.27","122.77",,,"1","4","2","5",,,,"11",,,,,,,,,,,,"8",,,,,,"9","298",,,,,,,,,,,,,"226","2","798","172","7","0",,"1","1FFFFF","1AAAAAAAA1AAAA","4",,,,,,,,,,,,,,,
"3200623","2016-09-04T19:55:00","25.35","128.32",,,"1","4","2","5",,,,"11",,,,,,,,,,,,"8",,,,,,"9","299",,,,,,,,,,,,,"226","58","798","172","7","1","2","1","1FFFFF","1AAAAAAAA1AAAA","4",,,,,,,,,,,,,,,
"3200623","2016-09-04T19:58:00","25.35","128.32",,,"1","4","2","5",,,,"11",,,,,,,,,,,,"8",,,,,,"9","299",,,,,,,,,,,,,"226","58","798","172","7","1","2","1","1FFFFF","1AAAAAAAA1AAAA","4",,,,,,,,,,,,,,,
"3200560","2016-09-04T20:00:00","20.27","122.77",,,"1","4","2","5",,,,"11",,,,,,,,,,,,"8",,,,,,"9","298",,,,,,,,,,,,,"226","2","798","172","7","0",,"1","1FFFFF","1AAAAAAAA1AAAA","4",,,,,,,,,,,,,,,
"5100523","2016-09-04T20:00:00","22.35","125.65",,,"1","4","2","5",,,,"11",,,,,,,,,,,,"8",,,,,,"9","300",,,,,,,,,,,,,"226","25","798","172","7","1","2","1","1FFFFF","1AAAAAAAA1AAAA","4",,,,,,,,,,,,,,,
"ONBF","2016-09-04T20:00:00","22.30","122.50",,,"1","4","0","0","1","2",,"1","0","30","3","36",,"98","1","2","10060","6","10","3","280","0","270",,"270","1","250","6","6","2","1","4","A",,"3","1","24","8","2","226","22","992","114","5","1","2","1","111111","11111111111111",,,"1","2",,,,,,,,,,,"4",
"3200623","2016-09-04T20:06:00","25.35","128.32",,,"1","4","2","5",,,,"11",,,,,,,,,,,,"8",,,,,,"9","299",,,,,,,,,,,,,"226","58","798","172","7","0",,"1","1FFFFF","1AAAAAAAA1AAAA","4",,,,,,,,,,,,,,,
"5100523","2016-09-04T20:30:00","22.36","125.66",,,"1","4","2","5",,,,"11",,,,,,,,,,,,"8",,,,,,"9","300",,,,,,,,,,,,,"226","25","798","172","7","0",,"1","1FFFFF","1AAAAAAAA1AAAA","4",,,,,,,,,,,,,,,
"3200623","2016-09-04T20:45:00","25.35","128.32",,,"1","4","2","5",,,,"11",,,,,,,,,,,,"8",,,,,,"9","299",,,,,,,,,,,,,"226","58","798","172","7","0",,"1","1FFFFF","1AAAAAAAA1AAAA","4",,,,,,,,,,,,,,,
"5100523","2016-09-04T20:45:00","22.36","125.66",,,"1","4","2","5",,,,"11",,,,,,,,,,,,"8",,,,,,"9","300",,,,,,,,,,,,,"226","25","798","172","7","0",,"1","1FFFFF","1AAAAAAAA1AAAA","4",,,,,,,,,,,,,,,
"5100523","2016-09-04T20:47:00","22.36","125.66",,,"1","4","2","5",,,,"11",,,,,,,,,,,,"8",,,,,,"9","301",,,,,,,,,,,,,"226","25","798","172","7","1","2","1","1FFFFF","1AAAAAAAA1AAAA","4",,,,,,,,,,,,,,,
"3200560","2016-09-04T21:00:00","20.28","122.77",,,"1","4","2","5",,,,"11",,,,,,,,,,,,"8",,,,,,"9","298",,,,,,,,,,,,,"226","2","798","172","7","0",,"1","1FFFFF","1AAAAAAAA1AAAA","4",,,,,,,,,,,,,,,
"5100523","2016-09-04T21:00:00","22.36","125.66",,,"1","4","2","5",,,,"11",,,,,,,,,,,,"8",,,,,,"9","300",,,,,,,,,,,,,"226","25","798","172","7","0",,"1","1FFFFF","1AAAAAAAA1AAAA","4",,,,,,,,,,,,,,,
"SHIP","2016-09-04T21:00:00","25.10","126.80",,,"1","4","0","0","5","4",,"2","0","340","4","67",,"98","2","1","10059","7","16","0","290","0","260",,"250","1","275","2","2","1","3","3","1",,"2","1","13","2","1","226","56","992","114","5","1","2","1","111111","11111111111111",,,"1","1",,,,,,,,,,,"4",
"3200560","2016-09-04T21:15:00","20.28","122.77",,,"1","4","2","5",,,,"11",,,,,,,,,,,,"8",,,,,,"9","298",,,,,,,,,,,,,"226","2","798","172","7","0",,"1","1FFFFF","1AAAAAAAA1AAAA","4",,,,,,,,,,,,,,,
"3200623","2016-09-04T21:15:00","25.34","128.32",,,"1","4","2","5",,,,"11",,,,,,,,,,,,"8",,,,,,"9","299",,,,,,,,,,,,,"226","58","798","172","7","0",,"1","1FFFFF","1AAAAAAAA1AAAA","4",,,,,,,,,,,,,,,
"5100523","2016-09-04T21:15:00","22.37","125.65",,,"1","4","2","5",,,,"11",,,,,,,,,,,,"8",,,,,,"9","300",,,,,,,,,,,,,"226","25","798","172","7","0",,"1","1FFFFF","1AAAAAAAA1AAAA","4",,,,,,,,,,,,,,,
"5100523","2016-09-04T21:16:00","22.37","125.65",,,"1","4","2","5",,,,"11",,,,,,,,,,,,"8",,,,,,"9","300",,,,,,,,,,,,,"226","25","798","172","7","0",,"1","1FFFFF","1AAAAAAAA1AAAA","4",,,,,,,,,,,,,,,
"3200623","2016-09-04T21:20:00","25.34","128.32",,,"1","4","2","5",,,,"11",,,,,,,,,,,,"8",,,,,,"9","299",,,,,,,,,,,,,"226","58","798","172","7","0",,"1","1FFFFF","1AAAAAAAA1AAAA","4",,,,,,,,,,,,,,,
"5100523","2016-09-04T21:30:00","22.36","125.66",,,"1","4","2","5",,,,"11",,,,,,,,,,,,"8",,,,,,"9","301",,,,,,,,,,,,,"226","25","798","172","7","1","2","1","1FFFFF","1AAAAAAAA1AAAA","4",,,,,,,,,,,,,,,
"3200560","2016-09-04T21:45:00","20.29","122.78",,,"1","4","2","5",,,,"11",,,,,,,,,,,,"8",,,,,,"9","298",,,,,,,,,,,,,"226","2","798","172","7","0",,"2","1FFFFF","1AAAAAAAA1AAAA","4",,,,,,,,,,,,,,,
"3200623","2016-09-04T21:45:00","25.35","128.31",,,"1","4","2","5",,,,"11",,,,,,,,,,,,"8",,,,,,"9","299",,,,,,,,,,,,,"226","58","798","172","7","0",,"2","1FFFFF","1AAAAAAAA1AAAA","4",,,,,,,,,,,,,,,
"5100523","2016-09-04T21:45:00","22.36","125.66",,,"1","4","2","5",,,,"11",,,,,,,,,,,,"8",,,,,,"9","300",,,,,,,,,,,,,"226","25","798","172","7","1","2","2","1FFFFF","1AAAAAAAA1AAAA","4",,,,,,,,,,,,,,,
"3200623","2016-09-04T21:46:00","25.35","128.31",,,"1","4","2","5",,,,"11",,,,,,,,,,,,"8",,,,,,"9","299",,,,,,,,,,,,,"226","58","798","172","7","1","2","2","1FFFFF","1AAAAAAAA1AAAA","4",,,,,,,,,,,,,,,
"3200623","2016-09-04T21:48:00","25.35","128.31",,,"1","4","2","5",,,,"11",,,,,,,,,,,,"8",,,,,,"9","299",,,,,,,,,,,,,"226","58","798","172","7","1","2","2","1FFFFF","1AAAAAAAA1AAAA","4",,,,,,,,,,,,,,,
"3200560","2016-09-04T22:00:00","20.29","122.78",,,"1","4","2","5",,,,"11",,,,,,,,,,,,"8",,,,,,"9","298",,,,,,,,,,,,,"226","2","798","172","7","1","2","2","1FFFFF","1AAAAAAAA1AAAA","4",,,,,,,,,,,,,,,
"9V2735","2016-09-04T22:00:00","21.60","128.40",,,"1","4","0","0","0","0",,"1","0","180","4","98",,"97",,"2","10100","4","0","3","280","0","260",,"250","1","300","8","8","1","9","7","A",,"5","4","18","5","4","226","18","992","114","5","1","2","2","111111","111A1111111111",,,"1","2","18","5","4",,,,,,,,"4",
"5100523","2016-09-04T22:15:00","22.39","125.66",,,"1","4","2","5",,,,"11",,,,,,,,,,,,"8",,,,,,"9","300",,,,,,,,,,,,,"226","25","798","172","7","1","2","2","1FFFFF","1AAAAAAAA1AAAA","4",,,,,,,,,,,,,,,
"3200623","2016-09-04T22:27:00","25.35","128.32",,,"1","4","2","5",,,,"11",,,,,,,,,,,,"8",,,,,,"9","299",,,,,,,,,,,,,"226","58","798","172","7","1","2","2","1FFFFF","1AAAAAAAA1AAAA","4",,,,,,,,,,,,,,,
"5100523","2016-09-04T22:27:00","22.39","125.66",,,"1","4","2","5",,,,"11",,,,,,,,,,,,"8",,,,,,"9","301",,,,,,,,,,,,,"226","25","798","172","7","1","2","2","1FFFFF","1AAAAAAAA1AAAA","4",,,,,,,,,,,,,,,
"5100523","2016-09-04T22:30:00","22.39","125.66",,,"1","4","2","5",,,,"11",,,,,,,,,,,,"8",,,,,,"9","300",,,,,,,,,,,,,"226","25","798","172","7","1","2","2","1FFFFF","1AAAAAAAA1AAAA","4",,,,,,,,,,,,,,,
"3200623","2016-09-04T22:32:00","25.35","128.32",,,"1","4","2","5",,,,"11",,,,,,,,,,,,"8",,,,,,"9","299",,,,,,,,,,,,,"226","58","798","172","7","1","2","2","1FFFFF","1AAAAAAAA1AAAA","4",,,,,,,,,,,,,,,
"5100523","2016-09-04T22:45:00","22.39","125.66",,,"1","4","2","5",,,,"11",,,,,,,,,,,,"8",,,,,,"9","301",,,,,,,,,,,,,"226","25","798","172","7","1","2","2","1FFFFF","1AAAAAAAA1AAAA","4",,,,,,,,,,,,,,,
"3200560","2016-09-04T22:54:00","20.29","122.79",,,"1","4","2","5",,,,"11",,,,,,,,,,,,"8",,,,,,"9","298",,,,,,,,,,,,,"226","2","798","172","7","0",,"2","1FFFFF","1AAAAAAAA1AAAA","4",,,,,,,,,,,,,,,
"3200623","2016-09-04T22:54:00","25.35","128.32",,,"1","4","2","5",,,,"11",,,,,,,,,,,,"8",,,,,,"9","299",,,,,,,,,,,,,"226","58","798","172","7","1","2","2","1FFFFF","1AAAAAAAA1AAAA","4",,,,,,,,,,,,,,,
"3200560","2016-09-04T23:00:00","20.29","122.79",,,"1","4","2","5",,,,"11",,,,,,,,,,,,"8",,,,,,"9","298",,,,,,,,,,,,,"226","2","798","172","7","0",,"2","1FFFFF","1AAAAAAAA1AAAA","4",,,,,,,,,,,,,,,
"5100523","2016-09-04T23:45:00","22.39","125.66",,,"1","4","2","5",,,,"11",,,,,,,,,,,,"8",,,,,,"9","301",,,,,,,,,,,,,"226","25","798","172","7","0",,"2","1FFFFF","1AAAAAAAA1AAAA","4",,,,,,,,,,,,,,,
"3200623","2016-09-04T23:49:00","25.35","128.32",,,"1","3","2","5",,,,"11",,,,,,,,,,,,,,,,,,,,,,,,,,,,,,,,"226","58","798","172","7","0",,"2","FFFFFF","1AAAAAAAAAAAAA","4",,,,,,,,,,,,,,,
"3200560","2016-09-05T00:00:00","20.30","122.82",,,"1","4","2","5",,,,"11",,,,,,,,,,,,"8",,,,,,"9","298",,,,,,,,,,,,,"226","2","798","172","7","0",,"2","1FFFFF","1AAAAAAAA1AAAA","4",,,,,,,,,,,,,,,
"C6DM2","2016-09-05T00:00:00","24.80","120.10",,,"1","4","0","0","5","4",,"1","0","80","4","93",,"97",,"2","10060","6","10","0","300","0","280",,"274","3","280","8","7","2","2","9","A",,"8","2","7","7","3","226","40","992","114","5","1","2","2","111111","111A1111111111",,,"1","1","8","10","3",,,,,,,,"4",
"D5AG9","2016-09-05T00:00:00","26.10","124.50",,,"1","4","0","0","0","0",,"1","0","60","3","77",,"97",,,"10080","5","20","0","295","0","275",,"269","1",,"4","1","1","4","0","0",,"4","2",,,,"226","64","992","114","5","1","2","2","711111","111AA1111111A1",,,"3",,,,,,,,,,,,"4",
"5100523","2016-09-05T00:30:00","22.42","125.67",,,"1","4","2","5",,,,"11",,,,,,,,,,,,"8",,,,,,"9","301",,,,,,,,,,,,,"226","25","798","172","7","0",,"2","1FFFFF","1AAAAAAAA1AAAA","4",,,,,,,,,,,,,,,
"5100523","2016-09-05T00:39:00","22.42","125.67",,,"1","4","2","5",,,,"11",,,,,,,,,,,,"8",,,,,,"9","301",,,,,,,,,,,,,"226","25","798","172","7","0",,"2","1FFFFF","1AAAAAAAA1AAAA","4",,,,,,,,,,,,,,,
"3200560","2016-09-05T00:41:00","20.30","122.82",,,"1","4","2","5",,,,"11",,,,,,,,,,,,"8",,,,,,"9","298",,,,,,,,,,,,,"226","2","798","172","7","0",,"2","1FFFFF","1AAAAAAAA1AAAA","4",,,,,,,,,,,,,,,
"3200623","2016-09-05T00:41:00","25.36","128.32",,,"1","4","2","5",,,,"11",,,,,,,,,,,,"8",,,,,,"9","299",,,,,,,,,,,,,"226","58","798","172","7","0",,"2","1FFFFF","1AAAAAAAA1AAAA","4",,,,,,,,,,,,,,,
"3200623","2016-09-05T00:43:00","25.36","128.32",,,"1","4","2","5",,,,"11",,,,,,,,,,,,"8",,,,,,"9","299",,,,,,,,,,,,,"226","58","798","172","7","0",,"2","1FFFFF","1AAAAAAAA1AAAA","4",,,,,,,,,,,,,,,
"5100523","2016-09-05T00:45:00","22.42","125.67",,,"1","4","2","5",,,,"11",,,,,,,,,,,,"8",,,,,,"9","301",,,,,,,,,,,,,"226","25","798","172","7","0",,"2","1FFFFF","1AAAAAAAA1AAAA","4",,,,,,,,,,,,,,,
"3200560","2016-09-05T01:00:00","20.30","122.82",,,"1","4","2","5",,,,"11",,,,,,,,,,,,"8",,,,,,"9","298",,,,,,,,,,,,,"226","2","798","172","7","1","2","2","1FFFFF","1AAAAAAAA1AAAA","4",,,,,,,,,,,,,,,
"VRKB8","2016-09-05T01:00:00","29.10","123.80",,,"1","4","0","0","1","4","1","1","0","50","4","87",,"97","2","0","10110","3","25","0","295","0","250",,"230",,,"4","3","2","3","6","A",,"5","1","4","5","1","226","93","992","114","5","1","2","2","F11111","111111111A1111",,,"1","0",,,,,,,,,,,"4",
"5100523","2016-09-05T01:15:00","22.39","125.66",,,"1","4","2","5",,,,"11",,,,,,,,,,,,"8",,,,,,"9","301",,,,,,,,,,,,,"226","25","798","172","7","1","2","2","1FFFFF","1AAAAAAAA1AAAA","4",,,,,,,,,,,,,,,
"5100523","2016-09-05T01:29:00","22.43","125.67",,,"1","4","2","5",,,,"11",,,,,,,,,,,,"8",,,,,,"9","301",,,,,,,,,,,,,"226","25","798","172","7","0",,"2","1FFFFF","1AAAAAAAA1AAAA","4",,,,,,,,,,,,,,,
"5100523","2016-09-05T01:30:00","22.43","125.67",,,"1","4","2","5",,,,"11",,,,,,,,,,,,"8",,,,,,"9","301",,,,,,,,,,,,,"226","25","798","172","7","1","2","2","1FFFFF","1AAAAAAAA1AAAA","4",,,,,,,,,,,,,,,
"3200623","2016-09-05T01:34:00","25.36","128.32",,,"1","4","2","5",,,,"11",,,,,,,,,,,,"8",,,,,,"9","299",,,,,,,,,,,,,"226","58","798","172","7","1","2","2","1FFFFF","1AAAAAAAA1AAAA","4",,,,,,,,,,,,,,,
"3200560","2016-09-05T02:00:00","20.30","122.82",,,"1","4","2","5",,,,"11",,,,,,,,,,,,"8",,,,,,"9","298",,,,,,,,,,,,,"226","2","798","172","7","0",,"2","1FFFFF","1AAAAAAAA1AAAA","4",,,,,,,,,,,,,,,
"5100523","2016-09-05T02:15:00","22.45","125.66",,,"1","4","2","5",,,,"11",,,,,,,,,,,,"8",,,,,,"9","301",,,,,,,,,,,,,"226","25","798","172","7","1","2","2","1FFFFF","1AAAAAAAA1AAAA","4",,,,,,,,,,,,,,,
"3200623","2016-09-05T02:20:00","25.36","128.33",,,"1","4","2","5",,,,"11",,,,,,,,,,,,"8",,,,,,"9","300",,,,,,,,,,,,,"226","58","798","172","7","1","2","2","1FFFFF","1AAAAAAAA1AAAA","4",,,,,,,,,,,,,,,
"5100523","2016-09-05T02:20:00","22.45","125.66",,,"1","4","2","5",,,,"11",,,,,,,,,,,,"8",,,,,,"9","301",,,,,,,,,,,,,"226","25","798","172","7","1","2","2","1FFFFF","1AAAAAAAA1AAAA","4",,,,,,,,,,,,,,,
"3200560","2016-09-05T02:22:00","20.30","122.82",,,"1","4","2","5",,,,"11",,,,,,,,,,,,"8",,,,,,"9","298",,,,,,,,,,,,,"226","2","798","172","7","0",,"2","1FFFFF","1AAAAAAAA1AAAA","4",,,,,,,,,,,,,,,
"3200623","2016-09-05T02:24:00","25.36","128.33",,,"1","4","2","5",,,,"11",,,,,,,,,,,,"8",,,,,,"9","299",,,,,,,,,,,,,"226","58","798","172","7","1","2","2","1FFFFF","1AAAAAAAA1AAAA","4",,,,,,,,,,,,,,,
"3200560","2016-09-05T03:00:00","20.30","122.82",,,"1","4","2","5",,,,"11",,,,,,,,,,,,"8",,,,,,"9","298",,,,,,,,,,,,,"226","2","798","172","7","0",,"2","1FFFFF","1AAAAAAAA1AAAA","4",,,,,,,,,,,,,,,
"3200560","2016-09-05T04:00:00","20.34","122.83",,,"1","4","2","5",,,,"11",,,,,,,,,,,,"8",,,,,,"9","298",,,,,,,,,,,,,"226","2","798","172","7","0",,"2","1FFFFF","1AAAAAAAA1AAAA","4",,,,,,,,,,,,,,,
"3200560","2016-09-05T05:00:00","20.30","122.82",,,"1","4","2","5",,,,"11",,,,,,,,,,,,"8",,,,,,"9","298",,,,,,,,,,,,,"226","2","798","172","7","0",,"2","1FFFFF","1AAAAAAAA1AAAA","4",,,,,,,,,,,,,,,
"5100523","2016-09-05T05:15:00","22.45","125.66",,,"1","4","2","5",,,,"11",,,,,,,,,,,,"8",,,,,,"9","300",,,,,,,,,,,,,"226","25","798","172","7","0",,"2","1FFFFF","1AAAAAAAA1AAAA","4",,,,,,,,,,,,,,,
"3200623","2016-09-05T05:26:00","25.36","128.33",,,"1","4","2","5",,,,"11",,,,,,,,,,,,"8",,,,,,"9","300",,,,,,,,,,,,,"226","58","798","172","7","0",,"2","1FFFFF","1AAAAAAAA1AAAA","4",,,,,,,,,,,,,,,
"3200623","2016-09-05T05:27:00","25.39","128.34",,,"1","4","2","5",,,,"11",,,,,,,,,,,,"8",,,,,,"9","300",,,,,,,,,,,,,"226","58","798","172","7","1","2","2","1FFFFF","1AAAAAAAA1AAAA","4",,,,,,,,,,,,,,,
"3200560","2016-09-05T05:28:00","20.34","122.83",,,"1","4","2","5",,,,"11",,,,,,,,,,,,"8",,,,,,"9","298",,,,,,,,,,,,,"226","2","798","172","7","0",,"2","1FFFFF","1AAAAAAAA1AAAA","4",,,,,,,,,,,,,,,
"5100523","2016-09-05T05:28:00","22.50","125.70",,,"1","4","2","5",,,,"11",,,,,,,,,,,,"8",,,,,,"9","300",,,,,,,,,,,,,"226","25","798","172","7","1","2","2","1FFFFF","1AAAAAAAA1AAAA","4",,,,,,,,,,,,,,,
"3200623","2016-09-05T05:29:00","25.39","128.34",,,"1","4","2","5",,,,"11",,,,,,,,,,,,"8",,,,,,"9","300",,,,,,,,,,,,,"226","58","798","172","7","0",,"2","1FFFFF","1AAAAAAAA1AAAA","4",,,,,,,,,,,,,,,
"5100523","2016-09-05T05:30:00","22.50","125.70",,,"1","4","2","5",,,,"11",,,,,,,,,,,,"8",,,,,,"9","300",,,,,,,,,,,,,"226","25","798","172","7","0",,"2","1FFFFF","1AAAAAAAA1AAAA","4",,,,,,,,,,,,,,,
"3200623","2016-09-05T05:37:00","25.39","128.34",,,"1","3","2","5",,,,"11",,,,,,,,,,,,,,,,,,,,,,,,,,,,,,,,"226","58","798","172","7","1","2","2","FFFFFF","1AAAAAAAAAAAAA","4",,,,,,,,,,,,,,,
"3200560","2016-09-05T06:00:00","20.34","122.83",,,"1","4","2","5",,,,"11",,,,,,,,,,,,"8",,,,,,"9","298",,,,,,,,,,,,,"226","2","798","172","7","0",,"2","1FFFFF","1AAAAAAAA1AAAA","4",,,,,,,,,,,,,,,
"3FSQ2","2016-09-05T06:00:00","22.10","128.30",,,"1","4","0","0",,,,"1","0","180","4","82",,,,,"10006",,,"0","270",,,,,,,"7",,,"A",,,,,"4",,,,"226","28","992","114","5","1","2","2","F1111F","11AAA11AAA13AA",,,"3",,,,,,,,,,,,"4",
"D5AG9","2016-09-05T06:00:00","26.30","124.50",,,"1","4","0","0","8","3",,"1","0","50","3","21",,"98","2","2","10070","5",,"0","305","0","275",,"265",,,"4","4","4","5","6","8",,"2","3","5","3","3","226","64","992","114","5","1","2","2","F11111","111111111A1117",,,"1","2",,,,,,,,,,,"4",
"3200560","2016-09-05T07:00:00","20.34","122.83",,,"1","4","2","5",,,,"11",,,,,,,,,,,,"8",,,,,,"9","298",,,,,,,,,,,,,"226","2","798","172","7","0",,"2","1FFFFF","1AAAAAAAA1AAAA","4",,,,,,,,,,,,,,,
"5100523","2016-09-05T07:00:00","22.50","125.69",,,"1","4","2","5",,,,"11",,,,,,,,,,,,"8",,,,,,"9","300",,,,,,,,,,,,,"226","25","798","172","7","1","2","2","1FFFFF","1AAAAAAAA1AAAA","4",,,,,,,,,,,,,,,
"3200560","2016-09-05T07:08:00","20.36","122.82",,,"1","4","2","5",,,,"11",,,,,,,,,,,,"8",,,,,,"9","298",,,,,,,,,,,,,"226","2","798","172","7","0",,"2","1FFFFF","1AAAAAAAA1AAAA","4",,,,,,,,,,,,,,,
"5100523","2016-09-05T07:08:00","22.53","125.70",,,"1","4","2","5",,,,"11",,,,,,,,,,,,"8",,,,,,"9","300",,,,,,,,,,,,,"226","25","798","172","7","0",,"2","1FFFFF","1AAAAAAAA1AAAA","4",,,,,,,,,,,,,,,
"3200623","2016-09-05T07:13:00","25.40","128.34",,,"1","4","2","5",,,,"11",,,,,,,,,,,,"8",,,,,,"9","299",,,,,,,,,,,,,"226","58","798","172","7","0",,"2","1FFFFF","1AAAAAAAA1AAAA","4",,,,,,,,,,,,,,,
"3200623","2016-09-05T07:14:00","25.39","128.34",,,"1","4","2","5",,,,"11",,,,,,,,,,,,"8",,,,,,"9","299",,,,,,,,,,,,,"226","58","798","172","7","0",,"2","1FFFFF","1AAAAAAAA1AAAA","4",,,,,,,,,,,,,,,
"5100523","2016-09-05T07:15:00","22.53","125.70",,,"1","4","2","5",,,,"11",,,,,,,,,,,,"8",,,,,,"9","300",,,,,,,,,,,,,"226","25","798","172","7","1","2","2","1FFFFF","1AAAAAAAA1AAAA","4",,,,,,,,,,,,,,,
"3200623","2016-09-05T07:16:00","25.40","128.34",,,"1","4","2","5",,,,"11",,,,,,,,,,,,"8",,,,,,"9","299",,,,,,,,,,,,,"226","58","798","172","7","1","2","2","1FFFFF","1AAAAAAAA1AAAA","4",,,,,,,,,,,,,,,
"3200623","2016-09-05T07:55:00","25.41","128.35",,,"1","4","2","5",,,,"11",,,,,,,,,,,,"8",,,,,,"9","299",,,,,,,,,,,,,"226","58","798","172","7","0",,"2","1FFFFF","1AAAAAAAA1AAAA","4",,,,,,,,,,,,,,,
"3200560","2016-09-05T08:00:00","20.36","122.82",,,"1","4","2","5",,,,"11",,,,,,,,,,,,"8",,,,,,"9","298",,,,,,,,,,,,,"226","2","798","172","7","1","2","2","1FFFFF","1AAAAAAAA1AAAA","4",,,,,,,,,,,,,,,
"5100523","2016-09-05T08:00:00","22.53","125.70",,,"1","4","2","5",,,,"11",,,,,,,,,,,,"8",,,,,,"9","300",,,,,,,,,,,,,"226","25","798","172","7","0",,"2","1FFFFF","1AAAAAAAA1AAAA","4",,,,,,,,,,,,,,,
"VRXL8","2016-09-05T08:00:00","29.80","123.10",,,"1","4","0","0","4","3",,"1","0","40","4","62",,"97",,"2","10111","1","1","0","261","0","242",,"235","1","251","2","2","4","5","6","6",,"4","2",,,,"226","93","992","114","5","1","2","2","111111","111A11111111A1",,,"1","2",,,,,,,,,,,"4",
"3200623","2016-09-05T08:02:00","25.41","128.35",,,"1","4","2","5",,,,"11",,,,,,,,,,,,"8",,,,,,"9","299",,,,,,,,,,,,,"226","58","798","172","7","0",,"2","1FFFFF","1AAAAAAAA1AAAA","4",,,,,,,,,,,,,,,
"3200623","2016-09-05T08:03:00","25.41","128.35",,,"1","4","2","5",,,,"11",,,,,,,,,,,,"8",,,,,,"9","299",,,,,,,,,,,,,"226","58","798","172","7","0",,"2","1FFFFF","1AAAAAAAA1AAAA","4",,,,,,,,,,,,,,,
"5100523","2016-09-05T08:45:00","22.53","125.70",,,"1","4","2","5",,,,"11",,,,,,,,,,,,"8",,,,,,"9","300",,,,,,,,,,,,,"226","25","798","172","7","1","2","2","1FFFFF","1AAAAAAAA1AAAA","4",,,,,,,,,,,,,,,
"3200560","2016-09-05T08:49:00","20.38","122.83",,,"1","4","2","5",,,,"11",,,,,,,,,,,,"8",,,,,,"9","298",,,,,,,,,,,,,"226","2","798","172","7","0",,"2","1FFFFF","1AAAAAAAA1AAAA","4",,,,,,,,,,,,,,,
"3200623","2016-09-05T08:49:00","25.43","128.36",,,"1","4","2","5",,,,"11",,,,,,,,,,,,"8",,,,,,"9","299",,,,,,,,,,,,,"226","58","798","172","7","0",,"2","1FFFFF","1AAAAAAAA1AAAA","4",,,,,,,,,,,,,,,
"3200623","2016-09-05T08:52:00","25.41","128.35",,,"1","4","2","5",,,,"11",,,,,,,,,,,,"8",,,,,,"9","299",,,,,,,,,,,,,"226","58","798","172","7","1","2","2","1FFFFF","1AAAAAAAA1AAAA","4",,,,,,,,,,,,,,,
"3200623","2016-09-05T08:58:00","25.43","128.36",,,"1","4","2","5",,,,"11",,,,,,,,,,,,"8",,,,,,"9","299",,,,,,,,,,,,,"226","58","798","172","7","1","2","2","1FFFFF","1AAAAAAAA1AAAA","4",,,,,,,,,,,,,,,
"3200560","2016-09-05T09:00:00","20.38","122.83",,,"1","4","2","5",,,,"11",,,,,,,,,,,,"8",,,,,,"9","298",,,,,,,,,,,,,"226","2","798","172","7","0",,"2","1FFFFF","1AAAAAAAA1AAAA","4",,,,,,,,,,,,,,,
"SHIP","2016-09-05T09:00:00","22.60","123.50",,,"1","4","0","0","5","4",,"2","0","240","4","82",,"98","2","2","10049","6","1","0","270","0","260",,"257","1","275","7","6","4","4","2","6",,"4","1","23","5","2","226","23","992","114","5","1","2","2","111111","11111111111111",,,"1","2",,,,,,,,,,,"4",
"5100523","2016-09-05T09:30:00","22.57","125.73",,,"1","4","2","5",,,,"11",,,,,,,,,,,,"8",,,,,,"9","300",,,,,,,,,,,,,"226","25","798","172","7","0",,"2","1FFFFF","1AAAAAAAA1AAAA","4",,,,,,,,,,,,,,,
"3200623","2016-09-05T09:36:00","25.43","128.37",,,"1","4","2","5",,,,"11",,,,,,,,,,,,"8",,,,,,"9","299",,,,,,,,,,,,,"226","58","798","172","7","0",,"1","1FFFFF","1AAAAAAAA1AAAA","4",,,,,,,,,,,,,,,
"5100523","2016-09-05T09:36:00","22.57","125.73",,,"1","4","2","5",,,,"11",,,,,,,,,,,,"8",,,,,,"9","300",,,,,,,,,,,,,"226","25","798","172","7","0",,"2","1FFFFF","1AAAAAAAA1AAAA","4",,,,,,,,,,,,,,,
"3200623","2016-09-05T09:37:00","25.43","128.37",,,"1","4","2","5",,,,"11",,,,,,,,,,,,"8",,,,,,"9","299",,,,,,,,,,,,,"226","58","798","172","7","0",,"1","1FFFFF","1AAAAAAAA1AAAA","4",,,,,,,,,,,,,,,
"5100523","2016-09-05T09:38:00","22.57","125.74",,,"1","4","2","5",,,,"11",,,,,,,,,,,,"8",,,,,,"9","300",,,,,,,,,,,,,"226","25","798","172","7","1","2","2","1FFFFF","1AAAAAAAA1AAAA","4",,,,,,,,,,,,,,,
"3200560","2016-09-05T09:39:00","20.39","122.84",,,"1","4","2","5",,,,"11",,,,,,,,,,,,"8",,,,,,"9","298",,,,,,,,,,,,,"226","2","798","172","7","0",,"2","1FFFFF","1AAAAAAAA1AAAA","4",,,,,,,,,,,,,,,
"3200623","2016-09-05T09:42:00","25.44","128.38",,,"1","4","2","5",,,,"11",,,,,,,,,,,,"8",,,,,,"9","299",,,,,,,,,,,,,"226","58","798","172","7","0",,"1","1FFFFF","1AAAAAAAA1AAAA","4",,,,,,,,,,,,,,,
"3200623","2016-09-05T09:44:00","25.44","128.38",,,"1","4","2","5",,,,"11",,,,,,,,,,,,"8",,,,,,"9","299",,,,,,,,,,,,,"226","58","798","172","7","1","2","1","1FFFFF","1AAAAAAAA1AAAA","4",,,,,,,,,,,,,,,
"3200623","2016-09-05T09:45:00","25.44","128.38",,,"1","4","2","5",,,,"11",,,,,,,,,,,,"8",,,,,,"9","299",,,,,,,,,,,,,"226","58","798","172","7","1","2","1","1FFFFF","1AAAAAAAA1AAAA","4",,,,,,,,,,,,,,,
"5100523","2016-09-05T09:45:00","22.57","125.74",,,"1","4","2","5",,,,"11",,,,,,,,,,,,"8",,,,,,"9","300",,,,,,,,,,,,,"226","25","798","172","7","1","2","1","1FFFFF","1AAAAAAAA1AAAA","4",,,,,,,,,,,,,,,
"3200623","2016-09-05T09:48:00","25.44","128.38",,,"1","4","2","5",,,,"11",,,,,,,,,,,,"8",,,,,,"9","299",,,,,,,,,,,,,"226","58","798","172","7","1","2","1","1FFFFF","1AAAAAAAA1AAAA","4",,,,,,,,,,,,,,,
"3200560","2016-09-05T10:00:00","20.39","122.84",,,"1","4","2","5",,,,"11",,,,,,,,,,,,"8",,,,,,"9","298",,,,,,,,,,,,,"226","2","798","172","7","1","2","1","1FFFFF","1AAAAAAAA1AAAA","4",,,,,,,,,,,,,,,
"5100523","2016-09-05T10:15:00","22.57","125.73",,,"1","4","2","5",,,,"11",,,,,,,,,,,,"8",,,,,,"9","300",,,,,,,,,,,,,"226","25","798","172","7","1","2","1","1FFFFF","1AAAAAAAA1AAAA","4",,,,,,,,,,,,,,,
"5100523","2016-09-05T10:30:00","22.57","125.74",,,"1","4","2","5",,,,"11",,,,,,,,,,,,"8",,,,,,"9","300",,,,,,,,,,,,,"226","25","798","172","7","1","2","1","1FFFFF","1AAAAAAAA1AAAA","4",,,,,,,,,,,,,,,
"5100523","2016-09-05T10:34:00","22.57","125.73",,,"1","4","2","5",,,,"11",,,,,,,,,,,,"8",,,,,,"9","300",,,,,,,,,,,,,"226","25","798","172","7","0",,"1","1FFFFF","1AAAAAAAA1AAAA","4",,,,,,,,,,,,,,,
"3200623","2016-09-05T10:37:00","25.44","128.38",,,"1","4","2","5",,,,"11",,,,,,,,,,,,"8",,,,,,"9","299",,,,,,,,,,,,,"226","58","798","172","7","1","2","1","1FFFFF","1AAAAAAAA1AAAA","4",,,,,,,,,,,,,,,
"3200560","2016-09-05T11:00:00","20.41","122.83",,,"1","4","2","5",,,,"11",,,,,,,,,,,,"8",,,,,,"9","297",,,,,,,,,,,,,"226","2","798","172","7","1","2","1","1FFFFF","1AAAAAAAA1AAAA","4",,,,,,,,,,,,,,,
"5100523","2016-09-05T11:00:00","22.59","125.73",,,"1","4","2","5",,,,"11",,,,,,,,,,,,"8",,,,,,"9","300",,,,,,,,,,,,,"226","25","798","172","7","1","2","1","1FFFFF","1AAAAAAAA1AAAA","4",,,,,,,,,,,,,,,
"9V2735","2016-09-05T11:00:00","21.70","128.60",,,"1","4","0","0","0","0",,"1","0","180","4","98",,"97",,"2","10130","4","0","3","250","0","220",,"210","1","300","8","8","9","9","7","A",,"5","2","18","5","2","226","18","992","114","5","1","2","1","111111","111A1111111111",,,"1","2","18","5","2",,,,,,,,"4",
"5100523","2016-09-05T11:15:00","22.59","125.73",,,"1","4","2","5",,,,"11",,,,,,,,,,,,"8",,,,,,"9","299",,,,,,,,,,,,,"226","25","798","172","7","1","2","1","1FFFFF","1AAAAAAAA1AAAA","4",,,,,,,,,,,,,,,
"3200623","2016-09-05T11:16:00","25.45","128.38",,,"1","4","2","5",,,,"11",,,,,,,,,,,,"8",,,,,,"9","299",,,,,,,,,,,,,"226","58","798","172","7","0",,"1","1FFFFF","1AAAAAAAA1AAAA","4",,,,,,,,,,,,,,,
"5100523","2016-09-05T11:16:00","22.59","125.73",,,"1","4","2","5",,,,"11",,,,,,,,,,,,"8",,,,,,"9","300",,,,,,,,,,,,,"226","25","798","172","7","1","2","1","1FFFFF","1AAAAAAAA1AAAA","4",,,,,,,,,,,,,,,
"3200560","2016-09-05T11:17:00","20.41","122.83",,,"1","4","2","5",,,,"11",,,,,,,,,,,,"8",,,,,,"9","297",,,,,,,,,,,,,"226","2","798","172","7","0",,"1","1FFFFF","1AAAAAAAA1AAAA","4",,,,,,,,,,,,,,,
"3200623","2016-09-05T11:18:00","25.45","128.38",,,"1","4","2","5",,,,"11",,,,,,,,,,,,"8",,,,,,"9","299",,,,,,,,,,,,,"226","58","798","172","7","1","2","1","1FFFFF","1AAAAAAAA1AAAA","4",,,,,,,,,,,,,,,
"5100523","2016-09-05T11:45:00","22.59","125.76",,,"1","4","2","5",,,,"11",,,,,,,,,,,,"8",,,,,,"9","299",,,,,,,,,,,,,"226","25","798","172","7","1","2","1","1FFFFF","1AAAAAAAA1AAAA","4",,,,,,,,,,,,,,,
"3200623","2016-09-05T11:52:00","25.45","128.40",,,"1","4","2","5",,,,"11",,,,,,,,,,,,"8",,,,,,"9","299",,,,,,,,,,,,,"226","58","798","172","7","1","2","1","1FFFFF","1AAAAAAAA1AAAA","4",,,,,,,,,,,,,,,
"5100523","2016-09-05T11:52:00","22.59","125.76",,,"1","4","2","5",,,,"11",,,,,,,,,,,,"8",,,,,,"9","299",,,,,,,,,,,,,"226","25","798","172","7","0",,"1","1FFFFF","1AAAAAAAA1AAAA","4",,,,,,,,,,,,,,,
"3200623","2016-09-05T11:53:00","25.44","128.38",,,"1","4","2","5",,,,"11",,,,,,,,,,,,"8",,,,,,"9","299",,,,,,,,,,,,,"226","58","798","172","7","1","2","1","1FFFFF","1AAAAAAAA1AAAA","4",,,,,,,,,,,,,,,
"3200623","2016-09-05T11:58:00","25.45","128.40",,,"1","4","2","5",,,,"11",,,,,,,,,,,,"8",,,,,,"9","299",,,,,,,,,,,,,"226","58","798","172","7","1","2","1","1FFFFF","1AAAAAAAA1AAAA","4",,,,,,,,,,,,,,,
"3200560","2016-09-05T12:00:00","20.41","122.83",,,"1","4","2","5",,,,"11",,,,,,,,,,,,"8",,,,,,"9","297",,,,,,,,,,,,,"226","2","798","172","7","1","2","1","1FFFFF","1AAAAAAAA1AAAA","4",,,,,,,,,,,,,,,
"D5AG9","2016-09-05T12:00:00","26.50","124.60",,,"1","4","0","0","1","3",,"1","0","60","3","72",,"97",,,"10071","0","0","0","285","0","270",,"265","1","330",,,"8","A","7","A",,"4","3",,,,"226","64","992","114","5","1","2","1","511111","111AA1111181A1",,,"3",,,,,,,,,,,,"4",
"OWNT2","2016-09-05T12:00:00","20.00","120.50",,,"1","4","0","0","3","4","1","1","0","230","3","129",,"96","63","2","10066","2","24","0","274","0","242",,"227","1","307",,,,"A",,,,"4","2","22","4","3","226","0","992","114","5","1","2","1","111111","11111111118111",,,"1","2",,,,,,,,,,,"4",
"5100523","2016-09-05T12:30:00","22.61","125.75",,,"1","4","2","5",,,,"11",,,,,,,,,,,,"8",,,,,,"9","299",,,,,,,,,,,,,"226","25","798","172","7","1","2","1","1FFFFF","1AAAAAAAA1AAAA","4",,,,,,,,,,,,,,,
"5100523","2016-09-05T12:45:00","22.61","125.75",,,"1","4","2","5",,,,"11",,,,,,,,,,,,"8",,,,,,"9","299",,,,,,,,,,,,,"226","25","798","172","7","1","2","1","1FFFFF","1AAAAAAAA1AAAA","4",,,,,,,,,,,,,,,
"3200623","2016-09-05T12:46:00","25.45","128.39",,,"1","4","2","5",,,,"11",,,,,,,,,,,,"8",,,,,,"9","299",,,,,,,,,,,,,"226","58","798","172","7","1","2","1","1FFFFF","1AAAAAAAA1AAAA","4",,,,,,,,,,,,,,,
"3200560","2016-09-05T12:47:00","20.41","122.85",,,"1","4","2","5",,,,"11",,,,,,,,,,,,"8",,,,,,"9","298",,,,,,,,,,,,,"226","2","798","172","7","0",,"1","1FFFFF","1AAAAAAAA1AAAA","4",,,,,,,,,,,,,,,
"5100523","2016-09-05T12:48:00","22.61","125.75",,,"1","4","2","5",,,,"11",,,,,,,,,,,,"8",,,,,,"9","299",,,,,,,,,,,,,"226","25","798","172","7","0",,"1","1FFFFF","1AAAAAAAA1AAAA","4",,,,,,,,,,,,,,,
"3200560","2016-09-05T13:00:00","20.41","122.85",,,"1","4","2","5",,,,"11",,,,,,,,,,,,"8",,,,,,"9","298",,,,,,,,,,,,,"226","2","798","172","7","1","2","1","1FFFFF","1AAAAAAAA1AAAA","4",,,,,,,,,,,,,,,
"5100523","2016-09-05T13:15:00","22.62","125.76",,,"1","4","2","5",,,,"11",,,,,,,,,,,,"8",,,,,,"9","299",,,,,,,,,,,,,"226","25","798","172","7","1","2","1","1FFFFF","1AAAAAAAA1AAAA","4",,,,,,,,,,,,,,,
"5100523","2016-09-05T13:30:00","22.62","125.76",,,"1","4","2","5",,,,"11",,,,,,,,,,,,"8",,,,,,"9","299",,,,,,,,,,,,,"226","25","798","172","7","1","2","1","1FFFFF","1AAAAAAAA1AAAA","4",,,,,,,,,,,,,,,
"3200560","2016-09-05T13:32:00","20.42","122.85",,,"1","4","2","5",,,,"11",,,,,,,,,,,,"8",,,,,,"9","298",,,,,,,,,,,,,"226","2","798","172","7","0",,"1","1FFFFF","1AAAAAAAA1AAAA","4",,,,,,,,,,,,,,,
"5100523","2016-09-05T13:32:00","22.62","125.76",,,"1","4","2","5",,,,"11",,,,,,,,,,,,"8",,,,,,"9","299",,,,,,,,,,,,,"226","25","798","172","7","0",,"1","1FFFFF","1AAAAAAAA1AAAA","4",,,,,,,,,,,,,,,
"3200623","2016-09-05T13:33:00","25.47","128.43",,,"1","4","2","5",,,,"11",,,,,,,,,,,,"8",,,,,,"9","298",,,,,,,,,,,,,"226","58","798","172","7","0",,"1","1FFFFF","1AAAAAAAA1AAAA","4",,,,,,,,,,,,,,,
"3200623","2016-09-05T13:37:00","25.47","128.43",,,"1","4","2","5",,,,"11",,,,,,,,,,,,"8",,,,,,"9","298",,,,,,,,,,,,,"226","58","798","172","7","1","2","1","1FFFFF","1AAAAAAAA1AAAA","4",,,,,,,,,,,,,,,
"3200560","2016-09-05T14:00:00","20.42","122.85",,,"1","4","2","5",,,,"11",,,,,,,,,,,,"8",,,,,,"9","298",,,,,,,,,,,,,"226","2","798","172","7","0",,"1","1FFFFF","1AAAAAAAA1AAAA","4",,,,,,,,,,,,,,,
"5100523","2016-09-05T14:15:00","22.62","125.76",,,"1","4","2","5",,,,"11",,,,,,,,,,,,"8",,,,,,"9","299",,,,,,,,,,,,,"226","25","798","172","7","0",,"1","1FFFFF","1AAAAAAAA1AAAA","4",,,,,,,,,,,,,,,
"3200560","2016-09-05T15:00:00","20.42","122.85",,,"1","4","2","5",,,,"11",,,,,,,,,,,,"8",,,,,,"9","298",,,,,,,,,,,,,"226","2","798","172","7","0",,"1","1FFFFF","1AAAAAAAA1AAAA","4",,,,,,,,,,,,,,,
"3200560","2016-09-05T16:00:00","20.48","122.83",,,"1","4","2","5",,,,"11",,,,,,,,,,,,"8",,,,,,"9","298",,,,,,,,,,,,,"226","2","798","172","7","0",,"1","1FFFFF","1AAAAAAAA1AAAA","4",,,,,,,,,,,,,,,
"3200560","2016-09-05T17:00:00","20.48","122.83",,,"1","4","2","5",,,,"11",,,,,,,,,,,,"8",,,,,,"9","298",,,,,,,,,,,,,"226","2","798","172","7","0",,"1","1FFFFF","1AAAAAAAA1AAAA","4",,,,,,,,,,,,,,,
"5100523","2016-09-05T17:45:00","22.67","125.81",,,"1","4","2","5",,,,"11",,,,,,,,,,,,"8",,,,,,"9","298",,,,,,,,,,,,,"226","25","798","172","7","0",,"1","1FFFFF","1AAAAAAAA1AAAA","4",,,,,,,,,,,,,,,
"3200560","2016-09-05T18:00:00","20.48","122.83",,,"1","4","2","5",,,,"11",,,,,,,,,,,,"8",,,,,,"9","297",,,,,,,,,,,,,"226","2","798","172","7","0",,"1","1FFFFF","1AAAAAAAA1AAAA","4",,,,,,,,,,,,,,,
"5100523","2016-09-05T18:00:00","22.67","125.81",,,"1","4","2","5",,,,"11",,,,,,,,,,,,"8",,,,,,"9","298",,,,,,,,,,,,,"226","25","798","172","7","0",,"1","1FFFFF","1AAAAAAAA1AAAA","4",,,,,,,,,,,,,,,
"D5AG9","2016-09-05T18:00:00","27.80","125.10",,,"1","4","0","0","1","3",,"1","0",,"3",,,"97","0","6","10067","0",,"0","284","0","272",,"268",,,"3","3","5","5","6","8",,"1","1","5","2","2","226","75","992","114","5","1","2","1","F1FF11","111111111A1117",,,"1","6",,,,,,,,,,,"4",
"VRXL8","2016-09-05T18:00:00","28.00","122.50",,,"1","4","0","0","4","3",,"1","0","40","4","67",,"97",,"2","10081","0","1","0","272","0","261",,"257","1","261","2","2","4","5","6","6",,"3","2",,,,"226","82","992","114","5","1","2","1","111111","111A11111111A1",,,"1","2",,,,,,,,,,,"4",
"3200623","2016-09-05T18:01:00","25.52","128.51",,,"1","4","2","5",,,,"11",,,,,,,,,,,,"8",,,,,,"9","298",,,,,,,,,,,,,"226","58","798","172","7","0",,"1","1FFFFF","1AAAAAAAA1AAAA","4",,,,,,,,,,,,,,,
"5100523","2016-09-05T18:02:00","22.67","125.81",,,"1","4","2","5",,,,"11",,,,,,,,,,,,"8",,,,,,"9","298",,,,,,,,,,,,,"226","25","798","172","7","0",,"1","1FFFFF","1AAAAAAAA1AAAA","4",,,,,,,,,,,,,,,
"3200560","2016-09-05T18:03:00","20.48","122.83",,,"1","4","2","5",,,,"11",,,,,,,,,,,,"8",,,,,,"9","298",,,,,,,,,,,,,"226","2","798","172","7","1","2","1","1FFFFF","1AAAAAAAA1AAAA","4",,,,,,,,,,,,,,,
"3200623","2016-09-05T18:04:00","25.52","128.51",,,"1","4","2","5",,,,"11",,,,,,,,,,,,"8",,,,,,"9","298",,,,,,,,,,,,,"226","58","798","172","7","0",,"1","1FFFFF","1AAAAAAAA1AAAA","4",,,,,,,,,,,,,,,
"3200560","2016-09-05T19:00:00","20.50","122.84",,,"1","4","2","5",,,,"11",,,,,,,,,,,,"8",,,,,,"9","297",,,,,,,,,,,,,"226","2","798","172","7","0",,"1","1FFFFF","1AAAAAAAA1AAAA","4",,,,,,,,,,,,,,,
"5100523","2016-09-05T19:30:00","22.67","125.81",,,"1","4","2","5",,,,"11",,,,,,,,,,,,"8",,,,,,"9","298",,,,,,,,,,,,,"226","25","798","172","7","0",,"1","1FFFFF","1AAAAAAAA1AAAA","4",,,,,,,,,,,,,,,
"3200623","2016-09-05T19:42:00","25.54","128.54",,,"1","4","2","5",,,,"11",,,,,,,,,,,,"8",,,,,,"9","298",,,,,,,,,,,,,"226","58","798","172","7","0",,"1","1FFFFF","1AAAAAAAA1AAAA","4",,,,,,,,,,,,,,,
"3200560","2016-09-05T19:44:00","20.50","122.84",,,"1","4","2","5",,,,"11",,,,,,,,,,,,"8",,,,,,"9","297",,,,,,,,,,,,,"226","2","798","172","7","0",,"1","1FFFFF","1AAAAAAAA1AAAA","4",,,,,,,,,,,,,,,
"3200623","2016-09-05T19:44:00","25.54","128.54",,,"1","4","2","5",,,,"11",,,,,,,,,,,,"8",,,,,,"9","298",,,,,,,,,,,,,"226","58","798","172","7","0",,"1","1FFFFF","1AAAAAAAA1AAAA","4",,,,,,,,,,,,,,,
"5100523","2016-09-05T19:45:00","22.67","125.81",,,"1","4","2","5",,,,"11",,,,,,,,,,,,"8",,,,,,"9","298",,,,,,,,,,,,,"226","25","798","172","7","0",,"1","1FFFFF","1AAAAAAAA1AAAA","4",,,,,,,,,,,,,,,
"3200560","2016-09-05T20:00:00","20.50","122.84",,,"1","4","2","5",,,,"11",,,,,,,,,,,,"8",,,,,,"9","297",,,,,,,,,,,,,"226","2","798","172","7","0",,"1","1FFFFF","1AAAAAAAA1AAAA","4",,,,,,,,,,,,,,,
"ONBF","2016-09-05T20:00:00","26.40","124.00",,,"1","4","0","0","8","2",,"1","0","10","3","98",,"98","3","0","10070","4","0","3","290","0","270",,"260","1","250","4","3","2","1","4","A",,"5","4","24","8","2","226","64","992","114","5","1","2","1","111111","11111111111111",,,"1","0",,,,,,,,,,,"4",
"VRXL8","2016-09-05T20:00:00","27.70","122.40",,,"1","4","0","0","4","3",,"1","0","40","4","67",,"97",,"2","10081","0","1","0","272","0","261",,"257","1","261","2","2","4","5","6","6",,"3","2",,,,"226","72","992","114","5","1","2","1","111111","111A11111111A1",,,"1","2",,,,,,,,,,,"4",
"5100523","2016-09-05T20:30:00","22.70","125.83",,,"1","4","2","5",,,,"11",,,,,,,,,,,,"8",,,,,,"9","298",,,,,,,,,,,,,"226","25","798","172","7","0",,"1","1FFFFF","1AAAAAAAA1AAAA","4",,,,,,,,,,,,,,,
"3200623","2016-09-05T20:35:00","25.54","128.58",,,"1","4","2","5",,,,"11",,,,,,,,,,,,"8",,,,,,"9","298",,,,,,,,,,,,,"226","58","798","172","7","0",,"1","1FFFFF","1AAAAAAAA1AAAA","4",,,,,,,,,,,,,,,
"5100523","2016-09-05T20:36:00","22.70","125.83",,,"1","4","2","5",,,,"11",,,,,,,,,,,,"8",,,,,,"9","298",,,,,,,,,,,,,"226","25","798","172","7","0",,"1","1FFFFF","1AAAAAAAA1AAAA","4",,,,,,,,,,,,,,,
"3200623","2016-09-05T20:38:00","25.54","128.58",,,"1","4","2","5",,,,"11",,,,,,,,,,,,"8",,,,,,"9","298",,,,,,,,,,,,,"226","58","798","172","7","0",,"1","1FFFFF","1AAAAAAAA1AAAA","4",,,,,,,,,,,,,,,
"3200623","2016-09-05T20:44:00","25.54","128.59",,,"1","4","2","5",,,,"11",,,,,,,,,,,,"8",,,,,,"9","298",,,,,,,,,,,,,"226","58","798","172","7","0",,"1","1FFFFF","1AAAAAAAA1AAAA","4",,,,,,,,,,,,,,,
"5100523","2016-09-05T20:44:00","22.69","125.83",,,"1","4","2","5",,,,"11",,,,,,,,,,,,"8",,,,,,"9","298",,,,,,,,,,,,,"226","25","798","172","7","0",,"1","1FFFFF","1AAAAAAAA1AAAA","4",,,,,,,,,,,,,,,
"3200560","2016-09-05T20:45:00","20.51","122.86",,,"1","4","2","5",,,,"11",,,,,,,,,,,,"8",,,,,,"9","297",,,,,,,,,,,,,"226","2","798","172","7","0",,"1","1FFFFF","1AAAAAAAA1AAAA","4",,,,,,,,,,,,,,,
"5100523","2016-09-05T20:45:00","22.69","125.83",,,"1","4","2","5",,,,"11",,,,,,,,,,,,"8",,,,,,"9","298",,,,,,,,,,,,,"226","25","798","172","7","0",,"1","1FFFFF","1AAAAAAAA1AAAA","4",,,,,,,,,,,,,,,
"3200623","2016-09-05T20:49:00","25.54","128.59",,,"1","4","2","5",,,,"11",,,,,,,,,,,,"8",,,,,,"9","298",,,,,,,,,,,,,"226","58","798","172","7","0",,"1","1FFFFF","1AAAAAAAA1AAAA","4",,,,,,,,,,,,,,,
"3200560","2016-09-05T21:00:00","20.51","122.86",,,"1","4","2","5",,,,"11",,,,,,,,,,,,"8",,,,,,"9","297",,,,,,,,,,,,,"226","2","798","172","7","1","2","1","1FFFFF","1AAAAAAAA1AAAA","4",,,,,,,,,,,,,,,
"5100523","2016-09-05T21:00:00","22.69","125.83",,,"1","4","2","5",,,,"11",,,,,,,,,,,,"8",,,,,,"9","298",,,,,,,,,,,,,"226","25","798","172","7","1","2","1","1FFFFF","1AAAAAAAA1AAAA","4",,,,,,,,,,,,,,,
"VRLT9","2016-09-05T21:00:00","24.70","120.40",,,"1","4","0","0","1","3",,"1","0","250","4","57",,"96","95","9","10060","4",,"0","260","0","260",,"260",,,"7","7","7","2","A","A",,"6","6",,"4","4","226","40","992","114","5","1","2","1","F11113","111111111A1177",,,"1","6",,"2","2",,"0","0","A","0","A","A","4",
"5100523","2016-09-05T21:15:00","22.70","125.83",,,"1","4","2","5",,,,"11",,,,,,,,,,,,"8",,,,,,"9","298",,,,,,,,,,,,,"226","25","798","172","7","1","2","1","1FFFFF","1AAAAAAAA1AAAA","4",,,,,,,,,,,,,,,
"3200560","2016-09-05T21:19:00","20.52","122.86",,,"1","4","2","5",,,,"11",,,,,,,,,,,,"8",,,,,,"9","297",,,,,,,,,,,,,"226","2","798","172","7","0",,"1","1FFFFF","1AAAAAAAA1AAAA","4",,,,,,,,,,,,,,,
"3200623","2016-09-05T21:19:00","25.54","128.60",,,"1","4","2","5",,,,"11",,,,,,,,,,,,"8",,,,,,"9","298",,,,,,,,,,,,,"226","58","798","172","7","0",,"1","1FFFFF","1AAAAAAAA1AAAA","4",,,,,,,,,,,,,,,
"5100523","2016-09-05T21:19:00","22.70","125.83",,,"1","4","2","5",,,,"11",,,,,,,,,,,,"8",,,,,,"9","298",,,,,,,,,,,,,"226","25","798","172","7","0",,"1","1FFFFF","1AAAAAAAA1AAAA","4",,,,,,,,,,,,,,,
"3200623","2016-09-05T21:21:00","25.54","128.60",,,"1","4","2","5",,,,"11",,,,,,,,,,,,"8",,,,,,"9","298",,,,,,,,,,,,,"226","58","798","172","7","1","2","2","1FFFFF","1AAAAAAAA1AAAA","4",,,,,,,,,,,,,,,
"3200560","2016-09-05T22:00:00","20.52","122.86",,,"1","4","2","5",,,,"11",,,,,,,,,,,,"8",,,,,,"9","297",,,,,,,,,,,,,"226","2","798","172","7","1","2","2","1FFFFF","1AAAAAAAA1AAAA","4",,,,,,,,,,,,,,,
"5100523","2016-09-05T22:00:00","22.70","125.83",,,"1","4","2","5",,,,"11",,,,,,,,,,,,"8",,,,,,"9","298",,,,,,,,,,,,,"226","25","798","172","7","1","2","2","1FFFFF","1AAAAAAAA1AAAA","4",,,,,,,,,,,,,,,
"5100523","2016-09-05T22:15:00","22.70","125.83",,,"1","4","2","5",,,,"11",,,,,,,,,,,,"8",,,,,,"9","298",,,,,,,,,,,,,"226","25","798","172","7","1","2","2","1FFFFF","1AAAAAAAA1AAAA","4",,,,,,,,,,,,,,,
"3200623","2016-09-05T22:17:00","25.54","128.60",,,"1","4","2","5",,,,"11",,,,,,,,,,,,"8",,,,,,"9","298",,,,,,,,,,,,,"226","58","798","172","7","1","2","2","1FFFFF","1AAAAAAAA1AAAA","4",,,,,,,,,,,,,,,
"3200623","2016-09-05T22:25:00","25.55","128.63",,,"1","4","2","5",,,,"11",,,,,,,,,,,,"8",,,,,,"9","298",,,,,,,,,,,,,"226","58","798","172","7","1","2","2","1FFFFF","1AAAAAAAA1AAAA","4",,,,,,,,,,,,,,,
"3200623","2016-09-05T22:27:00","25.55","128.63",,,"1","4","2","5",,,,"11",,,,,,,,,,,,"8",,,,,,"9","298",,,,,,,,,,,,,"226","58","798","172","7","1","2","2","1FFFFF","1AAAAAAAA1AAAA","4",,,,,,,,,,,,,,,
"5100523","2016-09-05T22:45:00","22.71","125.84",,,"1","4","2","5",,,,"11",,,,,,,,,,,,"8",,,,,,"9","298",,,,,,,,,,,,,"226","25","798","172","7","1","2","2","1FFFFF","1AAAAAAAA1AAAA","4",,,,,,,,,,,,,,,
"3200623","2016-09-05T22:58:00","25.55","128.63",,,"1","4","2","5",,,,"11",,,,,,,,,,,,"8",,,,,,"9","298",,,,,,,,,,,,,"226","58","798","172","7","1","2","2","1FFFFF","1AAAAAAAA1AAAA","4",,,,,,,,,,,,,,,
"3200560","2016-09-05T22:59:00","20.54","122.89",,,"1","4","2","5",,,,"11",,,,,,,,,,,,"8",,,,,,"9","297",,,,,,,,,,,,,"226","2","798","172","7","0",,"2","1FFFFF","1AAAAAAAA1AAAA","4",,,,,,,,,,,,,,,
"5100523","2016-09-05T22:59:00","22.71","125.84",,,"1","4","2","5",,,,"11",,,,,,,,,,,,"8",,,,,,"9","298",,,,,,,,,,,,,"226","25","798","172","7","1","2","2","1FFFFF","1AAAAAAAA1AAAA","4",,,,,,,,,,,,,,,
"3200560","2016-09-05T23:00:00","20.54","122.89",,,"1","4","2","5",,,,"11",,,,,,,,,,,,"8",,,,,,"9","297",,,,,,,,,,,,,"226","2","798","172","7","1","2","2","1FFFFF","1AAAAAAAA1AAAA","4",,,,,,,,,,,,,,,
"5100523","2016-09-05T23:00:00","22.71","125.84",,,"1","4","2","5",,,,"11",,,,,,,,,,,,"8",,,,,,"9","297",,,,,,,,,,,,,"226","25","798","172","7","1","2","2","1FFFFF","1AAAAAAAA1AAAA","4",,,,,,,,,,,,,,,
"9V2735","2016-09-05T23:00:00","21.90","128.60",,,"1","4","0","0","0","0",,"1","0","180","4","98",,"97",,"2","10130","4","0","3","270","0","240",,"230","1","290","8","8","6","9","7","A",,"6","2","18","6","2","226","18","992","114","5","1","2","2","111111","111A1111111111",,,"1","2","18","6","2",,,,,,,,"4",
"3200560","2016-09-06T00:00:00","20.55","122.91",,,"1","4","2","5",,,,"11",,,,,,,,,,,,"8",,,,,,"9","297",,,,,,,,,,,,,"226","2","798","172","7","1","2","2","1FFFFF","1AAAAAAAA1AAAA","4",,,,,,,,,,,,,,,
"C6DM2","2016-09-06T00:00:00","24.80","120.00",,,"1","4","0","0","1","4",,"1","0","190","4","46",,"97",,"2","10090","5","30","0","280","0","260",,"253","3","280","8","7","6","2","2","A",,"4","1","19","6","2","226","40","992","114","5","1","2","2","111111","111A1111111111",,,"1","1","20","9","3",,,,,,,,"4",
"D5AG9","2016-09-06T00:00:00","29.20","125.80",,,"1","4","0","0","1","3",,"1","0","70","3","51",,"96",,,"10070","0","10","0","290","0","260",,"249","1","330","0",,,"9",,,,"5","2",,,,"226","95","992","114","5","1","2","2","511111","111AA1111111A1",,,"1",,,,,,,,,,,,"4",
"3200623","2016-09-06T00:13:00","25.55","128.67",,,"1","4","2","5",,,,"11",,,,,,,,,,,,"8",,,,,,"9","297",,,,,,,,,,,,,"226","58","798","172","7","0",,"2","1FFFFF","1AAAAAAAA1AAAA","4",,,,,,,,,,,,,,,
"5100523","2016-09-06T00:15:00","22.73","125.85",,,"1","4","2","5",,,,"11",,,,,,,,,,,,"8",,,,,,"9","297",,,,,,,,,,,,,"226","25","798","172","7","1","2","2","1FFFFF","1AAAAAAAA1AAAA","4",,,,,,,,,,,,,,,
"5100523","2016-09-06T00:20:00","22.73","125.85",,,"1","4","2","5",,,,"11",,,,,,,,,,,,"8",,,,,,"9","297",,,,,,,,,,,,,"226","25","798","172","7","0",,"2","1FFFFF","1AAAAAAAA1AAAA","4",,,,,,,,,,,,,,,
"3200560","2016-09-06T00:21:00","20.55","122.91",,,"1","4","2","5",,,,"11",,,,,,,,,,,,"8",,,,,,"9","297",,,,,,,,,,,,,"226","2","798","172","7","0",,"2","1FFFFF","1AAAAAAAA1AAAA","4",,,,,,,,,,,,,,,
"3200623","2016-09-06T00:23:00","25.55","128.67",,,"1","4","2","5",,,,"11",,,,,,,,,,,,"8",,,,,,"9","297",,,,,,,,,,,,,"226","58","798","172","7","1","2","2","1FFFFF","1AAAAAAAA1AAAA","4",,,,,,,,,,,,,,,
"3200560","2016-09-06T01:00:00","20.56","122.90",,,"1","4","2","5",,,,"11",,,,,,,,,,,,"8",,,,,,"9","297",,,,,,,,,,,,,"226","2","798","172","7","1","2","2","1FFFFF","1AAAAAAAA1AAAA","4",,,,,,,,,,,,,,,
"5100523","2016-09-06T01:00:00","22.71","125.84",,,"1","4","2","5",,,,"11",,,,,,,,,,,,"8",,,,,,"9","297",,,,,,,,,,,,,"226","25","798","172","7","1","2","2","1FFFFF","1AAAAAAAA1AAAA","4",,,,,,,,,,,,,,,
"5100523","2016-09-06T01:10:00","22.73","125.86",,,"1","4","2","5",,,,"11",,,,,,,,,,,,"8",,,,,,"9","297",,,,,,,,,,,,,"226","25","798","172","7","0",,"2","1FFFFF","1AAAAAAAA1AAAA","4",,,,,,,,,,,,,,,
"3200623","2016-09-06T01:11:00","25.55","128.63",,,"1","4","2","5",,,,"11",,,,,,,,,,,,"8",,,,,,"9","297",,,,,,,,,,,,,"226","58","798","172","7","1","2","2","1FFFFF","1AAAAAAAA1AAAA","4",,,,,,,,,,,,,,,
"3200560","2016-09-06T01:12:00","20.56","122.90",,,"1","4","2","5",,,,"11",,,,,,,,,,,,"8",,,,,,"9","297",,,,,,,,,,,,,"226","2","798","172","7","0",,"2","1FFFFF","1AAAAAAAA1AAAA","4",,,,,,,,,,,,,,,
"5100523","2016-09-06T01:15:00","22.73","125.86",,,"1","4","2","5",,,,"11",,,,,,,,,,,,"8",,,,,,"9","297",,,,,,,,,,,,,"226","25","798","172","7","1","2","2","1FFFFF","1AAAAAAAA1AAAA","4",,,,,,,,,,,,,,,
"3200623","2016-09-06T01:18:00","25.55","128.63",,,"1","4","2","5",,,,"11",,,,,,,,,,,,"8",,,,,,"9","297",,,,,,,,,,,,,"226","58","798","172","7","1","2","2","1FFFFF","1AAAAAAAA1AAAA","4",,,,,,,,,,,,,,,
"5100523","2016-09-06T01:45:00","22.73","125.86",,,"1","4","2","5",,,,"11",,,,,,,,,,,,"8",,,,,,"9","297",,,,,,,,,,,,,"226","25","798","172","7","1","2","2","1FFFFF","1AAAAAAAA1AAAA","4",,,,,,,,,,,,,,,
"3200623","2016-09-06T01:56:00","25.54","128.73",,,"1","4","2","5",,,,"11",,,,,,,,,,,,"8",,,,,,"9","297",,,,,,,,,,,,,"226","58","798","172","7","1","2","2","1FFFFF","1AAAAAAAA1AAAA","4",,,,,,,,,,,,,,,
"5100523","2016-09-06T01:56:00","22.74","125.85",,,"1","4","2","5",,,,"11",,,,,,,,,,,,"8",,,,,,"9","297",,,,,,,,,,,,,"226","25","798","172","7","0",,"2","1FFFFF","1AAAAAAAA1AAAA","4",,,,,,,,,,,,,,,
"3200623","2016-09-06T01:57:00","25.54","128.73",,,"1","4","2","5",,,,"11",,,,,,,,,,,,"8",,,,,,"9","297",,,,,,,,,,,,,"226","58","798","172","7","1","2","2","1FFFFF","1AAAAAAAA1AAAA","4",,,,,,,,,,,,,,,
"3200560","2016-09-06T01:58:00","20.57","122.92",,,"1","4","2","5",,,,"11",,,,,,,,,,,,"8",,,,,,"9","297",,,,,,,,,,,,,"226","2","798","172","7","0",,"2","1FFFFF","1AAAAAAAA1AAAA","4",,,,,,,,,,,,,,,
"3200560","2016-09-06T02:00:00","20.57","122.92",,,"1","4","2","5",,,,"11",,,,,,,,,,,,"8",,,,,,"9","297",,,,,,,,,,,,,"226","2","798","172","7","0",,"2","1FFFFF","1AAAAAAAA1AAAA","4",,,,,,,,,,,,,,,
"5100523","2016-09-06T02:00:00","22.74","125.85",,,"1","4","2","5",,,,"11",,,,,,,,,,,,"8",,,,,,"9","297",,,,,,,,,,,,,"226","25","798","172","7","1","2","2","1FFFFF","1AAAAAAAA1AAAA","4",,,,,,,,,,,,,,,
"3200623","2016-09-06T02:03:00","25.55","128.71",,,"1","4","2","5",,,,"11",,,,,,,,,,,,"8",,,,,,"9","297",,,,,,,,,,,,,"226","58","798","172","7","1","2","2","1FFFFF","1AAAAAAAA1AAAA","4",,,,,,,,,,,,,,,
"5100523","2016-09-06T02:45:00","22.74","125.85",,,"1","4","2","5",,,,"11",,,,,,,,,,,,"8",,,,,,"9","297",,,,,,,,,,,,,"226","25","798","172","7","1","2","2","1FFFFF","1AAAAAAAA1AAAA","4",,,,,,,,,,,,,,,
"3200560","2016-09-06T03:00:00","20.57","122.92",,,"1","4","2","5",,,,"11",,,,,,,,,,,,"8",,,,,,"9","297",,,,,,,,,,,,,"226","2","798","172","7","0",,"2","1FFFFF","1AAAAAAAA1AAAA","4",,,,,,,,,,,,,,,
"9V2735","2016-09-06T03:00:00","22.00","128.60",,,"1","4","0","0","0","0",,"1","0","180","4","93",,"96",,"1","10150","2","20","3","310","0","280",,"270","1","300","5","5","4","5","9","A",,"2","3","22","2","3","226","28","992","114","5","1","2","2","111111","111A1111111111",,,"1","1","38",,,,,,,,,,"4",
"3200560","2016-09-06T04:00:00","20.59","122.95",,,"1","4","2","5",,,,"11",,,,,,,,,,,,"8",,,,,,"9","297",,,,,,,,,,,,,"226","2","798","172","7","0",,"2","1FFFFF","1AAAAAAAA1AAAA","4",,,,,,,,,,,,,,,
"3200560","2016-09-06T05:00:00","20.59","122.95",,,"1","4","2","5",,,,"11",,,,,,,,,,,,"8",,,,,,"9","298",,,,,,,,,,,,,"226","2","798","172","7","0",,"2","1FFFFF","1AAAAAAAA1AAAA","4",,,,,,,,,,,,,,,
"5100523","2016-09-06T05:00:00","22.74","125.85",,,"1","4","2","5",,,,"11",,,,,,,,,,,,"8",,,,,,"9","297",,,,,,,,,,,,,"226","25","798","172","7","0",,"2","1FFFFF","1AAAAAAAA1AAAA","4",,,,,,,,,,,,,,,
"3200623","2016-09-06T05:15:00","25.55","128.77",,,"1","4","2","5",,,,"11",,,,,,,,,,,,"8",,,,,,"9","298",,,,,,,,,,,,,"226","58","798","172","7","1","2","2","1FFFFF","1AAAAAAAA1AAAA","4",,,,,,,,,,,,,,,
"5100523","2016-09-06T05:15:00","22.77","125.87",,,"1","4","2","5",,,,"11",,,,,,,,,,,,"8",,,,,,"9","297",,,,,,,,,,,,,"226","25","798","172","7","0",,"2","1FFFFF","1AAAAAAAA1AAAA","4",,,,,,,,,,,,,,,
"3200560","2016-09-06T05:20:00","20.59","122.95",,,"1","4","2","5",,,,"11",,,,,,,,,,,,"8",,,,,,"9","299",,,,,,,,,,,,,"226","2","798","172","7","1","2","2","1FFFFF","1AAAAAAAA1AAAA","4",,,,,,,,,,,,,,,
"3200623","2016-09-06T05:22:00","25.55","128.77",,,"1","4","2","5",,,,"11",,,,,,,,,,,,"8",,,,,,"9","297",,,,,,,,,,,,,"226","58","798","172","7","0",,"2","1FFFFF","1AAAAAAAA1AAAA","4",,,,,,,,,,,,,,,
"3200560","2016-09-06T06:00:00","20.59","122.95",,,"1","4","2","5",,,,"11",,,,,,,,,,,,"8",,,,,,"9","299",,,,,,,,,,,,,"226","2","798","172","7","1","2","2","1FFFFF","1AAAAAAAA1AAAA","4",,,,,,,,,,,,,,,
"C6DM2","2016-09-06T06:00:00","25.40","121.60",,,"1","4","0","0","2","4",,"1","0","350","4","36",,"97",,"2","10070","6","20","0","290","0","270",,"263","3","280","8","7","6","2","2","A",,"6","2","9","9","3","226","51","992","114","5","1","2","2","111111","111A1111111111",,,"1","1","9","9","3",,,,,,,,"4",
"DFNB2","2016-09-06T06:00:00","26.00","121.80",,,"1","4","0","0","1","4","1","1","0","40","4","62",,"98","3","2","10074","8","15","0","280","0","255",,"246","1","270","6","2","1","4","7","A",,"3","2","7","7","3","226","61","992","114","5","1","2","2","111111","11111111111111",,,"1","2",,,,,,,,,,,"4",
"5100523","2016-09-06T06:45:00","22.77","125.87",,,"1","4","2","5",,,,"11",,,,,,,,,,,,"8",,,,,,"9","297",,,,,,,,,,,,,"226","25","798","172","7","1","2","2","1FFFFF","1AAAAAAAA1AAAA","4",,,,,,,,,,,,,,,
"3200560","2016-09-06T06:56:00","20.61","122.96",,,"1","4","2","5",,,,"11",,,,,,,,,,,,"8",,,,,,"9","299",,,,,,,,,,,,,"226","2","798","172","7","0",,"2","1FFFFF","1AAAAAAAA1AAAA","4",,,,,,,,,,,,,,,
"5100523","2016-09-06T06:56:00","22.78","125.88",,,"1","4","2","5",,,,"11",,,,,,,,,,,,"8",,,,,,"9","297",,,,,,,,,,,,,"226","25","798","172","7","0",,"2","1FFFFF","1AAAAAAAA1AAAA","4",,,,,,,,,,,,,,,
"3200560","2016-09-06T07:00:00","20.61","122.96",,,"1","4","2","5",,,,"11",,,,,,,,,,,,"8",,,,,,"9","299",,,,,,,,,,,,,"226","2","798","172","7","0",,"2","1FFFFF","1AAAAAAAA1AAAA","4",,,,,,,,,,,,,,,
"3200623","2016-09-06T07:00:00","25.55","128.77",,,"1","4","2","5",,,,"11",,,,,,,,,,,,"8",,,,,,"9","297",,,,,,,,,,,,,"226","58","798","172","7","1","2","2","1FFFFF","1AAAAAAAA1AAAA","4",,,,,,,,,,,,,,,
"5100523","2016-09-06T07:00:00","22.78","125.88",,,"1","4","2","5",,,,"11",,,,,,,,,,,,"8",,,,,,"9","297",,,,,,,,,,,,,"226","25","798","172","7","1","2","2","1FFFFF","1AAAAAAAA1AAAA","4",,,,,,,,,,,,,,,
"3200623","2016-09-06T07:52:00","25.55","128.77",,,"1","4","2","5",,,,"11",,,,,,,,,,,,"8",,,,,,"9","298",,,,,,,,,,,,,"226","58","798","172","7","1","2","2","1FFFFF","1AAAAAAAA1AAAA","4",,,,,,,,,,,,,,,
"3200560","2016-09-06T08:00:00","20.63","122.97",,,"1","4","2","5",,,,"11",,,,,,,,,,,,"8",,,,,,"9","299",,,,,,,,,,,,,"226","2","798","172","7","0",,"2","1FFFFF","1AAAAAAAA1AAAA","4",,,,,,,,,,,,,,,
"MPMM5","2016-09-06T08:00:00","21.20","121.40",,,"1","4","0","0","1","4","1","1","0","230","4","98",,"98","2","0","10080","7","17","0","320","0","275",,"257","1","300","5","4","4","7","4","A",,,,,,,"226","11","992","114","5","1","2","2","111111","11111111111AA1",,,"1","0",,,,,,,,,,,"4",
"5100523","2016-09-06T08:15:00","22.78","125.88",,,"1","4","2","5",,,,"11",,,,,,,,,,,,"8",,,,,,"9","297",,,,,,,,,,,,,"226","25","798","172","7","0",,"2","1FFFFF","1AAAAAAAA1AAAA","4",,,,,,,,,,,,,,,
"5100523","2016-09-06T08:24:00","22.79","125.88",,,"1","4","2","5",,,,"11",,,,,,,,,,,,"8",,,,,,"9","297",,,,,,,,,,,,,"226","25","798","172","7","0",,"2","1FFFFF","1AAAAAAAA1AAAA","4",,,,,,,,,,,,,,,
"3200560","2016-09-06T08:29:00","20.63","122.97",,,"1","4","2","5",,,,"11",,,,,,,,,,,,"8",,,,,,"9","299",,,,,,,,,,,,,"226","2","798","172","7","0",,"2","1FFFFF","1AAAAAAAA1AAAA","4",,,,,,,,,,,,,,,
"3200623","2016-09-06T08:29:00","25.56","128.81",,,"1","4","2","5",,,,"11",,,,,,,,,,,,"8",,,,,,"9","298",,,,,,,,,,,,,"226","58","798","172","7","0",,"2","1FFFFF","1AAAAAAAA1AAAA","4",,,,,,,,,,,,,,,
"5100523","2016-09-06T08:30:00","22.79","125.88",,,"1","4","2","5",,,,"11",,,,,,,,,,,,"8",,,,,,"9","297",,,,,,,,,,,,,"226","25","798","172","7","1","2","2","1FFFFF","1AAAAAAAA1AAAA","4",,,,,,,,,,,,,,,
"3200560","2016-09-06T09:00:00","20.63","122.98",,,"1","4","2","5",,,,"11",,,,,,,,,,,,"8",,,,,,"9","298",,,,,,,,,,,,,"226","2","798","172","7","0",,"2","1FFFFF","1AAAAAAAA1AAAA","4",,,,,,,,,,,,,,,
"5100523","2016-09-06T09:00:00","22.81","125.87",,,"1","4","2","5",,,,"11",,,,,,,,,,,,"8",,,,,,"9","297",,,,,,,,,,,,,"226","25","798","172","7","0",,"2","1FFFFF","1AAAAAAAA1AAAA","4",,,,,,,,,,,,,,,
"PDHO","2016-09-06T09:00:00","22.10","121.30",,,"1","4","0","0","1","5","1","1","0","230","4","103",,"96","62","8","10085","3","8","0","259","0","258",,"258","1","292","8",,"7","2","A","A",,"3","3","19","6","4","226","21","992","114","5","1","2","2","111113","11111111111111",,,"1","6",,,,,,,,,,,"4",
"3200623","2016-09-06T09:04:00","25.55","128.84",,,"1","4","2","5",,,,"11",,,,,,,,,,,,"8",,,,,,"9","298",,,,,,,,,,,,,"226","58","798","172","7","0",,"2","1FFFFF","1AAAAAAAA1AAAA","4",,,,,,,,,,,,,,,
"5100523","2016-09-06T09:05:00","22.81","125.87",,,"1","4","2","5",,,,"11",,,,,,,,,,,,"8",,,,,,"9","297",,,,,,,,,,,,,"226","25","798","172","7","1","2","2","1FFFFF","1AAAAAAAA1AAAA","4",,,,,,,,,,,,,,,
"3200560","2016-09-06T09:06:00","20.63","122.98",,,"1","4","2","5",,,,"11",,,,,,,,,,,,"8",,,,,,"9","298",,,,,,,,,,,,,"226","2","798","172","7","0",,"2","1FFFFF","1AAAAAAAA1AAAA","4",,,,,,,,,,,,,,,
"3200623","2016-09-06T09:07:00","25.55","128.84",,,"1","4","2","5",,,,"11",,,,,,,,,,,,"8",,,,,,"9","298",,,,,,,,,,,,,"226","58","798","172","7","0",,"2","1FFFFF","1AAAAAAAA1AAAA","4",,,,,,,,,,,,,,,
"5100523","2016-09-06T09:15:00","22.81","125.87",,,"1","4","2","5",,,,"11",,,,,,,,,,,,"8",,,,,,"9","297",,,,,,,,,,,,,"226","25","798","172","7","0",,"2","1FFFFF","1AAAAAAAA1AAAA","4",,,,,,,,,,,,,,,
"3200560","2016-09-06T09:28:00","20.64","122.97",,,"1","4","2","5",,,,"11",,,,,,,,,,,,"8",,,,,,"9","298",,,,,,,,,,,,,"226","2","798","172","7","0",,"2","1FFFFF","1AAAAAAAA1AAAA","4",,,,,,,,,,,,,,,
"5100523","2016-09-06T09:28:00","22.80","125.88",,,"1","4","2","5",,,,"11",,,,,,,,,,,,"8",,,,,,"9","297",,,,,,,,,,,,,"226","25","798","172","7","0",,"2","1FFFFF","1AAAAAAAA1AAAA","4",,,,,,,,,,,,,,,
"5100523","2016-09-06T09:30:00","22.80","125.88",,,"1","4","2","5",,,,"11",,,,,,,,,,,,"8",,,,,,"9","297",,,,,,,,,,,,,"226","25","798","172","7","1","2","2","1FFFFF","1AAAAAAAA1AAAA","4",,,,,,,,,,,,,,,
"3200623","2016-09-06T09:32:00","25.55","128.84",,,"1","4","2","5",,,,"11",,,,,,,,,,,,"8",,,,,,"9","298",,,,,,,,,,,,,"226","58","798","172","7","1","2","1","1FFFFF","1AAAAAAAA1AAAA","4",,,,,,,,,,,,,,,
"3200560","2016-09-06T10:00:00","20.64","122.97",,,"1","4","2","5",,,,"11",,,,,,,,,,,,"8",,,,,,"9","298",,,,,,,,,,,,,"226","2","798","172","7","0",,"1","1FFFFF","1AAAAAAAA1AAAA","4",,,,,,,,,,,,,,,
"5100523","2016-09-06T10:00:00","22.80","125.87",,,"1","4","2","5",,,,"11",,,,,,,,,,,,"8",,,,,,"9","297",,,,,,,,,,,,,"226","25","798","172","7","1","2","1","1FFFFF","1AAAAAAAA1AAAA","4",,,,,,,,,,,,,,,
"VRPY7","2016-09-06T10:00:00","21.80","122.10",,,"1","4","0","0","1","3",,"1","0","240","4","118",,"97","2","2","10140","5","10","0","300","0","260",,"246",,,"5","5","9","6","6","8",,,,"23","8","3","226","12","992","114","5","1","2","1","F11111","111111111A1A11",,,"1","2",,,,,,,,,,,"4",
"5100523","2016-09-06T10:04:00","22.80","125.87",,,"1","4","2","5",,,,"11",,,,,,,,,,,,"8",,,,,,"9","297",,,,,,,,,,,,,"226","25","798","172","7","1","2","1","1FFFFF","1AAAAAAAA1AAAA","4",,,,,,,,,,,,,,,
"3200623","2016-09-06T10:11:00","25.55","128.87",,,"1","4","2","5",,,,"11",,,,,,,,,,,,"8",,,,,,"9","298",,,,,,,,,,,,,"226","58","798","172","7","1","2","1","1FFFFF","1AAAAAAAA1AAAA","4",,,,,,,,,,,,,,,
"3200623","2016-09-06T10:13:00","25.55","128.87",,,"1","4","2","5",,,,"11",,,,,,,,,,,,"8",,,,,,"9","298",,,,,,,,,,,,,"226","58","798","172","7","1","2","1","1FFFFF","1AAAAAAAA1AAAA","4",,,,,,,,,,,,,,,
"5100523","2016-09-06T10:30:00","22.80","125.87",,,"1","4","2","5",,,,"11",,,,,,,,,,,,"8",,,,,,"9","297",,,,,,,,,,,,,"226","25","798","172","7","1","2","1","1FFFFF","1AAAAAAAA1AAAA","4",,,,,,,,,,,,,,,
"5100523","2016-09-06T10:42:00","22.81","125.86",,,"1","4","2","5",,,,"11",,,,,,,,,,,,"8",,,,,,"9","297",,,,,,,,,,,,,"226","25","798","172","7","0",,"1","1FFFFF","1AAAAAAAA1AAAA","4",,,,,,,,,,,,,,,
"3200623","2016-09-06T10:43:00","25.55","128.88",,,"1","4","2","5",,,,"11",,,,,,,,,,,,"8",,,,,,"9","298",,,,,,,,,,,,,"226","58","798","172","7","1","2","1","1FFFFF","1AAAAAAAA1AAAA","4",,,,,,,,,,,,,,,
"3200560","2016-09-06T10:44:00","20.64","122.97",,,"1","4","2","5",,,,"11",,,,,,,,,,,,"8",,,,,,"9","298",,,,,,,,,,,,,"226","2","798","172","7","0",,"1","1FFFFF","1AAAAAAAA1AAAA","4",,,,,,,,,,,,,,,
"5100523","2016-09-06T10:45:00","22.81","125.86",,,"1","4","2","5",,,,"11",,,,,,,,,,,,"8",,,,,,"9","297",,,,,,,,,,,,,"226","25","798","172","7","1","2","1","1FFFFF","1AAAAAAAA1AAAA","4",,,,,,,,,,,,,,,
"3200623","2016-09-06T10:48:00","25.55","128.88",,,"1","4","2","5",,,,"11",,,,,,,,,,,,"8",,,,,,"9","298",,,,,,,,,,,,,"226","58","798","172","7","1","2","1","1FFFFF","1AAAAAAAA1AAAA","4",,,,,,,,,,,,,,,
"3200560","2016-09-06T11:00:00","20.64","122.97",,,"1","4","2","5",,,,"11",,,,,,,,,,,,"8",,,,,,"9","298",,,,,,,,,,,,,"226","2","798","172","7","0",,"1","1FFFFF","1AAAAAAAA1AAAA","4",,,,,,,,,,,,,,,
"5100523","2016-09-06T11:00:00","22.80","125.87",,,"1","4","2","5",,,,"11",,,,,,,,,,,,"8",,,,,,"9","297",,,,,,,,,,,,,"226","25","798","172","7","1","2","1","1FFFFF","1AAAAAAAA1AAAA","4",,,,,,,,,,,,,,,
"VRPY7","2016-09-06T11:00:00","22.10","122.20",,,"1","4","0","0","1","3",,"1","0","240","4","129",,"97","80","2","10140","5","10","0","300","0","260",,"246",,,"6","6","9","6","7","8",,,,"23","8","3","226","22","992","114","5","1","2","1","F13111","111111111A1A11",,,"1","2",,,,,,,,,,,"4",
"5100523","2016-09-06T11:15:00","22.81","125.87",,,"1","4","2","5",,,,"11",,,,,,,,,,,,"8",,,,,,"9","297",,,,,,,,,,,,,"226","25","798","172","7","0",,"1","1FFFFF","1AAAAAAAA1AAAA","4",,,,,,,,,,,,,,,
"5100523","2016-09-06T11:30:00","22.80","125.87",,,"1","4","2","5",,,,"11",,,,,,,,,,,,"8",,,,,,"9","297",,,,,,,,,,,,,"226","25","798","172","7","0",,"1","1FFFFF","1AAAAAAAA1AAAA","4",,,,,,,,,,,,,,,
"3200623","2016-09-06T11:32:00","25.55","128.90",,,"1","4","2","5",,,,"11",,,,,,,,,,,,"8",,,,,,"9","298",,,,,,,,,,,,,"226","58","798","172","7","0",,"1","1FFFFF","1AAAAAAAA1AAAA","4",,,,,,,,,,,,,,,
"5100523","2016-09-06T11:32:00","22.81","125.87",,,"1","4","2","5",,,,"11",,,,,,,,,,,,"8",,,,,,"9","297",,,,,,,,,,,,,"226","25","798","172","7","0",,"1","1FFFFF","1AAAAAAAA1AAAA","4",,,,,,,,,,,,,,,
"3200623","2016-09-06T11:34:00","25.55","128.90",,,"1","4","2","5",,,,"11",,,,,,,,,,,,"8",,,,,,"9","298",,,,,,,,,,,,,"226","58","798","172","7","0",,"1","1FFFFF","1AAAAAAAA1AAAA","4",,,,,,,,,,,,,,,
"3200623","2016-09-06T11:36:00","25.55","128.90",,,"1","4","2","5",,,,"11",,,,,,,,,,,,"8",,,,,,"9","298",,,,,,,,,,,,,"226","58","798","172","7","0",,"1","1FFFFF","1AAAAAAAA1AAAA","4",,,,,,,,,,,,,,,
"3200560","2016-09-06T12:00:00","20.65","122.98",,,"1","4","2","5",,,,"11",,,,,,,,,,,,"8",,,,,,"9","298",,,,,,,,,,,,,"226","2","798","172","7","0",,"1","1FFFFF","1AAAAAAAA1AAAA","4",,,,,,,,,,,,,,,
"C6DM2","2016-09-06T12:00:00","25.50","123.60",,,"1","4","0","0","2","4",,"1","0","340","4","26",,"98","3","2","10060","6","10","0","290","0","270",,"263","3","300","7","6","2","5","8","2",,"7","4","5","8","4","226","53","992","114","5","1","2","1","111111","11111111111111",,,"1","2","5","9","4",,,,,,,,"4",
"5100523","2016-09-06T12:15:00","22.81","125.85",,,"1","4","2","5",,,,"11",,,,,,,,,,,,"8",,,,,,"9","297",,,,,,,,,,,,,"226","25","798","172","7","0",,"1","1FFFFF","1AAAAAAAA1AAAA","4",,,,,,,,,,,,,,,
"3200560","2016-09-06T12:27:00","20.65","122.98",,,"1","4","2","5",,,,"11",,,,,,,,,,,,"8",,,,,,"9","298",,,,,,,,,,,,,"226","2","798","172","7","0",,"1","1FFFFF","1AAAAAAAA1AAAA","4",,,,,,,,,,,,,,,
"3200623","2016-09-06T12:28:00","25.55","128.92",,,"1","4","2","5",,,,"11",,,,,,,,,,,,"8",,,,,,"9","297",,,,,,,,,,,,,"226","58","798","172","7","1","2","1","1FFFFF","1AAAAAAAA1AAAA","4",,,,,,,,,,,,,,,
"5100523","2016-09-06T12:28:00","22.81","125.85",,,"1","4","2","5",,,,"11",,,,,,,,,,,,"8",,,,,,"9","297",,,,,,,,,,,,,"226","25","798","172","7","0",,"1","1FFFFF","1AAAAAAAA1AAAA","4",,,,,,,,,,,,,,,
"3200623","2016-09-06T12:30:00","25.55","128.92",,,"1","4","2","5",,,,"11",,,,,,,,,,,,"8",,,,,,"9","297",,,,,,,,,,,,,"226","58","798","172","7","0",,"1","1FFFFF","1AAAAAAAA1AAAA","4",,,,,,,,,,,,,,,
"5100523","2016-09-06T12:30:00","22.81","125.85",,,"1","4","2","5",,,,"11",,,,,,,,,,,,"8",,,,,,"9","297",,,,,,,,,,,,,"226","25","798","172","7","0",,"1","1FFFFF","1AAAAAAAA1AAAA","4",,,,,,,,,,,,,,,
"3200560","2016-09-06T13:00:00","20.66","122.98",,,"1","4","2","5",,,,"11",,,,,,,,,,,,"8",,,,,,"9","298",,,,,,,,,,,,,"226","2","798","172","7","1","2","1","1FFFFF","1AAAAAAAA1AAAA","4",,,,,,,,,,,,,,,
"5100523","2016-09-06T13:00:00","22.81","125.85",,,"1","4","2","5",,,,"11",,,,,,,,,,,,"8",,,,,,"9","297",,,,,,,,,,,,,"226","25","798","172","7","1","2","1","1FFFFF","1AAAAAAAA1AAAA","4",,,,,,,,,,,,,,,
"3200560","2016-09-06T13:14:00","20.66","122.98",,,"1","4","2","5",,,,"11",,,,,,,,,,,,"8",,,,,,"9","298",,,,,,,,,,,,,"226","2","798","172","7","0",,"1","1FFFFF","1AAAAAAAA1AAAA","4",,,,,,,,,,,,,,,
"3200623","2016-09-06T13:14:00","25.55","128.92",,,"1","3","2","5",,,,"11",,,,,,,,,,,,,,,,,,,,,,,,,,,,,,,,"226","58","798","172","7","1","2","1","FFFFFF","1AAAAAAAAAAAAA","4",,,,,,,,,,,,,,,
"3200623","2016-09-06T13:15:00","25.54","128.94",,,"1","4","2","5",,,,"11",,,,,,,,,,,,"8",,,,,,"9","297",,,,,,,,,,,,,"226","58","798","172","7","0",,"1","1FFFFF","1AAAAAAAA1AAAA","4",,,,,,,,,,,,,,,
"5100523","2016-09-06T13:15:00","22.81","125.85",,,"1","4","2","5",,,,"11",,,,,,,,,,,,"8",,,,,,"9","297",,,,,,,,,,,,,"226","25","798","172","7","1","2","1","1FFFFF","1AAAAAAAA1AAAA","4",,,,,,,,,,,,,,,
"3200623","2016-09-06T13:18:00","25.54","128.94",,,"1","4","2","5",,,,"11",,,,,,,,,,,,"8",,,,,,"9","297",,,,,,,,,,,,,"226","58","798","172","7","1","2","1","1FFFFF","1AAAAAAAA1AAAA","4",,,,,,,,,,,,,,,
"3200560","2016-09-06T14:00:00","20.66","122.98",,,"1","4","2","5",,,,"11",,,,,,,,,,,,"8",,,,,,"9","298",,,,,,,,,,,,,"226","2","798","172","7","1","2","1","1FFFFF","1AAAAAAAA1AAAA","4",,,,,,,,,,,,,,,
"5100523","2016-09-06T14:00:00","22.82","125.85",,,"1","4","2","5",,,,"11",,,,,,,,,,,,"8",,,,,,"9","297",,,,,,,,,,,,,"226","25","798","172","7","1","2","1","1FFFFF","1AAAAAAAA1AAAA","4",,,,,,,,,,,,,,,
"3200560","2016-09-06T15:00:00","20.66","122.98",,,"1","4","2","5",,,,"11",,,,,,,,,,,,"8",,,,,,"9","298",,,,,,,,,,,,,"226","2","798","172","7","0",,"1","1FFFFF","1AAAAAAAA1AAAA","4",,,,,,,,,,,,,,,
"VRKK2","2016-09-06T15:00:00","22.50","121.50",,,"1","4","0","0","2","3",,"1","0","150","3","93",,"95",,,"10100","5","10","0","270","0","250",,"243","0","270","5","5","7","7","4","2",,"7","2","13","5","2","226","21","992","114","5","1","2","1","111111","111AA111111111",,,"3",,"14","3","2",,,,,,,,"4",
"VRPY7","2016-09-06T15:00:00","22.80","122.50",,,"1","4","0","0","8","3",,"1","0","230","4","134",,,,,"10130","4","0","0","250","0","230",,"222","1","290","8",,"9","3","A","A",,"10","6","23",,,"226","22","992","114","5","1","2","1","113111","11AAA111111171",,,"1",,,,,,,,,,,,"4",
"3200560","2016-09-06T16:00:00","20.70","122.99",,,"1","4","2","5",,,,"11",,,,,,,,,,,,"8",,,,,,"9","298",,,,,,,,,,,,,"226","2","798","172","7","0",,"1","1FFFFF","1AAAAAAAA1AAAA","4",,,,,,,,,,,,,,,
"3200560","2016-09-06T17:00:00","20.70","122.99",,,"1","4","2","5",,,,"11",,,,,,,,,,,,"8",,,,,,"9","298",,,,,,,,,,,,,"226","2","798","172","7","0",,"1","1FFFFF","1AAAAAAAA1AAAA","4",,,,,,,,,,,,,,,
"5100523","2016-09-06T17:45:00","22.88","125.84",,,"1","4","2","5",,,,"11",,,,,,,,,,,,"8",,,,,,"9","297",,,,,,,,,,,,,"226","25","798","172","7","0",,"1","1FFFFF","1AAAAAAAA1AAAA","4",,,,,,,,,,,,,,,
"3200623","2016-09-06T17:50:00","25.53","129.02",,,"1","4","2","5",,,,"11",,,,,,,,,,,,"8",,,,,,"9","296",,,,,,,,,,,,,"226","59","798","172","7","0",,"1","1FFFFF","1AAAAAAAA1AAAA","4",,,,,,,,,,,,,,,
"5100523","2016-09-06T17:50:00","22.88","125.84",,,"1","4","2","5",,,,"11",,,,,,,,,,,,"8",,,,,,"9","297",,,,,,,,,,,,,"226","25","798","172","7","0",,"1","1FFFFF","1AAAAAAAA1AAAA","4",,,,,,,,,,,,,,,
"3200560","2016-09-06T17:51:00","20.70","122.99",,,"1","4","2","5",,,,"11",,,,,,,,,,,,"8",,,,,,"9","298",,,,,,,,,,,,,"226","2","798","172","7","1","2","1","1FFFFF","1AAAAAAAA1AAAA","4",,,,,,,,,,,,,,,
"3200623","2016-09-06T17:53:00","25.53","129.02",,,"1","4","2","5",,,,"11",,,,,,,,,,,,"8",,,,,,"9","296",,,,,,,,,,,,,"226","59","798","172","7","0",,"1","1FFFFF","1AAAAAAAA1AAAA","4",,,,,,,,,,,,,,,
"3200560","2016-09-06T18:00:00","20.71","122.98",,,"1","4","2","5",,,,"11",,,,,,,,,,,,"8",,,,,,"9","298",,,,,,,,,,,,,"226","2","798","172","7","1","2","1","1FFFFF","1AAAAAAAA1AAAA","4",,,,,,,,,,,,,,,
"C6DM2","2016-09-06T18:00:00","25.80","125.50",,,"1","4","0","0","2","4",,"1","0","240","4","113",,"97","3","1","10080","4","0","0","290","0","270",,"263","3","280","7","6","1","7","3","A",,"7","3","24","9","5","226","55","992","114","5","1","2","1","113111","11111111111111",,,"1","1","22","6","3",,,,,,,,"4",
"VRPY7","2016-09-06T18:00:00","23.30","122.70",,,"1","4","0","0","1","3",,"1","0","250","4","93",,,,,"10130","4","0","0","250","0","230",,"222",,,"4","3","6","1","4","3",,"10","5",,"10","4","226","32","992","114","5","1","2","1","F11111","11AAA1111A1171",,,"1",,,,,,,,,,,,"4",
"VSJG7","2016-09-06T18:00:00","26.80","121.30",,,"1","4","0","0","1","4",,"1","0","100","3","31",,"98","2","2","10075","1","5","0","275","0","260",,"254","3","290","6",,"6","2","A","A",,"4","2",,,,"226","61","992","114","5","1","2","1","111111","111111111111A1",,,"1","2",,,,,,,,,,,"4",
"3200560","2016-09-06T19:00:00","20.73","122.99",,,"1","4","2","5",,,,"11",,,,,,,,,,,,"8",,,,,,"9","298",,,,,,,,,,,,,"226","2","798","172","7","1","2","1","1FFFFF","1AAAAAAAA1AAAA","4",,,,,,,,,,,,,,,
"5100523","2016-09-06T19:15:00","22.88","125.84",,,"1","4","2","5",,,,"11",,,,,,,,,,,,"8",,,,,,"9","297",,,,,,,,,,,,,"226","25","798","172","7","1","2","1","1FFFFF","1AAAAAAAA1AAAA","4",,,,,,,,,,,,,,,
"5100523","2016-09-06T19:30:00","22.88","125.84",,,"1","4","2","5",,,,"11",,,,,,,,,,,,"8",,,,,,"9","297",,,,,,,,,,,,,"226","25","798","172","7","1","2","1","1FFFFF","1AAAAAAAA1AAAA","4",,,,,,,,,,,,,,,
"3200623","2016-09-06T19:31:00","25.53","129.05",,,"1","4","2","5",,,,"11",,,,,,,,,,,,"8",,,,,,"9","296",,,,,,,,,,,,,"226","59","798","172","7","0",,"1","1FFFFF","1AAAAAAAA1AAAA","4",,,,,,,,,,,,,,,
"3200560","2016-09-06T19:32:00","20.73","122.99",,,"1","4","2","5",,,,"11",,,,,,,,,,,,"8",,,,,,"9","298",,,,,,,,,,,,,"226","2","798","172","7","0",,"1","1FFFFF","1AAAAAAAA1AAAA","4",,,,,,,,,,,,,,,
"3200623","2016-09-06T19:33:00","25.53","129.05",,,"1","4","2","5",,,,"11",,,,,,,,,,,,"8",,,,,,"9","296",,,,,,,,,,,,,"226","59","798","172","7","1","2","1","1FFFFF","1AAAAAAAA1AAAA","4",,,,,,,,,,,,,,,
"3200560","2016-09-06T20:00:00","20.73","122.99",,,"1","4","2","5",,,,"11",,,,,,,,,,,,"8",,,,,,"9","298",,,,,,,,,,,,,"226","2","798","172","7","0",,"1","1FFFFF","1AAAAAAAA1AAAA","4",,,,,,,,,,,,,,,
"5100523","2016-09-06T20:00:00","22.91","125.84",,,"1","4","2","5",,,,"11",,,,,,,,,,,,"8",,,,,,"9","296",,,,,,,,,,,,,"226","25","798","172","7","0",,"1","1FFFFF","1AAAAAAAA1AAAA","4",,,,,,,,,,,,,,,
"5100523","2016-09-06T20:14:00","22.91","125.84",,,"1","4","2","5",,,,"11",,,,,,,,,,,,"8",,,,,,"9","296",,,,,,,,,,,,,"226","25","798","172","7","0",,"1","1FFFFF","1AAAAAAAA1AAAA","4",,,,,,,,,,,,,,,
"5100523","2016-09-06T20:15:00","22.91","125.84",,,"1","4","2","5",,,,"11",,,,,,,,,,,,"8",,,,,,"9","296",,,,,,,,,,,,,"226","25","798","172","7","0",,"1","1FFFFF","1AAAAAAAA1AAAA","4",,,,,,,,,,,,,,,
"3200623","2016-09-06T20:17:00","25.53","129.07",,,"1","4","2","5",,,,"11",,,,,,,,,,,,"8",,,,,,"9","296",,,,,,,,,,,,,"226","59","798","172","7","0",,"1","1FFFFF","1AAAAAAAA1AAAA","4",,,,,,,,,,,,,,,
"3200623","2016-09-06T20:20:00","25.53","129.07",,,"1","4","2","5",,,,"11",,,,,,,,,,,,"8",,,,,,"9","296",,,,,,,,,,,,,"226","59","798","172","7","0",,"1","1FFFFF","1AAAAAAAA1AAAA","4",,,,,,,,,,,,,,,
"3200623","2016-09-06T20:21:00","25.53","129.08",,,"1","4","2","5",,,,"11",,,,,,,,,,,,"8",,,,,,"9","296",,,,,,,,,,,,,"226","59","798","172","7","1","2","1","1FFFFF","1AAAAAAAA1AAAA","4",,,,,,,,,,,,,,,
"3200623","2016-09-06T20:22:00","25.53","129.07",,,"1","4","2","5",,,,"11",,,,,,,,,,,,"8",,,,,,"9","296",,,,,,,,,,,,,"226","59","798","172","7","0",,"1","1FFFFF","1AAAAAAAA1AAAA","4",,,,,,,,,,,,,,,
"5100523","2016-09-06T20:45:00","22.91","125.84",,,"1","4","2","5",,,,"11",,,,,,,,,,,,"8",,,,,,"9","296",,,,,,,,,,,,,"226","25","798","172","7","0",,"1","1FFFFF","1AAAAAAAA1AAAA","4",,,,,,,,,,,,,,,
"3200560","2016-09-06T20:55:00","20.75","123.00",,,"1","4","2","5",,,,"11",,,,,,,,,,,,"8",,,,,,"9","298",,,,,,,,,,,,,"226","3","798","172","7","0",,"1","1FFFFF","1AAAAAAAA1AAAA","4",,,,,,,,,,,,,,,
"3200623","2016-09-06T20:55:00","25.52","129.09",,,"1","4","2","5",,,,"11",,,,,,,,,,,,"8",,,,,,"9","296",,,,,,,,,,,,,"226","59","798","172","7","0",,"1","1FFFFF","1AAAAAAAA1AAAA","4",,,,,,,,,,,,,,,
"3200623","2016-09-06T20:57:00","25.53","129.08",,,"1","4","2","5",,,,"11",,,,,,,,,,,,"8",,,,,,"9","296",,,,,,,,,,,,,"226","59","798","172","7","0",,"1","1FFFFF","1AAAAAAAA1AAAA","4",,,,,,,,,,,,,,,
"3200623","2016-09-06T20:58:00","25.52","129.09",,,"1","4","2","5",,,,"11",,,,,,,,,,,,"8",,,,,,"9","296",,,,,,,,,,,,,"226","59","798","172","7","1","2","1","1FFFFF","1AAAAAAAA1AAAA","4",,,,,,,,,,,,,,,
"3200560","2016-09-06T21:00:00","20.75","123.00",,,"1","4","2","5",,,,"11",,,,,,,,,,,,"8",,,,,,"9","298",,,,,,,,,,,,,"226","3","798","172","7","1","2","1","1FFFFF","1AAAAAAAA1AAAA","4",,,,,,,,,,,,,,,
"VRLT9","2016-09-06T21:00:00","28.60","122.70",,,"1","4","0","0","1","3",,"1","0","230","4","67",,"97",,"2","10060","4",,"0","250","0","240",,"236",,,"7","6","1","2","5","A",,"6","6",,"4","4","226","82","992","114","5","1","2","1","F11111","111A11111A1177",,,"1","1",,"2","2",,"0","0","A","0","A","A","4",
"VRPY7","2016-09-06T21:00:00","23.90","123.00",,,"1","4","0","0","1","3",,"1","0","230","4","118",,"97","2","2","10110","4","0","0","250","0","240",,"236",,,"7","6","2","7","8","8",,,,"23","10","7","226","33","992","114","5","1","2","1","F11111","111111111A1A11",,,"1","2",,,,,,,,,,,"4",
"5100523","2016-09-06T21:45:00","22.93","125.83",,,"1","4","2","5",,,,"11",,,,,,,,,,,,"8",,,,,,"9","296",,,,,,,,,,,,,"226","25","798","172","7","1","2","2","1FFFFF","1AAAAAAAA1AAAA","4",,,,,,,,,,,,,,,
"3200623","2016-09-06T21:55:00","25.52","129.11",,,"1","4","2","5",,,,"11",,,,,,,,,,,,"8",,,,,,"9","296",,,,,,,,,,,,,"226","59","798","172","7","0",,"2","1FFFFF","1AAAAAAAA1AAAA","4",,,,,,,,,,,,,,,
"5100523","2016-09-06T21:55:00","22.93","125.83",,,"1","4","2","5",,,,"11",,,,,,,,,,,,"8",,,,,,"9","296",,,,,,,,,,,,,"226","25","798","172","7","0",,"2","1FFFFF","1AAAAAAAA1AAAA","4",,,,,,,,,,,,,,,
"3200623","2016-09-06T21:58:00","25.52","129.11",,,"1","4","2","5",,,,"11",,,,,,,,,,,,"8",,,,,,"9","296",,,,,,,,,,,,,"226","59","798","172","7","1","2","2","1FFFFF","1AAAAAAAA1AAAA","4",,,,,,,,,,,,,,,
"3200560","2016-09-06T22:00:00","20.76","123.02",,,"1","4","2","5",,,,"11",,,,,,,,,,,,"8",,,,,,"9","298",,,,,,,,,,,,,"226","3","798","172","7","1","2","2","1FFFFF","1AAAAAAAA1AAAA","4",,,,,,,,,,,,,,,
"5100523","2016-09-06T22:00:00","22.93","125.86",,,"1","4","2","5",,,,"11",,,,,,,,,,,,"8",,,,,,"9","296",,,,,,,,,,,,,"226","25","798","172","7","1","2","2","1FFFFF","1AAAAAAAA1AAAA","4",,,,,,,,,,,,,,,
"VRPY7","2016-09-06T22:00:00","24.10","123.10",,,"1","4","0","0","1","3",,"1","0","230","4","134",,"97","2","2","10110","4","0","0","250","0","240",,"236",,,"7","6","2","7","8","8",,,,"23","10","7","226","43","992","114","5","1","2","2","F13111","111111111A1A11",,,"1","2",,,,,,,,,,,"4",
"3200560","2016-09-06T22:04:00","20.76","123.02",,,"1","4","2","5",,,,"11",,,,,,,,,,,,"8",,,,,,"9","298",,,,,,,,,,,,,"226","3","798","172","7","0",,"2","1FFFFF","1AAAAAAAA1AAAA","4",,,,,,,,,,,,,,,
"5100523","2016-09-06T22:04:00","22.93","125.86",,,"1","4","2","5",,,,"11",,,,,,,,,,,,"8",,,,,,"9","296",,,,,,,,,,,,,"226","25","798","172","7","1","2","2","1FFFFF","1AAAAAAAA1AAAA","4",,,,,,,,,,,,,,,
"3200623","2016-09-06T22:05:00","25.52","129.12",,,"1","4","2","5",,,,"11",,,,,,,,,,,,"8",,,,,,"9","296",,,,,,,,,,,,,"226","59","798","172","7","0",,"2","1FFFFF","1AAAAAAAA1AAAA","4",,,,,,,,,,,,,,,
"3200623","2016-09-06T22:07:00","25.52","129.12",,,"1","4","2","5",,,,"11",,,,,,,,,,,,"8",,,,,,"9","296",,,,,,,,,,,,,"226","59","798","172","7","1","2","2","1FFFFF","1AAAAAAAA1AAAA","4",,,,,,,,,,,,,,,
"5100523","2016-09-06T22:30:00","22.93","125.85",,,"1","4","2","5",,,,"11",,,,,,,,,,,,"8",,,,,,"9","296",,,,,,,,,,,,,"226","25","798","172","7","1","2","2","1FFFFF","1AAAAAAAA1AAAA","4",,,,,,,,,,,,,,,
"3200623","2016-09-06T22:33:00","25.51","129.13",,,"1","4","2","5",,,,"11",,,,,,,,,,,,"8",,,,,,"9","296",,,,,,,,,,,,,"226","59","798","172","7","0",,"2","1FFFFF","1AAAAAAAA1AAAA","4",,,,,,,,,,,,,,,
"3200560","2016-09-06T22:35:00","20.77","123.03",,,"1","4","2","5",,,,"11",,,,,,,,,,,,"8",,,,,,"9","298",,,,,,,,,,,,,"226","3","798","172","7","0",,"2","1FFFFF","1AAAAAAAA1AAAA","4",,,,,,,,,,,,,,,
"3200623","2016-09-06T22:36:00","25.51","129.13",,,"1","4","2","5",,,,"11",,,,,,,,,,,,"8",,,,,,"9","296",,,,,,,,,,,,,"226","59","798","172","7","1","2","2","1FFFFF","1AAAAAAAA1AAAA","4",,,,,,,,,,,,,,,
"3200560","2016-09-06T23:00:00","20.77","123.03",,,"1","4","2","5",,,,"11",,,,,,,,,,,,"8",,,,,,"9","298",,,,,,,,,,,,,"226","3","798","172","7","1","2","2","1FFFFF","1AAAAAAAA1AAAA","4",,,,,,,,,,,,,,,
"5100523","2016-09-06T23:30:00","22.93","125.83",,,"1","4","2","5",,,,"11",,,,,,,,,,,,"8",,,,,,"9","296",,,,,,,,,,,,,"226","25","798","172","7","1","2","2","1FFFFF","1AAAAAAAA1AAAA","4",,,,,,,,,,,,,,,
"5100523","2016-09-06T23:45:00","22.93","125.83",,,"1","4","2","5",,,,"11",,,,,,,,,,,,"8",,,,,,"9","296",,,,,,,,,,,,,"226","25","798","172","7","1","2","2","1FFFFF","1AAAAAAAA1AAAA","4",,,,,,,,,,,,,,,
"3200623","2016-09-06T23:56:00","25.50","129.17",,,"1","4","2","5",,,,"11",,,,,,,,,,,,"8",,,,,,"9","296",,,,,,,,,,,,,"226","59","798","172","7","0",,"2","1FFFFF","1AAAAAAAA1AAAA","4",,,,,,,,,,,,,,,
"3200623","2016-09-06T23:58:00","25.50","129.17",,,"1","4","2","5",,,,"11",,,,,,,,,,,,"8",,,,,,"9","296",,,,,,,,,,,,,"226","59","798","172","7","0",,"2","1FFFFF","1AAAAAAAA1AAAA","4",,,,,,,,,,,,,,,
"3200560","2016-09-07T00:00:00","20.78","123.06",,,"1","4","2","5",,,,"11",,,,,,,,,,,,"8",,,,,,"9","298",,,,,,,,,,,,,"226","3","798","172","7","1","2","2","1FFFFF","1AAAAAAAA1AAAA","4",,,,,,,,,,,,,,,
"5100523","2016-09-07T00:00:00","22.93","125.83",,,"1","4","2","5",,,,"11",,,,,,,,,,,,"8",,,,,,"9","296",,,,,,,,,,,,,"226","25","798","172","7","0",,"2","1FFFFF","1AAAAAAAA1AAAA","4",,,,,,,,,,,,,,,
"C6DM2","2016-09-07T00:00:00","26.00","127.20",,,"1","4","0","0","2","4",,"1","0","240","4","103",,"97",,"2","10080","5","10","0","280","0","260",,"253","3","300","8","7","6","2","2","A",,"5","3","25","7","6","226","67","992","114","5","1","2","2","111111","111A1111111111",,,"1","1","24","9","7",,,,,,,,"4",
"DFNB2","2016-09-07T00:00:00","29.00","127.40",,,"1","4","0","0","1","4","1","1","0","330","4","72",,"98","1","1","10061","2","6","0","295",,,,"253","1","280","3","2","3","5","7","0",,"6","4",,,,"226","97","992","114","5","1","2","2","111111","1111111A1111A1",,,"1","1",,,,,,,,,,,"4",
"MPMM5","2016-09-07T00:00:00","25.20","122.80",,,"1","4","0","0","8","4","1","1","0","320","4","51",,"98","3","6","10077","2","4","0","280","0","260",,"252","1","300","8","5","7","2","1","A",,"2","4","31","2","4","226","52","992","114","5","1","2","2","111111","11111111111111",,,"1","5",,,,,,,,,,,"4",
"VRKK2","2016-09-07T00:00:00","20.40","120.70",,,"1","4","0","0","2","3",,"1","0","180","3","51",,"95",,,"10120","5","10","0","280","0","260",,"253","0","260","5","5","7","7","4","2",,"7","2","19","5","2","226","0","992","114","5","1","2","2","111111","111AA111111111",,,"3",,"19","3","2",,,,,,,,"4",
"3200623","2016-09-07T00:02:00","25.50","129.17",,,"1","4","2","5",,,,"11",,,,,,,,,,,,"8",,,,,,"9","296",,,,,,,,,,,,,"226","59","798","172","7","0",,"2","1FFFFF","1AAAAAAAA1AAAA","4",,,,,,,,,,,,,,,
"3200623","2016-09-07T00:45:00","25.50","129.19",,,"1","4","2","5",,,,"11",,,,,,,,,,,,"8",,,,,,"9","296",,,,,,,,,,,,,"226","59","798","172","7","0",,"2","1FFFFF","1AAAAAAAA1AAAA","4",,,,,,,,,,,,,,,
"5100523","2016-09-07T00:45:00","22.97","125.85",,,"1","4","2","5",,,,"11",,,,,,,,,,,,"8",,,,,,"9","296",,,,,,,,,,,,,"226","25","798","172","7","1","2","2","1FFFFF","1AAAAAAAA1AAAA","4",,,,,,,,,,,,,,,
"5100523","2016-09-07T00:51:00","22.97","125.85",,,"1","4","2","5",,,,"11",,,,,,,,,,,,"8",,,,,,"9","296",,,,,,,,,,,,,"226","25","798","172","7","1","2","2","1FFFFF","1AAAAAAAA1AAAA","4",,,,,,,,,,,,,,,
"3200560","2016-09-07T00:53:00","20.78","123.06",,,"1","4","2","5",,,,"11",,,,,,,,,,,,"8",,,,,,"9","298",,,,,,,,,,,,,"226","3","798","172","7","1","2","2","1FFFFF","1AAAAAAAA1AAAA","4",,,,,,,,,,,,,,,
"3200623","2016-09-07T00:56:00","25.50","129.19",,,"1","4","2","5",,,,"11",,,,,,,,,,,,"8",,,,,,"9","296",,,,,,,,,,,,,"226","59","798","172","7","1","2","2","1FFFFF","1AAAAAAAA1AAAA","4",,,,,,,,,,,,,,,
"3200560","2016-09-07T01:00:00","20.78","123.06",,,"1","4","2","5",,,,"11",,,,,,,,,,,,"8",,,,,,"9","298",,,,,,,,,,,,,"226","3","798","172","7","1","2","2","1FFFFF","1AAAAAAAA1AAAA","4",,,,,,,,,,,,,,,
"VRLA6","2016-09-07T01:00:00","28.60","122.70",,,"1","4","0","0","4","2",,"1","0","80","4","26",,"97",,"0","10100","0","0","0","260","0","220",,"199","1","260","8","8","7","2","A","A",,,,"0",,,"226","82","992","114","5","1","2","2","111111","111A1111111A31",,,"1","0","0",,,,,,,,,,"4",
"5100523","2016-09-07T01:30:00","22.98","125.84",,,"1","4","2","5",,,,"11",,,,,,,,,,,,"8",,,,,,"9","296",,,,,,,,,,,,,"226","25","798","172","7","1","2","2","1FFFFF","1AAAAAAAA1AAAA","4",,,,,,,,,,,,,,,
"3200623","2016-09-07T01:38:00","25.49","129.21",,,"1","4","2","5",,,,"11",,,,,,,,,,,,"8",,,,,,"9","296",,,,,,,,,,,,,"226","59","798","172","7","0",,"2","1FFFFF","1AAAAAAAA1AAAA","4",,,,,,,,,,,,,,,
"5100523","2016-09-07T01:38:00","22.98","125.84",,,"1","4","2","5",,,,"11",,,,,,,,,,,,"8",,,,,,"9","297",,,,,,,,,,,,,"226","25","798","172","7","1","2","2","1FFFFF","1AAAAAAAA1AAAA","4",,,,,,,,,,,,,,,
"3200623","2016-09-07T01:40:00","25.49","129.21",,,"1","4","2","5",,,,"11",,,,,,,,,,,,"8",,,,,,"9","296",,,,,,,,,,,,,"226","59","798","172","7","1","2","2","1FFFFF","1AAAAAAAA1AAAA","4",,,,,,,,,,,,,,,
"5100523","2016-09-07T01:45:00","22.98","125.84",,,"1","4","2","5",,,,"11",,,,,,,,,,,,"8",,,,,,"9","296",,,,,,,,,,,,,"226","25","798","172","7","1","2","2","1FFFFF","1AAAAAAAA1AAAA","4",,,,,,,,,,,,,,,
"3200560","2016-09-07T02:00:00","20.80","123.07",,,"1","4","2","5",,,,"11",,,,,,,,,,,,"8",,,,,,"9","298",,,,,,,,,,,,,"226","3","798","172","7","0",,"2","1FFFFF","1AAAAAAAA1AAAA","4",,,,,,,,,,,,,,,
"5100523","2016-09-07T02:15:00","22.97","125.85",,,"1","4","2","5",,,,"11",,,,,,,,,,,,"8",,,,,,"9","296",,,,,,,,,,,,,"226","25","798","172","7","0",,"2","1FFFFF","1AAAAAAAA1AAAA","4",,,,,,,,,,,,,,,
"3200623","2016-09-07T02:28:00","25.48","129.24",,,"1","4","2","5",,,,"11",,,,,,,,,,,,"8",,,,,,"9","296",,,,,,,,,,,,,"226","59","798","172","7","1","2","2","1FFFFF","1AAAAAAAA1AAAA","4",,,,,,,,,,,,,,,
"5100523","2016-09-07T02:30:00","22.97","125.85",,,"1","4","2","5",,,,"11",,,,,,,,,,,,"8",,,,,,"9","296",,,,,,,,,,,,,"226","25","798","172","7","0",,"2","1FFFFF","1AAAAAAAA1AAAA","4",,,,,,,,,,,,,,,
"3200560","2016-09-07T02:33:00","20.80","123.07",,,"1","4","2","5",,,,"11",,,,,,,,,,,,"8",,,,,,"9","299",,,,,,,,,,,,,"226","3","798","172","7","1","2","2","1FFFFF","1AAAAAAAA1AAAA","4",,,,,,,,,,,,,,,
"3200623","2016-09-07T02:34:00","25.48","129.24",,,"1","4","2","5",,,,"11",,,,,,,,,,,,"8",,,,,,"9","296",,,,,,,,,,,,,"226","59","798","172","7","1","2","2","1FFFFF","1AAAAAAAA1AAAA","4",,,,,,,,,,,,,,,
"3200560","2016-09-07T03:00:00","20.80","123.07",,,"1","4","2","5",,,,"11",,,,,,,,,,,,"8",,,,,,"9","299",,,,,,,,,,,,,"226","3","798","172","7","0",,"2","1FFFFF","1AAAAAAAA1AAAA","4",,,,,,,,,,,,,,,
"MPMM5","2016-09-07T03:00:00","26.00","123.00",,,"1","4","0","0","8","4","1","1","0","280","4","103",,"98","3","2","10078","7","12","0","292","0","251",,"233","1","290","7","7","1","5","7","1",,"4","4",,,,"226","63","992","114","5","1","2","2","113111","111111111111A1",,,"1","2",,,,,,,,,,,"4",
"VRPY7","2016-09-07T03:00:00","25.10","123.60",,,"1","4","0","0","8","3",,"1","0","310","4","51",,,,,"10130","2","10","0","250","0","250",,"250","1","290","8",,"9","3","A","A",,"10","6","23",,,"226","53","992","114","5","1","2","2","111113","11AAA111111171",,,"1",,,,,,,,,,,,"4",
"3200560","2016-09-07T04:00:00","20.83","123.11",,,"1","4","2","5",,,,"11",,,,,,,,,,,,"8",,,,,,"9","299",,,,,,,,,,,,,"226","3","798","172","7","1","2","2","1FFFFF","1AAAAAAAA1AAAA","4",,,,,,,,,,,,,,,
"3200560","2016-09-07T05:00:00","20.83","123.11",,,"1","4","2","5",,,,"11",,,,,,,,,,,,"8",,,,,,"9","300",,,,,,,,,,,,,"226","3","798","172","7","1","2","2","1FFFFF","1AAAAAAAA1AAAA","4",,,,,,,,,,,,,,,
"5100523","2016-09-07T05:00:00","22.98","125.84",,,"1","4","2","5",,,,"11",,,,,,,,,,,,"8",,,,,,"9","297",,,,,,,,,,,,,"226","25","798","172","7","0",,"2","1FFFFF","1AAAAAAAA1AAAA","4",,,,,,,,,,,,,,,
"VRJZ9","2016-09-07T05:00:00","27.30","123.10",,,"1","4","0","0","5","3",,"1","0","180","3","98",,"98","3","2","10080","6","40","0","310","0","280",,"270","1","280","8","8","7","5","4","3",,"12","4","16","12","4","226","73","992","114","5","1","2","2","111111","11111111111111",,,"1","1","16","12","4",,,,,,,,"4",
"5100523","2016-09-07T05:04:00","23.01","125.87",,,"1","4","2","5",,,,"11",,,,,,,,,,,,"8",,,,,,"9","297",,,,,,,,,,,,,"226","35","798","172","7","0",,"2","1FFFFF","1AAAAAAAA1AAAA","4",,,,,,,,,,,,,,,
"3200560","2016-09-07T05:09:00","20.82","123.11",,,"1","4","2","5",,,,"11",,,,,,,,,,,,"8",,,,,,"9","300",,,,,,,,,,,,,"226","3","798","172","7","1","2","2","1FFFFF","1AAAAAAAA1AAAA","4",,,,,,,,,,,,,,,
"3200623","2016-09-07T05:09:00","25.48","129.24",,,"1","4","2","5",,,,"11",,,,,,,,,,,,"8",,,,,,"9","296",,,,,,,,,,,,,"226","59","798","172","7","1","2","2","1FFFFF","1AAAAAAAA1AAAA","4",,,,,,,,,,,,,,,
"3200560","2016-09-07T06:00:00","20.82","123.11",,,"1","4","2","5",,,,"11",,,,,,,,,,,,"8",,,,,,"9","300",,,,,,,,,,,,,"226","3","798","172","7","1","2","2","1FFFFF","1AAAAAAAA1AAAA","4",,,,,,,,,,,,,,,
"C6DM2","2016-09-07T06:00:00","26.20","127.60",,,"1","4","0","0","0","0",,"1","0","250","4","62",,"97",,"6","10070","6","20","0","270","0","250",,"243","3","300","8","7","9","2","2","A",,"3","1","9","5","3","226","67","992","114","5","1","2","2","111111","111A1111111111",,,"1","6","9","7","4",,,,,,,,"4",
"5100523","2016-09-07T06:30:00","23.01","125.87",,,"1","4","2","5",,,,"11",,,,,,,,,,,,"8",,,,,,"9","297",,,,,,,,,,,,,"226","35","798","172","7","1","2","2","1FFFFF","1AAAAAAAA1AAAA","4",,,,,,,,,,,,,,,
"3200560","2016-09-07T06:45:00","20.84","123.13",,,"1","4","2","5",,,,"11",,,,,,,,,,,,"8",,,,,,"9","300",,,,,,,,,,,,,"226","3","798","172","7","1","2","2","1FFFFF","1AAAAAAAA1AAAA","4",,,,,,,,,,,,,,,
"3200623","2016-09-07T06:45:00","25.42","129.32",,,"1","4","2","5",,,,"11",,,,,,,,,,,,"8",,,,,,"9","296",,,,,,,,,,,,,"226","59","798","172","7","0",,"2","1FFFFF","1AAAAAAAA1AAAA","4",,,,,,,,,,,,,,,
"5100523","2016-09-07T06:45:00","23.01","125.89",,,"1","4","2","5",,,,"11",,,,,,,,,,,,"8",,,,,,"9","298",,,,,,,,,,,,,"226","35","798","172","7","1","2","2","1FFFFF","1AAAAAAAA1AAAA","4",,,,,,,,,,,,,,,
"3200623","2016-09-07T06:54:00","25.42","129.32",,,"1","4","2","5",,,,"11",,,,,,,,,,,,"8",,,,,,"9","296",,,,,,,,,,,,,"226","59","798","172","7","1","2","2","1FFFFF","1AAAAAAAA1AAAA","4",,,,,,,,,,,,,,,
"3200560","2016-09-07T07:00:00","20.84","123.13",,,"1","4","2","5",,,,"11",,,,,,,,,,,,"8",,,,,,"9","300",,,,,,,,,,,,,"226","3","798","172","7","1","2","2","1FFFFF","1AAAAAAAA1AAAA","4",,,,,,,,,,,,,,,
"3200623","2016-09-07T07:42:00","25.42","129.32",,,"1","4","2","5",,,,"11",,,,,,,,,,,,"8",,,,,,"9","296",,,,,,,,,,,,,"226","59","798","172","7","1","2","2","1FFFFF","1AAAAAAAA1AAAA","4",,,,,,,,,,,,,,,
"3200560","2016-09-07T08:00:00","20.84","123.13",,,"1","4","2","5",,,,"11",,,,,,,,,,,,"8",,,,,,"9","299",,,,,,,,,,,,,"226","3","798","172","7","1","2","2","1FFFFF","1AAAAAAAA1AAAA","4",,,,,,,,,,,,,,,
"5100523","2016-09-07T08:00:00","23.01","125.89",,,"1","4","2","5",,,,"11",,,,,,,,,,,,"8",,,,,,"9","298",,,,,,,,,,,,,"226","35","798","172","7","1","2","2","1FFFFF","1AAAAAAAA1AAAA","4",,,,,,,,,,,,,,,
"MPMM5","2016-09-07T08:00:00","27.20","123.30",,,"1","4","0","0","8","4","1","1","0","270","4","113",,"98","2","0","10057","7","20","0","295","0","265",,"253","1","300","5","4","4","6","7","A",,,,,,,"226","73","992","114","5","1","2","2","115111","11111111111AA1",,,"1","0",,,,,,,,,,,"4",
"3200623","2016-09-07T08:02:00","25.41","129.34",,,"1","4","2","5",,,,"11",,,,,,,,,,,,"8",,,,,,"9","296",,,,,,,,,,,,,"226","59","798","172","7","1","2","2","1FFFFF","1AAAAAAAA1AAAA","4",,,,,,,,,,,,,,,
"5100523","2016-09-07T08:02:00","23.01","125.91",,,"1","4","2","5",,,,"11",,,,,,,,,,,,"8",,,,,,"9","298",,,,,,,,,,,,,"226","35","798","172","7","1","2","2","1FFFFF","1AAAAAAAA1AAAA","4",,,,,,,,,,,,,,,
"3200623","2016-09-07T08:04:00","25.41","129.33",,,"1","4","2","5",,,,"11",,,,,,,,,,,,"8",,,,,,"9","296",,,,,,,,,,,,,"226","59","798","172","7","1","2","2","1FFFFF","1AAAAAAAA1AAAA","4",,,,,,,,,,,,,,,
"3200623","2016-09-07T08:08:00","25.41","129.34",,,"1","4","2","5",,,,"11",,,,,,,,,,,,"8",,,,,,"9","296",,,,,,,,,,,,,"226","59","798","172","7","1","2","2","1FFFFF","1AAAAAAAA1AAAA","4",,,,,,,,,,,,,,,
"5100523","2016-09-07T08:30:00","23.01","125.91",,,"1","4","2","5",,,,"11",,,,,,,,,,,,"8",,,,,,"9","298",,,,,,,,,,,,,"226","35","798","172","7","1","2","2","1FFFFF","1AAAAAAAA1AAAA","4",,,,,,,,,,,,,,,
"3200623","2016-09-07T08:34:00","25.40","129.34",,,"1","4","2","5",,,,"11",,,,,,,,,,,,"8",,,,,,"9","296",,,,,,,,,,,,,"226","59","798","172","7","1","2","2","1FFFFF","1AAAAAAAA1AAAA","4",,,,,,,,,,,,,,,
"3200623","2016-09-07T08:35:00","25.40","129.34",,,"1","4","2","5",,,,"11",,,,,,,,,,,,"8",,,,,,"9","296",,,,,,,,,,,,,"226","59","798","172","7","1","2","2","1FFFFF","1AAAAAAAA1AAAA","4",,,,,,,,,,,,,,,
"3200623","2016-09-07T08:38:00","25.40","129.34",,,"1","4","2","5",,,,"11",,,,,,,,,,,,"8",,,,,,"9","296",,,,,,,,,,,,,"226","59","798","172","7","0",,"2","1FFFFF","1AAAAAAAA1AAAA","4",,,,,,,,,,,,,,,
"3200560","2016-09-07T09:00:00","20.84","123.13",,,"1","4","2","5",,,,"11",,,,,,,,,,,,"8",,,,,,"9","299",,,,,,,,,,,,,"226","3","798","172","7","1","2","2","1FFFFF","1AAAAAAAA1AAAA","4",,,,,,,,,,,,,,,
"5100523","2016-09-07T09:00:00","23.01","125.91",,,"1","4","2","5",,,,"11",,,,,,,,,,,,"8",,,,,,"9","298",,,,,,,,,,,,,"226","35","798","172","7","1","2","2","1FFFFF","1AAAAAAAA1AAAA","4",,,,,,,,,,,,,,,
"5100523","2016-09-07T09:15:00","23.01","125.91",,,"1","4","2","5",,,,"11",,,,,,,,,,,,"8",,,,,,"9","298",,,,,,,,,,,,,"226","35","798","172","7","1","2","2","1FFFFF","1AAAAAAAA1AAAA","4",,,,,,,,,,,,,,,
"5100523","2016-09-07T09:16:00","23.01","125.90",,,"1","4","2","5",,,,"11",,,,,,,,,,,,"8",,,,,,"9","298",,,,,,,,,,,,,"226","35","798","172","7","0",,"2","1FFFFF","1AAAAAAAA1AAAA","4",,,,,,,,,,,,,,,
"3200623","2016-09-07T09:23:00","25.40","129.34",,,"1","4","2","5",,,,"11",,,,,,,,,,,,"8",,,,,,"9","295",,,,,,,,,,,,,"226","59","798","172","7","1","2","2","1FFFFF","1AAAAAAAA1AAAA","4",,,,,,,,,,,,,,,
"3200623","2016-09-07T09:26:00","25.40","129.34",,,"1","4","2","5",,,,"11",,,,,,,,,,,,"8",,,,,,"9","295",,,,,,,,,,,,,"226","59","798","172","7","1","2","2","1FFFFF","1AAAAAAAA1AAAA","4",,,,,,,,,,,,,,,
"5100523","2016-09-07T09:30:00","23.01","125.90",,,"1","4","2","5",,,,"11",,,,,,,,,,,,"8",,,,,,"9","298",,,,,,,,,,,,,"226","35","798","172","7","1","2","2","1FFFFF","1AAAAAAAA1AAAA","4",,,,,,,,,,,,,,,
"5100523","2016-09-07T09:38:00","23.01","125.90",,,"1","4","2","5",,,,"11",,,,,,,,,,,,"8",,,,,,"9","298",,,,,,,,,,,,,"226","35","798","172","7","0",,"2","1FFFFF","1AAAAAAAA1AAAA","4",,,,,,,,,,,,,,,
"3200623","2016-09-07T09:39:00","25.39","129.35",,,"1","4","2","5",,,,"11",,,,,,,,,,,,"8",,,,,,"9","295",,,,,,,,,,,,,"226","59","798","172","7","1","2","1","1FFFFF","1AAAAAAAA1AAAA","4",,,,,,,,,,,,,,,
"3200560","2016-09-07T09:40:00","20.86","123.18",,,"1","4","2","5",,,,"11",,,,,,,,,,,,"8",,,,,,"9","299",,,,,,,,,,,,,"226","3","798","172","7","0",,"2","1FFFFF","1AAAAAAAA1AAAA","4",,,,,,,,,,,,,,,
"3200623","2016-09-07T09:43:00","25.39","129.35",,,"1","4","2","5",,,,"11",,,,,,,,,,,,"8",,,,,,"9","295",,,,,,,,,,,,,"226","59","798","172","7","1","2","1","1FFFFF","1AAAAAAAA1AAAA","4",,,,,,,,,,,,,,,
"3200560","2016-09-07T10:00:00","20.86","123.18",,,"1","4","2","5",,,,"11",,,,,,,,,,,,"8",,,,,,"9","299",,,,,,,,,,,,,"226","3","798","172","7","1","2","1","1FFFFF","1AAAAAAAA1AAAA","4",,,,,,,,,,,,,,,
"5100523","2016-09-07T10:00:00","23.01","125.90",,,"1","4","2","5",,,,"11",,,,,,,,,,,,"8",,,,,,"9","298",,,,,,,,,,,,,"226","35","798","172","7","1","2","1","1FFFFF","1AAAAAAAA1AAAA","4",,,,,,,,,,,,,,,
"3200623","2016-09-07T10:11:00","25.39","129.36",,,"1","4","2","5",,,,"11",,,,,,,,,,,,"8",,,,,,"9","295",,,,,,,,,,,,,"226","59","798","172","7","0",,"1","1FFFFF","1AAAAAAAA1AAAA","4",,,,,,,,,,,,,,,
"5100523","2016-09-07T10:11:00","23.01","125.90",,,"1","4","2","5",,,,"11",,,,,,,,,,,,"8",,,,,,"9","298",,,,,,,,,,,,,"226","35","798","172","7","0",,"1","1FFFFF","1AAAAAAAA1AAAA","4",,,,,,,,,,,,,,,
"3200623","2016-09-07T10:14:00","25.39","129.36",,,"1","4","2","5",,,,"11",,,,,,,,,,,,"8",,,,,,"9","295",,,,,,,,,,,,,"226","59","798","172","7","1","2","1","1FFFFF","1AAAAAAAA1AAAA","4",,,,,,,,,,,,,,,
"5100523","2016-09-07T10:15:00","23.01","125.90",,,"1","4","2","5",,,,"11",,,,,,,,,,,,"8",,,,,,"9","298",,,,,,,,,,,,,"226","35","798","172","7","1","2","1","1FFFFF","1AAAAAAAA1AAAA","4",,,,,,,,,,,,,,,
"3200623","2016-09-07T10:18:00","25.39","129.36",,,"1","4","2","5",,,,"11",,,,,,,,,,,,"8",,,,,,"9","295",,,,,,,,,,,,,"226","59","798","172","7","1","2","1","1FFFFF","1AAAAAAAA1AAAA","4",,,,,,,,,,,,,,,
"5100523","2016-09-07T10:45:00","23.01","125.90",,,"1","4","2","5",,,,"11",,,,,,,,,,,,"8",,,,,,"9","298",,,,,,,,,,,,,"226","35","798","172","7","1","2","1","1FFFFF","1AAAAAAAA1AAAA","4",,,,,,,,,,,,,,,
"3200560","2016-09-07T11:00:00","20.87","123.20",,,"1","4","2","5",,,,"11",,,,,,,,,,,,"8",,,,,,"9","299",,,,,,,,,,,,,"226","3","798","172","7","1","2","1","1FFFFF","1AAAAAAAA1AAAA","4",,,,,,,,,,,,,,,
"5100523","2016-09-07T11:00:00","23.01","125.90",,,"1","4","2","5",,,,"11",,,,,,,,,,,,"8",,,,,,"9","298",,,,,,,,,,,,,"226","35","798","172","7","1","2","1","1FFFFF","1AAAAAAAA1AAAA","4",,,,,,,,,,,,,,,
"VRPY7","2016-09-07T11:00:00","26.40","124.20",,,"1","4","0","0","1","3",,"1","0","250","4","82",,"97","2","2","10120","5","10","0","290","0","260",,"249",,,"5","5","9","6","7","2",,,,"23","8","3","226","64","992","114","5","1","2","1","F11111","111111111A1A11",,,"1","2",,,,,,,,,,,"4",
"3200560","2016-09-07T11:01:00","20.87","123.20",,,"1","4","2","5",,,,"11",,,,,,,,,,,,"8",,,,,,"9","299",,,,,,,,,,,,,"226","3","798","172","7","0",,"1","1FFFFF","1AAAAAAAA1AAAA","4",,,,,,,,,,,,,,,
"3200623","2016-09-07T11:04:00","25.39","129.36",,,"1","4","2","5",,,,"11",,,,,,,,,,,,"8",,,,,,"9","295",,,,,,,,,,,,,"226","59","798","172","7","1","2","1","1FFFFF","1AAAAAAAA1AAAA","4",,,,,,,,,,,,,,,
"3200623","2016-09-07T11:11:00","25.38","129.38",,,"1","4","2","5",,,,"11",,,,,,,,,,,,"8",,,,,,"9","295",,,,,,,,,,,,,"226","59","798","172","7","1","2","1","1FFFFF","1AAAAAAAA1AAAA","4",,,,,,,,,,,,,,,
"3200623","2016-09-07T11:12:00","25.38","129.37",,,"1","4","2","5",,,,"11",,,,,,,,,,,,"8",,,,,,"9","295",,,,,,,,,,,,,"226","59","798","172","7","1","2","1","1FFFFF","1AAAAAAAA1AAAA","4",,,,,,,,,,,,,,,
"3200623","2016-09-07T11:15:00","25.38","129.38",,,"1","4","2","5",,,,"11",,,,,,,,,,,,"8",,,,,,"9","295",,,,,,,,,,,,,"226","59","798","172","7","1","2","1","1FFFFF","1AAAAAAAA1AAAA","4",,,,,,,,,,,,,,,
"5100523","2016-09-07T11:45:00","23.01","125.89",,,"1","4","2","5",,,,"11",,,,,,,,,,,,"8",,,,,,"9","298",,,,,,,,,,,,,"226","35","798","172","7","1","2","1","1FFFFF","1AAAAAAAA1AAAA","4",,,,,,,,,,,,,,,
"3200560","2016-09-07T12:00:00","20.85","123.24",,,"1","4","2","5",,,,"11",,,,,,,,,,,,"8",,,,,,"9","299",,,,,,,,,,,,,"226","3","798","172","7","1","2","1","1FFFFF","1AAAAAAAA1AAAA","4",,,,,,,,,,,,,,,
"5100523","2016-09-07T12:00:00","23.01","125.89",,,"1","4","2","5",,,,"11",,,,,,,,,,,,"8",,,,,,"9","298",,,,,,,,,,,,,"226","35","798","172","7","1","2","1","1FFFFF","1AAAAAAAA1AAAA","4",,,,,,,,,,,,,,,
"C6DM2","2016-09-07T12:00:00","25.90","127.20",,,"1","4","0","0","5","3",,"1","0","250","4","98",,"97","3","2","10070","6","10","0","290","0","280",,"277","3","300","8","8","3","6","6","2",,"7","6","25","9","5","226","57","992","114","5","1","2","1","111111","11111111111111",,,"1","2","25","7","5",,,,,,,,"4",
"3200560","2016-09-07T12:05:00","20.85","123.24",,,"1","4","2","5",,,,"11",,,,,,,,,,,,"8",,,,,,"9","299",,,,,,,,,,,,,"226","3","798","172","7","0",,"1","1FFFFF","1AAAAAAAA1AAAA","4",,,,,,,,,,,,,,,
"3200623","2016-09-07T12:05:00","25.37","129.38",,,"1","4","2","5",,,,"11",,,,,,,,,,,,"8",,,,,,"9","295",,,,,,,,,,,,,"226","59","798","172","7","0",,"1","1FFFFF","1AAAAAAAA1AAAA","4",,,,,,,,,,,,,,,
"5100523","2016-09-07T12:06:00","23.01","125.89",,,"1","4","2","5",,,,"11",,,,,,,,,,,,"8",,,,,,"9","298",,,,,,,,,,,,,"226","35","798","172","7","0",,"1","1FFFFF","1AAAAAAAA1AAAA","4",,,,,,,,,,,,,,,
"3200623","2016-09-07T12:07:00","25.37","129.38",,,"1","4","2","5",,,,"11",,,,,,,,,,,,"8",,,,,,"9","295",,,,,,,,,,,,,"226","59","798","172","7","1","2","1","1FFFFF","1AAAAAAAA1AAAA","4",,,,,,,,,,,,,,,
"5100523","2016-09-07T12:45:00","23.01","125.89",,,"1","4","2","5",,,,"11",,,,,,,,,,,,"8",,,,,,"9","298",,,,,,,,,,,,,"226","35","798","172","7","1","2","1","1FFFFF","1AAAAAAAA1AAAA","4",,,,,,,,,,,,,,,
"3200560","2016-09-07T12:52:00","20.86","123.24",,,"1","4","2","5",,,,"11",,,,,,,,,,,,"8",,,,,,"9","298",,,,,,,,,,,,,"226","3","798","172","7","0",,"1","1FFFFF","1AAAAAAAA1AAAA","4",,,,,,,,,,,,,,,
"3200623","2016-09-07T12:52:00","25.37","129.39",,,"1","4","2","5",,,,"11",,,,,,,,,,,,"8",,,,,,"9","295",,,,,,,,,,,,,"226","59","798","172","7","0",,"1","1FFFFF","1AAAAAAAA1AAAA","4",,,,,,,,,,,,,,,
"3200623","2016-09-07T12:53:00","25.37","129.38",,,"1","4","2","5",,,,"11",,,,,,,,,,,,"8",,,,,,"9","295",,,,,,,,,,,,,"226","59","798","172","7","1","2","1","1FFFFF","1AAAAAAAA1AAAA","4",,,,,,,,,,,,,,,
"5100523","2016-09-07T12:53:00","23.01","125.89",,,"1","4","2","5",,,,"11",,,,,,,,,,,,"8",,,,,,"9","298",,,,,,,,,,,,,"226","35","798","172","7","0",,"1","1FFFFF","1AAAAAAAA1AAAA","4",,,,,,,,,,,,,,,
"3200623","2016-09-07T12:55:00","25.37","129.39",,,"1","4","2","5",,,,"11",,,,,,,,,,,,"8",,,,,,"9","295",,,,,,,,,,,,,"226","59","798","172","7","1","2","1","1FFFFF","1AAAAAAAA1AAAA","4",,,,,,,,,,,,,,,
"3200560","2016-09-07T13:00:00","20.86","123.24",,,"1","4","2","5",,,,"11",,,,,,,,,,,,"8",,,,,,"9","298",,,,,,,,,,,,,"226","3","798","172","7","1","2","1","1FFFFF","1AAAAAAAA1AAAA","4",,,,,,,,,,,,,,,
"5100523","2016-09-07T13:30:00","23.01","125.89",,,"1","4","2","5",,,,"11",,,,,,,,,,,,"8",,,,,,"9","298",,,,,,,,,,,,,"226","35","798","172","7","1","2","1","1FFFFF","1AAAAAAAA1AAAA","4",,,,,,,,,,,,,,,
"5100523","2016-09-07T13:40:00","23.00","125.88",,,"1","4","2","5",,,,"11",,,,,,,,,,,,"8",,,,,,"9","299",,,,,,,,,,,,,"226","35","798","172","7","1","2","1","1FFFFF","1AAAAAAAA1AAAA","4",,,,,,,,,,,,,,,
"3200560","2016-09-07T13:42:00","20.86","123.25",,,"1","4","2","5",,,,"11",,,,,,,,,,,,"8",,,,,,"9","298",,,,,,,,,,,,,"226","3","798","172","7","0",,"1","1FFFFF","1AAAAAAAA1AAAA","4",,,,,,,,,,,,,,,
"5100523","2016-09-07T13:45:00","23.00","125.88",,,"1","4","2","5",,,,"11",,,,,,,,,,,,"8",,,,,,"9","298",,,,,,,,,,,,,"226","35","798","172","7","1","2","1","1FFFFF","1AAAAAAAA1AAAA","4",,,,,,,,,,,,,,,
"3200560","2016-09-07T14:00:00","20.86","123.25",,,"1","4","2","5",,,,"11",,,,,,,,,,,,"8",,,,,,"9","298",,,,,,,,,,,,,"226","3","798","172","7","1","2","1","1FFFFF","1AAAAAAAA1AAAA","4",,,,,,,,,,,,,,,
"3200560","2016-09-07T15:00:00","20.86","123.25",,,"1","4","2","5",,,,"11",,,,,,,,,,,,"8",,,,,,"9","298",,,,,,,,,,,,,"226","3","798","172","7","0",,"1","1FFFFF","1AAAAAAAA1AAAA","4",,,,,,,,,,,,,,,
"9V2024","2016-09-07T15:00:00","21.10","121.50",,,"1","4","0","0","5","4",,"1","0","140","3","118",,"97","3","2","10120","2","40","3","270","0","250",,"240","1","290","7","5","7","2","4","3",,"5","1","14","20","2","226","11","992","114","5","1","2","1","111111","14111111111431",,,"1","2",,,,,,,,,,,"4",
"DFKM2","2016-09-07T15:00:00","25.20","120.80",,,"1","4","0","0","1","4","1","1","0","200","4","139",,"98","21","8","10087","8","1","0","267",,,,"236","1","263","8",,,"A",,,,"10","4",,,,"226","50","992","114","5","1","2","1","111311","1111111A1111A1",,,"1","6",,,,,,,,,,,"4",
"3200560","2016-09-07T16:00:00","20.88","123.29",,,"1","4","2","5",,,,"11",,,,,,,,,,,,"8",,,,,,"9","298",,,,,,,,,,,,,"226","3","798","172","7","1","2","1","1FFFFF","1AAAAAAAA1AAAA","4",,,,,,,,,,,,,,,
"3200560","2016-09-07T17:00:00","20.88","123.29",,,"1","4","2","5",,,,"11",,,,,,,,,,,,"8",,,,,,"9","298",,,,,,,,,,,,,"226","3","798","172","7","1","2","1","1FFFFF","1AAAAAAAA1AAAA","4",,,,,,,,,,,,,,,
"5100523","2016-09-07T17:30:00","23.00","125.88",,,"1","4","2","5",,,,"11",,,,,,,,,,,,"8",,,,,,"9","299",,,,,,,,,,,,,"226","35","798","172","7","1","2","1","1FFFFF","1AAAAAAAA1AAAA","4",,,,,,,,,,,,,,,
"3200623","2016-09-07T17:37:00","25.34","129.43",,,"1","4","2","5",,,,"11",,,,,,,,,,,,"8",,,,,,"9","295",,,,,,,,,,,,,"226","59","798","172","7","0",,"1","1FFFFF","1AAAAAAAA1AAAA","4",,,,,,,,,,,,,,,
"3200623","2016-09-07T17:38:00","25.34","129.43",,,"1","4","2","5",,,,"11",,,,,,,,,,,,"8",,,,,,"9","295",,,,,,,,,,,,,"226","59","798","172","7","1","2","1","1FFFFF","1AAAAAAAA1AAAA","4",,,,,,,,,,,,,,,
"3200560","2016-09-07T17:40:00","20.87","123.30",,,"1","4","2","5",,,,"11",,,,,,,,,,,,"8",,,,,,"9","298",,,,,,,,,,,,,"226","3","798","172","7","1","2","1","1FFFFF","1AAAAAAAA1AAAA","4",,,,,,,,,,,,,,,
"5100523","2016-09-07T17:41:00","23.01","125.85",,,"1","4","2","5",,,,"11",,,,,,,,,,,,"8",,,,,,"9","299",,,,,,,,,,,,,"226","35","798","172","7","1","2","1","1FFFFF","1AAAAAAAA1AAAA","4",,,,,,,,,,,,,,,
"5100523","2016-09-07T17:45:00","23.01","125.85",,,"1","4","2","5",,,,"11",,,,,,,,,,,,"8",,,,,,"9","299",,,,,,,,,,,,,"226","35","798","172","7","1","2","1","1FFFFF","1AAAAAAAA1AAAA","4",,,,,,,,,,,,,,,
"3200560","2016-09-07T18:00:00","20.87","123.30",,,"1","4","2","5",,,,"11",,,,,,,,,,,,"8",,,,,,"9","298",,,,,,,,,,,,,"226","3","798","172","7","1","2","1","1FFFFF","1AAAAAAAA1AAAA","4",,,,,,,,,,,,,,,
"C6DM2","2016-09-07T18:00:00","25.30","125.60",,,"1","4","0","0","5","4",,"1","0","190","4","103",,"97","2","1","10080","4","0","0","290","0","260",,"249","3","300","4","3","1","8","A","8",,"5","6","24","8","3","226","55","992","114","5","1","2","1","111111","11111111111111",,,"1","1","22","6","2",,,,,,,,"4",
"VRPY7","2016-09-07T18:00:00","27.80","125.10",,,"1","4","0","0","1","3",,"1","0","180","4","77",,,,,"10130","4","0","0","250","0","230",,"222",,,"3","2","5","1","5","3",,"10","5",,"10","4","226","75","992","114","5","1","2","1","F11111","11AAA1111A1171",,,"1",,,,,,,,,,,,"4",
"3200560","2016-09-07T19:00:00","20.89","123.32",,,"1","4","2","5",,,,"11",,,,,,,,,,,,"8",,,,,,"9","298",,,,,,,,,,,,,"226","3","798","172","7","1","2","1","1FFFFF","1AAAAAAAA1AAAA","4",,,,,,,,,,,,,,,
"V7UT7","2016-09-07T19:00:00","29.60","128.80",,,"1","4","0","0","5","2",,"1","0","320","3","46",,"98",,"0","10060","4",,"3","260","0","240",,"230",,,"3","3","2","6","A","A",,"5",,"32","5",,"226","98","992","114","5","1","2","1","F11111","111A11111A1777",,,"1","0","32","5",,,,,,,,,"4",
"5100523","2016-09-07T19:15:00","23.01","125.85",,,"1","4","2","5",,,,"11",,,,,,,,,,,,"8",,,,,,"9","299",,,,,,,,,,,,,"226","35","798","172","7","1","2","1","1FFFFF","1AAAAAAAA1AAAA","4",,,,,,,,,,,,,,,
"5100523","2016-09-07T19:17:00","23.03","125.83",,,"1","4","2","5",,,,"11",,,,,,,,,,,,"8",,,,,,"9","299",,,,,,,,,,,,,"226","35","798","172","7","0",,"1","1FFFFF","1AAAAAAAA1AAAA","4",,,,,,,,,,,,,,,
"3200623","2016-09-07T19:19:00","25.34","129.45",,,"1","4","2","5",,,,"11",,,,,,,,,,,,"8",,,,,,"9","296",,,,,,,,,,,,,"226","59","798","172","7","0",,"1","1FFFFF","1AAAAAAAA1AAAA","4",,,,,,,,,,,,,,,
"3200560","2016-09-07T19:20:00","20.89","123.32",,,"1","4","2","5",,,,"11",,,,,,,,,,,,"8",,,,,,"9","298",,,,,,,,,,,,,"226","3","798","172","7","1","2","1","1FFFFF","1AAAAAAAA1AAAA","4",,,,,,,,,,,,,,,
"3200623","2016-09-07T19:20:00","25.34","129.45",,,"1","4","2","5",,,,"11",,,,,,,,,,,,"8",,,,,,"9","296",,,,,,,,,,,,,"226","59","798","172","7","1","2","1","1FFFFF","1AAAAAAAA1AAAA","4",,,,,,,,,,,,,,,
"3200623","2016-09-07T19:23:00","25.34","129.45",,,"1","4","2","5",,,,"11",,,,,,,,,,,,"8",,,,,,"9","296",,,,,,,,,,,,,"226","59","798","172","7","1","2","1","1FFFFF","1AAAAAAAA1AAAA","4",,,,,,,,,,,,,,,
"5100523","2016-09-07T19:30:00","23.03","125.83",,,"1","4","2","5",,,,"11",,,,,,,,,,,,"8",,,,,,"9","299",,,,,,,,,,,,,"226","35","798","172","7","1","2","1","1FFFFF","1AAAAAAAA1AAAA","4",,,,,,,,,,,,,,,
"3200623","2016-09-07T19:44:00","25.34","129.45",,,"1","4","2","5",,,,"11",,,,,,,,,,,,"8",,,,,,"9","296",,,,,,,,,,,,,"226","59","798","172","7","0",,"1","1FFFFF","1AAAAAAAA1AAAA","4",,,,,,,,,,,,,,,
"5100523","2016-09-07T19:45:00","23.03","125.83",,,"1","4","2","5",,,,"11",,,,,,,,,,,,"8",,,,,,"9","299",,,,,,,,,,,,,"226","35","798","172","7","1","2","1","1FFFFF","1AAAAAAAA1AAAA","4",,,,,,,,,,,,,,,
"3200623","2016-09-07T19:47:00","25.34","129.45",,,"1","4","2","5",,,,"11",,,,,,,,,,,,"8",,,,,,"9","296",,,,,,,,,,,,,"226","59","798","172","7","1","2","1","1FFFFF","1AAAAAAAA1AAAA","4",,,,,,,,,,,,,,,
"3200560","2016-09-07T20:00:00","20.89","123.31",,,"1","4","2","5",,,,"11",,,,,,,,,,,,"8",,,,,,"9","298",,,,,,,,,,,,,"226","3","798","172","7","1","2","1","1FFFFF","1AAAAAAAA1AAAA","4",,,,,,,,,,,,,,,
"3200623","2016-09-07T20:10:00","25.34","129.45",,,"1","4","2","5",,,,"11",,,,,,,,,,,,"8",,,,,,"9","296",,,,,,,,,,,,,"226","59","798","172","7","1","2","1","1FFFFF","1AAAAAAAA1AAAA","4",,,,,,,,,,,,,,,
"3200623","2016-09-07T20:14:00","25.34","129.45",,,"1","4","2","5",,,,"11",,,,,,,,,,,,"8",,,,,,"9","296",,,,,,,,,,,,,"226","59","798","172","7","1","2","1","1FFFFF","1AAAAAAAA1AAAA","4",,,,,,,,,,,,,,,
"5100523","2016-09-07T20:15:00","23.03","125.83",,,"1","4","2","5",,,,"11",,,,,,,,,,,,"8",,,,,,"9","299",,,,,,,,,,,,,"226","35","798","172","7","0",,"1","1FFFFF","1AAAAAAAA1AAAA","4",,,,,,,,,,,,,,,
"3200623","2016-09-07T20:27:00","25.34","129.45",,,"1","4","2","5",,,,"11",,,,,,,,,,,,"8",,,,,,"9","296",,,,,,,,,,,,,"226","59","798","172","7","1","2","1","1FFFFF","1AAAAAAAA1AAAA","4",,,,,,,,,,,,,,,
"5100523","2016-09-07T20:30:00","23.03","125.83",,,"1","4","2","5",,,,"11",,,,,,,,,,,,"8",,,,,,"9","299",,,,,,,,,,,,,"226","35","798","172","7","0",,"1","1FFFFF","1AAAAAAAA1AAAA","4",,,,,,,,,,,,,,,
"3200623","2016-09-07T20:32:00","25.34","129.46",,,"1","3","2","5",,,,"11",,,,,,,,,,,,,,,,,,,,,,,,,,,,,,,,"226","59","798","172","7","1","2","1","FFFFFF","1AAAAAAAAAAAAA","4",,,,,,,,,,,,,,,
"3200560","2016-09-07T21:00:00","20.90","123.33",,,"1","4","2","5",,,,"11",,,,,,,,,,,,"8",,,,,,"9","298",,,,,,,,,,,,,"226","3","798","172","7","1","2","1","1FFFFF","1AAAAAAAA1AAAA","4",,,,,,,,,,,,,,,
"V7UT7","2016-09-07T21:00:00","29.30","128.60",,,"1","4","0","0","5","2",,"1","0","361","3","46",,"97","63","5","10060","4","0","3","250","0","240",,"240",,,"3","2","2","3","4","2",,"5","1","0","5","1","226","98","992","114","5","1","2","1","F11111","121311111A1271",,,"1","2","0","5","1",,,,,,,,"4",
"VRPY7","2016-09-07T21:00:00","28.40","125.40",,,"1","4","0","0","1","3",,"1","0","20","4","77",,"97","2","2","10110","7","20","0","250","0","240",,"236",,,"7","6","2","7","8","5",,,,"23","10","5","226","85","992","114","5","1","2","1","F11111","111111111A1A11",,,"1","2",,,,,,,,,,,"4",
"5100523","2016-09-07T21:15:00","23.03","125.83",,,"1","4","2","5",,,,"11",,,,,,,,,,,,"8",,,,,,"9","299",,,,,,,,,,,,,"226","35","798","172","7","1","2","1","1FFFFF","1AAAAAAAA1AAAA","4",,,,,,,,,,,,,,,
"3200560","2016-09-07T21:24:00","20.90","123.33",,,"1","4","2","5",,,,"11",,,,,,,,,,,,"8",,,,,,"9","298",,,,,,,,,,,,,"226","3","798","172","7","0",,"1","1FFFFF","1AAAAAAAA1AAAA","4",,,,,,,,,,,,,,,
"3200623","2016-09-07T21:25:00","25.34","129.48",,,"1","4","2","5",,,,"11",,,,,,,,,,,,"8",,,,,,"9","296",,,,,,,,,,,,,"226","59","798","172","7","0",,"2","1FFFFF","1AAAAAAAA1AAAA","4",,,,,,,,,,,,,,,
"3200623","2016-09-07T21:26:00","25.34","129.48",,,"1","4","2","5",,,,"11",,,,,,,,,,,,"8",,,,,,"9","296",,,,,,,,,,,,,"226","59","798","172","7","1","2","2","1FFFFF","1AAAAAAAA1AAAA","4",,,,,,,,,,,,,,,
"5100523","2016-09-07T21:45:00","23.03","125.83",,,"1","4","2","5",,,,"11",,,,,,,,,,,,"8",,,,,,"9","299",,,,,,,,,,,,,"226","35","798","172","7","1","2","2","1FFFFF","1AAAAAAAA1AAAA","4",,,,,,,,,,,,,,,
"3200623","2016-09-07T21:50:00","25.34","129.48",,,"1","4","2","5",,,,"11",,,,,,,,,,,,"8",,,,,,"9","296",,,,,,,,,,,,,"226","59","798","172","7","0",,"2","1FFFFF","1AAAAAAAA1AAAA","4",,,,,,,,,,,,,,,
"3200623","2016-09-07T21:51:00","25.34","129.48",,,"1","4","2","5",,,,"11",,,,,,,,,,,,"8",,,,,,"9","296",,,,,,,,,,,,,"226","59","798","172","7","1","2","2","1FFFFF","1AAAAAAAA1AAAA","4",,,,,,,,,,,,,,,
"3200560","2016-09-07T21:52:00","20.91","123.34",,,"1","4","2","5",,,,"11",,,,,,,,,,,,"8",,,,,,"9","298",,,,,,,,,,,,,"226","3","798","172","7","0",,"2","1FFFFF","1AAAAAAAA1AAAA","4",,,,,,,,,,,,,,,
"5100523","2016-09-07T21:52:00","23.06","125.82",,,"1","4","2","5",,,,"11",,,,,,,,,,,,"8",,,,,,"9","299",,,,,,,,,,,,,"226","35","798","172","7","0",,"2","1FFFFF","1AAAAAAAA1AAAA","4",,,,,,,,,,,,,,,
"3200623","2016-09-07T21:57:00","25.34","129.48",,,"1","4","2","5",,,,"11",,,,,,,,,,,,"8",,,,,,"9","296",,,,,,,,,,,,,"226","59","798","172","7","1","2","2","1FFFFF","1AAAAAAAA1AAAA","4",,,,,,,,,,,,,,,
"3200560","2016-09-07T22:00:00","20.91","123.34",,,"1","4","2","5",,,,"11",,,,,,,,,,,,"8",,,,,,"9","298",,,,,,,,,,,,,"226","3","798","172","7","1","2","2","1FFFFF","1AAAAAAAA1AAAA","4",,,,,,,,,,,,,,,
"5100523","2016-09-07T22:00:00","23.06","125.82",,,"1","4","2","5",,,,"11",,,,,,,,,,,,"8",,,,,,"9","299",,,,,,,,,,,,,"226","35","798","172","7","1","2","2","1FFFFF","1AAAAAAAA1AAAA","4",,,,,,,,,,,,,,,
"VRPY7","2016-09-07T22:00:00","28.50","125.50",,,"1","4","0","0","1","3",,"1","0","10","4","113",,"97","2","2","10110","4","0","0","240","0","220",,"211",,,"7","6","2","7","8","5",,,,"23","10","5","226","85","992","114","5","1","2","2","F11111","111111111A1A11",,,"1","2",,,,,,,,,,,"4",
"5100523","2016-09-07T22:07:00","23.06","125.81",,,"1","4","2","5",,,,"11",,,,,,,,,,,,"8",,,,,,"9","299",,,,,,,,,,,,,"226","35","798","172","7","0",,"2","1FFFFF","1AAAAAAAA1AAAA","4",,,,,,,,,,,,,,,
"3200623","2016-09-07T22:08:00","25.34","129.49",,,"1","4","2","5",,,,"11",,,,,,,,,,,,"8",,,,,,"9","296",,,,,,,,,,,,,"226","59","798","172","7","0",,"2","1FFFFF","1AAAAAAAA1AAAA","4",,,,,,,,,,,,,,,
"3200560","2016-09-07T22:11:00","20.91","123.34",,,"1","4","2","5",,,,"11",,,,,,,,,,,,"8",,,,,,"9","298",,,,,,,,,,,,,"226","3","798","172","7","0",,"2","1FFFFF","1AAAAAAAA1AAAA","4",,,,,,,,,,,,,,,
"3200623","2016-09-07T22:11:00","25.34","129.49",,,"1","4","2","5",,,,"11",,,,,,,,,,,,"8",,,,,,"9","296",,,,,,,,,,,,,"226","59","798","172","7","1","2","2","1FFFFF","1AAAAAAAA1AAAA","4",,,,,,,,,,,,,,,
"5100523","2016-09-07T22:15:00","23.06","125.81",,,"1","4","2","5",,,,"11",,,,,,,,,,,,"8",,,,,,"9","299",,,,,,,,,,,,,"226","35","798","172","7","1","2","2","1FFFFF","1AAAAAAAA1AAAA","4",,,,,,,,,,,,,,,
"3200560","2016-09-07T23:00:00","20.91","123.34",,,"1","4","2","5",,,,"11",,,,,,,,,,,,"8",,,,,,"9","298",,,,,,,,,,,,,"226","3","798","172","7","1","2","2","1FFFFF","1AAAAAAAA1AAAA","4",,,,,,,,,,,,,,,
"5100523","2016-09-07T23:00:00","23.08","125.80",,,"1","4","2","5",,,,"11",,,,,,,,,,,,"8",,,,,,"9","299",,,,,,,,,,,,,"226","35","798","172","7","1","2","2","1FFFFF","1AAAAAAAA1AAAA","4",,,,,,,,,,,,,,,
"9V2735","2016-09-07T23:00:00","22.50","129.10",,,"1","4","0","0","0","0",,"1","0","220","4","98",,"97",,"1","10130","4","0","3","270","0","240",,"230","1","300","6","6","1","9","3","1",,,,"22","6","2","226","29","992","114","5","1","2","2","111111","111A1111111A11",,,"1","1","22","6","2",,,,,,,,"4",
"5100523","2016-09-07T23:30:00","23.06","125.81",,,"1","4","2","5",,,,"11",,,,,,,,,,,,"8",,,,,,"9","299",,,,,,,,,,,,,"226","35","798","172","7","1","2","2","1FFFFF","1AAAAAAAA1AAAA","4",,,,,,,,,,,,,,,
"5100523","2016-09-07T23:32:00","23.08","125.80",,,"1","4","2","5",,,,"11",,,,,,,,,,,,"8",,,,,,"9","299",,,,,,,,,,,,,"226","35","798","172","7","0",,"2","1FFFFF","1AAAAAAAA1AAAA","4",,,,,,,,,,,,,,,
"3200623","2016-09-07T23:37:00","25.33","129.50",,,"1","4","2","5",,,,"11",,,,,,,,,,,,"8",,,,,,"9","296",,,,,,,,,,,,,"226","59","798","172","7","0",,"2","1FFFFF","1AAAAAAAA1AAAA","4",,,,,,,,,,,,,,,
"3200623","2016-09-07T23:40:00","25.33","129.50",,,"1","4","2","5",,,,"11",,,,,,,,,,,,"8",,,,,,"9","296",,,,,,,,,,,,,"226","59","798","172","7","1","2","2","1FFFFF","1AAAAAAAA1AAAA","4",,,,,,,,,,,,,,,
"2AJU5","2016-09-08T00:00:00","20.40","121.20",,,"1","4","0","0","3","4",,"1","0","210","4","82",,"98",,"1","10117","2","15","0","285","0","270",,"265",,"290","2","1","2","3","8","3",,"5","1","0",,,"226","1","992","114","5","1","2","2","111111","111A1111111131",,,"1","1","0",,,,,,,,,,"4",
"3200560","2016-09-08T00:00:00","20.92","123.37",,,"1","4","2","5",,,,"11",,,,,,,,,,,,"8",,,,,,"9","299",,,,,,,,,,,,,"226","3","798","172","7","1","2","2","1FFFFF","1AAAAAAAA1AAAA","4",,,,,,,,,,,,,,,
"C6DM2","2016-09-08T00:00:00","24.80","125.20",,,"1","4","0","0","0","0",,"1","0","250","4","103",,"97",,"2","10080","5","20","0","300","0","280",,"274","3","290","8","7","6","2","2","A",,"4","1","25","5","2","226","45","992","114","5","1","2","2","113111","111A1111111111",,,"1","1","24","8","3",,,,,,,,"4",
"DFKM2","2016-09-08T00:00:00","27.30","122.50",,,"1","4",,"0","1","4",,"1","0","30","4","82",,"97","2","6","10082","1","10",,"271",,,,"233","1","270","8","8","7","4","A","A",,"5","4","20","6","6","226","72","792","103","5","0",,"2","111111","1111111A111111",,,"1","2",,,,,,,,,,,"4",
"TBWUK81","2016-09-08T00:00:00","22.80","122.50",,,"1","4","0","0","1","4",,"1","0","240","3","113",,"98",,"2","10086","3","7","0","285","0","260",,"250","1","291","5","5","5","7","4","9",,"3","3","23","3","3","226","22","992","114","5","1","2","2","113111","111A1111111111",,,"1","2",,,,,,,,,,,"4",
"5100523","2016-09-08T00:15:00","23.10","125.81",,,"1","4","2","5",,,,"11",,,,,,,,,,,,"8",,,,,,"9","299",,,,,,,,,,,,,"226","35","798","172","7","1","2","2","1FFFFF","1AAAAAAAA1AAAA","4",,,,,,,,,,,,,,,
"5100523","2016-09-08T00:30:00","23.10","125.81",,,"1","4","2","5",,,,"11",,,,,,,,,,,,"8",,,,,,"9","300",,,,,,,,,,,,,"226","35","798","172","7","1","2","2","1FFFFF","1AAAAAAAA1AAAA","4",,,,,,,,,,,,,,,
"3200623","2016-09-08T00:31:00","25.33","129.53",,,"1","4","2","5",,,,"11",,,,,,,,,,,,"8",,,,,,"9","296",,,,,,,,,,,,,"226","59","798","172","7","1","2","2","1FFFFF","1AAAAAAAA1AAAA","4",,,,,,,,,,,,,,,
"5100523","2016-09-08T00:32:00","23.10","125.81",,,"1","4","2","5",,,,"11",,,,,,,,,,,,"8",,,,,,"9","300",,,,,,,,,,,,,"226","35","798","172","7","1","2","2","1FFFFF","1AAAAAAAA1AAAA","4",,,,,,,,,,,,,,,
"3200560","2016-09-08T00:33:00","20.92","123.37",,,"1","4","2","5",,,,"11",,,,,,,,,,,,"8",,,,,,"9","299",,,,,,,,,,,,,"226","3","798","172","7","0",,"2","1FFFFF","1AAAAAAAA1AAAA","4",,,,,,,,,,,,,,,
"3200623","2016-09-08T00:36:00","25.33","129.53",,,"1","4","2","5",,,,"11",,,,,,,,,,,,"8",,,,,,"9","296",,,,,,,,,,,,,"226","59","798","172","7","1","2","2","1FFFFF","1AAAAAAAA1AAAA","4",,,,,,,,,,,,,,,
"3200560","2016-09-08T01:00:00","20.92","123.39",,,"1","4","2","5",,,,"11",,,,,,,,,,,,"8",,,,,,"9","299",,,,,,,,,,,,,"226","3","798","172","7","1","2","2","1FFFFF","1AAAAAAAA1AAAA","4",,,,,,,,,,,,,,,
"5100523","2016-09-08T01:00:00","23.10","125.81",,,"1","4","2","5",,,,"11",,,,,,,,,,,,"8",,,,,,"9","300",,,,,,,,,,,,,"226","35","798","172","7","1","2","2","1FFFFF","1AAAAAAAA1AAAA","4",,,,,,,,,,,,,,,
"3200623","2016-09-08T01:12:00","25.32","129.55",,,"1","4","2","5",,,,"11",,,,,,,,,,,,"8",,,,,,"9","296",,,,,,,,,,,,,"226","59","798","172","7","1","2","2","1FFFFF","1AAAAAAAA1AAAA","4",,,,,,,,,,,,,,,
"5100523","2016-09-08T01:15:00","23.10","125.81",,,"1","4","2","5",,,,"11",,,,,,,,,,,,"8",,,,,,"9","300",,,,,,,,,,,,,"226","35","798","172","7","1","2","2","1FFFFF","1AAAAAAAA1AAAA","4",,,,,,,,,,,,,,,
"3200560","2016-09-08T01:20:00","20.92","123.39",,,"1","4","2","5",,,,"11",,,,,,,,,,,,"8",,,,,,"9","299",,,,,,,,,,,,,"226","3","798","172","7","0",,"2","1FFFFF","1AAAAAAAA1AAAA","4",,,,,,,,,,,,,,,
"3200623","2016-09-08T01:21:00","25.32","129.55",,,"1","4","2","5",,,,"11",,,,,,,,,,,,"8",,,,,,"9","296",,,,,,,,,,,,,"226","59","798","172","7","1","2","2","1FFFFF","1AAAAAAAA1AAAA","4",,,,,,,,,,,,,,,
"3200560","2016-09-08T02:00:00","20.93","123.40",,,"1","4","2","5",,,,"11",,,,,,,,,,,,"8",,,,,,"9","299",,,,,,,,,,,,,"226","3","798","172","7","1","2","2","1FFFFF","1AAAAAAAA1AAAA","4",,,,,,,,,,,,,,,
"5100523","2016-09-08T02:00:00","23.10","125.81",,,"1","4","2","5",,,,"11",,,,,,,,,,,,"8",,,,,,"9","300",,,,,,,,,,,,,"226","35","798","172","7","1","2","2","1FFFFF","1AAAAAAAA1AAAA","4",,,,,,,,,,,,,,,
"3200560","2016-09-08T02:11:00","20.93","123.40",,,"1","4","2","5",,,,"11",,,,,,,,,,,,"8",,,,,,"9","301",,,,,,,,,,,,,"226","3","798","172","7","1","2","2","1FFFFF","1AAAAAAAA1AAAA","4",,,,,,,,,,,,,,,
"3200623","2016-09-08T02:11:00","25.32","129.56",,,"1","4","2","5",,,,"11",,,,,,,,,,,,"8",,,,,,"9","296",,,,,,,,,,,,,"226","59","798","172","7","0",,"2","1FFFFF","1AAAAAAAA1AAAA","4",,,,,,,,,,,,,,,
"5100523","2016-09-08T02:11:00","23.12","125.79",,,"1","4","2","5",,,,"11",,,,,,,,,,,,"8",,,,,,"9","300",,,,,,,,,,,,,"226","35","798","172","7","1","2","2","1FFFFF","1AAAAAAAA1AAAA","4",,,,,,,,,,,,,,,
"3200623","2016-09-08T02:12:00","25.33","129.53",,,"1","4","2","5",,,,"11",,,,,,,,,,,,"8",,,,,,"9","296",,,,,,,,,,,,,"226","59","798","172","7","1","2","2","1FFFFF","1AAAAAAAA1AAAA","4",,,,,,,,,,,,,,,
"5100523","2016-09-08T02:15:00","23.12","125.79",,,"1","4","2","5",,,,"11",,,,,,,,,,,,"8",,,,,,"9","300",,,,,,,,,,,,,"226","35","798","172","7","1","2","2","1FFFFF","1AAAAAAAA1AAAA","4",,,,,,,,,,,,,,,
"5100523","2016-09-08T02:45:00","23.12","125.79",,,"1","4","2","5",,,,"11",,,,,,,,,,,,"8",,,,,,"9","300",,,,,,,,,,,,,"226","35","798","172","7","0",,"2","1FFFFF","1AAAAAAAA1AAAA","4",,,,,,,,,,,,,,,
"3200623","2016-09-08T02:57:00","25.32","129.56",,,"1","4","2","5",,,,"11",,,,,,,,,,,,"8",,,,,,"9","296",,,,,,,,,,,,,"226","59","798","172","7","1","2","2","1FFFFF","1AAAAAAAA1AAAA","4",,,,,,,,,,,,,,,
"3200560","2016-09-08T03:00:00","20.93","123.40",,,"1","4","2","5",,,,"11",,,,,,,,,,,,"8",,,,,,"9","300",,,,,,,,,,,,,"226","3","798","172","7","1","2","2","1FFFFF","1AAAAAAAA1AAAA","4",,,,,,,,,,,,,,,
"SHIP","2016-09-08T03:00:00","21.70","122.10",,,"1","4","0","0","5","4",,"2","0","230","4","82",,"98","1","1","10089","1","29","0","275","0","255",,"248","1","288","3","2","1","4","3","5",,"4","3","3","4","3","226","12","992","114","5","1","2","2","111111","11111111111111",,,"1","1","23","3","1",,,,,,,,"4",
"5100523","2016-09-08T04:45:00","23.16","125.81",,,"1","4","2","5",,,,"11",,,,,,,,,,,,"8",,,,,,"9","300",,,,,,,,,,,,,"226","35","798","172","7","1","2","2","1FFFFF","1AAAAAAAA1AAAA","4",,,,,,,,,,,,,,,
"3200623","2016-09-08T04:56:00","25.29","129.60",,,"1","4","2","5",,,,"11",,,,,,,,,,,,"8",,,,,,"9","297",,,,,,,,,,,,,"226","59","798","172","7","1","2","2","1FFFFF","1AAAAAAAA1AAAA","4",,,,,,,,,,,,,,,
"5100523","2016-09-08T04:58:00","23.16","125.81",,,"1","4","2","5",,,,"11",,,,,,,,,,,,"8",,,,,,"9","301",,,,,,,,,,,,,"226","35","798","172","7","1","2","2","1FFFFF","1AAAAAAAA1AAAA","4",,,,,,,,,,,,,,,
"3200623","2016-09-08T04:59:00","25.29","129.60",,,"1","4","2","5",,,,"11",,,,,,,,,,,,"8",,,,,,"9","297",,,,,,,,,,,,,"226","59","798","172","7","1","2","2","1FFFFF","1AAAAAAAA1AAAA","4",,,,,,,,,,,,,,,
"3200560","2016-09-08T05:00:00","20.95","123.50",,,"1","4","2","5",,,,"11",,,,,,,,,,,,"8",,,,,,"9","301",,,,,,,,,,,,,"226","3","798","172","7","1","2","2","1FFFFF","1AAAAAAAA1AAAA","4",,,,,,,,,,,,,,,
"5100523","2016-09-08T05:00:00","23.16","125.81",,,"1","4","2","5",,,,"11",,,,,,,,,,,,"8",,,,,,"9","300",,,,,,,,,,,,,"226","35","798","172","7","1","2","2","1FFFFF","1AAAAAAAA1AAAA","4",,,,,,,,,,,,,,,
"VRJZ9","2016-09-08T05:00:00","22.20","121.40",,,"1","4","0","0","7","3",,"1","0","210","3","123",,"98","2","1","10100","1","20","0","320","0","280",,"267","1","290","8","8","7","5","2","7",,"8","5","23","8","5","226","21","992","114","5","1","2","2","111111","11111111111111",,,"1","1","23","8","5",,,,,,,,"4",
"3200623","2016-09-08T05:03:00","25.29","129.60",,,"1","4","2","5",,,,"11",,,,,,,,,,,,"8",,,,,,"9","297",,,,,,,,,,,,,"226","59","798","172","7","1","2","2","1FFFFF","1AAAAAAAA1AAAA","4",,,,,,,,,,,,,,,
"3200560","2016-09-08T06:00:00","20.93","123.40",,,"1","4","2","5",,,,"11",,,,,,,,,,,,"8",,,,,,"9","301",,,,,,,,,,,,,"226","3","798","172","7","1","2","2","1FFFFF","1AAAAAAAA1AAAA","4",,,,,,,,,,,,,,,
"C6AB6","2016-09-08T06:00:00","23.30","122.40",,,"1","4","0","0","2","3",,"1","0","30","3","26",,"95",,,"10100","0","10","0","300","0","270",,"260","1",,"5","5","1","2","A","A",,,"0",,,,"226","32","992","114","5","1","2","2","E11111","111AA1111913A1",,,"3",,,,,,,,,,,,"4",
"C6DM2","2016-09-08T06:00:00","24.80","125.10",,,"1","4","0","0","5","3",,"1","0","10","4","51",,"97",,"2","10080","5","10","0","300","0","280",,"274","3","300","8","7","9","2","2","A",,"4","4","25","6","2","226","45","992","114","5","1","2","2","111111","111A1111111111",,,"1","1","25","8","4",,,,,,,,"4",
"TBWUK81","2016-09-08T06:00:00","24.40","123.40",,,"1","4","0","0","1","4",,"1","0","30","3","26",,"98","1","2","10074","6","10","0","306","0","264",,"247","1","301","6","2","7","4","4","8",,"1","1","3","5","3","226","43","992","114","5","1","2","2","111111","11111111111111",,,"1","2",,,,,,,,,,,"4",
"5100523","2016-09-08T06:30:00","23.16","125.81",,,"1","4","2","5",,,,"11",,,,,,,,,,,,"8",,,,,,"9","301",,,,,,,,,,,,,"226","35","798","172","7","1","2","2","1FFFFF","1AAAAAAAA1AAAA","4",,,,,,,,,,,,,,,
"5100523","2016-09-08T06:33:00","23.19","125.83",,,"1","4","2","5",,,,"11",,,,,,,,,,,,"8",,,,,,"9","301",,,,,,,,,,,,,"226","35","798","172","7","1","2","2","1FFFFF","1AAAAAAAA1AAAA","4",,,,,,,,,,,,,,,
"3200560","2016-09-08T06:34:00","20.95","123.50",,,"1","4","2","5",,,,"11",,,,,,,,,,,,"8",,,,,,"9","302",,,,,,,,,,,,,"226","3","798","172","7","1","2","2","1FFFFF","1AAAAAAAA1AAAA","4",,,,,,,,,,,,,,,
"3200623","2016-09-08T06:34:00","25.29","129.60",,,"1","4","2","5",,,,"11",,,,,,,,,,,,"8",,,,,,"9","297",,,,,,,,,,,,,"226","59","798","172","7","1","2","2","1FFFFF","1AAAAAAAA1AAAA","4",,,,,,,,,,,,,,,
"5100523","2016-09-08T06:45:00","23.19","125.83",,,"1","4","2","5",,,,"11",,,,,,,,,,,,"8",,,,,,"9","301",,,,,,,,,,,,,"226","35","798","172","7","1","2","2","1FFFFF","1AAAAAAAA1AAAA","4",,,,,,,,,,,,,,,
"3200560","2016-09-08T07:00:00","20.95","123.50",,,"1","4","2","5",,,,"11",,,,,,,,,,,,"8",,,,,,"9","302",,,,,,,,,,,,,"226","3","798","172","7","1","2","2","1FFFFF","1AAAAAAAA1AAAA","4",,,,,,,,,,,,,,,
"5100523","2016-09-08T07:30:00","23.19","125.83",,,"1","4","2","5",,,,"11",,,,,,,,,,,,"8",,,,,,"9","300",,,,,,,,,,,,,"226","35","798","172","7","1","2","2","1FFFFF","1AAAAAAAA1AAAA","4",,,,,,,,,,,,,,,
"3200623","2016-09-08T07:39:00","25.29","129.60",,,"1","3","2","5",,,,"11",,,,,,,,,,,,,,,,,,,,,,,,,,,,,,,,"226","59","798","172","7","1","2","2","FFFFFF","1AAAAAAAAAAAAA","4",,,,,,,,,,,,,,,
"3200560","2016-09-08T08:00:00","20.96","123.56",,,"1","4","2","5",,,,"11",,,,,,,,,,,,"8",,,,,,"9","302",,,,,,,,,,,,,"226","3","798","172","7","1","2","2","1FFFFF","1AAAAAAAA1AAAA","4",,,,,,,,,,,,,,,
"3200623","2016-09-08T08:03:00","25.29","129.60",,,"1","4","2","5",,,,"11",,,,,,,,,,,,"8",,,,,,"9","296",,,,,,,,,,,,,"226","59","798","172","7","1","2","2","1FFFFF","1AAAAAAAA1AAAA","4",,,,,,,,,,,,,,,
"3200560","2016-09-08T09:00:00","20.96","123.56",,,"1","4","2","5",,,,"11",,,,,,,,,,,,"8",,,,,,"9","301",,,,,,,,,,,,,"226","3","798","172","7","1","2","2","1FFFFF","1AAAAAAAA1AAAA","4",,,,,,,,,,,,,,,
"5100523","2016-09-08T09:00:00","23.19","125.86",,,"1","4","2","5",,,,"11",,,,,,,,,,,,"8",,,,,,"9","300",,,,,,,,,,,,,"226","35","798","172","7","1","2","2","1FFFFF","1AAAAAAAA1AAAA","4",,,,,,,,,,,,,,,
"SHIP","2016-09-08T09:00:00","20.20","121.10",,,"1","4","0","0","5","4",,"2","0","220","4","41",,"98","2","0","10087","2","1","0","290","0","270",,"264","1","300","4","3","3","4","3","4",,"5","2","22","2","4","226","1","992","114","5","1","2","2","111111","11111111111111",,,"1","0",,,,,,,,,,,"4",
"TBWUK81","2016-09-08T09:00:00","24.90","124.10",,,"1","4","0","0","1","4",,"1","0","340","3","36",,"96","60","5","10084","3","10","0","260","0","250",,"246","1","295","7","6","4","5","2","8",,,,,,,"226","44","992","114","5","1","2","2","111111","11111111111AA1",,,"1","0",,,,,,,,,,,"4",
"3200623","2016-09-08T09:07:00","25.23","129.66",,,"1","4","2","5",,,,"11",,,,,,,,,,,,"8",,,,,,"9","296",,,,,,,,,,,,,"226","59","798","172","7","1","2","2","1FFFFF","1AAAAAAAA1AAAA","4",,,,,,,,,,,,,,,
"5100523","2016-09-08T09:07:00","23.19","125.86",,,"1","4","2","5",,,,"11",,,,,,,,,,,,"8",,,,,,"9","300",,,,,,,,,,,,,"226","35","798","172","7","0",,"2","1FFFFF","1AAAAAAAA1AAAA","4",,,,,,,,,,,,,,,
"3200560","2016-09-08T09:09:00","20.96","123.56",,,"1","4","2","5",,,,"11",,,,,,,,,,,,"8",,,,,,"9","302",,,,,,,,,,,,,"226","3","798","172","7","1","2","2","1FFFFF","1AAAAAAAA1AAAA","4",,,,,,,,,,,,,,,
"5100523","2016-09-08T09:15:00","23.19","125.86",,,"1","4","2","5",,,,"11",,,,,,,,,,,,"8",,,,,,"9","300",,,,,,,,,,,,,"226","35","798","172","7","1","2","2","1FFFFF","1AAAAAAAA1AAAA","4",,,,,,,,,,,,,,,
"3200623","2016-09-08T09:16:00","25.24","129.65",,,"1","4","2","5",,,,"11",,,,,,,,,,,,"8",,,,,,"9","296",,,,,,,,,,,,,"226","59","798","172","7","0",,"2","1FFFFF","1AAAAAAAA1AAAA","4",,,,,,,,,,,,,,,
"3200623","2016-09-08T09:17:00","25.23","129.66",,,"1","4","2","5",,,,"11",,,,,,,,,,,,"8",,,,,,"9","296",,,,,,,,,,,,,"226","59","798","172","7","1","2","2","1FFFFF","1AAAAAAAA1AAAA","4",,,,,,,,,,,,,,,
"3200623","2016-09-08T09:23:00","25.24","129.65",,,"1","4","2","5",,,,"11",,,,,,,,,,,,"8",,,,,,"9","296",,,,,,,,,,,,,"226","59","798","172","7","1","2","2","1FFFFF","1AAAAAAAA1AAAA","4",,,,,,,,,,,,,,,
"5100523","2016-09-08T09:30:00","23.20","125.85",,,"1","4","2","5",,,,"11",,,,,,,,,,,,"8",,,,,,"9","300",,,,,,,,,,,,,"226","35","798","172","7","1","2","2","1FFFFF","1AAAAAAAA1AAAA","4",,,,,,,,,,,,,,,
"3200623","2016-09-08T09:41:00","25.23","129.67",,,"1","4","2","5",,,,"11",,,,,,,,,,,,"8",,,,,,"9","295",,,,,,,,,,,,,"226","59","798","172","7","1","2","1","1FFFFF","1AAAAAAAA1AAAA","4",,,,,,,,,,,,,,,
"5100523","2016-09-08T09:42:00","23.20","125.86",,,"1","4","2","5",,,,"11",,,,,,,,,,,,"8",,,,,,"9","300",,,,,,,,,,,,,"226","35","798","172","7","1","2","2","1FFFFF","1AAAAAAAA1AAAA","4",,,,,,,,,,,,,,,
"3200560","2016-09-08T09:43:00","20.96","123.57",,,"1","4","2","5",,,,"11",,,,,,,,,,,,"8",,,,,,"9","299",,,,,,,,,,,,,"226","3","798","172","7","0",,"2","1FFFFF","1AAAAAAAA1AAAA","4",,,,,,,,,,,,,,,
"3200623","2016-09-08T09:43:00","25.23","129.67",,,"1","4","2","5",,,,"11",,,,,,,,,,,,"8",,,,,,"9","295",,,,,,,,,,,,,"226","59","798","172","7","1","2","1","1FFFFF","1AAAAAAAA1AAAA","4",,,,,,,,,,,,,,,
"5100523","2016-09-08T09:45:00","23.20","125.85",,,"1","4","2","5",,,,"11",,,,,,,,,,,,"8",,,,,,"9","300",,,,,,,,,,,,,"226","35","798","172","7","1","2","1","1FFFFF","1AAAAAAAA1AAAA","4",,,,,,,,,,,,,,,
"3200623","2016-09-08T09:48:00","25.23","129.67",,,"1","4","2","5",,,,"11",,,,,,,,,,,,"8",,,,,,"9","295",,,,,,,,,,,,,"226","59","798","172","7","1","2","1","1FFFFF","1AAAAAAAA1AAAA","4",,,,,,,,,,,,,,,
"3200560","2016-09-08T10:00:00","20.96","123.57",,,"1","4","2","5",,,,"11",,,,,,,,,,,,"8",,,,,,"9","299",,,,,,,,,,,,,"226","3","798","172","7","1","2","1","1FFFFF","1AAAAAAAA1AAAA","4",,,,,,,,,,,,,,,
"5100523","2016-09-08T10:45:00","23.20","125.86",,,"1","4","2","5",,,,"11",,,,,,,,,,,,"8",,,,,,"9","300",,,,,,,,,,,,,"226","35","798","172","7","1","2","1","1FFFFF","1AAAAAAAA1AAAA","4",,,,,,,,,,,,,,,
"5100523","2016-09-08T10:48:00","23.19","125.86",,,"1","4","2","5",,,,"11",,,,,,,,,,,,"8",,,,,,"9","300",,,,,,,,,,,,,"226","35","798","172","7","0",,"1","1FFFFF","1AAAAAAAA1AAAA","4",,,,,,,,,,,,,,,
"3200623","2016-09-08T10:51:00","25.23","129.67",,,"1","4","2","5",,,,"11",,,,,,,,,,,,"8",,,,,,"9","295",,,,,,,,,,,,,"226","59","798","172","7","1","2","1","1FFFFF","1AAAAAAAA1AAAA","4",,,,,,,,,,,,,,,
"3200560","2016-09-08T10:52:00","20.96","123.58",,,"1","4","2","5",,,,"11",,,,,,,,,,,,"8",,,,,,"9","299",,,,,,,,,,,,,"226","3","798","172","7","0",,"1","1FFFFF","1AAAAAAAA1AAAA","4",,,,,,,,,,,,,,,
"3200560","2016-09-08T11:00:00","20.96","123.58",,,"1","4","2","5",,,,"11",,,,,,,,,,,,"8",,,,,,"9","299",,,,,,,,,,,,,"226","3","798","172","7","1","2","1","1FFFFF","1AAAAAAAA1AAAA","4",,,,,,,,,,,,,,,
"5100523","2016-09-08T11:15:00","23.19","125.86",,,"1","4","2","5",,,,"11",,,,,,,,,,,,"8",,,,,,"9","300",,,,,,,,,,,,,"226","35","798","172","7","1","2","1","1FFFFF","1AAAAAAAA1AAAA","4",,,,,,,,,,,,,,,
"3200623","2016-09-08T11:22:00","25.22","129.69",,,"1","4","2","5",,,,"11",,,,,,,,,,,,"8",,,,,,"9","294",,,,,,,,,,,,,"226","59","798","172","7","0",,"1","1FFFFF","1AAAAAAAA1AAAA","4",,,,,,,,,,,,,,,
"3200623","2016-09-08T11:24:00","25.22","129.69",,,"1","4","2","5",,,,"11",,,,,,,,,,,,"8",,,,,,"9","294",,,,,,,,,,,,,"226","59","798","172","7","1","2","1","1FFFFF","1AAAAAAAA1AAAA","4",,,,,,,,,,,,,,,
"5100523","2016-09-08T11:30:00","23.19","125.87",,,"1","4","2","5",,,,"11",,,,,,,,,,,,"8",,,,,,"9","300",,,,,,,,,,,,,"226","35","798","172","7","1","2","1","1FFFFF","1AAAAAAAA1AAAA","4",,,,,,,,,,,,,,,
"3200623","2016-09-08T11:45:00","25.21","129.68",,,"1","4","2","5",,,,"11",,,,,,,,,,,,"8",,,,,,"9","294",,,,,,,,,,,,,"226","59","798","172","7","1","2","1","1FFFFF","1AAAAAAAA1AAAA","4",,,,,,,,,,,,,,,
"5100523","2016-09-08T11:45:00","23.19","125.87",,,"1","4","2","5",,,,"11",,,,,,,,,,,,"8",,,,,,"9","300",,,,,,,,,,,,,"226","35","798","172","7","1","2","1","1FFFFF","1AAAAAAAA1AAAA","4",,,,,,,,,,,,,,,
"3200623","2016-09-08T11:48:00","25.21","129.68",,,"1","4","2","5",,,,"11",,,,,,,,,,,,"8",,,,,,"9","294",,,,,,,,,,,,,"226","59","798","172","7","1","2","1","1FFFFF","1AAAAAAAA1AAAA","4",,,,,,,,,,,,,,,
"3200560","2016-09-08T12:00:00","20.96","123.61",,,"1","4","2","5",,,,"11",,,,,,,,,,,,"8",,,,,,"9","299",,,,,,,,,,,,,"226","3","798","172","7","1","2","1","1FFFFF","1AAAAAAAA1AAAA","4",,,,,,,,,,,,,,,
"C6DM2","2016-09-08T12:00:00","25.00","123.30",,,"1","4","0","0","6","4",,"1","0","330","4","98",,"98","3","1","10040","6","50","0","280","0","260",,"253","3","290","6","5","4","6","8","2",,"6","3","25","8","2","226","53","992","114","5","1","2","1","111111","11111111111111",,,"1","1","14","6","2",,,,,,,,"4",
"C6UK7","2016-09-08T12:00:00","20.20","122.30",,,"1","4","0","0","1","3",,"1","0","250","4","41",,,,,"10100","2","10","0","290","0","270",,"263",,,"3","3","2","A","9","8",,,,,,,"226","2","992","114","5","1","2","1","F11111","11AAA1111A1AA1",,,"3",,,,,,,,,,,,"4",
"TBWUK81","2016-09-08T12:00:00","25.60","124.80",,,"1","4","0","0","1","4",,"1","0","320","3","51",,"97","91","6","10089","0","5","0","280","0","258",,"249","1","296","7","6","8","7","6","2",,"2","2",,,,"226","54","992","114","5","1","2","1","111111","111111111111A1",,,"1","2",,,,,,,,,,,"4",
"VRLJ4","2016-09-08T12:00:00","25.50","120.10",,,"1","4","0","0","1","5",,"1","0","190","4","77",,"99","2","2","10110","2","10","0","270","0","260",,"257","3","240","9","9","4","A","4","0",,,,"0",,,"226","50","992","114","5","1","2","1","111111","11111111114A31",,,"1","2","0",,,,,,,,,,"4",
"5100523","2016-09-08T12:15:00","23.20","125.87",,,"1","4","2","5",,,,"11",,,,,,,,,,,,"8",,,,,,"9","300",,,,,,,,,,,,,"226","35","798","172","7","1","2","1","1FFFFF","1AAAAAAAA1AAAA","4",,,,,,,,,,,,,,,
"3200623","2016-09-08T12:30:00","25.20","129.67",,,"1","4","2","5",,,,"11",,,,,,,,,,,,"8",,,,,,"9","293",,,,,,,,,,,,,"226","59","798","172","7","1","2","1","1FFFFF","1AAAAAAAA1AAAA","4",,,,,,,,,,,,,,,
"5100523","2016-09-08T12:30:00","23.20","125.87",,,"1","4","2","5",,,,"11",,,,,,,,,,,,"8",,,,,,"9","300",,,,,,,,,,,,,"226","35","798","172","7","1","2","1","1FFFFF","1AAAAAAAA1AAAA","4",,,,,,,,,,,,,,,
"3200560","2016-09-08T12:31:00","20.96","123.61",,,"1","4","2","5",,,,"11",,,,,,,,,,,,"8",,,,,,"9","299",,,,,,,,,,,,,"226","3","798","172","7","0",,"1","1FFFFF","1AAAAAAAA1AAAA","4",,,,,,,,,,,,,,,
"5100523","2016-09-08T12:31:00","23.20","125.87",,,"1","4","2","5",,,,"11",,,,,,,,,,,,"8",,,,,,"9","300",,,,,,,,,,,,,"226","35","798","172","7","0",,"1","1FFFFF","1AAAAAAAA1AAAA","4",,,,,,,,,,,,,,,
"3200623","2016-09-08T12:34:00","25.20","129.67",,,"1","3","2","5",,,,"11",,,,,,,,,,,,,,,,,,,,,,,,,,,,,,,,"226","59","798","172","7","1","2","1","FFFFFF","1AAAAAAAAAAAAA","4",,,,,,,,,,,,,,,
"3200560","2016-09-08T13:00:00","20.96","123.62",,,"1","4","2","5",,,,"11",,,,,,,,,,,,"8",,,,,,"9","298",,,,,,,,,,,,,"226","3","798","172","7","1","2","1","1FFFFF","1AAAAAAAA1AAAA","4",,,,,,,,,,,,,,,
"5100523","2016-09-08T13:15:00","23.20","125.87",,,"1","4","2","5",,,,"11",,,,,,,,,,,,"8",,,,,,"9","300",,,,,,,,,,,,,"226","35","798","172","7","1","2","1","1FFFFF","1AAAAAAAA1AAAA","4",,,,,,,,,,,,,,,
"3200560","2016-09-08T13:24:00","20.96","123.62",,,"1","4","2","5",,,,"11",,,,,,,,,,,,"8",,,,,,"9","298",,,,,,,,,,,,,"226","3","798","172","7","0",,"1","1FFFFF","1AAAAAAAA1AAAA","4",,,,,,,,,,,,,,,
"3200623","2016-09-08T13:24:00","25.20","129.67",,,"1","4","2","5",,,,"11",,,,,,,,,,,,"8",,,,,,"9","293",,,,,,,,,,,,,"226","59","798","172","7","1","2","1","1FFFFF","1AAAAAAAA1AAAA","4",,,,,,,,,,,,,,,
"5100523","2016-09-08T13:24:00","23.20","125.87",,,"1","4","2","5",,,,"11",,,,,,,,,,,,"8",,,,,,"9","300",,,,,,,,,,,,,"226","35","798","172","7","0",,"1","1FFFFF","1AAAAAAAA1AAAA","4",,,,,,,,,,,,,,,
"5100523","2016-09-08T13:30:00","23.20","125.87",,,"1","4","2","5",,,,"11",,,,,,,,,,,,"8",,,,,,"9","300",,,,,,,,,,,,,"226","35","798","172","7","1","2","1","1FFFFF","1AAAAAAAA1AAAA","4",,,,,,,,,,,,,,,
"3200560","2016-09-08T14:00:00","20.95","123.62",,,"1","4","2","5",,,,"11",,,,,,,,,,,,"8",,,,,,"9","298",,,,,,,,,,,,,"226","3","798","172","7","0",,"1","1FFFFF","1AAAAAAAA1AAAA","4",,,,,,,,,,,,,,,
"5100523","2016-09-08T14:00:00","23.18","125.87",,,"1","4","2","5",,,,"11",,,,,,,,,,,,"8",,,,,,"9","300",,,,,,,,,,,,,"226","35","798","172","7","1","2","1","1FFFFF","1AAAAAAAA1AAAA","4",,,,,,,,,,,,,,,
"9V2735","2016-09-08T14:00:00","22.70","129.20",,,"1","4","0","0","0","0",,"1","0","180","4","51",,"97",,"0","10140","4","0","3","290","0","260",,"250","1","300","4","4","4","5","A","A",,"2","2","18","2","2","226","29","992","114","5","1","2","1","111111","111A1111111111",,,"1","0","38",,,,,,,,,,"4",
"3200623","2016-09-08T14:09:00","25.20","129.67",,,"1","3","2","5",,,,"11",,,,,,,,,,,,,,,,,,,,,,,,,,,,,,,,"226","59","798","172","7","1","2","1","FFFFFF","1AAAAAAAAAAAAA","4",,,,,,,,,,,,,,,
"3200560","2016-09-08T14:10:00","20.95","123.62",,,"1","4","2","5",,,,"11",,,,,,,,,,,,"8",,,,,,"9","298",,,,,,,,,,,,,"226","3","798","172","7","0",,"1","1FFFFF","1AAAAAAAA1AAAA","4",,,,,,,,,,,,,,,
"5100523","2016-09-08T14:10:00","23.18","125.87",,,"1","4","2","5",,,,"11",,,,,,,,,,,,"8",,,,,,"9","300",,,,,,,,,,,,,"226","35","798","172","7","0",,"1","1FFFFF","1AAAAAAAA1AAAA","4",,,,,,,,,,,,,,,
"3200560","2016-09-08T15:00:00","20.95","123.62",,,"1","4","2","5",,,,"11",,,,,,,,,,,,"8",,,,,,"9","298",,,,,,,,,,,,,"226","3","798","172","7","1","2","1","1FFFFF","1AAAAAAAA1AAAA","4",,,,,,,,,,,,,,,
"3200560","2016-09-08T16:00:00","20.95","123.62",,,"1","4","2","5",,,,"11",,,,,,,,,,,,"8",,,,,,"9","298",,,,,,,,,,,,,"226","3","798","172","7","1","2","1","1FFFFF","1AAAAAAAA1AAAA","4",,,,,,,,,,,,,,,
"3200560","2016-09-08T17:00:00","20.95","123.62",,,"1","4","2","5",,,,"11",,,,,,,,,,,,"8",,,,,,"9","298",,,,,,,,,,,,,"226","3","798","172","7","1","2","1","1FFFFF","1AAAAAAAA1AAAA","4",,,,,,,,,,,,,,,
"5100523","2016-09-08T17:15:00","23.20","125.87",,,"1","4","2","5",,,,"11",,,,,,,,,,,,"8",,,,,,"9","299",,,,,,,,,,,,,"226","35","798","172","7","1","2","1","1FFFFF","1AAAAAAAA1AAAA","4",,,,,,,,,,,,,,,
"3200623","2016-09-08T17:27:00","25.15","129.69",,,"1","4","2","5",,,,"11",,,,,,,,,,,,"8",,,,,,"9","291",,,,,,,,,,,,,"226","59","798","172","7","0",,"1","1FFFFF","1AAAAAAAA1AAAA","4",,,,,,,,,,,,,,,
"5100523","2016-09-08T17:28:00","23.19","125.88",,,"1","4","2","5",,,,"11",,,,,,,,,,,,"8",,,,,,"9","299",,,,,,,,,,,,,"226","35","798","172","7","1","2","1","1FFFFF","1AAAAAAAA1AAAA","4",,,,,,,,,,,,,,,
"3200623","2016-09-08T17:29:00","25.15","129.69",,,"1","4","2","5",,,,"11",,,,,,,,,,,,"8",,,,,,"9","291",,,,,,,,,,,,,"226","59","798","172","7","1","2","1","1FFFFF","1AAAAAAAA1AAAA","4",,,,,,,,,,,,,,,
"5100523","2016-09-08T17:30:00","23.20","125.87",,,"1","4","2","5",,,,"11",,,,,,,,,,,,"8",,,,,,"9","299",,,,,,,,,,,,,"226","35","798","172","7","1","2","1","1FFFFF","1AAAAAAAA1AAAA","4",,,,,,,,,,,,,,,
"3200623","2016-09-08T17:34:00","25.15","129.69",,,"1","4","2","5",,,,"11",,,,,,,,,,,,"8",,,,,,"9","291",,,,,,,,,,,,,"226","59","798","172","7","1","2","1","1FFFFF","1AAAAAAAA1AAAA","4",,,,,,,,,,,,,,,
"3200560","2016-09-08T18:00:00","20.99","123.75",,,"1","4","2","5",,,,"11",,,,,,,,,,,,"8",,,,,,"9","298",,,,,,,,,,,,,"226","3","798","172","7","1","2","1","1FFFFF","1AAAAAAAA1AAAA","4",,,,,,,,,,,,,,,
"C6DM2","2016-09-08T18:00:00","25.30","121.40",,,"1","4","0","0","6","4",,"1","0","250","4","93",,"97","60","2","10080","4","0","0","270","0","260",,"256","3","270","8","8","4","6","2","A",,"4","2","24","6","4","226","51","992","114","5","1","2","1","113111","11111111111111",,,"1","2","22","4","2",,,,,,,,"4",
"TBWUK81","2016-09-08T18:00:00","26.70","126.30",,,"1","4","0","0","1","4",,"1","0","310","3","51",,"98","13",,"10075","6","10","0","286","0","265",,"257","1","302",,,,"A",,,,,,,,,"226","66","992","114","5","1","2","1","111111","1111A111118AA1",,,"1",,,,,,,,,,,,"4",
"WDG8555","2016-09-08T18:00:00","28.90","126.80",,,"1","4","0","0","8","4",,"1","0","10","4","62",,"98","2","5","10062",,,"0","295","0","240",,"214","1","280","4","3","5","8","2","4",,,,,,,"226","86","992","114","5","1","2","1","111111","11111111111AAA",,,"1","1",,,,,,,,,,,"4",
"3200560","2016-09-08T19:00:00","20.99","123.75",,,"1","4","2","5",,,,"11",,,,,,,,,,,,"8",,,,,,"9","297",,,,,,,,,,,,,"226","3","798","172","7","1","2","1","1FFFFF","1AAAAAAAA1AAAA","4",,,,,,,,,,,,,,,
"5100523","2016-09-08T19:00:00","23.19","125.88",,,"1","4","2","5",,,,"11",,,,,,,,,,,,"8",,,,,,"9","299",,,,,,,,,,,,,"226","35","798","172","7","1","2","1","1FFFFF","1AAAAAAAA1AAAA","4",,,,,,,,,,,,,,,
"C6UK7","2016-09-08T19:00:00","24.00","129.20",,,"1","4","0","0",,,,"1","0","250","3","67",,"98",,"0","10100","4","0","0","260",,,,"260",,,"1",,,"9",,,,,,,,,"226","49","992","114","5","1","2","1","F11113","111A111A1A1AA1",,,"1","0",,,,,,,,,,,"4",
"5100523","2016-09-08T19:05:00","23.19","125.89",,,"1","4","2","5",,,,"11",,,,,,,,,,,,"8",,,,,,"9","299",,,,,,,,,,,,,"226","35","798","172","7","0",,"1","1FFFFF","1AAAAAAAA1AAAA","4",,,,,,,,,,,,,,,
"3200623","2016-09-08T19:06:00","25.14","129.70",,,"1","4","2","5",,,,"11",,,,,,,,,,,,"8",,,,,,"9","291",,,,,,,,,,,,,"226","59","798","172","7","1","2","1","1FFFFF","1AAAAAAAA1AAAA","4",,,,,,,,,,,,,,,
"3200560","2016-09-08T19:07:00","20.99","123.75",,,"1","4","2","5",,,,"11",,,,,,,,,,,,"8",,,,,,"9","298",,,,,,,,,,,,,"226","3","798","172","7","1","2","1","1FFFFF","1AAAAAAAA1AAAA","4",,,,,,,,,,,,,,,
"3200623","2016-09-08T19:07:00","25.15","129.69",,,"1","4","2","5",,,,"11",,,,,,,,,,,,"8",,,,,,"9","291",,,,,,,,,,,,,"226","59","798","172","7","1","2","1","1FFFFF","1AAAAAAAA1AAAA","4",,,,,,,,,,,,,,,
"3200623","2016-09-08T19:10:00","25.14","129.70",,,"1","4","2","5",,,,"11",,,,,,,,,,,,"8",,,,,,"9","291",,,,,,,,,,,,,"226","59","798","172","7","1","2","1","1FFFFF","1AAAAAAAA1AAAA","4",,,,,,,,,,,,,,,
"3200623","2016-09-08T19:14:00","25.14","129.70",,,"1","4","2","5",,,,"11",,,,,,,,,,,,"8",,,,,,"9","291",,,,,,,,,,,,,"226","59","798","172","7","1","2","1","1FFFFF","1AAAAAAAA1AAAA","4",,,,,,,,,,,,,,,
"5100523","2016-09-08T19:15:00","23.19","125.89",,,"1","4","2","5",,,,"11",,,,,,,,,,,,"8",,,,,,"9","299",,,,,,,,,,,,,"226","35","798","172","7","1","2","1","1FFFFF","1AAAAAAAA1AAAA","4",,,,,,,,,,,,,,,
"3200560","2016-09-08T20:00:00","20.99","123.75",,,"1","4","2","5",,,,"11",,,,,,,,,,,,"8",,,,,,"9",,,,,,,,,,,,,,"226","3","798","172","7","1","2","1","6FFFFF","1AAAAAAAA9AAAA","4",,,,,,,,,,,,,,,
"3200623","2016-09-08T20:04:00","25.14","129.70",,,"1","4","2","5",,,,"11",,,,,,,,,,,,"8",,,,,,"9","290",,,,,,,,,,,,,"226","59","798","172","7","1","2","1","1FFFFF","1AAAAAAAA1AAAA","4",,,,,,,,,,,,,,,
"5100523","2016-09-08T20:45:00","23.19","125.89",,,"1","4","2","5",,,,"11",,,,,,,,,,,,"8",,,,,,"9","299",,,,,,,,,,,,,"226","35","798","172","7","1","2","1","1FFFFF","1AAAAAAAA1AAAA","4",,,,,,,,,,,,,,,
"3200560","2016-09-08T20:52:00","21.00","123.80",,,"1","4","2","5",,,,"11",,,,,,,,,,,,"8",,,,,,"9","296",,,,,,,,,,,,,"226","13","798","172","7","0",,"1","1FFFFF","1AAAAAAAA1AAAA","4",,,,,,,,,,,,,,,
"3200623","2016-09-08T20:53:00","25.13","129.70",,,"1","4","2","5",,,,"11",,,,,,,,,,,,"8",,,,,,"9","290",,,,,,,,,,,,,"226","59","798","172","7","0",,"1","1FFFFF","1AAAAAAAA1AAAA","4",,,,,,,,,,,,,,,
"5100523","2016-09-08T20:53:00","23.19","125.89",,,"1","4","2","5",,,,"11",,,,,,,,,,,,"8",,,,,,"9","299",,,,,,,,,,,,,"226","35","798","172","7","0",,"1","1FFFFF","1AAAAAAAA1AAAA","4",,,,,,,,,,,,,,,
"3200623","2016-09-08T20:57:00","25.13","129.70",,,"1","4","2","5",,,,"11",,,,,,,,,,,,"8",,,,,,"9","290",,,,,,,,,,,,,"226","59","798","172","7","1","2","1","1FFFFF","1AAAAAAAA1AAAA","4",,,,,,,,,,,,,,,
"3200560","2016-09-08T21:00:00","21.00","123.80",,,"1","4","2","5",,,,"11",,,,,,,,,,,,"8",,,,,,"9","296",,,,,,,,,,,,,"226","13","798","172","7","1","2","1","1FFFFF","1AAAAAAAA1AAAA","4",,,,,,,,,,,,,,,
"TBWUK81","2016-09-08T21:00:00","27.30","127.10",,,"1","4","0","0",,,,"1","0","240","3","51",,"97","60","5","10076","5","3","0","258",,,,"247",,,"7",,,"5",,,,,,,,,"226","77","992","114","5","1","2","1","F11111","1111111A1A1AA1",,,"1","2",,,,,,,,,,,"4",
"5100523","2016-09-08T21:30:00","23.19","125.89",,,"1","4","2","5",,,,"11",,,,,,,,,,,,"8",,,,,,"9","299",,,,,,,,,,,,,"226","35","798","172","7","1","2","1","1FFFFF","1AAAAAAAA1AAAA","4",,,,,,,,,,,,,,,
"3200623","2016-09-08T21:38:00","25.13","129.70",,,"1","4","2","5",,,,"11",,,,,,,,,,,,"8",,,,,,"9","290",,,,,,,,,,,,,"226","59","798","172","7","1","2","2","1FFFFF","1AAAAAAAA1AAAA","4",,,,,,,,,,,,,,,
"5100523","2016-09-08T21:39:00","23.19","125.89",,,"1","4","2","5",,,,"11",,,,,,,,,,,,"8",,,,,,"9","299",,,,,,,,,,,,,"226","35","798","172","7","0",,"2","1FFFFF","1AAAAAAAA1AAAA","4",,,,,,,,,,,,,,,
"3200560","2016-09-08T21:45:00","21.00","123.82",,,"1","4","2","5",,,,"11",,,,,,,,,,,,"8",,,,,,"9","295",,,,,,,,,,,,,"226","13","798","172","7","0",,"2","1FFFFF","1AAAAAAAA1AAAA","4",,,,,,,,,,,,,,,
"3200623","2016-09-08T21:45:00","25.12","129.70",,,"1","4","2","5",,,,"11",,,,,,,,,,,,"8",,,,,,"9","290",,,,,,,,,,,,,"226","59","798","172","7","1","2","2","1FFFFF","1AAAAAAAA1AAAA","4",,,,,,,,,,,,,,,
"5100523","2016-09-08T21:45:00","23.19","125.89",,,"1","4","2","5",,,,"11",,,,,,,,,,,,"8",,,,,,"9","299",,,,,,,,,,,,,"226","35","798","172","7","1","2","2","1FFFFF","1AAAAAAAA1AAAA","4",,,,,,,,,,,,,,,
"3200623","2016-09-08T21:46:00","25.13","129.69",,,"1","4","2","5",,,,"11",,,,,,,,,,,,"8",,,,,,"9","290",,,,,,,,,,,,,"226","59","798","172","7","1","2","2","1FFFFF","1AAAAAAAA1AAAA","4",,,,,,,,,,,,,,,
"3200623","2016-09-08T21:49:00","25.12","129.70",,,"1","4","2","5",,,,"11",,,,,,,,,,,,"8",,,,,,"9","290",,,,,,,,,,,,,"226","59","798","172","7","1","2","2","1FFFFF","1AAAAAAAA1AAAA","4",,,,,,,,,,,,,,,
"3200560","2016-09-08T22:00:00","21.00","123.82",,,"1","4","2","5",,,,"11",,,,,,,,,,,,"8",,,,,,"9","295",,,,,,,,,,,,,"226","13","798","172","7","1","2","2","1FFFFF","1AAAAAAAA1AAAA","4",,,,,,,,,,,,,,,
"5100523","2016-09-08T22:15:00","23.18","125.88",,,"1","4","2","5",,,,"11",,,,,,,,,,,,"8",,,,,,"9","299",,,,,,,,,,,,,"226","35","798","172","7","1","2","2","1FFFFF","1AAAAAAAA1AAAA","4",,,,,,,,,,,,,,,
"3200560","2016-09-08T22:30:00","20.99","123.84",,,"1","4","2","5",,,,"11",,,,,,,,,,,,"8",,,,,,"9","296",,,,,,,,,,,,,"226","3","798","172","7","0",,"2","1FFFFF","1AAAAAAAA1AAAA","4",,,,,,,,,,,,,,,
"3200623","2016-09-08T22:30:00","25.12","129.69",,,"1","4","2","5",,,,"11",,,,,,,,,,,,"8",,,,,,"9","290",,,,,,,,,,,,,"226","59","798","172","7","0",,"2","1FFFFF","1AAAAAAAA1AAAA","4",,,,,,,,,,,,,,,
"5100523","2016-09-08T22:30:00","23.18","125.88",,,"1","4","2","5",,,,"11",,,,,,,,,,,,"8",,,,,,"9","299",,,,,,,,,,,,,"226","35","798","172","7","1","2","2","1FFFFF","1AAAAAAAA1AAAA","4",,,,,,,,,,,,,,,
"3200623","2016-09-08T22:32:00","25.12","129.69",,,"1","4","2","5",,,,"11",,,,,,,,,,,,"8",,,,,,"9","290",,,,,,,,,,,,,"226","59","798","172","7","1","2","2","1FFFFF","1AAAAAAAA1AAAA","4",,,,,,,,,,,,,,,
"3200560","2016-09-08T23:00:00","20.99","123.84",,,"1","4","2","5",,,,"11",,,,,,,,,,,,"8",,,,,,"9","296",,,,,,,,,,,,,"226","3","798","172","7","1","2","2","1FFFFF","1AAAAAAAA1AAAA","4",,,,,,,,,,,,,,,
"3200623","2016-09-08T23:15:00","25.12","129.69",,,"1","4","2","5",,,,"11",,,,,,,,,,,,"8",,,,,,"9","290",,,,,,,,,,,,,"226","59","798","172","7","1","2","2","1FFFFF","1AAAAAAAA1AAAA","4",,,,,,,,,,,,,,,
"5100523","2016-09-08T23:15:00","23.18","125.88",,,"1","4","2","5",,,,"11",,,,,,,,,,,,"8",,,,,,"9","299",,,,,,,,,,,,,"226","35","798","172","7","1","2","2","1FFFFF","1AAAAAAAA1AAAA","4",,,,,,,,,,,,,,,
"3200623","2016-09-08T23:20:00","25.12","129.69",,,"1","4","2","5",,,,"11",,,,,,,,,,,,"8",,,,,,"9","290",,,,,,,,,,,,,"226","59","798","172","7","1","2","2","1FFFFF","1AAAAAAAA1AAAA","4",,,,,,,,,,,,,,,
"5100523","2016-09-08T23:20:00","23.18","125.88",,,"1","4","2","5",,,,"11",,,,,,,,,,,,"8",,,,,,"9","299",,,,,,,,,,,,,"226","35","798","172","7","0",,"2","1FFFFF","1AAAAAAAA1AAAA","4",,,,,,,,,,,,,,,
"3200560","2016-09-09T00:00:00","21.00","123.88",,,"1","4","2","5",,,,"11",,,,,,,,,,,,"8",,,,,,"9","295",,,,,,,,,,,,,"226","13","798","172","7","1","2","2","1FFFFF","1AAAAAAAA1AAAA","4",,,,,,,,,,,,,,,
"5100523","2016-09-09T00:00:00","23.18","125.88",,,"1","4","2","5",,,,"11",,,,,,,,,,,,"8",,,,,,"9","299",,,,,,,,,,,,,"226","35","798","172","7","1","2","2","1FFFFF","1AAAAAAAA1AAAA","4",,,,,,,,,,,,,,,
"A8VI6","2016-09-09T00:00:00","26.60","121.70",,,"1","4","2","0","5","3",,"1","0","90","4","26",,"97","20","0","10095","2","5","0","250","0",,"1",,"3","270","6","6","A","3","4","5",,"5","1","9","5","2","226","61","992","114","5","1","2","2","111116","11111111911111",,,"1","2",,,,,,,,,,,"4","1"
"C6DM2","2016-09-09T00:00:00","24.80","120.00",,,"1","4","0","0","5","3",,"1","0","250","4","93",,"96","80","8","10080","4","0","0","280","0","260",,"253","3","280","8","7","6","2","2","A",,"3","2","22","5","3","226","40","992","114","5","1","2","2","113111","11111111111111",,,"1","6","22","7","4",,,,,,,,"4",
"C6UK7","2016-09-09T00:00:00","21.50","125.10",,,"1","4","0","0","1","3",,"1","0","210","4","57",,,,,"10090","4","0","0","290","0","270",,"263","1",,"2","2","1","6","9","8",,"8","3","5","5","2","226","15","992","114","5","1","2","2","E11111","11AAA111191111",,,"3",,"5","5","2",,,,,,,,"4",
"OWKI2","2016-09-09T00:00:00","29.80","123.20",,,"1","4",,"0","1","2",,"1","0","120","4","51",,"97","5","2","10108","0","4",,"261","0","230",,"217","3","247","8","3","7","6","7","6",,"2","1",,"6","1","226","93","792","103","5","0",,"2","111111","11111111111171",,,"1","2",,,,,,,,,,,"4",
"VRLJ4","2016-09-09T00:00:00","27.80","125.10",,,"1","4","0","0","1","5",,"1","0","50","4","87",,"99","2","2","10090","4","0","0","270","0","250",,"243","3","270","3","1","4","5","7","1",,"3","2","0",,,"226","75","992","114","5","1","2","2","111111","11111111111131",,,"1","2","0",,,,,,,,,,"4",
"3200623","2016-09-09T00:08:00","25.12","129.69",,,"1","4","2","5",,,,"11",,,,,,,,,,,,"8",,,,,,"9","290",,,,,,,,,,,,,"226","59","798","172","7","1","2","2","1FFFFF","1AAAAAAAA1AAAA","4",,,,,,,,,,,,,,,
"5100523","2016-09-09T00:08:00","23.19","125.87",,,"1","4","2","5",,,,"11",,,,,,,,,,,,"8",,,,,,"9","299",,,,,,,,,,,,,"226","35","798","172","7","0",,"2","1FFFFF","1AAAAAAAA1AAAA","4",,,,,,,,,,,,,,,
"3200560","2016-09-09T00:12:00","21.00","123.88",,,"1","4","2","5",,,,"11",,,,,,,,,,,,"8",,,,,,"9","295",,,,,,,,,,,,,"226","13","798","172","7","0",,"2","1FFFFF","1AAAAAAAA1AAAA","4",,,,,,,,,,,,,,,
"5100523","2016-09-09T00:15:00","23.19","125.87",,,"1","4","2","5",,,,"11",,,,,,,,,,,,"8",,,,,,"9","299",,,,,,,,,,,,,"226","35","798","172","7","1","2","2","1FFFFF","1AAAAAAAA1AAAA","4",,,,,,,,,,,,,,,
"5100523","2016-09-09T00:45:00","23.19","125.87",,,"1","4","2","5",,,,"11",,,,,,,,,,,,"8",,,,,,"9","299",,,,,,,,,,,,,"226","35","798","172","7","1","2","2","1FFFFF","1AAAAAAAA1AAAA","4",,,,,,,,,,,,,,,
"5100523","2016-09-09T00:55:00","23.19","125.87",,,"1","4","2","5",,,,"11",,,,,,,,,,,,"8",,,,,,"9","299",,,,,,,,,,,,,"226","35","798","172","7","0",,"2","1FFFFF","1AAAAAAAA1AAAA","4",,,,,,,,,,,,,,,
"3200560","2016-09-09T00:56:00","21.00","123.90",,,"1","4","2","5",,,,"11",,,,,,,,,,,,"8",,,,,,"9","295",,,,,,,,,,,,,"226","13","798","172","7","0",,"2","1FFFFF","1AAAAAAAA1AAAA","4",,,,,,,,,,,,,,,
"3200623","2016-09-09T00:56:00","25.11","129.70",,,"1","4","2","5",,,,"11",,,,,,,,,,,,"8",,,,,,"9","290",,,,,,,,,,,,,"226","59","798","172","7","0",,"2","1FFFFF","1AAAAAAAA1AAAA","4",,,,,,,,,,,,,,,
"3200623","2016-09-09T00:58:00","25.11","129.70",,,"1","4","2","5",,,,"11",,,,,,,,,,,,"8",,,,,,"9","290",,,,,,,,,,,,,"226","59","798","172","7","1","2","2","1FFFFF","1AAAAAAAA1AAAA","4",,,,,,,,,,,,,,,
"3200560","2016-09-09T01:00:00","21.00","123.90",,,"1","4","2","5",,,,"11",,,,,,,,,,,,"8",,,,,,"9","295",,,,,,,,,,,,,"226","13","798","172","7","1","2","2","1FFFFF","1AAAAAAAA1AAAA","4",,,,,,,,,,,,,,,
"5100523","2016-09-09T01:00:00","23.19","125.87",,,"1","4","2","5",,,,"11",,,,,,,,,,,,"8",,,,,,"9","299",,,,,,,,,,,,,"226","35","798","172","7","1","2","2","1FFFFF","1AAAAAAAA1AAAA","4",,,,,,,,,,,,,,,
"3200623","2016-09-09T01:03:00","25.11","129.70",,,"1","4","2","5",,,,"11",,,,,,,,,,,,"8",,,,,,"9","290",,,,,,,,,,,,,"226","59","798","172","7","1","2","2","1FFFFF","1AAAAAAAA1AAAA","4",,,,,,,,,,,,,,,
"5100523","2016-09-09T01:45:00","23.19","125.87",,,"1","4","2","5",,,,"11",,,,,,,,,,,,"8",,,,,,"9","299",,,,,,,,,,,,,"226","35","798","172","7","1","2","2","1FFFFF","1AAAAAAAA1AAAA","4",,,,,,,,,,,,,,,
"3200623","2016-09-09T01:51:00","25.11","129.70",,,"1","4","2","5",,,,"11",,,,,,,,,,,,"8",,,,,,"9","291",,,,,,,,,,,,,"226","59","798","172","7","0",,"2","1FFFFF","1AAAAAAAA1AAAA","4",,,,,,,,,,,,,,,
"5100523","2016-09-09T01:52:00","23.19","125.87",,,"1","4","2","5",,,,"11",,,,,,,,,,,,"8",,,,,,"9","299",,,,,,,,,,,,,"226","35","798","172","7","0",,"2","1FFFFF","1AAAAAAAA1AAAA","4",,,,,,,,,,,,,,,
"3200560","2016-09-09T01:53:00","20.99","123.90",,,"1","4","2","5",,,,"11",,,,,,,,,,,,"8",,,,,,"9","295",,,,,,,,,,,,,"226","3","798","172","7","0",,"2","1FFFFF","1AAAAAAAA1AAAA","4",,,,,,,,,,,,,,,
"3200623","2016-09-09T01:55:00","25.11","129.70",,,"1","4","2","5",,,,"11",,,,,,,,,,,,"8",,,,,,"9","291",,,,,,,,,,,,,"226","59","798","172","7","1","2","2","1FFFFF","1AAAAAAAA1AAAA","4",,,,,,,,,,,,,,,
"3200560","2016-09-09T02:00:00","20.99","123.90",,,"1","4","2","5",,,,"11",,,,,,,,,,,,"8",,,,,,"9","295",,,,,,,,,,,,,"226","3","798","172","7","0",,"2","1FFFFF","1AAAAAAAA1AAAA","4",,,,,,,,,,,,,,,
"5100523","2016-09-09T02:30:00","23.19","125.85",,,"1","4","2","5",,,,"11",,,,,,,,,,,,"8",,,,,,"9","299",,,,,,,,,,,,,"226","35","798","172","7","1","2","2","1FFFFF","1AAAAAAAA1AAAA","4",,,,,,,,,,,,,,,
"3200623","2016-09-09T02:36:00","25.10","129.71",,,"1","4","2","5",,,,"11",,,,,,,,,,,,"8",,,,,,"9","291",,,,,,,,,,,,,"226","59","798","172","7","0",,"2","1FFFFF","1AAAAAAAA1AAAA","4",,,,,,,,,,,,,,,
"3200623","2016-09-09T02:37:00","25.10","129.71",,,"1","4","2","5",,,,"11",,,,,,,,,,,,"8",,,,,,"9","291",,,,,,,,,,,,,"226","59","798","172","7","1","2","2","1FFFFF","1AAAAAAAA1AAAA","4",,,,,,,,,,,,,,,
"5100523","2016-09-09T02:37:00","23.19","125.85",,,"1","4","2","5",,,,"11",,,,,,,,,,,,"8",,,,,,"9","299",,,,,,,,,,,,,"226","35","798","172","7","0",,"2","1FFFFF","1AAAAAAAA1AAAA","4",,,,,,,,,,,,,,,
"3200560","2016-09-09T02:38:00","21.00","123.91",,,"1","4","2","5",,,,"11",,,,,,,,,,,,"8",,,,,,"9","301",,,,,,,,,,,,,"226","13","798","172","7","1","2","2","1FFFFF","1AAAAAAAA1AAAA","4",,,,,,,,,,,,,,,
"3200560","2016-09-09T03:00:00","21.00","123.91",,,"1","4","2","5",,,,"11",,,,,,,,,,,,"8",,,,,,"9","297",,,,,,,,,,,,,"226","13","798","172","7","1","2","2","1FFFFF","1AAAAAAAA1AAAA","4",,,,,,,,,,,,,,,
"9V2735","2016-09-09T03:00:00","22.70","129.40",,,"1","4","0","0","0","0",,"1","0","260","4","41",,"97",,"0","10140","2","10","3",,"0","330",,"320","0","310","4","4","2","5","8","8",,"2","2","25","2","2","226","29","992","114","5","1","2","2","171111","111A1166611111",,,"1","0","38",,,,,,,,,,"4",
"V7UT7","2016-09-09T03:00:00","26.50","125.50",,,"1","4","0","0","5","2",,"1","0","280","4","67",,,,,"10080","1","10","3","290","0","260",,"250",,,,,,"A",,,,,,,,,"226","65","992","114","5","1","2","2","F11111","11AAA1111A8AA1",,,"1",,,,,,,,,,,,"4",
"3200560","2016-09-09T04:00:00","21.00","123.91",,,"1","4","2","5",,,,"11",,,,,,,,,,,,"8",,,,,,"9","298",,,,,,,,,,,,,"226","13","798","172","7","1","2","2","1FFFFF","1AAAAAAAA1AAAA","4",,,,,,,,,,,,,,,
"5100523","2016-09-09T04:30:00","23.21","125.86",,,"1","4","2","5",,,,"11",,,,,,,,,,,,"8",,,,,,"9","299",,,,,,,,,,,,,"226","35","798","172","7","1","2","2","1FFFFF","1AAAAAAAA1AAAA","4",,,,,,,,,,,,,,,
"3200623","2016-09-09T04:45:00","25.10","129.71",,,"1","4","2","5",,,,"11",,,,,,,,,,,,"8",,,,,,"9","292",,,,,,,,,,,,,"226","59","798","172","7","0",,"2","1FFFFF","1AAAAAAAA1AAAA","4",,,,,,,,,,,,,,,
"5100523","2016-09-09T04:45:00","23.21","125.86",,,"1","4","2","5",,,,"11",,,,,,,,,,,,"8",,,,,,"9","300",,,,,,,,,,,,,"226","35","798","172","7","1","2","2","1FFFFF","1AAAAAAAA1AAAA","4",,,,,,,,,,,,,,,
"5100523","2016-09-09T04:46:00","23.21","125.86",,,"1","4","2","5",,,,"11",,,,,,,,,,,,"8",,,,,,"9","300",,,,,,,,,,,,,"226","35","798","172","7","1","2","2","1FFFFF","1AAAAAAAA1AAAA","4",,,,,,,,,,,,,,,
"3200623","2016-09-09T04:47:00","25.10","129.71",,,"1","4","2","5",,,,"11",,,,,,,,,,,,"8",,,,,,"9","292",,,,,,,,,,,,,"226","59","798","172","7","1","2","2","1FFFFF","1AAAAAAAA1AAAA","4",,,,,,,,,,,,,,,
"3200623","2016-09-09T04:51:00","25.10","129.71",,,"1","4","2","5",,,,"11",,,,,,,,,,,,"8",,,,,,"9","292",,,,,,,,,,,,,"226","59","798","172","7","1","2","2","1FFFFF","1AAAAAAAA1AAAA","4",,,,,,,,,,,,,,,
"3200560","2016-09-09T05:00:00","20.99","123.97",,,"1","4","2","5",,,,"11",,,,,,,,,,,,"8",,,,,,"9","299",,,,,,,,,,,,,"226","3","798","172","7","1","2","2","1FFFFF","1AAAAAAAA1AAAA","4",,,,,,,,,,,,,,,
"3200560","2016-09-09T06:00:00","21.00","123.91",,,"1","4","2","5",,,,"11",,,,,,,,,,,,"8",,,,,,"9","301",,,,,,,,,,,,,"226","13","798","172","7","1","2","2","1FFFFF","1AAAAAAAA1AAAA","4",,,,,,,,,,,,,,,
"9HA3769","2016-09-09T06:00:00","27.10","121.50",,,"1","4","0","0","1","2",,"1","0","90","4","93",,"97","3","6","10110","4","0","0","270","0","240",,"228","1","280","8","5","5","6","1","0",,"3","2","11","6","2","226","71","992","114","5","1","2","2","111111","11111111111111",,,"1","1",,,,,,,,,,,"4",
"D5HS9","2016-09-09T06:00:00","27.50","121.80",,,"1","4","0","0","1","4",,"1","0","30","4","72",,"97","2","9","10090","4","0","0","275","0","238",,"223","3","286","7","7","7","2","7","A",,"5","2","7","6","1","226","71","992","114","5","1","2","2","111111","11111111111111",,,"1","6",,,,,,,,,,,"4",
"TBWUK81","2016-09-09T06:00:00","28.80","129.50",,,"1","4","0","0","1","4",,"1","0","30","3","51",,"98","2","2","10081","6","6","0","285","0","228",,"199","1","293","6","4","6","4","1","4",,"2","1","2","5","2","226","89","992","114","5","1","2","2","111111","11111111111111",,,"1","2",,,,,,,,,,,"4",
"5100523","2016-09-09T06:15:00","23.21","125.86",,,"1","4","2","5",,,,"11",,,,,,,,,,,,"8",,,,,,"9","300",,,,,,,,,,,,,"226","35","798","172","7","1","2","2","1FFFFF","1AAAAAAAA1AAAA","4",,,,,,,,,,,,,,,
"3200623","2016-09-09T06:22:00","25.10","129.73",,,"1","4","2","5",,,,"11",,,,,,,,,,,,"8",,,,,,"9","292",,,,,,,,,,,,,"226","59","798","172","7","1","2","2","1FFFFF","1AAAAAAAA1AAAA","4",,,,,,,,,,,,,,,
"3200560","2016-09-09T06:23:00","20.99","123.97",,,"1","4","2","5",,,,"11",,,,,,,,,,,,"8",,,,,,"9","301",,,,,,,,,,,,,"226","3","798","172","7","1","2","2","1FFFFF","1AAAAAAAA1AAAA","4",,,,,,,,,,,,,,,
"5100523","2016-09-09T06:23:00","23.21","125.86",,,"1","4","2","5",,,,"11",,,,,,,,,,,,"8",,,,,,"9","300",,,,,,,,,,,,,"226","35","798","172","7","1","2","2","1FFFFF","1AAAAAAAA1AAAA","4",,,,,,,,,,,,,,,
"3200623","2016-09-09T06:25:00","25.10","129.73",,,"1","4","2","5",,,,"11",,,,,,,,,,,,"8",,,,,,"9","292",,,,,,,,,,,,,"226","59","798","172","7","1","2","2","1FFFFF","1AAAAAAAA1AAAA","4",,,,,,,,,,,,,,,
"5100523","2016-09-09T06:30:00","23.21","125.86",,,"1","4","2","5",,,,"11",,,,,,,,,,,,"8",,,,,,"9","300",,,,,,,,,,,,,"226","35","798","172","7","1","2","2","1FFFFF","1AAAAAAAA1AAAA","4",,,,,,,,,,,,,,,
"3200623","2016-09-09T06:32:00","25.10","129.72",,,"1","4","2","5",,,,"11",,,,,,,,,,,,"8",,,,,,"9","292",,,,,,,,,,,,,"226","59","798","172","7","1","2","2","1FFFFF","1AAAAAAAA1AAAA","4",,,,,,,,,,,,,,,
"3200560","2016-09-09T07:00:00","20.99","123.97",,,"1","4","2","5",,,,"11",,,,,,,,,,,,"8",,,,,,"9","301",,,,,,,,,,,,,"226","3","798","172","7","0",,"2","1FFFFF","1AAAAAAAA1AAAA","4",,,,,,,,,,,,,,,
"3200623","2016-09-09T07:13:00","25.10","129.72",,,"1","4","2","5",,,,"11",,,,,,,,,,,,"8",,,,,,"9","292",,,,,,,,,,,,,"226","59","798","172","7","0",,"2","1FFFFF","1AAAAAAAA1AAAA","4",,,,,,,,,,,,,,,
"3200560","2016-09-09T08:00:00","20.99","123.97",,,"1","4","2","5",,,,"11",,,,,,,,,,,,"8",,,,,,"9","300",,,,,,,,,,,,,"226","3","798","172","7","0",,"2","1FFFFF","1AAAAAAAA1AAAA","4",,,,,,,,,,,,,,,
"5100523","2016-09-09T08:45:00","23.21","125.86",,,"1","4","2","5",,,,"11",,,,,,,,,,,,"8",,,,,,"9","299",,,,,,,,,,,,,"226","35","798","172","7","0",,"2","1FFFFF","1AAAAAAAA1AAAA","4",,,,,,,,,,,,,,,
"3200623","2016-09-09T08:52:00","25.10","129.72",,,"1","4","2","5",,,,"11",,,,,,,,,,,,"8",,,,,,"9","292",,,,,,,,,,,,,"226","59","798","172","7","0",,"2","1FFFFF","1AAAAAAAA1AAAA","4",,,,,,,,,,,,,,,
"5100523","2016-09-09T08:52:00","23.23","125.85",,,"1","4","2","5",,,,"11",,,,,,,,,,,,"8",,,,,,"9","299",,,,,,,,,,,,,"226","35","798","172","7","0",,"2","1FFFFF","1AAAAAAAA1AAAA","4",,,,,,,,,,,,,,,
"3200623","2016-09-09T08:53:00","25.08","129.74",,,"1","4","2","5",,,,"11",,,,,,,,,,,,"8",,,,,,"9","292",,,,,,,,,,,,,"226","59","798","172","7","0",,"2","1FFFFF","1AAAAAAAA1AAAA","4",,,,,,,,,,,,,,,
"3200560","2016-09-09T08:57:00","21.00","124.00",,,"1","4","2","5",,,,"11",,,,,,,,,,,,"8",,,,,,"9","300",,,,,,,,,,,,,"226","14","798","172","7","0",,"2","1FFFFF","1AAAAAAAA1AAAA","4",,,,,,,,,,,,,,,
"3200623","2016-09-09T08:58:00","25.09","129.74",,,"1","4","2","5",,,,"11",,,,,,,,,,,,"8",,,,,,"9","292",,,,,,,,,,,,,"226","59","798","172","7","1","2","2","1FFFFF","1AAAAAAAA1AAAA","4",,,,,,,,,,,,,,,
"3200560","2016-09-09T09:00:00","21.00","124.00",,,"1","4","2","5",,,,"11",,,,,,,,,,,,"8",,,,,,"9","300",,,,,,,,,,,,,"226","14","798","172","7","1","2","2","1FFFFF","1AAAAAAAA1AAAA","4",,,,,,,,,,,,,,,
"3200623","2016-09-09T09:00:00","25.09","129.74",,,"1","4","2","5",,,,"11",,,,,,,,,,,,"8",,,,,,"9","292",,,,,,,,,,,,,"226","59","798","172","7","1","2","2","1FFFFF","1AAAAAAAA1AAAA","4",,,,,,,,,,,,,,,
"5100523","2016-09-09T09:00:00","23.23","125.85",,,"1","4","2","5",,,,"11",,,,,,,,,,,,"8",,,,,,"9","299",,,,,,,,,,,,,"226","35","798","172","7","1","2","2","1FFFFF","1AAAAAAAA1AAAA","4",,,,,,,,,,,,,,,
"3200623","2016-09-09T09:03:00","25.08","129.74",,,"1","4","2","5",,,,"11",,,,,,,,,,,,"8",,,,,,"9","292",,,,,,,,,,,,,"226","59","798","172","7","1","2","2","1FFFFF","1AAAAAAAA1AAAA","4",,,,,,,,,,,,,,,
"3200623","2016-09-09T09:10:00","25.08","129.73",,,"1","4","2","5",,,,"11",,,,,,,,,,,,"8",,,,,,"9","292",,,,,,,,,,,,,"226","59","798","172","7","0",,"2","1FFFFF","1AAAAAAAA1AAAA","4",,,,,,,,,,,,,,,
"3200560","2016-09-09T09:12:00","21.01","124.02",,,"1","4","2","5",,,,"11",,,,,,,,,,,,"8",,,,,,"9","300",,,,,,,,,,,,,"226","14","798","172","7","0",,"2","1FFFFF","1AAAAAAAA1AAAA","4",,,,,,,,,,,,,,,
"5100523","2016-09-09T09:12:00","23.23","125.86",,,"1","4","2","5",,,,"11",,,,,,,,,,,,"8",,,,,,"9","299",,,,,,,,,,,,,"226","35","798","172","7","0",,"2","1FFFFF","1AAAAAAAA1AAAA","4",,,,,,,,,,,,,,,
"3200623","2016-09-09T09:13:00","25.08","129.73",,,"1","4","2","5",,,,"11",,,,,,,,,,,,"8",,,,,,"9","292",,,,,,,,,,,,,"226","59","798","172","7","1","2","2","1FFFFF","1AAAAAAAA1AAAA","4",,,,,,,,,,,,,,,
"5100523","2016-09-09T09:15:00","23.23","125.86",,,"1","4","2","5",,,,"11",,,,,,,,,,,,"8",,,,,,"9","299",,,,,,,,,,,,,"226","35","798","172","7","0",,"2","1FFFFF","1AAAAAAAA1AAAA","4",,,,,,,,,,,,,,,
"3200623","2016-09-09T09:17:00","25.08","129.73",,,"1","4","2","5",,,,"11",,,,,,,,,,,,"8",,,,,,"9","292",,,,,,,,,,,,,"226","59","798","172","7","0",,"2","1FFFFF","1AAAAAAAA1AAAA","4",,,,,,,,,,,,,,,
"3200560","2016-09-09T10:00:00","21.01","124.02",,,"1","4","2","5",,,,"11",,,,,,,,,,,,"8",,,,,,"9","300",,,,,,,,,,,,,"226","14","798","172","7","1","2","1","1FFFFF","1AAAAAAAA1AAAA","4",,,,,,,,,,,,,,,
"5100523","2016-09-09T10:30:00","23.24","125.85",,,"1","4","2","5",,,,"11",,,,,,,,,,,,"8",,,,,,"9","299",,,,,,,,,,,,,"226","35","798","172","7","1","2","1","1FFFFF","1AAAAAAAA1AAAA","4",,,,,,,,,,,,,,,
"3200623","2016-09-09T10:35:00","25.07","129.76",,,"1","4","2","5",,,,"11",,,,,,,,,,,,"8",,,,,,"9","291",,,,,,,,,,,,,"226","59","798","172","7","1","2","1","1FFFFF","1AAAAAAAA1AAAA","4",,,,,,,,,,,,,,,
"5100523","2016-09-09T10:39:00","23.24","125.85",,,"1","4","2","5",,,,"11",,,,,,,,,,,,"8",,,,,,"9","299",,,,,,,,,,,,,"226","35","798","172","7","0",,"1","1FFFFF","1AAAAAAAA1AAAA","4",,,,,,,,,,,,,,,
"3200623","2016-09-09T10:41:00","25.07","129.76",,,"1","4","2","5",,,,"11",,,,,,,,,,,,"8",,,,,,"9","291",,,,,,,,,,,,,"226","59","798","172","7","1","2","1","1FFFFF","1AAAAAAAA1AAAA","4",,,,,,,,,,,,,,,
"3200623","2016-09-09T10:43:00","25.07","129.76",,,"1","4","2","5",,,,"11",,,,,,,,,,,,"8",,,,,,"9","291",,,,,,,,,,,,,"226","59","798","172","7","1","2","1","1FFFFF","1AAAAAAAA1AAAA","4",,,,,,,,,,,,,,,
"3200623","2016-09-09T10:49:00","25.07","129.76",,,"1","4","2","5",,,,"11",,,,,,,,,,,,"8",,,,,,"9","292",,,,,,,,,,,,,"226","59","798","172","7","1","2","1","1FFFFF","1AAAAAAAA1AAAA","4",,,,,,,,,,,,,,,
"3200560","2016-09-09T10:51:00","21.00","124.05",,,"1","4","2","5",,,,"11",,,,,,,,,,,,"8",,,,,,"9","299",,,,,,,,,,,,,"226","14","798","172","7","0",,"1","1FFFFF","1AAAAAAAA1AAAA","4",,,,,,,,,,,,,,,
"3200623","2016-09-09T10:54:00","25.07","129.76",,,"1","4","2","5",,,,"11",,,,,,,,,,,,"8",,,,,,"9","291",,,,,,,,,,,,,"226","59","798","172","7","1","2","1","1FFFFF","1AAAAAAAA1AAAA","4",,,,,,,,,,,,,,,
"3200560","2016-09-09T11:00:00","21.00","124.05",,,"1","4","2","5",,,,"11",,,,,,,,,,,,"8",,,,,,"9","299",,,,,,,,,,,,,"226","14","798","172","7","1","2","1","1FFFFF","1AAAAAAAA1AAAA","4",,,,,,,,,,,,,,,
"9V2735","2016-09-09T11:00:00","22.80","129.50",,,"1","4","0","0","0","0",,"1","0","220","4","67",,"97",,"0","10130","2","10","3","300","0","280",,"270","1","290","2","2","4","9","8","1",,,,"22","6","2","226","29","992","114","5","1","2","1","111111","111A1111111A11",,,"1","0","22","6","2",,,,,,,,"4",
"5100523","2016-09-09T11:15:00","23.24","125.85",,,"1","4","2","5",,,,"11",,,,,,,,,,,,"8",,,,,,"9","299",,,,,,,,,,,,,"226","35","798","172","7","1","2","1","1FFFFF","1AAAAAAAA1AAAA","4",,,,,,,,,,,,,,,
"3200623","2016-09-09T11:27:00","25.08","129.76",,,"1","4","2","5",,,,"11",,,,,,,,,,,,"8",,,,,,"9","292",,,,,,,,,,,,,"226","59","798","172","7","1","2","1","1FFFFF","1AAAAAAAA1AAAA","4",,,,,,,,,,,,,,,
"3200560","2016-09-09T12:00:00","21.01","124.09",,,"1","4","2","5",,,,"11",,,,,,,,,,,,"8",,,,,,"9","297",,,,,,,,,,,,,"226","14","798","172","7","1","2","1","1FFFFF","1AAAAAAAA1AAAA","4",,,,,,,,,,,,,,,
"5100523","2016-09-09T12:00:00","23.25","125.85",,,"1","4","2","5",,,,"11",,,,,,,,,,,,"8",,,,,,"9","299",,,,,,,,,,,,,"226","35","798","172","7","1","2","1","1FFFFF","1AAAAAAAA1AAAA","4",,,,,,,,,,,,,,,
"C6UK7","2016-09-09T12:00:00","23.20","127.90",,,"1","4","0","0","1","3",,"1","0","270","4","10",,,,,"10100","4","0","0","280","0","260",,"253",,,"8","8","7","A","2","5",,,,,,,"226","37","992","114","5","1","2","1","F11111","11AAA1111A1AA1",,,"3",,,,,,,,,,,,"4",
"TBWUK51","2016-09-09T12:00:00","21.60","122.20",,,"1","4","0","0","1","4",,"1","0","220","3","57",,"98","2","0","10104","2","13","0","290","0","269",,"261","3","293","2","1","1","4","0","7",,"1","2","17","5","4","226","12","992","114","5","1","2","1","111111","11111111111111",,,"1","0",,,,,,,,,,,"4",
"WGEB","2016-09-09T12:00:00","20.50","124.10",,,"1","4","0","0",,,,"1",,,"3",,,"98",,,,,,,,,,,,,,"3",,,"2",,,,,,,,,"226","4","992","114","5","1","2","1","FFFFFF","171AAAAAAA1AAA",,,"1",,,,,,,,,,,,"4",
"3200560","2016-09-09T12:10:00","21.01","124.09",,,"1","4","2","5",,,,"11",,,,,,,,,,,,"8",,,,,,"9","297",,,,,,,,,,,,,"226","14","798","172","7","0",,"1","1FFFFF","1AAAAAAAA1AAAA","4",,,,,,,,,,,,,,,
"5100523","2016-09-09T12:10:00","23.25","125.85",,,"1","4","2","5",,,,"11",,,,,,,,,,,,"8",,,,,,"9","299",,,,,,,,,,,,,"226","35","798","172","7","0",,"1","1FFFFF","1AAAAAAAA1AAAA","4",,,,,,,,,,,,,,,
"3200623","2016-09-09T12:11:00","25.06","129.76",,,"1","4","2","5",,,,"11",,,,,,,,,,,,"8",,,,,,"9","292",,,,,,,,,,,,,"226","59","798","172","7","0",,"1","1FFFFF","1AAAAAAAA1AAAA","4",,,,,,,,,,,,,,,
"3200623","2016-09-09T12:12:00","25.07","129.76",,,"1","4","2","5",,,,"11",,,,,,,,,,,,"8",,,,,,"9","292",,,,,,,,,,,,,"226","59","798","172","7","1","2","1","1FFFFF","1AAAAAAAA1AAAA","4",,,,,,,,,,,,,,,
"3200623","2016-09-09T12:15:00","25.06","129.76",,,"1","4","2","5",,,,"11",,,,,,,,,,,,"8",,,,,,"9","292",,,,,,,,,,,,,"226","59","798","172","7","1","2","1","1FFFFF","1AAAAAAAA1AAAA","4",,,,,,,,,,,,,,,
"5100523","2016-09-09T12:45:00","23.27","125.86",,,"1","4","2","5",,,,"11",,,,,,,,,,,,"8",,,,,,"9","299",,,,,,,,,,,,,"226","35","798","172","7","1","2","1","1FFFFF","1AAAAAAAA1AAAA","4",,,,,,,,,,,,,,,
"3200560","2016-09-09T13:00:00","21.01","124.09",,,"1","4","2","5",,,,"11",,,,,,,,,,,,"8",,,,,,"9","298",,,,,,,,,,,,,"226","14","798","172","7","1","2","1","1FFFFF","1AAAAAAAA1AAAA","4",,,,,,,,,,,,,,,
"5100523","2016-09-09T13:00:00","23.27","125.86",,,"1","4","2","5",,,,"11",,,,,,,,,,,,"8",,,,,,"9","299",,,,,,,,,,,,,"226","35","798","172","7","1","2","1","1FFFFF","1AAAAAAAA1AAAA","4",,,,,,,,,,,,,,,
"3200560","2016-09-09T13:06:00","21.01","124.09",,,"1","4","2","5",,,,"11",,,,,,,,,,,,"8",,,,,,"9","298",,,,,,,,,,,,,"226","14","798","172","7","0",,"1","1FFFFF","1AAAAAAAA1AAAA","4",,,,,,,,,,,,,,,
"3200623","2016-09-09T13:06:00","25.05","129.77",,,"1","4","2","5",,,,"11",,,,,,,,,,,,"8",,,,,,"9","292",,,,,,,,,,,,,"226","59","798","172","7","1","2","1","1FFFFF","1AAAAAAAA1AAAA","4",,,,,,,,,,,,,,,
"3200623","2016-09-09T13:08:00","25.05","129.77",,,"1","4","2","5",,,,"11",,,,,,,,,,,,"8",,,,,,"9","292",,,,,,,,,,,,,"226","59","798","172","7","1","2","1","1FFFFF","1AAAAAAAA1AAAA","4",,,,,,,,,,,,,,,
"5100523","2016-09-09T13:08:00","23.27","125.86",,,"1","4","2","5",,,,"11",,,,,,,,,,,,"8",,,,,,"9","299",,,,,,,,,,,,,"226","35","798","172","7","0",,"1","1FFFFF","1AAAAAAAA1AAAA","4",,,,,,,,,,,,,,,
"5100523","2016-09-09T13:45:00","23.26","125.86",,,"1","4","2","5",,,,"11",,,,,,,,,,,,"8",,,,,,"9","299",,,,,,,,,,,,,"226","35","798","172","7","1","2","1","1FFFFF","1AAAAAAAA1AAAA","4",,,,,,,,,,,,,,,
"5100523","2016-09-09T13:50:00","23.26","125.86",,,"1","4","2","5",,,,"11",,,,,,,,,,,,"8",,,,,,"9","299",,,,,,,,,,,,,"226","35","798","172","7","0",,"1","1FFFFF","1AAAAAAAA1AAAA","4",,,,,,,,,,,,,,,
"3200560","2016-09-09T13:51:00","21.00","124.13",,,"1","4","2","5",,,,"11",,,,,,,,,,,,"8",,,,,,"9","298",,,,,,,,,,,,,"226","14","798","172","7","1","2","1","1FFFFF","1AAAAAAAA1AAAA","4",,,,,,,,,,,,,,,
"3200623","2016-09-09T13:53:00","25.05","129.77",,,"1","4","2","5",,,,"11",,,,,,,,,,,,"8",,,,,,"9","291",,,,,,,,,,,,,"226","59","798","172","7","1","2","1","1FFFFF","1AAAAAAAA1AAAA","4",,,,,,,,,,,,,,,
"3200560","2016-09-09T14:00:00","21.00","124.13",,,"1","4","2","5",,,,"11",,,,,,,,,,,,"8",,,,,,"9","297",,,,,,,,,,,,,"226","14","798","172","7","1","2","1","1FFFFF","1AAAAAAAA1AAAA","4",,,,,,,,,,,,,,,
"3200560","2016-09-09T15:00:00","21.00","124.13",,,"1","4","2","5",,,,"11",,,,,,,,,,,,"8",,,,,,"9","297",,,,,,,,,,,,,"226","14","798","172","7","1","2","1","1FFFFF","1AAAAAAAA1AAAA","4",,,,,,,,,,,,,,,
"3200560","2016-09-09T16:00:00","21.00","124.13",,,"1","4","2","5",,,,"11",,,,,,,,,,,,"8",,,,,,"9","298",,,,,,,,,,,,,"226","14","798","172","7","1","2","1","1FFFFF","1AAAAAAAA1AAAA","4",,,,,,,,,,,,,,,
"3200560","2016-09-09T17:00:00","20.97","124.21",,,"1","4","2","5",,,,"11",,,,,,,,,,,,"8",,,,,,"9","298",,,,,,,,,,,,,"226","4","798","172","7","1","2","1","1FFFFF","1AAAAAAAA1AAAA","4",,,,,,,,,,,,,,,
"5100523","2016-09-09T17:00:00","23.26","125.86",,,"1","4","2","5",,,,"11",,,,,,,,,,,,"8",,,,,,"9","299",,,,,,,,,,,,,"226","35","798","172","7","0",,"1","1FFFFF","1AAAAAAAA1AAAA","4",,,,,,,,,,,,,,,
"5100523","2016-09-09T17:15:00","23.26","125.86",,,"1","4","2","5",,,,"11",,,,,,,,,,,,"8",,,,,,"9","299",,,,,,,,,,,,,"226","35","798","172","7","0",,"1","1FFFFF","1AAAAAAAA1AAAA","4",,,,,,,,,,,,,,,
"3200623","2016-09-09T17:16:00","25.01","129.77",,,"1","4","2","5",,,,"11",,,,,,,,,,,,"8",,,,,,"9","292",,,,,,,,,,,,,"226","59","798","172","7","0",,"1","1FFFFF","1AAAAAAAA1AAAA","4",,,,,,,,,,,,,,,
"3200623","2016-09-09T17:18:00","25.01","129.77",,,"1","4","2","5",,,,"11",,,,,,,,,,,,"8",,,,,,"9","292",,,,,,,,,,,,,"226","59","798","172","7","0",,"1","1FFFFF","1AAAAAAAA1AAAA","4",,,,,,,,,,,,,,,
"3200623","2016-09-09T17:22:00","25.01","129.77",,,"1","4","2","5",,,,"11",,,,,,,,,,,,"8",,,,,,"9","292",,,,,,,,,,,,,"226","59","798","172","7","0",,"1","1FFFFF","1AAAAAAAA1AAAA","4",,,,,,,,,,,,,,,
"3200560","2016-09-09T18:00:00","20.97","124.21",,,"1","4","2","5",,,,"11",,,,,,,,,,,,"8",,,,,,"9","298",,,,,,,,,,,,,"226","4","798","172","7","1","2","1","1FFFFF","1AAAAAAAA1AAAA","4",,,,,,,,,,,,,,,
"C6LG6","2016-09-09T18:00:00","24.70","122.00",,,"1","4","0","0","4","2","1","1","0","290","1","30",,"97","61","6","10070","6","15","0","245","0","235",,"230",,,"7","7","7","2","A","A",,"2","1","0",,,"226","42","992","114","5","1","2","1","F11111","111111111A1131",,,"1","2","0",,,,,,,,,,"4",
"WZZF","2016-09-09T18:00:00","24.00","125.50",,,"1","4","0","0","1","4",,"1","0","230","3","46",,"98","2","0","10080","7","10","0","270","0","250",,"243","1","320","2","2","4","5","A","A",,,,,,,"226","45","992","114","5","1","2","1","511111","11111111111AA1",,,"1","0",,,,,,,,,,,"4",
"5100523","2016-09-09T18:45:00","23.28","125.90",,,"1","4","2","5",,,,"11",,,,,,,,,,,,"8",,,,,,"9","299",,,,,,,,,,,,,"226","35","798","172","7","1","2","1","1FFFFF","1AAAAAAAA1AAAA","4",,,,,,,,,,,,,,,
"3200623","2016-09-09T18:57:00","25.00","129.77",,,"1","4","2","5",,,,"11",,,,,,,,,,,,"8",,,,,,"9","292",,,,,,,,,,,,,"226","59","798","172","7","0",,"1","1FFFFF","1AAAAAAAA1AAAA","4",,,,,,,,,,,,,,,
"5100523","2016-09-09T18:57:00","23.28","125.90",,,"1","4","2","5",,,,"11",,,,,,,,,,,,"8",,,,,,"9","299",,,,,,,,,,,,,"226","35","798","172","7","0",,"1","1FFFFF","1AAAAAAAA1AAAA","4",,,,,,,,,,,,,,,
"3200560","2016-09-09T18:58:00","20.97","124.21",,,"1","4","2","5",,,,"11",,,,,,,,,,,,"8",,,,,,"9","298",,,,,,,,,,,,,"226","4","798","172","7","1","2","1","1FFFFF","1AAAAAAAA1AAAA","4",,,,,,,,,,,,,,,
"3200623","2016-09-09T18:58:00","25.00","129.77",,,"1","4","2","5",,,,"11",,,,,,,,,,,,"8",,,,,,"9","292",,,,,,,,,,,,,"226","59","798","172","7","1","2","1","1FFFFF","1AAAAAAAA1AAAA","4",,,,,,,,,,,,,,,
"3200560","2016-09-09T19:00:00","20.97","124.21",,,"1","4","2","5",,,,"11",,,,,,,,,,,,"8",,,,,,"9","298",,,,,,,,,,,,,"226","4","798","172","7","1","2","1","1FFFFF","1AAAAAAAA1AAAA","4",,,,,,,,,,,,,,,
"5100523","2016-09-09T19:00:00","23.28","125.90",,,"1","4","2","5",,,,"11",,,,,,,,,,,,"8",,,,,,"9","299",,,,,,,,,,,,,"226","35","798","172","7","1","2","1","1FFFFF","1AAAAAAAA1AAAA","4",,,,,,,,,,,,,,,
"3200560","2016-09-09T20:00:00","20.96","124.23",,,"1","4","2","5",,,,"11",,,,,,,,,,,,"8",,,,,,"9","297",,,,,,,,,,,,,"226","4","798","172","7","0",,"1","1FFFFF","1AAAAAAAA1AAAA","4",,,,,,,,,,,,,,,
"5100523","2016-09-09T20:15:00","23.27","125.91",,,"1","4","2","5",,,,"11",,,,,,,,,,,,"8",,,,,,"9","299",,,,,,,,,,,,,"226","35","798","172","7","0",,"1","1FFFFF","1AAAAAAAA1AAAA","4",,,,,,,,,,,,,,,
"3200560","2016-09-09T20:20:00","20.96","124.23",,,"1","4","2","5",,,,"11",,,,,,,,,,,,"8",,,,,,"9","297",,,,,,,,,,,,,"226","4","798","172","7","1","2","1","1FFFFF","1AAAAAAAA1AAAA","4",,,,,,,,,,,,,,,
"3200623","2016-09-09T20:21:00","24.98","129.78",,,"1","4","2","5",,,,"11",,,,,,,,,,,,"8",,,,,,"9","291",,,,,,,,,,,,,"226","49","798","172","7","1","2","1","1FFFFF","1AAAAAAAA1AAAA","4",,,,,,,,,,,,,,,
"5100523","2016-09-09T20:21:00","23.27","125.91",,,"1","4","2","5",,,,"11",,,,,,,,,,,,"8",,,,,,"9","299",,,,,,,,,,,,,"226","35","798","172","7","0",,"1","1FFFFF","1AAAAAAAA1AAAA","4",,,,,,,,,,,,,,,
"3200623","2016-09-09T20:23:00","24.98","129.78",,,"1","4","2","5",,,,"11",,,,,,,,,,,,"8",,,,,,"9","291",,,,,,,,,,,,,"226","49","798","172","7","0",,"1","1FFFFF","1AAAAAAAA1AAAA","4",,,,,,,,,,,,,,,
"3200560","2016-09-09T21:00:00","20.96","124.23",,,"1","4","2","5",,,,"11",,,,,,,,,,,,"8",,,,,,"9","297",,,,,,,,,,,,,"226","4","798","172","7","0",,"1","1FFFFF","1AAAAAAAA1AAAA","4",,,,,,,,,,,,,,,
"5100523","2016-09-09T21:00:00","23.27","125.91",,,"1","4","2","5",,,,"11",,,,,,,,,,,,"8",,,,,,"9","299",,,,,,,,,,,,,"226","35","798","172","7","0",,"1","1FFFFF","1AAAAAAAA1AAAA","4",,,,,,,,,,,,,,,
"3200623","2016-09-09T21:14:00","24.97","129.78",,,"1","4","2","5",,,,"11",,,,,,,,,,,,"8",,,,,,"9","291",,,,,,,,,,,,,"226","49","798","172","7","1","2","1","1FFFFF","1AAAAAAAA1AAAA","4",,,,,,,,,,,,,,,
"5100523","2016-09-09T21:15:00","23.27","125.91",,,"1","4","2","5",,,,"11",,,,,,,,,,,,"8",,,,,,"9","299",,,,,,,,,,,,,"226","35","798","172","7","0",,"1","1FFFFF","1AAAAAAAA1AAAA","4",,,,,,,,,,,,,,,
"3200623","2016-09-09T21:23:00","24.97","129.78",,,"1","4","2","5",,,,"11",,,,,,,,,,,,"8",,,,,,"9","291",,,,,,,,,,,,,"226","49","798","172","7","1","2","2","1FFFFF","1AAAAAAAA1AAAA","4",,,,,,,,,,,,,,,
"3200623","2016-09-09T21:27:00","24.97","129.78",,,"1","4","2","5",,,,"11",,,,,,,,,,,,"8",,,,,,"9","291",,,,,,,,,,,,,"226","49","798","172","7","0",,"2","1FFFFF","1AAAAAAAA1AAAA","4",,,,,,,,,,,,,,,
"3200623","2016-09-09T21:29:00","24.97","129.78",,,"1","4","2","5",,,,"11",,,,,,,,,,,,"8",,,,,,"9","291",,,,,,,,,,,,,"226","49","798","172","7","1","2","2","1FFFFF","1AAAAAAAA1AAAA","4",,,,,,,,,,,,,,,
"5100523","2016-09-09T21:29:00","23.26","125.90",,,"1","4","2","5",,,,"11",,,,,,,,,,,,"8",,,,,,"9","299",,,,,,,,,,,,,"226","35","798","172","7","0",,"1","1FFFFF","1AAAAAAAA1AAAA","4",,,,,,,,,,,,,,,
"5100523","2016-09-09T21:30:00","23.26","125.90",,,"1","4","2","5",,,,"11",,,,,,,,,,,,"8",,,,,,"9","299",,,,,,,,,,,,,"226","35","798","172","7","1","2","1","1FFFFF","1AAAAAAAA1AAAA","4",,,,,,,,,,,,,,,
"5100523","2016-09-09T21:45:00","23.26","125.90",,,"1","4","2","5",,,,"11",,,,,,,,,,,,"8",,,,,,"9","299",,,,,,,,,,,,,"226","35","798","172","7","1","2","2","1FFFFF","1AAAAAAAA1AAAA","4",,,,,,,,,,,,,,,
"3200560","2016-09-09T21:59:00","20.95","124.23",,,"1","4","2","5",,,,"11",,,,,,,,,,,,"8",,,,,,"9","296",,,,,,,,,,,,,"226","4","798","172","7","0",,"2","1FFFFF","1AAAAAAAA1AAAA","4",,,,,,,,,,,,,,,
"3200560","2016-09-09T22:00:00","20.95","124.23",,,"1","4","2","5",,,,"11",,,,,,,,,,,,"8",,,,,,"9","296",,,,,,,,,,,,,"226","4","798","172","7","1","2","2","1FFFFF","1AAAAAAAA1AAAA","4",,,,,,,,,,,,,,,
"5100523","2016-09-09T22:00:00","23.26","125.90",,,"1","4","2","5",,,,"11",,,,,,,,,,,,"8",,,,,,"9","299",,,,,,,,,,,,,"226","35","798","172","7","1","2","2","1FFFFF","1AAAAAAAA1AAAA","4",,,,,,,,,,,,,,,
"V7UT7","2016-09-09T22:00:00","24.40","123.30",,,"1","4","0","0","5","2",,"1","0","230","4","67",,"97",,"2","10070","4",,"3","290","0","270",,"260",,,"3","2","2","3","7","2",,"5","1","23","5","1","226","43","992","114","5","1","2","2","F11111","111A11111A1117",,,"1","1","22","5","1",,,,,,,,"4",
"3200623","2016-09-09T22:01:00","24.96","129.78",,,"1","4","2","5",,,,"11",,,,,,,,,,,,"8",,,,,,"9","291",,,,,,,,,,,,,"226","49","798","172","7","0",,"2","1FFFFF","1AAAAAAAA1AAAA","4",,,,,,,,,,,,,,,
"5100523","2016-09-09T22:01:00","23.26","125.90",,,"1","4","2","5",,,,"11",,,,,,,,,,,,"8",,,,,,"9","299",,,,,,,,,,,,,"226","35","798","172","7","0",,"2","1FFFFF","1AAAAAAAA1AAAA","4",,,,,,,,,,,,,,,
"3200623","2016-09-09T22:04:00","24.96","129.78",,,"1","4","2","5",,,,"11",,,,,,,,,,,,"8",,,,,,"9","291",,,,,,,,,,,,,"226","49","798","172","7","1","2","2","1FFFFF","1AAAAAAAA1AAAA","4",,,,,,,,,,,,,,,
"5100523","2016-09-09T22:45:00","23.25","125.90",,,"1","4","2","5",,,,"11",,,,,,,,,,,,"8",,,,,,"9","299",,,,,,,,,,,,,"226","35","798","172","7","1","2","2","1FFFFF","1AAAAAAAA1AAAA","4",,,,,,,,,,,,,,,
"3200623","2016-09-09T22:57:00","24.96","129.79",,,"1","4","2","5",,,,"11",,,,,,,,,,,,"8",,,,,,"9","290",,,,,,,,,,,,,"226","49","798","172","7","0",,"2","1FFFFF","1AAAAAAAA1AAAA","4",,,,,,,,,,,,,,,
"3200623","2016-09-09T22:58:00","24.96","129.79",,,"1","4","2","5",,,,"11",,,,,,,,,,,,"8",,,,,,"9","290",,,,,,,,,,,,,"226","49","798","172","7","1","2","2","1FFFFF","1AAAAAAAA1AAAA","4",,,,,,,,,,,,,,,
"5100523","2016-09-09T22:58:00","23.25","125.90",,,"1","4","2","5",,,,"11",,,,,,,,,,,,"8",,,,,,"9","299",,,,,,,,,,,,,"226","35","798","172","7","0",,"2","1FFFFF","1AAAAAAAA1AAAA","4",,,,,,,,,,,,,,,
"3200560","2016-09-09T23:00:00","20.95","124.24",,,"1","4","2","5",,,,"11",,,,,,,,,,,,"8",,,,,,"9","296",,,,,,,,,,,,,"226","4","798","172","7","1","2","2","1FFFFF","1AAAAAAAA1AAAA","4",,,,,,,,,,,,,,,
"5100523","2016-09-09T23:00:00","23.25","125.90",,,"1","4","2","5",,,,"11",,,,,,,,,,,,"8",,,,,,"9","299",,,,,,,,,,,,,"226","35","798","172","7","1","2","2","1FFFFF","1AAAAAAAA1AAAA","4",,,,,,,,,,,,,,,
"9V2735","2016-09-09T23:00:00","22.80","129.60",,,"1","4","0","0","0","0",,"1","0","220","4","67",,"97",,"1","10130","2","10","3","300","0","280",,"270","1","300","4","4","2","8","8","8",,,,"22","6","2","226","29","992","114","5","1","2","2","111111","111A1111111A11",,,"1","1","22","6","2",,,,,,,,"4",
"3200623","2016-09-09T23:07:00","24.95","129.79",,,"1","4","2","5",,,,"11",,,,,,,,,,,,"8",,,,,,"9","290",,,,,,,,,,,,,"226","49","798","172","7","1","2","2","1FFFFF","1AAAAAAAA1AAAA","4",,,,,,,,,,,,,,,
"5100523","2016-09-09T23:08:00","23.25","125.90",,,"1","4","2","5",,,,"11",,,,,,,,,,,,"8",,,,,,"9","299",,,,,,,,,,,,,"226","35","798","172","7","0",,"2","1FFFFF","1AAAAAAAA1AAAA","4",,,,,,,,,,,,,,,
"3200623","2016-09-09T23:11:00","24.95","129.79",,,"1","4","2","5",,,,"11",,,,,,,,,,,,"8",,,,,,"9","290",,,,,,,,,,,,,"226","49","798","172","7","1","2","2","1FFFFF","1AAAAAAAA1AAAA","4",,,,,,,,,,,,,,,
"5100523","2016-09-09T23:15:00","23.25","125.90",,,"1","4","2","5",,,,"11",,,,,,,,,,,,"8",,,,,,"9","299",,,,,,,,,,,,,"226","35","798","172","7","1","2","2","1FFFFF","1AAAAAAAA1AAAA","4",,,,,,,,,,,,,,,
"5100523","2016-09-09T23:45:00","23.25","125.90",,,"1","4","2","5",,,,"11",,,,,,,,,,,,"8",,,,,,"9","299",,,,,,,,,,,,,"226","35","798","172","7","0",,"2","1FFFFF","1AAAAAAAA1AAAA","4",,,,,,,,,,,,,,,
"3200560","2016-09-10T00:00:00","20.95","124.25",,,"1","4","2","5",,,,"11",,,,,,,,,,,,"8",,,,,,"9","296",,,,,,,,,,,,,"226","4","798","172","7","1","2","2","1FFFFF","1AAAAAAAA1AAAA","4",,,,,,,,,,,,,,,
"TBWUK51","2016-09-10T00:00:00","24.70","123.50",,,"1","4","0","0","1","4",,"1","0","220","3","41",,"98","2","2","10091","2","8","0","284","0","258",,"247","3","296","6","3","7","2","7","0",,"1","1","38","4","4","226","43","992","114","5","1","2","2","111111","11111111111111",,,"1","2",,,,,,,,,,,"4",
"5100523","2016-09-10T00:30:00","23.26","125.89",,,"1","4","2","5",,,,"11",,,,,,,,,,,,"8",,,,,,"9","299",,,,,,,,,,,,,"226","35","798","172","7","1","2","2","1FFFFF","1AAAAAAAA1AAAA","4",,,,,,,,,,,,,,,
"3200623","2016-09-10T00:35:00","24.93","129.78",,,"1","4","2","5",,,,"11",,,,,,,,,,,,"8",,,,,,"9","290",,,,,,,,,,,,,"226","49","798","172","7","0",,"2","1FFFFF","1AAAAAAAA1AAAA","4",,,,,,,,,,,,,,,
"5100523","2016-09-10T00:35:00","23.26","125.89",,,"1","4","2","5",,,,"11",,,,,,,,,,,,"8",,,,,,"9","300",,,,,,,,,,,,,"226","35","798","172","7","1","2","2","1FFFFF","1AAAAAAAA1AAAA","4",,,,,,,,,,,,,,,
"3200560","2016-09-10T00:36:00","20.95","124.25",,,"1","4","2","5",,,,"11",,,,,,,,,,,,"8",,,,,,"9","298",,,,,,,,,,,,,"226","4","798","172","7","1","2","2","1FFFFF","1AAAAAAAA1AAAA","4",,,,,,,,,,,,,,,
"3200623","2016-09-10T00:37:00","24.93","129.78",,,"1","4","2","5",,,,"11",,,,,,,,,,,,"8",,,,,,"9","290",,,,,,,,,,,,,"226","49","798","172","7","1","2","2","1FFFFF","1AAAAAAAA1AAAA","4",,,,,,,,,,,,,,,
"3200623","2016-09-10T00:40:00","24.93","129.78",,,"1","4","2","5",,,,"11",,,,,,,,,,,,"8",,,,,,"9","290",,,,,,,,,,,,,"226","49","798","172","7","0",,"2","1FFFFF","1AAAAAAAA1AAAA","4",,,,,,,,,,,,,,,
"3200560","2016-09-10T01:00:00","20.95","124.25",,,"1","4","2","5",,,,"11",,,,,,,,,,,,"8",,,,,,"9","297",,,,,,,,,,,,,"226","4","798","172","7","1","2","2","1FFFFF","1AAAAAAAA1AAAA","4",,,,,,,,,,,,,,,
"5100523","2016-09-10T01:15:00","23.26","125.89",,,"1","4","2","5",,,,"11",,,,,,,,,,,,"8",,,,,,"9","300",,,,,,,,,,,,,"226","35","798","172","7","1","2","2","1FFFFF","1AAAAAAAA1AAAA","4",,,,,,,,,,,,,,,
"3200623","2016-09-10T01:25:00","24.93","129.78",,,"1","4","2","5",,,,"11",,,,,,,,,,,,"8",,,,,,"9","290",,,,,,,,,,,,,"226","49","798","172","7","1","2","2","1FFFFF","1AAAAAAAA1AAAA","4",,,,,,,,,,,,,,,
"3200623","2016-09-10T01:26:00","24.92","129.79",,,"1","4","2","5",,,,"11",,,,,,,,,,,,"8",,,,,,"9","290",,,,,,,,,,,,,"226","49","798","172","7","0",,"2","1FFFFF","1AAAAAAAA1AAAA","4",,,,,,,,,,,,,,,
"5100523","2016-09-10T01:30:00","23.26","125.89",,,"1","4","2","5",,,,"11",,,,,,,,,,,,"8",,,,,,"9","300",,,,,,,,,,,,,"226","35","798","172","7","1","2","2","1FFFFF","1AAAAAAAA1AAAA","4",,,,,,,,,,,,,,,
"3200623","2016-09-10T01:34:00","24.92","129.79",,,"1","4","2","5",,,,"11",,,,,,,,,,,,"8",,,,,,"9","290",,,,,,,,,,,,,"226","49","798","172","7","1","2","2","1FFFFF","1AAAAAAAA1AAAA","4",,,,,,,,,,,,,,,
"3200560","2016-09-10T02:00:00","20.95","124.25",,,"1","4","2","5",,,,"11",,,,,,,,,,,,"8",,,,,,"9","298",,,,,,,,,,,,,"226","4","798","172","7","1","2","2","1FFFFF","1AAAAAAAA1AAAA","4",,,,,,,,,,,,,,,
"5100523","2016-09-10T02:00:00","23.26","125.89",,,"1","4","2","5",,,,"11",,,,,,,,,,,,"8",,,,,,"9","300",,,,,,,,,,,,,"226","35","798","172","7","1","2","2","1FFFFF","1AAAAAAAA1AAAA","4",,,,,,,,,,,,,,,
"TBWUK53","2016-09-10T02:00:00","24.10","123.20",,,"1","4","0","0","4","4",,"1","0","260","4","62",,"98","2","8","10093","1","9","0","290","0","265",,"255","3","293","7","3","1","4","1","2",,"7","2","27","6","1","226","43","992","114","5","1","2","2","111111","11111111111111",,,"1","4",,,,,,,,,,,"4",
"V7UT7","2016-09-10T02:00:00","23.80","123.10",,,"1","4","0","0","5","2",,"1","0","240","4","21",,,,,"10090","1","20","3","320","0","250",,"220",,,,,,"A",,,,,,,,,"226","33","992","114","5","1","2","2","F11112","11AAA1111A8AA1",,,"1",,,,,,,,,,,,"4",
"3200560","2016-09-10T02:15:00","20.93","124.28",,,"1","4","2","5",,,,"11",,,,,,,,,,,,"8",,,,,,"9","304",,,,,,,,,,,,,"226","4","798","172","7","1","2","2","1FFFFF","1AAAAAAAA1AAAA","4",,,,,,,,,,,,,,,
"5100523","2016-09-10T02:15:00","23.26","125.89",,,"1","4","2","5",,,,"11",,,,,,,,,,,,"8",,,,,,"9","300",,,,,,,,,,,,,"226","35","798","172","7","1","2","2","1FFFFF","1AAAAAAAA1AAAA","4",,,,,,,,,,,,,,,
"3200623","2016-09-10T02:16:00","24.92","129.78",,,"1","4","2","5",,,,"11",,,,,,,,,,,,"8",,,,,,"9","290",,,,,,,,,,,,,"226","49","798","172","7","0",,"2","1FFFFF","1AAAAAAAA1AAAA","4",,,,,,,,,,,,,,,
"3200623","2016-09-10T02:20:00","24.92","129.78",,,"1","4","2","5",,,,"11",,,,,,,,,,,,"8",,,,,,"9","290",,,,,,,,,,,,,"226","49","798","172","7","1","2","2","1FFFFF","1AAAAAAAA1AAAA","4",,,,,,,,,,,,,,,
"3200560","2016-09-10T03:00:00","20.93","124.28",,,"1","4","2","5",,,,"11",,,,,,,,,,,,"8",,,,,,"9","299",,,,,,,,,,,,,"226","4","798","172","7","1","2","2","1FFFFF","1AAAAAAAA1AAAA","4",,,,,,,,,,,,,,,
"3200560","2016-09-10T04:00:00","20.93","124.28",,,"1","4","2","5",,,,"11",,,,,,,,,,,,"8",,,,,,"9","302",,,,,,,,,,,,,"226","4","798","172","7","1","2","2","1FFFFF","1AAAAAAAA1AAAA","4",,,,,,,,,,,,,,,
"WCD7879","2016-09-10T04:00:00","29.80","122.30",,,"1","4","0","0",,,,"1","0","90","3","62",,,"2",,"10100",,,"0","289",,,,,"3","300","0",,,"A",,,,,"1",,,"1","226","92","992","114","5","1","2","2","11111F","11A1A11AA1137A",,,"1",,,,,,,,,,,,"4",
"5100523","2016-09-10T04:30:00","23.26","125.85",,,"1","4","2","5",,,,"11",,,,,,,,,,,,"8",,,,,,"9","301",,,,,,,,,,,,,"226","35","798","172","7","1","2","2","1FFFFF","1AAAAAAAA1AAAA","4",,,,,,,,,,,,,,,
"3200623","2016-09-10T04:33:00","24.89","129.77",,,"1","4","2","5",,,,"11",,,,,,,,,,,,"8",,,,,,"9","290",,,,,,,,,,,,,"226","49","798","172","7","0",,"2","1FFFFF","1AAAAAAAA1AAAA","4",,,,,,,,,,,,,,,
"3200623","2016-09-10T04:35:00","24.89","129.77",,,"1","4","2","5",,,,"11",,,,,,,,,,,,"8",,,,,,"9","290",,,,,,,,,,,,,"226","49","798","172","7","1","2","2","1FFFFF","1AAAAAAAA1AAAA","4",,,,,,,,,,,,,,,
"5100523","2016-09-10T04:35:00","23.26","125.85",,,"1","4","2","5",,,,"11",,,,,,,,,,,,"8",,,,,,"9","301",,,,,,,,,,,,,"226","35","798","172","7","1","2","2","1FFFFF","1AAAAAAAA1AAAA","4",,,,,,,,,,,,,,,
"3200560","2016-09-10T05:00:00","20.93","124.28",,,"1","4","2","5",,,,"11",,,,,,,,,,,,"8",,,,,,"9","304",,,,,,,,,,,,,"226","4","798","172","7","1","2","2","1FFFFF","1AAAAAAAA1AAAA","4",,,,,,,,,,,,,,,
"3200560","2016-09-10T06:00:00","20.93","124.28",,,"1","4","2","5",,,,"11",,,,,,,,,,,,"8",,,,,,"9","303",,,,,,,,,,,,,"226","4","798","172","7","1","2","2","1FFFFF","1AAAAAAAA1AAAA","4",,,,,,,,,,,,,,,
"5100523","2016-09-10T06:00:00","23.26","125.85",,,"1","4","2","5",,,,"11",,,,,,,,,,,,"8",,,,,,"9","301",,,,,,,,,,,,,"226","35","798","172","7","1","2","2","1FFFFF","1AAAAAAAA1AAAA","4",,,,,,,,,,,,,,,
"C6DM2","2016-09-10T06:00:00","25.40","121.60",,,"1","4","0","0","2","3",,"1","0","50","4","51",,"97",,"2","10100","5","20","0","280","0","260",,"253","3","290","8","7","2","2","9","A",,"2","1","8","6","1","226","51","992","114","5","1","2","2","111111","111A1111111111",,,"1","1","8","6","1",,,,,,,,"4",
"TBWUK53","2016-09-10T06:00:00","22.90","122.80",,,"1","4","0","0","4","4",,"1","0","250","4","82",,"99","1","8","10081","8","10","0","300","0","263",,"248","3","296","3","2","2","5","6","0",,"3","1","0",,,"226","22","992","114","5","1","2","2","111111","11111111111131",,,"1","1","0",,,,,,,,,,"4",
"5100523","2016-09-10T06:11:00","23.27","125.85",,,"1","4","2","5",,,,"11",,,,,,,,,,,,"8",,,,,,"9","301",,,,,,,,,,,,,"226","35","798","172","7","0",,"2","1FFFFF","1AAAAAAAA1AAAA","4",,,,,,,,,,,,,,,
"3200623","2016-09-10T06:14:00","24.89","129.76",,,"1","4","2","5",,,,"11",,,,,,,,,,,,"8",,,,,,"9","290",,,,,,,,,,,,,"226","49","798","172","7","0",,"2","1FFFFF","1AAAAAAAA1AAAA","4",,,,,,,,,,,,,,,
"5100523","2016-09-10T06:15:00","23.27","125.85",,,"1","4","2","5",,,,"11",,,,,,,,,,,,"8",,,,,,"9","301",,,,,,,,,,,,,"226","35","798","172","7","1","2","2","1FFFFF","1AAAAAAAA1AAAA","4",,,,,,,,,,,,,,,
"3200623","2016-09-10T06:16:00","24.89","129.76",,,"1","4","2","5",,,,"11",,,,,,,,,,,,"8",,,,,,"9","290",,,,,,,,,,,,,"226","49","798","172","7","1","2","2","1FFFFF","1AAAAAAAA1AAAA","4",,,,,,,,,,,,,,,
"3200623","2016-09-10T06:19:00","24.89","129.76",,,"1","4","2","5",,,,"11",,,,,,,,,,,,"8",,,,,,"9","290",,,,,,,,,,,,,"226","49","798","172","7","1","2","2","1FFFFF","1AAAAAAAA1AAAA","4",,,,,,,,,,,,,,,
"3200560","2016-09-10T07:00:00","20.90","124.32",,,"1","4","2","5",,,,"11",,,,,,,,,,,,"8",,,,,,"9","303",,,,,,,,,,,,,"226","4","798","172","7","1","2","2","1FFFFF","1AAAAAAAA1AAAA","4",,,,,,,,,,,,,,,
"3200560","2016-09-10T08:00:00","20.90","124.32",,,"1","4","2","5",,,,"11",,,,,,,,,,,,"8",,,,,,"9","304",,,,,,,,,,,,,"226","4","798","172","7","1","2","2","1FFFFF","1AAAAAAAA1AAAA","4",,,,,,,,,,,,,,,
"5100523","2016-09-10T08:15:00","23.29","125.84",,,"1","4","2","5",,,,"11",,,,,,,,,,,,"8",,,,,,"9","301",,,,,,,,,,,,,"226","35","798","172","7","1","2","2","1FFFFF","1AAAAAAAA1AAAA","4",,,,,,,,,,,,,,,
"3200623","2016-09-10T08:24:00","24.87","129.75",,,"1","4","2","5",,,,"11",,,,,,,,,,,,"8",,,,,,"9","290",,,,,,,,,,,,,"226","49","798","172","7","0",,"2","1FFFFF","1AAAAAAAA1AAAA","4",,,,,,,,,,,,,,,
"3200560","2016-09-10T08:28:00","20.90","124.32",,,"1","4","2","5",,,,"11",,,,,,,,,,,,"8",,,,,,"9","304",,,,,,,,,,,,,"226","4","798","172","7","1","2","2","1FFFFF","1AAAAAAAA1AAAA","4",,,,,,,,,,,,,,,
"3200623","2016-09-10T08:29:00","24.87","129.75",,,"1","4","2","5",,,,"11",,,,,,,,,,,,"8",,,,,,"9","290",,,,,,,,,,,,,"226","49","798","172","7","1","2","2","1FFFFF","1AAAAAAAA1AAAA","4",,,,,,,,,,,,,,,
"5100523","2016-09-10T08:29:00","23.29","125.84",,,"1","4","2","5",,,,"11",,,,,,,,,,,,"8",,,,,,"9","301",,,,,,,,,,,,,"226","35","798","172","7","0",,"2","1FFFFF","1AAAAAAAA1AAAA","4",,,,,,,,,,,,,,,
"5100523","2016-09-10T08:30:00","23.29","125.84",,,"1","4","2","5",,,,"11",,,,,,,,,,,,"8",,,,,,"9","301",,,,,,,,,,,,,"226","35","798","172","7","1","2","2","1FFFFF","1AAAAAAAA1AAAA","4",,,,,,,,,,,,,,,
"3200623","2016-09-10T08:33:00","24.87","129.75",,,"1","4","2","5",,,,"11",,,,,,,,,,,,"8",,,,,,"9","290",,,,,,,,,,,,,"226","49","798","172","7","1","2","2","1FFFFF","1AAAAAAAA1AAAA","4",,,,,,,,,,,,,,,
"5100523","2016-09-10T08:40:00","23.28","125.84",,,"1","4","2","5",,,,"11",,,,,,,,,,,,"8",,,,,,"9","301",,,,,,,,,,,,,"226","35","798","172","7","0",,"2","1FFFFF","1AAAAAAAA1AAAA","4",,,,,,,,,,,,,,,
"3200560","2016-09-10T08:42:00","20.90","124.32",,,"1","4","2","5",,,,"11",,,,,,,,,,,,"8",,,,,,"9","304",,,,,,,,,,,,,"226","4","798","172","7","0",,"2","1FFFFF","1AAAAAAAA1AAAA","4",,,,,,,,,,,,,,,
"3200623","2016-09-10T08:42:00","24.87","129.76",,,"1","4","2","5",,,,"11",,,,,,,,,,,,"8",,,,,,"9","290",,,,,,,,,,,,,"226","49","798","172","7","1","2","2","1FFFFF","1AAAAAAAA1AAAA","4",,,,,,,,,,,,,,,
"5100523","2016-09-10T08:43:00","23.28","125.86",,,"1","4","2","5",,,,"11",,,,,,,,,,,,"8",,,,,,"9","301",,,,,,,,,,,,,"226","35","798","172","7","0",,"2","1FFFFF","1AAAAAAAA1AAAA","4",,,,,,,,,,,,,,,
"3200623","2016-09-10T08:45:00","24.87","129.76",,,"1","4","2","5",,,,"11",,,,,,,,,,,,"8",,,,,,"9","290",,,,,,,,,,,,,"226","49","798","172","7","1","2","2","1FFFFF","1AAAAAAAA1AAAA","4",,,,,,,,,,,,,,,
"5100523","2016-09-10T08:45:00","23.28","125.84",,,"1","4","2","5",,,,"11",,,,,,,,,,,,"8",,,,,,"9","301",,,,,,,,,,,,,"226","35","798","172","7","1","2","2","1FFFFF","1AAAAAAAA1AAAA","4",,,,,,,,,,,,,,,
"3200623","2016-09-10T08:47:00","24.87","129.75",,,"1","4","2","5",,,,"11",,,,,,,,,,,,"8",,,,,,"9","290",,,,,,,,,,,,,"226","49","798","172","7","1","2","2","1FFFFF","1AAAAAAAA1AAAA","4",,,,,,,,,,,,,,,
"3200623","2016-09-10T08:51:00","24.87","129.75",,,"1","4","2","5",,,,"11",,,,,,,,,,,,"8",,,,,,"9","290",,,,,,,,,,,,,"226","49","798","172","7","1","2","2","1FFFFF","1AAAAAAAA1AAAA","4",,,,,,,,,,,,,,,
"3200560","2016-09-10T09:00:00","20.90","124.32",,,"1","4","2","5",,,,"11",,,,,,,,,,,,"8",,,,,,"9","304",,,,,,,,,,,,,"226","4","798","172","7","1","2","2","1FFFFF","1AAAAAAAA1AAAA","4",,,,,,,,,,,,,,,
"3200560","2016-09-10T10:00:00","20.91","124.32",,,"1","4","2","5",,,,"11",,,,,,,,,,,,"8",,,,,,"9","303",,,,,,,,,,,,,"226","4","798","172","7","1","2","1","1FFFFF","1AAAAAAAA1AAAA","4",,,,,,,,,,,,,,,
"5100523","2016-09-10T10:00:00","23.28","125.86",,,"1","4","2","5",,,,"11",,,,,,,,,,,,"8",,,,,,"9","301",,,,,,,,,,,,,"226","35","798","172","7","1","2","1","1FFFFF","1AAAAAAAA1AAAA","4",,,,,,,,,,,,,,,
"5100523","2016-09-10T10:04:00","23.30","125.84",,,"1","4","2","5",,,,"11",,,,,,,,,,,,"8",,,,,,"9","300",,,,,,,,,,,,,"226","35","798","172","7","0",,"1","1FFFFF","1AAAAAAAA1AAAA","4",,,,,,,,,,,,,,,
"3200623","2016-09-10T10:10:00","24.86","129.75",,,"1","4","2","5",,,,"11",,,,,,,,,,,,"8",,,,,,"9","290",,,,,,,,,,,,,"226","49","798","172","7","0",,"1","1FFFFF","1AAAAAAAA1AAAA","4",,,,,,,,,,,,,,,
"3200560","2016-09-10T10:11:00","20.91","124.32",,,"1","4","2","5",,,,"11",,,,,,,,,,,,"8",,,,,,"9","303",,,,,,,,,,,,,"226","4","798","172","7","0",,"1","1FFFFF","1AAAAAAAA1AAAA","4",,,,,,,,,,,,,,,
"3200623","2016-09-10T10:11:00","24.86","129.75",,,"1","4","2","5",,,,"11",,,,,,,,,,,,"8",,,,,,"9","290",,,,,,,,,,,,,"226","49","798","172","7","1","2","1","1FFFFF","1AAAAAAAA1AAAA","4",,,,,,,,,,,,,,,
"5100523","2016-09-10T10:15:00","23.30","125.84",,,"1","4","2","5",,,,"11",,,,,,,,,,,,"8",,,,,,"9","300",,,,,,,,,,,,,"226","35","798","172","7","1","2","1","1FFFFF","1AAAAAAAA1AAAA","4",,,,,,,,,,,,,,,
"3200560","2016-09-10T10:22:00","20.91","124.33",,,"1","4","2","5",,,,"11",,,,,,,,,,,,"8",,,,,,"9","301",,,,,,,,,,,,,"226","4","798","172","7","0",,"1","1FFFFF","1AAAAAAAA1AAAA","4",,,,,,,,,,,,,,,
"5100523","2016-09-10T10:22:00","23.30","125.84",,,"1","4","2","5",,,,"11",,,,,,,,,,,,"8",,,,,,"9","300",,,,,,,,,,,,,"226","35","798","172","7","0",,"1","1FFFFF","1AAAAAAAA1AAAA","4",,,,,,,,,,,,,,,
"3200623","2016-09-10T10:24:00","24.86","129.75",,,"1","4","2","5",,,,"11",,,,,,,,,,,,"8",,,,,,"9","290",,,,,,,,,,,,,"226","49","798","172","7","1","2","1","1FFFFF","1AAAAAAAA1AAAA","4",,,,,,,,,,,,,,,
"3200623","2016-09-10T10:26:00","24.86","129.75",,,"1","4","2","5",,,,"11",,,,,,,,,,,,"8",,,,,,"9","290",,,,,,,,,,,,,"226","49","798","172","7","1","2","1","1FFFFF","1AAAAAAAA1AAAA","4",,,,,,,,,,,,,,,
"3200623","2016-09-10T10:29:00","24.86","129.75",,,"1","4","2","5",,,,"11",,,,,,,,,,,,"8",,,,,,"9","290",,,,,,,,,,,,,"226","49","798","172","7","1","2","1","1FFFFF","1AAAAAAAA1AAAA","4",,,,,,,,,,,,,,,
"5100523","2016-09-10T10:30:00","23.30","125.84",,,"1","4","2","5",,,,"11",,,,,,,,,,,,"8",,,,,,"9","300",,,,,,,,,,,,,"226","35","798","172","7","1","2","1","1FFFFF","1AAAAAAAA1AAAA","4",,,,,,,,,,,,,,,
"3200560","2016-09-10T11:00:00","20.91","124.33",,,"1","4","2","5",,,,"11",,,,,,,,,,,,"8",,,,,,"9","301",,,,,,,,,,,,,"226","4","798","172","7","1","2","1","1FFFFF","1AAAAAAAA1AAAA","4",,,,,,,,,,,,,,,
"9V2735","2016-09-10T11:00:00","22.00","126.70",,,"1","4","0","0","5","4",,"1","0","270","4","46",,"97",,"2","10130","4","0","3","300","0","280",,"270","1","300","7","7","1","9","3","8",,,,"27","6","2","226","26","992","114","5","1","2","1","111111","111A1111111A11",,,"1","2","27","6","2",,,,,,,,"4",
"5100523","2016-09-10T11:45:00","23.30","125.84",,,"1","4","2","5",,,,"11",,,,,,,,,,,,"8",,,,,,"9","300",,,,,,,,,,,,,"226","35","798","172","7","1","2","1","1FFFFF","1AAAAAAAA1AAAA","4",,,,,,,,,,,,,,,
"3200560","2016-09-10T11:49:00","20.90","124.36",,,"1","4","2","5",,,,"11",,,,,,,,,,,,"8",,,,,,"9","300",,,,,,,,,,,,,"226","4","798","172","7","0",,"1","1FFFFF","1AAAAAAAA1AAAA","4",,,,,,,,,,,,,,,
"3200623","2016-09-10T11:49:00","24.85","129.75",,,"1","4","2","5",,,,"11",,,,,,,,,,,,"8",,,,,,"9","289",,,,,,,,,,,,,"226","49","798","172","7","0",,"1","1FFFFF","1AAAAAAAA1AAAA","4",,,,,,,,,,,,,,,
"5100523","2016-09-10T11:50:00","23.30","125.84",,,"1","4","2","5",,,,"11",,,,,,,,,,,,"8",,,,,,"9","300",,,,,,,,,,,,,"226","35","798","172","7","0",,"1","1FFFFF","1AAAAAAAA1AAAA","4",,,,,,,,,,,,,,,
"3200623","2016-09-10T11:54:00","24.85","129.75",,,"1","4","2","5",,,,"11",,,,,,,,,,,,"8",,,,,,"9","289",,,,,,,,,,,,,"226","49","798","172","7","1","2","1","1FFFFF","1AAAAAAAA1AAAA","4",,,,,,,,,,,,,,,
"3200560","2016-09-10T12:00:00","20.90","124.36",,,"1","4","2","5",,,,"11",,,,,,,,,,,,"8",,,,,,"9","300",,,,,,,,,,,,,"226","4","798","172","7","1","2","1","1FFFFF","1AAAAAAAA1AAAA","4",,,,,,,,,,,,,,,
"C6DM2","2016-09-10T12:00:00","25.10","123.20",,,"1","4","0","0","2","3",,"1","0","320","4","26",,"97","3","1","10040","6","50","0","270","0","240",,"228","3","300","6","6","4","6","6","2",,"6","1","12","6","1","226","53","992","114","5","1","2","1","111111","11111111111111",,,"1","1","10","4","1",,,,,,,,"4",
"TBWUK51","2016-09-10T12:00:00","27.90","124.40",,,"1","4","0","0","8","4",,"1","0","80","3","93",,"98","2","2","10109","3","19","0","280","0","235",,"213","3","287","7","4","4","4","6","0",,"2","2","38","5","5","226","74","992","114","5","1","2","1","111111","11111111111111",,,"1","2",,,,,,,,,,,"4",
"5100523","2016-09-10T12:30:00","23.31","125.82",,,"1","4","2","5",,,,"11",,,,,,,,,,,,"8",,,,,,"9","300",,,,,,,,,,,,,"226","35","798","172","7","1","2","1","1FFFFF","1AAAAAAAA1AAAA","4",,,,,,,,,,,,,,,
"3200623","2016-09-10T12:40:00","24.84","129.74",,,"1","4","2","5",,,,"11",,,,,,,,,,,,"8",,,,,,"9","289",,,,,,,,,,,,,"226","49","798","172","7","1","2","1","1FFFFF","1AAAAAAAA1AAAA","4",,,,,,,,,,,,,,,
"5100523","2016-09-10T12:40:00","23.31","125.82",,,"1","4","2","5",,,,"11",,,,,,,,,,,,"8",,,,,,"9","300",,,,,,,,,,,,,"226","35","798","172","7","0",,"1","1FFFFF","1AAAAAAAA1AAAA","4",,,,,,,,,,,,,,,
"3200560","2016-09-10T12:41:00","20.92","124.37",,,"1","4","2","5",,,,"11",,,,,,,,,,,,"8",,,,,,"9","300",,,,,,,,,,,,,"226","4","798","172","7","0",,"1","1FFFFF","1AAAAAAAA1AAAA","4",,,,,,,,,,,,,,,
"5100523","2016-09-10T12:45:00","23.31","125.82",,,"1","4","2","5",,,,"11",,,,,,,,,,,,"8",,,,,,"9","300",,,,,,,,,,,,,"226","35","798","172","7","1","2","1","1FFFFF","1AAAAAAAA1AAAA","4",,,,,,,,,,,,,,,
"3200623","2016-09-10T12:46:00","24.84","129.74",,,"1","4","2","5",,,,"11",,,,,,,,,,,,"8",,,,,,"9","289",,,,,,,,,,,,,"226","49","798","172","7","1","2","1","1FFFFF","1AAAAAAAA1AAAA","4",,,,,,,,,,,,,,,
"3200560","2016-09-10T13:00:00","20.92","124.37",,,"1","4","2","5",,,,"11",,,,,,,,,,,,"8",,,,,,"9","300",,,,,,,,,,,,,"226","4","798","172","7","1","2","1","1FFFFF","1AAAAAAAA1AAAA","4",,,,,,,,,,,,,,,
"5100523","2016-09-10T13:15:00","23.32","125.83",,,"1","4","2","5",,,,"11",,,,,,,,,,,,"8",,,,,,"9","300",,,,,,,,,,,,,"226","35","798","172","7","1","2","1","1FFFFF","1AAAAAAAA1AAAA","4",,,,,,,,,,,,,,,
"3200560","2016-09-10T13:28:00","20.91","124.37",,,"1","4","2","5",,,,"11",,,,,,,,,,,,"8",,,,,,"9","301",,,,,,,,,,,,,"226","4","798","172","7","1","2","1","1FFFFF","1AAAAAAAA1AAAA","4",,,,,,,,,,,,,,,
"5100523","2016-09-10T13:30:00","23.32","125.83",,,"1","4","2","5",,,,"11",,,,,,,,,,,,"8",,,,,,"9","300",,,,,,,,,,,,,"226","35","798","172","7","1","2","1","1FFFFF","1AAAAAAAA1AAAA","4",,,,,,,,,,,,,,,
"3200623","2016-09-10T13:31:00","24.83","129.74",,,"1","4","2","5",,,,"11",,,,,,,,,,,,"8",,,,,,"9","289",,,,,,,,,,,,,"226","49","798","172","7","0",,"1","1FFFFF","1AAAAAAAA1AAAA","4",,,,,,,,,,,,,,,
"3200623","2016-09-10T13:34:00","24.83","129.74",,,"1","4","2","5",,,,"11",,,,,,,,,,,,"8",,,,,,"9","289",,,,,,,,,,,,,"226","49","798","172","7","1","2","1","1FFFFF","1AAAAAAAA1AAAA","4",,,,,,,,,,,,,,,
"3200560","2016-09-10T14:00:00","20.91","124.37",,,"1","4","2","5",,,,"11",,,,,,,,,,,,"8",,,,,,"9","301",,,,,,,,,,,,,"226","4","798","172","7","1","2","1","1FFFFF","1AAAAAAAA1AAAA","4",,,,,,,,,,,,,,,
"5100523","2016-09-10T14:15:00","23.32","125.83",,,"1","4","2","5",,,,"11",,,,,,,,,,,,"8",,,,,,"9","300",,,,,,,,,,,,,"226","35","798","172","7","1","2","1","1FFFFF","1AAAAAAAA1AAAA","4",,,,,,,,,,,,,,,
"3200560","2016-09-10T15:00:00","20.91","124.37",,,"1","4","2","5",,,,"11",,,,,,,,,,,,"8",,,,,,"9","299",,,,,,,,,,,,,"226","4","798","172","7","1","2","1","1FFFFF","1AAAAAAAA1AAAA","4",,,,,,,,,,,,,,,
"3200560","2016-09-10T16:00:00","20.91","124.37",,,"1","4","2","5",,,,"11",,,,,,,,,,,,"8",,,,,,"9","299",,,,,,,,,,,,,"226","4","798","172","7","1","2","1","1FFFFF","1AAAAAAAA1AAAA","4",,,,,,,,,,,,,,,
"3200560","2016-09-10T17:00:00","20.88","124.43",,,"1","4","2","5",,,,"11",,,,,,,,,,,,"8",,,,,,"9","300",,,,,,,,,,,,,"226","4","798","172","7","1","2","1","1FFFFF","1AAAAAAAA1AAAA","4",,,,,,,,,,,,,,,
"5100523","2016-09-10T17:00:00","23.32","125.83",,,"1","4","2","5",,,,"11",,,,,,,,,,,,"8",,,,,,"9","300",,,,,,,,,,,,,"226","35","798","172","7","1","2","1","1FFFFF","1AAAAAAAA1AAAA","4",,,,,,,,,,,,,,,
"3200623","2016-09-10T17:06:00","24.80","129.73",,,"1","4","2","5",,,,"11",,,,,,,,,,,,"8",,,,,,"9","288",,,,,,,,,,,,,"226","49","798","172","7","0",,"1","1FFFFF","1AAAAAAAA1AAAA","4",,,,,,,,,,,,,,,
"3200623","2016-09-10T17:09:00","24.80","129.73",,,"1","4","2","5",,,,"11",,,,,,,,,,,,"8",,,,,,"9","288",,,,,,,,,,,,,"226","49","798","172","7","1","2","1","1FFFFF","1AAAAAAAA1AAAA","4",,,,,,,,,,,,,,,
"3200560","2016-09-10T18:00:00","20.88","124.43",,,"1","4","2","5",,,,"11",,,,,,,,,,,,"8",,,,,,"9","298",,,,,,,,,,,,,"226","4","798","172","7","1","2","1","1FFFFF","1AAAAAAAA1AAAA","4",,,,,,,,,,,,,,,
"C6DM2","2016-09-10T18:00:00","24.90","124.50",,,"1","4","0","0","2","2",,"1","0","260","4","62",,"97","1","0","10090","0","10","0","280","0","260",,"253","3","300","4","3","1","7","8","A",,"3","1","24","8","1","226","44","992","114","5","1","2","1","111111","11111111111111",,,"1","0","24","4","1",,,,,,,,"4",
"C6LG6","2016-09-10T18:00:00","25.20","121.80",,,"1","4","0","0","6","1","1","1","0","210","1","10",,"97","2","2","10080","4","0","0","265","0","255",,"251",,,"7","7","7","2","A","A",,"0","0","9","3","1","226","51","992","114","5","1","2","1","F11111","111111111A1111",,,"1","2",,,,,,,,,,,"4",
"WZZF","2016-09-10T18:00:00","26.10","128.10",,,"1","4","0","0","1","1",,"1","0","20","3","46",,"98","2","0","10080","7","5","0","270","0","260",,"256","1","310","2","2","2","5","A","A",,"5","2",,,,"226","68","992","114","5","1","2","1","111111","111111111111A1",,,"1","0",,,,,,,,,,,"4",
"5100523","2016-09-10T18:30:00","23.36","125.82",,,"1","4","2","5",,,,"11",,,,,,,,,,,,"8",,,,,,"9","299",,,,,,,,,,,,,"226","35","798","172","7","1","2","1","1FFFFF","1AAAAAAAA1AAAA","4",,,,,,,,,,,,,,,
"3200623","2016-09-10T18:45:00","24.78","129.72",,,"1","4","2","5",,,,"11",,,,,,,,,,,,"8",,,,,,"9","288",,,,,,,,,,,,,"226","49","798","172","7","0",,"1","1FFFFF","1AAAAAAAA1AAAA","4",,,,,,,,,,,,,,,
"5100523","2016-09-10T18:45:00","23.36","125.82",,,"1","4","2","5",,,,"11",,,,,,,,,,,,"8",,,,,,"9","299",,,,,,,,,,,,,"226","35","798","172","7","1","2","1","1FFFFF","1AAAAAAAA1AAAA","4",,,,,,,,,,,,,,,
"3200560","2016-09-10T18:47:00","20.88","124.44",,,"1","4","2","5",,,,"11",,,,,,,,,,,,"8",,,,,,"9","298",,,,,,,,,,,,,"226","4","798","172","7","1","2","1","1FFFFF","1AAAAAAAA1AAAA","4",,,,,,,,,,,,,,,
"3200623","2016-09-10T18:48:00","24.78","129.72",,,"1","4","2","5",,,,"11",,,,,,,,,,,,"8",,,,,,"9","288",,,,,,,,,,,,,"226","49","798","172","7","1","2","1","1FFFFF","1AAAAAAAA1AAAA","4",,,,,,,,,,,,,,,
"3200623","2016-09-10T18:53:00","24.78","129.72",,,"1","4","2","5",,,,"11",,,,,,,,,,,,"8",,,,,,"9","288",,,,,,,,,,,,,"226","49","798","172","7","1","2","1","1FFFFF","1AAAAAAAA1AAAA","4",,,,,,,,,,,,,,,
"3200560","2016-09-10T19:00:00","20.88","124.44",,,"1","4","2","5",,,,"11",,,,,,,,,,,,"8",,,,,,"9","298",,,,,,,,,,,,,"226","4","798","172","7","1","2","1","1FFFFF","1AAAAAAAA1AAAA","4",,,,,,,,,,,,,,,
"5100523","2016-09-10T19:45:00","23.36","125.82",,,"1","4","2","5",,,,"11",,,,,,,,,,,,"8",,,,,,"9","299",,,,,,,,,,,,,"226","35","798","172","7","1","2","1","1FFFFF","1AAAAAAAA1AAAA","4",,,,,,,,,,,,,,,
"3200623","2016-09-10T19:51:00","24.77","129.72",,,"1","4","2","5",,,,"11",,,,,,,,,,,,"8",,,,,,"9","288",,,,,,,,,,,,,"226","49","798","172","7","0",,"1","1FFFFF","1AAAAAAAA1AAAA","4",,,,,,,,,,,,,,,
"3200623","2016-09-10T19:53:00","24.77","129.72",,,"1","4","2","5",,,,"11",,,,,,,,,,,,"8",,,,,,"9","288",,,,,,,,,,,,,"226","49","798","172","7","1","2","1","1FFFFF","1AAAAAAAA1AAAA","4",,,,,,,,,,,,,,,
"3200560","2016-09-10T20:00:00","20.86","124.45",,,"1","4","2","5",,,,"11",,,,,,,,,,,,"8",,,,,,"9","298",,,,,,,,,,,,,"226","4","798","172","7","1","2","1","1FFFFF","1AAAAAAAA1AAAA","4",,,,,,,,,,,,,,,
"5100523","2016-09-10T20:45:00","23.36","125.82",,,"1","4","2","5",,,,"11",,,,,,,,,,,,"8",,,,,,"9","298",,,,,,,,,,,,,"226","35","798","172","7","1","2","1","1FFFFF","1AAAAAAAA1AAAA","4",,,,,,,,,,,,,,,
"3200623","2016-09-10T20:53:00","24.76","129.70",,,"1","4","2","5",,,,"11",,,,,,,,,,,,"8",,,,,,"9","288",,,,,,,,,,,,,"226","49","798","172","7","1","2","1","1FFFFF","1AAAAAAAA1AAAA","4",,,,,,,,,,,,,,,
"5100523","2016-09-10T20:53:00","23.38","125.84",,,"1","4","2","5",,,,"11",,,,,,,,,,,,"8",,,,,,"9","298",,,,,,,,,,,,,"226","35","798","172","7","0",,"1","1FFFFF","1AAAAAAAA1AAAA","4",,,,,,,,,,,,,,,
"3200560","2016-09-10T20:54:00","20.86","124.45",,,"1","4","2","5",,,,"11",,,,,,,,,,,,"8",,,,,,"9","299",,,,,,,,,,,,,"226","4","798","172","7","1","2","1","1FFFFF","1AAAAAAAA1AAAA","4",,,,,,,,,,,,,,,
"3200623","2016-09-10T20:55:00","24.76","129.70",,,"1","4","2","5",,,,"11",,,,,,,,,,,,"8",,,,,,"9","288",,,,,,,,,,,,,"226","49","798","172","7","1","2","1","1FFFFF","1AAAAAAAA1AAAA","4",,,,,,,,,,,,,,,
"3200560","2016-09-10T21:00:00","20.86","124.45",,,"1","4","2","5",,,,"11",,,,,,,,,,,,"8",,,,,,"9","299",,,,,,,,,,,,,"226","4","798","172","7","1","2","1","1FFFFF","1AAAAAAAA1AAAA","4",,,,,,,,,,,,,,,
"3200623","2016-09-10T21:00:00","24.76","129.70",,,"1","4","2","5",,,,"11",,,,,,,,,,,,"8",,,,,,"9","288",,,,,,,,,,,,,"226","49","798","172","7","1","2","1","1FFFFF","1AAAAAAAA1AAAA","4",,,,,,,,,,,,,,,
"5100523","2016-09-10T21:00:00","23.38","125.84",,,"1","4","2","5",,,,"11",,,,,,,,,,,,"8",,,,,,"9","298",,,,,,,,,,,,,"226","35","798","172","7","1","2","1","1FFFFF","1AAAAAAAA1AAAA","4",,,,,,,,,,,,,,,
"3200623","2016-09-10T21:15:00","24.76","129.70",,,"1","4","2","5",,,,"11",,,,,,,,,,,,"8",,,,,,"9","288",,,,,,,,,,,,,"226","49","798","172","7","1","2","1","1FFFFF","1AAAAAAAA1AAAA","4",,,,,,,,,,,,,,,
"5100523","2016-09-10T21:15:00","23.38","125.85",,,"1","4","2","5",,,,"11",,,,,,,,,,,,"8",,,,,,"9","298",,,,,,,,,,,,,"226","35","798","172","7","1","2","1","1FFFFF","1AAAAAAAA1AAAA","4",,,,,,,,,,,,,,,
"3200623","2016-09-10T21:16:00","24.76","129.69",,,"1","4","2","5",,,,"11",,,,,,,,,,,,"8",,,,,,"9","288",,,,,,,,,,,,,"226","49","798","172","7","1","2","2","1FFFFF","1AAAAAAAA1AAAA","4",,,,,,,,,,,,,,,
"5100523","2016-09-10T21:16:00","23.38","125.85",,,"1","4","2","5",,,,"11",,,,,,,,,,,,"8",,,,,,"9","298",,,,,,,,,,,,,"226","35","798","172","7","0",,"1","1FFFFF","1AAAAAAAA1AAAA","4",,,,,,,,,,,,,,,
"3200623","2016-09-10T21:22:00","24.76","129.70",,,"1","4","2","5",,,,"11",,,,,,,,,,,,"8",,,,,,"9","288",,,,,,,,,,,,,"226","49","798","172","7","1","2","2","1FFFFF","1AAAAAAAA1AAAA","4",,,,,,,,,,,,,,,
"3200560","2016-09-10T21:28:00","20.86","124.46",,,"1","4","2","5",,,,"11",,,,,,,,,,,,"8",,,,,,"9","299",,,,,,,,,,,,,"226","4","798","172","7","0",,"1","1FFFFF","1AAAAAAAA1AAAA","4",,,,,,,,,,,,,,,
"3200623","2016-09-10T21:28:00","24.75","129.70",,,"1","4","2","5",,,,"11",,,,,,,,,,,,"8",,,,,,"9","288",,,,,,,,,,,,,"226","49","798","172","7","0",,"2","1FFFFF","1AAAAAAAA1AAAA","4",,,,,,,,,,,,,,,
"5100523","2016-09-10T21:28:00","23.38","125.85",,,"1","4","2","5",,,,"11",,,,,,,,,,,,"8",,,,,,"9","298",,,,,,,,,,,,,"226","35","798","172","7","0",,"1","1FFFFF","1AAAAAAAA1AAAA","4",,,,,,,,,,,,,,,
"5100523","2016-09-10T21:30:00","23.38","125.85",,,"1","4","2","5",,,,"11",,,,,,,,,,,,"8",,,,,,"9","298",,,,,,,,,,,,,"226","35","798","172","7","1","2","1","1FFFFF","1AAAAAAAA1AAAA","4",,,,,,,,,,,,,,,
"3200623","2016-09-10T21:33:00","24.75","129.70",,,"1","4","2","5",,,,"11",,,,,,,,,,,,"8",,,,,,"9","288",,,,,,,,,,,,,"226","49","798","172","7","1","2","2","1FFFFF","1AAAAAAAA1AAAA","4",,,,,,,,,,,,,,,
"3200560","2016-09-10T22:00:00","20.86","124.46",,,"1","4","2","5",,,,"11",,,,,,,,,,,,"8",,,,,,"9","299",,,,,,,,,,,,,"226","4","798","172","7","1","2","2","1FFFFF","1AAAAAAAA1AAAA","4",,,,,,,,,,,,,,,
"V7UT7","2016-09-10T22:00:00","21.30","121.60",,,"1","4","0","0","5","2",,"1","0","180","4","46",,"98",,"1","10080","1","10","3","280","0","270",,"270",,,"3","2","8","2","7","8",,"5","1","18","5","1","226","11","992","114","5","1","2","2","F11111","111A11111A1111",,,"1","1","18","5","1",,,,,,,,"4",
"5100523","2016-09-10T22:15:00","23.38","125.86",,,"1","4","2","5",,,,"11",,,,,,,,,,,,"8",,,,,,"9","298",,,,,,,,,,,,,"226","35","798","172","7","1","2","2","1FFFFF","1AAAAAAAA1AAAA","4",,,,,,,,,,,,,,,
"5100523","2016-09-10T22:30:00","23.38","125.86",,,"1","4","2","5",,,,"11",,,,,,,,,,,,"8",,,,,,"9","298",,,,,,,,,,,,,"226","35","798","172","7","1","2","2","1FFFFF","1AAAAAAAA1AAAA","4",,,,,,,,,,,,,,,
"5100523","2016-09-10T22:33:00","23.38","125.86",,,"1","4","2","5",,,,"11",,,,,,,,,,,,"8",,,,,,"9","298",,,,,,,,,,,,,"226","35","798","172","7","0",,"2","1FFFFF","1AAAAAAAA1AAAA","4",,,,,,,,,,,,,,,
"3200623","2016-09-10T22:34:00","24.74","129.68",,,"1","4","2","5",,,,"11",,,,,,,,,,,,"8",,,,,,"9","288",,,,,,,,,,,,,"226","49","798","172","7","0",,"2","1FFFFF","1AAAAAAAA1AAAA","4",,,,,,,,,,,,,,,
"3200623","2016-09-10T22:36:00","24.74","129.68",,,"1","4","2","5",,,,"11",,,,,,,,,,,,"8",,,,,,"9","288",,,,,,,,,,,,,"226","49","798","172","7","1","2","2","1FFFFF","1AAAAAAAA1AAAA","4",,,,,,,,,,,,,,,
"5100523","2016-09-10T22:45:00","23.38","125.86",,,"1","4","2","5",,,,"11",,,,,,,,,,,,"8",,,,,,"9","298",,,,,,,,,,,,,"226","35","798","172","7","1","2","2","1FFFFF","1AAAAAAAA1AAAA","4",,,,,,,,,,,,,,,
"3200623","2016-09-10T22:57:00","24.74","129.68",,,"1","4","2","5",,,,"11",,,,,,,,,,,,"8",,,,,,"9","288",,,,,,,,,,,,,"226","49","798","172","7","1","2","2","1FFFFF","1AAAAAAAA1AAAA","4",,,,,,,,,,,,,,,
"3200623","2016-09-10T22:58:00","24.74","129.68",,,"1","4","2","5",,,,"11",,,,,,,,,,,,"8",,,,,,"9","288",,,,,,,,,,,,,"226","49","798","172","7","1","2","2","1FFFFF","1AAAAAAAA1AAAA","4",,,,,,,,,,,,,,,
"3200560","2016-09-10T22:59:00","20.86","124.46",,,"1","4","2","5",,,,"11",,,,,,,,,,,,"8",,,,,,"9","300",,,,,,,,,,,,,"226","4","798","172","7","0",,"2","1FFFFF","1AAAAAAAA1AAAA","4",,,,,,,,,,,,,,,
"5100523","2016-09-10T22:59:00","23.37","125.86",,,"1","4","2","5",,,,"11",,,,,,,,,,,,"8",,,,,,"9","298",,,,,,,,,,,,,"226","35","798","172","7","0",,"2","1FFFFF","1AAAAAAAA1AAAA","4",,,,,,,,,,,,,,,
"3200560","2016-09-10T23:00:00","20.86","124.46",,,"1","4","2","5",,,,"11",,,,,,,,,,,,"8",,,,,,"9","300",,,,,,,,,,,,,"226","4","798","172","7","1","2","2","1FFFFF","1AAAAAAAA1AAAA","4",,,,,,,,,,,,,,,
"5100523","2016-09-10T23:00:00","23.37","125.86",,,"1","4","2","5",,,,"11",,,,,,,,,,,,"8",,,,,,"9","298",,,,,,,,,,,,,"226","35","798","172","7","1","2","2","1FFFFF","1AAAAAAAA1AAAA","4",,,,,,,,,,,,,,,
"TBWUK66","2016-09-10T23:00:00","25.90","124.80",,,"1","4","0","0","5","3",,"1","0","70","4","62",,"98",,"1","10115","4","0","0","280","0","245",,"229","3","330","8","5","7","6","7","8",,"0","0","0",,,"226","54","992","114","5","1","2","2","511111","111A1111111131",,,"1","1","0",,,,,,,,,,"4",
"3200560","2016-09-11T00:00:00","20.86","124.48",,,"1","4","2","5",,,,"11",,,,,,,,,,,,"8",,,,,,"9","300",,,,,,,,,,,,,"226","4","798","172","7","1","2","2","1FFFFF","1AAAAAAAA1AAAA","4",,,,,,,,,,,,,,,
"5100523","2016-09-11T00:00:00","23.37","125.86",,,"1","4","2","5",,,,"11",,,,,,,,,,,,"8",,,,,,"9","298",,,,,,,,,,,,,"226","35","798","172","7","1","2","2","1FFFFF","1AAAAAAAA1AAAA","4",,,,,,,,,,,,,,,
"9V2735","2016-09-11T00:00:00","22.10","126.70",,,"1","4","0","0","0","0",,"1","0","220","4","46",,"97",,"1","10130","4","0","3","300","0","280",,"270","1","290","5","5","1","9","3","1",,,,"22","6","2","226","26","992","114","5","1","2","2","111111","111A1111111A11",,,"1","1","22","6","2",,,,,,,,"4",
"C6DM2","2016-09-11T00:00:00","24.80","125.20",,,"1","4","0","0","0","0",,"1","0","270","4","26",,"97",,"2","10110","2","30","0","300","0","280",,"274","3","300","8","7","2","2","9","A",,,,,,,"226","45","992","114","5","1","2","2","111111","111A1111111AA1",,,"1","1",,,,,,,,,,,"4",
"VRID2","2016-09-11T00:00:00","20.40","121.10",,,"1","4","0","0","1","4",,"1","0","140","4","139",,"98","1","2","10115","2","15","0","300","0","290",,"287","1","303","4","4","2","2","2","2",,"4","4","14","5","3","226","1","992","114","5","1","2","2","111111","11111111111111",,,"1","2",,,,,,,,,,,"4",
"3200623","2016-09-11T00:12:00","24.74","129.67",,,"1","4","2","5",,,,"11",,,,,,,,,,,,"8",,,,,,"9","288",,,,,,,,,,,,,"226","49","798","172","7","0",,"2","1FFFFF","1AAAAAAAA1AAAA","4",,,,,,,,,,,,,,,
"3200623","2016-09-11T00:13:00","24.74","129.68",,,"1","4","2","5",,,,"11",,,,,,,,,,,,"8",,,,,,"9","288",,,,,,,,,,,,,"226","49","798","172","7","1","2","2","1FFFFF","1AAAAAAAA1AAAA","4",,,,,,,,,,,,,,,
"5100523","2016-09-11T00:13:00","23.37","125.87",,,"1","4","2","5",,,,"11",,,,,,,,,,,,"8",,,,,,"9","299",,,,,,,,,,,,,"226","35","798","172","7","0",,"2","1FFFFF","1AAAAAAAA1AAAA","4",,,,,,,,,,,,,,,
"5100523","2016-09-11T00:15:00","23.37","125.87",,,"1","4","2","5",,,,"11",,,,,,,,,,,,"8",,,,,,"9","299",,,,,,,,,,,,,"226","35","798","172","7","1","2","2","1FFFFF","1AAAAAAAA1AAAA","4",,,,,,,,,,,,,,,
"3200560","2016-09-11T00:17:00","20.86","124.48",,,"1","4","2","5",,,,"11",,,,,,,,,,,,"8",,,,,,"9","300",,,,,,,,,,,,,"226","4","798","172","7","0",,"2","1FFFFF","1AAAAAAAA1AAAA","4",,,,,,,,,,,,,,,
"3200623","2016-09-11T00:21:00","24.74","129.67",,,"1","4","2","5",,,,"11",,,,,,,,,,,,"8",,,,,,"9","288",,,,,,,,,,,,,"226","49","798","172","7","1","2","2","1FFFFF","1AAAAAAAA1AAAA","4",,,,,,,,,,,,,,,
"3200560","2016-09-11T01:00:00","20.85","124.48",,,"1","4","2","5",,,,"11",,,,,,,,,,,,"8",,,,,,"9","302",,,,,,,,,,,,,"226","4","798","172","7","1","2","2","1FFFFF","1AAAAAAAA1AAAA","4",,,,,,,,,,,,,,,
"5100523","2016-09-11T01:00:00","23.37","125.86",,,"1","3","2","5",,,,"11",,,,,,,,,,,,"0",,,,,,,"299",,,,,,,,,,,,,"226","35","794","103","7","1","2","2","1FFFFF","1AAAAAAAA1AAAA","4",,,,,,,,,,,,,,,
"A8HI8","2016-09-11T01:00:00","28.50","122.50",,,"1","4","0","0","9",,,"1","0","120","4","51",,"97","5","4","10135","1",,"0","260","0","240",,"231","3","300","4","4","5","5","6","4",,"1","2",,,,"226","82","992","114","5","1","2","2","111111","111111111111A7",,,"1","1",,,,,,,,,,,"4",
"3200623","2016-09-11T01:15:00","24.74","129.68",,,"1","3","2","5",,,,"11",,,,,,,,,,,,"0",,,,,,,"288",,,,,,,,,,,,,"226","49","794","103","7","1","2","2","1FFFFF","1AAAAAAAA1AAAA","4",,,,,,,,,,,,,,,
"5100523","2016-09-11T01:15:00","23.36","125.87",,,"1","4","2","5",,,,"11",,,,,,,,,,,,"8",,,,,,"9","302",,,,,,,,,,,,,"226","35","798","172","7","1","2","2","1FFFFF","1AAAAAAAA1AAAA","4",,,,,,,,,,,,,,,
"3200560","2016-09-11T01:16:00","20.85","124.48",,,"1","4","2","5",,,,"11",,,,,,,,,,,,"8",,,,,,"9","302",,,,,,,,,,,,,"226","4","798","172","7","0",,"2","1FFFFF","1AAAAAAAA1AAAA","4",,,,,,,,,,,,,,,
"5100523","2016-09-11T01:45:00","23.36","125.87",,,"1","4","2","5",,,,"11",,,,,,,,,,,,"8",,,,,,"9","300",,,,,,,,,,,,,"226","35","798","172","7","1","2","2","1FFFFF","1AAAAAAAA1AAAA","4",,,,,,,,,,,,,,,
"3200623","2016-09-11T01:53:00","24.73","129.64",,,"1","4","2","5",,,,"11",,,,,,,,,,,,"8",,,,,,"9","289",,,,,,,,,,,,,"226","49","798","172","7","1","2","2","1FFFFF","1AAAAAAAA1AAAA","4",,,,,,,,,,,,,,,
"5100523","2016-09-11T01:53:00","23.36","125.87",,,"1","4","2","5",,,,"11",,,,,,,,,,,,"8",,,,,,"9","310",,,,,,,,,,,,,"226","35","798","172","7","1","2","2","1FFFFF","1AAAAAAAA1AAAA","4",,,,,,,,,,,,,,,
"3200623","2016-09-11T01:55:00","24.73","129.64",,,"1","4","2","5",,,,"11",,,,,,,,,,,,"8",,,,,,"9","288",,,,,,,,,,,,,"226","49","798","172","7","1","2","2","1FFFFF","1AAAAAAAA1AAAA","4",,,,,,,,,,,,,,,
"3200560","2016-09-11T01:56:00","20.85","124.48",,,"1","4","2","5",,,,"11",,,,,,,,,,,,"8",,,,,,"9","304",,,,,,,,,,,,,"226","4","798","172","7","0",,"2","1FFFFF","1AAAAAAAA1AAAA","4",,,,,,,,,,,,,,,
"3200560","2016-09-11T02:00:00","20.85","124.48",,,"1","4","2","5",,,,"11",,,,,,,,,,,,"8",,,,,,"9","304",,,,,,,,,,,,,"226","4","798","172","7","0",,"2","1FFFFF","1AAAAAAAA1AAAA","4",,,,,,,,,,,,,,,
"5100523","2016-09-11T02:00:00","23.36","125.87",,,"1","4","2","5",,,,"11",,,,,,,,,,,,"8",,,,,,"9","300",,,,,,,,,,,,,"226","35","798","172","7","1","2","2","1FFFFF","1AAAAAAAA1AAAA","4",,,,,,,,,,,,,,,
"5100523","2016-09-11T02:45:00","23.36","125.87",,,"1","4","2","5",,,,"11",,,,,,,,,,,,"8",,,,,,"9","302",,,,,,,,,,,,,"226","35","798","172","7","0",,"2","1FFFFF","1AAAAAAAA1AAAA","4",,,,,,,,,,,,,,,
"3200560","2016-09-11T03:00:00","20.85","124.48",,,"1","3","2","5",,,,"11",,,,,,,,,,,,"0",,,,,,,"306",,,,,,,,,,,,,"226","4","794","103","7","1","2","2","1FFFFF","1AAAAAAAA1AAAA","4",,,,,,,,,,,,,,,
"V7UT7","2016-09-11T03:00:00","20.90","121.10",,,"1","4","0","0","5","2",,"1","0","230","4","51",,,,,"10080","1","10","3","310","0","270",,"260",,,,,,"A",,,,,,,,,"226","1","992","114","5","1","2","2","F11111","11AAA1111A8AA1",,,"1",,,,,,,,,,,,"4",
"3200560","2016-09-11T04:00:00","20.86","124.49",,,"1","4","2","5",,,,"11",,,,,,,,,,,,"8",,,,,,"9","307",,,,,,,,,,,,,"226","4","798","172","7","1","2","2","1FFFFF","1AAAAAAAA1AAAA","4",,,,,,,,,,,,,,,
"A8ZC9","2016-09-11T04:00:00","29.70","122.60",,,"1","4","0","0",,,,"1","0","30","3","77",,,"2",,"10110",,,"0","278",,,,,,,,,,"A",,,,,"1",,,"1","226","92","992","114","5","1","2","2","F1111F","11A1A11AAA837A",,,"1",,,,,,,,,,,,"4",
"3200623","2016-09-11T04:22:00","24.73","129.64",,,"1","4","2","5",,,,"11",,,,,,,,,,,,"8",,,,,,"9","289",,,,,,,,,,,,,"226","49","798","172","7","1","2","2","1FFFFF","1AAAAAAAA1AAAA","4",,,,,,,,,,,,,,,
"3200560","2016-09-11T05:00:00","20.85","124.48",,,"1","3","2","5",,,,"11",,,,,,,,,,,,"0",,,,,,,"310",,,,,,,,,,,,,"226","4","794","103","7","1","2","2","1FFFFF","1AAAAAAAA1AAAA","4",,,,,,,,,,,,,,,
"5100523","2016-09-11T05:45:00","23.36","125.87",,,"1","3","2","5",,,,"11",,,,,,,,,,,,"0",,,,,,,"308",,,,,,,,,,,,,"226","35","794","103","7","1","2","2","1FFFFF","1AAAAAAAA1AAAA","4",,,,,,,,,,,,,,,
"3200560","2016-09-11T05:59:00","20.86","124.49",,,"1","4","2","5",,,,"11",,,,,,,,,,,,"8",,,,,,"9","309",,,,,,,,,,,,,"226","4","798","172","7","1","2","2","1FFFFF","1AAAAAAAA1AAAA","4",,,,,,,,,,,,,,,
"3200623","2016-09-11T05:59:00","24.74","129.61",,,"1","4","2","5",,,,"11",,,,,,,,,,,,"8",,,,,,"9","290",,,,,,,,,,,,,"226","49","798","172","7","1","2","2","1FFFFF","1AAAAAAAA1AAAA","4",,,,,,,,,,,,,,,
"3200560","2016-09-11T06:00:00","20.85","124.48",,,"1","3","2","5",,,,"11",,,,,,,,,,,,"0",,,,,,,"309",,,,,,,,,,,,,"226","4","794","103","7","1","2","2","1FFFFF","1AAAAAAAA1AAAA","4",,,,,,,,,,,,,,,
"5100523","2016-09-11T06:00:00","23.36","125.87",,,"1","4","2","5",,,,"11",,,,,,,,,,,,"8",,,,,,"9","309",,,,,,,,,,,,,"226","35","798","172","7","1","2","2","1FFFFF","1AAAAAAAA1AAAA","4",,,,,,,,,,,,,,,
"DBRE","2016-09-11T06:00:00","21.70","123.80",,,"1","4","0","0","8","3",,"1","0","140","4","51",,"98","3","1","10105","7","5","0","330","0","280",,"264","3","329","4","3","2","5","6","2",,"3","1","12","3","2","226","13","992","114","5","1","2","2","531111","11111111111111",,,"1","1",,,,,,,,,,,"4",
"VRID2","2016-09-11T06:00:00","21.70","121.90",,,"1","4","0","0","1","4",,"1","0","150","4","82",,"98","2","2","10115","4","0","0","300","0","285",,"280","1","302","4","5","2","2","8","A",,"2","2","12","2","2","226","11","992","114","5","1","2","2","111111","11111111114111",,,"1","2",,,,,,,,,,,"4",
"3200623","2016-09-11T06:05:00","24.74","129.61",,,"1","4","2","5",,,,"11",,,,,,,,,,,,"8",,,,,,"9","290",,,,,,,,,,,,,"226","49","798","172","7","1","2","2","1FFFFF","1AAAAAAAA1AAAA","4",,,,,,,,,,,,,,,
"3200623","2016-09-11T06:09:00","24.74","129.61",,,"1","4","2","5",,,,"11",,,,,,,,,,,,"8",,,,,,"9","290",,,,,,,,,,,,,"226","49","798","172","7","1","2","2","1FFFFF","1AAAAAAAA1AAAA","4",,,,,,,,,,,,,,,
"3200560","2016-09-11T07:00:00","20.86","124.49",,,"1","4","2","5",,,,"11",,,,,,,,,,,,"8",,,,,,"9","309",,,,,,,,,,,,,"226","4","798","172","7","1","2","2","1FFFFF","1AAAAAAAA1AAAA","4",,,,,,,,,,,,,,,
"C6DM2","2016-09-11T07:00:00","24.80","125.10",,,"1","4","0","0","6","2",,"1","0","330","4","41",,"97",,"2","10110","3","20","0","300","0","280",,"274","3","300","8","7","2","2","9","A",,,,,,,"226","45","992","114","5","1","2","2","111111","111A1111111AA1",,,"1","1",,,,,,,,,,,"4",
"5100523","2016-09-11T07:30:00","23.36","125.87",,,"1","4","2","5",,,,"11",,,,,,,,,,,,"8",,,,,,"9","309",,,,,,,,,,,,,"226","35","798","172","7","1","2","2","1FFFFF","1AAAAAAAA1AAAA","4",,,,,,,,,,,,,,,
"5100523","2016-09-11T07:45:00","23.36","125.87",,,"1","4","2","5",,,,"11",,,,,,,,,,,,"8",,,,,,"9","309",,,,,,,,,,,,,"226","35","798","172","7","1","2","2","1FFFFF","1AAAAAAAA1AAAA","4",,,,,,,,,,,,,,,
"3200560","2016-09-11T08:00:00","20.86","124.49",,,"1","4","2","5",,,,"11",,,,,,,,,,,,"8",,,,,,"9","307",,,,,,,,,,,,,"226","4","798","172","7","1","2","2","1FFFFF","1AAAAAAAA1AAAA","4",,,,,,,,,,,,,,,
"5100523","2016-09-11T08:00:00","23.36","125.87",,,"1","4","2","5",,,,"11",,,,,,,,,,,,"8",,,,,,"9","310",,,,,,,,,,,,,"226","35","798","172","7","1","2","2","1FFFFF","1AAAAAAAA1AAAA","4",,,,,,,,,,,,,,,
"3200623","2016-09-11T08:02:00","24.74","129.59",,,"1","4","2","5",,,,"11",,,,,,,,,,,,"8",,,,,,"9","290",,,,,,,,,,,,,"226","49","798","172","7","1","2","2","1FFFFF","1AAAAAAAA1AAAA","4",,,,,,,,,,,,,,,
"3200623","2016-09-11T08:04:00","24.74","129.58",,,"1","4","2","5",,,,"11",,,,,,,,,,,,"8",,,,,,"9","290",,,,,,,,,,,,,"226","49","798","172","7","1","2","2","1FFFFF","1AAAAAAAA1AAAA","4",,,,,,,,,,,,,,,
"5100523","2016-09-11T08:04:00","23.32","125.85",,,"1","4","2","5",,,,"11",,,,,,,,,,,,"8",,,,,,"9","309",,,,,,,,,,,,,"226","35","798","172","7","0",,"2","1FFFFF","1AAAAAAAA1AAAA","4",,,,,,,,,,,,,,,
"3200623","2016-09-11T08:09:00","24.74","129.59",,,"1","4","2","5",,,,"11",,,,,,,,,,,,"8",,,,,,"9","290",,,,,,,,,,,,,"226","49","798","172","7","1","2","2","1FFFFF","1AAAAAAAA1AAAA","4",,,,,,,,,,,,,,,
"3200623","2016-09-11T08:11:00","24.73","129.59",,,"1","4","2","5",,,,"11",,,,,,,,,,,,"8",,,,,,"9","290",,,,,,,,,,,,,"226","49","798","172","7","0",,"2","1FFFFF","1AAAAAAAA1AAAA","4",,,,,,,,,,,,,,,
"3200623","2016-09-11T08:13:00","24.73","129.59",,,"1","4","2","5",,,,"11",,,,,,,,,,,,"8",,,,,,"9","290",,,,,,,,,,,,,"226","49","798","172","7","0",,"2","1FFFFF","1AAAAAAAA1AAAA","4",,,,,,,,,,,,,,,
"5100523","2016-09-11T08:15:00","23.32","125.85",,,"1","4","2","5",,,,"11",,,,,,,,,,,,"8",,,,,,"9","309",,,,,,,,,,,,,"226","35","798","172","7","1","2","2","1FFFFF","1AAAAAAAA1AAAA","4",,,,,,,,,,,,,,,
"3200623","2016-09-11T08:29:00","24.74","129.59",,,"1","4","2","5",,,,"11",,,,,,,,,,,,"8",,,,,,"9","290",,,,,,,,,,,,,"226","49","798","172","7","0",,"2","1FFFFF","1AAAAAAAA1AAAA","4",,,,,,,,,,,,,,,
"5100523","2016-09-11T08:30:00","23.31","125.84",,,"1","4","2","5",,,,"11",,,,,,,,,,,,"8",,,,,,"9","309",,,,,,,,,,,,,"226","35","798","172","7","1","2","2","1FFFFF","1AAAAAAAA1AAAA","4",,,,,,,,,,,,,,,
"5100523","2016-09-11T08:33:00","23.31","125.84",,,"1","4","2","5",,,,"11",,,,,,,,,,,,"8",,,,,,"9","309",,,,,,,,,,,,,"226","35","798","172","7","0",,"2","1FFFFF","1AAAAAAAA1AAAA","4",,,,,,,,,,,,,,,
"3200623","2016-09-11T08:36:00","24.74","129.59",,,"1","4","2","5",,,,"11",,,,,,,,,,,,"8",,,,,,"9","290",,,,,,,,,,,,,"226","49","798","172","7","1","2","2","1FFFFF","1AAAAAAAA1AAAA","4",,,,,,,,,,,,,,,
"3200560","2016-09-11T09:00:00","20.86","124.52",,,"1","3","2","5",,,,"11",,,,,,,,,,,,"0",,,,,,,"306",,,,,,,,,,,,,"226","4","794","103","7","1","2","2","1FFFFF","1AAAAAAAA1AAAA","4",,,,,,,,,,,,,,,
"5100523","2016-09-11T09:30:00","23.31","125.84",,,"1","3","2","5",,,,"11",,,,,,,,,,,,"0",,,,,,,"306",,,,,,,,,,,,,"226","35","794","103","7","1","2","2","1FFFFF","1AAAAAAAA1AAAA","4",,,,,,,,,,,,,,,
"3200623","2016-09-11T09:39:00","24.75","129.59",,,"1","3","2","5",,,,"11",,,,,,,,,,,,"0",,,,,,,"290",,,,,,,,,,,,,"226","49","794","103","7","1","2","1","1FFFFF","1AAAAAAAA1AAAA","4",,,,,,,,,,,,,,,
"5100523","2016-09-11T09:39:00","23.32","125.83",,,"1","4","2","5",,,,"11",,,,,,,,,,,,"8",,,,,,"9","305",,,,,,,,,,,,,"226","35","798","172","7","0",,"2","1FFFFF","1AAAAAAAA1AAAA","4",,,,,,,,,,,,,,,
"5100523","2016-09-11T09:45:00","23.32","125.83",,,"1","3","2","5",,,,"11",,,,,,,,,,,,"0",,,,,,,"306",,,,,,,,,,,,,"226","35","794","103","7","1","2","1","1FFFFF","1AAAAAAAA1AAAA","4",,,,,,,,,,,,,,,
"3200623","2016-09-11T09:48:00","24.75","129.57",,,"1","3","2","5",,,,"11",,,,,,,,,,,,"0",,,,,,,"290",,,,,,,,,,,,,"226","49","794","103","7","1","2","1","1FFFFF","1AAAAAAAA1AAAA","4",,,,,,,,,,,,,,,
"3200623","2016-09-11T09:50:00","24.75","129.58",,,"1","4","2","5",,,,"11",,,,,,,,,,,,"8",,,,,,"9","290",,,,,,,,,,,,,"226","49","798","172","7","0",,"1","1FFFFF","1AAAAAAAA1AAAA","4",,,,,,,,,,,,,,,
"3200623","2016-09-11T09:54:00","24.75","129.58",,,"1","4","2","5",,,,"11",,,,,,,,,,,,"8",,,,,,"9","290",,,,,,,,,,,,,"226","49","798","172","7","1","2","1","1FFFFF","1AAAAAAAA1AAAA","4",,,,,,,,,,,,,,,
"3200560","2016-09-11T10:00:00","20.86","124.54",,,"1","4","2","5",,,,"11",,,,,,,,,,,,"8",,,,,,"9","304",,,,,,,,,,,,,"226","4","798","172","7","1","2","1","1FFFFF","1AAAAAAAA1AAAA","4",,,,,,,,,,,,,,,
"5100523","2016-09-11T10:00:00","23.32","125.83",,,"1","4","2","5",,,,"11",,,,,,,,,,,,"8",,,,,,"9","305",,,,,,,,,,,,,"226","35","798","172","7","1","2","1","1FFFFF","1AAAAAAAA1AAAA","4",,,,,,,,,,,,,,,
"5100523","2016-09-11T10:10:00","23.32","125.82",,,"1","4","2","5",,,,"11",,,,,,,,,,,,"8",,,,,,"9","305",,,,,,,,,,,,,"226","35","798","172","7","0",,"1","1FFFFF","1AAAAAAAA1AAAA","4",,,,,,,,,,,,,,,
"3200623","2016-09-11T10:11:00","24.75","129.58",,,"1","4","2","5",,,,"11",,,,,,,,,,,,"8",,,,,,"9","290",,,,,,,,,,,,,"226","49","798","172","7","0",,"1","1FFFFF","1AAAAAAAA1AAAA","4",,,,,,,,,,,,,,,
"3200560","2016-09-11T10:15:00","20.86","124.54",,,"1","4","2","5",,,,"11",,,,,,,,,,,,"8",,,,,,"9","304",,,,,,,,,,,,,"226","4","798","172","7","1","2","1","1FFFFF","1AAAAAAAA1AAAA","4",,,,,,,,,,,,,,,
"5100523","2016-09-11T10:15:00","23.32","125.82",,,"1","4","2","5",,,,"11",,,,,,,,,,,,"8",,,,,,"9","305",,,,,,,,,,,,,"226","35","798","172","7","1","2","1","1FFFFF","1AAAAAAAA1AAAA","4",,,,,,,,,,,,,,,
"3200623","2016-09-11T10:20:00","24.75","129.58",,,"1","4","2","5",,,,"11",,,,,,,,,,,,"8",,,,,,"9","290",,,,,,,,,,,,,"226","49","798","172","7","1","2","1","1FFFFF","1AAAAAAAA1AAAA","4",,,,,,,,,,,,,,,
"3200560","2016-09-11T11:00:00","20.86","124.54",,,"1","4","2","5",,,,"11",,,,,,,,,,,,"8",,,,,,"9","303",,,,,,,,,,,,,"226","4","798","172","7","1","2","1","1FFFFF","1AAAAAAAA1AAAA","4",,,,,,,,,,,,,,,
"5100523","2016-09-11T11:15:00","23.32","125.81",,,"1","4","2","5",,,,"11",,,,,,,,,,,,"8",,,,,,"9","303",,,,,,,,,,,,,"226","35","798","172","7","1","2","1","1FFFFF","1AAAAAAAA1AAAA","4",,,,,,,,,,,,,,,
"3200623","2016-09-11T11:30:00","24.75","129.58",,,"1","4","2","5",,,,"11",,,,,,,,,,,,"8",,,,,,"9","290",,,,,,,,,,,,,"226","49","798","172","7","1","2","1","1FFFFF","1AAAAAAAA1AAAA","4",,,,,,,,,,,,,,,
"5100523","2016-09-11T11:30:00","23.32","125.81",,,"1","4","2","5",,,,"11",,,,,,,,,,,,"8",,,,,,"9","303",,,,,,,,,,,,,"226","35","798","172","7","1","2","1","1FFFFF","1AAAAAAAA1AAAA","4",,,,,,,,,,,,,,,
"3200560","2016-09-11T12:00:00","20.87","124.56",,,"1","4","2","5",,,,"11",,,,,,,,,,,,"8",,,,,,"9","301",,,,,,,,,,,,,"226","4","798","172","7","1","2","1","1FFFFF","1AAAAAAAA1AAAA","4",,,,,,,,,,,,,,,
"C6DM2","2016-09-11T12:00:00","25.10","123.50",,,"1","4","0","0","6","4",,"1","0","240","4","26",,"98","3","1","10080","6","10","0","290","0","270",,"263","3","300","5","4","1","8","8","1",,"8","1","24","8","1","226","53","992","114","5","1","2","1","111111","11111111111111",,,"1","1","23","6","1",,,,,,,,"4",
"VRID2","2016-09-11T12:00:00","22.90","122.60",,,"1","4","0","0","1","3",,"1","0","150","4","72",,"98","2","0","10115","4","0","0","295","0","285",,"282","1","300",,,,"A",,,,,,,,,"226","22","992","114","5","1","2","1","111111","11111111118AA1",,,"1","0",,,,,,,,,,,"4",
"5100523","2016-09-11T12:15:00","23.31","125.79",,,"1","4","2","5",,,,"11",,,,,,,,,,,,"8",,,,,,"9","303",,,,,,,,,,,,,"226","35","798","172","7","1","2","1","1FFFFF","1AAAAAAAA1AAAA","4",,,,,,,,,,,,,,,
"5100523","2016-09-11T12:22:00","23.31","125.79",,,"1","4","2","5",,,,"11",,,,,,,,,,,,"8",,,,,,"9","303",,,,,,,,,,,,,"226","35","798","172","7","0",,"1","1FFFFF","1AAAAAAAA1AAAA","4",,,,,,,,,,,,,,,
"3200560","2016-09-11T12:23:00","20.87","124.56",,,"1","4","2","5",,,,"11",,,,,,,,,,,,"8",,,,,,"9","301",,,,,,,,,,,,,"226","4","798","172","7","0",,"1","1FFFFF","1AAAAAAAA1AAAA","4",,,,,,,,,,,,,,,
"3200623","2016-09-11T12:23:00","24.75","129.57",,,"1","4","2","5",,,,"11",,,,,,,,,,,,"8",,,,,,"9","290",,,,,,,,,,,,,"226","49","798","172","7","0",,"1","1FFFFF","1AAAAAAAA1AAAA","4",,,,,,,,,,,,,,,
"3200623","2016-09-11T12:27:00","24.75","129.57",,,"1","4","2","5",,,,"11",,,,,,,,,,,,"8",,,,,,"9","290",,,,,,,,,,,,,"226","49","798","172","7","1","2","1","1FFFFF","1AAAAAAAA1AAAA","4",,,,,,,,,,,,,,,
"3200560","2016-09-11T13:00:00","20.86","124.57",,,"1","4","2","5",,,,"11",,,,,,,,,,,,"8",,,,,,"9","301",,,,,,,,,,,,,"226","4","798","172","7","1","2","1","1FFFFF","1AAAAAAAA1AAAA","4",,,,,,,,,,,,,,,
"5100523","2016-09-11T13:00:00","23.32","125.78",,,"1","4","2","5",,,,"11",,,,,,,,,,,,"8",,,,,,"9","302",,,,,,,,,,,,,"226","35","798","172","7","1","2","1","1FFFFF","1AAAAAAAA1AAAA","4",,,,,,,,,,,,,,,
"5100523","2016-09-11T13:08:00","23.32","125.78",,,"1","4","2","5",,,,"11",,,,,,,,,,,,"8",,,,,,"9","302",,,,,,,,,,,,,"226","35","798","172","7","1","2","1","1FFFFF","1AAAAAAAA1AAAA","4",,,,,,,,,,,,,,,
"3200560","2016-09-11T13:09:00","20.86","124.57",,,"1","4","2","5",,,,"11",,,,,,,,,,,,"8",,,,,,"9","301",,,,,,,,,,,,,"226","4","798","172","7","0",,"1","1FFFFF","1AAAAAAAA1AAAA","4",,,,,,,,,,,,,,,
"3200623","2016-09-11T13:10:00","24.74","129.56",,,"1","4","2","5",,,,"11",,,,,,,,,,,,"8",,,,,,"9","290",,,,,,,,,,,,,"226","49","798","172","7","0",,"1","1FFFFF","1AAAAAAAA1AAAA","4",,,,,,,,,,,,,,,
"3200623","2016-09-11T13:14:00","24.74","129.56",,,"1","4","2","5",,,,"11",,,,,,,,,,,,"8",,,,,,"9","290",,,,,,,,,,,,,"226","49","798","172","7","1","2","1","1FFFFF","1AAAAAAAA1AAAA","4",,,,,,,,,,,,,,,
"5100523","2016-09-11T13:45:00","23.32","125.78",,,"1","4","2","5",,,,"11",,,,,,,,,,,,"8",,,,,,"9","301",,,,,,,,,,,,,"226","35","798","172","7","1","2","1","1FFFFF","1AAAAAAAA1AAAA","4",,,,,,,,,,,,,,,
"3200560","2016-09-11T14:00:00","20.86","124.58",,,"1","4","2","5",,,,"11",,,,,,,,,,,,"8",,,,,,"9","300",,,,,,,,,,,,,"226","4","798","172","7","1","2","1","1FFFFF","1AAAAAAAA1AAAA","4",,,,,,,,,,,,,,,
"5100523","2016-09-11T14:00:00","23.32","125.78",,,"1","4","2","5",,,,"11",,,,,,,,,,,,"8",,,,,,"9","301",,,,,,,,,,,,,"226","35","798","172","7","1","2","1","1FFFFF","1AAAAAAAA1AAAA","4",,,,,,,,,,,,,,,
"A8HI8","2016-09-11T14:00:00","25.80","120.70",,,"1","4","0","0","5","3",,"1","0","330","4","72",,"97","1","5","10130","3",,"0","240","0","220",,"210","3","290","5","5","2","4","7","4",,"1","3","30","1","2","226","50","992","114","5","1","2","1","111111","11111111111117",,,"1","1",,,,,,,,,,,"4",
"3200560","2016-09-11T14:03:00","20.86","124.58",,,"1","4","2","5",,,,"11",,,,,,,,,,,,"8",,,,,,"9","300",,,,,,,,,,,,,"226","4","798","172","7","0",,"1","1FFFFF","1AAAAAAAA1AAAA","4",,,,,,,,,,,,,,,
"3200560","2016-09-11T15:00:00","20.86","124.58",,,"1","4","2","5",,,,"11",,,,,,,,,,,,"8",,,,,,"9","300",,,,,,,,,,,,,"226","4","798","172","7","1","2","1","1FFFFF","1AAAAAAAA1AAAA","4",,,,,,,,,,,,,,,
"3200560","2016-09-11T16:00:00","20.86","124.58",,,"1","4","2","5",,,,"11",,,,,,,,,,,,"8",,,,,,"9","300",,,,,,,,,,,,,"226","4","798","172","7","1","2","1","1FFFFF","1AAAAAAAA1AAAA","4",,,,,,,,,,,,,,,
"3200623","2016-09-11T16:57:00","24.73","129.54",,,"1","3","2","5",,,,"11",,,,,,,,,,,,"0",,,,,,,"290",,,,,,,,,,,,,"226","49","794","103","7","1","2","1","1FFFFF","1AAAAAAAA1AAAA","4",,,,,,,,,,,,,,,
"3200560","2016-09-11T17:00:00","20.83","124.62",,,"1","4","2","5",,,,"11",,,,,,,,,,,,"8",,,,,,"9","300",,,,,,,,,,,,,"226","4","798","172","7","1","2","1","1FFFFF","1AAAAAAAA1AAAA","4",,,,,,,,,,,,,,,
"3200560","2016-09-11T18:00:00","20.83","124.62",,,"1","4","2","5",,,,"11",,,,,,,,,,,,"8",,,,,,"9","300",,,,,,,,,,,,,"226","4","798","172","7","1","2","1","1FFFFF","1AAAAAAAA1AAAA","4",,,,,,,,,,,,,,,
"C6DM2","2016-09-11T18:00:00","25.30","121.70",,,"1","4","0","0","6","4",,"1","0","20","4","103",,"97","2","1","10090","4","0","0","280","0","260",,"253","3","290","6","5","1","8","8","A",,"2","2","30","5","2","226","51","992","114","5","1","2","1","111111","11111111111111",,,"1","1","32","3","1",,,,,,,,"4",
"WZZF","2016-09-11T18:00:00","26.20","128.70",,,"1","4","0","0","1","1",,"1","0","180","3","26",,"98","2","0","10095","4","0","0","260","0","250",,"246","1","310","2","2","2","5","A","A",,"4","1",,,,"226","68","992","114","5","1","2","1","111111","111111111111A1",,,"1","0",,,,,,,,,,,"4",
"5100523","2016-09-11T18:30:00","23.37","125.72",,,"1","4","2","5",,,,"11",,,,,,,,,,,,"8",,,,,,"9","300",,,,,,,,,,,,,"226","35","798","172","7","1","2","1","1FFFFF","1AAAAAAAA1AAAA","4",,,,,,,,,,,,,,,
"3200623","2016-09-11T18:34:00","24.72","129.52",,,"1","4","2","5",,,,"11",,,,,,,,,,,,"8",,,,,,"9","290",,,,,,,,,,,,,"226","49","798","172","7","0",,"1","1FFFFF","1AAAAAAAA1AAAA","4",,,,,,,,,,,,,,,
"5100523","2016-09-11T18:34:00","23.36","125.73",,,"1","4","2","5",,,,"11",,,,,,,,,,,,"8",,,,,,"9","299",,,,,,,,,,,,,"226","35","798","172","7","1","2","1","1FFFFF","1AAAAAAAA1AAAA","4",,,,,,,,,,,,,,,
"3200560","2016-09-11T18:36:00","20.83","124.62",,,"1","4","2","5",,,,"11",,,,,,,,,,,,"8",,,,,,"9","300",,,,,,,,,,,,,"226","4","798","172","7","1","2","1","1FFFFF","1AAAAAAAA1AAAA","4",,,,,,,,,,,,,,,
"3200623","2016-09-11T18:37:00","24.72","129.52",,,"1","4","2","5",,,,"11",,,,,,,,,,,,"8",,,,,,"9","290",,,,,,,,,,,,,"226","49","798","172","7","1","2","1","1FFFFF","1AAAAAAAA1AAAA","4",,,,,,,,,,,,,,,
"3200560","2016-09-11T19:00:00","20.83","124.62",,,"1","4","2","5",,,,"11",,,,,,,,,,,,"8",,,,,,"9","299",,,,,,,,,,,,,"226","4","798","172","7","1","2","1","1FFFFF","1AAAAAAAA1AAAA","4",,,,,,,,,,,,,,,
"3200623","2016-09-11T19:19:00","24.72","129.52",,,"1","4","2","5",,,,"11",,,,,,,,,,,,"8",,,,,,"9","290",,,,,,,,,,,,,"226","49","798","172","7","1","2","1","1FFFFF","1AAAAAAAA1AAAA","4",,,,,,,,,,,,,,,
"3200560","2016-09-11T20:00:00","20.80","124.66",,,"1","4","2","5",,,,"11",,,,,,,,,,,,"8",,,,,,"9","300",,,,,,,,,,,,,"226","4","798","172","7","1","2","1","1FFFFF","1AAAAAAAA1AAAA","4",,,,,,,,,,,,,,,
"5100523","2016-09-11T20:00:00","23.36","125.73",,,"1","4","2","5",,,,"11",,,,,,,,,,,,"8",,,,,,"9","299",,,,,,,,,,,,,"226","35","798","172","7","1","2","1","1FFFFF","1AAAAAAAA1AAAA","4",,,,,,,,,,,,,,,
"3200623","2016-09-11T20:14:00","24.71","129.49",,,"1","4","2","5",,,,"11",,,,,,,,,,,,"8",,,,,,"9","290",,,,,,,,,,,,,"226","49","798","172","7","0",,"1","1FFFFF","1AAAAAAAA1AAAA","4",,,,,,,,,,,,,,,
"3200623","2016-09-11T20:15:00","24.72","129.52",,,"1","4","2","5",,,,"11",,,,,,,,,,,,"8",,,,,,"9","290",,,,,,,,,,,,,"226","49","798","172","7","1","2","1","1FFFFF","1AAAAAAAA1AAAA","4",,,,,,,,,,,,,,,
"5100523","2016-09-11T20:15:00","23.36","125.73",,,"1","4","2","5",,,,"11",,,,,,,,,,,,"8",,,,,,"9","299",,,,,,,,,,,,,"226","35","798","172","7","1","2","1","1FFFFF","1AAAAAAAA1AAAA","4",,,,,,,,,,,,,,,
"3200623","2016-09-11T20:18:00","24.71","129.49",,,"1","4","2","5",,,,"11",,,,,,,,,,,,"8",,,,,,"9","290",,,,,,,,,,,,,"226","49","798","172","7","1","2","1","1FFFFF","1AAAAAAAA1AAAA","4",,,,,,,,,,,,,,,
"5100523","2016-09-11T20:27:00","23.39","125.71",,,"1","4","2","5",,,,"11",,,,,,,,,,,,"8",,,,,,"9","299",,,,,,,,,,,,,"226","35","798","172","7","0",,"1","1FFFFF","1AAAAAAAA1AAAA","4",,,,,,,,,,,,,,,
"3200623","2016-09-11T20:28:00","24.71","129.48",,,"1","4","2","5",,,,"11",,,,,,,,,,,,"8",,,,,,"9","290",,,,,,,,,,,,,"226","49","798","172","7","0",,"1","1FFFFF","1AAAAAAAA1AAAA","4",,,,,,,,,,,,,,,
"5100523","2016-09-11T20:30:00","23.39","125.71",,,"1","4","2","5",,,,"11",,,,,,,,,,,,"8",,,,,,"9","299",,,,,,,,,,,,,"226","35","798","172","7","1","2","1","1FFFFF","1AAAAAAAA1AAAA","4",,,,,,,,,,,,,,,
"3200623","2016-09-11T20:31:00","24.71","129.48",,,"1","4","2","5",,,,"11",,,,,,,,,,,,"8",,,,,,"9","290",,,,,,,,,,,,,"226","49","798","172","7","1","2","1","1FFFFF","1AAAAAAAA1AAAA","4",,,,,,,,,,,,,,,
"5100523","2016-09-11T20:45:00","23.39","125.71",,,"1","4","2","5",,,,"11",,,,,,,,,,,,"8",,,,,,"9","299",,,,,,,,,,,,,"226","35","798","172","7","1","2","1","1FFFFF","1AAAAAAAA1AAAA","4",,,,,,,,,,,,,,,
"3200560","2016-09-11T20:57:00","20.80","124.66",,,"1","4","2","5",,,,"11",,,,,,,,,,,,"8",,,,,,"9","300",,,,,,,,,,,,,"226","4","798","172","7","0",,"1","1FFFFF","1AAAAAAAA1AAAA","4",,,,,,,,,,,,,,,
"3200560","2016-09-11T21:00:00","20.80","124.66",,,"1","4","2","5",,,,"11",,,,,,,,,,,,"8",,,,,,"9","300",,,,,,,,,,,,,"226","4","798","172","7","1","2","1","1FFFFF","1AAAAAAAA1AAAA","4",,,,,,,,,,,,,,,
"5100523","2016-09-11T21:00:00","23.40","125.71",,,"1","4","2","5",,,,"11",,,,,,,,,,,,"8",,,,,,"9","299",,,,,,,,,,,,,"226","35","798","172","7","1","2","1","1FFFFF","1AAAAAAAA1AAAA","4",,,,,,,,,,,,,,,
"3200623","2016-09-11T21:03:00","24.71","129.47",,,"1","4","2","5",,,,"11",,,,,,,,,,,,"8",,,,,,"9","290",,,,,,,,,,,,,"226","49","798","172","7","1","2","1","1FFFFF","1AAAAAAAA1AAAA","4",,,,,,,,,,,,,,,
"5100523","2016-09-11T21:04:00","23.40","125.71",,,"1","4","2","5",,,,"11",,,,,,,,,,,,"8",,,,,,"9","299",,,,,,,,,,,,,"226","35","798","172","7","0",,"1","1FFFFF","1AAAAAAAA1AAAA","4",,,,,,,,,,,,,,,
"3200623","2016-09-11T21:05:00","24.71","129.47",,,"1","4","2","5",,,,"11",,,,,,,,,,,,"8",,,,,,"9","290",,,,,,,,,,,,,"226","49","798","172","7","0",,"1","1FFFFF","1AAAAAAAA1AAAA","4",,,,,,,,,,,,,,,
"3200623","2016-09-11T21:07:00","24.71","129.47",,,"1","4","2","5",,,,"11",,,,,,,,,,,,"8",,,,,,"9","290",,,,,,,,,,,,,"226","49","798","172","7","1","2","1","1FFFFF","1AAAAAAAA1AAAA","4",,,,,,,,,,,,,,,
"3200560","2016-09-11T22:00:00","20.79","124.67",,,"1","4","2","5",,,,"11",,,,,,,,,,,,"8",,,,,,"9","300",,,,,,,,,,,,,"226","4","798","172","7","1","2","2","1FFFFF","1AAAAAAAA1AAAA","4",,,,,,,,,,,,,,,
"5100523","2016-09-11T22:00:00","23.40","125.72",,,"1","4","2","5",,,,"11",,,,,,,,,,,,"8",,,,,,"9","299",,,,,,,,,,,,,"226","35","798","172","7","1","2","2","1FFFFF","1AAAAAAAA1AAAA","4",,,,,,,,,,,,,,,
"5100523","2016-09-11T22:07:00","23.40","125.72",,,"1","4","2","5",,,,"11",,,,,,,,,,,,"8",,,,,,"9","299",,,,,,,,,,,,,"226","35","798","172","7","0",,"2","1FFFFF","1AAAAAAAA1AAAA","4",,,,,,,,,,,,,,,
"3200560","2016-09-11T22:09:00","20.79","124.67",,,"1","4","2","5",,,,"11",,,,,,,,,,,,"8",,,,,,"9","300",,,,,,,,,,,,,"226","4","798","172","7","0",,"2","1FFFFF","1AAAAAAAA1AAAA","4",,,,,,,,,,,,,,,
"3200623","2016-09-11T22:09:00","24.70","129.45",,,"1","4","2","5",,,,"11",,,,,,,,,,,,"8",,,,,,"9","290",,,,,,,,,,,,,"226","49","798","172","7","0",,"2","1FFFFF","1AAAAAAAA1AAAA","4",,,,,,,,,,,,,,,
"3200623","2016-09-11T22:11:00","24.70","129.45",,,"1","4","2","5",,,,"11",,,,,,,,,,,,"8",,,,,,"9","290",,,,,,,,,,,,,"226","49","798","172","7","1","2","2","1FFFFF","1AAAAAAAA1AAAA","4",,,,,,,,,,,,,,,
"5100523","2016-09-11T22:30:00","23.40","125.72",,,"1","4","2","5",,,,"11",,,,,,,,,,,,"8",,,,,,"9","299",,,,,,,,,,,,,"226","35","798","172","7","1","2","2","1FFFFF","1AAAAAAAA1AAAA","4",,,,,,,,,,,,,,,
"5100523","2016-09-11T22:44:00","23.40","125.72",,,"1","4","2","5",,,,"11",,,,,,,,,,,,"8",,,,,,"9","299",,,,,,,,,,,,,"226","35","798","172","7","0",,"2","1FFFFF","1AAAAAAAA1AAAA","4",,,,,,,,,,,,,,,
"5100523","2016-09-11T22:45:00","23.40","125.72",,,"1","4","2","5",,,,"11",,,,,,,,,,,,"8",,,,,,"9","299",,,,,,,,,,,,,"226","35","798","172","7","1","2","2","1FFFFF","1AAAAAAAA1AAAA","4",,,,,,,,,,,,,,,
"3200623","2016-09-11T22:46:00","24.70","129.45",,,"1","4","2","5",,,,"11",,,,,,,,,,,,"8",,,,,,"9","290",,,,,,,,,,,,,"226","49","798","172","7","1","2","2","1FFFFF","1AAAAAAAA1AAAA","4",,,,,,,,,,,,,,,
"TBWUK66","2016-09-11T23:00:00","22.80","122.50",,,"1","4","0","0","5","3",,"1","0","210","4","31",,"98",,"1","10120","4","0","0","290","0","254",,"238","3",,"4","2","1","6","4","1",,"0","0","0",,,"226","22","992","114","5","1","2","2","711111","111A1111111131",,,"1","1","0",,,,,,,,,,"4",
"5100523","2016-09-11T23:45:00","23.40","125.74",,,"1","4","2","5",,,,"11",,,,,,,,,,,,"8",,,,,,"9","300",,,,,,,,,,,,,"226","35","798","172","7","1","2","2","1FFFFF","1AAAAAAAA1AAAA","4",,,,,,,,,,,,,,,
"3200623","2016-09-11T23:55:00","24.72","129.43",,,"1","4","2","5",,,,"11",,,,,,,,,,,,"8",,,,,,"9","291",,,,,,,,,,,,,"226","49","798","172","7","0",,"2","1FFFFF","1AAAAAAAA1AAAA","4",,,,,,,,,,,,,,,
"5100523","2016-09-11T23:55:00","23.40","125.74",,,"1","4","2","5",,,,"11",,,,,,,,,,,,"8",,,,,,"9","301",,,,,,,,,,,,,"226","35","798","172","7","1","2","2","1FFFFF","1AAAAAAAA1AAAA","4",,,,,,,,,,,,,,,
"3200623","2016-09-11T23:58:00","24.72","129.43",,,"1","4","2","5",,,,"11",,,,,,,,,,,,"8",,,,,,"9","291",,,,,,,,,,,,,"226","49","798","172","7","1","2","2","1FFFFF","1AAAAAAAA1AAAA","4",,,,,,,,,,,,,,,
"3200560","2016-09-12T00:00:00","20.75","124.69",,,"1","4","2","5",,,,"11",,,,,,,,,,,,"8",,,,,,"9","301",,,,,,,,,,,,,"226","4","798","172","7","1","2","2","1FFFFF","1AAAAAAAA1AAAA","4",,,,,,,,,,,,,,,
"9V2735","2016-09-12T00:00:00","24.80","126.50",,,"1","4","0","0","8","3",,"1","0","320","4","46",,"97",,"1","10130","4","0","3","270","0","250",,"240","1","290","4","4","2","9","8","A",,,,"32","6","2","226","46","992","114","5","1","2","2","111111","111A1111111A11",,,"1","1","32","6","2","3",,,,,,,"4",
"C6DM2","2016-09-12T00:00:00","24.90","120.10",,,"1","4","0","0","5","4",,"1","0","30","4","93",,"97",,"2","10110","3","20","0","270","0","250",,"243","3","280","8","7","9","2","2","A",,"4","2","3","5","3","226","40","992","114","5","1","2","2","111111","111A1111111111",,,"1","1","3","7","1",,,,,,,,"4",
"VRID2","2016-09-12T00:00:00","25.90","122.60",,,"1","4","0","0","8","3",,"1","0","40","4","62",,"98","2","0","10125","4","0","0","290","0","280",,"277","1","300","2","2","4","3","0","0",,"4","1","4","4","1","226","52","992","114","5","1","2","2","111111","11111111111111",,,"1","0",,,,,,,,,,,"4",
"5100523","2016-09-12T00:30:00","23.40","125.74",,,"1","4","2","5",,,,"11",,,,,,,,,,,,"8",,,,,,"9","301",,,,,,,,,,,,,"226","35","798","172","7","1","2","2","1FFFFF","1AAAAAAAA1AAAA","4",,,,,,,,,,,,,,,
"3200623","2016-09-12T00:43:00","24.72","129.43",,,"1","4","2","5",,,,"11",,,,,,,,,,,,"8",,,,,,"9","291",,,,,,,,,,,,,"226","49","798","172","7","1","2","2","1FFFFF","1AAAAAAAA1AAAA","4",,,,,,,,,,,,,,,
"5100523","2016-09-12T00:44:00","23.39","125.73",,,"1","4","2","5",,,,"11",,,,,,,,,,,,"8",,,,,,"9","303",,,,,,,,,,,,,"226","35","798","172","7","1","2","2","1FFFFF","1AAAAAAAA1AAAA","4",,,,,,,,,,,,,,,
"5100523","2016-09-12T00:45:00","23.39","125.73",,,"1","4","2","5",,,,"11",,,,,,,,,,,,"8",,,,,,"9","301",,,,,,,,,,,,,"226","35","798","172","7","1","2","2","1FFFFF","1AAAAAAAA1AAAA","4",,,,,,,,,,,,,,,
"3200560","2016-09-12T00:52:00","20.75","124.69",,,"1","4","2","5",,,,"11",,,,,,,,,,,,"8",,,,,,"9","301",,,,,,,,,,,,,"226","4","798","172","7","1","2","2","1FFFFF","1AAAAAAAA1AAAA","4",,,,,,,,,,,,,,,
"3200623","2016-09-12T00:55:00","24.72","129.43",,,"1","4","2","5",,,,"11",,,,,,,,,,,,"8",,,,,,"9","291",,,,,,,,,,,,,"226","49","798","172","7","1","2","2","1FFFFF","1AAAAAAAA1AAAA","4",,,,,,,,,,,,,,,
"3200560","2016-09-12T01:00:00","20.75","124.69",,,"1","4","2","5",,,,"11",,,,,,,,,,,,"8",,,,,,"9","301",,,,,,,,,,,,,"226","4","798","172","7","1","2","2","1FFFFF","1AAAAAAAA1AAAA","4",,,,,,,,,,,,,,,
"3200623","2016-09-12T01:30:00","24.72","129.40",,,"1","4","2","5",,,,"11",,,,,,,,,,,,"8",,,,,,"9","293",,,,,,,,,,,,,"226","49","798","172","7","1","2","2","1FFFFF","1AAAAAAAA1AAAA","4",,,,,,,,,,,,,,,
"5100523","2016-09-12T01:30:00","23.39","125.72",,,"1","4","2","5",,,,"11",,,,,,,,,,,,"8",,,,,,"9","302",,,,,,,,,,,,,"226","35","798","172","7","1","2","2","1FFFFF","1AAAAAAAA1AAAA","4",,,,,,,,,,,,,,,
"5100523","2016-09-12T01:36:00","23.39","125.72",,,"1","4","2","5",,,,"11",,,,,,,,,,,,"8",,,,,,"9","302",,,,,,,,,,,,,"226","35","798","172","7","0",,"2","1FFFFF","1AAAAAAAA1AAAA","4",,,,,,,,,,,,,,,
"3200623","2016-09-12T01:40:00","24.72","129.40",,,"1","4","2","5",,,,"11",,,,,,,,,,,,"8",,,,,,"9","292",,,,,,,,,,,,,"226","49","798","172","7","1","2","2","1FFFFF","1AAAAAAAA1AAAA","4",,,,,,,,,,,,,,,
"3200560","2016-09-12T02:00:00","20.72","124.71",,,"1","4","2","5",,,,"11",,,,,,,,,,,,"8",,,,,,"9","302",,,,,,,,,,,,,"226","4","798","172","7","1","2","2","1FFFFF","1AAAAAAAA1AAAA","4",,,,,,,,,,,,,,,
"VRGI8","2016-09-12T02:00:00","27.80","122.90",,,"1","4","0","0","5","3",,"1","0","20","4","139",,"97","10","8","10134","1",,"0","250","0","220",,"205",,"320","3","3","6","2","7","9",,"15","4","25","15","4","226","72","992","114","5","1","2","2","511111","11111111111117",,,"1","8",,,,,,,,,,,"4",
"5100523","2016-09-12T02:15:00","23.39","125.73",,,"1","4","2","5",,,,"11",,,,,,,,,,,,"8",,,,,,"9","303",,,,,,,,,,,,,"226","35","798","172","7","1","2","2","1FFFFF","1AAAAAAAA1AAAA","4",,,,,,,,,,,,,,,
"5100523","2016-09-12T02:26:00","23.38","125.72",,,"1","4","2","5",,,,"11",,,,,,,,,,,,"8",,,,,,"9","304",,,,,,,,,,,,,"226","35","798","172","7","1","2","2","1FFFFF","1AAAAAAAA1AAAA","4",,,,,,,,,,,,,,,
"3200560","2016-09-12T02:28:00","20.72","124.71",,,"1","4","2","5",,,,"11",,,,,,,,,,,,"8",,,,,,"9","302",,,,,,,,,,,,,"226","4","798","172","7","1","2","2","1FFFFF","1AAAAAAAA1AAAA","4",,,,,,,,,,,,,,,
"5100523","2016-09-12T02:30:00","23.38","125.72",,,"1","4","2","5",,,,"11",,,,,,,,,,,,"8",,,,,,"9","303",,,,,,,,,,,,,"226","35","798","172","7","1","2","2","1FFFFF","1AAAAAAAA1AAAA","4",,,,,,,,,,,,,,,
"3200623","2016-09-12T02:31:00","24.72","129.40",,,"1","4","2","5",,,,"11",,,,,,,,,,,,"8",,,,,,"9","293",,,,,,,,,,,,,"226","49","798","172","7","1","2","2","1FFFFF","1AAAAAAAA1AAAA","4",,,,,,,,,,,,,,,
"3200560","2016-09-12T03:00:00","20.72","124.71",,,"1","4","2","5",,,,"11",,,,,,,,,,,,"8",,,,,,"9","301",,,,,,,,,,,,,"226","4","798","172","7","1","2","2","1FFFFF","1AAAAAAAA1AAAA","4",,,,,,,,,,,,,,,
"3200560","2016-09-12T04:00:00","20.72","124.71",,,"1","4","2","5",,,,"11",,,,,,,,,,,,"8",,,,,,"9","301",,,,,,,,,,,,,"226","4","798","172","7","1","2","2","1FFFFF","1AAAAAAAA1AAAA","4",,,,,,,,,,,,,,,
"3200623","2016-09-12T04:11:00","24.73","129.37",,,"1","4","2","5",,,,"11",,,,,,,,,,,,"8",,,,,,"9","296",,,,,,,,,,,,,"226","49","798","172","7","1","2","2","1FFFFF","1AAAAAAAA1AAAA","4",,,,,,,,,,,,,,,
"3200623","2016-09-12T04:12:00","24.73","129.37",,,"1","4","2","5",,,,"11",,,,,,,,,,,,"8",,,,,,"9","296",,,,,,,,,,,,,"226","49","798","172","7","1","2","2","1FFFFF","1AAAAAAAA1AAAA","4",,,,,,,,,,,,,,,
"3200560","2016-09-12T05:00:00","20.72","124.71",,,"1","4","2","5",,,,"11",,,,,,,,,,,,"8",,,,,,"9","302",,,,,,,,,,,,,"226","4","798","172","7","1","2","2","1FFFFF","1AAAAAAAA1AAAA","4",,,,,,,,,,,,,,,
"5100523","2016-09-12T05:45:00","23.38","125.72",,,"1","4","2","5",,,,"11",,,,,,,,,,,,"8",,,,,,"9","304",,,,,,,,,,,,,"226","35","798","172","7","1","2","2","1FFFFF","1AAAAAAAA1AAAA","4",,,,,,,,,,,,,,,
"5100523","2016-09-12T05:47:00","23.36","125.67",,,"1","4","2","5",,,,"11",,,,,,,,,,,,"8",,,,,,"9","304",,,,,,,,,,,,,"226","35","798","172","7","1","2","2","1FFFFF","1AAAAAAAA1AAAA","4",,,,,,,,,,,,,,,
"3200560","2016-09-12T05:48:00","20.66","124.70",,,"1","4","2","5",,,,"11",,,,,,,,,,,,"8",,,,,,"9","302",,,,,,,,,,,,,"226","4","798","172","7","0",,"2","1FFFFF","1AAAAAAAA1AAAA","4",,,,,,,,,,,,,,,
"3200623","2016-09-12T05:54:00","24.73","129.37",,,"1","4","2","5",,,,"11",,,,,,,,,,,,"8",,,,,,"9","296",,,,,,,,,,,,,"226","49","798","172","7","1","2","2","1FFFFF","1AAAAAAAA1AAAA","4",,,,,,,,,,,,,,,
"3200623","2016-09-12T05:59:00","24.73","129.37",,,"1","4","2","5",,,,"11",,,,,,,,,,,,"8",,,,,,"9","296",,,,,,,,,,,,,"226","49","798","172","7","1","2","2","1FFFFF","1AAAAAAAA1AAAA","4",,,,,,,,,,,,,,,
"3200560","2016-09-12T06:00:00","20.66","124.70",,,"1","4","2","5",,,,"11",,,,,,,,,,,,"8",,,,,,"9","302",,,,,,,,,,,,,"226","4","798","172","7","1","2","2","1FFFFF","1AAAAAAAA1AAAA","4",,,,,,,,,,,,,,,
"A8OB5","2016-09-12T06:00:00","27.60","126.30",,,"1","4","0","0","5","4",,"1","0","240","3","41",,"97","2","2","10100","7","10","0","325","0","275",,"258","1","300","5","3","2","5","3","A",,"99","1",,,,"226","76","992","114","5","1","2","2","131111","111111111113A1",,,"1","2",,,,,,,,,,,"4",
"VRID2","2016-09-12T06:00:00","27.30","122.80",,,"1","4","0","0","8","3",,"1","0","30","4","170",,"98","2","2","10125","4","0","0","280","0",,,,"1","290","2","5","2","3","8","A",,"4","4","6","4","4","226","72","992","114","5","1","2","2","111113","11111118814111",,,"1","2",,,,,,,,,,,"4",
"WZZF","2016-09-12T06:00:00","26.30","128.80",,,"1","4","0","0","1","1",,"1","0","160","3","67",,"98","2","0","10100","4","0","0","310","0","280",,"270","1","310","2","2","1","6","A","A",,"6","2","16","8","3","226","68","992","114","5","1","2","2","111111","11111111111111",,,"1","0",,,,,,,,,,,"4",
"3200560","2016-09-12T07:00:00","20.66","124.70",,,"1","4","2","5",,,,"11",,,,,,,,,,,,"8",,,,,,"9","302",,,,,,,,,,,,,"226","4","798","172","7","1","2","2","1FFFFF","1AAAAAAAA1AAAA","4",,,,,,,,,,,,,,,
"9V9062","2016-09-12T07:00:00","27.60","122.30",,,"1","4","0","0","5","3",,"1","0","50","4","134",,"97",,"2","10138","1","10","0","250","0","230",,"220",,,"8","8","7","A","7","0",,"4","6",,,,"226","72","992","114","5","1","2","2","F11111","111A11111A11A1",,,"1","2",,,,,,,,,,,"4",
"5100523","2016-09-12T07:30:00","23.36","125.67",,,"1","4","2","5",,,,"11",,,,,,,,,,,,"8",,,,,,"9","304",,,,,,,,,,,,,"226","35","798","172","7","1","2","2","1FFFFF","1AAAAAAAA1AAAA","4",,,,,,,,,,,,,,,
"3200623","2016-09-12T07:35:00","24.73","129.37",,,"1","4","2","5",,,,"11",,,,,,,,,,,,"8",,,,,,"9","296",,,,,,,,,,,,,"226","49","798","172","7","1","2","2","1FFFFF","1AAAAAAAA1AAAA","4",,,,,,,,,,,,,,,
"3200623","2016-09-12T07:39:00","24.73","129.31",,,"1","4","2","5",,,,"11",,,,,,,,,,,,"8",,,,,,"9","296",,,,,,,,,,,,,"226","49","798","172","7","0",,"2","1FFFFF","1AAAAAAAA1AAAA","4",,,,,,,,,,,,,,,
"3200623","2016-09-12T07:41:00","24.73","129.31",,,"1","4","2","5",,,,"11",,,,,,,,,,,,"8",,,,,,"9","296",,,,,,,,,,,,,"226","49","798","172","7","1","2","2","1FFFFF","1AAAAAAAA1AAAA","4",,,,,,,,,,,,,,,
"3200560","2016-09-12T08:00:00","20.64","124.67",,,"1","4","2","5",,,,"11",,,,,,,,,,,,"8",,,,,,"9","302",,,,,,,,,,,,,"226","4","798","172","7","1","2","2","1FFFFF","1AAAAAAAA1AAAA","4",,,,,,,,,,,,,,,
"5100523","2016-09-12T08:15:00","23.36","125.67",,,"1","4","2","5",,,,"11",,,,,,,,,,,,"8",,,,,,"9","304",,,,,,,,,,,,,"226","35","798","172","7","1","2","2","1FFFFF","1AAAAAAAA1AAAA","4",,,,,,,,,,,,,,,
"3200623","2016-09-12T08:22:00","24.74","129.32",,,"1","4","2","5",,,,"11",,,,,,,,,,,,"8",,,,,,"9","296",,,,,,,,,,,,,"226","49","798","172","7","1","2","2","1FFFFF","1AAAAAAAA1AAAA","4",,,,,,,,,,,,,,,
"3200560","2016-09-12T08:24:00","20.64","124.67",,,"1","4","2","5",,,,"11",,,,,,,,,,,,"8",,,,,,"9","302",,,,,,,,,,,,,"226","4","798","172","7","1","2","2","1FFFFF","1AAAAAAAA1AAAA","4",,,,,,,,,,,,,,,
"3200623","2016-09-12T08:25:00","24.74","129.32",,,"1","4","2","5",,,,"11",,,,,,,,,,,,"8",,,,,,"9","296",,,,,,,,,,,,,"226","49","798","172","7","1","2","2","1FFFFF","1AAAAAAAA1AAAA","4",,,,,,,,,,,,,,,
"3200560","2016-09-12T09:00:00","20.64","124.67",,,"1","4","2","5",,,,"11",,,,,,,,,,,,"8",,,,,,"9","301",,,,,,,,,,,,,"226","4","798","172","7","1","2","2","1FFFFF","1AAAAAAAA1AAAA","4",,,,,,,,,,,,,,,
"5100523","2016-09-12T09:00:00","23.36","125.67",,,"1","4","2","5",,,,"11",,,,,,,,,,,,"8",,,,,,"9","303",,,,,,,,,,,,,"226","35","798","172","7","1","2","2","1FFFFF","1AAAAAAAA1AAAA","4",,,,,,,,,,,,,,,
"5100523","2016-09-12T09:15:00","23.36","125.67",,,"1","4","2","5",,,,"11",,,,,,,,,,,,"8",,,,,,"9","303",,,,,,,,,,,,,"226","35","798","172","7","1","2","2","1FFFFF","1AAAAAAAA1AAAA","4",,,,,,,,,,,,,,,
"3200623","2016-09-12T09:17:00","24.74","129.32",,,"1","4","2","5",,,,"11",,,,,,,,,,,,"8",,,,,,"9","296",,,,,,,,,,,,,"226","49","798","172","7","1","2","2","1FFFFF","1AAAAAAAA1AAAA","4",,,,,,,,,,,,,,,
"5100523","2016-09-12T09:17:00","23.35","125.64",,,"1","4","2","5",,,,"11",,,,,,,,,,,,"8",,,,,,"9","303",,,,,,,,,,,,,"226","35","798","172","7","0",,"2","1FFFFF","1AAAAAAAA1AAAA","4",,,,,,,,,,,,,,,
"3200623","2016-09-12T09:18:00","24.75","129.31",,,"1","4","2","5",,,,"11",,,,,,,,,,,,"8",,,,,,"9","296",,,,,,,,,,,,,"226","49","798","172","7","0",,"2","1FFFFF","1AAAAAAAA1AAAA","4",,,,,,,,,,,,,,,
"3200623","2016-09-12T09:20:00","24.75","129.31",,,"1","4","2","5",,,,"11",,,,,,,,,,,,"8",,,,,,"9","296",,,,,,,,,,,,,"226","49","798","172","7","1","2","2","1FFFFF","1AAAAAAAA1AAAA","4",,,,,,,,,,,,,,,
"3200623","2016-09-12T09:23:00","24.75","129.31",,,"1","4","2","5",,,,"11",,,,,,,,,,,,"8",,,,,,"9","296",,,,,,,,,,,,,"226","49","798","172","7","1","2","2","1FFFFF","1AAAAAAAA1AAAA","4",,,,,,,,,,,,,,,
"5100523","2016-09-12T09:45:00","23.35","125.64",,,"1","4","2","5",,,,"11",,,,,,,,,,,,"8",,,,,,"9","303",,,,,,,,,,,,,"226","35","798","172","7","1","2","1","1FFFFF","1AAAAAAAA1AAAA","4",,,,,,,,,,,,,,,
"3200560","2016-09-12T09:59:00","20.62","124.68",,,"1","4","2","5",,,,"11",,,,,,,,,,,,"8",,,,,,"9","300",,,,,,,,,,,,,"226","4","798","172","7","1","2","1","1FFFFF","1AAAAAAAA1AAAA","4",,,,,,,,,,,,,,,
"3200623","2016-09-12T09:59:00","24.75","129.29",,,"1","4","2","5",,,,"11",,,,,,,,,,,,"8",,,,,,"9","296",,,,,,,,,,,,,"226","49","798","172","7","0",,"1","1FFFFF","1AAAAAAAA1AAAA","4",,,,,,,,,,,,,,,
"5100523","2016-09-12T09:59:00","23.35","125.62",,,"1","4","2","5",,,,"11",,,,,,,,,,,,"8",,,,,,"9","303",,,,,,,,,,,,,"226","35","798","172","7","1","2","1","1FFFFF","1AAAAAAAA1AAAA","4",,,,,,,,,,,,,,,
"3200560","2016-09-12T10:00:00","20.62","124.68",,,"1","4","2","5",,,,"11",,,,,,,,,,,,"8",,,,,,"9","300",,,,,,,,,,,,,"226","4","798","172","7","1","2","1","1FFFFF","1AAAAAAAA1AAAA","4",,,,,,,,,,,,,,,
"5100523","2016-09-12T10:00:00","23.35","125.62",,,"1","4","2","5",,,,"11",,,,,,,,,,,,"8",,,,,,"9","303",,,,,,,,,,,,,"226","35","798","172","7","1","2","1","1FFFFF","1AAAAAAAA1AAAA","4",,,,,,,,,,,,,,,
"3200623","2016-09-12T10:03:00","24.75","129.31",,,"1","4","2","5",,,,"11",,,,,,,,,,,,"8",,,,,,"9","296",,,,,,,,,,,,,"226","49","798","172","7","1","2","1","1FFFFF","1AAAAAAAA1AAAA","4",,,,,,,,,,,,,,,
"3200623","2016-09-12T10:07:00","24.75","129.29",,,"1","4","2","5",,,,"11",,,,,,,,,,,,"8",,,,,,"9","296",,,,,,,,,,,,,"226","49","798","172","7","1","2","1","1FFFFF","1AAAAAAAA1AAAA","4",,,,,,,,,,,,,,,
"5100523","2016-09-12T10:45:00","23.35","125.62",,,"1","4","2","5",,,,"11",,,,,,,,,,,,"8",,,,,,"9","302",,,,,,,,,,,,,"226","35","798","172","7","1","2","1","1FFFFF","1AAAAAAAA1AAAA","4",,,,,,,,,,,,,,,
"3200623","2016-09-12T10:57:00","24.76","129.27",,,"1","4","2","5",,,,"11",,,,,,,,,,,,"8",,,,,,"9","296",,,,,,,,,,,,,"226","49","798","172","7","0",,"1","1FFFFF","1AAAAAAAA1AAAA","4",,,,,,,,,,,,,,,
"3200623","2016-09-12T10:58:00","24.76","129.27",,,"1","4","2","5",,,,"11",,,,,,,,,,,,"8",,,,,,"9","296",,,,,,,,,,,,,"226","49","798","172","7","1","2","1","1FFFFF","1AAAAAAAA1AAAA","4",,,,,,,,,,,,,,,
"3200560","2016-09-12T11:00:00","20.62","124.67",,,"1","4","2","5",,,,"11",,,,,,,,,,,,"8",,,,,,"9","300",,,,,,,,,,,,,"226","4","798","172","7","1","2","1","1FFFFF","1AAAAAAAA1AAAA","4",,,,,,,,,,,,,,,
"5100523","2016-09-12T11:00:00","23.35","125.62",,,"1","4","2","5",,,,"11",,,,,,,,,,,,"8",,,,,,"9","302",,,,,,,,,,,,,"226","35","798","172","7","1","2","1","1FFFFF","1AAAAAAAA1AAAA","4",,,,,,,,,,,,,,,
"3200623","2016-09-12T11:09:00","24.75","129.27",,,"1","4","2","5",,,,"11",,,,,,,,,,,,"8",,,,,,"9","296",,,,,,,,,,,,,"226","49","798","172","7","0",,"1","1FFFFF","1AAAAAAAA1AAAA","4",,,,,,,,,,,,,,,
"3200623","2016-09-12T11:10:00","24.75","129.29",,,"1","4","2","5",,,,"11",,,,,,,,,,,,"8",,,,,,"9","296",,,,,,,,,,,,,"226","49","798","172","7","1","2","1","1FFFFF","1AAAAAAAA1AAAA","4",,,,,,,,,,,,,,,
"3200623","2016-09-12T11:11:00","24.75","129.27",,,"1","4","2","5",,,,"11",,,,,,,,,,,,"8",,,,,,"9","296",,,,,,,,,,,,,"226","49","798","172","7","1","2","1","1FFFFF","1AAAAAAAA1AAAA","4",,,,,,,,,,,,,,,
"5100523","2016-09-12T11:45:00","23.34","125.59",,,"1","4","2","5",,,,"11",,,,,,,,,,,,"8",,,,,,"9","302",,,,,,,,,,,,,"226","35","798","172","7","1","2","1","1FFFFF","1AAAAAAAA1AAAA","4",,,,,,,,,,,,,,,
"5100523","2016-09-12T12:00:00","23.34","125.59",,,"1","4","2","5",,,,"11",,,,,,,,,,,,"8",,,,,,"9","302",,,,,,,,,,,,,"226","35","798","172","7","1","2","1","1FFFFF","1AAAAAAAA1AAAA","4",,,,,,,,,,,,,,,
"VRID2","2016-09-12T12:00:00","28.40","122.90",,,"1","4","0","0","8","3",,"1","0","60","4","190",,"98","41","2","10135","2","20","0","270","0","220",,"198","1","300",,,,"A",,,,,,,,,"226","82","992","114","5","1","2","1","114111","11111111118AA1",,,"1","4",,,,,,,,,,,"4",
"ZNQO3","2016-09-12T12:00:00","29.90","123.90",,,"1","4","0","0","5","4",,"1","0","40","1","140",,"97",,,"10173","3","12","0","265","0","221",,"202","3","278","9","9","A","A","A","A",,"12","6",,,,"226","93","992","114","5","1","2","1","111111","111AA1111111A1",,,"1",,,,,,,,,,,,"4",
"5100523","2016-09-12T12:02:00","23.34","125.59",,,"1","4","2","5",,,,"11",,,,,,,,,,,,"8",,,,,,"9","302",,,,,,,,,,,,,"226","35","798","172","7","0",,"1","1FFFFF","1AAAAAAAA1AAAA","4",,,,,,,,,,,,,,,
"3200623","2016-09-12T12:04:00","24.76","129.25",,,"1","4","2","5",,,,"11",,,,,,,,,,,,"8",,,,,,"9","296",,,,,,,,,,,,,"226","49","798","172","7","0",,"1","1FFFFF","1AAAAAAAA1AAAA","4",,,,,,,,,,,,,,,
"3200623","2016-09-12T12:07:00","24.76","129.25",,,"1","4","2","5",,,,"11",,,,,,,,,,,,"8",,,,,,"9","296",,,,,,,,,,,,,"226","49","798","172","7","1","2","1","1FFFFF","1AAAAAAAA1AAAA","4",,,,,,,,,,,,,,,
"5100523","2016-09-12T12:30:00","23.34","125.59",,,"1","4","2","5",,,,"11",,,,,,,,,,,,"8",,,,,,"9","301",,,,,,,,,,,,,"226","35","798","172","7","1","2","1","1FFFFF","1AAAAAAAA1AAAA","4",,,,,,,,,,,,,,,
"5100523","2016-09-12T12:45:00","23.34","125.59",,,"1","4","2","5",,,,"11",,,,,,,,,,,,"8",,,,,,"9","301",,,,,,,,,,,,,"226","35","798","172","7","1","2","1","1FFFFF","1AAAAAAAA1AAAA","4",,,,,,,,,,,,,,,
"5100523","2016-09-12T12:48:00","23.34","125.59",,,"1","4","2","5",,,,"11",,,,,,,,,,,,"8",,,,,,"9","301",,,,,,,,,,,,,"226","35","798","172","7","0",,"1","1FFFFF","1AAAAAAAA1AAAA","4",,,,,,,,,,,,,,,
"3200560","2016-09-12T12:49:00","20.59","124.66",,,"1","4","2","5",,,,"11",,,,,,,,,,,,"8",,,,,,"9","299",,,,,,,,,,,,,"226","4","798","172","7","0",,"1","1FFFFF","1AAAAAAAA1AAAA","4",,,,,,,,,,,,,,,
"3200623","2016-09-12T12:49:00","24.77","129.25",,,"1","4","2","5",,,,"11",,,,,,,,,,,,"8",,,,,,"9","296",,,,,,,,,,,,,"226","49","798","172","7","1","2","1","1FFFFF","1AAAAAAAA1AAAA","4",,,,,,,,,,,,,,,
"3200623","2016-09-12T12:50:00","24.77","129.25",,,"1","4","2","5",,,,"11",,,,,,,,,,,,"8",,,,,,"9","296",,,,,,,,,,,,,"226","49","798","172","7","1","2","1","1FFFFF","1AAAAAAAA1AAAA","4",,,,,,,,,,,,,,,
"3200623","2016-09-12T12:53:00","24.77","129.25",,,"1","4","2","5",,,,"11",,,,,,,,,,,,"8",,,,,,"9","296",,,,,,,,,,,,,"226","49","798","172","7","1","2","1","1FFFFF","1AAAAAAAA1AAAA","4",,,,,,,,,,,,,,,
"3200560","2016-09-12T13:00:00","20.59","124.66",,,"1","4","2","5",,,,"11",,,,,,,,,,,,"8",,,,,,"9","299",,,,,,,,,,,,,"226","4","798","172","7","1","2","1","1FFFFF","1AAAAAAAA1AAAA","4",,,,,,,,,,,,,,,
"5100523","2016-09-12T13:30:00","23.34","125.59",,,"1","4","2","5",,,,"11",,,,,,,,,,,,"8",,,,,,"9","301",,,,,,,,,,,,,"226","35","798","172","7","1","2","1","1FFFFF","1AAAAAAAA1AAAA","4",,,,,,,,,,,,,,,
"5100523","2016-09-12T13:40:00","23.32","125.55",,,"1","4","2","5",,,,"11",,,,,,,,,,,,"8",,,,,,"9","301",,,,,,,,,,,,,"226","35","798","172","7","0",,"1","1FFFFF","1AAAAAAAA1AAAA","4",,,,,,,,,,,,,,,
"3200560","2016-09-12T13:41:00","20.58","124.66",,,"1","4","2","5",,,,"11",,,,,,,,,,,,"8",,,,,,"9","299",,,,,,,,,,,,,"226","4","798","172","7","0",,"1","1FFFFF","1AAAAAAAA1AAAA","4",,,,,,,,,,,,,,,
"3200623","2016-09-12T13:42:00","24.77","129.25",,,"1","4","2","5",,,,"11",,,,,,,,,,,,"8",,,,,,"9","295",,,,,,,,,,,,,"226","49","798","172","7","1","2","1","1FFFFF","1AAAAAAAA1AAAA","4",,,,,,,,,,,,,,,
"5100523","2016-09-12T13:45:00","23.32","125.55",,,"1","4","2","5",,,,"11",,,,,,,,,,,,"8",,,,,,"9","301",,,,,,,,,,,,,"226","35","798","172","7","1","2","1","1FFFFF","1AAAAAAAA1AAAA","4",,,,,,,,,,,,,,,
"3200560","2016-09-12T14:00:00","20.58","124.66",,,"1","4","2","5",,,,"11",,,,,,,,,,,,"8",,,,,,"9","299",,,,,,,,,,,,,"226","4","798","172","7","1","2","1","1FFFFF","1AAAAAAAA1AAAA","4",,,,,,,,,,,,,,,
"5100523","2016-09-12T14:15:00","23.32","125.55",,,"1","4","2","5",,,,"11",,,,,,,,,,,,"8",,,,,,"9","301",,,,,,,,,,,,,"226","35","798","172","7","1","2","1","1FFFFF","1AAAAAAAA1AAAA","4",,,,,,,,,,,,,,,
"3200560","2016-09-12T15:00:00","20.58","124.66",,,"1","4","2","5",,,,"11",,,,,,,,,,,,"8",,,,,,"9","299",,,,,,,,,,,,,"226","4","798","172","7","1","2","1","1FFFFF","1AAAAAAAA1AAAA","4",,,,,,,,,,,,,,,
"VRKF5","2016-09-12T15:00:00","24.90","122.80",,,"1","4","0","0","1","3",,"1","0","350","3","77",,"97",,"0","10130","2","3","3","260","0","240",,"230","1","300","3","3","1","7","3","A",,"2","3",,"2","3","226","42","992","114","5","1","2","1","111111","111A1111111171",,,"1","0",,"2","3",,,,,,,,"4",
"3200560","2016-09-12T16:00:00","20.58","124.66",,,"1","4","2","5",,,,"11",,,,,,,,,,,,"8",,,,,,"9","299",,,,,,,,,,,,,"226","4","798","172","7","1","2","1","1FFFFF","1AAAAAAAA1AAAA","4",,,,,,,,,,,,,,,
"3200623","2016-09-12T16:41:00","24.77","129.25",,,"1","4","2","5",,,,"11",,,,,,,,,,,,"8",,,,,,"9","294",,,,,,,,,,,,,"226","49","798","172","7","1","2","1","1FFFFF","1AAAAAAAA1AAAA","4",,,,,,,,,,,,,,,
"3200560","2016-09-12T17:00:00","20.51","124.64",,,"1","4","2","5",,,,"11",,,,,,,,,,,,"8",,,,,,"9","299",,,,,,,,,,,,,"226","4","798","172","7","1","2","1","1FFFFF","1AAAAAAAA1AAAA","4",,,,,,,,,,,,,,,
"3200560","2016-09-12T18:00:00","20.51","124.64",,,"1","4","2","5",,,,"11",,,,,,,,,,,,"8",,,,,,"9","298",,,,,,,,,,,,,"226","4","798","172","7","1","2","1","1FFFFF","1AAAAAAAA1AAAA","4",,,,,,,,,,,,,,,
"9V9062","2016-09-12T18:00:00","25.20","120.70",,,"1","4","0","0","5","3",,"1","0","20","4","149",,"97",,"1","10138","4","0","0","250","0","240",,"235",,,"6","5","7","A","7","9",,"4","6",,,,"226","50","992","114","5","1","2","1","F11111","111A11111A11A1",,,"1","1",,,,,,,,,,,"4",
"C6LG6","2016-09-12T18:00:00","24.90","124.50",,,"1","4","0","0","6","3","1","1","0","40","1","40",,"98","0","0","10110","6","10","0","270","0","255",,"249",,,"2","2","8","5","A","A",,"3","1","38","4","3","226","44","992","114","5","1","2","1","F11111","111111111A1111",,,"1","0",,,,,,,,,,,"4",
"DNDD","2016-09-12T18:00:00","27.20","122.10",,,"1","4","0","0","5","3",,"1","0","50","3","113",,"97","10","2","10120","4","0","0","260","0","260",,"260","3","260","8","8","7","2","A","A",,"6","4","5","7","3","226","72","992","114","5","1","2","1","111113","11111111111111",,,"1","2",,,,,,,,,,,"4",
"WZZF","2016-09-12T18:00:00","27.90","129.90",,,"1","4","0","0","1","3",,"1","0","140","3","67",,"98","1","0","10130","4","0","0","260","0","250",,"246","1","310","2","2","1","5","A","A",,"6","2","14","12","4","226","79","992","114","5","1","2","1","111111","11111111111111",,,"1","0",,,,,,,,,,,"4",
"5100523","2016-09-12T18:15:00","23.32","125.44",,,"1","4","2","5",,,,"11",,,,,,,,,,,,"8",,,,,,"9","300",,,,,,,,,,,,,"226","35","798","172","7","1","2","1","1FFFFF","1AAAAAAAA1AAAA","4",,,,,,,,,,,,,,,
"3200623","2016-09-12T18:22:00","24.80","129.17",,,"1","4","2","5",,,,"11",,,,,,,,,,,,"8",,,,,,"9","294",,,,,,,,,,,,,"226","49","798","172","7","0",,"1","1FFFFF","1AAAAAAAA1AAAA","4",,,,,,,,,,,,,,,
"5100523","2016-09-12T18:23:00","23.32","125.44",,,"1","4","2","5",,,,"11",,,,,,,,,,,,"8",,,,,,"9","300",,,,,,,,,,,,,"226","35","798","172","7","0",,"1","1FFFFF","1AAAAAAAA1AAAA","4",,,,,,,,,,,,,,,
"3200560","2016-09-12T18:24:00","20.51","124.64",,,"1","4","2","5",,,,"11",,,,,,,,,,,,"8",,,,,,"9","299",,,,,,,,,,,,,"226","4","798","172","7","1","2","1","1FFFFF","1AAAAAAAA1AAAA","4",,,,,,,,,,,,,,,
"3200623","2016-09-12T18:25:00","24.80","129.17",,,"1","4","2","5",,,,"11",,,,,,,,,,,,"8",,,,,,"9","294",,,,,,,,,,,,,"226","49","798","172","7","1","2","1","1FFFFF","1AAAAAAAA1AAAA","4",,,,,,,,,,,,,,,
"3200623","2016-09-12T18:29:00","24.80","129.17",,,"1","4","2","5",,,,"11",,,,,,,,,,,,"8",,,,,,"9","294",,,,,,,,,,,,,"226","49","798","172","7","1","2","1","1FFFFF","1AAAAAAAA1AAAA","4",,,,,,,,,,,,,,,
"3200560","2016-09-12T19:00:00","20.51","124.64",,,"1","4","2","5",,,,"11",,,,,,,,,,,,"8",,,,,,"9","298",,,,,,,,,,,,,"226","4","798","172","7","1","2","1","1FFFFF","1AAAAAAAA1AAAA","4",,,,,,,,,,,,,,,
"3200560","2016-09-12T20:00:00","20.51","124.64",,,"1","4","2","5",,,,"11",,,,,,,,,,,,"8",,,,,,"9","298",,,,,,,,,,,,,"226","4","798","172","7","0",,"1","1FFFFF","1AAAAAAAA1AAAA","4",,,,,,,,,,,,,,,
"5100523","2016-09-12T20:00:00","23.32","125.44",,,"1","4","2","5",,,,"11",,,,,,,,,,,,"8",,,,,,"9","300",,,,,,,,,,,,,"226","35","798","172","7","0",,"1","1FFFFF","1AAAAAAAA1AAAA","4",,,,,,,,,,,,,,,
"3200623","2016-09-12T20:02:00","24.81","129.12",,,"1","4","2","5",,,,"11",,,,,,,,,,,,"8",,,,,,"9","293",,,,,,,,,,,,,"226","49","798","172","7","1","2","1","1FFFFF","1AAAAAAAA1AAAA","4",,,,,,,,,,,,,,,
"3200623","2016-09-12T20:04:00","24.82","129.13",,,"1","4","2","5",,,,"11",,,,,,,,,,,,"8",,,,,,"9","293",,,,,,,,,,,,,"226","49","798","172","7","1","2","1","1FFFFF","1AAAAAAAA1AAAA","4",,,,,,,,,,,,,,,
"3200623","2016-09-12T20:07:00","24.81","129.12",,,"1","4","2","5",,,,"11",,,,,,,,,,,,"8",,,,,,"9","293",,,,,,,,,,,,,"226","49","798","172","7","1","2","1","1FFFFF","1AAAAAAAA1AAAA","4",,,,,,,,,,,,,,,
"5100523","2016-09-12T20:15:00","23.33","125.39",,,"1","4","2","5",,,,"11",,,,,,,,,,,,"8",,,,,,"9","300",,,,,,,,,,,,,"226","35","798","172","7","1","2","1","1FFFFF","1AAAAAAAA1AAAA","4",,,,,,,,,,,,,,,
"3200623","2016-09-12T20:27:00","24.82","129.12",,,"1","4","2","5",,,,"11",,,,,,,,,,,,"8",,,,,,"9","294",,,,,,,,,,,,,"226","49","798","172","7","1","2","1","1FFFFF","1AAAAAAAA1AAAA","4",,,,,,,,,,,,,,,
"3200623","2016-09-12T20:29:00","24.82","129.12",,,"1","4","2","5",,,,"11",,,,,,,,,,,,"8",,,,,,"9","293",,,,,,,,,,,,,"226","49","798","172","7","1","2","1","1FFFFF","1AAAAAAAA1AAAA","4",,,,,,,,,,,,,,,
"5100523","2016-09-12T20:29:00","23.33","125.39",,,"1","4","2","5",,,,"11",,,,,,,,,,,,"8",,,,,,"9","300",,,,,,,,,,,,,"226","35","798","172","7","1","2","1","1FFFFF","1AAAAAAAA1AAAA","4",,,,,,,,,,,,,,,
"5100523","2016-09-12T20:30:00","23.33","125.39",,,"1","4","2","5",,,,"11",,,,,,,,,,,,"8",,,,,,"9","300",,,,,,,,,,,,,"226","35","798","172","7","1","2","1","1FFFFF","1AAAAAAAA1AAAA","4",,,,,,,,,,,,,,,
"5100523","2016-09-12T20:45:00","23.33","125.39",,,"1","4","2","5",,,,"11",,,,,,,,,,,,"8",,,,,,"9","300",,,,,,,,,,,,,"226","35","798","172","7","1","2","1","1FFFFF","1AAAAAAAA1AAAA","4",,,,,,,,,,,,,,,
"3200623","2016-09-12T20:52:00","24.82","129.12",,,"1","4","2","5",,,,"11",,,,,,,,,,,,"8",,,,,,"9","294",,,,,,,,,,,,,"226","49","798","172","7","1","2","1","1FFFFF","1AAAAAAAA1AAAA","4",,,,,,,,,,,,,,,
"5100523","2016-09-12T20:52:00","23.33","125.38",,,"1","4","2","5",,,,"11",,,,,,,,,,,,"8",,,,,,"9","300",,,,,,,,,,,,,"226","35","798","172","7","0",,"1","1FFFFF","1AAAAAAAA1AAAA","4",,,,,,,,,,,,,,,
"3200623","2016-09-12T20:53:00","24.83","129.12",,,"1","4","2","5",,,,"11",,,,,,,,,,,,"8",,,,,,"9","293",,,,,,,,,,,,,"226","49","798","172","7","0",,"1","1FFFFF","1AAAAAAAA1AAAA","4",,,,,,,,,,,,,,,
"3200560","2016-09-12T20:55:00","20.47","124.64",,,"1","4","2","5",,,,"11",,,,,,,,,,,,"8",,,,,,"9","298",,,,,,,,,,,,,"226","4","798","172","7","0",,"1","1FFFFF","1AAAAAAAA1AAAA","4",,,,,,,,,,,,,,,
"3200560","2016-09-12T21:00:00","20.47","124.64",,,"1","4","2","5",,,,"11",,,,,,,,,,,,"8",,,,,,"9","298",,,,,,,,,,,,,"226","4","798","172","7","1","2","1","1FFFFF","1AAAAAAAA1AAAA","4",,,,,,,,,,,,,,,
"5100523","2016-09-12T21:30:00","23.33","125.38",,,"1","4","2","5",,,,"11",,,,,,,,,,,,"8",,,,,,"9","300",,,,,,,,,,,,,"226","35","798","172","7","1","2","1","1FFFFF","1AAAAAAAA1AAAA","4",,,,,,,,,,,,,,,
"5100523","2016-09-12T21:40:00","23.34","125.37",,,"1","4","2","5",,,,"11",,,,,,,,,,,,"8",,,,,,"9","300",,,,,,,,,,,,,"226","35","798","172","7","1","2","2","1FFFFF","1AAAAAAAA1AAAA","4",,,,,,,,,,,,,,,
"3200623","2016-09-12T21:41:00","24.83","129.12",,,"1","4","2","5",,,,"11",,,,,,,,,,,,"8",,,,,,"9","293",,,,,,,,,,,,,"226","49","798","172","7","1","2","2","1FFFFF","1AAAAAAAA1AAAA","4",,,,,,,,,,,,,,,
"5100523","2016-09-12T21:45:00","23.34","125.37",,,"1","4","2","5",,,,"11",,,,,,,,,,,,"8",,,,,,"9","300",,,,,,,,,,,,,"226","35","798","172","7","1","2","2","1FFFFF","1AAAAAAAA1AAAA","4",,,,,,,,,,,,,,,
"3200623","2016-09-12T21:47:00","24.83","129.12",,,"1","4","2","5",,,,"11",,,,,,,,,,,,"8",,,,,,"9","293",,,,,,,,,,,,,"226","49","798","172","7","1","2","2","1FFFFF","1AAAAAAAA1AAAA","4",,,,,,,,,,,,,,,
"3200560","2016-09-12T22:00:00","20.44","124.62",,,"1","4","2","5",,,,"11",,,,,,,,,,,,"8",,,,,,"9","297",,,,,,,,,,,,,"226","4","798","172","7","1","2","2","1FFFFF","1AAAAAAAA1AAAA","4",,,,,,,,,,,,,,,
"5100523","2016-09-12T22:00:00","23.34","125.35",,,"1","4","2","5",,,,"11",,,,,,,,,,,,"8",,,,,,"9","299",,,,,,,,,,,,,"226","35","798","172","7","1","2","2","1FFFFF","1AAAAAAAA1AAAA","4",,,,,,,,,,,,,,,
"3200560","2016-09-12T22:06:00","20.44","124.62",,,"1","4","2","5",,,,"11",,,,,,,,,,,,"8",,,,,,"9","297",,,,,,,,,,,,,"226","4","798","172","7","0",,"2","1FFFFF","1AAAAAAAA1AAAA","4",,,,,,,,,,,,,,,
"5100523","2016-09-12T22:06:00","23.34","125.35",,,"1","4","2","5",,,,"11",,,,,,,,,,,,"8",,,,,,"9","299",,,,,,,,,,,,,"226","35","798","172","7","0",,"2","1FFFFF","1AAAAAAAA1AAAA","4",,,,,,,,,,,,,,,
"3200623","2016-09-12T22:07:00","24.83","129.11",,,"1","4","2","5",,,,"11",,,,,,,,,,,,"8",,,,,,"9","293",,,,,,,,,,,,,"226","49","798","172","7","0",,"2","1FFFFF","1AAAAAAAA1AAAA","4",,,,,,,,,,,,,,,
"3200623","2016-09-12T22:10:00","24.83","129.11",,,"1","4","2","5",,,,"11",,,,,,,,,,,,"8",,,,,,"9","293",,,,,,,,,,,,,"226","49","798","172","7","1","2","2","1FFFFF","1AAAAAAAA1AAAA","4",,,,,,,,,,,,,,,
"5100523","2016-09-12T22:15:00","23.34","125.37",,,"1","4","2","5",,,,"11",,,,,,,,,,,,"8",,,,,,"9","299",,,,,,,,,,,,,"226","35","798","172","7","1","2","2","1FFFFF","1AAAAAAAA1AAAA","4",,,,,,,,,,,,,,,
"5100523","2016-09-12T22:30:00","23.34","125.37",,,"1","4","2","5",,,,"11",,,,,,,,,,,,"8",,,,,,"9","299",,,,,,,,,,,,,"226","35","798","172","7","1","2","2","1FFFFF","1AAAAAAAA1AAAA","4",,,,,,,,,,,,,,,
"3200623","2016-09-12T22:32:00","24.83","129.10",,,"1","4","2","5",,,,"11",,,,,,,,,,,,"8",,,,,,"9","293",,,,,,,,,,,,,"226","49","798","172","7","0",,"2","1FFFFF","1AAAAAAAA1AAAA","4",,,,,,,,,,,,,,,
"5100523","2016-09-12T22:32:00","23.34","125.34",,,"1","4","2","5",,,,"11",,,,,,,,,,,,"8",,,,,,"9","299",,,,,,,,,,,,,"226","35","798","172","7","1","2","2","1FFFFF","1AAAAAAAA1AAAA","4",,,,,,,,,,,,,,,
"3200623","2016-09-12T22:33:00","24.83","129.12",,,"1","4","2","5",,,,"11",,,,,,,,,,,,"8",,,,,,"9","293",,,,,,,,,,,,,"226","49","798","172","7","1","2","2","1FFFFF","1AAAAAAAA1AAAA","4",,,,,,,,,,,,,,,
"3200560","2016-09-12T22:36:00","20.43","124.62",,,"1","4","2","5",,,,"11",,,,,,,,,,,,"8",,,,,,"9","299",,,,,,,,,,,,,"226","4","798","172","7","1","2","2","1FFFFF","1AAAAAAAA1AAAA","4",,,,,,,,,,,,,,,
"3200623","2016-09-12T22:38:00","24.83","129.10",,,"1","4","2","5",,,,"11",,,,,,,,,,,,"8",,,,,,"9","293",,,,,,,,,,,,,"226","49","798","172","7","1","2","2","1FFFFF","1AAAAAAAA1AAAA","4",,,,,,,,,,,,,,,
"3200560","2016-09-12T23:00:00","20.43","124.62",,,"1","4","2","5",,,,"11",,,,,,,,,,,,"8",,,,,,"9","297",,,,,,,,,,,,,"226","4","798","172","7","1","2","2","1FFFFF","1AAAAAAAA1AAAA","4",,,,,,,,,,,,,,,
"5100523","2016-09-12T23:15:00","23.34","125.34",,,"1","4","2","5",,,,"11",,,,,,,,,,,,"8",,,,,,"9","299",,,,,,,,,,,,,"226","35","798","172","7","1","2","2","1FFFFF","1AAAAAAAA1AAAA","4",,,,,,,,,,,,,,,
"3200623","2016-09-12T23:23:00","24.83","129.10",,,"1","4","2","5",,,,"11",,,,,,,,,,,,"8",,,,,,"9","293",,,,,,,,,,,,,"226","49","798","172","7","1","2","2","1FFFFF","1AAAAAAAA1AAAA","4",,,,,,,,,,,,,,,
"3200623","2016-09-12T23:37:00","24.85","129.07",,,"1","4","2","5",,,,"11",,,,,,,,,,,,"8",,,,,,"9","293",,,,,,,,,,,,,"226","49","798","172","7","1","2","2","1FFFFF","1AAAAAAAA1AAAA","4",,,,,,,,,,,,,,,
"3200560","2016-09-13T00:00:00","20.43","124.62",,,"1","4","2","5",,,,"11",,,,,,,,,,,,"8",,,,,,"9","299",,,,,,,,,,,,,"226","4","798","172","7","1","2","2","1FFFFF","1AAAAAAAA1AAAA","4",,,,,,,,,,,,,,,
"ZNQO3","2016-09-13T00:00:00","25.60","120.60",,,"1","4","0","0","5","5",,"1","0","10","1","140",,"97",,,"10139","0","2","0","251","0","205",,"183","3","279","9","9","A","A","A","A",,"13","6","31","12","6","226","50","992","114","5","1","2","2","111111","111AA111111111",,,"1",,,,,,,,,,,,"4",
"5100523","2016-09-13T00:15:00","23.34","125.34",,,"1","4","2","5",,,,"11",,,,,,,,,,,,"8",,,,,,"9","299",,,,,,,,,,,,,"226","35","798","172","7","1","2","2","1FFFFF","1AAAAAAAA1AAAA","4",,,,,,,,,,,,,,,
"3200623","2016-09-13T00:28:00","24.85","129.07",,,"1","4","2","5",,,,"11",,,,,,,,,,,,"8",,,,,,"9","294",,,,,,,,,,,,,"226","49","798","172","7","1","2","2","1FFFFF","1AAAAAAAA1AAAA","4",,,,,,,,,,,,,,,
"3200623","2016-09-13T00:30:00","24.85","129.07",,,"1","4","2","5",,,,"11",,,,,,,,,,,,"8",,,,,,"9","293",,,,,,,,,,,,,"226","49","798","172","7","1","2","2","1FFFFF","1AAAAAAAA1AAAA","4",,,,,,,,,,,,,,,
"5100523","2016-09-13T00:30:00","23.34","125.34",,,"1","4","2","5",,,,"11",,,,,,,,,,,,"8",,,,,,"9","299",,,,,,,,,,,,,"226","35","798","172","7","1","2","2","1FFFFF","1AAAAAAAA1AAAA","4",,,,,,,,,,,,,,,
"3200560","2016-09-13T01:00:00","20.43","124.62",,,"1","4","2","5",,,,"11",,,,,,,,,,,,"8",,,,,,"9","298",,,,,,,,,,,,,"226","4","798","172","7","1","2","2","1FFFFF","1AAAAAAAA1AAAA","4",,,,,,,,,,,,,,,
"5100523","2016-09-13T01:00:00","23.34","125.34",,,"1","4","2","5",,,,"11",,,,,,,,,,,,"8",,,,,,"9","299",,,,,,,,,,,,,"226","35","798","172","7","1","2","2","1FFFFF","1AAAAAAAA1AAAA","4",,,,,,,,,,,,,,,
"9V6346","2016-09-13T01:00:00","23.70","122.10",,,"1","4","0","0","1","3",,"1","0","360","4","154",,"98",,"0","10000","4","0","0","260","0","240",,"232","1","240","3","3","1","8","A","A",,"6","6",,"6","6","226","32","992","114","5","1","2","2","411111","111A1111111171",,,"1","0",,"6","2",,,,,,,,"4",
"3200623","2016-09-13T01:14:00","24.85","129.07",,,"1","4","2","5",,,,"11",,,,,,,,,,,,"8",,,,,,"9","294",,,,,,,,,,,,,"226","49","798","172","7","1","2","2","1FFFFF","1AAAAAAAA1AAAA","4",,,,,,,,,,,,,,,
"3200560","2016-09-13T02:00:00","20.33","124.55",,,"1","4","2","5",,,,"11",,,,,,,,,,,,"8",,,,,,"9","297",,,,,,,,,,,,,"226","4","798","172","7","1","2","2","1FFFFF","1AAAAAAAA1AAAA","4",,,,,,,,,,,,,,,
"5100523","2016-09-13T02:00:00","23.37","125.27",,,"1","4","2","5",,,,"11",,,,,,,,,,,,"8",,,,,,"9","298",,,,,,,,,,,,,"226","35","798","172","7","1","2","2","1FFFFF","1AAAAAAAA1AAAA","4",,,,,,,,,,,,,,,
"5100523","2016-09-13T02:05:00","23.36","125.28",,,"1","4","2","5",,,,"11",,,,,,,,,,,,"8",,,,,,"9","299",,,,,,,,,,,,,"226","35","798","172","7","1","2","2","1FFFFF","1AAAAAAAA1AAAA","4",,,,,,,,,,,,,,,
"3200623","2016-09-13T02:06:00","24.85","129.07",,,"1","4","2","5",,,,"11",,,,,,,,,,,,"8",,,,,,"9","294",,,,,,,,,,,,,"226","49","798","172","7","1","2","2","1FFFFF","1AAAAAAAA1AAAA","4",,,,,,,,,,,,,,,
"3200560","2016-09-13T02:07:00","20.33","124.55",,,"1","4","2","5",,,,"11",,,,,,,,,,,,"8",,,,,,"9","297",,,,,,,,,,,,,"226","4","798","172","7","1","2","2","1FFFFF","1AAAAAAAA1AAAA","4",,,,,,,,,,,,,,,
"3200623","2016-09-13T02:07:00","24.85","129.05",,,"1","4","2","5",,,,"11",,,,,,,,,,,,"8",,,,,,"9","294",,,,,,,,,,,,,"226","49","798","172","7","1","2","2","1FFFFF","1AAAAAAAA1AAAA","4",,,,,,,,,,,,,,,
"3200623","2016-09-13T02:11:00","24.85","129.05",,,"1","4","2","5",,,,"11",,,,,,,,,,,,"8",,,,,,"9","294",,,,,,,,,,,,,"226","49","798","172","7","1","2","2","1FFFFF","1AAAAAAAA1AAAA","4",,,,,,,,,,,,,,,
"5100523","2016-09-13T02:45:00","23.36","125.28",,,"1","4","2","5",,,,"11",,,,,,,,,,,,"8",,,,,,"9","299",,,,,,,,,,,,,"226","35","798","172","7","1","2","2","1FFFFF","1AAAAAAAA1AAAA","4",,,,,,,,,,,,,,,
"3200623","2016-09-13T02:53:00","24.85","129.04",,,"1","4","2","5",,,,"11",,,,,,,,,,,,"8",,,,,,"9","294",,,,,,,,,,,,,"226","49","798","172","7","1","2","2","1FFFFF","1AAAAAAAA1AAAA","4",,,,,,,,,,,,,,,
"3200623","2016-09-13T02:55:00","24.85","129.04",,,"1","4","2","5",,,,"11",,,,,,,,,,,,"8",,,,,,"9","294",,,,,,,,,,,,,"226","49","798","172","7","1","2","2","1FFFFF","1AAAAAAAA1AAAA","4",,,,,,,,,,,,,,,
"3200560","2016-09-13T03:00:00","20.33","124.54",,,"1","4","2","5",,,,"11",,,,,,,,,,,,"8",,,,,,"9","297",,,,,,,,,,,,,"226","4","798","172","7","1","2","2","1FFFFF","1AAAAAAAA1AAAA","4",,,,,,,,,,,,,,,
"3200560","2016-09-13T04:00:00","20.17","124.29",,,"1","4","2","5",,,,"11",,,,,,,,,,,,"8",,,,,,"9","296",,,,,,,,,,,,,"226","4","798","172","7","1","2","2","1FFFFF","1AAAAAAAA1AAAA","4",,,,,,,,,,,,,,,
"3200623","2016-09-13T04:00:00","24.85","129.05",,,"1","4","2","5",,,,"11",,,,,,,,,,,,"8",,,,,,"9","294",,,,,,,,,,,,,"226","49","798","172","7","1","2","2","1FFFFF","1AAAAAAAA1AAAA","4",,,,,,,,,,,,,,,
"9V6346","2016-09-13T04:00:00","24.30","122.30",,,"1","4","0","0","1","2",,"1","0","360","4","123",,"98",,"0","10010","4","10","0","320","0","280",,"267","1","280","3","3","A","8","9","A",,"6","6","38","6","6","226","42","992","114","5","1","2","2","131111","111A1111111117",,,"1","0","38","3","2",,,,,,,,"4",
"3200560","2016-09-13T05:00:00","20.33","124.54",,,"1","4","2","5",,,,"11",,,,,,,,,,,,"8",,,,,,"9","294",,,,,,,,,,,,,"226","4","798","172","7","1","2","2","1FFFFF","1AAAAAAAA1AAAA","4",,,,,,,,,,,,,,,
"5100523","2016-09-13T05:30:00","23.36","125.28",,,"1","4","2","5",,,,"11",,,,,,,,,,,,"8",,,,,,"9","298",,,,,,,,,,,,,"226","35","798","172","7","1","2","2","1FFFFF","1AAAAAAAA1AAAA","4",,,,,,,,,,,,,,,
"3200623","2016-09-13T05:36:00","24.87","129.00",,,"1","4","2","5",,,,"11",,,,,,,,,,,,"8",,,,,,"9","295",,,,,,,,,,,,,"226","49","798","172","7","1","2","2","1FFFFF","1AAAAAAAA1AAAA","4",,,,,,,,,,,,,,,
"5100523","2016-09-13T05:36:00","23.41","125.21",,,"1","4","2","5",,,,"11",,,,,,,,,,,,"8",,,,,,"9","298",,,,,,,,,,,,,"226","35","798","172","7","0",,"2","1FFFFF","1AAAAAAAA1AAAA","4",,,,,,,,,,,,,,,
"3200560","2016-09-13T05:37:00","20.17","124.29",,,"1","4","2","5",,,,"11",,,,,,,,,,,,"8",,,,,,"9","296",,,,,,,,,,,,,"226","4","798","172","7","1","2","2","1FFFFF","1AAAAAAAA1AAAA","4",,,,,,,,,,,,,,,
"3200623","2016-09-13T05:40:00","24.85","129.04",,,"1","4","2","5",,,,"11",,,,,,,,,,,,"8",,,,,,"9","294",,,,,,,,,,,,,"226","49","798","172","7","1","2","2","1FFFFF","1AAAAAAAA1AAAA","4",,,,,,,,,,,,,,,
"5100523","2016-09-13T05:45:00","23.41","125.21",,,"1","4","2","5",,,,"11",,,,,,,,,,,,"8",,,,,,"9","298",,,,,,,,,,,,,"226","35","798","172","7","1","2","2","1FFFFF","1AAAAAAAA1AAAA","4",,,,,,,,,,,,,,,
"3200623","2016-09-13T05:47:00","24.87","129.00",,,"1","4","2","5",,,,"11",,,,,,,,,,,,"8",,,,,,"9","294",,,,,,,,,,,,,"226","49","798","172","7","1","2","2","1FFFFF","1AAAAAAAA1AAAA","4",,,,,,,,,,,,,,,
"3200560","2016-09-13T06:00:00","20.17","124.29",,,"1","4","2","5",,,,"11",,,,,,,,,,,,"8",,,,,,"9","292",,,,,,,,,,,,,"226","4","798","172","7","0",,"2","1FFFFF","1AAAAAAAA1AAAA","4",,,,,,,,,,,,,,,
"3200560","2016-09-13T07:00:00","20.17","124.29",,,"1","4","2","5",,,,"11",,,,,,,,,,,,"8",,,,,,"9","291",,,,,,,,,,,,,"226","4","798","172","7","0",,"2","1FFFFF","1AAAAAAAA1AAAA","4",,,,,,,,,,,,,,,
"3200623","2016-09-13T07:15:00","24.87","129.00",,,"1","4","2","5",,,,"11",,,,,,,,,,,,"8",,,,,,"9","295",,,,,,,,,,,,,"226","49","798","172","7","1","2","2","1FFFFF","1AAAAAAAA1AAAA","4",,,,,,,,,,,,,,,
"5100523","2016-09-13T07:15:00","23.43","125.17",,,"1","4","2","5",,,,"11",,,,,,,,,,,,"8",,,,,,"9","298",,,,,,,,,,,,,"226","35","798","172","7","0",,"2","1FFFFF","1AAAAAAAA1AAAA","4",,,,,,,,,,,,,,,
"3200623","2016-09-13T07:22:00","24.88","128.96",,,"1","4","2","5",,,,"11",,,,,,,,,,,,"8",,,,,,"9","295",,,,,,,,,,,,,"226","48","798","172","7","0",,"2","1FFFFF","1AAAAAAAA1AAAA","4",,,,,,,,,,,,,,,
"5100523","2016-09-13T07:22:00","23.43","125.17",,,"1","4","2","5",,,,"11",,,,,,,,,,,,"8",,,,,,"9","299",,,,,,,,,,,,,"226","35","798","172","7","1","2","2","1FFFFF","1AAAAAAAA1AAAA","4",,,,,,,,,,,,,,,
"3200623","2016-09-13T07:23:00","24.88","128.96",,,"1","4","2","5",,,,"11",,,,,,,,,,,,"8",,,,,,"9","295",,,,,,,,,,,,,"226","48","798","172","7","1","2","2","1FFFFF","1AAAAAAAA1AAAA","4",,,,,,,,,,,,,,,
"3200560","2016-09-13T08:00:00","20.17","124.29",,,"1","4","2","5",,,,"11",,,,,,,,,,,,"8",,,,,,"9","289",,,,,,,,,,,,,"226","4","798","172","7","1","2","2","1FFFFF","1AAAAAAAA1AAAA","4",,,,,,,,,,,,,,,
"5100523","2016-09-13T08:00:00","23.43","125.17",,,"1","4","2","5",,,,"11",,,,,,,,,,,,"8",,,,,,"9","298",,,,,,,,,,,,,"226","35","798","172","7","1","2","2","1FFFFF","1AAAAAAAA1AAAA","4",,,,,,,,,,,,,,,
"3200623","2016-09-13T08:10:00","24.88","128.97",,,"1","4","2","5",,,,"11",,,,,,,,,,,,"8",,,,,,"9","294",,,,,,,,,,,,,"226","48","798","172","7","1","2","2","1FFFFF","1AAAAAAAA1AAAA","4",,,,,,,,,,,,,,,
"3200623","2016-09-13T08:13:00","24.88","128.97",,,"1","4","2","5",,,,"11",,,,,,,,,,,,"8",,,,,,"9","294",,,,,,,,,,,,,"226","48","798","172","7","1","2","2","1FFFFF","1AAAAAAAA1AAAA","4",,,,,,,,,,,,,,,
"3200623","2016-09-13T08:16:00","24.89","128.97",,,"1","4","2","5",,,,"11",,,,,,,,,,,,"8",,,,,,"9","294",,,,,,,,,,,,,"226","48","798","172","7","1","2","2","1FFFFF","1AAAAAAAA1AAAA","4",,,,,,,,,,,,,,,
"5100523","2016-09-13T08:45:00","23.43","125.17",,,"1","4","2","5",,,,"11",,,,,,,,,,,,"8",,,,,,"9","299",,,,,,,,,,,,,"226","35","798","172","7","1","2","2","1FFFFF","1AAAAAAAA1AAAA","4",,,,,,,,,,,,,,,
"3200623","2016-09-13T08:46:00","24.89","128.96",,,"1","4","2","5",,,,"11",,,,,,,,,,,,"8",,,,,,"9","294",,,,,,,,,,,,,"226","48","798","172","7","1","2","2","1FFFFF","1AAAAAAAA1AAAA","4",,,,,,,,,,,,,,,
"3200623","2016-09-13T08:48:00","24.89","128.96",,,"1","4","2","5",,,,"11",,,,,,,,,,,,"8",,,,,,"9","294",,,,,,,,,,,,,"226","48","798","172","7","1","2","2","1FFFFF","1AAAAAAAA1AAAA","4",,,,,,,,,,,,,,,
"3200623","2016-09-13T08:52:00","24.90","128.95",,,"1","4","2","5",,,,"11",,,,,,,,,,,,"8",,,,,,"9","294",,,,,,,,,,,,,"226","48","798","172","7","1","2","2","1FFFFF","1AAAAAAAA1AAAA","4",,,,,,,,,,,,,,,
"5100523","2016-09-13T08:53:00","23.44","125.17",,,"1","4","2","5",,,,"11",,,,,,,,,,,,"8",,,,,,"9","299",,,,,,,,,,,,,"226","35","798","172","7","1","2","2","1FFFFF","1AAAAAAAA1AAAA","4",,,,,,,,,,,,,,,
"3200560","2016-09-13T08:54:00","20.35","123.98",,,"1","4","2","5",,,,"11",,,,,,,,,,,,"8",,,,,,"9","290",,,,,,,,,,,,,"226","3","798","172","7","0",,"2","1FFFFF","1AAAAAAAA1AAAA","4",,,,,,,,,,,,,,,
"3200623","2016-09-13T08:54:00","24.89","128.96",,,"1","4","2","5",,,,"11",,,,,,,,,,,,"8",,,,,,"9","294",,,,,,,,,,,,,"226","48","798","172","7","1","2","2","1FFFFF","1AAAAAAAA1AAAA","4",,,,,,,,,,,,,,,
"3200560","2016-09-13T09:00:00","20.35","123.98",,,"1","4","2","5",,,,"11",,,,,,,,,,,,"8",,,,,,"9","290",,,,,,,,,,,,,"226","3","798","172","7","1","2","2","1FFFFF","1AAAAAAAA1AAAA","4",,,,,,,,,,,,,,,
"3200623","2016-09-13T09:00:00","24.90","128.95",,,"1","4","2","5",,,,"11",,,,,,,,,,,,"8",,,,,,"9","294",,,,,,,,,,,,,"226","48","798","172","7","1","2","2","1FFFFF","1AAAAAAAA1AAAA","4",,,,,,,,,,,,,,,
"5100523","2016-09-13T09:00:00","23.44","125.17",,,"1","4","2","5",,,,"11",,,,,,,,,,,,"8",,,,,,"9","299",,,,,,,,,,,,,"226","35","798","172","7","1","2","2","1FFFFF","1AAAAAAAA1AAAA","4",,,,,,,,,,,,,,,
"5100523","2016-09-13T09:45:00","23.44","125.17",,,"1","4","2","5",,,,"11",,,,,,,,,,,,"8",,,,,,"9","298",,,,,,,,,,,,,"226","35","798","172","7","1","2","2","1FFFFF","1AAAAAAAA1AAAA","4",,,,,,,,,,,,,,,
"3200560","2016-09-13T09:49:00","20.41","123.93",,,"1","4","2","5",,,,"11",,,,,,,,,,,,"8",,,,,,"9","292",,,,,,,,,,,,,"226","3","798","172","7","0",,"2","1FFFFF","1AAAAAAAA1AAAA","4",,,,,,,,,,,,,,,
"3200623","2016-09-13T09:49:00","24.90","128.94",,,"1","4","2","5",,,,"11",,,,,,,,,,,,"8",,,,,,"9","294",,,,,,,,,,,,,"226","48","798","172","7","0",,"1","1FFFFF","1AAAAAAAA1AAAA","4",,,,,,,,,,,,,,,
"3200623","2016-09-13T09:52:00","24.90","128.94",,,"1","4","2","5",,,,"11",,,,,,,,,,,,"8",,,,,,"9","294",,,,,,,,,,,,,"226","48","798","172","7","1","2","1","1FFFFF","1AAAAAAAA1AAAA","4",,,,,,,,,,,,,,,
"3200623","2016-09-13T09:57:00","24.90","128.94",,,"1","4","2","5",,,,"11",,,,,,,,,,,,"8",,,,,,"9","294",,,,,,,,,,,,,"226","48","798","172","7","1","2","1","1FFFFF","1AAAAAAAA1AAAA","4",,,,,,,,,,,,,,,
"3200560","2016-09-13T10:00:00","20.41","123.93",,,"1","4","2","5",,,,"11",,,,,,,,,,,,"8",,,,,,"9","292",,,,,,,,,,,,,"226","3","798","172","7","1","2","1","1FFFFF","1AAAAAAAA1AAAA","4",,,,,,,,,,,,,,,
"5100523","2016-09-13T10:15:00","23.46","125.15",,,"1","4","2","5",,,,"11",,,,,,,,,,,,"8",,,,,,"9","298",,,,,,,,,,,,,"226","35","798","172","7","1","2","1","1FFFFF","1AAAAAAAA1AAAA","4",,,,,,,,,,,,,,,
"5100523","2016-09-13T10:24:00","23.46","125.15",,,"1","4","2","5",,,,"11",,,,,,,,,,,,"8",,,,,,"9","298",,,,,,,,,,,,,"226","35","798","172","7","0",,"1","1FFFFF","1AAAAAAAA1AAAA","4",,,,,,,,,,,,,,,
"3200623","2016-09-13T10:25:00","24.90","128.93",,,"1","4","2","5",,,,"11",,,,,,,,,,,,"8",,,,,,"9","294",,,,,,,,,,,,,"226","48","798","172","7","0",,"1","1FFFFF","1AAAAAAAA1AAAA","4",,,,,,,,,,,,,,,
"3200623","2016-09-13T10:26:00","24.90","128.93",,,"1","4","2","5",,,,"11",,,,,,,,,,,,"8",,,,,,"9","294",,,,,,,,,,,,,"226","48","798","172","7","1","2","1","1FFFFF","1AAAAAAAA1AAAA","4",,,,,,,,,,,,,,,
"5100523","2016-09-13T10:30:00","23.46","125.15",,,"1","4","2","5",,,,"11",,,,,,,,,,,,"8",,,,,,"9","298",,,,,,,,,,,,,"226","35","798","172","7","1","2","1","1FFFFF","1AAAAAAAA1AAAA","4",,,,,,,,,,,,,,,
"3200623","2016-09-13T10:32:00","24.90","128.93",,,"1","4","2","5",,,,"11",,,,,,,,,,,,"8",,,,,,"9","294",,,,,,,,,,,,,"226","48","798","172","7","1","2","1","1FFFFF","1AAAAAAAA1AAAA","4",,,,,,,,,,,,,,,
"3200623","2016-09-13T10:36:00","24.90","128.93",,,"1","4","2","5",,,,"11",,,,,,,,,,,,"8",,,,,,"9","294",,,,,,,,,,,,,"226","48","798","172","7","1","2","1","1FFFFF","1AAAAAAAA1AAAA","4",,,,,,,,,,,,,,,
"3200623","2016-09-13T10:48:00","24.90","128.91",,,"1","4","2","5",,,,"11",,,,,,,,,,,,"8",,,,,,"9","294",,,,,,,,,,,,,"226","48","798","172","7","0",,"1","1FFFFF","1AAAAAAAA1AAAA","4",,,,,,,,,,,,,,,
"3200623","2016-09-13T10:49:00","24.90","128.91",,,"1","4","2","5",,,,"11",,,,,,,,,,,,"8",,,,,,"9","294",,,,,,,,,,,,,"226","48","798","172","7","1","2","1","1FFFFF","1AAAAAAAA1AAAA","4",,,,,,,,,,,,,,,
"5100523","2016-09-13T11:30:00","23.46","125.12",,,"1","4","2","5",,,,"11",,,,,,,,,,,,"8",,,,,,"9","298",,,,,,,,,,,,,"226","35","798","172","7","1","2","1","1FFFFF","1AAAAAAAA1AAAA","4",,,,,,,,,,,,,,,
"3200623","2016-09-13T11:40:00","24.90","128.91",,,"1","4","2","5",,,,"11",,,,,,,,,,,,"8",,,,,,"9","294",,,,,,,,,,,,,"226","48","798","172","7","1","2","1","1FFFFF","1AAAAAAAA1AAAA","4",,,,,,,,,,,,,,,
"5100523","2016-09-13T11:43:00","23.46","125.12",,,"1","4","2","5",,,,"11",,,,,,,,,,,,"8",,,,,,"9","298",,,,,,,,,,,,,"226","35","798","172","7","0",,"1","1FFFFF","1AAAAAAAA1AAAA","4",,,,,,,,,,,,,,,
"5100523","2016-09-13T11:45:00","23.46","125.12",,,"1","4","2","5",,,,"11",,,,,,,,,,,,"8",,,,,,"9","298",,,,,,,,,,,,,"226","35","798","172","7","1","2","1","1FFFFF","1AAAAAAAA1AAAA","4",,,,,,,,,,,,,,,
"3200560","2016-09-13T12:00:00","20.57","123.74",,,"1","4","2","5",,,,"11",,,,,,,,,,,,"8",,,,,,"9","293",,,,,,,,,,,,,"226","3","798","172","7","1","2","1","1FFFFF","1AAAAAAAA1AAAA","4",,,,,,,,,,,,,,,
"5100523","2016-09-13T12:15:00","23.46","125.12",,,"1","4","2","5",,,,"11",,,,,,,,,,,,"8",,,,,,"9","298",,,,,,,,,,,,,"226","35","798","172","7","1","2","1","1FFFFF","1AAAAAAAA1AAAA","4",,,,,,,,,,,,,,,
"3200560","2016-09-13T12:28:00","20.57","123.74",,,"1","4","2","5",,,,"11",,,,,,,,,,,,"8",,,,,,"9","293",,,,,,,,,,,,,"226","3","798","172","7","0",,"1","1FFFFF","1AAAAAAAA1AAAA","4",,,,,,,,,,,,,,,
"3200623","2016-09-13T12:28:00","24.92","128.91",,,"1","4","2","5",,,,"11",,,,,,,,,,,,"8",,,,,,"9","294",,,,,,,,,,,,,"226","48","798","172","7","1","2","1","1FFFFF","1AAAAAAAA1AAAA","4",,,,,,,,,,,,,,,
"5100523","2016-09-13T12:29:00","23.46","125.12",,,"1","4","2","5",,,,"11",,,,,,,,,,,,"8",,,,,,"9","298",,,,,,,,,,,,,"226","35","798","172","7","0",,"1","1FFFFF","1AAAAAAAA1AAAA","4",,,,,,,,,,,,,,,
"3200623","2016-09-13T12:30:00","24.92","128.91",,,"1","4","2","5",,,,"11",,,,,,,,,,,,"8",,,,,,"9","294",,,,,,,,,,,,,"226","48","798","172","7","1","2","1","1FFFFF","1AAAAAAAA1AAAA","4",,,,,,,,,,,,,,,
"5100523","2016-09-13T12:30:00","23.46","125.12",,,"1","4","2","5",,,,"11",,,,,,,,,,,,"8",,,,,,"9","298",,,,,,,,,,,,,"226","35","798","172","7","1","2","1","1FFFFF","1AAAAAAAA1AAAA","4",,,,,,,,,,,,,,,
"3200560","2016-09-13T13:00:00","20.63","123.72",,,"1","4","2","5",,,,"11",,,,,,,,,,,,"8",,,,,,"9","293",,,,,,,,,,,,,"226","3","798","172","7","1","2","1","1FFFFF","1AAAAAAAA1AAAA","4",,,,,,,,,,,,,,,
"5100523","2016-09-13T13:15:00","23.46","125.12",,,"1","4","2","5",,,,"11",,,,,,,,,,,,"8",,,,,,"9","298",,,,,,,,,,,,,"226","35","798","172","7","1","2","1","1FFFFF","1AAAAAAAA1AAAA","4",,,,,,,,,,,,,,,
"3200560","2016-09-13T13:24:00","20.63","123.72",,,"1","4","2","5",,,,"11",,,,,,,,,,,,"8",,,,,,"9","293",,,,,,,,,,,,,"226","3","798","172","7","0",,"1","1FFFFF","1AAAAAAAA1AAAA","4",,,,,,,,,,,,,,,
"3200560","2016-09-13T14:00:00","20.68","123.68",,,"1","4","2","5",,,,"11",,,,,,,,,,,,"8",,,,,,"9","292",,,,,,,,,,,,,"226","3","798","172","7","0",,"1","1FFFFF","1AAAAAAAA1AAAA","4",,,,,,,,,,,,,,,
"5100523","2016-09-13T14:00:00","23.46","125.09",,,"1","4","2","5",,,,"11",,,,,,,,,,,,"8",,,,,,"9","298",,,,,,,,,,,,,"226","35","798","172","7","1","2","1","1FFFFF","1AAAAAAAA1AAAA","4",,,,,,,,,,,,,,,
"3200623","2016-09-13T14:06:00","24.92","128.91",,,"1","4","2","5",,,,"11",,,,,,,,,,,,"8",,,,,,"9","294",,,,,,,,,,,,,"226","48","798","172","7","1","2","1","1FFFFF","1AAAAAAAA1AAAA","4",,,,,,,,,,,,,,,
"3200560","2016-09-13T14:07:00","20.68","123.68",,,"1","4","2","5",,,,"11",,,,,,,,,,,,"8",,,,,,"9","292",,,,,,,,,,,,,"226","3","798","172","7","1","2","1","1FFFFF","1AAAAAAAA1AAAA","4",,,,,,,,,,,,,,,
"5100523","2016-09-13T14:07:00","23.46","125.09",,,"1","4","2","5",,,,"11",,,,,,,,,,,,"8",,,,,,"9","298",,,,,,,,,,,,,"226","35","798","172","7","0",,"1","1FFFFF","1AAAAAAAA1AAAA","4",,,,,,,,,,,,,,,
"3200560","2016-09-13T15:00:00","20.68","123.68",,,"1","4","2","5",,,,"11",,,,,,,,,,,,"8",,,,,,"9","292",,,,,,,,,,,,,"226","3","798","172","7","1","2","1","1FFFFF","1AAAAAAAA1AAAA","4",,,,,,,,,,,,,,,
"9V6346","2016-09-13T15:00:00","26.00","123.10",,,"1","4","0","0","1","2",,"1","0","360","4","123",,"98",,"2","10100","4",,"0","260","0","240",,"232","1","260","6","6","4","8","A","A",,"5","5",,"5","5","226","63","992","114","5","1","2","1","111111","111A1111111177",,,"1","2",,"5","2",,,,,,,,"4",
"3200560","2016-09-13T16:00:00","20.68","123.68",,,"1","4","2","5",,,,"11",,,,,,,,,,,,"8",,,,,,"9","292",,,,,,,,,,,,,"226","3","798","172","7","1","2","1","1FFFFF","1AAAAAAAA1AAAA","4",,,,,,,,,,,,,,,
"3200560","2016-09-13T17:00:00","20.95","123.60",,,"1","4","2","5",,,,"11",,,,,,,,,,,,"8",,,,,,"9","292",,,,,,,,,,,,,"226","3","798","172","7","1","2","1","1FFFFF","1AAAAAAAA1AAAA","4",,,,,,,,,,,,,,,
"3200560","2016-09-13T18:00:00","20.95","123.60",,,"1","4","2","5",,,,"11",,,,,,,,,,,,"8",,,,,,"9","291",,,,,,,,,,,,,"226","3","798","172","7","1","2","1","1FFFFF","1AAAAAAAA1AAAA","4",,,,,,,,,,,,,,,
"5100523","2016-09-13T18:00:00","23.51","125.05",,,"1","4","2","5",,,,"11",,,,,,,,,,,,"8",,,,,,"9","297",,,,,,,,,,,,,"226","35","798","172","7","1","2","1","1FFFFF","1AAAAAAAA1AAAA","4",,,,,,,,,,,,,,,
"A8IZ2","2016-09-13T18:00:00","25.30","120.20",,,"1","4","0","0","1","3",,"1","0","50","4","149",,"97",,,"10050","4","0","0","280","0","260",,"250",,,"1","1","A","3","A","A",,,,,,,"226","50","992","114","5","1","2","1","F11111","111AA1111A1AA1",,,"3",,,,,,,,,,,,"4",
"3200623","2016-09-13T18:11:00","24.96","128.85",,,"1","4","2","5",,,,"11",,,,,,,,,,,,"8",,,,,,"9","294",,,,,,,,,,,,,"226","48","798","172","7","0",,"1","1FFFFF","1AAAAAAAA1AAAA","4",,,,,,,,,,,,,,,
"5100523","2016-09-13T18:12:00","23.51","125.05",,,"1","4","2","5",,,,"11",,,,,,,,,,,,"8",,,,,,"9","297",,,,,,,,,,,,,"226","35","798","172","7","0",,"1","1FFFFF","1AAAAAAAA1AAAA","4",,,,,,,,,,,,,,,
"3200560","2016-09-13T18:13:00","20.95","123.60",,,"1","4","2","5",,,,"11",,,,,,,,,,,,"8",,,,,,"9","292",,,,,,,,,,,,,"226","3","798","172","7","1","2","1","1FFFFF","1AAAAAAAA1AAAA","4",,,,,,,,,,,,,,,
"3200623","2016-09-13T18:15:00","24.96","128.85",,,"1","4","2","5",,,,"11",,,,,,,,,,,,"8",,,,,,"9","294",,,,,,,,,,,,,"226","48","798","172","7","1","2","1","1FFFFF","1AAAAAAAA1AAAA","4",,,,,,,,,,,,,,,
"5100523","2016-09-13T18:15:00","23.51","125.05",,,"1","4","2","5",,,,"11",,,,,,,,,,,,"8",,,,,,"9","297",,,,,,,,,,,,,"226","35","798","172","7","1","2","1","1FFFFF","1AAAAAAAA1AAAA","4",,,,,,,,,,,,,,,
"3200560","2016-09-13T19:00:00","20.95","123.60",,,"1","4","2","5",,,,"11",,,,,,,,,,,,"8",,,,,,"9","291",,,,,,,,,,,,,"226","3","798","172","7","0",,"1","1FFFFF","1AAAAAAAA1AAAA","4",,,,,,,,,,,,,,,
"5100523","2016-09-13T19:45:00","23.53","125.04",,,"1","4","2","5",,,,"11",,,,,,,,,,,,"8",,,,,,"9","297",,,,,,,,,,,,,"226","35","798","172","7","0",,"1","1FFFFF","1AAAAAAAA1AAAA","4",,,,,,,,,,,,,,,
"3200623","2016-09-13T19:51:00","24.97","128.82",,,"1","4","2","5",,,,"11",,,,,,,,,,,,"8",,,,,,"9","294",,,,,,,,,,,,,"226","48","798","172","7","1","2","1","1FFFFF","1AAAAAAAA1AAAA","4",,,,,,,,,,,,,,,
"5100523","2016-09-13T19:52:00","23.53","125.04",,,"1","4","2","5",,,,"11",,,,,,,,,,,,"8",,,,,,"9","297",,,,,,,,,,,,,"226","35","798","172","7","0",,"1","1FFFFF","1AAAAAAAA1AAAA","4",,,,,,,,,,,,,,,
"3200623","2016-09-13T19:54:00","24.98","128.83",,,"1","4","2","5",,,,"11",,,,,,,,,,,,"8",,,,,,"9","294",,,,,,,,,,,,,"226","48","798","172","7","1","2","1","1FFFFF","1AAAAAAAA1AAAA","4",,,,,,,,,,,,,,,
"3200560","2016-09-13T19:55:00","21.04","123.60",,,"1","4","2","5",,,,"11",,,,,,,,,,,,"8",,,,,,"9","291",,,,,,,,,,,,,"226","13","798","172","7","0",,"1","1FFFFF","1AAAAAAAA1AAAA","4",,,,,,,,,,,,,,,
"3200623","2016-09-13T19:57:00","24.97","128.82",,,"1","4","2","5",,,,"11",,,,,,,,,,,,"8",,,,,,"9","294",,,,,,,,,,,,,"226","48","798","172","7","0",,"1","1FFFFF","1AAAAAAAA1AAAA","4",,,,,,,,,,,,,,,
"5100523","2016-09-13T19:57:00","23.53","125.04",,,"1","4","2","5",,,,"11",,,,,,,,,,,,"8",,,,,,"9","297",,,,,,,,,,,,,"226","35","798","172","7","0",,"1","1FFFFF","1AAAAAAAA1AAAA","4",,,,,,,,,,,,,,,
"3200623","2016-09-13T19:58:00","24.97","128.82",,,"1","4","2","5",,,,"11",,,,,,,,,,,,"8",,,,,,"9","294",,,,,,,,,,,,,"226","48","798","172","7","1","2","1","1FFFFF","1AAAAAAAA1AAAA","4",,,,,,,,,,,,,,,
"3200560","2016-09-13T20:00:00","21.04","123.60",,,"1","4","2","5",,,,"11",,,,,,,,,,,,"8",,,,,,"9","291",,,,,,,,,,,,,"226","13","798","172","7","1","2","1","1FFFFF","1AAAAAAAA1AAAA","4",,,,,,,,,,,,,,,
"5100523","2016-09-13T20:30:00","23.53","125.04",,,"1","4","2","5",,,,"11",,,,,,,,,,,,"8",,,,,,"9","297",,,,,,,,,,,,,"226","35","798","172","7","1","2","1","1FFFFF","1AAAAAAAA1AAAA","4",,,,,,,,,,,,,,,
"3200623","2016-09-13T20:41:00","24.97","128.82",,,"1","4","2","5",,,,"11",,,,,,,,,,,,"8",,,,,,"9","294",,,,,,,,,,,,,"226","48","798","172","7","1","2","1","1FFFFF","1AAAAAAAA1AAAA","4",,,,,,,,,,,,,,,
"5100523","2016-09-13T20:41:00","23.53","125.03",,,"1","4","2","5",,,,"11",,,,,,,,,,,,"8",,,,,,"9","297",,,,,,,,,,,,,"226","35","798","172","7","0",,"1","1FFFFF","1AAAAAAAA1AAAA","4",,,,,,,,,,,,,,,
"5100523","2016-09-13T20:45:00","23.53","125.03",,,"1","4","2","5",,,,"11",,,,,,,,,,,,"8",,,,,,"9","297",,,,,,,,,,,,,"226","35","798","172","7","1","2","1","1FFFFF","1AAAAAAAA1AAAA","4",,,,,,,,,,,,,,,
"3200623","2016-09-13T20:47:00","24.97","128.81",,,"1","4","2","5",,,,"11",,,,,,,,,,,,"8",,,,,,"9","294",,,,,,,,,,,,,"226","48","798","172","7","1","2","1","1FFFFF","1AAAAAAAA1AAAA","4",,,,,,,,,,,,,,,
"5100523","2016-09-13T21:00:00","23.55","125.01",,,"1","4","2","5",,,,"11",,,,,,,,,,,,"8",,,,,,"9","297",,,,,,,,,,,,,"226","35","798","172","7","1","2","1","1FFFFF","1AAAAAAAA1AAAA","4",,,,,,,,,,,,,,,
"VRFI7","2016-09-13T21:00:00","25.50","121.20",,,"1","4","0","0","1","3",,"1","0","80","4","185",,"98","80","8","10105","4","0","0","270","0","260",,"257","1","276",,,,"A",,,,,,,,,"226","51","992","114","5","1","2","1","114111","11111111118AA1",,,"1","2",,,,,,,,,,,"4",
"5100523","2016-09-13T21:15:00","23.55","125.01",,,"1","4","2","5",,,,"11",,,,,,,,,,,,"8",,,,,,"9","297",,,,,,,,,,,,,"226","35","798","172","7","1","2","1","1FFFFF","1AAAAAAAA1AAAA","4",,,,,,,,,,,,,,,
"5100523","2016-09-13T21:16:00","23.55","125.01",,,"1","4","2","5",,,,"11",,,,,,,,,,,,"8",,,,,,"9","297",,,,,,,,,,,,,"226","35","798","172","7","0",,"1","1FFFFF","1AAAAAAAA1AAAA","4",,,,,,,,,,,,,,,
"3200623","2016-09-13T21:17:00","24.97","128.82",,,"1","4","2","5",,,,"11",,,,,,,,,,,,"8",,,,,,"9","294",,,,,,,,,,,,,"226","48","798","172","7","1","2","1","1FFFFF","1AAAAAAAA1AAAA","4",,,,,,,,,,,,,,,
"3200623","2016-09-13T21:19:00","24.97","128.82",,,"1","4","2","5",,,,"11",,,,,,,,,,,,"8",,,,,,"9","294",,,,,,,,,,,,,"226","48","798","172","7","1","2","2","1FFFFF","1AAAAAAAA1AAAA","4",,,,,,,,,,,,,,,
"5100523","2016-09-13T21:30:00","23.55","125.02",,,"1","4","2","5",,,,"11",,,,,,,,,,,,"8",,,,,,"9","297",,,,,,,,,,,,,"226","35","798","172","7","1","2","1","1FFFFF","1AAAAAAAA1AAAA","4",,,,,,,,,,,,,,,
"3200560","2016-09-13T21:37:00","21.11","123.60",,,"1","4","2","5",,,,"11",,,,,,,,,,,,"8",,,,,,"9","290",,,,,,,,,,,,,"226","13","798","172","7","0",,"1","1FFFFF","1AAAAAAAA1AAAA","4",,,,,,,,,,,,,,,
"5100523","2016-09-13T21:38:00","23.55","125.02",,,"1","4","2","5",,,,"11",,,,,,,,,,,,"8",,,,,,"9","297",,,,,,,,,,,,,"226","35","798","172","7","0",,"2","1FFFFF","1AAAAAAAA1AAAA","4",,,,,,,,,,,,,,,
"3200623","2016-09-13T21:41:00","24.98","128.81",,,"1","4","2","5",,,,"11",,,,,,,,,,,,"8",,,,,,"9","294",,,,,,,,,,,,,"226","48","798","172","7","1","2","2","1FFFFF","1AAAAAAAA1AAAA","4",,,,,,,,,,,,,,,
"3200560","2016-09-13T22:00:00","21.11","123.60",,,"1","4","2","5",,,,"11",,,,,,,,,,,,"8",,,,,,"9","290",,,,,,,,,,,,,"226","13","798","172","7","1","2","2","1FFFFF","1AAAAAAAA1AAAA","4",,,,,,,,,,,,,,,
"5100523","2016-09-13T22:15:00","23.55","125.02",,,"1","4","2","5",,,,"11",,,,,,,,,,,,"8",,,,,,"9","297",,,,,,,,,,,,,"226","35","798","172","7","1","2","2","1FFFFF","1AAAAAAAA1AAAA","4",,,,,,,,,,,,,,,
"3200623","2016-09-13T22:21:00","24.98","128.79",,,"1","4","2","5",,,,"11",,,,,,,,,,,,"8",,,,,,"9","294",,,,,,,,,,,,,"226","48","798","172","7","0",,"2","1FFFFF","1AAAAAAAA1AAAA","4",,,,,,,,,,,,,,,
"3200623","2016-09-13T22:24:00","24.98","128.79",,,"1","4","2","5",,,,"11",,,,,,,,,,,,"8",,,,,,"9","294",,,,,,,,,,,,,"226","48","798","172","7","1","2","2","1FFFFF","1AAAAAAAA1AAAA","4",,,,,,,,,,,,,,,
"5100523","2016-09-13T22:45:00","23.55","125.00",,,"1","4","2","5",,,,"11",,,,,,,,,,,,"8",,,,,,"9","297",,,,,,,,,,,,,"226","35","798","172","7","1","2","2","1FFFFF","1AAAAAAAA1AAAA","4",,,,,,,,,,,,,,,
"3200623","2016-09-13T22:58:00","24.98","128.79",,,"1","4","2","5",,,,"11",,,,,,,,,,,,"8",,,,,,"9","294",,,,,,,,,,,,,"226","48","798","172","7","1","2","2","1FFFFF","1AAAAAAAA1AAAA","4",,,,,,,,,,,,,,,
"5100523","2016-09-13T22:58:00","23.55","125.00",,,"1","4","2","5",,,,"11",,,,,,,,,,,,"8",,,,,,"9","297",,,,,,,,,,,,,"226","35","798","172","7","1","2","2","1FFFFF","1AAAAAAAA1AAAA","4",,,,,,,,,,,,,,,
"3200560","2016-09-13T23:00:00","21.17","123.63",,,"1","4","2","5",,,,"11",,,,,,,,,,,,"8",,,,,,"9","290",,,,,,,,,,,,,"226","13","798","172","7","1","2","2","1FFFFF","1AAAAAAAA1AAAA","4",,,,,,,,,,,,,,,
"4300531","2016-09-13T23:00:00","20.55","129.99",,,"1","4","2","5",,,,"11",,,,,,,,,,,,"8",,,,,,"9","296",,,,,,,,,,,,,"226","9","798","172","7","1","2","2","1FFFFF","1AAAAAAAA1AAAA","4",,,,,,,,,,,,,,,
"5100523","2016-09-13T23:00:00","23.55","125.00",,,"1","4","2","5",,,,"11",,,,,,,,,,,,"8",,,,,,"9","297",,,,,,,,,,,,,"226","35","798","172","7","1","2","2","1FFFFF","1AAAAAAAA1AAAA","4",,,,,,,,,,,,,,,
"3200623","2016-09-13T23:01:00","24.98","128.79",,,"1","4","2","5",,,,"11",,,,,,,,,,,,"8",,,,,,"9","294",,,,,,,,,,,,,"226","48","798","172","7","1","2","2","1FFFFF","1AAAAAAAA1AAAA","4",,,,,,,,,,,,,,,
"3200560","2016-09-14T00:00:00","21.17","123.63",,,"1","4","2","5",,,,"11",,,,,,,,,,,,"8",,,,,,"9","290",,,,,,,,,,,,,"226","13","798","172","7","1","2","2","1FFFFF","1AAAAAAAA1AAAA","4",,,,,,,,,,,,,,,
"4300531","2016-09-14T00:00:00","20.55","129.99",,,"1","4","2","5",,,,"11",,,,,,,,,,,,"8",,,,,,"9","296",,,,,,,,,,,,,"226","9","798","172","7","1","2","2","1FFFFF","1AAAAAAAA1AAAA","4",,,,,,,,,,,,,,,
"5100523","2016-09-14T00:00:00","23.55","125.00",,,"1","4","2","5",,,,"11",,,,,,,,,,,,"8",,,,,,"9","296",,,,,,,,,,,,,"226","35","798","172","7","1","2","2","1FFFFF","1AAAAAAAA1AAAA","4",,,,,,,,,,,,,,,
"OWKI2","2016-09-14T00:00:00","26.40","121.20",,,"1","4","0","0","4","2","1","1","0","40","4","103",,"97","58","5","10083","5",,"0","270","0","268",,"267","3","270","7","6","7","2","2","0",,"2","3","18","6","3","226","61","992","114","5","1","2","2","111113","11111111111117",,,"1","5",,,,,,,,,,,"4",
"VRFI7","2016-09-14T00:00:00","25.50","121.80",,,"1","4","0","0","2","3",,"1","0","70","4","201",,"98","2","2","10105","4","0","0","285","0","270",,"266","1","275","8","8","7","4","A","A",,"5","4","9","5","6","226","51","992","114","5","1","2","2","114111","11111111111111",,,"1","2",,,,,,,,,,,"4",
"3200623","2016-09-14T00:05:00","24.98","128.79",,,"1","4","2","5",,,,"11",,,,,,,,,,,,"8",,,,,,"9","294",,,,,,,,,,,,,"226","48","798","172","7","1","2","2","1FFFFF","1AAAAAAAA1AAAA","4",,,,,,,,,,,,,,,
"4300531","2016-09-14T00:07:00","20.55","129.99",,,"1","4","2","5",,,,"11",,,,,,,,,,,,"8",,,,,,"9","297",,,,,,,,,,,,,"226","9","798","172","7","1","2","2","1FFFFF","1AAAAAAAA1AAAA","4",,,,,,,,,,,,,,,
"5100523","2016-09-14T00:45:00","23.57","124.97",,,"1","4","2","5",,,,"11",,,,,,,,,,,,"8",,,,,,"9","296",,,,,,,,,,,,,"226","34","798","172","7","1","2","2","1FFFFF","1AAAAAAAA1AAAA","4",,,,,,,,,,,,,,,
"3200560","2016-09-14T00:54:00","21.23","123.66",,,"1","4","2","5",,,,"11",,,,,,,,,,,,"8",,,,,,"9","290",,,,,,,,,,,,,"226","13","798","172","7","0",,"2","1FFFFF","1AAAAAAAA1AAAA","4",,,,,,,,,,,,,,,
"3200623","2016-09-14T00:54:00","25.00","128.76",,,"1","4","2","5",,,,"11",,,,,,,,,,,,"8",,,,,,"9","294",,,,,,,,,,,,,"226","58","798","172","7","0",,"2","1FFFFF","1AAAAAAAA1AAAA","4",,,,,,,,,,,,,,,
"5100523","2016-09-14T00:54:00","23.57","124.97",,,"1","4","2","5",,,,"11",,,,,,,,,,,,"8",,,,,,"9","296",,,,,,,,,,,,,"226","34","798","172","7","0",,"2","1FFFFF","1AAAAAAAA1AAAA","4",,,,,,,,,,,,,,,
"3200623","2016-09-14T00:56:00","25.00","128.76",,,"1","4","2","5",,,,"11",,,,,,,,,,,,"8",,,,,,"9","294",,,,,,,,,,,,,"226","58","798","172","7","1","2","2","1FFFFF","1AAAAAAAA1AAAA","4",,,,,,,,,,,,,,,
"3200560","2016-09-14T01:00:00","21.23","123.66",,,"1","4","2","5",,,,"11",,,,,,,,,,,,"8",,,,,,"9","290",,,,,,,,,,,,,"226","13","798","172","7","1","2","2","1FFFFF","1AAAAAAAA1AAAA","4",,,,,,,,,,,,,,,
"4300531","2016-09-14T01:00:00","20.55","129.99",,,"1","4","2","5",,,,"11",,,,,,,,,,,,"8",,,,,,"9","297",,,,,,,,,,,,,"226","9","798","172","7","1","2","2","1FFFFF","1AAAAAAAA1AAAA","4",,,,,,,,,,,,,,,
"5100523","2016-09-14T01:00:00","23.57","124.97",,,"1","4","2","5",,,,"11",,,,,,,,,,,,"8",,,,,,"9","296",,,,,,,,,,,,,"226","34","798","172","7","1","2","2","1FFFFF","1AAAAAAAA1AAAA","4",,,,,,,,,,,,,,,
"5100523","2016-09-14T01:30:00","23.58","124.96",,,"1","4","2","5",,,,"11",,,,,,,,,,,,"8",,,,,,"9","296",,,,,,,,,,,,,"226","34","798","172","7","1","2","2","1FFFFF","1AAAAAAAA1AAAA","4",,,,,,,,,,,,,,,
"3200623","2016-09-14T01:44:00","24.98","128.79",,,"1","4","2","5",,,,"11",,,,,,,,,,,,"8",,,,,,"9","294",,,,,,,,,,,,,"226","48","798","172","7","1","2","2","1FFFFF","1AAAAAAAA1AAAA","4",,,,,,,,,,,,,,,
"4300531","2016-09-14T01:45:00","20.57","129.97",,,"1","4","2","5",,,,"11",,,,,,,,,,,,"8",,,,,,"9","298",,,,,,,,,,,,,"226","9","798","172","7","1","2","2","1FFFFF","1AAAAAAAA1AAAA","4",,,,,,,,,,,,,,,
"5100523","2016-09-14T01:45:00","23.58","124.96",,,"1","4","2","5",,,,"11",,,,,,,,,,,,"8",,,,,,"9","296",,,,,,,,,,,,,"226","34","798","172","7","1","2","2","1FFFFF","1AAAAAAAA1AAAA","4",,,,,,,,,,,,,,,
"3200560","2016-09-14T01:47:00","21.25","123.69",,,"1","4","2","5",,,,"11",,,,,,,,,,,,"8",,,,,,"9","290",,,,,,,,,,,,,"226","13","798","172","7","0",,"2","1FFFFF","1AAAAAAAA1AAAA","4",,,,,,,,,,,,,,,
"3200623","2016-09-14T01:50:00","25.01","128.75",,,"1","4","2","5",,,,"11",,,,,,,,,,,,"8",,,,,,"9","294",,,,,,,,,,,,,"226","58","798","172","7","0",,"2","1FFFFF","1AAAAAAAA1AAAA","4",,,,,,,,,,,,,,,
"3200560","2016-09-14T02:00:00","21.25","123.69",,,"1","4","2","5",,,,"11",,,,,,,,,,,,"8",,,,,,"9","290",,,,,,,,,,,,,"226","13","798","172","7","0",,"2","1FFFFF","1AAAAAAAA1AAAA","4",,,,,,,,,,,,,,,
"4300531","2016-09-14T02:00:00","20.57","129.97",,,"1","4","2","5",,,,"11",,,,,,,,,,,,"8",,,,,,"9","297",,,,,,,,,,,,,"226","9","798","172","7","1","2","2","1FFFFF","1AAAAAAAA1AAAA","4",,,,,,,,,,,,,,,
"3200623","2016-09-14T02:29:00","25.02","128.74",,,"1","4","2","5",,,,"11",,,,,,,,,,,,"8",,,,,,"9","295",,,,,,,,,,,,,"226","58","798","172","7","0",,"2","1FFFFF","1AAAAAAAA1AAAA","4",,,,,,,,,,,,,,,
"5100523","2016-09-14T02:30:00","23.60","124.95",,,"1","4","2","5",,,,"11",,,,,,,,,,,,"8",,,,,,"9","296",,,,,,,,,,,,,"226","34","798","172","7","1","2","2","1FFFFF","1AAAAAAAA1AAAA","4",,,,,,,,,,,,,,,
"5100523","2016-09-14T02:33:00","23.60","124.95",,,"1","4","2","5",,,,"11",,,,,,,,,,,,"8",,,,,,"9","296",,,,,,,,,,,,,"226","34","798","172","7","0",,"2","1FFFFF","1AAAAAAAA1AAAA","4",,,,,,,,,,,,,,,
"3200623","2016-09-14T02:34:00","25.02","128.74",,,"1","4","2","5",,,,"11",,,,,,,,,,,,"8",,,,,,"9","295",,,,,,,,,,,,,"226","58","798","172","7","1","2","2","1FFFFF","1AAAAAAAA1AAAA","4",,,,,,,,,,,,,,,
"3200560","2016-09-14T02:35:00","21.27","123.71",,,"1","4","2","5",,,,"11",,,,,,,,,,,,"8",,,,,,"9","290",,,,,,,,,,,,,"226","13","798","172","7","0",,"2","1FFFFF","1AAAAAAAA1AAAA","4",,,,,,,,,,,,,,,
"3200560","2016-09-14T03:00:00","21.27","123.71",,,"1","4","2","5",,,,"11",,,,,,,,,,,,"8",,,,,,"9","290",,,,,,,,,,,,,"226","13","798","172","7","1","2","2","1FFFFF","1AAAAAAAA1AAAA","4",,,,,,,,,,,,,,,
"4300531","2016-09-14T03:00:00","20.57","129.97",,,"1","4","2","5",,,,"11",,,,,,,,,,,,"8",,,,,,"9","297",,,,,,,,,,,,,"226","9","798","172","7","1","2","2","1FFFFF","1AAAAAAAA1AAAA","4",,,,,,,,,,,,,,,
"CQYJ","2016-09-14T03:00:00","26.80","121.70",,,"1","4","0","0","1","4",,"1","0","90","4","144",,"97","3",,"10100","2",,"0","290","0","285",,"283","3","291",,,"7","A","A","A",,,,,,,"226","61","992","114","5","1","2","2","112111","1111A111118AA7",,,"1",,,,,,,,,,,,"4",
"VRFI7","2016-09-14T03:00:00","25.10","122.20",,,"1","4","0","0","3","3",,"1","0",,"4",,,"97","80","8","10105","4","0","0","290","0","290",,"290","1","290","8","8","7","3","A","A",,"9","10","9","9","9","226","52","992","114","5","1","2","2","116113","11111111111111",,,"1","2",,,,,,,,,,,"4",
"3200560","2016-09-14T04:00:00","21.27","123.71",,,"1","4","2","5",,,,"11",,,,,,,,,,,,"8",,,,,,"9","290",,,,,,,,,,,,,"226","13","798","172","7","1","2","2","1FFFFF","1AAAAAAAA1AAAA","4",,,,,,,,,,,,,,,
"4300531","2016-09-14T04:00:00","20.62","129.94",,,"1","4","2","5",,,,"11",,,,,,,,,,,,"8",,,,,,"9","298",,,,,,,,,,,,,"226","9","798","172","7","1","2","2","1FFFFF","1AAAAAAAA1AAAA","4",,,,,,,,,,,,,,,
"D5CJ4","2016-09-14T04:00:00","26.90","121.40",,,"1","4","0","0","1","4",,"1","0","60","3","36",,"97","3","8","10102","1","21","0","293","0","274",,"268",,,"9","9","7","A","7","6",,"2","6","4","2","6","226","61","992","114","5","1","2","2","F11111","111111111A4111",,,"1","6",,,,,,,,,,,"4",
"3200560","2016-09-14T05:00:00","21.29","123.80",,,"1","4","2","5",,,,"11",,,,,,,,,,,,"8",,,,,,"9","290",,,,,,,,,,,,,"226","13","798","172","7","1","2","2","1FFFFF","1AAAAAAAA1AAAA","4",,,,,,,,,,,,,,,
"4300531","2016-09-14T05:00:00","20.57","129.97",,,"1","4","2","5",,,,"11",,,,,,,,,,,,"8",,,,,,"9","298",,,,,,,,,,,,,"226","9","798","172","7","1","2","2","1FFFFF","1AAAAAAAA1AAAA","4",,,,,,,,,,,,,,,
"5100523","2016-09-14T05:15:00","23.60","124.95",,,"1","4","2","5",,,,"11",,,,,,,,,,,,"8",,,,,,"9","296",,,,,,,,,,,,,"226","34","798","172","7","1","2","2","1FFFFF","1AAAAAAAA1AAAA","4",,,,,,,,,,,,,,,
"3200623","2016-09-14T05:24:00","25.05","128.71",,,"1","4","2","5",,,,"11",,,,,,,,,,,,"8",,,,,,"9","296",,,,,,,,,,,,,"226","58","798","172","7","0",,"2","1FFFFF","1AAAAAAAA1AAAA","4",,,,,,,,,,,,,,,
"4300531","2016-09-14T05:24:00","20.62","129.94",,,"1","4","2","5",,,,"11",,,,,,,,,,,,"8",,,,,,"9","298",,,,,,,,,,,,,"226","9","798","172","7","1","2","2","1FFFFF","1AAAAAAAA1AAAA","4",,,,,,,,,,,,,,,
"5100523","2016-09-14T05:25:00","23.64","124.92",,,"1","4","2","5",,,,"11",,,,,,,,,,,,"8",,,,,,"9","296",,,,,,,,,,,,,"226","34","798","172","7","0",,"2","1FFFFF","1AAAAAAAA1AAAA","4",,,,,,,,,,,,,,,
"3200560","2016-09-14T05:29:00","21.29","123.80",,,"1","4","2","5",,,,"11",,,,,,,,,,,,"8",,,,,,"9","290",,,,,,,,,,,,,"226","13","798","172","7","1","2","2","1FFFFF","1AAAAAAAA1AAAA","4",,,,,,,,,,,,,,,
"3200623","2016-09-14T05:29:00","25.05","128.71",,,"1","4","2","5",,,,"11",,,,,,,,,,,,"8",,,,,,"9","296",,,,,,,,,,,,,"226","58","798","172","7","1","2","2","1FFFFF","1AAAAAAAA1AAAA","4",,,,,,,,,,,,,,,
"5100523","2016-09-14T05:30:00","23.64","124.92",,,"1","4","2","5",,,,"11",,,,,,,,,,,,"8",,,,,,"9","296",,,,,,,,,,,,,"226","34","798","172","7","1","2","2","1FFFFF","1AAAAAAAA1AAAA","4",,,,,,,,,,,,,,,
"3200623","2016-09-14T05:35:00","25.05","128.71",,,"1","4","2","5",,,,"11",,,,,,,,,,,,"8",,,,,,"9","296",,,,,,,,,,,,,"226","58","798","172","7","1","2","2","1FFFFF","1AAAAAAAA1AAAA","4",,,,,,,,,,,,,,,
"3200560","2016-09-14T06:00:00","21.29","123.80",,,"1","4","2","5",,,,"11",,,,,,,,,,,,"8",,,,,,"9","290",,,,,,,,,,,,,"226","13","798","172","7","0",,"2","1FFFFF","1AAAAAAAA1AAAA","4",,,,,,,,,,,,,,,
"4300531","2016-09-14T06:00:00","20.62","129.94",,,"1","4","2","5",,,,"11",,,,,,,,,,,,"8",,,,,,"9","298",,,,,,,,,,,,,"226","9","798","172","7","1","2","2","1FFFFF","1AAAAAAAA1AAAA","4",,,,,,,,,,,,,,,
"A8IZ2","2016-09-14T06:00:00","27.30","121.90",,,"1","4","0","0","1","3",,"1","0","70","4","113",,"97",,,"10100","4","0","0","280","0","260",,"250",,,"8","8","6","3","A","A",,"9","8","23","10","10","226","71","992","114","5","1","2","2","F11111","111AA1111A1111",,,"3",,,,,,,,,,,,"4",
"DNDD","2016-09-14T06:00:00","25.00","120.70",,,"1","4","0","0","3","1",,"1","0","40","3","288",,"96","3","8","9930","7","40","0","270","0","245",,"234","3","260","8","8","8","5","A","A",,"5","9","4","6","8","226","50","992","114","5","1","2","2","114241","11141111111111",,,"1","2",,,,,,,,,,,"4",
"OWKI2","2016-09-14T06:00:00","26.40","121.10",,,"1","4","0","0","3","1","1","1","0","70","4","159",,"97","5","2","10069","6","19","0","278","0","261",,"255","3","269","8","6","7","6","1","2",,"2","6","38","2","4","226","61","992","114","5","1","2","2","112111","11111111111111",,,"1","2",,,,,,,,,,,"4",
"VRFI7","2016-09-14T06:00:00","24.30","122.20",,,"1","4","0","0","3","3",,"1","0","140","4","190",,"98","80","2","10105","4","0","0","260","0","255",,"252","1","280","8","8","7","3","A","A",,"6","10","9","9","9","226","42","992","114","5","1","2","2","111311","11111111111111",,,"1","2",,,,,,,,,,,"4",
"3200560","2016-09-14T07:00:00","21.29","123.80",,,"1","4","2","5",,,,"11",,,,,,,,,,,,"8",,,,,,"9","290",,,,,,,,,,,,,"226","13","798","172","7","0",,"2","1FFFFF","1AAAAAAAA1AAAA","4",,,,,,,,,,,,,,,
"4300531","2016-09-14T07:00:00","20.62","129.94",,,"1","4","2","5",,,,"11",,,,,,,,,,,,"8",,,,,,"9","298",,,,,,,,,,,,,"226","9","798","172","7","1","2","2","1FFFFF","1AAAAAAAA1AAAA","4",,,,,,,,,,,,,,,
"5100523","2016-09-14T07:00:00","23.64","124.92",,,"1","4","2","5",,,,"11",,,,,,,,,,,,"8",,,,,,"9","296",,,,,,,,,,,,,"226","34","798","172","7","0",,"2","1FFFFF","1AAAAAAAA1AAAA","4",,,,,,,,,,,,,,,
"3200623","2016-09-14T07:09:00","25.05","128.71",,,"1","4","2","5",,,,"11",,,,,,,,,,,,"8",,,,,,"9","296",,,,,,,,,,,,,"226","58","798","172","7","1","2","2","1FFFFF","1AAAAAAAA1AAAA","4",,,,,,,,,,,,,,,
"5100523","2016-09-14T07:11:00","23.65","124.92",,,"1","4","2","5",,,,"11",,,,,,,,,,,,"8",,,,,,"9","296",,,,,,,,,,,,,"226","34","798","172","7","1","2","2","1FFFFF","1AAAAAAAA1AAAA","4",,,,,,,,,,,,,,,
"3200623","2016-09-14T07:14:00","25.07","128.69",,,"1","4","2","5",,,,"11",,,,,,,,,,,,"8",,,,,,"9","296",,,,,,,,,,,,,"226","58","798","172","7","1","2","2","1FFFFF","1AAAAAAAA1AAAA","4",,,,,,,,,,,,,,,
"5100523","2016-09-14T07:15:00","23.65","124.92",,,"1","4","2","5",,,,"11",,,,,,,,,,,,"8",,,,,,"9","296",,,,,,,,,,,,,"226","34","798","172","7","0",,"2","1FFFFF","1AAAAAAAA1AAAA","4",,,,,,,,,,,,,,,
"5100523","2016-09-14T07:45:00","23.65","124.92",,,"1","4","2","5",,,,"11",,,,,,,,,,,,"8",,,,,,"9","295",,,,,,,,,,,,,"226","34","798","172","7","1","2","2","1FFFFF","1AAAAAAAA1AAAA","4",,,,,,,,,,,,,,,
"3200623","2016-09-14T07:59:00","25.08","128.68",,,"1","4","2","5",,,,"11",,,,,,,,,,,,"8",,,,,,"9","295",,,,,,,,,,,,,"226","58","798","172","7","0",,"2","1FFFFF","1AAAAAAAA1AAAA","4",,,,,,,,,,,,,,,
"4300531","2016-09-14T07:59:00","20.65","129.92",,,"1","4","2","5",,,,"11",,,,,,,,,,,,"8",,,,,,"9","298",,,,,,,,,,,,,"226","9","798","172","7","0",,"2","1FFFFF","1AAAAAAAA1AAAA","4",,,,,,,,,,,,,,,
"3200560","2016-09-14T08:00:00","21.27","123.89",,,"1","4","2","5",,,,"11",,,,,,,,,,,,"8",,,,,,"9","290",,,,,,,,,,,,,"226","13","798","172","7","1","2","2","1FFFFF","1AAAAAAAA1AAAA","4",,,,,,,,,,,,,,,
"3200623","2016-09-14T08:00:00","25.08","128.68",,,"1","4","2","5",,,,"11",,,,,,,,,,,,"8",,,,,,"9","295",,,,,,,,,,,,,"226","58","798","172","7","1","2","2","1FFFFF","1AAAAAAAA1AAAA","4",,,,,,,,,,,,,,,
"4300531","2016-09-14T08:00:00","20.65","129.92",,,"1","4","2","5",,,,"11",,,,,,,,,,,,"8",,,,,,"9","298",,,,,,,,,,,,,"226","9","798","172","7","1","2","2","1FFFFF","1AAAAAAAA1AAAA","4",,,,,,,,,,,,,,,
"5100523","2016-09-14T08:00:00","23.65","124.92",,,"1","4","2","5",,,,"11",,,,,,,,,,,,"8",,,,,,"9","295",,,,,,,,,,,,,"226","34","798","172","7","1","2","2","1FFFFF","1AAAAAAAA1AAAA","4",,,,,,,,,,,,,,,
"MPMM5","2016-09-14T08:00:00","26.10","123.90",,,"1","4","0","0","4","3","1","1","0","140","4","159",,"97","3","2","10077","7","38","0","270","0","260",,"256","1","290","7","6","7","6","7","A",,,,,,,"226","63","992","114","5","1","2","2","111311","11111111111AA1",,,"1","2",,,,,,,,,,,"4",
"5100523","2016-09-14T08:15:00","23.67","124.90",,,"1","4","2","5",,,,"11",,,,,,,,,,,,"8",,,,,,"9","295",,,,,,,,,,,,,"226","34","798","172","7","1","2","2","1FFFFF","1AAAAAAAA1AAAA","4",,,,,,,,,,,,,,,
"3200623","2016-09-14T08:19:00","25.07","128.69",,,"1","4","2","5",,,,"11",,,,,,,,,,,,"8",,,,,,"9","295",,,,,,,,,,,,,"226","58","798","172","7","1","2","2","1FFFFF","1AAAAAAAA1AAAA","4",,,,,,,,,,,,,,,
"3200623","2016-09-14T08:28:00","25.07","128.69",,,"1","4","2","5",,,,"11",,,,,,,,,,,,"8",,,,,,"9","295",,,,,,,,,,,,,"226","58","798","172","7","1","2","2","1FFFFF","1AAAAAAAA1AAAA","4",,,,,,,,,,,,,,,
"4300531","2016-09-14T08:28:00","20.65","129.91",,,"1","4","2","5",,,,"11",,,,,,,,,,,,"8",,,,,,"9","298",,,,,,,,,,,,,"226","9","798","172","7","0",,"2","1FFFFF","1AAAAAAAA1AAAA","4",,,,,,,,,,,,,,,
"3200560","2016-09-14T08:29:00","21.27","123.90",,,"1","4","2","5",,,,"11",,,,,,,,,,,,"8",,,,,,"9","290",,,,,,,,,,,,,"226","13","798","172","7","1","2","2","1FFFFF","1AAAAAAAA1AAAA","4",,,,,,,,,,,,,,,
"5100523","2016-09-14T08:29:00","23.67","124.90",,,"1","4","2","5",,,,"11",,,,,,,,,,,,"8",,,,,,"9","296",,,,,,,,,,,,,"226","34","798","172","7","1","2","2","1FFFFF","1AAAAAAAA1AAAA","4",,,,,,,,,,,,,,,
"3200623","2016-09-14T08:30:00","25.07","128.69",,,"1","4","2","5",,,,"11",,,,,,,,,,,,"8",,,,,,"9","295",,,,,,,,,,,,,"226","58","798","172","7","1","2","2","1FFFFF","1AAAAAAAA1AAAA","4",,,,,,,,,,,,,,,
"5100523","2016-09-14T08:30:00","23.67","124.90",,,"1","4","2","5",,,,"11",,,,,,,,,,,,"8",,,,,,"9","295",,,,,,,,,,,,,"226","34","798","172","7","1","2","2","1FFFFF","1AAAAAAAA1AAAA","4",,,,,,,,,,,,,,,
"3200560","2016-09-14T09:00:00","21.27","123.90",,,"1","4","2","5",,,,"11",,,,,,,,,,,,"8",,,,,,"9","290",,,,,,,,,,,,,"226","13","798","172","7","1","2","2","1FFFFF","1AAAAAAAA1AAAA","4",,,,,,,,,,,,,,,
"4300531","2016-09-14T09:00:00","20.65","129.91",,,"1","4","2","5",,,,"11",,,,,,,,,,,,"8",,,,,,"9","298",,,,,,,,,,,,,"226","9","798","172","7","1","2","2","1FFFFF","1AAAAAAAA1AAAA","4",,,,,,,,,,,,,,,
"VRFI7","2016-09-14T09:00:00","24.10","122.30",,,"1","4","0","0","4","3",,"1","0","140","4","190",,"98","2","8","10095","7","10","0","280","0","260",,"253","1","282","8","8","7","3","A","A",,"9","10","18","9","12","226","42","992","114","5","1","2","2","111311","11111111111111",,,"1","2",,,,,,,,,,,"4",
"5100523","2016-09-14T09:30:00","23.67","124.90",,,"1","4","2","5",,,,"11",,,,,,,,,,,,"8",,,,,,"9","296",,,,,,,,,,,,,"226","34","798","172","7","1","2","2","1FFFFF","1AAAAAAAA1AAAA","4",,,,,,,,,,,,,,,
"3200623","2016-09-14T09:36:00","25.08","128.67",,,"1","4","2","5",,,,"11",,,,,,,,,,,,"8",,,,,,"9","295",,,,,,,,,,,,,"226","58","798","172","7","0",,"1","1FFFFF","1AAAAAAAA1AAAA","4",,,,,,,,,,,,,,,
"3200623","2016-09-14T09:39:00","25.07","128.69",,,"1","4","2","5",,,,"11",,,,,,,,,,,,"8",,,,,,"9","295",,,,,,,,,,,,,"226","58","798","172","7","1","2","1","1FFFFF","1AAAAAAAA1AAAA","4",,,,,,,,,,,,,,,
"3200623","2016-09-14T09:45:00","25.08","128.67",,,"1","4","2","5",,,,"11",,,,,,,,,,,,"8",,,,,,"9","295",,,,,,,,,,,,,"226","58","798","172","7","1","2","1","1FFFFF","1AAAAAAAA1AAAA","4",,,,,,,,,,,,,,,
"5100523","2016-09-14T09:45:00","23.67","124.90",,,"1","4","2","5",,,,"11",,,,,,,,,,,,"8",,,,,,"9","296",,,,,,,,,,,,,"226","34","798","172","7","1","2","2","1FFFFF","1AAAAAAAA1AAAA","4",,,,,,,,,,,,,,,
"3200623","2016-09-14T09:56:00","25.08","128.68",,,"1","4","2","5",,,,"11",,,,,,,,,,,,"8",,,,,,"9","295",,,,,,,,,,,,,"226","58","798","172","7","0",,"1","1FFFFF","1AAAAAAAA1AAAA","4",,,,,,,,,,,,,,,
"3200560","2016-09-14T09:58:00","21.26","123.92",,,"1","4","2","5",,,,"11",,,,,,,,,,,,"8",,,,,,"9","290",,,,,,,,,,,,,"226","13","798","172","7","0",,"1","1FFFFF","1AAAAAAAA1AAAA","4",,,,,,,,,,,,,,,
"3200623","2016-09-14T09:59:00","25.08","128.68",,,"1","4","2","5",,,,"11",,,,,,,,,,,,"8",,,,,,"9","295",,,,,,,,,,,,,"226","58","798","172","7","1","2","1","1FFFFF","1AAAAAAAA1AAAA","4",,,,,,,,,,,,,,,
"3200560","2016-09-14T10:00:00","21.26","123.92",,,"1","4","2","5",,,,"11",,,,,,,,,,,,"8",,,,,,"9","290",,,,,,,,,,,,,"226","13","798","172","7","1","2","1","1FFFFF","1AAAAAAAA1AAAA","4",,,,,,,,,,,,,,,
"4300531","2016-09-14T10:00:00","20.67","129.91",,,"1","4","2","5",,,,"11",,,,,,,,,,,,"8",,,,,,"9","298",,,,,,,,,,,,,"226","9","798","172","7","1","2","1","1FFFFF","1AAAAAAAA1AAAA","4",,,,,,,,,,,,,,,
"5100523","2016-09-14T10:00:00","23.67","124.90",,,"1","4","2","5",,,,"11",,,,,,,,,,,,"8",,,,,,"9","296",,,,,,,,,,,,,"226","34","798","172","7","1","2","1","1FFFFF","1AAAAAAAA1AAAA","4",,,,,,,,,,,,,,,
"5100523","2016-09-14T10:04:00","23.69","124.91",,,"1","4","2","5",,,,"11",,,,,,,,,,,,"8",,,,,,"9","296",,,,,,,,,,,,,"226","34","798","172","7","0",,"1","1FFFFF","1AAAAAAAA1AAAA","4",,,,,,,,,,,,,,,
"4300531","2016-09-14T10:09:00","20.67","129.91",,,"1","4","2","5",,,,"11",,,,,,,,,,,,"8",,,,,,"9","298",,,,,,,,,,,,,"226","9","798","172","7","0",,"1","1FFFFF","1AAAAAAAA1AAAA","4",,,,,,,,,,,,,,,
"3200560","2016-09-14T10:10:00","21.24","123.93",,,"1","4","2","5",,,,"11",,,,,,,,,,,,"8",,,,,,"9","290",,,,,,,,,,,,,"226","13","798","172","7","0",,"1","1FFFFF","1AAAAAAAA1AAAA","4",,,,,,,,,,,,,,,
"3200623","2016-09-14T10:10:00","25.08","128.67",,,"1","4","2","5",,,,"11",,,,,,,,,,,,"8",,,,,,"9","295",,,,,,,,,,,,,"226","58","798","172","7","1","2","1","1FFFFF","1AAAAAAAA1AAAA","4",,,,,,,,,,,,,,,
"3200623","2016-09-14T10:13:00","25.08","128.67",,,"1","4","2","5",,,,"11",,,,,,,,,,,,"8",,,,,,"9","295",,,,,,,,,,,,,"226","58","798","172","7","1","2","1","1FFFFF","1AAAAAAAA1AAAA","4",,,,,,,,,,,,,,,
"3200560","2016-09-14T11:00:00","21.24","123.93",,,"1","4","2","5",,,,"11",,,,,,,,,,,,"8",,,,,,"9","290",,,,,,,,,,,,,"226","13","798","172","7","1","2","1","1FFFFF","1AAAAAAAA1AAAA","4",,,,,,,,,,,,,,,
"4300531","2016-09-14T11:00:00","20.67","129.91",,,"1","4","2","5",,,,"11",,,,,,,,,,,,"8",,,,,,"9","298",,,,,,,,,,,,,"226","9","798","172","7","1","2","1","1FFFFF","1AAAAAAAA1AAAA","4",,,,,,,,,,,,,,,
"5100523","2016-09-14T11:15:00","23.69","124.91",,,"1","4","2","5",,,,"11",,,,,,,,,,,,"8",,,,,,"9","296",,,,,,,,,,,,,"226","34","798","172","7","1","2","1","1FFFFF","1AAAAAAAA1AAAA","4",,,,,,,,,,,,,,,
"5100523","2016-09-14T11:30:00","23.69","124.91",,,"1","4","2","5",,,,"11",,,,,,,,,,,,"8",,,,,,"9","296",,,,,,,,,,,,,"226","34","798","172","7","1","2","1","1FFFFF","1AAAAAAAA1AAAA","4",,,,,,,,,,,,,,,
"3200560","2016-09-14T12:00:00","21.20","123.96",,,"1","4","2","5",,,,"11",,,,,,,,,,,,"8",,,,,,"9","290",,,,,,,,,,,,,"226","13","798","172","7","1","2","1","1FFFFF","1AAAAAAAA1AAAA","4",,,,,,,,,,,,,,,
"4300531","2016-09-14T12:00:00","20.69","129.89",,,"1","4","2","5",,,,"11",,,,,,,,,,,,"8",,,,,,"9","297",,,,,,,,,,,,,"226","9","798","172","7","1","2","1","1FFFFF","1AAAAAAAA1AAAA","4",,,,,,,,,,,,,,,
"5100523","2016-09-14T12:00:00","23.69","124.91",,,"1","4","2","5",,,,"11",,,,,,,,,,,,"8",,,,,,"9","296",,,,,,,,,,,,,"226","34","798","172","7","1","2","1","1FFFFF","1AAAAAAAA1AAAA","4",,,,,,,,,,,,,,,
"OWKI2","2016-09-14T12:00:00","26.40","121.30",,,"1","4","0","0","3","2","1","1","0","80","4","113",,"97","80","6","10053","8","15","0","260","0","245",,"239","3","275","8","8","7","4","A","A",,"6","4","16","9","3","226","61","992","114","5","1","2","1","111111","11111111111111",,,"1","6",,,,,,,,,,,"4",
"VRCB4","2016-09-14T12:00:00","25.10","120.80",,,"1","4","0","0","6","2",,"1","0","110","3","113",,"97","3","6",,"5",,"0","280","0","260",,"252","1","270","5",,,"5",,,,"99",,,,,"226","50","992","114","5","1","2","1","111161","111111111117A7",,,"1","6",,,,,,,,,,,"4",
"VRFI7","2016-09-14T12:00:00","23.60","122.10",,,"1","4","0","0","4","3",,"1","0","160","4","185",,"98","2","8","10105","2","10","0","280","0","260",,"253","1","277",,,,"A",,,,,,,,,"226","32","992","114","5","1","2","1","111511","11111111118AA1",,,"1","2",,,,,,,,,,,"4",
"VRID2","2016-09-14T12:00:00","29.00","123.00",,,"1","4","0","0","4","4",,"1","0","70","4","113",,"98","60","2","10150","4","0","0","250","0","250",,"250","1","280",,,,"A",,,,,,,,,"226","93","992","114","5","1","2","1","111113","11111111118AA1",,,"1","2",,,,,,,,,,,"4",
"VRPP5","2016-09-14T12:00:00","26.60","122.40",,,"1","4","0","0","5","3",,"1","0","120","4","134",,"96","95","6","10080","6","20","0","260",,,,"250","1","300","8","8","7","5","9","9",,"2","4","30","2","3","226","62","992","114","5","1","2","1","111111","1111111A111111",,,"1","5",,,,,,,,,,,"4",
"3200560","2016-09-14T12:06:00","21.20","123.96",,,"1","4","2","5",,,,"11",,,,,,,,,,,,"8",,,,,,"9","290",,,,,,,,,,,,,"226","13","798","172","7","0",,"1","1FFFFF","1AAAAAAAA1AAAA","4",,,,,,,,,,,,,,,
"3200623","2016-09-14T12:06:00","25.09","128.66",,,"1","4","2","5",,,,"11",,,,,,,,,,,,"8",,,,,,"9","294",,,,,,,,,,,,,"226","58","798","172","7","0",,"1","1FFFFF","1AAAAAAAA1AAAA","4",,,,,,,,,,,,,,,
"4300531","2016-09-14T12:06:00","20.69","129.89",,,"1","4","2","5",,,,"11",,,,,,,,,,,,"8",,,,,,"9","297",,,,,,,,,,,,,"226","9","798","172","7","1","2","1","1FFFFF","1AAAAAAAA1AAAA","4",,,,,,,,,,,,,,,
"5100523","2016-09-14T12:07:00","23.72","124.90",,,"1","4","2","5",,,,"11",,,,,,,,,,,,"8",,,,,,"9","296",,,,,,,,,,,,,"226","34","798","172","7","0",,"1","1FFFFF","1AAAAAAAA1AAAA","4",,,,,,,,,,,,,,,
"3200623","2016-09-14T12:08:00","25.09","128.66",,,"1","4","2","5",,,,"11",,,,,,,,,,,,"8",,,,,,"9","294",,,,,,,,,,,,,"226","58","798","172","7","1","2","1","1FFFFF","1AAAAAAAA1AAAA","4",,,,,,,,,,,,,,,
"3200623","2016-09-14T12:12:00","25.09","128.66",,,"1","4","2","5",,,,"11",,,,,,,,,,,,"8",,,,,,"9","294",,,,,,,,,,,,,"226","58","798","172","7","1","2","1","1FFFFF","1AAAAAAAA1AAAA","4",,,,,,,,,,,,,,,
"5100523","2016-09-14T12:45:00","23.72","124.90",,,"1","4","2","5",,,,"11",,,,,,,,,,,,"8",,,,,,"9","296",,,,,,,,,,,,,"226","34","798","172","7","1","2","1","1FFFFF","1AAAAAAAA1AAAA","4",,,,,,,,,,,,,,,
"3200560","2016-09-14T13:00:00","21.18","123.96",,,"1","4","2","5",,,,"11",,,,,,,,,,,,"8",,,,,,"9","290",,,,,,,,,,,,,"226","13","798","172","7","1","2","1","1FFFFF","1AAAAAAAA1AAAA","4",,,,,,,,,,,,,,,
"4300531","2016-09-14T13:00:00","20.69","129.89",,,"1","4","2","5",,,,"11",,,,,,,,,,,,"8",,,,,,"9","297",,,,,,,,,,,,,"226","9","798","172","7","1","2","1","1FFFFF","1AAAAAAAA1AAAA","4",,,,,,,,,,,,,,,
"5100523","2016-09-14T13:00:00","23.72","124.90",,,"1","4","2","5",,,,"11",,,,,,,,,,,,"8",,,,,,"9","296",,,,,,,,,,,,,"226","34","798","172","7","1","2","1","1FFFFF","1AAAAAAAA1AAAA","4",,,,,,,,,,,,,,,
"9V6346","2016-09-14T13:00:00","29.50","123.90",,,"1","4","0","0","1","2",,"1","0","50","4","98",,"98",,"5","10100","4","0","0","260","0","240",,"232","1","240","6","6","6","8","A","A",,"5","4",,"5","4","226","93","992","114","5","1","2","1","111111","111A1111111171",,,"1","5",,"5","4",,,,,,,,"4",
"3200623","2016-09-14T13:01:00","25.09","128.66",,,"1","4","2","5",,,,"11",,,,,,,,,,,,"8",,,,,,"9","294",,,,,,,,,,,,,"226","58","798","172","7","1","2","1","1FFFFF","1AAAAAAAA1AAAA","4",,,,,,,,,,,,,,,
"3200560","2016-09-14T13:02:00","21.18","123.96",,,"1","4","2","5",,,,"11",,,,,,,,,,,,"8",,,,,,"9","290",,,,,,,,,,,,,"226","13","798","172","7","0",,"1","1FFFFF","1AAAAAAAA1AAAA","4",,,,,,,,,,,,,,,
"4300531","2016-09-14T13:03:00","20.70","129.89",,,"1","4","2","5",,,,"11",,,,,,,,,,,,"8",,,,,,"9","297",,,,,,,,,,,,,"226","9","798","172","7","0",,"1","1FFFFF","1AAAAAAAA1AAAA","4",,,,,,,,,,,,,,,
"5100523","2016-09-14T13:30:00","23.73","124.89",,,"1","4","2","5",,,,"11",,,,,,,,,,,,"8",,,,,,"9","296",,,,,,,,,,,,,"226","34","798","172","7","1","2","1","1FFFFF","1AAAAAAAA1AAAA","4",,,,,,,,,,,,,,,
"5100523","2016-09-14T13:45:00","23.73","124.89",,,"1","4","2","5",,,,"11",,,,,,,,,,,,"8",,,,,,"9","296",,,,,,,,,,,,,"226","34","798","172","7","1","2","1","1FFFFF","1AAAAAAAA1AAAA","4",,,,,,,,,,,,,,,
"3200560","2016-09-14T13:46:00","21.16","123.95",,,"1","4","2","5",,,,"11",,,,,,,,,,,,"8",,,,,,"9","290",,,,,,,,,,,,,"226","13","798","172","7","0",,"1","1FFFFF","1AAAAAAAA1AAAA","4",,,,,,,,,,,,,,,
"5100523","2016-09-14T13:47:00","23.73","124.89",,,"1","4","2","5",,,,"11",,,,,,,,,,,,"8",,,,,,"9","296",,,,,,,,,,,,,"226","34","798","172","7","0",,"1","1FFFFF","1AAAAAAAA1AAAA","4",,,,,,,,,,,,,,,
"3200560","2016-09-14T14:00:00","21.16","123.95",,,"1","4","2","5",,,,"11",,,,,,,,,,,,"8",,,,,,"9","290",,,,,,,,,,,,,"226","13","798","172","7","0",,"1","1FFFFF","1AAAAAAAA1AAAA","4",,,,,,,,,,,,,,,
"4300531","2016-09-14T14:00:00","20.70","129.89",,,"1","4","2","5",,,,"11",,,,,,,,,,,,"8",,,,,,"9","297",,,,,,,,,,,,,"226","9","798","172","7","1","2","1","1FFFFF","1AAAAAAAA1AAAA","4",,,,,,,,,,,,,,,
"VRGM8","2016-09-14T14:00:00","20.60","122.50",,,"1","4","0","0","1","4","1","1","0","160","1","50",,"97","3","2","10075",,,"0","290","0","255",,"240","1","295","7","7","7","2","6","0",,"6","3","25","10","6","226","2","992","114","5","1","2","1","111111","1111111111111A",,,"1","2",,,,,,,,,,,"4",
"WCX8883","2016-09-14T14:00:00","28.10","127.60",,,"1","4","0","0","4","4",,"1","0","120","4","113",,"98","1","1","10144",,,"0",,,,,,"1","300","4","1","2","2","A","3",,"8","2","19","15","4","226","87","992","114","5","1","2","1","1F111F","111111AAA1111A",,,"1","1",,,,,,,,,,,"4",
"3200560","2016-09-14T15:00:00","21.16","123.95",,,"1","4","2","5",,,,"11",,,,,,,,,,,,"8",,,,,,"9","290",,,,,,,,,,,,,"226","13","798","172","7","1","2","1","1FFFFF","1AAAAAAAA1AAAA","4",,,,,,,,,,,,,,,
"4300531","2016-09-14T15:00:00","20.70","129.89",,,"1","4","2","5",,,,"11",,,,,,,,,,,,"8",,,,,,"9","297",,,,,,,,,,,,,"226","9","798","172","7","1","2","1","1FFFFF","1AAAAAAAA1AAAA","4",,,,,,,,,,,,,,,
"VRFI7","2016-09-14T15:00:00","23.10","121.90",,,"1","4","0","0","4","3",,"1","0","160","4","185",,"98","2","2","10105","4","0","0","280","0","260",,"253","1","280",,,,"A",,,,,,,,,"226","31","992","114","5","1","2","1","111511","11111111118AA1",,,"1","2",,,,,,,,,,,"4",
"3200560","2016-09-14T16:00:00","21.09","123.89",,,"1","4","2","5",,,,"11",,,,,,,,,,,,"8",,,,,,"9","290",,,,,,,,,,,,,"226","13","798","172","7","1","2","1","1FFFFF","1AAAAAAAA1AAAA","4",,,,,,,,,,,,,,,
"4300531","2016-09-14T16:00:00","20.72","129.87",,,"1","4","2","5",,,,"11",,,,,,,,,,,,"8",,,,,,"9","297",,,,,,,,,,,,,"226","9","798","172","7","1","2","1","1FFFFF","1AAAAAAAA1AAAA","4",,,,,,,,,,,,,,,
"3200560","2016-09-14T17:00:00","21.08","123.90",,,"1","4","2","5",,,,"11",,,,,,,,,,,,"8",,,,,,"9","290",,,,,,,,,,,,,"226","13","798","172","7","1","2","1","1FFFFF","1AAAAAAAA1AAAA","4",,,,,,,,,,,,,,,
"4300531","2016-09-14T17:00:00","20.72","129.87",,,"1","4","2","5",,,,"11",,,,,,,,,,,,"8",,,,,,"9","297",,,,,,,,,,,,,"226","9","798","172","7","1","2","1","1FFFFF","1AAAAAAAA1AAAA","4",,,,,,,,,,,,,,,
"5100523","2016-09-14T17:45:00","23.73","124.88",,,"1","4","2","5",,,,"11",,,,,,,,,,,,"8",,,,,,"9","296",,,,,,,,,,,,,"226","34","798","172","7","1","2","1","1FFFFF","1AAAAAAAA1AAAA","4",,,,,,,,,,,,,,,
"3200560","2016-09-14T18:00:00","21.08","123.90",,,"1","4","2","5",,,,"11",,,,,,,,,,,,"8",,,,,,"9","291",,,,,,,,,,,,,"226","13","798","172","7","1","2","1","1FFFFF","1AAAAAAAA1AAAA","4",,,,,,,,,,,,,,,
"3200623","2016-09-14T18:00:00","25.12","128.57",,,"1","4","2","5",,,,"11",,,,,,,,,,,,"8",,,,,,"9","294",,,,,,,,,,,,,"226","58","798","172","7","0",,"1","1FFFFF","1AAAAAAAA1AAAA","4",,,,,,,,,,,,,,,
"4300531","2016-09-14T18:00:00","20.72","129.87",,,"1","4","2","5",,,,"11",,,,,,,,,,,,"8",,,,,,"9","296",,,,,,,,,,,,,"226","9","798","172","7","1","2","1","1FFFFF","1AAAAAAAA1AAAA","4",,,,,,,,,,,,,,,
"5100523","2016-09-14T18:00:00","23.73","124.88",,,"1","4","2","5",,,,"11",,,,,,,,,,,,"8",,,,,,"9","296",,,,,,,,,,,,,"226","34","798","172","7","1","2","1","1FFFFF","1AAAAAAAA1AAAA","4",,,,,,,,,,,,,,,
"VRFI7","2016-09-14T18:00:00","22.20","121.30",,,"1","4","0","0","4","3",,"1","0","140","4","149",,"98","2","2","10105","4","0","0","280","0","260",,"253","1","280",,,,"A",,,,,,,,,"226","21","992","114","5","1","2","1","111111","11111111118AA1",,,"1","2",,,,,,,,,,,"4",
"VRID2","2016-09-14T18:00:00","27.30","122.80",,,"1","4","0","0","4","4",,"1","0","130","4","87",,"98","60","2","10250","4","0","0","250","0","250",,"245","1","280","2","2","5","3","6","A",,,,,,,"226","72","992","114","5","1","2","1","111153","11111111111AA1",,,"1","2",,,,,,,,,,,"4",
"WCX8883","2016-09-14T18:00:00","27.10","127.60",,,"1","4","0","0","4","4",,"1","0","120","4","82",,"98","1","2","10130","7","7","0","289","0","253",,"237","1","300","6","3","5","5","0","5",,,,,,,"226","77","992","114","5","1","2","1","111111","11111111111AA1",,,"1","2",,,,,,,,,,,"4",
"4300531","2016-09-14T18:01:00","20.72","129.87",,,"1","4","2","5",,,,"11",,,,,,,,,,,,"8",,,,,,"9","297",,,,,,,,,,,,,"226","9","798","172","7","1","2","1","1FFFFF","1AAAAAAAA1AAAA","4",,,,,,,,,,,,,,,
"3200560","2016-09-14T18:02:00","21.08","123.90",,,"1","4","2","5",,,,"11",,,,,,,,,,,,"8",,,,,,"9","291",,,,,,,,,,,,,"226","13","798","172","7","1","2","1","1FFFFF","1AAAAAAAA1AAAA","4",,,,,,,,,,,,,,,
"3200623","2016-09-14T18:03:00","25.12","128.57",,,"1","4","2","5",,,,"11",,,,,,,,,,,,"8",,,,,,"9","294",,,,,,,,,,,,,"226","58","798","172","7","1","2","1","1FFFFF","1AAAAAAAA1AAAA","4",,,,,,,,,,,,,,,
"3200623","2016-09-14T18:06:00","25.12","128.57",,,"1","4","2","5",,,,"11",,,,,,,,,,,,"8",,,,,,"9","294",,,,,,,,,,,,,"226","58","798","172","7","1","2","1","1FFFFF","1AAAAAAAA1AAAA","4",,,,,,,,,,,,,,,
"3200560","2016-09-14T19:00:00","21.09","123.89",,,"1","4","2","5",,,,"11",,,,,,,,,,,,"8",,,,,,"9","291",,,,,,,,,,,,,"226","13","798","172","7","1","2","1","1FFFFF","1AAAAAAAA1AAAA","4",,,,,,,,,,,,,,,
"4300531","2016-09-14T19:00:00","20.72","129.87",,,"1","4","2","5",,,,"11",,,,,,,,,,,,"8",,,,,,"9","296",,,,,,,,,,,,,"226","9","798","172","7","1","2","1","1FFFFF","1AAAAAAAA1AAAA","4",,,,,,,,,,,,,,,
"3200623","2016-09-14T19:25:00","25.12","128.57",,,"1","4","2","5",,,,"11",,,,,,,,,,,,"8",,,,,,"9","294",,,,,,,,,,,,,"226","58","798","172","7","1","2","1","1FFFFF","1AAAAAAAA1AAAA","4",,,,,,,,,,,,,,,
"5100523","2016-09-14T19:30:00","23.74","124.88",,,"1","4","2","5",,,,"11",,,,,,,,,,,,"8",,,,,,"9","295",,,,,,,,,,,,,"226","34","798","172","7","1","2","1","1FFFFF","1AAAAAAAA1AAAA","4",,,,,,,,,,,,,,,
"3200623","2016-09-14T19:39:00","25.14","128.55",,,"1","4","2","5",,,,"11",,,,,,,,,,,,"8",,,,,,"9","294",,,,,,,,,,,,,"226","58","798","172","7","1","2","1","1FFFFF","1AAAAAAAA1AAAA","4",,,,,,,,,,,,,,,
"5100523","2016-09-14T19:39:00","23.74","124.87",,,"1","4","2","5",,,,"11",,,,,,,,,,,,"8",,,,,,"9","296",,,,,,,,,,,,,"226","34","798","172","7","1","2","1","1FFFFF","1AAAAAAAA1AAAA","4",,,,,,,,,,,,,,,
"3200560","2016-09-14T19:41:00","21.07","123.85",,,"1","4","2","5",,,,"11",,,,,,,,,,,,"8",,,,,,"9","291",,,,,,,,,,,,,"226","13","798","172","7","0",,"1","1FFFFF","1AAAAAAAA1AAAA","4",,,,,,,,,,,,,,,
"3200623","2016-09-14T19:41:00","25.14","128.55",,,"1","4","2","5",,,,"11",,,,,,,,,,,,"8",,,,,,"9","294",,,,,,,,,,,,,"226","58","798","172","7","1","2","1","1FFFFF","1AAAAAAAA1AAAA","4",,,,,,,,,,,,,,,
"3200623","2016-09-14T19:45:00","25.14","128.55",,,"1","3","2","5",,,,"11",,,,,,,,,,,,,,,,,,,,,,,,,,,,,,,,"226","58","798","172","7","1","2","1","FFFFFF","1AAAAAAAAAAAAA","4",,,,,,,,,,,,,,,
"5100523","2016-09-14T19:45:00","23.74","124.87",,,"1","4","2","5",,,,"11",,,,,,,,,,,,"8",,,,,,"9","296",,,,,,,,,,,,,"226","34","798","172","7","0",,"1","1FFFFF","1AAAAAAAA1AAAA","4",,,,,,,,,,,,,,,
"3200560","2016-09-14T20:00:00","21.07","123.85",,,"1","4","2","5",,,,"11",,,,,,,,,,,,"8",,,,,,"9","291",,,,,,,,,,,,,"226","13","798","172","7","1","2","1","1FFFFF","1AAAAAAAA1AAAA","4",,,,,,,,,,,,,,,
"4300531","2016-09-14T20:00:00","20.72","129.87",,,"1","4","2","5",,,,"11",,,,,,,,,,,,"8",,,,,,"9","296",,,,,,,,,,,,,"226","9","798","172","7","1","2","1","1FFFFF","1AAAAAAAA1AAAA","4",,,,,,,,,,,,,,,
"MRSA8","2016-09-14T20:00:00","20.30","120.40",,,"1","4","0","0","1","3",,"1","0","170","4","103",,"98","3","1","10045","4","0","0","290","0","260",,"248","1","270","6","6","8","6","A","A",,"20","5",,,,"226","0","992","114","5","1","2","1","111111","111111111113A1",,,"1","1",,,,,,,,,,,"4",
"5100523","2016-09-14T20:15:00","23.74","124.87",,,"1","4","2","5",,,,"11",,,,,,,,,,,,"8",,,,,,"9","295",,,,,,,,,,,,,"226","34","798","172","7","1","2","1","1FFFFF","1AAAAAAAA1AAAA","4",,,,,,,,,,,,,,,
"3200623","2016-09-14T20:30:00","25.14","128.55",,,"1","4","2","5",,,,"11",,,,,,,,,,,,"8",,,,,,"9","294",,,,,,,,,,,,,"226","58","798","172","7","1","2","1","1FFFFF","1AAAAAAAA1AAAA","4",,,,,,,,,,,,,,,
"5100523","2016-09-14T20:30:00","23.74","124.87",,,"1","4","2","5",,,,"11",,,,,,,,,,,,"8",,,,,,"9","295",,,,,,,,,,,,,"226","34","798","172","7","1","2","1","1FFFFF","1AAAAAAAA1AAAA","4",,,,,,,,,,,,,,,
"5100523","2016-09-14T20:45:00","23.74","124.87",,,"1","4","2","5",,,,"11",,,,,,,,,,,,"8",,,,,,"9","295",,,,,,,,,,,,,"226","34","798","172","7","1","2","1","1FFFFF","1AAAAAAAA1AAAA","4",,,,,,,,,,,,,,,
"3200623","2016-09-14T20:53:00","25.15","128.54",,,"1","4","2","5",,,,"11",,,,,,,,,,,,"8",,,,,,"9","294",,,,,,,,,,,,,"226","58","798","172","7","0",,"1","1FFFFF","1AAAAAAAA1AAAA","4",,,,,,,,,,,,,,,
"4300531","2016-09-14T20:53:00","20.71","129.83",,,"1","4","2","5",,,,"11",,,,,,,,,,,,"8",,,,,,"9","296",,,,,,,,,,,,,"226","9","798","172","7","0",,"1","1FFFFF","1AAAAAAAA1AAAA","4",,,,,,,,,,,,,,,
"3200560","2016-09-14T20:54:00","21.07","123.81",,,"1","4","2","5",,,,"11",,,,,,,,,,,,"8",,,,,,"9","291",,,,,,,,,,,,,"226","13","798","172","7","0",,"1","1FFFFF","1AAAAAAAA1AAAA","4",,,,,,,,,,,,,,,
"3200623","2016-09-14T20:54:00","25.15","128.54",,,"1","4","2","5",,,,"11",,,,,,,,,,,,"8",,,,,,"9","294",,,,,,,,,,,,,"226","58","798","172","7","1","2","1","1FFFFF","1AAAAAAAA1AAAA","4",,,,,,,,,,,,,,,
"3200560","2016-09-14T21:00:00","21.07","123.81",,,"1","4","2","5",,,,"11",,,,,,,,,,,,"8",,,,,,"9","291",,,,,,,,,,,,,"226","13","798","172","7","0",,"1","1FFFFF","1AAAAAAAA1AAAA","4",,,,,,,,,,,,,,,
"3200623","2016-09-14T21:00:00","25.15","128.54",,,"1","4","2","5",,,,"11",,,,,,,,,,,,"8",,,,,,"9","294",,,,,,,,,,,,,"226","58","798","172","7","0",,"1","1FFFFF","1AAAAAAAA1AAAA","4",,,,,,,,,,,,,,,
"4300531","2016-09-14T21:00:00","20.71","129.83",,,"1","4","2","5",,,,"11",,,,,,,,,,,,"8",,,,,,"9","296",,,,,,,,,,,,,"226","9","798","172","7","0",,"1","1FFFFF","1AAAAAAAA1AAAA","4",,,,,,,,,,,,,,,
"5100523","2016-09-14T21:00:00","23.74","124.85",,,"1","4","2","5",,,,"11",,,,,,,,,,,,"8",,,,,,"9","295",,,,,,,,,,,,,"226","34","798","172","7","1","2","1","1FFFFF","1AAAAAAAA1AAAA","4",,,,,,,,,,,,,,,
"DFGN2","2016-09-14T21:00:00","25.40","120.20",,,"1","4","0","0","1","4","1","1","0","270","4","15",,"97",,,"10029","1","46","0","269",,,,"246","3","272",,,,"A",,,,,,,,,"226","50","992","114","5","1","2","1","111111","111AA11A118AA1",,,"1",,,,,,,,,,,,"4",
"SHIP","2016-09-14T21:00:00","21.60","122.10",,,"1","4","0","0","1","3",,"2","0","130","4","82",,"98","1","1","10097","5","2","0","275","0","260",,"255","1","281","6","7","8","6","5","1",,"2","5","27","4","7","226","12","992","114","5","1","2","1","111111","11111111114111",,,"1","1","25",,,,,,,,,,"4",
"VRFI7","2016-09-14T21:00:00","21.80","121.00",,,"1","4","0","0","4","3",,"1","0","140","4","149",,"98","2","2","10095","2","10","0","280","0","270",,"267","1","277",,,,"A",,,,,,,,,"226","11","992","114","5","1","2","1","111111","11111111118AA1",,,"1","2",,,,,,,,,,,"4",
"5100523","2016-09-14T21:05:00","23.74","124.85",,,"1","4","2","5",,,,"11",,,,,,,,,,,,"8",,,,,,"9","295",,,,,,,,,,,,,"226","34","798","172","7","0",,"1","1FFFFF","1AAAAAAAA1AAAA","4",,,,,,,,,,,,,,,
"3200560","2016-09-14T21:06:00","21.07","123.80",,,"1","4","2","5",,,,"11",,,,,,,,,,,,"8",,,,,,"9","291",,,,,,,,,,,,,"226","13","798","172","7","0",,"1","1FFFFF","1AAAAAAAA1AAAA","4",,,,,,,,,,,,,,,
"3200623","2016-09-14T21:06:00","25.15","128.53",,,"1","4","2","5",,,,"11",,,,,,,,,,,,"8",,,,,,"9","294",,,,,,,,,,,,,"226","58","798","172","7","0",,"1","1FFFFF","1AAAAAAAA1AAAA","4",,,,,,,,,,,,,,,
"3200623","2016-09-14T21:10:00","25.15","128.53",,,"1","4","2","5",,,,"11",,,,,,,,,,,,"8",,,,,,"9","294",,,,,,,,,,,,,"226","58","798","172","7","1","2","1","1FFFFF","1AAAAAAAA1AAAA","4",,,,,,,,,,,,,,,
"3200560","2016-09-14T22:00:00","21.07","123.80",,,"1","4","2","5",,,,"11",,,,,,,,,,,,"8",,,,,,"9","291",,,,,,,,,,,,,"226","13","798","172","7","1","2","2","1FFFFF","1AAAAAAAA1AAAA","4",,,,,,,,,,,,,,,
"4300531","2016-09-14T22:00:00","20.71","129.81",,,"1","4","2","5",,,,"11",,,,,,,,,,,,"8",,,,,,"9","296",,,,,,,,,,,,,"226","9","798","172","7","1","2","2","1FFFFF","1AAAAAAAA1AAAA","4",,,,,,,,,,,,,,,
"5100523","2016-09-14T22:00:00","23.74","124.85",,,"1","4","2","5",,,,"11",,,,,,,,,,,,"8",,,,,,"9","295",,,,,,,,,,,,,"226","34","798","172","7","1","2","2","1FFFFF","1AAAAAAAA1AAAA","4",,,,,,,,,,,,,,,
"3200623","2016-09-14T22:09:00","25.16","128.51",,,"1","4","2","5",,,,"11",,,,,,,,,,,,"8",,,,,,"9","294",,,,,,,,,,,,,"226","58","798","172","7","1","2","2","1FFFFF","1AAAAAAAA1AAAA","4",,,,,,,,,,,,,,,
"3200623","2016-09-14T22:10:00","25.16","128.51",,,"1","4","2","5",,,,"11",,,,,,,,,,,,"8",,,,,,"9","294",,,,,,,,,,,,,"226","58","798","172","7","1","2","2","1FFFFF","1AAAAAAAA1AAAA","4",,,,,,,,,,,,,,,
"5100523","2016-09-14T22:10:00","23.74","124.85",,,"1","4","2","5",,,,"11",,,,,,,,,,,,"8",,,,,,"9","295",,,,,,,,,,,,,"226","34","798","172","7","0",,"2","1FFFFF","1AAAAAAAA1AAAA","4",,,,,,,,,,,,,,,
"4300531","2016-09-14T22:12:00","20.71","129.81",,,"1","4","2","5",,,,"11",,,,,,,,,,,,"8",,,,,,"9","296",,,,,,,,,,,,,"226","9","798","172","7","0",,"2","1FFFFF","1AAAAAAAA1AAAA","4",,,,,,,,,,,,,,,
"5100523","2016-09-14T22:15:00","23.74","124.85",,,"1","4","2","5",,,,"11",,,,,,,,,,,,"8",,,,,,"9","295",,,,,,,,,,,,,"226","34","798","172","7","1","2","2","1FFFFF","1AAAAAAAA1AAAA","4",,,,,,,,,,,,,,,
"5100523","2016-09-14T22:30:00","23.75","124.83",,,"1","4","2","5",,,,"11",,,,,,,,,,,,"8",,,,,,"9","295",,,,,,,,,,,,,"226","34","798","172","7","0",,"2","1FFFFF","1AAAAAAAA1AAAA","4",,,,,,,,,,,,,,,
"3200623","2016-09-14T22:31:00","25.16","128.51",,,"1","4","2","5",,,,"11",,,,,,,,,,,,"8",,,,,,"9","294",,,,,,,,,,,,,"226","58","798","172","7","0",,"2","1FFFFF","1AAAAAAAA1AAAA","4",,,,,,,,,,,,,,,
"3200623","2016-09-14T22:32:00","25.16","128.51",,,"1","4","2","5",,,,"11",,,,,,,,,,,,"8",,,,,,"9","294",,,,,,,,,,,,,"226","58","798","172","7","1","2","2","1FFFFF","1AAAAAAAA1AAAA","4",,,,,,,,,,,,,,,
"5100523","2016-09-14T22:34:00","23.75","124.83",,,"1","4","2","5",,,,"11",,,,,,,,,,,,"8",,,,,,"9","295",,,,,,,,,,,,,"226","34","798","172","7","0",,"2","1FFFFF","1AAAAAAAA1AAAA","4",,,,,,,,,,,,,,,
"3200623","2016-09-14T22:35:00","25.16","128.51",,,"1","4","2","5",,,,"11",,,,,,,,,,,,"8",,,,,,"9","294",,,,,,,,,,,,,"226","58","798","172","7","0",,"2","1FFFFF","1AAAAAAAA1AAAA","4",,,,,,,,,,,,,,,
"4300531","2016-09-14T22:35:00","20.71","129.81",,,"1","4","2","5",,,,"11",,,,,,,,,,,,"8",,,,,,"9","296",,,,,,,,,,,,,"226","9","798","172","7","0",,"2","1FFFFF","1AAAAAAAA1AAAA","4",,,,,,,,,,,,,,,
"3200560","2016-09-14T22:42:00","21.08","123.74",,,"1","4","2","5",,,,"11",,,,,,,,,,,,"8",,,,,,"9","291",,,,,,,,,,,,,"226","13","798","172","7","0",,"2","1FFFFF","1AAAAAAAA1AAAA","4",,,,,,,,,,,,,,,
"3200623","2016-09-14T22:44:00","25.16","128.51",,,"1","4","2","5",,,,"11",,,,,,,,,,,,"8",,,,,,"9","294",,,,,,,,,,,,,"226","58","798","172","7","0",,"2","1FFFFF","1AAAAAAAA1AAAA","4",,,,,,,,,,,,,,,
"5100523","2016-09-14T22:44:00","23.75","124.82",,,"1","4","2","5",,,,"11",,,,,,,,,,,,"8",,,,,,"9","296",,,,,,,,,,,,,"226","34","798","172","7","1","2","2","1FFFFF","1AAAAAAAA1AAAA","4",,,,,,,,,,,,,,,
"3200623","2016-09-14T22:45:00","25.16","128.51",,,"1","4","2","5",,,,"11",,,,,,,,,,,,"8",,,,,,"9","294",,,,,,,,,,,,,"226","58","798","172","7","1","2","2","1FFFFF","1AAAAAAAA1AAAA","4",,,,,,,,,,,,,,,
"5100523","2016-09-14T22:45:00","23.75","124.82",,,"1","4","2","5",,,,"11",,,,,,,,,,,,"8",,,,,,"9","295",,,,,,,,,,,,,"226","34","798","172","7","1","2","2","1FFFFF","1AAAAAAAA1AAAA","4",,,,,,,,,,,,,,,
"3200560","2016-09-14T23:00:00","21.08","123.74",,,"1","4","2","5",,,,"11",,,,,,,,,,,,"8",,,,,,"9","291",,,,,,,,,,,,,"226","13","798","172","7","1","2","2","1FFFFF","1AAAAAAAA1AAAA","4",,,,,,,,,,,,,,,
"4300531","2016-09-14T23:00:00","20.71","129.81",,,"1","4","2","5",,,,"11",,,,,,,,,,,,"8",,,,,,"9","296",,,,,,,,,,,,,"226","9","798","172","7","1","2","2","1FFFFF","1AAAAAAAA1AAAA","4",,,,,,,,,,,,,,,
"5100523","2016-09-14T23:45:00","23.75","124.82",,,"1","4","2","5",,,,"11",,,,,,,,,,,,"8",,,,,,"9","296",,,,,,,,,,,,,"226","34","798","172","7","1","2","2","1FFFFF","1AAAAAAAA1AAAA","4",,,,,,,,,,,,,,,
"3200623","2016-09-14T23:46:00","25.16","128.51",,,"1","4","2","5",,,,"11",,,,,,,,,,,,"8",,,,,,"9","294",,,,,,,,,,,,,"226","58","798","172","7","1","2","2","1FFFFF","1AAAAAAAA1AAAA","4",,,,,,,,,,,,,,,
"2IWZ7","2016-09-15T00:00:00","25.30","122.40",,,"1","4","0","0","6","4","1","1","0","150","4","185",,"98","2","2","10075","5","30","0","280","0","260",,"252","1","300","6","6","7","3","0","0",,"5","7","19","4","8","226","52","992","114","5","1","2","2","111511","11111111111111",,,"1","2",,,,,,,,,,,"4",
"3200560","2016-09-15T00:00:00","21.12","123.68",,,"1","4","2","5",,,,"11",,,,,,,,,,,,"8",,,,,,"9","291",,,,,,,,,,,,,"226","13","798","172","7","1","2","2","1FFFFF","1AAAAAAAA1AAAA","4",,,,,,,,,,,,,,,
"4300531","2016-09-15T00:00:00","20.72","129.77",,,"1","4","2","5",,,,"11",,,,,,,,,,,,"8",,,,,,"9","296",,,,,,,,,,,,,"226","9","798","172","7","1","2","2","1FFFFF","1AAAAAAAA1AAAA","4",,,,,,,,,,,,,,,
"A8IZ2","2016-09-15T00:00:00","29.90","124.10",,,"1","4","0","0","1","3",,"1","0","70","4","103",,"97",,"2","10130","4","0","0","270","0","240",,"226",,,"7","7","7","3","1","A",,"6","7","18","6","8","226","94","992","114","5","1","2","2","F11111","111A11111A1111",,,"1","2",,,,,,,,,,,"4",
"DFGN2","2016-09-15T00:00:00","26.10","120.60",,,"1","4","0","0","1","4","1","1","0","110","4","77",,"97","63","6","10047","1",,"0","279",,,,"253",,,"8","8","0","3","2","A",,"2","4","38","6","6","226","60","992","114","5","1","2","2","F11111","1113111A1A1117",,,"1","2",,,,,,,,,,,"4",
"MPMM5","2016-09-15T00:00:00","23.30","122.70",,,"1","4","0","0","5","3","1","1","0","140","4","118",,"98","2","2","10074","2","5","0","295","0","270",,"260","1","290","5","3","6","1","1","A",,"4","8","15","4","8","226","32","992","114","5","1","2","2","111111","11111111111111",,,"1","2",,,,,,,,,,,"4",
"OWKI2","2016-09-15T00:00:00","26.40","121.70",,,"1","4","0","0","8","1","1","1","0","130","4","139",,"97","1","1","10060","8","4","0","278","0","255",,"247","3","275","7","4","A","5","7","8",,"6","3","13","7","4","226","61","992","114","5","1","2","2","111111","11111111111111",,,"1","1",,,,,,,,,,,"4",
"TBWUK50","2016-09-15T00:00:00","20.80","121.10",,,"1","4","0","0","1","4",,"1","0","170","4","77",,"98","3","0","10072","2","20","0","300","0","290",,"287","1","310","6","6","3","5","6","4",,"2","3",,,,"226","1","992","114","5","1","2","2","111111","111111111111A1",,,"1","0",,,,,,,,,,,"4",
"TBWUK51","2016-09-15T00:00:00","25.80","122.70",,,"1","4","0","0","5","4",,"1","0","130","3","159",,"98","1","2","10080","6","8","0","287","0","264",,"255","3","274","7","4","7","2","7","A",,"3","3","14","6","9","226","52","992","114","5","1","2","2","111111","11111111111111",,,"1","2",,,,,,,,,,,"4",
"VRFI7","2016-09-15T00:00:00","21.70","120.30",,,"1","4","0","0","6","3",,"1","0","160","4","144",,"98","2","2","10105","2","10","0","290","0","270",,"263","1","281","8","8","8","4","9","8",,"6","6","19","6","8","226","10","992","114","5","1","2","2","111111","11111111111111",,,"1","2",,,,,,,,,,,"4",
"VRID2","2016-09-15T00:00:00","25.90","122.60",,,"1","4","0","0","4","3",,"1","0","160","4","144",,"98","50","2","10105","6","10","0","290","0","270",,"263","1","270","6","6","2","2","6","A",,"6","5","16","6","5","226","52","992","114","5","1","2","2","111311","11111111111111",,,"1","8",,,,,,,,,,,"4",
"VRPP5","2016-09-15T00:00:00","23.70","122.30",,,"1","4","0","0","5","4",,"1","0","180","4","129",,"96","2","5","10070","2","10","0","270",,,,"250","1","300","8","8","7","5","9","8",,"4","4","29","2","2","226","32","992","114","5","1","2","2","111111","1114111A111111",,,"1","2",,,,,,,,,,,"4",
"WDE8265","2016-09-15T00:00:00","21.50","120.60",,,"1","4","0","0","2","4",,"1","0","160","4","93",,"97","2","2","10050","1","23","0","300","0","270",,"258","1","300","8","3","2","4","7","A",,"6","4","16","6","4","226","10","992","114","5","1","2","2","111111","11111111111111",,,"1","2",,,,,,,,,,,"4",
"5100523","2016-09-15T00:15:00","23.77","124.80",,,"1","4","2","5",,,,"11",,,,,,,,,,,,"8",,,,,,"9","296",,,,,,,,,,,,,"226","34","798","172","7","1","2","2","1FFFFF","1AAAAAAAA1AAAA","4",,,,,,,,,,,,,,,
"5100523","2016-09-15T00:30:00","23.77","124.80",,,"1","4","2","5",,,,"11",,,,,,,,,,,,"8",,,,,,"9","296",,,,,,,,,,,,,"226","34","798","172","7","1","2","2","1FFFFF","1AAAAAAAA1AAAA","4",,,,,,,,,,,,,,,
"3200560","2016-09-15T00:32:00","21.12","123.68",,,"1","4","2","5",,,,"11",,,,,,,,,,,,"8",,,,,,"9","291",,,,,,,,,,,,,"226","13","798","172","7","0",,"2","1FFFFF","1AAAAAAAA1AAAA","4",,,,,,,,,,,,,,,
"3200623","2016-09-15T00:32:00","25.19","128.49",,,"1","4","2","5",,,,"11",,,,,,,,,,,,"8",,,,,,"9","294",,,,,,,,,,,,,"226","58","798","172","7","0",,"2","1FFFFF","1AAAAAAAA1AAAA","4",,,,,,,,,,,,,,,
"5100523","2016-09-15T00:32:00","23.77","124.80",,,"1","4","2","5",,,,"11",,,,,,,,,,,,"8",,,,,,"9","296",,,,,,,,,,,,,"226","34","798","172","7","0",,"2","1FFFFF","1AAAAAAAA1AAAA","4",,,,,,,,,,,,,,,
"4300531","2016-09-15T00:33:00","20.72","129.77",,,"1","4","2","5",,,,"11",,,,,,,,,,,,"8",,,,,,"9","296",,,,,,,,,,,,,"226","9","798","172","7","0",,"2","1FFFFF","1AAAAAAAA1AAAA","4",,,,,,,,,,,,,,,
"3200623","2016-09-15T00:34:00","25.19","128.49",,,"1","4","2","5",,,,"11",,,,,,,,,,,,"8",,,,,,"9","294",,,,,,,,,,,,,"226","58","798","172","7","1","2","2","1FFFFF","1AAAAAAAA1AAAA","4",,,,,,,,,,,,,,,
"3200623","2016-09-15T00:37:00","25.19","128.49",,,"1","4","2","5",,,,"11",,,,,,,,,,,,"8",,,,,,"9","294",,,,,,,,,,,,,"226","58","798","172","7","1","2","2","1FFFFF","1AAAAAAAA1AAAA","4",,,,,,,,,,,,,,,
"3200560","2016-09-15T01:00:00","21.12","123.68",,,"1","4","2","5",,,,"11",,,,,,,,,,,,"8",,,,,,"9","291",,,,,,,,,,,,,"226","13","798","172","7","1","2","2","1FFFFF","1AAAAAAAA1AAAA","4",,,,,,,,,,,,,,,
"4300531","2016-09-15T01:00:00","20.72","129.75",,,"1","4","2","5",,,,"11",,,,,,,,,,,,"8",,,,,,"9","296",,,,,,,,,,,,,"226","9","798","172","7","1","2","2","1FFFFF","1AAAAAAAA1AAAA","4",,,,,,,,,,,,,,,
"VRGM8","2016-09-15T01:00:00","23.50","124.70",,,"1","4","0","0","1","5","1","1","0","110","1","70",,"98","3","2","10091",,,"0","295","0","265",,"253","1","299","7","7","1","4","0","0",,"5","3","8","7","4","226","34","992","114","5","1","2","2","111111","1111111111111A",,,"1","2","18","9","4",,,,,,,,"4",
"5100523","2016-09-15T01:15:00","23.76","124.79",,,"1","4","2","5",,,,"11",,,,,,,,,,,,"8",,,,,,"9","296",,,,,,,,,,,,,"226","34","798","172","7","1","2","2","1FFFFF","1AAAAAAAA1AAAA","4",,,,,,,,,,,,,,,
"4300531","2016-09-15T01:25:00","20.72","129.75",,,"1","4","2","5",,,,"11",,,,,,,,,,,,"8",,,,,,"9","296",,,,,,,,,,,,,"226","9","798","172","7","1","2","2","1FFFFF","1AAAAAAAA1AAAA","4",,,,,,,,,,,,,,,
"5100523","2016-09-15T01:25:00","23.76","124.79",,,"1","4","2","5",,,,"11",,,,,,,,,,,,"8",,,,,,"9","296",,,,,,,,,,,,,"226","34","798","172","7","0",,"2","1FFFFF","1AAAAAAAA1AAAA","4",,,,,,,,,,,,,,,
"3200623","2016-09-15T01:27:00","25.19","128.49",,,"1","4","2","5",,,,"11",,,,,,,,,,,,"8",,,,,,"9","294",,,,,,,,,,,,,"226","58","798","172","7","1","2","2","1FFFFF","1AAAAAAAA1AAAA","4",,,,,,,,,,,,,,,
"5100523","2016-09-15T01:30:00","23.76","124.79",,,"1","4","2","5",,,,"11",,,,,,,,,,,,"8",,,,,,"9","296",,,,,,,,,,,,,"226","34","798","172","7","1","2","2","1FFFFF","1AAAAAAAA1AAAA","4",,,,,,,,,,,,,,,
"3200623","2016-09-15T01:33:00","25.21","128.47",,,"1","4","2","5",,,,"11",,,,,,,,,,,,"8",,,,,,"9","294",,,,,,,,,,,,,"226","58","798","172","7","1","2","2","1FFFFF","1AAAAAAAA1AAAA","4",,,,,,,,,,,,,,,
"3200560","2016-09-15T02:00:00","21.15","123.67",,,"1","4","2","5",,,,"11",,,,,,,,,,,,"8",,,,,,"9","292",,,,,,,,,,,,,"226","13","798","172","7","1","2","2","1FFFFF","1AAAAAAAA1AAAA","4",,,,,,,,,,,,,,,
"4300531","2016-09-15T02:00:00","20.72","129.75",,,"1","4","2","5",,,,"11",,,,,,,,,,,,"8",,,,,,"9","296",,,,,,,,,,,,,"226","9","798","172","7","1","2","2","1FFFFF","1AAAAAAAA1AAAA","4",,,,,,,,,,,,,,,
"5100523","2016-09-15T02:00:00","23.76","124.79",,,"1","4","2","5",,,,"11",,,,,,,,,,,,"8",,,,,,"9","296",,,,,,,,,,,,,"226","34","798","172","7","1","2","2","1FFFFF","1AAAAAAAA1AAAA","4",,,,,,,,,,,,,,,
"3200560","2016-09-15T02:11:00","21.15","123.67",,,"1","4","2","5",,,,"11",,,,,,,,,,,,"8",,,,,,"9","292",,,,,,,,,,,,,"226","13","798","172","7","1","2","2","1FFFFF","1AAAAAAAA1AAAA","4",,,,,,,,,,,,,,,
"3200623","2016-09-15T02:11:00","25.19","128.49",,,"1","4","2","5",,,,"11",,,,,,,,,,,,"8",,,,,,"9","294",,,,,,,,,,,,,"226","58","798","172","7","1","2","2","1FFFFF","1AAAAAAAA1AAAA","4",,,,,,,,,,,,,,,
"5100523","2016-09-15T02:11:00","23.77","124.77",,,"1","4","2","5",,,,"11",,,,,,,,,,,,"8",,,,,,"9","296",,,,,,,,,,,,,"226","34","798","172","7","0",,"2","1FFFFF","1AAAAAAAA1AAAA","4",,,,,,,,,,,,,,,
"5100523","2016-09-15T02:15:00","23.77","124.77",,,"1","4","2","5",,,,"11",,,,,,,,,,,,"8",,,,,,"9","296",,,,,,,,,,,,,"226","34","798","172","7","1","2","2","1FFFFF","1AAAAAAAA1AAAA","4",,,,,,,,,,,,,,,
"3200560","2016-09-15T03:00:00","21.16","123.63",,,"1","4","2","5",,,,"11",,,,,,,,,,,,"8",,,,,,"9","293",,,,,,,,,,,,,"226","13","798","172","7","0",,"2","1FFFFF","1AAAAAAAA1AAAA","4",,,,,,,,,,,,,,,
"4300531","2016-09-15T03:00:00","20.73","129.73",,,"1","3","2","5",,,,"11",,,,,,,,,,,,"0",,,,,,,"296",,,,,,,,,,,,,"226","9","794","103","7","1","2","2","1FFFFF","1AAAAAAAA1AAAA","4",,,,,,,,,,,,,,,
"5100523","2016-09-15T03:00:00","23.76","124.79",,,"1","4","2","5",,,,"11",,,,,,,,,,,,"8",,,,,,"9","296",,,,,,,,,,,,,"226","34","798","172","7","1","2","2","1FFFFF","1AAAAAAAA1AAAA","4",,,,,,,,,,,,,,,
"DFGN2","2016-09-15T03:00:00","26.80","121.10",,,"1","4","0","0","1","4","1","1","0","120","4","154",,"97","2","2","10060","3","14","0","284",,,,"250","3","270","8","8","7","2","A","A",,"6","7","10","7","6","226","61","992","114","5","1","2","2","112111","1111111A111111",,,"1","2",,,,,,,,,,,"4",
"MPMM5","2016-09-15T03:00:00","22.70","122.40",,,"1","4","0","0","4","3","1","1","0","150","4","129",,"97","2","2","10081","3","5","0","295","0","278",,"272","1","300","7","6","0","7","7","8",,"5","5",,,,"226","22","992","114","5","1","2","2","111111","111111111111A1",,,"1","2",,,,,,,,,,,"4",
"SHIP","2016-09-15T03:00:00","22.60","123.40",,,"1","4","0","0","1","4",,"2","0","140","4","113",,"98","1","1","10082","1","5","0","295","0","270",,"262","1","288","6","5","3","4","4","6",,"5","4","13","5","5","226","23","992","114","5","1","2","2","111111","11111111111111",,,"1","1","4","3","2",,,,,,,,"4",
"3200560","2016-09-15T04:00:00","21.24","123.59",,,"1","3","2","5",,,,"11",,,,,,,,,,,,"0",,,,,,,"293",,,,,,,,,,,,,"226","13","794","103","7","1","2","2","1FFFFF","1AAAAAAAA1AAAA","4",,,,,,,,,,,,,,,
"4300531","2016-09-15T04:00:00","20.75","129.66",,,"1","3","2","5",,,,"11",,,,,,,,,,,,"0",,,,,,,"296",,,,,,,,,,,,,"226","9","794","103","7","1","2","2","1FFFFF","1AAAAAAAA1AAAA","4",,,,,,,,,,,,,,,
"VRPP5","2016-09-15T04:00:00","22.90","122.90",,,"1","4","0","0","5","4",,"1","0","180","4","129",,"96","2","5","10070","4","0","0","270",,,,"260","1","310","8","8","7","5","9","8",,"4","4","29","2","2","226","22","992","114","5","1","2","2","111111","1114111A111111",,,"1","2",,,,,,,,,,,"4",
"3200560","2016-09-15T05:00:00","21.24","123.59",,,"1","3","2","5",,,,"11",,,,,,,,,,,,"0",,,,,,,"294",,,,,,,,,,,,,"226","13","794","103","7","1","2","2","1FFFFF","1AAAAAAAA1AAAA","4",,,,,,,,,,,,,,,
"4300531","2016-09-15T05:00:00","20.73","129.73",,,"1","3","2","5",,,,"11",,,,,,,,,,,,"0",,,,,,,"296",,,,,,,,,,,,,"226","9","794","103","7","1","2","2","1FFFFF","1AAAAAAAA1AAAA","4",,,,,,,,,,,,,,,
"5100523","2016-09-15T05:00:00","23.77","124.77",,,"1","3","2","5",,,,"11",,,,,,,,,,,,"0",,,,,,,"296",,,,,,,,,,,,,"226","34","794","103","7","1","2","2","1FFFFF","1AAAAAAAA1AAAA","4",,,,,,,,,,,,,,,
"3200623","2016-09-15T05:13:00","25.25","128.46",,,"1","3","2","5",,,,"11",,,,,,,,,,,,,,,,,,,,,,,,,,,,,,,,"226","58","798","172","7","0",,"2","FFFFFF","1AAAAAAAAAAAAA","4",,,,,,,,,,,,,,,
"4300531","2016-09-15T05:13:00","20.75","129.66",,,"1","4","2","5",,,,"11",,,,,,,,,,,,"8",,,,,,"9","296",,,,,,,,,,,,,"226","9","798","172","7","0",,"2","1FFFFF","1AAAAAAAA1AAAA","4",,,,,,,,,,,,,,,
"5100523","2016-09-15T05:14:00","23.80","124.73",,,"1","4","2","5",,,,"11",,,,,,,,,,,,"8",,,,,,"9","296",,,,,,,,,,,,,"226","34","798","172","7","0",,"2","1FFFFF","1AAAAAAAA1AAAA","4",,,,,,,,,,,,,,,
"5100523","2016-09-15T05:15:00","23.80","124.73",,,"1","3","2","5",,,,"11",,,,,,,,,,,,"0",,,,,,,"296",,,,,,,,,,,,,"226","34","794","103","7","1","2","2","1FFFFF","1AAAAAAAA1AAAA","4",,,,,,,,,,,,,,,
"3200560","2016-09-15T05:18:00","21.24","123.59",,,"1","4","2","5",,,,"11",,,,,,,,,,,,"8",,,,,,"9","295",,,,,,,,,,,,,"226","13","798","172","7","0",,"2","1FFFFF","1AAAAAAAA1AAAA","4",,,,,,,,,,,,,,,
"3200623","2016-09-15T05:21:00","25.25","128.46",,,"1","3","2","5",,,,"11",,,,,,,,,,,,"0",,,,,,,"295",,,,,,,,,,,,,"226","58","794","103","7","1","2","2","1FFFFF","1AAAAAAAA1AAAA","4",,,,,,,,,,,,,,,
"3200623","2016-09-15T05:25:00","25.25","128.46",,,"1","3","2","5",,,,"11",,,,,,,,,,,,"0",,,,,,,"295",,,,,,,,,,,,,"226","58","794","103","7","1","2","2","1FFFFF","1AAAAAAAA1AAAA","4",,,,,,,,,,,,,,,
"3200560","2016-09-15T06:00:00","21.24","123.59",,,"1","4","2","5",,,,"11",,,,,,,,,,,,"8",,,,,,"9","295",,,,,,,,,,,,,"226","13","798","172","7","1","2","2","1FFFFF","1AAAAAAAA1AAAA","4",,,,,,,,,,,,,,,
"4300531","2016-09-15T06:00:00","20.75","129.66",,,"1","4","2","5",,,,"11",,,,,,,,,,,,"8",,,,,,"9","296",,,,,,,,,,,,,"226","9","798","172","7","1","2","2","1FFFFF","1AAAAAAAA1AAAA","4",,,,,,,,,,,,,,,
"DFGN2","2016-09-15T06:00:00","27.60","121.60",,,"1","4","0","0","1","4","1","1","0","140","4","103",,"96","60","6","10067","1","8","0","282",,,,"258","3","269","8","6","6","2","7","0",,"6","5","13","6","6","226","71","992","114","5","1","2","2","111111","1111111A111111",,,"1","2",,,,,,,,,,,"4",
"VRID2","2016-09-15T06:00:00","24.10","122.70",,,"1","4","0","0","4","4",,"1","0","190","4","123",,"98","2","2","10105","6","10","0","285","0","265",,"260","1","280","6","5","2","2","6","A",,"6","6","17","6","6","226","42","992","114","5","1","2","2","111311","11111111111111",,,"1","2",,,,,,,,,,,"4",
"5100523","2016-09-15T06:45:00","23.80","124.73",,,"1","4","2","5",,,,"11",,,,,,,,,,,,"8",,,,,,"9","296",,,,,,,,,,,,,"226","34","798","172","7","1","2","2","1FFFFF","1AAAAAAAA1AAAA","4",,,,,,,,,,,,,,,
"3200623","2016-09-15T06:54:00","25.27","128.45",,,"1","4","2","5",,,,"11",,,,,,,,,,,,"8",,,,,,"9","295",,,,,,,,,,,,,"226","58","798","172","7","1","2","2","1FFFFF","1AAAAAAAA1AAAA","4",,,,,,,,,,,,,,,
"5100523","2016-09-15T06:54:00","23.81","124.73",,,"1","4","2","5",,,,"11",,,,,,,,,,,,"8",,,,,,"9","297",,,,,,,,,,,,,"226","34","798","172","7","1","2","2","1FFFFF","1AAAAAAAA1AAAA","4",,,,,,,,,,,,,,,
"3200560","2016-09-15T06:55:00","21.30","123.60",,,"1","4","2","5",,,,"11",,,,,,,,,,,,"8",,,,,,"9","295",,,,,,,,,,,,,"226","13","798","172","7","1","2","2","1FFFFF","1AAAAAAAA1AAAA","4",,,,,,,,,,,,,,,
"3200560","2016-09-15T07:00:00","21.30","123.60",,,"1","4","2","5",,,,"11",,,,,,,,,,,,"8",,,,,,"9","295",,,,,,,,,,,,,"226","13","798","172","7","0",,"2","1FFFFF","1AAAAAAAA1AAAA","4",,,,,,,,,,,,,,,
"4300531","2016-09-15T07:00:00","20.75","129.66",,,"1","4","2","5",,,,"11",,,,,,,,,,,,"8",,,,,,"9","296",,,,,,,,,,,,,"226","9","798","172","7","1","2","2","1FFFFF","1AAAAAAAA1AAAA","4",,,,,,,,,,,,,,,
"5100523","2016-09-15T07:00:00","23.81","124.73",,,"1","4","2","5",,,,"11",,,,,,,,,,,,"8",,,,,,"9","296",,,,,,,,,,,,,"226","34","798","172","7","0",,"2","1FFFFF","1AAAAAAAA1AAAA","4",,,,,,,,,,,,,,,
"3200623","2016-09-15T07:03:00","25.27","128.45",,,"1","4","2","5",,,,"11",,,,,,,,,,,,"8",,,,,,"9","295",,,,,,,,,,,,,"226","58","798","172","7","1","2","2","1FFFFF","1AAAAAAAA1AAAA","4",,,,,,,,,,,,,,,
"3200623","2016-09-15T07:45:00","25.27","128.45",,,"1","4","2","5",,,,"11",,,,,,,,,,,,"8",,,,,,"9","294",,,,,,,,,,,,,"226","58","798","172","7","1","2","2","1FFFFF","1AAAAAAAA1AAAA","4",,,,,,,,,,,,,,,
"3200560","2016-09-15T08:00:00","21.30","123.60",,,"1","4","2","5",,,,"11",,,,,,,,,,,,"8",,,,,,"9","295",,,,,,,,,,,,,"226","13","798","172","7","1","2","2","1FFFFF","1AAAAAAAA1AAAA","4",,,,,,,,,,,,,,,
"4300531","2016-09-15T08:00:00","20.78","129.59",,,"1","4","2","5",,,,"11",,,,,,,,,,,,"8",,,,,,"9","296",,,,,,,,,,,,,"226","9","798","172","7","1","2","2","1FFFFF","1AAAAAAAA1AAAA","4",,,,,,,,,,,,,,,
"5100523","2016-09-15T08:00:00","23.81","124.73",,,"1","4","2","5",,,,"11",,,,,,,,,,,,"8",,,,,,"9","297",,,,,,,,,,,,,"226","34","798","172","7","1","2","2","1FFFFF","1AAAAAAAA1AAAA","4",,,,,,,,,,,,,,,
"MPMM5","2016-09-15T08:00:00","21.60","121.90",,,"1","4","0","0","5","3","1","1","0","140","4","72",,"98","1","2","10059","7","16","0","290","0","270",,"262","1","290","5","4","4","6","7","A",,,,,,,"226","11","992","114","5","1","2","2","111111","11111111111AA1",,,"1","2",,,,,,,,,,,"4",
"3200623","2016-09-15T08:03:00","25.29","128.43",,,"1","4","2","5",,,,"11",,,,,,,,,,,,"8",,,,,,"9","294",,,,,,,,,,,,,"226","58","798","172","7","1","2","2","1FFFFF","1AAAAAAAA1AAAA","4",,,,,,,,,,,,,,,
"4300531","2016-09-15T08:03:00","20.78","129.59",,,"1","4","2","5",,,,"11",,,,,,,,,,,,"8",,,,,,"9","296",,,,,,,,,,,,,"226","9","798","172","7","1","2","2","1FFFFF","1AAAAAAAA1AAAA","4",,,,,,,,,,,,,,,
"5100523","2016-09-15T08:03:00","23.81","124.72",,,"1","4","2","5",,,,"11",,,,,,,,,,,,"8",,,,,,"9","296",,,,,,,,,,,,,"226","34","798","172","7","0",,"2","1FFFFF","1AAAAAAAA1AAAA","4",,,,,,,,,,,,,,,
"3200623","2016-09-15T08:04:00","25.30","128.43",,,"1","4","2","5",,,,"11",,,,,,,,,,,,"8",,,,,,"9","294",,,,,,,,,,,,,"226","58","798","172","7","1","2","2","1FFFFF","1AAAAAAAA1AAAA","4",,,,,,,,,,,,,,,
"3200623","2016-09-15T08:08:00","25.29","128.43",,,"1","4","2","5",,,,"11",,,,,,,,,,,,"8",,,,,,"9","294",,,,,,,,,,,,,"226","58","798","172","7","1","2","2","1FFFFF","1AAAAAAAA1AAAA","4",,,,,,,,,,,,,,,
"3200560","2016-09-15T09:00:00","21.30","123.60",,,"1","4","2","5",,,,"11",,,,,,,,,,,,"8",,,,,,"9","295",,,,,,,,,,,,,"226","13","798","172","7","1","2","2","1FFFFF","1AAAAAAAA1AAAA","4",,,,,,,,,,,,,,,
"4300531","2016-09-15T09:00:00","20.79","129.59",,,"1","4","2","5",,,,"11",,,,,,,,,,,,"8",,,,,,"9","296",,,,,,,,,,,,,"226","9","798","172","7","1","2","2","1FFFFF","1AAAAAAAA1AAAA","4",,,,,,,,,,,,,,,
"DFGN2","2016-09-15T09:00:00","28.30","122.10",,,"1","4","0","0","1","4","1","1","0","110","4","98",,"97","3","2","10070","3","2","0","269",,,,"242",,,"7","5","0","7","2","8",,"1","2","10","4","4","226","82","992","114","5","1","2","2","F11111","1111111A1A1111",,,"1","2",,,,,,,,,,,"4",
"VRID2","2016-09-15T09:00:00","23.40","122.70",,,"1","4","0","0","4","4",,"1","0","180","4","82",,"98","2","2","10100","4","0","0","290","0","265",,"257","1","290","4","4","9","4","6","A",,"4","3","18","6","5","226","32","992","114","5","1","2","2","111111","11111111111111",,,"1","2",,,,,,,,,,,"4",
"5100523","2016-09-15T09:15:00","23.81","124.72",,,"1","4","2","5",,,,"11",,,,,,,,,,,,"8",,,,,,"9","296",,,,,,,,,,,,,"226","34","798","172","7","1","2","2","1FFFFF","1AAAAAAAA1AAAA","4",,,,,,,,,,,,,,,
"3200623","2016-09-15T09:24:00","25.29","128.43",,,"1","4","2","5",,,,"11",,,,,,,,,,,,"8",,,,,,"9","294",,,,,,,,,,,,,"226","58","798","172","7","1","2","2","1FFFFF","1AAAAAAAA1AAAA","4",,,,,,,,,,,,,,,
"5100523","2016-09-15T09:24:00","23.80","124.69",,,"1","4","2","5",,,,"11",,,,,,,,,,,,"8",,,,,,"9","296",,,,,,,,,,,,,"226","34","798","172","7","0",,"2","1FFFFF","1AAAAAAAA1AAAA","4",,,,,,,,,,,,,,,
"3200623","2016-09-15T09:27:00","25.31","128.43",,,"1","4","2","5",,,,"11",,,,,,,,,,,,"8",,,,,,"9","294",,,,,,,,,,,,,"226","58","798","172","7","0",,"2","1FFFFF","1AAAAAAAA1AAAA","4",,,,,,,,,,,,,,,
"3200623","2016-09-15T09:29:00","25.31","128.44",,,"1","4","2","5",,,,"11",,,,,,,,,,,,"8",,,,,,"9","294",,,,,,,,,,,,,"226","58","798","172","7","1","2","2","1FFFFF","1AAAAAAAA1AAAA","4",,,,,,,,,,,,,,,
"3200623","2016-09-15T09:30:00","25.31","128.43",,,"1","4","2","5",,,,"11",,,,,,,,,,,,"8",,,,,,"9","294",,,,,,,,,,,,,"226","58","798","172","7","0",,"2","1FFFFF","1AAAAAAAA1AAAA","4",,,,,,,,,,,,,,,
"5100523","2016-09-15T09:30:00","23.80","124.69",,,"1","4","2","5",,,,"11",,,,,,,,,,,,"8",,,,,,"9","296",,,,,,,,,,,,,"226","34","798","172","7","1","2","2","1FFFFF","1AAAAAAAA1AAAA","4",,,,,,,,,,,,,,,
"3200623","2016-09-15T09:35:00","25.31","128.44",,,"1","4","2","5",,,,"11",,,,,,,,,,,,"8",,,,,,"9","294",,,,,,,,,,,,,"226","58","798","172","7","1","2","1","1FFFFF","1AAAAAAAA1AAAA","4",,,,,,,,,,,,,,,
"3200623","2016-09-15T09:39:00","25.31","128.44",,,"1","4","2","5",,,,"11",,,,,,,,,,,,"8",,,,,,"9","294",,,,,,,,,,,,,"226","58","798","172","7","1","2","1","1FFFFF","1AAAAAAAA1AAAA","4",,,,,,,,,,,,,,,
"3200560","2016-09-15T09:40:00","21.37","123.61",,,"1","4","2","5",,,,"11",,,,,,,,,,,,"8",,,,,,"9","294",,,,,,,,,,,,,"226","13","798","172","7","0",,"2","1FFFFF","1AAAAAAAA1AAAA","4",,,,,,,,,,,,,,,
"4300531","2016-09-15T09:40:00","20.82","129.55",,,"1","4","2","5",,,,"11",,,,,,,,,,,,"8",,,,,,"9","296",,,,,,,,,,,,,"226","9","798","172","7","0",,"1","1FFFFF","1AAAAAAAA1AAAA","4",,,,,,,,,,,,,,,
"5100523","2016-09-15T09:40:00","23.81","124.72",,,"1","4","2","5",,,,"11",,,,,,,,,,,,"8",,,,,,"9","296",,,,,,,,,,,,,"226","34","798","172","7","0",,"2","1FFFFF","1AAAAAAAA1AAAA","4",,,,,,,,,,,,,,,
"5100523","2016-09-15T09:45:00","23.81","124.72",,,"1","4","2","5",,,,"11",,,,,,,,,,,,"8",,,,,,"9","296",,,,,,,,,,,,,"226","34","798","172","7","1","2","2","1FFFFF","1AAAAAAAA1AAAA","4",,,,,,,,,,,,,,,
"3200623","2016-09-15T09:48:00","25.31","128.44",,,"1","4","2","5",,,,"11",,,,,,,,,,,,"8",,,,,,"9","294",,,,,,,,,,,,,"226","58","798","172","7","1","2","1","1FFFFF","1AAAAAAAA1AAAA","4",,,,,,,,,,,,,,,
"3200623","2016-09-15T09:49:00","25.31","128.43",,,"1","4","2","5",,,,"11",,,,,,,,,,,,"8",,,,,,"9","294",,,,,,,,,,,,,"226","58","798","172","7","1","2","1","1FFFFF","1AAAAAAAA1AAAA","4",,,,,,,,,,,,,,,
"3200560","2016-09-15T10:00:00","21.37","123.61",,,"1","4","2","5",,,,"11",,,,,,,,,,,,"8",,,,,,"9","294",,,,,,,,,,,,,"226","13","798","172","7","1","2","1","1FFFFF","1AAAAAAAA1AAAA","4",,,,,,,,,,,,,,,
"4300531","2016-09-15T10:00:00","20.82","129.55",,,"1","4","2","5",,,,"11",,,,,,,,,,,,"8",,,,,,"9","296",,,,,,,,,,,,,"226","9","798","172","7","1","2","1","1FFFFF","1AAAAAAAA1AAAA","4",,,,,,,,,,,,,,,
"3200560","2016-09-15T11:00:00","21.40","123.63",,,"1","4","2","5",,,,"11",,,,,,,,,,,,"8",,,,,,"9","293",,,,,,,,,,,,,"226","13","798","172","7","1","2","1","1FFFFF","1AAAAAAAA1AAAA","4",,,,,,,,,,,,,,,
"4300531","2016-09-15T11:00:00","20.86","129.52",,,"1","4","2","5",,,,"11",,,,,,,,,,,,"8",,,,,,"9","295",,,,,,,,,,,,,"226","9","798","172","7","1","2","1","1FFFFF","1AAAAAAAA1AAAA","4",,,,,,,,,,,,,,,
"5100523","2016-09-15T11:00:00","23.82","124.69",,,"1","4","2","5",,,,"11",,,,,,,,,,,,"8",,,,,,"9","296",,,,,,,,,,,,,"226","34","798","172","7","1","2","1","1FFFFF","1AAAAAAAA1AAAA","4",,,,,,,,,,,,,,,
"3200623","2016-09-15T11:04:00","25.33","128.42",,,"1","4","2","5",,,,"11",,,,,,,,,,,,"8",,,,,,"9","294",,,,,,,,,,,,,"226","58","798","172","7","0",,"1","1FFFFF","1AAAAAAAA1AAAA","4",,,,,,,,,,,,,,,
"3200560","2016-09-15T11:06:00","21.40","123.63",,,"1","4","2","5",,,,"11",,,,,,,,,,,,"8",,,,,,"9","293",,,,,,,,,,,,,"226","13","798","172","7","0",,"1","1FFFFF","1AAAAAAAA1AAAA","4",,,,,,,,,,,,,,,
"3200623","2016-09-15T11:07:00","25.33","128.42",,,"1","4","2","5",,,,"11",,,,,,,,,,,,"8",,,,,,"9","294",,,,,,,,,,,,,"226","58","798","172","7","1","2","1","1FFFFF","1AAAAAAAA1AAAA","4",,,,,,,,,,,,,,,
"5100523","2016-09-15T11:10:00","23.82","124.69",,,"1","4","2","5",,,,"11",,,,,,,,,,,,"8",,,,,,"9","296",,,,,,,,,,,,,"226","34","798","172","7","0",,"1","1FFFFF","1AAAAAAAA1AAAA","4",,,,,,,,,,,,,,,
"3200623","2016-09-15T11:12:00","25.31","128.43",,,"1","4","2","5",,,,"11",,,,,,,,,,,,"8",,,,,,"9","294",,,,,,,,,,,,,"226","58","798","172","7","1","2","1","1FFFFF","1AAAAAAAA1AAAA","4",,,,,,,,,,,,,,,
"5100523","2016-09-15T11:30:00","23.82","124.69",,,"1","4","2","5",,,,"11",,,,,,,,,,,,"8",,,,,,"9","296",,,,,,,,,,,,,"226","34","798","172","7","1","2","1","1FFFFF","1AAAAAAAA1AAAA","4",,,,,,,,,,,,,,,
"4300531","2016-09-15T11:44:00","20.86","129.52",,,"1","4","2","5",,,,"11",,,,,,,,,,,,"8",,,,,,"9","295",,,,,,,,,,,,,"226","9","798","172","7","0",,"1","1FFFFF","1AAAAAAAA1AAAA","4",,,,,,,,,,,,,,,
"3200623","2016-09-15T11:45:00","25.34","128.42",,,"1","4","2","5",,,,"11",,,,,,,,,,,,"8",,,,,,"9","294",,,,,,,,,,,,,"226","58","798","172","7","1","2","1","1FFFFF","1AAAAAAAA1AAAA","4",,,,,,,,,,,,,,,
"5100523","2016-09-15T11:45:00","23.82","124.69",,,"1","4","2","5",,,,"11",,,,,,,,,,,,"8",,,,,,"9","296",,,,,,,,,,,,,"226","34","798","172","7","1","2","1","1FFFFF","1AAAAAAAA1AAAA","4",,,,,,,,,,,,,,,
"5100523","2016-09-15T11:46:00","23.82","124.69",,,"1","4","2","5",,,,"11",,,,,,,,,,,,"8",,,,,,"9","296",,,,,,,,,,,,,"226","34","798","172","7","1","2","1","1FFFFF","1AAAAAAAA1AAAA","4",,,,,,,,,,,,,,,
"3200560","2016-09-15T11:47:00","21.41","123.66",,,"1","4","2","5",,,,"11",,,,,,,,,,,,"8",,,,,,"9","293",,,,,,,,,,,,,"226","13","798","172","7","0",,"1","1FFFFF","1AAAAAAAA1AAAA","4",,,,,,,,,,,,,,,
"3200623","2016-09-15T11:48:00","25.34","128.42",,,"1","4","2","5",,,,"11",,,,,,,,,,,,"8",,,,,,"9","294",,,,,,,,,,,,,"226","58","798","172","7","1","2","1","1FFFFF","1AAAAAAAA1AAAA","4",,,,,,,,,,,,,,,
"3200560","2016-09-15T12:00:00","21.41","123.66",,,"1","4","2","5",,,,"11",,,,,,,,,,,,"8",,,,,,"9","293",,,,,,,,,,,,,"226","13","798","172","7","1","2","1","1FFFFF","1AAAAAAAA1AAAA","4",,,,,,,,,,,,,,,
"4300531","2016-09-15T12:00:00","20.86","129.52",,,"1","4","2","5",,,,"11",,,,,,,,,,,,"8",,,,,,"9","295",,,,,,,,,,,,,"226","9","798","172","7","1","2","1","1FFFFF","1AAAAAAAA1AAAA","4",,,,,,,,,,,,,,,
"DFGN2","2016-09-15T12:00:00","29.00","122.40",,,"1","4","0","0","8","4","1","1","0","130","4","87",,"97",,"2","10093","3","24","0","258",,,,"238","3","270","8",,,"A",,,,,,,,,"226","92","992","114","5","1","2","1","111111","111A111A111AA1",,,"1","2",,,,,,,,,,,"4",
"TBWUK81","2016-09-15T12:00:00","25.10","129.80",,,"1","4","0","0",,,,"1","0","110","3","87",,"98",,,"10118","2","4","0","286",,,,"249",,,"2",,,"5",,,,,,,,,"226","59","992","114","5","1","2","1","F11111","111AA11A1A1AA1",,,"1",,,,,,,,,,,,"4",
"VRGW3","2016-09-15T12:00:00","26.50","121.30",,,"1","4","0","0","5","3","1","1","0","150","3","98",,,"3","2","10068","2","6","0","280","0","270",,"266","1","270","8","7","4","5","7","6",,"4","4","13","5","4","226","61","992","114","5","1","2","1","111111","11A11111111111",,,"1","2",,,,,,,,,,,"4",
"VRID2","2016-09-15T12:00:00","22.70","122.50",,,"1","4","0","0","5","4",,"1","0","160","4","15",,"98","2","2","10105","2","10","0","290","0","260",,"218","1","290",,,,"A",,,,,,,,,"226","22","992","114","5","1","2","1","111111","11111111118AA1",,,"1","2",,,,,,,,,,,"4",
"VRPP5","2016-09-15T12:00:00","21.10","120.50",,,"1","4","0","0","5","4",,"1","0","140","4","51",,"97","1","1","10070","4","0","0","280",,,,"260","1","300","6","6","2","6","A","A",,,,"31",,,"226","10","992","114","5","1","2","1","111111","1111111A111A71",,,"1","0",,,,,,,,,,,"4",
"WDE8265","2016-09-15T12:00:00","25.40","122.60",,,"1","4","0","0","8","5",,"1","0","190","4","103",,"97","2","0","10089","1","29","0","290","0","280",,"276","1","290","2","2","1","2","A","A",,"6","2","13","6","3","226","52","992","114","5","1","2","1","111111","11111111111111",,,"1","0",,,,,,,,,,,"4",
"5100523","2016-09-15T12:30:00","23.82","124.67",,,"1","4","2","5",,,,"11",,,,,,,,,,,,"8",,,,,,"9","296",,,,,,,,,,,,,"226","34","798","172","7","1","2","1","1FFFFF","1AAAAAAAA1AAAA","4",,,,,,,,,,,,,,,
"5100523","2016-09-15T12:40:00","23.82","124.67",,,"1","4","2","5",,,,"11",,,,,,,,,,,,"8",,,,,,"9","296",,,,,,,,,,,,,"226","34","798","172","7","0",,"1","1FFFFF","1AAAAAAAA1AAAA","4",,,,,,,,,,,,,,,
"3200560","2016-09-15T12:41:00","21.41","123.67",,,"1","4","2","5",,,,"11",,,,,,,,,,,,"8",,,,,,"9","293",,,,,,,,,,,,,"226","13","798","172","7","0",,"1","1FFFFF","1AAAAAAAA1AAAA","4",,,,,,,,,,,,,,,
"4300531","2016-09-15T12:41:00","20.89","129.51",,,"1","4","2","5",,,,"11",,,,,,,,,,,,"8",,,,,,"9","295",,,,,,,,,,,,,"226","9","798","172","7","0",,"1","1FFFFF","1AAAAAAAA1AAAA","4",,,,,,,,,,,,,,,
"3200623","2016-09-15T12:44:00","25.34","128.42",,,"1","4","2","5",,,,"11",,,,,,,,,,,,"8",,,,,,"9","294",,,,,,,,,,,,,"226","58","798","172","7","1","2","1","1FFFFF","1AAAAAAAA1AAAA","4",,,,,,,,,,,,,,,
"3200560","2016-09-15T13:00:00","21.41","123.67",,,"1","4","2","5",,,,"11",,,,,,,,,,,,"8",,,,,,"9","293",,,,,,,,,,,,,"226","13","798","172","7","0",,"1","1FFFFF","1AAAAAAAA1AAAA","4",,,,,,,,,,,,,,,
"4300531","2016-09-15T13:00:00","20.89","129.51",,,"1","4","2","5",,,,"11",,,,,,,,,,,,"8",,,,,,"9","295",,,,,,,,,,,,,"226","9","798","172","7","1","2","1","1FFFFF","1AAAAAAAA1AAAA","4",,,,,,,,,,,,,,,
"VRGM8","2016-09-15T13:00:00","27.80","126.50",,,"1","4","0","0","8","5","1","1","0","140","1","100",,"97","2",,"10126",,,"0","290","0","245",,"224","1","300","7","7","1","5","6","0",,"4","2","16","8","3","226","76","992","114","5","1","2","1","111111","1111A11111111A",,,"1",,,,,,,,,,,,"4",
"5100523","2016-09-15T13:15:00","23.82","124.66",,,"1","4","2","5",,,,"11",,,,,,,,,,,,"8",,,,,,"9","296",,,,,,,,,,,,,"226","34","798","172","7","1","2","1","1FFFFF","1AAAAAAAA1AAAA","4",,,,,,,,,,,,,,,
"4300531","2016-09-15T13:25:00","20.90","129.49",,,"1","4","2","5",,,,"11",,,,,,,,,,,,"8",,,,,,"9","295",,,,,,,,,,,,,"226","9","798","172","7","0",,"1","1FFFFF","1AAAAAAAA1AAAA","4",,,,,,,,,,,,,,,
"3200560","2016-09-15T13:26:00","21.41","123.69",,,"1","4","2","5",,,,"11",,,,,,,,,,,,"8",,,,,,"9","293",,,,,,,,,,,,,"226","13","798","172","7","1","2","1","1FFFFF","1AAAAAAAA1AAAA","4",,,,,,,,,,,,,,,
"3200623","2016-09-15T13:27:00","25.36","128.42",,,"1","4","2","5",,,,"11",,,,,,,,,,,,"8",,,,,,"9","294",,,,,,,,,,,,,"226","58","798","172","7","0",,"1","1FFFFF","1AAAAAAAA1AAAA","4",,,,,,,,,,,,,,,
"5100523","2016-09-15T13:27:00","23.82","124.66",,,"1","4","2","5",,,,"11",,,,,,,,,,,,"8",,,,,,"9","296",,,,,,,,,,,,,"226","34","798","172","7","1","2","1","1FFFFF","1AAAAAAAA1AAAA","4",,,,,,,,,,,,,,,
"5100523","2016-09-15T13:30:00","23.82","124.66",,,"1","4","2","5",,,,"11",,,,,,,,,,,,"8",,,,,,"9","296",,,,,,,,,,,,,"226","34","798","172","7","1","2","1","1FFFFF","1AAAAAAAA1AAAA","4",,,,,,,,,,,,,,,
"3200623","2016-09-15T13:31:00","25.36","128.42",,,"1","4","2","5",,,,"11",,,,,,,,,,,,"8",,,,,,"9","294",,,,,,,,,,,,,"226","58","798","172","7","1","2","1","1FFFFF","1AAAAAAAA1AAAA","4",,,,,,,,,,,,,,,
"3200560","2016-09-15T14:00:00","21.41","123.69",,,"1","4","2","5",,,,"11",,,,,,,,,,,,"8",,,,,,"9","293",,,,,,,,,,,,,"226","13","798","172","7","0",,"1","1FFFFF","1AAAAAAAA1AAAA","4",,,,,,,,,,,,,,,
"4300531","2016-09-15T14:00:00","20.90","129.49",,,"1","4","2","5",,,,"11",,,,,,,,,,,,"8",,,,,,"9","295",,,,,,,,,,,,,"226","9","798","172","7","1","2","1","1FFFFF","1AAAAAAAA1AAAA","4",,,,,,,,,,,,,,,
"5100523","2016-09-15T14:15:00","23.82","124.66",,,"1","4","2","5",,,,"11",,,,,,,,,,,,"8",,,,,,"9","296",,,,,,,,,,,,,"226","34","798","172","7","0",,"1","1FFFFF","1AAAAAAAA1AAAA","4",,,,,,,,,,,,,,,
"3200560","2016-09-15T15:00:00","21.41","123.69",,,"1","4","2","5",,,,"11",,,,,,,,,,,,"8",,,,,,"9","292",,,,,,,,,,,,,"226","13","798","172","7","1","2","1","1FFFFF","1AAAAAAAA1AAAA","4",,,,,,,,,,,,,,,
"3200560","2016-09-15T16:00:00","21.37","123.84",,,"1","4","2","5",,,,"11",,,,,,,,,,,,"8",,,,,,"9","292",,,,,,,,,,,,,"226","13","798","172","7","1","2","1","1FFFFF","1AAAAAAAA1AAAA","4",,,,,,,,,,,,,,,
"4300531","2016-09-15T16:00:00","21.01","129.46",,,"1","4","2","5",,,,"11",,,,,,,,,,,,"8",,,,,,"9","295",,,,,,,,,,,,,"226","19","798","172","7","1","2","1","1FFFFF","1AAAAAAAA1AAAA","4",,,,,,,,,,,,,,,
"3200560","2016-09-15T17:00:00","21.37","123.84",,,"1","4","2","5",,,,"11",,,,,,,,,,,,"8",,,,,,"9","291",,,,,,,,,,,,,"226","13","798","172","7","1","2","1","1FFFFF","1AAAAAAAA1AAAA","4",,,,,,,,,,,,,,,
"4300531","2016-09-15T17:00:00","21.01","129.46",,,"1","4","2","5",,,,"11",,,,,,,,,,,,"8",,,,,,"9","294",,,,,,,,,,,,,"226","19","798","172","7","1","2","1","1FFFFF","1AAAAAAAA1AAAA","4",,,,,,,,,,,,,,,
"5100523","2016-09-15T17:30:00","23.84","124.63",,,"1","4","2","5",,,,"11",,,,,,,,,,,,"8",,,,,,"9","296",,,,,,,,,,,,,"226","34","798","172","7","1","2","1","1FFFFF","1AAAAAAAA1AAAA","4",,,,,,,,,,,,,,,
"5100523","2016-09-15T17:45:00","23.84","124.63",,,"1","4","2","5",,,,"11",,,,,,,,,,,,"8",,,,,,"9","296",,,,,,,,,,,,,"226","34","798","172","7","1","2","1","1FFFFF","1AAAAAAAA1AAAA","4",,,,,,,,,,,,,,,
"5100523","2016-09-15T17:47:00","23.84","124.63",,,"1","4","2","5",,,,"11",,,,,,,,,,,,"8",,,,,,"9","296",,,,,,,,,,,,,"226","34","798","172","7","0",,"1","1FFFFF","1AAAAAAAA1AAAA","4",,,,,,,,,,,,,,,
"3200623","2016-09-15T17:49:00","25.41","128.40",,,"1","4","2","5",,,,"11",,,,,,,,,,,,"8",,,,,,"9","294",,,,,,,,,,,,,"226","58","798","172","7","0",,"1","1FFFFF","1AAAAAAAA1AAAA","4",,,,,,,,,,,,,,,
"4300531","2016-09-15T17:49:00","21.01","129.46",,,"1","4","2","5",,,,"11",,,,,,,,,,,,"8",,,,,,"9","295",,,,,,,,,,,,,"226","19","798","172","7","1","2","1","1FFFFF","1AAAAAAAA1AAAA","4",,,,,,,,,,,,,,,
"3200560","2016-09-15T17:50:00","21.36","123.84",,,"1","4","2","5",,,,"11",,,,,,,,,,,,"8",,,,,,"9","291",,,,,,,,,,,,,"226","13","798","172","7","1","2","1","1FFFFF","1AAAAAAAA1AAAA","4",,,,,,,,,,,,,,,
"3200623","2016-09-15T17:51:00","25.41","128.40",,,"1","4","2","5",,,,"11",,,,,,,,,,,,"8",,,,,,"9","294",,,,,,,,,,,,,"226","58","798","172","7","1","2","1","1FFFFF","1AAAAAAAA1AAAA","4",,,,,,,,,,,,,,,
"3200623","2016-09-15T17:54:00","25.41","128.40",,,"1","4","2","5",,,,"11",,,,,,,,,,,,"8",,,,,,"9","294",,,,,,,,,,,,,"226","58","798","172","7","1","2","1","1FFFFF","1AAAAAAAA1AAAA","4",,,,,,,,,,,,,,,
"3200560","2016-09-15T18:00:00","21.36","123.84",,,"1","4","2","5",,,,"11",,,,,,,,,,,,"8",,,,,,"9","291",,,,,,,,,,,,,"226","13","798","172","7","1","2","1","1FFFFF","1AAAAAAAA1AAAA","4",,,,,,,,,,,,,,,
"4300531","2016-09-15T18:00:00","21.01","129.46",,,"1","4","2","5",,,,"11",,,,,,,,,,,,"8",,,,,,"9","294",,,,,,,,,,,,,"226","19","798","172","7","1","2","1","1FFFFF","1AAAAAAAA1AAAA","4",,,,,,,,,,,,,,,
"DFGN2","2016-09-15T18:00:00","29.70","122.60",,,"1","4","0","0","0","0","1","1","0","140","4","129",,"97","80","2","10081","6","15","0","269",,,,"247","3","264",,,,"A",,,,"6","6",,,,"226","92","992","114","5","1","2","1","111111","1111111A1181A1",,,"1","2",,,,,,,,,,,"4",
"TBWUK81","2016-09-15T18:00:00","23.60","129.30",,,"1","4","0","0",,,,"1","0","160","3","82",,"98",,,"10112","6","26","0","291",,,,"255",,,,,,"A",,,,,,,,,"226","39","992","114","5","1","2","1","F11111","111AA11A1A8AA1",,,"1",,,,,,,,,,,,"4",
"VRBX7","2016-09-15T18:00:00","28.20","122.10",,,"1","4","0","0","5","3","1","1","0","160","4","108",,"98","1","6","10030","6","20","0","270","0","265",,"265","1","249","4","4","2","4","7","4",,"2","3","10","6","6","226","82","992","114","5","1","2","1","111113","11111111111111",,,"1","6",,,,,,,,,,,"4",
"VRGW3","2016-09-15T18:00:00","25.20","120.40",,,"1","4","0","0","5","3","1","1","0","180","3","31",,"97","2","0","10042","8","5","0","270","0","260",,"256","1","270","4","4","A","A","4","A",,"3","1","20","8","4","226","50","992","114","5","1","2","1","111111","11111111111111",,,"1","0",,,,,,,,,,,"4",
"VRID2","2016-09-15T18:00:00","21.10","121.60",,,"1","4","0","0","5","4",,"1","0","10","4","67",,"98","2","2","10105","2","10","0","285","0","260",,"240","1","290",,,,"2",,,,,,,,,"226","11","992","114","5","1","2","1","111111","11111111118AA1",,,"1","2",,,,,,,,,,,"4",
"WCX8883","2016-09-15T18:00:00","28.70","127.00",,,"1","4","0","0","8","4",,"1","0","120","4","62",,"98","2","2","10115","8","8","0","282","0","260",,"251","1","290","8","8","7","2","A","A",,,,,,,"226","87","992","114","5","1","2","1","111111","11111111111AA1",,,"1","2",,,,,,,,,,,"4",
"3200560","2016-09-15T19:00:00","21.31","123.84",,,"1","4","2","5",,,,"11",,,,,,,,,,,,"8",,,,,,"9","291",,,,,,,,,,,,,"226","13","798","172","7","1","2","1","1FFFFF","1AAAAAAAA1AAAA","4",,,,,,,,,,,,,,,
"4300531","2016-09-15T19:00:00","21.01","129.46",,,"1","4","2","5",,,,"11",,,,,,,,,,,,"8",,,,,,"9","294",,,,,,,,,,,,,"226","19","798","172","7","1","2","1","1FFFFF","1AAAAAAAA1AAAA","4",,,,,,,,,,,,,,,
"MRSA8","2016-09-15T19:00:00","25.30","123.90",,,"1","4","0","0","1","3",,"1","0","130","4","93",,"98","3","1","10074","2","1","0","280","0","250",,"237","1","260","6","6","8","6","A","A",,"15","5",,,,"226","53","992","114","5","1","2","1","111111","111111111111A1",,,"1","1",,,,,,,,,,,"4",
"5100523","2016-09-15T19:15:00","23.84","124.61",,,"1","4","2","5",,,,"11",,,,,,,,,,,,"8",,,,,,"9","296",,,,,,,,,,,,,"226","34","798","172","7","1","2","1","1FFFFF","1AAAAAAAA1AAAA","4",,,,,,,,,,,,,,,
"3200623","2016-09-15T19:28:00","25.44","128.40",,,"1","4","2","5",,,,"11",,,,,,,,,,,,"8",,,,,,"9","294",,,,,,,,,,,,,"226","58","798","172","7","0",,"1","1FFFFF","1AAAAAAAA1AAAA","4",,,,,,,,,,,,,,,
"4300531","2016-09-15T19:29:00","21.04","129.45",,,"1","4","2","5",,,,"11",,,,,,,,,,,,"8",,,,,,"9","295",,,,,,,,,,,,,"226","19","798","172","7","0",,"1","1FFFFF","1AAAAAAAA1AAAA","4",,,,,,,,,,,,,,,
"5100523","2016-09-15T19:29:00","23.84","124.61",,,"1","4","2","5",,,,"11",,,,,,,,,,,,"8",,,,,,"9","296",,,,,,,,,,,,,"226","34","798","172","7","1","2","1","1FFFFF","1AAAAAAAA1AAAA","4",,,,,,,,,,,,,,,
"3200560","2016-09-15T19:30:00","21.31","123.88",,,"1","4","2","5",,,,"11",,,,,,,,,,,,"8",,,,,,"9","291",,,,,,,,,,,,,"226","13","798","172","7","1","2","1","1FFFFF","1AAAAAAAA1AAAA","4",,,,,,,,,,,,,,,
"5100523","2016-09-15T19:30:00","23.84","124.61",,,"1","4","2","5",,,,"11",,,,,,,,,,,,"8",,,,,,"9","296",,,,,,,,,,,,,"226","34","798","172","7","1","2","1","1FFFFF","1AAAAAAAA1AAAA","4",,,,,,,,,,,,,,,
"3200623","2016-09-15T19:31:00","25.44","128.40",,,"1","4","2","5",,,,"11",,,,,,,,,,,,"8",,,,,,"9","294",,,,,,,,,,,,,"226","58","798","172","7","1","2","1","1FFFFF","1AAAAAAAA1AAAA","4",,,,,,,,,,,,,,,
"3200623","2016-09-15T19:35:00","25.44","128.40",,,"1","4","2","5",,,,"11",,,,,,,,,,,,"8",,,,,,"9","294",,,,,,,,,,,,,"226","58","798","172","7","1","2","1","1FFFFF","1AAAAAAAA1AAAA","4",,,,,,,,,,,,,,,
"3200560","2016-09-15T20:00:00","21.31","123.88",,,"1","4","2","5",,,,"11",,,,,,,,,,,,"8",,,,,,"9","291",,,,,,,,,,,,,"226","13","798","172","7","1","2","1","1FFFFF","1AAAAAAAA1AAAA","4",,,,,,,,,,,,,,,
"4300531","2016-09-15T20:00:00","21.04","129.45",,,"1","4","2","5",,,,"11",,,,,,,,,,,,"8",,,,,,"9","295",,,,,,,,,,,,,"226","19","798","172","7","1","2","1","1FFFFF","1AAAAAAAA1AAAA","4",,,,,,,,,,,,,,,
"5100523","2016-09-15T20:15:00","23.84","124.61",,,"1","4","2","5",,,,"11",,,,,,,,,,,,"8",,,,,,"9","296",,,,,,,,,,,,,"226","34","798","172","7","1","2","1","1FFFFF","1AAAAAAAA1AAAA","4",,,,,,,,,,,,,,,
"3200623","2016-09-15T20:19:00","25.44","128.40",,,"1","4","2","5",,,,"11",,,,,,,,,,,,"8",,,,,,"9","294",,,,,,,,,,,,,"226","58","798","172","7","1","2","1","1FFFFF","1AAAAAAAA1AAAA","4",,,,,,,,,,,,,,,
"3200623","2016-09-15T20:27:00","25.44","128.40",,,"1","4","2","5",,,,"11",,,,,,,,,,,,"8",,,,,,"9","294",,,,,,,,,,,,,"226","58","798","172","7","1","2","1","1FFFFF","1AAAAAAAA1AAAA","4",,,,,,,,,,,,,,,
"3200623","2016-09-15T20:28:00","25.45","128.40",,,"1","4","2","5",,,,"11",,,,,,,,,,,,"8",,,,,,"9","294",,,,,,,,,,,,,"226","58","798","172","7","0",,"1","1FFFFF","1AAAAAAAA1AAAA","4",,,,,,,,,,,,,,,
"5100523","2016-09-15T20:30:00","23.84","124.61",,,"1","4","2","5",,,,"11",,,,,,,,,,,,"8",,,,,,"9","296",,,,,,,,,,,,,"226","34","798","172","7","1","2","1","1FFFFF","1AAAAAAAA1AAAA","4",,,,,,,,,,,,,,,
"3200623","2016-09-15T20:32:00","25.45","128.40",,,"1","4","2","5",,,,"11",,,,,,,,,,,,"8",,,,,,"9","294",,,,,,,,,,,,,"226","58","798","172","7","1","2","1","1FFFFF","1AAAAAAAA1AAAA","4",,,,,,,,,,,,,,,
"3200560","2016-09-15T20:34:00","21.27","123.90",,,"1","4","2","5",,,,"11",,,,,,,,,,,,"8",,,,,,"9","291",,,,,,,,,,,,,"226","13","798","172","7","0",,"1","1FFFFF","1AAAAAAAA1AAAA","4",,,,,,,,,,,,,,,
"4300531","2016-09-15T20:35:00","21.06","129.46",,,"1","4","2","5",,,,"11",,,,,,,,,,,,"8",,,,,,"9","295",,,,,,,,,,,,,"226","19","798","172","7","0",,"1","1FFFFF","1AAAAAAAA1AAAA","4",,,,,,,,,,,,,,,
"3200623","2016-09-15T20:36:00","25.45","128.40",,,"1","4","2","5",,,,"11",,,,,,,,,,,,"8",,,,,,"9","294",,,,,,,,,,,,,"226","58","798","172","7","1","2","1","1FFFFF","1AAAAAAAA1AAAA","4",,,,,,,,,,,,,,,
"3200623","2016-09-15T20:38:00","25.45","128.40",,,"1","4","2","5",,,,"11",,,,,,,,,,,,"8",,,,,,"9","294",,,,,,,,,,,,,"226","58","798","172","7","1","2","1","1FFFFF","1AAAAAAAA1AAAA","4",,,,,,,,,,,,,,,
"3200560","2016-09-15T21:00:00","21.27","123.90",,,"1","4","2","5",,,,"11",,,,,,,,,,,,"8",,,,,,"9","291",,,,,,,,,,,,,"226","13","798","172","7","1","2","1","1FFFFF","1AAAAAAAA1AAAA","4",,,,,,,,,,,,,,,
"4300531","2016-09-15T21:00:00","21.06","129.46",,,"1","4","2","5",,,,"11",,,,,,,,,,,,"8",,,,,,"9","295",,,,,,,,,,,,,"226","19","798","172","7","1","2","1","1FFFFF","1AAAAAAAA1AAAA","4",,,,,,,,,,,,,,,
"DFGN2","2016-09-15T21:00:00","29.70","122.60",,,"1","4","0","0","0","0","1","1","0","140","4","113",,"97","3","2","10072","5","8","0","266",,,,"244","3","259","6","6","1","A","7","0",,,,,,,"226","92","992","114","5","1","2","1","111111","1111111A111AA1",,,"1","2",,,,,,,,,,,"4",
"TBWUK81","2016-09-15T21:00:00","20.90","129.10",,,"1","4","0","0",,,,"1","0","140","3","129",,"98",,,"10092","3","8","0","291",,,,"260",,,"7",,,"4",,,,,,,,,"226","9","992","114","5","1","2","1","F11111","111AA11A1A1AA1",,,"1",,,,,,,,,,,,"4",
"5100523","2016-09-15T21:45:00","23.84","124.57",,,"1","4","2","5",,,,"11",,,,,,,,,,,,"8",,,,,,"9","296",,,,,,,,,,,,,"226","34","798","172","7","1","2","2","1FFFFF","1AAAAAAAA1AAAA","4",,,,,,,,,,,,,,,
"5100523","2016-09-15T21:58:00","23.84","124.57",,,"1","4","2","5",,,,"11",,,,,,,,,,,,"8",,,,,,"9","296",,,,,,,,,,,,,"226","34","798","172","7","0",,"2","1FFFFF","1AAAAAAAA1AAAA","4",,,,,,,,,,,,,,,
"4300531","2016-09-15T22:00:00","21.09","129.48",,,"1","4","2","5",,,,"11",,,,,,,,,,,,"8",,,,,,"9","294",,,,,,,,,,,,,"226","19","798","172","7","1","2","2","1FFFFF","1AAAAAAAA1AAAA","4",,,,,,,,,,,,,,,
"5100523","2016-09-15T22:00:00","23.84","124.57",,,"1","4","2","5",,,,"11",,,,,,,,,,,,"8",,,,,,"9","296",,,,,,,,,,,,,"226","34","798","172","7","1","2","2","1FFFFF","1AAAAAAAA1AAAA","4",,,,,,,,,,,,,,,
"3200623","2016-09-15T22:01:00","25.45","128.39",,,"1","4","2","5",,,,"11",,,,,,,,,,,,"8",,,,,,"9","294",,,,,,,,,,,,,"226","58","798","172","7","1","2","2","1FFFFF","1AAAAAAAA1AAAA","4",,,,,,,,,,,,,,,
"3200623","2016-09-15T22:08:00","25.47","128.39",,,"1","4","2","5",,,,"11",,,,,,,,,,,,"8",,,,,,"9","294",,,,,,,,,,,,,"226","58","798","172","7","0",,"2","1FFFFF","1AAAAAAAA1AAAA","4",,,,,,,,,,,,,,,
"3200560","2016-09-15T22:11:00","21.21","123.89",,,"1","4","2","5",,,,"11",,,,,,,,,,,,"8",,,,,,"9","290",,,,,,,,,,,,,"226","13","798","172","7","0",,"2","1FFFFF","1AAAAAAAA1AAAA","4",,,,,,,,,,,,,,,
"4300531","2016-09-15T22:12:00","21.09","129.47",,,"1","4","2","5",,,,"11",,,,,,,,,,,,"8",,,,,,"9",,,,,,,,,,,,,,"226","19","798","172","7","0",,"2","6FFFFF","1AAAAAAAA9AAAA","4",,,,,,,,,,,,,,,
"3200623","2016-09-15T22:13:00","25.47","128.39",,,"1","4","2","5",,,,"11",,,,,,,,,,,,"8",,,,,,"9","294",,,,,,,,,,,,,"226","58","798","172","7","1","2","2","1FFFFF","1AAAAAAAA1AAAA","4",,,,,,,,,,,,,,,
"5100523","2016-09-15T22:13:00","23.84","124.57",,,"1","4","2","5",,,,"11",,,,,,,,,,,,"8",,,,,,"9","296",,,,,,,,,,,,,"226","34","798","172","7","0",,"2","1FFFFF","1AAAAAAAA1AAAA","4",,,,,,,,,,,,,,,
"5100523","2016-09-15T22:15:00","23.84","124.57",,,"1","4","2","5",,,,"11",,,,,,,,,,,,"8",,,,,,"9","296",,,,,,,,,,,,,"226","34","798","172","7","1","2","2","1FFFFF","1AAAAAAAA1AAAA","4",,,,,,,,,,,,,,,
"3200623","2016-09-15T22:17:00","25.47","128.39",,,"1","4","2","5",,,,"11",,,,,,,,,,,,"8",,,,,,"9","294",,,,,,,,,,,,,"226","58","798","172","7","1","2","2","1FFFFF","1AAAAAAAA1AAAA","4",,,,,,,,,,,,,,,
"3200560","2016-09-15T23:00:00","21.21","123.89",,,"1","4","2","5",,,,"11",,,,,,,,,,,,"8",,,,,,"9","290",,,,,,,,,,,,,"226","13","798","172","7","1","2","2","1FFFFF","1AAAAAAAA1AAAA","4",,,,,,,,,,,,,,,
"4300531","2016-09-15T23:00:00","21.09","129.47",,,"1","4","2","5",,,,"11",,,,,,,,,,,,"8",,,,,,"9",,,,,,,,,,,,,,"226","19","798","172","7","1","2","2","6FFFFF","1AAAAAAAA9AAAA","4",,,,,,,,,,,,,,,
"5100523","2016-09-15T23:30:00","23.84","124.57",,,"1","4","2","5",,,,"11",,,,,,,,,,,,"8",,,,,,"9","296",,,,,,,,,,,,,"226","34","798","172","7","1","2","2","1FFFFF","1AAAAAAAA1AAAA","4",,,,,,,,,,,,,,,
"3200623","2016-09-15T23:39:00","25.47","128.39",,,"1","4","2","5",,,,"11",,,,,,,,,,,,"8",,,,,,"9","294",,,,,,,,,,,,,"226","58","798","172","7","1","2","2","1FFFFF","1AAAAAAAA1AAAA","4",,,,,,,,,,,,,,,
"3200560","2016-09-16T00:00:00","21.21","123.89",,,"1","4","2","5",,,,"11",,,,,,,,,,,,"8",,,,,,"9","290",,,,,,,,,,,,,"226","13","798","172","7","1","2","2","1FFFFF","1AAAAAAAA1AAAA","4",,,,,,,,,,,,,,,
"4300531","2016-09-16T00:00:00","21.13","129.49",,,"1","4","2","5",,,,"11",,,,,,,,,,,,"8",,,,,,"9","294",,,,,,,,,,,,,"226","19","798","172","7","1","2","2","1FFFFF","1AAAAAAAA1AAAA","4",,,,,,,,,,,,,,,
"5100523","2016-09-16T00:00:00","23.85","124.55",,,"1","4","2","5",,,,"11",,,,,,,,,,,,"8",,,,,,"9","296",,,,,,,,,,,,,"226","34","798","172","7","1","2","2","1FFFFF","1AAAAAAAA1AAAA","4",,,,,,,,,,,,,,,
"DFGN2","2016-09-16T00:00:00","29.70","122.60",,,"1","4","0","0","0","0","1","1","0","140","4","144",,"97","3","1","10075","2","4","0","286",,,,"246","3","263","4","3","3","5","7","8",,"5","4","0",,,"226","92","992","114","5","1","2","2","111311","1111111A111131",,,"1","1","0",,,,,,,,,,"4",
"TBWUK81","2016-09-16T00:00:00","22.30","128.90",,,"1","4","0","0",,,,"1","0","150","3","98",,"98",,,"10077","5","12","0","299",,,,"259",,,"5",,,"5",,,,,,,,,"226","28","992","114","5","1","2","2","F11111","111AA11A1A1AA1",,,"1",,,,,,,,,,,,"4",
"WDE8265","2016-09-16T00:00:00","29.60","123.60",,,"1","4","0","0","8","5",,"1","0","140","4","103",,"97","2","1","10079","5","0","0","290","0","260",,"248","1","260","5","3","2","4","4","A",,"6","1",,,,"226","93","992","114","5","1","2","2","111111","111111111111A1",,,"1","1",,,,,,,,,,,"4",
"5100523","2016-09-16T00:12:00","23.85","124.55",,,"1","4","2","5",,,,"11",,,,,,,,,,,,"8",,,,,,"9","296",,,,,,,,,,,,,"226","34","798","172","7","0",,"2","1FFFFF","1AAAAAAAA1AAAA","4",,,,,,,,,,,,,,,
"3200623","2016-09-16T00:13:00","25.50","128.38",,,"1","4","2","5",,,,"11",,,,,,,,,,,,"8",,,,,,"9","294",,,,,,,,,,,,,"226","58","798","172","7","0",,"2","1FFFFF","1AAAAAAAA1AAAA","4",,,,,,,,,,,,,,,
"4300531","2016-09-16T00:13:00","21.13","129.49",,,"1","4","2","5",,,,"11",,,,,,,,,,,,"8",,,,,,"9","294",,,,,,,,,,,,,"226","19","798","172","7","0",,"2","1FFFFF","1AAAAAAAA1AAAA","4",,,,,,,,,,,,,,,
"3200623","2016-09-16T00:14:00","25.50","128.38",,,"1","4","2","5",,,,"11",,,,,,,,,,,,"8",,,,,,"9","294",,,,,,,,,,,,,"226","58","798","172","7","1","2","2","1FFFFF","1AAAAAAAA1AAAA","4",,,,,,,,,,,,,,,
"5100523","2016-09-16T00:15:00","23.85","124.55",,,"1","4","2","5",,,,"11",,,,,,,,,,,,"8",,,,,,"9","296",,,,,,,,,,,,,"226","34","798","172","7","1","2","2","1FFFFF","1AAAAAAAA1AAAA","4",,,,,,,,,,,,,,,
"3200623","2016-09-16T00:17:00","25.50","128.38",,,"1","4","2","5",,,,"11",,,,,,,,,,,,"8",,,,,,"9","294",,,,,,,,,,,,,"226","58","798","172","7","1","2","2","1FFFFF","1AAAAAAAA1AAAA","4",,,,,,,,,,,,,,,
"3200560","2016-09-16T01:00:00","21.10","123.83",,,"1","4","2","5",,,,"11",,,,,,,,,,,,"8",,,,,,"9","290",,,,,,,,,,,,,"226","13","798","172","7","1","2","2","1FFFFF","1AAAAAAAA1AAAA","4",,,,,,,,,,,,,,,
"4300531","2016-09-16T01:00:00","21.13","129.49",,,"1","4","2","5",,,,"11",,,,,,,,,,,,"8",,,,,,"9","293",,,,,,,,,,,,,"226","19","798","172","7","1","2","2","1FFFFF","1AAAAAAAA1AAAA","4",,,,,,,,,,,,,,,
"5100523","2016-09-16T01:00:00","23.83","124.54",,,"1","4","2","5",,,,"11",,,,,,,,,,,,"8",,,,,,"9","296",,,,,,,,,,,,,"226","34","798","172","7","1","2","2","1FFFFF","1AAAAAAAA1AAAA","4",,,,,,,,,,,,,,,
"5100523","2016-09-16T01:04:00","23.83","124.54",,,"1","4","2","5",,,,"11",,,,,,,,,,,,"8",,,,,,"9","296",,,,,,,,,,,,,"226","34","798","172","7","1","2","2","1FFFFF","1AAAAAAAA1AAAA","4",,,,,,,,,,,,,,,
"3200623","2016-09-16T01:05:00","25.50","128.38",,,"1","4","2","5",,,,"11",,,,,,,,,,,,"8",,,,,,"9","294",,,,,,,,,,,,,"226","58","798","172","7","1","2","2","1FFFFF","1AAAAAAAA1AAAA","4",,,,,,,,,,,,,,,
"4300531","2016-09-16T01:05:00","21.13","129.49",,,"1","4","2","5",,,,"11",,,,,,,,,,,,"8",,,,,,"9","293",,,,,,,,,,,,,"226","19","798","172","7","0",,"2","1FFFFF","1AAAAAAAA1AAAA","4",,,,,,,,,,,,,,,
"3200560","2016-09-16T01:06:00","21.10","123.83",,,"1","4","2","5",,,,"11",,,,,,,,,,,,"8",,,,,,"9","290",,,,,,,,,,,,,"226","13","798","172","7","0",,"2","1FFFFF","1AAAAAAAA1AAAA","4",,,,,,,,,,,,,,,
"3200623","2016-09-16T01:11:00","25.51","128.38",,,"1","3","2","5",,,,"11",,,,,,,,,,,,,,,,,,,,,,,,,,,,,,,,"226","58","798","172","7","1","2","2","FFFFFF","1AAAAAAAAAAAAA","4",,,,,,,,,,,,,,,
"5100523","2016-09-16T01:45:00","23.83","124.54",,,"1","4","2","5",,,,"11",,,,,,,,,,,,"8",,,,,,"9","296",,,,,,,,,,,,,"226","34","798","172","7","1","2","2","1FFFFF","1AAAAAAAA1AAAA","4",,,,,,,,,,,,,,,
"3200623","2016-09-16T01:50:00","25.52","128.39",,,"1","4","2","5",,,,"11",,,,,,,,,,,,"8",,,,,,"9","294",,,,,,,,,,,,,"226","58","798","172","7","1","2","2","1FFFFF","1AAAAAAAA1AAAA","4",,,,,,,,,,,,,,,
"3200560","2016-09-16T01:52:00","21.07","123.81",,,"1","4","2","5",,,,"11",,,,,,,,,,,,"8",,,,,,"9","289",,,,,,,,,,,,,"226","13","798","172","7","0",,"2","1FFFFF","1AAAAAAAA1AAAA","4",,,,,,,,,,,,,,,
"3200623","2016-09-16T01:52:00","25.52","128.39",,,"1","4","2","5",,,,"11",,,,,,,,,,,,"8",,,,,,"9","294",,,,,,,,,,,,,"226","58","798","172","7","1","2","2","1FFFFF","1AAAAAAAA1AAAA","4",,,,,,,,,,,,,,,
"4300531","2016-09-16T01:52:00","21.14","129.49",,,"1","4","2","5",,,,"11",,,,,,,,,,,,"8",,,,,,"9","293",,,,,,,,,,,,,"226","19","798","172","7","0",,"2","1FFFFF","1AAAAAAAA1AAAA","4",,,,,,,,,,,,,,,
"3200623","2016-09-16T01:58:00","25.52","128.39",,,"1","4","2","5",,,,"11",,,,,,,,,,,,"8",,,,,,"9","294",,,,,,,,,,,,,"226","58","798","172","7","1","2","2","1FFFFF","1AAAAAAAA1AAAA","4",,,,,,,,,,,,,,,
"3200560","2016-09-16T02:00:00","21.07","123.81",,,"1","4","2","5",,,,"11",,,,,,,,,,,,"8",,,,,,"9","289",,,,,,,,,,,,,"226","13","798","172","7","0",,"2","1FFFFF","1AAAAAAAA1AAAA","4",,,,,,,,,,,,,,,
"4300531","2016-09-16T02:00:00","21.14","129.49",,,"1","4","2","5",,,,"11",,,,,,,,,,,,"8",,,,,,"9","293",,,,,,,,,,,,,"226","19","798","172","7","1","2","2","1FFFFF","1AAAAAAAA1AAAA","4",,,,,,,,,,,,,,,
"MRSA8","2016-09-16T02:00:00","26.70","124.60",,,"1","4","0","0","1","3",,"1","0","120","4","108",,"97","1","0","10090","2","4","0","305","0","270",,"256","1","280","3","2","1","5","6","2",,"5","7","11","5","6","226","64","992","114","5","1","2","2","111111","11111111111111",,,"1","0",,,,,,,,,,,"4",
"OUHC2","2016-09-16T02:00:00","25.70","120.70",,,"1","4","0","0","1","4",,"1","0","70","3","26",,"98","1","0","10070","4","0","0","300","0","260",,"246","1","270","3","1","2","5","4","1",,"3","1","7","5","3","226","50","992","114","5","1","2","2","111111","11111111111111",,,"1","0",,,,,,,,,,,"4",
"TBWUK50","2016-09-16T02:00:00","27.60","124.30",,,"1","4","0","0","8","4",,"1","0","150","4","113",,"98","3","2","10092","0","0","0","300","0","300",,"300","1","280","4","4","4","5","6","4",,"5","6",,,,"226","74","992","114","5","1","2","2","111113","111111111111A1",,,"1","2",,,,,,,,,,,"4",
"5100523","2016-09-16T02:30:00","23.83","124.54",,,"1","4","2","5",,,,"11",,,,,,,,,,,,"8",,,,,,"9","296",,,,,,,,,,,,,"226","34","798","172","7","1","2","2","1FFFFF","1AAAAAAAA1AAAA","4",,,,,,,,,,,,,,,
"3200623","2016-09-16T02:43:00","25.52","128.39",,,"1","4","2","5",,,,"11",,,,,,,,,,,,"8",,,,,,"9","294",,,,,,,,,,,,,"226","58","798","172","7","1","2","2","1FFFFF","1AAAAAAAA1AAAA","4",,,,,,,,,,,,,,,
"5100523","2016-09-16T02:43:00","23.82","124.51",,,"1","4","2","5",,,,"11",,,,,,,,,,,,"8",,,,,,"9","296",,,,,,,,,,,,,"226","34","798","172","7","0",,"2","1FFFFF","1AAAAAAAA1AAAA","4",,,,,,,,,,,,,,,
"5100523","2016-09-16T02:45:00","23.82","124.51",,,"1","4","2","5",,,,"11",,,,,,,,,,,,"8",,,,,,"9","296",,,,,,,,,,,,,"226","34","798","172","7","1","2","2","1FFFFF","1AAAAAAAA1AAAA","4",,,,,,,,,,,,,,,
"3200560","2016-09-16T03:00:00","21.07","123.81",,,"1","4","2","5",,,,"11",,,,,,,,,,,,"8",,,,,,"9","289",,,,,,,,,,,,,"226","13","798","172","7","1","2","2","1FFFFF","1AAAAAAAA1AAAA","4",,,,,,,,,,,,,,,
"4300531","2016-09-16T03:00:00","21.14","129.49",,,"1","4","2","5",,,,"11",,,,,,,,,,,,"8",,,,,,"9","293",,,,,,,,,,,,,"226","19","798","172","7","1","2","2","1FFFFF","1AAAAAAAA1AAAA","4",,,,,,,,,,,,,,,
"DFKM2","2016-09-16T03:00:00","28.90","122.40",,,"1","4","0","0","4","4","1","1","0","150","4","123",,"98","2","1","10079","2",,"0","285",,,,"261","1","253","5","3","1","4","6","5",,"10","4",,,,"226","82","992","114","5","1","2","2","111111","1111111A1111A7",,,"1","1",,,,,,,,,,,"4",
"3200560","2016-09-16T04:00:00","20.97","123.70",,,"1","4","2","5",,,,"11",,,,,,,,,,,,"8",,,,,,"9","289",,,,,,,,,,,,,"226","3","798","172","7","1","2","2","1FFFFF","1AAAAAAAA1AAAA","4",,,,,,,,,,,,,,,
"4300531","2016-09-16T04:00:00","21.15","129.50",,,"1","4","2","5",,,,"11",,,,,,,,,,,,"8",,,,,,"9","294",,,,,,,,,,,,,"226","19","798","172","7","1","2","2","1FFFFF","1AAAAAAAA1AAAA","4",,,,,,,,,,,,,,,
"3200560","2016-09-16T05:00:00","20.97","123.70",,,"1","4","2","5",,,,"11",,,,,,,,,,,,"8",,,,,,"9","288",,,,,,,,,,,,,"226","3","798","172","7","1","2","2","1FFFFF","1AAAAAAAA1AAAA","4",,,,,,,,,,,,,,,
"4300531","2016-09-16T05:00:00","21.15","129.50",,,"1","4","2","5",,,,"11",,,,,,,,,,,,"8",,,,,,"9","294",,,,,,,,,,,,,"226","19","798","172","7","1","2","2","1FFFFF","1AAAAAAAA1AAAA","4",,,,,,,,,,,,,,,
"5100523","2016-09-16T05:00:00","23.82","124.47",,,"1","4","2","5",,,,"11",,,,,,,,,,,,"8",,,,,,"9","296",,,,,,,,,,,,,"226","34","798","172","7","1","2","2","1FFFFF","1AAAAAAAA1AAAA","4",,,,,,,,,,,,,,,
"3200623","2016-09-16T05:06:00","25.57","128.39",,,"1","4","2","5",,,,"11",,,,,,,,,,,,"8",,,,,,"9","295",,,,,,,,,,,,,"226","58","798","172","7","0",,"2","1FFFFF","1AAAAAAAA1AAAA","4",,,,,,,,,,,,,,,
"4300531","2016-09-16T05:06:00","21.15","129.51",,,"1","4","2","5",,,,"11",,,,,,,,,,,,"8",,,,,,"9","295",,,,,,,,,,,,,"226","19","798","172","7","1","2","2","1FFFFF","1AAAAAAAA1AAAA","4",,,,,,,,,,,,,,,
"5100523","2016-09-16T05:06:00","23.82","124.47",,,"1","4","2","5",,,,"11",,,,,,,,,,,,"8",,,,,,"9","296",,,,,,,,,,,,,"226","34","798","172","7","1","2","2","1FFFFF","1AAAAAAAA1AAAA","4",,,,,,,,,,,,,,,
"3200560","2016-09-16T05:07:00","20.96","123.70",,,"1","4","2","5",,,,"11",,,,,,,,,,,,"8",,,,,,"9","288",,,,,,,,,,,,,"226","3","798","172","7","1","2","2","1FFFFF","1AAAAAAAA1AAAA","4",,,,,,,,,,,,,,,
"3200623","2016-09-16T05:07:00","25.57","128.39",,,"1","4","2","5",,,,"11",,,,,,,,,,,,"8",,,,,,"9","295",,,,,,,,,,,,,"226","58","798","172","7","1","2","2","1FFFFF","1AAAAAAAA1AAAA","4",,,,,,,,,,,,,,,
"3200560","2016-09-16T06:00:00","20.96","123.70",,,"1","4","2","5",,,,"11",,,,,,,,,,,,"8",,,,,,"9","288",,,,,,,,,,,,,"226","3","798","172","7","1","2","2","1FFFFF","1AAAAAAAA1AAAA","4",,,,,,,,,,,,,,,
"4300531","2016-09-16T06:00:00","21.15","129.51",,,"1","4","2","5",,,,"11",,,,,,,,,,,,"8",,,,,,"9","295",,,,,,,,,,,,,"226","19","798","172","7","1","2","2","1FFFFF","1AAAAAAAA1AAAA","4",,,,,,,,,,,,,,,
"9HA3174","2016-09-16T06:00:00","20.40","121.00",,,"1","4","0","0","7","3",,"1","0","360","4","93",,"98","3","6","10040","5",,"0","290","0","260",,"248",,,"7","7","7","2","1","A",,"6","3","2","11","6","226","1","992","114","5","1","2","2","F11111","111111111A1117",,,"1","6",,,,,,,,,,,"4",
"TBWUK81","2016-09-16T06:00:00","21.20","128.00",,,"1","4","0","0",,,,"1","0","140","3","123",,"98",,,"10056","6","10","0","296",,,,"248",,,"7",,,"5",,,,,,,,,"226","18","992","114","5","1","2","2","F11111","111AA11A1A1AA1",,,"1",,,,,,,,,,,,"4",
"VRBQ6","2016-09-16T06:00:00","22.40","120.30",,,"1","4","0","0","0","0","1","1","0","340","4","118",,"97","2","1","10029","6","20","0","310","0","260",,"242","1","290","5","5","3","2","1","A",,"8","8",,,,"226","20","992","114","5","1","2","2","111111","111111111111A1",,,"1","1",,,,,,,,,,,"4",
"VRBX7","2016-09-16T06:00:00","27.20","121.20",,,"1","4","0","0","5","2","1","1","0","180","4","51",,"98","1","0","10010","6","10","0","310","0","285",,"280","1","251","2","2","0","9","7","0",,"3","2","18","5","4","226","71","992","114","5","1","2","2","111111","11111111111111",,,"1","0",,,,,,,,,,,"4",
"5100523","2016-09-16T06:30:00","23.82","124.47",,,"1","4","2","5",,,,"11",,,,,,,,,,,,"8",,,,,,"9","296",,,,,,,,,,,,,"226","34","798","172","7","1","2","2","1FFFFF","1AAAAAAAA1AAAA","4",,,,,,,,,,,,,,,
"3200623","2016-09-16T06:42:00","25.60","128.39",,,"1","4","2","5",,,,"11",,,,,,,,,,,,"8",,,,,,"9","295",,,,,,,,,,,,,"226","58","798","172","7","1","2","2","1FFFFF","1AAAAAAAA1AAAA","4",,,,,,,,,,,,,,,
"3200560","2016-09-16T06:43:00","20.93","123.66",,,"1","4","2","5",,,,"11",,,,,,,,,,,,"8",,,,,,"9","287",,,,,,,,,,,,,"226","3","798","172","7","0",,"2","1FFFFF","1AAAAAAAA1AAAA","4",,,,,,,,,,,,,,,
"4300531","2016-09-16T06:43:00","21.16","129.49",,,"1","4","2","5",,,,"11",,,,,,,,,,,,"8",,,,,,"9","295",,,,,,,,,,,,,"226","19","798","172","7","0",,"2","1FFFFF","1AAAAAAAA1AAAA","4",,,,,,,,,,,,,,,
"5100523","2016-09-16T06:44:00","23.84","124.45",,,"1","4","2","5",,,,"11",,,,,,,,,,,,"8",,,,,,"9","296",,,,,,,,,,,,,"226","34","798","172","7","0",,"2","1FFFFF","1AAAAAAAA1AAAA","4",,,,,,,,,,,,,,,
"5100523","2016-09-16T06:45:00","23.84","124.45",,,"1","4","2","5",,,,"11",,,,,,,,,,,,"8",,,,,,"9","296",,,,,,,,,,,,,"226","34","798","172","7","1","2","2","1FFFFF","1AAAAAAAA1AAAA","4",,,,,,,,,,,,,,,
"3200623","2016-09-16T06:54:00","25.60","128.39",,,"1","4","2","5",,,,"11",,,,,,,,,,,,"8",,,,,,"9","295",,,,,,,,,,,,,"226","58","798","172","7","1","2","2","1FFFFF","1AAAAAAAA1AAAA","4",,,,,,,,,,,,,,,
"3200560","2016-09-16T07:00:00","20.93","123.66",,,"1","4","2","5",,,,"11",,,,,,,,,,,,"8",,,,,,"9","287",,,,,,,,,,,,,"226","3","798","172","7","1","2","2","1FFFFF","1AAAAAAAA1AAAA","4",,,,,,,,,,,,,,,
"4300531","2016-09-16T07:00:00","21.16","129.49",,,"1","4","2","5",,,,"11",,,,,,,,,,,,"8",,,,,,"9","295",,,,,,,,,,,,,"226","19","798","172","7","1","2","2","1FFFFF","1AAAAAAAA1AAAA","4",,,,,,,,,,,,,,,
"OUHC2","2016-09-16T07:00:00","26.60","121.40",,,"1","4","0","0","1","3",,"1","0","110","3","26",,"98","2","0","10060","5","5","0","300","0","265",,"253","1","280","2","1","3","5","4","8",,"4","0","11","8","4","226","61","992","114","5","1","2","2","111111","11111111111111",,,"1","0",,,,,,,,,,,"4",
"5100523","2016-09-16T07:30:00","23.84","124.45",,,"1","4","2","5",,,,"11",,,,,,,,,,,,"8",,,,,,"9","296",,,,,,,,,,,,,"226","34","798","172","7","1","2","2","1FFFFF","1AAAAAAAA1AAAA","4",,,,,,,,,,,,,,,
"3200623","2016-09-16T07:36:00","25.60","128.39",,,"1","4","2","5",,,,"11",,,,,,,,,,,,"8",,,,,,"9","294",,,,,,,,,,,,,"226","58","798","172","7","1","2","2","1FFFFF","1AAAAAAAA1AAAA","4",,,,,,,,,,,,,,,
"3200623","2016-09-16T07:44:00","25.60","128.39",,,"1","4","2","5",,,,"11",,,,,,,,,,,,"8",,,,,,"9","294",,,,,,,,,,,,,"226","58","798","172","7","1","2","2","1FFFFF","1AAAAAAAA1AAAA","4",,,,,,,,,,,,,,,
"3200560","2016-09-16T08:00:00","20.93","123.66",,,"1","4","2","5",,,,"11",,,,,,,,,,,,"8",,,,,,"9","287",,,,,,,,,,,,,"226","3","798","172","7","1","2","2","1FFFFF","1AAAAAAAA1AAAA","4",,,,,,,,,,,,,,,
"4300531","2016-09-16T08:00:00","21.16","129.49",,,"1","4","2","5",,,,"11",,,,,,,,,,,,"8",,,,,,"9","294",,,,,,,,,,,,,"226","19","798","172","7","1","2","2","1FFFFF","1AAAAAAAA1AAAA","4",,,,,,,,,,,,,,,
"5100523","2016-09-16T08:45:00","23.84","124.45",,,"1","4","2","5",,,,"11",,,,,,,,,,,,"8",,,,,,"9","296",,,,,,,,,,,,,"226","34","798","172","7","1","2","2","1FFFFF","1AAAAAAAA1AAAA","4",,,,,,,,,,,,,,,
"3200623","2016-09-16T08:52:00","25.64","128.41",,,"1","4","2","5",,,,"11",,,,,,,,,,,,"8",,,,,,"9","294",,,,,,,,,,,,,"226","58","798","172","7","0",,"2","1FFFFF","1AAAAAAAA1AAAA","4",,,,,,,,,,,,,,,
"4300531","2016-09-16T08:54:00","21.16","129.49",,,"1","4","2","5",,,,"11",,,,,,,,,,,,"8",,,,,,"9","295",,,,,,,,,,,,,"226","19","798","172","7","1","2","2","1FFFFF","1AAAAAAAA1AAAA","4",,,,,,,,,,,,,,,
"3200623","2016-09-16T08:55:00","25.64","128.41",,,"1","4","2","5",,,,"11",,,,,,,,,,,,"8",,,,,,"9","294",,,,,,,,,,,,,"226","58","798","172","7","1","2","2","1FFFFF","1AAAAAAAA1AAAA","4",,,,,,,,,,,,,,,
"3200623","2016-09-16T08:58:00","25.64","128.41",,,"1","4","2","5",,,,"11",,,,,,,,,,,,"8",,,,,,"9","294",,,,,,,,,,,,,"226","58","798","172","7","1","2","2","1FFFFF","1AAAAAAAA1AAAA","4",,,,,,,,,,,,,,,
"3200560","2016-09-16T09:00:00","20.93","123.66",,,"1","4","2","5",,,,"11",,,,,,,,,,,,"8",,,,,,"9","287",,,,,,,,,,,,,"226","3","798","172","7","1","2","2","1FFFFF","1AAAAAAAA1AAAA","4",,,,,,,,,,,,,,,
"4300531","2016-09-16T09:00:00","21.16","129.49",,,"1","4","2","5",,,,"11",,,,,,,,,,,,"8",,,,,,"9","295",,,,,,,,,,,,,"226","19","798","172","7","1","2","2","1FFFFF","1AAAAAAAA1AAAA","4",,,,,,,,,,,,,,,
"5100523","2016-09-16T09:00:00","23.84","124.41",,,"1","4","2","5",,,,"11",,,,,,,,,,,,"8",,,,,,"9","296",,,,,,,,,,,,,"226","34","798","172","7","1","2","2","1FFFFF","1AAAAAAAA1AAAA","4",,,,,,,,,,,,,,,
"TBWUK81","2016-09-16T09:00:00","20.70","127.60",,,"1","4","0","0",,,,"1","0","150","3","103",,"98","2","2","10056",,,"0","289",,,,,,,"7",,,"4",,,,,,,,,"226","7","992","114","5","1","2","2","F1111F","1111111A9A1AAA",,,"1","2",,,,,,,,,,,"4",
"3200623","2016-09-16T09:13:00","25.64","128.41",,,"1","4","2","5",,,,"11",,,,,,,,,,,,"8",,,,,,"9","294",,,,,,,,,,,,,"226","58","798","172","7","1","2","2","1FFFFF","1AAAAAAAA1AAAA","4",,,,,,,,,,,,,,,
"5100523","2016-09-16T09:15:00","23.84","124.41",,,"1","4","2","5",,,,"11",,,,,,,,,,,,"8",,,,,,"9","296",,,,,,,,,,,,,"226","34","798","172","7","1","2","2","1FFFFF","1AAAAAAAA1AAAA","4",,,,,,,,,,,,,,,
"3200623","2016-09-16T09:16:00","25.64","128.41",,,"1","4","2","5",,,,"11",,,,,,,,,,,,"8",,,,,,"9","294",,,,,,,,,,,,,"226","58","798","172","7","1","2","2","1FFFFF","1AAAAAAAA1AAAA","4",,,,,,,,,,,,,,,
"5100523","2016-09-16T09:16:00","23.84","124.41",,,"1","4","2","5",,,,"11",,,,,,,,,,,,"8",,,,,,"9","296",,,,,,,,,,,,,"226","34","798","172","7","0",,"2","1FFFFF","1AAAAAAAA1AAAA","4",,,,,,,,,,,,,,,
"3200623","2016-09-16T09:23:00","25.65","128.41",,,"1","4","2","5",,,,"11",,,,,,,,,,,,"8",,,,,,"9","294",,,,,,,,,,,,,"226","58","798","172","7","1","2","2","1FFFFF","1AAAAAAAA1AAAA","4",,,,,,,,,,,,,,,
"3200623","2016-09-16T09:26:00","25.65","128.41",,,"1","4","2","5",,,,"11",,,,,,,,,,,,"8",,,,,,"9","294",,,,,,,,,,,,,"226","58","798","172","7","1","2","2","1FFFFF","1AAAAAAAA1AAAA","4",,,,,,,,,,,,,,,
"3200560","2016-09-16T10:00:00","20.98","123.69",,,"1","3","2","5",,,,"11",,,,,,,,,,,,"0",,,,,,,"287",,,,,,,,,,,,,"226","3","794","103","7","1","2","1","1FFFFF","1AAAAAAAA1AAAA","4",,,,,,,,,,,,,,,
"4300531","2016-09-16T10:00:00","21.16","129.49",,,"1","3","2","5",,,,"11",,,,,,,,,,,,"0",,,,,,,,,,,,,,,,,,,,"226","19","794","103","7","1","2","1","6FFFFF","1AAAAAAAA9AAAA","4",,,,,,,,,,,,,,,
"5100523","2016-09-16T10:15:00","23.85","124.37",,,"1","3","2","5",,,,"11",,,,,,,,,,,,"0",,,,,,,"295",,,,,,,,,,,,,"226","34","794","103","7","1","2","1","1FFFFF","1AAAAAAAA1AAAA","4",,,,,,,,,,,,,,,
"5100523","2016-09-16T10:30:00","23.85","124.37",,,"1","3","2","5",,,,"11",,,,,,,,,,,,"0",,,,,,,"295",,,,,,,,,,,,,"226","34","794","103","7","1","2","1","1FFFFF","1AAAAAAAA1AAAA","4",,,,,,,,,,,,,,,
"5100523","2016-09-16T10:31:00","23.85","124.37",,,"1","4","2","5",,,,"11",,,,,,,,,,,,"8",,,,,,"9","295",,,,,,,,,,,,,"226","34","798","172","7","0",,"1","1FFFFF","1AAAAAAAA1AAAA","4",,,,,,,,,,,,,,,
"3200560","2016-09-16T10:32:00","20.98","123.69",,,"1","4","2","5",,,,"11",,,,,,,,,,,,"8",,,,,,"9","287",,,,,,,,,,,,,"226","3","798","172","7","0",,"1","1FFFFF","1AAAAAAAA1AAAA","4",,,,,,,,,,,,,,,
"3200623","2016-09-16T10:33:00","25.67","128.43",,,"1","4","2","5",,,,"11",,,,,,,,,,,,"8",,,,,,"9","294",,,,,,,,,,,,,"226","58","798","172","7","1","2","1","1FFFFF","1AAAAAAAA1AAAA","4",,,,,,,,,,,,,,,
"3200623","2016-09-16T10:36:00","25.67","128.43",,,"1","4","2","5",,,,"11",,,,,,,,,,,,"8",,,,,,"9","294",,,,,,,,,,,,,"226","58","798","172","7","1","2","1","1FFFFF","1AAAAAAAA1AAAA","4",,,,,,,,,,,,,,,
"5100523","2016-09-16T10:45:00","23.85","124.37",,,"1","4","2","5",,,,"11",,,,,,,,,,,,"8",,,,,,"9","295",,,,,,,,,,,,,"226","34","798","172","7","1","2","1","1FFFFF","1AAAAAAAA1AAAA","4",,,,,,,,,,,,,,,
"3200623","2016-09-16T10:58:00","25.65","128.41",,,"1","4","2","5",,,,"11",,,,,,,,,,,,"8",,,,,,"9","294",,,,,,,,,,,,,"226","58","798","172","7","1","2","1","1FFFFF","1AAAAAAAA1AAAA","4",,,,,,,,,,,,,,,
"3200560","2016-09-16T11:00:00","20.98","123.69",,,"1","4","2","5",,,,"11",,,,,,,,,,,,"8",,,,,,"9","287",,,,,,,,,,,,,"226","3","798","172","7","1","2","1","1FFFFF","1AAAAAAAA1AAAA","4",,,,,,,,,,,,,,,
"4300531","2016-09-16T11:00:00","21.15","129.49",,,"1","4","2","5",,,,"11",,,,,,,,,,,,"8",,,,,,"9","295",,,,,,,,,,,,,"226","19","798","172","7","1","2","1","1FFFFF","1AAAAAAAA1AAAA","4",,,,,,,,,,,,,,,
"5100523","2016-09-16T11:00:00","23.85","124.37",,,"1","4","2","5",,,,"11",,,,,,,,,,,,"8",,,,,,"9","295",,,,,,,,,,,,,"226","34","798","172","7","1","2","1","1FFFFF","1AAAAAAAA1AAAA","4",,,,,,,,,,,,,,,
"5100523","2016-09-16T11:15:00","23.85","124.34",,,"1","4","2","5",,,,"11",,,,,,,,,,,,"8",,,,,,"9","295",,,,,,,,,,,,,"226","34","798","172","7","1","2","1","1FFFFF","1AAAAAAAA1AAAA","4",,,,,,,,,,,,,,,
"4300531","2016-09-16T11:25:00","21.15","129.49",,,"1","4","2","5",,,,"11",,,,,,,,,,,,"8",,,,,,"9","295",,,,,,,,,,,,,"226","19","798","172","7","0",,"1","1FFFFF","1AAAAAAAA1AAAA","4",,,,,,,,,,,,,,,
"3200623","2016-09-16T11:27:00","25.65","128.41",,,"1","4","2","5",,,,"11",,,,,,,,,,,,"8",,,,,,"9","294",,,,,,,,,,,,,"226","58","798","172","7","1","2","1","1FFFFF","1AAAAAAAA1AAAA","4",,,,,,,,,,,,,,,
"3200623","2016-09-16T11:30:00","25.68","128.43",,,"1","4","2","5",,,,"11",,,,,,,,,,,,"8",,,,,,"9","294",,,,,,,,,,,,,"226","58","798","172","7","1","2","1","1FFFFF","1AAAAAAAA1AAAA","4",,,,,,,,,,,,,,,
"3200560","2016-09-16T12:00:00","21.02","123.70",,,"1","4","2","5",,,,"11",,,,,,,,,,,,"8",,,,,,"9","287",,,,,,,,,,,,,"226","13","798","172","7","1","2","1","1FFFFF","1AAAAAAAA1AAAA","4",,,,,,,,,,,,,,,
"4300531","2016-09-16T12:00:00","21.15","129.47",,,"1","4","2","5",,,,"11",,,,,,,,,,,,"8",,,,,,"9","295",,,,,,,,,,,,,"226","19","798","172","7","1","2","1","1FFFFF","1AAAAAAAA1AAAA","4",,,,,,,,,,,,,,,
"5100523","2016-09-16T12:00:00","23.86","124.31",,,"1","4","2","5",,,,"11",,,,,,,,,,,,"8",,,,,,"9","295",,,,,,,,,,,,,"226","34","798","172","7","1","2","1","1FFFFF","1AAAAAAAA1AAAA","4",,,,,,,,,,,,,,,
"9HA3174","2016-09-16T12:00:00","21.30","120.50",,,"1","4","0","0","8","3",,"1","0","330","4","134",,"98","25","8","10015","1","10","0","275","0","255",,"247","3","290","8",,,"A",,,,"8","5",,,,"226","10","992","114","5","1","2","1","111111","111111111111A1",,,"1","8",,,,,,,,,,,"4",
"DFKM2","2016-09-16T12:00:00","26.60","120.90",,,"1","4","0","0","5","4","1","1","0","110","4","82",,"98","3","6","10062","7","7","0","272",,,,"265","1","267","6","2","7","1","2","A",,,,,,,"226","60","992","114","5","1","2","1","111111","1111111A111AA1",,,"1","2",,,,,,,,,,,"4",
"TBWUK81","2016-09-16T12:00:00","20.40","127.10",,,"1","4","0","0",,,,"1","0","150","3","123",,"98",,,"10068","3","12","0","289",,,,"263",,,"5",,,"5",,,,,,,,,"226","7","992","114","5","1","2","1","F11111","111AA11A1A1AA1",,,"1",,,,,,,,,,,,"4",
"VRIB3","2016-09-16T12:00:00","26.50","122.00",,,"1","4","0","0","1","5",,"1","0","180","4","51",,"98","1","2","10069","2","10","0","270","0","265",,"263","1","300","6","6","8","6","9","A",,,,"12","7","3","226","62","992","114","5","1","2","1","111111","11111111111A11",,,"1","6",,,,,,,,,,,"4",
"5100523","2016-09-16T12:15:00","23.86","124.31",,,"1","4","2","5",,,,"11",,,,,,,,,,,,"8",,,,,,"9","295",,,,,,,,,,,,,"226","34","798","172","7","1","2","1","1FFFFF","1AAAAAAAA1AAAA","4",,,,,,,,,,,,,,,
"3200560","2016-09-16T12:19:00","21.02","123.70",,,"1","4","2","5",,,,"11",,,,,,,,,,,,"8",,,,,,"9","287",,,,,,,,,,,,,"226","13","798","172","7","0",,"1","1FFFFF","1AAAAAAAA1AAAA","4",,,,,,,,,,,,,,,
"4300531","2016-09-16T12:19:00","21.15","129.47",,,"1","4","2","5",,,,"11",,,,,,,,,,,,"8",,,,,,"9","295",,,,,,,,,,,,,"226","19","798","172","7","0",,"1","1FFFFF","1AAAAAAAA1AAAA","4",,,,,,,,,,,,,,,
"3200623","2016-09-16T12:20:00","25.70","128.44",,,"1","4","2","5",,,,"11",,,,,,,,,,,,"8",,,,,,"9","294",,,,,,,,,,,,,"226","58","798","172","7","0",,"1","1FFFFF","1AAAAAAAA1AAAA","4",,,,,,,,,,,,,,,
"5100523","2016-09-16T12:20:00","23.86","124.31",,,"1","4","2","5",,,,"11",,,,,,,,,,,,"8",,,,,,"9","295",,,,,,,,,,,,,"226","34","798","172","7","1","2","1","1FFFFF","1AAAAAAAA1AAAA","4",,,,,,,,,,,,,,,
"3200623","2016-09-16T12:21:00","25.70","128.44",,,"1","4","2","5",,,,"11",,,,,,,,,,,,"8",,,,,,"9","294",,,,,,,,,,,,,"226","58","798","172","7","1","2","1","1FFFFF","1AAAAAAAA1AAAA","4",,,,,,,,,,,,,,,
"3200560","2016-09-16T13:00:00","21.02","123.70",,,"1","4","2","5",,,,"11",,,,,,,,,,,,"8",,,,,,"9","287",,,,,,,,,,,,,"226","13","798","172","7","1","2","1","1FFFFF","1AAAAAAAA1AAAA","4",,,,,,,,,,,,,,,
"4300531","2016-09-16T13:00:00","21.15","129.46",,,"1","4","2","5",,,,"11",,,,,,,,,,,,"8",,,,,,"9","295",,,,,,,,,,,,,"226","19","798","172","7","1","2","1","1FFFFF","1AAAAAAAA1AAAA","4",,,,,,,,,,,,,,,
"5100523","2016-09-16T13:00:00","23.87","124.29",,,"1","4","2","5",,,,"11",,,,,,,,,,,,"8",,,,,,"9","295",,,,,,,,,,,,,"226","34","798","172","7","1","2","1","1FFFFF","1AAAAAAAA1AAAA","4",,,,,,,,,,,,,,,
"5100523","2016-09-16T13:06:00","23.87","124.29",,,"1","4","2","5",,,,"11",,,,,,,,,,,,"8",,,,,,"9","295",,,,,,,,,,,,,"226","34","798","172","7","1","2","1","1FFFFF","1AAAAAAAA1AAAA","4",,,,,,,,,,,,,,,
"3200623","2016-09-16T13:07:00","25.71","128.45",,,"1","4","2","5",,,,"11",,,,,,,,,,,,"8",,,,,,"9","294",,,,,,,,,,,,,"226","58","798","172","7","0",,"1","1FFFFF","1AAAAAAAA1AAAA","4",,,,,,,,,,,,,,,
"4300531","2016-09-16T13:07:00","21.15","129.46",,,"1","4","2","5",,,,"11",,,,,,,,,,,,"8",,,,,,"9","295",,,,,,,,,,,,,"226","19","798","172","7","0",,"1","1FFFFF","1AAAAAAAA1AAAA","4",,,,,,,,,,,,,,,
"3200623","2016-09-16T13:08:00","25.70","128.44",,,"1","4","2","5",,,,"11",,,,,,,,,,,,"8",,,,,,"9","294",,,,,,,,,,,,,"226","58","798","172","7","1","2","1","1FFFFF","1AAAAAAAA1AAAA","4",,,,,,,,,,,,,,,
"3200623","2016-09-16T13:11:00","25.71","128.45",,,"1","4","2","5",,,,"11",,,,,,,,,,,,"8",,,,,,"9","294",,,,,,,,,,,,,"226","58","798","172","7","1","2","1","1FFFFF","1AAAAAAAA1AAAA","4",,,,,,,,,,,,,,,
"5100523","2016-09-16T13:45:00","23.87","124.29",,,"1","4","2","5",,,,"11",,,,,,,,,,,,"8",,,,,,"9","294",,,,,,,,,,,,,"226","34","798","172","7","1","2","1","1FFFFF","1AAAAAAAA1AAAA","4",,,,,,,,,,,,,,,
"3200560","2016-09-16T13:55:00","21.07","123.73",,,"1","4","2","5",,,,"11",,,,,,,,,,,,"8",,,,,,"9","289",,,,,,,,,,,,,"226","13","798","172","7","1","2","1","1FFFFF","1AAAAAAAA1AAAA","4",,,,,,,,,,,,,,,
"3200560","2016-09-16T14:00:00","21.07","123.73",,,"1","4","2","5",,,,"11",,,,,,,,,,,,"8",,,,,,"9","288",,,,,,,,,,,,,"226","13","798","172","7","1","2","1","1FFFFF","1AAAAAAAA1AAAA","4",,,,,,,,,,,,,,,
"4300531","2016-09-16T14:00:00","21.15","129.46",,,"1","4","2","5",,,,"11",,,,,,,,,,,,"8",,,,,,"9","295",,,,,,,,,,,,,"226","19","798","172","7","1","2","1","1FFFFF","1AAAAAAAA1AAAA","4",,,,,,,,,,,,,,,
"5100523","2016-09-16T14:00:00","23.87","124.29",,,"1","4","2","5",,,,"11",,,,,,,,,,,,"8",,,,,,"9","294",,,,,,,,,,,,,"226","34","798","172","7","1","2","1","1FFFFF","1AAAAAAAA1AAAA","4",,,,,,,,,,,,,,,
"MRSA8","2016-09-16T14:00:00","29.20","125.90",,,"1","4","0","0","1","3",,"1","0","130","4","134",,"98","2","0","10101","2","10","0","290","0","270",,"262","1","290",,,,"A",,,,"5","6","11","5","5","226","95","992","114","5","1","2","1","111111","11111111118111",,,"1","0",,,,,,,,,,,"4",
"3200560","2016-09-16T15:00:00","21.07","123.73",,,"1","4","2","5",,,,"11",,,,,,,,,,,,"8",,,,,,"9","288",,,,,,,,,,,,,"226","13","798","172","7","0",,"1","1FFFFF","1AAAAAAAA1AAAA","4",,,,,,,,,,,,,,,
"4300531","2016-09-16T15:00:00","21.15","129.46",,,"1","4","2","5",,,,"11",,,,,,,,,,,,"8",,,,,,"9","295",,,,,,,,,,,,,"226","19","798","172","7","1","2","1","1FFFFF","1AAAAAAAA1AAAA","4",,,,,,,,,,,,,,,
"MHMZ8","2016-09-16T15:00:00","22.50","120.20",,,"1","4","0","0","0","0","1","1","0","310","4","62",,"97",,,"10074","3","4","0","290",,,,,,,,,,"A",,,,,,"38",,,"226","20","992","114","5","1","2","1","F1111F","111AA11AAA8A71",,,"1",,,,,,,,,,,,"4",
"3200560","2016-09-16T16:00:00","21.07","123.73",,,"1","4","2","5",,,,"11",,,,,,,,,,,,"8",,,,,,"9","288",,,,,,,,,,,,,"226","13","798","172","7","1","2","1","1FFFFF","1AAAAAAAA1AAAA","4",,,,,,,,,,,,,,,
"4300531","2016-09-16T16:00:00","21.21","129.38",,,"1","4","2","5",,,,"11",,,,,,,,,,,,"8",,,,,,"9","295",,,,,,,,,,,,,"226","19","798","172","7","1","2","1","1FFFFF","1AAAAAAAA1AAAA","4",,,,,,,,,,,,,,,
"3200560","2016-09-16T17:00:00","21.07","123.73",,,"1","4","2","5",,,,"11",,,,,,,,,,,,"8",,,,,,"9","289",,,,,,,,,,,,,"226","13","798","172","7","1","2","1","1FFFFF","1AAAAAAAA1AAAA","4",,,,,,,,,,,,,,,
"4300531","2016-09-16T17:00:00","21.21","129.38",,,"1","4","2","5",,,,"11",,,,,,,,,,,,"8",,,,,,"9","295",,,,,,,,,,,,,"226","19","798","172","7","1","2","1","1FFFFF","1AAAAAAAA1AAAA","4",,,,,,,,,,,,,,,
"5100523","2016-09-16T17:30:00","23.96","124.22",,,"1","4","2","5",,,,"11",,,,,,,,,,,,"8",,,,,,"9","293",,,,,,,,,,,,,"226","34","798","172","7","1","2","1","1FFFFF","1AAAAAAAA1AAAA","4",,,,,,,,,,,,,,,
"3200623","2016-09-16T17:38:00","25.75","128.50",,,"1","4","2","5",,,,"11",,,,,,,,,,,,"8",,,,,,"9","295",,,,,,,,,,,,,"226","58","798","172","7","0",,"1","1FFFFF","1AAAAAAAA1AAAA","4",,,,,,,,,,,,,,,
"4300531","2016-09-16T17:38:00","21.20","129.39",,,"1","4","2","5",,,,"11",,,,,,,,,,,,"8",,,,,,"9","294",,,,,,,,,,,,,"226","19","798","172","7","1","2","1","1FFFFF","1AAAAAAAA1AAAA","4",,,,,,,,,,,,,,,
"5100523","2016-09-16T17:38:00","23.96","124.22",,,"1","4","2","5",,,,"11",,,,,,,,,,,,"8",,,,,,"9","293",,,,,,,,,,,,,"226","34","798","172","7","1","2","1","1FFFFF","1AAAAAAAA1AAAA","4",,,,,,,,,,,,,,,
"3200560","2016-09-16T17:39:00","21.16","123.87",,,"1","4","2","5",,,,"11",,,,,,,,,,,,"8",,,,,,"9","289",,,,,,,,,,,,,"226","13","798","172","7","0",,"1","1FFFFF","1AAAAAAAA1AAAA","4",,,,,,,,,,,,,,,
"3200623","2016-09-16T17:39:00","25.75","128.50",,,"1","4","2","5",,,,"11",,,,,,,,,,,,"8",,,,,,"9","295",,,,,,,,,,,,,"226","58","798","172","7","1","2","1","1FFFFF","1AAAAAAAA1AAAA","4",,,,,,,,,,,,,,,
"3200623","2016-09-16T17:44:00","25.75","128.50",,,"1","4","2","5",,,,"11",,,,,,,,,,,,"8",,,,,,"9","295",,,,,,,,,,,,,"226","58","798","172","7","1","2","1","1FFFFF","1AAAAAAAA1AAAA","4",,,,,,,,,,,,,,,
"3200560","2016-09-16T18:00:00","21.16","123.87",,,"1","4","2","5",,,,"11",,,,,,,,,,,,"8",,,,,,"9","289",,,,,,,,,,,,,"226","13","798","172","7","1","2","1","1FFFFF","1AAAAAAAA1AAAA","4",,,,,,,,,,,,,,,
"4300531","2016-09-16T18:00:00","21.20","129.39",,,"1","4","2","5",,,,"11",,,,,,,,,,,,"8",,,,,,"9","294",,,,,,,,,,,,,"226","19","798","172","7","1","2","1","1FFFFF","1AAAAAAAA1AAAA","4",,,,,,,,,,,,,,,
"VRBX7","2016-09-16T18:00:00","25.70","120.20",,,"1","4","0","0","5","2","1","1","0","40","4","36",,"98","2","0","10000","6","20","0","270","0","265",,"265","1","250","4","4","2","4","7","6",,,,,,,"226","50","992","114","5","1","2","1","111113","11111111111AA1",,,"1","0",,,,,,,,,,,"4",
"3200560","2016-09-16T19:00:00","21.18","123.93",,,"1","4","2","5",,,,"11",,,,,,,,,,,,"8",,,,,,"9","289",,,,,,,,,,,,,"226","13","798","172","7","1","2","1","1FFFFF","1AAAAAAAA1AAAA","4",,,,,,,,,,,,,,,
"4300531","2016-09-16T19:00:00","21.23","129.37",,,"1","4","2","5",,,,"11",,,,,,,,,,,,"8",,,,,,"9","294",,,,,,,,,,,,,"226","19","798","172","7","1","2","1","1FFFFF","1AAAAAAAA1AAAA","4",,,,,,,,,,,,,,,
"5100523","2016-09-16T19:15:00","23.96","124.22",,,"1","4","2","5",,,,"11",,,,,,,,,,,,"8",,,,,,"9","291",,,,,,,,,,,,,"226","34","798","172","7","1","2","1","1FFFFF","1AAAAAAAA1AAAA","4",,,,,,,,,,,,,,,
"3200623","2016-09-16T19:16:00","25.77","128.51",,,"1","4","2","5",,,,"11",,,,,,,,,,,,"8",,,,,,"9","295",,,,,,,,,,,,,"226","58","798","172","7","1","2","1","1FFFFF","1AAAAAAAA1AAAA","4",,,,,,,,,,,,,,,
"3200623","2016-09-16T19:17:00","25.77","128.51",,,"1","4","2","5",,,,"11",,,,,,,,,,,,"8",,,,,,"9","295",,,,,,,,,,,,,"226","58","798","172","7","1","2","1","1FFFFF","1AAAAAAAA1AAAA","4",,,,,,,,,,,,,,,
"5100523","2016-09-16T19:17:00","24.01","124.20",,,"1","4","2","5",,,,"11",,,,,,,,,,,,"8",,,,,,"9","291",,,,,,,,,,,,,"226","44","798","172","7","0",,"1","1FFFFF","1AAAAAAAA1AAAA","4",,,,,,,,,,,,,,,
"3200560","2016-09-16T19:18:00","21.18","123.93",,,"1","4","2","5",,,,"11",,,,,,,,,,,,"8",,,,,,"9","289",,,,,,,,,,,,,"226","13","798","172","7","0",,"1","1FFFFF","1AAAAAAAA1AAAA","4",,,,,,,,,,,,,,,
"4300531","2016-09-16T19:18:00","21.23","129.37",,,"1","4","2","5",,,,"11",,,,,,,,,,,,"8",,,,,,"9","294",,,,,,,,,,,,,"226","19","798","172","7","0",,"1","1FFFFF","1AAAAAAAA1AAAA","4",,,,,,,,,,,,,,,
"3200623","2016-09-16T19:23:00","25.77","128.50",,,"1","4","2","5",,,,"11",,,,,,,,,,,,"8",,,,,,"9","295",,,,,,,,,,,,,"226","58","798","172","7","1","2","1","1FFFFF","1AAAAAAAA1AAAA","4",,,,,,,,,,,,,,,
"3200560","2016-09-16T20:00:00","21.18","123.93",,,"1","4","2","5",,,,"11",,,,,,,,,,,,"8",,,,,,"9","289",,,,,,,,,,,,,"226","13","798","172","7","1","2","1","1FFFFF","1AAAAAAAA1AAAA","4",,,,,,,,,,,,,,,
"4300531","2016-09-16T20:00:00","21.23","129.36",,,"1","4","2","5",,,,"11",,,,,,,,,,,,"8",,,,,,"9","294",,,,,,,,,,,,,"226","19","798","172","7","1","2","1","1FFFFF","1AAAAAAAA1AAAA","4",,,,,,,,,,,,,,,
"5100523","2016-09-16T20:00:00","24.01","124.20",,,"1","4","2","5",,,,"11",,,,,,,,,,,,"8",,,,,,"9","291",,,,,,,,,,,,,"226","44","798","172","7","1","2","1","1FFFFF","1AAAAAAAA1AAAA","4",,,,,,,,,,,,,,,
"OUHC2","2016-09-16T20:00:00","28.90","122.50",,,"1","4","0","0","1","3",,"1","0","150","3","72",,"98","3","2","10060","6","5","0","275","0","265",,"262","1","270","7","3","A","A","A","A",,"4","2","14","6","3","226","82","992","114","5","1","2","1","111111","11111111111111",,,"1","2",,,,,,,,,,,"4",
"4300531","2016-09-16T20:03:00","21.23","129.36",,,"1","4","2","5",,,,"11",,,,,,,,,,,,"8",,,,,,"9","294",,,,,,,,,,,,,"226","19","798","172","7","0",,"1","1FFFFF","1AAAAAAAA1AAAA","4",,,,,,,,,,,,,,,
"3200623","2016-09-16T20:04:00","25.78","128.51",,,"1","4","2","5",,,,"11",,,,,,,,,,,,"8",,,,,,"9","295",,,,,,,,,,,,,"226","58","798","172","7","1","2","1","1FFFFF","1AAAAAAAA1AAAA","4",,,,,,,,,,,,,,,
"3200623","2016-09-16T20:06:00","25.78","128.51",,,"1","4","2","5",,,,"11",,,,,,,,,,,,"8",,,,,,"9","295",,,,,,,,,,,,,"226","58","798","172","7","1","2","1","1FFFFF","1AAAAAAAA1AAAA","4",,,,,,,,,,,,,,,
"3200623","2016-09-16T20:08:00","25.78","128.51",,,"1","4","2","5",,,,"11",,,,,,,,,,,,"8",,,,,,"9","295",,,,,,,,,,,,,"226","58","798","172","7","1","2","1","1FFFFF","1AAAAAAAA1AAAA","4",,,,,,,,,,,,,,,
"2IWZ7","2016-09-16T21:00:00","22.60","120.20",,,"1","4","0","0","0","0","1","1","0","330","4","62",,"98","2","2","10074","7","30","0","280","0","265",,"259","1","300","6","6","7","5","0","0",,"4","1",,,,"226","20","992","114","5","1","2","1","111111","111111111111A1",,,"1","2",,,,,,,,,,,"4",
"3200560","2016-09-16T21:00:00","21.18","124.02",,,"1","4","2","5",,,,"11",,,,,,,,,,,,"8",,,,,,"9","289",,,,,,,,,,,,,"226","14","798","172","7","1","2","1","1FFFFF","1AAAAAAAA1AAAA","4",,,,,,,,,,,,,,,
"4300531","2016-09-16T21:00:00","21.25","129.33",,,"1","4","2","5",,,,"11",,,,,,,,,,,,"8",,,,,,"9","294",,,,,,,,,,,,,"226","19","798","172","7","1","2","1","1FFFFF","1AAAAAAAA1AAAA","4",,,,,,,,,,,,,,,
"5100523","2016-09-16T21:30:00","24.08","124.17",,,"1","4","2","5",,,,"11",,,,,,,,,,,,"8",,,,,,"9","291",,,,,,,,,,,,,"226","44","798","172","7","1","2","1","1FFFFF","1AAAAAAAA1AAAA","4",,,,,,,,,,,,,,,
"4300531","2016-09-16T21:41:00","21.25","129.33",,,"1","4","2","5",,,,"11",,,,,,,,,,,,"8",,,,,,"9","294",,,,,,,,,,,,,"226","19","798","172","7","0",,"2","1FFFFF","1AAAAAAAA1AAAA","4",,,,,,,,,,,,,,,
"3200560","2016-09-16T21:42:00","21.18","124.02",,,"1","4","2","5",,,,"11",,,,,,,,,,,,"8",,,,,,"9","289",,,,,,,,,,,,,"226","14","798","172","7","0",,"2","1FFFFF","1AAAAAAAA1AAAA","4",,,,,,,,,,,,,,,
"5100523","2016-09-16T21:43:00","24.08","124.17",,,"1","4","2","5",,,,"11",,,,,,,,,,,,"8",,,,,,"9","291",,,,,,,,,,,,,"226","44","798","172","7","1","2","2","1FFFFF","1AAAAAAAA1AAAA","4",,,,,,,,,,,,,,,
"3200623","2016-09-16T21:45:00","25.80","128.51",,,"1","4","2","5",,,,"11",,,,,,,,,,,,"8",,,,,,"9","295",,,,,,,,,,,,,"226","58","798","172","7","0",,"2","1FFFFF","1AAAAAAAA1AAAA","4",,,,,,,,,,,,,,,
"5100523","2016-09-16T21:45:00","24.08","124.17",,,"1","4","2","5",,,,"11",,,,,,,,,,,,"8",,,,,,"9","291",,,,,,,,,,,,,"226","44","798","172","7","1","2","2","1FFFFF","1AAAAAAAA1AAAA","4",,,,,,,,,,,,,,,
"3200623","2016-09-16T21:46:00","25.80","128.51",,,"1","4","2","5",,,,"11",,,,,,,,,,,,"8",,,,,,"9","295",,,,,,,,,,,,,"226","58","798","172","7","1","2","2","1FFFFF","1AAAAAAAA1AAAA","4",,,,,,,,,,,,,,,
"4300531","2016-09-16T21:46:00","21.26","129.33",,,"1","4","2","5",,,,"11",,,,,,,,,,,,"8",,,,,,"9","294",,,,,,,,,,,,,"226","19","798","172","7","0",,"2","1FFFFF","1AAAAAAAA1AAAA","4",,,,,,,,,,,,,,,
"3200560","2016-09-16T21:47:00","21.18","124.03",,,"1","4","2","5",,,,"11",,,,,,,,,,,,"8",,,,,,"9","289",,,,,,,,,,,,,"226","14","798","172","7","0",,"2","1FFFFF","1AAAAAAAA1AAAA","4",,,,,,,,,,,,,,,
"3200623","2016-09-16T21:49:00","25.80","128.51",,,"1","4","2","5",,,,"11",,,,,,,,,,,,"8",,,,,,"9","295",,,,,,,,,,,,,"226","58","798","172","7","1","2","2","1FFFFF","1AAAAAAAA1AAAA","4",,,,,,,,,,,,,,,
"3200560","2016-09-16T22:00:00","21.18","124.03",,,"1","4","2","5",,,,"11",,,,,,,,,,,,"8",,,,,,"9","289",,,,,,,,,,,,,"226","14","798","172","7","1","2","2","1FFFFF","1AAAAAAAA1AAAA","4",,,,,,,,,,,,,,,
"4300531","2016-09-16T22:00:00","21.26","129.33",,,"1","4","2","5",,,,"11",,,,,,,,,,,,"8",,,,,,"9","294",,,,,,,,,,,,,"226","19","798","172","7","1","2","2","1FFFFF","1AAAAAAAA1AAAA","4",,,,,,,,,,,,,,,
"3200560","2016-09-16T23:00:00","21.16","124.09",,,"1","4","2","5",,,,"11",,,,,,,,,,,,"8",,,,,,"9","289",,,,,,,,,,,,,"226","14","798","172","7","1","2","2","1FFFFF","1AAAAAAAA1AAAA","4",,,,,,,,,,,,,,,
"4300531","2016-09-16T23:00:00","21.29","129.33",,,"1","4","2","5",,,,"11",,,,,,,,,,,,"8",,,,,,"9","294",,,,,,,,,,,,,"226","19","798","172","7","1","2","2","1FFFFF","1AAAAAAAA1AAAA","4",,,,,,,,,,,,,,,
"5100523","2016-09-16T23:15:00","24.14","124.16",,,"1","4","2","5",,,,"11",,,,,,,,,,,,"8",,,,,,"9","291",,,,,,,,,,,,,"226","44","798","172","7","1","2","2","1FFFFF","1AAAAAAAA1AAAA","4",,,,,,,,,,,,,,,
"3200623","2016-09-16T23:21:00","25.84","128.53",,,"1","4","2","5",,,,"11",,,,,,,,,,,,"8",,,,,,"9","295",,,,,,,,,,,,,"226","58","798","172","7","1","2","2","1FFFFF","1AAAAAAAA1AAAA","4",,,,,,,,,,,,,,,
"3200623","2016-09-16T23:28:00","25.84","128.53",,,"1","4","2","5",,,,"11",,,,,,,,,,,,"8",,,,,,"9","295",,,,,,,,,,,,,"226","58","798","172","7","0",,"2","1FFFFF","1AAAAAAAA1AAAA","4",,,,,,,,,,,,,,,
"3200560","2016-09-16T23:29:00","21.16","124.09",,,"1","4","2","5",,,,"11",,,,,,,,,,,,"8",,,,,,"9","289",,,,,,,,,,,,,"226","14","798","172","7","1","2","2","1FFFFF","1AAAAAAAA1AAAA","4",,,,,,,,,,,,,,,
"5100523","2016-09-16T23:29:00","24.14","124.16",,,"1","4","2","5",,,,"11",,,,,,,,,,,,"8",,,,,,"9","291",,,,,,,,,,,,,"226","44","798","172","7","1","2","2","1FFFFF","1AAAAAAAA1AAAA","4",,,,,,,,,,,,,,,
"3200623","2016-09-16T23:30:00","25.84","128.53",,,"1","4","2","5",,,,"11",,,,,,,,,,,,"8",,,,,,"9","295",,,,,,,,,,,,,"226","58","798","172","7","1","2","2","1FFFFF","1AAAAAAAA1AAAA","4",,,,,,,,,,,,,,,
"5100523","2016-09-16T23:30:00","24.14","124.16",,,"1","4","2","5",,,,"11",,,,,,,,,,,,"8",,,,,,"9","291",,,,,,,,,,,,,"226","44","798","172","7","1","2","2","1FFFFF","1AAAAAAAA1AAAA","4",,,,,,,,,,,,,,,
"5100523","2016-09-16T23:45:00","24.14","124.16",,,"1","4","2","5",,,,"11",,,,,,,,,,,,"8",,,,,,"9","291",,,,,,,,,,,,,"226","44","798","172","7","1","2","2","1FFFFF","1AAAAAAAA1AAAA","4",,,,,,,,,,,,,,,
"3200623","2016-09-16T23:50:00","25.83","128.53",,,"1","4","2","5",,,,"11",,,,,,,,,,,,"8",,,,,,"9","295",,,,,,,,,,,,,"226","58","798","172","7","1","2","2","1FFFFF","1AAAAAAAA1AAAA","4",,,,,,,,,,,,,,,
"3200623","2016-09-16T23:52:00","25.84","128.53",,,"1","4","2","5",,,,"11",,,,,,,,,,,,"8",,,,,,"9","295",,,,,,,,,,,,,"226","58","798","172","7","1","2","2","1FFFFF","1AAAAAAAA1AAAA","4",,,,,,,,,,,,,,,
"4300531","2016-09-16T23:52:00","21.29","129.33",,,"1","4","2","5",,,,"11",,,,,,,,,,,,"8",,,,,,"9","294",,,,,,,,,,,,,"226","19","798","172","7","1","2","2","1FFFFF","1AAAAAAAA1AAAA","4",,,,,,,,,,,,,,,
"3200623","2016-09-16T23:55:00","25.83","128.53",,,"1","4","2","5",,,,"11",,,,,,,,,,,,"8",,,,,,"9","295",,,,,,,,,,,,,"226","58","798","172","7","1","2","2","1FFFFF","1AAAAAAAA1AAAA","4",,,,,,,,,,,,,,,
"3200560","2016-09-17T00:00:00","21.16","124.09",,,"1","4","2","5",,,,"11",,,,,,,,,,,,"8",,,,,,"9","288",,,,,,,,,,,,,"226","14","798","172","7","1","2","2","1FFFFF","1AAAAAAAA1AAAA","4",,,,,,,,,,,,,,,
"4300531","2016-09-17T00:00:00","21.29","129.32",,,"1","4","2","5",,,,"11",,,,,,,,,,,,"8",,,,,,"9","294",,,,,,,,,,,,,"226","19","798","172","7","1","2","2","1FFFFF","1AAAAAAAA1AAAA","4",,,,,,,,,,,,,,,
"9V2735","2016-09-17T00:00:00","29.70","122.50",,,"1","4","0","0","0","0",,"1","0","320","4","98",,"96","81","0","10110","4","0","3","240","0","240",,"240","1","270","8","8","2","8","A","A",,"6","4","32","6","4","226","92","992","114","5","1","2","2","111113","11111111111111",,,"1","0",,"6","4",,,,,,,,"4",
"VRIB3","2016-09-17T00:00:00","29.90","125.10",,,"1","4","0","0","1","5",,"1","0","190","4","77",,"98","52","1","10099","3","20","0","275","0","265",,"262","1","310","5","5","7","5","3","A",,,,"14","7","1","226","95","992","114","5","1","2","2","311111","11131111111A11",,,"1","1",,,,,,,,,,,"4",
"5100523","2016-09-17T00:30:00","24.14","124.16",,,"1","4","2","5",,,,"11",,,,,,,,,,,,"8",,,,,,"9","291",,,,,,,,,,,,,"226","44","798","172","7","1","2","2","1FFFFF","1AAAAAAAA1AAAA","4",,,,,,,,,,,,,,,
"5100523","2016-09-17T00:41:00","24.19","124.15",,,"1","4","2","5",,,,"11",,,,,,,,,,,,"8",,,,,,"9","291",,,,,,,,,,,,,"226","44","798","172","7","1","2","2","1FFFFF","1AAAAAAAA1AAAA","4",,,,,,,,,,,,,,,
"5100523","2016-09-17T00:45:00","24.19","124.15",,,"1","4","2","5",,,,"11",,,,,,,,,,,,"8",,,,,,"9","291",,,,,,,,,,,,,"226","44","798","172","7","1","2","2","1FFFFF","1AAAAAAAA1AAAA","4",,,,,,,,,,,,,,,
"3200623","2016-09-17T00:49:00","25.86","128.55",,,"1","4","2","5",,,,"11",,,,,,,,,,,,"8",,,,,,"9","295",,,,,,,,,,,,,"226","58","798","172","7","1","2","2","1FFFFF","1AAAAAAAA1AAAA","4",,,,,,,,,,,,,,,
"3200560","2016-09-17T01:00:00","21.12","124.16",,,"1","4","2","5",,,,"11",,,,,,,,,,,,"8",,,,,,"9","288",,,,,,,,,,,,,"226","14","798","172","7","1","2","2","1FFFFF","1AAAAAAAA1AAAA","4",,,,,,,,,,,,,,,
"4300531","2016-09-17T01:00:00","21.33","129.29",,,"1","4","2","5",,,,"11",,,,,,,,,,,,"8",,,,,,"9","295",,,,,,,,,,,,,"226","19","798","172","7","1","2","2","1FFFFF","1AAAAAAAA1AAAA","4",,,,,,,,,,,,,,,
"5100523","2016-09-17T01:15:00","24.14","124.16",,,"1","4","2","5",,,,"11",,,,,,,,,,,,"8",,,,,,"9","291",,,,,,,,,,,,,"226","44","798","172","7","1","2","2","1FFFFF","1AAAAAAAA1AAAA","4",,,,,,,,,,,,,,,
"3200623","2016-09-17T01:30:00","25.86","128.55",,,"1","4","2","5",,,,"11",,,,,,,,,,,,"8",,,,,,"9","296",,,,,,,,,,,,,"226","58","798","172","7","1","2","2","1FFFFF","1AAAAAAAA1AAAA","4",,,,,,,,,,,,,,,
"5100523","2016-09-17T01:30:00","24.14","124.16",,,"1","4","2","5",,,,"11",,,,,,,,,,,,"8",,,,,,"9","291",,,,,,,,,,,,,"226","44","798","172","7","1","2","2","1FFFFF","1AAAAAAAA1AAAA","4",,,,,,,,,,,,,,,
"3200560","2016-09-17T01:31:00","21.12","124.16",,,"1","4","2","5",,,,"11",,,,,,,,,,,,"8",,,,,,"9","288",,,,,,,,,,,,,"226","14","798","172","7","0",,"2","1FFFFF","1AAAAAAAA1AAAA","4",,,,,,,,,,,,,,,
"4300531","2016-09-17T01:31:00","21.33","129.29",,,"1","4","2","5",,,,"11",,,,,,,,,,,,"8",,,,,,"9","295",,,,,,,,,,,,,"226","19","798","172","7","1","2","2","1FFFFF","1AAAAAAAA1AAAA","4",,,,,,,,,,,,,,,
"3200623","2016-09-17T01:33:00","25.86","128.55",,,"1","4","2","5",,,,"11",,,,,,,,,,,,"8",,,,,,"9","296",,,,,,,,,,,,,"226","58","798","172","7","1","2","2","1FFFFF","1AAAAAAAA1AAAA","4",,,,,,,,,,,,,,,
"3200623","2016-09-17T01:36:00","25.86","128.55",,,"1","4","2","5",,,,"11",,,,,,,,,,,,"8",,,,,,"9","296",,,,,,,,,,,,,"226","58","798","172","7","1","2","2","1FFFFF","1AAAAAAAA1AAAA","4",,,,,,,,,,,,,,,
"3200560","2016-09-17T02:00:00","21.12","124.16",,,"1","4","2","5",,,,"11",,,,,,,,,,,,"8",,,,,,"9","288",,,,,,,,,,,,,"226","14","798","172","7","1","2","2","1FFFFF","1AAAAAAAA1AAAA","4",,,,,,,,,,,,,,,
"OUHC2","2016-09-17T02:00:00","29.90","123.00",,,"1","4","0","0","1","3",,"1","0","320","3","93",,"96","63","6","10080","4","0","0","250","0","230",,"222","1","270","8",,"6","2","A","A",,"4","3","14","8","7","226","93","992","114","5","1","2","2","111111","11111111111111",,,"1","2",,,,,,,,,,,"4",
"5100523","2016-09-17T02:15:00","24.19","124.15",,,"1","4","2","5",,,,"11",,,,,,,,,,,,"8",,,,,,"9","291",,,,,,,,,,,,,"226","44","798","172","7","1","2","2","1FFFFF","1AAAAAAAA1AAAA","4",,,,,,,,,,,,,,,
"3200623","2016-09-17T02:21:00","25.86","128.55",,,"1","3","2","5",,,,"11",,,,,,,,,,,,,,,,,,,,,,,,,,,,,,,,"226","58","798","172","7","1","2","2","FFFFFF","1AAAAAAAAAAAAA","4",,,,,,,,,,,,,,,
"3200560","2016-09-17T02:23:00","21.11","124.18",,,"1","4","2","5",,,,"11",,,,,,,,,,,,"8",,,,,,"9","288",,,,,,,,,,,,,"226","14","798","172","7","0",,"2","1FFFFF","1AAAAAAAA1AAAA","4",,,,,,,,,,,,,,,
"3200560","2016-09-17T03:00:00","21.11","124.18",,,"1","4","2","5",,,,"11",,,,,,,,,,,,"8",,,,,,"9","288",,,,,,,,,,,,,"226","14","798","172","7","1","2","2","1FFFFF","1AAAAAAAA1AAAA","4",,,,,,,,,,,,,,,
"4300531","2016-09-17T03:00:00","21.33","129.29",,,"1","4","2","5",,,,"11",,,,,,,,,,,,"8",,,,,,"9","295",,,,,,,,,,,,,"226","19","798","172","7","1","2","2","1FFFFF","1AAAAAAAA1AAAA","4",,,,,,,,,,,,,,,
"3200560","2016-09-17T04:00:00","21.11","124.18",,,"1","4","2","5",,,,"11",,,,,,,,,,,,"8",,,,,,"9","288",,,,,,,,,,,,,"226","14","798","172","7","1","2","2","1FFFFF","1AAAAAAAA1AAAA","4",,,,,,,,,,,,,,,
"4300531","2016-09-17T04:00:00","21.42","129.28",,,"1","4","2","5",,,,"11",,,,,,,,,,,,"8",,,,,,"9","295",,,,,,,,,,,,,"226","19","798","172","7","1","2","2","1FFFFF","1AAAAAAAA1AAAA","4",,,,,,,,,,,,,,,
"9HIY9","2016-09-17T04:00:00","20.50","124.50",,,"1","4","0","0","1","2",,"1","0","180","4","139",,"96",,,"10080","4","0","0","270","0","240",,"228","1","300","8","8","7","4","2","A",,"6","6",,"6","6","226","4","992","114","5","1","2","2","111111","111AA111111171",,,"1",,,"5","4",,,,,,,,"4",
"5100523","2016-09-17T04:45:00","24.31","124.19",,,"1","4","2","5",,,,"11",,,,,,,,,,,,"8",,,,,,"9","290",,,,,,,,,,,,,"226","44","798","172","7","1","2","2","1FFFFF","1AAAAAAAA1AAAA","4",,,,,,,,,,,,,,,
"3200623","2016-09-17T04:51:00","25.86","128.55",,,"1","4","2","5",,,,"11",,,,,,,,,,,,"8",,,,,,"9","296",,,,,,,,,,,,,"226","58","798","172","7","1","2","2","1FFFFF","1AAAAAAAA1AAAA","4",,,,,,,,,,,,,,,
"4300531","2016-09-17T04:55:00","21.42","129.28",,,"1","4","2","5",,,,"11",,,,,,,,,,,,"8",,,,,,"9","295",,,,,,,,,,,,,"226","19","798","172","7","0",,"2","1FFFFF","1AAAAAAAA1AAAA","4",,,,,,,,,,,,,,,
"5100523","2016-09-17T04:55:00","24.31","124.19",,,"1","4","2","5",,,,"11",,,,,,,,,,,,"8",,,,,,"9","290",,,,,,,,,,,,,"226","44","798","172","7","1","2","2","1FFFFF","1AAAAAAAA1AAAA","4",,,,,,,,,,,,,,,
"3200560","2016-09-17T05:00:00","21.03","124.22",,,"1","4","2","5",,,,"11",,,,,,,,,,,,"8",,,,,,"9","288",,,,,,,,,,,,,"226","14","798","172","7","1","2","2","1FFFFF","1AAAAAAAA1AAAA","4",,,,,,,,,,,,,,,
"4300531","2016-09-17T05:00:00","21.42","129.28",,,"1","4","2","5",,,,"11",,,,,,,,,,,,"8",,,,,,"9","295",,,,,,,,,,,,,"226","19","798","172","7","1","2","2","1FFFFF","1AAAAAAAA1AAAA","4",,,,,,,,,,,,,,,
"3200560","2016-09-17T06:00:00","21.11","124.18",,,"1","4","2","5",,,,"11",,,,,,,,,,,,"8",,,,,,"9","288",,,,,,,,,,,,,"226","14","798","172","7","1","2","2","1FFFFF","1AAAAAAAA1AAAA","4",,,,,,,,,,,,,,,
"4300531","2016-09-17T06:00:00","21.42","129.28",,,"1","4","2","5",,,,"11",,,,,,,,,,,,"8",,,,,,"9","295",,,,,,,,,,,,,"226","19","798","172","7","1","2","2","1FFFFF","1AAAAAAAA1AAAA","4",,,,,,,,,,,,,,,
"A8HJ4","2016-09-17T06:00:00","21.50","121.50",,,"1","4","0","0","1","3",,"1","0","40","4","103",,"96","61","6","10060","4","0","0","230","0","220",,"215","3","285","8","7","7","2","2","A",,"2","4","14","3","6","226","11","992","114","5","1","2","2","141111","11111111111111",,,"1","5",,,,,,,,,,,"4",
"S6LT6","2016-09-17T06:00:00","26.60","120.90",,,"1","4","0","0","1","4",,"1","0","20","4","93",,"98",,"1","10060","4","0","0","255","0","235",,"226","3","280","6","6","7","2","1","A",,"2","3","15","4","6","226","60","992","114","5","1","2","2","111111","111A1111111111",,,"1","1",,,,,,,,,,,"4",
"VRBX7","2016-09-17T06:00:00","25.80","120.20",,,"1","4","0","0","8","2","1","1","0","40","4","103",,"98","3","1","10010","4","0","0","275","0","260",,"255","1","251","7","7","0","8","7","6",,"2","2","10","8","3","226","50","992","114","5","1","2","2","111111","11111111111111",,,"1","1",,,,,,,,,,,"4",
"5100523","2016-09-17T06:30:00","24.32","124.20",,,"1","4","2","5",,,,"11",,,,,,,,,,,,"8",,,,,,"9","282",,,,,,,,,,,,,"226","44","798","172","7","1","2","2","1FFFFF","1AAAAAAAA1AAAA","4",,,,,,,,,,,,,,,
"3200623","2016-09-17T06:32:00","25.93","128.61",,,"1","4","2","5",,,,"11",,,,,,,,,,,,"8",,,,,,"9","296",,,,,,,,,,,,,"226","58","798","172","7","0",,"2","1FFFFF","1AAAAAAAA1AAAA","4",,,,,,,,,,,,,,,
"4300531","2016-09-17T06:32:00","21.48","129.30",,,"1","4","2","5",,,,"11",,,,,,,,,,,,"8",,,,,,"9","295",,,,,,,,,,,,,"226","19","798","172","7","0",,"2","1FFFFF","1AAAAAAAA1AAAA","4",,,,,,,,,,,,,,,
"3200560","2016-09-17T06:33:00","21.03","124.22",,,"1","4","2","5",,,,"11",,,,,,,,,,,,"8",,,,,,"9","288",,,,,,,,,,,,,"226","14","798","172","7","1","2","2","1FFFFF","1AAAAAAAA1AAAA","4",,,,,,,,,,,,,,,
"3200623","2016-09-17T06:35:00","25.86","128.55",,,"1","4","2","5",,,,"11",,,,,,,,,,,,"8",,,,,,"9","296",,,,,,,,,,,,,"226","58","798","172","7","1","2","2","1FFFFF","1AAAAAAAA1AAAA","4",,,,,,,,,,,,,,,
"3200623","2016-09-17T06:38:00","25.93","128.61",,,"1","4","2","5",,,,"11",,,,,,,,,,,,"8",,,,,,"9","296",,,,,,,,,,,,,"226","58","798","172","7","1","2","2","1FFFFF","1AAAAAAAA1AAAA","4",,,,,,,,,,,,,,,
"3200560","2016-09-17T07:00:00","21.03","124.21",,,"1","4","2","5",,,,"11",,,,,,,,,,,,"8",,,,,,"9","288",,,,,,,,,,,,,"226","14","798","172","7","1","2","2","1FFFFF","1AAAAAAAA1AAAA","4",,,,,,,,,,,,,,,
"4300531","2016-09-17T07:00:00","21.48","129.30",,,"1","4","2","5",,,,"11",,,,,,,,,,,,"8",,,,,,"9","295",,,,,,,,,,,,,"226","19","798","172","7","1","2","2","1FFFFF","1AAAAAAAA1AAAA","4",,,,,,,,,,,,,,,
"3200623","2016-09-17T07:16:00","25.93","128.61",,,"1","4","2","5",,,,"11",,,,,,,,,,,,"8",,,,,,"9","296",,,,,,,,,,,,,"226","58","798","172","7","1","2","2","1FFFFF","1AAAAAAAA1AAAA","4",,,,,,,,,,,,,,,
"3200560","2016-09-17T08:00:00","21.00","124.22",,,"1","4","2","5",,,,"11",,,,,,,,,,,,"8",,,,,,"9","288",,,,,,,,,,,,,"226","14","798","172","7","1","2","2","1FFFFF","1AAAAAAAA1AAAA","4",,,,,,,,,,,,,,,
"4300531","2016-09-17T08:00:00","21.48","129.30",,,"1","4","2","5",,,,"11",,,,,,,,,,,,"8",,,,,,"9","295",,,,,,,,,,,,,"226","19","798","172","7","1","2","2","1FFFFF","1AAAAAAAA1AAAA","4",,,,,,,,,,,,,,,
"3200623","2016-09-17T08:21:00","25.96","128.65",,,"1","4","2","5",,,,"11",,,,,,,,,,,,"8",,,,,,"9","296",,,,,,,,,,,,,"226","58","798","172","7","1","2","2","1FFFFF","1AAAAAAAA1AAAA","4",,,,,,,,,,,,,,,
"3200623","2016-09-17T08:23:00","25.97","128.64",,,"1","4","2","5",,,,"11",,,,,,,,,,,,"8",,,,,,"9","296",,,,,,,,,,,,,"226","58","798","172","7","1","2","2","1FFFFF","1AAAAAAAA1AAAA","4",,,,,,,,,,,,,,,
"3200623","2016-09-17T08:26:00","25.96","128.65",,,"1","4","2","5",,,,"11",,,,,,,,,,,,"8",,,,,,"9","296",,,,,,,,,,,,,"226","58","798","172","7","0",,"2","1FFFFF","1AAAAAAAA1AAAA","4",,,,,,,,,,,,,,,
"5100523","2016-09-17T08:45:00","24.32","124.20",,,"1","4","2","5",,,,"11",,,,,,,,,,,,"8",,,,,,"9","283",,,,,,,,,,,,,"226","44","798","172","7","1","2","2","1FFFFF","1AAAAAAAA1AAAA","4",,,,,,,,,,,,,,,
"3200623","2016-09-17T08:49:00","25.96","128.67",,,"1","4","2","5",,,,"11",,,,,,,,,,,,"8",,,,,,"9","296",,,,,,,,,,,,,"226","58","798","172","7","1","2","2","1FFFFF","1AAAAAAAA1AAAA","4",,,,,,,,,,,,,,,
"3200623","2016-09-17T08:52:00","25.96","128.64",,,"1","4","2","5",,,,"11",,,,,,,,,,,,"8",,,,,,"9","296",,,,,,,,,,,,,"226","58","798","172","7","1","2","2","1FFFFF","1AAAAAAAA1AAAA","4",,,,,,,,,,,,,,,
"3200560","2016-09-17T08:53:00","21.00","124.22",,,"1","4","2","5",,,,"11",,,,,,,,,,,,"8",,,,,,"9","288",,,,,,,,,,,,,"226","14","798","172","7","0",,"2","1FFFFF","1AAAAAAAA1AAAA","4",,,,,,,,,,,,,,,
"4300531","2016-09-17T08:53:00","21.51","129.34",,,"1","4","2","5",,,,"11",,,,,,,,,,,,"8",,,,,,"9","295",,,,,,,,,,,,,"226","19","798","172","7","0",,"2","1FFFFF","1AAAAAAAA1AAAA","4",,,,,,,,,,,,,,,
"3200560","2016-09-17T09:00:00","21.00","124.22",,,"1","4","2","5",,,,"11",,,,,,,,,,,,"8",,,,,,"9","288",,,,,,,,,,,,,"226","14","798","172","7","1","2","2","1FFFFF","1AAAAAAAA1AAAA","4",,,,,,,,,,,,,,,
"4300531","2016-09-17T09:00:00","21.51","129.34",,,"1","4","2","5",,,,"11",,,,,,,,,,,,"8",,,,,,"9","295",,,,,,,,,,,,,"226","19","798","172","7","1","2","2","1FFFFF","1AAAAAAAA1AAAA","4",,,,,,,,,,,,,,,
"5100523","2016-09-17T09:00:00","24.32","124.20",,,"1","4","2","5",,,,"11",,,,,,,,,,,,"8",,,,,,"9","283",,,,,,,,,,,,,"226","44","798","172","7","0",,"2","1FFFFF","1AAAAAAAA1AAAA","4",,,,,,,,,,,,,,,
"5100523","2016-09-17T09:01:00","24.33","124.19",,,"1","4","2","5",,,,"11",,,,,,,,,,,,"8",,,,,,"9","278",,,,,,,,,,,,,"226","44","798","172","7","1","2","2","1FFFFF","1AAAAAAAA1AAAA","4",,,,,,,,,,,,,,,
"3200623","2016-09-17T09:02:00","25.96","128.67",,,"1","4","2","5",,,,"11",,,,,,,,,,,,"8",,,,,,"9","296",,,,,,,,,,,,,"226","58","798","172","7","1","2","2","1FFFFF","1AAAAAAAA1AAAA","4",,,,,,,,,,,,,,,
"5100523","2016-09-17T09:45:00","24.33","124.19",,,"1","4","2","5",,,,"11",,,,,,,,,,,,"8",,,,,,"9","274",,,,,,,,,,,,,"226","44","798","172","7","1","2","2","1FFFFF","1AAAAAAAA1AAAA","4",,,,,,,,,,,,,,,
"3200560","2016-09-17T10:00:00","20.98","124.24",,,"1","4","2","5",,,,"11",,,,,,,,,,,,"8",,,,,,"9","288",,,,,,,,,,,,,"226","4","798","172","7","1","2","1","1FFFFF","1AAAAAAAA1AAAA","4",,,,,,,,,,,,,,,
"3200623","2016-09-17T10:00:00","25.99","128.68",,,"1","4","2","5",,,,"11",,,,,,,,,,,,"8",,,,,,"9","296",,,,,,,,,,,,,"226","58","798","172","7","1","2","1","1FFFFF","1AAAAAAAA1AAAA","4",,,,,,,,,,,,,,,
"4300531","2016-09-17T10:00:00","21.52","129.35",,,"1","4","2","5",,,,"11",,,,,,,,,,,,"8",,,,,,"9","294",,,,,,,,,,,,,"226","19","798","172","7","1","2","1","1FFFFF","1AAAAAAAA1AAAA","4",,,,,,,,,,,,,,,
"5100523","2016-09-17T10:00:00","24.33","124.19",,,"1","4","2","5",,,,"11",,,,,,,,,,,,"8",,,,,,"9","274",,,,,,,,,,,,,"226","44","798","172","7","1","2","1","1FFFFF","1AAAAAAAA1AAAA","4",,,,,,,,,,,,,,,
"3200560","2016-09-17T10:02:00","20.98","124.24",,,"1","4","2","5",,,,"11",,,,,,,,,,,,"8",,,,,,"9","288",,,,,,,,,,,,,"226","4","798","172","7","0",,"1","1FFFFF","1AAAAAAAA1AAAA","4",,,,,,,,,,,,,,,
"3200623","2016-09-17T10:02:00","26.00","128.68",,,"1","4","2","5",,,,"11",,,,,,,,,,,,"8",,,,,,"9","296",,,,,,,,,,,,,"226","68","798","172","7","1","2","1","1FFFFF","1AAAAAAAA1AAAA","4",,,,,,,,,,,,,,,
"4300531","2016-09-17T10:02:00","21.52","129.35",,,"1","4","2","5",,,,"11",,,,,,,,,,,,"8",,,,,,"9","294",,,,,,,,,,,,,"226","19","798","172","7","0",,"1","1FFFFF","1AAAAAAAA1AAAA","4",,,,,,,,,,,,,,,
"3200623","2016-09-17T10:08:00","25.99","128.68",,,"1","4","2","5",,,,"11",,,,,,,,,,,,"8",,,,,,"9","296",,,,,,,,,,,,,"226","58","798","172","7","1","2","1","1FFFFF","1AAAAAAAA1AAAA","4",,,,,,,,,,,,,,,
"5100523","2016-09-17T10:30:00","24.33","124.19",,,"1","4","2","5",,,,"11",,,,,,,,,,,,"8",,,,,,"9","274",,,,,,,,,,,,,"226","44","798","172","7","1","2","1","1FFFFF","1AAAAAAAA1AAAA","4",,,,,,,,,,,,,,,
"3200623","2016-09-17T10:35:00","26.00","128.67",,,"1","4","2","5",,,,"11",,,,,,,,,,,,"8",,,,,,"9","296",,,,,,,,,,,,,"226","68","798","172","7","0",,"1","1FFFFF","1AAAAAAAA1AAAA","4",,,,,,,,,,,,,,,
"3200623","2016-09-17T10:36:00","26.00","128.68",,,"1","4","2","5",,,,"11",,,,,,,,,,,,"8",,,,,,"9","296",,,,,,,,,,,,,"226","68","798","172","7","1","2","1","1FFFFF","1AAAAAAAA1AAAA","4",,,,,,,,,,,,,,,
"3200623","2016-09-17T10:37:00","26.00","128.67",,,"1","4","2","5",,,,"11",,,,,,,,,,,,"8",,,,,,"9","296",,,,,,,,,,,,,"226","68","798","172","7","1","2","1","1FFFFF","1AAAAAAAA1AAAA","4",,,,,,,,,,,,,,,
"5100523","2016-09-17T10:45:00","24.33","124.19",,,"1","4","2","5",,,,"11",,,,,,,,,,,,"8",,,,,,"9","274",,,,,,,,,,,,,"226","44","798","172","7","1","2","1","1FFFFF","1AAAAAAAA1AAAA","4",,,,,,,,,,,,,,,
"3200623","2016-09-17T10:47:00","25.99","128.69",,,"1","4","2","5",,,,"11",,,,,,,,,,,,"8",,,,,,"9","296",,,,,,,,,,,,,"226","58","798","172","7","0",,"1","1FFFFF","1AAAAAAAA1AAAA","4",,,,,,,,,,,,,,,
"3200560","2016-09-17T10:48:00","20.98","124.20",,,"1","4","2","5",,,,"11",,,,,,,,,,,,"8",,,,,,"9","288",,,,,,,,,,,,,"226","4","798","172","7","0",,"1","1FFFFF","1AAAAAAAA1AAAA","4",,,,,,,,,,,,,,,
"3200623","2016-09-17T10:49:00","25.99","128.69",,,"1","4","2","5",,,,"11",,,,,,,,,,,,"8",,,,,,"9","296",,,,,,,,,,,,,"226","58","798","172","7","1","2","1","1FFFFF","1AAAAAAAA1AAAA","4",,,,,,,,,,,,,,,
"3200560","2016-09-17T11:00:00","20.98","124.20",,,"1","4","2","5",,,,"11",,,,,,,,,,,,"8",,,,,,"9","288",,,,,,,,,,,,,"226","4","798","172","7","1","2","1","1FFFFF","1AAAAAAAA1AAAA","4",,,,,,,,,,,,,,,
"4300531","2016-09-17T11:00:00","21.52","129.35",,,"1","4","2","5",,,,"11",,,,,,,,,,,,"8",,,,,,"9","294",,,,,,,,,,,,,"226","19","798","172","7","1","2","1","1FFFFF","1AAAAAAAA1AAAA","4",,,,,,,,,,,,,,,
"3200623","2016-09-17T11:05:00","25.99","128.69",,,"1","4","2","5",,,,"11",,,,,,,,,,,,"8",,,,,,"9","296",,,,,,,,,,,,,"226","58","798","172","7","1","2","1","1FFFFF","1AAAAAAAA1AAAA","4",,,,,,,,,,,,,,,
"5100523","2016-09-17T11:45:00","24.33","124.19",,,"1","4","2","5",,,,"11",,,,,,,,,,,,"8",,,,,,"9","278",,,,,,,,,,,,,"226","44","798","172","7","1","2","1","1FFFFF","1AAAAAAAA1AAAA","4",,,,,,,,,,,,,,,
"3200560","2016-09-17T11:58:00","20.97","124.19",,,"1","4","2","5",,,,"11",,,,,,,,,,,,"8",,,,,,"9","287",,,,,,,,,,,,,"226","4","798","172","7","0",,"1","1FFFFF","1AAAAAAAA1AAAA","4",,,,,,,,,,,,,,,
"4300531","2016-09-17T11:59:00","21.53","129.36",,,"1","4","2","5",,,,"11",,,,,,,,,,,,"8",,,,,,"9","294",,,,,,,,,,,,,"226","19","798","172","7","0",,"1","1FFFFF","1AAAAAAAA1AAAA","4",,,,,,,,,,,,,,,
"3200560","2016-09-17T12:00:00","20.97","124.19",,,"1","4","2","5",,,,"11",,,,,,,,,,,,"8",,,,,,"9","287",,,,,,,,,,,,,"226","4","798","172","7","1","2","1","1FFFFF","1AAAAAAAA1AAAA","4",,,,,,,,,,,,,,,
"3200623","2016-09-17T12:00:00","26.02","128.71",,,"1","4","2","5",,,,"11",,,,,,,,,,,,"8",,,,,,"9","296",,,,,,,,,,,,,"226","68","798","172","7","0",,"1","1FFFFF","1AAAAAAAA1AAAA","4",,,,,,,,,,,,,,,
"4300531","2016-09-17T12:00:00","21.53","129.36",,,"1","4","2","5",,,,"11",,,,,,,,,,,,"8",,,,,,"9","294",,,,,,,,,,,,,"226","19","798","172","7","1","2","1","1FFFFF","1AAAAAAAA1AAAA","4",,,,,,,,,,,,,,,
"5100523","2016-09-17T12:00:00","24.33","124.19",,,"1","4","2","5",,,,"11",,,,,,,,,,,,"8",,,,,,"9","276",,,,,,,,,,,,,"226","44","798","172","7","1","2","1","1FFFFF","1AAAAAAAA1AAAA","4",,,,,,,,,,,,,,,
"A8HJ4","2016-09-17T12:00:00","28.40","122.10",,,"1","4","0","0","1","2",,"1","0","20","4","170",,"96","62","6","10080","3","20","0","250","0","240",,"235","3","278","8","6","7","2","1","6",,"6","3",,,,"226","82","992","114","5","1","2","1","111111","111111111111A1",,,"1","2",,,,,,,,,,,"4",
"S6LT6","2016-09-17T12:00:00","27.90","121.60",,,"1","4","0","0","1","3",,"1","0","350","4","180",,"97","58","5","10070","3","5","0","250","0","230",,"220","3","270","8","8","7","2","A","A",,"5","5","34","4","6","226","71","992","114","5","1","2","1","111211","11111111111111",,,"1","5",,,,,,,,,,,"4",
"VRWN4","2016-09-17T12:00:00","26.50","120.60",,,"1","4","0","0","8","2",,"1","0","20","4","144",,"97","61","6","10073","4","0","0","270","0","250",,"241","1","290","6","6","7","2","A","A",,"9","6","14","14","5","226","60","992","114","5","1","2","1","111111","11111111111111",,,"1","2",,,,,,,,,,,"4",
"3200623","2016-09-17T12:02:00","26.02","128.71",,,"1","4","2","5",,,,"11",,,,,,,,,,,,"8",,,,,,"9","296",,,,,,,,,,,,,"226","68","798","172","7","1","2","1","1FFFFF","1AAAAAAAA1AAAA","4",,,,,,,,,,,,,,,
"5100523","2016-09-17T12:30:00","24.34","124.20",,,"1","4","2","5",,,,"11",,,,,,,,,,,,"8",,,,,,"9","273",,,,,,,,,,,,,"226","44","798","172","7","1","2","1","1FFFFF","1AAAAAAAA1AAAA","4",,,,,,,,,,,,,,,
"3200560","2016-09-17T12:45:00","20.97","124.19",,,"1","4","2","5",,,,"11",,,,,,,,,,,,"8",,,,,,"9","287",,,,,,,,,,,,,"226","4","798","172","7","0",,"1","1FFFFF","1AAAAAAAA1AAAA","4",,,,,,,,,,,,,,,
"3200623","2016-09-17T12:45:00","26.03","128.73",,,"1","4","2","5",,,,"11",,,,,,,,,,,,"8",,,,,,"9","296",,,,,,,,,,,,,"226","68","798","172","7","0",,"1","1FFFFF","1AAAAAAAA1AAAA","4",,,,,,,,,,,,,,,
"4300531","2016-09-17T12:45:00","21.54","129.37",,,"1","4","2","5",,,,"11",,,,,,,,,,,,"8",,,,,,"9","294",,,,,,,,,,,,,"226","19","798","172","7","0",,"1","1FFFFF","1AAAAAAAA1AAAA","4",,,,,,,,,,,,,,,
"5100523","2016-09-17T12:45:00","24.34","124.20",,,"1","4","2","5",,,,"11",,,,,,,,,,,,"8",,,,,,"9","277",,,,,,,,,,,,,"226","44","798","172","7","1","2","1","1FFFFF","1AAAAAAAA1AAAA","4",,,,,,,,,,,,,,,
"3200623","2016-09-17T12:47:00","26.03","128.73",,,"1","4","2","5",,,,"11",,,,,,,,,,,,"8",,,,,,"9","296",,,,,,,,,,,,,"226","68","798","172","7","1","2","1","1FFFFF","1AAAAAAAA1AAAA","4",,,,,,,,,,,,,,,
"3200623","2016-09-17T12:50:00","26.03","128.73",,,"1","4","2","5",,,,"11",,,,,,,,,,,,"8",,,,,,"9","296",,,,,,,,,,,,,"226","68","798","172","7","1","2","1","1FFFFF","1AAAAAAAA1AAAA","4",,,,,,,,,,,,,,,
"3200560","2016-09-17T13:00:00","20.97","124.19",,,"1","4","2","5",,,,"11",,,,,,,,,,,,"8",,,,,,"9","287",,,,,,,,,,,,,"226","4","798","172","7","1","2","1","1FFFFF","1AAAAAAAA1AAAA","4",,,,,,,,,,,,,,,
"4300531","2016-09-17T13:00:00","21.54","129.37",,,"1","4","2","5",,,,"11",,,,,,,,,,,,"8",,,,,,"9","294",,,,,,,,,,,,,"226","19","798","172","7","1","2","1","1FFFFF","1AAAAAAAA1AAAA","4",,,,,,,,,,,,,,,
"5100523","2016-09-17T13:30:00","24.33","124.19",,,"1","4","2","5",,,,"11",,,,,,,,,,,,"8",,,,,,"9","282",,,,,,,,,,,,,"226","44","798","172","7","1","2","1","1FFFFF","1AAAAAAAA1AAAA","4",,,,,,,,,,,,,,,
"5100523","2016-09-17T13:37:00","24.33","124.19",,,"1","4","2","5",,,,"11",,,,,,,,,,,,"8",,,,,,"9","284",,,,,,,,,,,,,"226","44","798","172","7","1","2","1","1FFFFF","1AAAAAAAA1AAAA","4",,,,,,,,,,,,,,,
"3200560","2016-09-17T13:38:00","20.97","124.17",,,"1","4","2","5",,,,"11",,,,,,,,,,,,"8",,,,,,"9","287",,,,,,,,,,,,,"226","4","798","172","7","0",,"1","1FFFFF","1AAAAAAAA1AAAA","4",,,,,,,,,,,,,,,
"4300531","2016-09-17T13:38:00","21.55","129.36",,,"1","4","2","5",,,,"11",,,,,,,,,,,,"8",,,,,,"9","294",,,,,,,,,,,,,"226","19","798","172","7","0",,"1","1FFFFF","1AAAAAAAA1AAAA","4",,,,,,,,,,,,,,,
"3200560","2016-09-17T14:00:00","20.97","124.17",,,"1","4","2","5",,,,"11",,,,,,,,,,,,"8",,,,,,"9","287",,,,,,,,,,,,,"226","4","798","172","7","1","2","1","1FFFFF","1AAAAAAAA1AAAA","4",,,,,,,,,,,,,,,
"4300531","2016-09-17T14:00:00","21.55","129.36",,,"1","4","2","5",,,,"11",,,,,,,,,,,,"8",,,,,,"9","294",,,,,,,,,,,,,"226","19","798","172","7","1","2","1","1FFFFF","1AAAAAAAA1AAAA","4",,,,,,,,,,,,,,,
"5100523","2016-09-17T14:15:00","24.33","124.19",,,"1","4","2","5",,,,"11",,,,,,,,,,,,"8",,,,,,"9","284",,,,,,,,,,,,,"226","44","798","172","7","1","2","1","1FFFFF","1AAAAAAAA1AAAA","4",,,,,,,,,,,,,,,
"3200560","2016-09-17T15:00:00","20.97","124.17",,,"1","4","2","5",,,,"11",,,,,,,,,,,,"8",,,,,,"9","287",,,,,,,,,,,,,"226","4","798","172","7","1","2","1","1FFFFF","1AAAAAAAA1AAAA","4",,,,,,,,,,,,,,,
"4300531","2016-09-17T15:00:00","21.55","129.36",,,"1","4","2","5",,,,"11",,,,,,,,,,,,"8",,,,,,"9","294",,,,,,,,,,,,,"226","19","798","172","7","1","2","1","1FFFFF","1AAAAAAAA1AAAA","4",,,,,,,,,,,,,,,
"DFGN2","2016-09-17T15:00:00","29.90","123.40",,,"1","4","0","0","1","4","1","1","0","20","4","165",,"97","2","2","10075","0","1","0","245",,,,"196","3","273","8","8","7","2","A","A",,,,,,,"226","93","992","114","5","1","2","1","111111","1111111A111AA1",,,"1","2",,,,,,,,,,,"4",
"3200560","2016-09-17T16:00:00","21.00","124.15",,,"1","4","2","5",,,,"11",,,,,,,,,,,,"8",,,,,,"9","287",,,,,,,,,,,,,"226","14","798","172","7","1","2","1","1FFFFF","1AAAAAAAA1AAAA","4",,,,,,,,,,,,,,,
"4300531","2016-09-17T16:00:00","21.58","129.40",,,"1","4","2","5",,,,"11",,,,,,,,,,,,"8",,,,,,"9","294",,,,,,,,,,,,,"226","19","798","172","7","1","2","1","1FFFFF","1AAAAAAAA1AAAA","4",,,,,,,,,,,,,,,
"VRPY6","2016-09-17T16:00:00","20.10","120.90",,,"1","4","0","0","1","3",,"1","0","200","3","87",,"97",,"2","10090","4","0","3","270","0","250",,"240","3","290","8","2","0","5","7","0",,"8","2","0","12","3","226","0","992","114","5","1","2","1","111111","111A1111111171",,,"1","2",,,,,,,,,,,"4",
"3200560","2016-09-17T17:00:00","20.97","124.17",,,"1","4","2","5",,,,"11",,,,,,,,,,,,"8",,,,,,"9","287",,,,,,,,,,,,,"226","4","798","172","7","1","2","1","1FFFFF","1AAAAAAAA1AAAA","4",,,,,,,,,,,,,,,
"4300531","2016-09-17T17:00:00","21.58","129.40",,,"1","4","2","5",,,,"11",,,,,,,,,,,,"8",,,,,,"9","294",,,,,,,,,,,,,"226","19","798","172","7","1","2","1","1FFFFF","1AAAAAAAA1AAAA","4",,,,,,,,,,,,,,,
"VRPY6","2016-09-17T17:00:00","20.20","121.00",,,"1","4","0","0","1","3",,"1","0","220","3","77",,"97",,"2","10090","4","0","3","270","0","250",,"240","3","290","8","2","0","5","7","0",,"8","2","0","12","2","226","1","992","114","5","1","2","1","111111","111A1111111171",,,"1","2",,,,,,,,,,,"4",
"5100523","2016-09-17T17:15:00","24.33","124.19",,,"1","4","2","5",,,,"11",,,,,,,,,,,,"8",,,,,,"9","282",,,,,,,,,,,,,"226","44","798","172","7","1","2","1","1FFFFF","1AAAAAAAA1AAAA","4",,,,,,,,,,,,,,,
"3200623","2016-09-17T17:25:00","26.06","128.79",,,"1","4","2","5",,,,"11",,,,,,,,,,,,"8",,,,,,"9","295",,,,,,,,,,,,,"226","68","798","172","7","0",,"1","1FFFFF","1AAAAAAAA1AAAA","4",,,,,,,,,,,,,,,
"5100523","2016-09-17T17:25:00","24.33","124.19",,,"1","4","2","5",,,,"11",,,,,,,,,,,,"8",,,,,,"9","281",,,,,,,,,,,,,"226","44","798","172","7","0",,"1","1FFFFF","1AAAAAAAA1AAAA","4",,,,,,,,,,,,,,,
"3200623","2016-09-17T17:26:00","26.06","128.79",,,"1","4","2","5",,,,"11",,,,,,,,,,,,"8",,,,,,"9","295",,,,,,,,,,,,,"226","68","798","172","7","1","2","1","1FFFFF","1AAAAAAAA1AAAA","4",,,,,,,,,,,,,,,
"4300531","2016-09-17T17:26:00","21.58","129.40",,,"1","4","2","5",,,,"11",,,,,,,,,,,,"8",,,,,,"9","294",,,,,,,,,,,,,"226","19","798","172","7","0",,"1","1FFFFF","1AAAAAAAA1AAAA","4",,,,,,,,,,,,,,,
"3200560","2016-09-17T17:28:00","21.00","124.15",,,"1","4","2","5",,,,"11",,,,,,,,,,,,"8",,,,,,"9","287",,,,,,,,,,,,,"226","14","798","172","7","0",,"1","1FFFFF","1AAAAAAAA1AAAA","4",,,,,,,,,,,,,,,
"5100523","2016-09-17T17:30:00","24.33","124.19",,,"1","4","2","5",,,,"11",,,,,,,,,,,,"8",,,,,,"9","281",,,,,,,,,,,,,"226","44","798","172","7","1","2","1","1FFFFF","1AAAAAAAA1AAAA","4",,,,,,,,,,,,,,,
"3200623","2016-09-17T17:32:00","26.06","128.79",,,"1","4","2","5",,,,"11",,,,,,,,,,,,"8",,,,,,"9","295",,,,,,,,,,,,,"226","68","798","172","7","1","2","1","1FFFFF","1AAAAAAAA1AAAA","4",,,,,,,,,,,,,,,
"3200560","2016-09-17T18:00:00","21.00","124.15",,,"1","4","2","5",,,,"11",,,,,,,,,,,,"8",,,,,,"9","287",,,,,,,,,,,,,"226","14","798","172","7","1","2","1","1FFFFF","1AAAAAAAA1AAAA","4",,,,,,,,,,,,,,,
"4300531","2016-09-17T18:00:00","21.58","129.40",,,"1","4","2","5",,,,"11",,,,,,,,,,,,"8",,,,,,"9","294",,,,,,,,,,,,,"226","19","798","172","7","1","2","1","1FFFFF","1AAAAAAAA1AAAA","4",,,,,,,,,,,,,,,
"C6LG6","2016-09-17T18:00:00","24.70","120.70",,,"1","4","0","0","8","2","1","1","0","330","1","140",,"97","50","5","10050","6","10","0","260","0","245",,"238",,,"8","7","7","2","A","A",,"3","3","19","5","7","226","40","992","114","5","1","2","1","F11111","111111111A1111",,,"1","2",,,,,,,,,,,"4",
"CQEO","2016-09-17T18:00:00","24.50","122.50",,,"1","4","0","0","7","3",,"1","0","330","4","129",,"97","2","2","10016","5","11","0","290","0","260",,"249","3","260","8",,"7","2","A","A",,"7","7",,,,"226","42","992","114","5","1","2","1","111111","111111111111A1",,,"1","2",,,,,,,,,,,"4",
"S6LT6","2016-09-17T18:00:00","29.10","122.70",,,"1","4","0","0","1","4",,"1","0","360","4","108",,"98",,"1","10080","4","0","0","250","0","230",,"220",,,"6",,"9","5","A","A",,"3","4","15","5","7","226","92","992","114","5","1","2","1","F11111","111A11111A1111",,,"1","1",,,,,,,,,,,"4",
"VRPY6","2016-09-17T18:00:00","20.40","121.10",,,"1","4","0","0","1","3",,"1","0","230","3","62",,"97",,"2","10090","4","0","3","270","0","250",,"240","3","290","8","2","0","5","7","0",,"8","2","0","12","2","226","1","992","114","5","1","2","1","111111","111A1111111171",,,"1","2",,,,,,,,,,,"4",
"3200560","2016-09-17T19:00:00","21.00","124.15",,,"1","4","2","5",,,,"11",,,,,,,,,,,,"8",,,,,,"9","287",,,,,,,,,,,,,"226","14","798","172","7","1","2","1","1FFFFF","1AAAAAAAA1AAAA","4",,,,,,,,,,,,,,,
"4300531","2016-09-17T19:00:00","21.58","129.41",,,"1","4","2","5",,,,"11",,,,,,,,,,,,"8",,,,,,"9","294",,,,,,,,,,,,,"226","19","798","172","7","1","2","1","1FFFFF","1AAAAAAAA1AAAA","4",,,,,,,,,,,,,,,
"5100523","2016-09-17T19:00:00","24.33","124.19",,,"1","4","2","5",,,,"11",,,,,,,,,,,,"8",,,,,,"9","280",,,,,,,,,,,,,"226","44","798","172","7","1","2","1","1FFFFF","1AAAAAAAA1AAAA","4",,,,,,,,,,,,,,,
"VRPY6","2016-09-17T19:00:00","20.60","121.20",,,"1","4","0","0","1","3",,"1","0","230","3","77",,"97",,"2","10090","4","0","3","270","0","250",,"240","3","290","8","2","0","5","7","0",,"8","2","0","12","2","226","1","992","114","5","1","2","1","111111","111A1111111171",,,"1","2",,,,,,,,,,,"4",
"3200560","2016-09-17T19:06:00","21.04","124.14",,,"1","4","2","5",,,,"11",,,,,,,,,,,,"8",,,,,,"9","287",,,,,,,,,,,,,"226","14","798","172","7","0",,"1","1FFFFF","1AAAAAAAA1AAAA","4",,,,,,,,,,,,,,,
"3200623","2016-09-17T19:06:00","26.08","128.82",,,"1","4","2","5",,,,"11",,,,,,,,,,,,"8",,,,,,"9","295",,,,,,,,,,,,,"226","68","798","172","7","0",,"1","1FFFFF","1AAAAAAAA1AAAA","4",,,,,,,,,,,,,,,
"5100523","2016-09-17T19:07:00","24.33","124.19",,,"1","4","2","5",,,,"11",,,,,,,,,,,,"8",,,,,,"9","280",,,,,,,,,,,,,"226","44","798","172","7","0",,"1","1FFFFF","1AAAAAAAA1AAAA","4",,,,,,,,,,,,,,,
"4300531","2016-09-17T19:08:00","21.58","129.41",,,"1","4","2","5",,,,"11",,,,,,,,,,,,"8",,,,,,"9","294",,,,,,,,,,,,,"226","19","798","172","7","0",,"1","1FFFFF","1AAAAAAAA1AAAA","4",,,,,,,,,,,,,,,
"3200623","2016-09-17T19:10:00","26.08","128.82",,,"1","4","2","5",,,,"11",,,,,,,,,,,,"8",,,,,,"9","295",,,,,,,,,,,,,"226","68","798","172","7","1","2","1","1FFFFF","1AAAAAAAA1AAAA","4",,,,,,,,,,,,,,,
"3200623","2016-09-17T19:32:00","26.08","128.82",,,"1","4","2","5",,,,"11",,,,,,,,,,,,"8",,,,,,"9","295",,,,,,,,,,,,,"226","68","798","172","7","0",,"1","1FFFFF","1AAAAAAAA1AAAA","4",,,,,,,,,,,,,,,
"3200623","2016-09-17T19:35:00","26.08","128.82",,,"1","4","2","5",,,,"11",,,,,,,,,,,,"8",,,,,,"9","295",,,,,,,,,,,,,"226","68","798","172","7","1","2","1","1FFFFF","1AAAAAAAA1AAAA","4",,,,,,,,,,,,,,,
"3200560","2016-09-17T20:00:00","21.04","124.14",,,"1","4","2","5",,,,"11",,,,,,,,,,,,"8",,,,,,"9","287",,,,,,,,,,,,,"226","14","798","172","7","1","2","1","1FFFFF","1AAAAAAAA1AAAA","4",,,,,,,,,,,,,,,
"4300531","2016-09-17T20:00:00","21.58","129.41",,,"1","4","2","5",,,,"11",,,,,,,,,,,,"8",,,,,,"9","294",,,,,,,,,,,,,"226","19","798","172","7","1","2","1","1FFFFF","1AAAAAAAA1AAAA","4",,,,,,,,,,,,,,,
"VRPY6","2016-09-17T20:00:00","20.80","121.40",,,"1","4","0","0","1","3",,"1","0","230","3","77",,"97",,"2","10080","6","10","3","270","0","250",,"240","3","290","8","2","0","5","7","0",,"8","2","0","12","2","226","1","992","114","5","1","2","1","111111","111A1111111171",,,"1","2",,,,,,,,,,,"4",
"3200560","2016-09-17T21:00:00","21.07","124.17",,,"1","4","2","5",,,,"11",,,,,,,,,,,,"8",,,,,,"9","287",,,,,,,,,,,,,"226","14","798","172","7","1","2","1","1FFFFF","1AAAAAAAA1AAAA","4",,,,,,,,,,,,,,,
"4300531","2016-09-17T21:00:00","21.57","129.40",,,"1","4","2","5",,,,"11",,,,,,,,,,,,"8",,,,,,"9","294",,,,,,,,,,,,,"226","19","798","172","7","1","2","1","1FFFFF","1AAAAAAAA1AAAA","4",,,,,,,,,,,,,,,
"5100523","2016-09-17T21:00:00","24.34","124.19",,,"1","4","2","5",,,,"11",,,,,,,,,,,,"8",,,,,,"9","277",,,,,,,,,,,,,"226","44","798","172","7","1","2","1","1FFFFF","1AAAAAAAA1AAAA","4",,,,,,,,,,,,,,,
"VRPY6","2016-09-17T21:00:00","20.90","121.50",,,"1","4","0","0","1","3",,"1","0","230","3","77",,"97",,"2","10080","4","0","3","270","0","250",,"240","3","290","8","2","0","5","7","0",,"8","2","0","12","2","226","1","992","114","5","1","2","1","111111","111A1111111171",,,"1","2",,,,,,,,,,,"4",
"3200560","2016-09-17T21:11:00","21.07","124.17",,,"1","4","2","5",,,,"11",,,,,,,,,,,,"8",,,,,,"9","287",,,,,,,,,,,,,"226","14","798","172","7","0",,"1","1FFFFF","1AAAAAAAA1AAAA","4",,,,,,,,,,,,,,,
"5100523","2016-09-17T21:15:00","24.34","124.19",,,"1","4","2","5",,,,"11",,,,,,,,,,,,"8",,,,,,"9","277",,,,,,,,,,,,,"226","44","798","172","7","1","2","1","1FFFFF","1AAAAAAAA1AAAA","4",,,,,,,,,,,,,,,
"3200623","2016-09-17T21:16:00","26.09","128.84",,,"1","4","2","5",,,,"11",,,,,,,,,,,,"8",,,,,,"9","295",,,,,,,,,,,,,"226","68","798","172","7","1","2","1","1FFFFF","1AAAAAAAA1AAAA","4",,,,,,,,,,,,,,,
"5100523","2016-09-17T21:17:00","24.33","124.19",,,"1","4","2","5",,,,"11",,,,,,,,,,,,"8",,,,,,"9","275",,,,,,,,,,,,,"226","44","798","172","7","1","2","1","1FFFFF","1AAAAAAAA1AAAA","4",,,,,,,,,,,,,,,
"3200623","2016-09-17T21:19:00","26.09","128.84",,,"1","4","2","5",,,,"11",,,,,,,,,,,,"8",,,,,,"9","295",,,,,,,,,,,,,"226","68","798","172","7","0",,"2","1FFFFF","1AAAAAAAA1AAAA","4",,,,,,,,,,,,,,,
"3200623","2016-09-17T21:20:00","26.09","128.84",,,"1","4","2","5",,,,"11",,,,,,,,,,,,"8",,,,,,"9","295",,,,,,,,,,,,,"226","68","798","172","7","1","2","2","1FFFFF","1AAAAAAAA1AAAA","4",,,,,,,,,,,,,,,
"3200623","2016-09-17T21:21:00","26.09","128.84",,,"1","4","2","5",,,,"11",,,,,,,,,,,,"8",,,,,,"9","295",,,,,,,,,,,,,"226","68","798","172","7","1","2","2","1FFFFF","1AAAAAAAA1AAAA","4",,,,,,,,,,,,,,,
"4300531","2016-09-17T21:21:00","21.57","129.40",,,"1","4","2","5",,,,"11",,,,,,,,,,,,"8",,,,,,"9","294",,,,,,,,,,,,,"226","19","798","172","7","0",,"2","1FFFFF","1AAAAAAAA1AAAA","4",,,,,,,,,,,,,,,
"5100523","2016-09-17T21:30:00","24.33","124.19",,,"1","4","2","5",,,,"11",,,,,,,,,,,,"8",,,,,,"9","273",,,,,,,,,,,,,"226","44","798","172","7","1","2","1","1FFFFF","1AAAAAAAA1AAAA","4",,,,,,,,,,,,,,,
"3200623","2016-09-17T21:36:00","26.10","128.85",,,"1","4","2","5",,,,"11",,,,,,,,,,,,"8",,,,,,"9","295",,,,,,,,,,,,,"226","68","798","172","7","0",,"2","1FFFFF","1AAAAAAAA1AAAA","4",,,,,,,,,,,,,,,
"4300531","2016-09-17T21:36:00","21.57","129.40",,,"1","4","2","5",,,,"11",,,,,,,,,,,,"8",,,,,,"9","296",,,,,,,,,,,,,"226","19","798","172","7","1","2","2","1FFFFF","1AAAAAAAA1AAAA","4",,,,,,,,,,,,,,,
"3200623","2016-09-17T21:37:00","26.10","128.85",,,"1","4","2","5",,,,"11",,,,,,,,,,,,"8",,,,,,"9","295",,,,,,,,,,,,,"226","68","798","172","7","1","2","2","1FFFFF","1AAAAAAAA1AAAA","4",,,,,,,,,,,,,,,
"3200560","2016-09-17T21:38:00","21.08","124.18",,,"1","4","2","5",,,,"11",,,,,,,,,,,,"8",,,,,,"9","287",,,,,,,,,,,,,"226","14","798","172","7","0",,"2","1FFFFF","1AAAAAAAA1AAAA","4",,,,,,,,,,,,,,,
"3200623","2016-09-17T21:42:00","26.10","128.85",,,"1","4","2","5",,,,"11",,,,,,,,,,,,"8",,,,,,"9","295",,,,,,,,,,,,,"226","68","798","172","7","1","2","2","1FFFFF","1AAAAAAAA1AAAA","4",,,,,,,,,,,,,,,
"3200560","2016-09-17T22:00:00","21.08","124.18",,,"1","4","2","5",,,,"11",,,,,,,,,,,,"8",,,,,,"9","287",,,,,,,,,,,,,"226","14","798","172","7","1","2","2","1FFFFF","1AAAAAAAA1AAAA","4",,,,,,,,,,,,,,,
"4300531","2016-09-17T22:00:00","21.57","129.40",,,"1","4","2","5",,,,"11",,,,,,,,,,,,"8",,,,,,"9","294",,,,,,,,,,,,,"226","19","798","172","7","1","2","2","1FFFFF","1AAAAAAAA1AAAA","4",,,,,,,,,,,,,,,
"SHIP","2016-09-17T22:00:00","21.60","122.20",,,"1","4","0","0","5","3",,"2","0","230","4","103",,"98","1","2","10059","2","14","0","270","0","260",,"257","1","280","6","4","8","6","4","5",,"3","3","23","3","3","226","12","992","114","5","1","2","2","111111","11111111111111",,,"1","2",,,,,,,,,,,"4",
"VRPY6","2016-09-17T22:00:00","20.10","121.60",,,"1","4","0","0","1","3",,"1","0","230","3","67",,"97",,"2","10080","4","0","3","270","0","250",,"240","3","290","8","2","0","5","7","0",,"8","2","0","12","2","226","1","992","114","5","1","2","2","111111","111A1111111171",,,"1","2",,,,,,,,,,,"4",
"5100523","2016-09-17T22:45:00","24.33","124.19",,,"1","4","2","5",,,,"11",,,,,,,,,,,,"8",,,,,,"9","274",,,,,,,,,,,,,"226","44","798","172","7","1","2","2","1FFFFF","1AAAAAAAA1AAAA","4",,,,,,,,,,,,,,,
"3200623","2016-09-17T22:49:00","26.10","128.88",,,"1","4","2","5",,,,"11",,,,,,,,,,,,"8",,,,,,"9","295",,,,,,,,,,,,,"226","68","798","172","7","1","2","2","1FFFFF","1AAAAAAAA1AAAA","4",,,,,,,,,,,,,,,
"3200623","2016-09-17T22:57:00","26.09","128.87",,,"1","4","2","5",,,,"11",,,,,,,,,,,,"8",,,,,,"9","295",,,,,,,,,,,,,"226","68","798","172","7","1","2","2","1FFFFF","1AAAAAAAA1AAAA","4",,,,,,,,,,,,,,,
"3200623","2016-09-17T22:58:00","26.10","128.88",,,"1","4","2","5",,,,"11",,,,,,,,,,,,"8",,,,,,"9","295",,,,,,,,,,,,,"226","68","798","172","7","1","2","2","1FFFFF","1AAAAAAAA1AAAA","4",,,,,,,,,,,,,,,
"3200560","2016-09-17T22:59:00","21.09","124.21",,,"1","4","2","5",,,,"11",,,,,,,,,,,,"8",,,,,,"9","287",,,,,,,,,,,,,"226","14","798","172","7","0",,"2","1FFFFF","1AAAAAAAA1AAAA","4",,,,,,,,,,,,,,,
"3200560","2016-09-17T23:00:00","21.09","124.21",,,"1","4","2","5",,,,"11",,,,,,,,,,,,"8",,,,,,"9","287",,,,,,,,,,,,,"226","14","798","172","7","1","2","2","1FFFFF","1AAAAAAAA1AAAA","4",,,,,,,,,,,,,,,
"4300531","2016-09-17T23:00:00","21.57","129.40",,,"1","4","2","5",,,,"11",,,,,,,,,,,,"8",,,,,,"9","295",,,,,,,,,,,,,"226","19","798","172","7","1","2","2","1FFFFF","1AAAAAAAA1AAAA","4",,,,,,,,,,,,,,,
"5100523","2016-09-17T23:00:00","24.33","124.19",,,"1","4","2","5",,,,"11",,,,,,,,,,,,"8",,,,,,"9","275",,,,,,,,,,,,,"226","44","798","172","7","1","2","2","1FFFFF","1AAAAAAAA1AAAA","4",,,,,,,,,,,,,,,
"VRPY6","2016-09-17T23:00:00","21.30","121.70",,,"1","4","0","0","1","3",,"1","0","230","3","67",,"97",,"2","10080","4","0","3","270","0","250",,"240","3","290","8","2","0","5","7","0",,"8","2","0","12","2","226","11","992","114","5","1","2","2","111111","111A1111111171",,,"1","2",,,,,,,,,,,"4",
"5100523","2016-09-17T23:15:00","24.33","124.19",,,"1","4","2","5",,,,"11",,,,,,,,,,,,"8",,,,,,"9","274",,,,,,,,,,,,,"226","44","798","172","7","1","2","2","1FFFFF","1AAAAAAAA1AAAA","4",,,,,,,,,,,,,,,
"3200623","2016-09-17T23:17:00","26.10","128.88",,,"1","4","2","5",,,,"11",,,,,,,,,,,,"8",,,,,,"9","295",,,,,,,,,,,,,"226","68","798","172","7","1","2","2","1FFFFF","1AAAAAAAA1AAAA","4",,,,,,,,,,,,,,,
"3200623","2016-09-17T23:33:00","26.09","128.87",,,"1","4","2","5",,,,"11",,,,,,,,,,,,"8",,,,,,"9","295",,,,,,,,,,,,,"226","68","798","172","7","1","2","2","1FFFFF","1AAAAAAAA1AAAA","4",,,,,,,,,,,,,,,
"3200560","2016-09-18T00:00:00","21.09","124.21",,,"1","4","2","5",,,,"11",,,,,,,,,,,,"8",,,,,,"9","287",,,,,,,,,,,,,"226","14","798","172","7","1","2","2","1FFFFF","1AAAAAAAA1AAAA","4",,,,,,,,,,,,,,,
"4300531","2016-09-18T00:00:00","21.56","129.38",,,"1","4","2","5",,,,"11",,,,,,,,,,,,"8",,,,,,"9","295",,,,,,,,,,,,,"226","19","798","172","7","1","2","2","1FFFFF","1AAAAAAAA1AAAA","4",,,,,,,,,,,,,,,
"VRPY6","2016-09-18T00:00:00","21.50","121.80",,,"1","4","0","0","1","3",,"1","0","250","3","98",,"97",,"2","10090","2","10","3","270","0","250",,"240","3","290","8","2","0","5","7","0",,"8","2","0","12","2","226","11","992","114","5","1","2","2","111111","111A1111111171",,,"1","2",,,,,,,,,,,"4",
"3200623","2016-09-18T00:23:00","26.11","128.88",,,"1","4","2","5",,,,"11",,,,,,,,,,,,"8",,,,,,"9","295",,,,,,,,,,,,,"226","68","798","172","7","0",,"2","1FFFFF","1AAAAAAAA1AAAA","4",,,,,,,,,,,,,,,
"3200623","2016-09-18T00:24:00","26.11","128.88",,,"1","4","2","5",,,,"11",,,,,,,,,,,,"8",,,,,,"9","295",,,,,,,,,,,,,"226","68","798","172","7","1","2","2","1FFFFF","1AAAAAAAA1AAAA","4",,,,,,,,,,,,,,,
"4300531","2016-09-18T00:25:00","21.56","129.38",,,"1","4","2","5",,,,"11",,,,,,,,,,,,"8",,,,,,"9","297",,,,,,,,,,,,,"226","19","798","172","7","1","2","2","1FFFFF","1AAAAAAAA1AAAA","4",,,,,,,,,,,,,,,
"3200560","2016-09-18T01:00:00","21.10","124.25",,,"1","4","2","5",,,,"11",,,,,,,,,,,,"8",,,,,,"9","287",,,,,,,,,,,,,"226","14","798","172","7","1","2","2","1FFFFF","1AAAAAAAA1AAAA","4",,,,,,,,,,,,,,,
"4300531","2016-09-18T01:00:00","21.57","129.40",,,"1","4","2","5",,,,"11",,,,,,,,,,,,"8",,,,,,"9","296",,,,,,,,,,,,,"226","19","798","172","7","1","2","2","1FFFFF","1AAAAAAAA1AAAA","4",,,,,,,,,,,,,,,
"5100523","2016-09-18T01:00:00","24.33","124.19",,,"1","4","2","5",,,,"11",,,,,,,,,,,,"8",,,,,,"9","262",,,,,,,,,,,,,"226","44","798","172","7","1","2","2","1FFFFF","1AAAAAAAA1AAAA","4",,,,,,,,,,,,,,,
"VRPY6","2016-09-18T01:00:00","21.60","121.90",,,"1","4","0","0","1","3",,"1","0","250","3","82",,"97",,"2","10090","4","0","3","270","0","250",,"240","3","290","8","2","0","5","7","0",,"8","2","0","12","2","226","11","992","114","5","1","2","2","111111","111A1111111171",,,"1","2",,,,,,,,,,,"4",
"3200560","2016-09-18T01:10:00","21.10","124.25",,,"1","4","2","5",,,,"11",,,,,,,,,,,,"8",,,,,,"9","287",,,,,,,,,,,,,"226","14","798","172","7","0",,"2","1FFFFF","1AAAAAAAA1AAAA","4",,,,,,,,,,,,,,,
"3200623","2016-09-18T01:14:00","26.12","128.90",,,"1","4","2","5",,,,"11",,,,,,,,,,,,"8",,,,,,"9","295",,,,,,,,,,,,,"226","68","798","172","7","1","2","2","1FFFFF","1AAAAAAAA1AAAA","4",,,,,,,,,,,,,,,
"5100523","2016-09-18T01:15:00","24.33","124.19",,,"1","4","2","5",,,,"11",,,,,,,,,,,,"8",,,,,,"9","261",,,,,,,,,,,,,"226","44","798","172","7","1","2","2","1FFFFF","1AAAAAAAA1AAAA","4",,,,,,,,,,,,,,,
"3200623","2016-09-18T01:17:00","26.12","128.90",,,"1","4","2","5",,,,"11",,,,,,,,,,,,"8",,,,,,"9","295",,,,,,,,,,,,,"226","68","798","172","7","1","2","2","1FFFFF","1AAAAAAAA1AAAA","4",,,,,,,,,,,,,,,
"3200560","2016-09-18T02:00:00","21.09","124.21",,,"1","4","2","5",,,,"11",,,,,,,,,,,,"8",,,,,,"9","287",,,,,,,,,,,,,"226","14","798","172","7","1","2","2","1FFFFF","1AAAAAAAA1AAAA","4",,,,,,,,,,,,,,,
"4300531","2016-09-18T02:00:00","21.56","129.38",,,"1","4","2","5",,,,"11",,,,,,,,,,,,"8",,,,,,"9","297",,,,,,,,,,,,,"226","19","798","172","7","1","2","2","1FFFFF","1AAAAAAAA1AAAA","4",,,,,,,,,,,,,,,
"5100523","2016-09-18T02:00:00","24.33","124.19",,,"1","4","2","5",,,,"11",,,,,,,,,,,,"8",,,,,,"9","275",,,,,,,,,,,,,"226","44","798","172","7","0",,"2","1FFFFF","1AAAAAAAA1AAAA","4",,,,,,,,,,,,,,,
"VRPY6","2016-09-18T02:00:00","21.80","122.00",,,"1","4","0","0","1","3",,"1","0","250","3","77",,"97",,"2","10090","4","0","3","290","0","270",,"260","3","290","6","2","6","5","9","0",,"8","2","0","12","2","226","12","992","114","5","1","2","2","111111","111A1111111171",,,"1","2",,,,,,,,,,,"4",
"3200560","2016-09-18T02:03:00","21.10","124.28",,,"1","4","2","5",,,,"11",,,,,,,,,,,,"8",,,,,,"9","287",,,,,,,,,,,,,"226","14","798","172","7","0",,"2","1FFFFF","1AAAAAAAA1AAAA","4",,,,,,,,,,,,,,,
"3200623","2016-09-18T02:03:00","26.12","128.90",,,"1","4","2","5",,,,"11",,,,,,,,,,,,"8",,,,,,"9","296",,,,,,,,,,,,,"226","68","798","172","7","1","2","2","1FFFFF","1AAAAAAAA1AAAA","4",,,,,,,,,,,,,,,
"4300531","2016-09-18T02:03:00","21.57","129.36",,,"1","4","2","5",,,,"11",,,,,,,,,,,,"8",,,,,,"9","297",,,,,,,,,,,,,"226","19","798","172","7","0",,"2","1FFFFF","1AAAAAAAA1AAAA","4",,,,,,,,,,,,,,,
"3200623","2016-09-18T02:06:00","26.12","128.90",,,"1","4","2","5",,,,"11",,,,,,,,,,,,"8",,,,,,"9","295",,,,,,,,,,,,,"226","68","798","172","7","1","2","2","1FFFFF","1AAAAAAAA1AAAA","4",,,,,,,,,,,,,,,
"5100523","2016-09-18T02:06:00","24.33","124.19",,,"1","4","2","5",,,,"11",,,,,,,,,,,,"8",,,,,,"9","283",,,,,,,,,,,,,"226","44","798","172","7","1","2","2","1FFFFF","1AAAAAAAA1AAAA","4",,,,,,,,,,,,,,,
"5100523","2016-09-18T02:45:00","24.33","124.19",,,"1","4","2","5",,,,"11",,,,,,,,,,,,"8",,,,,,"9","283",,,,,,,,,,,,,"226","44","798","172","7","1","2","2","1FFFFF","1AAAAAAAA1AAAA","4",,,,,,,,,,,,,,,
"3200623","2016-09-18T02:50:00","26.12","128.90",,,"1","4","2","5",,,,"11",,,,,,,,,,,,"8",,,,,,"9","296",,,,,,,,,,,,,"226","68","798","172","7","1","2","2","1FFFFF","1AAAAAAAA1AAAA","4",,,,,,,,,,,,,,,
"3200560","2016-09-18T03:00:00","21.10","124.28",,,"1","4","2","5",,,,"11",,,,,,,,,,,,"8",,,,,,"9","287",,,,,,,,,,,,,"226","14","798","172","7","1","2","2","1FFFFF","1AAAAAAAA1AAAA","4",,,,,,,,,,,,,,,
"4300531","2016-09-18T03:00:00","21.57","129.36",,,"1","4","2","5",,,,"11",,,,,,,,,,,,"8",,,,,,"9","297",,,,,,,,,,,,,"226","19","798","172","7","1","2","2","1FFFFF","1AAAAAAAA1AAAA","4",,,,,,,,,,,,,,,
"VRPY6","2016-09-18T03:00:00","21.90","122.10",,,"1","4","0","0","1","3",,"1","0","260","3","72",,"97",,"2","10090","4","0","3","290","0","270",,"260","3","290","6","2","6","5","9","0",,"8","2","0","12","2","226","12","992","114","5","1","2","2","111111","111A1111111171",,,"1","2",,,,,,,,,,,"4",
"3200560","2016-09-18T04:00:00","21.10","124.28",,,"1","4","2","5",,,,"11",,,,,,,,,,,,"8",,,,,,"9","287",,,,,,,,,,,,,"226","14","798","172","7","0",,"2","1FFFFF","1AAAAAAAA1AAAA","4",,,,,,,,,,,,,,,
"4300531","2016-09-18T04:00:00","21.60","129.34",,,"1","4","2","5",,,,"11",,,,,,,,,,,,"8",,,,,,"9","298",,,,,,,,,,,,,"226","19","798","172","7","1","2","2","1FFFFF","1AAAAAAAA1AAAA","4",,,,,,,,,,,,,,,
"9HIY9","2016-09-18T04:00:00","22.70","126.60",,,"1","4","0","0","1","2",,"1","0","180","4","103",,"96",,,"10080","4","0","0","300","0","270",,"260","1","300","8","8","7","3","2","2",,"7","5",,"7","5","226","26","992","114","5","1","2","2","111111","111AA111111171",,,"1",,,"8","4",,,,,,,,"4",
"VRPY6","2016-09-18T04:00:00","22.10","122.20",,,"1","4","0","0","1","3",,"1","0","260","3","57",,"97",,"2","10090","4","0","3","300","0","270",,"260","3","280","5","2","4","5","3","0",,"8","2","0","12","4","226","22","992","114","5","1","2","2","111111","111A1111111171",,,"1","2",,,,,,,,,,,"4",
"5100523","2016-09-18T04:30:00","24.33","124.19",,,"1","4","2","5",,,,"11",,,,,,,,,,,,"8",,,,,,"9","279",,,,,,,,,,,,,"226","44","798","172","7","1","2","2","1FFFFF","1AAAAAAAA1AAAA","4",,,,,,,,,,,,,,,
"3200623","2016-09-18T04:43:00","26.17","128.94",,,"1","4","2","5",,,,"11",,,,,,,,,,,,"8",,,,,,"9","296",,,,,,,,,,,,,"226","68","798","172","7","1","2","2","1FFFFF","1AAAAAAAA1AAAA","4",,,,,,,,,,,,,,,
"4300531","2016-09-18T04:43:00","21.60","129.34",,,"1","4","2","5",,,,"11",,,,,,,,,,,,"8",,,,,,"9","299",,,,,,,,,,,,,"226","19","798","172","7","1","2","2","1FFFFF","1AAAAAAAA1AAAA","4",,,,,,,,,,,,,,,
"3200623","2016-09-18T04:44:00","26.17","128.94",,,"1","4","2","5",,,,"11",,,,,,,,,,,,"8",,,,,,"9","296",,,,,,,,,,,,,"226","68","798","172","7","1","2","2","1FFFFF","1AAAAAAAA1AAAA","4",,,,,,,,,,,,,,,
"3200623","2016-09-18T04:50:00","26.17","128.94",,,"1","4","2","5",,,,"11",,,,,,,,,,,,"8",,,,,,"9","296",,,,,,,,,,,,,"226","68","798","172","7","1","2","2","1FFFFF","1AAAAAAAA1AAAA","4",,,,,,,,,,,,,,,
"3200560","2016-09-18T05:00:00","21.12","124.39",,,"1","4","2","5",,,,"11",,,,,,,,,,,,"8",,,,,,"9","287",,,,,,,,,,,,,"226","14","798","172","7","0",,"2","1FFFFF","1AAAAAAAA1AAAA","4",,,,,,,,,,,,,,,
"4300531","2016-09-18T05:00:00","21.60","129.34",,,"1","4","2","5",,,,"11",,,,,,,,,,,,"8",,,,,,"9","299",,,,,,,,,,,,,"226","19","798","172","7","0",,"2","1FFFFF","1AAAAAAAA1AAAA","4",,,,,,,,,,,,,,,
"VRPY6","2016-09-18T05:00:00","22.30","122.30",,,"1","4","0","0","8","3",,"1","0","200","3","41",,"96","2","2","10090","4","0","3","300","0","270",,"260","3","270","6","6","3","6","7","A",,"8","2","0","12","4","226","22","992","114","5","1","2","2","111111","11141111111171",,,"1","2",,,,,,,,,,,"4",
"3200560","2016-09-18T06:00:00","21.10","124.28",,,"1","4","2","5",,,,"11",,,,,,,,,,,,"8",,,,,,"9","287",,,,,,,,,,,,,"226","14","798","172","7","1","2","2","1FFFFF","1AAAAAAAA1AAAA","4",,,,,,,,,,,,,,,
"4300531","2016-09-18T06:00:00","21.62","129.33",,,"1","4","2","5",,,,"11",,,,,,,,,,,,"8",,,,,,"9","299",,,,,,,,,,,,,"226","19","798","172","7","0",,"2","1FFFFF","1AAAAAAAA1AAAA","4",,,,,,,,,,,,,,,
"VRPY6","2016-09-18T06:00:00","22.50","122.40",,,"1","4","0","0","8","3",,"1","0","200","3","41",,"96","2","2","10090","4","0","3","300","0","270",,"260","3","270","6","6","3","6","7","A",,"8","2","0","12","4","226","22","992","114","5","1","2","2","111111","11141111111171",,,"1","2",,,,,,,,,,,"4",
"VRPY7","2016-09-18T06:00:00","25.50","129.30",,,"1","4","0","0","3","3",,"1","0","200","4","93",,,,,"10090","4","0","0","300","0","270",,"260",,,"4","3","6","1","3","4",,"10","5",,"8","4","226","59","992","114","5","1","2","2","F11111","11AAA1111A1171",,,"1",,,,,,,,,,,,"4",
"5100523","2016-09-18T06:15:00","24.33","124.19",,,"1","4","2","5",,,,"11",,,,,,,,,,,,"8",,,,,,"9","279",,,,,,,,,,,,,"226","44","798","172","7","1","2","2","1FFFFF","1AAAAAAAA1AAAA","4",,,,,,,,,,,,,,,
"3200623","2016-09-18T06:20:00","26.17","128.94",,,"1","4","2","5",,,,"11",,,,,,,,,,,,"8",,,,,,"9","296",,,,,,,,,,,,,"226","68","798","172","7","1","2","2","1FFFFF","1AAAAAAAA1AAAA","4",,,,,,,,,,,,,,,
"5100523","2016-09-18T06:20:00","24.33","124.19",,,"1","4","2","5",,,,"11",,,,,,,,,,,,"8",,,,,,"9","279",,,,,,,,,,,,,"226","44","798","172","7","1","2","2","1FFFFF","1AAAAAAAA1AAAA","4",,,,,,,,,,,,,,,
"3200560","2016-09-18T06:21:00","21.12","124.39",,,"1","4","2","5",,,,"11",,,,,,,,,,,,"8",,,,,,"9","287",,,,,,,,,,,,,"226","14","798","172","7","1","2","2","1FFFFF","1AAAAAAAA1AAAA","4",,,,,,,,,,,,,,,
"3200623","2016-09-18T06:21:00","26.19","128.98",,,"1","4","2","5",,,,"11",,,,,,,,,,,,"8",,,,,,"9","296",,,,,,,,,,,,,"226","68","798","172","7","1","2","2","1FFFFF","1AAAAAAAA1AAAA","4",,,,,,,,,,,,,,,
"4300531","2016-09-18T06:21:00","21.62","129.33",,,"1","4","2","5",,,,"11",,,,,,,,,,,,"8",,,,,,"9","299",,,,,,,,,,,,,"226","19","798","172","7","1","2","2","1FFFFF","1AAAAAAAA1AAAA","4",,,,,,,,,,,,,,,
"3200623","2016-09-18T06:25:00","26.19","128.98",,,"1","4","2","5",,,,"11",,,,,,,,,,,,"8",,,,,,"9","296",,,,,,,,,,,,,"226","68","798","172","7","0",,"2","1FFFFF","1AAAAAAAA1AAAA","4",,,,,,,,,,,,,,,
"3200623","2016-09-18T06:30:00","26.19","128.97",,,"1","4","2","5",,,,"11",,,,,,,,,,,,"8",,,,,,"9","296",,,,,,,,,,,,,"226","68","798","172","7","1","2","2","1FFFFF","1AAAAAAAA1AAAA","4",,,,,,,,,,,,,,,
"3200560","2016-09-18T07:00:00","21.12","124.39",,,"1","4","2","5",,,,"11",,,,,,,,,,,,"8",,,,,,"9","287",,,,,,,,,,,,,"226","14","798","172","7","1","2","2","1FFFFF","1AAAAAAAA1AAAA","4",,,,,,,,,,,,,,,
"4300531","2016-09-18T07:00:00","21.62","129.33",,,"1","4","2","5",,,,"11",,,,,,,,,,,,"8",,,,,,"9","299",,,,,,,,,,,,,"226","19","798","172","7","1","2","2","1FFFFF","1AAAAAAAA1AAAA","4",,,,,,,,,,,,,,,
"VRPY6","2016-09-18T07:00:00","22.60","122.50",,,"1","4","0","0","8","3",,"1","0","70","3","98",,"96","3","2","10090","4","0","3","300","0","270",,"260","3","270","8","8","9","6","7","A",,"8","2","0","12","4","226","22","992","114","5","1","2","2","111111","11141111111171",,,"1","2",,,,,,,,,,,"4",
"3200623","2016-09-18T07:49:00","26.19","128.97",,,"1","4","2","5",,,,"11",,,,,,,,,,,,"8",,,,,,"9","296",,,,,,,,,,,,,"226","68","798","172","7","1","2","2","1FFFFF","1AAAAAAAA1AAAA","4",,,,,,,,,,,,,,,
"3200560","2016-09-18T08:00:00","21.12","124.45",,,"1","4","2","5",,,,"11",,,,,,,,,,,,"8",,,,,,"9","287",,,,,,,,,,,,,"226","14","798","172","7","1","2","2","1FFFFF","1AAAAAAAA1AAAA","4",,,,,,,,,,,,,,,
"4300531","2016-09-18T08:00:00","21.62","129.33",,,"1","4","2","5",,,,"11",,,,,,,,,,,,"8",,,,,,"9","297",,,,,,,,,,,,,"226","19","798","172","7","1","2","2","1FFFFF","1AAAAAAAA1AAAA","4",,,,,,,,,,,,,,,
"VRPY6","2016-09-18T08:00:00","22.80","122.60",,,"1","4","0","0","8","3",,"1","0","80","3","87",,"96","3","2","10090","4","0","3","270","0","250",,"240","3","270","8","8","9","6","7","A",,"8","2","0","12","4","226","22","992","114","5","1","2","2","111111","11141111111171",,,"1","2",,,,,,,,,,,"4",
"VRPY7","2016-09-18T08:00:00","25.30","128.90",,,"1","4","0","0","5","3",,"1","0","220","4","98",,"96","2","2","10100","5","10","0","290","0","270",,"263",,,"6","6","9","6","6","5",,"10","5",,"10","5","226","58","992","114","5","1","2","2","F11111","111411111A1171",,,"1","2",,"8","4",,,,,,,,"4",
"5100523","2016-09-18T08:15:00","24.33","124.19",,,"1","4","2","5",,,,"11",,,,,,,,,,,,"8",,,,,,"9","279",,,,,,,,,,,,,"226","44","798","172","7","1","2","2","1FFFFF","1AAAAAAAA1AAAA","4",,,,,,,,,,,,,,,
"3200560","2016-09-18T08:29:00","21.12","124.45",,,"1","4","2","5",,,,"11",,,,,,,,,,,,"8",,,,,,"9","287",,,,,,,,,,,,,"226","14","798","172","7","0",,"2","1FFFFF","1AAAAAAAA1AAAA","4",,,,,,,,,,,,,,,
"3200623","2016-09-18T08:29:00","26.22","129.02",,,"1","4","2","5",,,,"11",,,,,,,,,,,,"8",,,,,,"9","296",,,,,,,,,,,,,"226","69","798","172","7","0",,"2","1FFFFF","1AAAAAAAA1AAAA","4",,,,,,,,,,,,,,,
"3200623","2016-09-18T08:30:00","26.22","129.02",,,"1","4","2","5",,,,"11",,,,,,,,,,,,"8",,,,,,"9","296",,,,,,,,,,,,,"226","69","798","172","7","1","2","2","1FFFFF","1AAAAAAAA1AAAA","4",,,,,,,,,,,,,,,
"5100523","2016-09-18T08:30:00","24.33","124.19",,,"1","4","2","5",,,,"11",,,,,,,,,,,,"8",,,,,,"9","278",,,,,,,,,,,,,"226","44","798","172","7","1","2","2","1FFFFF","1AAAAAAAA1AAAA","4",,,,,,,,,,,,,,,
"5100523","2016-09-18T08:45:00","24.33","124.19",,,"1","4","2","5",,,,"11",,,,,,,,,,,,"8",,,,,,"9","267",,,,,,,,,,,,,"226","44","798","172","7","1","2","2","1FFFFF","1AAAAAAAA1AAAA","4",,,,,,,,,,,,,,,
"3200623","2016-09-18T08:49:00","26.22","129.03",,,"1","4","2","5",,,,"11",,,,,,,,,,,,"8",,,,,,"9","295",,,,,,,,,,,,,"226","69","798","172","7","0",,"2","1FFFFF","1AAAAAAAA1AAAA","4",,,,,,,,,,,,,,,
"4300531","2016-09-18T08:50:00","21.66","129.30",,,"1","4","2","5",,,,"11",,,,,,,,,,,,"8",,,,,,"9","297",,,,,,,,,,,,,"226","19","798","172","7","0",,"2","1FFFFF","1AAAAAAAA1AAAA","4",,,,,,,,,,,,,,,
"3200560","2016-09-18T08:53:00","21.12","124.46",,,"1","4","2","5",,,,"11",,,,,,,,,,,,"8",,,,,,"9","287",,,,,,,,,,,,,"226","14","798","172","7","0",,"2","1FFFFF","1AAAAAAAA1AAAA","4",,,,,,,,,,,,,,,
"5100523","2016-09-18T08:54:00","24.34","124.19",,,"1","4","2","5",,,,"11",,,,,,,,,,,,"8",,,,,,"9","261",,,,,,,,,,,,,"226","44","798","172","7","1","2","2","1FFFFF","1AAAAAAAA1AAAA","4",,,,,,,,,,,,,,,
"3200623","2016-09-18T08:55:00","26.22","129.03",,,"1","4","2","5",,,,"11",,,,,,,,,,,,"8",,,,,,"9","295",,,,,,,,,,,,,"226","69","798","172","7","1","2","2","1FFFFF","1AAAAAAAA1AAAA","4",,,,,,,,,,,,,,,
"3200560","2016-09-18T09:00:00","21.12","124.46",,,"1","4","2","5",,,,"11",,,,,,,,,,,,"8",,,,,,"9","287",,,,,,,,,,,,,"226","14","798","172","7","1","2","2","1FFFFF","1AAAAAAAA1AAAA","4",,,,,,,,,,,,,,,
"4300531","2016-09-18T09:00:00","21.66","129.30",,,"1","4","2","5",,,,"11",,,,,,,,,,,,"8",,,,,,"9","297",,,,,,,,,,,,,"226","19","798","172","7","1","2","2","1FFFFF","1AAAAAAAA1AAAA","4",,,,,,,,,,,,,,,
"VRPY6","2016-09-18T09:00:00","23.00","122.70",,,"1","4","0","0","8","3",,"1","0","80","3","98",,"98","2","2","10090","4","0","3","280","0","250",,"240","3","280","7","3","4","4","7","A",,"10","2","0","12","4","226","32","992","114","5","1","2","2","111111","11111111111171",,,"1","2",,,,,,,,,,,"4",
"5100523","2016-09-18T09:15:00","24.34","124.19",,,"1","4","2","5",,,,"11",,,,,,,,,,,,"8",,,,,,"9","261",,,,,,,,,,,,,"226","44","798","172","7","1","2","2","1FFFFF","1AAAAAAAA1AAAA","4",,,,,,,,,,,,,,,
"3200623","2016-09-18T09:28:00","26.23","129.05",,,"1","4","2","5",,,,"11",,,,,,,,,,,,"8",,,,,,"9","295",,,,,,,,,,,,,"226","69","798","172","7","0",,"2","1FFFFF","1AAAAAAAA1AAAA","4",,,,,,,,,,,,,,,
"5100523","2016-09-18T09:30:00","24.33","124.19",,,"1","4","2","5",,,,"11",,,,,,,,,,,,"8",,,,,,"9","259",,,,,,,,,,,,,"226","44","798","172","7","1","2","2","1FFFFF","1AAAAAAAA1AAAA","4",,,,,,,,,,,,,,,
"3200623","2016-09-18T09:35:00","26.23","129.05",,,"1","4","2","5",,,,"11",,,,,,,,,,,,"8",,,,,,"9","295",,,,,,,,,,,,,"226","69","798","172","7","1","2","1","1FFFFF","1AAAAAAAA1AAAA","4",,,,,,,,,,,,,,,
"3200560","2016-09-18T10:00:00","21.11","124.50",,,"1","4","2","5",,,,"11",,,,,,,,,,,,"8",,,,,,"9","287",,,,,,,,,,,,,"226","14","798","172","7","1","2","1","1FFFFF","1AAAAAAAA1AAAA","4",,,,,,,,,,,,,,,
"4300531","2016-09-18T10:00:00","21.68","129.29",,,"1","4","2","5",,,,"11",,,,,,,,,,,,"8",,,,,,"9","297",,,,,,,,,,,,,"226","19","798","172","7","1","2","1","1FFFFF","1AAAAAAAA1AAAA","4",,,,,,,,,,,,,,,
"5100523","2016-09-18T10:00:00","24.34","124.19",,,"1","4","2","5",,,,"11",,,,,,,,,,,,"8",,,,,,"9","258",,,,,,,,,,,,,"226","44","798","172","7","1","2","1","1FFFFF","1AAAAAAAA1AAAA","4",,,,,,,,,,,,,,,
"VRPY6","2016-09-18T10:00:00","23.10","122.80",,,"1","4","0","0","8","3",,"1","0","50","3","98",,"98","2","2","10090","4","0","3","270","0","240",,"230","3","280","7","3","4","4","7","A",,"10","2","0","12","4","226","32","992","114","5","1","2","1","111111","11111111111171",,,"1","2",,,,,,,,,,,"4",
"3200623","2016-09-18T10:05:00","26.24","129.06",,,"1","4","2","5",,,,"11",,,,,,,,,,,,"8",,,,,,"9","295",,,,,,,,,,,,,"226","69","798","172","7","0",,"1","1FFFFF","1AAAAAAAA1AAAA","4",,,,,,,,,,,,,,,
"5100523","2016-09-18T10:05:00","24.33","124.19",,,"1","4","2","5",,,,"11",,,,,,,,,,,,"8",,,,,,"9","259",,,,,,,,,,,,,"226","44","798","172","7","1","2","1","1FFFFF","1AAAAAAAA1AAAA","4",,,,,,,,,,,,,,,
"4300531","2016-09-18T10:09:00","21.68","129.29",,,"1","4","2","5",,,,"11",,,,,,,,,,,,"8",,,,,,"9","297",,,,,,,,,,,,,"226","19","798","172","7","0",,"1","1FFFFF","1AAAAAAAA1AAAA","4",,,,,,,,,,,,,,,
"3200560","2016-09-18T10:11:00","21.11","124.50",,,"1","4","2","5",,,,"11",,,,,,,,,,,,"8",,,,,,"9","287",,,,,,,,,,,,,"226","14","798","172","7","0",,"1","1FFFFF","1AAAAAAAA1AAAA","4",,,,,,,,,,,,,,,
"3200623","2016-09-18T10:14:00","26.24","129.06",,,"1","4","2","5",,,,"11",,,,,,,,,,,,"8",,,,,,"9","295",,,,,,,,,,,,,"226","69","798","172","7","1","2","1","1FFFFF","1AAAAAAAA1AAAA","4",,,,,,,,,,,,,,,
"5100523","2016-09-18T10:30:00","24.33","124.19",,,"1","4","2","5",,,,"11",,,,,,,,,,,,"8",,,,,,"9","257",,,,,,,,,,,,,"226","44","798","172","7","1","2","1","1FFFFF","1AAAAAAAA1AAAA","4",,,,,,,,,,,,,,,
"3200623","2016-09-18T10:37:00","26.24","129.07",,,"1","4","2","5",,,,"11",,,,,,,,,,,,"8",,,,,,"9","295",,,,,,,,,,,,,"226","69","798","172","7","0",,"1","1FFFFF","1AAAAAAAA1AAAA","4",,,,,,,,,,,,,,,
"3200623","2016-09-18T10:39:00","26.24","129.07",,,"1","4","2","5",,,,"11",,,,,,,,,,,,"8",,,,,,"9","295",,,,,,,,,,,,,"226","69","798","172","7","1","2","1","1FFFFF","1AAAAAAAA1AAAA","4",,,,,,,,,,,,,,,
"3200623","2016-09-18T10:46:00","26.24","129.08",,,"1","4","2","5",,,,"11",,,,,,,,,,,,"8",,,,,,"9","295",,,,,,,,,,,,,"226","69","798","172","7","0",,"1","1FFFFF","1AAAAAAAA1AAAA","4",,,,,,,,,,,,,,,
"3200623","2016-09-18T10:48:00","26.24","129.08",,,"1","4","2","5",,,,"11",,,,,,,,,,,,"8",,,,,,"9","295",,,,,,,,,,,,,"226","69","798","172","7","1","2","1","1FFFFF","1AAAAAAAA1AAAA","4",,,,,,,,,,,,,,,
"3200560","2016-09-18T11:00:00","21.11","124.53",,,"1","4","2","5",,,,"11",,,,,,,,,,,,"8",,,,,,"9","287",,,,,,,,,,,,,"226","14","798","172","7","1","2","1","1FFFFF","1AAAAAAAA1AAAA","4",,,,,,,,,,,,,,,
"4300531","2016-09-18T11:00:00","21.68","129.29",,,"1","4","2","5",,,,"11",,,,,,,,,,,,"8",,,,,,"9","297",,,,,,,,,,,,,"226","19","798","172","7","1","2","1","1FFFFF","1AAAAAAAA1AAAA","4",,,,,,,,,,,,,,,
"5100523","2016-09-18T11:00:00","24.33","124.19",,,"1","4","2","5",,,,"11",,,,,,,,,,,,"8",,,,,,"9","256",,,,,,,,,,,,,"226","44","798","172","7","1","2","1","1FFFFF","1AAAAAAAA1AAAA","4",,,,,,,,,,,,,,,
"VRPY6","2016-09-18T11:00:00","23.30","122.80",,,"1","4","0","0","8","3",,"1","0","50","3","103",,"98","2","2","10090","4","0","3","270","0","240",,"230","3","280","7","3","4","4","7","A",,"10","2","0","12","4","226","32","992","114","5","1","2","1","111111","11111111111171",,,"1","2",,,,,,,,,,,"4",
"VRPY7","2016-09-18T11:00:00","24.90","128.20",,,"1","4","0","0","5","3",,"1","0","220","4","108",,"97","2","2","10100","5","0","0","290","0","270",,"263",,,"6","6","9","6","7","2",,,,"23","14","5","226","48","992","114","5","1","2","1","F11111","111111111A1A11",,,"1","2",,,,,,,,,,,"4",
"3200623","2016-09-18T11:12:00","26.25","129.08",,,"1","4","2","5",,,,"11",,,,,,,,,,,,"8",,,,,,"9","295",,,,,,,,,,,,,"226","69","798","172","7","1","2","1","1FFFFF","1AAAAAAAA1AAAA","4",,,,,,,,,,,,,,,
"5100523","2016-09-18T11:30:00","24.33","124.19",,,"1","4","2","5",,,,"11",,,,,,,,,,,,"8",,,,,,"9","255",,,,,,,,,,,,,"226","44","798","172","7","1","2","1","1FFFFF","1AAAAAAAA1AAAA","4",,,,,,,,,,,,,,,
"4300531","2016-09-18T11:37:00","21.71","129.28",,,"1","4","2","5",,,,"11",,,,,,,,,,,,"8",,,,,,"9","296",,,,,,,,,,,,,"226","19","798","172","7","0",,"1","1FFFFF","1AAAAAAAA1AAAA","4",,,,,,,,,,,,,,,
"3200623","2016-09-18T11:42:00","26.25","129.09",,,"1","4","2","5",,,,"11",,,,,,,,,,,,"8",,,,,,"9","295",,,,,,,,,,,,,"226","69","798","172","7","1","2","1","1FFFFF","1AAAAAAAA1AAAA","4",,,,,,,,,,,,,,,
"3200560","2016-09-18T12:00:00","21.07","124.56",,,"1","4","2","5",,,,"11",,,,,,,,,,,,"8",,,,,,"9","287",,,,,,,,,,,,,"226","14","798","172","7","1","2","1","1FFFFF","1AAAAAAAA1AAAA","4",,,,,,,,,,,,,,,
"4300531","2016-09-18T12:00:00","21.71","129.28",,,"1","4","2","5",,,,"11",,,,,,,,,,,,"8",,,,,,"9","296",,,,,,,,,,,,,"226","19","798","172","7","1","2","1","1FFFFF","1AAAAAAAA1AAAA","4",,,,,,,,,,,,,,,
"VRPY6","2016-09-18T12:00:00","23.50","122.90",,,"1","4","0","0","8","3",,"1","0","50","3","103",,"98","2","2","10090","4","0","3","270","0","230",,"210","3","280","7","3","4","4","7","A",,"10","2","0","12","4","226","32","992","114","5","1","2","1","111111","11111111111171",,,"1","2",,,,,,,,,,,"4",
"VRWN4","2016-09-18T12:00:00","28.90","122.40",,,"1","4","0","0","8","3",,"1","0","10","4","206",,"97","2",,"10069","4","0","0","250","0","230",,"220","1","270",,,,"A",,,,"8","8",,,,"226","82","992","114","5","1","2","1","111211","1111A1111181A1",,,"1",,,,,,,,,,,,"4",
"5100523","2016-09-18T12:15:00","24.34","124.20",,,"1","4","2","5",,,,"11",,,,,,,,,,,,"8",,,,,,"9","252",,,,,,,,,,,,,"226","44","798","172","7","1","2","1","1FFFFF","1AAAAAAAA1AAAA","4",,,,,,,,,,,,,,,
"3200560","2016-09-18T12:24:00","21.07","124.56",,,"1","4","2","5",,,,"11",,,,,,,,,,,,"8",,,,,,"9","287",,,,,,,,,,,,,"226","14","798","172","7","0",,"1","1FFFFF","1AAAAAAAA1AAAA","4",,,,,,,,,,,,,,,
"5100523","2016-09-18T12:24:00","24.34","124.20",,,"1","4","2","5",,,,"11",,,,,,,,,,,,"8",,,,,,"9","252",,,,,,,,,,,,,"226","44","798","172","7","0",,"1","1FFFFF","1AAAAAAAA1AAAA","4",,,,,,,,,,,,,,,
"3200623","2016-09-18T12:25:00","26.25","129.11",,,"1","4","2","5",,,,"11",,,,,,,,,,,,"8",,,,,,"9","295",,,,,,,,,,,,,"226","69","798","172","7","1","2","1","1FFFFF","1AAAAAAAA1AAAA","4",,,,,,,,,,,,,,,
"4300531","2016-09-18T12:27:00","21.73","129.27",,,"1","4","2","5",,,,"11",,,,,,,,,,,,"8",,,,,,"9","296",,,,,,,,,,,,,"226","19","798","172","7","0",,"1","1FFFFF","1AAAAAAAA1AAAA","4",,,,,,,,,,,,,,,
"3200623","2016-09-18T12:28:00","26.25","129.11",,,"1","4","2","5",,,,"11",,,,,,,,,,,,"8",,,,,,"9","295",,,,,,,,,,,,,"226","69","798","172","7","1","2","1","1FFFFF","1AAAAAAAA1AAAA","4",,,,,,,,,,,,,,,
"3200560","2016-09-18T13:00:00","21.06","124.57",,,"1","4","2","5",,,,"11",,,,,,,,,,,,"8",,,,,,"9","287",,,,,,,,,,,,,"226","14","798","172","7","1","2","1","1FFFFF","1AAAAAAAA1AAAA","4",,,,,,,,,,,,,,,
"4300531","2016-09-18T13:00:00","21.73","129.27",,,"1","4","2","5",,,,"11",,,,,,,,,,,,"8",,,,,,"9","296",,,,,,,,,,,,,"226","19","798","172","7","1","2","1","1FFFFF","1AAAAAAAA1AAAA","4",,,,,,,,,,,,,,,
"VRPY6","2016-09-18T13:00:00","23.60","123.00",,,"1","4","0","0","8","3",,"1","0","40","3","93",,"98","2","2","10100","2","10","3","270","0","230",,"210","3","280","8","2","4","4","7","A",,"10","2","0","12","4","226","33","992","114","5","1","2","1","111111","11111111111171",,,"1","2",,,,,,,,,,,"4",
"5100523","2016-09-18T13:13:00","24.33","124.19",,,"1","4","2","5",,,,"11",,,,,,,,,,,,"8",,,,,,"9","250",,,,,,,,,,,,,"226","44","798","172","7","1","2","1","1FFFFF","1AAAAAAAA1AAAA","4",,,,,,,,,,,,,,,
"4300531","2016-09-18T13:14:00","21.76","129.28",,,"1","4","2","5",,,,"11",,,,,,,,,,,,"8",,,,,,"9","296",,,,,,,,,,,,,"226","19","798","172","7","0",,"1","1FFFFF","1AAAAAAAA1AAAA","4",,,,,,,,,,,,,,,
"3200623","2016-09-18T13:15:00","26.25","129.11",,,"1","4","2","5",,,,"11",,,,,,,,,,,,"8",,,,,,"9","295",,,,,,,,,,,,,"226","69","798","172","7","1","2","1","1FFFFF","1AAAAAAAA1AAAA","4",,,,,,,,,,,,,,,
"5100523","2016-09-18T13:15:00","24.33","124.19",,,"1","4","2","5",,,,"11",,,,,,,,,,,,"8",,,,,,"9","249",,,,,,,,,,,,,"226","44","798","172","7","1","2","1","1FFFFF","1AAAAAAAA1AAAA","4",,,,,,,,,,,,,,,
"3200560","2016-09-18T13:21:00","21.06","124.57",,,"1","4","2","5",,,,"11",,,,,,,,,,,,"8",,,,,,"9","287",,,,,,,,,,,,,"226","14","798","172","7","0",,"1","1FFFFF","1AAAAAAAA1AAAA","4",,,,,,,,,,,,,,,
"3200560","2016-09-18T14:00:00","21.04","124.58",,,"1","4","2","5",,,,"11",,,,,,,,,,,,"8",,,,,,"9","287",,,,,,,,,,,,,"226","14","798","172","7","0",,"1","1FFFFF","1AAAAAAAA1AAAA","4",,,,,,,,,,,,,,,
"4300531","2016-09-18T14:00:00","21.76","129.28",,,"1","4","2","5",,,,"11",,,,,,,,,,,,"8",,,,,,"9","296",,,,,,,,,,,,,"226","19","798","172","7","1","2","1","1FFFFF","1AAAAAAAA1AAAA","4",,,,,,,,,,,,,,,
"5100523","2016-09-18T14:00:00","24.33","124.19",,,"1","4","2","5",,,,"11",,,,,,,,,,,,"8",,,,,,"9","250",,,,,,,,,,,,,"226","44","798","172","7","1","2","1","1FFFFF","1AAAAAAAA1AAAA","4",,,,,,,,,,,,,,,
"VRPY6","2016-09-18T14:00:00","23.80","123.00",,,"1","4","0","0","8","3",,"1","0","30","3","93",,"98","2","2","10100","4","0","3","270","0","230",,"210","3","280","8","2","4","4","7","A",,"10","2","0","12","4","226","33","992","114","5","1","2","1","111111","11111111111171",,,"1","2",,,,,,,,,,,"4",
"3200560","2016-09-18T14:04:00","21.04","124.58",,,"1","4","2","5",,,,"11",,,,,,,,,,,,"8",,,,,,"9","288",,,,,,,,,,,,,"226","14","798","172","7","1","2","1","1FFFFF","1AAAAAAAA1AAAA","4",,,,,,,,,,,,,,,
"3200623","2016-09-18T14:06:00","26.25","129.11",,,"1","4","2","5",,,,"11",,,,,,,,,,,,"8",,,,,,"9","294",,,,,,,,,,,,,"226","69","798","172","7","1","2","1","1FFFFF","1AAAAAAAA1AAAA","4",,,,,,,,,,,,,,,
"3200560","2016-09-18T15:00:00","21.04","124.58",,,"1","3","2","5",,,,"11",,,,,,,,,,,,"0",,,,,,,"288",,,,,,,,,,,,,"226","14","794","103","7","1","2","1","1FFFFF","1AAAAAAAA1AAAA","4",,,,,,,,,,,,,,,
"4300531","2016-09-18T15:00:00","21.76","129.28",,,"1","4","2","5",,,,"11",,,,,,,,,,,,"8",,,,,,"9","296",,,,,,,,,,,,,"226","19","798","172","7","1","2","1","1FFFFF","1AAAAAAAA1AAAA","4",,,,,,,,,,,,,,,
"VRDY5","2016-09-18T15:00:00","25.10","120.10",,,"1","4","0","0","1","2",,"1","0","50","3","46",,"97","3","0","10149","0","3","0","270","0","250",,"241","3","319","8","7","8","5","7","0",,"5","3","5","5","3","226","50","992","114","5","1","2","1","311111","11111111111111",,,"1","0",,,,,,,,,,,"4",
"VRPY6","2016-09-18T15:00:00","23.90","123.10",,,"1","4","0","0","8","3",,"1","0","40","3","93",,"98","2","2","10100","4","0","3","270","0","230",,"210","3","280","8","2","4","4","7","A",,"10","2","0","12","4","226","33","992","114","5","1","2","1","111111","11111111111171",,,"1","2",,,,,,,,,,,"4",
"3200560","2016-09-18T16:00:00","21.04","124.58",,,"1","4","2","5",,,,"11",,,,,,,,,,,,"8",,,,,,"9","288",,,,,,,,,,,,,"226","14","798","172","7","1","2","1","1FFFFF","1AAAAAAAA1AAAA","4",,,,,,,,,,,,,,,
"4300531","2016-09-18T16:00:00","21.84","129.34",,,"1","4","2","5",,,,"11",,,,,,,,,,,,"8",,,,,,"9","296",,,,,,,,,,,,,"226","19","798","172","7","1","2","1","1FFFFF","1AAAAAAAA1AAAA","4",,,,,,,,,,,,,,,
"VRPY6","2016-09-18T16:00:00","24.10","123.20",,,"1","4","0","0","8","3",,"1","0","40","3","93",,"98","2","2","10090","7","10","3","270","0","230",,"210","3","270","8","2","4","4","7","A",,"10","2","0","12","4","226","43","992","114","5","1","2","1","111111","11111111111171",,,"1","2",,,,,,,,,,,"4",
"3200560","2016-09-18T17:00:00","20.98","124.60",,,"1","4","2","5",,,,"11",,,,,,,,,,,,"8",,,,,,"9","287",,,,,,,,,,,,,"226","4","798","172","7","1","2","1","1FFFFF","1AAAAAAAA1AAAA","4",,,,,,,,,,,,,,,
"4300531","2016-09-18T17:00:00","21.84","129.34",,,"1","4","2","5",,,,"11",,,,,,,,,,,,"8",,,,,,"9","296",,,,,,,,,,,,,"226","19","798","172","7","1","2","1","1FFFFF","1AAAAAAAA1AAAA","4",,,,,,,,,,,,,,,
"5100523","2016-09-18T17:00:00","24.33","124.19",,,"1","4","2","5",,,,"11",,,,,,,,,,,,"8",,,,,,"9","243",,,,,,,,,,,,,"226","44","798","172","7","1","2","1","2FFFFF","1AAAAAAAA1AAAA","4",,,,,,,,,,,,,,,
"VRPY6","2016-09-18T17:00:00","24.20","123.20",,,"1","4","0","0","8","3",,"1","0","10","3","93",,"98","2","2","10090","4","0","3","270","0","230",,"210","3","270","8","2","4","4","7","A",,"10","2","0","12","4","226","43","992","114","5","1","2","1","111111","11111111111171",,,"1","2",,,,,,,,,,,"4",
"3200623","2016-09-18T17:14:00","26.28","129.23",,,"1","4","2","5",,,,"11",,,,,,,,,,,,"8",,,,,,"9","294",,,,,,,,,,,,,"226","69","798","172","7","0",,"1","1FFFFF","1AAAAAAAA1AAAA","4",,,,,,,,,,,,,,,
"5100523","2016-09-18T17:15:00","24.33","124.19",,,"1","4","2","5",,,,"11",,,,,,,,,,,,"8",,,,,,"9","242",,,,,,,,,,,,,"226","44","798","172","7","1","2","1","2FFFFF","1AAAAAAAA1AAAA","4",,,,,,,,,,,,,,,
"3200623","2016-09-18T17:17:00","26.28","129.23",,,"1","4","2","5",,,,"11",,,,,,,,,,,,"8",,,,,,"9","294",,,,,,,,,,,,,"226","69","798","172","7","1","2","1","1FFFFF","1AAAAAAAA1AAAA","4",,,,,,,,,,,,,,,
"4300531","2016-09-18T17:17:00","21.84","129.34",,,"1","4","2","5",,,,"11",,,,,,,,,,,,"8",,,,,,"9","296",,,,,,,,,,,,,"226","19","798","172","7","1","2","1","1FFFFF","1AAAAAAAA1AAAA","4",,,,,,,,,,,,,,,
"3200560","2016-09-18T18:00:00","20.98","124.60",,,"1","4","2","5",,,,"11",,,,,,,,,,,,"8",,,,,,"9","287",,,,,,,,,,,,,"226","4","798","172","7","1","2","1","1FFFFF","1AAAAAAAA1AAAA","4",,,,,,,,,,,,,,,
"4300531","2016-09-18T18:00:00","21.84","129.34",,,"1","4","2","5",,,,"11",,,,,,,,,,,,"8",,,,,,"9","295",,,,,,,,,,,,,"226","19","798","172","7","1","2","1","1FFFFF","1AAAAAAAA1AAAA","4",,,,,,,,,,,,,,,
"A8RV6","2016-09-18T18:00:00","21.90","121.10",,,"1","4","0","0",,,,"1","0","120","4","82",,"97","61","6","10060","4","0","0","270",,,,"250",,,"8",,,"5",,,,,,,,,"226","11","992","114","5","1","2","1","F11111","1111111A1A1AA1",,,"1","2",,,,,,,,,,,"4",
"C6LG6","2016-09-18T18:00:00","24.90","124.10",,,"1","4","0","0","2","3","1","1","0","310","1","120",,"97","0","2","10060","8","10","0","255","0","240",,"233",,,"6","5","A","5","5","A",,"3","3","18","5","6","226","44","992","114","5","1","2","1","F11111","111111111A1111",,,"1","2","13","6","8",,,,,,,,"4",
"VRPY6","2016-09-18T18:00:00","24.40","123.30",,,"1","4","0","0","8","3",,"1","0","360","3","98",,"98","2","2","10090","4","0","3","270","0","230",,"210","3","270","8","2","4","4","7","A",,"10","2","0","12","4","226","43","992","114","5","1","2","1","111111","11111111111171",,,"1","2",,,,,,,,,,,"4",
"5100523","2016-09-18T18:45:00","24.33","124.20",,,"1","4","2","5",,,,"11",,,,,,,,,,,,"8",,,,,,"9","248",,,,,,,,,,,,,"226","44","798","172","7","1","2","1","1FFFFF","1AAAAAAAA1AAAA","4",,,,,,,,,,,,,,,
"3200623","2016-09-18T18:55:00","26.29","129.28",,,"1","4","2","5",,,,"11",,,,,,,,,,,,"8",,,,,,"9","294",,,,,,,,,,,,,"226","69","798","172","7","0",,"1","1FFFFF","1AAAAAAAA1AAAA","4",,,,,,,,,,,,,,,
"5100523","2016-09-18T18:56:00","24.33","124.20",,,"1","4","2","5",,,,"11",,,,,,,,,,,,"8",,,,,,"9","249",,,,,,,,,,,,,"226","44","798","172","7","1","2","1","1FFFFF","1AAAAAAAA1AAAA","4",,,,,,,,,,,,,,,
"3200560","2016-09-18T18:57:00","20.98","124.60",,,"1","4","2","5",,,,"11",,,,,,,,,,,,"8",,,,,,"9","287",,,,,,,,,,,,,"226","4","798","172","7","0",,"1","1FFFFF","1AAAAAAAA1AAAA","4",,,,,,,,,,,,,,,
"4300531","2016-09-18T18:57:00","21.86","129.38",,,"1","4","2","5",,,,"11",,,,,,,,,,,,"8",,,,,,"9","295",,,,,,,,,,,,,"226","19","798","172","7","0",,"1","1FFFFF","1AAAAAAAA1AAAA","4",,,,,,,,,,,,,,,
"3200623","2016-09-18T18:58:00","26.29","129.28",,,"1","4","2","5",,,,"11",,,,,,,,,,,,"8",,,,,,"9","294",,,,,,,,,,,,,"226","69","798","172","7","1","2","1","1FFFFF","1AAAAAAAA1AAAA","4",,,,,,,,,,,,,,,
"3200560","2016-09-18T19:00:00","20.98","124.60",,,"1","4","2","5",,,,"11",,,,,,,,,,,,"8",,,,,,"9","287",,,,,,,,,,,,,"226","4","798","172","7","1","2","1","1FFFFF","1AAAAAAAA1AAAA","4",,,,,,,,,,,,,,,
"4300531","2016-09-18T19:00:00","21.86","129.38",,,"1","4","2","5",,,,"11",,,,,,,,,,,,"8",,,,,,"9","295",,,,,,,,,,,,,"226","19","798","172","7","1","2","1","1FFFFF","1AAAAAAAA1AAAA","4",,,,,,,,,,,,,,,
"5100523","2016-09-18T19:00:00","24.33","124.20",,,"1","4","2","5",,,,"11",,,,,,,,,,,,"8",,,,,,"9","249",,,,,,,,,,,,,"226","44","798","172","7","1","2","1","1FFFFF","1AAAAAAAA1AAAA","4",,,,,,,,,,,,,,,
"VRPY6","2016-09-18T19:00:00","24.50","123.40",,,"1","4","0","0","8","3",,"1","0","360","3","82",,"98","2","2","10090","4","0","3","270","0","230",,"210","3","270","8","2","4","4","7","A",,"10","2","0","12","4","226","43","992","114","5","1","2","1","111111","11111111111171",,,"1","2",,,,,,,,,,,"4",
"VRPY7","2016-09-18T19:00:00","23.90","126.50",,,"1","4","0","0","5","3",,"1","0","210","4","103",,,,,"10100","4","0","0","240","0","210",,"196",,,"3","2","6","2","5","3",,"10","6",,"8","4","226","36","992","114","5","1","2","1","F21111","11AAA1111A1171",,,"1",,,,,,,,,,,,"4",
"3200560","2016-09-18T20:00:00","20.97","124.59",,,"1","4","2","5",,,,"11",,,,,,,,,,,,"8",,,,,,"9","288",,,,,,,,,,,,,"226","4","798","172","7","1","2","1","1FFFFF","1AAAAAAAA1AAAA","4",,,,,,,,,,,,,,,
"4300531","2016-09-18T20:00:00","21.86","129.40",,,"1","4","2","5",,,,"11",,,,,,,,,,,,"8",,,,,,"9","296",,,,,,,,,,,,,"226","19","798","172","7","1","2","1","1FFFFF","1AAAAAAAA1AAAA","4",,,,,,,,,,,,,,,
"VRPY6","2016-09-18T20:00:00","24.70","123.40",,,"1","4","0","0","8","3",,"1","0","360","3","72",,"98","2","2","10090","4","0","3","260","0","230",,"220","3","270","8","2","4","4","7","A",,"10","2","0","12","4","226","43","992","114","5","1","2","1","111111","11111111111171",,,"1","2",,,,,,,,,,,"4",
"5100523","2016-09-18T20:30:00","24.34","124.20",,,"1","4","2","5",,,,"11",,,,,,,,,,,,"8",,,,,,"9","250",,,,,,,,,,,,,"226","44","798","172","7","1","2","1","1FFFFF","1AAAAAAAA1AAAA","4",,,,,,,,,,,,,,,
"3200623","2016-09-18T20:37:00","26.31","129.34",,,"1","4","2","5",,,,"11",,,,,,,,,,,,"8",,,,,,"9","293",,,,,,,,,,,,,"226","69","798","172","7","1","2","1","1FFFFF","1AAAAAAAA1AAAA","4",,,,,,,,,,,,,,,
"4300531","2016-09-18T20:37:00","21.86","129.40",,,"1","4","2","5",,,,"11",,,,,,,,,,,,"8",,,,,,"9","296",,,,,,,,,,,,,"226","19","798","172","7","0",,"1","1FFFFF","1AAAAAAAA1AAAA","4",,,,,,,,,,,,,,,
"3200623","2016-09-18T20:39:00","26.31","129.34",,,"1","4","2","5",,,,"11",,,,,,,,,,,,"8",,,,,,"9","293",,,,,,,,,,,,,"226","69","798","172","7","1","2","1","1FFFFF","1AAAAAAAA1AAAA","4",,,,,,,,,,,,,,,
"5100523","2016-09-18T20:39:00","24.34","124.20",,,"1","4","2","5",,,,"11",,,,,,,,,,,,"8",,,,,,"9","250",,,,,,,,,,,,,"226","44","798","172","7","0",,"1","1FFFFF","1AAAAAAAA1AAAA","4",,,,,,,,,,,,,,,
"3200560","2016-09-18T20:42:00","20.97","124.59",,,"1","4","2","5",,,,"11",,,,,,,,,,,,"8",,,,,,"9","288",,,,,,,,,,,,,"226","4","798","172","7","0",,"1","1FFFFF","1AAAAAAAA1AAAA","4",,,,,,,,,,,,,,,
"3200623","2016-09-18T20:43:00","26.31","129.33",,,"1","4","2","5",,,,"11",,,,,,,,,,,,"8",,,,,,"9","293",,,,,,,,,,,,,"226","69","798","172","7","1","2","1","1FFFFF","1AAAAAAAA1AAAA","4",,,,,,,,,,,,,,,
"5100523","2016-09-18T20:45:00","24.34","124.20",,,"1","3","2","5",,,,"11",,,,,,,,,,,,"0",,,,,,,"249",,,,,,,,,,,,,"226","44","794","103","7","1","2","1","1FFFFF","1AAAAAAAA1AAAA","4",,,,,,,,,,,,,,,
"5100523","2016-09-18T20:54:00","24.34","124.19",,,"1","4","2","5",,,,"11",,,,,,,,,,,,"8",,,,,,"9","249",,,,,,,,,,,,,"226","44","798","172","7","0",,"1","1FFFFF","1AAAAAAAA1AAAA","4",,,,,,,,,,,,,,,
"3200560","2016-09-18T20:56:00","20.97","124.59",,,"1","4","2","5",,,,"11",,,,,,,,,,,,"8",,,,,,"9","288",,,,,,,,,,,,,"226","4","798","172","7","0",,"1","1FFFFF","1AAAAAAAA1AAAA","4",,,,,,,,,,,,,,,
"3200623","2016-09-18T20:57:00","26.31","129.34",,,"1","3","2","5",,,,"11",,,,,,,,,,,,"0",,,,,,,"293",,,,,,,,,,,,,"226","69","794","103","7","1","2","1","1FFFFF","1AAAAAAAA1AAAA","4",,,,,,,,,,,,,,,
"3200560","2016-09-18T21:00:00","20.97","124.59",,,"1","4","2","5",,,,"11",,,,,,,,,,,,"8",,,,,,"9","288",,,,,,,,,,,,,"226","4","798","172","7","1","2","1","1FFFFF","1AAAAAAAA1AAAA","4",,,,,,,,,,,,,,,
"4300531","2016-09-18T21:00:00","21.86","129.41",,,"1","3","2","5",,,,"11",,,,,,,,,,,,"0",,,,,,,"296",,,,,,,,,,,,,"226","19","794","103","7","1","2","1","1FFFFF","1AAAAAAAA1AAAA","4",,,,,,,,,,,,,,,
"5100523","2016-09-18T21:00:00","24.34","124.19",,,"1","3","2","5",,,,"11",,,,,,,,,,,,"0",,,,,,,"249",,,,,,,,,,,,,"226","44","794","103","7","1","2","1","1FFFFF","1AAAAAAAA1AAAA","4",,,,,,,,,,,,,,,
"VRPY6","2016-09-18T21:00:00","24.80","123.50",,,"1","4","0","0","8","3",,"1","0","320","3","72",,"98",,"2","10090","4","0","3","260","0","230",,"220","3","270","8","2","4","4","7","A",,"10","2","0","12","4","226","43","992","114","5","1","2","1","111111","111A1111111171",,,"1","2",,,,,,,,,,,"4",
"VRPY7","2016-09-18T21:00:00","23.70","126.10",,,"1","4","0","0","5","3",,"1","0","290","4","82",,"97","2","2","10090","5","10","0","240","0","210",,"196",,,"7","6","2","7","8","5",,,,"23","10","5","226","36","992","114","5","1","2","1","F21111","111111111A1A11",,,"1","2",,,,,,,,,,,"4",
"5100523","2016-09-18T21:15:00","24.34","124.19",,,"1","4","2","5",,,,"11",,,,,,,,,,,,"8",,,,,,"9","249",,,,,,,,,,,,,"226","44","798","172","7","1","2","1","1FFFFF","1AAAAAAAA1AAAA","4",,,,,,,,,,,,,,,
"3200623","2016-09-18T21:25:00","26.31","129.36",,,"1","4","2","5",,,,"11",,,,,,,,,,,,"8",,,,,,"9","292",,,,,,,,,,,,,"226","69","798","172","7","0",,"2","1FFFFF","1AAAAAAAA1AAAA","4",,,,,,,,,,,,,,,
"3200623","2016-09-18T21:27:00","26.31","129.36",,,"1","4","2","5",,,,"11",,,,,,,,,,,,"8",,,,,,"9","292",,,,,,,,,,,,,"226","69","798","172","7","1","2","2","1FFFFF","1AAAAAAAA1AAAA","4",,,,,,,,,,,,,,,
"3200623","2016-09-18T21:30:00","26.31","129.36",,,"1","4","2","5",,,,"11",,,,,,,,,,,,"8",,,,,,"9","292",,,,,,,,,,,,,"226","69","798","172","7","1","2","2","1FFFFF","1AAAAAAAA1AAAA","4",,,,,,,,,,,,,,,
"5100523","2016-09-18T21:30:00","24.34","124.19",,,"1","4","2","5",,,,"11",,,,,,,,,,,,"8",,,,,,"9","249",,,,,,,,,,,,,"226","44","798","172","7","1","2","1","1FFFFF","1AAAAAAAA1AAAA","4",,,,,,,,,,,,,,,
"3200560","2016-09-18T22:00:00","20.96","124.58",,,"1","4","2","5",,,,"11",,,,,,,,,,,,"8",,,,,,"9","287",,,,,,,,,,,,,"226","4","798","172","7","1","2","2","1FFFFF","1AAAAAAAA1AAAA","4",,,,,,,,,,,,,,,
"4300531","2016-09-18T22:00:00","21.86","129.41",,,"1","4","2","5",,,,"11",,,,,,,,,,,,"8",,,,,,"9","296",,,,,,,,,,,,,"226","19","798","172","7","1","2","2","1FFFFF","1AAAAAAAA1AAAA","4",,,,,,,,,,,,,,,
"5100523","2016-09-18T22:00:00","24.32","124.19",,,"1","4","2","5",,,,"11",,,,,,,,,,,,"8",,,,,,"9","249",,,,,,,,,,,,,"226","44","798","172","7","1","2","2","1FFFFF","1AAAAAAAA1AAAA","4",,,,,,,,,,,,,,,
"TBWUK15","2016-09-18T22:00:00","26.60","121.30",,,"1","4","0","0","1","3",,"1","0","20","4","123",,"97","2","0","10079","2","2","0","258","0","222",,"206","1","270","3","2","5","5","4","8",,"6","7","5","10","6","226","61","992","114","5","1","2","2","111111","11111111111111",,,"1","0",,,,,,,,,,,"4",
"5100523","2016-09-18T22:15:00","24.32","124.19",,,"1","4","2","5",,,,"11",,,,,,,,,,,,"8",,,,,,"9","249",,,,,,,,,,,,,"226","44","798","172","7","1","2","2","1FFFFF","1AAAAAAAA1AAAA","4",,,,,,,,,,,,,,,
"5100523","2016-09-18T22:17:00","24.32","124.19",,,"1","4","2","5",,,,"11",,,,,,,,,,,,"8",,,,,,"9","258",,,,,,,,,,,,,"226","44","798","172","7","1","2","2","1FFFFF","1AAAAAAAA1AAAA","4",,,,,,,,,,,,,,,
"4300531","2016-09-18T22:18:00","21.86","129.41",,,"1","4","2","5",,,,"11",,,,,,,,,,,,"8",,,,,,"9","296",,,,,,,,,,,,,"226","19","798","172","7","0",,"2","1FFFFF","1AAAAAAAA1AAAA","4",,,,,,,,,,,,,,,
"3200560","2016-09-18T22:19:00","20.96","124.58",,,"1","4","2","5",,,,"11",,,,,,,,,,,,"8",,,,,,"9","287",,,,,,,,,,,,,"226","4","798","172","7","0",,"2","1FFFFF","1AAAAAAAA1AAAA","4",,,,,,,,,,,,,,,
"3200623","2016-09-18T22:19:00","26.32","129.39",,,"1","4","2","5",,,,"11",,,,,,,,,,,,"8",,,,,,"9","292",,,,,,,,,,,,,"226","69","798","172","7","0",,"2","1FFFFF","1AAAAAAAA1AAAA","4",,,,,,,,,,,,,,,
"3200623","2016-09-18T22:21:00","26.32","129.39",,,"1","4","2","5",,,,"11",,,,,,,,,,,,"8",,,,,,"9","292",,,,,,,,,,,,,"226","69","798","172","7","1","2","2","1FFFFF","1AAAAAAAA1AAAA","4",,,,,,,,,,,,,,,
"5100523","2016-09-18T22:30:00","24.32","124.19",,,"1","4","2","5",,,,"11",,,,,,,,,,,,"8",,,,,,"9","251",,,,,,,,,,,,,"226","44","798","172","7","1","2","2","1FFFFF","1AAAAAAAA1AAAA","4",,,,,,,,,,,,,,,
"3200623","2016-09-18T22:32:00","26.32","129.40",,,"1","4","2","5",,,,"11",,,,,,,,,,,,"8",,,,,,"9","292",,,,,,,,,,,,,"226","69","798","172","7","0",,"2","1FFFFF","1AAAAAAAA1AAAA","4",,,,,,,,,,,,,,,
"3200623","2016-09-18T22:36:00","26.32","129.40",,,"1","4","2","5",,,,"11",,,,,,,,,,,,"8",,,,,,"9","292",,,,,,,,,,,,,"226","69","798","172","7","1","2","2","1FFFFF","1AAAAAAAA1AAAA","4",,,,,,,,,,,,,,,
"3200560","2016-09-18T23:00:00","20.96","124.58",,,"1","4","2","5",,,,"11",,,,,,,,,,,,"8",,,,,,"9","287",,,,,,,,,,,,,"226","4","798","172","7","1","2","2","1FFFFF","1AAAAAAAA1AAAA","4",,,,,,,,,,,,,,,
"4300531","2016-09-18T23:00:00","21.86","129.41",,,"1","4","2","5",,,,"11",,,,,,,,,,,,"8",,,,,,"9","296",,,,,,,,,,,,,"226","19","798","172","7","1","2","2","1FFFFF","1AAAAAAAA1AAAA","4",,,,,,,,,,,,,,,
"5100523","2016-09-18T23:00:00","24.32","124.19",,,"1","4","2","5",,,,"11",,,,,,,,,,,,"8",,,,,,"9","258",,,,,,,,,,,,,"226","44","798","172","7","1","2","2","1FFFFF","1AAAAAAAA1AAAA","4",,,,,,,,,,,,,,,
"VRPY6","2016-09-18T23:00:00","25.20","123.60",,,"1","4","0","0","8","3",,"1","0","320","3","77",,"98",,"2","10090","4","0","3","260","0","230",,"220","3","270","8","2","4","4","7","A",,"10","2","0","12","4","226","53","992","114","5","1","2","2","111111","111A1111111171",,,"1","2",,,,,,,,,,,"4",
"3200623","2016-09-18T23:03:00","26.33","129.43",,,"1","4","2","5",,,,"11",,,,,,,,,,,,"8",,,,,,"9","292",,,,,,,,,,,,,"226","69","798","172","7","1","2","2","1FFFFF","1AAAAAAAA1AAAA","4",,,,,,,,,,,,,,,
"3200623","2016-09-18T23:05:00","26.33","129.43",,,"1","4","2","5",,,,"11",,,,,,,,,,,,"8",,,,,,"9","292",,,,,,,,,,,,,"226","69","798","172","7","1","2","2","1FFFFF","1AAAAAAAA1AAAA","4",,,,,,,,,,,,,,,
"3200560","2016-09-18T23:06:00","20.96","124.58",,,"1","4","2","5",,,,"11",,,,,,,,,,,,"8",,,,,,"9","287",,,,,,,,,,,,,"226","4","798","172","7","1","2","2","1FFFFF","1AAAAAAAA1AAAA","4",,,,,,,,,,,,,,,
"3200623","2016-09-18T23:09:00","26.33","129.42",,,"1","4","2","5",,,,"11",,,,,,,,,,,,"8",,,,,,"9","292",,,,,,,,,,,,,"226","69","798","172","7","1","2","2","1FFFFF","1AAAAAAAA1AAAA","4",,,,,,,,,,,,,,,
"3200623","2016-09-18T23:59:00","26.33","129.46",,,"1","4","2","5",,,,"11",,,,,,,,,,,,"8",,,,,,"9","292",,,,,,,,,,,,,"226","69","798","172","7","0",,"2","1FFFFF","1AAAAAAAA1AAAA","4",,,,,,,,,,,,,,,
"3200560","2016-09-19T00:00:00","20.97","124.58",,,"1","4","2","5",,,,"11",,,,,,,,,,,,"8",,,,,,"9","288",,,,,,,,,,,,,"226","4","798","172","7","1","2","2","1FFFFF","1AAAAAAAA1AAAA","4",,,,,,,,,,,,,,,
"4300531","2016-09-19T00:00:00","21.87","129.43",,,"1","4","2","5",,,,"11",,,,,,,,,,,,"8",,,,,,"9","297",,,,,,,,,,,,,"226","19","798","172","7","1","2","2","1FFFFF","1AAAAAAAA1AAAA","4",,,,,,,,,,,,,,,
"9V2735","2016-09-19T00:00:00","29.80","123.10",,,"1","4","0","0","7","3",,"1","0","320","4","190",,"96","62","2","10060","6","20","3","250","0","240",,"240","1","250","8","8","9","9","A","A",,"4","2","32","4","8","226","93","992","114","5","1","2","2","115111","14111111111411",,,"1","2","32","4","8",,,,,,,,"4",
"9V9132","2016-09-19T00:00:00","29.70","123.90",,,"1","4","0","0","4","3",,"1","0","350","4","154",,"96","2","2","10040","4","0","3","250","0","250",,"250","1","260","8","8","9","5","7","3",,,,"0","8","8","226","93","992","114","5","1","2","2","111113","11141111111A71",,,"1","2","38",,,,"0","0","A","0","A","A","4",
"VRPY6","2016-09-19T00:00:00","25.30","123.70",,,"1","4","0","0","8","2",,"1","0","360","3","77",,"97",,"2","10090","4","0","3","260","0","230",,"220","3","250","6","2","0","5","9","6",,"10","4","0","12","5","226","53","992","114","5","1","2","2","111111","111A1111111171",,,"1","2",,,,,,,,,,,"4",
"4300531","2016-09-19T00:05:00","21.87","129.43",,,"1","4","2","5",,,,"11",,,,,,,,,,,,"8",,,,,,"9","297",,,,,,,,,,,,,"226","19","798","172","7","0",,"2","1FFFFF","1AAAAAAAA1AAAA","4",,,,,,,,,,,,,,,
"3200623","2016-09-19T00:06:00","26.33","129.46",,,"1","4","2","5",,,,"11",,,,,,,,,,,,"8",,,,,,"9","292",,,,,,,,,,,,,"226","69","798","172","7","1","2","2","1FFFFF","1AAAAAAAA1AAAA","4",,,,,,,,,,,,,,,
"5100523","2016-09-19T00:45:00","24.33","124.20",,,"1","4","2","5",,,,"11",,,,,,,,,,,,"8",,,,,,"9","300",,,,,,,,,,,,,"226","44","798","172","7","1","2","2","1FFFFF","1AAAAAAAA1AAAA","4",,,,,,,,,,,,,,,
"3200560","2016-09-19T00:51:00","20.97","124.58",,,"1","4","2","5",,,,"11",,,,,,,,,,,,"8",,,,,,"9","288",,,,,,,,,,,,,"226","4","798","172","7","0",,"2","1FFFFF","1AAAAAAAA1AAAA","4",,,,,,,,,,,,,,,
"3200623","2016-09-19T00:51:00","26.33","129.49",,,"1","4","2","5",,,,"11",,,,,,,,,,,,"8",,,,,,"9","292",,,,,,,,,,,,,"226","69","798","172","7","0",,"2","1FFFFF","1AAAAAAAA1AAAA","4",,,,,,,,,,,,,,,
"5100523","2016-09-19T00:51:00","24.33","124.20",,,"1","4","2","5",,,,"11",,,,,,,,,,,,"8",,,,,,"9","311",,,,,,,,,,,,,"226","44","798","172","7","1","2","2","1FFFFF","1AAAAAAAA1AAAA","4",,,,,,,,,,,,,,,
"4300531","2016-09-19T00:53:00","21.87","129.44",,,"1","4","2","5",,,,"11",,,,,,,,,,,,"8",,,,,,"9","297",,,,,,,,,,,,,"226","19","798","172","7","0",,"2","1FFFFF","1AAAAAAAA1AAAA","4",,,,,,,,,,,,,,,
"3200623","2016-09-19T00:55:00","26.33","129.49",,,"1","4","2","5",,,,"11",,,,,,,,,,,,"8",,,,,,"9","292",,,,,,,,,,,,,"226","69","798","172","7","1","2","2","1FFFFF","1AAAAAAAA1AAAA","4",,,,,,,,,,,,,,,
"3200560","2016-09-19T01:00:00","20.97","124.58",,,"1","4","2","5",,,,"11",,,,,,,,,,,,"8",,,,,,"9","288",,,,,,,,,,,,,"226","4","798","172","7","1","2","2","1FFFFF","1AAAAAAAA1AAAA","4",,,,,,,,,,,,,,,
"4300531","2016-09-19T01:00:00","21.87","129.44",,,"1","4","2","5",,,,"11",,,,,,,,,,,,"8",,,,,,"9","297",,,,,,,,,,,,,"226","19","798","172","7","1","2","2","1FFFFF","1AAAAAAAA1AAAA","4",,,,,,,,,,,,,,,
"9V9132","2016-09-19T01:00:00","29.50","123.90",,,"1","4","0","0","4","3",,"1","0","340","4","134",,"97",,"2","10050","4",,"3","260","1","250",,"250","3","260","7","7","6","2","3","A",,"10","8","18","10","8","226","93","992","114","5","1","2","2","111111","111A1111111117",,,"1","2","18","10","8",,,,,,,,"4",
"VRPY6","2016-09-19T01:00:00","25.50","123.80",,,"1","4","0","0","8","2",,"1","0","350","3","98",,"97",,"2","10100","2","10","3","260","0","230",,"220","3","250","6","2","0","5","9","6",,"10","4","0","12","5","226","53","992","114","5","1","2","2","111111","111A1111111171",,,"1","2",,,,,,,,,,,"4",
"5100523","2016-09-19T01:30:00","24.33","124.20",,,"1","4","2","5",,,,"11",,,,,,,,,,,,"8",,,,,,"9","311",,,,,,,,,,,,,"226","44","798","172","7","1","2","2","1FFFFF","1AAAAAAAA1AAAA","4",,,,,,,,,,,,,,,
"3200623","2016-09-19T01:41:00","26.34","129.54",,,"1","4","2","5",,,,"11",,,,,,,,,,,,"8",,,,,,"9","291",,,,,,,,,,,,,"226","69","798","172","7","0",,"2","1FFFFF","1AAAAAAAA1AAAA","4",,,,,,,,,,,,,,,
"4300531","2016-09-19T01:42:00","21.87","129.45",,,"1","4","2","5",,,,"11",,,,,,,,,,,,"8",,,,,,"9","301",,,,,,,,,,,,,"226","19","798","172","7","1","2","2","1FFFFF","1AAAAAAAA1AAAA","4",,,,,,,,,,,,,,,
"5100523","2016-09-19T01:42:00","24.33","124.19",,,"1","4","2","5",,,,"11",,,,,,,,,,,,"8",,,,,,"9","318",,,,,,,,,,,,,"226","44","798","172","7","1","2","2","3FFFFF","1AAAAAAAA1AAAA","4",,,,,,,,,,,,,,,
"3200560","2016-09-19T01:43:00","20.98","124.57",,,"1","4","2","5",,,,"11",,,,,,,,,,,,"8",,,,,,"9","289",,,,,,,,,,,,,"226","4","798","172","7","0",,"2","1FFFFF","1AAAAAAAA1AAAA","4",,,,,,,,,,,,,,,
"5100523","2016-09-19T01:45:00","24.33","124.19",,,"1","4","2","5",,,,"11",,,,,,,,,,,,"8",,,,,,"9","318",,,,,,,,,,,,,"226","44","798","172","7","1","2","2","3FFFFF","1AAAAAAAA1AAAA","4",,,,,,,,,,,,,,,
"3200623","2016-09-19T01:49:00","26.34","129.54",,,"1","4","2","5",,,,"11",,,,,,,,,,,,"8",,,,,,"9","291",,,,,,,,,,,,,"226","69","798","172","7","1","2","2","1FFFFF","1AAAAAAAA1AAAA","4",,,,,,,,,,,,,,,
"3200560","2016-09-19T02:00:00","20.98","124.57",,,"1","4","2","5",,,,"11",,,,,,,,,,,,"8",,,,,,"9","289",,,,,,,,,,,,,"226","4","798","172","7","1","2","2","1FFFFF","1AAAAAAAA1AAAA","4",,,,,,,,,,,,,,,
"4300531","2016-09-19T02:00:00","21.87","129.45",,,"1","4","2","5",,,,"11",,,,,,,,,,,,"8",,,,,,"9","298",,,,,,,,,,,,,"226","19","798","172","7","1","2","2","1FFFFF","1AAAAAAAA1AAAA","4",,,,,,,,,,,,,,,
"9V9132","2016-09-19T02:00:00","29.30","123.90",,,"1","4","0","0","4","3",,"1","0","350","4","134",,"97",,"2","10050","4",,"3","260","1","250",,"250","3","260","7","7","6","2","2","A",,"10","8","0","10","8","226","93","992","114","5","1","2","2","111111","111A1111111177",,,"1","2","0","10","8",,,,,,,,"4",
"VRPY6","2016-09-19T02:00:00","25.60","123.90",,,"1","4","0","0","8","2",,"1","0","350","3","118",,"97",,"2","10100","4","0","3","250","0","230",,"220","3","260","5","2","0","5","9","6",,"10","6","0","12","6","226","53","992","114","5","1","2","2","111111","111A1111111171",,,"1","2",,,,,,,,,,,"4",
"5100523","2016-09-19T02:15:00","24.33","124.19",,,"1","4","2","5",,,,"11",,,,,,,,,,,,"8",,,,,,"9","318",,,,,,,,,,,,,"226","44","798","172","7","1","2","2","3FFFFF","1AAAAAAAA1AAAA","4",,,,,,,,,,,,,,,
"3200623","2016-09-19T02:27:00","26.33","129.54",,,"1","4","2","5",,,,"11",,,,,,,,,,,,"8",,,,,,"9","291",,,,,,,,,,,,,"226","69","798","172","7","0",,"2","1FFFFF","1AAAAAAAA1AAAA","4",,,,,,,,,,,,,,,
"3200560","2016-09-19T02:28:00","21.00","124.57",,,"1","4","2","5",,,,"11",,,,,,,,,,,,"8",,,,,,"9","291",,,,,,,,,,,,,"226","14","798","172","7","1","2","2","1FFFFF","1AAAAAAAA1AAAA","4",,,,,,,,,,,,,,,
"3200623","2016-09-19T02:28:00","26.34","129.54",,,"1","4","2","5",,,,"11",,,,,,,,,,,,"8",,,,,,"9","291",,,,,,,,,,,,,"226","69","798","172","7","1","2","2","1FFFFF","1AAAAAAAA1AAAA","4",,,,,,,,,,,,,,,
"5100523","2016-09-19T02:30:00","24.33","124.19",,,"1","4","2","5",,,,"11",,,,,,,,,,,,"8",,,,,,"9","311",,,,,,,,,,,,,"226","44","798","172","7","1","2","2","1FFFFF","1AAAAAAAA1AAAA","4",,,,,,,,,,,,,,,
"3200623","2016-09-19T02:31:00","26.33","129.54",,,"1","4","2","5",,,,"11",,,,,,,,,,,,"8",,,,,,"9","291",,,,,,,,,,,,,"226","69","798","172","7","1","2","2","1FFFFF","1AAAAAAAA1AAAA","4",,,,,,,,,,,,,,,
"2AKI2","2016-09-19T03:00:00","24.30","122.70",,,"1","4","0","0","8","4","1","1","0","10","4","93",,"98","3","2","10080","2","10","0","263","0","227",,"209","1","280","7","2","7","3","7","A",,"99","1","1","7","5","226","42","992","114","5","1","2","2","111111","11111111111311",,,"1","2",,,,,,,,,,,"4",
"3200560","2016-09-19T03:00:00","21.00","124.57",,,"1","4","2","5",,,,"11",,,,,,,,,,,,"8",,,,,,"9","291",,,,,,,,,,,,,"226","14","798","172","7","1","2","2","1FFFFF","1AAAAAAAA1AAAA","4",,,,,,,,,,,,,,,
"4300531","2016-09-19T03:00:00","21.87","129.45",,,"1","4","2","5",,,,"11",,,,,,,,,,,,"8",,,,,,"9","299",,,,,,,,,,,,,"226","19","798","172","7","1","2","2","1FFFFF","1AAAAAAAA1AAAA","4",,,,,,,,,,,,,,,
"9V9132","2016-09-19T03:00:00","29.10","123.90",,,"1","4","0","0","4","3",,"1","0","350","4","139",,"97",,"2","10060","4",,"3","260","1","240",,"230","3","260","7","7","6","3","2","A",,"10","8","0","10","8","226","93","992","114","5","1","2","2","111111","111A1111111177",,,"1","2","0","10","8",,,,,,,,"4",
"TUWBK15","2016-09-19T03:00:00","27.50","121.80",,,"1","4","0","0","1","2",,"1","0","360","4","134",,"97","2","2","10086","7","5","0","260","0","220",,"202","1","270","6","3","7","2","1","0",,"6","7","6","10","5","226","71","992","114","5","1","2","2","111111","11111111111111",,,"1","2",,,,,,,,,,,"4",
"VRDY5","2016-09-19T03:00:00","26.80","121.30",,,"1","4","0","0","1","2",,"1","0","350","3","103",,"97","1","0","10149",,"3","0","270","0","240",,"226","3","308","5","2","5","6","7","4",,"5","5","2","5","5","226","61","992","114","5","1","2","2","111111","11111111111117",,,"1","0",,,,,,,,,,,"4",
"VRPY6","2016-09-19T03:00:00","25.80","123.90",,,"1","4","0","0","8","2",,"1","0","340","3","118",,"97",,"2","10100","4","0","3","250","0","230",,"220","3","260","5","2","0","5","9","6",,"10","6","0","12","6","226","53","992","114","5","1","2","2","111111","111A1111111171",,,"1","2",,,,,,,,,,,"4",
"3200560","2016-09-19T04:00:00","21.00","124.57",,,"1","4","2","5",,,,"11",,,,,,,,,,,,"8",,,,,,"9","288",,,,,,,,,,,,,"226","14","798","172","7","1","2","2","1FFFFF","1AAAAAAAA1AAAA","4",,,,,,,,,,,,,,,
"4300531","2016-09-19T04:00:00","21.87","129.45",,,"1","4","2","5",,,,"11",,,,,,,,,,,,"8",,,,,,"9","301",,,,,,,,,,,,,"226","19","798","172","7","1","2","2","1FFFFF","1AAAAAAAA1AAAA","4",,,,,,,,,,,,,,,
"9HIY9","2016-09-19T04:00:00","24.50","128.00",,,"1","4","0","0","1","2",,"1","0","270","4","103",,"96",,,"10080","4","0","0",,"0",,,,"1","310","8","8","7","5","4","9",,"6","6",,"6","6","226","48","992","114","5","1","2","2","171116","111AA199911171",,,"1",,,"7","4",,,,,,,,"4",
"9V9132","2016-09-19T04:00:00","29.10","123.90",,,"1","4","0","0","4","3",,"1","0","330","4","165",,"97",,"1","10060","4",,"3","260","1","250",,"250","3","270","7","7","6","3","2","A",,"10","8","0","10","8","226","93","992","114","5","1","2","2","113111","111A1111111177",,,"1","1","0","10","8",,,,,,,,"4",
"VRPY6","2016-09-19T04:00:00","25.90","123.90",,,"1","4","0","0","8","2",,"1","0","340","3","123",,"97",,"2","10100","4","0","3","260","0","230",,"220","3","260","5","2","0","5","9","6",,"10","6","0","12","6","226","53","992","114","5","1","2","2","111111","111A1111111171",,,"1","2",,,,,,,,,,,"4",
"3200623","2016-09-19T04:32:00","26.33","129.60",,,"1","4","2","5",,,,"11",,,,,,,,,,,,"8",,,,,,"9","291",,,,,,,,,,,,,"226","69","798","172","7","1","2","2","1FFFFF","1AAAAAAAA1AAAA","4",,,,,,,,,,,,,,,
"3200623","2016-09-19T04:34:00","26.33","129.60",,,"1","4","2","5",,,,"11",,,,,,,,,,,,"8",,,,,,"9","291",,,,,,,,,,,,,"226","69","798","172","7","1","2","2","1FFFFF","1AAAAAAAA1AAAA","4",,,,,,,,,,,,,,,
"3200623","2016-09-19T04:37:00","26.33","129.60",,,"1","4","2","5",,,,"11",,,,,,,,,,,,"8",,,,,,"9","290",,,,,,,,,,,,,"226","69","798","172","7","1","2","2","1FFFFF","1AAAAAAAA1AAAA","4",,,,,,,,,,,,,,,
"3200560","2016-09-19T05:00:00","21.03","124.62",,,"1","4","2","5",,,,"11",,,,,,,,,,,,"8",,,,,,"9","288",,,,,,,,,,,,,"226","14","798","172","7","1","2","2","1FFFFF","1AAAAAAAA1AAAA","4",,,,,,,,,,,,,,,
"4300531","2016-09-19T05:00:00","21.86","129.47",,,"1","4","2","5",,,,"11",,,,,,,,,,,,"8",,,,,,"9","301",,,,,,,,,,,,,"226","19","798","172","7","1","2","2","1FFFFF","1AAAAAAAA1AAAA","4",,,,,,,,,,,,,,,
"VRPY6","2016-09-19T05:00:00","26.10","123.90",,,"1","4","0","0","8","2",,"1","0","350","3","123",,"97",,"2","10100","4","0","3","260","0","230",,"220","3","260","5","2","0","5","9","6",,"10","6","0","12","6","226","63","992","114","5","1","2","2","111111","111A1111111171",,,"1","2",,,,,,,,,,,"4",
"2FRK7","2016-09-19T06:00:00","25.40","124.10",,,"1","4","0","0","6","3",,"1","0","330","4","129",,"97","3",,"10070","4","0","0","270","0","240",,"226","1","260","6","3","7","2","8","A",,"8","4",,,,"226","54","992","114","5","1","2","2","111111","1111A1111111A1",,,"1",,,,,,,,,,,,"4",
"3200560","2016-09-19T06:00:00","21.00","124.57",,,"1","4","2","5",,,,"11",,,,,,,,,,,,"8",,,,,,"9","287",,,,,,,,,,,,,"226","14","798","172","7","1","2","2","1FFFFF","1AAAAAAAA1AAAA","4",,,,,,,,,,,,,,,
"4300531","2016-09-19T06:00:00","21.87","129.45",,,"1","4","2","5",,,,"11",,,,,,,,,,,,"8",,,,,,"9","300",,,,,,,,,,,,,"226","19","798","172","7","1","2","2","1FFFFF","1AAAAAAAA1AAAA","4",,,,,,,,,,,,,,,
"5100523","2016-09-19T06:00:00","24.33","124.18",,,"1","4","2","5",,,,"11",,,,,,,,,,,,"8",,,,,,"9","322",,,,,,,,,,,,,"226","44","798","172","7","1","2","2","5FFFFF","1AAAAAAAA1AAAA","4",,,,,,,,,,,,,,,
"A8RV6","2016-09-19T06:00:00","23.60","122.30",,,"1","4","0","0",,,,"1","0","50","4","93",,"97","50","5","10070","8","10","0","270",,,,"243",,,"8",,,"2",,,,,,,,,"226","32","992","114","5","1","2","2","F11111","1111111A1A1AA1",,,"1","2",,,,,,,,,,,"4",
"CQHI","2016-09-19T06:00:00","29.60","122.80",,,"1","4","0","0","4","3",,"1","0","360","4","118",,"97",,,"10134","5","10","0","255","0","230",,"220","1","230",,,"1","A","A","A",,,,"35","20","9","226","92","992","114","5","1","2","2","111111","111AA111118A11",,,"1",,,,,,,,,,,,"4",
"D5HS9","2016-09-19T06:00:00","29.80","123.20",,,"1","4","0","0","4","4",,"1","0","340","4","165",,"97","2","2","10060","4","0","0","250","0","215",,"199","3","266","8","8","7","2","A","A",,"8","9","3","10","7","226","93","992","114","5","1","2","2","111111","11111111111111",,,"1","2",,,,,,,,,,,"4",
"VRBX7","2016-09-19T06:00:00","26.70","120.30",,,"1","4","0","0","0","0","1","1","0","130","1","30",,"98","3","0","10100","7","10","0","300","0","235",,"200","1","253","1","1","3","8","A","8",,"0",,"8","2","1","226","60","992","114","5","1","2","2","111112","11111111111711",,,"1","0",,,,,,,,,,,"4",
"VRPY6","2016-09-19T06:00:00","26.20","123.90",,,"1","4","0","0","8","2",,"1","0","350","3","123",,"97",,"2","10100","4","0","3","260","0","230",,"220","3","240","5","2","0","5","9","6",,"10","6","0","12","6","226","63","992","114","5","1","2","2","111111","111A1111111171",,,"1","2",,,,,,,,,,,"4",
"VRPY7","2016-09-19T06:00:00","22.50","123.90",,,"1","4","0","0","5","3",,"1","0","40","4","103",,,,,"10100","4","0","0","270","0","220",,"197",,,"3","2","6","A","3","1",,"8","6",,"10","5","226","23","992","114","5","1","2","2","F11111","11AAA1111A1171",,,"1",,,,,,,,,,,,"4",
"3200623","2016-09-19T06:08:00","26.33","129.65",,,"1","4","2","5",,,,"11",,,,,,,,,,,,"8",,,,,,"9","291",,,,,,,,,,,,,"226","69","798","172","7","0",,"2","1FFFFF","1AAAAAAAA1AAAA","4",,,,,,,,,,,,,,,
"4300531","2016-09-19T06:09:00","21.86","129.47",,,"1","4","2","5",,,,"11",,,,,,,,,,,,"8",,,,,,"9","301",,,,,,,,,,,,,"226","19","798","172","7","1","2","2","1FFFFF","1AAAAAAAA1AAAA","4",,,,,,,,,,,,,,,
"3200560","2016-09-19T06:10:00","21.03","124.62",,,"1","4","2","5",,,,"11",,,,,,,,,,,,"8",,,,,,"9","288",,,,,,,,,,,,,"226","14","798","172","7","1","2","2","1FFFFF","1AAAAAAAA1AAAA","4",,,,,,,,,,,,,,,
"3200623","2016-09-19T06:14:00","26.33","129.65",,,"1","4","2","5",,,,"11",,,,,,,,,,,,"8",,,,,,"9","291",,,,,,,,,,,,,"226","69","798","172","7","1","2","2","1FFFFF","1AAAAAAAA1AAAA","4",,,,,,,,,,,,,,,
"5100523","2016-09-19T06:15:00","24.33","124.18",,,"1","4","2","5",,,,"11",,,,,,,,,,,,"8",,,,,,"9","318",,,,,,,,,,,,,"226","44","798","172","7","1","2","2","3FFFFF","1AAAAAAAA1AAAA","4",,,,,,,,,,,,,,,
"3200623","2016-09-19T06:17:00","26.33","129.65",,,"1","4","2","5",,,,"11",,,,,,,,,,,,"8",,,,,,"9","291",,,,,,,,,,,,,"226","69","798","172","7","1","2","2","1FFFFF","1AAAAAAAA1AAAA","4",,,,,,,,,,,,,,,
"3200560","2016-09-19T07:00:00","21.04","124.62",,,"1","4","2","5",,,,"11",,,,,,,,,,,,"8",,,,,,"9","287",,,,,,,,,,,,,"226","14","798","172","7","1","2","2","1FFFFF","1AAAAAAAA1AAAA","4",,,,,,,,,,,,,,,
"4300531","2016-09-19T07:00:00","21.86","129.47",,,"1","4","2","5",,,,"11",,,,,,,,,,,,"8",,,,,,"9","300",,,,,,,,,,,,,"226","19","798","172","7","1","2","2","1FFFFF","1AAAAAAAA1AAAA","4",,,,,,,,,,,,,,,
"9V9132","2016-09-19T07:00:00","28.30","123.60",,,"1","4","0","0","4","3",,"1","0","330","4","165",,"97",,"1","10060","4",,"3","260","1","250",,"250","3","270","7","7","6","3","2","A",,"10","8","0","10","8","226","83","992","114","5","1","2","2","113111","111A1111111177",,,"1","1","0","10","8",,,,,,,,"4",
"VRPY6","2016-09-19T07:00:00","26.30","123.90",,,"1","4","0","0","8","2",,"1","0","350","3","123",,"97",,"2","10100","4","0","3","260","0","230",,"220","3","240","5","2","0","5","9","6",,"10","6","0","12","6","226","63","992","114","5","1","2","2","111111","111A1111111171",,,"1","2",,,,,,,,,,,"4",
"3200560","2016-09-19T08:00:00","21.04","124.62",,,"1","4","2","5",,,,"11",,,,,,,,,,,,"8",,,,,,"9","287",,,,,,,,,,,,,"226","14","798","172","7","1","2","2","1FFFFF","1AAAAAAAA1AAAA","4",,,,,,,,,,,,,,,
"4300531","2016-09-19T08:00:00","21.86","129.47",,,"1","4","2","5",,,,"11",,,,,,,,,,,,"8",,,,,,"9","299",,,,,,,,,,,,,"226","19","798","172","7","1","2","2","1FFFFF","1AAAAAAAA1AAAA","4",,,,,,,,,,,,,,,
"5100523","2016-09-19T08:00:00","24.33","124.18",,,"1","4","2","5",,,,"11",,,,,,,,,,,,"8",,,,,,"9","304",,,,,,,,,,,,,"226","44","798","172","7","1","2","2","1FFFFF","1AAAAAAAA1AAAA","4",,,,,,,,,,,,,,,
"VRPY6","2016-09-19T08:00:00","26.40","123.90",,,"1","4","0","0","8","2",,"1","0","350","3","123",,"97",,"2","10100","4","0","3","260","0","230",,"220","3","240","5","2","0","5","9","6",,"10","6","0","12","6","226","63","992","114","5","1","2","2","111111","111A1111111171",,,"1","2",,,,,,,,,,,"4",
"VRPY7","2016-09-19T08:00:00","22.30","123.50",,,"1","4","0","0","5","3",,"1","0","40","4","103",,,,,"10100","4","0","0","270","0","250",,"243",,,"5","4","6","1","3","1",,"8","6",,"10","5","226","23","992","114","5","1","2","2","F11111","11AAA1111A1171",,,"1",,,,,,,,,,,,"4",
"3200623","2016-09-19T08:02:00","26.34","129.70",,,"1","4","2","5",,,,"11",,,,,,,,,,,,"8",,,,,,"9","291",,,,,,,,,,,,,"226","69","798","172","7","0",,"2","1FFFFF","1AAAAAAAA1AAAA","4",,,,,,,,,,,,,,,
"3200623","2016-09-19T08:10:00","26.34","129.70",,,"1","4","2","5",,,,"11",,,,,,,,,,,,"8",,,,,,"9","291",,,,,,,,,,,,,"226","69","798","172","7","1","2","2","1FFFFF","1AAAAAAAA1AAAA","4",,,,,,,,,,,,,,,
"5100523","2016-09-19T08:30:00","24.33","124.18",,,"1","4","2","5",,,,"11",,,,,,,,,,,,"8",,,,,,"9","286",,,,,,,,,,,,,"226","44","798","172","7","1","2","2","1FFFFF","1AAAAAAAA1AAAA","4",,,,,,,,,,,,,,,
"3200623","2016-09-19T08:37:00","26.33","129.69",,,"1","4","2","5",,,,"11",,,,,,,,,,,,"8",,,,,,"9","291",,,,,,,,,,,,,"226","69","798","172","7","0",,"2","1FFFFF","1AAAAAAAA1AAAA","4",,,,,,,,,,,,,,,
"3200623","2016-09-19T08:42:00","26.33","129.69",,,"1","4","2","5",,,,"11",,,,,,,,,,,,"8",,,,,,"9","291",,,,,,,,,,,,,"226","69","798","172","7","1","2","2","1FFFFF","1AAAAAAAA1AAAA","4",,,,,,,,,,,,,,,
"5100523","2016-09-19T08:44:00","24.33","124.18",,,"1","4","2","5",,,,"11",,,,,,,,,,,,"8",,,,,,"9","286",,,,,,,,,,,,,"226","44","798","172","7","1","2","2","1FFFFF","1AAAAAAAA1AAAA","4",,,,,,,,,,,,,,,
"5100523","2016-09-19T08:45:00","24.33","124.18",,,"1","4","2","5",,,,"11",,,,,,,,,,,,"8",,,,,,"9","272",,,,,,,,,,,,,"226","44","798","172","7","1","2","2","1FFFFF","1AAAAAAAA1AAAA","4",,,,,,,,,,,,,,,
"3200560","2016-09-19T09:00:00","21.04","124.66",,,"1","4","2","5",,,,"11",,,,,,,,,,,,"8",,,,,,"9","287",,,,,,,,,,,,,"226","14","798","172","7","1","2","2","1FFFFF","1AAAAAAAA1AAAA","4",,,,,,,,,,,,,,,
"3200623","2016-09-19T09:00:00","26.34","129.72",,,"1","4","2","5",,,,"11",,,,,,,,,,,,"8",,,,,,"9","291",,,,,,,,,,,,,"226","69","798","172","7","0",,"2","1FFFFF","1AAAAAAAA1AAAA","4",,,,,,,,,,,,,,,
"4300531","2016-09-19T09:00:00","21.86","129.46",,,"1","4","2","5",,,,"11",,,,,,,,,,,,"8",,,,,,"9","299",,,,,,,,,,,,,"226","19","798","172","7","1","2","2","1FFFFF","1AAAAAAAA1AAAA","4",,,,,,,,,,,,,,,
"5100523","2016-09-19T09:00:00","24.33","124.18",,,"1","4","2","5",,,,"11",,,,,,,,,,,,"8",,,,,,"9","272",,,,,,,,,,,,,"226","44","798","172","7","1","2","2","1FFFFF","1AAAAAAAA1AAAA","4",,,,,,,,,,,,,,,
"VRPY6","2016-09-19T09:00:00","26.60","123.90",,,"1","4","0","0","8","2",,"1","0","361","3","98",,"97","2","2","10100","4","0","3","260","0","230",,"220","3","240","7","2","0","5","9","6",,"10","6","0","12","6","226","63","992","114","5","1","2","2","111111","12111111111271",,,"1","2",,,,,,,,,,,"4",
"3200560","2016-09-19T09:01:00","21.04","124.66",,,"1","4","2","5",,,,"11",,,,,,,,,,,,"8",,,,,,"9","287",,,,,,,,,,,,,"226","14","798","172","7","0",,"2","1FFFFF","1AAAAAAAA1AAAA","4",,,,,,,,,,,,,,,
"3200623","2016-09-19T09:02:00","26.34","129.72",,,"1","4","2","5",,,,"11",,,,,,,,,,,,"8",,,,,,"9","291",,,,,,,,,,,,,"226","69","798","172","7","1","2","2","1FFFFF","1AAAAAAAA1AAAA","4",,,,,,,,,,,,,,,
"3200623","2016-09-19T09:05:00","26.34","129.72",,,"1","4","2","5",,,,"11",,,,,,,,,,,,"8",,,,,,"9","291",,,,,,,,,,,,,"226","69","798","172","7","0",,"2","1FFFFF","1AAAAAAAA1AAAA","4",,,,,,,,,,,,,,,
"5100523","2016-09-19T09:30:00","24.33","124.18",,,"1","4","2","5",,,,"11",,,,,,,,,,,,"8",,,,,,"9","267",,,,,,,,,,,,,"226","44","798","172","7","1","2","2","1FFFFF","1AAAAAAAA1AAAA","4",,,,,,,,,,,,,,,
"3200623","2016-09-19T09:40:00","26.34","129.74",,,"1","4","2","5",,,,"11",,,,,,,,,,,,"8",,,,,,"9","291",,,,,,,,,,,,,"226","69","798","172","7","0",,"1","1FFFFF","1AAAAAAAA1AAAA","4",,,,,,,,,,,,,,,
"5100523","2016-09-19T09:40:00","24.33","124.19",,,"1","4","2","5",,,,"11",,,,,,,,,,,,"8",,,,,,"9","264",,,,,,,,,,,,,"226","44","798","172","7","1","2","2","1FFFFF","1AAAAAAAA1AAAA","4",,,,,,,,,,,,,,,
"3200560","2016-09-19T09:41:00","21.04","124.67",,,"1","4","2","5",,,,"11",,,,,,,,,,,,"8",,,,,,"9","287",,,,,,,,,,,,,"226","14","798","172","7","0",,"2","1FFFFF","1AAAAAAAA1AAAA","4",,,,,,,,,,,,,,,
"4300531","2016-09-19T09:44:00","21.86","129.45",,,"1","4","2","5",,,,"11",,,,,,,,,,,,"8",,,,,,"9","298",,,,,,,,,,,,,"226","19","798","172","7","0",,"1","1FFFFF","1AAAAAAAA1AAAA","4",,,,,,,,,,,,,,,
"5100523","2016-09-19T09:45:00","24.33","124.19",,,"1","4","2","5",,,,"11",,,,,,,,,,,,"8",,,,,,"9","264",,,,,,,,,,,,,"226","44","798","172","7","1","2","2","1FFFFF","1AAAAAAAA1AAAA","4",,,,,,,,,,,,,,,
"3200623","2016-09-19T09:46:00","26.34","129.74",,,"1","4","2","5",,,,"11",,,,,,,,,,,,"8",,,,,,"9","291",,,,,,,,,,,,,"226","69","798","172","7","1","2","1","1FFFFF","1AAAAAAAA1AAAA","4",,,,,,,,,,,,,,,
"3200623","2016-09-19T09:48:00","26.34","129.74",,,"1","4","2","5",,,,"11",,,,,,,,,,,,"8",,,,,,"9","291",,,,,,,,,,,,,"226","69","798","172","7","1","2","1","1FFFFF","1AAAAAAAA1AAAA","4",,,,,,,,,,,,,,,
"3200560","2016-09-19T10:00:00","21.04","124.67",,,"1","4","2","5",,,,"11",,,,,,,,,,,,"8",,,,,,"9","287",,,,,,,,,,,,,"226","14","798","172","7","1","2","1","1FFFFF","1AAAAAAAA1AAAA","4",,,,,,,,,,,,,,,
"4300531","2016-09-19T10:00:00","21.86","129.45",,,"1","4","2","5",,,,"11",,,,,,,,,,,,"8",,,,,,"9","298",,,,,,,,,,,,,"226","19","798","172","7","1","2","1","1FFFFF","1AAAAAAAA1AAAA","4",,,,,,,,,,,,,,,
"VRPY6","2016-09-19T10:00:00","26.70","123.90",,,"1","4","0","0","8","2",,"1","0","10","3","129",,"97","2","2","10100","4","0","3","250","0","230",,"220","3","240","7","2","0","5","9","6",,"10","6","0","12","6","226","63","992","114","5","1","2","1","111111","11111111111171",,,"1","2",,,,,,,,,,,"4",
"5100523","2016-09-19T10:15:00","24.33","124.19",,,"1","4","2","5",,,,"11",,,,,,,,,,,,"8",,,,,,"9","259",,,,,,,,,,,,,"226","44","798","172","7","1","2","1","1FFFFF","1AAAAAAAA1AAAA","4",,,,,,,,,,,,,,,
"3200623","2016-09-19T10:19:00","26.33","129.75",,,"1","4","2","5",,,,"11",,,,,,,,,,,,"8",,,,,,"9","291",,,,,,,,,,,,,"226","69","798","172","7","0",,"1","1FFFFF","1AAAAAAAA1AAAA","4",,,,,,,,,,,,,,,
"4300531","2016-09-19T10:19:00","21.86","129.45",,,"1","4","2","5",,,,"11",,,,,,,,,,,,"8",,,,,,"9","298",,,,,,,,,,,,,"226","19","798","172","7","0",,"1","1FFFFF","1AAAAAAAA1AAAA","4",,,,,,,,,,,,,,,
"3200623","2016-09-19T10:27:00","26.33","129.75",,,"1","4","2","5",,,,"11",,,,,,,,,,,,"8",,,,,,"9","291",,,,,,,,,,,,,"226","69","798","172","7","1","2","1","1FFFFF","1AAAAAAAA1AAAA","4",,,,,,,,,,,,,,,
"5100523","2016-09-19T10:30:00","24.33","124.19",,,"1","4","2","5",,,,"11",,,,,,,,,,,,"8",,,,,,"9","258",,,,,,,,,,,,,"226","44","798","172","7","1","2","1","1FFFFF","1AAAAAAAA1AAAA","4",,,,,,,,,,,,,,,
"3200623","2016-09-19T10:36:00","26.33","129.75",,,"1","4","2","5",,,,"11",,,,,,,,,,,,"8",,,,,,"9","291",,,,,,,,,,,,,"226","69","798","172","7","1","2","1","1FFFFF","1AAAAAAAA1AAAA","4",,,,,,,,,,,,,,,
"3200623","2016-09-19T10:38:00","26.34","129.76",,,"1","4","2","5",,,,"11",,,,,,,,,,,,"8",,,,,,"9","291",,,,,,,,,,,,,"226","69","798","172","7","0",,"1","1FFFFF","1AAAAAAAA1AAAA","4",,,,,,,,,,,,,,,
"3200560","2016-09-19T10:39:00","21.04","124.68",,,"1","4","2","5",,,,"11",,,,,,,,,,,,"8",,,,,,"9","287",,,,,,,,,,,,,"226","14","798","172","7","0",,"1","1FFFFF","1AAAAAAAA1AAAA","4",,,,,,,,,,,,,,,
"3200623","2016-09-19T10:43:00","26.34","129.76",,,"1","4","2","5",,,,"11",,,,,,,,,,,,"8",,,,,,"9","291",,,,,,,,,,,,,"226","69","798","172","7","1","2","1","1FFFFF","1AAAAAAAA1AAAA","4",,,,,,,,,,,,,,,
"5100523","2016-09-19T10:44:00","24.33","124.19",,,"1","4","2","5",,,,"11",,,,,,,,,,,,"8",,,,,,"9","258",,,,,,,,,,,,,"226","44","798","172","7","1","2","1","1FFFFF","1AAAAAAAA1AAAA","4",,,,,,,,,,,,,,,
"5100523","2016-09-19T10:45:00","24.33","124.19",,,"1","4","2","5",,,,"11",,,,,,,,,,,,"8",,,,,,"9","257",,,,,,,,,,,,,"226","44","798","172","7","1","2","1","1FFFFF","1AAAAAAAA1AAAA","4",,,,,,,,,,,,,,,
"3200560","2016-09-19T11:00:00","21.04","124.68",,,"1","4","2","5",,,,"11",,,,,,,,,,,,"8",,,,,,"9","287",,,,,,,,,,,,,"226","14","798","172","7","1","2","1","1FFFFF","1AAAAAAAA1AAAA","4",,,,,,,,,,,,,,,
"4300531","2016-09-19T11:00:00","21.86","129.45",,,"1","4","2","5",,,,"11",,,,,,,,,,,,"8",,,,,,"9","298",,,,,,,,,,,,,"226","19","798","172","7","1","2","1","1FFFFF","1AAAAAAAA1AAAA","4",,,,,,,,,,,,,,,
"VRPY6","2016-09-19T11:00:00","26.90","123.90",,,"1","4","0","0","8","2",,"1","0","10","3","149",,"97","2","2","10100","4","0","3","260","0","230",,"220","3","250","7","2","0","5","9","6",,"10","6","0","12","6","226","63","992","114","5","1","2","1","111111","11111111111171",,,"1","2",,,,,,,,,,,"4",
"VRPY7","2016-09-19T11:00:00","21.90","122.80",,,"1","4","0","0","5","3",,"1","0","30","4","103",,"97","2","2","10110","5","10","0","270","0","260",,"256",,,"6","5","9","6","7","5",,,,"32","1","4","226","12","992","114","5","1","2","1","F11111","111111111A1A11",,,"1","2",,,,,,,,,,,"4",
"3200623","2016-09-19T11:18:00","26.33","129.75",,,"1","4","2","5",,,,"11",,,,,,,,,,,,"8",,,,,,"9","291",,,,,,,,,,,,,"226","69","798","172","7","1","2","1","1FFFFF","1AAAAAAAA1AAAA","4",,,,,,,,,,,,,,,
"3200560","2016-09-19T12:00:00","21.04","124.71",,,"1","4","2","5",,,,"11",,,,,,,,,,,,"8",,,,,,"9","287",,,,,,,,,,,,,"226","14","798","172","7","1","2","1","1FFFFF","1AAAAAAAA1AAAA","4",,,,,,,,,,,,,,,
"4300531","2016-09-19T12:00:00","21.88","129.44",,,"1","4","2","5",,,,"11",,,,,,,,,,,,"8",,,,,,"9","298",,,,,,,,,,,,,"226","19","798","172","7","1","2","1","1FFFFF","1AAAAAAAA1AAAA","4",,,,,,,,,,,,,,,
"5100523","2016-09-19T12:00:00","24.33","124.19",,,"1","4","2","5",,,,"11",,,,,,,,,,,,"8",,,,,,"9","257",,,,,,,,,,,,,"226","44","798","172","7","1","2","1","1FFFFF","1AAAAAAAA1AAAA","4",,,,,,,,,,,,,,,
"VRPY6","2016-09-19T12:00:00","27.00","123.90",,,"1","4","0","0","8","2",,"1","0","10","3","139",,"97","2","2","10110","2","10","3","250","0","230",,"220","3","260","7","2","0","5","9","6",,"10","6","0","12","6","226","73","992","114","5","1","2","1","111111","11111111111171",,,"1","2",,,,,,,,,,,"4",
"4300531","2016-09-19T12:02:00","21.88","129.44",,,"1","4","2","5",,,,"11",,,,,,,,,,,,"8",,,,,,"9","298",,,,,,,,,,,,,"226","19","798","172","7","0",,"1","1FFFFF","1AAAAAAAA1AAAA","4",,,,,,,,,,,,,,,
"3200560","2016-09-19T12:03:00","21.04","124.71",,,"1","4","2","5",,,,"11",,,,,,,,,,,,"8",,,,,,"9","287",,,,,,,,,,,,,"226","14","798","172","7","0",,"1","1FFFFF","1AAAAAAAA1AAAA","4",,,,,,,,,,,,,,,
"3200623","2016-09-19T12:03:00","26.35","129.80",,,"1","4","2","5",,,,"11",,,,,,,,,,,,"8",,,,,,"9","291",,,,,,,,,,,,,"226","69","798","172","7","1","2","1","1FFFFF","1AAAAAAAA1AAAA","4",,,,,,,,,,,,,,,
"3200623","2016-09-19T12:05:00","26.35","129.80",,,"1","4","2","5",,,,"11",,,,,,,,,,,,"8",,,,,,"9","291",,,,,,,,,,,,,"226","69","798","172","7","1","2","1","1FFFFF","1AAAAAAAA1AAAA","4",,,,,,,,,,,,,,,
"3200623","2016-09-19T12:08:00","26.35","129.80",,,"1","4","2","5",,,,"11",,,,,,,,,,,,"8",,,,,,"9","291",,,,,,,,,,,,,"226","69","798","172","7","1","2","1","1FFFFF","1AAAAAAAA1AAAA","4",,,,,,,,,,,,,,,
"5100523","2016-09-19T12:45:00","24.33","124.19",,,"1","4","2","5",,,,"11",,,,,,,,,,,,"8",,,,,,"9","258",,,,,,,,,,,,,"226","44","798","172","7","1","2","1","1FFFFF","1AAAAAAAA1AAAA","4",,,,,,,,,,,,,,,
"3200560","2016-09-19T12:58:00","21.04","124.72",,,"1","4","2","5",,,,"11",,,,,,,,,,,,"8",,,,,,"9","287",,,,,,,,,,,,,"226","14","798","172","7","0",,"1","1FFFFF","1AAAAAAAA1AAAA","4",,,,,,,,,,,,,,,
"5100523","2016-09-19T12:58:00","24.33","124.19",,,"1","4","2","5",,,,"11",,,,,,,,,,,,"8",,,,,,"9","258",,,,,,,,,,,,,"226","44","798","172","7","0",,"1","1FFFFF","1AAAAAAAA1AAAA","4",,,,,,,,,,,,,,,
"3200560","2016-09-19T13:00:00","21.04","124.72",,,"1","4","2","5",,,,"11",,,,,,,,,,,,"8",,,,,,"9","287",,,,,,,,,,,,,"226","14","798","172","7","1","2","1","1FFFFF","1AAAAAAAA1AAAA","4",,,,,,,,,,,,,,,
"3200623","2016-09-19T13:00:00","26.35","129.80",,,"1","4","2","5",,,,"11",,,,,,,,,,,,"8",,,,,,"9","290",,,,,,,,,,,,,"226","69","798","172","7","1","2","1","1FFFFF","1AAAAAAAA1AAAA","4",,,,,,,,,,,,,,,
"4300531","2016-09-19T13:00:00","21.88","129.44",,,"1","4","2","5",,,,"11",,,,,,,,,,,,"8",,,,,,"9","298",,,,,,,,,,,,,"226","19","798","172","7","1","2","1","1FFFFF","1AAAAAAAA1AAAA","4",,,,,,,,,,,,,,,
"5100523","2016-09-19T13:00:00","24.33","124.19",,,"1","4","2","5",,,,"11",,,,,,,,,,,,"8",,,,,,"9","258",,,,,,,,,,,,,"226","44","798","172","7","1","2","1","1FFFFF","1AAAAAAAA1AAAA","4",,,,,,,,,,,,,,,
"VRPY6","2016-09-19T13:00:00","27.20","123.90",,,"1","4","0","0","8","2",,"1","0","10","3","139",,"97","2","2","10110","4","0","3","250","0","230",,"220","3","260","7","2","0","5","7","0",,"10","6","0","12","6","226","73","992","114","5","1","2","1","111111","11111111111171",,,"1","2",,,,,,,,,,,"4",
"5100523","2016-09-19T13:30:00","24.33","124.19",,,"1","4","2","5",,,,"11",,,,,,,,,,,,"8",,,,,,"9","258",,,,,,,,,,,,,"226","44","798","172","7","1","2","1","1FFFFF","1AAAAAAAA1AAAA","4",,,,,,,,,,,,,,,
"3200560","2016-09-19T13:42:00","21.03","124.73",,,"1","4","2","5",,,,"11",,,,,,,,,,,,"8",,,,,,"9","287",,,,,,,,,,,,,"226","14","798","172","7","1","2","1","1FFFFF","1AAAAAAAA1AAAA","4",,,,,,,,,,,,,,,
"4300531","2016-09-19T13:42:00","21.91","129.43",,,"1","4","2","5",,,,"11",,,,,,,,,,,,"8",,,,,,"9","297",,,,,,,,,,,,,"226","19","798","172","7","0",,"1","1FFFFF","1AAAAAAAA1AAAA","4",,,,,,,,,,,,,,,
"3200623","2016-09-19T13:44:00","26.34","129.85",,,"1","4","2","5",,,,"11",,,,,,,,,,,,"8",,,,,,"9","290",,,,,,,,,,,,,"226","69","798","172","7","0",,"1","1FFFFF","1AAAAAAAA1AAAA","4",,,,,,,,,,,,,,,
"3200623","2016-09-19T13:46:00","26.34","129.85",,,"1","4","2","5",,,,"11",,,,,,,,,,,,"8",,,,,,"9","290",,,,,,,,,,,,,"226","69","798","172","7","1","2","1","1FFFFF","1AAAAAAAA1AAAA","4",,,,,,,,,,,,,,,
"3200560","2016-09-19T14:00:00","21.03","124.73",,,"1","4","2","5",,,,"11",,,,,,,,,,,,"8",,,,,,"9","287",,,,,,,,,,,,,"226","14","798","172","7","1","2","1","1FFFFF","1AAAAAAAA1AAAA","4",,,,,,,,,,,,,,,
"4300531","2016-09-19T14:00:00","21.91","129.43",,,"1","4","2","5",,,,"11",,,,,,,,,,,,"8",,,,,,"9","297",,,,,,,,,,,,,"226","19","798","172","7","1","2","1","1FFFFF","1AAAAAAAA1AAAA","4",,,,,,,,,,,,,,,
"9V9132","2016-09-19T14:00:00","27.20","122.60",,,"1","4","0","0","4","3",,"1","0","10","4","139",,"97",,"2","10130","4",,"3","250","1","220",,"210","3","260","5","5","4","3","9","A",,"10","8","33","10","8","226","72","992","114","5","1","2","1","111111","111A1111111117",,,"1","2","33","10","8",,,,,,,,"4",
"VRPY6","2016-09-19T14:00:00","27.30","123.90",,,"1","4","0","0","8","2",,"1","0","360","3","118",,"97","2","2","10110","4","0","3","260","0","230",,"220","3","260","7","2","0","5","7","0",,"10","6","0","12","6","226","73","992","114","5","1","2","1","111111","11111111111171",,,"1","2",,,,,,,,,,,"4",
"2AKI2","2016-09-19T15:00:00","27.50","123.40",,,"1","4","0","0","8","4","1","1","0","10","4","154",,"98","0",,"10098","2","14","0","260","0","217",,"194","1","278","2",,,"2",,,,"99",,"1","7","7","226","73","992","114","5","1","2","1","111111","1111A111111711",,,"1",,,,,,,,,,,,"4",
"3200560","2016-09-19T15:00:00","21.03","124.73",,,"1","4","2","5",,,,"11",,,,,,,,,,,,"8",,,,,,"9","287",,,,,,,,,,,,,"226","14","798","172","7","1","2","1","1FFFFF","1AAAAAAAA1AAAA","4",,,,,,,,,,,,,,,
"4300531","2016-09-19T15:00:00","21.91","129.43",,,"1","4","2","5",,,,"11",,,,,,,,,,,,"8",,,,,,"9","297",,,,,,,,,,,,,"226","19","798","172","7","1","2","1","1FFFFF","1AAAAAAAA1AAAA","4",,,,,,,,,,,,,,,
"VRDY5","2016-09-19T15:00:00","28.20","122.30",,,"1","4","0","0","1","2",,"1","0","360","3","108",,"97","3","2","10179","2","4","0","250","0","230",,"220","3","303","5","2","4","5","6","4",,"5","5","36","5","5","226","82","992","114","5","1","2","1","111111","11111111111111",,,"1","2",,,,,,,,,,,"4",
"VRPY6","2016-09-19T15:00:00","27.50","123.90",,,"1","4","0","0","8","2",,"1","0","10","3","123",,"97","2","2","10110","4","0","3","260","0","230",,"220","3","260","8","2","0","5","7","0",,"10","6","0","12","6","226","73","992","114","5","1","2","1","111111","11111111111171",,,"1","2",,,,,,,,,,,"4",
"3200560","2016-09-19T16:00:00","21.03","124.73",,,"1","4","2","5",,,,"11",,,,,,,,,,,,"8",,,,,,"9","287",,,,,,,,,,,,,"226","14","798","172","7","1","2","1","1FFFFF","1AAAAAAAA1AAAA","4",,,,,,,,,,,,,,,
"4300531","2016-09-19T16:00:00","21.91","129.43",,,"1","4","2","5",,,,"11",,,,,,,,,,,,"8",,,,,,"9","297",,,,,,,,,,,,,"226","19","798","172","7","1","2","1","1FFFFF","1AAAAAAAA1AAAA","4",,,,,,,,,,,,,,,
"VRPY6","2016-09-19T16:00:00","27.60","123.90",,,"1","4","0","0","8","2",,"1","0","20","3","149",,"97","2","2","10110","4","0","3","250","0","220",,"210","3","260","8","2","0","5","7","0",,"10","6","0","12","6","226","73","992","114","5","1","2","1","111111","11111111111171",,,"1","2",,,,,,,,,,,"4",
"3200560","2016-09-19T17:00:00","20.99","124.81",,,"1","4","2","5",,,,"11",,,,,,,,,,,,"8",,,,,,"9","287",,,,,,,,,,,,,"226","4","798","172","7","1","2","1","1FFFFF","1AAAAAAAA1AAAA","4",,,,,,,,,,,,,,,
"4300531","2016-09-19T17:00:00","21.91","129.43",,,"1","4","2","5",,,,"11",,,,,,,,,,,,"8",,,,,,"9","297",,,,,,,,,,,,,"226","19","798","172","7","1","2","1","1FFFFF","1AAAAAAAA1AAAA","4",,,,,,,,,,,,,,,
"VRPY6","2016-09-19T17:00:00","27.70","123.90",,,"1","4","0","0","8","2",,"1","0","10","3","129",,"97","2","2","10110","4","0","3","250","0","220",,"210","3","260","8","2","0","5","7","0",,"10","6","0","12","6","226","73","992","114","5","1","2","1","111111","11111111111171",,,"1","2",,,,,,,,,,,"4",
"3200623","2016-09-19T17:02:00","26.32","129.94",,,"1","4","2","5",,,,"11",,,,,,,,,,,,"8",,,,,,"9","290",,,,,,,,,,,,,"226","69","798","172","7","0",,"1","1FFFFF","1AAAAAAAA1AAAA","4",,,,,,,,,,,,,,,
"3200623","2016-09-19T17:04:00","26.32","129.94",,,"1","4","2","5",,,,"11",,,,,,,,,,,,"8",,,,,,"9","290",,,,,,,,,,,,,"226","69","798","172","7","1","2","1","1FFFFF","1AAAAAAAA1AAAA","4",,,,,,,,,,,,,,,
"3200623","2016-09-19T17:07:00","26.32","129.94",,,"1","4","2","5",,,,"11",,,,,,,,,,,,"8",,,,,,"9","290",,,,,,,,,,,,,"226","69","798","172","7","1","2","1","1FFFFF","1AAAAAAAA1AAAA","4",,,,,,,,,,,,,,,
"3200560","2016-09-19T18:00:00","20.99","124.81",,,"1","4","2","5",,,,"11",,,,,,,,,,,,"8",,,,,,"9","287",,,,,,,,,,,,,"226","4","798","172","7","1","2","1","1FFFFF","1AAAAAAAA1AAAA","4",,,,,,,,,,,,,,,
"4300531","2016-09-19T18:00:00","21.96","129.46",,,"1","4","2","5",,,,"11",,,,,,,,,,,,"8",,,,,,"9","297",,,,,,,,,,,,,"226","19","798","172","7","1","2","1","1FFFFF","1AAAAAAAA1AAAA","4",,,,,,,,,,,,,,,
"A8KY7","2016-09-19T18:00:00","25.60","121.00",,,"1","4","0","0","1","4",,"1","0","50","4","123",,"97","2","0","10100","5","10","0","260","0","230",,"215",,,"3","3","A","5","4","A",,"6","4","0",,,"226","51","992","114","5","1","2","1","F11111","111111111A1131",,,"1","0","0",,,,,,,,,,"4",
"A8RV6","2016-09-19T18:00:00","25.30","122.80",,,"1","4","0","0",,,,"1","0","50","4","175",,"98","3","2","10100","4","0","0","260",,,,"232",,,"8",,,"5",,,,,,,,,"226","52","992","114","5","1","2","1","F11111","1111111A1A1AA1",,,"1","2",,,,,,,,,,,"4",
"C6LG6","2016-09-19T18:00:00","25.70","126.70",,,"1","4","0","0","1","3","1","1","0","330","1","160",,"98","0","0","10070","4","0","0","280","0","255",,"244",,,"3","3","1","4","0","0",,"4","4","16","6","7","226","56","992","114","5","1","2","1","F11211","111111111A1111",,,"1","0",,,,,,,,,,,"4",
"VRPY6","2016-09-19T18:00:00","27.80","123.90",,,"1","4","0","0","8","2",,"1","0","10","3","154",,"97","2","2","10110","4","0","3","250","0","220",,"210","3","260","8","2","0","5","7","0",,"10","6","0","12","6","226","73","992","114","5","1","2","1","111111","11111111111171",,,"1","2",,,,,,,,,,,"4",
"VRPY7","2016-09-19T18:00:00","21.00","121.30",,,"1","4","0","0","5","3",,"1","0","50","4","82",,,,,"10120","4","0","0","250","0","240",,"236",,,"4","3","1","2","5","4",,"10","4",,"8","3","226","11","992","114","5","1","2","1","F11111","11AAA1111A1171",,,"1",,,,,,,,,,,,"4",
"5100523","2016-09-19T18:30:00","24.34","124.18",,,"1","4","2","5",,,,"11",,,,,,,,,,,,"8",,,,,,"9","253",,,,,,,,,,,,,"226","44","798","172","7","1","2","1","1FFFFF","1AAAAAAAA1AAAA","4",,,,,,,,,,,,,,,
"3200623","2016-09-19T18:43:00","26.30","129.97",,,"1","4","2","5",,,,"11",,,,,,,,,,,,"8",,,,,,"9","290",,,,,,,,,,,,,"226","69","798","172","7","0",,"1","1FFFFF","1AAAAAAAA1AAAA","4",,,,,,,,,,,,,,,
"3200560","2016-09-19T18:44:00","20.99","124.82",,,"1","4","2","5",,,,"11",,,,,,,,,,,,"8",,,,,,"9","287",,,,,,,,,,,,,"226","4","798","172","7","1","2","1","1FFFFF","1AAAAAAAA1AAAA","4",,,,,,,,,,,,,,,
"4300531","2016-09-19T18:45:00","21.96","129.46",,,"1","4","2","5",,,,"11",,,,,,,,,,,,"8",,,,,,"9","297",,,,,,,,,,,,,"226","19","798","172","7","0",,"1","1FFFFF","1AAAAAAAA1AAAA","4",,,,,,,,,,,,,,,
"5100523","2016-09-19T18:45:00","24.34","124.18",,,"1","4","2","5",,,,"11",,,,,,,,,,,,"8",,,,,,"9","255",,,,,,,,,,,,,"226","44","798","172","7","1","2","1","1FFFFF","1AAAAAAAA1AAAA","4",,,,,,,,,,,,,,,
"3200623","2016-09-19T18:47:00","26.30","129.97",,,"1","4","2","5",,,,"11",,,,,,,,,,,,"8",,,,,,"9","290",,,,,,,,,,,,,"226","69","798","172","7","1","2","1","1FFFFF","1AAAAAAAA1AAAA","4",,,,,,,,,,,,,,,
"3200560","2016-09-19T19:00:00","20.99","124.82",,,"1","4","2","5",,,,"11",,,,,,,,,,,,"8",,,,,,"9","287",,,,,,,,,,,,,"226","4","798","172","7","1","2","1","1FFFFF","1AAAAAAAA1AAAA","4",,,,,,,,,,,,,,,
"4300531","2016-09-19T19:00:00","21.96","129.46",,,"1","4","2","5",,,,"11",,,,,,,,,,,,"8",,,,,,"9","297",,,,,,,,,,,,,"226","19","798","172","7","1","2","1","1FFFFF","1AAAAAAAA1AAAA","4",,,,,,,,,,,,,,,
"VRPY6","2016-09-19T19:00:00","28.00","123.90",,,"1","4","0","0","8","2",,"1","0","10","3","139",,"97","2","2","10110","4","0","3","250","0","220",,"210","3","260","8","2","0","5","7","0",,"10","6","0","12","6","226","83","992","114","5","1","2","1","111111","11111111111171",,,"1","2",,,,,,,,,,,"4",
"3200560","2016-09-19T20:00:00","20.99","124.82",,,"1","4","2","5",,,,"11",,,,,,,,,,,,"8",,,,,,"9","287",,,,,,,,,,,,,"226","4","798","172","7","1","2","1","1FFFFF","1AAAAAAAA1AAAA","4",,,,,,,,,,,,,,,
"4300531","2016-09-19T20:00:00","21.96","129.48",,,"1","4","2","5",,,,"11",,,,,,,,,,,,"8",,,,,,"9","297",,,,,,,,,,,,,"226","19","798","172","7","1","2","1","1FFFFF","1AAAAAAAA1AAAA","4",,,,,,,,,,,,,,,
"5100523","2016-09-19T20:00:00","24.34","124.18",,,"1","4","2","5",,,,"11",,,,,,,,,,,,"8",,,,,,"9","255",,,,,,,,,,,,,"226","44","798","172","7","1","2","1","1FFFFF","1AAAAAAAA1AAAA","4",,,,,,,,,,,,,,,
"VRPY6","2016-09-19T20:00:00","28.10","123.90",,,"1","4","0","0","8","2",,"1","0","10","3","139",,"97","2","2","10110","4","0","3","250","0","220",,"210","3","260","8","2","0","5","7","0",,"10","6","0","12","6","226","83","992","114","5","1","2","1","111111","11111111111171",,,"1","2",,,,,,,,,,,"4",
"4300531","2016-09-19T20:08:00","21.96","129.48",,,"1","4","2","5",,,,"11",,,,,,,,,,,,"8",,,,,,"9","297",,,,,,,,,,,,,"226","19","798","172","7","0",,"1","1FFFFF","1AAAAAAAA1AAAA","4",,,,,,,,,,,,,,,
"3200623","2016-09-19T20:09:00","26.29","129.99",,,"1","4","2","5",,,,"11",,,,,,,,,,,,"8",,,,,,"9","290",,,,,,,,,,,,,"226","69","798","172","7","0",,"1","1FFFFF","1AAAAAAAA1AAAA","4",,,,,,,,,,,,,,,
"3200623","2016-09-19T20:13:00","26.29","129.99",,,"1","4","2","5",,,,"11",,,,,,,,,,,,"8",,,,,,"9","290",,,,,,,,,,,,,"226","69","798","172","7","1","2","1","1FFFFF","1AAAAAAAA1AAAA","4",,,,,,,,,,,,,,,
"3200623","2016-09-19T20:23:00","26.29","129.99",,,"1","4","2","5",,,,"11",,,,,,,,,,,,"8",,,,,,"9","290",,,,,,,,,,,,,"226","69","798","172","7","1","2","1","1FFFFF","1AAAAAAAA1AAAA","4",,,,,,,,,,,,,,,
"3200623","2016-09-19T20:30:00","26.29","129.99",,,"1","4","2","5",,,,"11",,,,,,,,,,,,"8",,,,,,"9","290",,,,,,,,,,,,,"226","69","798","172","7","1","2","1","1FFFFF","1AAAAAAAA1AAAA","4",,,,,,,,,,,,,,,
"5100523","2016-09-19T20:30:00","24.34","124.18",,,"1","4","2","5",,,,"11",,,,,,,,,,,,"8",,,,,,"9","255",,,,,,,,,,,,,"226","44","798","172","7","1","2","1","1FFFFF","1AAAAAAAA1AAAA","4",,,,,,,,,,,,,,,
"2IWZ7","2016-09-19T21:00:00","25.10","125.20",,,"1","4","0","0","6","4","1","1","0","10","4","149",,"97","2","2","10224","2","15","0","275","0","258",,"251","1","290","8","8","6","2","A","A",,"4","2","36","6","7","226","55","992","114","5","1","2","1","111151","11111111111111",,,"1","2",,,,,,,,,,,"4",
"3200560","2016-09-19T21:00:00","20.96","124.82",,,"1","4","2","5",,,,"11",,,,,,,,,,,,"8",,,,,,"9","287",,,,,,,,,,,,,"226","4","798","172","7","1","2","1","1FFFFF","1AAAAAAAA1AAAA","4",,,,,,,,,,,,,,,
"4300531","2016-09-19T21:00:00","21.98","129.48",,,"1","4","2","5",,,,"11",,,,,,,,,,,,"8",,,,,,"9","297",,,,,,,,,,,,,"226","19","798","172","7","1","2","1","1FFFFF","1AAAAAAAA1AAAA","4",,,,,,,,,,,,,,,
"5100523","2016-09-19T21:00:00","24.34","124.18",,,"1","4","2","5",,,,"11",,,,,,,,,,,,"8",,,,,,"9","253",,,,,,,,,,,,,"226","44","798","172","7","1","2","1","1FFFFF","1AAAAAAAA1AAAA","4",,,,,,,,,,,,,,,
"VRPY6","2016-09-19T21:00:00","28.20","123.90",,,"1","4","0","0","8","2",,"1","0","10","3","139",,"97","2","2","10110","4","0","3","250","0","220",,"210","3","260","8","2","0","5","7","0",,"10","6","0","12","6","226","83","992","114","5","1","2","1","111111","11111111111171",,,"1","2",,,,,,,,,,,"4",
"VRPY7","2016-09-19T21:00:00","20.50","120.70",,,"1","4","0","0","5","3",,"1","0","60","4","113",,"97","2","2","10110","4","0","0","240","0","200",,"180",,,"7","6","2","7","8","8",,,,"23","10","3","226","0","992","114","5","1","2","1","F21111","111111111A1A11",,,"1","2",,,,,,,,,,,"4",
"3200623","2016-09-19T21:11:00","26.28","129.99",,,"1","4","2","5",,,,"11",,,,,,,,,,,,"8",,,,,,"9","291",,,,,,,,,,,,,"226","69","798","172","7","0",,"1","1FFFFF","1AAAAAAAA1AAAA","4",,,,,,,,,,,,,,,
"4300531","2016-09-19T21:12:00","21.98","129.48",,,"1","4","2","5",,,,"11",,,,,,,,,,,,"8",,,,,,"9","297",,,,,,,,,,,,,"226","19","798","172","7","0",,"1","1FFFFF","1AAAAAAAA1AAAA","4",,,,,,,,,,,,,,,
"3200560","2016-09-19T21:14:00","20.96","124.82",,,"1","4","2","5",,,,"11",,,,,,,,,,,,"8",,,,,,"9","287",,,,,,,,,,,,,"226","4","798","172","7","0",,"1","1FFFFF","1AAAAAAAA1AAAA","4",,,,,,,,,,,,,,,
"3200623","2016-09-19T21:14:00","26.28","129.99",,,"1","4","2","5",,,,"11",,,,,,,,,,,,"8",,,,,,"9","291",,,,,,,,,,,,,"226","69","798","172","7","1","2","1","1FFFFF","1AAAAAAAA1AAAA","4",,,,,,,,,,,,,,,
"5100523","2016-09-19T21:15:00","24.34","124.18",,,"1","4","2","5",,,,"11",,,,,,,,,,,,"8",,,,,,"9","253",,,,,,,,,,,,,"226","44","798","172","7","1","2","1","1FFFFF","1AAAAAAAA1AAAA","4",,,,,,,,,,,,,,,
"5100523","2016-09-19T21:30:00","24.33","124.19",,,"1","4","2","5",,,,"11",,,,,,,,,,,,"8",,,,,,"9","253",,,,,,,,,,,,,"226","44","798","172","7","1","2","1","1FFFFF","1AAAAAAAA1AAAA","4",,,,,,,,,,,,,,,
"5100523","2016-09-19T21:45:00","24.33","124.19",,,"1","4","2","5",,,,"11",,,,,,,,,,,,"8",,,,,,"9","253",,,,,,,,,,,,,"226","44","798","172","7","1","2","2","1FFFFF","1AAAAAAAA1AAAA","4",,,,,,,,,,,,,,,
"5100523","2016-09-19T21:47:00","24.33","124.19",,,"1","4","2","5",,,,"11",,,,,,,,,,,,"8",,,,,,"9","254",,,,,,,,,,,,,"226","44","798","172","7","1","2","2","1FFFFF","1AAAAAAAA1AAAA","4",,,,,,,,,,,,,,,
"3200560","2016-09-19T21:48:00","20.95","124.81",,,"1","4","2","5",,,,"11",,,,,,,,,,,,"8",,,,,,"9","287",,,,,,,,,,,,,"226","4","798","172","7","0",,"2","1FFFFF","1AAAAAAAA1AAAA","4",,,,,,,,,,,,,,,
"4300531","2016-09-19T21:48:00","21.98","129.48",,,"1","4","2","5",,,,"11",,,,,,,,,,,,"8",,,,,,"9","297",,,,,,,,,,,,,"226","19","798","172","7","0",,"2","1FFFFF","1AAAAAAAA1AAAA","4",,,,,,,,,,,,,,,
"3200560","2016-09-19T22:00:00","20.95","124.81",,,"1","4","2","5",,,,"11",,,,,,,,,,,,"8",,,,,,"9","287",,,,,,,,,,,,,"226","4","798","172","7","1","2","2","1FFFFF","1AAAAAAAA1AAAA","4",,,,,,,,,,,,,,,
"4300531","2016-09-19T22:00:00","21.98","129.48",,,"1","4","2","5",,,,"11",,,,,,,,,,,,"8",,,,,,"9","297",,,,,,,,,,,,,"226","19","798","172","7","1","2","2","1FFFFF","1AAAAAAAA1AAAA","4",,,,,,,,,,,,,,,
"5100523","2016-09-19T22:00:00","24.33","124.19",,,"1","4","2","5",,,,"11",,,,,,,,,,,,"8",,,,,,"9","254",,,,,,,,,,,,,"226","44","798","172","7","1","2","2","1FFFFF","1AAAAAAAA1AAAA","4",,,,,,,,,,,,,,,
"VRPY7","2016-09-19T22:00:00","20.30","120.40",,,"1","4","0","0","5","3",,"1","0","60","4","113",,"97","2","2","10110","4",,"0","250","0","220",,"207",,,"7","6","2","7","8","5",,,,"5","10","3","226","0","992","114","5","1","2","2","F11111","111111111A1A17",,,"1","2",,,,,,,,,,,"4",
"5100523","2016-09-19T22:07:00","24.33","124.19",,,"1","4","2","5",,,,"11",,,,,,,,,,,,"8",,,,,,"9","262",,,,,,,,,,,,,"226","44","798","172","7","1","2","2","1FFFFF","1AAAAAAAA1AAAA","4",,,,,,,,,,,,,,,
"5100523","2016-09-19T22:15:00","24.33","124.19",,,"1","4","2","5",,,,"11",,,,,,,,,,,,"8",,,,,,"9","257",,,,,,,,,,,,,"226","44","798","172","7","1","2","2","1FFFFF","1AAAAAAAA1AAAA","4",,,,,,,,,,,,,,,
"5100523","2016-09-19T22:45:00","24.33","124.19",,,"1","4","2","5",,,,"11",,,,,,,,,,,,"8",,,,,,"9","262",,,,,,,,,,,,,"226","44","798","172","7","1","2","2","1FFFFF","1AAAAAAAA1AAAA","4",,,,,,,,,,,,,,,
"3200560","2016-09-19T22:53:00","20.94","124.82",,,"1","4","2","5",,,,"11",,,,,,,,,,,,"8",,,,,,"9","287",,,,,,,,,,,,,"226","4","798","172","7","0",,"2","1FFFFF","1AAAAAAAA1AAAA","4",,,,,,,,,,,,,,,
"4300531","2016-09-19T22:54:00","22.00","129.48",,,"1","4","2","5",,,,"11",,,,,,,,,,,,"8",,,,,,"9","297",,,,,,,,,,,,,"226","29","798","172","7","0",,"2","1FFFFF","1AAAAAAAA1AAAA","4",,,,,,,,,,,,,,,
"3200560","2016-09-19T23:00:00","20.94","124.82",,,"1","4","2","5",,,,"11",,,,,,,,,,,,"8",,,,,,"9","287",,,,,,,,,,,,,"226","4","798","172","7","1","2","2","1FFFFF","1AAAAAAAA1AAAA","4",,,,,,,,,,,,,,,
"4300531","2016-09-19T23:00:00","22.00","129.48",,,"1","4","2","5",,,,"11",,,,,,,,,,,,"8",,,,,,"9","297",,,,,,,,,,,,,"226","29","798","172","7","1","2","2","1FFFFF","1AAAAAAAA1AAAA","4",,,,,,,,,,,,,,,
"VRPY6","2016-09-19T23:00:00","28.50","123.90",,,"1","4","0","0","8","2",,"1","0","10","3","139",,"97","2","2","10110","4","0","3","250","0","220",,"210","3","260","8","2","0","5","7","0",,"10","6","0","12","6","226","83","992","114","5","1","2","2","111111","11111111111171",,,"1","2",,,,,,,,,,,"4",
"3200560","2016-09-20T00:00:00","20.92","124.82",,,"1","4","2","5",,,,"11",,,,,,,,,,,,"8",,,,,,"9","288",,,,,,,,,,,,,"226","4","798","172","7","1","2","2","1FFFFF","1AAAAAAAA1AAAA","4",,,,,,,,,,,,,,,
"4300531","2016-09-20T00:00:00","22.01","129.50",,,"1","4","2","5",,,,"11",,,,,,,,,,,,"8",,,,,,"9","298",,,,,,,,,,,,,"226","29","798","172","7","1","2","2","1FFFFF","1AAAAAAAA1AAAA","4",,,,,,,,,,,,,,,
"9V9132","2016-09-20T00:00:00","25.70","121.20",,,"1","4","0","0","5","3",,"1","0","20","4","123",,"97","2","2","10140","2","20","3","270","0","240",,"230","1","260","7","6","5","5","6","3",,,,"1","10","7","226","51","992","114","5","1","2","2","111111","11111111111A11",,,"1","2","38",,,,"0","0","A","0","A","A","4",
"A8KY7","2016-09-20T00:00:00","26.80","122.20",,,"1","4","0","0","1","4",,"1","0","360","4","129",,"97","2","1","10085","2","15","0","240","0","220",,"210","1",,"3","3","1","4","0","0",,"5","6","1","9","6","226","62","992","114","5","1","2","2","611111","11111111111111",,,"1","1",,,,,,,,,,,"4",
"VR007","2016-09-20T00:00:00","27.90","121.80",,,"1","4","0","0","5","4",,"1","0","250","4","113",,"98","3","1","10136","1","23","0","230","0","200",,"183",,"260","3","3","6","2","2","A",,"5","4","5","6","4","226","71","992","114","5","1","2","2","115111","11111111111111",,,"1","1",,,,,,,,,,,"4",
"VRPY6","2016-09-20T00:00:00","28.70","123.90",,,"1","4","0","0","8","2",,"1","0","20","3","123",,"97","2","2","10140","2","30","3","250","0","210",,"190","3","260","8","2","0","5","7","0",,"10","6","0","12","6","226","83","992","114","5","1","2","2","111111","11111111111171",,,"1","2",,,,,,,,,,,"4",
"5100523","2016-09-20T00:15:00","24.34","124.20",,,"1","4","2","5",,,,"11",,,,,,,,,,,,"8",,,,,,"9","291",,,,,,,,,,,,,"226","44","798","172","7","1","2","2","1FFFFF","1AAAAAAAA1AAAA","4",,,,,,,,,,,,,,,
"4300531","2016-09-20T00:29:00","22.01","129.50",,,"1","4","2","5",,,,"11",,,,,,,,,,,,"8",,,,,,"9","298",,,,,,,,,,,,,"226","29","798","172","7","0",,"2","1FFFFF","1AAAAAAAA1AAAA","4",,,,,,,,,,,,,,,
"3200560","2016-09-20T00:30:00","20.92","124.82",,,"1","4","2","5",,,,"11",,,,,,,,,,,,"8",,,,,,"9","288",,,,,,,,,,,,,"226","4","798","172","7","0",,"2","1FFFFF","1AAAAAAAA1AAAA","4",,,,,,,,,,,,,,,
"5100523","2016-09-20T00:30:00","24.34","124.20",,,"1","4","2","5",,,,"11",,,,,,,,,,,,"8",,,,,,"9","297",,,,,,,,,,,,,"226","44","798","172","7","1","2","2","1FFFFF","1AAAAAAAA1AAAA","4",,,,,,,,,,,,,,,
"4300531","2016-09-20T01:00:00","22.01","129.51",,,"1","4","2","5",,,,"11",,,,,,,,,,,,"8",,,,,,"9","300",,,,,,,,,,,,,"226","29","798","172","7","1","2","2","1FFFFF","1AAAAAAAA1AAAA","4",,,,,,,,,,,,,,,
"VRPY6","2016-09-20T01:00:00","28.80","123.90",,,"1","4","0","0","8","2",,"1","0","20","3","123",,"97","2","2","10140","2","30","3","250","0","210",,"190","3","260","8","2","0","5","7","0",,"10","6","0","12","6","226","83","992","114","5","1","2","2","111111","11111111111171",,,"1","2",,,,,,,,,,,"4",
"5100523","2016-09-20T01:15:00","24.33","124.19",,,"1","4","2","5",,,,"11",,,,,,,,,,,,"8",,,,,,"9","317",,,,,,,,,,,,,"226","44","798","172","7","1","2","2","3FFFFF","1AAAAAAAA1AAAA","4",,,,,,,,,,,,,,,
"4300531","2016-09-20T01:21:00","22.01","129.51",,,"1","4","2","5",,,,"11",,,,,,,,,,,,"8",,,,,,"9","304",,,,,,,,,,,,,"226","29","798","172","7","1","2","2","1FFFFF","1AAAAAAAA1AAAA","4",,,,,,,,,,,,,,,
"5100523","2016-09-20T01:22:00","24.33","124.19",,,"1","4","2","5",,,,"11",,,,,,,,,,,,"8",,,,,,"9",,,,,,,,,,,,,,"226","44","798","172","7","1","2","2","7FFFFF","1AAAAAAAA1AAAA","4",,,,,,,,,,,,,,,
"3200560","2016-09-20T02:00:00","20.91","124.81",,,"1","4","2","5",,,,"11",,,,,,,,,,,,"8",,,,,,"9","290",,,,,,,,,,,,,"226","4","798","172","7","1","2","2","1FFFFF","1AAAAAAAA1AAAA","4",,,,,,,,,,,,,,,
"4300531","2016-09-20T02:00:00","22.01","129.51",,,"1","4","2","5",,,,"11",,,,,,,,,,,,"8",,,,,,"9","304",,,,,,,,,,,,,"226","29","798","172","7","1","2","2","1FFFFF","1AAAAAAAA1AAAA","4",,,,,,,,,,,,,,,
"5100523","2016-09-20T02:00:00","24.33","124.19",,,"1","4","2","5",,,,"11",,,,,,,,,,,,"8",,,,,,"9",,,,,,,,,,,,,,"226","44","798","172","7","1","2","2","7FFFFF","1AAAAAAAA1AAAA","4",,,,,,,,,,,,,,,
"VRPY6","2016-09-20T02:00:00","29.00","123.90",,,"1","4","0","0","8","2",,"1","0","20","3","93",,"98","2","0","10150","2","10","3","260","0","210",,"190","3","270","3","2","2","5","0","1",,"10","6","2","12","7","226","93","992","114","5","1","2","2","111111","11111111111111",,,"1","0",,,,,,,,,,,"4",
"3200560","2016-09-20T02:08:00","20.91","124.81",,,"1","4","2","5",,,,"11",,,,,,,,,,,,"8",,,,,,"9","290",,,,,,,,,,,,,"226","4","798","172","7","1","2","2","1FFFFF","1AAAAAAAA1AAAA","4",,,,,,,,,,,,,,,
"4300531","2016-09-20T02:09:00","22.01","129.51",,,"1","4","2","5",,,,"11",,,,,,,,,,,,"8",,,,,,"9","319",,,,,,,,,,,,,"226","29","798","172","7","1","2","2","3FFFFF","1AAAAAAAA1AAAA","4",,,,,,,,,,,,,,,
"5100523","2016-09-20T02:09:00","24.34","124.18",,,"1","4","2","5",,,,"11",,,,,,,,,,,,"8",,,,,,"9",,,,,,,,,,,,,,"226","44","798","172","7","1","2","2","7FFFFF","1AAAAAAAA1AAAA","4",,,,,,,,,,,,,,,
"5100523","2016-09-20T02:15:00","24.34","124.18",,,"1","4","2","5",,,,"11",,,,,,,,,,,,"8",,,,,,"9",,,,,,,,,,,,,,"226","44","798","172","7","1","2","2","7FFFFF","1AAAAAAAA1AAAA","4",,,,,,,,,,,,,,,
"3200560","2016-09-20T03:00:00","20.91","124.80",,,"1","4","2","5",,,,"11",,,,,,,,,,,,"8",,,,,,"9","292",,,,,,,,,,,,,"226","4","798","172","7","1","2","2","1FFFFF","1AAAAAAAA1AAAA","4",,,,,,,,,,,,,,,
"4300531","2016-09-20T03:00:00","22.01","129.51",,,"1","4","2","5",,,,"11",,,,,,,,,,,,"8",,,,,,"9","308",,,,,,,,,,,,,"226","29","798","172","7","1","2","2","1FFFFF","1AAAAAAAA1AAAA","4",,,,,,,,,,,,,,,
"VRPY6","2016-09-20T03:00:00","29.10","123.90",,,"1","4","0","0","8","2",,"1","0","20","3","93",,"98","2","0","10150","4","0","3","260","0","210",,"190","3","270","3","2","2","5","0","1",,"10","6","2","12","7","226","93","992","114","5","1","2","2","111111","11111111111111",,,"1","0",,,,,,,,,,,"4",
"3200560","2016-09-20T04:00:00","20.91","124.80",,,"1","4","2","5",,,,"11",,,,,,,,,,,,"8",,,,,,"9","294",,,,,,,,,,,,,"226","4","798","172","7","1","2","2","1FFFFF","1AAAAAAAA1AAAA","4",,,,,,,,,,,,,,,
"4300531","2016-09-20T04:00:00","22.01","129.51",,,"1","4","2","5",,,,"11",,,,,,,,,,,,"8",,,,,,"9","313",,,,,,,,,,,,,"226","29","798","172","7","1","2","2","1FFFFF","1AAAAAAAA1AAAA","4",,,,,,,,,,,,,,,
"9V9132","2016-09-20T04:00:00","25.00","120.50",,,"1","4","0","0","5","3",,"1","0","40","4","123",,"97","2","0","10160","0","0","3","260","0","220",,"200","3","260","3","3","1","6","3","A",,,,"5","10","7","226","50","992","114","5","1","2","2","111111","11111111111A11",,,"1","0","5","8","7",,,,,,,,"4",
"VRPY6","2016-09-20T04:00:00","29.30","123.90",,,"1","4","0","0","8","2",,"1","0","20","3","103",,"98","2","0","10160","2","10","3","260","0","210",,"190","3","270","3","2","2","5","0","1",,"10","6","2","12","7","226","93","992","114","5","1","2","2","111111","11111111111111",,,"1","0",,,,,,,,,,,"4",
"3200560","2016-09-20T05:00:00","20.91","124.80",,,"1","4","2","5",,,,"11",,,,,,,,,,,,"8",,,,,,"9","296",,,,,,,,,,,,,"226","4","798","172","7","1","2","2","1FFFFF","1AAAAAAAA1AAAA","4",,,,,,,,,,,,,,,
"4300531","2016-09-20T05:00:00","22.01","129.51",,,"1","4","2","5",,,,"11",,,,,,,,,,,,"8",,,,,,"9","319",,,,,,,,,,,,,"226","29","798","172","7","1","2","2","3FFFFF","1AAAAAAAA1AAAA","4",,,,,,,,,,,,,,,
"VRPY6","2016-09-20T05:00:00","29.40","123.90",,,"1","4","0","0","8","2",,"1","0","20","3","103",,"98","2","0","10160","4","0","3","260","0","220",,"200","3","270","3","2","2","5","0","1",,"10","6","2","12","7","226","93","992","114","5","1","2","2","111111","11111111111111",,,"1","0",,,,,,,,,,,"4",
"5100523","2016-09-20T05:45:00","24.34","124.18",,,"1","4","2","5",,,,"11",,,,,,,,,,,,"8",,,,,,"9","308",,,,,,,,,,,,,"226","44","798","172","7","1","2","2","1FFFFF","1AAAAAAAA1AAAA","4",,,,,,,,,,,,,,,
"3200560","2016-09-20T05:57:00","20.89","124.76",,,"1","4","2","5",,,,"11",,,,,,,,,,,,"8",,,,,,"9","299",,,,,,,,,,,,,"226","4","798","172","7","1","2","2","1FFFFF","1AAAAAAAA1AAAA","4",,,,,,,,,,,,,,,
"5100523","2016-09-20T05:57:00","24.33","124.19",,,"1","4","2","5",,,,"11",,,,,,,,,,,,"8",,,,,,"9","328",,,,,,,,,,,,,"226","44","798","172","7","1","2","2","5FFFFF","1AAAAAAAA1AAAA","4",,,,,,,,,,,,,,,
"4300531","2016-09-20T05:58:00","22.02","129.54",,,"1","4","2","5",,,,"11",,,,,,,,,,,,"8",,,,,,"9","319",,,,,,,,,,,,,"226","29","798","172","7","1","2","2","3FFFFF","1AAAAAAAA1AAAA","4",,,,,,,,,,,,,,,
"3200560","2016-09-20T06:00:00","20.89","124.76",,,"1","4","2","5",,,,"11",,,,,,,,,,,,"8",,,,,,"9","297",,,,,,,,,,,,,"226","4","798","172","7","1","2","2","1FFFFF","1AAAAAAAA1AAAA","4",,,,,,,,,,,,,,,
"4300531","2016-09-20T06:00:00","22.02","129.54",,,"1","4","2","5",,,,"11",,,,,,,,,,,,"8",,,,,,"9","319",,,,,,,,,,,,,"226","29","798","172","7","1","2","2","3FFFFF","1AAAAAAAA1AAAA","4",,,,,,,,,,,,,,,
"5100523","2016-09-20T06:00:00","24.33","124.19",,,"1","4","2","5",,,,"11",,,,,,,,,,,,"8",,,,,,"9","305",,,,,,,,,,,,,"226","44","798","172","7","1","2","2","1FFFFF","1AAAAAAAA1AAAA","4",,,,,,,,,,,,,,,
"9HA3769","2016-09-20T06:00:00","28.60","122.40",,,"1","4","0","0","4","4",,"1","0","330","4","113",,"97","2","2","10180","4","0","0","240","0","214",,"202","1","250","8","5","5","5","3","A",,"4","3","7","12","4","226","82","992","114","5","1","2","2","111111","11111111111111",,,"1","2",,,,,,,,,,,"4",
"A8RV6","2016-09-20T06:00:00","26.90","123.20",,,"1","4","0","0",,,,"1","0","20","4","129",,"98","3","2","10130","4","0","0","280",,,,"260",,,"7",,,"4",,,,,,,,,"226","63","992","114","5","1","2","2","F11111","1111111A1A1AA1",,,"1","2",,,,,,,,,,,"4",
"VRBX7","2016-09-20T06:00:00","26.70","120.30",,,"1","4","0","0","0","0","1","1","0","60","1","100",,"98","2","0","10160","7","20","0","310","0","240",,"210","1","247","0","0","0","9","0","0",,"8","2","9","5","3","226","60","992","114","5","1","2","2","111112","11111111111111",,,"1","0",,,,,,,,,,,"4",
"VRPY6","2016-09-20T06:00:00","29.60","123.90",,,"1","4","0","0","8","2",,"1","0","20","3","103",,"98","2","0","10160","4","0","3","260","0","220",,"200","3","270","3","2","2","5","0","1",,"10","6","2","12","7","226","93","992","114","5","1","2","2","111111","11111111111111",,,"1","0",,,,,,,,,,,"4",
"3200560","2016-09-20T07:00:00","20.89","124.76",,,"1","4","2","5",,,,"11",,,,,,,,,,,,"8",,,,,,"9","299",,,,,,,,,,,,,"226","4","798","172","7","1","2","2","1FFFFF","1AAAAAAAA1AAAA","4",,,,,,,,,,,,,,,
"4300531","2016-09-20T07:00:00","22.02","129.54",,,"1","4","2","5",,,,"11",,,,,,,,,,,,"8",,,,,,"9","313",,,,,,,,,,,,,"226","29","798","172","7","1","2","2","1FFFFF","1AAAAAAAA1AAAA","4",,,,,,,,,,,,,,,
"VRPY6","2016-09-20T07:00:00","29.70","123.90",,,"1","4","0","0","8","2",,"1","0","20","3","77",,"98","2","0","10160","4","0","3","250","0","210",,"190","3","270","3","2","2","5","0","1",,"10","6","2","12","7","226","93","992","114","5","1","2","2","111111","11111111111111",,,"1","0",,,,,,,,,,,"4",
"5100523","2016-09-20T07:30:00","24.33","124.19",,,"1","4","2","5",,,,"11",,,,,,,,,,,,"8",,,,,,"9","307",,,,,,,,,,,,,"226","44","798","172","7","1","2","2","1FFFFF","1AAAAAAAA1AAAA","4",,,,,,,,,,,,,,,
"3200560","2016-09-20T08:00:00","20.89","124.76",,,"1","4","2","5",,,,"11",,,,,,,,,,,,"8",,,,,,"9","299",,,,,,,,,,,,,"226","4","798","172","7","1","2","2","1FFFFF","1AAAAAAAA1AAAA","4",,,,,,,,,,,,,,,
"4300531","2016-09-20T08:00:00","22.02","129.55",,,"1","4","2","5",,,,"11",,,,,,,,,,,,"8",,,,,,"9","307",,,,,,,,,,,,,"226","29","798","172","7","1","2","2","1FFFFF","1AAAAAAAA1AAAA","4",,,,,,,,,,,,,,,
"VRPY6","2016-09-20T08:00:00","29.90","123.90",,,"1","4","0","0","8","2",,"1","0","20","3","77",,"98","2","0","10170","1","10","3","250","0","210",,"190","3","270","3","2","2","5","0","1",,"10","6","2","12","7","226","93","992","114","5","1","2","2","111111","11111111111111",,,"1","0",,,,,,,,,,,"4",
"5100523","2016-09-20T08:15:00","24.33","124.19",,,"1","4","2","5",,,,"11",,,,,,,,,,,,"8",,,,,,"9","328",,,,,,,,,,,,,"226","44","798","172","7","1","2","2","5FFFFF","1AAAAAAAA1AAAA","4",,,,,,,,,,,,,,,
"4300531","2016-09-20T08:29:00","22.02","129.55",,,"1","4","2","5",,,,"11",,,,,,,,,,,,"8",,,,,,"9","307",,,,,,,,,,,,,"226","29","798","172","7","0",,"2","1FFFFF","1AAAAAAAA1AAAA","4",,,,,,,,,,,,,,,
"5100523","2016-09-20T08:30:00","24.33","124.19",,,"1","4","2","5",,,,"11",,,,,,,,,,,,"8",,,,,,"9","299",,,,,,,,,,,,,"226","44","798","172","7","1","2","2","1FFFFF","1AAAAAAAA1AAAA","4",,,,,,,,,,,,,,,
"3200560","2016-09-20T08:31:00","20.90","124.73",,,"1","4","2","5",,,,"11",,,,,,,,,,,,"8",,,,,,"9","299",,,,,,,,,,,,,"226","4","798","172","7","0",,"2","1FFFFF","1AAAAAAAA1AAAA","4",,,,,,,,,,,,,,,
"3200560","2016-09-20T09:00:00","20.90","124.73",,,"1","4","2","5",,,,"11",,,,,,,,,,,,"8",,,,,,"9","299",,,,,,,,,,,,,"226","4","798","172","7","1","2","2","1FFFFF","1AAAAAAAA1AAAA","4",,,,,,,,,,,,,,,
"4300531","2016-09-20T09:00:00","22.01","129.56",,,"1","4","2","5",,,,"11",,,,,,,,,,,,"8",,,,,,"9","306",,,,,,,,,,,,,"226","29","798","172","7","1","2","2","1FFFFF","1AAAAAAAA1AAAA","4",,,,,,,,,,,,,,,
"5100523","2016-09-20T09:00:00","24.33","124.19",,,"1","4","2","5",,,,"11",,,,,,,,,,,,"8",,,,,,"9","296",,,,,,,,,,,,,"226","44","798","172","7","1","2","2","1FFFFF","1AAAAAAAA1AAAA","4",,,,,,,,,,,,,,,
"VRDN3","2016-09-20T09:00:00","29.20","127.60",,,"1","4","0","0","1","4",,"1","0","350","4","113",,"98","3","2","10146","4","0","0","260","0","241",,"234","3","260","7","4","4","2","6","8",,"5","8",,,,"226","97","992","114","5","1","2","2","111111","111111111111A1",,,"1","2",,,,,,,,,,,"4",
"5100523","2016-09-20T09:15:00","24.33","124.19",,,"1","4","2","5",,,,"11",,,,,,,,,,,,"8",,,,,,"9","291",,,,,,,,,,,,,"226","44","798","172","7","1","2","2","1FFFFF","1AAAAAAAA1AAAA","4",,,,,,,,,,,,,,,
"4300531","2016-09-20T09:16:00","22.01","129.56",,,"1","4","2","5",,,,"11",,,,,,,,,,,,"8",,,,,,"9","306",,,,,,,,,,,,,"226","29","798","172","7","0",,"2","1FFFFF","1AAAAAAAA1AAAA","4",,,,,,,,,,,,,,,
"5100523","2016-09-20T09:16:00","24.33","124.19",,,"1","4","2","5",,,,"11",,,,,,,,,,,,"8",,,,,,"9","273",,,,,,,,,,,,,"226","44","798","172","7","0",,"2","1FFFFF","1AAAAAAAA1AAAA","4",,,,,,,,,,,,,,,
"3200560","2016-09-20T10:00:00","20.91","124.73",,,"1","4","2","5",,,,"11",,,,,,,,,,,,"8",,,,,,"9","298",,,,,,,,,,,,,"226","4","798","172","7","1","2","1","1FFFFF","1AAAAAAAA1AAAA","4",,,,,,,,,,,,,,,
"4300531","2016-09-20T10:00:00","22.01","129.54",,,"1","4","2","5",,,,"11",,,,,,,,,,,,"8",,,,,,"9","305",,,,,,,,,,,,,"226","29","798","172","7","1","2","1","1FFFFF","1AAAAAAAA1AAAA","4",,,,,,,,,,,,,,,
"5100523","2016-09-20T10:00:00","24.33","124.19",,,"1","4","2","5",,,,"11",,,,,,,,,,,,"8",,,,,,"9","273",,,,,,,,,,,,,"226","44","798","172","7","1","2","1","1FFFFF","1AAAAAAAA1AAAA","4",,,,,,,,,,,,,,,
"3200560","2016-09-20T10:07:00","20.91","124.73",,,"1","4","2","5",,,,"11",,,,,,,,,,,,"8",,,,,,"9","298",,,,,,,,,,,,,"226","4","798","172","7","0",,"1","1FFFFF","1AAAAAAAA1AAAA","4",,,,,,,,,,,,,,,
"4300531","2016-09-20T10:07:00","22.01","129.54",,,"1","4","2","5",,,,"11",,,,,,,,,,,,"8",,,,,,"9","305",,,,,,,,,,,,,"226","29","798","172","7","0",,"1","1FFFFF","1AAAAAAAA1AAAA","4",,,,,,,,,,,,,,,
"5100523","2016-09-20T10:08:00","24.33","124.17",,,"1","4","2","5",,,,"11",,,,,,,,,,,,"8",,,,,,"9","261",,,,,,,,,,,,,"226","44","798","172","7","1","2","1","1FFFFF","1AAAAAAAA1AAAA","4",,,,,,,,,,,,,,,
"3200560","2016-09-20T11:00:00","20.92","124.71",,,"1","4","2","5",,,,"11",,,,,,,,,,,,"8",,,,,,"9","295",,,,,,,,,,,,,"226","4","798","172","7","1","2","1","1FFFFF","1AAAAAAAA1AAAA","4",,,,,,,,,,,,,,,
"4300531","2016-09-20T11:00:00","22.01","129.53",,,"1","4","2","5",,,,"11",,,,,,,,,,,,"8",,,,,,"9","303",,,,,,,,,,,,,"226","29","798","172","7","1","2","1","1FFFFF","1AAAAAAAA1AAAA","4",,,,,,,,,,,,,,,
"5100523","2016-09-20T11:30:00","24.33","124.17",,,"1","4","2","5",,,,"11",,,,,,,,,,,,"8",,,,,,"9","261",,,,,,,,,,,,,"226","44","798","172","7","1","2","1","1FFFFF","1AAAAAAAA1AAAA","4",,,,,,,,,,,,,,,
"4300531","2016-09-20T11:42:00","22.01","129.53",,,"1","4","2","5",,,,"11",,,,,,,,,,,,"8",,,,,,"9","303",,,,,,,,,,,,,"226","29","798","172","7","1","2","1","1FFFFF","1AAAAAAAA1AAAA","4",,,,,,,,,,,,,,,
"3200560","2016-09-20T11:43:00","20.92","124.71",,,"1","4","2","5",,,,"11",,,,,,,,,,,,"8",,,,,,"9","295",,,,,,,,,,,,,"226","4","798","172","7","1","2","1","1FFFFF","1AAAAAAAA1AAAA","4",,,,,,,,,,,,,,,
"5100523","2016-09-20T11:45:00","24.33","124.17",,,"1","4","2","5",,,,"11",,,,,,,,,,,,"8",,,,,,"9","260",,,,,,,,,,,,,"226","44","798","172","7","1","2","1","1FFFFF","1AAAAAAAA1AAAA","4",,,,,,,,,,,,,,,
"3200560","2016-09-20T12:00:00","20.92","124.71",,,"1","4","2","5",,,,"11",,,,,,,,,,,,"8",,,,,,"9","294",,,,,,,,,,,,,"226","4","798","172","7","1","2","1","1FFFFF","1AAAAAAAA1AAAA","4",,,,,,,,,,,,,,,
"4300531","2016-09-20T12:00:00","22.01","129.53",,,"1","4","2","5",,,,"11",,,,,,,,,,,,"8",,,,,,"9","302",,,,,,,,,,,,,"226","29","798","172","7","1","2","1","1FFFFF","1AAAAAAAA1AAAA","4",,,,,,,,,,,,,,,
"C6NR5","2016-09-20T12:00:00","29.00","123.00",,,"1","4","0","0","5","3",,"1","0","360","4","108",,"98","2","0","10074","1","2","0","250","0","222",,"208",,,"2","2","0","6","4","0",,"4","2","4","9","3","226","93","992","114","5","1","2","1","F11111","111111111A1111",,,"1","0",,,,,,,,,,,"4",
"5100523","2016-09-20T12:30:00","24.33","124.19",,,"1","4","2","5",,,,"11",,,,,,,,,,,,"8",,,,,,"9","260",,,,,,,,,,,,,"226","44","798","172","7","1","2","1","1FFFFF","1AAAAAAAA1AAAA","4",,,,,,,,,,,,,,,
"3200560","2016-09-20T12:37:00","20.93","124.69",,,"1","4","2","5",,,,"11",,,,,,,,,,,,"8",,,,,,"9","292",,,,,,,,,,,,,"226","4","798","172","7","0",,"1","1FFFFF","1AAAAAAAA1AAAA","4",,,,,,,,,,,,,,,
"5100523","2016-09-20T12:37:00","24.33","124.19",,,"1","4","2","5",,,,"11",,,,,,,,,,,,"8",,,,,,"9","260",,,,,,,,,,,,,"226","44","798","172","7","0",,"1","1FFFFF","1AAAAAAAA1AAAA","4",,,,,,,,,,,,,,,
"3200560","2016-09-20T13:00:00","20.93","124.69",,,"1","4","2","5",,,,"11",,,,,,,,,,,,"8",,,,,,"9","292",,,,,,,,,,,,,"226","4","798","172","7","1","2","1","1FFFFF","1AAAAAAAA1AAAA","4",,,,,,,,,,,,,,,
"5100523","2016-09-20T13:15:00","24.33","124.19",,,"1","4","2","5",,,,"11",,,,,,,,,,,,"8",,,,,,"9","261",,,,,,,,,,,,,"226","44","798","172","7","1","2","1","1FFFFF","1AAAAAAAA1AAAA","4",,,,,,,,,,,,,,,
"5100523","2016-09-20T13:22:00","24.33","124.19",,,"1","4","2","5",,,,"11",,,,,,,,,,,,"8",,,,,,"9","261",,,,,,,,,,,,,"226","44","798","172","7","1","2","1","1FFFFF","1AAAAAAAA1AAAA","4",,,,,,,,,,,,,,,
"3200560","2016-09-20T13:23:00","20.94","124.69",,,"1","4","2","5",,,,"11",,,,,,,,,,,,"8",,,,,,"9","292",,,,,,,,,,,,,"226","4","798","172","7","1","2","1","1FFFFF","1AAAAAAAA1AAAA","4",,,,,,,,,,,,,,,
"4300531","2016-09-20T13:24:00","22.01","129.51",,,"1","4","2","5",,,,"11",,,,,,,,,,,,"8",,,,,,"9","299",,,,,,,,,,,,,"226","29","798","172","7","1","2","1","1FFFFF","1AAAAAAAA1AAAA","4",,,,,,,,,,,,,,,
"3200560","2016-09-20T14:00:00","20.94","124.69",,,"1","4","2","5",,,,"11",,,,,,,,,,,,"8",,,,,,"9","292",,,,,,,,,,,,,"226","4","798","172","7","0",,"1","1FFFFF","1AAAAAAAA1AAAA","4",,,,,,,,,,,,,,,
"4300531","2016-09-20T14:00:00","22.01","129.51",,,"1","4","2","5",,,,"11",,,,,,,,,,,,"8",,,,,,"9","299",,,,,,,,,,,,,"226","29","798","172","7","1","2","1","1FFFFF","1AAAAAAAA1AAAA","4",,,,,,,,,,,,,,,
"3200560","2016-09-20T15:00:00","20.94","124.69",,,"1","4","2","5",,,,"11",,,,,,,,,,,,"8",,,,,,"9","291",,,,,,,,,,,,,"226","4","798","172","7","1","2","1","1FFFFF","1AAAAAAAA1AAAA","4",,,,,,,,,,,,,,,
"4300531","2016-09-20T15:00:00","22.01","129.51",,,"1","4","2","5",,,,"11",,,,,,,,,,,,"8",,,,,,"9","297",,,,,,,,,,,,,"226","29","798","172","7","1","2","1","1FFFFF","1AAAAAAAA1AAAA","4",,,,,,,,,,,,,,,
"3200560","2016-09-20T16:00:00","21.01","124.70",,,"1","4","2","5",,,,"11",,,,,,,,,,,,"8",,,,,,"9","291",,,,,,,,,,,,,"226","14","798","172","7","1","2","1","1FFFFF","1AAAAAAAA1AAAA","4",,,,,,,,,,,,,,,
"4300531","2016-09-20T16:00:00","22.04","129.48",,,"1","4","2","5",,,,"11",,,,,,,,,,,,"8",,,,,,"9","297",,,,,,,,,,,,,"226","29","798","172","7","1","2","1","1FFFFF","1AAAAAAAA1AAAA","4",,,,,,,,,,,,,,,
"3200560","2016-09-20T17:00:00","21.01","124.69",,,"1","4","2","5",,,,"11",,,,,,,,,,,,"8",,,,,,"9","292",,,,,,,,,,,,,"226","14","798","172","7","1","2","1","1FFFFF","1AAAAAAAA1AAAA","4",,,,,,,,,,,,,,,
"4300531","2016-09-20T17:00:00","22.04","129.48",,,"1","4","2","5",,,,"11",,,,,,,,,,,,"8",,,,,,"9","297",,,,,,,,,,,,,"226","29","798","172","7","1","2","1","1FFFFF","1AAAAAAAA1AAAA","4",,,,,,,,,,,,,,,
"3200560","2016-09-20T18:00:00","21.01","124.69",,,"1","4","2","5",,,,"11",,,,,,,,,,,,"8",,,,,,"9","291",,,,,,,,,,,,,"226","14","798","172","7","1","2","1","1FFFFF","1AAAAAAAA1AAAA","4",,,,,,,,,,,,,,,
"4300531","2016-09-20T18:00:00","22.04","129.48",,,"1","4","2","5",,,,"11",,,,,,,,,,,,"8",,,,,,"9","297",,,,,,,,,,,,,"226","29","798","172","7","1","2","1","1FFFFF","1AAAAAAAA1AAAA","4",,,,,,,,,,,,,,,
"C6LG6","2016-09-20T18:00:00","25.40","125.10",,,"1","4","0","0","6","4","1","1","0","50","1","90",,"98","0","2","10140","3","10","0","260","0","240",,"231",,,"6","4","1","4","A","A",,"3","3","22","5","5","226","55","992","114","5","1","2","1","F11111","111111111A1111",,,"1","2",,,,,,,,,,,"4",
"C6NR5","2016-09-20T18:00:00","28.00","122.40",,,"1","4","0","0","5","3",,"1","0","20","4","98",,"97","2","1","10169","4","0","0","250","0","220",,"204",,,"4","3","2","5","3","5",,"6","3","3","10","3","226","82","992","114","5","1","2","1","F11111","111111111A1111",,,"1","1",,,,,,,,,,,"4",
"CCES","2016-09-20T18:00:00","29.90","123.20",,,"1","4","0","0","4","2",,"1","0","40","4","62",,"97",,,"10180","4","0","0","230",,,,"201","1","210","0",,,"9",,,,"0","0","4","6","2","226","93","992","114","5","1","2","1","411111","111AA11A111111",,,"2",,,,,,,,,,,,"4",
"DFGN2","2016-09-20T18:00:00","28.20","122.30",,,"1","4","0","0","5","4","1","1","0","20","4","77",,"98","0","0","10164","8","6","0","234",,,,"176","3","236",,,,"A",,,,"4","2",,,,"226","82","992","114","5","1","2","1","111111","1111111A1181A1",,,"1","0",,,,,,,,,,,"4",
"VRBX7","2016-09-20T18:00:00","26.70","120.30",,,"1","4","0","0","0","0","1","1","0","90","1","70",,"98","3","0","10180","7","5","0","250","0","220",,"200","1","245","3",,,"A",,,,,,,,,"226","60","992","114","5","1","2","1","111111","11111111111AA1",,,"1","0",,,,,,,,,,,"4",
"5100523","2016-09-20T18:15:00","24.33","124.19",,,"1","4","2","5",,,,"11",,,,,,,,,,,,"8",,,,,,"9","253",,,,,,,,,,,,,"226","44","798","172","7","1","2","1","1FFFFF","1AAAAAAAA1AAAA","4",,,,,,,,,,,,,,,
"5100523","2016-09-20T18:30:00","24.33","124.19",,,"1","4","2","5",,,,"11",,,,,,,,,,,,"8",,,,,,"9","256",,,,,,,,,,,,,"226","44","798","172","7","1","2","1","1FFFFF","1AAAAAAAA1AAAA","4",,,,,,,,,,,,,,,
"3200560","2016-09-20T18:32:00","21.01","124.70",,,"1","4","2","5",,,,"11",,,,,,,,,,,,"8",,,,,,"9","291",,,,,,,,,,,,,"226","14","798","172","7","1","2","1","1FFFFF","1AAAAAAAA1AAAA","4",,,,,,,,,,,,,,,
"5100523","2016-09-20T18:32:00","24.33","124.19",,,"1","4","2","5",,,,"11",,,,,,,,,,,,"8",,,,,,"9","256",,,,,,,,,,,,,"226","44","798","172","7","0",,"1","1FFFFF","1AAAAAAAA1AAAA","4",,,,,,,,,,,,,,,
"4300531","2016-09-20T18:33:00","22.04","129.48",,,"1","4","2","5",,,,"11",,,,,,,,,,,,"8",,,,,,"9","298",,,,,,,,,,,,,"226","29","798","172","7","1","2","1","1FFFFF","1AAAAAAAA1AAAA","4",,,,,,,,,,,,,,,
"3200560","2016-09-20T19:00:00","21.01","124.70",,,"1","4","2","5",,,,"11",,,,,,,,,,,,"8",,,,,,"9","291",,,,,,,,,,,,,"226","14","798","172","7","1","2","1","1FFFFF","1AAAAAAAA1AAAA","4",,,,,,,,,,,,,,,
"4300531","2016-09-20T19:00:00","22.04","129.48",,,"1","4","2","5",,,,"11",,,,,,,,,,,,"8",,,,,,"9","298",,,,,,,,,,,,,"226","29","798","172","7","1","2","1","1FFFFF","1AAAAAAAA1AAAA","4",,,,,,,,,,,,,,,
"3200560","2016-09-20T20:00:00","21.03","124.73",,,"1","4","2","5",,,,"11",,,,,,,,,,,,"8",,,,,,"9","292",,,,,,,,,,,,,"226","14","798","172","7","1","2","1","1FFFFF","1AAAAAAAA1AAAA","4",,,,,,,,,,,,,,,
"4300531","2016-09-20T20:00:00","22.06","129.46",,,"1","4","2","5",,,,"11",,,,,,,,,,,,"8",,,,,,"9","297",,,,,,,,,,,,,"226","29","798","172","7","1","2","1","1FFFFF","1AAAAAAAA1AAAA","4",,,,,,,,,,,,,,,
"3200560","2016-09-20T21:00:00","21.03","124.73",,,"1","4","2","5",,,,"11",,,,,,,,,,,,"8",,,,,,"9","292",,,,,,,,,,,,,"226","14","798","172","7","1","2","1","1FFFFF","1AAAAAAAA1AAAA","4",,,,,,,,,,,,,,,
"4300531","2016-09-20T21:00:00","22.06","129.46",,,"1","4","2","5",,,,"11",,,,,,,,,,,,"8",,,,,,"9","297",,,,,,,,,,,,,"226","29","798","172","7","1","2","1","1FFFFF","1AAAAAAAA1AAAA","4",,,,,,,,,,,,,,,
"5100523","2016-09-20T21:00:00","24.33","124.19",,,"1","4","2","5",,,,"11",,,,,,,,,,,,"8",,,,,,"9","256",,,,,,,,,,,,,"226","44","798","172","7","1","2","1","1FFFFF","1AAAAAAAA1AAAA","4",,,,,,,,,,,,,,,
"DFGN2","2016-09-20T21:00:00","27.30","121.60",,,"1","4","0","0","4","4","1","1","0","30","4","103",,"98","3","0","10174","3","9","0","230",,,,"177","3","261","3","2","1","5","6","0",,,,,,,"226","71","992","114","5","1","2","1","111111","1111111A111AA1",,,"1","0",,,,,,,,,,,"4",
"4300531","2016-09-20T21:01:00","22.06","129.46",,,"1","4","2","5",,,,"11",,,,,,,,,,,,"8",,,,,,"9","297",,,,,,,,,,,,,"226","29","798","172","7","0",,"1","1FFFFF","1AAAAAAAA1AAAA","4",,,,,,,,,,,,,,,
"3200560","2016-09-20T21:02:00","21.03","124.73",,,"1","4","2","5",,,,"11",,,,,,,,,,,,"8",,,,,,"9","292",,,,,,,,,,,,,"226","14","798","172","7","0",,"1","1FFFFF","1AAAAAAAA1AAAA","4",,,,,,,,,,,,,,,
"5100523","2016-09-20T21:15:00","24.33","124.19",,,"1","4","2","5",,,,"11",,,,,,,,,,,,"8",,,,,,"9","255",,,,,,,,,,,,,"226","44","798","172","7","1","2","1","1FFFFF","1AAAAAAAA1AAAA","4",,,,,,,,,,,,,,,
"5100523","2016-09-20T21:17:00","24.33","124.19",,,"1","4","2","5",,,,"11",,,,,,,,,,,,"8",,,,,,"9","255",,,,,,,,,,,,,"226","44","798","172","7","1","2","1","1FFFFF","1AAAAAAAA1AAAA","4",,,,,,,,,,,,,,,
"5100523","2016-09-20T21:30:00","24.33","124.19",,,"1","4","2","5",,,,"11",,,,,,,,,,,,"8",,,,,,"9","254",,,,,,,,,,,,,"226","44","798","172","7","1","2","1","1FFFFF","1AAAAAAAA1AAAA","4",,,,,,,,,,,,,,,
"3200560","2016-09-20T21:42:00","21.03","124.74",,,"1","4","2","5",,,,"11",,,,,,,,,,,,"8",,,,,,"9","292",,,,,,,,,,,,,"226","14","798","172","7","0",,"2","1FFFFF","1AAAAAAAA1AAAA","4",,,,,,,,,,,,,,,
"4300531","2016-09-20T21:42:00","22.06","129.45",,,"1","4","2","5",,,,"11",,,,,,,,,,,,"8",,,,,,"9","297",,,,,,,,,,,,,"226","29","798","172","7","0",,"2","1FFFFF","1AAAAAAAA1AAAA","4",,,,,,,,,,,,,,,
"5100523","2016-09-20T21:43:00","24.33","124.19",,,"1","4","2","5",,,,"11",,,,,,,,,,,,"8",,,,,,"9","261",,,,,,,,,,,,,"226","44","798","172","7","1","2","2","1FFFFF","1AAAAAAAA1AAAA","4",,,,,,,,,,,,,,,
"5100523","2016-09-20T21:45:00","24.33","124.19",,,"1","4","2","5",,,,"11",,,,,,,,,,,,"8",,,,,,"9","254",,,,,,,,,,,,,"226","44","798","172","7","0",,"2","1FFFFF","1AAAAAAAA1AAAA","4",,,,,,,,,,,,,,,
"3200560","2016-09-20T22:00:00","21.03","124.74",,,"1","4","2","5",,,,"11",,,,,,,,,,,,"8",,,,,,"9","292",,,,,,,,,,,,,"226","14","798","172","7","1","2","2","1FFFFF","1AAAAAAAA1AAAA","4",,,,,,,,,,,,,,,
"4300531","2016-09-20T22:00:00","22.06","129.45",,,"1","4","2","5",,,,"11",,,,,,,,,,,,"8",,,,,,"9","297",,,,,,,,,,,,,"226","29","798","172","7","1","2","2","1FFFFF","1AAAAAAAA1AAAA","4",,,,,,,,,,,,,,,
"5100523","2016-09-20T22:30:00","24.33","124.19",,,"1","4","2","5",,,,"11",,,,,,,,,,,,"8",,,,,,"9","258",,,,,,,,,,,,,"226","44","798","172","7","1","2","2","1FFFFF","1AAAAAAAA1AAAA","4",,,,,,,,,,,,,,,
"3200560","2016-09-20T22:42:00","21.03","124.77",,,"1","4","2","5",,,,"11",,,,,,,,,,,,"8",,,,,,"9","293",,,,,,,,,,,,,"226","14","798","172","7","0",,"2","1FFFFF","1AAAAAAAA1AAAA","4",,,,,,,,,,,,,,,
"4300531","2016-09-20T22:42:00","22.07","129.44",,,"1","4","2","5",,,,"11",,,,,,,,,,,,"8",,,,,,"9","297",,,,,,,,,,,,,"226","29","798","172","7","0",,"2","1FFFFF","1AAAAAAAA1AAAA","4",,,,,,,,,,,,,,,
"5100523","2016-09-20T22:45:00","24.33","124.19",,,"1","4","2","5",,,,"11",,,,,,,,,,,,"8",,,,,,"9","261",,,,,,,,,,,,,"226","44","798","172","7","1","2","2","1FFFFF","1AAAAAAAA1AAAA","4",,,,,,,,,,,,,,,
"3200560","2016-09-20T23:00:00","21.03","124.77",,,"1","4","2","5",,,,"11",,,,,,,,,,,,"8",,,,,,"9","293",,,,,,,,,,,,,"226","14","798","172","7","1","2","2","1FFFFF","1AAAAAAAA1AAAA","4",,,,,,,,,,,,,,,
"4300531","2016-09-20T23:00:00","22.07","129.44",,,"1","4","2","5",,,,"11",,,,,,,,,,,,"8",,,,,,"9","297",,,,,,,,,,,,,"226","29","798","172","7","1","2","2","1FFFFF","1AAAAAAAA1AAAA","4",,,,,,,,,,,,,,,
"3200560","2016-09-21T00:00:00","21.03","124.81",,,"1","4","2","5",,,,"11",,,,,,,,,,,,"8",,,,,,"9","293",,,,,,,,,,,,,"226","14","798","172","7","1","2","2","1FFFFF","1AAAAAAAA1AAAA","4",,,,,,,,,,,,,,,
"3FJC","2016-09-21T00:00:00","29.30","126.00",,,"1","4","0","0",,,,"1","0","50","4","87",,,,,"10150",,,"0","240",,,,,,,"4",,,"A",,,,,"5",,,,"226","96","992","114","5","1","2","2","F1111F","11AAA11AAA13AA",,,"3",,,,,,,,,,,,"4",
"4300531","2016-09-21T00:00:00","22.09","129.44",,,"1","4","2","5",,,,"11",,,,,,,,,,,,"8",,,,,,"9","299",,,,,,,,,,,,,"226","29","798","172","7","1","2","2","1FFFFF","1AAAAAAAA1AAAA","4",,,,,,,,,,,,,,,
"9V9712","2016-09-21T00:00:00","27.50","128.80",,,"1","4","0","0","3","3",,"1","0","350","4","62",,"98","2","0","10162","1","17","0","263","0","231",,"215","3","280","5","4","2","5","6","0",,,,"36","3","4","226","78","992","114","5","1","2","2","111111","11111111111A11",,,"1","0",,,,,,,,,,,"4",
"C6NR5","2016-09-21T00:00:00","27.10","121.60",,,"1","4","0","0","5","3",,"1","0","360","4","87",,"98","2","0","10185","1","25","0","270","0","230",,"210",,,,,,"A",,,,,"2","8",,,"226","71","992","114","5","1","2","2","F11111","111111111A8371",,,"1","0",,,,,,,,,,,"4",
"CCES","2016-09-21T00:00:00","29.10","123.20",,,"1","4","0","0","4","2",,"1","0","30","4","51",,"97",,,"10200","2","20","0","250",,,,"193","1","220","0",,,"9",,,,"1","1","4","7","2","226","93","992","114","5","1","2","2","211111","111AA11A111111",,,"2",,,,,,,,,,,,"4",
"DFGN2","2016-09-21T00:00:00","26.50","121.00",,,"1","4","0","0","5","4","1","1","0","30","4","103",,"98","1","0","10182","2","9","0",,,,,,"3","266","3","3","1","A","0","0",,"4","3","0",,,"226","61","992","114","5","1","2","2","1F111F","111111AAA11131",,,"1","0","0",,,,,,,,,,"4",
"4300531","2016-09-21T00:09:00","22.09","129.44",,,"1","4","2","5",,,,"11",,,,,,,,,,,,"8",,,,,,"9","300",,,,,,,,,,,,,"226","29","798","172","7","1","2","2","1FFFFF","1AAAAAAAA1AAAA","4",,,,,,,,,,,,,,,
"3200560","2016-09-21T00:10:00","21.03","124.81",,,"1","4","2","5",,,,"11",,,,,,,,,,,,"8",,,,,,"9","293",,,,,,,,,,,,,"226","14","798","172","7","0",,"2","1FFFFF","1AAAAAAAA1AAAA","4",,,,,,,,,,,,,,,
"5100523","2016-09-21T00:45:00","24.34","124.19",,,"1","4","2","5",,,,"11",,,,,,,,,,,,"8",,,,,,"9","294",,,,,,,,,,,,,"226","44","798","172","7","1","2","2","1FFFFF","1AAAAAAAA1AAAA","4",,,,,,,,,,,,,,,
"3200560","2016-09-21T01:00:00","21.00","124.83",,,"1","4","2","5",,,,"11",,,,,,,,,,,,"8",,,,,,"9","295",,,,,,,,,,,,,"226","14","798","172","7","1","2","2","1FFFFF","1AAAAAAAA1AAAA","4",,,,,,,,,,,,,,,
"4300531","2016-09-21T01:00:00","22.09","129.44",,,"1","4","2","5",,,,"11",,,,,,,,,,,,"8",,,,,,"9","300",,,,,,,,,,,,,"226","29","798","172","7","1","2","2","1FFFFF","1AAAAAAAA1AAAA","4",,,,,,,,,,,,,,,
"5100523","2016-09-21T01:00:00","24.34","124.19",,,"1","4","2","5",,,,"11",,,,,,,,,,,,"8",,,,,,"9","294",,,,,,,,,,,,,"226","44","798","172","7","1","2","2","1FFFFF","1AAAAAAAA1AAAA","4",,,,,,,,,,,,,,,
"5100523","2016-09-21T01:03:00","24.33","124.19",,,"1","4","2","5",,,,"11",,,,,,,,,,,,"8",,,,,,"9","293",,,,,,,,,,,,,"226","44","798","172","7","1","2","2","1FFFFF","1AAAAAAAA1AAAA","4",,,,,,,,,,,,,,,
"5100523","2016-09-21T01:45:00","24.33","124.19",,,"1","4","2","5",,,,"11",,,,,,,,,,,,"8",,,,,,"9","293",,,,,,,,,,,,,"226","44","798","172","7","1","2","2","1FFFFF","1AAAAAAAA1AAAA","4",,,,,,,,,,,,,,,
"3200560","2016-09-21T01:48:00","21.00","124.83",,,"1","4","2","5",,,,"11",,,,,,,,,,,,"8",,,,,,"9","297",,,,,,,,,,,,,"226","14","798","172","7","1","2","2","1FFFFF","1AAAAAAAA1AAAA","4",,,,,,,,,,,,,,,
"4300531","2016-09-21T01:48:00","22.10","129.42",,,"1","4","2","5",,,,"11",,,,,,,,,,,,"8",,,,,,"9","303",,,,,,,,,,,,,"226","29","798","172","7","1","2","2","1FFFFF","1AAAAAAAA1AAAA","4",,,,,,,,,,,,,,,
"5100523","2016-09-21T01:48:00","24.34","124.18",,,"1","4","2","5",,,,"11",,,,,,,,,,,,"8",,,,,,"9",,,,,,,,,,,,,,"226","44","798","172","7","0",,"2","7FFFFF","1AAAAAAAA1AAAA","4",,,,,,,,,,,,,,,
"3200560","2016-09-21T02:00:00","21.00","124.83",,,"1","4","2","5",,,,"11",,,,,,,,,,,,"8",,,,,,"9","297",,,,,,,,,,,,,"226","14","798","172","7","1","2","2","1FFFFF","1AAAAAAAA1AAAA","4",,,,,,,,,,,,,,,
"4300531","2016-09-21T02:00:00","22.10","129.42",,,"1","4","2","5",,,,"11",,,,,,,,,,,,"8",,,,,,"9","301",,,,,,,,,,,,,"226","29","798","172","7","1","2","2","1FFFFF","1AAAAAAAA1AAAA","4",,,,,,,,,,,,,,,
"3200560","2016-09-21T02:42:00","21.00","124.84",,,"1","4","2","5",,,,"11",,,,,,,,,,,,"8",,,,,,"9","299",,,,,,,,,,,,,"226","14","798","172","7","1","2","2","1FFFFF","1AAAAAAAA1AAAA","4",,,,,,,,,,,,,,,
"3200560","2016-09-21T03:00:00","21.00","124.84",,,"1","4","2","5",,,,"11",,,,,,,,,,,,"8",,,,,,"9","298",,,,,,,,,,,,,"226","14","798","172","7","1","2","2","1FFFFF","1AAAAAAAA1AAAA","4",,,,,,,,,,,,,,,
"4300531","2016-09-21T03:00:00","22.10","129.42",,,"1","4","2","5",,,,"11",,,,,,,,,,,,"8",,,,,,"9","303",,,,,,,,,,,,,"226","29","798","172","7","1","2","2","1FFFFF","1AAAAAAAA1AAAA","4",,,,,,,,,,,,,,,
"DFGN2","2016-09-21T03:00:00","25.70","120.30",,,"1","4","0","0","5","4","1","1","0","30","4","118",,"97","3","1","10170","8","11","0","291",,,,"166","3","264","7","7","7","2","A","A",,"5","6",,,,"226","50","992","114","5","1","2","2","111114","1111111A1111A1",,,"1","1",,,,,,,,,,,"4",
"SHIP","2016-09-21T03:00:00","24.20","126.00",,,"1","4","0","0","5","5",,"2","0","60","4","98",,"98","3","1","10198","2","62","0","270","0","240",,"228","1","290","7","5","5","4","9","6",,"2","2","5","2","2","226","46","992","114","5","1","2","2","111111","11111111111111",,,"1","1",,,,,,,,,,,"4",
"3200560","2016-09-21T04:00:00","21.00","124.84",,,"1","4","2","5",,,,"11",,,,,,,,,,,,"8",,,,,,"9","299",,,,,,,,,,,,,"226","14","798","172","7","1","2","2","1FFFFF","1AAAAAAAA1AAAA","4",,,,,,,,,,,,,,,
"4300531","2016-09-21T04:00:00","22.12","129.39",,,"1","4","2","5",,,,"11",,,,,,,,,,,,"8",,,,,,"9","304",,,,,,,,,,,,,"226","29","798","172","7","1","2","2","1FFFFF","1AAAAAAAA1AAAA","4",,,,,,,,,,,,,,,
"A8GK7","2016-09-21T04:00:00","25.20","121.40",,,"1","4","0","0","1","1",,"1","0","50","4","129",,"95",,"0","10140",,,"0","290","0","230",,"204",,,"3","3","1","2","6","A",,"5","6","5","5","6","226","51","992","114","5","1","2","2","F11111","111A11111A111A",,,"1","0","5","5","3",,,,,,,,"4",
"3200560","2016-09-21T05:00:00","20.96","124.88",,,"1","4","2","5",,,,"11",,,,,,,,,,,,"8",,,,,,"9","299",,,,,,,,,,,,,"226","4","798","172","7","1","2","2","1FFFFF","1AAAAAAAA1AAAA","4",,,,,,,,,,,,,,,
"4300531","2016-09-21T05:00:00","22.12","129.39",,,"1","4","2","5",,,,"11",,,,,,,,,,,,"8",,,,,,"9","306",,,,,,,,,,,,,"226","29","798","172","7","1","2","2","1FFFFF","1AAAAAAAA1AAAA","4",,,,,,,,,,,,,,,
"5100523","2016-09-21T05:45:00","24.34","124.18",,,"1","4","2","5",,,,"11",,,,,,,,,,,,"8",,,,,,"9",,,,,,,,,,,,,,"226","44","798","172","7","1","2","2","7FFFFF","1AAAAAAAA1AAAA","4",,,,,,,,,,,,,,,
"3200560","2016-09-21T05:49:00","20.96","124.88",,,"1","4","2","5",,,,"11",,,,,,,,,,,,"8",,,,,,"9","300",,,,,,,,,,,,,"226","4","798","172","7","1","2","2","1FFFFF","1AAAAAAAA1AAAA","4",,,,,,,,,,,,,,,
"4300531","2016-09-21T05:49:00","22.12","129.40",,,"1","4","2","5",,,,"11",,,,,,,,,,,,"8",,,,,,"9","305",,,,,,,,,,,,,"226","29","798","172","7","1","2","2","1FFFFF","1AAAAAAAA1AAAA","4",,,,,,,,,,,,,,,
"5100523","2016-09-21T05:51:00","24.33","124.18",,,"1","4","2","5",,,,"11",,,,,,,,,,,,"8",,,,,,"9","288",,,,,,,,,,,,,"226","44","798","172","7","1","2","2","1FFFFF","1AAAAAAAA1AAAA","4",,,,,,,,,,,,,,,
"3200560","2016-09-21T06:00:00","20.96","124.88",,,"1","4","2","5",,,,"11",,,,,,,,,,,,"8",,,,,,"9","300",,,,,,,,,,,,,"226","4","798","172","7","0",,"2","1FFFFF","1AAAAAAAA1AAAA","4",,,,,,,,,,,,,,,
"4300531","2016-09-21T06:00:00","22.12","129.40",,,"1","4","2","5",,,,"11",,,,,,,,,,,,"8",,,,,,"9","305",,,,,,,,,,,,,"226","29","798","172","7","1","2","2","1FFFFF","1AAAAAAAA1AAAA","4",,,,,,,,,,,,,,,
"CCES","2016-09-21T06:00:00","28.30","123.10",,,"1","4","0","0","4","2",,"1","0","30","4","67",,"97",,,"10170","2","30","0","270",,,,"254","1","250","0",,,"9",,,,"1","1","4","6","2","226","83","992","114","5","1","2","2","111111","111AA11A111111",,,"2",,,,,,,,,,,,"4",
"DGWD2","2016-09-21T06:00:00","28.60","123.70",,,"1","4","0","0","4","4","1","1","0","20","4","62",,"98","2","1","10168","6","18","0","292",,,,"183","1","270","4","4","4","4","0","0",,"4","2","6","6","4","226","83","992","114","5","1","2","2","111112","1111111A111111",,,"1","1",,,,,,,,,,,"4",
"VQGQ4","2016-09-21T06:00:00","25.80","120.70",,,"1","4","0","0","5","4",,"1","0","50","3","51",,"98","2","0","10182","6","28","0","280","0","270",,"266","3","270","3","3","1","2","0","0",,"2","3","4","1","3","226","50","992","114","5","1","2","2","111111","11111111111111",,,"1","0",,,,,,,,,,,"4",
"3200560","2016-09-21T07:00:00","20.93","124.87",,,"1","4","2","5",,,,"11",,,,,,,,,,,,"8",,,,,,"9","302",,,,,,,,,,,,,"226","4","798","172","7","0",,"2","1FFFFF","1AAAAAAAA1AAAA","4",,,,,,,,,,,,,,,
"4300531","2016-09-21T07:00:00","22.12","129.40",,,"1","4","2","5",,,,"11",,,,,,,,,,,,"8",,,,,,"9","303",,,,,,,,,,,,,"226","29","798","172","7","1","2","2","1FFFFF","1AAAAAAAA1AAAA","4",,,,,,,,,,,,,,,
"5100523","2016-09-21T07:15:00","24.33","124.18",,,"1","4","2","5",,,,"11",,,,,,,,,,,,"8",,,,,,"9","288",,,,,,,,,,,,,"226","44","798","172","7","0",,"2","1FFFFF","1AAAAAAAA1AAAA","4",,,,,,,,,,,,,,,
"5100523","2016-09-21T07:30:00","24.33","124.18",,,"1","4","2","5",,,,"11",,,,,,,,,,,,"8",,,,,,"9","285",,,,,,,,,,,,,"226","44","798","172","7","0",,"2","1FFFFF","1AAAAAAAA1AAAA","4",,,,,,,,,,,,,,,
"3200560","2016-09-21T07:31:00","20.93","124.87",,,"1","4","2","5",,,,"11",,,,,,,,,,,,"8",,,,,,"9","302",,,,,,,,,,,,,"226","4","798","172","7","1","2","2","1FFFFF","1AAAAAAAA1AAAA","4",,,,,,,,,,,,,,,
"2IWZ7","2016-09-21T08:00:00","24.30","124.10",,,"1","4","0","0","0","0","1","1","0","50","4","67",,"96","2","8","10168","7","10","0","275","0","252",,"242","1","285","8","8","A","3","A","A",,"1","1","0",,,"226","44","992","114","5","1","2","2","111111","11141111111131",,,"1","2","0",,,,,,,,,,"4",
"3200560","2016-09-21T08:00:00","20.93","124.87",,,"1","4","2","5",,,,"11",,,,,,,,,,,,"8",,,,,,"9","300",,,,,,,,,,,,,"226","4","798","172","7","1","2","2","1FFFFF","1AAAAAAAA1AAAA","4",,,,,,,,,,,,,,,
"4300531","2016-09-21T08:00:00","22.13","129.38",,,"1","4","2","5",,,,"11",,,,,,,,,,,,"8",,,,,,"9","303",,,,,,,,,,,,,"226","29","798","172","7","1","2","2","1FFFFF","1AAAAAAAA1AAAA","4",,,,,,,,,,,,,,,
"5100523","2016-09-21T08:15:00","24.33","124.18",,,"1","4","2","5",,,,"11",,,,,,,,,,,,"8",,,,,,"9","279",,,,,,,,,,,,,"226","44","798","172","7","1","2","2","1FFFFF","1AAAAAAAA1AAAA","4",,,,,,,,,,,,,,,
"4300531","2016-09-21T08:19:00","22.13","129.38",,,"1","4","2","5",,,,"11",,,,,,,,,,,,"8",,,,,,"9","303",,,,,,,,,,,,,"226","29","798","172","7","0",,"2","1FFFFF","1AAAAAAAA1AAAA","4",,,,,,,,,,,,,,,
"5100523","2016-09-21T08:45:00","24.33","124.18",,,"1","4","2","5",,,,"11",,,,,,,,,,,,"8",,,,,,"9","276",,,,,,,,,,,,,"226","44","798","172","7","1","2","2","1FFFFF","1AAAAAAAA1AAAA","4",,,,,,,,,,,,,,,
"3200560","2016-09-21T08:50:00","20.92","124.87",,,"1","4","2","5",,,,"11",,,,,,,,,,,,"8",,,,,,"9","299",,,,,,,,,,,,,"226","4","798","172","7","0",,"2","1FFFFF","1AAAAAAAA1AAAA","4",,,,,,,,,,,,,,,
"4300531","2016-09-21T08:50:00","22.14","129.38",,,"1","4","2","5",,,,"11",,,,,,,,,,,,"8",,,,,,"9","301",,,,,,,,,,,,,"226","29","798","172","7","0",,"2","1FFFFF","1AAAAAAAA1AAAA","4",,,,,,,,,,,,,,,
"5100523","2016-09-21T08:54:00","24.33","124.19",,,"1","4","2","5",,,,"11",,,,,,,,,,,,"8",,,,,,"9","273",,,,,,,,,,,,,"226","44","798","172","7","1","2","2","1FFFFF","1AAAAAAAA1AAAA","4",,,,,,,,,,,,,,,
"3200560","2016-09-21T09:00:00","20.92","124.87",,,"1","4","2","5",,,,"11",,,,,,,,,,,,"8",,,,,,"9","299",,,,,,,,,,,,,"226","4","798","172","7","1","2","2","1FFFFF","1AAAAAAAA1AAAA","4",,,,,,,,,,,,,,,
"4300531","2016-09-21T09:00:00","22.14","129.38",,,"1","4","2","5",,,,"11",,,,,,,,,,,,"8",,,,,,"9","301",,,,,,,,,,,,,"226","29","798","172","7","1","2","2","1FFFFF","1AAAAAAAA1AAAA","4",,,,,,,,,,,,,,,
"SHIP","2016-09-21T09:00:00","23.00","124.20",,,"1","4","0","0","5","5",,"2","0","110","4","77",,"98","3","1","10130","6","5","0","280","0","250",,"239","1","293","7","5","8","4","6","3",,"3","2","23","3","2","226","34","992","114","5","1","2","2","111111","11111111111111",,,"1","1",,,,,,,,,,,"4",
"5100523","2016-09-21T09:30:00","24.33","124.19",,,"1","4","2","5",,,,"11",,,,,,,,,,,,"8",,,,,,"9","273",,,,,,,,,,,,,"226","44","798","172","7","1","2","2","1FFFFF","1AAAAAAAA1AAAA","4",,,,,,,,,,,,,,,
"5100523","2016-09-21T09:45:00","24.33","124.19",,,"1","4","2","5",,,,"11",,,,,,,,,,,,"8",,,,,,"9","272",,,,,,,,,,,,,"226","44","798","172","7","1","2","2","1FFFFF","1AAAAAAAA1AAAA","4",,,,,,,,,,,,,,,
"5100523","2016-09-21T09:55:00","24.33","124.19",,,"1","4","2","5",,,,"11",,,,,,,,,,,,"8",,,,,,"9","272",,,,,,,,,,,,,"226","44","798","172","7","1","2","1","1FFFFF","1AAAAAAAA1AAAA","4",,,,,,,,,,,,,,,
"4300531","2016-09-21T09:56:00","22.15","129.38",,,"1","4","2","5",,,,"11",,,,,,,,,,,,"8",,,,,,"9","301",,,,,,,,,,,,,"226","29","798","172","7","0",,"1","1FFFFF","1AAAAAAAA1AAAA","4",,,,,,,,,,,,,,,
"3200560","2016-09-21T09:57:00","20.90","124.85",,,"1","4","2","5",,,,"11",,,,,,,,,,,,"8",,,,,,"9","297",,,,,,,,,,,,,"226","4","798","172","7","0",,"1","1FFFFF","1AAAAAAAA1AAAA","4",,,,,,,,,,,,,,,
"3200560","2016-09-21T10:00:00","20.90","124.85",,,"1","4","2","5",,,,"11",,,,,,,,,,,,"8",,,,,,"9","297",,,,,,,,,,,,,"226","4","798","172","7","1","2","1","1FFFFF","1AAAAAAAA1AAAA","4",,,,,,,,,,,,,,,
"4300531","2016-09-21T10:00:00","22.15","129.38",,,"1","4","2","5",,,,"11",,,,,,,,,,,,"8",,,,,,"9","301",,,,,,,,,,,,,"226","29","798","172","7","1","2","1","1FFFFF","1AAAAAAAA1AAAA","4",,,,,,,,,,,,,,,
"5100523","2016-09-21T10:00:00","24.34","124.20",,,"1","4","2","5",,,,"11",,,,,,,,,,,,"8",,,,,,"9","272",,,,,,,,,,,,,"226","44","798","172","7","1","2","1","1FFFFF","1AAAAAAAA1AAAA","4",,,,,,,,,,,,,,,
"5100523","2016-09-21T10:30:00","24.33","124.19",,,"1","4","2","5",,,,"11",,,,,,,,,,,,"8",,,,,,"9","271",,,,,,,,,,,,,"226","44","798","172","7","1","2","1","1FFFFF","1AAAAAAAA1AAAA","4",,,,,,,,,,,,,,,
"3200560","2016-09-21T10:35:00","20.89","124.84",,,"1","4","2","5",,,,"11",,,,,,,,,,,,"8",,,,,,"9","296",,,,,,,,,,,,,"226","4","798","172","7","0",,"1","1FFFFF","1AAAAAAAA1AAAA","4",,,,,,,,,,,,,,,
"3200560","2016-09-21T11:00:00","20.89","124.84",,,"1","4","2","5",,,,"11",,,,,,,,,,,,"8",,,,,,"9","296",,,,,,,,,,,,,"226","4","798","172","7","1","2","1","1FFFFF","1AAAAAAAA1AAAA","4",,,,,,,,,,,,,,,
"4300531","2016-09-21T11:00:00","22.17","129.37",,,"1","4","2","5",,,,"11",,,,,,,,,,,,"8",,,,,,"9","301",,,,,,,,,,,,,"226","29","798","172","7","1","2","1","1FFFFF","1AAAAAAAA1AAAA","4",,,,,,,,,,,,,,,
"5100523","2016-09-21T11:15:00","24.33","124.19",,,"1","4","2","5",,,,"11",,,,,,,,,,,,"8",,,,,,"9","272",,,,,,,,,,,,,"226","44","798","172","7","1","2","1","1FFFFF","1AAAAAAAA1AAAA","4",,,,,,,,,,,,,,,
"4300531","2016-09-21T11:22:00","22.17","129.37",,,"1","4","2","5",,,,"11",,,,,,,,,,,,"8",,,,,,"9","301",,,,,,,,,,,,,"226","29","798","172","7","0",,"1","1FFFFF","1AAAAAAAA1AAAA","4",,,,,,,,,,,,,,,
"3200560","2016-09-21T12:00:00","20.88","124.82",,,"1","3","2","5",,,,"11",,,,,,,,,,,,"0",,,,,,,"296",,,,,,,,,,,,,"226","4","794","103","7","1","2","1","1FFFFF","1AAAAAAAA1AAAA","4",,,,,,,,,,,,,,,
"4300531","2016-09-21T12:00:00","22.17","129.36",,,"1","3","2","5",,,,"11",,,,,,,,,,,,"0",,,,,,,"301",,,,,,,,,,,,,"226","29","794","103","7","1","2","1","1FFFFF","1AAAAAAAA1AAAA","4",,,,,,,,,,,,,,,
"5100523","2016-09-21T12:00:00","24.34","124.19",,,"1","3","2","5",,,,"11",,,,,,,,,,,,"0",,,,,,,"271",,,,,,,,,,,,,"226","44","794","103","7","1","2","1","1FFFFF","1AAAAAAAA1AAAA","4",,,,,,,,,,,,,,,
"9V9712","2016-09-21T12:00:00","24.80","129.00",,,"1","4","0","0","4","3",,"1","0","60","4","98",,"97","50","0","10151","3","6","0","280","0","256",,"246","3","290",,,,"A",,,,,,,,,"226","49","992","114","5","1","2","1","111111","11111111118AA1",,,"1","0",,,,,,,,,,,"4",
"WCX8812","2016-09-21T12:00:00","29.60","127.90",,,"1","4","0","0","4","5",,"1","0","10","4","57",,"98","2","0","10129","2","14","0","250","0","220",,"204","1","280","1","1","1","3","A","A",,"1","2","1","14","4","226","97","992","114","5","1","2","1","111111","11111111111111",,,"1","0",,,,,,,,,,,"4",
"5100523","2016-09-21T12:15:00","24.34","124.19",,,"1","3","2","5",,,,"11",,,,,,,,,,,,"0",,,,,,,"271",,,,,,,,,,,,,"226","44","794","103","7","1","2","1","1FFFFF","1AAAAAAAA1AAAA","4",,,,,,,,,,,,,,,
"5100523","2016-09-21T12:45:00","24.33","124.17",,,"1","4","2","5",,,,"11",,,,,,,,,,,,"8",,,,,,"9","250",,,,,,,,,,,,,"226","44","798","172","7","1","2","1","1FFFFF","1AAAAAAAA1AAAA","4",,,,,,,,,,,,,,,
"3200560","2016-09-21T13:00:00","20.88","124.82",,,"1","4","2","5",,,,"11",,,,,,,,,,,,"8",,,,,,"9","295",,,,,,,,,,,,,"226","4","798","172","7","1","2","1","1FFFFF","1AAAAAAAA1AAAA","4",,,,,,,,,,,,,,,
"4300531","2016-09-21T13:00:00","22.18","129.36",,,"1","4","2","5",,,,"11",,,,,,,,,,,,"8",,,,,,"9","300",,,,,,,,,,,,,"226","29","798","172","7","1","2","1","1FFFFF","1AAAAAAAA1AAAA","4",,,,,,,,,,,,,,,
"5100523","2016-09-21T13:00:00","24.33","124.17",,,"1","4","2","5",,,,"11",,,,,,,,,,,,"8",,,,,,"9","250",,,,,,,,,,,,,"226","44","798","172","7","1","2","1","1FFFFF","1AAAAAAAA1AAAA","4",,,,,,,,,,,,,,,
"5100523","2016-09-21T13:02:00","24.33","124.17",,,"1","4","2","5",,,,"11",,,,,,,,,,,,"8",,,,,,"9","255",,,,,,,,,,,,,"226","44","798","172","7","1","2","1","1FFFFF","1AAAAAAAA1AAAA","4",,,,,,,,,,,,,,,
"3200560","2016-09-21T13:03:00","20.88","124.82",,,"1","4","2","5",,,,"11",,,,,,,,,,,,"8",,,,,,"9","295",,,,,,,,,,,,,"226","4","798","172","7","0",,"1","1FFFFF","1AAAAAAAA1AAAA","4",,,,,,,,,,,,,,,
"4300531","2016-09-21T13:03:00","22.18","129.36",,,"1","4","2","5",,,,"11",,,,,,,,,,,,"8",,,,,,"9","301",,,,,,,,,,,,,"226","29","798","172","7","1","2","1","1FFFFF","1AAAAAAAA1AAAA","4",,,,,,,,,,,,,,,
"5100523","2016-09-21T13:45:00","24.33","124.17",,,"1","4","2","5",,,,"11",,,,,,,,,,,,"8",,,,,,"9","255",,,,,,,,,,,,,"226","44","798","172","7","1","2","1","1FFFFF","1AAAAAAAA1AAAA","4",,,,,,,,,,,,,,,
"3200560","2016-09-21T13:56:00","20.86","124.80",,,"1","4","2","5",,,,"11",,,,,,,,,,,,"8",,,,,,"9","295",,,,,,,,,,,,,"226","4","798","172","7","1","2","1","1FFFFF","1AAAAAAAA1AAAA","4",,,,,,,,,,,,,,,
"3200560","2016-09-21T14:00:00","20.86","124.80",,,"1","4","2","5",,,,"11",,,,,,,,,,,,"8",,,,,,"9","295",,,,,,,,,,,,,"226","4","798","172","7","1","2","1","1FFFFF","1AAAAAAAA1AAAA","4",,,,,,,,,,,,,,,
"4300531","2016-09-21T14:00:00","22.18","129.36",,,"1","4","2","5",,,,"11",,,,,,,,,,,,"8",,,,,,"9","301",,,,,,,,,,,,,"226","29","798","172","7","1","2","1","1FFFFF","1AAAAAAAA1AAAA","4",,,,,,,,,,,,,,,
"3200560","2016-09-21T15:00:00","20.86","124.80",,,"1","4","2","5",,,,"11",,,,,,,,,,,,"8",,,,,,"9","295",,,,,,,,,,,,,"226","4","798","172","7","1","2","1","1FFFFF","1AAAAAAAA1AAAA","4",,,,,,,,,,,,,,,
"4300531","2016-09-21T15:00:00","22.18","129.36",,,"1","4","2","5",,,,"11",,,,,,,,,,,,"8",,,,,,"9","300",,,,,,,,,,,,,"226","29","798","172","7","1","2","1","1FFFFF","1AAAAAAAA1AAAA","4",,,,,,,,,,,,,,,
"3200560","2016-09-21T16:00:00","20.86","124.80",,,"1","4","2","5",,,,"11",,,,,,,,,,,,"8",,,,,,"9","294",,,,,,,,,,,,,"226","4","798","172","7","1","2","1","1FFFFF","1AAAAAAAA1AAAA","4",,,,,,,,,,,,,,,
"4300531","2016-09-21T16:00:00","22.22","129.35",,,"1","4","2","5",,,,"11",,,,,,,,,,,,"8",,,,,,"9","299",,,,,,,,,,,,,"226","29","798","172","7","1","2","1","1FFFFF","1AAAAAAAA1AAAA","4",,,,,,,,,,,,,,,
"3200560","2016-09-21T17:00:00","20.86","124.76",,,"1","4","2","5",,,,"11",,,,,,,,,,,,"8",,,,,,"9","294",,,,,,,,,,,,,"226","4","798","172","7","1","2","1","1FFFFF","1AAAAAAAA1AAAA","4",,,,,,,,,,,,,,,
"4300531","2016-09-21T17:00:00","22.22","129.35",,,"1","4","2","5",,,,"11",,,,,,,,,,,,"8",,,,,,"9","299",,,,,,,,,,,,,"226","29","798","172","7","1","2","1","1FFFFF","1AAAAAAAA1AAAA","4",,,,,,,,,,,,,,,
"3200560","2016-09-21T18:00:00","20.86","124.76",,,"1","4","2","5",,,,"11",,,,,,,,,,,,"8",,,,,,"9","294",,,,,,,,,,,,,"226","4","798","172","7","1","2","1","1FFFFF","1AAAAAAAA1AAAA","4",,,,,,,,,,,,,,,
"4300531","2016-09-21T18:00:00","22.22","129.35",,,"1","4","2","5",,,,"11",,,,,,,,,,,,"8",,,,,,"9","299",,,,,,,,,,,,,"226","29","798","172","7","1","2","1","1FFFFF","1AAAAAAAA1AAAA","4",,,,,,,,,,,,,,,
"C6LG6","2016-09-21T18:00:00","25.00","122.50",,,"1","4","0","0","2","3","1","1","0","40","1","120",,"97","0","2","10150","7","10","0","260","0","235",,"223",,,"6","3","1","3","4","A",,"3","3","25","4","4","226","52","992","114","5","1","2","1","F11111","111111111A1111",,,"1","2",,,,,,,,,,,"4",
"CCES","2016-09-21T18:00:00","26.90","121.80",,,"1","4","0","0","4","2",,"1","0","40","4","51",,"97",,,"10160","7","30","0","250",,,,"230","1","250","0",,,"9",,,,"1","1","4","2","2","226","61","992","114","5","1","2","1","111111","111AA11A111111",,,"2",,,,,,,,,,,,"4",
"DGWD2","2016-09-21T18:00:00","26.10","121.40",,,"1","4","0","0","5","4","1","1","0","90","4","62",,"98","2","0","10152","7","14","0","253",,,,"210","1","260","3","3","1","4","A","A",,"4","2",,,,"226","61","992","114","5","1","2","1","111111","1111111A1111A1",,,"1","0",,,,,,,,,,,"4",
"DIGY2","2016-09-21T18:00:00","24.90","120.00",,,"1","4","0","0","1","3",,"1","0","20","4","149",,"98","2","2","10150","8",,"0","260","0","240",,"232","1","270","3","3","0","4","4","1",,"5","7","2","5","7","226","40","992","114","5","1","2","1","111111","11111111111117",,,"1","2",,,,,,,,,,,"4",
"VRBX7","2016-09-21T18:00:00","26.70","120.30",,,"1","4","0","0","0","0","1","1","0","20","1","70",,"98","2","0","10180","8","5","0","240","0","220",,"210","1","243","1",,,"A",,,,,,,,,"226","60","992","114","5","1","2","1","111111","11111111111AA1",,,"1","0",,,,,,,,,,,"4",
"5100523","2016-09-21T18:15:00","24.33","124.17",,,"1","4","2","5",,,,"11",,,,,,,,,,,,"8",,,,,,"9","246",,,,,,,,,,,,,"226","44","798","172","7","1","2","1","1FFFFF","1AAAAAAAA1AAAA","4",,,,,,,,,,,,,,,
"3200560","2016-09-21T18:22:00","20.86","124.76",,,"1","4","2","5",,,,"11",,,,,,,,,,,,"8",,,,,,"9","294",,,,,,,,,,,,,"226","4","798","172","7","1","2","1","1FFFFF","1AAAAAAAA1AAAA","4",,,,,,,,,,,,,,,
"4300531","2016-09-21T18:22:00","22.22","129.35",,,"1","4","2","5",,,,"11",,,,,,,,,,,,"8",,,,,,"9","299",,,,,,,,,,,,,"226","29","798","172","7","0",,"1","1FFFFF","1AAAAAAAA1AAAA","4",,,,,,,,,,,,,,,
"5100523","2016-09-21T18:22:00","24.33","124.19",,,"1","4","2","5",,,,"11",,,,,,,,,,,,"8",,,,,,"9","249",,,,,,,,,,,,,"226","44","798","172","7","0",,"1","1FFFFF","1AAAAAAAA1AAAA","4",,,,,,,,,,,,,,,
"3200560","2016-09-21T19:00:00","20.86","124.76",,,"1","4","2","5",,,,"11",,,,,,,,,,,,"8",,,,,,"9","294",,,,,,,,,,,,,"226","4","798","172","7","1","2","1","1FFFFF","1AAAAAAAA1AAAA","4",,,,,,,,,,,,,,,
"4300531","2016-09-21T19:00:00","22.22","129.35",,,"1","4","2","5",,,,"11",,,,,,,,,,,,"8",,,,,,"9","299",,,,,,,,,,,,,"226","29","798","172","7","1","2","1","1FFFFF","1AAAAAAAA1AAAA","4",,,,,,,,,,,,,,,
"3200560","2016-09-21T20:00:00","20.86","124.76",,,"1","4","2","5",,,,"11",,,,,,,,,,,,"8",,,,,,"9","294",,,,,,,,,,,,,"226","4","798","172","7","0",,"1","1FFFFF","1AAAAAAAA1AAAA","4",,,,,,,,,,,,,,,
"4300531","2016-09-21T20:00:00","22.22","129.36",,,"1","4","2","5",,,,"11",,,,,,,,,,,,"8",,,,,,"9","299",,,,,,,,,,,,,"226","29","798","172","7","1","2","1","1FFFFF","1AAAAAAAA1AAAA","4",,,,,,,,,,,,,,,
"5100523","2016-09-21T20:30:00","24.34","124.20",,,"1","4","2","5",,,,"11",,,,,,,,,,,,"8",,,,,,"9","248",,,,,,,,,,,,,"226","44","798","172","7","1","2","1","1FFFFF","1AAAAAAAA1AAAA","4",,,,,,,,,,,,,,,
"5100523","2016-09-21T20:45:00","24.33","124.19",,,"1","4","2","5",,,,"11",,,,,,,,,,,,"8",,,,,,"9","249",,,,,,,,,,,,,"226","44","798","172","7","1","2","1","1FFFFF","1AAAAAAAA1AAAA","4",,,,,,,,,,,,,,,
"3200560","2016-09-21T20:46:00","20.88","124.74",,,"1","4","2","5",,,,"11",,,,,,,,,,,,"8",,,,,,"9","293",,,,,,,,,,,,,"226","4","798","172","7","0",,"1","1FFFFF","1AAAAAAAA1AAAA","4",,,,,,,,,,,,,,,
"5100523","2016-09-21T20:46:00","24.34","124.20",,,"1","4","2","5",,,,"11",,,,,,,,,,,,"8",,,,,,"9","250",,,,,,,,,,,,,"226","44","798","172","7","1","2","1","1FFFFF","1AAAAAAAA1AAAA","4",,,,,,,,,,,,,,,
"4300531","2016-09-21T20:47:00","22.22","129.36",,,"1","4","2","5",,,,"11",,,,,,,,,,,,"8",,,,,,"9","299",,,,,,,,,,,,,"226","29","798","172","7","0",,"1","1FFFFF","1AAAAAAAA1AAAA","4",,,,,,,,,,,,,,,
"4300531","2016-09-21T20:49:00","22.22","129.36",,,"1","4","2","5",,,,"11",,,,,,,,,,,,"8",,,,,,"9","299",,,,,,,,,,,,,"226","29","798","172","7","0",,"1","1FFFFF","1AAAAAAAA1AAAA","4",,,,,,,,,,,,,,,
"3200560","2016-09-21T21:00:00","20.88","124.74",,,"1","4","2","5",,,,"11",,,,,,,,,,,,"8",,,,,,"9","293",,,,,,,,,,,,,"226","4","798","172","7","0",,"1","1FFFFF","1AAAAAAAA1AAAA","4",,,,,,,,,,,,,,,
"4300531","2016-09-21T21:00:00","22.22","129.36",,,"1","4","2","5",,,,"11",,,,,,,,,,,,"8",,,,,,"9","299",,,,,,,,,,,,,"226","29","798","172","7","0",,"1","1FFFFF","1AAAAAAAA1AAAA","4",,,,,,,,,,,,,,,
"SHIP","2016-09-21T21:00:00","20.40","121.00",,,"1","4","0","0","5","4",,"2","0","30","4","82",,"98","3","1","10121","2","6","0","255","0","240",,"234","1","298","7","5","4","3","9","6",,"5","1","22","3","1","226","1","992","114","5","1","2","1","111111","11111111111AA1",,,"1","1",,,,,,,,,,,"4",
"5100523","2016-09-21T21:15:00","24.34","124.20",,,"1","4","2","5",,,,"11",,,,,,,,,,,,"8",,,,,,"9","250",,,,,,,,,,,,,"226","44","798","172","7","0",,"1","1FFFFF","1AAAAAAAA1AAAA","4",,,,,,,,,,,,,,,
"3200560","2016-09-21T22:00:00","20.89","124.73",,,"1","4","2","5",,,,"11",,,,,,,,,,,,"8",,,,,,"9","293",,,,,,,,,,,,,"226","4","798","172","7","1","2","2","1FFFFF","1AAAAAAAA1AAAA","4",,,,,,,,,,,,,,,
"4300531","2016-09-21T22:00:00","22.23","129.35",,,"1","4","2","5",,,,"11",,,,,,,,,,,,"8",,,,,,"9","299",,,,,,,,,,,,,"226","29","798","172","7","1","2","2","1FFFFF","1AAAAAAAA1AAAA","4",,,,,,,,,,,,,,,
"5100523","2016-09-21T22:15:00","24.34","124.20",,,"1","4","2","5",,,,"11",,,,,,,,,,,,"8",,,,,,"9","245",,,,,,,,,,,,,"226","44","798","172","7","1","2","2","1FFFFF","1AAAAAAAA1AAAA","4",,,,,,,,,,,,,,,
"3200560","2016-09-21T22:26:00","20.89","124.73",,,"1","4","2","5",,,,"11",,,,,,,,,,,,"8",,,,,,"9","293",,,,,,,,,,,,,"226","4","798","172","7","0",,"2","1FFFFF","1AAAAAAAA1AAAA","4",,,,,,,,,,,,,,,
"4300531","2016-09-21T22:30:00","22.23","129.35",,,"1","4","2","5",,,,"11",,,,,,,,,,,,"8",,,,,,"9","299",,,,,,,,,,,,,"226","29","798","172","7","0",,"2","1FFFFF","1AAAAAAAA1AAAA","4",,,,,,,,,,,,,,,
"5100523","2016-09-21T22:30:00","24.34","124.20",,,"1","4","2","5",,,,"11",,,,,,,,,,,,"8",,,,,,"9","248",,,,,,,,,,,,,"226","44","798","172","7","1","2","2","1FFFFF","1AAAAAAAA1AAAA","4",,,,,,,,,,,,,,,
"5100523","2016-09-21T22:31:00","24.34","124.18",,,"1","4","2","5",,,,"11",,,,,,,,,,,,"8",,,,,,"9","329",,,,,,,,,,,,,"226","44","798","172","7","1","2","2","5FFFFF","1AAAAAAAA1AAAA","4",,,,,,,,,,,,,,,
"3200560","2016-09-21T22:58:00","20.90","124.72",,,"1","4","2","5",,,,"11",,,,,,,,,,,,"8",,,,,,"9","293",,,,,,,,,,,,,"226","4","798","172","7","0",,"2","1FFFFF","1AAAAAAAA1AAAA","4",,,,,,,,,,,,,,,
"3200560","2016-09-21T23:00:00","20.90","124.72",,,"1","4","2","5",,,,"11",,,,,,,,,,,,"8",,,,,,"9","293",,,,,,,,,,,,,"226","4","798","172","7","1","2","2","1FFFFF","1AAAAAAAA1AAAA","4",,,,,,,,,,,,,,,
"4300531","2016-09-21T23:00:00","22.23","129.35",,,"1","4","2","5",,,,"11",,,,,,,,,,,,"8",,,,,,"9","299",,,,,,,,,,,,,"226","29","798","172","7","1","2","2","1FFFFF","1AAAAAAAA1AAAA","4",,,,,,,,,,,,,,,
"5100523","2016-09-21T23:00:00","24.34","124.18",,,"1","4","2","5",,,,"11",,,,,,,,,,,,"8",,,,,,"9","250",,,,,,,,,,,,,"226","44","798","172","7","1","2","2","1FFFFF","1AAAAAAAA1AAAA","4",,,,,,,,,,,,,,,
"3200560","2016-09-22T00:00:00","20.92","124.71",,,"1","4","2","5",,,,"11",,,,,,,,,,,,"8",,,,,,"9","294",,,,,,,,,,,,,"226","4","798","172","7","1","2","2","1FFFFF","1AAAAAAAA1AAAA","4",,,,,,,,,,,,,,,
"4300531","2016-09-22T00:00:00","22.22","129.34",,,"1","4","2","5",,,,"11",,,,,,,,,,,,"8",,,,,,"9","299",,,,,,,,,,,,,"226","29","798","172","7","1","2","2","1FFFFF","1AAAAAAAA1AAAA","4",,,,,,,,,,,,,,,
"CCES","2016-09-22T00:00:00","26.30","121.20",,,"1","4","0","0","4","2",,"1","0","50","4","62",,"97",,,"10170","2","10","0","250",,,,"221","1","230","4","4","6","8","0","0",,"1","1","4","2","2","226","61","992","114","5","1","2","2","211111","111AA11A111111",,,"2",,,,,,,,,,,,"4",
"DIXJ2","2016-09-22T00:00:00","26.20","120.80",,,"1","4","0","0","1","4","1","1","0","50","4","113",,"98","2","2","10155","2","19","0","254","0","219",,"201","1","269","7","5","3","5","9","A",,"6","4",,,,"226","60","992","114","5","1","2","2","111111","111111111111A1",,,"1","2",,,,,,,,,,,"4",
"VRDB3","2016-09-22T00:00:00","20.20","121.60",,,"1","4","0","0","3","4","1","1","0","50","3","72",,"98","60","6","10130","5","10","0","260","0","240",,"232","1",,"6","4","2","5","6","1",,"6","2",,,,"226","1","992","114","5","1","2","2","611111","111111111111A1",,,"1","2",,,,,,,,,,,"4",
"VRWN4","2016-09-22T00:00:00","26.70","121.10",,,"1","4","0","0","5","3",,"1","0","40","4","62",,"98","3",,"10179","2","15","0","240","0","220",,"210","1","290","7","5","4","4","7","A",,"5","2","23","8","2","226","61","992","114","5","1","2","2","111111","1111A111111111",,,"1",,,,,,,,,,,,"4",
"5100523","2016-09-22T00:30:00","24.34","124.18",,,"1","4","2","5",,,,"11",,,,,,,,,,,,"8",,,,,,"9","260",,,,,,,,,,,,,"226","44","798","172","7","1","2","2","1FFFFF","1AAAAAAAA1AAAA","4",,,,,,,,,,,,,,,
"4300531","2016-09-22T00:41:00","22.22","129.34",,,"1","4","2","5",,,,"11",,,,,,,,,,,,"8",,,,,,"9","301",,,,,,,,,,,,,"226","29","798","172","7","1","2","2","1FFFFF","1AAAAAAAA1AAAA","4",,,,,,,,,,,,,,,
"3200560","2016-09-22T00:42:00","20.92","124.71",,,"1","4","2","5",,,,"11",,,,,,,,,,,,"8",,,,,,"9","294",,,,,,,,,,,,,"226","4","798","172","7","1","2","2","1FFFFF","1AAAAAAAA1AAAA","4",,,,,,,,,,,,,,,
"3200560","2016-09-22T01:00:00","20.92","124.71",,,"1","4","2","5",,,,"11",,,,,,,,,,,,"8",,,,,,"9","294",,,,,,,,,,,,,"226","4","798","172","7","1","2","2","1FFFFF","1AAAAAAAA1AAAA","4",,,,,,,,,,,,,,,
"4300531","2016-09-22T01:00:00","22.22","129.34",,,"1","4","2","5",,,,"11",,,,,,,,,,,,"8",,,,,,"9","301",,,,,,,,,,,,,"226","29","798","172","7","1","2","2","1FFFFF","1AAAAAAAA1AAAA","4",,,,,,,,,,,,,,,
"DIGY2","2016-09-22T01:00:00","26.30","121.00",,,"1","4","0","0","1","3",,"1","0","40","4","82",,"97","3","2","10180","3","30","0","265","0","235",,"223","1","273","5","3","3","5","6","0",,"3","2","5","6","3","226","61","992","114","5","1","2","2","111111","11111111111111",,,"1","2",,,,,,,,,,,"4",
"5100523","2016-09-22T01:15:00","24.34","124.18",,,"1","4","2","5",,,,"11",,,,,,,,,,,,"8",,,,,,"9","266",,,,,,,,,,,,,"226","44","798","172","7","1","2","2","1FFFFF","1AAAAAAAA1AAAA","4",,,,,,,,,,,,,,,
"4300531","2016-09-22T01:26:00","22.22","129.34",,,"1","4","2","5",,,,"11",,,,,,,,,,,,"8",,,,,,"9","317",,,,,,,,,,,,,"226","29","798","172","7","1","2","2","3FFFFF","1AAAAAAAA1AAAA","4",,,,,,,,,,,,,,,
"3200560","2016-09-22T01:28:00","20.93","124.72",,,"1","4","2","5",,,,"11",,,,,,,,,,,,"8",,,,,,"9","295",,,,,,,,,,,,,"226","4","798","172","7","0",,"2","1FFFFF","1AAAAAAAA1AAAA","4",,,,,,,,,,,,,,,
"5100523","2016-09-22T01:30:00","24.34","124.18",,,"1","4","2","5",,,,"11",,,,,,,,,,,,"8",,,,,,"9","272",,,,,,,,,,,,,"226","44","798","172","7","1","2","2","1FFFFF","1AAAAAAAA1AAAA","4",,,,,,,,,,,,,,,
"3200560","2016-09-22T02:00:00","20.93","124.72",,,"1","4","2","5",,,,"11",,,,,,,,,,,,"8",,,,,,"9","295",,,,,,,,,,,,,"226","4","798","172","7","1","2","2","1FFFFF","1AAAAAAAA1AAAA","4",,,,,,,,,,,,,,,
"4300531","2016-09-22T02:00:00","22.22","129.34",,,"1","4","2","5",,,,"11",,,,,,,,,,,,"8",,,,,,"9","309",,,,,,,,,,,,,"226","29","798","172","7","1","2","2","1FFFFF","1AAAAAAAA1AAAA","4",,,,,,,,,,,,,,,
"5100523","2016-09-22T02:15:00","24.34","124.18",,,"1","4","2","5",,,,"11",,,,,,,,,,,,"8",,,,,,"9","281",,,,,,,,,,,,,"226","44","798","172","7","1","2","2","1FFFFF","1AAAAAAAA1AAAA","4",,,,,,,,,,,,,,,
"3200560","2016-09-22T02:21:00","20.93","124.71",,,"1","4","2","5",,,,"11",,,,,,,,,,,,"8",,,,,,"9","296",,,,,,,,,,,,,"226","4","798","172","7","0",,"2","1FFFFF","1AAAAAAAA1AAAA","4",,,,,,,,,,,,,,,
"3200560","2016-09-22T03:00:00","20.93","124.71",,,"1","4","2","5",,,,"11",,,,,,,,,,,,"8",,,,,,"9","296",,,,,,,,,,,,,"226","4","798","172","7","1","2","2","1FFFFF","1AAAAAAAA1AAAA","4",,,,,,,,,,,,,,,
"4300531","2016-09-22T03:00:00","22.22","129.34",,,"1","4","2","5",,,,"11",,,,,,,,,,,,"8",,,,,,"9","317",,,,,,,,,,,,,"226","29","798","172","7","1","2","2","3FFFFF","1AAAAAAAA1AAAA","4",,,,,,,,,,,,,,,
"3200560","2016-09-22T04:00:00","20.97","124.73",,,"1","4","2","5",,,,"11",,,,,,,,,,,,"8",,,,,,"9","297",,,,,,,,,,,,,"226","4","798","172","7","1","2","2","1FFFFF","1AAAAAAAA1AAAA","4",,,,,,,,,,,,,,,
"4300531","2016-09-22T04:00:00","22.22","129.28",,,"1","4","2","5",,,,"11",,,,,,,,,,,,"8",,,,,,"9","313",,,,,,,,,,,,,"226","29","798","172","7","1","2","2","1FFFFF","1AAAAAAAA1AAAA","4",,,,,,,,,,,,,,,
"A8GK7","2016-09-22T04:00:00","25.20","121.40",,,"1","4","0","0","1","1",,"1","0","60","4","123",,"97",,"2","10120","7","30","0","290","0","250",,"235",,,"7","4","3","2","6","A",,"2","2",,,,"226","51","992","114","5","1","2","2","F11111","111A11111A11A1",,,"1","2",,,,,,,,,,,"4",
"TBWUK50","2016-09-22T04:00:00","25.90","124.00",,,"1","4","0","0","4","3",,"1","0","270","4","72",,"98","3","0","10156","4","0","0","280","0","270",,"266","1","260","6","6","4","4","5","6",,"8","2",,,,"226","54","992","114","5","1","2","2","111111","111111111111A1",,,"1","0",,,,,,,,,,,"4",
"3200560","2016-09-22T05:00:00","20.97","124.73",,,"1","4","2","5",,,,"11",,,,,,,,,,,,"8",,,,,,"9","297",,,,,,,,,,,,,"226","4","798","172","7","1","2","2","1FFFFF","1AAAAAAAA1AAAA","4",,,,,,,,,,,,,,,
"4300531","2016-09-22T05:00:00","22.22","129.28",,,"1","4","2","5",,,,"11",,,,,,,,,,,,"8",,,,,,"9","314",,,,,,,,,,,,,"226","29","798","172","7","1","2","2","3FFFFF","1AAAAAAAA1AAAA","4",,,,,,,,,,,,,,,
"5100523","2016-09-22T05:30:00","24.34","124.18",,,"1","4","2","5",,,,"11",,,,,,,,,,,,"8",,,,,,"9","317",,,,,,,,,,,,,"226","44","798","172","7","1","2","2","3FFFFF","1AAAAAAAA1AAAA","4",,,,,,,,,,,,,,,
"3200560","2016-09-22T05:38:00","20.97","124.73",,,"1","4","2","5",,,,"11",,,,,,,,,,,,"8",,,,,,"9","297",,,,,,,,,,,,,"226","4","798","172","7","1","2","2","1FFFFF","1AAAAAAAA1AAAA","4",,,,,,,,,,,,,,,
"4300531","2016-09-22T05:38:00","22.22","129.28",,,"1","4","2","5",,,,"11",,,,,,,,,,,,"8",,,,,,"9","314",,,,,,,,,,,,,"226","29","798","172","7","1","2","2","3FFFFF","1AAAAAAAA1AAAA","4",,,,,,,,,,,,,,,
"3200560","2016-09-22T06:00:00","20.97","124.73",,,"1","4","2","5",,,,"11",,,,,,,,,,,,"8",,,,,,"9","297",,,,,,,,,,,,,"226","4","798","172","7","0",,"2","1FFFFF","1AAAAAAAA1AAAA","4",,,,,,,,,,,,,,,
"4300531","2016-09-22T06:00:00","22.22","129.28",,,"1","4","2","5",,,,"11",,,,,,,,,,,,"8",,,,,,"9","309",,,,,,,,,,,,,"226","29","798","172","7","1","2","2","1FFFFF","1AAAAAAAA1AAAA","4",,,,,,,,,,,,,,,
"DIGY2","2016-09-22T06:00:00","27.20","121.60",,,"1","4","0","0","1","3",,"1","0","40","4","62",,"98","3","2","10160",,,"0","255","0","225",,"212","1","270","7",,"4","5","A","A",,"6","3",,,,"226","71","992","114","5","1","2","2","111111","111111111111AA",,,"1","2",,,,,,,,,,,"4",
"DIXJ2","2016-09-22T06:00:00","26.40","120.80",,,"1","4","0","0","6","1","1","1","0","50","4","93",,"98","2","2","10138","7","27","0","290",,,,"218","1","267","6","6","4","5","A","A",,"99","4","0",,,"226","60","992","114","5","1","2","2","111111","1111111A111331",,,"1","2","0",,,,,,,,,,"4",
"3200560","2016-09-22T07:00:00","20.99","124.74",,,"1","4","2","5",,,,"11",,,,,,,,,,,,"8",,,,,,"9","297",,,,,,,,,,,,,"226","4","798","172","7","0",,"2","1FFFFF","1AAAAAAAA1AAAA","4",,,,,,,,,,,,,,,
"4300531","2016-09-22T07:00:00","22.22","129.28",,,"1","4","2","5",,,,"11",,,,,,,,,,,,"8",,,,,,"9","308",,,,,,,,,,,,,"226","29","798","172","7","1","2","2","1FFFFF","1AAAAAAAA1AAAA","4",,,,,,,,,,,,,,,
"5100523","2016-09-22T07:15:00","24.34","124.18",,,"1","4","2","5",,,,"11",,,,,,,,,,,,"8",,,,,,"9","329",,,,,,,,,,,,,"226","44","798","172","7","0",,"2","5FFFFF","1AAAAAAAA1AAAA","4",,,,,,,,,,,,,,,
"3200560","2016-09-22T07:20:00","20.99","124.74",,,"1","4","2","5",,,,"11",,,,,,,,,,,,"8",,,,,,"9","297",,,,,,,,,,,,,"226","4","798","172","7","0",,"2","1FFFFF","1AAAAAAAA1AAAA","4",,,,,,,,,,,,,,,
"3200560","2016-09-22T08:00:00","20.99","124.75",,,"1","4","2","5",,,,"11",,,,,,,,,,,,"8",,,,,,"9","297",,,,,,,,,,,,,"226","4","798","172","7","1","2","2","1FFFFF","1AAAAAAAA1AAAA","4",,,,,,,,,,,,,,,
"4300531","2016-09-22T08:00:00","22.22","129.28",,,"1","4","2","5",,,,"11",,,,,,,,,,,,"8",,,,,,"9","306",,,,,,,,,,,,,"226","29","798","172","7","1","2","2","1FFFFF","1AAAAAAAA1AAAA","4",,,,,,,,,,,,,,,
"5100523","2016-09-22T08:00:00","24.34","124.18",,,"1","4","2","5",,,,"11",,,,,,,,,,,,"8",,,,,,"9","298",,,,,,,,,,,,,"226","44","798","172","7","1","2","2","1FFFFF","1AAAAAAAA1AAAA","4",,,,,,,,,,,,,,,
"5100523","2016-09-22T08:15:00","24.34","124.18",,,"1","4","2","5",,,,"11",,,,,,,,,,,,"8",,,,,,"9","286",,,,,,,,,,,,,"226","44","798","172","7","1","2","2","1FFFFF","1AAAAAAAA1AAAA","4",,,,,,,,,,,,,,,
"3200560","2016-09-22T08:29:00","20.99","124.75",,,"1","4","2","5",,,,"11",,,,,,,,,,,,"8",,,,,,"9","297",,,,,,,,,,,,,"226","4","798","172","7","0",,"2","1FFFFF","1AAAAAAAA1AAAA","4",,,,,,,,,,,,,,,
"5100523","2016-09-22T08:29:00","24.33","124.18",,,"1","4","2","5",,,,"11",,,,,,,,,,,,"8",,,,,,"9","280",,,,,,,,,,,,,"226","44","798","172","7","1","2","2","1FFFFF","1AAAAAAAA1AAAA","4",,,,,,,,,,,,,,,
"5100523","2016-09-22T08:30:00","24.33","124.18",,,"1","4","2","5",,,,"11",,,,,,,,,,,,"8",,,,,,"9","280",,,,,,,,,,,,,"226","44","798","172","7","1","2","2","1FFFFF","1AAAAAAAA1AAAA","4",,,,,,,,,,,,,,,
"3200560","2016-09-22T09:00:00","21.00","124.76",,,"1","4","2","5",,,,"11",,,,,,,,,,,,"8",,,,,,"9","296",,,,,,,,,,,,,"226","14","798","172","7","1","2","2","1FFFFF","1AAAAAAAA1AAAA","4",,,,,,,,,,,,,,,
"4300531","2016-09-22T09:00:00","22.24","129.23",,,"1","4","2","5",,,,"11",,,,,,,,,,,,"8",,,,,,"9","302",,,,,,,,,,,,,"226","29","798","172","7","1","2","2","1FFFFF","1AAAAAAAA1AAAA","4",,,,,,,,,,,,,,,
"5100523","2016-09-22T09:00:00","24.33","124.18",,,"1","4","2","5",,,,"11",,,,,,,,,,,,"8",,,,,,"9","272",,,,,,,,,,,,,"226","44","798","172","7","1","2","2","1FFFFF","1AAAAAAAA1AAAA","4",,,,,,,,,,,,,,,
"4300531","2016-09-22T09:06:00","22.24","129.23",,,"1","4","2","5",,,,"11",,,,,,,,,,,,"8",,,,,,"9","302",,,,,,,,,,,,,"226","29","798","172","7","0",,"2","1FFFFF","1AAAAAAAA1AAAA","4",,,,,,,,,,,,,,,
"3200560","2016-09-22T09:07:00","21.00","124.76",,,"1","4","2","5",,,,"11",,,,,,,,,,,,"8",,,,,,"9","296",,,,,,,,,,,,,"226","14","798","172","7","0",,"2","1FFFFF","1AAAAAAAA1AAAA","4",,,,,,,,,,,,,,,
"5100523","2016-09-22T09:30:00","24.33","124.18",,,"1","4","2","5",,,,"11",,,,,,,,,,,,"8",,,,,,"9","269",,,,,,,,,,,,,"226","44","798","172","7","1","2","2","1FFFFF","1AAAAAAAA1AAAA","4",,,,,,,,,,,,,,,
"5100523","2016-09-22T09:45:00","24.33","124.18",,,"1","4","2","5",,,,"11",,,,,,,,,,,,"8",,,,,,"9","258",,,,,,,,,,,,,"226","44","798","172","7","1","2","2","1FFFFF","1AAAAAAAA1AAAA","4",,,,,,,,,,,,,,,
"3200560","2016-09-22T10:00:00","21.00","124.77",,,"1","4","2","5",,,,"11",,,,,,,,,,,,"8",,,,,,"9","295",,,,,,,,,,,,,"226","14","798","172","7","0",,"1","1FFFFF","1AAAAAAAA1AAAA","4",,,,,,,,,,,,,,,
"4300531","2016-09-22T10:00:00","22.25","129.21",,,"1","4","2","5",,,,"11",,,,,,,,,,,,"8",,,,,,"9","301",,,,,,,,,,,,,"226","29","798","172","7","1","2","1","1FFFFF","1AAAAAAAA1AAAA","4",,,,,,,,,,,,,,,
"5100523","2016-09-22T10:00:00","24.33","124.18",,,"1","4","2","5",,,,"11",,,,,,,,,,,,"8",,,,,,"9","257",,,,,,,,,,,,,"226","44","798","172","7","1","2","1","1FFFFF","1AAAAAAAA1AAAA","4",,,,,,,,,,,,,,,
"3200560","2016-09-22T10:11:00","21.00","124.77",,,"1","4","2","5",,,,"11",,,,,,,,,,,,"8",,,,,,"9","295",,,,,,,,,,,,,"226","14","798","172","7","0",,"1","1FFFFF","1AAAAAAAA1AAAA","4",,,,,,,,,,,,,,,
"4300531","2016-09-22T10:11:00","22.25","129.21",,,"1","4","2","5",,,,"11",,,,,,,,,,,,"8",,,,,,"9","301",,,,,,,,,,,,,"226","29","798","172","7","0",,"1","1FFFFF","1AAAAAAAA1AAAA","4",,,,,,,,,,,,,,,
"5100523","2016-09-22T10:30:00","24.33","124.19",,,"1","4","2","5",,,,"11",,,,,,,,,,,,"8",,,,,,"9","263",,,,,,,,,,,,,"226","44","798","172","7","1","2","1","1FFFFF","1AAAAAAAA1AAAA","4",,,,,,,,,,,,,,,
"3200560","2016-09-22T10:45:00","21.00","124.77",,,"1","4","2","5",,,,"11",,,,,,,,,,,,"8",,,,,,"9","294",,,,,,,,,,,,,"226","14","798","172","7","0",,"1","1FFFFF","1AAAAAAAA1AAAA","4",,,,,,,,,,,,,,,
"5100523","2016-09-22T10:45:00","24.33","124.19",,,"1","4","2","5",,,,"11",,,,,,,,,,,,"8",,,,,,"9","267",,,,,,,,,,,,,"226","44","798","172","7","1","2","1","1FFFFF","1AAAAAAAA1AAAA","4",,,,,,,,,,,,,,,
"5100523","2016-09-22T10:49:00","24.33","124.19",,,"1","4","2","5",,,,"11",,,,,,,,,,,,"8",,,,,,"9","271",,,,,,,,,,,,,"226","44","798","172","7","1","2","1","1FFFFF","1AAAAAAAA1AAAA","4",,,,,,,,,,,,,,,
"3200560","2016-09-22T11:00:00","21.00","124.77",,,"1","4","2","5",,,,"11",,,,,,,,,,,,"8",,,,,,"9","294",,,,,,,,,,,,,"226","14","798","172","7","1","2","1","1FFFFF","1AAAAAAAA1AAAA","4",,,,,,,,,,,,,,,
"5100523","2016-09-22T11:45:00","24.33","124.19",,,"1","4","2","5",,,,"11",,,,,,,,,,,,"8",,,,,,"9","271",,,,,,,,,,,,,"226","44","798","172","7","1","2","1","1FFFFF","1AAAAAAAA1AAAA","4",,,,,,,,,,,,,,,
"3200560","2016-09-22T11:54:00","21.00","124.79",,,"1","4","2","5",,,,"11",,,,,,,,,,,,"8",,,,,,"9","293",,,,,,,,,,,,,"226","14","798","172","7","0",,"1","1FFFFF","1AAAAAAAA1AAAA","4",,,,,,,,,,,,,,,
"4300531","2016-09-22T11:57:00","22.28","129.20",,,"1","4","2","5",,,,"11",,,,,,,,,,,,"8",,,,,,"9","300",,,,,,,,,,,,,"226","29","798","172","7","0",,"1","1FFFFF","1AAAAAAAA1AAAA","4",,,,,,,,,,,,,,,
"3200560","2016-09-22T12:00:00","21.00","124.79",,,"1","4","2","5",,,,"11",,,,,,,,,,,,"8",,,,,,"9","293",,,,,,,,,,,,,"226","14","798","172","7","1","2","1","1FFFFF","1AAAAAAAA1AAAA","4",,,,,,,,,,,,,,,
"4300531","2016-09-22T12:00:00","22.28","129.20",,,"1","4","2","5",,,,"11",,,,,,,,,,,,"8",,,,,,"9","300",,,,,,,,,,,,,"226","29","798","172","7","1","2","1","1FFFFF","1AAAAAAAA1AAAA","4",,,,,,,,,,,,,,,
"9V2782","2016-09-22T12:00:00","20.90","121.50",,,"1","4","0","0","1","2",,"1","0","20","4","67",,"97",,"2","10100","2","10","3","290","0","270",,"260","1","310","6","6","A","4","A","A",,"1","1","5","2","2","226","1","992","114","5","1","2","1","111111","111A1111111111",,,"1","2",,,,,,,,,,,"4",
"LXBJ","2016-09-22T12:00:00","27.60","122.10",,,"1","4","0","0","5","4","1","1","0","70","4","77",,"97","60",,"10150","4","0","0","250","0","230",,"222","3","283","7","7","7","3","A","A",,"3","2",,,,"226","72","992","114","5","1","2","1","111111","1111A1111111A1",,,"1",,,,,,,,,,,,"4",
"WCX8812","2016-09-22T12:00:00","27.00","127.40",,,"1","4","0","0","8","3",,"1","0","30","4","77",,"98","2","2","10115","2","11","0","270","0","240",,"226","1","300","7","7","5","2","A","A",,,,"36","14","4","226","77","992","114","5","1","2","1","111111","11111111111A11",,,"1","2",,,,,,,,,,,"4",
"5100523","2016-09-22T12:30:00","24.33","124.20",,,"1","4","2","5",,,,"11",,,,,,,,,,,,"8",,,,,,"9","271",,,,,,,,,,,,,"226","44","798","172","7","1","2","1","1FFFFF","1AAAAAAAA1AAAA","4",,,,,,,,,,,,,,,
"3200560","2016-09-22T12:41:00","20.99","124.79",,,"1","4","2","5",,,,"11",,,,,,,,,,,,"8",,,,,,"9","293",,,,,,,,,,,,,"226","4","798","172","7","0",,"1","1FFFFF","1AAAAAAAA1AAAA","4",,,,,,,,,,,,,,,
"4300531","2016-09-22T12:42:00","22.28","129.20",,,"1","4","2","5",,,,"11",,,,,,,,,,,,"8",,,,,,"9","300",,,,,,,,,,,,,"226","29","798","172","7","0",,"1","1FFFFF","1AAAAAAAA1AAAA","4",,,,,,,,,,,,,,,
"5100523","2016-09-22T12:43:00","24.33","124.20",,,"1","4","2","5",,,,"11",,,,,,,,,,,,"8",,,,,,"9","271",,,,,,,,,,,,,"226","44","798","172","7","0",,"1","1FFFFF","1AAAAAAAA1AAAA","4",,,,,,,,,,,,,,,
"5100523","2016-09-22T12:45:00","24.33","124.20",,,"1","4","2","5",,,,"11",,,,,,,,,,,,"8",,,,,,"9","271",,,,,,,,,,,,,"226","44","798","172","7","1","2","1","1FFFFF","1AAAAAAAA1AAAA","4",,,,,,,,,,,,,,,
"3200560","2016-09-22T13:00:00","20.99","124.79",,,"1","4","2","5",,,,"11",,,,,,,,,,,,"8",,,,,,"9","293",,,,,,,,,,,,,"226","4","798","172","7","1","2","1","1FFFFF","1AAAAAAAA1AAAA","4",,,,,,,,,,,,,,,
"4300531","2016-09-22T13:00:00","22.28","129.20",,,"1","4","2","5",,,,"11",,,,,,,,,,,,"8",,,,,,"9","300",,,,,,,,,,,,,"226","29","798","172","7","1","2","1","1FFFFF","1AAAAAAAA1AAAA","4",,,,,,,,,,,,,,,
"5100523","2016-09-22T13:15:00","24.33","124.20",,,"1","4","2","5",,,,"11",,,,,,,,,,,,"8",,,,,,"9","271",,,,,,,,,,,,,"226","44","798","172","7","1","2","1","1FFFFF","1AAAAAAAA1AAAA","4",,,,,,,,,,,,,,,
"3200560","2016-09-22T13:30:00","20.98","124.80",,,"1","4","2","5",,,,"11",,,,,,,,,,,,"8",,,,,,"9","292",,,,,,,,,,,,,"226","4","798","172","7","1","2","1","1FFFFF","1AAAAAAAA1AAAA","4",,,,,,,,,,,,,,,
"5100523","2016-09-22T13:30:00","24.33","124.20",,,"1","4","2","5",,,,"11",,,,,,,,,,,,"8",,,,,,"9","270",,,,,,,,,,,,,"226","44","798","172","7","1","2","1","1FFFFF","1AAAAAAAA1AAAA","4",,,,,,,,,,,,,,,
"5100523","2016-09-22T13:33:00","24.33","124.20",,,"1","4","2","5",,,,"11",,,,,,,,,,,,"8",,,,,,"9","271",,,,,,,,,,,,,"226","44","798","172","7","1","2","1","1FFFFF","1AAAAAAAA1AAAA","4",,,,,,,,,,,,,,,
"4300531","2016-09-22T13:35:00","22.30","129.19",,,"1","4","2","5",,,,"11",,,,,,,,,,,,"8",,,,,,"9","299",,,,,,,,,,,,,"226","29","798","172","7","0",,"1","1FFFFF","1AAAAAAAA1AAAA","4",,,,,,,,,,,,,,,
"3200560","2016-09-22T14:00:00","20.98","124.80",,,"1","4","2","5",,,,"11",,,,,,,,,,,,"8",,,,,,"9","292",,,,,,,,,,,,,"226","4","798","172","7","1","2","1","1FFFFF","1AAAAAAAA1AAAA","4",,,,,,,,,,,,,,,
"4300531","2016-09-22T14:00:00","22.30","129.19",,,"1","4","2","5",,,,"11",,,,,,,,,,,,"8",,,,,,"9","299",,,,,,,,,,,,,"226","29","798","172","7","1","2","1","1FFFFF","1AAAAAAAA1AAAA","4",,,,,,,,,,,,,,,
"5100523","2016-09-22T14:15:00","24.33","124.20",,,"1","4","2","5",,,,"11",,,,,,,,,,,,"8",,,,,,"9","269",,,,,,,,,,,,,"226","44","798","172","7","1","2","1","1FFFFF","1AAAAAAAA1AAAA","4",,,,,,,,,,,,,,,
"3200560","2016-09-22T15:00:00","20.98","124.80",,,"1","4","2","5",,,,"11",,,,,,,,,,,,"8",,,,,,"9","292",,,,,,,,,,,,,"226","4","798","172","7","1","2","1","1FFFFF","1AAAAAAAA1AAAA","4",,,,,,,,,,,,,,,
"4300531","2016-09-22T15:00:00","22.30","129.19",,,"1","4","2","5",,,,"11",,,,,,,,,,,,"8",,,,,,"9","299",,,,,,,,,,,,,"226","29","798","172","7","1","2","1","1FFFFF","1AAAAAAAA1AAAA","4",,,,,,,,,,,,,,,
"3200560","2016-09-22T16:00:00","20.91","124.85",,,"1","4","2","5",,,,"11",,,,,,,,,,,,"8",,,,,,"9","292",,,,,,,,,,,,,"226","4","798","172","7","1","2","1","1FFFFF","1AAAAAAAA1AAAA","4",,,,,,,,,,,,,,,
"4300531","2016-09-22T16:00:00","22.33","129.19",,,"1","4","2","5",,,,"11",,,,,,,,,,,,"8",,,,,,"9","299",,,,,,,,,,,,,"226","29","798","172","7","1","2","1","1FFFFF","1AAAAAAAA1AAAA","4",,,,,,,,,,,,,,,
"3200560","2016-09-22T17:00:00","20.91","124.85",,,"1","4","2","5",,,,"11",,,,,,,,,,,,"8",,,,,,"9","292",,,,,,,,,,,,,"226","4","798","172","7","1","2","1","1FFFFF","1AAAAAAAA1AAAA","4",,,,,,,,,,,,,,,
"4300531","2016-09-22T17:00:00","22.33","129.19",,,"1","4","2","5",,,,"11",,,,,,,,,,,,"8",,,,,,"9","299",,,,,,,,,,,,,"226","29","798","172","7","1","2","1","1FFFFF","1AAAAAAAA1AAAA","4",,,,,,,,,,,,,,,
"3200560","2016-09-22T18:00:00","20.91","124.85",,,"1","4","2","5",,,,"11",,,,,,,,,,,,"8",,,,,,"9","292",,,,,,,,,,,,,"226","4","798","172","7","1","2","1","1FFFFF","1AAAAAAAA1AAAA","4",,,,,,,,,,,,,,,
"4300531","2016-09-22T18:00:00","22.33","129.19",,,"1","4","2","5",,,,"11",,,,,,,,,,,,"8",,,,,,"9","299",,,,,,,,,,,,,"226","29","798","172","7","1","2","1","1FFFFF","1AAAAAAAA1AAAA","4",,,,,,,,,,,,,,,
"5100523","2016-09-22T18:00:00","24.33","124.19",,,"1","4","2","5",,,,"11",,,,,,,,,,,,"8",,,,,,"9","262",,,,,,,,,,,,,"226","44","798","172","7","1","2","1","1FFFFF","1AAAAAAAA1AAAA","4",,,,,,,,,,,,,,,
"C6LG6","2016-09-22T18:00:00","24.70","123.10",,,"1","4","0","0","6","2","1","1","0","60","1","90",,"98","0","2","10140","4","0","0","260","0","240",,"231",,,"5","4","0","5","7","A",,"3","2","26","4","3","226","43","992","114","5","1","2","1","F11111","111111111A1111",,,"1","2",,,,,,,,,,,"4",
"DIGY2","2016-09-22T18:00:00","29.40","122.80",,,"1","4","0","0","1","3",,"1","0","10","4","26",,"98","2","2","10170","4","0","0","240","0","190",,"164","1","270","2","2","0","4","4","1",,"0","0","0",,,"226","92","992","114","5","1","2","1","111111","11111111111131",,,"1","2","0",,,,,,,,,,"4",
"VRBX7","2016-09-22T18:00:00","26.70","120.30",,,"1","4","0","0","0","0","1","1","0","30","1","70",,"98","1","1","10170","6","10","0","250","0","230",,"220","1","243","4",,,"A",,,,,,,,,"226","60","992","114","5","1","2","1","111111","11111111111AA1",,,"1","0",,,,,,,,,,,"4",
"WCX8812","2016-09-22T18:00:00","28.50","126.90",,,"1","4","0","0","8","3",,"1","0","30","4","67",,"98","2","2","10120","8","1","0","240","0","210",,"194","1","290","3","3","4","6","A","A",,"6","2",,,,"226","86","992","114","5","1","2","1","111111","111111111111A1",,,"1","2",,,,,,,,,,,"4",
"4300531","2016-09-22T18:10:00","22.33","129.19",,,"1","4","2","5",,,,"11",,,,,,,,,,,,"8",,,,,,"9","299",,,,,,,,,,,,,"226","29","798","172","7","0",,"1","1FFFFF","1AAAAAAAA1AAAA","4",,,,,,,,,,,,,,,
"5100523","2016-09-22T18:10:00","24.33","124.19",,,"1","4","2","5",,,,"11",,,,,,,,,,,,"8",,,,,,"9","262",,,,,,,,,,,,,"226","44","798","172","7","1","2","1","1FFFFF","1AAAAAAAA1AAAA","4",,,,,,,,,,,,,,,
"3200560","2016-09-22T18:11:00","20.91","124.85",,,"1","4","2","5",,,,"11",,,,,,,,,,,,"8",,,,,,"9","292",,,,,,,,,,,,,"226","4","798","172","7","0",,"1","1FFFFF","1AAAAAAAA1AAAA","4",,,,,,,,,,,,,,,
"3200560","2016-09-22T19:00:00","20.91","124.85",,,"1","4","2","5",,,,"11",,,,,,,,,,,,"8",,,,,,"9","292",,,,,,,,,,,,,"226","4","798","172","7","1","2","1","1FFFFF","1AAAAAAAA1AAAA","4",,,,,,,,,,,,,,,
"4300531","2016-09-22T19:00:00","22.33","129.19",,,"1","4","2","5",,,,"11",,,,,,,,,,,,"8",,,,,,"9","299",,,,,,,,,,,,,"226","29","798","172","7","1","2","1","1FFFFF","1AAAAAAAA1AAAA","4",,,,,,,,,,,,,,,
"5100523","2016-09-22T19:45:00","24.33","124.19",,,"1","4","2","5",,,,"11",,,,,,,,,,,,"8",,,,,,"9","258",,,,,,,,,,,,,"226","44","798","172","7","1","2","1","1FFFFF","1AAAAAAAA1AAAA","4",,,,,,,,,,,,,,,
"3200560","2016-09-22T19:50:00","20.89","124.85",,,"1","4","2","5",,,,"11",,,,,,,,,,,,"8",,,,,,"9","291",,,,,,,,,,,,,"226","4","798","172","7","0",,"1","1FFFFF","1AAAAAAAA1AAAA","4",,,,,,,,,,,,,,,
"5100523","2016-09-22T19:50:00","24.33","124.19",,,"1","4","2","5",,,,"11",,,,,,,,,,,,"8",,,,,,"9","263",,,,,,,,,,,,,"226","44","798","172","7","1","2","1","1FFFFF","1AAAAAAAA1AAAA","4",,,,,,,,,,,,,,,
"3200560","2016-09-22T20:00:00","20.89","124.85",,,"1","4","2","5",,,,"11",,,,,,,,,,,,"8",,,,,,"9","291",,,,,,,,,,,,,"226","4","798","172","7","1","2","1","1FFFFF","1AAAAAAAA1AAAA","4",,,,,,,,,,,,,,,
"4300531","2016-09-22T20:00:00","22.34","129.18",,,"1","4","2","5",,,,"11",,,,,,,,,,,,"8",,,,,,"9","299",,,,,,,,,,,,,"226","29","798","172","7","1","2","1","1FFFFF","1AAAAAAAA1AAAA","4",,,,,,,,,,,,,,,
"5100523","2016-09-22T20:00:00","24.33","124.19",,,"1","4","2","5",,,,"11",,,,,,,,,,,,"8",,,,,,"9","257",,,,,,,,,,,,,"226","44","798","172","7","1","2","1","1FFFFF","1AAAAAAAA1AAAA","4",,,,,,,,,,,,,,,
"5100523","2016-09-22T20:15:00","24.33","124.19",,,"1","4","2","5",,,,"11",,,,,,,,,,,,"8",,,,,,"9","259",,,,,,,,,,,,,"226","44","798","172","7","1","2","1","1FFFFF","1AAAAAAAA1AAAA","4",,,,,,,,,,,,,,,
"4300531","2016-09-22T20:16:00","22.34","129.18",,,"1","4","2","5",,,,"11",,,,,,,,,,,,"8",,,,,,"9","299",,,,,,,,,,,,,"226","29","798","172","7","0",,"1","1FFFFF","1AAAAAAAA1AAAA","4",,,,,,,,,,,,,,,
"5100523","2016-09-22T20:30:00","24.33","124.19",,,"1","4","2","5",,,,"11",,,,,,,,,,,,"8",,,,,,"9","262",,,,,,,,,,,,,"226","44","798","172","7","1","2","1","1FFFFF","1AAAAAAAA1AAAA","4",,,,,,,,,,,,,,,
"5100523","2016-09-22T20:45:00","24.33","124.19",,,"1","4","2","5",,,,"11",,,,,,,,,,,,"8",,,,,,"9","262",,,,,,,,,,,,,"226","44","798","172","7","1","2","1","1FFFFF","1AAAAAAAA1AAAA","4",,,,,,,,,,,,,,,
"4300531","2016-09-22T20:53:00","22.34","129.18",,,"1","4","2","5",,,,"11",,,,,,,,,,,,"8",,,,,,"9","299",,,,,,,,,,,,,"226","29","798","172","7","0",,"1","1FFFFF","1AAAAAAAA1AAAA","4",,,,,,,,,,,,,,,
"3200560","2016-09-22T20:55:00","20.87","124.85",,,"1","4","2","5",,,,"11",,,,,,,,,,,,"8",,,,,,"9","291",,,,,,,,,,,,,"226","4","798","172","7","0",,"1","1FFFFF","1AAAAAAAA1AAAA","4",,,,,,,,,,,,,,,
"3200560","2016-09-22T21:00:00","20.87","124.85",,,"1","4","2","5",,,,"11",,,,,,,,,,,,"8",,,,,,"9","291",,,,,,,,,,,,,"226","4","798","172","7","1","2","1","1FFFFF","1AAAAAAAA1AAAA","4",,,,,,,,,,,,,,,
"4300531","2016-09-22T21:00:00","22.34","129.18",,,"1","4","2","5",,,,"11",,,,,,,,,,,,"8",,,,,,"9","299",,,,,,,,,,,,,"226","29","798","172","7","1","2","1","1FFFFF","1AAAAAAAA1AAAA","4",,,,,,,,,,,,,,,
"5100523","2016-09-22T21:45:00","24.33","124.19",,,"1","4","2","5",,,,"11",,,,,,,,,,,,"8",,,,,,"9","262",,,,,,,,,,,,,"226","44","798","172","7","1","2","2","1FFFFF","1AAAAAAAA1AAAA","4",,,,,,,,,,,,,,,
"5100523","2016-09-22T21:54:00","24.33","124.19",,,"1","4","2","5",,,,"11",,,,,,,,,,,,"8",,,,,,"9","262",,,,,,,,,,,,,"226","44","798","172","7","0",,"2","1FFFFF","1AAAAAAAA1AAAA","4",,,,,,,,,,,,,,,
"2IWZ7","2016-09-22T22:00:00","25.80","125.90",,,"1","4","0","0","2","4","1","1","0","60","4","134",,"98","2","1","10163","8",,"0","270","0","230",,"213","3","290","5","5","5","5","7","5",,"4","3","4","4","3","226","55","992","114","5","1","2","2","111111","11111111111117",,,"1","1",,,,,,,,,,,"4",
"3200560","2016-09-22T22:00:00","20.85","124.84",,,"1","4","2","5",,,,"11",,,,,,,,,,,,"8",,,,,,"9","291",,,,,,,,,,,,,"226","4","798","172","7","1","2","2","1FFFFF","1AAAAAAAA1AAAA","4",,,,,,,,,,,,,,,
"4300531","2016-09-22T22:00:00","22.35","129.17",,,"1","4","2","5",,,,"11",,,,,,,,,,,,"8",,,,,,"9","300",,,,,,,,,,,,,"226","29","798","172","7","1","2","2","1FFFFF","1AAAAAAAA1AAAA","4",,,,,,,,,,,,,,,
"5100523","2016-09-22T22:00:00","24.33","124.19",,,"1","4","2","5",,,,"11",,,,,,,,,,,,"8",,,,,,"9","263",,,,,,,,,,,,,"226","44","798","172","7","1","2","2","1FFFFF","1AAAAAAAA1AAAA","4",,,,,,,,,,,,,,,
"5100523","2016-09-22T22:15:00","24.33","124.19",,,"1","4","2","5",,,,"11",,,,,,,,,,,,"8",,,,,,"9","263",,,,,,,,,,,,,"226","44","798","172","7","1","2","2","1FFFFF","1AAAAAAAA1AAAA","4",,,,,,,,,,,,,,,
"4300531","2016-09-22T22:18:00","22.35","129.17",,,"1","4","2","5",,,,"11",,,,,,,,,,,,"8",,,,,,"9","300",,,,,,,,,,,,,"226","29","798","172","7","0",,"2","1FFFFF","1AAAAAAAA1AAAA","4",,,,,,,,,,,,,,,
"5100523","2016-09-22T22:18:00","24.34","124.19",,,"1","4","2","5",,,,"11",,,,,,,,,,,,"8",,,,,,"9","295",,,,,,,,,,,,,"226","44","798","172","7","1","2","2","1FFFFF","1AAAAAAAA1AAAA","4",,,,,,,,,,,,,,,
"3200560","2016-09-22T22:19:00","20.85","124.84",,,"1","4","2","5",,,,"11",,,,,,,,,,,,"8",,,,,,"9","291",,,,,,,,,,,,,"226","4","798","172","7","0",,"2","1FFFFF","1AAAAAAAA1AAAA","4",,,,,,,,,,,,,,,
"5100523","2016-09-22T22:30:00","24.34","124.19",,,"1","4","2","5",,,,"11",,,,,,,,,,,,"8",,,,,,"9","265",,,,,,,,,,,,,"226","44","798","172","7","1","2","2","1FFFFF","1AAAAAAAA1AAAA","4",,,,,,,,,,,,,,,
"3200560","2016-09-22T22:35:00","20.85","124.84",,,"1","4","2","5",,,,"11",,,,,,,,,,,,"8",,,,,,"9","291",,,,,,,,,,,,,"226","4","798","172","7","0",,"2","1FFFFF","1AAAAAAAA1AAAA","4",,,,,,,,,,,,,,,
"4300531","2016-09-22T22:36:00","22.35","129.17",,,"1","4","2","5",,,,"11",,,,,,,,,,,,"8",,,,,,"9","301",,,,,,,,,,,,,"226","29","798","172","7","1","2","2","1FFFFF","1AAAAAAAA1AAAA","4",,,,,,,,,,,,,,,
"2IWZ7","2016-09-22T23:00:00","25.90","126.50",,,"1","4","0","0","2","4","1","1","0","30","4","144",,"98","2","1","10156","7","31","0","272","0","243",,"232","1","301","3","2","1","3","4","8",,"4","3","4","4","3","226","56","992","114","5","1","2","2","111111","11111111111111",,,"1","1",,,,,,,,,,,"4",
"3200560","2016-09-22T23:00:00","20.85","124.84",,,"1","4","2","5",,,,"11",,,,,,,,,,,,"8",,,,,,"9","291",,,,,,,,,,,,,"226","4","798","172","7","1","2","2","1FFFFF","1AAAAAAAA1AAAA","4",,,,,,,,,,,,,,,
"4300531","2016-09-22T23:00:00","22.35","129.17",,,"1","4","2","5",,,,"11",,,,,,,,,,,,"8",,,,,,"9","300",,,,,,,,,,,,,"226","29","798","172","7","1","2","2","1FFFFF","1AAAAAAAA1AAAA","4",,,,,,,,,,,,,,,
"3200560","2016-09-23T00:00:00","20.84","124.81",,,"1","4","2","5",,,,"11",,,,,,,,,,,,"8",,,,,,"9","292",,,,,,,,,,,,,"226","4","798","172","7","1","2","2","1FFFFF","1AAAAAAAA1AAAA","4",,,,,,,,,,,,,,,
"4300531","2016-09-23T00:00:00","22.35","129.17",,,"1","4","2","5",,,,"11",,,,,,,,,,,,"8",,,,,,"9","300",,,,,,,,,,,,,"226","29","798","172","7","1","2","2","1FFFFF","1AAAAAAAA1AAAA","4",,,,,,,,,,,,,,,
"9V2782","2016-09-23T00:00:00","22.50","122.60",,,"1","4","0","0","8","2",,"1","0","20","4","67",,"97",,"2","10100","4","0","3","290","0","260",,"250","1","300","8","8","2","3","6","7",,"1","1","5","2","2","226","22","992","114","5","1","2","2","111111","111A1111111111",,,"1","2",,,,,,,,,,,"4",
"VNVG","2016-09-23T00:00:00","25.70","126.40",,,"1","4","0","0","8","3",,"1","0","30","4","118",,"99","2","0","10055","3",,"0","270","0","270",,"270","1","297","1","1","1","8","0","3",,"3","2",,,,"226","56","992","114","5","1","2","2","111113","111111111111A7",,,"1","0",,,,,,,,,,,"4",
"WCX8812","2016-09-23T00:00:00","29.80","126.50",,,"1","4","0","0","8","3",,"1","0","360","4","62",,"98","2","0","10138","2","8","0","250","0","210",,"188","1","290","3","3","1","5","0","0",,"4","4","2","6","4","226","96","992","114","5","1","2","2","111111","11111111111111",,,"1","0",,,,,,,,,,,"4",
"WDE8265","2016-09-23T00:00:00","29.80","122.10",,,"1","4","0","0","0","0",,"1","0","90","4","21",,"98","2","1","10180","2","26","0","240","0","210",,"194","1","270","6","2","6","2","4","1",,"0","0",,,,"226","92","992","114","5","1","2","2","111111","111111111111A1",,,"1","1",,,,,,,,,,,"4",
"5100523","2016-09-23T00:15:00","24.34","124.19",,,"1","4","2","5",,,,"11",,,,,,,,,,,,"8",,,,,,"9","295",,,,,,,,,,,,,"226","44","798","172","7","1","2","2","1FFFFF","1AAAAAAAA1AAAA","4",,,,,,,,,,,,,,,
"3200560","2016-09-23T00:21:00","20.84","124.81",,,"1","4","2","5",,,,"11",,,,,,,,,,,,"8",,,,,,"9","292",,,,,,,,,,,,,"226","4","798","172","7","0",,"2","1FFFFF","1AAAAAAAA1AAAA","4",,,,,,,,,,,,,,,
"3200560","2016-09-23T01:00:00","20.84","124.79",,,"1","4","2","5",,,,"11",,,,,,,,,,,,"8",,,,,,"9","292",,,,,,,,,,,,,"226","4","798","172","7","1","2","2","1FFFFF","1AAAAAAAA1AAAA","4",,,,,,,,,,,,,,,
"4300531","2016-09-23T01:00:00","22.35","129.17",,,"1","4","2","5",,,,"11",,,,,,,,,,,,"8",,,,,,"9","300",,,,,,,,,,,,,"226","29","798","172","7","1","2","2","1FFFFF","1AAAAAAAA1AAAA","4",,,,,,,,,,,,,,,
"5100523","2016-09-23T01:00:00","24.34","124.20",,,"1","4","2","5",,,,"11",,,,,,,,,,,,"8",,,,,,"9","311",,,,,,,,,,,,,"226","44","798","172","7","1","2","2","1FFFFF","1AAAAAAAA1AAAA","4",,,,,,,,,,,,,,,
"3200560","2016-09-23T01:06:00","20.84","124.79",,,"1","4","2","5",,,,"11",,,,,,,,,,,,"8",,,,,,"9","292",,,,,,,,,,,,,"226","4","798","172","7","0",,"2","1FFFFF","1AAAAAAAA1AAAA","4",,,,,,,,,,,,,,,
"5100523","2016-09-23T01:07:00","24.34","124.20",,,"1","4","2","5",,,,"11",,,,,,,,,,,,"8",,,,,,"9","318",,,,,,,,,,,,,"226","44","798","172","7","1","2","2","3FFFFF","1AAAAAAAA1AAAA","4",,,,,,,,,,,,,,,
"5100523","2016-09-23T01:45:00","24.34","124.20",,,"1","4","2","5",,,,"11",,,,,,,,,,,,"8",,,,,,"9","317",,,,,,,,,,,,,"226","44","798","172","7","1","2","2","3FFFFF","1AAAAAAAA1AAAA","4",,,,,,,,,,,,,,,
"3200560","2016-09-23T02:00:00","20.83","124.78",,,"1","4","2","5",,,,"11",,,,,,,,,,,,"8",,,,,,"9","297",,,,,,,,,,,,,"226","4","798","172","7","1","2","2","1FFFFF","1AAAAAAAA1AAAA","4",,,,,,,,,,,,,,,
"4300531","2016-09-23T02:00:00","22.35","129.17",,,"1","4","2","5",,,,"11",,,,,,,,,,,,"8",,,,,,"9","301",,,,,,,,,,,,,"226","29","798","172","7","1","2","2","1FFFFF","1AAAAAAAA1AAAA","4",,,,,,,,,,,,,,,
"5100523","2016-09-23T02:00:00","24.34","124.20",,,"1","4","2","5",,,,"11",,,,,,,,,,,,"8",,,,,,"9","318",,,,,,,,,,,,,"226","44","798","172","7","1","2","2","3FFFFF","1AAAAAAAA1AAAA","4",,,,,,,,,,,,,,,
"4300531","2016-09-23T02:02:00","22.37","129.15",,,"1","4","2","5",,,,"11",,,,,,,,,,,,"8",,,,,,"9","306",,,,,,,,,,,,,"226","29","798","172","7","1","2","2","1FFFFF","1AAAAAAAA1AAAA","4",,,,,,,,,,,,,,,
"2AKI2","2016-09-23T03:00:00","27.10","124.20",,,"1","4","0","0","3","3","1","1","0","50","4","72",,"98","1","0","10152","7","5","0","261","0","220",,"198",,,"1",,"1","4","A","3",,"99","1","8","5","1","226","74","992","114","5","1","2","2","F11111","111111111A1311",,,"1","0",,,,,,,,,,,"4",
"3200560","2016-09-23T03:00:00","20.83","124.78",,,"1","4","2","5",,,,"11",,,,,,,,,,,,"8",,,,,,"9","293",,,,,,,,,,,,,"226","4","798","172","7","1","2","2","1FFFFF","1AAAAAAAA1AAAA","4",,,,,,,,,,,,,,,
"4300531","2016-09-23T03:00:00","22.37","129.15",,,"1","4","2","5",,,,"11",,,,,,,,,,,,"8",,,,,,"9","304",,,,,,,,,,,,,"226","29","798","172","7","1","2","2","1FFFFF","1AAAAAAAA1AAAA","4",,,,,,,,,,,,,,,
"3200560","2016-09-23T04:00:00","20.81","124.75",,,"1","4","2","5",,,,"11",,,,,,,,,,,,"8",,,,,,"9","295",,,,,,,,,,,,,"226","4","798","172","7","1","2","2","1FFFFF","1AAAAAAAA1AAAA","4",,,,,,,,,,,,,,,
"4300531","2016-09-23T04:00:00","22.39","129.12",,,"1","4","2","5",,,,"11",,,,,,,,,,,,"8",,,,,,"9","306",,,,,,,,,,,,,"226","29","798","172","7","1","2","2","1FFFFF","1AAAAAAAA1AAAA","4",,,,,,,,,,,,,,,
"3200560","2016-09-23T05:00:00","20.83","124.78",,,"1","4","2","5",,,,"11",,,,,,,,,,,,"8",,,,,,"9","297",,,,,,,,,,,,,"226","4","798","172","7","1","2","2","1FFFFF","1AAAAAAAA1AAAA","4",,,,,,,,,,,,,,,
"4300531","2016-09-23T05:00:00","22.37","129.15",,,"1","4","2","5",,,,"11",,,,,,,,,,,,"8",,,,,,"9","306",,,,,,,,,,,,,"226","29","798","172","7","1","2","2","1FFFFF","1AAAAAAAA1AAAA","4",,,,,,,,,,,,,,,
"5100523","2016-09-23T05:15:00","24.33","124.19",,,"1","4","2","5",,,,"11",,,,,,,,,,,,"8",,,,,,"9",,,,,,,,,,,,,,"226","44","798","172","7","1","2","2","7FFFFF","1AAAAAAAA1AAAA","4",,,,,,,,,,,,,,,
"4300531","2016-09-23T05:23:00","22.39","129.12",,,"1","4","2","5",,,,"11",,,,,,,,,,,,"8",,,,,,"9","306",,,,,,,,,,,,,"226","29","798","172","7","0",,"2","1FFFFF","1AAAAAAAA1AAAA","4",,,,,,,,,,,,,,,
"3200560","2016-09-23T05:24:00","20.81","124.75",,,"1","4","2","5",,,,"11",,,,,,,,,,,,"8",,,,,,"9","297",,,,,,,,,,,,,"226","4","798","172","7","1","2","2","1FFFFF","1AAAAAAAA1AAAA","4",,,,,,,,,,,,,,,
"5100523","2016-09-23T05:29:00","24.33","124.19",,,"1","4","2","5",,,,"11",,,,,,,,,,,,"8",,,,,,"9",,,,,,,,,,,,,,"226","44","798","172","7","1","2","2","7FFFFF","1AAAAAAAA1AAAA","4",,,,,,,,,,,,,,,
"5100523","2016-09-23T05:30:00","24.33","124.19",,,"1","4","2","5",,,,"11",,,,,,,,,,,,"8",,,,,,"9",,,,,,,,,,,,,,"226","44","798","172","7","1","2","2","7FFFFF","1AAAAAAAA1AAAA","4",,,,,,,,,,,,,,,
"3200560","2016-09-23T06:00:00","20.81","124.75",,,"1","4","2","5",,,,"11",,,,,,,,,,,,"8",,,,,,"9","297",,,,,,,,,,,,,"226","4","798","172","7","0",,"2","1FFFFF","1AAAAAAAA1AAAA","4",,,,,,,,,,,,,,,
"4300531","2016-09-23T06:00:00","22.39","129.12",,,"1","4","2","5",,,,"11",,,,,,,,,,,,"8",,,,,,"9","306",,,,,,,,,,,,,"226","29","798","172","7","1","2","2","1FFFFF","1AAAAAAAA1AAAA","4",,,,,,,,,,,,,,,
"A8OB5","2016-09-23T06:00:00","27.90","125.20",,,"1","4","0","0","1","4",,"1","0","70","3","103",,"97","1","0","10130","7","20","0","307","0","256",,"237",,,"3",,"1","5","A","A",,"4","2",,,,"226","75","992","114","5","1","2","2","F11111","111111111A11A1",,,"1","0",,,,,,,,,,,"4",
"VRBX7","2016-09-23T06:00:00","26.90","120.80",,,"1","4","0","0","1","2","1","1","0","90","4","82",,"98","3","0","10130","6","30","0","300","0","250",,"230","1","241","5","5","2","4","0","6",,"4","2","11","6","3","226","60","992","114","5","1","2","2","111111","11111111111111",,,"1","0",,,,,,,,,,,"4",
"3200560","2016-09-23T07:00:00","20.82","124.71",,,"1","4","2","5",,,,"11",,,,,,,,,,,,"8",,,,,,"9","298",,,,,,,,,,,,,"226","4","798","172","7","0",,"2","1FFFFF","1AAAAAAAA1AAAA","4",,,,,,,,,,,,,,,
"4300531","2016-09-23T07:00:00","22.40","129.10",,,"1","4","2","5",,,,"11",,,,,,,,,,,,"8",,,,,,"9","303",,,,,,,,,,,,,"226","29","798","172","7","1","2","2","1FFFFF","1AAAAAAAA1AAAA","4",,,,,,,,,,,,,,,
"5100523","2016-09-23T07:00:00","24.33","124.19",,,"1","4","2","5",,,,"11",,,,,,,,,,,,"8",,,,,,"9",,,,,,,,,,,,,,"226","44","798","172","7","0",,"2","7FFFFF","1AAAAAAAA1AAAA","4",,,,,,,,,,,,,,,
"4300531","2016-09-23T07:08:00","22.40","129.10",,,"1","4","2","5",,,,"11",,,,,,,,,,,,"8",,,,,,"9","303",,,,,,,,,,,,,"226","29","798","172","7","0",,"2","1FFFFF","1AAAAAAAA1AAAA","4",,,,,,,,,,,,,,,
"3200560","2016-09-23T07:09:00","20.82","124.71",,,"1","4","2","5",,,,"11",,,,,,,,,,,,"8",,,,,,"9","298",,,,,,,,,,,,,"226","4","798","172","7","1","2","2","1FFFFF","1AAAAAAAA1AAAA","4",,,,,,,,,,,,,,,
"3200560","2016-09-23T08:00:00","20.82","124.71",,,"1","4","2","5",,,,"11",,,,,,,,,,,,"8",,,,,,"9","297",,,,,,,,,,,,,"226","4","798","172","7","1","2","2","1FFFFF","1AAAAAAAA1AAAA","4",,,,,,,,,,,,,,,
"4300531","2016-09-23T08:00:00","22.40","129.10",,,"1","4","2","5",,,,"11",,,,,,,,,,,,"8",,,,,,"9","302",,,,,,,,,,,,,"226","29","798","172","7","1","2","2","1FFFFF","1AAAAAAAA1AAAA","4",,,,,,,,,,,,,,,
"5100523","2016-09-23T08:00:00","24.33","124.19",,,"1","4","2","5",,,,"11",,,,,,,,,,,,"8",,,,,,"9","311",,,,,,,,,,,,,"226","44","798","172","7","1","2","2","1FFFFF","1AAAAAAAA1AAAA","4",,,,,,,,,,,,,,,
"4300531","2016-09-23T08:03:00","22.40","129.10",,,"1","4","2","5",,,,"11",,,,,,,,,,,,"8",,,,,,"9","302",,,,,,,,,,,,,"226","29","798","172","7","0",,"2","1FFFFF","1AAAAAAAA1AAAA","4",,,,,,,,,,,,,,,
"5100523","2016-09-23T08:30:00","24.33","124.19",,,"1","4","2","5",,,,"11",,,,,,,,,,,,"8",,,,,,"9","296",,,,,,,,,,,,,"226","44","798","172","7","1","2","2","1FFFFF","1AAAAAAAA1AAAA","4",,,,,,,,,,,,,,,
"4300531","2016-09-23T08:36:00","22.41","129.11",,,"1","4","2","5",,,,"11",,,,,,,,,,,,"8",,,,,,"9","303",,,,,,,,,,,,,"226","29","798","172","7","0",,"2","1FFFFF","1AAAAAAAA1AAAA","4",,,,,,,,,,,,,,,
"3200560","2016-09-23T08:37:00","20.82","124.72",,,"1","4","2","5",,,,"11",,,,,,,,,,,,"8",,,,,,"9","295",,,,,,,,,,,,,"226","4","798","172","7","0",,"2","1FFFFF","1AAAAAAAA1AAAA","4",,,,,,,,,,,,,,,
"3200560","2016-09-23T09:00:00","20.82","124.72",,,"1","4","2","5",,,,"11",,,,,,,,,,,,"8",,,,,,"9","295",,,,,,,,,,,,,"226","4","798","172","7","1","2","2","1FFFFF","1AAAAAAAA1AAAA","4",,,,,,,,,,,,,,,
"4300531","2016-09-23T09:00:00","22.41","129.11",,,"1","4","2","5",,,,"11",,,,,,,,,,,,"8",,,,,,"9","303",,,,,,,,,,,,,"226","29","798","172","7","1","2","2","1FFFFF","1AAAAAAAA1AAAA","4",,,,,,,,,,,,,,,
"5100523","2016-09-23T09:30:00","24.33","124.19",,,"1","4","2","5",,,,"11",,,,,,,,,,,,"8",,,,,,"9","284",,,,,,,,,,,,,"226","44","798","172","7","1","2","2","1FFFFF","1AAAAAAAA1AAAA","4",,,,,,,,,,,,,,,
"5100523","2016-09-23T09:40:00","24.33","124.19",,,"1","4","2","5",,,,"11",,,,,,,,,,,,"8",,,,,,"9","281",,,,,,,,,,,,,"226","44","798","172","7","0",,"2","1FFFFF","1AAAAAAAA1AAAA","4",,,,,,,,,,,,,,,
"5100523","2016-09-23T09:45:00","24.33","124.19",,,"1","4","2","5",,,,"11",,,,,,,,,,,,"8",,,,,,"9","281",,,,,,,,,,,,,"226","44","798","172","7","1","2","2","1FFFFF","1AAAAAAAA1AAAA","4",,,,,,,,,,,,,,,
"3200560","2016-09-23T10:00:00","20.85","124.70",,,"1","4","2","5",,,,"11",,,,,,,,,,,,"8",,,,,,"9","293",,,,,,,,,,,,,"226","4","798","172","7","1","2","1","1FFFFF","1AAAAAAAA1AAAA","4",,,,,,,,,,,,,,,
"4300531","2016-09-23T10:00:00","22.44","129.10",,,"1","4","2","5",,,,"11",,,,,,,,,,,,"8",,,,,,"9","302",,,,,,,,,,,,,"226","29","798","172","7","1","2","1","1FFFFF","1AAAAAAAA1AAAA","4",,,,,,,,,,,,,,,
"5100523","2016-09-23T10:00:00","24.33","124.19",,,"1","4","2","5",,,,"11",,,,,,,,,,,,"8",,,,,,"9","278",,,,,,,,,,,,,"226","44","798","172","7","1","2","1","1FFFFF","1AAAAAAAA1AAAA","4",,,,,,,,,,,,,,,
"3200560","2016-09-23T10:14:00","20.85","124.70",,,"1","4","2","5",,,,"11",,,,,,,,,,,,"8",,,,,,"9","293",,,,,,,,,,,,,"226","4","798","172","7","1","2","1","1FFFFF","1AAAAAAAA1AAAA","4",,,,,,,,,,,,,,,
"4300531","2016-09-23T10:14:00","22.44","129.10",,,"1","4","2","5",,,,"11",,,,,,,,,,,,"8",,,,,,"9","302",,,,,,,,,,,,,"226","29","798","172","7","0",,"1","1FFFFF","1AAAAAAAA1AAAA","4",,,,,,,,,,,,,,,
"5100523","2016-09-23T10:15:00","24.33","124.19",,,"1","4","2","5",,,,"11",,,,,,,,,,,,"8",,,,,,"9","277",,,,,,,,,,,,,"226","44","798","172","7","1","2","1","1FFFFF","1AAAAAAAA1AAAA","4",,,,,,,,,,,,,,,
"3200560","2016-09-23T11:00:00","20.85","124.68",,,"1","4","2","5",,,,"11",,,,,,,,,,,,"8",,,,,,"9","293",,,,,,,,,,,,,"226","4","798","172","7","1","2","1","1FFFFF","1AAAAAAAA1AAAA","4",,,,,,,,,,,,,,,
"4300531","2016-09-23T11:00:00","22.45","129.08",,,"1","4","2","5",,,,"11",,,,,,,,,,,,"8",,,,,,"9","301",,,,,,,,,,,,,"226","29","798","172","7","1","2","1","1FFFFF","1AAAAAAAA1AAAA","4",,,,,,,,,,,,,,,
"5100523","2016-09-23T11:30:00","24.33","124.19",,,"1","4","2","5",,,,"11",,,,,,,,,,,,"8",,,,,,"9","275",,,,,,,,,,,,,"226","44","798","172","7","1","2","1","1FFFFF","1AAAAAAAA1AAAA","4",,,,,,,,,,,,,,,
"4300531","2016-09-23T11:34:00","22.45","129.08",,,"1","4","2","5",,,,"11",,,,,,,,,,,,"8",,,,,,"9","301",,,,,,,,,,,,,"226","29","798","172","7","0",,"1","1FFFFF","1AAAAAAAA1AAAA","4",,,,,,,,,,,,,,,
"2IWZ7","2016-09-23T12:00:00","26.20","127.60",,,"1","4","0","0","0","0","1","1","0","40","4","82",,"97","2","1","10147","7","12","0","272","0","253",,"246","1","301","2","1","7","2","6","0",,"0","0","0",,,"226","67","992","114","5","1","2","1","111111","14111111111431",,,"1","1","0",,,,,,,,,,"4",
"3200560","2016-09-23T12:00:00","20.87","124.69",,,"1","4","2","5",,,,"11",,,,,,,,,,,,"8",,,,,,"9","293",,,,,,,,,,,,,"226","4","798","172","7","1","2","1","1FFFFF","1AAAAAAAA1AAAA","4",,,,,,,,,,,,,,,
"9V2782","2016-09-23T12:00:00","24.40","123.30",,,"1","4","0","0","8","2",,"1","0","20","4","98",,"97",,"2","10100","2","20","3","270","0","240",,"230","1","290","5","5","A","4","A","A",,"3","3","0","4","4","226","43","992","114","5","1","2","1","111111","111A1111111171",,,"1","2",,,,,,,,,,,"4",
"DJBF2","2016-09-23T12:00:00","26.70","121.30",,,"1","4","0","0","1","3","1","1","0","50","4","98",,"98","1","1","10137","1","19","0","253",,,,"197","1","244","3",,"1","5","A","A",,"99","3","0",,,"226","61","992","114","5","1","2","1","111111","1111111A111331",,,"1","1","0",,,,,,,,,,"4",
"5100523","2016-09-23T12:15:00","24.33","124.19",,,"1","4","2","5",,,,"11",,,,,,,,,,,,"8",,,,,,"9","274",,,,,,,,,,,,,"226","44","798","172","7","1","2","1","1FFFFF","1AAAAAAAA1AAAA","4",,,,,,,,,,,,,,,
"3200560","2016-09-23T12:21:00","20.87","124.69",,,"1","4","2","5",,,,"11",,,,,,,,,,,,"8",,,,,,"9","293",,,,,,,,,,,,,"226","4","798","172","7","0",,"1","1FFFFF","1AAAAAAAA1AAAA","4",,,,,,,,,,,,,,,
"5100523","2016-09-23T12:21:00","24.33","124.20",,,"1","4","2","5",,,,"11",,,,,,,,,,,,"8",,,,,,"9","272",,,,,,,,,,,,,"226","44","798","172","7","1","2","1","1FFFFF","1AAAAAAAA1AAAA","4",,,,,,,,,,,,,,,
"3200560","2016-09-23T13:00:00","20.88","124.69",,,"1","4","2","5",,,,"11",,,,,,,,,,,,"8",,,,,,"9","292",,,,,,,,,,,,,"226","4","798","172","7","1","2","1","1FFFFF","1AAAAAAAA1AAAA","4",,,,,,,,,,,,,,,
"4300531","2016-09-23T13:00:00","22.44","129.08",,,"1","4","2","5",,,,"11",,,,,,,,,,,,"8",,,,,,"9","300",,,,,,,,,,,,,"226","29","798","172","7","1","2","1","1FFFFF","1AAAAAAAA1AAAA","4",,,,,,,,,,,,,,,
"5100523","2016-09-23T13:00:00","24.33","124.20",,,"1","4","2","5",,,,"11",,,,,,,,,,,,"8",,,,,,"9","272",,,,,,,,,,,,,"226","44","798","172","7","1","2","1","1FFFFF","1AAAAAAAA1AAAA","4",,,,,,,,,,,,,,,
"3200560","2016-09-23T13:16:00","20.88","124.69",,,"1","4","2","5",,,,"11",,,,,,,,,,,,"8",,,,,,"9","293",,,,,,,,,,,,,"226","4","798","172","7","1","2","1","1FFFFF","1AAAAAAAA1AAAA","4",,,,,,,,,,,,,,,
"4300531","2016-09-23T13:17:00","22.44","129.08",,,"1","4","2","5",,,,"11",,,,,,,,,,,,"8",,,,,,"9","300",,,,,,,,,,,,,"226","29","798","172","7","1","2","1","1FFFFF","1AAAAAAAA1AAAA","4",,,,,,,,,,,,,,,
"5100523","2016-09-23T13:45:00","24.33","124.20",,,"1","4","2","5",,,,"11",,,,,,,,,,,,"8",,,,,,"9","272",,,,,,,,,,,,,"226","44","798","172","7","1","2","1","1FFFFF","1AAAAAAAA1AAAA","4",,,,,,,,,,,,,,,
"3200560","2016-09-23T14:00:00","20.88","124.69",,,"1","4","2","5",,,,"11",,,,,,,,,,,,"8",,,,,,"9","293",,,,,,,,,,,,,"226","4","798","172","7","1","2","1","1FFFFF","1AAAAAAAA1AAAA","4",,,,,,,,,,,,,,,
"4300531","2016-09-23T14:00:00","22.44","129.08",,,"1","4","2","5",,,,"11",,,,,,,,,,,,"8",,,,,,"9","300",,,,,,,,,,,,,"226","29","798","172","7","1","2","1","1FFFFF","1AAAAAAAA1AAAA","4",,,,,,,,,,,,,,,
"5100523","2016-09-23T14:00:00","24.33","124.20",,,"1","4","2","5",,,,"11",,,,,,,,,,,,"8",,,,,,"9","271",,,,,,,,,,,,,"226","44","798","172","7","1","2","1","1FFFFF","1AAAAAAAA1AAAA","4",,,,,,,,,,,,,,,
"3200560","2016-09-23T15:00:00","20.88","124.69",,,"1","4","2","5",,,,"11",,,,,,,,,,,,"8",,,,,,"9","293",,,,,,,,,,,,,"226","4","798","172","7","0",,"1","1FFFFF","1AAAAAAAA1AAAA","4",,,,,,,,,,,,,,,
"4300531","2016-09-23T15:00:00","22.44","129.08",,,"1","4","2","5",,,,"11",,,,,,,,,,,,"8",,,,,,"9","299",,,,,,,,,,,,,"226","29","798","172","7","1","2","1","1FFFFF","1AAAAAAAA1AAAA","4",,,,,,,,,,,,,,,
"SHIP","2016-09-23T15:00:00","23.60","125.00",,,"1","4","0","0","1","3",,"2","0","60","4","108",,"98","1","2","10143","4","0","0","270","0","250",,"243","1","300","2","2","1","A","4","0",,"10","3",,,,"226","35","992","114","5","1","2","1","111111","11111111111AA1",,,"1","2",,,,,,,,,,,"4",
"3200560","2016-09-23T16:00:00","20.86","124.73",,,"1","4","2","5",,,,"11",,,,,,,,,,,,"8",,,,,,"9","292",,,,,,,,,,,,,"226","4","798","172","7","1","2","1","1FFFFF","1AAAAAAAA1AAAA","4",,,,,,,,,,,,,,,
"4300531","2016-09-23T16:00:00","22.42","129.03",,,"1","4","2","5",,,,"11",,,,,,,,,,,,"8",,,,,,"9","298",,,,,,,,,,,,,"226","29","798","172","7","1","2","1","1FFFFF","1AAAAAAAA1AAAA","4",,,,,,,,,,,,,,,
"3200560","2016-09-23T17:00:00","20.87","124.73",,,"1","4","2","5",,,,"11",,,,,,,,,,,,"8",,,,,,"9","291",,,,,,,,,,,,,"226","4","798","172","7","1","2","1","1FFFFF","1AAAAAAAA1AAAA","4",,,,,,,,,,,,,,,
"4300531","2016-09-23T17:00:00","22.42","129.03",,,"1","4","2","5",,,,"11",,,,,,,,,,,,"8",,,,,,"9","298",,,,,,,,,,,,,"226","29","798","172","7","1","2","1","1FFFFF","1AAAAAAAA1AAAA","4",,,,,,,,,,,,,,,
"5100523","2016-09-23T17:45:00","24.33","124.19",,,"1","4","2","5",,,,"11",,,,,,,,,,,,"8",,,,,,"9","265",,,,,,,,,,,,,"226","44","798","172","7","1","2","1","1FFFFF","1AAAAAAAA1AAAA","4",,,,,,,,,,,,,,,
"4300531","2016-09-23T17:59:00","22.42","129.03",,,"1","4","2","5",,,,"11",,,,,,,,,,,,"8",,,,,,"9","298",,,,,,,,,,,,,"226","29","798","172","7","1","2","1","1FFFFF","1AAAAAAAA1AAAA","4",,,,,,,,,,,,,,,
"5100523","2016-09-23T17:59:00","24.33","124.19",,,"1","4","2","5",,,,"11",,,,,,,,,,,,"8",,,,,,"9","265",,,,,,,,,,,,,"226","44","798","172","7","1","2","1","1FFFFF","1AAAAAAAA1AAAA","4",,,,,,,,,,,,,,,
"3200560","2016-09-23T18:00:00","20.86","124.73",,,"1","4","2","5",,,,"11",,,,,,,,,,,,"8",,,,,,"9","292",,,,,,,,,,,,,"226","4","798","172","7","1","2","1","1FFFFF","1AAAAAAAA1AAAA","4",,,,,,,,,,,,,,,
"4300531","2016-09-23T18:00:00","22.42","129.03",,,"1","4","2","5",,,,"11",,,,,,,,,,,,"8",,,,,,"9","297",,,,,,,,,,,,,"226","29","798","172","7","1","2","1","1FFFFF","1AAAAAAAA1AAAA","4",,,,,,,,,,,,,,,
"5100523","2016-09-23T18:00:00","24.33","124.19",,,"1","4","2","5",,,,"11",,,,,,,,,,,,"8",,,,,,"9","264",,,,,,,,,,,,,"226","44","798","172","7","1","2","1","1FFFFF","1AAAAAAAA1AAAA","4",,,,,,,,,,,,,,,
"C6LG6","2016-09-23T18:00:00","24.80","122.10",,,"1","4","0","0","3","2","1","1","0","50","1","80",,"98","0","0","10120","8","20","0","260","0","240",,"231",,,"3","3","1","3","0","0",,"3","2","27","4","3","226","42","992","114","5","1","2","1","F11111","111111111A1111",,,"1","0",,,,,,,,,,,"4",
"CQGT","2016-09-23T18:00:00","25.60","120.70",,,"1","4","0","0","1","3",,"1","0","60","4","87",,"97","3","2","10125","0","0","0","250","0","235",,"229","3","271","6","6","3","6","6","1",,"2","2","2","4","3","226","50","992","114","5","1","2","1","111111","11111111111111",,,"1","2",,,,,,,,,,,"4",
"VRBX7","2016-09-23T18:00:00","28.30","122.20",,,"1","4","0","0","1","3","1","1","0","180","4","41",,"98","2","0","10160","4","0","0","255","0","220",,"165","1","243","4","4","2","4","0","0",,,,,,,"226","82","992","114","5","1","2","1","111111","11111111111AA1",,,"1","0",,,,,,,,,,,"4",
"WRJP","2016-09-23T18:00:00","20.50","124.60",,,"1","4","0","0","6","4",,"1","0","20","4","72",,"98",,"2","10050","4","0","0","278","0","267",,"263","1","260","5","3","4","5","7","A",,"6","2","36","12","4","226","4","992","114","5","1","2","1","111111","111A1111111111",,,"1","2",,,,,,,,,,,"4",
"3200560","2016-09-23T19:00:00","20.86","124.73",,,"1","4","2","5",,,,"11",,,,,,,,,,,,"8",,,,,,"9","291",,,,,,,,,,,,,"226","4","798","172","7","1","2","1","1FFFFF","1AAAAAAAA1AAAA","4",,,,,,,,,,,,,,,
"4300531","2016-09-23T19:00:00","22.42","129.03",,,"1","4","2","5",,,,"11",,,,,,,,,,,,"8",,,,,,"9","297",,,,,,,,,,,,,"226","29","798","172","7","1","2","1","1FFFFF","1AAAAAAAA1AAAA","4",,,,,,,,,,,,,,,
"5100523","2016-09-23T19:30:00","24.33","124.19",,,"1","4","2","5",,,,"11",,,,,,,,,,,,"8",,,,,,"9","260",,,,,,,,,,,,,"226","44","798","172","7","1","2","1","1FFFFF","1AAAAAAAA1AAAA","4",,,,,,,,,,,,,,,
"5100523","2016-09-23T19:38:00","24.34","124.19",,,"1","4","2","5",,,,"11",,,,,,,,,,,,"8",,,,,,"9","259",,,,,,,,,,,,,"226","44","798","172","7","1","2","1","1FFFFF","1AAAAAAAA1AAAA","4",,,,,,,,,,,,,,,
"3200560","2016-09-23T19:39:00","20.85","124.75",,,"1","4","2","5",,,,"11",,,,,,,,,,,,"8",,,,,,"9","291",,,,,,,,,,,,,"226","4","798","172","7","0",,"1","1FFFFF","1AAAAAAAA1AAAA","4",,,,,,,,,,,,,,,
"4300531","2016-09-23T19:43:00","22.40","129.01",,,"1","4","2","5",,,,"11",,,,,,,,,,,,"8",,,,,,"9","297",,,,,,,,,,,,,"226","29","798","172","7","0",,"1","1FFFFF","1AAAAAAAA1AAAA","4",,,,,,,,,,,,,,,
"3200560","2016-09-23T20:00:00","20.85","124.75",,,"1","4","2","5",,,,"11",,,,,,,,,,,,"8",,,,,,"9","291",,,,,,,,,,,,,"226","4","798","172","7","1","2","1","1FFFFF","1AAAAAAAA1AAAA","4",,,,,,,,,,,,,,,
"4300531","2016-09-23T20:00:00","22.40","129.01",,,"1","4","2","5",,,,"11",,,,,,,,,,,,"8",,,,,,"9","297",,,,,,,,,,,,,"226","29","798","172","7","1","2","1","1FFFFF","1AAAAAAAA1AAAA","4",,,,,,,,,,,,,,,
"5100523","2016-09-23T20:30:00","24.34","124.19",,,"1","4","2","5",,,,"11",,,,,,,,,,,,"8",,,,,,"9","259",,,,,,,,,,,,,"226","44","798","172","7","0",,"1","1FFFFF","1AAAAAAAA1AAAA","4",,,,,,,,,,,,,,,
"3200560","2016-09-23T21:00:00","20.83","124.75",,,"1","4","2","5",,,,"11",,,,,,,,,,,,"8",,,,,,"9","291",,,,,,,,,,,,,"226","4","798","172","7","1","2","1","1FFFFF","1AAAAAAAA1AAAA","4",,,,,,,,,,,,,,,
"4300531","2016-09-23T21:00:00","22.40","128.98",,,"1","4","2","5",,,,"11",,,,,,,,,,,,"8",,,,,,"9","297",,,,,,,,,,,,,"226","28","798","172","7","1","2","1","1FFFFF","1AAAAAAAA1AAAA","4",,,,,,,,,,,,,,,
"5100523","2016-09-23T21:15:00","24.34","124.19",,,"1","4","2","5",,,,"11",,,,,,,,,,,,"8",,,,,,"9","258",,,,,,,,,,,,,"226","44","798","172","7","1","2","1","1FFFFF","1AAAAAAAA1AAAA","4",,,,,,,,,,,,,,,
"3200560","2016-09-23T21:25:00","20.83","124.75",,,"1","4","2","5",,,,"11",,,,,,,,,,,,"8",,,,,,"9","291",,,,,,,,,,,,,"226","4","798","172","7","1","2","1","1FFFFF","1AAAAAAAA1AAAA","4",,,,,,,,,,,,,,,
"4300531","2016-09-23T21:25:00","22.40","128.98",,,"1","4","2","5",,,,"11",,,,,,,,,,,,"8",,,,,,"9","297",,,,,,,,,,,,,"226","28","798","172","7","0",,"2","1FFFFF","1AAAAAAAA1AAAA","4",,,,,,,,,,,,,,,
"3200623","2016-09-23T21:26:00","25.36","129.99",,,"1","4","2","5",,,,"11",,,,,,,,,,,,"8",,,,,,"9","291",,,,,,,,,,,,,"226","59","798","172","7","0",,"2","1FFFFF","1AAAAAAAA1AAAA","4",,,,,,,,,,,,,,,
"3200623","2016-09-23T21:29:00","25.36","129.99",,,"1","4","2","5",,,,"11",,,,,,,,,,,,"8",,,,,,"9","291",,,,,,,,,,,,,"226","59","798","172","7","1","2","2","1FFFFF","1AAAAAAAA1AAAA","4",,,,,,,,,,,,,,,
"3200560","2016-09-23T22:00:00","20.83","124.75",,,"1","4","2","5",,,,"11",,,,,,,,,,,,"8",,,,,,"9","291",,,,,,,,,,,,,"226","4","798","172","7","1","2","2","1FFFFF","1AAAAAAAA1AAAA","4",,,,,,,,,,,,,,,
"4300531","2016-09-23T22:00:00","22.41","128.97",,,"1","4","2","5",,,,"11",,,,,,,,,,,,"8",,,,,,"9","296",,,,,,,,,,,,,"226","28","798","172","7","1","2","2","1FFFFF","1AAAAAAAA1AAAA","4",,,,,,,,,,,,,,,
"5100523","2016-09-23T22:00:00","24.34","124.19",,,"1","4","2","5",,,,"11",,,,,,,,,,,,"8",,,,,,"9","259",,,,,,,,,,,,,"226","44","798","172","7","1","2","2","1FFFFF","1AAAAAAAA1AAAA","4",,,,,,,,,,,,,,,
"3200623","2016-09-23T22:06:00","25.35","129.99",,,"1","4","2","5",,,,"11",,,,,,,,,,,,"8",,,,,,"9","291",,,,,,,,,,,,,"226","59","798","172","7","0",,"2","1FFFFF","1AAAAAAAA1AAAA","4",,,,,,,,,,,,,,,
"3200623","2016-09-23T22:07:00","25.35","129.99",,,"1","4","2","5",,,,"11",,,,,,,,,,,,"8",,,,,,"9","291",,,,,,,,,,,,,"226","59","798","172","7","1","2","2","1FFFFF","1AAAAAAAA1AAAA","4",,,,,,,,,,,,,,,
"4300531","2016-09-23T22:07:00","22.41","128.97",,,"1","4","2","5",,,,"11",,,,,,,,,,,,"8",,,,,,"9","296",,,,,,,,,,,,,"226","28","798","172","7","1","2","2","1FFFFF","1AAAAAAAA1AAAA","4",,,,,,,,,,,,,,,
"3200623","2016-09-23T22:08:00","25.35","129.99",,,"1","4","2","5",,,,"11",,,,,,,,,,,,"8",,,,,,"9","291",,,,,,,,,,,,,"226","59","798","172","7","1","2","2","1FFFFF","1AAAAAAAA1AAAA","4",,,,,,,,,,,,,,,
"5100523","2016-09-23T22:08:00","24.33","124.19",,,"1","4","2","5",,,,"11",,,,,,,,,,,,"8",,,,,,"9","312",,,,,,,,,,,,,"226","44","798","172","7","1","2","2","3FFFFF","1AAAAAAAA1AAAA","4",,,,,,,,,,,,,,,
"3200560","2016-09-23T22:09:00","20.83","124.75",,,"1","4","2","5",,,,"11",,,,,,,,,,,,"8",,,,,,"9","292",,,,,,,,,,,,,"226","4","798","172","7","1","2","2","1FFFFF","1AAAAAAAA1AAAA","4",,,,,,,,,,,,,,,
"3200623","2016-09-23T22:13:00","25.35","129.99",,,"1","4","2","5",,,,"11",,,,,,,,,,,,"8",,,,,,"9","291",,,,,,,,,,,,,"226","59","798","172","7","1","2","2","1FFFFF","1AAAAAAAA1AAAA","4",,,,,,,,,,,,,,,
"3200560","2016-09-23T23:00:00","20.83","124.75",,,"1","4","2","5",,,,"11",,,,,,,,,,,,"8",,,,,,"9","291",,,,,,,,,,,,,"226","4","798","172","7","1","2","2","1FFFFF","1AAAAAAAA1AAAA","4",,,,,,,,,,,,,,,
"4300531","2016-09-23T23:00:00","22.41","128.97",,,"1","4","2","5",,,,"11",,,,,,,,,,,,"8",,,,,,"9","295",,,,,,,,,,,,,"226","28","798","172","7","1","2","2","1FFFFF","1AAAAAAAA1AAAA","4",,,,,,,,,,,,,,,
"SHIP","2016-09-23T23:50:00","20.60","129.80",,,"1","4","2","0","1","3",,"2","0","30","4","118",,"97","3","2","10030","7","30","0","280","0","270",,"267","1","300","6","3","3","3","4","4",,"8","7","4","9","8","226","9","992","114","5","1","2","2","111111","11111111111111",,,"1","2",,,,,,,,,,,"4",
"3200623","2016-09-23T23:58:00","25.33","129.96",,,"1","4","2","5",,,,"11",,,,,,,,,,,,"8",,,,,,"9","291",,,,,,,,,,,,,"226","59","798","172","7","1","2","2","1FFFFF","1AAAAAAAA1AAAA","4",,,,,,,,,,,,,,,
"3200560","2016-09-24T00:00:00","20.81","124.74",,,"1","4","2","5",,,,"11",,,,,,,,,,,,"8",,,,,,"9","292",,,,,,,,,,,,,"226","4","798","172","7","1","2","2","1FFFFF","1AAAAAAAA1AAAA","4",,,,,,,,,,,,,,,
"4300531","2016-09-24T00:00:00","22.43","128.94",,,"1","4","2","5",,,,"11",,,,,,,,,,,,"8",,,,,,"9","294",,,,,,,,,,,,,"226","28","798","172","7","1","2","2","1FFFFF","1AAAAAAAA1AAAA","4",,,,,,,,,,,,,,,
"9V2782","2016-09-24T00:00:00","26.30","124.10",,,"1","4","0","0","8","2",,"1","0","361","4","98",,"97",,"2","10110","4","0","3","280","0","240",,"220","1","280","5","5","1","4","3","0",,"2","2","0","3","3","226","64","992","114","5","1","2","2","111111","121A1111111271",,,"1","2",,,,,,,,,,,"4",
"DJBF2","2016-09-24T00:00:00","29.40","122.90",,,"1","4","0","0","1","3","1","1","0","40","4","62",,"98","1","1","10145","0","6","0","248",,,,"180","1","239","2","2","1","5","A","5",,"3","1","0",,,"226","92","992","114","5","1","2","2","111111","1111111A111131",,,"1","1","0",,,,,,,,,,"4",
"5100523","2016-09-24T00:30:00","24.33","124.19",,,"1","4","2","5",,,,"11",,,,,,,,,,,,"8",,,,,,"9","310",,,,,,,,,,,,,"226","44","798","172","7","1","2","2","1FFFFF","1AAAAAAAA1AAAA","4",,,,,,,,,,,,,,,
"3200623","2016-09-24T00:41:00","25.31","129.96",,,"1","4","2","5",,,,"11",,,,,,,,,,,,"8",,,,,,"9","291",,,,,,,,,,,,,"226","59","798","172","7","0",,"2","1FFFFF","1AAAAAAAA1AAAA","4",,,,,,,,,,,,,,,
"3200623","2016-09-24T00:42:00","25.33","129.96",,,"1","4","2","5",,,,"11",,,,,,,,,,,,"8",,,,,,"9","291",,,,,,,,,,,,,"226","59","798","172","7","1","2","2","1FFFFF","1AAAAAAAA1AAAA","4",,,,,,,,,,,,,,,
"4300531","2016-09-24T00:44:00","22.45","128.92",,,"1","4","2","5",,,,"11",,,,,,,,,,,,"8",,,,,,"9","294",,,,,,,,,,,,,"226","28","798","172","7","0",,"2","1FFFFF","1AAAAAAAA1AAAA","4",,,,,,,,,,,,,,,
"5100523","2016-09-24T00:44:00","24.33","124.20",,,"1","4","2","5",,,,"11",,,,,,,,,,,,"8",,,,,,"9","314",,,,,,,,,,,,,"226","44","798","172","7","0",,"2","3FFFFF","1AAAAAAAA1AAAA","4",,,,,,,,,,,,,,,
"5100523","2016-09-24T00:45:00","24.33","124.20",,,"1","4","2","5",,,,"11",,,,,,,,,,,,"8",,,,,,"9","314",,,,,,,,,,,,,"226","44","798","172","7","1","2","2","3FFFFF","1AAAAAAAA1AAAA","4",,,,,,,,,,,,,,,
"3200560","2016-09-24T00:49:00","20.81","124.74",,,"1","4","2","5",,,,"11",,,,,,,,,,,,"8",,,,,,"9","293",,,,,,,,,,,,,"226","4","798","172","7","1","2","2","1FFFFF","1AAAAAAAA1AAAA","4",,,,,,,,,,,,,,,
"3200623","2016-09-24T00:50:00","25.31","129.96",,,"1","4","2","5",,,,"11",,,,,,,,,,,,"8",,,,,,"9","291",,,,,,,,,,,,,"226","59","798","172","7","1","2","2","1FFFFF","1AAAAAAAA1AAAA","4",,,,,,,,,,,,,,,
"3200560","2016-09-24T01:00:00","20.83","124.75",,,"1","4","2","5",,,,"11",,,,,,,,,,,,"8",,,,,,"9","292",,,,,,,,,,,,,"226","4","798","172","7","1","2","2","1FFFFF","1AAAAAAAA1AAAA","4",,,,,,,,,,,,,,,
"4300531","2016-09-24T01:00:00","22.44","128.93",,,"1","4","2","5",,,,"11",,,,,,,,,,,,"8",,,,,,"9","294",,,,,,,,,,,,,"226","28","798","172","7","1","2","2","1FFFFF","1AAAAAAAA1AAAA","4",,,,,,,,,,,,,,,
"VRKK2","2016-09-24T01:00:00","22.00","121.30",,,"1","4","0","0","1","3",,"1","0","10","3","98",,"95",,,"10110","6","10","0","270","0","250",,"243","0","240","5","5","7","8","3","2",,"7","3","4","5","2","226","21","992","114","5","1","2","2","211111","111AA111111111",,,"3",,"4","3","2",,,,,,,,"4",
"5100523","2016-09-24T01:30:00","24.33","124.19",,,"1","4","2","5",,,,"11",,,,,,,,,,,,"8",,,,,,"9","312",,,,,,,,,,,,,"226","44","798","172","7","1","2","2","3FFFFF","1AAAAAAAA1AAAA","4",,,,,,,,,,,,,,,
"5100523","2016-09-24T01:38:00","24.34","124.20",,,"1","4","2","5",,,,"11",,,,,,,,,,,,"8",,,,,,"9","321",,,,,,,,,,,,,"226","44","798","172","7","1","2","2","5FFFFF","1AAAAAAAA1AAAA","4",,,,,,,,,,,,,,,
"3200623","2016-09-24T01:39:00","25.29","129.97",,,"1","4","2","5",,,,"11",,,,,,,,,,,,"8",,,,,,"9","292",,,,,,,,,,,,,"226","59","798","172","7","1","2","2","1FFFFF","1AAAAAAAA1AAAA","4",,,,,,,,,,,,,,,
"3200623","2016-09-24T01:40:00","25.33","129.96",,,"1","4","2","5",,,,"11",,,,,,,,,,,,"8",,,,,,"9","291",,,,,,,,,,,,,"226","59","798","172","7","1","2","2","1FFFFF","1AAAAAAAA1AAAA","4",,,,,,,,,,,,,,,
"3200623","2016-09-24T01:43:00","25.29","129.97",,,"1","3","2","5",,,,"11",,,,,,,,,,,,,,,,,,,,,,,,,,,,,,,,"226","59","798","172","7","1","2","2","FFFFFF","1AAAAAAAAAAAAA","4",,,,,,,,,,,,,,,
"5100523","2016-09-24T01:45:00","24.34","124.20",,,"1","4","2","5",,,,"11",,,,,,,,,,,,"8",,,,,,"9","318",,,,,,,,,,,,,"226","44","798","172","7","1","2","2","3FFFFF","1AAAAAAAA1AAAA","4",,,,,,,,,,,,,,,
"3200560","2016-09-24T02:00:00","20.81","124.74",,,"1","4","2","5",,,,"11",,,,,,,,,,,,"8",,,,,,"9","293",,,,,,,,,,,,,"226","4","798","172","7","1","2","2","1FFFFF","1AAAAAAAA1AAAA","4",,,,,,,,,,,,,,,
"4300531","2016-09-24T02:00:00","22.45","128.92",,,"1","4","2","5",,,,"11",,,,,,,,,,,,"8",,,,,,"9","294",,,,,,,,,,,,,"226","28","798","172","7","1","2","2","1FFFFF","1AAAAAAAA1AAAA","4",,,,,,,,,,,,,,,
"DJBF2","2016-09-24T02:00:00","29.90","123.20",,,"1","4","0","0","8","4","1","1","0","40","4","72",,"97","1","0","10140","0","2","0","248",,,,"168","1","242","3","0","0","9","0","5",,"5","3","0",,,"226","93","992","114","5","1","2","2","111111","1111111A111131",,,"1","0","0",,,,,,,,,,"4",
"5100523","2016-09-24T02:15:00","24.34","124.20",,,"1","4","2","5",,,,"11",,,,,,,,,,,,"8",,,,,,"9","321",,,,,,,,,,,,,"226","44","798","172","7","1","2","2","5FFFFF","1AAAAAAAA1AAAA","4",,,,,,,,,,,,,,,
"3200623","2016-09-24T02:25:00","25.29","129.97",,,"1","4","2","5",,,,"11",,,,,,,,,,,,"8",,,,,,"9","292",,,,,,,,,,,,,"226","59","798","172","7","1","2","2","1FFFFF","1AAAAAAAA1AAAA","4",,,,,,,,,,,,,,,
"3200560","2016-09-24T02:26:00","20.80","124.72",,,"1","4","2","5",,,,"11",,,,,,,,,,,,"8",,,,,,"9","294",,,,,,,,,,,,,"226","4","798","172","7","0",,"2","1FFFFF","1AAAAAAAA1AAAA","4",,,,,,,,,,,,,,,
"4300531","2016-09-24T02:26:00","22.47","128.89",,,"1","4","2","5",,,,"11",,,,,,,,,,,,"8",,,,,,"9","295",,,,,,,,,,,,,"226","28","798","172","7","0",,"2","1FFFFF","1AAAAAAAA1AAAA","4",,,,,,,,,,,,,,,
"5100523","2016-09-24T02:28:00","24.34","124.19",,,"1","4","2","5",,,,"11",,,,,,,,,,,,"8",,,,,,"9","323",,,,,,,,,,,,,"226","44","798","172","7","0",,"2","5FFFFF","1AAAAAAAA1AAAA","4",,,,,,,,,,,,,,,
"5100523","2016-09-24T02:30:00","24.34","124.19",,,"1","4","2","5",,,,"11",,,,,,,,,,,,"8",,,,,,"9","323",,,,,,,,,,,,,"226","44","798","172","7","1","2","2","5FFFFF","1AAAAAAAA1AAAA","4",,,,,,,,,,,,,,,
"3200560","2016-09-24T03:00:00","20.80","124.72",,,"1","4","2","5",,,,"11",,,,,,,,,,,,"8",,,,,,"9","294",,,,,,,,,,,,,"226","4","798","172","7","0",,"2","1FFFFF","1AAAAAAAA1AAAA","4",,,,,,,,,,,,,,,
"4300531","2016-09-24T03:00:00","22.47","128.89",,,"1","4","2","5",,,,"11",,,,,,,,,,,,"8",,,,,,"9","295",,,,,,,,,,,,,"226","28","798","172","7","1","2","2","1FFFFF","1AAAAAAAA1AAAA","4",,,,,,,,,,,,,,,
"3200560","2016-09-24T04:00:00","20.77","124.70",,,"1","4","2","5",,,,"11",,,,,,,,,,,,"8",,,,,,"9","294",,,,,,,,,,,,,"226","4","798","172","7","1","2","2","1FFFFF","1AAAAAAAA1AAAA","4",,,,,,,,,,,,,,,
"4300531","2016-09-24T04:00:00","22.48","128.87",,,"1","4","2","5",,,,"11",,,,,,,,,,,,"8",,,,,,"9","295",,,,,,,,,,,,,"226","28","798","172","7","1","2","2","1FFFFF","1AAAAAAAA1AAAA","4",,,,,,,,,,,,,,,
"3200560","2016-09-24T05:00:00","20.77","124.70",,,"1","4","2","5",,,,"11",,,,,,,,,,,,"8",,,,,,"9","294",,,,,,,,,,,,,"226","4","798","172","7","1","2","2","1FFFFF","1AAAAAAAA1AAAA","4",,,,,,,,,,,,,,,
"4300531","2016-09-24T05:00:00","22.48","128.87",,,"1","4","2","5",,,,"11",,,,,,,,,,,,"8",,,,,,"9","296",,,,,,,,,,,,,"226","28","798","172","7","1","2","2","1FFFFF","1AAAAAAAA1AAAA","4",,,,,,,,,,,,,,,
"5100523","2016-09-24T05:00:00","24.33","124.19",,,"1","4","2","5",,,,"11",,,,,,,,,,,,"8",,,,,,"9",,,,,,,,,,,,,,"226","44","798","172","7","1","2","2","7FFFFF","1AAAAAAAA1AAAA","4",,,,,,,,,,,,,,,
"3200623","2016-09-24T05:13:00","25.24","129.94",,,"1","4","2","5",,,,"11",,,,,,,,,,,,"8",,,,,,"9","292",,,,,,,,,,,,,"226","59","798","172","7","1","2","2","1FFFFF","1AAAAAAAA1AAAA","4",,,,,,,,,,,,,,,
"3200623","2016-09-24T05:15:00","25.24","129.93",,,"1","4","2","5",,,,"11",,,,,,,,,,,,"8",,,,,,"9","293",,,,,,,,,,,,,"226","59","798","172","7","1","2","2","1FFFFF","1AAAAAAAA1AAAA","4",,,,,,,,,,,,,,,
"4300531","2016-09-24T05:15:00","22.48","128.88",,,"1","4","2","5",,,,"11",,,,,,,,,,,,"8",,,,,,"9","296",,,,,,,,,,,,,"226","28","798","172","7","1","2","2","1FFFFF","1AAAAAAAA1AAAA","4",,,,,,,,,,,,,,,
"5100523","2016-09-24T05:15:00","24.33","124.19",,,"1","4","2","5",,,,"11",,,,,,,,,,,,"8",,,,,,"9",,,,,,,,,,,,,,"226","44","798","172","7","1","2","2","7FFFFF","1AAAAAAAA1AAAA","4",,,,,,,,,,,,,,,
"3200560","2016-09-24T05:16:00","20.77","124.70",,,"1","4","2","5",,,,"11",,,,,,,,,,,,"8",,,,,,"9","294",,,,,,,,,,,,,"226","4","798","172","7","1","2","2","1FFFFF","1AAAAAAAA1AAAA","4",,,,,,,,,,,,,,,
"5100523","2016-09-24T05:16:00","24.33","124.19",,,"1","4","2","5",,,,"11",,,,,,,,,,,,"8",,,,,,"9",,,,,,,,,,,,,,"226","44","798","172","7","1","2","2","7FFFFF","1AAAAAAAA1AAAA","4",,,,,,,,,,,,,,,
"3200623","2016-09-24T05:22:00","25.24","129.94",,,"1","4","2","5",,,,"11",,,,,,,,,,,,"8",,,,,,"9","292",,,,,,,,,,,,,"226","59","798","172","7","1","2","2","1FFFFF","1AAAAAAAA1AAAA","4",,,,,,,,,,,,,,,
"3200560","2016-09-24T06:00:00","20.77","124.70",,,"1","4","2","5",,,,"11",,,,,,,,,,,,"8",,,,,,"9","294",,,,,,,,,,,,,"226","4","798","172","7","1","2","2","1FFFFF","1AAAAAAAA1AAAA","4",,,,,,,,,,,,,,,
"4300531","2016-09-24T06:00:00","22.48","128.88",,,"1","4","2","5",,,,"11",,,,,,,,,,,,"8",,,,,,"9","296",,,,,,,,,,,,,"226","28","798","172","7","0",,"2","1FFFFF","1AAAAAAAA1AAAA","4",,,,,,,,,,,,,,,
"A8ZS7","2016-09-24T06:00:00","25.10","122.40",,,"1","4","0","0","6","4","1","1","0","40","4","67",,"98","2","1","10106","7","15","0","297",,,,"200","3","260","4",,"4","5","5","A",,"4","2",,,,"226","52","992","114","5","1","2","2","111111","1111111A1111A1",,,"1","1",,,,,,,,,,,"4",
"CQGT","2016-09-24T06:00:00","28.00","122.50",,,"1","4","0","0","1","3",,"1","0","50","4","46",,"97","1","1","10130","7","10","0","290","0","230",,"204","3","270","3","3","5","6","4","4",,"1","1","5","2","2","226","82","992","114","5","1","2","2","111111","11111111111111",,,"1","1",,,,,,,,,,,"4",
"VRFX5","2016-09-24T06:00:00","27.20","124.00",,,"1","4","0","0","1","5",,"1","0","190","4","87",,"97",,"2","10156","0",,"0","310","0","290",,"283","1","260","5","5","1","5","4","1",,"6","3","5","6","3","226","74","992","114","5","1","2","2","111111","111A1111111117",,,"1","2","6","5","3",,,,,,,,"4",
"5100523","2016-09-24T06:45:00","24.33","124.19",,,"1","4","2","5",,,,"11",,,,,,,,,,,,"8",,,,,,"9",,,,,,,,,,,,,,"226","44","798","172","7","1","2","2","7FFFFF","1AAAAAAAA1AAAA","4",,,,,,,,,,,,,,,
"3200560","2016-09-24T06:56:00","20.76","124.68",,,"1","4","2","5",,,,"11",,,,,,,,,,,,"8",,,,,,"9","295",,,,,,,,,,,,,"226","4","798","172","7","0",,"2","1FFFFF","1AAAAAAAA1AAAA","4",,,,,,,,,,,,,,,
"5100523","2016-09-24T06:56:00","24.33","124.19",,,"1","4","2","5",,,,"11",,,,,,,,,,,,"8",,,,,,"9","295",,,,,,,,,,,,,"226","44","798","172","7","0",,"2","1FFFFF","1AAAAAAAA1AAAA","4",,,,,,,,,,,,,,,
"3200623","2016-09-24T06:57:00","25.21","129.91",,,"1","4","2","5",,,,"11",,,,,,,,,,,,"8",,,,,,"9","292",,,,,,,,,,,,,"226","59","798","172","7","0",,"2","1FFFFF","1AAAAAAAA1AAAA","4",,,,,,,,,,,,,,,
"4300531","2016-09-24T06:57:00","22.49","128.85",,,"1","4","2","5",,,,"11",,,,,,,,,,,,"8",,,,,,"9","295",,,,,,,,,,,,,"226","28","798","172","7","1","2","2","1FFFFF","1AAAAAAAA1AAAA","4",,,,,,,,,,,,,,,
"3200560","2016-09-24T07:00:00","20.76","124.68",,,"1","4","2","5",,,,"11",,,,,,,,,,,,"8",,,,,,"9","295",,,,,,,,,,,,,"226","4","798","172","7","0",,"2","1FFFFF","1AAAAAAAA1AAAA","4",,,,,,,,,,,,,,,
"3200623","2016-09-24T07:00:00","25.21","129.91",,,"1","4","2","5",,,,"11",,,,,,,,,,,,"8",,,,,,"9","292",,,,,,,,,,,,,"226","59","798","172","7","1","2","2","1FFFFF","1AAAAAAAA1AAAA","4",,,,,,,,,,,,,,,
"4300531","2016-09-24T07:00:00","22.49","128.85",,,"1","4","2","5",,,,"11",,,,,,,,,,,,"8",,,,,,"9","295",,,,,,,,,,,,,"226","28","798","172","7","1","2","2","1FFFFF","1AAAAAAAA1AAAA","4",,,,,,,,,,,,,,,
"5100523","2016-09-24T07:30:00","24.33","124.19",,,"1","4","2","5",,,,"11",,,,,,,,,,,,"8",,,,,,"9","321",,,,,,,,,,,,,"226","44","798","172","7","1","2","2","5FFFFF","1AAAAAAAA1AAAA","4",,,,,,,,,,,,,,,
"3200623","2016-09-24T07:37:00","25.19","129.91",,,"1","4","2","5",,,,"11",,,,,,,,,,,,"8",,,,,,"9","292",,,,,,,,,,,,,"226","59","798","172","7","0",,"2","1FFFFF","1AAAAAAAA1AAAA","4",,,,,,,,,,,,,,,
"3200623","2016-09-24T07:38:00","25.21","129.91",,,"1","4","2","5",,,,"11",,,,,,,,,,,,"8",,,,,,"9","292",,,,,,,,,,,,,"226","59","798","172","7","1","2","2","1FFFFF","1AAAAAAAA1AAAA","4",,,,,,,,,,,,,,,
"3200623","2016-09-24T07:42:00","25.19","129.91",,,"1","4","2","5",,,,"11",,,,,,,,,,,,"8",,,,,,"9","292",,,,,,,,,,,,,"226","59","798","172","7","1","2","2","1FFFFF","1AAAAAAAA1AAAA","4",,,,,,,,,,,,,,,
"3200623","2016-09-24T07:44:00","25.19","129.91",,,"1","4","2","5",,,,"11",,,,,,,,,,,,"8",,,,,,"9","292",,,,,,,,,,,,,"226","59","798","172","7","1","2","2","1FFFFF","1AAAAAAAA1AAAA","4",,,,,,,,,,,,,,,
"3200560","2016-09-24T08:00:00","20.76","124.68",,,"1","4","2","5",,,,"11",,,,,,,,,,,,"8",,,,,,"9","295",,,,,,,,,,,,,"226","4","798","172","7","1","2","2","1FFFFF","1AAAAAAAA1AAAA","4",,,,,,,,,,,,,,,
"4300531","2016-09-24T08:00:00","22.49","128.85",,,"1","4","2","5",,,,"11",,,,,,,,,,,,"8",,,,,,"9",,,,,,,,,,,,,,"226","28","798","172","7","1","2","2","6FFFFF","1AAAAAAAA9AAAA","4",,,,,,,,,,,,,,,
"3200623","2016-09-24T08:03:00","25.19","129.91",,,"1","4","2","5",,,,"11",,,,,,,,,,,,"8",,,,,,"9","292",,,,,,,,,,,,,"226","59","798","172","7","1","2","2","1FFFFF","1AAAAAAAA1AAAA","4",,,,,,,,,,,,,,,
"3200623","2016-09-24T08:07:00","25.19","129.91",,,"1","4","2","5",,,,"11",,,,,,,,,,,,"8",,,,,,"9","292",,,,,,,,,,,,,"226","59","798","172","7","1","2","2","1FFFFF","1AAAAAAAA1AAAA","4",,,,,,,,,,,,,,,
"3200560","2016-09-24T09:00:00","20.76","124.69",,,"1","4","2","5",,,,"11",,,,,,,,,,,,"8",,,,,,"9","295",,,,,,,,,,,,,"226","4","798","172","7","1","2","2","1FFFFF","1AAAAAAAA1AAAA","4",,,,,,,,,,,,,,,
"4300531","2016-09-24T09:00:00","22.50","128.81",,,"1","4","2","5",,,,"11",,,,,,,,,,,,"8",,,,,,"9","293",,,,,,,,,,,,,"226","28","798","172","7","1","2","2","1FFFFF","1AAAAAAAA1AAAA","4",,,,,,,,,,,,,,,
"5100523","2016-09-24T09:15:00","24.33","124.19",,,"1","4","2","5",,,,"11",,,,,,,,,,,,"8",,,,,,"9","295",,,,,,,,,,,,,"226","44","798","172","7","1","2","2","1FFFFF","1AAAAAAAA1AAAA","4",,,,,,,,,,,,,,,
"3200560","2016-09-24T09:17:00","20.76","124.69",,,"1","4","2","5",,,,"11",,,,,,,,,,,,"8",,,,,,"9","295",,,,,,,,,,,,,"226","4","798","172","7","0",,"2","1FFFFF","1AAAAAAAA1AAAA","4",,,,,,,,,,,,,,,
"3200623","2016-09-24T09:17:00","25.17","129.92",,,"1","4","2","5",,,,"11",,,,,,,,,,,,"8",,,,,,"9","292",,,,,,,,,,,,,"226","59","798","172","7","1","2","2","1FFFFF","1AAAAAAAA1AAAA","4",,,,,,,,,,,,,,,
"4300531","2016-09-24T09:18:00","22.50","128.81",,,"1","4","2","5",,,,"11",,,,,,,,,,,,"8",,,,,,"9","293",,,,,,,,,,,,,"226","28","798","172","7","0",,"2","1FFFFF","1AAAAAAAA1AAAA","4",,,,,,,,,,,,,,,
"3200623","2016-09-24T09:24:00","25.17","129.92",,,"1","4","2","5",,,,"11",,,,,,,,,,,,"8",,,,,,"9","292",,,,,,,,,,,,,"226","59","798","172","7","1","2","2","1FFFFF","1AAAAAAAA1AAAA","4",,,,,,,,,,,,,,,
"3200623","2016-09-24T09:29:00","25.17","129.92",,,"1","4","2","5",,,,"11",,,,,,,,,,,,"8",,,,,,"9","292",,,,,,,,,,,,,"226","59","798","172","7","1","2","1","1FFFFF","1AAAAAAAA1AAAA","4",,,,,,,,,,,,,,,
"5100523","2016-09-24T09:30:00","24.33","124.20",,,"1","4","2","5",,,,"11",,,,,,,,,,,,"8",,,,,,"9","291",,,,,,,,,,,,,"226","44","798","172","7","1","2","2","1FFFFF","1AAAAAAAA1AAAA","4",,,,,,,,,,,,,,,
"3200623","2016-09-24T09:42:00","25.16","129.92",,,"1","4","2","5",,,,"11",,,,,,,,,,,,"8",,,,,,"9","292",,,,,,,,,,,,,"226","59","798","172","7","1","2","1","1FFFFF","1AAAAAAAA1AAAA","4",,,,,,,,,,,,,,,
"4300531","2016-09-24T09:43:00","22.51","128.80",,,"1","4","2","5",,,,"11",,,,,,,,,,,,"8",,,,,,"9","293",,,,,,,,,,,,,"226","28","798","172","7","1","2","1","1FFFFF","1AAAAAAAA1AAAA","4",,,,,,,,,,,,,,,
"3200560","2016-09-24T09:44:00","20.76","124.66",,,"1","4","2","5",,,,"11",,,,,,,,,,,,"8",,,,,,"9","295",,,,,,,,,,,,,"226","4","798","172","7","1","2","2","1FFFFF","1AAAAAAAA1AAAA","4",,,,,,,,,,,,,,,
"5100523","2016-09-24T09:44:00","24.33","124.20",,,"1","4","2","5",,,,"11",,,,,,,,,,,,"8",,,,,,"9","291",,,,,,,,,,,,,"226","44","798","172","7","1","2","2","1FFFFF","1AAAAAAAA1AAAA","4",,,,,,,,,,,,,,,
"5100523","2016-09-24T09:45:00","24.33","124.20",,,"1","4","2","5",,,,"11",,,,,,,,,,,,"8",,,,,,"9","287",,,,,,,,,,,,,"226","44","798","172","7","1","2","2","1FFFFF","1AAAAAAAA1AAAA","4",,,,,,,,,,,,,,,
"3200623","2016-09-24T09:49:00","25.16","129.92",,,"1","4","2","5",,,,"11",,,,,,,,,,,,"8",,,,,,"9","292",,,,,,,,,,,,,"226","59","798","172","7","1","2","1","1FFFFF","1AAAAAAAA1AAAA","4",,,,,,,,,,,,,,,
"3200560","2016-09-24T10:00:00","20.76","124.66",,,"1","4","2","5",,,,"11",,,,,,,,,,,,"8",,,,,,"9","295",,,,,,,,,,,,,"226","4","798","172","7","1","2","1","1FFFFF","1AAAAAAAA1AAAA","4",,,,,,,,,,,,,,,
"4300531","2016-09-24T10:00:00","22.51","128.80",,,"1","4","2","5",,,,"11",,,,,,,,,,,,"8",,,,,,"9","293",,,,,,,,,,,,,"226","28","798","172","7","1","2","1","1FFFFF","1AAAAAAAA1AAAA","4",,,,,,,,,,,,,,,
"3200560","2016-09-24T11:00:00","20.76","124.66",,,"1","4","2","5",,,,"11",,,,,,,,,,,,"8",,,,,,"9","294",,,,,,,,,,,,,"226","4","798","172","7","1","2","1","1FFFFF","1AAAAAAAA1AAAA","4",,,,,,,,,,,,,,,
"5100523","2016-09-24T11:00:00","24.33","124.20",,,"1","4","2","5",,,,"11",,,,,,,,,,,,"8",,,,,,"9","277",,,,,,,,,,,,,"226","44","798","172","7","1","2","1","1FFFFF","1AAAAAAAA1AAAA","4",,,,,,,,,,,,,,,
"3200623","2016-09-24T11:23:00","25.16","129.92",,,"1","4","2","5",,,,"11",,,,,,,,,,,,"8",,,,,,"9","291",,,,,,,,,,,,,"226","59","798","172","7","1","2","1","1FFFFF","1AAAAAAAA1AAAA","4",,,,,,,,,,,,,,,
"3200560","2016-09-24T12:00:00","20.76","124.66",,,"1","4","2","5",,,,"11",,,,,,,,,,,,"8",,,,,,"9","294",,,,,,,,,,,,,"226","4","798","172","7","1","2","1","1FFFFF","1AAAAAAAA1AAAA","4",,,,,,,,,,,,,,,
"4300531","2016-09-24T12:00:00","22.51","128.80",,,"1","4","2","5",,,,"11",,,,,,,,,,,,"8",,,,,,"9","293",,,,,,,,,,,,,"226","28","798","172","7","1","2","1","1FFFFF","1AAAAAAAA1AAAA","4",,,,,,,,,,,,,,,
"5100523","2016-09-24T12:00:00","24.33","124.20",,,"1","4","2","5",,,,"11",,,,,,,,,,,,"8",,,,,,"9","274",,,,,,,,,,,,,"226","44","798","172","7","1","2","1","1FFFFF","1AAAAAAAA1AAAA","4",,,,,,,,,,,,,,,
"9V2782","2016-09-24T12:00:00","28.10","124.40",,,"1","4","0","0","8","2",,"1","0","50","4","67",,"97",,"0","10110","2","20","3","260","0","230",,"220","1","290","4","4","A","4","A","A",,"2","2","0","3","3","226","84","992","114","5","1","2","1","111111","111A1111111171",,,"1","0",,,,,,,,,,,"4",
"5100523","2016-09-24T12:45:00","24.33","124.19",,,"1","4","2","5",,,,"11",,,,,,,,,,,,"8",,,,,,"9","275",,,,,,,,,,,,,"226","44","798","172","7","0",,"1","1FFFFF","1AAAAAAAA1AAAA","4",,,,,,,,,,,,,,,
"4300531","2016-09-24T12:54:00","22.51","128.76",,,"1","4","2","5",,,,"11",,,,,,,,,,,,"8",,,,,,"9","292",,,,,,,,,,,,,"226","28","798","172","7","1","2","1","1FFFFF","1AAAAAAAA1AAAA","4",,,,,,,,,,,,,,,
"5100523","2016-09-24T12:54:00","24.33","124.19",,,"1","4","2","5",,,,"11",,,,,,,,,,,,"8",,,,,,"9","275",,,,,,,,,,,,,"226","44","798","172","7","1","2","1","1FFFFF","1AAAAAAAA1AAAA","4",,,,,,,,,,,,,,,
"3200560","2016-09-24T12:55:00","20.75","124.65",,,"1","4","2","5",,,,"11",,,,,,,,,,,,"8",,,,,,"9","294",,,,,,,,,,,,,"226","4","798","172","7","0",,"1","1FFFFF","1AAAAAAAA1AAAA","4",,,,,,,,,,,,,,,
"3200623","2016-09-24T12:56:00","25.16","129.92",,,"1","4","2","5",,,,"11",,,,,,,,,,,,"8",,,,,,"9","291",,,,,,,,,,,,,"226","59","798","172","7","0",,"1","1FFFFF","1AAAAAAAA1AAAA","4",,,,,,,,,,,,,,,
"3200560","2016-09-24T14:00:00","20.75","124.65",,,"1","4","2","5",,,,"11",,,,,,,,,,,,"8",,,,,,"9","294",,,,,,,,,,,,,"226","4","798","172","7","1","2","1","1FFFFF","1AAAAAAAA1AAAA","4",,,,,,,,,,,,,,,
"4300531","2016-09-24T14:00:00","22.51","128.76",,,"1","4","2","5",,,,"11",,,,,,,,,,,,"8",,,,,,"9","292",,,,,,,,,,,,,"226","28","798","172","7","1","2","1","1FFFFF","1AAAAAAAA1AAAA","4",,,,,,,,,,,,,,,
"3200560","2016-09-24T15:00:00","20.75","124.65",,,"1","4","2","5",,,,"11",,,,,,,,,,,,"8",,,,,,"9","294",,,,,,,,,,,,,"226","4","798","172","7","1","2","1","1FFFFF","1AAAAAAAA1AAAA","4",,,,,,,,,,,,,,,
"4300531","2016-09-24T15:00:00","22.51","128.76",,,"1","4","2","5",,,,"11",,,,,,,,,,,,"8",,,,,,"9","292",,,,,,,,,,,,,"226","28","798","172","7","1","2","1","1FFFFF","1AAAAAAAA1AAAA","4",,,,,,,,,,,,,,,
"SHIP","2016-09-24T15:00:00","27.60","129.00",,,"1","4","0","0","1","3",,"2","0","100","4","159",,"98","0","1","10143","7","5","0","270","0","250",,"243","1","320","3","3","A","A","A","A",,"7","3",,,,"226","79","992","114","5","1","2","1","312111","11111111111AA1",,,"1","1",,,,,,,,,,,"4",
"3200560","2016-09-24T16:00:00","20.77","124.62",,,"1","4","2","5",,,,"11",,,,,,,,,,,,"8",,,,,,"9","294",,,,,,,,,,,,,"226","4","798","172","7","1","2","1","1FFFFF","1AAAAAAAA1AAAA","4",,,,,,,,,,,,,,,
"4300531","2016-09-24T16:00:00","22.51","128.66",,,"1","4","2","5",,,,"11",,,,,,,,,,,,"8",,,,,,"9","291",,,,,,,,,,,,,"226","28","798","172","7","1","2","1","1FFFFF","1AAAAAAAA1AAAA","4",,,,,,,,,,,,,,,
"3200560","2016-09-24T17:00:00","20.77","124.62",,,"1","4","2","5",,,,"11",,,,,,,,,,,,"8",,,,,,"9","294",,,,,,,,,,,,,"226","4","798","172","7","1","2","1","1FFFFF","1AAAAAAAA1AAAA","4",,,,,,,,,,,,,,,
"4300531","2016-09-24T17:00:00","22.51","128.66",,,"1","4","2","5",,,,"11",,,,,,,,,,,,"8",,,,,,"9","291",,,,,,,,,,,,,"226","28","798","172","7","1","2","1","1FFFFF","1AAAAAAAA1AAAA","4",,,,,,,,,,,,,,,
"5100523","2016-09-24T17:30:00","24.33","124.19",,,"1","4","2","5",,,,"11",,,,,,,,,,,,"8",,,,,,"9","268",,,,,,,,,,,,,"226","44","798","172","7","1","2","1","1FFFFF","1AAAAAAAA1AAAA","4",,,,,,,,,,,,,,,
"3200623","2016-09-24T17:44:00","24.98","129.82",,,"1","4","2","5",,,,"11",,,,,,,,,,,,"8",,,,,,"9","292",,,,,,,,,,,,,"226","49","798","172","7","1","2","1","1FFFFF","1AAAAAAAA1AAAA","4",,,,,,,,,,,,,,,
"3200623","2016-09-24T17:45:00","24.98","129.82",,,"1","4","2","5",,,,"11",,,,,,,,,,,,"8",,,,,,"9","291",,,,,,,,,,,,,"226","49","798","172","7","1","2","1","1FFFFF","1AAAAAAAA1AAAA","4",,,,,,,,,,,,,,,
"5100523","2016-09-24T17:45:00","24.33","124.19",,,"1","4","2","5",,,,"11",,,,,,,,,,,,"8",,,,,,"9","267",,,,,,,,,,,,,"226","44","798","172","7","1","2","1","1FFFFF","1AAAAAAAA1AAAA","4",,,,,,,,,,,,,,,
"3200560","2016-09-24T17:48:00","20.77","124.63",,,"1","4","2","5",,,,"11",,,,,,,,,,,,"8",,,,,,"9","294",,,,,,,,,,,,,"226","4","798","172","7","1","2","1","1FFFFF","1AAAAAAAA1AAAA","4",,,,,,,,,,,,,,,
"4300531","2016-09-24T17:48:00","22.51","128.66",,,"1","4","2","5",,,,"11",,,,,,,,,,,,"8",,,,,,"9","291",,,,,,,,,,,,,"226","28","798","172","7","1","2","1","1FFFFF","1AAAAAAAA1AAAA","4",,,,,,,,,,,,,,,
"3200623","2016-09-24T17:53:00","24.98","129.82",,,"1","4","2","5",,,,"11",,,,,,,,,,,,"8",,,,,,"9","291",,,,,,,,,,,,,"226","49","798","172","7","1","2","1","1FFFFF","1AAAAAAAA1AAAA","4",,,,,,,,,,,,,,,
"3200560","2016-09-24T18:00:00","20.77","124.63",,,"1","4","2","5",,,,"11",,,,,,,,,,,,"8",,,,,,"9","294",,,,,,,,,,,,,"226","4","798","172","7","1","2","1","1FFFFF","1AAAAAAAA1AAAA","4",,,,,,,,,,,,,,,
"4300531","2016-09-24T18:00:00","22.51","128.66",,,"1","4","2","5",,,,"11",,,,,,,,,,,,"8",,,,,,"9","291",,,,,,,,,,,,,"226","28","798","172","7","1","2","1","1FFFFF","1AAAAAAAA1AAAA","4",,,,,,,,,,,,,,,
"C6LG6","2016-09-24T18:00:00","25.20","121.80",,,"1","4","0","0","5","1","1","1","0","60","1","80",,"98","0","2","10105","7","10","0","260","0","245",,"238",,,"6","4","5","4","A","A",,"2","1","22","3","2","226","51","992","114","5","1","2","1","F11111","111111111A1111",,,"1","2",,,,,,,,,,,"4",
"VRLZ4","2016-09-24T18:00:00","26.70","122.10",,,"1","4","0","0","1","4",,"1","0","360","4","67",,"98","2","1","10077","6","25","0","280","0","260",,"253","1","308","4","2","1","4","7","0",,"3","3","5","4","3","226","62","992","114","5","0",,"1","111111","11111111111111",,,"1","1",,,,,,,,,,,"4",
"2IWZ7","2016-09-24T19:00:00","25.20","122.20",,,"1","4","0","0","6","3","1","1","0","40","4","103",,"98","3","1","10114","3","1","0","265","0","250",,"245","1","300",,,,"A",,,,"3","5","4","2","4","226","52","992","114","5","1","2","1","111111","11111111118111",,,"1","1",,,,,,,,,,,"4",
"3200560","2016-09-24T19:00:00","20.79","124.62",,,"1","4","2","5",,,,"11",,,,,,,,,,,,"8",,,,,,"9","294",,,,,,,,,,,,,"226","4","798","172","7","1","2","1","1FFFFF","1AAAAAAAA1AAAA","4",,,,,,,,,,,,,,,
"4300531","2016-09-24T19:00:00","22.52","128.66",,,"1","4","2","5",,,,"11",,,,,,,,,,,,"8",,,,,,"9","291",,,,,,,,,,,,,"226","28","798","172","7","1","2","1","1FFFFF","1AAAAAAAA1AAAA","4",,,,,,,,,,,,,,,
"3200623","2016-09-24T19:15:00","24.98","129.82",,,"1","4","2","5",,,,"11",,,,,,,,,,,,"8",,,,,,"9","292",,,,,,,,,,,,,"226","49","798","172","7","1","2","1","1FFFFF","1AAAAAAAA1AAAA","4",,,,,,,,,,,,,,,
"5100523","2016-09-24T19:15:00","24.33","124.19",,,"1","4","2","5",,,,"11",,,,,,,,,,,,"8",,,,,,"9","263",,,,,,,,,,,,,"226","44","798","172","7","1","2","1","1FFFFF","1AAAAAAAA1AAAA","4",,,,,,,,,,,,,,,
"3200623","2016-09-24T19:26:00","24.95","129.79",,,"1","4","2","5",,,,"11",,,,,,,,,,,,"8",,,,,,"9","292",,,,,,,,,,,,,"226","49","798","172","7","1","2","1","1FFFFF","1AAAAAAAA1AAAA","4",,,,,,,,,,,,,,,
"4300531","2016-09-24T19:27:00","22.51","128.63",,,"1","4","2","5",,,,"11",,,,,,,,,,,,"8",,,,,,"9","290",,,,,,,,,,,,,"226","28","798","172","7","1","2","1","1FFFFF","1AAAAAAAA1AAAA","4",,,,,,,,,,,,,,,
"5100523","2016-09-24T19:27:00","24.33","124.19",,,"1","4","2","5",,,,"11",,,,,,,,,,,,"8",,,,,,"9","262",,,,,,,,,,,,,"226","44","798","172","7","0",,"1","1FFFFF","1AAAAAAAA1AAAA","4",,,,,,,,,,,,,,,
"3200560","2016-09-24T19:28:00","20.79","124.63",,,"1","4","2","5",,,,"11",,,,,,,,,,,,"8",,,,,,"9","294",,,,,,,,,,,,,"226","4","798","172","7","1","2","1","1FFFFF","1AAAAAAAA1AAAA","4",,,,,,,,,,,,,,,
"5100523","2016-09-24T19:30:00","24.33","124.19",,,"1","4","2","5",,,,"11",,,,,,,,,,,,"8",,,,,,"9","262",,,,,,,,,,,,,"226","44","798","172","7","1","2","1","1FFFFF","1AAAAAAAA1AAAA","4",,,,,,,,,,,,,,,
"3200623","2016-09-24T19:31:00","24.95","129.79",,,"1","4","2","5",,,,"11",,,,,,,,,,,,"8",,,,,,"9","292",,,,,,,,,,,,,"226","49","798","172","7","1","2","1","1FFFFF","1AAAAAAAA1AAAA","4",,,,,,,,,,,,,,,
"3200560","2016-09-24T20:00:00","20.79","124.63",,,"1","4","2","5",,,,"11",,,,,,,,,,,,"8",,,,,,"9","294",,,,,,,,,,,,,"226","4","798","172","7","1","2","1","1FFFFF","1AAAAAAAA1AAAA","4",,,,,,,,,,,,,,,
"4300531","2016-09-24T20:00:00","22.51","128.63",,,"1","4","2","5",,,,"11",,,,,,,,,,,,"8",,,,,,"9","290",,,,,,,,,,,,,"226","28","798","172","7","1","2","1","1FFFFF","1AAAAAAAA1AAAA","4",,,,,,,,,,,,,,,
"3200623","2016-09-24T20:06:00","24.95","129.79",,,"1","4","2","5",,,,"11",,,,,,,,,,,,"8",,,,,,"9","292",,,,,,,,,,,,,"226","49","798","172","7","1","2","1","1FFFFF","1AAAAAAAA1AAAA","4",,,,,,,,,,,,,,,
"3200623","2016-09-24T20:14:00","24.95","129.79",,,"1","4","2","5",,,,"11",,,,,,,,,,,,"8",,,,,,"9","292",,,,,,,,,,,,,"226","49","798","172","7","1","2","1","1FFFFF","1AAAAAAAA1AAAA","4",,,,,,,,,,,,,,,
"3200623","2016-09-24T20:15:00","24.95","129.78",,,"1","4","2","5",,,,"11",,,,,,,,,,,,"8",,,,,,"9","292",,,,,,,,,,,,,"226","49","798","172","7","0",,"1","1FFFFF","1AAAAAAAA1AAAA","4",,,,,,,,,,,,,,,
"3200623","2016-09-24T20:19:00","24.95","129.78",,,"1","4","2","5",,,,"11",,,,,,,,,,,,"8",,,,,,"9","292",,,,,,,,,,,,,"226","49","798","172","7","1","2","1","1FFFFF","1AAAAAAAA1AAAA","4",,,,,,,,,,,,,,,
"5100523","2016-09-24T20:45:00","24.33","124.19",,,"1","4","2","5",,,,"11",,,,,,,,,,,,"8",,,,,,"9","257",,,,,,,,,,,,,"226","44","798","172","7","1","2","1","1FFFFF","1AAAAAAAA1AAAA","4",,,,,,,,,,,,,,,
"3200560","2016-09-24T20:53:00","20.79","124.65",,,"1","4","2","5",,,,"11",,,,,,,,,,,,"8",,,,,,"9","294",,,,,,,,,,,,,"226","4","798","172","7","0",,"1","1FFFFF","1AAAAAAAA1AAAA","4",,,,,,,,,,,,,,,
"4300531","2016-09-24T20:53:00","22.52","128.59",,,"1","4","2","5",,,,"11",,,,,,,,,,,,"8",,,,,,"9","290",,,,,,,,,,,,,"226","28","798","172","7","0",,"1","1FFFFF","1AAAAAAAA1AAAA","4",,,,,,,,,,,,,,,
"5100523","2016-09-24T20:53:00","24.33","124.19",,,"1","4","2","5",,,,"11",,,,,,,,,,,,"8",,,,,,"9","259",,,,,,,,,,,,,"226","44","798","172","7","1","2","1","1FFFFF","1AAAAAAAA1AAAA","4",,,,,,,,,,,,,,,
"3200623","2016-09-24T20:54:00","24.93","129.78",,,"1","4","2","5",,,,"11",,,,,,,,,,,,"8",,,,,,"9","292",,,,,,,,,,,,,"226","49","798","172","7","0",,"1","1FFFFF","1AAAAAAAA1AAAA","4",,,,,,,,,,,,,,,
"3200623","2016-09-24T20:58:00","24.93","129.78",,,"1","4","2","5",,,,"11",,,,,,,,,,,,"8",,,,,,"9","292",,,,,,,,,,,,,"226","49","798","172","7","1","2","1","1FFFFF","1AAAAAAAA1AAAA","4",,,,,,,,,,,,,,,
"3200560","2016-09-24T21:00:00","20.79","124.65",,,"1","4","2","5",,,,"11",,,,,,,,,,,,"8",,,,,,"9","294",,,,,,,,,,,,,"226","4","798","172","7","1","2","1","1FFFFF","1AAAAAAAA1AAAA","4",,,,,,,,,,,,,,,
"4300531","2016-09-24T21:00:00","22.52","128.59",,,"1","4","2","5",,,,"11",,,,,,,,,,,,"8",,,,,,"9","290",,,,,,,,,,,,,"226","28","798","172","7","1","2","1","1FFFFF","1AAAAAAAA1AAAA","4",,,,,,,,,,,,,,,
"5100523","2016-09-24T21:30:00","24.33","124.19",,,"1","4","2","5",,,,"11",,,,,,,,,,,,"8",,,,,,"9","259",,,,,,,,,,,,,"226","44","798","172","7","1","2","1","1FFFFF","1AAAAAAAA1AAAA","4",,,,,,,,,,,,,,,
"3200623","2016-09-24T21:41:00","24.93","129.78",,,"1","4","2","5",,,,"11",,,,,,,,,,,,"8",,,,,,"9","292",,,,,,,,,,,,,"226","49","798","172","7","1","2","2","1FFFFF","1AAAAAAAA1AAAA","4",,,,,,,,,,,,,,,
"3200623","2016-09-24T21:42:00","24.92","129.77",,,"1","4","2","5",,,,"11",,,,,,,,,,,,"8",,,,,,"9","292",,,,,,,,,,,,,"226","49","798","172","7","0",,"2","1FFFFF","1AAAAAAAA1AAAA","4",,,,,,,,,,,,,,,
"5100523","2016-09-24T21:42:00","24.33","124.19",,,"1","4","2","5",,,,"11",,,,,,,,,,,,"8",,,,,,"9","260",,,,,,,,,,,,,"226","44","798","172","7","0",,"2","1FFFFF","1AAAAAAAA1AAAA","4",,,,,,,,,,,,,,,
"5100523","2016-09-24T21:45:00","24.33","124.19",,,"1","4","2","5",,,,"11",,,,,,,,,,,,"8",,,,,,"9","260",,,,,,,,,,,,,"226","44","798","172","7","1","2","2","1FFFFF","1AAAAAAAA1AAAA","4",,,,,,,,,,,,,,,
"3200623","2016-09-24T21:46:00","24.92","129.77",,,"1","4","2","5",,,,"11",,,,,,,,,,,,"8",,,,,,"9","292",,,,,,,,,,,,,"226","49","798","172","7","1","2","2","1FFFFF","1AAAAAAAA1AAAA","4",,,,,,,,,,,,,,,
"3200623","2016-09-24T21:54:00","24.92","129.77",,,"1","4","2","5",,,,"11",,,,,,,,,,,,"8",,,,,,"9","292",,,,,,,,,,,,,"226","49","798","172","7","1","2","2","1FFFFF","1AAAAAAAA1AAAA","4",,,,,,,,,,,,,,,
"3200623","2016-09-24T21:55:00","24.92","129.77",,,"1","4","2","5",,,,"11",,,,,,,,,,,,"8",,,,,,"9","292",,,,,,,,,,,,,"226","49","798","172","7","1","2","2","1FFFFF","1AAAAAAAA1AAAA","4",,,,,,,,,,,,,,,
"3200560","2016-09-24T21:56:00","20.79","124.66",,,"1","4","2","5",,,,"11",,,,,,,,,,,,"8",,,,,,"9","294",,,,,,,,,,,,,"226","4","798","172","7","0",,"2","1FFFFF","1AAAAAAAA1AAAA","4",,,,,,,,,,,,,,,
"4300531","2016-09-24T21:56:00","22.53","128.57",,,"1","4","2","5",,,,"11",,,,,,,,,,,,"8",,,,,,"9","291",,,,,,,,,,,,,"226","28","798","172","7","1","2","2","1FFFFF","1AAAAAAAA1AAAA","4",,,,,,,,,,,,,,,
"5100523","2016-09-24T21:56:00","24.33","124.19",,,"1","4","2","5",,,,"11",,,,,,,,,,,,"8",,,,,,"9","316",,,,,,,,,,,,,"226","44","798","172","7","1","2","2","3FFFFF","1AAAAAAAA1AAAA","4",,,,,,,,,,,,,,,
"3200560","2016-09-24T22:00:00","20.79","124.66",,,"1","4","2","5",,,,"11",,,,,,,,,,,,"8",,,,,,"9","294",,,,,,,,,,,,,"226","4","798","172","7","1","2","2","1FFFFF","1AAAAAAAA1AAAA","4",,,,,,,,,,,,,,,
"4300531","2016-09-24T22:00:00","22.53","128.57",,,"1","4","2","5",,,,"11",,,,,,,,,,,,"8",,,,,,"9","291",,,,,,,,,,,,,"226","28","798","172","7","1","2","2","1FFFFF","1AAAAAAAA1AAAA","4",,,,,,,,,,,,,,,
"5100523","2016-09-24T22:00:00","24.33","124.19",,,"1","4","2","5",,,,"11",,,,,,,,,,,,"8",,,,,,"9","260",,,,,,,,,,,,,"226","44","798","172","7","1","2","2","1FFFFF","1AAAAAAAA1AAAA","4",,,,,,,,,,,,,,,
"5100523","2016-09-24T22:15:00","24.33","124.19",,,"1","4","2","5",,,,"11",,,,,,,,,,,,"8",,,,,,"9","262",,,,,,,,,,,,,"226","44","798","172","7","1","2","2","1FFFFF","1AAAAAAAA1AAAA","4",,,,,,,,,,,,,,,
"5100523","2016-09-24T22:30:00","24.33","124.19",,,"1","4","2","5",,,,"11",,,,,,,,,,,,"8",,,,,,"9","265",,,,,,,,,,,,,"226","44","798","172","7","1","2","2","1FFFFF","1AAAAAAAA1AAAA","4",,,,,,,,,,,,,,,
"3200560","2016-09-24T22:33:00","20.79","124.66",,,"1","4","2","5",,,,"11",,,,,,,,,,,,"8",,,,,,"9","294",,,,,,,,,,,,,"226","4","798","172","7","1","2","2","1FFFFF","1AAAAAAAA1AAAA","4",,,,,,,,,,,,,,,
"3200623","2016-09-24T22:35:00","24.92","129.77",,,"1","4","2","5",,,,"11",,,,,,,,,,,,"8",,,,,,"9","292",,,,,,,,,,,,,"226","49","798","172","7","1","2","2","1FFFFF","1AAAAAAAA1AAAA","4",,,,,,,,,,,,,,,
"3200560","2016-09-24T23:00:00","20.79","124.66",,,"1","4","2","5",,,,"11",,,,,,,,,,,,"8",,,,,,"9","294",,,,,,,,,,,,,"226","4","798","172","7","0",,"2","1FFFFF","1AAAAAAAA1AAAA","4",,,,,,,,,,,,,,,
"4300531","2016-09-24T23:00:00","22.53","128.57",,,"1","4","2","5",,,,"11",,,,,,,,,,,,"8",,,,,,"9","291",,,,,,,,,,,,,"226","28","798","172","7","0",,"2","1FFFFF","1AAAAAAAA1AAAA","4",,,,,,,,,,,,,,,
"3200623","2016-09-24T23:39:00","24.92","129.77",,,"1","4","2","5",,,,"11",,,,,,,,,,,,"8",,,,,,"9","292",,,,,,,,,,,,,"226","49","798","172","7","1","2","2","1FFFFF","1AAAAAAAA1AAAA","4",,,,,,,,,,,,,,,
"S6LT6","2016-09-25T00:00:00","29.10","122.50",,,"1","4","0","0","3","3",,"1","0","10","4","46",,"98","1","0","10140","0",,"0","240","0","220",,"210","1","250","2","2","0","5","4","5",,"0","0","32","2","1","226","92","992","114","5","1","2","2","111111","11111111111117",,,"1","0",,,,,,,,,,,"4",
"5100523","2016-09-25T00:15:00","24.33","124.19",,,"1","4","2","5",,,,"11",,,,,,,,,,,,"8",,,,,,"9","299",,,,,,,,,,,,,"226","44","798","172","7","0",,"2","1FFFFF","1AAAAAAAA1AAAA","4",,,,,,,,,,,,,,,
"3200623","2016-09-25T00:27:00","24.92","129.77",,,"1","4","2","5",,,,"11",,,,,,,,,,,,"8",,,,,,"9","292",,,,,,,,,,,,,"226","49","798","172","7","0",,"2","1FFFFF","1AAAAAAAA1AAAA","4",,,,,,,,,,,,,,,
"5100523","2016-09-25T00:30:00","24.33","124.19",,,"1","4","2","5",,,,"11",,,,,,,,,,,,"8",,,,,,"9","308",,,,,,,,,,,,,"226","44","798","172","7","1","2","2","1FFFFF","1AAAAAAAA1AAAA","4",,,,,,,,,,,,,,,
"3200560","2016-09-25T01:00:00","20.79","124.66",,,"1","4","2","5",,,,"11",,,,,,,,,,,,"8",,,,,,"9","293",,,,,,,,,,,,,"226","4","798","172","7","1","2","2","1FFFFF","1AAAAAAAA1AAAA","4",,,,,,,,,,,,,,,
"4300531","2016-09-25T01:00:00","22.53","128.57",,,"1","4","2","5",,,,"11",,,,,,,,,,,,"8",,,,,,"9","290",,,,,,,,,,,,,"226","28","798","172","7","1","2","2","1FFFFF","1AAAAAAAA1AAAA","4",,,,,,,,,,,,,,,
"3200560","2016-09-25T01:19:00","20.79","124.68",,,"1","4","2","5",,,,"11",,,,,,,,,,,,"8",,,,,,"9","294",,,,,,,,,,,,,"226","4","798","172","7","0",,"2","1FFFFF","1AAAAAAAA1AAAA","4",,,,,,,,,,,,,,,
"4300531","2016-09-25T01:19:00","22.55","128.52",,,"1","4","2","5",,,,"11",,,,,,,,,,,,"8",,,,,,"9","291",,,,,,,,,,,,,"226","28","798","172","7","0",,"2","1FFFFF","1AAAAAAAA1AAAA","4",,,,,,,,,,,,,,,
"3200623","2016-09-25T01:21:00","24.92","129.77",,,"1","4","2","5",,,,"11",,,,,,,,,,,,"8",,,,,,"9","292",,,,,,,,,,,,,"226","49","798","172","7","1","2","2","1FFFFF","1AAAAAAAA1AAAA","4",,,,,,,,,,,,,,,
"4300531","2016-09-25T02:00:00","22.55","128.52",,,"1","4","2","5",,,,"11",,,,,,,,,,,,"8",,,,,,"9","291",,,,,,,,,,,,,"226","28","798","172","7","1","2","2","1FFFFF","1AAAAAAAA1AAAA","4",,,,,,,,,,,,,,,
"5100523","2016-09-25T02:00:00","24.33","124.19",,,"1","4","2","5",,,,"11",,,,,,,,,,,,"8",,,,,,"9","300",,,,,,,,,,,,,"226","44","798","172","7","1","2","2","1FFFFF","1AAAAAAAA1AAAA","4",,,,,,,,,,,,,,,
"3200560","2016-09-25T03:00:00","20.79","124.68",,,"1","4","2","5",,,,"11",,,,,,,,,,,,"8",,,,,,"9","294",,,,,,,,,,,,,"226","4","798","172","7","1","2","2","1FFFFF","1AAAAAAAA1AAAA","4",,,,,,,,,,,,,,,
"4300531","2016-09-25T03:00:00","22.55","128.52",,,"1","4","2","5",,,,"11",,,,,,,,,,,,"8",,,,,,"9","291",,,,,,,,,,,,,"226","28","798","172","7","1","2","2","1FFFFF","1AAAAAAAA1AAAA","4",,,,,,,,,,,,,,,
"3200560","2016-09-25T04:00:00","20.79","124.68",,,"1","4","2","5",,,,"11",,,,,,,,,,,,"8",,,,,,"9","294",,,,,,,,,,,,,"226","4","798","172","7","1","2","2","1FFFFF","1AAAAAAAA1AAAA","4",,,,,,,,,,,,,,,
"4300531","2016-09-25T04:00:00","22.57","128.46",,,"1","4","2","5",,,,"11",,,,,,,,,,,,"8",,,,,,"9","291",,,,,,,,,,,,,"226","28","798","172","7","1","2","2","1FFFFF","1AAAAAAAA1AAAA","4",,,,,,,,,,,,,,,
"3200560","2016-09-25T05:00:00","20.79","124.68",,,"1","4","2","5",,,,"11",,,,,,,,,,,,"8",,,,,,"9","294",,,,,,,,,,,,,"226","4","798","172","7","1","2","2","1FFFFF","1AAAAAAAA1AAAA","4",,,,,,,,,,,,,,,
"4300531","2016-09-25T05:00:00","22.57","128.46",,,"1","4","2","5",,,,"11",,,,,,,,,,,,"8",,,,,,"9","290",,,,,,,,,,,,,"226","28","798","172","7","1","2","2","1FFFFF","1AAAAAAAA1AAAA","4",,,,,,,,,,,,,,,
"5100523","2016-09-25T05:00:00","24.33","124.19",,,"1","4","2","5",,,,"11",,,,,,,,,,,,"8",,,,,,"9","316",,,,,,,,,,,,,"226","44","798","172","7","1","2","2","3FFFFF","1AAAAAAAA1AAAA","4",,,,,,,,,,,,,,,
"3200623","2016-09-25T05:04:00","24.80","129.67",,,"1","4","2","5",,,,"11",,,,,,,,,,,,"8",,,,,,"9","292",,,,,,,,,,,,,"226","49","798","172","7","1","2","2","1FFFFF","1AAAAAAAA1AAAA","4",,,,,,,,,,,,,,,
"4300531","2016-09-25T05:04:00","22.57","128.46",,,"1","4","2","5",,,,"11",,,,,,,,,,,,"8",,,,,,"9","291",,,,,,,,,,,,,"226","28","798","172","7","1","2","2","1FFFFF","1AAAAAAAA1AAAA","4",,,,,,,,,,,,,,,
"3200623","2016-09-25T05:06:00","24.80","129.67",,,"1","4","2","5",,,,"11",,,,,,,,,,,,"8",,,,,,"9","291",,,,,,,,,,,,,"226","49","798","172","7","1","2","2","1FFFFF","1AAAAAAAA1AAAA","4",,,,,,,,,,,,,,,
"3200623","2016-09-25T05:10:00","24.80","129.67",,,"1","4","2","5",,,,"11",,,,,,,,,,,,"8",,,,,,"9","292",,,,,,,,,,,,,"226","49","798","172","7","1","2","2","1FFFFF","1AAAAAAAA1AAAA","4",,,,,,,,,,,,,,,
"3200560","2016-09-25T06:00:00","20.79","124.68",,,"1","4","2","5",,,,"11",,,,,,,,,,,,"8",,,,,,"9","294",,,,,,,,,,,,,"226","4","798","172","7","1","2","2","1FFFFF","1AAAAAAAA1AAAA","4",,,,,,,,,,,,,,,
"4300531","2016-09-25T06:00:00","22.57","128.46",,,"1","4","2","5",,,,"11",,,,,,,,,,,,"8",,,,,,"9","291",,,,,,,,,,,,,"226","28","798","172","7","1","2","2","1FFFFF","1AAAAAAAA1AAAA","4",,,,,,,,,,,,,,,
"A8ZE4","2016-09-25T06:00:00","25.50","120.30",,,"1","4","0","0","1","3",,"1","0","50","4","123",,"97","2","2","10075","7","16","0","272","0","240",,"227","3","281","5","3","4","5","4","5",,"8","6","7","9","3","226","50","992","114","5","1","2","2","111111","11111111111111",,,"1","2",,,,,,,,,,,"4",
"VRLZ3","2016-09-25T06:00:00","26.20","121.00",,,"1","4","0","0","1","3",,"1","0","230","4","51",,"97","2","2","10038","8","10","0","310","0","280",,"271","3","300","6","6","2","1","1","4",,"3","2",,,,"226","61","992","114","5","0",,"2","111111","111111111111A1",,,"1","2",,,,,,,,,,,"4",
"VRLZ4","2016-09-25T06:00:00","29.30","124.50",,,"1","4","0","0","1","4",,"1","0","40","4","62",,"98","25","1","10058","8","15","0","300",,,,"260","1","315","5","3","2","4","6","0",,"3","2","4","4","3","226","94","992","114","5","0",,"2","311111","1111111A111111",,,"1","1","8","6","5",,,,,,,,"4",
"5100523","2016-09-25T06:30:00","24.33","124.19",,,"1","4","2","5",,,,"11",,,,,,,,,,,,"8",,,,,,"9","312",,,,,,,,,,,,,"226","44","798","172","7","1","2","2","3FFFFF","1AAAAAAAA1AAAA","4",,,,,,,,,,,,,,,
"3200560","2016-09-25T06:41:00","20.75","124.70",,,"1","4","2","5",,,,"11",,,,,,,,,,,,"8",,,,,,"9","294",,,,,,,,,,,,,"226","4","798","172","7","1","2","2","1FFFFF","1AAAAAAAA1AAAA","4",,,,,,,,,,,,,,,
"3200623","2016-09-25T06:42:00","24.78","129.64",,,"1","4","2","5",,,,"11",,,,,,,,,,,,"8",,,,,,"9","292",,,,,,,,,,,,,"226","49","798","172","7","0",,"2","1FFFFF","1AAAAAAAA1AAAA","4",,,,,,,,,,,,,,,
"4300531","2016-09-25T06:42:00","22.58","128.43",,,"1","4","2","5",,,,"11",,,,,,,,,,,,"8",,,,,,"9","291",,,,,,,,,,,,,"226","28","798","172","7","0",,"2","1FFFFF","1AAAAAAAA1AAAA","4",,,,,,,,,,,,,,,
"3200623","2016-09-25T06:50:00","24.78","129.64",,,"1","4","2","5",,,,"11",,,,,,,,,,,,"8",,,,,,"9","292",,,,,,,,,,,,,"226","49","798","172","7","1","2","2","1FFFFF","1AAAAAAAA1AAAA","4",,,,,,,,,,,,,,,
"3200560","2016-09-25T07:00:00","20.75","124.70",,,"1","4","2","5",,,,"11",,,,,,,,,,,,"8",,,,,,"9","294",,,,,,,,,,,,,"226","4","798","172","7","1","2","2","1FFFFF","1AAAAAAAA1AAAA","4",,,,,,,,,,,,,,,
"4300531","2016-09-25T07:00:00","22.58","128.43",,,"1","4","2","5",,,,"11",,,,,,,,,,,,"8",,,,,,"9","291",,,,,,,,,,,,,"226","28","798","172","7","1","2","2","1FFFFF","1AAAAAAAA1AAAA","4",,,,,,,,,,,,,,,
"3200623","2016-09-25T07:34:00","24.78","129.64",,,"1","4","2","5",,,,"11",,,,,,,,,,,,"8",,,,,,"9","292",,,,,,,,,,,,,"226","49","798","172","7","1","2","2","1FFFFF","1AAAAAAAA1AAAA","4",,,,,,,,,,,,,,,
"3200560","2016-09-25T08:00:00","20.75","124.70",,,"1","4","2","5",,,,"11",,,,,,,,,,,,"8",,,,,,"9","293",,,,,,,,,,,,,"226","4","798","172","7","1","2","2","1FFFFF","1AAAAAAAA1AAAA","4",,,,,,,,,,,,,,,
"4300531","2016-09-25T08:00:00","22.58","128.43",,,"1","4","2","5",,,,"11",,,,,,,,,,,,"8",,,,,,"9","291",,,,,,,,,,,,,"226","28","798","172","7","1","2","2","1FFFFF","1AAAAAAAA1AAAA","4",,,,,,,,,,,,,,,
"5100523","2016-09-25T08:45:00","24.33","124.19",,,"1","4","2","5",,,,"11",,,,,,,,,,,,"8",,,,,,"9","297",,,,,,,,,,,,,"226","44","798","172","7","1","2","2","1FFFFF","1AAAAAAAA1AAAA","4",,,,,,,,,,,,,,,
"3200623","2016-09-25T08:49:00","24.76","129.62",,,"1","4","2","5",,,,"11",,,,,,,,,,,,"8",,,,,,"9","292",,,,,,,,,,,,,"226","49","798","172","7","0",,"2","1FFFFF","1AAAAAAAA1AAAA","4",,,,,,,,,,,,,,,
"3200560","2016-09-25T08:50:00","20.74","124.71",,,"1","4","2","5",,,,"11",,,,,,,,,,,,"8",,,,,,"9","293",,,,,,,,,,,,,"226","4","798","172","7","0",,"2","1FFFFF","1AAAAAAAA1AAAA","4",,,,,,,,,,,,,,,
"4300531","2016-09-25T08:51:00","22.58","128.38",,,"1","4","2","5",,,,"11",,,,,,,,,,,,"8",,,,,,"9","291",,,,,,,,,,,,,"226","28","798","172","7","0",,"2","1FFFFF","1AAAAAAAA1AAAA","4",,,,,,,,,,,,,,,
"3200623","2016-09-25T08:52:00","24.78","129.64",,,"1","4","2","5",,,,"11",,,,,,,,,,,,"8",,,,,,"9","292",,,,,,,,,,,,,"226","49","798","172","7","1","2","2","1FFFFF","1AAAAAAAA1AAAA","4",,,,,,,,,,,,,,,
"3200560","2016-09-25T09:00:00","20.74","124.71",,,"1","4","2","5",,,,"11",,,,,,,,,,,,"8",,,,,,"9","293",,,,,,,,,,,,,"226","4","798","172","7","1","2","2","1FFFFF","1AAAAAAAA1AAAA","4",,,,,,,,,,,,,,,
"4300531","2016-09-25T09:00:00","22.58","128.38",,,"1","4","2","5",,,,"11",,,,,,,,,,,,"8",,,,,,"9","291",,,,,,,,,,,,,"226","28","798","172","7","1","2","2","1FFFFF","1AAAAAAAA1AAAA","4",,,,,,,,,,,,,,,
"3200623","2016-09-25T09:01:00","24.76","129.62",,,"1","4","2","5",,,,"11",,,,,,,,,,,,"8",,,,,,"9","292",,,,,,,,,,,,,"226","49","798","172","7","1","2","2","1FFFFF","1AAAAAAAA1AAAA","4",,,,,,,,,,,,,,,
"3200623","2016-09-25T09:11:00","24.76","129.60",,,"1","4","2","5",,,,"11",,,,,,,,,,,,"8",,,,,,"9","292",,,,,,,,,,,,,"226","49","798","172","7","1","2","2","1FFFFF","1AAAAAAAA1AAAA","4",,,,,,,,,,,,,,,
"3200623","2016-09-25T09:12:00","24.76","129.60",,,"1","4","2","5",,,,"11",,,,,,,,,,,,"8",,,,,,"9","292",,,,,,,,,,,,,"226","49","798","172","7","0",,"2","1FFFFF","1AAAAAAAA1AAAA","4",,,,,,,,,,,,,,,
"4300531","2016-09-25T09:12:00","22.58","128.37",,,"1","4","2","5",,,,"11",,,,,,,,,,,,"8",,,,,,"9","290",,,,,,,,,,,,,"226","28","798","172","7","0",,"2","1FFFFF","1AAAAAAAA1AAAA","4",,,,,,,,,,,,,,,
"3200560","2016-09-25T09:14:00","20.74","124.72",,,"1","4","2","5",,,,"11",,,,,,,,,,,,"8",,,,,,"9","293",,,,,,,,,,,,,"226","4","798","172","7","0",,"2","1FFFFF","1AAAAAAAA1AAAA","4",,,,,,,,,,,,,,,
"3200623","2016-09-25T09:14:00","24.76","129.60",,,"1","4","2","5",,,,"11",,,,,,,,,,,,"8",,,,,,"9","292",,,,,,,,,,,,,"226","49","798","172","7","1","2","2","1FFFFF","1AAAAAAAA1AAAA","4",,,,,,,,,,,,,,,
"5100523","2016-09-25T09:15:00","24.33","124.19",,,"1","4","2","5",,,,"11",,,,,,,,,,,,"8",,,,,,"9","296",,,,,,,,,,,,,"226","44","798","172","7","1","2","2","1FFFFF","1AAAAAAAA1AAAA","4",,,,,,,,,,,,,,,
"3200623","2016-09-25T09:17:00","24.76","129.60",,,"1","4","2","5",,,,"11",,,,,,,,,,,,"8",,,,,,"9","292",,,,,,,,,,,,,"226","49","798","172","7","1","2","2","1FFFFF","1AAAAAAAA1AAAA","4",,,,,,,,,,,,,,,
"3200623","2016-09-25T09:19:00","24.76","129.60",,,"1","4","2","5",,,,"11",,,,,,,,,,,,"8",,,,,,"9","292",,,,,,,,,,,,,"226","49","798","172","7","1","2","2","1FFFFF","1AAAAAAAA1AAAA","4",,,,,,,,,,,,,,,
"3200560","2016-09-25T10:00:00","20.74","124.72",,,"1","4","2","5",,,,"11",,,,,,,,,,,,"8",,,,,,"9","293",,,,,,,,,,,,,"226","4","798","172","7","1","2","1","1FFFFF","1AAAAAAAA1AAAA","4",,,,,,,,,,,,,,,
"4300531","2016-09-25T10:00:00","22.58","128.37",,,"1","4","2","5",,,,"11",,,,,,,,,,,,"8",,,,,,"9","290",,,,,,,,,,,,,"226","28","798","172","7","1","2","1","1FFFFF","1AAAAAAAA1AAAA","4",,,,,,,,,,,,,,,
"5100523","2016-09-25T10:30:00","24.33","124.19",,,"1","4","2","5",,,,"11",,,,,,,,,,,,"8",,,,,,"9","288",,,,,,,,,,,,,"226","44","798","172","7","1","2","1","1FFFFF","1AAAAAAAA1AAAA","4",,,,,,,,,,,,,,,
"3200623","2016-09-25T10:36:00","24.76","129.60",,,"1","4","2","5",,,,"11",,,,,,,,,,,,"8",,,,,,"9","292",,,,,,,,,,,,,"226","49","798","172","7","1","2","1","1FFFFF","1AAAAAAAA1AAAA","4",,,,,,,,,,,,,,,
"3200623","2016-09-25T10:50:00","24.73","129.59",,,"1","4","2","5",,,,"11",,,,,,,,,,,,"8",,,,,,"9","292",,,,,,,,,,,,,"226","49","798","172","7","0",,"1","1FFFFF","1AAAAAAAA1AAAA","4",,,,,,,,,,,,,,,
"3200623","2016-09-25T10:51:00","24.76","129.60",,,"1","4","2","5",,,,"11",,,,,,,,,,,,"8",,,,,,"9","292",,,,,,,,,,,,,"226","49","798","172","7","1","2","1","1FFFFF","1AAAAAAAA1AAAA","4",,,,,,,,,,,,,,,
"3200623","2016-09-25T10:57:00","24.76","129.60",,,"1","4","2","5",,,,"11",,,,,,,,,,,,"8",,,,,,"9","292",,,,,,,,,,,,,"226","49","798","172","7","1","2","1","1FFFFF","1AAAAAAAA1AAAA","4",,,,,,,,,,,,,,,
"3200623","2016-09-25T11:40:00","24.73","129.59",,,"1","4","2","5",,,,"11",,,,,,,,,,,,"8",,,,,,"9","292",,,,,,,,,,,,,"226","49","798","172","7","1","2","1","1FFFFF","1AAAAAAAA1AAAA","4",,,,,,,,,,,,,,,
"3200560","2016-09-25T12:00:00","20.70","124.71",,,"1","4","2","5",,,,"11",,,,,,,,,,,,"8",,,,,,"9","293",,,,,,,,,,,,,"226","4","798","172","7","1","2","1","1FFFFF","1AAAAAAAA1AAAA","4",,,,,,,,,,,,,,,
"A8KY7","2016-09-25T12:00:00","29.70","122.40",,,"1","4","0","0","0","0",,"1","0","90","4","57",,"97","1","0","10130","5","0","0","243",,,,"222","3","220","0","0","0","9","0","0",,"4","2","0",,,"226","92","992","114","5","1","2","1","211111","1111111A111131",,,"1","0","0",,,,,,,,,,"4",
"S6LT6","2016-09-25T12:00:00","26.50","121.00",,,"1","4","0","0","5","3",,"1","0","50","4","87",,"98","1","1","10130",,,"0","250","0","240",,"235","1","270","2","1","1","4","0","3",,"1","1","21","1","1","226","61","992","114","5","1","2","1","111111","1111111111111A",,,"1","1",,,,,,,,,,,"4",
"5100523","2016-09-25T12:15:00","24.33","124.19",,,"1","4","2","5",,,,"11",,,,,,,,,,,,"8",,,,,,"9","283",,,,,,,,,,,,,"226","44","798","172","7","1","2","1","1FFFFF","1AAAAAAAA1AAAA","4",,,,,,,,,,,,,,,
"5100523","2016-09-25T12:30:00","24.33","124.19",,,"1","4","2","5",,,,"11",,,,,,,,,,,,"8",,,,,,"9","283",,,,,,,,,,,,,"226","44","798","172","7","1","2","1","1FFFFF","1AAAAAAAA1AAAA","4",,,,,,,,,,,,,,,
"3200560","2016-09-25T12:33:00","20.70","124.71",,,"1","4","2","5",,,,"11",,,,,,,,,,,,"8",,,,,,"9","293",,,,,,,,,,,,,"226","4","798","172","7","0",,"1","1FFFFF","1AAAAAAAA1AAAA","4",,,,,,,,,,,,,,,
"4300531","2016-09-25T12:34:00","22.57","128.27",,,"1","4","2","5",,,,"11",,,,,,,,,,,,"8",,,,,,"9","292",,,,,,,,,,,,,"226","28","798","172","7","1","2","1","1FFFFF","1AAAAAAAA1AAAA","4",,,,,,,,,,,,,,,
"3200623","2016-09-25T12:36:00","24.73","129.59",,,"1","4","2","5",,,,"11",,,,,,,,,,,,"8",,,,,,"9","292",,,,,,,,,,,,,"226","49","798","172","7","1","2","1","1FFFFF","1AAAAAAAA1AAAA","4",,,,,,,,,,,,,,,
"3200560","2016-09-25T14:00:00","20.70","124.71",,,"1","4","2","5",,,,"11",,,,,,,,,,,,"8",,,,,,"9","293",,,,,,,,,,,,,"226","4","798","172","7","1","2","1","1FFFFF","1AAAAAAAA1AAAA","4",,,,,,,,,,,,,,,
"4300531","2016-09-25T14:00:00","22.57","128.27",,,"1","4","2","5",,,,"11",,,,,,,,,,,,"8",,,,,,"9","292",,,,,,,,,,,,,"226","28","798","172","7","1","2","1","1FFFFF","1AAAAAAAA1AAAA","4",,,,,,,,,,,,,,,
"3200560","2016-09-25T14:12:00","20.67","124.69",,,"1","4","2","5",,,,"11",,,,,,,,,,,,"8",,,,,,"9","293",,,,,,,,,,,,,"226","4","798","172","7","1","2","1","1FFFFF","1AAAAAAAA1AAAA","4",,,,,,,,,,,,,,,
"3200560","2016-09-25T15:00:00","20.67","124.69",,,"1","4","2","5",,,,"11",,,,,,,,,,,,"8",,,,,,"9","293",,,,,,,,,,,,,"226","4","798","172","7","1","2","1","1FFFFF","1AAAAAAAA1AAAA","4",,,,,,,,,,,,,,,
"4300531","2016-09-25T15:00:00","22.57","128.27",,,"1","4","2","5",,,,"11",,,,,,,,,,,,"8",,,,,,"9","292",,,,,,,,,,,,,"226","28","798","172","7","1","2","1","1FFFFF","1AAAAAAAA1AAAA","4",,,,,,,,,,,,,,,
"3200560","2016-09-25T16:00:00","20.67","124.69",,,"1","4","2","5",,,,"11",,,,,,,,,,,,"8",,,,,,"9","292",,,,,,,,,,,,,"226","4","798","172","7","1","2","1","1FFFFF","1AAAAAAAA1AAAA","4",,,,,,,,,,,,,,,
"4300531","2016-09-25T16:00:00","22.59","128.09",,,"1","4","2","5",,,,"11",,,,,,,,,,,,"8",,,,,,"9","292",,,,,,,,,,,,,"226","28","798","172","7","1","2","1","1FFFFF","1AAAAAAAA1AAAA","4",,,,,,,,,,,,,,,
"3200560","2016-09-25T17:00:00","20.67","124.69",,,"1","4","2","5",,,,"11",,,,,,,,,,,,"8",,,,,,"9","292",,,,,,,,,,,,,"226","4","798","172","7","1","2","1","1FFFFF","1AAAAAAAA1AAAA","4",,,,,,,,,,,,,,,
"4300531","2016-09-25T17:00:00","22.59","128.09",,,"1","4","2","5",,,,"11",,,,,,,,,,,,"8",,,,,,"9","292",,,,,,,,,,,,,"226","28","798","172","7","1","2","1","1FFFFF","1AAAAAAAA1AAAA","4",,,,,,,,,,,,,,,
"5100523","2016-09-25T17:30:00","24.33","124.19",,,"1","4","2","5",,,,"11",,,,,,,,,,,,"8",,,,,,"9","280",,,,,,,,,,,,,"226","44","798","172","7","1","2","1","1FFFFF","1AAAAAAAA1AAAA","4",,,,,,,,,,,,,,,
"3200623","2016-09-25T17:34:00","24.66","129.48",,,"1","4","2","5",,,,"11",,,,,,,,,,,,"8",,,,,,"9","290",,,,,,,,,,,,,"226","49","798","172","7","0",,"1","1FFFFF","1AAAAAAAA1AAAA","4",,,,,,,,,,,,,,,
"3200623","2016-09-25T17:35:00","24.66","129.48",,,"1","4","2","5",,,,"11",,,,,,,,,,,,"8",,,,,,"9","290",,,,,,,,,,,,,"226","49","798","172","7","1","2","1","1FFFFF","1AAAAAAAA1AAAA","4",,,,,,,,,,,,,,,
"3200560","2016-09-25T17:36:00","20.64","124.67",,,"1","4","2","5",,,,"11",,,,,,,,,,,,"8",,,,,,"9","292",,,,,,,,,,,,,"226","4","798","172","7","0",,"1","1FFFFF","1AAAAAAAA1AAAA","4",,,,,,,,,,,,,,,
"4300531","2016-09-25T17:36:00","22.59","128.09",,,"1","4","2","5",,,,"11",,,,,,,,,,,,"8",,,,,,"9","292",,,,,,,,,,,,,"226","28","798","172","7","1","2","1","1FFFFF","1AAAAAAAA1AAAA","4",,,,,,,,,,,,,,,
"3200623","2016-09-25T17:41:00","24.66","129.48",,,"1","4","2","5",,,,"11",,,,,,,,,,,,"8",,,,,,"9","290",,,,,,,,,,,,,"226","49","798","172","7","1","2","1","1FFFFF","1AAAAAAAA1AAAA","4",,,,,,,,,,,,,,,
"2IWZ7","2016-09-25T18:00:00","26.80","124.70",,,"1","4","0","0","2","4","1","1","0","40","4","134",,"98","3","1","10081","8","2","0","270","0","260",,"257","1","280",,,,"A",,,,"99","1","7","14","6","226","64","992","114","5","1","2","1","111111","14111111118411",,,"1","1",,,,,,,,,,,"4",
"3200560","2016-09-25T18:00:00","20.64","124.67",,,"1","4","2","5",,,,"11",,,,,,,,,,,,"8",,,,,,"9","292",,,,,,,,,,,,,"226","4","798","172","7","0",,"1","1FFFFF","1AAAAAAAA1AAAA","4",,,,,,,,,,,,,,,
"4300531","2016-09-25T18:00:00","22.60","128.09",,,"1","4","2","5",,,,"11",,,,,,,,,,,,"8",,,,,,"9","292",,,,,,,,,,,,,"226","28","798","172","7","0",,"1","1FFFFF","1AAAAAAAA1AAAA","4",,,,,,,,,,,,,,,
"S6LT6","2016-09-25T18:00:00","25.30","120.00",,,"1","4","0","0","8","3",,"1","0","20","4","82",,,,"1","10105","8","25","0","245","0","235",,"230","1","260","5","5","4","5","A","A",,"2","2",,,,"226","50","992","114","5","1","2","1","111111","11AA11111111A1",,,"1","1",,,,,,,,,,,"4",
"JLPT","2016-09-25T18:17:00","28.89","129.58",,,"1","5","2","5","9",,,"1",,,,,,,,,,,,,,,,,,,,,,,,,,,,,,,,"226","89","798","172","5","0",,"1","FFFFFF","1AAAAAAAAAAAAA",,"5",,,,,,,,,,,,,,
"3200560","2016-09-25T19:00:00","20.62","124.66",,,"1","4","2","5",,,,"11",,,,,,,,,,,,"8",,,,,,"9","292",,,,,,,,,,,,,"226","4","798","172","7","0",,"1","1FFFFF","1AAAAAAAA1AAAA","4",,,,,,,,,,,,,,,
"4300531","2016-09-25T19:00:00","22.62","128.02",,,"1","4","2","5",,,,"11",,,,,,,,,,,,"8",,,,,,"9","292",,,,,,,,,,,,,"226","28","798","172","7","0",,"1","1FFFFF","1AAAAAAAA1AAAA","4",,,,,,,,,,,,,,,
"3200623","2016-09-25T19:15:00","24.65","129.44",,,"1","4","2","5",,,,"11",,,,,,,,,,,,"8",,,,,,"9","290",,,,,,,,,,,,,"226","49","798","172","7","1","2","1","1FFFFF","1AAAAAAAA1AAAA","4",,,,,,,,,,,,,,,
"5100523","2016-09-25T19:15:00","24.33","124.19",,,"1","4","2","5",,,,"11",,,,,,,,,,,,"8",,,,,,"9","277",,,,,,,,,,,,,"226","44","798","172","7","0",,"1","1FFFFF","1AAAAAAAA1AAAA","4",,,,,,,,,,,,,,,
"3200560","2016-09-25T19:16:00","20.62","124.66",,,"1","4","2","5",,,,"11",,,,,,,,,,,,"8",,,,,,"9","292",,,,,,,,,,,,,"226","4","798","172","7","0",,"1","1FFFFF","1AAAAAAAA1AAAA","4",,,,,,,,,,,,,,,
"4300531","2016-09-25T19:16:00","22.62","128.02",,,"1","4","2","5",,,,"11",,,,,,,,,,,,"8",,,,,,"9","292",,,,,,,,,,,,,"226","28","798","172","7","0",,"1","1FFFFF","1AAAAAAAA1AAAA","4",,,,,,,,,,,,,,,
"3200623","2016-09-25T19:18:00","24.65","129.44",,,"1","4","2","5",,,,"11",,,,,,,,,,,,"8",,,,,,"9","290",,,,,,,,,,,,,"226","49","798","172","7","0",,"1","1FFFFF","1AAAAAAAA1AAAA","4",,,,,,,,,,,,,,,
"3200560","2016-09-25T20:00:00","20.61","124.66",,,"1","4","2","5",,,,"11",,,,,,,,,,,,"8",,,,,,"9","293",,,,,,,,,,,,,"226","4","798","172","7","1","2","1","1FFFFF","1AAAAAAAA1AAAA","4",,,,,,,,,,,,,,,
"4300531","2016-09-25T20:00:00","22.61","127.99",,,"1","4","2","5",,,,"11",,,,,,,,,,,,"8",,,,,,"9","292",,,,,,,,,,,,,"226","27","798","172","7","1","2","1","1FFFFF","1AAAAAAAA1AAAA","4",,,,,,,,,,,,,,,
"3200623","2016-09-25T20:01:00","24.65","129.44",,,"1","3","2","5",,,,"11",,,,,,,,,,,,,,,,,,,,,,,,,,,,,,,,"226","49","798","172","7","1","2","1","FFFFFF","1AAAAAAAAAAAAA","4",,,,,,,,,,,,,,,
"3200560","2016-09-25T20:21:00","20.61","124.66",,,"1","4","2","5",,,,"11",,,,,,,,,,,,"8",,,,,,"9","293",,,,,,,,,,,,,"226","4","798","172","7","0",,"1","1FFFFF","1AAAAAAAA1AAAA","4",,,,,,,,,,,,,,,
"4300531","2016-09-25T20:22:00","22.61","127.99",,,"1","4","2","5",,,,"11",,,,,,,,,,,,"8",,,,,,"9","292",,,,,,,,,,,,,"226","27","798","172","7","0",,"1","1FFFFF","1AAAAAAAA1AAAA","4",,,,,,,,,,,,,,,
"3200623","2016-09-25T20:23:00","24.64","129.43",,,"1","4","2","5",,,,"11",,,,,,,,,,,,"8",,,,,,"9","290",,,,,,,,,,,,,"226","49","798","172","7","0",,"1","1FFFFF","1AAAAAAAA1AAAA","4",,,,,,,,,,,,,,,
"3200623","2016-09-25T20:25:00","24.64","129.43",,,"1","4","2","5",,,,"11",,,,,,,,,,,,"8",,,,,,"9","290",,,,,,,,,,,,,"226","49","798","172","7","1","2","1","1FFFFF","1AAAAAAAA1AAAA","4",,,,,,,,,,,,,,,
"JLPT","2016-09-25T20:49:00","29.35","129.97",,,"1","5","2","5","9",,,"1",,,,,,,,,,,,,,,,,,,,,,,,,,,,,,,,"226","99","798","172","5","0",,"1","FFFFFF","1AAAAAAAAAAAAA",,"5",,,,,,,,,,,,,,
"3200560","2016-09-25T21:00:00","20.60","124.66",,,"1","4","2","5",,,,"11",,,,,,,,,,,,"8",,,,,,"9","293",,,,,,,,,,,,,"226","4","798","172","7","1","2","1","1FFFFF","1AAAAAAAA1AAAA","4",,,,,,,,,,,,,,,
"4300531","2016-09-25T21:00:00","22.64","127.94",,,"1","4","2","5",,,,"11",,,,,,,,,,,,"8",,,,,,"9","291",,,,,,,,,,,,,"226","27","798","172","7","1","2","1","1FFFFF","1AAAAAAAA1AAAA","4",,,,,,,,,,,,,,,
"5100523","2016-09-25T21:15:00","24.33","124.19",,,"1","4","2","5",,,,"11",,,,,,,,,,,,"8",,,,,,"9","279",,,,,,,,,,,,,"226","44","798","172","7","1","2","1","1FFFFF","1AAAAAAAA1AAAA","4",,,,,,,,,,,,,,,
"3200623","2016-09-25T21:17:00","24.64","129.40",,,"1","4","2","5",,,,"11",,,,,,,,,,,,"8",,,,,,"9","290",,,,,,,,,,,,,"226","49","798","172","7","0",,"2","1FFFFF","1AAAAAAAA1AAAA","4",,,,,,,,,,,,,,,
"4300531","2016-09-25T21:18:00","22.64","127.94",,,"1","4","2","5",,,,"11",,,,,,,,,,,,"8",,,,,,"9","291",,,,,,,,,,,,,"226","27","798","172","7","0",,"1","1FFFFF","1AAAAAAAA1AAAA","4",,,,,,,,,,,,,,,
"3200560","2016-09-25T21:19:00","20.60","124.66",,,"1","4","2","5",,,,"11",,,,,,,,,,,,"8",,,,,,"9","293",,,,,,,,,,,,,"226","4","798","172","7","0",,"1","1FFFFF","1AAAAAAAA1AAAA","4",,,,,,,,,,,,,,,
"3200623","2016-09-25T21:19:00","24.64","129.40",,,"1","4","2","5",,,,"11",,,,,,,,,,,,"8",,,,,,"9","290",,,,,,,,,,,,,"226","49","798","172","7","1","2","2","1FFFFF","1AAAAAAAA1AAAA","4",,,,,,,,,,,,,,,
"3200623","2016-09-25T21:23:00","24.64","129.40",,,"1","4","2","5",,,,"11",,,,,,,,,,,,"8",,,,,,"9","290",,,,,,,,,,,,,"226","49","798","172","7","1","2","2","1FFFFF","1AAAAAAAA1AAAA","4",,,,,,,,,,,,,,,
"5100523","2016-09-25T21:30:00","24.33","124.19",,,"1","4","2","5",,,,"11",,,,,,,,,,,,"8",,,,,,"9","279",,,,,,,,,,,,,"226","44","798","172","7","1","2","1","1FFFFF","1AAAAAAAA1AAAA","4",,,,,,,,,,,,,,,
"3200623","2016-09-25T21:44:00","24.64","129.39",,,"1","4","2","5",,,,"11",,,,,,,,,,,,"8",,,,,,"9","290",,,,,,,,,,,,,"226","49","798","172","7","0",,"2","1FFFFF","1AAAAAAAA1AAAA","4",,,,,,,,,,,,,,,
"5100523","2016-09-25T21:45:00","24.33","124.19",,,"1","4","2","5",,,,"11",,,,,,,,,,,,"8",,,,,,"9","279",,,,,,,,,,,,,"226","44","798","172","7","1","2","2","1FFFFF","1AAAAAAAA1AAAA","4",,,,,,,,,,,,,,,
"3200623","2016-09-25T21:46:00","24.64","129.39",,,"1","4","2","5",,,,"11",,,,,,,,,,,,"8",,,,,,"9","290",,,,,,,,,,,,,"226","49","798","172","7","1","2","2","1FFFFF","1AAAAAAAA1AAAA","4",,,,,,,,,,,,,,,
"3200560","2016-09-25T22:00:00","20.59","124.64",,,"1","4","2","5",,,,"11",,,,,,,,,,,,"8",,,,,,"9","293",,,,,,,,,,,,,"226","4","798","172","7","0",,"2","1FFFFF","1AAAAAAAA1AAAA","4",,,,,,,,,,,,,,,
"4300531","2016-09-25T22:00:00","22.64","127.92",,,"1","4","2","5",,,,"11",,,,,,,,,,,,"8",,,,,,"9","291",,,,,,,,,,,,,"226","27","798","172","7","0",,"2","1FFFFF","1AAAAAAAA1AAAA","4",,,,,,,,,,,,,,,
"5100523","2016-09-25T22:00:00","24.33","124.19",,,"1","4","2","5",,,,"11",,,,,,,,,,,,"8",,,,,,"9","280",,,,,,,,,,,,,"226","44","798","172","7","0",,"2","1FFFFF","1AAAAAAAA1AAAA","4",,,,,,,,,,,,,,,
"3200623","2016-09-25T22:01:00","24.64","129.39",,,"1","4","2","5",,,,"11",,,,,,,,,,,,"8",,,,,,"9","290",,,,,,,,,,,,,"226","49","798","172","7","0",,"2","1FFFFF","1AAAAAAAA1AAAA","4",,,,,,,,,,,,,,,
"4300531","2016-09-25T22:01:00","22.64","127.92",,,"1","4","2","5",,,,"11",,,,,,,,,,,,"8",,,,,,"9","291",,,,,,,,,,,,,"226","27","798","172","7","1","2","2","1FFFFF","1AAAAAAAA1AAAA","4",,,,,,,,,,,,,,,
"5100523","2016-09-25T22:01:00","24.33","124.19",,,"1","4","2","5",,,,"11",,,,,,,,,,,,"8",,,,,,"9","297",,,,,,,,,,,,,"226","44","798","172","7","1","2","2","1FFFFF","1AAAAAAAA1AAAA","4",,,,,,,,,,,,,,,
"3200623","2016-09-25T22:04:00","24.64","129.39",,,"1","4","2","5",,,,"11",,,,,,,,,,,,"8",,,,,,"9","290",,,,,,,,,,,,,"226","49","798","172","7","0",,"2","1FFFFF","1AAAAAAAA1AAAA","4",,,,,,,,,,,,,,,
"3200623","2016-09-25T22:58:00","24.64","129.35",,,"1","4","2","5",,,,"11",,,,,,,,,,,,"8",,,,,,"9","290",,,,,,,,,,,,,"226","49","798","172","7","1","2","2","1FFFFF","1AAAAAAAA1AAAA","4",,,,,,,,,,,,,,,
"3200560","2016-09-25T23:00:00","20.59","124.65",,,"1","4","2","5",,,,"11",,,,,,,,,,,,"8",,,,,,"9","293",,,,,,,,,,,,,"226","4","798","172","7","0",,"2","1FFFFF","1AAAAAAAA1AAAA","4",,,,,,,,,,,,,,,
"3200623","2016-09-25T23:00:00","24.64","129.35",,,"1","4","2","5",,,,"11",,,,,,,,,,,,"8",,,,,,"9","290",,,,,,,,,,,,,"226","49","798","172","7","0",,"2","1FFFFF","1AAAAAAAA1AAAA","4",,,,,,,,,,,,,,,
"4300531","2016-09-25T23:00:00","22.64","127.92",,,"1","4","2","5",,,,"11",,,,,,,,,,,,"8",,,,,,"9","291",,,,,,,,,,,,,"226","27","798","172","7","1","2","2","1FFFFF","1AAAAAAAA1AAAA","4",,,,,,,,,,,,,,,
"3200623","2016-09-25T23:23:00","24.64","129.35",,,"1","4","2","5",,,,"11",,,,,,,,,,,,"8",,,,,,"9","290",,,,,,,,,,,,,"226","49","798","172","7","1","2","2","1FFFFF","1AAAAAAAA1AAAA","4",,,,,,,,,,,,,,,
"3200560","2016-09-26T00:00:00","20.59","124.65",,,"1","4","2","5",,,,"11",,,,,,,,,,,,"8",,,,,,"9","293",,,,,,,,,,,,,"226","4","798","172","7","1","2","2","1FFFFF","1AAAAAAAA1AAAA","4",,,,,,,,,,,,,,,
"3200623","2016-09-26T00:10:00","24.63","129.30",,,"1","4","2","5",,,,"11",,,,,,,,,,,,"8",,,,,,"9","290",,,,,,,,,,,,,"226","49","798","172","7","1","2","2","1FFFFF","1AAAAAAAA1AAAA","4",,,,,,,,,,,,,,,
"5100523","2016-09-26T00:45:00","24.33","124.19",,,"1","4","2","5",,,,"11",,,,,,,,,,,,"8",,,,,,"9","295",,,,,,,,,,,,,"226","44","798","172","7","1","2","2","1FFFFF","1AAAAAAAA1AAAA","4",,,,,,,,,,,,,,,
"3200560","2016-09-26T00:58:00","20.56","124.64",,,"1","4","2","5",,,,"11",,,,,,,,,,,,"8",,,,,,"9","293",,,,,,,,,,,,,"226","4","798","172","7","1","2","2","1FFFFF","1AAAAAAAA1AAAA","4",,,,,,,,,,,,,,,
"3200623","2016-09-26T00:58:00","24.63","129.30",,,"1","4","2","5",,,,"11",,,,,,,,,,,,"8",,,,,,"9","290",,,,,,,,,,,,,"226","49","798","172","7","1","2","2","1FFFFF","1AAAAAAAA1AAAA","4",,,,,,,,,,,,,,,
"4300531","2016-09-26T00:58:00","22.70","127.78",,,"1","4","2","5",,,,"11",,,,,,,,,,,,"8",,,,,,"9","290",,,,,,,,,,,,,"226","27","798","172","7","1","2","2","1FFFFF","1AAAAAAAA1AAAA","4",,,,,,,,,,,,,,,
"4300531","2016-09-26T01:00:00","22.70","127.78",,,"1","4","2","5",,,,"11",,,,,,,,,,,,"8",,,,,,"9","290",,,,,,,,,,,,,"226","27","798","172","7","1","2","2","1FFFFF","1AAAAAAAA1AAAA","4",,,,,,,,,,,,,,,
"3200623","2016-09-26T01:01:00","24.63","129.30",,,"1","4","2","5",,,,"11",,,,,,,,,,,,"8",,,,,,"9","290",,,,,,,,,,,,,"226","49","798","172","7","1","2","2","1FFFFF","1AAAAAAAA1AAAA","4",,,,,,,,,,,,,,,
"3200623","2016-09-26T01:05:00","24.63","129.30",,,"1","4","2","5",,,,"11",,,,,,,,,,,,"8",,,,,,"9","290",,,,,,,,,,,,,"226","49","798","172","7","1","2","2","1FFFFF","1AAAAAAAA1AAAA","4",,,,,,,,,,,,,,,
"5100523","2016-09-26T01:30:00","24.33","124.19",,,"1","4","2","5",,,,"11",,,,,,,,,,,,"8",,,,,,"9","297",,,,,,,,,,,,,"226","44","798","172","7","1","2","2","1FFFFF","1AAAAAAAA1AAAA","4",,,,,,,,,,,,,,,
"3200560","2016-09-26T02:00:00","20.56","124.64",,,"1","4","2","5",,,,"11",,,,,,,,,,,,"8",,,,,,"9","293",,,,,,,,,,,,,"226","4","798","172","7","0",,"2","1FFFFF","1AAAAAAAA1AAAA","4",,,,,,,,,,,,,,,
"4300531","2016-09-26T02:00:00","22.70","127.78",,,"1","4","2","5",,,,"11",,,,,,,,,,,,"8",,,,,,"9","290",,,,,,,,,,,,,"226","27","798","172","7","1","2","2","1FFFFF","1AAAAAAAA1AAAA","4",,,,,,,,,,,,,,,
"3200623","2016-09-26T02:37:00","24.63","129.30",,,"1","4","2","5",,,,"11",,,,,,,,,,,,"8",,,,,,"9","290",,,,,,,,,,,,,"226","49","798","172","7","1","2","2","1FFFFF","1AAAAAAAA1AAAA","4",,,,,,,,,,,,,,,
"3200560","2016-09-26T03:00:00","20.56","124.64",,,"1","4","2","5",,,,"11",,,,,,,,,,,,"8",,,,,,"9","292",,,,,,,,,,,,,"226","4","798","172","7","1","2","2","1FFFFF","1AAAAAAAA1AAAA","4",,,,,,,,,,,,,,,
"4300531","2016-09-26T03:00:00","22.70","127.78",,,"1","4","2","5",,,,"11",,,,,,,,,,,,"8",,,,,,"9","289",,,,,,,,,,,,,"226","27","798","172","7","1","2","2","1FFFFF","1AAAAAAAA1AAAA","4",,,,,,,,,,,,,,,
"3200560","2016-09-26T04:00:00","20.56","124.64",,,"1","4","2","5",,,,"11",,,,,,,,,,,,"8",,,,,,"9","292",,,,,,,,,,,,,"226","4","798","172","7","1","2","2","1FFFFF","1AAAAAAAA1AAAA","4",,,,,,,,,,,,,,,
"4300531","2016-09-26T04:00:00","22.70","127.78",,,"1","4","2","5",,,,"11",,,,,,,,,,,,"8",,,,,,"9","288",,,,,,,,,,,,,"226","27","798","172","7","1","2","2","1FFFFF","1AAAAAAAA1AAAA","4",,,,,,,,,,,,,,,
"SHIP","2016-09-26T04:00:00","26.20","121.40",,,"1","4","0","0","5","3",,"2","0","20","4","108",,"96","10","4","10101","6","10","0","265","0","250",,"245","1","270","9","9","A","A","A","A",,"2","4","1","2","4","226","61","992","114","5","1","2","2","111111","11111111111111",,,"1","4",,,,,,,,,,,"4",
"3200623","2016-09-26T04:51:00","24.67","129.22",,,"1","4","2","5",,,,"11",,,,,,,,,,,,"8",,,,,,"9","290",,,,,,,,,,,,,"226","49","798","172","7","0",,"2","1FFFFF","1AAAAAAAA1AAAA","4",,,,,,,,,,,,,,,
"4300531","2016-09-26T04:52:00","22.80","127.62",,,"1","4","2","5",,,,"11",,,,,,,,,,,,"8",,,,,,"9","288",,,,,,,,,,,,,"226","27","798","172","7","1","2","2","1FFFFF","1AAAAAAAA1AAAA","4",,,,,,,,,,,,,,,
"3200623","2016-09-26T04:53:00","24.63","129.30",,,"1","4","2","5",,,,"11",,,,,,,,,,,,"8",,,,,,"9","290",,,,,,,,,,,,,"226","49","798","172","7","1","2","2","1FFFFF","1AAAAAAAA1AAAA","4",,,,,,,,,,,,,,,
"3200560","2016-09-26T05:00:00","20.47","124.66",,,"1","4","2","5",,,,"11",,,,,,,,,,,,"8",,,,,,"9","292",,,,,,,,,,,,,"226","4","798","172","7","1","2","2","1FFFFF","1AAAAAAAA1AAAA","4",,,,,,,,,,,,,,,
"4300531","2016-09-26T05:00:00","22.80","127.62",,,"1","4","2","5",,,,"11",,,,,,,,,,,,"8",,,,,,"9","288",,,,,,,,,,,,,"226","27","798","172","7","1","2","2","1FFFFF","1AAAAAAAA1AAAA","4",,,,,,,,,,,,,,,
"3200560","2016-09-26T06:00:00","20.56","124.64",,,"1","4","2","5",,,,"11",,,,,,,,,,,,"8",,,,,,"9","292",,,,,,,,,,,,,"226","4","798","172","7","1","2","2","1FFFFF","1AAAAAAAA1AAAA","4",,,,,,,,,,,,,,,
"4300531","2016-09-26T06:00:00","22.80","127.62",,,"1","4","2","5",,,,"11",,,,,,,,,,,,"8",,,,,,"9","287",,,,,,,,,,,,,"226","27","798","172","7","1","2","2","1FFFFF","1AAAAAAAA1AAAA","4",,,,,,,,,,,,,,,
"9V9288","2016-09-26T06:00:00","28.40","129.20",,,"1","4","0","0","6","1",,"1","0","50","4","77",,"97",,"2","10090","4","0","0","290","0","270",,"262","1","290","3","3","7","2","7","A",,"6","4",,,,"226","89","992","114","5","1","2","2","111111","111A11111111A1",,,"1","2",,,,,,,,,,,"4",
"OXOR2","2016-09-26T06:00:00","28.70","122.40",,,"1","4","0","0","8","3","1","1","0","10","4","67",,"97","3","2","10090","6","15","0","290","0","270",,"263","1","260","5","2","3","5","1","A",,"4","1","11","16","6","226","82","992","114","5","1","2","2","111111","11111111111111",,,"1","2",,,,,,,,,,,"4",
"3200560","2016-09-26T06:30:00","20.47","124.66",,,"1","4","2","5",,,,"11",,,,,,,,,,,,"8",,,,,,"9","292",,,,,,,,,,,,,"226","4","798","172","7","1","2","2","1FFFFF","1AAAAAAAA1AAAA","4",,,,,,,,,,,,,,,
"3200623","2016-09-26T06:30:00","24.70","129.20",,,"1","4","2","5",,,,"11",,,,,,,,,,,,"8",,,,,,"9","290",,,,,,,,,,,,,"226","49","798","172","7","0",,"2","1FFFFF","1AAAAAAAA1AAAA","4",,,,,,,,,,,,,,,
"5100523","2016-09-26T06:30:00","24.33","124.19",,,"1","4","2","5",,,,"11",,,,,,,,,,,,"8",,,,,,"9","290",,,,,,,,,,,,,"226","44","798","172","7","1","2","2","1FFFFF","1AAAAAAAA1AAAA","4",,,,,,,,,,,,,,,
"3200623","2016-09-26T06:32:00","24.67","129.22",,,"1","4","2","5",,,,"11",,,,,,,,,,,,"8",,,,,,"9","290",,,,,,,,,,,,,"226","49","798","172","7","1","2","2","1FFFFF","1AAAAAAAA1AAAA","4",,,,,,,,,,,,,,,
"4300531","2016-09-26T06:34:00","22.87","127.58",,,"1","4","2","5",,,,"11",,,,,,,,,,,,"8",,,,,,"9","287",,,,,,,,,,,,,"226","27","798","172","7","0",,"2","1FFFFF","1AAAAAAAA1AAAA","4",,,,,,,,,,,,,,,
"3200623","2016-09-26T06:41:00","24.70","129.20",,,"1","4","2","5",,,,"11",,,,,,,,,,,,"8",,,,,,"9","290",,,,,,,,,,,,,"226","49","798","172","7","1","2","2","1FFFFF","1AAAAAAAA1AAAA","4",,,,,,,,,,,,,,,
"3200560","2016-09-26T07:00:00","20.47","124.65",,,"1","4","2","5",,,,"11",,,,,,,,,,,,"8",,,,,,"9","292",,,,,,,,,,,,,"226","4","798","172","7","1","2","2","1FFFFF","1AAAAAAAA1AAAA","4",,,,,,,,,,,,,,,
"4300531","2016-09-26T07:00:00","22.87","127.58",,,"1","4","2","5",,,,"11",,,,,,,,,,,,"8",,,,,,"9","287",,,,,,,,,,,,,"226","27","798","172","7","1","2","2","1FFFFF","1AAAAAAAA1AAAA","4",,,,,,,,,,,,,,,
"3200560","2016-09-26T08:00:00","20.46","124.68",,,"1","4","2","5",,,,"11",,,,,,,,,,,,"8",,,,,,"9","291",,,,,,,,,,,,,"226","4","798","172","7","1","2","2","1FFFFF","1AAAAAAAA1AAAA","4",,,,,,,,,,,,,,,
"4300531","2016-09-26T08:00:00","22.94","127.51",,,"1","4","2","5",,,,"11",,,,,,,,,,,,"8",,,,,,"9","286",,,,,,,,,,,,,"226","27","798","172","7","1","2","2","1FFFFF","1AAAAAAAA1AAAA","4",,,,,,,,,,,,,,,
"3200560","2016-09-26T08:29:00","20.46","124.68",,,"1","4","2","5",,,,"11",,,,,,,,,,,,"8",,,,,,"9","291",,,,,,,,,,,,,"226","4","798","172","7","0",,"2","1FFFFF","1AAAAAAAA1AAAA","4",,,,,,,,,,,,,,,
"3200623","2016-09-26T08:29:00","24.72","129.17",,,"1","4","2","5",,,,"11",,,,,,,,,,,,"8",,,,,,"9","289",,,,,,,,,,,,,"226","49","798","172","7","0",,"2","1FFFFF","1AAAAAAAA1AAAA","4",,,,,,,,,,,,,,,
"4300531","2016-09-26T08:30:00","22.94","127.51",,,"1","4","2","5",,,,"11",,,,,,,,,,,,"8",,,,,,"9","286",,,,,,,,,,,,,"226","27","798","172","7","0",,"2","1FFFFF","1AAAAAAAA1AAAA","4",,,,,,,,,,,,,,,
"3200623","2016-09-26T08:32:00","24.72","129.17",,,"1","4","2","5",,,,"11",,,,,,,,,,,,"8",,,,,,"9","289",,,,,,,,,,,,,"226","49","798","172","7","1","2","2","1FFFFF","1AAAAAAAA1AAAA","4",,,,,,,,,,,,,,,
"3200623","2016-09-26T08:43:00","24.72","129.18",,,"1","4","2","5",,,,"11",,,,,,,,,,,,"8",,,,,,"9","289",,,,,,,,,,,,,"226","49","798","172","7","0",,"2","1FFFFF","1AAAAAAAA1AAAA","4",,,,,,,,,,,,,,,
"3200623","2016-09-26T08:44:00","24.72","129.17",,,"1","4","2","5",,,,"11",,,,,,,,,,,,"8",,,,,,"9","289",,,,,,,,,,,,,"226","49","798","172","7","1","2","2","1FFFFF","1AAAAAAAA1AAAA","4",,,,,,,,,,,,,,,
"3200623","2016-09-26T08:47:00","24.72","129.18",,,"1","4","2","5",,,,"11",,,,,,,,,,,,"8",,,,,,"9","289",,,,,,,,,,,,,"226","49","798","172","7","0",,"2","1FFFFF","1AAAAAAAA1AAAA","4",,,,,,,,,,,,,,,
"3200623","2016-09-26T08:57:00","24.72","129.18",,,"1","4","2","5",,,,"11",,,,,,,,,,,,"8",,,,,,"9","289",,,,,,,,,,,,,"226","49","798","172","7","1","2","2","1FFFFF","1AAAAAAAA1AAAA","4",,,,,,,,,,,,,,,
"3200560","2016-09-26T08:58:00","20.44","124.69",,,"1","4","2","5",,,,"11",,,,,,,,,,,,"8",,,,,,"9","291",,,,,,,,,,,,,"226","4","798","172","7","0",,"2","1FFFFF","1AAAAAAAA1AAAA","4",,,,,,,,,,,,,,,
"3200560","2016-09-26T09:00:00","20.44","124.69",,,"1","4","2","5",,,,"11",,,,,,,,,,,,"8",,,,,,"9","291",,,,,,,,,,,,,"226","4","798","172","7","1","2","2","1FFFFF","1AAAAAAAA1AAAA","4",,,,,,,,,,,,,,,
"4300531","2016-09-26T09:00:00","22.96","127.49",,,"1","4","2","5",,,,"11",,,,,,,,,,,,"8",,,,,,"9","287",,,,,,,,,,,,,"226","27","798","172","7","1","2","2","1FFFFF","1AAAAAAAA1AAAA","4",,,,,,,,,,,,,,,
"3200623","2016-09-26T09:03:00","24.72","129.17",,,"1","4","2","5",,,,"11",,,,,,,,,,,,"8",,,,,,"9","289",,,,,,,,,,,,,"226","49","798","172","7","1","2","2","1FFFFF","1AAAAAAAA1AAAA","4",,,,,,,,,,,,,,,
"4300531","2016-09-26T09:03:00","22.96","127.49",,,"1","4","2","5",,,,"11",,,,,,,,,,,,"8",,,,,,"9","287",,,,,,,,,,,,,"226","27","798","172","7","0",,"2","1FFFFF","1AAAAAAAA1AAAA","4",,,,,,,,,,,,,,,
"3200623","2016-09-26T09:07:00","24.73","129.17",,,"1","4","2","5",,,,"11",,,,,,,,,,,,"8",,,,,,"9","289",,,,,,,,,,,,,"226","49","798","172","7","1","2","2","1FFFFF","1AAAAAAAA1AAAA","4",,,,,,,,,,,,,,,
"3200560","2016-09-26T10:00:00","20.41","124.69",,,"1","4","2","5",,,,"11",,,,,,,,,,,,"8",,,,,,"9","290",,,,,,,,,,,,,"226","4","798","172","7","1","2","1","1FFFFF","1AAAAAAAA1AAAA","4",,,,,,,,,,,,,,,
"4300531","2016-09-26T10:00:00","22.99","127.48",,,"1","4","2","5",,,,"11",,,,,,,,,,,,"8",,,,,,"9","286",,,,,,,,,,,,,"226","27","798","172","7","1","2","1","1FFFFF","1AAAAAAAA1AAAA","4",,,,,,,,,,,,,,,
"3200560","2016-09-26T10:10:00","20.41","124.69",,,"1","4","2","5",,,,"11",,,,,,,,,,,,"8",,,,,,"9","290",,,,,,,,,,,,,"226","4","798","172","7","0",,"1","1FFFFF","1AAAAAAAA1AAAA","4",,,,,,,,,,,,,,,
"4300531","2016-09-26T10:10:00","22.99","127.48",,,"1","4","2","5",,,,"11",,,,,,,,,,,,"8",,,,,,"9","286",,,,,,,,,,,,,"226","27","798","172","7","0",,"1","1FFFFF","1AAAAAAAA1AAAA","4",,,,,,,,,,,,,,,
"3200623","2016-09-26T10:11:00","24.74","129.18",,,"1","4","2","5",,,,"11",,,,,,,,,,,,"8",,,,,,"9","289",,,,,,,,,,,,,"226","49","798","172","7","0",,"1","1FFFFF","1AAAAAAAA1AAAA","4",,,,,,,,,,,,,,,
"3200623","2016-09-26T10:13:00","24.74","129.18",,,"1","4","2","5",,,,"11",,,,,,,,,,,,"8",,,,,,"9","289",,,,,,,,,,,,,"226","49","798","172","7","1","2","1","1FFFFF","1AAAAAAAA1AAAA","4",,,,,,,,,,,,,,,
"5100523","2016-09-26T10:15:00","24.33","124.19",,,"1","4","2","5",,,,"11",,,,,,,,,,,,"8",,,,,,"9","288",,,,,,,,,,,,,"226","44","798","172","7","1","2","1","1FFFFF","1AAAAAAAA1AAAA","4",,,,,,,,,,,,,,,
"3200623","2016-09-26T10:20:00","24.74","129.17",,,"1","4","2","5",,,,"11",,,,,,,,,,,,"8",,,,,,"9","289",,,,,,,,,,,,,"226","49","798","172","7","0",,"1","1FFFFF","1AAAAAAAA1AAAA","4",,,,,,,,,,,,,,,
"4300531","2016-09-26T10:21:00","23.01","127.47",,,"1","4","2","5",,,,"11",,,,,,,,,,,,"8",,,,,,"9","286",,,,,,,,,,,,,"226","37","798","172","7","0",,"1","1FFFFF","1AAAAAAAA1AAAA","4",,,,,,,,,,,,,,,
"3200623","2016-09-26T10:22:00","24.74","129.17",,,"1","4","2","5",,,,"11",,,,,,,,,,,,"8",,,,,,"9","289",,,,,,,,,,,,,"226","49","798","172","7","1","2","1","1FFFFF","1AAAAAAAA1AAAA","4",,,,,,,,,,,,,,,
"3200623","2016-09-26T10:26:00","24.74","129.17",,,"1","4","2","5",,,,"11",,,,,,,,,,,,"8",,,,,,"9","289",,,,,,,,,,,,,"226","49","798","172","7","1","2","1","1FFFFF","1AAAAAAAA1AAAA","4",,,,,,,,,,,,,,,
"3200560","2016-09-26T10:41:00","20.43","124.71",,,"1","4","2","5",,,,"11",,,,,,,,,,,,"8",,,,,,"9","290",,,,,,,,,,,,,"226","4","798","172","7","0",,"1","1FFFFF","1AAAAAAAA1AAAA","4",,,,,,,,,,,,,,,
"3200623","2016-09-26T10:44:00","24.74","129.18",,,"1","4","2","5",,,,"11",,,,,,,,,,,,"8",,,,,,"9","289",,,,,,,,,,,,,"226","49","798","172","7","1","2","1","1FFFFF","1AAAAAAAA1AAAA","4",,,,,,,,,,,,,,,
"3200623","2016-09-26T10:46:00","24.74","129.18",,,"1","4","2","5",,,,"11",,,,,,,,,,,,"8",,,,,,"9","289",,,,,,,,,,,,,"226","49","798","172","7","1","2","1","1FFFFF","1AAAAAAAA1AAAA","4",,,,,,,,,,,,,,,
"3200560","2016-09-26T11:00:00","20.43","124.71",,,"1","4","2","5",,,,"11",,,,,,,,,,,,"8",,,,,,"9","290",,,,,,,,,,,,,"226","4","798","172","7","1","2","1","1FFFFF","1AAAAAAAA1AAAA","4",,,,,,,,,,,,,,,
"4300531","2016-09-26T11:00:00","23.01","127.47",,,"1","4","2","5",,,,"11",,,,,,,,,,,,"8",,,,,,"9","286",,,,,,,,,,,,,"226","37","798","172","7","1","2","1","1FFFFF","1AAAAAAAA1AAAA","4",,,,,,,,,,,,,,,
"3200623","2016-09-26T11:19:00","24.74","129.18",,,"1","4","2","5",,,,"11",,,,,,,,,,,,"8",,,,,,"9","289",,,,,,,,,,,,,"226","49","798","172","7","1","2","1","1FFFFF","1AAAAAAAA1AAAA","4",,,,,,,,,,,,,,,
"3200623","2016-09-26T11:20:00","24.74","129.18",,,"1","3","2","5",,,,"11",,,,,,,,,,,,,,,,,,,,,,,,,,,,,,,,"226","49","798","172","7","1","2","1","FFFFFF","1AAAAAAAAAAAAA","4",,,,,,,,,,,,,,,
"3200560","2016-09-26T12:00:00","20.43","124.75",,,"1","4","2","5",,,,"11",,,,,,,,,,,,"8",,,,,,"9","289",,,,,,,,,,,,,"226","4","798","172","7","1","2","1","1FFFFF","1AAAAAAAA1AAAA","4",,,,,,,,,,,,,,,
"4300531","2016-09-26T12:00:00","23.08","127.43",,,"1","4","2","5",,,,"11",,,,,,,,,,,,"8",,,,,,"9","286",,,,,,,,,,,,,"226","37","798","172","7","1","2","1","1FFFFF","1AAAAAAAA1AAAA","4",,,,,,,,,,,,,,,
"3200560","2016-09-26T12:13:00","20.43","124.76",,,"1","4","2","5",,,,"11",,,,,,,,,,,,"8",,,,,,"9","290",,,,,,,,,,,,,"226","4","798","172","7","1","2","1","1FFFFF","1AAAAAAAA1AAAA","4",,,,,,,,,,,,,,,
"3200623","2016-09-26T12:13:00","24.76","129.16",,,"1","4","2","5",,,,"11",,,,,,,,,,,,"8",,,,,,"9","289",,,,,,,,,,,,,"226","49","798","172","7","1","2","1","1FFFFF","1AAAAAAAA1AAAA","4",,,,,,,,,,,,,,,
"4300531","2016-09-26T12:14:00","23.08","127.43",,,"1","4","2","5",,,,"11",,,,,,,,,,,,"8",,,,,,"9","286",,,,,,,,,,,,,"226","37","798","172","7","0",,"1","1FFFFF","1AAAAAAAA1AAAA","4",,,,,,,,,,,,,,,
"3200623","2016-09-26T12:15:00","24.76","129.16",,,"1","4","2","5",,,,"11",,,,,,,,,,,,"8",,,,,,"9","289",,,,,,,,,,,,,"226","49","798","172","7","1","2","1","1FFFFF","1AAAAAAAA1AAAA","4",,,,,,,,,,,,,,,
"5100523","2016-09-26T12:45:00","24.33","124.19",,,"1","4","2","5",,,,"11",,,,,,,,,,,,"8",,,,,,"9","276",,,,,,,,,,,,,"226","44","798","172","7","1","2","1","1FFFFF","1AAAAAAAA1AAAA","4",,,,,,,,,,,,,,,
"3200560","2016-09-26T13:00:00","20.43","124.76",,,"1","4","2","5",,,,"11",,,,,,,,,,,,"8",,,,,,"9","290",,,,,,,,,,,,,"226","4","798","172","7","1","2","1","1FFFFF","1AAAAAAAA1AAAA","4",,,,,,,,,,,,,,,
"4300531","2016-09-26T13:00:00","23.08","127.43",,,"1","4","2","5",,,,"11",,,,,,,,,,,,"8",,,,,,"9","286",,,,,,,,,,,,,"226","37","798","172","7","1","2","1","1FFFFF","1AAAAAAAA1AAAA","4",,,,,,,,,,,,,,,
"3200623","2016-09-26T13:01:00","24.76","129.16",,,"1","4","2","5",,,,"11",,,,,,,,,,,,"8",,,,,,"9","288",,,,,,,,,,,,,"226","49","798","172","7","1","2","1","1FFFFF","1AAAAAAAA1AAAA","4",,,,,,,,,,,,,,,
"3200623","2016-09-26T13:02:00","24.76","129.16",,,"1","4","2","5",,,,"11",,,,,,,,,,,,"8",,,,,,"9","288",,,,,,,,,,,,,"226","49","798","172","7","1","2","1","1FFFFF","1AAAAAAAA1AAAA","4",,,,,,,,,,,,,,,
"3200623","2016-09-26T13:49:00","24.76","129.16",,,"1","4","2","5",,,,"11",,,,,,,,,,,,"8",,,,,,"9","288",,,,,,,,,,,,,"226","49","798","172","7","1","2","1","1FFFFF","1AAAAAAAA1AAAA","4",,,,,,,,,,,,,,,
"4300531","2016-09-26T13:53:00","23.15","127.42",,,"1","4","2","5",,,,"11",,,,,,,,,,,,"8",,,,,,"9","287",,,,,,,,,,,,,"226","37","798","172","7","1","2","1","1FFFFF","1AAAAAAAA1AAAA","4",,,,,,,,,,,,,,,
"3200560","2016-09-26T14:00:00","20.43","124.76",,,"1","4","2","5",,,,"11",,,,,,,,,,,,"8",,,,,,"9","289",,,,,,,,,,,,,"226","4","798","172","7","1","2","1","1FFFFF","1AAAAAAAA1AAAA","4",,,,,,,,,,,,,,,
"4300531","2016-09-26T14:00:00","23.15","127.42",,,"1","4","2","5",,,,"11",,,,,,,,,,,,"8",,,,,,"9","286",,,,,,,,,,,,,"226","37","798","172","7","1","2","1","1FFFFF","1AAAAAAAA1AAAA","4",,,,,,,,,,,,,,,
"3200560","2016-09-26T15:00:00","20.43","124.76",,,"1","4","2","5",,,,"11",,,,,,,,,,,,"8",,,,,,"9","289",,,,,,,,,,,,,"226","4","798","172","7","1","2","1","1FFFFF","1AAAAAAAA1AAAA","4",,,,,,,,,,,,,,,
"4300531","2016-09-26T15:00:00","23.15","127.42",,,"1","4","2","5",,,,"11",,,,,,,,,,,,"8",,,,,,"9","286",,,,,,,,,,,,,"226","37","798","172","7","1","2","1","1FFFFF","1AAAAAAAA1AAAA","4",,,,,,,,,,,,,,,
"3200560","2016-09-26T16:00:00","20.43","124.76",,,"1","4","2","5",,,,"11",,,,,,,,,,,,"8",,,,,,"9","289",,,,,,,,,,,,,"226","4","798","172","7","1","2","1","1FFFFF","1AAAAAAAA1AAAA","4",,,,,,,,,,,,,,,
"4300531","2016-09-26T16:00:00","23.15","127.42",,,"1","4","2","5",,,,"11",,,,,,,,,,,,"8",,,,,,"9","286",,,,,,,,,,,,,"226","37","798","172","7","1","2","1","1FFFFF","1AAAAAAAA1AAAA","4",,,,,,,,,,,,,,,
"3200560","2016-09-26T17:00:00","20.43","124.76",,,"1","4","2","5",,,,"11",,,,,,,,,,,,"8",,,,,,"9","289",,,,,,,,,,,,,"226","4","798","172","7","1","2","1","1FFFFF","1AAAAAAAA1AAAA","4",,,,,,,,,,,,,,,
"4300531","2016-09-26T17:00:00","23.15","127.42",,,"1","4","2","5",,,,"11",,,,,,,,,,,,"8",,,,,,"9","287",,,,,,,,,,,,,"226","37","798","172","7","1","2","1","1FFFFF","1AAAAAAAA1AAAA","4",,,,,,,,,,,,,,,
"3200623","2016-09-26T17:25:00","24.76","129.16",,,"1","4","2","5",,,,"11",,,,,,,,,,,,"8",,,,,,"9","288",,,,,,,,,,,,,"226","49","798","172","7","1","2","1","1FFFFF","1AAAAAAAA1AAAA","4",,,,,,,,,,,,,,,
"4300531","2016-09-26T17:25:00","23.26","127.41",,,"1","4","2","5",,,,"11",,,,,,,,,,,,"8",,,,,,"9","287",,,,,,,,,,,,,"226","37","798","172","7","0",,"1","1FFFFF","1AAAAAAAA1AAAA","4",,,,,,,,,,,,,,,
"3200623","2016-09-26T17:29:00","24.79","129.13",,,"1","4","2","5",,,,"11",,,,,,,,,,,,"8",,,,,,"9","288",,,,,,,,,,,,,"226","49","798","172","7","1","2","1","1FFFFF","1AAAAAAAA1AAAA","4",,,,,,,,,,,,,,,
"3200560","2016-09-26T18:00:00","20.50","124.95",,,"1","4","2","5",,,,"11",,,,,,,,,,,,"8",,,,,,"9","289",,,,,,,,,,,,,"226","4","798","172","7","1","2","1","1FFFFF","1AAAAAAAA1AAAA","4",,,,,,,,,,,,,,,
"4300531","2016-09-26T18:00:00","23.26","127.41",,,"1","4","2","5",,,,"11",,,,,,,,,,,,"8",,,,,,"9","287",,,,,,,,,,,,,"226","37","798","172","7","1","2","1","1FFFFF","1AAAAAAAA1AAAA","4",,,,,,,,,,,,,,,
"C6LG6","2016-09-26T18:00:00","26.10","121.80",,,"1","4","0","0","1","3","1","1","0","30","1","180",,"97","0","2","10020","7","30","0","270","0","260",,"256",,,"8",,"7","2","A","A",,"3","5","20","5","8","226","61","992","114","5","1","2","1","F11111","111111111A1111",,,"1","2",,,,,,,,,,,"4",
"3200560","2016-09-26T19:00:00","20.50","124.95",,,"1","4","2","5",,,,"11",,,,,,,,,,,,"8",,,,,,"9","288",,,,,,,,,,,,,"226","4","798","172","7","1","2","1","1FFFFF","1AAAAAAAA1AAAA","4",,,,,,,,,,,,,,,
"4300531","2016-09-26T19:00:00","23.31","127.42",,,"1","4","2","5",,,,"11",,,,,,,,,,,,"8",,,,,,"9","287",,,,,,,,,,,,,"226","37","798","172","7","1","2","1","1FFFFF","1AAAAAAAA1AAAA","4",,,,,,,,,,,,,,,
"5100523","2016-09-26T19:00:00","24.33","124.19",,,"1","4","2","5",,,,"11",,,,,,,,,,,,"8",,,,,,"9","264",,,,,,,,,,,,,"226","44","798","172","7","1","2","1","1FFFFF","1AAAAAAAA1AAAA","4",,,,,,,,,,,,,,,
"9V9288","2016-09-26T19:00:00","29.10","128.80",,,"1","4","0","0","5","3",,"1","0","80","4","129",,"96",,"1","10080","7","10","0","280","0","260",,"252","1","280","1","1","A","3","A","A",,"6","4",,,,"226","98","992","114","5","1","2","1","111111","111A11111111A1",,,"1","1",,,,,,,,,,,"4",
"3200623","2016-09-26T19:04:00","24.79","129.13",,,"1","4","2","5",,,,"11",,,,,,,,,,,,"8",,,,,,"9","288",,,,,,,,,,,,,"226","49","798","172","7","1","2","1","1FFFFF","1AAAAAAAA1AAAA","4",,,,,,,,,,,,,,,
"4300531","2016-09-26T19:04:00","23.31","127.42",,,"1","4","2","5",,,,"11",,,,,,,,,,,,"8",,,,,,"9","287",,,,,,,,,,,,,"226","37","798","172","7","0",,"1","1FFFFF","1AAAAAAAA1AAAA","4",,,,,,,,,,,,,,,
"3200560","2016-09-26T19:05:00","20.50","124.96",,,"1","4","2","5",,,,"11",,,,,,,,,,,,"8",,,,,,"9","288",,,,,,,,,,,,,"226","4","798","172","7","1","2","1","1FFFFF","1AAAAAAAA1AAAA","4",,,,,,,,,,,,,,,
"3200623","2016-09-26T19:10:00","24.80","129.11",,,"1","4","2","5",,,,"11",,,,,,,,,,,,"8",,,,,,"9","288",,,,,,,,,,,,,"226","49","798","172","7","0",,"1","1FFFFF","1AAAAAAAA1AAAA","4",,,,,,,,,,,,,,,
"3200623","2016-09-26T19:54:00","24.80","129.11",,,"1","4","2","5",,,,"11",,,,,,,,,,,,"8",,,,,,"9","288",,,,,,,,,,,,,"226","49","798","172","7","1","2","1","1FFFFF","1AAAAAAAA1AAAA","4",,,,,,,,,,,,,,,
"3200560","2016-09-26T20:00:00","20.50","124.96",,,"1","4","2","5",,,,"11",,,,,,,,,,,,"8",,,,,,"9","288",,,,,,,,,,,,,"226","4","798","172","7","1","2","1","1FFFFF","1AAAAAAAA1AAAA","4",,,,,,,,,,,,,,,
"4300531","2016-09-26T20:00:00","23.35","127.43",,,"1","4","2","5",,,,"11",,,,,,,,,,,,"8",,,,,,"9","287",,,,,,,,,,,,,"226","37","798","172","7","1","2","1","1FFFFF","1AAAAAAAA1AAAA","4",,,,,,,,,,,,,,,
"3200623","2016-09-26T20:53:00","24.81","129.11",,,"1","4","2","5",,,,"11",,,,,,,,,,,,"8",,,,,,"9","288",,,,,,,,,,,,,"226","49","798","172","7","0",,"1","1FFFFF","1AAAAAAAA1AAAA","4",,,,,,,,,,,,,,,
"3200560","2016-09-26T20:54:00","20.52","125.04",,,"1","4","2","5",,,,"11",,,,,,,,,,,,"8",,,,,,"9","288",,,,,,,,,,,,,"226","5","798","172","7","0",,"1","1FFFFF","1AAAAAAAA1AAAA","4",,,,,,,,,,,,,,,
"4300531","2016-09-26T20:54:00","23.35","127.44",,,"1","4","2","5",,,,"11",,,,,,,,,,,,"8",,,,,,"9","287",,,,,,,,,,,,,"226","37","798","172","7","1","2","1","1FFFFF","1AAAAAAAA1AAAA","4",,,,,,,,,,,,,,,
"3200623","2016-09-26T20:55:00","24.81","129.11",,,"1","4","2","5",,,,"11",,,,,,,,,,,,"8",,,,,,"9","288",,,,,,,,,,,,,"226","49","798","172","7","1","2","1","1FFFFF","1AAAAAAAA1AAAA","4",,,,,,,,,,,,,,,
"3200560","2016-09-26T21:00:00","20.52","125.04",,,"1","4","2","5",,,,"11",,,,,,,,,,,,"8",,,,,,"9","288",,,,,,,,,,,,,"226","5","798","172","7","1","2","1","1FFFFF","1AAAAAAAA1AAAA","4",,,,,,,,,,,,,,,
"4300531","2016-09-26T21:00:00","23.35","127.44",,,"1","4","2","5",,,,"11",,,,,,,,,,,,"8",,,,,,"9","287",,,,,,,,,,,,,"226","37","798","172","7","1","2","1","1FFFFF","1AAAAAAAA1AAAA","4",,,,,,,,,,,,,,,
"SHIP","2016-09-26T21:00:00","22.50","129.50",,,"1","4","0","0","1","4",,"2","0","150","4","154",,"98","2","2","10050","2","22","0","290","0","270",,"264","1","300","7","6","7","3","2","A",,"4","8","14","7","10","226","29","992","114","5","1","2","1","111111","11111111111111",,,"1","2",,,,,,,,,,,"4",
"5100523","2016-09-26T21:15:00","24.33","124.19",,,"1","4","2","5",,,,"11",,,,,,,,,,,,"8",,,,,,"9","260",,,,,,,,,,,,,"226","44","798","172","7","1","2","1","1FFFFF","1AAAAAAAA1AAAA","4",,,,,,,,,,,,,,,
"5100523","2016-09-26T21:30:00","24.33","124.19",,,"1","4","2","5",,,,"11",,,,,,,,,,,,"8",,,,,,"9","260",,,,,,,,,,,,,"226","44","798","172","7","1","2","1","1FFFFF","1AAAAAAAA1AAAA","4",,,,,,,,,,,,,,,
"3200623","2016-09-26T21:31:00","24.82","129.11",,,"1","4","2","5",,,,"11",,,,,,,,,,,,"8",,,,,,"9","288",,,,,,,,,,,,,"226","49","798","172","7","0",,"2","1FFFFF","1AAAAAAAA1AAAA","4",,,,,,,,,,,,,,,
"3200560","2016-09-26T21:32:00","20.52","125.06",,,"1","4","2","5",,,,"11",,,,,,,,,,,,"8",,,,,,"9","288",,,,,,,,,,,,,"226","5","798","172","7","0",,"1","1FFFFF","1AAAAAAAA1AAAA","4",,,,,,,,,,,,,,,
"3200623","2016-09-26T21:33:00","24.82","129.11",,,"1","4","2","5",,,,"11",,,,,,,,,,,,"8",,,,,,"9","288",,,,,,,,,,,,,"226","49","798","172","7","1","2","2","1FFFFF","1AAAAAAAA1AAAA","4",,,,,,,,,,,,,,,
"3200623","2016-09-26T21:35:00","24.82","129.11",,,"1","4","2","5",,,,"11",,,,,,,,,,,,"8",,,,,,"9","288",,,,,,,,,,,,,"226","49","798","172","7","1","2","2","1FFFFF","1AAAAAAAA1AAAA","4",,,,,,,,,,,,,,,
"3200560","2016-09-26T22:00:00","20.52","125.06",,,"1","4","2","5",,,,"11",,,,,,,,,,,,"8",,,,,,"9","288",,,,,,,,,,,,,"226","5","798","172","7","1","2","2","1FFFFF","1AAAAAAAA1AAAA","4",,,,,,,,,,,,,,,
"4300531","2016-09-26T22:00:00","23.36","127.43",,,"1","3","2","5",,,,"11",,,,,,,,,,,,"0",,,,,,,"286",,,,,,,,,,,,,"226","37","794","103","7","1","2","2","1FFFFF","1AAAAAAAA1AAAA","4",,,,,,,,,,,,,,,
"3200623","2016-09-26T22:30:00","24.82","129.11",,,"1","4","2","5",,,,"11",,,,,,,,,,,,"8",,,,,,"9","288",,,,,,,,,,,,,"226","49","798","172","7","1","2","2","1FFFFF","1AAAAAAAA1AAAA","4",,,,,,,,,,,,,,,
"3200623","2016-09-26T22:36:00","24.82","129.10",,,"1","3","2","5",,,,"11",,,,,,,,,,,,"0",,,,,,,"288",,,,,,,,,,,,,"226","49","794","103","7","1","2","2","1FFFFF","1AAAAAAAA1AAAA","4",,,,,,,,,,,,,,,
"3200560","2016-09-26T23:00:00","20.52","125.06",,,"1","3","2","5",,,,"11",,,,,,,,,,,,"0",,,,,,,"288",,,,,,,,,,,,,"226","5","794","103","7","1","2","2","1FFFFF","1AAAAAAAA1AAAA","4",,,,,,,,,,,,,,,
"4300531","2016-09-26T23:00:00","23.36","127.43",,,"1","3","2","5",,,,"11",,,,,,,,,,,,"0",,,,,,,"286",,,,,,,,,,,,,"226","37","794","103","7","1","2","2","1FFFFF","1AAAAAAAA1AAAA","4",,,,,,,,,,,,,,,
"3200623","2016-09-26T23:13:00","24.83","129.10",,,"1","3","2","5",,,,"11",,,,,,,,,,,,"0",,,,,,,"288",,,,,,,,,,,,,"226","49","794","103","7","1","2","2","1FFFFF","1AAAAAAAA1AAAA","4",,,,,,,,,,,,,,,
"3200623","2016-09-26T23:45:00","24.83","129.10",,,"1","3","2","5",,,,"11",,,,,,,,,,,,"0",,,,,,,"287",,,,,,,,,,,,,"226","49","794","103","7","1","2","2","1FFFFF","1AAAAAAAA1AAAA","4",,,,,,,,,,,,,,,
"3200623","2016-09-26T23:48:00","24.83","129.10",,,"1","3","2","5",,,,"11",,,,,,,,,,,,"0",,,,,,,"287",,,,,,,,,,,,,"226","49","794","103","7","1","2","2","1FFFFF","1AAAAAAAA1AAAA","4",,,,,,,,,,,,,,,
"3200560","2016-09-27T00:00:00","20.53","125.12",,,"1","3","2","5",,,,"11",,,,,,,,,,,,"0",,,,,,,"287",,,,,,,,,,,,,"226","5","794","103","7","1","2","2","1FFFFF","1AAAAAAAA1AAAA","4",,,,,,,,,,,,,,,
"4300531","2016-09-27T00:00:00","23.40","127.44",,,"1","3","2","5",,,,"11",,,,,,,,,,,,"0",,,,,,,"286",,,,,,,,,,,,,"226","37","794","103","7","1","2","2","1FFFFF","1AAAAAAAA1AAAA","4",,,,,,,,,,,,,,,
"A8HJ4","2016-09-27T00:00:00","26.10","120.40",,,"1","4","0","0","5","4",,"1","0","10","4","180",,"96","5","1","10040","8","50","0","240","0","220",,"210","3","275","8","6","6","2","2","7",,"4","6",,,,"226","60","992","114","5","1","2","2","111211","111111111111A1",,,"1","1",,,,,,,,,,,"4",
"VRWC8","2016-09-27T00:00:00","25.40","120.20",,,"1","4","0","0","1","4","1","1","0","350","4","72",,"96","2","2","9970","4","0","0","270","2",,,,"3","300","9","9","7","A","1","8",,"5","12",,,,"226","50","992","114","5","1","2","2","111121","111411199141A1",,,"1","2",,,,,,,,,,,"4",
"3200623","2016-09-27T00:37:00","24.83","129.10",,,"1","3","2","5",,,,"11",,,,,,,,,,,,"0",,,,,,,"288",,,,,,,,,,,,,"226","49","794","103","7","1","2","2","1FFFFF","1AAAAAAAA1AAAA","4",,,,,,,,,,,,,,,
"3200623","2016-09-27T00:43:00","24.83","129.08",,,"1","3","2","5",,,,"11",,,,,,,,,,,,"0",,,,,,,"288",,,,,,,,,,,,,"226","49","794","103","7","1","2","2","1FFFFF","1AAAAAAAA1AAAA","4",,,,,,,,,,,,,,,
"3200560","2016-09-27T01:00:00","20.53","125.12",,,"1","3","2","5",,,,"11",,,,,,,,,,,,"0",,,,,,,"287",,,,,,,,,,,,,"226","5","794","103","7","1","2","2","1FFFFF","1AAAAAAAA1AAAA","4",,,,,,,,,,,,,,,
"4300531","2016-09-27T01:00:00","23.40","127.44",,,"1","3","2","5",,,,"11",,,,,,,,,,,,"0",,,,,,,"287",,,,,,,,,,,,,"226","37","794","103","7","1","2","2","1FFFFF","1AAAAAAAA1AAAA","4",,,,,,,,,,,,,,,
"5100523","2016-09-27T01:15:00","24.33","124.19",,,"1","3","2","5",,,,"11",,,,,,,,,,,,"0",,,,,,,"255",,,,,,,,,,,,,"226","44","794","103","7","1","2","2","1FFFFF","1AAAAAAAA1AAAA","4",,,,,,,,,,,,,,,
"3200623","2016-09-27T01:26:00","24.83","129.10",,,"1","3","2","5",,,,"11",,,,,,,,,,,,"0",,,,,,,"288",,,,,,,,,,,,,"226","49","794","103","7","1","2","2","1FFFFF","1AAAAAAAA1AAAA","4",,,,,,,,,,,,,,,
"3200560","2016-09-27T03:00:00","20.52","125.22",,,"1","3","2","5",,,,"11",,,,,,,,,,,,"0",,,,,,,"286",,,,,,,,,,,,,"226","5","794","103","7","1","2","2","1FFFFF","1AAAAAAAA1AAAA","4",,,,,,,,,,,,,,,
"4300531","2016-09-27T03:00:00","23.44","127.43",,,"1","3","2","5",,,,"11",,,,,,,,,,,,"0",,,,,,,"287",,,,,,,,,,,,,"226","37","794","103","7","1","2","2","1FFFFF","1AAAAAAAA1AAAA","4",,,,,,,,,,,,,,,
"VRIB2","2016-09-27T03:00:00","24.50","120.20",,,"1","4","0","0","8","4",,"1","0","360","3","247",,"96","62","5","9925","8","35","0","280","0","250",,"239","1","270","8","8","6","2","A","A",,"10","16","0",,,"226","40","992","114","5","1","2","2","111441","11111111111131",,,"1","2","0",,,,,,,,,,"4",
"3200560","2016-09-27T04:00:00","20.52","125.22",,,"1","3","2","5",,,,"11",,,,,,,,,,,,"0",,,,,,,"286",,,,,,,,,,,,,"226","5","794","103","7","1","2","2","1FFFFF","1AAAAAAAA1AAAA","4",,,,,,,,,,,,,,,
"4300531","2016-09-27T04:00:00","23.44","127.43",,,"1","3","2","5",,,,"11",,,,,,,,,,,,"0",,,,,,,"287",,,,,,,,,,,,,"226","37","794","103","7","1","2","2","1FFFFF","1AAAAAAAA1AAAA","4",,,,,,,,,,,,,,,
"3200623","2016-09-27T04:44:00","24.87","129.07",,,"1","3","2","5",,,,"11",,,,,,,,,,,,"0",,,,,,,"288",,,,,,,,,,,,,"226","49","794","103","7","1","2","2","1FFFFF","1AAAAAAAA1AAAA","4",,,,,,,,,,,,,,,
"3200560","2016-09-27T05:00:00","20.51","125.24",,,"1","3","2","5",,,,"11",,,,,,,,,,,,"0",,,,,,,"286",,,,,,,,,,,,,"226","5","794","103","7","1","2","2","1FFFFF","1AAAAAAAA1AAAA","4",,,,,,,,,,,,,,,
"4300531","2016-09-27T05:00:00","23.46","127.40",,,"1","3","2","5",,,,"11",,,,,,,,,,,,"0",,,,,,,"287",,,,,,,,,,,,,"226","37","794","103","7","1","2","2","1FFFFF","1AAAAAAAA1AAAA","4",,,,,,,,,,,,,,,
"3200560","2016-09-27T06:00:00","20.52","125.22",,,"1","3","2","5",,,,"11",,,,,,,,,,,,"0",,,,,,,"286",,,,,,,,,,,,,"226","5","794","103","7","1","2","2","1FFFFF","1AAAAAAAA1AAAA","4",,,,,,,,,,,,,,,
"4300531","2016-09-27T06:00:00","23.44","127.43",,,"1","3","2","5",,,,"11",,,,,,,,,,,,"0",,,,,,,"287",,,,,,,,,,,,,"226","37","794","103","7","1","2","2","1FFFFF","1AAAAAAAA1AAAA","4",,,,,,,,,,,,,,,
"VRDN3","2016-09-27T06:00:00","28.80","126.10",,,"1","4","0","0","5","3",,"1","0","90","4","67",,"97","11","2","10122","7","45","0","280","0","260",,"253","3","230","5","2","7","2","7","0",,"10","5","38","12","2","226","86","992","114","5","1","2","2","211111","11111111111111",,,"1","2",,,,,,,,,,,"4",
"5100523","2016-09-27T06:15:00","24.33","124.19",,,"1","3","2","5",,,,"11",,,,,,,,,,,,"0",,,,,,,"272",,,,,,,,,,,,,"226","44","794","103","7","1","2","2","1FFFFF","1AAAAAAAA1AAAA","4",,,,,,,,,,,,,,,
"3200560","2016-09-27T06:19:00","20.51","125.24",,,"1","4","2","5",,,,"11",,,,,,,,,,,,"8",,,,,,"9","286",,,,,,,,,,,,,"226","5","798","172","7","0",,"2","1FFFFF","1AAAAAAAA1AAAA","4",,,,,,,,,,,,,,,
"4300531","2016-09-27T06:19:00","23.46","127.40",,,"1","4","2","5",,,,"11",,,,,,,,,,,,"8",,,,,,"9","287",,,,,,,,,,,,,"226","37","798","172","7","0",,"2","1FFFFF","1AAAAAAAA1AAAA","4",,,,,,,,,,,,,,,
"3200623","2016-09-27T06:24:00","24.87","129.07",,,"1","3","2","5",,,,"11",,,,,,,,,,,,"0",,,,,,,"288",,,,,,,,,,,,,"226","49","794","103","7","1","2","2","1FFFFF","1AAAAAAAA1AAAA","4",,,,,,,,,,,,,,,
"3200623","2016-09-27T06:28:00","24.88","129.06",,,"1","3","2","5",,,,"11",,,,,,,,,,,,"0",,,,,,,"288",,,,,,,,,,,,,"226","49","794","103","7","1","2","2","1FFFFF","1AAAAAAAA1AAAA","4",,,,,,,,,,,,,,,
"3200560","2016-09-27T07:00:00","20.51","125.24",,,"1","4","2","5",,,,"11",,,,,,,,,,,,"8",,,,,,"9","286",,,,,,,,,,,,,"226","5","798","172","7","1","2","2","1FFFFF","1AAAAAAAA1AAAA","4",,,,,,,,,,,,,,,
"4300531","2016-09-27T07:00:00","23.46","127.40",,,"1","4","2","5",,,,"11",,,,,,,,,,,,"8",,,,,,"9","287",,,,,,,,,,,,,"226","37","798","172","7","1","2","2","1FFFFF","1AAAAAAAA1AAAA","4",,,,,,,,,,,,,,,
"9V9288","2016-09-27T07:00:00","28.00","126.60",,,"1","4","0","0","5","3",,"1","0","90","4","103",,"96",,"2","10080","7","10","0","290","0","270",,"262","1","270","3","3","7","2","1","A",,"6","5",,,,"226","86","992","114","5","1","2","2","111111","111A11111111A1",,,"1","2",,,,,,,,,,,"4",
"3200560","2016-09-27T08:00:00","20.51","125.24",,,"1","4","2","5",,,,"11",,,,,,,,,,,,"8",,,,,,"9","286",,,,,,,,,,,,,"226","5","798","172","7","1","2","2","1FFFFF","1AAAAAAAA1AAAA","4",,,,,,,,,,,,,,,
"4300531","2016-09-27T08:00:00","23.47","127.39",,,"1","4","2","5",,,,"11",,,,,,,,,,,,"8",,,,,,"9","287",,,,,,,,,,,,,"226","37","798","172","7","1","2","2","1FFFFF","1AAAAAAAA1AAAA","4",,,,,,,,,,,,,,,
"4300531","2016-09-27T08:05:00","23.47","127.39",,,"1","4","2","5",,,,"11",,,,,,,,,,,,"8",,,,,,"9","287",,,,,,,,,,,,,"226","37","798","172","7","0",,"2","1FFFFF","1AAAAAAAA1AAAA","4",,,,,,,,,,,,,,,
"3200623","2016-09-27T08:07:00","24.89","129.06",,,"1","4","2","5",,,,"11",,,,,,,,,,,,"8",,,,,,"9","288",,,,,,,,,,,,,"226","49","798","172","7","0",,"2","1FFFFF","1AAAAAAAA1AAAA","4",,,,,,,,,,,,,,,
"3200623","2016-09-27T08:10:00","24.89","129.06",,,"1","4","2","5",,,,"11",,,,,,,,,,,,"8",,,,,,"9","288",,,,,,,,,,,,,"226","49","798","172","7","1","2","2","1FFFFF","1AAAAAAAA1AAAA","4",,,,,,,,,,,,,,,
"3200623","2016-09-27T08:45:00","24.90","129.06",,,"1","4","2","5",,,,"11",,,,,,,,,,,,"8",,,,,,"9","288",,,,,,,,,,,,,"226","49","798","172","7","1","2","2","1FFFFF","1AAAAAAAA1AAAA","4",,,,,,,,,,,,,,,
"5100523","2016-09-27T08:45:00","24.33","124.19",,,"1","4","2","5",,,,"11",,,,,,,,,,,,"8",,,,,,"9","278",,,,,,,,,,,,,"226","44","798","172","7","1","2","2","1FFFFF","1AAAAAAAA1AAAA","4",,,,,,,,,,,,,,,
"3200623","2016-09-27T08:53:00","24.90","129.06",,,"1","4","2","5",,,,"11",,,,,,,,,,,,"8",,,,,,"9","288",,,,,,,,,,,,,"226","49","798","172","7","1","2","2","1FFFFF","1AAAAAAAA1AAAA","4",,,,,,,,,,,,,,,
"3200560","2016-09-27T09:00:00","20.52","125.25",,,"1","3","2","5",,,,"11",,,,,,,,,,,,"0",,,,,,,"286",,,,,,,,,,,,,"226","5","794","103","7","1","2","2","1FFFFF","1AAAAAAAA1AAAA","4",,,,,,,,,,,,,,,
"4300531","2016-09-27T09:00:00","23.48","127.38",,,"1","3","2","5",,,,"11",,,,,,,,,,,,"0",,,,,,,"287",,,,,,,,,,,,,"226","37","794","103","7","1","2","2","1FFFFF","1AAAAAAAA1AAAA","4",,,,,,,,,,,,,,,
"5100523","2016-09-27T09:30:00","24.33","124.19",,,"1","4","2","5",,,,"11",,,,,,,,,,,,"8",,,,,,"9","277",,,,,,,,,,,,,"226","44","798","172","7","1","2","2","1FFFFF","1AAAAAAAA1AAAA","4",,,,,,,,,,,,,,,
"3200623","2016-09-27T09:40:00","24.90","129.05",,,"1","4","2","5",,,,"11",,,,,,,,,,,,"8",,,,,,"9","288",,,,,,,,,,,,,"226","49","798","172","7","0",,"1","1FFFFF","1AAAAAAAA1AAAA","4",,,,,,,,,,,,,,,
"5100523","2016-09-27T09:45:00","24.33","124.19",,,"1","4","2","5",,,,"11",,,,,,,,,,,,"8",,,,,,"9","276",,,,,,,,,,,,,"226","44","798","172","7","1","2","2","1FFFFF","1AAAAAAAA1AAAA","4",,,,,,,,,,,,,,,
"3200623","2016-09-27T09:48:00","24.90","129.05",,,"1","4","2","5",,,,"11",,,,,,,,,,,,"8",,,,,,"9","288",,,,,,,,,,,,,"226","49","798","172","7","1","2","1","1FFFFF","1AAAAAAAA1AAAA","4",,,,,,,,,,,,,,,
"3200623","2016-09-27T09:49:00","24.90","129.05",,,"1","4","2","5",,,,"11",,,,,,,,,,,,"8",,,,,,"9","288",,,,,,,,,,,,,"226","49","798","172","7","1","2","1","1FFFFF","1AAAAAAAA1AAAA","4",,,,,,,,,,,,,,,
"4300531","2016-09-27T09:49:00","23.49","127.37",,,"1","4","2","5",,,,"11",,,,,,,,,,,,"8",,,,,,"9","287",,,,,,,,,,,,,"226","37","798","172","7","0",,"1","1FFFFF","1AAAAAAAA1AAAA","4",,,,,,,,,,,,,,,
"3200560","2016-09-27T09:50:00","20.52","125.25",,,"1","4","2","5",,,,"11",,,,,,,,,,,,"8",,,,,,"9","286",,,,,,,,,,,,,"226","5","798","172","7","0",,"1","1FFFFF","1AAAAAAAA1AAAA","4",,,,,,,,,,,,,,,
"3200623","2016-09-27T09:54:00","24.90","129.05",,,"1","4","2","5",,,,"11",,,,,,,,,,,,"8",,,,,,"9","288",,,,,,,,,,,,,"226","49","798","172","7","1","2","1","1FFFFF","1AAAAAAAA1AAAA","4",,,,,,,,,,,,,,,
"3200623","2016-09-27T09:57:00","24.90","129.05",,,"1","4","2","5",,,,"11",,,,,,,,,,,,"8",,,,,,"9","288",,,,,,,,,,,,,"226","49","798","172","7","1","2","1","1FFFFF","1AAAAAAAA1AAAA","4",,,,,,,,,,,,,,,
"2IWZ7","2016-09-27T10:00:00","26.20","127.60",,,"1","4","0","0","0","0","1","1","0","130","4","77",,"97","81","8","10081","4","0","0","280","0","270",,"267","1","290","8",,"7","5","A","A",,,,,,,"226","67","992","114","5","1","2","1","111111","11111111111AA1",,,"1","2",,,,,,,,,,,"4",
"3200560","2016-09-27T10:00:00","20.52","125.25",,,"1","4","2","5",,,,"11",,,,,,,,,,,,"8",,,,,,"9","286",,,,,,,,,,,,,"226","5","798","172","7","1","2","1","1FFFFF","1AAAAAAAA1AAAA","4",,,,,,,,,,,,,,,
"4300531","2016-09-27T10:00:00","23.49","127.37",,,"1","4","2","5",,,,"11",,,,,,,,,,,,"8",,,,,,"9","287",,,,,,,,,,,,,"226","37","798","172","7","1","2","1","1FFFFF","1AAAAAAAA1AAAA","4",,,,,,,,,,,,,,,
"3200560","2016-09-27T10:26:00","20.52","125.25",,,"1","4","2","5",,,,"11",,,,,,,,,,,,"8",,,,,,"9","286",,,,,,,,,,,,,"226","5","798","172","7","0",,"1","1FFFFF","1AAAAAAAA1AAAA","4",,,,,,,,,,,,,,,
"3200623","2016-09-27T10:27:00","24.91","129.05",,,"1","4","2","5",,,,"11",,,,,,,,,,,,"8",,,,,,"9","288",,,,,,,,,,,,,"226","49","798","172","7","0",,"1","1FFFFF","1AAAAAAAA1AAAA","4",,,,,,,,,,,,,,,
"3200623","2016-09-27T10:33:00","24.91","129.05",,,"1","4","2","5",,,,"11",,,,,,,,,,,,"8",,,,,,"9","288",,,,,,,,,,,,,"226","49","798","172","7","1","2","1","1FFFFF","1AAAAAAAA1AAAA","4",,,,,,,,,,,,,,,
"3200560","2016-09-27T11:00:00","20.52","125.25",,,"1","4","2","5",,,,"11",,,,,,,,,,,,"8",,,,,,"9","286",,,,,,,,,,,,,"226","5","798","172","7","1","2","1","1FFFFF","1AAAAAAAA1AAAA","4",,,,,,,,,,,,,,,
"4300531","2016-09-27T11:00:00","23.49","127.37",,,"1","4","2","5",,,,"11",,,,,,,,,,,,"8",,,,,,"9","287",,,,,,,,,,,,,"226","37","798","172","7","1","2","1","1FFFFF","1AAAAAAAA1AAAA","4",,,,,,,,,,,,,,,
"3200623","2016-09-27T11:29:00","24.93","129.04",,,"1","4","2","5",,,,"11",,,,,,,,,,,,"8",,,,,,"9","288",,,,,,,,,,,,,"226","49","798","172","7","1","2","1","1FFFFF","1AAAAAAAA1AAAA","4",,,,,,,,,,,,,,,
"3200560","2016-09-27T11:52:00","20.53","125.26",,,"1","4","2","5",,,,"11",,,,,,,,,,,,"8",,,,,,"9","286",,,,,,,,,,,,,"226","5","798","172","7","0",,"1","1FFFFF","1AAAAAAAA1AAAA","4",,,,,,,,,,,,,,,
"3200623","2016-09-27T11:54:00","24.91","129.05",,,"1","4","2","5",,,,"11",,,,,,,,,,,,"8",,,,,,"9","288",,,,,,,,,,,,,"226","49","798","172","7","1","2","1","1FFFFF","1AAAAAAAA1AAAA","4",,,,,,,,,,,,,,,
"3200560","2016-09-27T12:00:00","20.53","125.26",,,"1","4","2","5",,,,"11",,,,,,,,,,,,"8",,,,,,"9","286",,,,,,,,,,,,,"226","5","798","172","7","1","2","1","1FFFFF","1AAAAAAAA1AAAA","4",,,,,,,,,,,,,,,
"4300531","2016-09-27T12:00:00","23.49","127.37",,,"1","4","2","5",,,,"11",,,,,,,,,,,,"8",,,,,,"9","287",,,,,,,,,,,,,"226","37","798","172","7","1","2","1","1FFFFF","1AAAAAAAA1AAAA","4",,,,,,,,,,,,,,,
"A8KY7","2016-09-27T12:00:00","28.50","122.30",,,"1","4","0","0","4","3",,"1","0","60","4","123",,"97","3","6","10070","7","15","0","275",,,,"275","3","250","8","5","7","4","7","A",,"5","5","13",,,"226","82","992","114","5","1","2","1","111113","1111111A111171",,,"1","2",,,,,,,,,,,"4",
"TBWUK81","2016-09-27T12:00:00","22.30","128.30",,,"1","4","0","0","1","4",,"1","0","130","3","118",,"97","50","1","10088","1","33","0","285","0","265",,"257","1","285","5","3","7","5","7","A",,"99","4",,,,"226","28","992","114","5","1","2","1","111111","111111111113A1",,,"1","1",,,,,,,,,,,"4",
"VRGO7","2016-09-27T12:00:00","26.30","122.90",,,"1","4","0","0","5","4",,"1","0","20","4","103",,"98","2","0","10064","2","10","0","290","0","260",,"249","3","320",,,,"A",,,,"6","2",,,,"226","62","992","114","5","0",,"1","511111","111111111181A1",,,"1","0",,,,,,,,,,,"4",
"VRID2","2016-09-27T12:00:00","21.10","121.50",,,"1","4","0","0","1","4",,"1","0","230","4","195",,"98","2","2","10010","6","10","0","300","0","270",,"260","1","300",,,,"A",,,,,,,,,"226","11","992","114","5","1","2","1","113111","11111111118AA1",,,"1","2",,,,,,,,,,,"4",
"5100523","2016-09-27T12:30:00","24.33","124.19",,,"1","4","2","5",,,,"11",,,,,,,,,,,,"8",,,,,,"9","271",,,,,,,,,,,,,"226","44","798","172","7","1","2","1","1FFFFF","1AAAAAAAA1AAAA","4",,,,,,,,,,,,,,,
"3200623","2016-09-27T12:39:00","24.93","129.04",,,"1","4","2","5",,,,"11",,,,,,,,,,,,"8",,,,,,"9","288",,,,,,,,,,,,,"226","49","798","172","7","1","2","1","1FFFFF","1AAAAAAAA1AAAA","4",,,,,,,,,,,,,,,
"3200623","2016-09-27T12:43:00","24.93","129.04",,,"1","4","2","5",,,,"11",,,,,,,,,,,,"8",,,,,,"9","288",,,,,,,,,,,,,"226","49","798","172","7","1","2","1","1FFFFF","1AAAAAAAA1AAAA","4",,,,,,,,,,,,,,,
"3200560","2016-09-27T13:00:00","20.53","125.26",,,"1","4","2","5",,,,"11",,,,,,,,,,,,"8",,,,,,"9","286",,,,,,,,,,,,,"226","5","798","172","7","1","2","1","1FFFFF","1AAAAAAAA1AAAA","4",,,,,,,,,,,,,,,
"9V6346","2016-09-27T13:00:00","28.50","123.90",,,"1","4","0","0","4","2",,"1","0","90","4","154",,"97",,"2","10040","7","0","0","250","0","240",,"236","1","240","8","8","6","8","A","A",,"8","7",,"8","7","226","83","992","114","5","1","2","1","114111","111A1111111177",,,"1","2",,"4","4",,,,,,,,"4",
"3200560","2016-09-27T13:28:00","20.52","125.26",,,"1","4","2","5",,,,"11",,,,,,,,,,,,"8",,,,,,"9","286",,,,,,,,,,,,,"226","5","798","172","7","0",,"1","1FFFFF","1AAAAAAAA1AAAA","4",,,,,,,,,,,,,,,
"3200623","2016-09-27T13:30:00","24.93","129.04",,,"1","4","2","5",,,,"11",,,,,,,,,,,,"8",,,,,,"9","288",,,,,,,,,,,,,"226","49","798","172","7","1","2","1","1FFFFF","1AAAAAAAA1AAAA","4",,,,,,,,,,,,,,,
"4300531","2016-09-27T13:32:00","23.53","127.32",,,"1","4","2","5",,,,"11",,,,,,,,,,,,"8",,,,,,"9","287",,,,,,,,,,,,,"226","37","798","172","7","1","2","1","1FFFFF","1AAAAAAAA1AAAA","4",,,,,,,,,,,,,,,
"3200560","2016-09-27T14:00:00","20.52","125.26",,,"1","4","2","5",,,,"11",,,,,,,,,,,,"8",,,,,,"9","286",,,,,,,,,,,,,"226","5","798","172","7","0",,"1","1FFFFF","1AAAAAAAA1AAAA","4",,,,,,,,,,,,,,,
"4300531","2016-09-27T14:00:00","23.53","127.32",,,"1","4","2","5",,,,"11",,,,,,,,,,,,"8",,,,,,"9","287",,,,,,,,,,,,,"226","37","798","172","7","1","2","1","1FFFFF","1AAAAAAAA1AAAA","4",,,,,,,,,,,,,,,
"3200623","2016-09-27T14:20:00","24.93","129.04",,,"1","4","2","5",,,,"11",,,,,,,,,,,,"8",,,,,,"9","288",,,,,,,,,,,,,"226","49","798","172","7","1","2","1","1FFFFF","1AAAAAAAA1AAAA","4",,,,,,,,,,,,,,,
"3200560","2016-09-27T15:00:00","20.52","125.26",,,"1","4","2","5",,,,"11",,,,,,,,,,,,"8",,,,,,"9","286",,,,,,,,,,,,,"226","5","798","172","7","1","2","1","1FFFFF","1AAAAAAAA1AAAA","4",,,,,,,,,,,,,,,
"4300531","2016-09-27T15:00:00","23.53","127.32",,,"1","4","2","5",,,,"11",,,,,,,,,,,,"8",,,,,,"9","287",,,,,,,,,,,,,"226","37","798","172","7","1","2","1","1FFFFF","1AAAAAAAA1AAAA","4",,,,,,,,,,,,,,,
"MASKSTID","2016-09-27T15:00:00","26.10","120.80",,,"1","4",,"0","1","2",,"2","0",,"3",,,"95","65","9",,"2","15",,"285","0","280",,"278","1","290","8","0","8","2","4","6",,"10","14",,,,"226","60","792","103","5","1","2","1","116161","111111111111A1",,,"1","8",,,,,,,,,,,"4",
"VRID2","2016-09-27T15:00:00","21.90","122.00",,,"1","4","0","0","1","4",,"1","0","200","4","206",,"97","2","2","10030","1","20","0","295","0","270",,"265","1","290",,,,"A",,,,,,,,,"226","12","992","114","5","1","2","1","111511","11111111118AA1",,,"1","2",,,,,,,,,,,"4",
"3200560","2016-09-27T16:00:00","20.52","125.26",,,"1","4","2","5",,,,"11",,,,,,,,,,,,"8",,,,,,"9","286",,,,,,,,,,,,,"226","5","798","172","7","1","2","1","1FFFFF","1AAAAAAAA1AAAA","4",,,,,,,,,,,,,,,
"4300531","2016-09-27T16:00:00","23.56","127.24",,,"1","4","2","5",,,,"11",,,,,,,,,,,,"8",,,,,,"9","287",,,,,,,,,,,,,"226","37","798","172","7","1","2","1","1FFFFF","1AAAAAAAA1AAAA","4",,,,,,,,,,,,,,,
"9V6346","2016-09-27T16:00:00","28.20","123.90",,,"1","4","0","0","4","2",,"1","0","110","4","154",,"97",,"2","10040","7","0","0","270","0","260",,"256","1","260","8","8","6","7","A","A",,"8","7",,"8","7","226","83","992","114","5","1","2","1","112111","111A1111111177",,,"1","2",,"4","4",,,,,,,,"4",
"3200560","2016-09-27T17:00:00","20.55","125.29",,,"1","4","2","5",,,,"11",,,,,,,,,,,,"8",,,,,,"9","286",,,,,,,,,,,,,"226","5","798","172","7","1","2","1","1FFFFF","1AAAAAAAA1AAAA","4",,,,,,,,,,,,,,,
"4300531","2016-09-27T17:00:00","23.56","127.24",,,"1","4","2","5",,,,"11",,,,,,,,,,,,"8",,,,,,"9","287",,,,,,,,,,,,,"226","37","798","172","7","1","2","1","1FFFFF","1AAAAAAAA1AAAA","4",,,,,,,,,,,,,,,
"3200623","2016-09-27T17:11:00","24.96","129.04",,,"1","4","2","5",,,,"11",,,,,,,,,,,,"8",,,,,,"9","288",,,,,,,,,,,,,"226","49","798","172","7","0",,"1","1FFFFF","1AAAAAAAA1AAAA","4",,,,,,,,,,,,,,,
"3200623","2016-09-27T17:12:00","24.93","129.04",,,"1","4","2","5",,,,"11",,,,,,,,,,,,"8",,,,,,"9","288",,,,,,,,,,,,,"226","49","798","172","7","1","2","1","1FFFFF","1AAAAAAAA1AAAA","4",,,,,,,,,,,,,,,
"4300531","2016-09-27T17:13:00","23.56","127.24",,,"1","4","2","5",,,,"11",,,,,,,,,,,,"8",,,,,,"9","287",,,,,,,,,,,,,"226","37","798","172","7","1","2","1","1FFFFF","1AAAAAAAA1AAAA","4",,,,,,,,,,,,,,,
"3200623","2016-09-27T17:18:00","24.96","129.04",,,"1","4","2","5",,,,"11",,,,,,,,,,,,"8",,,,,,"9","288",,,,,,,,,,,,,"226","49","798","172","7","1","2","1","1FFFFF","1AAAAAAAA1AAAA","4",,,,,,,,,,,,,,,
"3200560","2016-09-27T18:00:00","20.55","125.29",,,"1","4","2","5",,,,"11",,,,,,,,,,,,"8",,,,,,"9","286",,,,,,,,,,,,,"226","5","798","172","7","1","2","1","1FFFFF","1AAAAAAAA1AAAA","4",,,,,,,,,,,,,,,
"4300531","2016-09-27T18:00:00","23.58","127.23",,,"1","4","2","5",,,,"11",,,,,,,,,,,,"8",,,,,,"9","287",,,,,,,,,,,,,"226","37","798","172","7","1","2","1","1FFFFF","1AAAAAAAA1AAAA","4",,,,,,,,,,,,,,,
"A8KY7","2016-09-27T18:00:00","27.60","122.00",,,"1","4","0","0","5","2",,"1","0","90","4","175",,"96","61","6","10040","6","20","0","270","0","260",,"257",,,"8","8","7","2","A","A",,"6","10","9","10","9","226","72","992","114","5","1","2","1","F14111","111111111A1111",,,"1","2",,,,,,,,,,,"4",
"C6LG6","2016-09-27T18:00:00","26.30","123.50",,,"1","4","0","0","6","2","1","1","0","120","1","180",,"96","50","5","10020","7","30","0","275","0","260",,"254",,,"6","5","7","2","A","A",,"4","8","29","7","16","226","63","992","114","5","1","2","1","F12111","111111111A1111",,,"1","2",,,,,,,,,,,"4",
"TBWUK81","2016-09-27T18:00:00","23.60","129.60",,,"1","4","0","0","1","4",,"1","0","150","3","87",,"98","0","2","10100","0","3","0","285","0","262",,"253","1","292","5",,,"A",,,,,,,,,"226","39","992","114","5","1","2","1","111111","11111111111AA1",,,"1","2",,,,,,,,,,,"4",
"VRLT9","2016-09-27T18:00:00","29.50","123.90",,,"1","4","0","0",,,,"1","0","130","4","103",,,"10",,"10080","7","10","0","200","0","200",,"200",,,,,,"A",,,,"12","4","17","10","9","226","93","992","114","5","1","2","1","F21113","11A1A1111A8111",,,"1",,,,,,,,,,,,"4",
"5100523","2016-09-27T18:45:00","24.33","124.19",,,"1","4","2","5",,,,"11",,,,,,,,,,,,"8",,,,,,"9","274",,,,,,,,,,,,,"226","44","798","172","7","1","2","1","1FFFFF","1AAAAAAAA1AAAA","4",,,,,,,,,,,,,,,
"3200623","2016-09-27T18:53:00","24.97","129.03",,,"1","4","2","5",,,,"11",,,,,,,,,,,,"8",,,,,,"9","288",,,,,,,,,,,,,"226","49","798","172","7","0",,"1","1FFFFF","1AAAAAAAA1AAAA","4",,,,,,,,,,,,,,,
"4300531","2016-09-27T18:53:00","23.63","127.19",,,"1","4","2","5",,,,"11",,,,,,,,,,,,"8",,,,,,"9","286",,,,,,,,,,,,,"226","37","798","172","7","0",,"1","1FFFFF","1AAAAAAAA1AAAA","4",,,,,,,,,,,,,,,
"3200560","2016-09-27T18:54:00","20.55","125.29",,,"1","4","2","5",,,,"11",,,,,,,,,,,,"8",,,,,,"9","286",,,,,,,,,,,,,"226","5","798","172","7","0",,"1","1FFFFF","1AAAAAAAA1AAAA","4",,,,,,,,,,,,,,,
"3200623","2016-09-27T18:56:00","24.97","129.03",,,"1","4","2","5",,,,"11",,,,,,,,,,,,"8",,,,,,"9","288",,,,,,,,,,,,,"226","49","798","172","7","1","2","1","1FFFFF","1AAAAAAAA1AAAA","4",,,,,,,,,,,,,,,
"3200623","2016-09-27T18:59:00","24.97","129.03",,,"1","4","2","5",,,,"11",,,,,,,,,,,,"8",,,,,,"9","288",,,,,,,,,,,,,"226","49","798","172","7","1","2","1","1FFFFF","1AAAAAAAA1AAAA","4",,,,,,,,,,,,,,,
"3200560","2016-09-27T19:00:00","20.55","125.29",,,"1","4","2","5",,,,"11",,,,,,,,,,,,"8",,,,,,"9","286",,,,,,,,,,,,,"226","5","798","172","7","1","2","1","1FFFFF","1AAAAAAAA1AAAA","4",,,,,,,,,,,,,,,
"4300531","2016-09-27T19:00:00","23.63","127.19",,,"1","4","2","5",,,,"11",,,,,,,,,,,,"8",,,,,,"9","286",,,,,,,,,,,,,"226","37","798","172","7","1","2","1","1FFFFF","1AAAAAAAA1AAAA","4",,,,,,,,,,,,,,,
"3200623","2016-09-27T19:19:00","24.97","129.03",,,"1","4","2","5",,,,"11",,,,,,,,,,,,"8",,,,,,"9","288",,,,,,,,,,,,,"226","49","798","172","7","1","2","1","1FFFFF","1AAAAAAAA1AAAA","4",,,,,,,,,,,,,,,
"3200560","2016-09-27T20:00:00","20.55","125.29",,,"1","4","2","5",,,,"11",,,,,,,,,,,,"8",,,,,,"9","286",,,,,,,,,,,,,"226","5","798","172","7","1","2","1","1FFFFF","1AAAAAAAA1AAAA","4",,,,,,,,,,,,,,,
"4300531","2016-09-27T20:00:00","23.67","127.18",,,"1","4","2","5",,,,"11",,,,,,,,,,,,"8",,,,,,"9","286",,,,,,,,,,,,,"226","37","798","172","7","1","2","1","1FFFFF","1AAAAAAAA1AAAA","4",,,,,,,,,,,,,,,
"4300531","2016-09-27T20:28:00","23.67","127.18",,,"1","4","2","5",,,,"11",,,,,,,,,,,,"8",,,,,,"9","286",,,,,,,,,,,,,"226","37","798","172","7","0",,"1","1FFFFF","1AAAAAAAA1AAAA","4",,,,,,,,,,,,,,,
"3200623","2016-09-27T20:29:00","24.97","129.03",,,"1","4","2","5",,,,"11",,,,,,,,,,,,"8",,,,,,"9","288",,,,,,,,,,,,,"226","49","798","172","7","1","2","1","1FFFFF","1AAAAAAAA1AAAA","4",,,,,,,,,,,,,,,
"5100523","2016-09-27T20:45:00","24.33","124.19",,,"1","4","2","5",,,,"11",,,,,,,,,,,,"8",,,,,,"9","274",,,,,,,,,,,,,"226","44","798","172","7","1","2","1","1FFFFF","1AAAAAAAA1AAAA","4",,,,,,,,,,,,,,,
"4300531","2016-09-27T20:59:00","23.68","127.18",,,"1","4","2","5",,,,"11",,,,,,,,,,,,"8",,,,,,"9","286",,,,,,,,,,,,,"226","37","798","172","7","0",,"1","1FFFFF","1AAAAAAAA1AAAA","4",,,,,,,,,,,,,,,
"3200560","2016-09-27T21:00:00","20.56","125.28",,,"1","4","2","5",,,,"11",,,,,,,,,,,,"8",,,,,,"9","286",,,,,,,,,,,,,"226","5","798","172","7","1","2","1","1FFFFF","1AAAAAAAA1AAAA","4",,,,,,,,,,,,,,,
"4300531","2016-09-27T21:00:00","23.68","127.18",,,"1","4","2","5",,,,"11",,,,,,,,,,,,"8",,,,,,"9","286",,,,,,,,,,,,,"226","37","798","172","7","1","2","1","1FFFFF","1AAAAAAAA1AAAA","4",,,,,,,,,,,,,,,
"VRLT9","2016-09-27T21:00:00","29.10","124.20",,,"1","4","0","0","3","2",,"1","0","280","4","123",,"97",,"2","10070","4",,"0","240","0","220",,"211",,,"7","6","8","3","A","A",,"6","6",,"4","4","226","94","992","114","5","1","2","1","F15111","111A11111A1177",,,"1","2",,"2","2",,"0","0","A","0","A","A","4",
"3200623","2016-09-27T21:01:00","24.99","129.02",,,"1","4","2","5",,,,"11",,,,,,,,,,,,"8",,,,,,"9","288",,,,,,,,,,,,,"226","49","798","172","7","0",,"1","1FFFFF","1AAAAAAAA1AAAA","4",,,,,,,,,,,,,,,
"3200623","2016-09-27T21:04:00","24.99","129.02",,,"1","4","2","5",,,,"11",,,,,,,,,,,,"8",,,,,,"9","288",,,,,,,,,,,,,"226","49","798","172","7","1","2","1","1FFFFF","1AAAAAAAA1AAAA","4",,,,,,,,,,,,,,,
"3200623","2016-09-27T21:17:00","24.99","129.02",,,"1","4","2","5",,,,"11",,,,,,,,,,,,"8",,,,,,"9","288",,,,,,,,,,,,,"226","49","798","172","7","1","2","1","1FFFFF","1AAAAAAAA1AAAA","4",,,,,,,,,,,,,,,
"3200623","2016-09-27T21:19:00","24.99","129.03",,,"1","4","2","5",,,,"11",,,,,,,,,,,,"8",,,,,,"9","289",,,,,,,,,,,,,"226","49","798","172","7","0",,"2","1FFFFF","1AAAAAAAA1AAAA","4",,,,,,,,,,,,,,,
"3200560","2016-09-27T21:22:00","20.56","125.29",,,"1","4","2","5",,,,"11",,,,,,,,,,,,"8",,,,,,"9","286",,,,,,,,,,,,,"226","5","798","172","7","0",,"1","1FFFFF","1AAAAAAAA1AAAA","4",,,,,,,,,,,,,,,
"3200623","2016-09-27T21:26:00","24.99","129.03",,,"1","4","2","5",,,,"11",,,,,,,,,,,,"8",,,,,,"9","289",,,,,,,,,,,,,"226","49","798","172","7","1","2","2","1FFFFF","1AAAAAAAA1AAAA","4",,,,,,,,,,,,,,,
"3200560","2016-09-27T22:00:00","20.56","125.29",,,"1","4","2","5",,,,"11",,,,,,,,,,,,"8",,,,,,"9","286",,,,,,,,,,,,,"226","5","798","172","7","1","2","2","1FFFFF","1AAAAAAAA1AAAA","4",,,,,,,,,,,,,,,
"4300531","2016-09-27T22:00:00","23.72","127.16",,,"1","4","2","5",,,,"11",,,,,,,,,,,,"8",,,,,,"9","286",,,,,,,,,,,,,"226","37","798","172","7","1","2","2","1FFFFF","1AAAAAAAA1AAAA","4",,,,,,,,,,,,,,,
"5100523","2016-09-27T22:00:00","24.33","124.19",,,"1","4","2","5",,,,"11",,,,,,,,,,,,"8",,,,,,"9","274",,,,,,,,,,,,,"226","44","798","172","7","1","2","2","1FFFFF","1AAAAAAAA1AAAA","4",,,,,,,,,,,,,,,
"3200623","2016-09-27T22:06:00","25.00","129.02",,,"1","4","2","5",,,,"11",,,,,,,,,,,,"8",,,,,,"9","289",,,,,,,,,,,,,"226","59","798","172","7","1","2","2","1FFFFF","1AAAAAAAA1AAAA","4",,,,,,,,,,,,,,,
"3200623","2016-09-27T22:07:00","25.00","129.02",,,"1","4","2","5",,,,"11",,,,,,,,,,,,"8",,,,,,"9","289",,,,,,,,,,,,,"226","59","798","172","7","1","2","2","1FFFFF","1AAAAAAAA1AAAA","4",,,,,,,,,,,,,,,
"4300531","2016-09-27T22:08:00","23.72","127.16",,,"1","4","2","5",,,,"11",,,,,,,,,,,,"8",,,,,,"9","286",,,,,,,,,,,,,"226","37","798","172","7","0",,"2","1FFFFF","1AAAAAAAA1AAAA","4",,,,,,,,,,,,,,,
"3200623","2016-09-27T22:13:00","25.00","129.02",,,"1","4","2","5",,,,"11",,,,,,,,,,,,"8",,,,,,"9","289",,,,,,,,,,,,,"226","59","798","172","7","1","2","2","1FFFFF","1AAAAAAAA1AAAA","4",,,,,,,,,,,,,,,
"3200623","2016-09-27T22:37:00","25.01","129.02",,,"1","4","2","5",,,,"11",,,,,,,,,,,,"8",,,,,,"9","289",,,,,,,,,,,,,"226","59","798","172","7","0",,"2","1FFFFF","1AAAAAAAA1AAAA","4",,,,,,,,,,,,,,,
"3200623","2016-09-27T22:39:00","25.01","129.02",,,"1","4","2","5",,,,"11",,,,,,,,,,,,"8",,,,,,"9","289",,,,,,,,,,,,,"226","59","798","172","7","1","2","2","1FFFFF","1AAAAAAAA1AAAA","4",,,,,,,,,,,,,,,
"3200560","2016-09-27T23:00:00","20.56","125.29",,,"1","4","2","5",,,,"11",,,,,,,,,,,,"8",,,,,,"9","286",,,,,,,,,,,,,"226","5","798","172","7","1","2","2","1FFFFF","1AAAAAAAA1AAAA","4",,,,,,,,,,,,,,,
"3200623","2016-09-27T23:00:00","25.01","129.02",,,"1","4","2","5",,,,"11",,,,,,,,,,,,"8",,,,,,"9","290",,,,,,,,,,,,,"226","59","798","172","7","1","2","2","1FFFFF","1AAAAAAAA1AAAA","4",,,,,,,,,,,,,,,
"4300531","2016-09-27T23:00:00","23.72","127.16",,,"1","4","2","5",,,,"11",,,,,,,,,,,,"8",,,,,,"9","286",,,,,,,,,,,,,"226","37","798","172","7","1","2","2","1FFFFF","1AAAAAAAA1AAAA","4",,,,,,,,,,,,,,,
"3200623","2016-09-27T23:01:00","25.00","129.02",,,"1","4","2","5",,,,"11",,,,,,,,,,,,"8",,,,,,"9","289",,,,,,,,,,,,,"226","59","798","172","7","1","2","2","1FFFFF","1AAAAAAAA1AAAA","4",,,,,,,,,,,,,,,
"3200560","2016-09-27T23:02:00","20.57","125.28",,,"1","4","2","5",,,,"11",,,,,,,,,,,,"8",,,,,,"9","286",,,,,,,,,,,,,"226","5","798","172","7","0",,"2","1FFFFF","1AAAAAAAA1AAAA","4",,,,,,,,,,,,,,,
"3200623","2016-09-27T23:22:00","25.01","129.02",,,"1","4","2","5",,,,"11",,,,,,,,,,,,"8",,,,,,"9","289",,,,,,,,,,,,,"226","59","798","172","7","1","2","2","1FFFFF","1AAAAAAAA1AAAA","4",,,,,,,,,,,,,,,
"3200560","2016-09-28T00:00:00","20.57","125.28",,,"1","4","2","5",,,,"11",,,,,,,,,,,,"8",,,,,,"9","286",,,,,,,,,,,,,"226","5","798","172","7","1","2","2","1FFFFF","1AAAAAAAA1AAAA","4",,,,,,,,,,,,,,,
"4300531","2016-09-28T00:00:00","23.77","127.15",,,"1","4","2","5",,,,"11",,,,,,,,,,,,"8",,,,,,"9","286",,,,,,,,,,,,,"226","37","798","172","7","1","2","2","1FFFFF","1AAAAAAAA1AAAA","4",,,,,,,,,,,,,,,
"9V6346","2016-09-28T00:00:00","27.20","123.00",,,"1","4","0","0","4","2",,"1","0","120","4","154",,"97",,"2","10040","4","0","0","270","0","260",,"256","1","260","8","8","6","8","A","A",,"8","7",,"8","7","226","73","992","114","5","1","2","2","112111","111A1111111171",,,"1","2",,"4","6",,,,,,,,"4",
"A8KY7","2016-09-28T00:00:00","26.80","121.60",,,"1","4","0","0","4","2",,"1","0","120","4","195",,"96","7","6","10025","7","15","0","270","0","260",,"257","3","250","8","4","7","2","7","A",,"5","6","9","8","9","226","61","992","114","5","1","2","2","114111","11111111111111",,,"1","5",,,,,,,,,,,"4",
"A8PF5","2016-09-28T00:00:00","20.50","121.00",,,"1","4","0","0","7","3",,"1","0","240","4","93",,"96","5","2","10030","0","10","0","300","0","280",,"274",,,"7","7","7","3","A","A",,"8","6",,,,"226","1","992","114","5","1","2","2","F11111","111111111A11A1",,,"1","2",,,,,,,,,,,"4",
"CQYJ","2016-09-28T00:00:00","22.50","126.30",,,"1","4","0","0","1","4",,"1","0","160","4","139",,"98","1",,"10080","2",,"0","270","0","270",,"270","3","295",,,"7","A","A","A",,"6","4","14","6","6","226","26","992","114","5","1","2","2","111113","1111A111118117",,,"1",,,,,,,,,,,,"4",
"4300531","2016-09-28T00:18:00","23.77","127.15",,,"1","4","2","5",,,,"11",,,,,,,,,,,,"8",,,,,,"9","286",,,,,,,,,,,,,"226","37","798","172","7","0",,"2","1FFFFF","1AAAAAAAA1AAAA","4",,,,,,,,,,,,,,,
"3200560","2016-09-28T01:00:00","20.57","125.28",,,"1","4","2","5",,,,"11",,,,,,,,,,,,"8",,,,,,"9","286",,,,,,,,,,,,,"226","5","798","172","7","1","2","2","1FFFFF","1AAAAAAAA1AAAA","4",,,,,,,,,,,,,,,
"4300531","2016-09-28T01:00:00","23.77","127.15",,,"1","4","2","5",,,,"11",,,,,,,,,,,,"8",,,,,,"9","286",,,,,,,,,,,,,"226","37","798","172","7","1","2","2","1FFFFF","1AAAAAAAA1AAAA","4",,,,,,,,,,,,,,,
"3200623","2016-09-28T01:05:00","25.01","129.02",,,"1","4","2","5",,,,"11",,,,,,,,,,,,"8",,,,,,"9","290",,,,,,,,,,,,,"226","59","798","172","7","1","2","2","1FFFFF","1AAAAAAAA1AAAA","4",,,,,,,,,,,,,,,
"3200623","2016-09-28T01:08:00","25.03","129.03",,,"1","4","2","5",,,,"11",,,,,,,,,,,,"8",,,,,,"9","290",,,,,,,,,,,,,"226","59","798","172","7","1","2","2","1FFFFF","1AAAAAAAA1AAAA","4",,,,,,,,,,,,,,,
"3200623","2016-09-28T01:56:00","25.03","129.03",,,"1","4","2","5",,,,"11",,,,,,,,,,,,"8",,,,,,"9","291",,,,,,,,,,,,,"226","59","798","172","7","1","2","2","1FFFFF","1AAAAAAAA1AAAA","4",,,,,,,,,,,,,,,
"4300531","2016-09-28T01:56:00","23.84","127.15",,,"1","4","2","5",,,,"11",,,,,,,,,,,,"8",,,,,,"9","286",,,,,,,,,,,,,"226","37","798","172","7","0",,"2","1FFFFF","1AAAAAAAA1AAAA","4",,,,,,,,,,,,,,,
"3200560","2016-09-28T01:57:00","20.59","125.29",,,"1","4","2","5",,,,"11",,,,,,,,,,,,"8",,,,,,"9","286",,,,,,,,,,,,,"226","5","798","172","7","1","2","2","1FFFFF","1AAAAAAAA1AAAA","4",,,,,,,,,,,,,,,
"3200623","2016-09-28T01:58:00","25.03","129.03",,,"1","4","2","5",,,,"11",,,,,,,,,,,,"8",,,,,,"9","290",,,,,,,,,,,,,"226","59","798","172","7","1","2","2","1FFFFF","1AAAAAAAA1AAAA","4",,,,,,,,,,,,,,,
"3200560","2016-09-28T02:00:00","20.59","125.29",,,"1","4","2","5",,,,"11",,,,,,,,,,,,"8",,,,,,"9","286",,,,,,,,,,,,,"226","5","798","172","7","1","2","2","1FFFFF","1AAAAAAAA1AAAA","4",,,,,,,,,,,,,,,
"4300531","2016-09-28T02:00:00","23.84","127.15",,,"1","4","2","5",,,,"11",,,,,,,,,,,,"8",,,,,,"9","286",,,,,,,,,,,,,"226","37","798","172","7","1","2","2","1FFFFF","1AAAAAAAA1AAAA","4",,,,,,,,,,,,,,,
"3200623","2016-09-28T02:02:00","25.03","129.03",,,"1","4","2","5",,,,"11",,,,,,,,,,,,"8",,,,,,"9","290",,,,,,,,,,,,,"226","59","798","172","7","1","2","2","1FFFFF","1AAAAAAAA1AAAA","4",,,,,,,,,,,,,,,
"3200623","2016-09-28T02:43:00","25.03","129.03",,,"1","4","2","5",,,,"11",,,,,,,,,,,,"8",,,,,,"9","290",,,,,,,,,,,,,"226","59","798","172","7","1","2","2","1FFFFF","1AAAAAAAA1AAAA","4",,,,,,,,,,,,,,,
"3200623","2016-09-28T02:46:00","25.03","129.03",,,"1","3","2","5",,,,"11",,,,,,,,,,,,,,,,,,,,,,,,,,,,,,,,"226","59","798","172","7","0",,"2","FFFFFF","1AAAAAAAAAAAAA","4",,,,,,,,,,,,,,,
"3200560","2016-09-28T03:00:00","20.59","125.29",,,"1","4","2","5",,,,"11",,,,,,,,,,,,"8",,,,,,"9","286",,,,,,,,,,,,,"226","5","798","172","7","1","2","2","1FFFFF","1AAAAAAAA1AAAA","4",,,,,,,,,,,,,,,
"4300531","2016-09-28T03:00:00","23.84","127.15",,,"1","4","2","5",,,,"11",,,,,,,,,,,,"8",,,,,,"9","286",,,,,,,,,,,,,"226","37","798","172","7","1","2","2","1FFFFF","1AAAAAAAA1AAAA","4",,,,,,,,,,,,,,,
"DIXJ2","2016-09-28T03:00:00","29.60","123.10",,,"1","4","0","0","5","3","1","1","0","60","4","62",,"97","1","2","10092","8","8","0","300",,,,"264","1","277","6",,"7","2","1","8",,"6","2","16","10","7","226","93","992","114","5","1","2","2","111111","1111111A111111",,,"1","2",,,,,,,,,,,"4",
"VRID2","2016-09-28T03:00:00","25.30","122.60",,,"1","4","0","0","8","4",,"1","0","140","4","139",,"97","2","2","10075","0","20","0","290","0","260",,"250","1","270","9","9","A","A","A","A",,"5","6","14","6","6","226","52","992","114","5","1","2","2","111111","11111111114111",,,"1","2",,,,,,,,,,,"4",
"3200560","2016-09-28T04:00:00","20.59","125.29",,,"1","4","2","5",,,,"11",,,,,,,,,,,,"8",,,,,,"9","286",,,,,,,,,,,,,"226","5","798","172","7","1","2","2","1FFFFF","1AAAAAAAA1AAAA","4",,,,,,,,,,,,,,,
"4300531","2016-09-28T04:00:00","23.84","127.15",,,"1","4","2","5",,,,"11",,,,,,,,,,,,"8",,,,,,"9","286",,,,,,,,,,,,,"226","37","798","172","7","1","2","2","1FFFFF","1AAAAAAAA1AAAA","4",,,,,,,,,,,,,,,
"3200623","2016-09-28T04:28:00","25.03","129.03",,,"1","4","2","5",,,,"11",,,,,,,,,,,,"8",,,,,,"9","291",,,,,,,,,,,,,"226","59","798","172","7","1","2","2","1FFFFF","1AAAAAAAA1AAAA","4",,,,,,,,,,,,,,,
"3200560","2016-09-28T05:00:00","20.63","125.36",,,"1","4","2","5",,,,"11",,,,,,,,,,,,"8",,,,,,"9","286",,,,,,,,,,,,,"226","5","798","172","7","1","2","2","1FFFFF","1AAAAAAAA1AAAA","4",,,,,,,,,,,,,,,
"4300531","2016-09-28T05:00:00","23.93","127.19",,,"1","4","2","5",,,,"11",,,,,,,,,,,,"8",,,,,,"9","286",,,,,,,,,,,,,"226","37","798","172","7","1","2","2","1FFFFF","1AAAAAAAA1AAAA","4",,,,,,,,,,,,,,,
"VRJZ9","2016-09-28T05:00:00","21.90","121.20",,,"1","4","0","0","1","3",,"1","0","180","3","123",,,,,"10080","1","20","0","310","0","290",,"284","1","290","9","9","0","A","0","0",,"10","6","14","10","6","226","11","992","114","5","1","2","2","111111","11AAA111111111",,,"1",,"14","10","6",,,,,,,,"4",
"3200560","2016-09-28T06:00:00","20.59","125.29",,,"1","4","2","5",,,,"11",,,,,,,,,,,,"8",,,,,,"9","286",,,,,,,,,,,,,"226","5","798","172","7","1","2","2","1FFFFF","1AAAAAAAA1AAAA","4",,,,,,,,,,,,,,,
"4300531","2016-09-28T06:00:00","23.84","127.15",,,"1","4","2","5",,,,"11",,,,,,,,,,,,"8",,,,,,"9","286",,,,,,,,,,,,,"226","37","798","172","7","1","2","2","1FFFFF","1AAAAAAAA1AAAA","4",,,,,,,,,,,,,,,
"DIXJ2","2016-09-28T06:00:00","28.90","122.70",,,"1","4","0","0","5","4","1","1","0","70","4","67",,"96","2","2","10067","8","21","0","281",,,,"263","1","272","8","8","7","2","A","A",,"99","2","16","8","10","226","82","992","114","5","1","2","2","111111","1114111A111311",,,"1","2",,,,,,,,,,,"4",
"VRDN3","2016-09-28T06:00:00","25.80","122.30",,,"1","4","0","0","5","3",,"1","0","250","4","129",,"96","3","2","10007","8","40","0","270","0","260",,"257","3",,"6","6","6","1","7","7",,"7","8",,,,"226","52","992","114","5","1","2","2","615111","111411111111A1",,,"1","2",,,,,,,,,,,"4",
"VRLT9","2016-09-28T06:00:00","27.80","123.90",,,"1","4","0","0","5","2",,"1","0","120","4","93",,"97",,"2","10060",,"15","0","290","0","280",,"277",,,"7",,,"A",,,,"10","3","17","12","7","226","73","992","114","5","1","2","2","F11111","111A11111A1117",,,"1","2",,,,,,,,,,,"4",
"3200623","2016-09-28T06:06:00","25.03","129.03",,,"1","4","2","5",,,,"11",,,,,,,,,,,,"8",,,,,,"9","291",,,,,,,,,,,,,"226","59","798","172","7","1","2","2","1FFFFF","1AAAAAAAA1AAAA","4",,,,,,,,,,,,,,,
"4300531","2016-09-28T06:06:00","23.93","127.19",,,"1","4","2","5",,,,"11",,,,,,,,,,,,"8",,,,,,"9","286",,,,,,,,,,,,,"226","37","798","172","7","0",,"2","1FFFFF","1AAAAAAAA1AAAA","4",,,,,,,,,,,,,,,
"3200560","2016-09-28T06:07:00","20.63","125.36",,,"1","4","2","5",,,,"11",,,,,,,,,,,,"8",,,,,,"9","286",,,,,,,,,,,,,"226","5","798","172","7","1","2","2","1FFFFF","1AAAAAAAA1AAAA","4",,,,,,,,,,,,,,,
"3200623","2016-09-28T06:09:00","25.03","129.03",,,"1","4","2","5",,,,"11",,,,,,,,,,,,"8",,,,,,"9","291",,,,,,,,,,,,,"226","59","798","172","7","1","2","2","1FFFFF","1AAAAAAAA1AAAA","4",,,,,,,,,,,,,,,
"3200623","2016-09-28T06:16:00","25.06","129.01",,,"1","4","2","5",,,,"11",,,,,,,,,,,,"8",,,,,,"9","291",,,,,,,,,,,,,"226","59","798","172","7","1","2","2","1FFFFF","1AAAAAAAA1AAAA","4",,,,,,,,,,,,,,,
"3200560","2016-09-28T07:00:00","20.63","125.36",,,"1","4","2","5",,,,"11",,,,,,,,,,,,"8",,,,,,"9","286",,,,,,,,,,,,,"226","5","798","172","7","0",,"2","1FFFFF","1AAAAAAAA1AAAA","4",,,,,,,,,,,,,,,
"4300531","2016-09-28T07:00:00","23.93","127.19",,,"1","4","2","5",,,,"11",,,,,,,,,,,,"8",,,,,,"9","286",,,,,,,,,,,,,"226","37","798","172","7","0",,"2","1FFFFF","1AAAAAAAA1AAAA","4",,,,,,,,,,,,,,,
"3200623","2016-09-28T07:40:00","25.06","129.01",,,"1","4","2","5",,,,"11",,,,,,,,,,,,"8",,,,,,"9","291",,,,,,,,,,,,,"226","59","798","172","7","0",,"2","1FFFFF","1AAAAAAAA1AAAA","4",,,,,,,,,,,,,,,
"3200623","2016-09-28T07:54:00","25.06","129.01",,,"1","4","2","5",,,,"11",,,,,,,,,,,,"8",,,,,,"9","291",,,,,,,,,,,,,"226","59","798","172","7","1","2","2","1FFFFF","1AAAAAAAA1AAAA","4",,,,,,,,,,,,,,,
"2IWZ7","2016-09-28T08:00:00","25.80","125.80",,,"1","4","0","0","6","4","1","1","0","170","4","165",,"98","1","1","10065","8","10","0","295","0","260",,"248","1","300","5","5","9","6","4","7",,"7","9","18","7","9","226","55","992","114","5","1","2","2","111311","11111111111111",,,"1","1",,,,,,,,,,,"4",
"3200560","2016-09-28T08:00:00","20.65","125.36",,,"1","4","2","5",,,,"11",,,,,,,,,,,,"8",,,,,,"9","286",,,,,,,,,,,,,"226","5","798","172","7","0",,"2","1FFFFF","1AAAAAAAA1AAAA","4",,,,,,,,,,,,,,,
"4300531","2016-09-28T08:00:00","23.96","127.21",,,"1","4","2","5",,,,"11",,,,,,,,,,,,"8",,,,,,"9","286",,,,,,,,,,,,,"226","37","798","172","7","0",,"2","1FFFFF","1AAAAAAAA1AAAA","4",,,,,,,,,,,,,,,
"3200623","2016-09-28T08:33:00","25.10","129.03",,,"1","4","2","5",,,,"11",,,,,,,,,,,,"8",,,,,,"9","291",,,,,,,,,,,,,"226","59","798","172","7","0",,"2","1FFFFF","1AAAAAAAA1AAAA","4",,,,,,,,,,,,,,,
"3200623","2016-09-28T08:38:00","25.10","129.03",,,"1","4","2","5",,,,"11",,,,,,,,,,,,"8",,,,,,"9","291",,,,,,,,,,,,,"226","59","798","172","7","0",,"2","1FFFFF","1AAAAAAAA1AAAA","4",,,,,,,,,,,,,,,
"4300531","2016-09-28T08:38:00","23.96","127.21",,,"1","4","2","5",,,,"11",,,,,,,,,,,,"8",,,,,,"9","286",,,,,,,,,,,,,"226","37","798","172","7","0",,"2","1FFFFF","1AAAAAAAA1AAAA","4",,,,,,,,,,,,,,,
"3200560","2016-09-28T08:39:00","20.65","125.36",,,"1","4","2","5",,,,"11",,,,,,,,,,,,"8",,,,,,"9","286",,,,,,,,,,,,,"226","5","798","172","7","0",,"2","1FFFFF","1AAAAAAAA1AAAA","4",,,,,,,,,,,,,,,
"3200623","2016-09-28T08:44:00","25.10","129.03",,,"1","4","2","5",,,,"11",,,,,,,,,,,,"8",,,,,,"9","291",,,,,,,,,,,,,"226","59","798","172","7","1","2","2","1FFFFF","1AAAAAAAA1AAAA","4",,,,,,,,,,,,,,,
"2IWZ7","2016-09-28T09:00:00","25.80","125.50",,,"1","4","0","0","6","4","1","1","0","160","4","154",,"98","1","1","10061","7","20","0","282","0","260",,"252","1","300","5","5","7","2","9","0",,"8","2","16","8","6","226","55","992","114","5","1","2","2","111311","11111111111111",,,"1","1",,,,,,,,,,,"4",
"3200560","2016-09-28T09:00:00","20.65","125.36",,,"1","4","2","5",,,,"11",,,,,,,,,,,,"8",,,,,,"9","286",,,,,,,,,,,,,"226","5","798","172","7","0",,"2","1FFFFF","1AAAAAAAA1AAAA","4",,,,,,,,,,,,,,,
"4300531","2016-09-28T09:00:00","23.96","127.21",,,"1","4","2","5",,,,"11",,,,,,,,,,,,"8",,,,,,"9","286",,,,,,,,,,,,,"226","37","798","172","7","0",,"2","1FFFFF","1AAAAAAAA1AAAA","4",,,,,,,,,,,,,,,
"5100523","2016-09-28T09:15:00","24.33","124.18",,,"1","4","2","5",,,,"11",,,,,,,,,,,,"8",,,,,,"9","281",,,,,,,,,,,,,"226","44","798","172","7","1","2","2","1FFFFF","1AAAAAAAA1AAAA","4",,,,,,,,,,,,,,,
"3200623","2016-09-28T09:17:00","25.10","129.03",,,"1","4","2","5",,,,"11",,,,,,,,,,,,"8",,,,,,"9","291",,,,,,,,,,,,,"226","59","798","172","7","0",,"2","1FFFFF","1AAAAAAAA1AAAA","4",,,,,,,,,,,,,,,
"3200623","2016-09-28T09:18:00","25.11","129.03",,,"1","4","2","5",,,,"11",,,,,,,,,,,,"8",,,,,,"9","291",,,,,,,,,,,,,"226","59","798","172","7","0",,"2","1FFFFF","1AAAAAAAA1AAAA","4",,,,,,,,,,,,,,,
"3200560","2016-09-28T09:19:00","20.65","125.37",,,"1","4","2","5",,,,"11",,,,,,,,,,,,"8",,,,,,"9","286",,,,,,,,,,,,,"226","5","798","172","7","0",,"2","1FFFFF","1AAAAAAAA1AAAA","4",,,,,,,,,,,,,,,
"3200623","2016-09-28T09:20:00","25.11","129.03",,,"1","4","2","5",,,,"11",,,,,,,,,,,,"8",,,,,,"9","291",,,,,,,,,,,,,"226","59","798","172","7","1","2","2","1FFFFF","1AAAAAAAA1AAAA","4",,,,,,,,,,,,,,,
"5100523","2016-09-28T09:22:00","24.33","124.18",,,"1","4","2","5",,,,"11",,,,,,,,,,,,"8",,,,,,"9","306",,,,,,,,,,,,,"226","44","798","172","7","1","2","2","1FFFFF","1AAAAAAAA1AAAA","4",,,,,,,,,,,,,,,
"3200623","2016-09-28T09:25:00","25.11","129.03",,,"1","4","2","5",,,,"11",,,,,,,,,,,,"8",,,,,,"9","291",,,,,,,,,,,,,"226","59","798","172","7","0",,"2","1FFFFF","1AAAAAAAA1AAAA","4",,,,,,,,,,,,,,,
"3200623","2016-09-28T09:26:00","25.11","129.03",,,"1","4","2","5",,,,"11",,,,,,,,,,,,"8",,,,,,"9","291",,,,,,,,,,,,,"226","59","798","172","7","1","2","2","1FFFFF","1AAAAAAAA1AAAA","4",,,,,,,,,,,,,,,
"3200560","2016-09-28T10:00:00","20.65","125.37",,,"1","4","2","5",,,,"11",,,,,,,,,,,,"8",,,,,,"9","286",,,,,,,,,,,,,"226","5","798","172","7","1","2","1","1FFFFF","1AAAAAAAA1AAAA","4",,,,,,,,,,,,,,,
"3200560","2016-09-28T10:15:00","20.66","125.38",,,"1","4","2","5",,,,"11",,,,,,,,,,,,"8",,,,,,"9","286",,,,,,,,,,,,,"226","5","798","172","7","0",,"1","1FFFFF","1AAAAAAAA1AAAA","4",,,,,,,,,,,,,,,
"3200623","2016-09-28T10:15:00","25.12","129.04",,,"1","4","2","5",,,,"11",,,,,,,,,,,,"8",,,,,,"9","290",,,,,,,,,,,,,"226","59","798","172","7","1","2","1","1FFFFF","1AAAAAAAA1AAAA","4",,,,,,,,,,,,,,,
"4300531","2016-09-28T10:21:00","23.97","127.23",,,"1","4","2","5",,,,"11",,,,,,,,,,,,"8",,,,,,"9","286",,,,,,,,,,,,,"226","37","798","172","7","0",,"1","1FFFFF","1AAAAAAAA1AAAA","4",,,,,,,,,,,,,,,
"3200623","2016-09-28T10:25:00","25.12","129.04",,,"1","4","2","5",,,,"11",,,,,,,,,,,,"8",,,,,,"9","290",,,,,,,,,,,,,"226","59","798","172","7","1","2","1","1FFFFF","1AAAAAAAA1AAAA","4",,,,,,,,,,,,,,,
"3200623","2016-09-28T10:59:00","25.13","129.05",,,"1","4","2","5",,,,"11",,,,,,,,,,,,"8",,,,,,"9","290",,,,,,,,,,,,,"226","59","798","172","7","0",,"1","1FFFFF","1AAAAAAAA1AAAA","4",,,,,,,,,,,,,,,
"3200560","2016-09-28T11:00:00","20.66","125.38",,,"1","4","2","5",,,,"11",,,,,,,,,,,,"8",,,,,,"9","286",,,,,,,,,,,,,"226","5","798","172","7","0",,"1","1FFFFF","1AAAAAAAA1AAAA","4",,,,,,,,,,,,,,,
"4300531","2016-09-28T11:00:00","23.97","127.23",,,"1","4","2","5",,,,"11",,,,,,,,,,,,"8",,,,,,"9","286",,,,,,,,,,,,,"226","37","798","172","7","0",,"1","1FFFFF","1AAAAAAAA1AAAA","4",,,,,,,,,,,,,,,
"3200623","2016-09-28T11:01:00","25.13","129.05",,,"1","4","2","5",,,,"11",,,,,,,,,,,,"8",,,,,,"9","290",,,,,,,,,,,,,"226","59","798","172","7","0",,"1","1FFFFF","1AAAAAAAA1AAAA","4",,,,,,,,,,,,,,,
"3200623","2016-09-28T11:29:00","25.12","129.04",,,"1","3","2","5",,,,"11",,,,,,,,,,,,,,,,,,,,,,,,,,,,,,,,"226","59","798","172","7","0",,"1","FFFFFF","1AAAAAAAAAAAAA","4",,,,,,,,,,,,,,,
"3200560","2016-09-28T12:00:00","20.66","125.40",,,"1","4","2","5",,,,"11",,,,,,,,,,,,"8",,,,,,"9","285",,,,,,,,,,,,,"226","5","798","172","7","0",,"1","1FFFFF","1AAAAAAAA1AAAA","4",,,,,,,,,,,,,,,
"4300531","2016-09-28T12:00:00","23.98","127.22",,,"1","4","2","5",,,,"11",,,,,,,,,,,,"8",,,,,,"9","286",,,,,,,,,,,,,"226","37","798","172","7","0",,"1","1FFFFF","1AAAAAAAA1AAAA","4",,,,,,,,,,,,,,,
"9V6346","2016-09-28T12:00:00","25.20","123.60",,,"1","4","0","0","4","3",,"1","0","120","4","154",,"98",,"2","10030","7","0","0","270","0","260",,"256","1","260","8","8","6","8","A","A",,"5","5",,"5","5","226","53","992","114","5","1","2","1","111111","111A1111111177",,,"1","2",,"2","3",,,,,,,,"4",
"CQGT","2016-09-28T12:00:00","28.00","122.30",,,"1","4","0","0","4",,,"1","0","90","4","87",,"96","2","1","10085","4","0","0","265","0","240",,"230","1","265","8","4","7","3","7","2",,"8","4","13","7","5","226","82","992","114","5","1","2","1","111111","11141111111111",,,"1","1",,,,,,,,,,,"4",
"VRLJ4","2016-09-28T12:00:00","29.90","125.20",,,"1","4","0","0","5","3",,"1","0","20","4","103",,"97","2","0","10150","2","20","0","230","0","220",,"216","3","180","2","1","1","2","4","A",,"5","4","35","10","6","226","95","992","114","5","0","2","1","611111","11111111191111",,,"1","0",,,,,,,,,,,"4",
"WCX8882","2016-09-28T12:00:00","29.50","127.90",,,"1","4","0","0","4","4",,"1","0","160","4","82",,"98","2","2","10100","4","0","0","270","0","253",,"246","1","270","7","5","7","2","6","A",,"8","3","17","8","5","226","97","992","114","5","1","2","1","111111","11111111111111",,,"1","2",,,,,,,,,,,"4",
"3200560","2016-09-28T12:17:00","20.66","125.40",,,"1","4","2","5",,,,"11",,,,,,,,,,,,"8",,,,,,"9","285",,,,,,,,,,,,,"226","5","798","172","7","0",,"1","1FFFFF","1AAAAAAAA1AAAA","4",,,,,,,,,,,,,,,
"4300531","2016-09-28T12:17:00","23.98","127.22",,,"1","4","2","5",,,,"11",,,,,,,,,,,,"8",,,,,,"9","286",,,,,,,,,,,,,"226","37","798","172","7","0",,"1","1FFFFF","1AAAAAAAA1AAAA","4",,,,,,,,,,,,,,,
"3200623","2016-09-28T12:18:00","25.14","129.05",,,"1","4","2","5",,,,"11",,,,,,,,,,,,"8",,,,,,"9","290",,,,,,,,,,,,,"226","59","798","172","7","0",,"1","1FFFFF","1AAAAAAAA1AAAA","4",,,,,,,,,,,,,,,
"3200623","2016-09-28T12:20:00","25.14","129.05",,,"1","4","2","5",,,,"11",,,,,,,,,,,,"8",,,,,,"9","290",,,,,,,,,,,,,"226","59","798","172","7","0",,"1","1FFFFF","1AAAAAAAA1AAAA","4",,,,,,,,,,,,,,,
"3200623","2016-09-28T12:21:00","25.14","129.05",,,"1","4","2","5",,,,"11",,,,,,,,,,,,"8",,,,,,"9","290",,,,,,,,,,,,,"226","59","798","172","7","0",,"1","1FFFFF","1AAAAAAAA1AAAA","4",,,,,,,,,,,,,,,
"3200560","2016-09-28T13:00:00","20.66","125.42",,,"1","4","2","5",,,,"11",,,,,,,,,,,,"8",,,,,,"9","285",,,,,,,,,,,,,"226","5","798","172","7","1","2","1","1FFFFF","1AAAAAAAA1AAAA","4",,,,,,,,,,,,,,,
"4300531","2016-09-28T13:00:00","23.99","127.21",,,"1","4","2","5",,,,"11",,,,,,,,,,,,"8",,,,,,"9","286",,,,,,,,,,,,,"226","37","798","172","7","1","2","1","1FFFFF","1AAAAAAAA1AAAA","4",,,,,,,,,,,,,,,
"3200560","2016-09-28T13:13:00","20.66","125.42",,,"1","4","2","5",,,,"11",,,,,,,,,,,,"8",,,,,,"9","285",,,,,,,,,,,,,"226","5","798","172","7","0",,"1","1FFFFF","1AAAAAAAA1AAAA","4",,,,,,,,,,,,,,,
"3200623","2016-09-28T13:13:00","25.14","129.05",,,"1","4","2","5",,,,"11",,,,,,,,,,,,"8",,,,,,"9","290",,,,,,,,,,,,,"226","59","798","172","7","1","2","1","1FFFFF","1AAAAAAAA1AAAA","4",,,,,,,,,,,,,,,
"4300531","2016-09-28T13:15:00","23.99","127.21",,,"1","4","2","5",,,,"11",,,,,,,,,,,,"8",,,,,,"9","286",,,,,,,,,,,,,"226","37","798","172","7","0",,"1","1FFFFF","1AAAAAAAA1AAAA","4",,,,,,,,,,,,,,,
"5100523","2016-09-28T13:45:00","24.33","124.18",,,"1","4","2","5",,,,"11",,,,,,,,,,,,"8",,,,,,"9","274",,,,,,,,,,,,,"226","44","798","172","7","1","2","1","1FFFFF","1AAAAAAAA1AAAA","4",,,,,,,,,,,,,,,
"3200560","2016-09-28T13:57:00","20.65","125.43",,,"1","4","2","5",,,,"11",,,,,,,,,,,,"8",,,,,,"9","285",,,,,,,,,,,,,"226","5","798","172","7","0",,"1","1FFFFF","1AAAAAAAA1AAAA","4",,,,,,,,,,,,,,,
"3200623","2016-09-28T13:58:00","25.15","129.06",,,"1","4","2","5",,,,"11",,,,,,,,,,,,"8",,,,,,"9","290",,,,,,,,,,,,,"226","59","798","172","7","0",,"1","1FFFFF","1AAAAAAAA1AAAA","4",,,,,,,,,,,,,,,
"3200560","2016-09-28T14:00:00","20.65","125.43",,,"1","4","2","5",,,,"11",,,,,,,,,,,,"8",,,,,,"9","285",,,,,,,,,,,,,"226","5","798","172","7","1","2","1","1FFFFF","1AAAAAAAA1AAAA","4",,,,,,,,,,,,,,,
"4300531","2016-09-28T14:00:00","23.99","127.21",,,"1","4","2","5",,,,"11",,,,,,,,,,,,"8",,,,,,"9","286",,,,,,,,,,,,,"226","37","798","172","7","0",,"1","1FFFFF","1AAAAAAAA1AAAA","4",,,,,,,,,,,,,,,
"3200623","2016-09-28T14:01:00","25.15","129.06",,,"1","4","2","5",,,,"11",,,,,,,,,,,,"8",,,,,,"9","290",,,,,,,,,,,,,"226","59","798","172","7","1","2","1","1FFFFF","1AAAAAAAA1AAAA","4",,,,,,,,,,,,,,,
"2100704","2016-09-28T15:00:00","24.99","129.99",,,"1","3","2","5",,,,"11",,,,,,,,,"10126",,,"0",,,,,,,"288",,,,,,,,"9","6",,,,"226","49","994","114","7","1","2","1","1FFF1F","1AAAA1AAA1A7AA","4",,,,,,,,,,,,,,,
"3200560","2016-09-28T15:00:00","20.65","125.43",,,"1","4","2","5",,,,"11",,,,,,,,,,,,"8",,,,,,"9","285",,,,,,,,,,,,,"226","5","798","172","7","1","2","1","1FFFFF","1AAAAAAAA1AAAA","4",,,,,,,,,,,,,,,
"4300531","2016-09-28T15:00:00","23.99","127.21",,,"1","4","2","5",,,,"11",,,,,,,,,,,,"8",,,,,,"9","286",,,,,,,,,,,,,"226","37","798","172","7","0",,"1","1FFFFF","1AAAAAAAA1AAAA","4",,,,,,,,,,,,,,,
"2100704","2016-09-28T16:00:00","24.99","129.97",,,"1","3","2","5",,,,"11",,,,,,,,,"10120",,,"0",,,,,,,"288",,,,,,,,"8","5",,,,"226","49","994","114","7","1","2","1","1FFF1F","1AAAA1AAA1A7AA","4",,,,,,,,,,,,,,,
"3200560","2016-09-28T16:00:00","20.65","125.43",,,"1","4","2","5",,,,"11",,,,,,,,,,,,"8",,,,,,"9","285",,,,,,,,,,,,,"226","5","798","172","7","1","2","1","1FFFFF","1AAAAAAAA1AAAA","4",,,,,,,,,,,,,,,
"4300531","2016-09-28T16:00:00","24.02","127.15",,,"1","4","2","5",,,,"11",,,,,,,,,,,,"8",,,,,,"9","286",,,,,,,,,,,,,"226","47","798","172","7","1","2","1","1FFFFF","1AAAAAAAA1AAAA","4",,,,,,,,,,,,,,,
"2100704","2016-09-28T17:00:00","24.98","129.95",,,"1","3","2","5",,,,"11",,,,,,,,,"10115",,,"0",,,,,,,"288",,,,,,,,"9","6",,,,"226","49","994","114","7","1","2","1","1FFF1F","1AAAA1AAA1A7AA","4",,,,,,,,,,,,,,,
"3200560","2016-09-28T17:00:00","20.65","125.43",,,"1","4","2","5",,,,"11",,,,,,,,,,,,"8",,,,,,"9","285",,,,,,,,,,,,,"226","5","798","172","7","1","2","1","1FFFFF","1AAAAAAAA1AAAA","4",,,,,,,,,,,,,,,
"3200623","2016-09-28T17:00:00","25.16","129.08",,,"1","4","2","5",,,,"11",,,,,,,,,,,,"8",,,,,,"9","290",,,,,,,,,,,,,"226","59","798","172","7","1","2","1","1FFFFF","1AAAAAAAA1AAAA","4",,,,,,,,,,,,,,,
"4300531","2016-09-28T17:00:00","24.02","127.15",,,"1","4","2","5",,,,"11",,,,,,,,,,,,"8",,,,,,"9","286",,,,,,,,,,,,,"226","47","798","172","7","1","2","1","1FFFFF","1AAAAAAAA1AAAA","4",,,,,,,,,,,,,,,
"CQYJ","2016-09-28T17:00:00","21.20","124.00",,,"1","4","0","0","1","5",,"1","0","200","4","98",,"98","2","2","10050","4","0","0","290","0","280",,"277","3","302",,,,"A",,,,"8","2","20","5","1","226","14","992","114","5","0",,"1","111111","11111111118111",,,"1","2",,,,,,,,,,,"4",
"3200623","2016-09-28T17:02:00","25.16","129.08",,,"1","4","2","5",,,,"11",,,,,,,,,,,,"8",,,,,,"9","290",,,,,,,,,,,,,"226","59","798","172","7","1","2","1","1FFFFF","1AAAAAAAA1AAAA","4",,,,,,,,,,,,,,,
"3200623","2016-09-28T17:05:00","25.16","129.07",,,"1","4","2","5",,,,"11",,,,,,,,,,,,"8",,,,,,"9","290",,,,,,,,,,,,,"226","59","798","172","7","1","2","1","1FFFFF","1AAAAAAAA1AAAA","4",,,,,,,,,,,,,,,
"2100704","2016-09-28T18:00:00","24.97","129.93",,,"1","3","2","5",,,,"11",,,,,,,,,"10112",,,"0",,,,,,,"288",,,,,,,,"8","6",,,,"226","49","994","114","7","1","2","1","1FFF1F","1AAAA1AAA1A7AA","4",,,,,,,,,,,,,,,
"3200560","2016-09-28T18:00:00","20.65","125.43",,,"1","4","2","5",,,,"11",,,,,,,,,,,,"8",,,,,,"9","285",,,,,,,,,,,,,"226","5","798","172","7","1","2","1","1FFFFF","1AAAAAAAA1AAAA","4",,,,,,,,,,,,,,,
"4300531","2016-09-28T18:00:00","24.02","127.15",,,"1","4","2","5",,,,"11",,,,,,,,,,,,"8",,,,,,"9","286",,,,,,,,,,,,,"226","47","798","172","7","1","2","1","1FFFFF","1AAAAAAAA1AAAA","4",,,,,,,,,,,,,,,
"C6LG6","2016-09-28T18:00:00","24.90","122.50",,,"1","4","0","0","2","3","1","1","0","130","1","140",,"97","0","1","10050","3","20","0","265","0","250",,"244",,,"4","2","1","3","A","A",,"3","3","30","4","5","226","42","992","114","5","1","2","1","F11111","111111111A1111",,,"1","1",,,,,,,,,,,"4",
"5100523","2016-09-28T18:30:00","24.33","124.18",,,"1","4","2","5",,,,"11",,,,,,,,,,,,"8",,,,,,"9","272",,,,,,,,,,,,,"226","44","798","172","7","1","2","1","1FFFFF","1AAAAAAAA1AAAA","4",,,,,,,,,,,,,,,
"3200623","2016-09-28T18:41:00","25.16","129.08",,,"1","4","2","5",,,,"11",,,,,,,,,,,,"8",,,,,,"9","290",,,,,,,,,,,,,"226","59","798","172","7","0",,"1","1FFFFF","1AAAAAAAA1AAAA","4",,,,,,,,,,,,,,,
"3200560","2016-09-28T18:42:00","20.63","125.52",,,"1","4","2","5",,,,"11",,,,,,,,,,,,"8",,,,,,"9","285",,,,,,,,,,,,,"226","5","798","172","7","0",,"1","1FFFFF","1AAAAAAAA1AAAA","4",,,,,,,,,,,,,,,
"4300531","2016-09-28T18:42:00","24.02","127.15",,,"1","4","2","5",,,,"11",,,,,,,,,,,,"8",,,,,,"9","286",,,,,,,,,,,,,"226","47","798","172","7","1","2","1","1FFFFF","1AAAAAAAA1AAAA","4",,,,,,,,,,,,,,,
"3200623","2016-09-28T18:44:00","25.16","129.08",,,"1","4","2","5",,,,"11",,,,,,,,,,,,"8",,,,,,"9","290",,,,,,,,,,,,,"226","59","798","172","7","1","2","1","1FFFFF","1AAAAAAAA1AAAA","4",,,,,,,,,,,,,,,
"5100523","2016-09-28T18:45:00","24.33","124.18",,,"1","4","2","5",,,,"11",,,,,,,,,,,,"8",,,,,,"9","272",,,,,,,,,,,,,"226","44","798","172","7","1","2","1","1FFFFF","1AAAAAAAA1AAAA","4",,,,,,,,,,,,,,,
"3200623","2016-09-28T18:47:00","25.16","129.08",,,"1","4","2","5",,,,"11",,,,,,,,,,,,"8",,,,,,"9","290",,,,,,,,,,,,,"226","59","798","172","7","1","2","1","1FFFFF","1AAAAAAAA1AAAA","4",,,,,,,,,,,,,,,
"2100704","2016-09-28T19:00:00","24.96","129.92",,,"1","3","2","5",,,,"11",,,,,,,,,"10108",,,"0",,,,,,,"288",,,,,,,,"8","5",,,,"226","49","994","114","7","1","2","1","1FFF1F","1AAAA1AAA1A7AA","4",,,,,,,,,,,,,,,
"3200560","2016-09-28T19:00:00","20.63","125.52",,,"1","4","2","5",,,,"11",,,,,,,,,,,,"8",,,,,,"9","285",,,,,,,,,,,,,"226","5","798","172","7","0",,"1","1FFFFF","1AAAAAAAA1AAAA","4",,,,,,,,,,,,,,,
"4300531","2016-09-28T19:00:00","24.02","127.15",,,"1","4","2","5",,,,"11",,,,,,,,,,,,"8",,,,,,"9","286",,,,,,,,,,,,,"226","47","798","172","7","0",,"1","1FFFFF","1AAAAAAAA1AAAA","4",,,,,,,,,,,,,,,
"2100704","2016-09-28T20:00:00","24.95","129.90",,,"1","3","2","5",,,,"11",,,,,,,,,"10109",,,"0",,,,,,,"288",,,,,,,,"8","5",,,,"226","49","994","114","7","1","2","1","1FFF1F","1AAAA1AAA1A7AA","4",,,,,,,,,,,,,,,
"3200560","2016-09-28T20:00:00","20.63","125.52",,,"1","4","2","5",,,,"11",,,,,,,,,,,,"8",,,,,,"9","285",,,,,,,,,,,,,"226","5","798","172","7","0",,"1","1FFFFF","1AAAAAAAA1AAAA","4",,,,,,,,,,,,,,,
"4300531","2016-09-28T20:00:00","24.02","127.15",,,"1","4","2","5",,,,"11",,,,,,,,,,,,"8",,,,,,"9","286",,,,,,,,,,,,,"226","47","798","172","7","1","2","1","1FFFFF","1AAAAAAAA1AAAA","4",,,,,,,,,,,,,,,
"3200623","2016-09-28T20:06:00","25.16","129.08",,,"1","4","2","5",,,,"11",,,,,,,,,,,,"8",,,,,,"9","290",,,,,,,,,,,,,"226","59","798","172","7","1","2","1","1FFFFF","1AAAAAAAA1AAAA","4",,,,,,,,,,,,,,,
"5100523","2016-09-28T20:15:00","24.33","124.18",,,"1","4","2","5",,,,"11",,,,,,,,,,,,"8",,,,,,"9","271",,,,,,,,,,,,,"226","44","798","172","7","0",,"1","1FFFFF","1AAAAAAAA1AAAA","4",,,,,,,,,,,,,,,
"3200623","2016-09-28T20:29:00","25.16","129.09",,,"1","4","2","5",,,,"11",,,,,,,,,,,,"8",,,,,,"9","290",,,,,,,,,,,,,"226","59","798","172","7","0",,"1","1FFFFF","1AAAAAAAA1AAAA","4",,,,,,,,,,,,,,,
"3200623","2016-09-28T20:31:00","25.16","129.09",,,"1","4","2","5",,,,"11",,,,,,,,,,,,"8",,,,,,"9","290",,,,,,,,,,,,,"226","59","798","172","7","0",,"1","1FFFFF","1AAAAAAAA1AAAA","4",,,,,,,,,,,,,,,
"2100704","2016-09-28T21:00:00","24.94","129.89",,,"1","3","2","5",,,,"11",,,,,,,,,"10112",,,"0",,,,,,,"288",,,,,,,,"8","4",,,,"226","49","994","114","7","1","2","1","1FFF1F","1AAAA1AAA1A7AA","4",,,,,,,,,,,,,,,
"3200560","2016-09-28T21:00:00","20.61","125.52",,,"1","4","2","5",,,,"11",,,,,,,,,,,,"8",,,,,,"9","285",,,,,,,,,,,,,"226","5","798","172","7","1","2","1","1FFFFF","1AAAAAAAA1AAAA","4",,,,,,,,,,,,,,,
"4300531","2016-09-28T21:00:00","24.04","127.10",,,"1","4","2","5",,,,"11",,,,,,,,,,,,"8",,,,,,"9","286",,,,,,,,,,,,,"226","47","798","172","7","1","2","1","1FFFFF","1AAAAAAAA1AAAA","4",,,,,,,,,,,,,,,
"VRLT9","2016-09-28T21:00:00","25.60","122.80",,,"1","4","0","0","5","2",,"1","0","10","4","123",,"97",,"2","10050","4",,"0","260","0","250",,"246",,,"6","6","7","3","A","A",,"6","6",,"4","4","226","52","992","114","5","1","2","1","F11111","111A11111A1177",,,"1","2",,"2","2",,"0","0","A","0","A","A","4",
"3200623","2016-09-28T21:09:00","25.16","129.09",,,"1","4","2","5",,,,"11",,,,,,,,,,,,"8",,,,,,"9","290",,,,,,,,,,,,,"226","59","798","172","7","0",,"1","1FFFFF","1AAAAAAAA1AAAA","4",,,,,,,,,,,,,,,
"3200560","2016-09-28T21:10:00","20.61","125.52",,,"1","4","2","5",,,,"11",,,,,,,,,,,,"8",,,,,,"9","285",,,,,,,,,,,,,"226","5","798","172","7","0",,"1","1FFFFF","1AAAAAAAA1AAAA","4",,,,,,,,,,,,,,,
"3200623","2016-09-28T21:10:00","25.16","129.09",,,"1","4","2","5",,,,"11",,,,,,,,,,,,"8",,,,,,"9","290",,,,,,,,,,,,,"226","59","798","172","7","1","2","1","1FFFFF","1AAAAAAAA1AAAA","4",,,,,,,,,,,,,,,
"4300531","2016-09-28T21:10:00","24.04","127.10",,,"1","4","2","5",,,,"11",,,,,,,,,,,,"8",,,,,,"9","286",,,,,,,,,,,,,"226","47","798","172","7","0",,"1","1FFFFF","1AAAAAAAA1AAAA","4",,,,,,,,,,,,,,,
"5100523","2016-09-28T21:15:00","24.33","124.18",,,"1","4","2","5",,,,"11",,,,,,,,,,,,"8",,,,,,"9","270",,,,,,,,,,,,,"226","44","798","172","7","1","2","1","1FFFFF","1AAAAAAAA1AAAA","4",,,,,,,,,,,,,,,
"5100523","2016-09-28T21:30:00","24.33","124.18",,,"1","4","2","5",,,,"11",,,,,,,,,,,,"8",,,,,,"9","270",,,,,,,,,,,,,"226","44","798","172","7","1","2","1","1FFFFF","1AAAAAAAA1AAAA","4",,,,,,,,,,,,,,,
"3200623","2016-09-28T21:41:00","25.15","129.09",,,"1","4","2","5",,,,"11",,,,,,,,,,,,"8",,,,,,"9","290",,,,,,,,,,,,,"226","59","798","172","7","0",,"2","1FFFFF","1AAAAAAAA1AAAA","4",,,,,,,,,,,,,,,
"3200623","2016-09-28T21:42:00","25.16","129.09",,,"1","4","2","5",,,,"11",,,,,,,,,,,,"8",,,,,,"9","290",,,,,,,,,,,,,"226","59","798","172","7","1","2","2","1FFFFF","1AAAAAAAA1AAAA","4",,,,,,,,,,,,,,,
"3200623","2016-09-28T21:48:00","25.15","129.09",,,"1","4","2","5",,,,"11",,,,,,,,,,,,"8",,,,,,"9","290",,,,,,,,,,,,,"226","59","798","172","7","1","2","2","1FFFFF","1AAAAAAAA1AAAA","4",,,,,,,,,,,,,,,
"2100704","2016-09-28T22:00:00","24.93","129.87",,,"1","3","2","5",,,,"11",,,,,,,,,"10115",,,"0",,,,,,,"288",,,,,,,,"8","4",,,,"226","49","994","114","7","1","2","2","1FFF1F","1AAAA1AAA1A7AA","4",,,,,,,,,,,,,,,
"3200560","2016-09-28T22:00:00","20.60","125.52",,,"1","4","2","5",,,,"11",,,,,,,,,,,,"8",,,,,,"9","285",,,,,,,,,,,,,"226","5","798","172","7","1","2","2","1FFFFF","1AAAAAAAA1AAAA","4",,,,,,,,,,,,,,,
"4300531","2016-09-28T22:00:00","24.05","127.08",,,"1","4","2","5",,,,"11",,,,,,,,,,,,"8",,,,,,"9","286",,,,,,,,,,,,,"226","47","798","172","7","1","2","2","1FFFFF","1AAAAAAAA1AAAA","4",,,,,,,,,,,,,,,
"3200560","2016-09-28T22:07:00","20.60","125.52",,,"1","4","2","5",,,,"11",,,,,,,,,,,,"8",,,,,,"9","285",,,,,,,,,,,,,"226","5","798","172","7","0",,"2","1FFFFF","1AAAAAAAA1AAAA","4",,,,,,,,,,,,,,,
"3200623","2016-09-28T22:08:00","25.15","129.08",,,"1","4","2","5",,,,"11",,,,,,,,,,,,"8",,,,,,"9","290",,,,,,,,,,,,,"226","59","798","172","7","0",,"2","1FFFFF","1AAAAAAAA1AAAA","4",,,,,,,,,,,,,,,
"4300531","2016-09-28T22:08:00","24.05","127.08",,,"1","4","2","5",,,,"11",,,,,,,,,,,,"8",,,,,,"9","286",,,,,,,,,,,,,"226","47","798","172","7","0",,"2","1FFFFF","1AAAAAAAA1AAAA","4",,,,,,,,,,,,,,,
"3200623","2016-09-28T22:11:00","25.15","129.08",,,"1","4","2","5",,,,"11",,,,,,,,,,,,"8",,,,,,"9","290",,,,,,,,,,,,,"226","59","798","172","7","1","2","2","1FFFFF","1AAAAAAAA1AAAA","4",,,,,,,,,,,,,,,
"3200623","2016-09-28T22:49:00","25.14","129.08",,,"1","4","2","5",,,,"11",,,,,,,,,,,,"8",,,,,,"9","290",,,,,,,,,,,,,"226","59","798","172","7","1","2","2","1FFFFF","1AAAAAAAA1AAAA","4",,,,,,,,,,,,,,,
"3200560","2016-09-28T22:50:00","20.59","125.52",,,"1","4","2","5",,,,"11",,,,,,,,,,,,"8",,,,,,"9","286",,,,,,,,,,,,,"226","5","798","172","7","0",,"2","1FFFFF","1AAAAAAAA1AAAA","4",,,,,,,,,,,,,,,
"4300531","2016-09-28T22:50:00","24.07","127.06",,,"1","4","2","5",,,,"11",,,,,,,,,,,,"8",,,,,,"9","286",,,,,,,,,,,,,"226","47","798","172","7","0",,"2","1FFFFF","1AAAAAAAA1AAAA","4",,,,,,,,,,,,,,,
"3200623","2016-09-28T22:51:00","25.14","129.08",,,"1","4","2","5",,,,"11",,,,,,,,,,,,"8",,,,,,"9","290",,,,,,,,,,,,,"226","59","798","172","7","1","2","2","1FFFFF","1AAAAAAAA1AAAA","4",,,,,,,,,,,,,,,
"3200623","2016-09-28T22:55:00","25.15","129.08",,,"1","4","2","5",,,,"11",,,,,,,,,,,,"8",,,,,,"9","290",,,,,,,,,,,,,"226","59","798","172","7","1","2","2","1FFFFF","1AAAAAAAA1AAAA","4",,,,,,,,,,,,,,,
"2100704","2016-09-28T23:00:00","24.92","129.86",,,"1","3","2","5",,,,"11",,,,,,,,,"10122",,,"0",,,,,,,"288",,,,,,,,"8","4",,,,"226","49","994","114","7","1","2","2","1FFF1F","1AAAA1AAA1A7AA","4",,,,,,,,,,,,,,,
"3200560","2016-09-28T23:00:00","20.59","125.52",,,"1","4","2","5",,,,"11",,,,,,,,,,,,"8",,,,,,"9","286",,,,,,,,,,,,,"226","5","798","172","7","1","2","2","1FFFFF","1AAAAAAAA1AAAA","4",,,,,,,,,,,,,,,
"4300531","2016-09-28T23:00:00","24.07","127.06",,,"1","4","2","5",,,,"11",,,,,,,,,,,,"8",,,,,,"9","286",,,,,,,,,,,,,"226","47","798","172","7","1","2","2","1FFFFF","1AAAAAAAA1AAAA","4",,,,,,,,,,,,,,,
"3200623","2016-09-28T23:23:00","25.15","129.08",,,"1","4","2","5",,,,"11",,,,,,,,,,,,"8",,,,,,"9","290",,,,,,,,,,,,,"226","59","798","172","7","1","2","2","1FFFFF","1AAAAAAAA1AAAA","4",,,,,,,,,,,,,,,
"3200623","2016-09-28T23:57:00","25.15","129.08",,,"1","4","2","5",,,,"11",,,,,,,,,,,,"8",,,,,,"9","290",,,,,,,,,,,,,"226","59","798","172","7","1","2","2","1FFFFF","1AAAAAAAA1AAAA","4",,,,,,,,,,,,,,,
"4300531","2016-09-28T23:57:00","24.09","127.04",,,"1","4","2","5",,,,"11",,,,,,,,,,,,"8",,,,,,"9","286",,,,,,,,,,,,,"226","47","798","172","7","0",,"2","1FFFFF","1AAAAAAAA1AAAA","4",,,,,,,,,,,,,,,
"2100704","2016-09-29T00:00:00","24.90","129.84",,,"1","3","2","5",,,,"11",,,,,,,,,"10128",,,"0",,,,,,,"289",,,,,,,,"8","5",,,,"226","49","994","114","7","1","2","2","1FFF1F","1AAAA1AAA1A7AA","4",,,,,,,,,,,,,,,
"3200560","2016-09-29T00:00:00","20.59","125.50",,,"1","4","2","5",,,,"11",,,,,,,,,,,,"8",,,,,,"9","286",,,,,,,,,,,,,"226","5","798","172","7","1","2","2","1FFFFF","1AAAAAAAA1AAAA","4",,,,,,,,,,,,,,,
"4300531","2016-09-29T00:00:00","24.09","127.04",,,"1","4","2","5",,,,"11",,,,,,,,,,,,"8",,,,,,"9","286",,,,,,,,,,,,,"226","47","798","172","7","1","2","2","1FFFFF","1AAAAAAAA1AAAA","4",,,,,,,,,,,,,,,
"CQGT","2016-09-29T00:00:00","25.70","121.00",,,"1","4","0","0","5","3",,"1","0","120","4","62",,"97","2","2","10075","1","10","0","255","0","232",,"223","1","261","7","4","7","2","7","8",,"6","1","9","7","3","226","51","992","114","5","1","2","2","111111","11111111111111",,,"1","2",,,,,,,,,,,"4",
"VRLT9","2016-09-29T00:00:00","25.00","122.60",,,"1","5","2","5","5","2",,"1",,"140","4","129","1","97",,"2","10050",,,"8","270",,"260",,"256",,,"5","5","6","2","6","A",,"3","6","28",,,"226","52","798","172","5","1","2","2","F11111","111A11111A117A",,"5",,"2",,,,,,,,,,,,
"3200623","2016-09-29T00:41:00","25.14","129.06",,,"1","4","2","5",,,,"11",,,,,,,,,,,,"8",,,,,,"9","290",,,,,,,,,,,,,"226","59","798","172","7","0",,"2","1FFFFF","1AAAAAAAA1AAAA","4",,,,,,,,,,,,,,,
"3200560","2016-09-29T00:42:00","20.59","125.50",,,"1","4","2","5",,,,"11",,,,,,,,,,,,"8",,,,,,"9","286",,,,,,,,,,,,,"226","5","798","172","7","0",,"2","1FFFFF","1AAAAAAAA1AAAA","4",,,,,,,,,,,,,,,
"3200623","2016-09-29T00:43:00","25.14","129.06",,,"1","4","2","5",,,,"11",,,,,,,,,,,,"8",,,,,,"9","290",,,,,,,,,,,,,"226","59","798","172","7","1","2","2","1FFFFF","1AAAAAAAA1AAAA","4",,,,,,,,,,,,,,,
"3200623","2016-09-29T00:49:00","25.14","129.06",,,"1","4","2","5",,,,"11",,,,,,,,,,,,"8",,,,,,"9","290",,,,,,,,,,,,,"226","59","798","172","7","1","2","2","1FFFFF","1AAAAAAAA1AAAA","4",,,,,,,,,,,,,,,
"2100704","2016-09-29T01:00:00","24.88","129.82",,,"1","3","2","5",,,,"11",,,,,,,,,"10131",,,"0",,,,,,,"290",,,,,,,,"8","4",,,,"226","49","994","114","7","1","2","2","1FFF1F","1AAAA1AAA1A7AA","4",,,,,,,,,,,,,,,
"3200560","2016-09-29T01:00:00","20.57","125.51",,,"1","4","2","5",,,,"11",,,,,,,,,,,,"8",,,,,,"9","286",,,,,,,,,,,,,"226","5","798","172","7","1","2","2","1FFFFF","1AAAAAAAA1AAAA","4",,,,,,,,,,,,,,,
"4300531","2016-09-29T01:00:00","24.15","127.03",,,"1","4","2","5",,,,"11",,,,,,,,,,,,"8",,,,,,"9","286",,,,,,,,,,,,,"226","47","798","172","7","1","2","2","1FFFFF","1AAAAAAAA1AAAA","4",,,,,,,,,,,,,,,
"5100523","2016-09-29T01:30:00","24.33","124.18",,,"1","4","2","5",,,,"11",,,,,,,,,,,,"8",,,,,,"9","306",,,,,,,,,,,,,"226","44","798","172","7","1","2","2","1FFFFF","1AAAAAAAA1AAAA","4",,,,,,,,,,,,,,,
"3200560","2016-09-29T01:36:00","20.57","125.51",,,"1","4","2","5",,,,"11",,,,,,,,,,,,"8",,,,,,"9","286",,,,,,,,,,,,,"226","5","798","172","7","1","2","2","1FFFFF","1AAAAAAAA1AAAA","4",,,,,,,,,,,,,,,
"4300531","2016-09-29T01:36:00","24.15","127.03",,,"1","4","2","5",,,,"11",,,,,,,,,,,,"8",,,,,,"9","287",,,,,,,,,,,,,"226","47","798","172","7","1","2","2","1FFFFF","1AAAAAAAA1AAAA","4",,,,,,,,,,,,,,,
"3200623","2016-09-29T01:38:00","25.15","129.07",,,"1","4","2","5",,,,"11",,,,,,,,,,,,"8",,,,,,"9","291",,,,,,,,,,,,,"226","59","798","172","7","0",,"2","1FFFFF","1AAAAAAAA1AAAA","4",,,,,,,,,,,,,,,
"3200623","2016-09-29T01:42:00","25.15","129.07",,,"1","4","2","5",,,,"11",,,,,,,,,,,,"8",,,,,,"9","291",,,,,,,,,,,,,"226","59","798","172","7","1","2","2","1FFFFF","1AAAAAAAA1AAAA","4",,,,,,,,,,,,,,,
"2100704","2016-09-29T02:00:00","24.87","129.81",,,"1","3","2","5",,,,"11",,,,,,,,,"10129",,,"0",,,,,,,"291",,,,,,,,"8","5",,,,"226","49","994","114","7","1","2","2","1FFF1F","1AAAA1AAA1A7AA","4",,,,,,,,,,,,,,,
"3200560","2016-09-29T02:00:00","20.58","125.50",,,"1","4","2","5",,,,"11",,,,,,,,,,,,"8",,,,,,"9","286",,,,,,,,,,,,,"226","5","798","172","7","1","2","2","1FFFFF","1AAAAAAAA1AAAA","4",,,,,,,,,,,,,,,
"4300531","2016-09-29T02:00:00","24.15","127.03",,,"1","4","2","5",,,,"11",,,,,,,,,,,,"8",,,,,,"9","287",,,,,,,,,,,,,"226","47","798","172","7","1","2","2","1FFFFF","1AAAAAAAA1AAAA","4",,,,,,,,,,,,,,,
"3200623","2016-09-29T02:21:00","25.15","129.07",,,"1","4","2","5",,,,"11",,,,,,,,,,,,"8",,,,,,"9","291",,,,,,,,,,,,,"226","59","798","172","7","1","2","2","1FFFFF","1AAAAAAAA1AAAA","4",,,,,,,,,,,,,,,
"3200560","2016-09-29T02:22:00","20.58","125.49",,,"1","4","2","5",,,,"11",,,,,,,,,,,,"8",,,,,,"9","288",,,,,,,,,,,,,"226","5","798","172","7","1","2","2","1FFFFF","1AAAAAAAA1AAAA","4",,,,,,,,,,,,,,,
"4300531","2016-09-29T02:22:00","24.18","127.02",,,"1","4","2","5",,,,"11",,,,,,,,,,,,"8",,,,,,"9","289",,,,,,,,,,,,,"226","47","798","172","7","1","2","2","1FFFFF","1AAAAAAAA1AAAA","4",,,,,,,,,,,,,,,
"3200623","2016-09-29T02:26:00","25.16","129.05",,,"1","4","2","5",,,,"11",,,,,,,,,,,,"8",,,,,,"9","291",,,,,,,,,,,,,"226","59","798","172","7","1","2","2","1FFFFF","1AAAAAAAA1AAAA","4",,,,,,,,,,,,,,,
"2100704","2016-09-29T03:00:00","24.85","129.79",,,"1","3","2","5",,,,"11",,,,,,,,,"10124",,,"0",,,,,,,"292",,,,,,,,"8","4",,,,"226","49","994","114","7","1","2","2","1FFF1F","1AAAA1AAA1A7AA","4",,,,,,,,,,,,,,,
"9V6346","2016-09-29T03:00:00","22.40","122.20",,,"1","6","2","5","5","3",,"1",,"160","4","67","1","98",,"0","10050","4","0","8","280",,"260",,"253","1","260","3","3","8","7","A","A",,"5","4",,"5","4","226","22","798","172","5","1","2","2","111111","111A1111111171",,"5",,"0",,"4","2",,,,,,,,,
"2100704","2016-09-29T04:00:00","24.83","129.78",,,"1","3","2","5",,,,"11",,,,,,,,,"10117",,,"0",,,,,,,"293",,,,,,,,"8","4",,,,"226","49","994","114","7","1","2","2","1FFF1F","1AAAA1AAA1A7AA","4",,,,,,,,,,,,,,,
"3200560","2016-09-29T04:00:00","20.58","125.49",,,"1","4","2","5",,,,"11",,,,,,,,,,,,"8",,,,,,"9","288",,,,,,,,,,,,,"226","5","798","172","7","1","2","2","1FFFFF","1AAAAAAAA1AAAA","4",,,,,,,,,,,,,,,
"4300531","2016-09-29T04:00:00","24.18","127.02",,,"1","4","2","5",,,,"11",,,,,,,,,,,,"8",,,,,,"9","288",,,,,,,,,,,,,"226","47","798","172","7","1","2","2","1FFFFF","1AAAAAAAA1AAAA","4",,,,,,,,,,,,,,,
"3200623","2016-09-29T04:18:00","25.16","129.05",,,"1","4","2","5",,,,"11",,,,,,,,,,,,"8",,,,,,"9","294",,,,,,,,,,,,,"226","59","798","172","7","1","2","2","1FFFFF","1AAAAAAAA1AAAA","4",,,,,,,,,,,,,,,
"2100704","2016-09-29T05:00:00","24.82","129.77",,,"1","3","2","5",,,,"11",,,,,,,,,"10112",,,"0",,,,,,,"295",,,,,,,,"8","4",,,,"226","49","994","114","7","1","2","2","1FFF1F","1AAAA1AAA1A7AA","4",,,,,,,,,,,,,,,
"3200560","2016-09-29T05:00:00","20.58","125.49",,,"1","4","2","5",,,,"11",,,,,,,,,,,,"8",,,,,,"9","288",,,,,,,,,,,,,"226","5","798","172","7","1","2","2","1FFFFF","1AAAAAAAA1AAAA","4",,,,,,,,,,,,,,,
"4300531","2016-09-29T05:00:00","24.18","127.02",,,"1","4","2","5",,,,"11",,,,,,,,,,,,"8",,,,,,"9","289",,,,,,,,,,,,,"226","47","798","172","7","1","2","2","1FFFFF","1AAAAAAAA1AAAA","4",,,,,,,,,,,,,,,
"VRJZ9","2016-09-29T05:00:00","27.20","123.10",,,"1","6","2","5","1","3",,"1",,"140","3","67","1","97",,"2","10150","1","20","8","290",,"280",,"277","1","280","9","9","0","0","0","0",,"10","4","14","10","4","226","73","798","172","5","1","2","2","111111","111A1111111111",,"5",,"2","14","10","4",,,,,,,,,
"5100523","2016-09-29T05:45:00","24.33","124.18",,,"1","4","2","5",,,,"11",,,,,,,,,,,,"8",,,,,,"9","298",,,,,,,,,,,,,"226","44","798","172","7","1","2","2","1FFFFF","1AAAAAAAA1AAAA","4",,,,,,,,,,,,,,,
"3200623","2016-09-29T05:55:00","25.20","129.02",,,"1","4","2","5",,,,"11",,,,,,,,,,,,"8",,,,,,"9","294",,,,,,,,,,,,,"226","59","798","172","7","1","2","2","1FFFFF","1AAAAAAAA1AAAA","4",,,,,,,,,,,,,,,
"3200560","2016-09-29T05:56:00","20.57","125.47",,,"1","4","2","5",,,,"11",,,,,,,,,,,,"8",,,,,,"9","289",,,,,,,,,,,,,"226","5","798","172","7","1","2","2","1FFFFF","1AAAAAAAA1AAAA","4",,,,,,,,,,,,,,,
"4300531","2016-09-29T05:56:00","24.26","127.02",,,"1","4","2","5",,,,"11",,,,,,,,,,,,"8",,,,,,"9","290",,,,,,,,,,,,,"226","47","798","172","7","0",,"2","1FFFFF","1AAAAAAAA1AAAA","4",,,,,,,,,,,,,,,
"5100523","2016-09-29T05:56:00","24.33","124.19",,,"1","4","2","5",,,,"11",,,,,,,,,,,,"8",,,,,,"9","297",,,,,,,,,,,,,"226","44","798","172","7","1","2","2","1FFFFF","1AAAAAAAA1AAAA","4",,,,,,,,,,,,,,,
"2100704","2016-09-29T06:00:00","24.81","129.75",,,"1","3","2","5",,,,"11",,,,,,,,,"10109",,,"0",,,,,,,"296",,,,,,,,"8","4",,,,"226","49","994","114","7","1","2","2","1FFF1F","1AAAA1AAA1A7AA","4",,,,,,,,,,,,,,,
"3200560","2016-09-29T06:00:00","20.57","125.47",,,"1","4","2","5",,,,"11",,,,,,,,,,,,"8",,,,,,"9","289",,,,,,,,,,,,,"226","5","798","172","7","1","2","2","1FFFFF","1AAAAAAAA1AAAA","4",,,,,,,,,,,,,,,
"4300531","2016-09-29T06:00:00","24.26","127.02",,,"1","4","2","5",,,,"11",,,,,,,,,,,,"8",,,,,,"9","290",,,,,,,,,,,,,"226","47","798","172","7","1","2","2","1FFFFF","1AAAAAAAA1AAAA","4",,,,,,,,,,,,,,,
"5100523","2016-09-29T06:00:00","24.33","124.19",,,"1","4","2","5",,,,"11",,,,,,,,,,,,"8",,,,,,"9","297",,,,,,,,,,,,,"226","44","798","172","7","1","2","2","1FFFFF","1AAAAAAAA1AAAA","4",,,,,,,,,,,,,,,
"7JYC","2016-09-29T06:00:00","20.50","120.00",,,"1","6","2","5","1","4",,"1",,"170","4","129","1","97","3","2","10069","4","0","8","300","0","290",,"278",,"289","4","3","5","7","4","4",,"4","3","9","4","3","226","0","798","172","5","1","2","2","111111","11111111111111",,"5",,"2",,,,,,,,,,,,
"A8OB5","2016-09-29T06:00:00","27.60","126.40",,,"1","5","2","5","5","4",,"1",,"230","3","26","1","97","2","1","10100","7","20","8","300",,"270",,"260",,,"4",,"5","5","A","A",,,"1","20","5","3","226","76","798","172","5","1","2","2","F11111","111111111A1311",,"5",,"1",,,,,,,,,,,,
"CQGT","2016-09-29T06:00:00","24.60","120.20",,,"1","4","0","0","5","3",,"1","0","180","4","87",,"96","3","2","10070","0","0","0","290","0","250",,"235","1",,"7","7","7","3","7","0",,"2","2","18","3","3","226","40","992","114","5","1","2","2","611111","11141111191111",,,"1","2",,,,,,,,,,,"4",
"DCQP2","2016-09-29T06:00:00","25.10","120.50",,,"1","6","2","5","1","4",,"1",,"170","4","57","1","96","2","2","10067","3","6","8","287",,,,"236","1","255","7","7","7","6","A","A",,,"1",,,,"226","50","798","172","5","1","2","2","111111","1114111A1113A1",,"5",,"2",,,,,,,,,,,,
"DDOR2","2016-09-29T06:00:00","25.10","120.00",,,"1","6","2","5","1","3",,"1",,"200",,"46","1","97","2","2","10067","3","2","8","340",,,,"243","1","264","7",,"A","A","A","A","20",,"2","18","8","4","226","50","798","172","5","1","2","2","151112","1111111A111311",,"5",,"2",,,,,,,,,,,,
"VRDN3","2016-09-29T06:00:00","24.40","120.30",,,"1","6","2","5","5","3",,"1",,"220",,"72","1","97","3","1","10047",,"0","8","280",,"270",,"267",,,"5","4","6","3","7","7",,"10","4",,,,"226","40","798","172","5","1","2","2","611111","111111111611A7",,"5",,"1",,,,,,,,,,,,
"VRLJ4","2016-09-29T06:00:00","26.70","122.20",,,"1","4","0","0","5","3",,"1","0","40","4","72","1","97","2","2","10090","7","10","0","270","0","240",,"228","3","240","6","6","7","3","6","A",,"4","2",,,,"226","62","992","114","5","0","2","2","111111","111111111111A1",,"5","1","2",,,,,,,,,,,"4",
"3200623","2016-09-29T06:02:00","25.20","129.02",,,"1","4","2","5",,,,"11",,,,,,,,,,,,"8",,,,,,"9","294",,,,,,,,,,,,,"226","59","798","172","7","1","2","2","1FFFFF","1AAAAAAAA1AAAA","4",,,,,,,,,,,,,,,
"3200623","2016-09-29T06:06:00","25.20","129.02",,,"1","4","2","5",,,,"11",,,,,,,,,,,,"8",,,,,,"9","294",,,,,,,,,,,,,"226","59","798","172","7","1","2","2","1FFFFF","1AAAAAAAA1AAAA","4",,,,,,,,,,,,,,,
"3200560","2016-09-29T07:00:00","20.57","125.47",,,"1","4","2","5",,,,"11",,,,,,,,,,,,"8",,,,,,"9","289",,,,,,,,,,,,,"226","5","798","172","7","1","2","2","1FFFFF","1AAAAAAAA1AAAA","4",,,,,,,,,,,,,,,
"4300531","2016-09-29T07:00:00","24.26","127.02",,,"1","4","2","5",,,,"11",,,,,,,,,,,,"8",,,,,,"9","290",,,,,,,,,,,,,"226","47","798","172","7","1","2","2","1FFFFF","1AAAAAAAA1AAAA","4",,,,,,,,,,,,,,,
"5100523","2016-09-29T07:30:00","24.33","124.19",,,"1","4","2","5",,,,"11",,,,,,,,,,,,"8",,,,,,"9","295",,,,,,,,,,,,,"226","44","798","172","7","0",,"2","1FFFFF","1AAAAAAAA1AAAA","4",,,,,,,,,,,,,,,
"3200623","2016-09-29T07:41:00","25.20","129.02",,,"1","4","2","5",,,,"11",,,,,,,,,,,,"8",,,,,,"9","294",,,,,,,,,,,,,"226","59","798","172","7","1","2","2","1FFFFF","1AAAAAAAA1AAAA","4",,,,,,,,,,,,,,,
"3200560","2016-09-29T08:00:00","20.58","125.46",,,"1","4","2","5",,,,"11",,,,,,,,,,,,"8",,,,,,"9","289",,,,,,,,,,,,,"226","5","798","172","7","1","2","2","1FFFFF","1AAAAAAAA1AAAA","4",,,,,,,,,,,,,,,
"4300531","2016-09-29T08:00:00","24.33","127.05",,,"1","4","2","5",,,,"11",,,,,,,,,,,,"8",,,,,,"9","289",,,,,,,,,,,,,"226","47","798","172","7","1","2","2","1FFFFF","1AAAAAAAA1AAAA","4",,,,,,,,,,,,,,,
"VRLT9","2016-09-29T08:00:00","23.70","122.00",,,"1","4","0","0","5","3",,"1","0","200","4","77",,"97",,"0","10070","4","0","0","310","0","300",,"297",,,"1",,,"4",,,,,,"16",,"4","226","32","992","114","5","1","2","2","F11111","111A11111A1A31",,,"1","0",,,,,,,,,,,"4",
"3200623","2016-09-29T08:26:00","25.24","129.04",,,"1","4","2","5",,,,"11",,,,,,,,,,,,"8",,,,,,"9","293",,,,,,,,,,,,,"226","59","798","172","7","1","2","2","1FFFFF","1AAAAAAAA1AAAA","4",,,,,,,,,,,,,,,
"3200560","2016-09-29T08:27:00","20.58","125.46",,,"1","4","2","5",,,,"11",,,,,,,,,,,,"8",,,,,,"9","289",,,,,,,,,,,,,"226","5","798","172","7","0",,"2","1FFFFF","1AAAAAAAA1AAAA","4",,,,,,,,,,,,,,,
"4300531","2016-09-29T08:27:00","24.33","127.05",,,"1","4","2","5",,,,"11",,,,,,,,,,,,"8",,,,,,"9","289",,,,,,,,,,,,,"226","47","798","172","7","0",,"2","1FFFFF","1AAAAAAAA1AAAA","4",,,,,,,,,,,,,,,
"3200623","2016-09-29T08:28:00","25.24","129.04",,,"1","4","2","5",,,,"11",,,,,,,,,,,,"8",,,,,,"9","293",,,,,,,,,,,,,"226","59","798","172","7","1","2","2","1FFFFF","1AAAAAAAA1AAAA","4",,,,,,,,,,,,,,,
"3200623","2016-09-29T08:32:00","25.24","129.04",,,"1","4","2","5",,,,"11",,,,,,,,,,,,"8",,,,,,"9","293",,,,,,,,,,,,,"226","59","798","172","7","1","2","2","1FFFFF","1AAAAAAAA1AAAA","4",,,,,,,,,,,,,,,
"3200560","2016-09-29T08:50:00","20.60","125.46",,,"1","4","2","5",,,,"11",,,,,,,,,,,,"8",,,,,,"9","289",,,,,,,,,,,,,"226","5","798","172","7","1","2","2","1FFFFF","1AAAAAAAA1AAAA","4",,,,,,,,,,,,,,,
"4300531","2016-09-29T08:50:00","24.34","127.06",,,"1","4","2","5",,,,"11",,,,,,,,,,,,"8",,,,,,"9","289",,,,,,,,,,,,,"226","47","798","172","7","0",,"2","1FFFFF","1AAAAAAAA1AAAA","4",,,,,,,,,,,,,,,
"3200623","2016-09-29T08:58:00","25.24","129.04",,,"1","4","2","5",,,,"11",,,,,,,,,,,,"8",,,,,,"9","293",,,,,,,,,,,,,"226","59","798","172","7","1","2","2","1FFFFF","1AAAAAAAA1AAAA","4",,,,,,,,,,,,,,,
"2100704","2016-09-29T09:00:00","24.76","129.70",,,"1","3","2","5",,,,"11",,,,,,,,,"10114",,,"0",,,,,,,"293",,,,,,,,"8","4",,,,"226","49","994","114","7","1","2","2","1FFF1F","1AAAA1AAA1A7AA","4",,,,,,,,,,,,,,,
"3200560","2016-09-29T09:00:00","20.60","125.46",,,"1","4","2","5",,,,"11",,,,,,,,,,,,"8",,,,,,"9","289",,,,,,,,,,,,,"226","5","798","172","7","1","2","2","1FFFFF","1AAAAAAAA1AAAA","4",,,,,,,,,,,,,,,
"4300531","2016-09-29T09:00:00","24.34","127.06",,,"1","4","2","5",,,,"11",,,,,,,,,,,,"8",,,,,,"9","289",,,,,,,,,,,,,"226","47","798","172","7","1","2","2","1FFFFF","1AAAAAAAA1AAAA","4",,,,,,,,,,,,,,,
"2100704","2016-09-29T10:00:00","24.74","129.68",,,"1","3","2","5",,,,"11",,,,,,,,,"10119",,,"0",,,,,,,"293",,,,,,,,"8","4",,,,"226","49","994","114","7","1","2","1","1FFF1F","1AAAA1AAA1A7AA","4",,,,,,,,,,,,,,,
"3200560","2016-09-29T10:00:00","20.60","125.46",,,"1","4","2","5",,,,"11",,,,,,,,,,,,"8",,,,,,"9","288",,,,,,,,,,,,,"226","5","798","172","7","0",,"1","1FFFFF","1AAAAAAAA1AAAA","4",,,,,,,,,,,,,,,
"3200623","2016-09-29T10:02:00","25.25","129.04",,,"1","4","2","5",,,,"11",,,,,,,,,,,,"8",,,,,,"9","292",,,,,,,,,,,,,"226","59","798","172","7","0",,"1","1FFFFF","1AAAAAAAA1AAAA","4",,,,,,,,,,,,,,,
"3200623","2016-09-29T10:13:00","25.25","129.04",,,"1","4","2","5",,,,"11",,,,,,,,,,,,"8",,,,,,"9","292",,,,,,,,,,,,,"226","59","798","172","7","1","2","1","1FFFFF","1AAAAAAAA1AAAA","4",,,,,,,,,,,,,,,
"5100523","2016-09-29T10:15:00","24.33","124.19",,,"1","4","2","5",,,,"11",,,,,,,,,,,,"8",,,,,,"9","282",,,,,,,,,,,,,"226","44","798","172","7","1","2","1","1FFFFF","1AAAAAAAA1AAAA","4",,,,,,,,,,,,,,,
"4300531","2016-09-29T10:28:00","24.36","127.08",,,"1","4","2","5",,,,"11",,,,,,,,,,,,"8",,,,,,"9","288",,,,,,,,,,,,,"226","47","798","172","7","0",,"1","1FFFFF","1AAAAAAAA1AAAA","4",,,,,,,,,,,,,,,
"3200623","2016-09-29T10:29:00","25.25","129.05",,,"1","4","2","5",,,,"11",,,,,,,,,,,,"8",,,,,,"9","292",,,,,,,,,,,,,"226","59","798","172","7","0",,"1","1FFFFF","1AAAAAAAA1AAAA","4",,,,,,,,,,,,,,,
"3200560","2016-09-29T10:30:00","20.62","125.45",,,"1","4","2","5",,,,"11",,,,,,,,,,,,"8",,,,,,"9","288",,,,,,,,,,,,,"226","5","798","172","7","0",,"1","1FFFFF","1AAAAAAAA1AAAA","4",,,,,,,,,,,,,,,
"3200623","2016-09-29T10:32:00","25.25","129.05",,,"1","4","2","5",,,,"11",,,,,,,,,,,,"8",,,,,,"9","292",,,,,,,,,,,,,"226","59","798","172","7","1","2","1","1FFFFF","1AAAAAAAA1AAAA","4",,,,,,,,,,,,,,,
"3200623","2016-09-29T10:36:00","25.25","129.04",,,"1","4","2","5",,,,"11",,,,,,,,,,,,"8",,,,,,"9","292",,,,,,,,,,,,,"226","59","798","172","7","1","2","1","1FFFFF","1AAAAAAAA1AAAA","4",,,,,,,,,,,,,,,
"2100704","2016-09-29T11:00:00","24.72","129.67",,,"1","3","2","5",,,,"11",,,,,,,,,"10124",,,"0",,,,,,,"293",,,,,,,,"8","3",,,,"226","49","994","114","7","1","2","1","1FFF1F","1AAAA1AAA1A7AA","4",,,,,,,,,,,,,,,
"3200560","2016-09-29T11:00:00","20.62","125.45",,,"1","4","2","5",,,,"11",,,,,,,,,,,,"8",,,,,,"9","288",,,,,,,,,,,,,"226","5","798","172","7","1","2","1","1FFFFF","1AAAAAAAA1AAAA","4",,,,,,,,,,,,,,,
"4300531","2016-09-29T11:00:00","24.36","127.08",,,"1","4","2","5",,,,"11",,,,,,,,,,,,"8",,,,,,"9","288",,,,,,,,,,,,,"226","47","798","172","7","1","2","1","1FFFFF","1AAAAAAAA1AAAA","4",,,,,,,,,,,,,,,
"5100523","2016-09-29T11:45:00","24.34","124.19",,,"1","4","2","5",,,,"11",,,,,,,,,,,,"8",,,,,,"9","277",,,,,,,,,,,,,"226","44","798","172","7","1","2","1","1FFFFF","1AAAAAAAA1AAAA","4",,,,,,,,,,,,,,,
"3200560","2016-09-29T11:56:00","20.64","125.46",,,"1","4","2","5",,,,"11",,,,,,,,,,,,"8",,,,,,"9","287",,,,,,,,,,,,,"226","5","798","172","7","0",,"1","1FFFFF","1AAAAAAAA1AAAA","4",,,,,,,,,,,,,,,
"3200623","2016-09-29T11:56:00","25.27","129.06",,,"1","4","2","5",,,,"11",,,,,,,,,,,,"8",,,,,,"9","292",,,,,,,,,,,,,"226","59","798","172","7","0",,"1","1FFFFF","1AAAAAAAA1AAAA","4",,,,,,,,,,,,,,,
"4300531","2016-09-29T11:56:00","24.37","127.10",,,"1","4","2","5",,,,"11",,,,,,,,,,,,"8",,,,,,"9","288",,,,,,,,,,,,,"226","47","798","172","7","0",,"1","1FFFFF","1AAAAAAAA1AAAA","4",,,,,,,,,,,,,,,
"5100523","2016-09-29T11:56:00","24.34","124.19",,,"1","4","2","5",,,,"11",,,,,,,,,,,,"8",,,,,,"9","277",,,,,,,,,,,,,"226","44","798","172","7","1","2","1","1FFFFF","1AAAAAAAA1AAAA","4",,,,,,,,,,,,,,,
"3200623","2016-09-29T11:59:00","25.27","129.06",,,"1","4","2","5",,,,"11",,,,,,,,,,,,"8",,,,,,"9","292",,,,,,,,,,,,,"226","59","798","172","7","1","2","1","1FFFFF","1AAAAAAAA1AAAA","4",,,,,,,,,,,,,,,
"2100704","2016-09-29T12:00:00","24.71","129.65",,,"1","3","2","5",,,,"11",,,,,,,,,"10129",,,"0",,,,,,,"293",,,,,,,,"8","4",,,,"226","49","994","114","7","1","2","1","1FFF1F","1AAAA1AAA1A7AA","4",,,,,,,,,,,,,,,
"3200560","2016-09-29T12:00:00","20.64","125.46",,,"1","4","2","5",,,,"11",,,,,,,,,,,,"8",,,,,,"9","287",,,,,,,,,,,,,"226","5","798","172","7","1","2","1","1FFFFF","1AAAAAAAA1AAAA","4",,,,,,,,,,,,,,,
"4300531","2016-09-29T12:00:00","24.37","127.10",,,"1","4","2","5",,,,"11",,,,,,,,,,,,"8",,,,,,"9","288",,,,,,,,,,,,,"226","47","798","172","7","1","2","1","1FFFFF","1AAAAAAAA1AAAA","4",,,,,,,,,,,,,,,
"A8GU8","2016-09-29T12:00:00","27.00","122.20",,,"1","6","2","5","8","3",,"1",,"130","3","87","1","98","1","0","10100","2","10","8","270",,,,"250","1","250","3","2","1","3","6","1",,"8","4","14","8","3","226","72","798","172","5","1","2","1","111111","1111111A111111",,"5",,"0",,,,,,,,,,,,
"WCX8882","2016-09-29T12:00:00","26.90","127.20",,,"1","6","2","5","7","3",,"1",,"180","4","41","1","98","2","0","10110","1","7","8","290",,"262",,"250","1","280","3","2","3","5","4","A",,"8","1","27","8","4","226","67","798","172","5","1","2","1","111111","11111111111111",,"5",,"0",,,,,,,,,,,,
"5100523","2016-09-29T12:45:00","24.34","124.19",,,"1","4","2","5",,,,"11",,,,,,,,,,,,"8",,,,,,"9","276",,,,,,,,,,,,,"226","44","798","172","7","1","2","1","1FFFFF","1AAAAAAAA1AAAA","4",,,,,,,,,,,,,,,
"3200560","2016-09-29T12:49:00","20.66","125.46",,,"1","4","2","5",,,,"11",,,,,,,,,,,,"8",,,,,,"9","287",,,,,,,,,,,,,"226","5","798","172","7","0",,"1","1FFFFF","1AAAAAAAA1AAAA","4",,,,,,,,,,,,,,,
"4300531","2016-09-29T12:51:00","24.37","127.10",,,"1","4","2","5",,,,"11",,,,,,,,,,,,"8",,,,,,"9","287",,,,,,,,,,,,,"226","47","798","172","7","0",,"1","1FFFFF","1AAAAAAAA1AAAA","4",,,,,,,,,,,,,,,
"3200623","2016-09-29T12:55:00","25.27","129.06",,,"1","4","2","5",,,,"11",,,,,,,,,,,,"8",,,,,,"9","292",,,,,,,,,,,,,"226","59","798","172","7","1","2","1","1FFFFF","1AAAAAAAA1AAAA","4",,,,,,,,,,,,,,,
"3200560","2016-09-29T13:00:00","20.66","125.46",,,"1","4","2","5",,,,"11",,,,,,,,,,,,"8",,,,,,"9","287",,,,,,,,,,,,,"226","5","798","172","7","1","2","1","1FFFFF","1AAAAAAAA1AAAA","4",,,,,,,,,,,,,,,
"4300531","2016-09-29T13:00:00","24.37","127.10",,,"1","4","2","5",,,,"11",,,,,,,,,,,,"8",,,,,,"9","287",,,,,,,,,,,,,"226","47","798","172","7","1","2","1","1FFFFF","1AAAAAAAA1AAAA","4",,,,,,,,,,,,,,,
"3200560","2016-09-29T13:34:00","20.66","125.46",,,"1","4","2","5",,,,"11",,,,,,,,,,,,"8",,,,,,"9","287",,,,,,,,,,,,,"226","5","798","172","7","0",,"1","1FFFFF","1AAAAAAAA1AAAA","4",,,,,,,,,,,,,,,
"3200623","2016-09-29T13:37:00","25.27","129.07",,,"1","4","2","5",,,,"11",,,,,,,,,,,,"8",,,,,,"9","292",,,,,,,,,,,,,"226","59","798","172","7","1","2","1","1FFFFF","1AAAAAAAA1AAAA","4",,,,,,,,,,,,,,,
"4300531","2016-09-29T13:38:00","24.37","127.11",,,"1","4","2","5",,,,"11",,,,,,,,,,,,"8",,,,,,"9","287",,,,,,,,,,,,,"226","47","798","172","7","0",,"1","1FFFFF","1AAAAAAAA1AAAA","4",,,,,,,,,,,,,,,
"3200623","2016-09-29T13:42:00","25.27","129.07",,,"1","4","2","5",,,,"11",,,,,,,,,,,,"8",,,,,,"9","292",,,,,,,,,,,,,"226","59","798","172","7","1","2","1","1FFFFF","1AAAAAAAA1AAAA","4",,,,,,,,,,,,,,,
"3200560","2016-09-29T14:00:00","20.66","125.46",,,"1","4","2","5",,,,"11",,,,,,,,,,,,"8",,,,,,"9","287",,,,,,,,,,,,,"226","5","798","172","7","1","2","1","1FFFFF","1AAAAAAAA1AAAA","4",,,,,,,,,,,,,,,
"4300531","2016-09-29T14:00:00","24.37","127.11",,,"1","4","2","5",,,,"11",,,,,,,,,,,,"8",,,,,,"9","287",,,,,,,,,,,,,"226","47","798","172","7","1","2","1","1FFFFF","1AAAAAAAA1AAAA","4",,,,,,,,,,,,,,,
"2100704","2016-09-29T15:00:00","24.67","129.59",,,"1","3","2","5",,,,"11",,,,,,,,,"10133",,,"0",,,,,,,"292",,,,,,,,"8","3",,,,"226","49","994","114","7","1","2","1","1FFF1F","1AAAA1AAA1A7AA","4",,,,,,,,,,,,,,,
"3200560","2016-09-29T15:00:00","20.66","125.46",,,"1","4","2","5",,,,"11",,,,,,,,,,,,"8",,,,,,"9","287",,,,,,,,,,,,,"226","5","798","172","7","1","2","1","1FFFFF","1AAAAAAAA1AAAA","4",,,,,,,,,,,,,,,
"4300531","2016-09-29T15:00:00","24.37","127.11",,,"1","4","2","5",,,,"11",,,,,,,,,,,,"8",,,,,,"9","287",,,,,,,,,,,,,"226","47","798","172","7","1","2","1","1FFFFF","1AAAAAAAA1AAAA","4",,,,,,,,,,,,,,,
"7JYC","2016-09-29T15:00:00","22.50","121.50",,,"1","6","2","5","1","4",,"1",,"70","4","41","1","98",,,"10133","0","12","8","280","0","265",,"260",,"290","4","3","9","7","4","3",,"4","3","23","4","3","226","21","798","172","5","1","2","1","111111","111AA111111111",,"5",,,,,,,,,,,,,,
"3200560","2016-09-29T16:00:00","20.66","125.46",,,"1","4","2","5",,,,"11",,,,,,,,,,,,"8",,,,,,"9","287",,,,,,,,,,,,,"226","5","798","172","7","1","2","1","1FFFFF","1AAAAAAAA1AAAA","4",,,,,,,,,,,,,,,
"4300531","2016-09-29T16:00:00","24.37","127.11",,,"1","4","2","5",,,,"11",,,,,,,,,,,,"8",,,,,,"9","287",,,,,,,,,,,,,"226","47","798","172","7","1","2","1","1FFFFF","1AAAAAAAA1AAAA","4",,,,,,,,,,,,,,,
"3200623","2016-09-29T16:50:00","25.27","129.07",,,"1","4","2","5",,,,"11",,,,,,,,,,,,"8",,,,,,"9","291",,,,,,,,,,,,,"226","59","798","172","7","1","2","1","1FFFFF","1AAAAAAAA1AAAA","4",,,,,,,,,,,,,,,
"3200560","2016-09-29T17:00:00","20.68","125.52",,,"1","4","2","5",,,,"11",,,,,,,,,,,,"8",,,,,,"9","287",,,,,,,,,,,,,"226","5","798","172","7","1","2","1","1FFFFF","1AAAAAAAA1AAAA","4",,,,,,,,,,,,,,,
"4300531","2016-09-29T17:00:00","24.35","127.10",,,"1","4","2","5",,,,"11",,,,,,,,,,,,"8",,,,,,"9","287",,,,,,,,,,,,,"226","47","798","172","7","1","2","1","1FFFFF","1AAAAAAAA1AAAA","4",,,,,,,,,,,,,,,
"2100704","2016-09-29T18:00:00","24.63","129.53",,,"1","3","2","5",,,,"11",,,,,,,,,"10117",,,"0",,,,,,,"292",,,,,,,,"8","4",,,,"226","49","994","114","7","1","2","1","1FFF1F","1AAAA1AAA1A7AA","4",,,,,,,,,,,,,,,
"3200560","2016-09-29T18:00:00","20.68","125.52",,,"1","4","2","5",,,,"11",,,,,,,,,,,,"8",,,,,,"9","287",,,,,,,,,,,,,"226","5","798","172","7","1","2","1","1FFFFF","1AAAAAAAA1AAAA","4",,,,,,,,,,,,,,,
"4300531","2016-09-29T18:00:00","24.35","127.10",,,"1","4","2","5",,,,"11",,,,,,,,,,,,"8",,,,,,"9","287",,,,,,,,,,,,,"226","47","798","172","7","1","2","1","1FFFFF","1AAAAAAAA1AAAA","4",,,,,,,,,,,,,,,
"7JYC","2016-09-29T18:00:00","23.30","121.80",,,"1","6","2","5","1","4",,"1",,"70","4","21","1","98",,,"10096","6","10","8","280","0","260",,"253",,"290","4","3","9","7","4","3",,"4","3","23","4","3","226","31","798","172","5","1","2","1","111111","111AA111111111",,"5",,,,,,,,,,,,,,
"C6AX4","2016-09-29T18:00:00","21.40","122.50",,,"1","6","2","5","2","3",,"1","0","110","4","82","1","98","52","1","10070","4","0","8","250","0","230",,"222","0","300","6","6","7","8","3","A",,,,,,,"226","12","798","172","5","1","2","1","111111","11131111111AA1",,"5","1","1",,,,,,,,,,,"4",
"MASKSTID","2016-09-29T18:00:00","23.30","121.80",,,"1","4",,"0","1","3",,"2","0","70","4","21",,"98","1","0","10096","6","10",,"280","0","218",,"253","1","251","4",,,"7",,,,,,,,,"226","31","792","103","5","1","2","1","F11111","1111A11A1A1AA1",,,"1","2",,,,,,,,,,,"4",
"WCX8882","2016-09-29T18:00:00","28.30","125.40",,,"1","6","2","5","7","3",,"1",,"180","4","31","1","98","2","0","10112","8","8","8","267",,"256",,"251","1","271","0","0","0","9","0","0",,,,,,,"226","85","798","172","5","1","2","1","111111","11111111111AA1",,"5",,"0",,,,,,,,,,,,
"3200623","2016-09-29T18:29:00","25.24","129.10",,,"1","4","2","5",,,,"11",,,,,,,,,,,,"8",,,,,,"9","291",,,,,,,,,,,,,"226","59","798","172","7","0",,"1","1FFFFF","1AAAAAAAA1AAAA","4",,,,,,,,,,,,,,,
"4300531","2016-09-29T18:30:00","24.35","127.10",,,"1","4","2","5",,,,"11",,,,,,,,,,,,"8",,,,,,"9","287",,,,,,,,,,,,,"226","47","798","172","7","1","2","1","1FFFFF","1AAAAAAAA1AAAA","4",,,,,,,,,,,,,,,
"3200560","2016-09-29T18:31:00","20.68","125.52",,,"1","4","2","5",,,,"11",,,,,,,,,,,,"8",,,,,,"9","287",,,,,,,,,,,,,"226","5","798","172","7","1","2","1","1FFFFF","1AAAAAAAA1AAAA","4",,,,,,,,,,,,,,,
"3200623","2016-09-29T18:32:00","25.24","129.10",,,"1","4","2","5",,,,"11",,,,,,,,,,,,"8",,,,,,"9","291",,,,,,,,,,,,,"226","59","798","172","7","1","2","1","1FFFFF","1AAAAAAAA1AAAA","4",,,,,,,,,,,,,,,
"2IWZ7","2016-09-29T19:00:00","25.60","124.90",,,"1","6","2","5","2","4",,"1",,"160","4","139","1","98","1","1","10116","1","10","8","275",,"260",,"255","1","290",,,"A",,"A","A",,"5","2","16","8","4","226","54","798","172","5","1","2","1","111111","11111111118111",,"5",,"1",,,,,,,,,,,,
"3200560","2016-09-29T19:00:00","20.68","125.52",,,"1","4","2","5",,,,"11",,,,,,,,,,,,"8",,,,,,"9","287",,,,,,,,,,,,,"226","5","798","172","7","1","2","1","1FFFFF","1AAAAAAAA1AAAA","4",,,,,,,,,,,,,,,
"4300531","2016-09-29T19:00:00","24.35","127.10",,,"1","4","2","5",,,,"11",,,,,,,,,,,,"8",,,,,,"9","286",,,,,,,,,,,,,"226","47","798","172","7","1","2","1","1FFFFF","1AAAAAAAA1AAAA","4",,,,,,,,,,,,,,,
"3200623","2016-09-29T19:58:00","25.23","129.11",,,"1","4","2","5",,,,"11",,,,,,,,,,,,"8",,,,,,"9","291",,,,,,,,,,,,,"226","59","798","172","7","0",,"1","1FFFFF","1AAAAAAAA1AAAA","4",,,,,,,,,,,,,,,
"4300531","2016-09-29T19:59:00","24.35","127.10",,,"1","4","2","5",,,,"11",,,,,,,,,,,,"8",,,,,,"9","286",,,,,,,,,,,,,"226","47","798","172","7","0",,"1","1FFFFF","1AAAAAAAA1AAAA","4",,,,,,,,,,,,,,,
"3200560","2016-09-29T20:00:00","20.68","125.55",,,"1","4","2","5",,,,"11",,,,,,,,,,,,"8",,,,,,"9","287",,,,,,,,,,,,,"226","5","798","172","7","1","2","1","1FFFFF","1AAAAAAAA1AAAA","4",,,,,,,,,,,,,,,
"3200623","2016-09-29T20:00:00","25.23","129.11",,,"1","4","2","5",,,,"11",,,,,,,,,,,,"8",,,,,,"9","291",,,,,,,,,,,,,"226","59","798","172","7","1","2","1","1FFFFF","1AAAAAAAA1AAAA","4",,,,,,,,,,,,,,,
"4300531","2016-09-29T20:00:00","24.35","127.10",,,"1","4","2","5",,,,"11",,,,,,,,,,,,"8",,,,,,"9","286",,,,,,,,,,,,,"226","47","798","172","7","1","2","1","1FFFFF","1AAAAAAAA1AAAA","4",,,,,,,,,,,,,,,
"3200623","2016-09-29T20:12:00","25.23","129.11",,,"1","4","2","5",,,,"11",,,,,,,,,,,,"8",,,,,,"9","291",,,,,,,,,,,,,"226","59","798","172","7","0",,"1","1FFFFF","1AAAAAAAA1AAAA","4",,,,,,,,,,,,,,,
"3200623","2016-09-29T20:13:00","25.23","129.11",,,"1","4","2","5",,,,"11",,,,,,,,,,,,"8",,,,,,"9","291",,,,,,,,,,,,,"226","59","798","172","7","1","2","1","1FFFFF","1AAAAAAAA1AAAA","4",,,,,,,,,,,,,,,
"3200623","2016-09-29T20:57:00","25.23","129.10",,,"1","4","2","5",,,,"11",,,,,,,,,,,,"8",,,,,,"9","291",,,,,,,,,,,,,"226","59","798","172","7","0",,"1","1FFFFF","1AAAAAAAA1AAAA","4",,,,,,,,,,,,,,,
"3200560","2016-09-29T20:59:00","20.68","125.55",,,"1","4","2","5",,,,"11",,,,,,,,,,,,"8",,,,,,"9","287",,,,,,,,,,,,,"226","5","798","172","7","0",,"1","1FFFFF","1AAAAAAAA1AAAA","4",,,,,,,,,,,,,,,
"4300531","2016-09-29T20:59:00","24.37","127.05",,,"1","4","2","5",,,,"11",,,,,,,,,,,,"8",,,,,,"9","286",,,,,,,,,,,,,"226","47","798","172","7","0",,"1","1FFFFF","1AAAAAAAA1AAAA","4",,,,,,,,,,,,,,,
"2100704","2016-09-29T21:00:00","24.59","129.48",,,"1","3","2","5",,,,"11",,,,,,,,,"10119",,,"0",,,,,,,"291",,,,,,,,"8","3",,,,"226","49","994","114","7","1","2","1","1FFF1F","1AAAA1AAA1A7AA","4",,,,,,,,,,,,,,,
"3200560","2016-09-29T21:00:00","20.68","125.55",,,"1","4","2","5",,,,"11",,,,,,,,,,,,"8",,,,,,"9","287",,,,,,,,,,,,,"226","5","798","172","7","1","2","1","1FFFFF","1AAAAAAAA1AAAA","4",,,,,,,,,,,,,,,
"3200623","2016-09-29T21:00:00","25.23","129.10",,,"1","4","2","5",,,,"11",,,,,,,,,,,,"8",,,,,,"9","291",,,,,,,,,,,,,"226","59","798","172","7","1","2","1","1FFFFF","1AAAAAAAA1AAAA","4",,,,,,,,,,,,,,,
"4300531","2016-09-29T21:00:00","24.37","127.05",,,"1","4","2","5",,,,"11",,,,,,,,,,,,"8",,,,,,"9","286",,,,,,,,,,,,,"226","47","798","172","7","1","2","1","1FFFFF","1AAAAAAAA1AAAA","4",,,,,,,,,,,,,,,
"7JYC","2016-09-29T21:00:00","24.00","122.10",,,"1","6","2","5","1","4",,"1",,"140","4","62","1","98",,,"10096","0","0","8","280","0","260",,"253",,"284","6","6","4","7","4","9",,"4","3","23","4","2","226","42","798","172","5","1","2","1","111111","111AA111111111",,"5",,,,,,,,,,,,,,
"MASKSTID","2016-09-29T21:00:00","24.00","122.10",,,"1","4",,"0","7","3",,"2","0","140","4","62",,"98","1","1","10096","0","0",,"280","1","180",,"253","3","240","6",,"A","7","A","A",,,,"23","4","2","226","42","792","103","5","1","2","1","F11111","1111A11A1A1AA1",,,"1","2",,,,,,,,,,,"4",
"5100523","2016-09-29T21:15:00","24.34","124.19",,,"1","4","2","5",,,,"11",,,,,,,,,,,,"8",,,,,,"9","269",,,,,,,,,,,,,"226","44","798","172","7","1","2","1","1FFFFF","1AAAAAAAA1AAAA","4",,,,,,,,,,,,,,,
"3200623","2016-09-29T21:18:00","25.22","129.11",,,"1","4","2","5",,,,"11",,,,,,,,,,,,"8",,,,,,"9","291",,,,,,,,,,,,,"226","59","798","172","7","0",,"2","1FFFFF","1AAAAAAAA1AAAA","4",,,,,,,,,,,,,,,
"5100523","2016-09-29T21:19:00","24.33","124.19",,,"1","4","2","5",,,,"11",,,,,,,,,,,,"8",,,,,,"9","269",,,,,,,,,,,,,"226","44","798","172","7","0",,"1","1FFFFF","1AAAAAAAA1AAAA","4",,,,,,,,,,,,,,,
"3200623","2016-09-29T21:20:00","25.22","129.11",,,"1","4","2","5",,,,"11",,,,,,,,,,,,"8",,,,,,"9","291",,,,,,,,,,,,,"226","59","798","172","7","1","2","2","1FFFFF","1AAAAAAAA1AAAA","4",,,,,,,,,,,,,,,
"3200623","2016-09-29T21:23:00","25.22","129.11",,,"1","4","2","5",,,,"11",,,,,,,,,,,,"8",,,,,,"9","291",,,,,,,,,,,,,"226","59","798","172","7","1","2","2","1FFFFF","1AAAAAAAA1AAAA","4",,,,,,,,,,,,,,,
"5100523","2016-09-29T21:30:00","24.33","124.19",,,"1","4","2","5",,,,"11",,,,,,,,,,,,"8",,,,,,"9","269",,,,,,,,,,,,,"226","44","798","172","7","1","2","1","1FFFFF","1AAAAAAAA1AAAA","4",,,,,,,,,,,,,,,
"5100523","2016-09-29T21:38:00","24.34","124.18",,,"1","4","2","5",,,,"11",,,,,,,,,,,,"8",,,,,,"9","289",,,,,,,,,,,,,"226","44","798","172","7","1","2","2","1FFFFF","1AAAAAAAA1AAAA","4",,,,,,,,,,,,,,,
"3200560","2016-09-29T21:39:00","20.67","125.55",,,"1","4","2","5",,,,"11",,,,,,,,,,,,"8",,,,,,"9","286",,,,,,,,,,,,,"226","5","798","172","7","0",,"2","1FFFFF","1AAAAAAAA1AAAA","4",,,,,,,,,,,,,,,
"4300531","2016-09-29T21:39:00","24.38","127.03",,,"1","4","2","5",,,,"11",,,,,,,,,,,,"8",,,,,,"9","286",,,,,,,,,,,,,"226","47","798","172","7","0",,"2","1FFFFF","1AAAAAAAA1AAAA","4",,,,,,,,,,,,,,,
"3200623","2016-09-29T21:40:00","25.22","129.11",,,"1","4","2","5",,,,"11",,,,,,,,,,,,"8",,,,,,"9","291",,,,,,,,,,,,,"226","59","798","172","7","0",,"2","1FFFFF","1AAAAAAAA1AAAA","4",,,,,,,,,,,,,,,
"3200623","2016-09-29T21:42:00","25.22","129.11",,,"1","4","2","5",,,,"11",,,,,,,,,,,,"8",,,,,,"9","291",,,,,,,,,,,,,"226","59","798","172","7","1","2","2","1FFFFF","1AAAAAAAA1AAAA","4",,,,,,,,,,,,,,,
"3200560","2016-09-29T22:00:00","20.67","125.55",,,"1","4","2","5",,,,"11",,,,,,,,,,,,"8",,,,,,"9","286",,,,,,,,,,,,,"226","5","798","172","7","1","2","2","1FFFFF","1AAAAAAAA1AAAA","4",,,,,,,,,,,,,,,
"4300531","2016-09-29T22:00:00","24.38","127.03",,,"1","4","2","5",,,,"11",,,,,,,,,,,,"8",,,,,,"9","286",,,,,,,,,,,,,"226","47","798","172","7","1","2","2","1FFFFF","1AAAAAAAA1AAAA","4",,,,,,,,,,,,,,,
"3200623","2016-09-29T22:38:00","25.21","129.11",,,"1","4","2","5",,,,"11",,,,,,,,,,,,"8",,,,,,"9","291",,,,,,,,,,,,,"226","59","798","172","7","0",,"2","1FFFFF","1AAAAAAAA1AAAA","4",,,,,,,,,,,,,,,
"4300531","2016-09-29T22:38:00","24.39","127.01",,,"1","4","2","5",,,,"11",,,,,,,,,,,,"8",,,,,,"9","287",,,,,,,,,,,,,"226","47","798","172","7","0",,"2","1FFFFF","1AAAAAAAA1AAAA","4",,,,,,,,,,,,,,,
"3200623","2016-09-29T22:39:00","25.21","129.11",,,"1","4","2","5",,,,"11",,,,,,,,,,,,"8",,,,,,"9","291",,,,,,,,,,,,,"226","59","798","172","7","1","2","2","1FFFFF","1AAAAAAAA1AAAA","4",,,,,,,,,,,,,,,
"3200623","2016-09-29T22:42:00","25.21","129.11",,,"1","4","2","5",,,,"11",,,,,,,,,,,,"8",,,,,,"9","291",,,,,,,,,,,,,"226","59","798","172","7","1","2","2","1FFFFF","1AAAAAAAA1AAAA","4",,,,,,,,,,,,,,,
"3200560","2016-09-29T23:00:00","20.67","125.57",,,"1","4","2","5",,,,"11",,,,,,,,,,,,"8",,,,,,"9","286",,,,,,,,,,,,,"226","5","798","172","7","1","2","2","1FFFFF","1AAAAAAAA1AAAA","4",,,,,,,,,,,,,,,
"3200623","2016-09-29T23:00:00","25.21","129.11",,,"1","4","2","5",,,,"11",,,,,,,,,,,,"8",,,,,,"9","291",,,,,,,,,,,,,"226","59","798","172","7","1","2","2","1FFFFF","1AAAAAAAA1AAAA","4",,,,,,,,,,,,,,,
"4300531","2016-09-29T23:00:00","24.39","127.01",,,"1","4","2","5",,,,"11",,,,,,,,,,,,"8",,,,,,"9","287",,,,,,,,,,,,,"226","47","798","172","7","1","2","2","1FFFFF","1AAAAAAAA1AAAA","4",,,,,,,,,,,,,,,
"2100704","2016-09-30T00:00:00","24.55","129.44",,,"1","3","2","5",,,,"11",,,,,,,,,"10128",,,"0",,,,,,,"292",,,,,,,,"8","3",,,,"226","49","994","114","7","1","2","2","1FFF1F","1AAAA1AAA1A7AA","4",,,,,,,,,,,,,,,
"3200560","2016-09-30T00:00:00","20.66","125.58",,,"1","4","2","5",,,,"11",,,,,,,,,,,,"8",,,,,,"9","286",,,,,,,,,,,,,"226","5","798","172","7","1","2","2","1FFFFF","1AAAAAAAA1AAAA","4",,,,,,,,,,,,,,,
"4300531","2016-09-30T00:00:00","24.43","126.99",,,"1","4","2","5",,,,"11",,,,,,,,,,,,"8",,,,,,"9","287",,,,,,,,,,,,,"226","46","798","172","7","1","2","2","1FFFFF","1AAAAAAAA1AAAA","4",,,,,,,,,,,,,,,
"A8GU8","2016-09-30T00:00:00","29.60","123.00",,,"1","6","2","5","8","3",,"1",,"200","3","57","1","97","3","2","10110","2","10","8","313",,,,"249","1","270","7","6","6","2","3","8",,"7","2","14","8","4","226","93","798","172","5","1","2","2","111111","1111111A111111",,"5",,"2",,,,,,,,,,,,
"C6AX4","2016-09-30T00:00:00","21.80","124.00",,,"1","4","0","0","1","1",,"1","0","90","4","190",,"95",,,,,,"0","270","0","230",,"213",,,,,,"A",,,,,,,,,"226","14","992","114","5","1","2","2","F141F1","111AAA111A8AAA",,,"3",,,,,,,,,,,,"4",
"CQGT","2016-09-30T00:00:00","22.50","120.10",,,"1","4","0","0","0","0",,"1","0","140","4","31",,"97","1","0","10103","1","11","0","264","0","244",,"236","1","288","3","2","3","5","4","7",,"5","1","19","7","3","226","20","992","114","5","1","2","2","111111","11111111111111",,,"1","0",,,,,,,,,,,"4",
"WCX8882","2016-09-30T00:00:00","29.60","125.60",,,"1","6","2","5","7","3",,"1",,"180","4","62","1","98","2","2","10120","1","5","8","270",,"253",,"246","1","270","5","4","3","5","6","6",,"8","2","22","8","4","226","95","798","172","5","1","2","2","111111","11111111111111",,"5",,"2",,,,,,,,,,,,
"3200623","2016-09-30T00:22:00","25.21","129.09",,,"1","4","2","5",,,,"11",,,,,,,,,,,,"8",,,,,,"9","292",,,,,,,,,,,,,"226","59","798","172","7","1","2","2","1FFFFF","1AAAAAAAA1AAAA","4",,,,,,,,,,,,,,,
"4300531","2016-09-30T00:22:00","24.43","126.99",,,"1","4","2","5",,,,"11",,,,,,,,,,,,"8",,,,,,"9","287",,,,,,,,,,,,,"226","46","798","172","7","0",,"2","1FFFFF","1AAAAAAAA1AAAA","4",,,,,,,,,,,,,,,
"3200560","2016-09-30T00:23:00","20.66","125.58",,,"1","4","2","5",,,,"11",,,,,,,,,,,,"8",,,,,,"9","286",,,,,,,,,,,,,"226","5","798","172","7","0",,"2","1FFFFF","1AAAAAAAA1AAAA","4",,,,,,,,,,,,,,,
"3200623","2016-09-30T00:24:00","25.21","129.09",,,"1","4","2","5",,,,"11",,,,,,,,,,,,"8",,,,,,"9","291",,,,,,,,,,,,,"226","59","798","172","7","1","2","2","1FFFFF","1AAAAAAAA1AAAA","4",,,,,,,,,,,,,,,
"3200560","2016-09-30T01:00:00","20.65","125.57",,,"1","4","2","5",,,,"11",,,,,,,,,,,,"8",,,,,,"9","287",,,,,,,,,,,,,"226","5","798","172","7","1","2","2","1FFFFF","1AAAAAAAA1AAAA","4",,,,,,,,,,,,,,,
"4300531","2016-09-30T01:00:00","24.43","126.97",,,"1","4","2","5",,,,"11",,,,,,,,,,,,"8",,,,,,"9","287",,,,,,,,,,,,,"226","46","798","172","7","1","2","2","1FFFFF","1AAAAAAAA1AAAA","4",,,,,,,,,,,,,,,
"5100523","2016-09-30T01:00:00","24.34","124.18",,,"1","4","2","5",,,,"11",,,,,,,,,,,,"8",,,,,,"9","287",,,,,,,,,,,,,"226","44","798","172","7","1","2","2","1FFFFF","1AAAAAAAA1AAAA","4",,,,,,,,,,,,,,,
"4300531","2016-09-30T01:15:00","24.43","126.97",,,"1","4","2","5",,,,"11",,,,,,,,,,,,"8",,,,,,"9","287",,,,,,,,,,,,,"226","46","798","172","7","0",,"2","1FFFFF","1AAAAAAAA1AAAA","4",,,,,,,,,,,,,,,
"5100523","2016-09-30T01:15:00","24.34","124.18",,,"1","4","2","5",,,,"11",,,,,,,,,,,,"8",,,,,,"9","289",,,,,,,,,,,,,"226","44","798","172","7","1","2","2","1FFFFF","1AAAAAAAA1AAAA","4",,,,,,,,,,,,,,,
"3200560","2016-09-30T01:16:00","20.65","125.57",,,"1","4","2","5",,,,"11",,,,,,,,,,,,"8",,,,,,"9","287",,,,,,,,,,,,,"226","5","798","172","7","0",,"2","1FFFFF","1AAAAAAAA1AAAA","4",,,,,,,,,,,,,,,
"5100523","2016-09-30T01:16:00","24.33","124.19",,,"1","4","2","5",,,,"11",,,,,,,,,,,,"8",,,,,,"9","296",,,,,,,,,,,,,"226","44","798","172","7","0",,"2","1FFFFF","1AAAAAAAA1AAAA","4",,,,,,,,,,,,,,,
"3200623","2016-09-30T01:17:00","25.21","129.09",,,"1","4","2","5",,,,"11",,,,,,,,,,,,"8",,,,,,"9","292",,,,,,,,,,,,,"226","59","798","172","7","1","2","2","1FFFFF","1AAAAAAAA1AAAA","4",,,,,,,,,,,,,,,
"3200560","2016-09-30T02:00:00","20.64","125.60",,,"1","4","2","5",,,,"11",,,,,,,,,,,,"8",,,,,,"9","287",,,,,,,,,,,,,"226","5","798","172","7","1","2","2","1FFFFF","1AAAAAAAA1AAAA","4",,,,,,,,,,,,,,,
"4300531","2016-09-30T02:00:00","24.45","126.98",,,"1","4","2","5",,,,"11",,,,,,,,,,,,"8",,,,,,"9","288",,,,,,,,,,,,,"226","46","798","172","7","1","2","2","1FFFFF","1AAAAAAAA1AAAA","4",,,,,,,,,,,,,,,
"5100523","2016-09-30T02:00:00","24.33","124.19",,,"1","4","2","5",,,,"11",,,,,,,,,,,,"8",,,,,,"9","296",,,,,,,,,,,,,"226","44","798","172","7","1","2","2","1FFFFF","1AAAAAAAA1AAAA","4",,,,,,,,,,,,,,,
"3200560","2016-09-30T02:01:00","20.64","125.60",,,"1","4","2","5",,,,"11",,,,,,,,,,,,"8",,,,,,"9","287",,,,,,,,,,,,,"226","5","798","172","7","1","2","2","1FFFFF","1AAAAAAAA1AAAA","4",,,,,,,,,,,,,,,
"3200623","2016-09-30T02:01:00","25.20","129.08",,,"1","4","2","5",,,,"11",,,,,,,,,,,,"8",,,,,,"9","294",,,,,,,,,,,,,"226","59","798","172","7","1","2","2","1FFFFF","1AAAAAAAA1AAAA","4",,,,,,,,,,,,,,,
"4300531","2016-09-30T02:01:00","24.45","126.98",,,"1","4","2","5",,,,"11",,,,,,,,,,,,"8",,,,,,"9","288",,,,,,,,,,,,,"226","46","798","172","7","1","2","2","1FFFFF","1AAAAAAAA1AAAA","4",,,,,,,,,,,,,,,
"3200623","2016-09-30T02:02:00","25.20","129.08",,,"1","4","2","5",,,,"11",,,,,,,,,,,,"8",,,,,,"9","293",,,,,,,,,,,,,"226","59","798","172","7","1","2","2","1FFFFF","1AAAAAAAA1AAAA","4",,,,,,,,,,,,,,,
"3200623","2016-09-30T02:07:00","25.20","129.08",,,"1","4","2","5",,,,"11",,,,,,,,,,,,"8",,,,,,"9","293",,,,,,,,,,,,,"226","59","798","172","7","1","2","2","1FFFFF","1AAAAAAAA1AAAA","4",,,,,,,,,,,,,,,
"2100704","2016-09-30T03:00:00","24.51","129.39",,,"1","3","2","5",,,,"11",,,,,,,,,"10119",,,"0",,,,,,,"294",,,,,,,,"8","2",,,,"226","49","994","114","7","1","2","2","1FFF1F","1AAAA1AAA1A7AA","4",,,,,,,,,,,,,,,
"3200560","2016-09-30T03:00:00","20.64","125.59",,,"1","4","2","5",,,,"11",,,,,,,,,,,,"8",,,,,,"9","287",,,,,,,,,,,,,"226","5","798","172","7","1","2","2","1FFFFF","1AAAAAAAA1AAAA","4",,,,,,,,,,,,,,,
"4300531","2016-09-30T03:00:00","24.45","126.97",,,"1","4","2","5",,,,"11",,,,,,,,,,,,"8",,,,,,"9","289",,,,,,,,,,,,,"226","46","798","172","7","1","2","2","1FFFFF","1AAAAAAAA1AAAA","4",,,,,,,,,,,,,,,
"2100704","2016-09-30T04:00:00","24.50","129.37",,,"1","3","2","5",,,,"11",,,,,,,,,"10112",,,"0",,,,,,,"294",,,,,,,,"8","3",,,,"226","49","994","114","7","1","2","2","1FFF1F","1AAAA1AAA1A7AA","4",,,,,,,,,,,,,,,
"3200560","2016-09-30T04:00:00","20.60","125.59",,,"1","4","2","5",,,,"11",,,,,,,,,,,,"8",,,,,,"9","288",,,,,,,,,,,,,"226","5","798","172","7","1","2","2","1FFFFF","1AAAAAAAA1AAAA","4",,,,,,,,,,,,,,,
"4300531","2016-09-30T04:00:00","24.52","126.92",,,"1","4","2","5",,,,"11",,,,,,,,,,,,"8",,,,,,"9","289",,,,,,,,,,,,,"226","46","798","172","7","1","2","2","1FFFFF","1AAAAAAAA1AAAA","4",,,,,,,,,,,,,,,
"TBWUK77","2016-09-30T04:00:00","25.90","122.10",,,"1","6","2","5","1","5",,"1",,"140","4","103","1","98",,"1","10098",,,"8","280",,"260",,"252","1","260","3","2","1","4","0","1",,"2","1","16","4","5","226","52","798","172","5","1","2","2","111111","111A111111111A",,"5",,"1",,,,,,,,,,,,
"VRLT9","2016-09-30T04:00:00","20.60","120.10",,,"1","5","2","5","9",,,"1",,"170","4","31",,,"50","2","10070",,,"8","290",,"270",,"263",,,"5","5","2","3","A","A",,"1","1",,,,"226","0","798","172","5","1","2","2","F11111","11A111111A11AA",,"5",,"1",,,,,,,,,,,,
"VROH8","2016-09-30T04:00:00","25.60","120.40",,,"1","4","0","0","8","4",,"1","0","300","3","41",,"97","3","2","10110","4","0","0","300","0","270",,"260","1","280","6","6","4","4","0","9",,"5","2","0",,,"226","50","992","114","5","1","2","2","111111","11111111111131",,,"1","2","0",,,,,,,,,,"4",
"3200623","2016-09-30T04:08:00","25.20","129.08",,,"1","4","2","5",,,,"11",,,,,,,,,,,,"8",,,,,,"9","294",,,,,,,,,,,,,"226","59","798","172","7","1","2","2","1FFFFF","1AAAAAAAA1AAAA","4",,,,,,,,,,,,,,,
"2100704","2016-09-30T05:00:00","24.49","129.35",,,"1","3","2","5",,,,"11",,,,,,,,,"10107",,,"0",,,,,,,"294",,,,,,,,"8","3",,,,"226","49","994","114","7","1","2","2","1FFF1F","1AAAA1AAA1A7AA","4",,,,,,,,,,,,,,,
"3200560","2016-09-30T05:00:00","20.60","125.59",,,"1","4","2","5",,,,"11",,,,,,,,,,,,"8",,,,,,"9","288",,,,,,,,,,,,,"226","5","798","172","7","1","2","2","1FFFFF","1AAAAAAAA1AAAA","4",,,,,,,,,,,,,,,
"4300531","2016-09-30T05:00:00","24.52","126.92",,,"1","4","2","5",,,,"11",,,,,,,,,,,,"8",,,,,,"9","290",,,,,,,,,,,,,"226","46","798","172","7","1","2","2","1FFFFF","1AAAAAAAA1AAAA","4",,,,,,,,,,,,,,,
"5100523","2016-09-30T05:30:00","24.33","124.19",,,"1","4","2","5",,,,"11",,,,,,,,,,,,"8",,,,,,"9","298",,,,,,,,,,,,,"226","44","798","172","7","1","2","2","1FFFFF","1AAAAAAAA1AAAA","4",,,,,,,,,,,,,,,
"5100523","2016-09-30T05:45:00","24.33","124.19",,,"1","4","2","5",,,,"11",,,,,,,,,,,,"8",,,,,,"9","278",,,,,,,,,,,,,"226","44","798","172","7","1","2","2","1FFFFF","1AAAAAAAA1AAAA","4",,,,,,,,,,,,,,,
"3200623","2016-09-30T05:46:00","25.22","129.03",,,"1","4","2","5",,,,"11",,,,,,,,,,,,"8",,,,,,"9","295",,,,,,,,,,,,,"226","59","798","172","7","1","2","2","1FFFFF","1AAAAAAAA1AAAA","4",,,,,,,,,,,,,,,
"5100523","2016-09-30T05:46:00","24.33","124.19",,,"1","4","2","5",,,,"11",,,,,,,,,,,,"8",,,,,,"9","298",,,,,,,,,,,,,"226","44","798","172","7","1","2","2","1FFFFF","1AAAAAAAA1AAAA","4",,,,,,,,,,,,,,,
"3200560","2016-09-30T05:47:00","20.60","125.59",,,"1","4","2","5",,,,"11",,,,,,,,,,,,"8",,,,,,"9","289",,,,,,,,,,,,,"226","5","798","172","7","1","2","2","1FFFFF","1AAAAAAAA1AAAA","4",,,,,,,,,,,,,,,
"4300531","2016-09-30T05:48:00","24.52","126.92",,,"1","4","2","5",,,,"11",,,,,,,,,,,,"8",,,,,,"9","290",,,,,,,,,,,,,"226","46","798","172","7","1","2","2","1FFFFF","1AAAAAAAA1AAAA","4",,,,,,,,,,,,,,,
"3200623","2016-09-30T05:49:00","25.22","129.03",,,"1","4","2","5",,,,"11",,,,,,,,,,,,"8",,,,,,"9","294",,,,,,,,,,,,,"226","59","798","172","7","1","2","2","1FFFFF","1AAAAAAAA1AAAA","4",,,,,,,,,,,,,,,
"3200623","2016-09-30T05:53:00","25.22","129.03",,,"1","4","2","5",,,,"11",,,,,,,,,,,,"8",,,,,,"9","294",,,,,,,,,,,,,"226","59","798","172","7","1","2","2","1FFFFF","1AAAAAAAA1AAAA","4",,,,,,,,,,,,,,,
"2100704","2016-09-30T06:00:00","24.48","129.34",,,"1","3","2","5",,,,"11",,,,,,,,,"10101",,,"0",,,,,,,"294",,,,,,,,"8","3",,,,"226","49","994","114","7","1","2","2","1FFF1F","1AAAA1AAA1A7AA","4",,,,,,,,,,,,,,,
"3200560","2016-09-30T06:00:00","20.60","125.59",,,"1","4","2","5",,,,"11",,,,,,,,,,,,"8",,,,,,"9","289",,,,,,,,,,,,,"226","5","798","172","7","0",,"2","1FFFFF","1AAAAAAAA1AAAA","4",,,,,,,,,,,,,,,
"4300531","2016-09-30T06:00:00","24.52","126.92",,,"1","4","2","5",,,,"11",,,,,,,,,,,,"8",,,,,,"9","290",,,,,,,,,,,,,"226","46","798","172","7","1","2","2","1FFFFF","1AAAAAAAA1AAAA","4",,,,,,,,,,,,,,,
"C6AX4","2016-09-30T06:00:00","22.70","125.20",,,"1","6","2","5","1","3",,"1",,"90","4","62","1","98",,"1","10070","4","0","8","280",,"240",,"224","0","290","3","3","1","8","8","8",,"4","3","9","9","8","226","25","798","172","5","1","2","2","111111","111A1111111111",,"5",,"1",,,,,,,,,,,,
"DNDD","2016-09-30T06:00:00","26.70","123.10",,,"1","6","2","5","1","4",,"1",,"170","3","77","1","98","2","0","10100","4","0","8","280",,"280",,"280","3","260","2","1","1","4","4","0",,"6","2","18","7","3","226","63","798","172","5","1","2","2","111113","11111111111111",,"5",,"0",,,,,,,,,,,,
"2100704","2016-09-30T07:00:00","24.46","129.32",,,"1","3","2","5",,,,"11",,,,,,,,,"10101",,,"0",,,,,,,"294",,,,,,,,"8","3",,,,"226","49","994","114","7","1","2","2","1FFF1F","1AAAA1AAA1A7AA","4",,,,,,,,,,,,,,,
"3200560","2016-09-30T07:00:00","20.59","125.58",,,"1","4","2","5",,,,"11",,,,,,,,,,,,"8",,,,,,"9","289",,,,,,,,,,,,,"226","5","798","172","7","0",,"2","1FFFFF","1AAAAAAAA1AAAA","4",,,,,,,,,,,,,,,
"4300531","2016-09-30T07:00:00","24.52","126.92",,,"1","4","2","5",,,,"11",,,,,,,,,,,,"8",,,,,,"9","289",,,,,,,,,,,,,"226","46","798","172","7","1","2","2","1FFFFF","1AAAAAAAA1AAAA","4",,,,,,,,,,,,,,,
"TBWUK77","2016-09-30T07:00:00","26.60","123.30",,,"1","4","0","0","1","5",,"1","0","210","4","62",,"98","2","0","10099","5",,"0","278","0","252",,"241","1","266","1",,"2","4","A","3",,"3","1",,,,"226","63","992","114","5","1","2","2","111111","111111111111A7",,,"1","0",,,,,,,,,,,"4",
"3200560","2016-09-30T07:29:00","20.59","125.58",,,"1","4","2","5",,,,"11",,,,,,,,,,,,"8",,,,,,"9","289",,,,,,,,,,,,,"226","5","798","172","7","0",,"2","1FFFFF","1AAAAAAAA1AAAA","4",,,,,,,,,,,,,,,
"3200623","2016-09-30T07:31:00","25.22","129.03",,,"1","4","2","5",,,,"11",,,,,,,,,,,,"8",,,,,,"9","295",,,,,,,,,,,,,"226","59","798","172","7","1","2","2","1FFFFF","1AAAAAAAA1AAAA","4",,,,,,,,,,,,,,,
"2100704","2016-09-30T08:00:00","24.44","129.30",,,"1","3","2","5",,,,"11",,,,,,,,,"10107",,,"0",,,,,,,"293",,,,,,,,"8","3",,,,"226","49","994","114","7","1","2","2","1FFF1F","1AAAA1AAA1A7AA","4",,,,,,,,,,,,,,,
"3200560","2016-09-30T08:00:00","20.59","125.58",,,"1","4","2","5",,,,"11",,,,,,,,,,,,"8",,,,,,"9","289",,,,,,,,,,,,,"226","5","798","172","7","1","2","2","1FFFFF","1AAAAAAAA1AAAA","4",,,,,,,,,,,,,,,
"4300531","2016-09-30T08:00:00","24.52","126.92",,,"1","4","2","5",,,,"11",,,,,,,,,,,,"8",,,,,,"9","289",,,,,,,,,,,,,"226","46","798","172","7","1","2","2","1FFFFF","1AAAAAAAA1AAAA","4",,,,,,,,,,,,,,,
"3200623","2016-09-30T08:15:00","25.25","129.04",,,"1","4","2","5",,,,"11",,,,,,,,,,,,"8",,,,,,"9","294",,,,,,,,,,,,,"226","59","798","172","7","0",,"2","1FFFFF","1AAAAAAAA1AAAA","4",,,,,,,,,,,,,,,
"5100523","2016-09-30T08:15:00","24.33","124.19",,,"1","4","2","5",,,,"11",,,,,,,,,,,,"8",,,,,,"9","292",,,,,,,,,,,,,"226","44","798","172","7","1","2","2","1FFFFF","1AAAAAAAA1AAAA","4",,,,,,,,,,,,,,,
"3200623","2016-09-30T08:16:00","25.25","129.04",,,"1","4","2","5",,,,"11",,,,,,,,,,,,"8",,,,,,"9","294",,,,,,,,,,,,,"226","59","798","172","7","0",,"2","1FFFFF","1AAAAAAAA1AAAA","4",,,,,,,,,,,,,,,
"3200623","2016-09-30T08:17:00","25.25","129.04",,,"1","4","2","5",,,,"11",,,,,,,,,,,,"8",,,,,,"9","294",,,,,,,,,,,,,"226","59","798","172","7","1","2","2","1FFFFF","1AAAAAAAA1AAAA","4",,,,,,,,,,,,,,,
"3200623","2016-09-30T08:20:00","25.25","129.04",,,"1","4","2","5",,,,"11",,,,,,,,,,,,"8",,,,,,"9","294",,,,,,,,,,,,,"226","59","798","172","7","0",,"2","1FFFFF","1AAAAAAAA1AAAA","4",,,,,,,,,,,,,,,
"3200623","2016-09-30T08:26:00","25.25","129.04",,,"1","4","2","5",,,,"11",,,,,,,,,,,,"8",,,,,,"9","294",,,,,,,,,,,,,"226","59","798","172","7","1","2","2","1FFFFF","1AAAAAAAA1AAAA","4",,,,,,,,,,,,,,,
"4300531","2016-09-30T08:29:00","24.59","126.88",,,"1","4","2","5",,,,"11",,,,,,,,,,,,"8",,,,,,"9","288",,,,,,,,,,,,,"226","46","798","172","7","0",,"2","1FFFFF","1AAAAAAAA1AAAA","4",,,,,,,,,,,,,,,
"3200560","2016-09-30T08:30:00","20.58","125.58",,,"1","4","2","5",,,,"11",,,,,,,,,,,,"8",,,,,,"9","289",,,,,,,,,,,,,"226","5","798","172","7","0",,"2","1FFFFF","1AAAAAAAA1AAAA","4",,,,,,,,,,,,,,,
"3200623","2016-09-30T08:32:00","25.25","129.04",,,"1","4","2","5",,,,"11",,,,,,,,,,,,"8",,,,,,"9","294",,,,,,,,,,,,,"226","59","798","172","7","1","2","2","1FFFFF","1AAAAAAAA1AAAA","4",,,,,,,,,,,,,,,
"3200623","2016-09-30T08:34:00","25.25","129.04",,,"1","4","2","5",,,,"11",,,,,,,,,,,,"8",,,,,,"9","294",,,,,,,,,,,,,"226","59","798","172","7","1","2","2","1FFFFF","1AAAAAAAA1AAAA","4",,,,,,,,,,,,,,,
"2100704","2016-09-30T09:00:00","24.43","129.28",,,"1","3","2","5",,,,"11",,,,,,,,,"10112",,,"0",,,,,,,"293",,,,,,,,"8","3",,,,"226","49","994","114","7","1","2","2","1FFF1F","1AAAA1AAA1A7AA","4",,,,,,,,,,,,,,,
"3200560","2016-09-30T09:00:00","20.58","125.58",,,"1","4","2","5",,,,"11",,,,,,,,,,,,"8",,,,,,"9","289",,,,,,,,,,,,,"226","5","798","172","7","1","2","2","1FFFFF","1AAAAAAAA1AAAA","4",,,,,,,,,,,,,,,
"4300531","2016-09-30T09:00:00","24.59","126.88",,,"1","4","2","5",,,,"11",,,,,,,,,,,,"8",,,,,,"9","288",,,,,,,,,,,,,"226","46","798","172","7","1","2","2","1FFFFF","1AAAAAAAA1AAAA","4",,,,,,,,,,,,,,,
"SHIP","2016-09-30T09:00:00","27.20","126.40",,,"1","6","2","5","1","4",,"2","0","100","4","46","1","98","2","0","10118","2","10","8","290","0","260",,"249","1","281","2","1","2","4","4","A","0","4","0","18","6","3","226","76","798","172","5","0","2","2","111111","11111111111311",,"5","1","0",,,,,,,,,,,"4",
"5100523","2016-09-30T09:45:00","24.33","124.19",,,"1","4","2","5",,,,"11",,,,,,,,,,,,"8",,,,,,"9","285",,,,,,,,,,,,,"226","44","798","172","7","1","2","2","1FFFFF","1AAAAAAAA1AAAA","4",,,,,,,,,,,,,,,
"3200623","2016-09-30T09:52:00","25.25","129.04",,,"1","4","2","5",,,,"11",,,,,,,,,,,,"8",,,,,,"9","293",,,,,,,,,,,,,"226","59","798","172","7","1","2","1","1FFFFF","1AAAAAAAA1AAAA","4",,,,,,,,,,,,,,,
"3200560","2016-09-30T09:56:00","20.57","125.58",,,"1","4","2","5",,,,"11",,,,,,,,,,,,"8",,,,,,"9","289",,,,,,,,,,,,,"226","5","798","172","7","0",,"1","1FFFFF","1AAAAAAAA1AAAA","4",,,,,,,,,,,,,,,
"4300531","2016-09-30T09:56:00","24.64","126.88",,,"1","4","2","5",,,,"11",,,,,,,,,,,,"8",,,,,,"9","288",,,,,,,,,,,,,"226","46","798","172","7","0",,"1","1FFFFF","1AAAAAAAA1AAAA","4",,,,,,,,,,,,,,,
"5100523","2016-09-30T09:57:00","24.33","124.19",,,"1","4","2","5",,,,"11",,,,,,,,,,,,"8",,,,,,"9","284",,,,,,,,,,,,,"226","44","798","172","7","1","2","1","1FFFFF","1AAAAAAAA1AAAA","4",,,,,,,,,,,,,,,
"3200623","2016-09-30T09:58:00","25.25","129.04",,,"1","4","2","5",,,,"11",,,,,,,,,,,,"8",,,,,,"9","293",,,,,,,,,,,,,"226","59","798","172","7","1","2","1","1FFFFF","1AAAAAAAA1AAAA","4",,,,,,,,,,,,,,,
"2100704","2016-09-30T10:00:00","24.42","129.26",,,"1","3","2","5",,,,"11",,,,,,,,,"10115",,,"0",,,,,,,"292",,,,,,,,"8","3",,,,"226","49","994","114","7","1","2","1","1FFF1F","1AAAA1AAA1A7AA","4",,,,,,,,,,,,,,,
"3200560","2016-09-30T10:00:00","20.57","125.58",,,"1","4","2","5",,,,"11",,,,,,,,,,,,"8",,,,,,"9","289",,,,,,,,,,,,,"226","5","798","172","7","1","2","1","1FFFFF","1AAAAAAAA1AAAA","4",,,,,,,,,,,,,,,
"4300531","2016-09-30T10:00:00","24.64","126.88",,,"1","4","2","5",,,,"11",,,,,,,,,,,,"8",,,,,,"9","288",,,,,,,,,,,,,"226","46","798","172","7","1","2","1","1FFFFF","1AAAAAAAA1AAAA","4",,,,,,,,,,,,,,,
"5100523","2016-09-30T10:00:00","24.33","124.19",,,"1","4","2","5",,,,"11",,,,,,,,,,,,"8",,,,,,"9","284",,,,,,,,,,,,,"226","44","798","172","7","1","2","1","1FFFFF","1AAAAAAAA1AAAA","4",,,,,,,,,,,,,,,
"3200623","2016-09-30T10:01:00","25.27","129.03",,,"1","4","2","5",,,,"11",,,,,,,,,,,,"8",,,,,,"9","293",,,,,,,,,,,,,"226","59","798","172","7","1","2","1","1FFFFF","1AAAAAAAA1AAAA","4",,,,,,,,,,,,,,,
"3200623","2016-09-30T10:03:00","25.27","129.04",,,"1","4","2","5",,,,"11",,,,,,,,,,,,"8",,,,,,"9","293",,,,,,,,,,,,,"226","59","798","172","7","1","2","1","1FFFFF","1AAAAAAAA1AAAA","4",,,,,,,,,,,,,,,
"3200623","2016-09-30T10:05:00","25.27","129.03",,,"1","4","2","5",,,,"11",,,,,,,,,,,,"8",,,,,,"9","293",,,,,,,,,,,,,"226","59","798","172","7","0",,"1","1FFFFF","1AAAAAAAA1AAAA","4",,,,,,,,,,,,,,,
"3200560","2016-09-30T10:11:00","20.57","125.57",,,"1","4","2","5",,,,"11",,,,,,,,,,,,"8",,,,,,"9","289",,,,,,,,,,,,,"226","5","798","172","7","0",,"1","1FFFFF","1AAAAAAAA1AAAA","4",,,,,,,,,,,,,,,
"3200623","2016-09-30T10:14:00","25.27","129.03",,,"1","4","2","5",,,,"11",,,,,,,,,,,,"8",,,,,,"9","293",,,,,,,,,,,,,"226","59","798","172","7","1","2","1","1FFFFF","1AAAAAAAA1AAAA","4",,,,,,,,,,,,,,,
"2100704","2016-09-30T11:00:00","24.41","129.24",,,"1","3","2","5",,,,"11",,,,,,,,,"10123",,,"0",,,,,,,"292",,,,,,,,"8","3",,,,"226","49","994","114","7","1","2","1","1FFF1F","1AAAA1AAA1A7AA","4",,,,,,,,,,,,,,,
"3200560","2016-09-30T11:00:00","20.57","125.57",,,"1","4","2","5",,,,"11",,,,,,,,,,,,"8",,,,,,"9","289",,,,,,,,,,,,,"226","5","798","172","7","1","2","1","1FFFFF","1AAAAAAAA1AAAA","4",,,,,,,,,,,,,,,
"4300531","2016-09-30T11:00:00","24.66","126.88",,,"1","4","2","5",,,,"11",,,,,,,,,,,,"8",,,,,,"9","287",,,,,,,,,,,,,"226","46","798","172","7","1","2","1","1FFFFF","1AAAAAAAA1AAAA","4",,,,,,,,,,,,,,,
"4300531","2016-09-30T11:35:00","24.66","126.88",,,"1","4","2","5",,,,"11",,,,,,,,,,,,"8",,,,,,"9","287",,,,,,,,,,,,,"226","46","798","172","7","1","2","1","1FFFFF","1AAAAAAAA1AAAA","4",,,,,,,,,,,,,,,
"3200623","2016-09-30T11:36:00","25.28","129.04",,,"1","4","2","5",,,,"11",,,,,,,,,,,,"8",,,,,,"9","292",,,,,,,,,,,,,"226","59","798","172","7","0",,"1","1FFFFF","1AAAAAAAA1AAAA","4",,,,,,,,,,,,,,,
"3200623","2016-09-30T11:38:00","25.28","129.04",,,"1","4","2","5",,,,"11",,,,,,,,,,,,"8",,,,,,"9","292",,,,,,,,,,,,,"226","59","798","172","7","1","2","1","1FFFFF","1AAAAAAAA1AAAA","4",,,,,,,,,,,,,,,
"3200623","2016-09-30T11:40:00","25.28","129.04",,,"1","4","2","5",,,,"11",,,,,,,,,,,,"8",,,,,,"9","292",,,,,,,,,,,,,"226","59","798","172","7","1","2","1","1FFFFF","1AAAAAAAA1AAAA","4",,,,,,,,,,,,,,,
"2100704","2016-09-30T12:00:00","24.40","129.22",,,"1","3","2","5",,,,"11",,,,,,,,,"10129",,,"0",,,,,,,"292",,,,,,,,"7","3",,,,"226","49","994","114","7","1","2","1","1FFF1F","1AAAA1AAA1A7AA","4",,,,,,,,,,,,,,,
"3200560","2016-09-30T12:00:00","20.57","125.57",,,"1","4","2","5",,,,"11",,,,,,,,,,,,"8",,,,,,"9","289",,,,,,,,,,,,,"226","5","798","172","7","0",,"1","1FFFFF","1AAAAAAAA1AAAA","4",,,,,,,,,,,,,,,
"4300531","2016-09-30T12:00:00","24.66","126.88",,,"1","4","2","5",,,,"11",,,,,,,,,,,,"8",,,,,,"9","287",,,,,,,,,,,,,"226","46","798","172","7","0",,"1","1FFFFF","1AAAAAAAA1AAAA","4",,,,,,,,,,,,,,,
"5100523","2016-09-30T12:15:00","24.33","124.19",,,"1","4","2","5",,,,"11",,,,,,,,,,,,"8",,,,,,"9","280",,,,,,,,,,,,,"226","44","798","172","7","0",,"1","1FFFFF","1AAAAAAAA1AAAA","4",,,,,,,,,,,,,,,
"3200623","2016-09-30T12:30:00","25.29","129.04",,,"1","4","2","5",,,,"11",,,,,,,,,,,,"8",,,,,,"9","292",,,,,,,,,,,,,"226","59","798","172","7","1","2","1","1FFFFF","1AAAAAAAA1AAAA","4",,,,,,,,,,,,,,,
"5100523","2016-09-30T12:30:00","24.33","124.19",,,"1","4","2","5",,,,"11",,,,,,,,,,,,"8",,,,,,"9","280",,,,,,,,,,,,,"226","44","798","172","7","0",,"1","1FFFFF","1AAAAAAAA1AAAA","4",,,,,,,,,,,,,,,
"3200623","2016-09-30T12:32:00","25.29","129.04",,,"1","4","2","5",,,,"11",,,,,,,,,,,,"8",,,,,,"9","292",,,,,,,,,,,,,"226","59","798","172","7","0",,"1","1FFFFF","1AAAAAAAA1AAAA","4",,,,,,,,,,,,,,,
"2100704","2016-09-30T13:00:00","24.39","129.21",,,"1","3","2","5",,,,"11",,,,,,,,,"10132",,,"0",,,,,,,"292",,,,,,,,"8","3",,,,"226","49","994","114","7","1","2","1","1FFF1F","1AAAA1AAA1A7AA","4",,,,,,,,,,,,,,,
"3200560","2016-09-30T13:00:00","20.56","125.55",,,"1","4","2","5",,,,"11",,,,,,,,,,,,"8",,,,,,"9","289",,,,,,,,,,,,,"226","5","798","172","7","1","2","1","1FFFFF","1AAAAAAAA1AAAA","4",,,,,,,,,,,,,,,
"4300531","2016-09-30T13:00:00","24.71","126.88",,,"1","4","2","5",,,,"11",,,,,,,,,,,,"8",,,,,,"9","286",,,,,,,,,,,,,"226","46","798","172","7","1","2","1","1FFFFF","1AAAAAAAA1AAAA","4",,,,,,,,,,,,,,,
"5100523","2016-09-30T13:00:00","24.33","124.19",,,"1","4","2","5",,,,"11",,,,,,,,,,,,"8",,,,,,"9","279",,,,,,,,,,,,,"226","44","798","172","7","1","2","1","1FFFFF","1AAAAAAAA1AAAA","4",,,,,,,,,,,,,,,
"5100523","2016-09-30T13:15:00","24.33","124.19",,,"1","4","2","5",,,,"11",,,,,,,,,,,,"8",,,,,,"9","279",,,,,,,,,,,,,"226","44","798","172","7","1","2","1","1FFFFF","1AAAAAAAA1AAAA","4",,,,,,,,,,,,,,,
"5100523","2016-09-30T13:16:00","24.34","124.20",,,"1","4","2","5",,,,"11",,,,,,,,,,,,"8",,,,,,"9","320",,,,,,,,,,,,,"226","44","798","172","7","1","2","1","5FFFFF","1AAAAAAAA1AAAA","4",,,,,,,,,,,,,,,
"3200623","2016-09-30T13:17:00","25.29","129.04",,,"1","4","2","5",,,,"11",,,,,,,,,,,,"8",,,,,,"9","292",,,,,,,,,,,,,"226","59","798","172","7","1","2","1","1FFFFF","1AAAAAAAA1AAAA","4",,,,,,,,,,,,,,,
"3200560","2016-09-30T13:18:00","20.56","125.55",,,"1","4","2","5",,,,"11",,,,,,,,,,,,"8",,,,,,"9","289",,,,,,,,,,,,,"226","5","798","172","7","0",,"1","1FFFFF","1AAAAAAAA1AAAA","4",,,,,,,,,,,,,,,
"4300531","2016-09-30T13:18:00","24.71","126.88",,,"1","4","2","5",,,,"11",,,,,,,,,,,,"8",,,,,,"9","286",,,,,,,,,,,,,"226","46","798","172","7","1","2","1","1FFFFF","1AAAAAAAA1AAAA","4",,,,,,,,,,,,,,,
"2100704","2016-09-30T14:00:00","24.38","129.19",,,"1","3","2","5",,,,"11",,,,,,,,,"10135",,,"0",,,,,,,"291",,,,,,,,"8","3",,,,"226","49","994","114","7","1","2","1","1FFF1F","1AAAA1AAA1A7AA","4",,,,,,,,,,,,,,,
"3200560","2016-09-30T14:00:00","20.56","125.55",,,"1","4","2","5",,,,"11",,,,,,,,,,,,"8",,,,,,"9","289",,,,,,,,,,,,,"226","5","798","172","7","0",,"1","1FFFFF","1AAAAAAAA1AAAA","4",,,,,,,,,,,,,,,
"4300531","2016-09-30T14:00:00","24.71","126.88",,,"1","4","2","5",,,,"11",,,,,,,,,,,,"8",,,,,,"9","286",,,,,,,,,,,,,"226","46","798","172","7","1","2","1","1FFFFF","1AAAAAAAA1AAAA","4",,,,,,,,,,,,,,,
"AMOHK02","2016-09-30T14:00:00","20.00","121.10",,,"1","4","0","0",,,,"1",,,,,,,,,"10097",,,,,,,,,,,,,,"A",,,,,,,,,"226","1","992","114","5","1","2","1","FFFF1F","1AAAA1AAAA8AAA",,,"6",,,,,,,,,,,,"4",
"2100704","2016-09-30T15:00:00","24.37","129.18",,,"1","3","2","5",,,,"11",,,,,,,,,"10135",,,"0",,,,,,,"291",,,,,,,,"8","3",,,,"226","49","994","114","7","1","2","1","1FFF1F","1AAAA1AAA1A7AA","4",,,,,,,,,,,,,,,
"3200560","2016-09-30T15:00:00","20.56","125.55",,,"1","4","2","5",,,,"11",,,,,,,,,,,,"8",,,,,,"9","289",,,,,,,,,,,,,"226","5","798","172","7","1","2","1","1FFFFF","1AAAAAAAA1AAAA","4",,,,,,,,,,,,,,,
"4300531","2016-09-30T15:00:00","24.71","126.88",,,"1","4","2","5",,,,"11",,,,,,,,,,,,"8",,,,,,"9","285",,,,,,,,,,,,,"226","46","798","172","7","1","2","1","1FFFFF","1AAAAAAAA1AAAA","4",,,,,,,,,,,,,,,
"AMOHK02","2016-09-30T15:00:00","20.10","120.90",,,"1","4","0","0",,,,"1",,,,,,,,,"10093",,,,,,,,,,,,,,"A",,,,,,,,,"226","0","992","114","5","1","2","1","FFFF1F","1AAAA1AAAA8AAA",,,"6",,,,,,,,,,,,"4",
"TBWUK19","2016-09-30T15:00:00","20.10","120.80",,,"1","4","0","0","8","3",,"1","0","70","4","87",,"98","3","2","10107",,,"0","282","0","258",,"248",,,"8","6","4","5","7","A",,"5","3","35","4","2","226","0","992","114","5","1","2","1","F11111","111111111A111A",,,"1","2",,,,,,,,,,,"4",
"2100704","2016-09-30T16:00:00","24.36","129.16",,,"1","3","2","5",,,,"11",,,,,,,,,"10132",,,"0",,,,,,,"291",,,,,,,,"8","3",,,,"226","49","994","114","7","1","2","1","1FFF1F","1AAAA1AAA1A7AA","4",,,,,,,,,,,,,,,
"3200560","2016-09-30T16:00:00","20.55","125.51",,,"1","4","2","5",,,,"11",,,,,,,,,,,,"8",,,,,,"9","289",,,,,,,,,,,,,"226","5","798","172","7","1","2","1","1FFFFF","1AAAAAAAA1AAAA","4",,,,,,,,,,,,,,,
"4300531","2016-09-30T16:00:00","24.82","126.88",,,"1","4","2","5",,,,"11",,,,,,,,,,,,"8",,,,,,"9","285",,,,,,,,,,,,,"226","46","798","172","7","1","2","1","1FFFFF","1AAAAAAAA1AAAA","4",,,,,,,,,,,,,,,
"AMOHK02","2016-09-30T16:00:00","20.10","120.70",,,"1","4","0","0",,,,"1",,,,,,,,,"10088",,,,,,,,,,,,,,"A",,,,,,,,,"226","0","992","114","5","1","2","1","FFFF1F","1AAAA1AAAA8AAA",,,"6",,,,,,,,,,,,"4",
"2100704","2016-09-30T17:00:00","24.35","129.15",,,"1","3","2","5",,,,"11",,,,,,,,,"10126",,,"0",,,,,,,"291",,,,,,,,"8","3",,,,"226","49","994","114","7","1","2","1","1FFF1F","1AAAA1AAA1A7AA","4",,,,,,,,,,,,,,,
"3200560","2016-09-30T17:00:00","20.55","125.51",,,"1","4","2","5",,,,"11",,,,,,,,,,,,"8",,,,,,"9","289",,,,,,,,,,,,,"226","5","798","172","7","1","2","1","1FFFFF","1AAAAAAAA1AAAA","4",,,,,,,,,,,,,,,
"4300531","2016-09-30T17:00:00","24.82","126.88",,,"1","4","2","5",,,,"11",,,,,,,,,,,,"8",,,,,,"9","284",,,,,,,,,,,,,"226","46","798","172","7","1","2","1","1FFFFF","1AAAAAAAA1AAAA","4",,,,,,,,,,,,,,,
"AMOHK02","2016-09-30T17:00:00","20.20","120.50",,,"1","4","0","0",,,,"1",,,,,,,,,"10083",,,,,,,,,,,,,,"A",,,,,,,,,"226","0","992","114","5","1","2","1","FFFF1F","1AAAA1AAAA8AAA",,,"6",,,,,,,,,,,,"4",
"2100704","2016-09-30T18:00:00","24.35","129.13",,,"1","3","2","5",,,,"11",,,,,,,,,"10124",,,"0",,,,,,,"291",,,,,,,,"9","3",,,,"226","49","994","114","7","1","2","1","1FFF1F","1AAAA1AAA1A7AA","4",,,,,,,,,,,,,,,
"3200560","2016-09-30T18:00:00","20.55","125.51",,,"1","4","2","5",,,,"11",,,,,,,,,,,,"8",,,,,,"9","289",,,,,,,,,,,,,"226","5","798","172","7","1","2","1","1FFFFF","1AAAAAAAA1AAAA","4",,,,,,,,,,,,,,,
"4300531","2016-09-30T18:00:00","24.82","126.88",,,"1","4","2","5",,,,"11",,,,,,,,,,,,"8",,,,,,"9","284",,,,,,,,,,,,,"226","46","798","172","7","1","2","1","1FFFFF","1AAAAAAAA1AAAA","4",,,,,,,,,,,,,,,
"AMOHK02","2016-09-30T18:00:00","20.30","120.20",,,"1","4","0","0",,,,"1",,,,,,,,,"10077",,,,,,,,,,,,,,"A",,,,,,,,,"226","0","992","114","5","1","2","1","FFFF1F","1AAAA1AAAA8AAA",,,"6",,,,,,,,,,,,"4",
"C6LG6","2016-09-30T18:00:00","24.70","122.00",,,"1","4","0","0","4","2","1","1","0","190","1","60",,"98","60","6","10110","8","10","0","250","0","240",,"235",,,"6","6","7","2","A","A",,"2","1","0",,,"226","42","992","114","5","1","2","1","F11111","111111111A1131",,,"1","2","0",,,,,,,,,,"4",
"5100523","2016-09-30T18:15:00","24.34","124.20",,,"1","4","2","5",,,,"11",,,,,,,,,,,,"8",,,,,,"9","270",,,,,,,,,,,,,"226","44","798","172","7","1","2","1","1FFFFF","1AAAAAAAA1AAAA","4",,,,,,,,,,,,,,,
"3200623","2016-09-30T18:19:00","25.31","129.08",,,"1","4","2","5",,,,"11",,,,,,,,,,,,"8",,,,,,"9","290",,,,,,,,,,,,,"226","59","798","172","7","0",,"1","1FFFFF","1AAAAAAAA1AAAA","4",,,,,,,,,,,,,,,
"3200560","2016-09-30T18:20:00","20.55","125.51",,,"1","4","2","5",,,,"11",,,,,,,,,,,,"8",,,,,,"9","289",,,,,,,,,,,,,"226","5","798","172","7","0",,"1","1FFFFF","1AAAAAAAA1AAAA","4",,,,,,,,,,,,,,,
"4300531","2016-09-30T18:20:00","24.82","126.88",,,"1","4","2","5",,,,"11",,,,,,,,,,,,"8",,,,,,"9","285",,,,,,,,,,,,,"226","46","798","172","7","1","2","1","1FFFFF","1AAAAAAAA1AAAA","4",,,,,,,,,,,,,,,
"3200623","2016-09-30T18:21:00","25.31","129.08",,,"1","4","2","5",,,,"11",,,,,,,,,,,,"8",,,,,,"9","290",,,,,,,,,,,,,"226","59","798","172","7","1","2","1","1FFFFF","1AAAAAAAA1AAAA","4",,,,,,,,,,,,,,,
"3200623","2016-09-30T18:25:00","25.31","129.08",,,"1","4","2","5",,,,"11",,,,,,,,,,,,"8",,,,,,"9","290",,,,,,,,,,,,,"226","59","798","172","7","1","2","1","1FFFFF","1AAAAAAAA1AAAA","4",,,,,,,,,,,,,,,
"2100704","2016-09-30T19:00:00","24.34","129.12",,,"1","3","2","5",,,,"11",,,,,,,,,"10123",,,"0",,,,,,,"290",,,,,,,,"9","3",,,,"226","49","994","114","7","1","2","1","1FFF1F","1AAAA1AAA1A7AA","4",,,,,,,,,,,,,,,
"3200560","2016-09-30T19:00:00","20.55","125.51",,,"1","4","2","5",,,,"11",,,,,,,,,,,,"8",,,,,,"9","289",,,,,,,,,,,,,"226","5","798","172","7","1","2","1","1FFFFF","1AAAAAAAA1AAAA","4",,,,,,,,,,,,,,,
"AMOHK02","2016-09-30T19:00:00","20.30","120.00",,,"1","4","0","0",,,,"1",,,,,,,,,"10075",,,,,,,,,,,,,,"A",,,,,,,,,"226","0","992","114","5","1","2","1","FFFF1F","1AAAA1AAAA8AAA",,,"6",,,,,,,,,,,,"4",
"3200623","2016-09-30T19:26:00","25.31","129.08",,,"1","4","2","5",,,,"11",,,,,,,,,,,,"8",,,,,,"9","290",,,,,,,,,,,,,"226","59","798","172","7","1","2","1","1FFFFF","1AAAAAAAA1AAAA","4",,,,,,,,,,,,,,,
"3200623","2016-09-30T19:59:00","25.31","129.10",,,"1","4","2","5",,,,"11",,,,,,,,,,,,"8",,,,,,"9","290",,,,,,,,,,,,,"226","59","798","172","7","0",,"1","1FFFFF","1AAAAAAAA1AAAA","4",,,,,,,,,,,,,,,
"2100704","2016-09-30T20:00:00","24.33","129.10",,,"1","3","2","5",,,,"11",,,,,,,,,"10119",,,"0",,,,,,,"290",,,,,,,,"8","3",,,,"226","49","994","114","7","1","2","1","1FFF1F","1AAAA1AAA1A7AA","4",,,,,,,,,,,,,,,
"3200560","2016-09-30T20:00:00","20.55","125.51",,,"1","4","2","5",,,,"11",,,,,,,,,,,,"8",,,,,,"9","289",,,,,,,,,,,,,"226","5","798","172","7","1","2","1","1FFFFF","1AAAAAAAA1AAAA","4",,,,,,,,,,,,,,,
"4300531","2016-09-30T20:00:00","24.82","126.88",,,"1","4","2","5",,,,"11",,,,,,,,,,,,"8",,,,,,"9","284",,,,,,,,,,,,,"226","46","798","172","7","1","2","1","1FFFFF","1AAAAAAAA1AAAA","4",,,,,,,,,,,,,,,
"3200560","2016-09-30T20:02:00","20.55","125.51",,,"1","4","2","5",,,,"11",,,,,,,,,,,,"8",,,,,,"9","289",,,,,,,,,,,,,"226","5","798","172","7","0",,"1","1FFFFF","1AAAAAAAA1AAAA","4",,,,,,,,,,,,,,,
"3200623","2016-09-30T20:03:00","25.31","129.10",,,"1","4","2","5",,,,"11",,,,,,,,,,,,"8",,,,,,"9","290",,,,,,,,,,,,,"226","59","798","172","7","1","2","1","1FFFFF","1AAAAAAAA1AAAA","4",,,,,,,,,,,,,,,
"3200623","2016-09-30T20:44:00","25.30","129.10",,,"1","4","2","5",,,,"11",,,,,,,,,,,,"8",,,,,,"9","290",,,,,,,,,,,,,"226","59","798","172","7","0",,"1","1FFFFF","1AAAAAAAA1AAAA","4",,,,,,,,,,,,,,,
"3200623","2016-09-30T20:45:00","25.30","129.10",,,"1","4","2","5",,,,"11",,,,,,,,,,,,"8",,,,,,"9","290",,,,,,,,,,,,,"226","59","798","172","7","1","2","1","1FFFFF","1AAAAAAAA1AAAA","4",,,,,,,,,,,,,,,
"5100523","2016-09-30T20:45:00","24.34","124.20",,,"1","4","2","5",,,,"11",,,,,,,,,,,,"8",,,,,,"9","272",,,,,,,,,,,,,"226","44","798","172","7","1","2","1","1FFFFF","1AAAAAAAA1AAAA","4",,,,,,,,,,,,,,,
"4300531","2016-09-30T20:55:00","24.83","126.89",,,"1","4","2","5",,,,"11",,,,,,,,,,,,"8",,,,,,"9","284",,,,,,,,,,,,,"226","46","798","172","7","0",,"1","1FFFFF","1AAAAAAAA1AAAA","4",,,,,,,,,,,,,,,
"3200560","2016-09-30T20:56:00","20.55","125.52",,,"1","4","2","5",,,,"11",,,,,,,,,,,,"8",,,,,,"9","289",,,,,,,,,,,,,"226","5","798","172","7","0",,"1","1FFFFF","1AAAAAAAA1AAAA","4",,,,,,,,,,,,,,,
"3200623","2016-09-30T20:56:00","25.30","129.11",,,"1","4","2","5",,,,"11",,,,,,,,,,,,"8",,,,,,"9","290",,,,,,,,,,,,,"226","59","798","172","7","0",,"1","1FFFFF","1AAAAAAAA1AAAA","4",,,,,,,,,,,,,,,
"3200623","2016-09-30T20:57:00","25.30","129.11",,,"1","4","2","5",,,,"11",,,,,,,,,,,,"8",,,,,,"9","290",,,,,,,,,,,,,"226","59","798","172","7","1","2","1","1FFFFF","1AAAAAAAA1AAAA","4",,,,,,,,,,,,,,,
"3200623","2016-09-30T20:58:00","25.30","129.11",,,"1","4","2","5",,,,"11",,,,,,,,,,,,"8",,,,,,"9","290",,,,,,,,,,,,,"226","59","798","172","7","1","2","1","1FFFFF","1AAAAAAAA1AAAA","4",,,,,,,,,,,,,,,
"2100704","2016-09-30T21:00:00","24.32","129.09",,,"1","3","2","5",,,,"11",,,,,,,,,"10122",,,"0",,,,,,,"290",,,,,,,,"9","3",,,,"226","49","994","114","7","1","2","1","1FFF1F","1AAAA1AAA1A7AA","4",,,,,,,,,,,,,,,
"3200560","2016-09-30T21:00:00","20.55","125.52",,,"1","4","2","5",,,,"11",,,,,,,,,,,,"8",,,,,,"9","289",,,,,,,,,,,,,"226","5","798","172","7","0",,"1","1FFFFF","1AAAAAAAA1AAAA","4",,,,,,,,,,,,,,,
"4300531","2016-09-30T21:00:00","24.83","126.89",,,"1","4","2","5",,,,"11",,,,,,,,,,,,"8",,,,,,"9","284",,,,,,,,,,,,,"226","46","798","172","7","1","2","1","1FFFFF","1AAAAAAAA1AAAA","4",,,,,,,,,,,,,,,
"5100523","2016-09-30T21:00:00","24.34","124.20",,,"1","4","2","5",,,,"11",,,,,,,,,,,,"8",,,,,,"9","272",,,,,,,,,,,,,"226","44","798","172","7","1","2","1","1FFFFF","1AAAAAAAA1AAAA","4",,,,,,,,,,,,,,,
"MASKSTID","2016-09-30T21:00:00","24.70","123.30",,,"1","4",,"0",,,,"2","0","140","4","41",,"98","3",,"10121","2","0",,"270",,,,"243",,,"6",,,"7",,,,,,,,,"226","43","792","103","5","1","2","1","F11111","1111A11A1A1AA7",,,"1","2",,,,,,,,,,,"4",
"TBWUK19","2016-09-30T21:00:00","21.30","121.20",,,"1","4","0","0","8","3",,"1","0","70","4","113",,"98","51","5","10088",,,"0","250","0","230",,"220","3","280","8",,"7","6","A","A",,"7","4",,,,"226","11","992","114","5","1","2","1","111111","111111111111AA",,,"1","5",,,,,,,,,,,"4",
"3200623","2016-09-30T21:08:00","25.30","129.11",,,"1","4","2","5",,,,"11",,,,,,,,,,,,"8",,,,,,"9","290",,,,,,,,,,,,,"226","59","798","172","7","0",,"1","1FFFFF","1AAAAAAAA1AAAA","4",,,,,,,,,,,,,,,
"3200623","2016-09-30T21:10:00","25.30","129.11",,,"1","4","2","5",,,,"11",,,,,,,,,,,,"8",,,,,,"9","290",,,,,,,,,,,,,"226","59","798","172","7","1","2","1","1FFFFF","1AAAAAAAA1AAAA","4",,,,,,,,,,,,,,,
"2100704","2016-09-30T22:00:00","24.31","129.07",,,"1","3","2","5",,,,"11",,,,,,,,,"10126",,,"0",,,,,,,"290",,,,,,,,"9","3",,,,"226","49","994","114","7","1","2","2","1FFF1F","1AAAA1AAA1A7AA","4",,,,,,,,,,,,,,,
"3200560","2016-09-30T22:00:00","20.56","125.53",,,"1","4","2","5",,,,"11",,,,,,,,,,,,"8",,,,,,"9","289",,,,,,,,,,,,,"226","5","798","172","7","1","2","2","1FFFFF","1AAAAAAAA1AAAA","4",,,,,,,,,,,,,,,
"4300531","2016-09-30T22:00:00","24.84","126.89",,,"1","4","2","5",,,,"11",,,,,,,,,,,,"8",,,,,,"9","284",,,,,,,,,,,,,"226","46","798","172","7","1","2","2","1FFFFF","1AAAAAAAA1AAAA","4",,,,,,,,,,,,,,,
"5100523","2016-09-30T22:15:00","24.34","124.20",,,"1","4","2","5",,,,"11",,,,,,,,,,,,"8",,,,,,"9","271",,,,,,,,,,,,,"226","44","798","172","7","1","2","2","1FFFFF","1AAAAAAAA1AAAA","4",,,,,,,,,,,,,,,
"3200560","2016-09-30T22:26:00","20.56","125.53",,,"1","4","2","5",,,,"11",,,,,,,,,,,,"8",,,,,,"9","289",,,,,,,,,,,,,"226","5","798","172","7","0",,"2","1FFFFF","1AAAAAAAA1AAAA","4",,,,,,,,,,,,,,,
"3200623","2016-09-30T22:26:00","25.29","129.11",,,"1","4","2","5",,,,"11",,,,,,,,,,,,"8",,,,,,"9","290",,,,,,,,,,,,,"226","59","798","172","7","1","2","2","1FFFFF","1AAAAAAAA1AAAA","4",,,,,,,,,,,,,,,
"4300531","2016-09-30T22:26:00","24.84","126.89",,,"1","4","2","5",,,,"11",,,,,,,,,,,,"8",,,,,,"9","284",,,,,,,,,,,,,"226","46","798","172","7","1","2","2","1FFFFF","1AAAAAAAA1AAAA","4",,,,,,,,,,,,,,,
"5100523","2016-09-30T22:30:00","24.34","124.20",,,"1","4","2","5",,,,"11",,,,,,,,,,,,"8",,,,,,"9","273",,,,,,,,,,,,,"226","44","798","172","7","1","2","2","1FFFFF","1AAAAAAAA1AAAA","4",,,,,,,,,,,,,,,
"3200623","2016-09-30T22:35:00","25.28","129.11",,,"1","4","2","5",,,,"11",,,,,,,,,,,,"8",,,,,,"9","290",,,,,,,,,,,,,"226","59","798","172","7","0",,"2","1FFFFF","1AAAAAAAA1AAAA","4",,,,,,,,,,,,,,,
"3200623","2016-09-30T22:36:00","25.28","129.11",,,"1","4","2","5",,,,"11",,,,,,,,,,,,"8",,,,,,"9","290",,,,,,,,,,,,,"226","59","798","172","7","1","2","2","1FFFFF","1AAAAAAAA1AAAA","4",,,,,,,,,,,,,,,
"3200560","2016-09-30T22:43:00","20.56","125.52",,,"1","4","2","5",,,,"11",,,,,,,,,,,,"8",,,,,,"9","290",,,,,,,,,,,,,"226","5","798","172","7","1","2","2","1FFFFF","1AAAAAAAA1AAAA","4",,,,,,,,,,,,,,,
"3200623","2016-09-30T22:45:00","25.29","129.11",,,"1","4","2","5",,,,"11",,,,,,,,,,,,"8",,,,,,"9","290",,,,,,,,,,,,,"226","59","798","172","7","1","2","2","1FFFFF","1AAAAAAAA1AAAA","4",,,,,,,,,,,,,,,
"2100704","2016-09-30T23:00:00","24.30","129.06",,,"1","3","2","5",,,,"11",,,,,,,,,"10129",,,"0",,,,,,,"290",,,,,,,,"9","3",,,,"226","49","994","114","7","1","2","2","1FFF1F","1AAAA1AAA1A7AA","4",,,,,,,,,,,,,,,
"3200560","2016-09-30T23:00:00","20.56","125.52",,,"1","4","2","5",,,,"11",,,,,,,,,,,,"8",,,,,,"9","289",,,,,,,,,,,,,"226","5","798","172","7","1","2","2","1FFFFF","1AAAAAAAA1AAAA","4",,,,,,,,,,,,,,,
"4300531","2016-09-30T23:00:00","24.84","126.89",,,"1","4","2","5",,,,"11",,,,,,,,,,,,"8",,,,,,"9","283",,,,,,,,,,,,,"226","46","798","172","7","1","2","2","1FFFFF","1AAAAAAAA1AAAA","4",,,,,,,,,,,,,,,
"TBWUK77","2016-09-30T23:00:00","29.90","129.00",,,"1","4","0","0","1","5",,"1","0","50","4","26",,"98","2","0","10163","0",,"0","280","0","260",,"252","1","266","2","0","0","6","0","9",,"5","1",,,,"226","99","992","114","5","1","2","2","111111","111111111111A7",,,"1","0",,,,,,,,,,,"4",
