"STATION","DATE","LATITUDE","LONGITUDE","ELEVATION","NAME","IMMA_VER","ATTM_CT","TIME_IND","LL_IND","SHIP_COURSE","SHIP_SPD","ID_IND","WIND_DIR_IND","WIND_DIR","WIND_SPD_IND","WIND_SPEED","VV_IND","VISIBILITY","PRES_WX","PAST_WX","SEA_LVL_PRES","CHAR_PPP","AMT_PRES_TEND","IND_FOR_TEMP","AIR_TEMP","IND_FOR_WBT","WET_BULB_TEMP","DEW_PT_TEMP","SST_MM","SEA_SURF_TEMP","TOT_CLD_AMT","LOW_CLD_AMT","LOW_CLD_TYPE","CLD_HGT","MID_CLD_TYPE","HI_CLD_TYPE","WAVE_DIR","WAVE_PERIOD","WAVE_HGT","SWELL_DIR","SWELL_PERIOD","SWELL_HGT","TEN_BOX_NUM","ONE_BOX_NUM","DECK","SOURCE_ID","PLATFORM_ID","DUP_STATUS","DUP_CHK","NIGHT_DAY_FLAG","TRIM_FLAG","NCDC_QC_FLAGS","SOURCE_EXCLUSION_FLAG","OB_SOURCE","STA_WX_IND","PAST_WX2","CONCEN_OF_SEA_ICE","IND_FOR_PRECIP"
"4602710","2021-09-01T00:00:00","23.69","-121.31",,,"1","4","2","5",,,"11",,,,,,,,,,,,"8",,,,,"9","235",,,,,,,,,,,,,"237","31","798","172","7","0",,"2","1FFFFF","1AAAAAAAA1AAAA","4",,,,,
"4602715","2021-09-01T00:00:00","28.81","-121.72",,,"1","4","2","5",,,"11",,,,,,,,,"10103",,,"8",,,,,"9","204",,,,,,,,,,,,,"237","81","798","172","7","0",,"2","1FFF1F","1AAAA1AAA1AAAA","4",,,,,
"4602718","2021-09-01T00:00:00","29.11","-123.64",,,"1","4","2","5",,,"11",,,,,,,,,"10105",,,"8",,,,,"9","200",,,,,,,,,,,,,"237","93","798","172","7","0",,"2","1FFF1F","1AAAA1AAA1AAAA","4",,,,,
"5102629","2021-09-01T00:00:00","22.65","-127.26",,,"1","4","2","5",,,"11",,,,,,,,,,,,"8",,,,,"9","231",,,,,,,,,,,,,"237","27","798","172","7","0",,"2","1FFFFF","1AAAAAAAA1AAAA","4",,,,,
"9V9923","2021-09-01T00:00:00","24.30","-121.60",,,"1","6","2","5","9",,"1",,"300","3","41","1","98","2",,"10150",,,"8","270",,,,"3","273","7",,"A","A","A","A",,,"1",,,,"237","41","798","172","5","1","2","2","53111F","1111A11AA113AA",,"5",,,,
"4602715","2021-09-01T01:00:00","28.81","-121.72",,,"1","4","2","5",,,"11",,,,,,,,,"10102",,,"8",,,,,"9","204",,,,,,,,,,,,,"237","81","798","172","7","0",,"2","1FFF1F","1AAAA1AAA1AAAA","4",,,,,
"4602718","2021-09-01T01:00:00","29.11","-123.64",,,"1","4","2","5",,,"11",,,,,,,,,"10104",,,"8",,,,,"9","199",,,,,,,,,,,,,"237","93","798","172","7","0",,"2","1FFF1F","1AAAA1AAA1AAAA","4",,,,,
"5102629","2021-09-01T01:00:00","22.65","-127.26",,,"1","4","2","5",,,"11",,,,,,,,,,,,"8",,,,,"9","231",,,,,,,,,,,,,"237","27","798","172","7","0",,"2","1FFFFF","1AAAAAAAA1AAAA","4",,,,,
"4602715","2021-09-01T02:00:00","28.81","-121.72",,,"1","4","2","5",,,"11",,,,,,,,,"10101",,,"8",,,,,"9","204",,,,,,,,,,,,,"237","81","798","172","7","0",,"2","1FFF1F","1AAAA1AAA1AAAA","4",,,,,
"4602718","2021-09-01T02:00:00","29.11","-123.64",,,"1","4","2","5",,,"11",,,,,,,,,"10105",,,"8",,,,,"9","199",,,,,,,,,,,,,"237","93","798","172","7","0",,"2","1FFF1F","1AAAA1AAA1AAAA","4",,,,,
"5102629","2021-09-01T02:00:00","22.65","-127.26",,,"1","4","2","5",,,"11",,,,,,,,,,,,"8",,,,,"9","230",,,,,,,,,,,,,"237","27","798","172","7","0",,"2","1FFFFF","1AAAAAAAA1AAAA","4",,,,,
"4602710","2021-09-01T03:00:00","23.66","-121.32",,,"1","4","2","5",,,"11",,,,,,,,,,,,"8",,,,,"9","234",,,,,,,,,,,,,"237","31","798","172","7","0",,"1","1FFFFF","1AAAAAAAA1AAAA","4",,,,,
"4602715","2021-09-01T03:00:00","28.80","-121.72",,,"1","4","2","5",,,"11",,,,,,,,,"10105",,,"8",,,,,"9","204",,,,,,,,,,,,,"237","81","798","172","7","0",,"1","1FFF1F","1AAAA1AAA1AAAA","4",,,,,
"4602718","2021-09-01T03:00:00","29.11","-123.63",,,"1","4","2","5",,,"11",,,,,,,,,"10110",,,"8",,,,,"9","199",,,,,,,,,,,,,"237","93","798","172","7","0",,"1","1FFF1F","1AAAA1AAA1AAAA","4",,,,,
"5102629","2021-09-01T03:00:00","22.65","-127.26",,,"1","4","2","5",,,"11",,,,,,,,,,,,"8",,,,,"9","230",,,,,,,,,,,,,"237","27","798","172","7","0",,"1","1FFFFF","1AAAAAAAA1AAAA","4",,,,,
"4602715","2021-09-01T04:00:00","28.80","-121.72",,,"1","4","2","5",,,"11",,,,,,,,,"10114",,,"8",,,,,"9","204",,,,,,,,,,,,,"237","81","798","172","7","0",,"1","1FFF1F","1AAAA1AAA1AAAA","4",,,,,
"4602718","2021-09-01T04:00:00","29.11","-123.63",,,"1","4","2","5",,,"11",,,,,,,,,"10113",,,"8",,,,,"9","199",,,,,,,,,,,,,"237","93","798","172","7","0",,"1","1FFF1F","1AAAA1AAA1AAAA","4",,,,,
"5102629","2021-09-01T04:00:00","22.65","-127.25",,,"1","4","2","5",,,"11",,,,,,,,,,,,"8",,,,,"9","229",,,,,,,,,,,,,"237","27","798","172","7","0",,"1","1FFFFF","1AAAAAAAA1AAAA","4",,,,,
"4602715","2021-09-01T05:00:00","28.80","-121.72",,,"1","4","2","5",,,"11",,,,,,,,,"10116",,,"8",,,,,"9","204",,,,,,,,,,,,,"237","81","798","172","7","0",,"1","1FFF1F","1AAAA1AAA1AAAA","4",,,,,
"4602718","2021-09-01T05:00:00","29.11","-123.62",,,"1","4","2","5",,,"11",,,,,,,,,"10117",,,"8",,,,,"9","199",,,,,,,,,,,,,"237","93","798","172","7","0",,"1","1FFF1F","1AAAA1AAA1AAAA","4",,,,,
"5102629","2021-09-01T05:00:00","22.64","-127.26",,,"1","4","2","5",,,"11",,,,,,,,,,,,"8",,,,,"9","229",,,,,,,,,,,,,"237","27","798","172","7","0",,"1","1FFFFF","1AAAAAAAA1AAAA","4",,,,,
"4602710","2021-09-01T06:00:00","23.63","-121.33",,,"1","4","2","5",,,"11",,,,,,,,,,,,"8",,,,,"9","234",,,,,,,,,,,,,"237","31","798","172","7","0",,"1","1FFFFF","1AAAAAAAA1AAAA","4",,,,,
"4602715","2021-09-01T06:00:00","28.79","-121.72",,,"1","4","2","5",,,"11",,,,,,,,,"10116",,,"8",,,,,"9","204",,,,,,,,,,,,,"237","81","798","172","7","0",,"1","1FFF1F","1AAAA1AAA1AAAA","4",,,,,
"4602718","2021-09-01T06:00:00","29.10","-123.62",,,"1","4","2","5",,,"11",,,,,,,,,"10117",,,"8",,,,,"9","199",,,,,,,,,,,,,"237","93","798","172","7","0",,"1","1FFF1F","1AAAA1AAA1AAAA","4",,,,,
"5102629","2021-09-01T06:00:00","22.64","-127.26",,,"1","4","2","5",,,"11",,,,,,,,,,,,"8",,,,,"9","229",,,,,,,,,,,,,"237","27","798","172","7","0",,"1","1FFFFF","1AAAAAAAA1AAAA","4",,,,,
"H3BV","2021-09-01T06:00:00","29.40","-120.40",,,"1","6","2","5","3","4","1",,"280","4","46","1","98","2","1","10100","1","10","8","190",,"170","157","1","200","7","5","7","4","7","8",,"4","1",,,,"237","90","798","172","5","1","2","1","111111","111111111111A1",,"5",,"1",,
"4602715","2021-09-01T07:00:00","28.79","-121.72",,,"1","4","2","5",,,"11",,,,,,,,,"10113",,,"8",,,,,"9","204",,,,,,,,,,,,,"237","81","798","172","7","0",,"1","1FFF1F","1AAAA1AAA1AAAA","4",,,,,
"4602718","2021-09-01T07:00:00","29.10","-123.62",,,"1","4","2","5",,,"11",,,,,,,,,"10115",,,"8",,,,,"9","199",,,,,,,,,,,,,"237","93","798","172","7","0",,"1","1FFF1F","1AAAA1AAA1AAAA","4",,,,,
"5102629","2021-09-01T07:00:00","22.64","-127.26",,,"1","4","2","5",,,"11",,,,,,,,,,,,"8",,,,,"9","229",,,,,,,,,,,,,"237","27","798","172","7","0",,"1","1FFFFF","1AAAAAAAA1AAAA","4",,,,,
"4602715","2021-09-01T08:00:00","28.79","-121.72",,,"1","4","2","5",,,"11",,,,,,,,,"10113",,,"8",,,,,"9","204",,,,,,,,,,,,,"237","81","798","172","7","0",,"1","1FFF1F","1AAAA1AAA1AAAA","4",,,,,
"4602718","2021-09-01T08:00:00","29.09","-123.61",,,"1","4","2","5",,,"11",,,,,,,,,"10114",,,"8",,,,,"9","199",,,,,,,,,,,,,"237","93","798","172","7","0",,"1","1FFF1F","1AAAA1AAA1AAAA","4",,,,,
"5102629","2021-09-01T08:00:00","22.64","-127.26",,,"1","4","2","5",,,"11",,,,,,,,,,,,"8",,,,,"9","229",,,,,,,,,,,,,"237","27","798","172","7","0",,"1","1FFFFF","1AAAAAAAA1AAAA","4",,,,,
"9V9923","2021-09-01T08:00:00","25.60","-124.10",,,"1","6","2","5","9",,"1",,"330","3","51","1","98",,,"10180",,,"8","200",,,,"3","216","8",,"A","A","A","A",,,"1",,,,"237","54","798","172","5","1","2","1","11111F","111AA11AA113AA",,"5",,,,
"4602710","2021-09-01T09:00:00","23.62","-121.34",,,"1","4","2","5",,,"11",,,,,,,,,,,,"8",,,,,"9","233",,,,,,,,,,,,,"237","31","798","172","7","0",,"1","1FFFFF","1AAAAAAAA1AAAA","4",,,,,
"4602715","2021-09-01T09:00:00","28.78","-121.72",,,"1","4","2","5",,,"11",,,,,,,,,"10109",,,"8",,,,,"9","204",,,,,,,,,,,,,"237","81","798","172","7","0",,"1","1FFF1F","1AAAA1AAA1AAAA","4",,,,,
"4602718","2021-09-01T09:00:00","29.09","-123.61",,,"1","4","2","5",,,"11",,,,,,,,,"10113",,,"8",,,,,"9","199",,,,,,,,,,,,,"237","93","798","172","7","0",,"1","1FFF1F","1AAAA1AAA1AAAA","4",,,,,
"5102629","2021-09-01T09:00:00","22.64","-127.27",,,"1","4","2","5",,,"11",,,,,,,,,,,,"8",,,,,"9","229",,,,,,,,,,,,,"237","27","798","172","7","0",,"1","1FFFFF","1AAAAAAAA1AAAA","4",,,,,
"4602715","2021-09-01T10:00:00","28.78","-121.72",,,"1","4","2","5",,,"11",,,,,,,,,"10109",,,"8",,,,,"9","204",,,,,,,,,,,,,"237","81","798","172","7","0",,"1","1FFF1F","1AAAA1AAA1AAAA","4",,,,,
"4602718","2021-09-01T10:00:00","29.08","-123.61",,,"1","4","2","5",,,"11",,,,,,,,,"10112",,,"8",,,,,"9","199",,,,,,,,,,,,,"237","93","798","172","7","0",,"1","1FFF1F","1AAAA1AAA1AAAA","4",,,,,
"5102629","2021-09-01T10:00:00","22.64","-127.27",,,"1","4","2","5",,,"11",,,,,,,,,,,,"8",,,,,"9","229",,,,,,,,,,,,,"237","27","798","172","7","0",,"1","1FFFFF","1AAAAAAAA1AAAA","4",,,,,
"4602715","2021-09-01T11:00:00","28.78","-121.72",,,"1","4","2","5",,,"11",,,,,,,,,"10109",,,"8",,,,,"9","204",,,,,,,,,,,,,"237","81","798","172","7","0",,"1","1FFF1F","1AAAA1AAA1AAAA","4",,,,,
"4602718","2021-09-01T11:00:00","29.08","-123.61",,,"1","4","2","5",,,"11",,,,,,,,,"10111",,,"8",,,,,"9","199",,,,,,,,,,,,,"237","93","798","172","7","0",,"1","1FFF1F","1AAAA1AAA1AAAA","4",,,,,
"5102629","2021-09-01T11:00:00","22.64","-127.27",,,"1","4","2","5",,,"11",,,,,,,,,,,,"8",,,,,"9","229",,,,,,,,,,,,,"237","27","798","172","7","0",,"1","1FFFFF","1AAAAAAAA1AAAA","4",,,,,
"4602710","2021-09-01T12:00:00","23.62","-121.36",,,"1","4","2","5",,,"11",,,,,,,,,,,,"8",,,,,"9","233",,,,,,,,,,,,,"237","31","798","172","7","0",,"1","1FFFFF","1AAAAAAAA1AAAA","4",,,,,
"4602715","2021-09-01T12:00:00","28.77","-121.72",,,"1","4","2","5",,,"11",,,,,,,,,"10108",,,"8",,,,,"9","204",,,,,,,,,,,,,"237","81","798","172","7","0",,"1","1FFF1F","1AAAA1AAA1AAAA","4",,,,,
"5102629","2021-09-01T12:00:00","22.64","-127.27",,,"1","4","2","5",,,"11",,,,,,,,,,,,"8",,,,,"9","229",,,,,,,,,,,,,"237","27","798","172","7","0",,"1","1FFFFF","1AAAAAAAA1AAAA","4",,,,,
"4602718","2021-09-01T12:01:00","29.08","-123.61",,,"1","4","2","5",,,"11",,,,,,,,,"10111",,,"8",,,,,"9","199",,,,,,,,,,,,,"237","93","798","172","7","0",,"1","1FFF1F","1AAAA1AAA1AAAA","4",,,,,
"4602715","2021-09-01T13:00:00","28.77","-121.72",,,"1","4","2","5",,,"11",,,,,,,,,"10113",,,"8",,,,,"9","204",,,,,,,,,,,,,"237","81","798","172","7","0",,"1","1FFF1F","1AAAA1AAA1AAAA","4",,,,,
"4602718","2021-09-01T13:00:00","29.08","-123.61",,,"1","4","2","5",,,"11",,,,,,,,,"10114",,,"8",,,,,"9","198",,,,,,,,,,,,,"237","93","798","172","7","0",,"1","1FFF1F","1AAAA1AAA1AAAA","4",,,,,
"5102629","2021-09-01T13:00:00","22.64","-127.27",,,"1","4","2","5",,,"11",,,,,,,,,,,,"8",,,,,"9","229",,,,,,,,,,,,,"237","27","798","172","7","0",,"1","1FFFFF","1AAAAAAAA1AAAA","4",,,,,
"4602715","2021-09-01T14:00:00","28.77","-121.72",,,"1","4","2","5",,,"11",,,,,,,,,"10117",,,"8",,,,,"9","204",,,,,,,,,,,,,"237","81","798","172","7","0",,"1","1FFF1F","1AAAA1AAA1AAAA","4",,,,,
"4602718","2021-09-01T14:00:00","29.08","-123.61",,,"1","4","2","5",,,"11",,,,,,,,,"10119",,,"8",,,,,"9","198",,,,,,,,,,,,,"237","93","798","172","7","0",,"1","1FFF1F","1AAAA1AAA1AAAA","4",,,,,
"5102629","2021-09-01T14:00:00","22.64","-127.26",,,"1","4","2","5",,,"11",,,,,,,,,,,,"8",,,,,"9","228",,,,,,,,,,,,,"237","27","798","172","7","0",,"1","1FFFFF","1AAAAAAAA1AAAA","4",,,,,
"4602710","2021-09-01T15:00:00","23.63","-121.36",,,"1","4","2","5",,,"11",,,,,,,,,,,,"8",,,,,"9","233",,,,,,,,,,,,,"237","31","798","172","7","0",,"2","1FFFFF","1AAAAAAAA1AAAA","4",,,,,
"4602715","2021-09-01T15:00:00","28.76","-121.72",,,"1","4","2","5",,,"11",,,,,,,,,"10123",,,"8",,,,,"9","204",,,,,,,,,,,,,"237","81","798","172","7","0",,"2","1FFF1F","1AAAA1AAA1AAAA","4",,,,,
"4602718","2021-09-01T15:00:00","29.08","-123.61",,,"1","4","2","5",,,"11",,,,,,,,,"10125",,,"8",,,,,"9","198",,,,,,,,,,,,,"237","93","798","172","7","0",,"2","1FFF1F","1AAAA1AAA1AAAA","4",,,,,
"5102629","2021-09-01T15:00:00","22.65","-127.26",,,"1","4","2","5",,,"11",,,,,,,,,,,,"8",,,,,"9","228",,,,,,,,,,,,,"237","27","798","172","7","0",,"2","1FFFFF","1AAAAAAAA1AAAA","4",,,,,
"4602715","2021-09-01T16:00:00","28.76","-121.72",,,"1","4","2","5",,,"11",,,,,,,,,"10129",,,"8",,,,,"9","204",,,,,,,,,,,,,"237","81","798","172","7","0",,"2","1FFF1F","1AAAA1AAA1AAAA","4",,,,,
"5102629","2021-09-01T16:00:00","22.64","-127.25",,,"1","4","2","5",,,"11",,,,,,,,,,,,"8",,,,,"9","228",,,,,,,,,,,,,"237","27","798","172","7","0",,"2","1FFFFF","1AAAAAAAA1AAAA","4",,,,,
"9V9923","2021-09-01T16:00:00","26.80","-126.60",,,"1","6","2","5","9",,"1",,"20","3","62","1","98","2",,"10170",,,"8","220",,,,"3","212","8",,"A","A","A","A",,,"2",,,,"237","66","798","172","5","1","2","2","11111F","1111A11AA113AA",,"5",,,,
"4602718","2021-09-01T16:01:00","29.08","-123.61",,,"1","4","2","5",,,"11",,,,,,,,,"10131",,,"8",,,,,"9","198",,,,,,,,,,,,,"237","93","798","172","7","0",,"2","1FFF1F","1AAAA1AAA1AAAA","4",,,,,
"4602715","2021-09-01T17:00:00","28.75","-121.72",,,"1","4","2","5",,,"11",,,,,,,,,"10132",,,"8",,,,,"9","204",,,,,,,,,,,,,"237","81","798","172","7","0",,"2","1FFF1F","1AAAA1AAA1AAAA","4",,,,,
"4602718","2021-09-01T17:00:00","29.08","-123.61",,,"1","4","2","5",,,"11",,,,,,,,,"10135",,,"8",,,,,"9","198",,,,,,,,,,,,,"237","93","798","172","7","0",,"2","1FFF1F","1AAAA1AAA1AAAA","4",,,,,
"5102629","2021-09-01T17:00:00","22.64","-127.25",,,"1","4","2","5",,,"11",,,,,,,,,,,,"8",,,,,"9","228",,,,,,,,,,,,,"237","27","798","172","7","0",,"2","1FFFFF","1AAAAAAAA1AAAA","4",,,,,
"4602710","2021-09-01T18:00:00","23.64","-121.36",,,"1","4","2","5",,,"11",,,,,,,,,,,,"8",,,,,"9","234",,,,,,,,,,,,,"237","31","798","172","7","0",,"2","1FFFFF","1AAAAAAAA1AAAA","4",,,,,
"4602715","2021-09-01T18:00:00","28.75","-121.72",,,"1","4","2","5",,,"11",,,,,,,,,"10134",,,"8",,,,,"9","205",,,,,,,,,,,,,"237","81","798","172","7","0",,"2","1FFF1F","1AAAA1AAA1AAAA","4",,,,,
"4602718","2021-09-01T18:00:00","29.08","-123.61",,,"1","4","2","5",,,"11",,,,,,,,,"10138",,,"8",,,,,"9","199",,,,,,,,,,,,,"237","93","798","172","7","0",,"2","1FFF1F","1AAAA1AAA1AAAA","4",,,,,
"5102629","2021-09-01T18:00:00","22.64","-127.25",,,"1","4","2","5",,,"11",,,,,,,,,,,,"8",,,,,"9","229",,,,,,,,,,,,,"237","27","798","172","7","0",,"2","1FFFFF","1AAAAAAAA1AAAA","4",,,,,
"4602715","2021-09-01T19:00:00","28.74","-121.73",,,"1","4","2","5",,,"11",,,,,,,,,"10135",,,"8",,,,,"9","206",,,,,,,,,,,,,"237","81","798","172","7","0",,"2","1FFF1F","1AAAA1AAA1AAAA","4",,,,,
"5102629","2021-09-01T19:00:00","22.63","-127.25",,,"1","4","2","5",,,"11",,,,,,,,,,,,"8",,,,,"9","229",,,,,,,,,,,,,"237","27","798","172","7","0",,"2","1FFFFF","1AAAAAAAA1AAAA","4",,,,,
"4602718","2021-09-01T19:01:00","29.08","-123.61",,,"1","4","2","5",,,"11",,,,,,,,,"10139",,,"8",,,,,"9","199",,,,,,,,,,,,,"237","93","798","172","7","0",,"2","1FFF1F","1AAAA1AAA1AAAA","4",,,,,
"4602715","2021-09-01T20:00:00","28.74","-121.73",,,"1","4","2","5",,,"11",,,,,,,,,"10134",,,"8",,,,,"9","208",,,,,,,,,,,,,"237","81","798","172","7","0",,"2","1FFF1F","1AAAA1AAA1AAAA","4",,,,,
"4602718","2021-09-01T20:00:00","29.08","-123.60",,,"1","4","2","5",,,"11",,,,,,,,,"10138",,,"8",,,,,"9","199",,,,,,,,,,,,,"237","93","798","172","7","0",,"2","1FFF1F","1AAAA1AAA1AAAA","4",,,,,
"5102629","2021-09-01T20:00:00","22.63","-127.25",,,"1","4","2","5",,,"11",,,,,,,,,,,,"8",,,,,"9","229",,,,,,,,,,,,,"237","27","798","172","7","0",,"2","1FFFFF","1AAAAAAAA1AAAA","4",,,,,
"4602710","2021-09-01T21:00:00","23.64","-121.35",,,"1","4","2","5",,,"11",,,,,,,,,,,,"8",,,,,"9","237",,,,,,,,,,,,,"237","31","798","172","7","0",,"2","1FFFFF","1AAAAAAAA1AAAA","4",,,,,
"4602715","2021-09-01T21:00:00","28.73","-121.73",,,"1","4","2","5",,,"11",,,,,,,,,"10131",,,"8",,,,,"9","209",,,,,,,,,,,,,"237","81","798","172","7","0",,"2","1FFF1F","1AAAA1AAA1AAAA","4",,,,,
"4602718","2021-09-01T21:00:00","29.08","-123.60",,,"1","4","2","5",,,"11",,,,,,,,,"10136",,,"8",,,,,"9","199",,,,,,,,,,,,,"237","93","798","172","7","0",,"2","1FFF1F","1AAAA1AAA1AAAA","4",,,,,
"5102629","2021-09-01T21:00:00","22.63","-127.24",,,"1","4","2","5",,,"11",,,,,,,,,,,,"8",,,,,"9","230",,,,,,,,,,,,,"237","27","798","172","7","0",,"2","1FFFFF","1AAAAAAAA1AAAA","4",,,,,
"4602715","2021-09-01T22:00:00","28.73","-121.74",,,"1","4","2","5",,,"11",,,,,,,,,"10127",,,"8",,,,,"9","210",,,,,,,,,,,,,"237","81","798","172","7","0",,"2","1FFF1F","1AAAA1AAA1AAAA","4",,,,,
"4602718","2021-09-01T22:00:00","29.08","-123.60",,,"1","4","2","5",,,"11",,,,,,,,,"10133",,,"8",,,,,"9","200",,,,,,,,,,,,,"237","93","798","172","7","0",,"2","1FFF1F","1AAAA1AAA1AAAA","4",,,,,
"5102629","2021-09-01T22:00:00","22.62","-127.24",,,"1","4","2","5",,,"11",,,,,,,,,,,,"8",,,,,"9","230",,,,,,,,,,,,,"237","27","798","172","7","0",,"2","1FFFFF","1AAAAAAAA1AAAA","4",,,,,
"4602715","2021-09-01T23:00:00","28.73","-121.74",,,"1","4","2","5",,,"11",,,,,,,,,"10126",,,"8",,,,,"9","211",,,,,,,,,,,,,"237","81","798","172","7","0",,"2","1FFF1F","1AAAA1AAA1AAAA","4",,,,,
"4602718","2021-09-01T23:00:00","29.08","-123.60",,,"1","4","2","5",,,"11",,,,,,,,,"10130",,,"8",,,,,"9","200",,,,,,,,,,,,,"237","93","798","172","7","0",,"2","1FFF1F","1AAAA1AAA1AAAA","4",,,,,
"5102629","2021-09-01T23:00:00","22.62","-127.24",,,"1","4","2","5",,,"11",,,,,,,,,,,,"8",,,,,"9","231",,,,,,,,,,,,,"237","27","798","172","7","0",,"2","1FFFFF","1AAAAAAAA1AAAA","4",,,,,
"4602710","2021-09-02T00:00:00","23.64","-121.32",,,"1","4","2","5",,,"11",,,,,,,,,,,,"8",,,,,"9","236",,,,,,,,,,,,,"237","31","798","172","7","0",,"2","1FFFFF","1AAAAAAAA1AAAA","4",,,,,
"4602715","2021-09-02T00:00:00","28.73","-121.75",,,"1","4","2","5",,,"11",,,,,,,,,"10124",,,"8",,,,,"9","210",,,,,,,,,,,,,"237","81","798","172","7","0",,"2","1FFF1F","1AAAA1AAA1AAAA","4",,,,,
"4602718","2021-09-02T00:00:00","29.08","-123.59",,,"1","4","2","5",,,"11",,,,,,,,,"10131",,,"8",,,,,"9","200",,,,,,,,,,,,,"237","93","798","172","7","0",,"2","1FFF1F","1AAAA1AAA1AAAA","4",,,,,
"5102629","2021-09-02T00:00:00","22.62","-127.24",,,"1","4","2","5",,,"11",,,,,,,,,,,,"8",,,,,"9","231",,,,,,,,,,,,,"237","27","798","172","7","0",,"2","1FFFFF","1AAAAAAAA1AAAA","4",,,,,
"9V9923","2021-09-02T00:00:00","27.70","-129.30",,,"1","6","2","5","9",,"1",,"30","3","87","1","98","2",,"10190",,,"8","250",,,,"3","208","7",,"A","A","A","A",,,"3",,,,"237","79","798","172","5","1","2","2","11111F","1111A11AA113AA",,"5",,,,
"4602715","2021-09-02T01:00:00","28.73","-121.75",,,"1","4","2","5",,,"11",,,,,,,,,"10125",,,"8",,,,,"9","209",,,,,,,,,,,,,"237","81","798","172","7","0",,"2","1FFF1F","1AAAA1AAA1AAAA","4",,,,,
"4602718","2021-09-02T01:00:00","29.08","-123.59",,,"1","4","2","5",,,"11",,,,,,,,,"10131",,,"8",,,,,"9","199",,,,,,,,,,,,,"237","93","798","172","7","0",,"2","1FFF1F","1AAAA1AAA1AAAA","4",,,,,
"5102629","2021-09-02T01:00:00","22.62","-127.23",,,"1","4","2","5",,,"11",,,,,,,,,,,,"8",,,,,"9","231",,,,,,,,,,,,,"237","27","798","172","7","0",,"2","1FFFFF","1AAAAAAAA1AAAA","4",,,,,
"4602715","2021-09-02T02:00:00","28.74","-121.75",,,"1","4","2","5",,,"11",,,,,,,,,"10128",,,"8",,,,,"9","208",,,,,,,,,,,,,"237","81","798","172","7","0",,"2","1FFF1F","1AAAA1AAA1AAAA","4",,,,,
"4602718","2021-09-02T02:00:00","29.07","-123.59",,,"1","4","2","5",,,"11",,,,,,,,,"10133",,,"8",,,,,"9","199",,,,,,,,,,,,,"237","93","798","172","7","0",,"2","1FFF1F","1AAAA1AAA1AAAA","4",,,,,
"5102629","2021-09-02T02:00:00","22.60","-127.23",,,"1","4","2","5",,,"11",,,,,,,,,,,,"8",,,,,"9","230",,,,,,,,,,,,,"237","27","798","172","7","0",,"2","1FFFFF","1AAAAAAAA1AAAA","4",,,,,
"4602710","2021-09-02T03:00:00","23.61","-121.29",,,"1","4","2","5",,,"11",,,,,,,,,,,,"8",,,,,"9","234",,,,,,,,,,,,,"237","31","798","172","7","0",,"1","1FFFFF","1AAAAAAAA1AAAA","4",,,,,
"4602718","2021-09-02T03:00:00","29.07","-123.59",,,"1","4","2","5",,,"11",,,,,,,,,"10137",,,"8",,,,,"9","199",,,,,,,,,,,,,"237","93","798","172","7","0",,"1","1FFF1F","1AAAA1AAA1AAAA","4",,,,,
"5102629","2021-09-02T03:00:00","22.60","-127.23",,,"1","4","2","5",,,"11",,,,,,,,,,,,"8",,,,,"9","230",,,,,,,,,,,,,"237","27","798","172","7","0",,"1","1FFFFF","1AAAAAAAA1AAAA","4",,,,,
"4602715","2021-09-02T03:01:00","28.73","-121.74",,,"1","4","2","5",,,"11",,,,,,,,,"10132",,,"8",,,,,"9","207",,,,,,,,,,,,,"237","81","798","172","7","0",,"1","1FFF1F","1AAAA1AAA1AAAA","4",,,,,
"4602715","2021-09-02T04:00:00","28.73","-121.74",,,"1","4","2","5",,,"11",,,,,,,,,"10135",,,"8",,,,,"9","206",,,,,,,,,,,,,"237","81","798","172","7","0",,"1","1FFF1F","1AAAA1AAA1AAAA","4",,,,,
"4602718","2021-09-02T04:00:00","29.07","-123.58",,,"1","4","2","5",,,"11",,,,,,,,,"10143",,,"8",,,,,"9","199",,,,,,,,,,,,,"237","93","798","172","7","0",,"1","1FFF1F","1AAAA1AAA1AAAA","4",,,,,
"5102629","2021-09-02T04:00:00","22.59","-127.24",,,"1","4","2","5",,,"11",,,,,,,,,,,,"8",,,,,"9","229",,,,,,,,,,,,,"237","27","798","172","7","0",,"1","1FFFFF","1AAAAAAAA1AAAA","4",,,,,
"4602715","2021-09-02T05:00:00","28.73","-121.74",,,"1","4","2","5",,,"11",,,,,,,,,"10139",,,"8",,,,,"9","206",,,,,,,,,,,,,"237","81","798","172","7","0",,"1","1FFF1F","1AAAA1AAA1AAAA","4",,,,,
"5102629","2021-09-02T05:00:00","22.59","-127.24",,,"1","4","2","5",,,"11",,,,,,,,,,,,"8",,,,,"9","229",,,,,,,,,,,,,"237","27","798","172","7","0",,"1","1FFFFF","1AAAAAAAA1AAAA","4",,,,,
"4602718","2021-09-02T05:01:00","29.07","-123.58",,,"1","4","2","5",,,"11",,,,,,,,,"10147",,,"8",,,,,"9","199",,,,,,,,,,,,,"237","93","798","172","7","0",,"1","1FFF1F","1AAAA1AAA1AAAA","4",,,,,
"4602710","2021-09-02T06:00:00","23.57","-121.28",,,"1","4","2","5",,,"11",,,,,,,,,,,,"8",,,,,"9","234",,,,,,,,,,,,,"237","31","798","172","7","0",,"1","1FFFFF","1AAAAAAAA1AAAA","4",,,,,
"4602718","2021-09-02T06:00:00","29.07","-123.58",,,"1","4","2","5",,,"11",,,,,,,,,"10146",,,"8",,,,,"9","199",,,,,,,,,,,,,"237","93","798","172","7","0",,"1","1FFF1F","1AAAA1AAA1AAAA","4",,,,,
"5102629","2021-09-02T06:00:00","22.58","-127.24",,,"1","4","2","5",,,"11",,,,,,,,,,,,"8",,,,,"9","229",,,,,,,,,,,,,"237","27","798","172","7","0",,"1","1FFFFF","1AAAAAAAA1AAAA","4",,,,,
"4602715","2021-09-02T06:01:00","28.72","-121.74",,,"1","4","2","5",,,"11",,,,,,,,,"10141",,,"8",,,,,"9","206",,,,,,,,,,,,,"237","81","798","172","7","0",,"1","1FFF1F","1AAAA1AAA1AAAA","4",,,,,
"4602715","2021-09-02T07:00:00","28.72","-121.74",,,"1","4","2","5",,,"11",,,,,,,,,"10143",,,"8",,,,,"9","206",,,,,,,,,,,,,"237","81","798","172","7","0",,"1","1FFF1F","1AAAA1AAA1AAAA","4",,,,,
"4602718","2021-09-02T07:00:00","29.06","-123.58",,,"1","4","2","5",,,"11",,,,,,,,,"10149",,,"8",,,,,"9","198",,,,,,,,,,,,,"237","93","798","172","7","0",,"1","1FFF1F","1AAAA1AAA1AAAA","4",,,,,
"5102629","2021-09-02T07:00:00","22.57","-127.25",,,"1","4","2","5",,,"11",,,,,,,,,,,,"8",,,,,"9","229",,,,,,,,,,,,,"237","27","798","172","7","0",,"1","1FFFFF","1AAAAAAAA1AAAA","4",,,,,
"4602715","2021-09-02T08:00:00","28.71","-121.74",,,"1","4","2","5",,,"11",,,,,,,,,"10144",,,"8",,,,,"9","206",,,,,,,,,,,,,"237","81","798","172","7","0",,"1","1FFF1F","1AAAA1AAA1AAAA","4",,,,,
"4602718","2021-09-02T08:00:00","29.05","-123.58",,,"1","4","2","5",,,"11",,,,,,,,,"10148",,,"8",,,,,"9","198",,,,,,,,,,,,,"237","93","798","172","7","0",,"1","1FFF1F","1AAAA1AAA1AAAA","4",,,,,
"5102629","2021-09-02T08:00:00","22.57","-127.25",,,"1","4","2","5",,,"11",,,,,,,,,,,,"8",,,,,"9","229",,,,,,,,,,,,,"237","27","798","172","7","0",,"1","1FFFFF","1AAAAAAAA1AAAA","4",,,,,
"4602710","2021-09-02T09:00:00","23.54","-121.29",,,"1","4","2","5",,,"11",,,,,,,,,,,,"8",,,,,"9","234",,,,,,,,,,,,,"237","31","798","172","7","0",,"1","1FFFFF","1AAAAAAAA1AAAA","4",,,,,
"4602715","2021-09-02T09:00:00","28.70","-121.74",,,"1","4","2","5",,,"11",,,,,,,,,"10144",,,"8",,,,,"9","205",,,,,,,,,,,,,"237","81","798","172","7","0",,"1","1FFF1F","1AAAA1AAA1AAAA","4",,,,,
"4602718","2021-09-02T09:00:00","29.05","-123.58",,,"1","4","2","5",,,"11",,,,,,,,,"10146",,,"8",,,,,"9","198",,,,,,,,,,,,,"237","93","798","172","7","0",,"1","1FFF1F","1AAAA1AAA1AAAA","4",,,,,
"5102629","2021-09-02T09:00:00","22.57","-127.26",,,"1","4","2","5",,,"11",,,,,,,,,,,,"8",,,,,"9","229",,,,,,,,,,,,,"237","27","798","172","7","0",,"1","1FFFFF","1AAAAAAAA1AAAA","4",,,,,
"4602715","2021-09-02T10:00:00","28.70","-121.75",,,"1","4","2","5",,,"11",,,,,,,,,"10142",,,"8",,,,,"9","205",,,,,,,,,,,,,"237","81","798","172","7","0",,"1","1FFF1F","1AAAA1AAA1AAAA","4",,,,,
"4602718","2021-09-02T10:00:00","29.05","-123.58",,,"1","4","2","5",,,"11",,,,,,,,,"10147",,,"8",,,,,"9","198",,,,,,,,,,,,,"237","93","798","172","7","0",,"1","1FFF1F","1AAAA1AAA1AAAA","4",,,,,
"5102629","2021-09-02T10:00:00","22.57","-127.27",,,"1","4","2","5",,,"11",,,,,,,,,,,,"8",,,,,"9","229",,,,,,,,,,,,,"237","27","798","172","7","0",,"1","1FFFFF","1AAAAAAAA1AAAA","4",,,,,
"4602715","2021-09-02T11:00:00","28.69","-121.75",,,"1","4","2","5",,,"11",,,,,,,,,"10141",,,"8",,,,,"9","205",,,,,,,,,,,,,"237","81","798","172","7","0",,"1","1FFF1F","1AAAA1AAA1AAAA","4",,,,,
"4602718","2021-09-02T11:00:00","29.05","-123.58",,,"1","4","2","5",,,"11",,,,,,,,,"10149",,,"8",,,,,"9","198",,,,,,,,,,,,,"237","93","798","172","7","0",,"1","1FFF1F","1AAAA1AAA1AAAA","4",,,,,
"5102629","2021-09-02T11:00:00","22.57","-127.28",,,"1","4","2","5",,,"11",,,,,,,,,,,,"8",,,,,"9","229",,,,,,,,,,,,,"237","27","798","172","7","0",,"1","1FFFFF","1AAAAAAAA1AAAA","4",,,,,
"4602710","2021-09-02T12:00:00","23.52","-121.31",,,"1","4","2","5",,,"11",,,,,,,,,,,,"8",,,,,"9","233",,,,,,,,,,,,,"237","31","798","172","7","0",,"1","1FFFFF","1AAAAAAAA1AAAA","4",,,,,
"4602715","2021-09-02T12:00:00","28.68","-121.75",,,"1","4","2","5",,,"11",,,,,,,,,"10144",,,"8",,,,,"9","205",,,,,,,,,,,,,"237","81","798","172","7","0",,"1","1FFF1F","1AAAA1AAA1AAAA","4",,,,,
"4602718","2021-09-02T12:00:00","29.04","-123.58",,,"1","4","2","5",,,"11",,,,,,,,,"10150",,,"8",,,,,"9","198",,,,,,,,,,,,,"237","93","798","172","7","0",,"1","1FFF1F","1AAAA1AAA1AAAA","4",,,,,
"5102629","2021-09-02T12:00:00","22.58","-127.28",,,"1","4","2","5",,,"11",,,,,,,,,,,,"8",,,,,"9","229",,,,,,,,,,,,,"237","27","798","172","7","0",,"1","1FFFFF","1AAAAAAAA1AAAA","4",,,,,
"4602715","2021-09-02T13:00:00","28.69","-121.76",,,"1","4","2","5",,,"11",,,,,,,,,"10148",,,"8",,,,,"9","205",,,,,,,,,,,,,"237","81","798","172","7","0",,"1","1FFF1F","1AAAA1AAA1AAAA","4",,,,,
"4602718","2021-09-02T13:00:00","29.04","-123.58",,,"1","4","2","5",,,"11",,,,,,,,,"10153",,,"8",,,,,"9","198",,,,,,,,,,,,,"237","93","798","172","7","0",,"1","1FFF1F","1AAAA1AAA1AAAA","4",,,,,
"5102629","2021-09-02T13:00:00","22.58","-127.28",,,"1","4","2","5",,,"11",,,,,,,,,,,,"8",,,,,"9","229",,,,,,,,,,,,,"237","27","798","172","7","0",,"1","1FFFFF","1AAAAAAAA1AAAA","4",,,,,
"5102629","2021-09-02T14:00:00","22.58","-127.29",,,"1","4","2","5",,,"11",,,,,,,,,,,,"8",,,,,"9","229",,,,,,,,,,,,,"237","27","798","172","7","0",,"1","1FFFFF","1AAAAAAAA1AAAA","4",,,,,
"4602715","2021-09-02T14:01:00","28.69","-121.76",,,"1","4","2","5",,,"11",,,,,,,,,"10151",,,"8",,,,,"9","205",,,,,,,,,,,,,"237","81","798","172","7","0",,"2","1FFF1F","1AAAA1AAA1AAAA","4",,,,,
"4602718","2021-09-02T14:01:00","29.04","-123.58",,,"1","4","2","5",,,"11",,,,,,,,,"10159",,,"8",,,,,"9","198",,,,,,,,,,,,,"237","93","798","172","7","0",,"1","1FFF1F","1AAAA1AAA1AAAA","4",,,,,
"4602710","2021-09-02T15:00:00","23.51","-121.32",,,"1","4","2","5",,,"11",,,,,,,,,,,,"8",,,,,"9","234",,,,,,,,,,,,,"237","31","798","172","7","0",,"2","1FFFFF","1AAAAAAAA1AAAA","4",,,,,
"4602715","2021-09-02T15:00:00","28.69","-121.76",,,"1","4","2","5",,,"11",,,,,,,,,"10155",,,"8",,,,,"9","205",,,,,,,,,,,,,"237","81","798","172","7","0",,"2","1FFF1F","1AAAA1AAA1AAAA","4",,,,,
"4602718","2021-09-02T15:00:00","29.04","-123.58",,,"1","4","2","5",,,"11",,,,,,,,,"10163",,,"8",,,,,"9","198",,,,,,,,,,,,,"237","93","798","172","7","0",,"2","1FFF1F","1AAAA1AAA1AAAA","4",,,,,
"5102629","2021-09-02T15:00:00","22.59","-127.28",,,"1","4","2","5",,,"11",,,,,,,,,,,,"8",,,,,"9","228",,,,,,,,,,,,,"237","27","798","172","7","0",,"2","1FFFFF","1AAAAAAAA1AAAA","4",,,,,
"4602715","2021-09-02T16:00:00","28.69","-121.76",,,"1","4","2","5",,,"11",,,,,,,,,"10158",,,"8",,,,,"9","205",,,,,,,,,,,,,"237","81","798","172","7","0",,"2","1FFF1F","1AAAA1AAA1AAAA","4",,,,,
"4602718","2021-09-02T16:00:00","29.04","-123.58",,,"1","4","2","5",,,"11",,,,,,,,,"10165",,,"8",,,,,"9","198",,,,,,,,,,,,,"237","93","798","172","7","0",,"2","1FFF1F","1AAAA1AAA1AAAA","4",,,,,
"5102629","2021-09-02T16:00:00","22.59","-127.28",,,"1","4","2","5",,,"11",,,,,,,,,,,,"8",,,,,"9","228",,,,,,,,,,,,,"237","27","798","172","7","0",,"2","1FFFFF","1AAAAAAAA1AAAA","4",,,,,
"4602715","2021-09-02T17:00:00","28.69","-121.76",,,"1","4","2","5",,,"11",,,,,,,,,"10164",,,"8",,,,,"9","205",,,,,,,,,,,,,"237","81","798","172","7","0",,"2","1FFF1F","1AAAA1AAA1AAAA","4",,,,,
"4602718","2021-09-02T17:00:00","29.04","-123.58",,,"1","4","2","5",,,"11",,,,,,,,,"10171",,,"8",,,,,"9","198",,,,,,,,,,,,,"237","93","798","172","7","0",,"2","1FFF1F","1AAAA1AAA1AAAA","4",,,,,
"5102629","2021-09-02T17:00:00","22.60","-127.27",,,"1","4","2","5",,,"11",,,,,,,,,,,,"8",,,,,"9","228",,,,,,,,,,,,,"237","27","798","172","7","0",,"2","1FFFFF","1AAAAAAAA1AAAA","4",,,,,
"4602710","2021-09-02T18:00:00","23.51","-121.33",,,"1","4","2","5",,,"11",,,,,,,,,,,,"8",,,,,"9","234",,,,,,,,,,,,,"237","31","798","172","7","0",,"2","1FFFFF","1AAAAAAAA1AAAA","4",,,,,
"4602715","2021-09-02T18:00:00","28.69","-121.76",,,"1","4","2","5",,,"11",,,,,,,,,"10165",,,"8",,,,,"9","205",,,,,,,,,,,,,"237","81","798","172","7","0",,"2","1FFF1F","1AAAA1AAA1AAAA","4",,,,,
"4602718","2021-09-02T18:00:00","29.03","-123.58",,,"1","4","2","5",,,"11",,,,,,,,,"10170",,,"8",,,,,"9","198",,,,,,,,,,,,,"237","93","798","172","7","0",,"2","1FFF1F","1AAAA1AAA1AAAA","4",,,,,
"5102629","2021-09-02T18:00:00","22.60","-127.26",,,"1","4","2","5",,,"11",,,,,,,,,,,,"8",,,,,"9","229",,,,,,,,,,,,,"237","27","798","172","7","0",,"2","1FFFFF","1AAAAAAAA1AAAA","4",,,,,
"9V9923","2021-09-02T18:00:00","24.30","-121.60",,,"1","6","2","5","9",,"1",,"50","3","77",,,"2",,"10150",,,"8","230",,,,"3","217","8",,"A","A","A","A",,,"2",,,,"237","41","798","172","5","1","2","2","11111F","11A1A11AA113AA",,"5",,,,
"VROQ7","2021-09-02T18:00:00","21.20","-128.40",,,"1","4","0","0",,,"1","0",,"3",,,"97","2",,"10190",,,"0","250",,,,"3","240","7",,,"A",,,,,"8","7",,"8","237","18","992","114","5","1","2","2","11171F","1111A11AA1133A",,,"1",,,"4"
"4602715","2021-09-02T19:00:00","28.68","-121.76",,,"1","4","2","5",,,"11",,,,,,,,,"10163",,,"8",,,,,"9","206",,,,,,,,,,,,,"237","81","798","172","7","0",,"2","1FFF1F","1AAAA1AAA1AAAA","4",,,,,
"4602718","2021-09-02T19:00:00","29.03","-123.58",,,"1","4","2","5",,,"11",,,,,,,,,"10170",,,"8",,,,,"9","198",,,,,,,,,,,,,"237","93","798","172","7","0",,"2","1FFF1F","1AAAA1AAA1AAAA","4",,,,,
"5102629","2021-09-02T19:00:00","22.60","-127.26",,,"1","4","2","5",,,"11",,,,,,,,,,,,"8",,,,,"9","229",,,,,,,,,,,,,"237","27","798","172","7","0",,"2","1FFFFF","1AAAAAAAA1AAAA","4",,,,,
"4602718","2021-09-02T20:00:00","29.04","-123.57",,,"1","4","2","5",,,"11",,,,,,,,,"10167",,,"8",,,,,"9","198",,,,,,,,,,,,,"237","93","798","172","7","0",,"2","1FFF1F","1AAAA1AAA1AAAA","4",,,,,
"5102629","2021-09-02T20:00:00","22.60","-127.26",,,"1","4","2","5",,,"11",,,,,,,,,,,,"8",,,,,"9","230",,,,,,,,,,,,,"237","27","798","172","7","0",,"2","1FFFFF","1AAAAAAAA1AAAA","4",,,,,
"4602715","2021-09-02T20:01:00","28.68","-121.76",,,"1","4","2","5",,,"11",,,,,,,,,"10162",,,"8",,,,,"9","207",,,,,,,,,,,,,"237","81","798","172","7","0",,"2","1FFF1F","1AAAA1AAA1AAAA","4",,,,,
"4602710","2021-09-02T21:00:00","23.50","-121.33",,,"1","4","2","5",,,"11",,,,,,,,,,,,"8",,,,,"9","235",,,,,,,,,,,,,"237","31","798","172","7","0",,"2","1FFFFF","1AAAAAAAA1AAAA","4",,,,,
"4602715","2021-09-02T21:00:00","28.67","-121.76",,,"1","4","2","5",,,"11",,,,,,,,,"10159",,,"8",,,,,"9","207",,,,,,,,,,,,,"237","81","798","172","7","0",,"2","1FFF1F","1AAAA1AAA1AAAA","4",,,,,
"4602718","2021-09-02T21:00:00","29.03","-123.57",,,"1","4","2","5",,,"11",,,,,,,,,"10167",,,"8",,,,,"9","199",,,,,,,,,,,,,"237","93","798","172","7","0",,"2","1FFF1F","1AAAA1AAA1AAAA","4",,,,,
"5102629","2021-09-02T21:00:00","22.60","-127.25",,,"1","4","2","5",,,"11",,,,,,,,,,,,"8",,,,,"9","231",,,,,,,,,,,,,"237","27","798","172","7","0",,"2","1FFFFF","1AAAAAAAA1AAAA","4",,,,,
"4602715","2021-09-02T22:00:00","28.67","-121.77",,,"1","4","2","5",,,"11",,,,,,,,,"10157",,,"8",,,,,"9","207",,,,,,,,,,,,,"237","81","798","172","7","0",,"2","1FFF1F","1AAAA1AAA1AAAA","4",,,,,
"4602718","2021-09-02T22:00:00","29.04","-123.57",,,"1","4","2","5",,,"11",,,,,,,,,"10163",,,"8",,,,,"9","199",,,,,,,,,,,,,"237","93","798","172","7","0",,"2","1FFF1F","1AAAA1AAA1AAAA","4",,,,,
"5102629","2021-09-02T22:00:00","22.60","-127.25",,,"1","4","2","5",,,"11",,,,,,,,,,,,"8",,,,,"9","231",,,,,,,,,,,,,"237","27","798","172","7","0",,"2","1FFFFF","1AAAAAAAA1AAAA","4",,,,,
"4602715","2021-09-02T23:00:00","28.67","-121.77",,,"1","4","2","5",,,"11",,,,,,,,,"10153",,,"8",,,,,"9","207",,,,,,,,,,,,,"237","81","798","172","7","0",,"2","1FFF1F","1AAAA1AAA1AAAA","4",,,,,
"4602718","2021-09-02T23:00:00","29.04","-123.56",,,"1","4","2","5",,,"11",,,,,,,,,"10159",,,"8",,,,,"9","199",,,,,,,,,,,,,"237","93","798","172","7","0",,"2","1FFF1F","1AAAA1AAA1AAAA","4",,,,,
"5102629","2021-09-02T23:00:00","22.59","-127.24",,,"1","4","2","5",,,"11",,,,,,,,,,,,"8",,,,,"9","231",,,,,,,,,,,,,"237","27","798","172","7","0",,"2","1FFFFF","1AAAAAAAA1AAAA","4",,,,,
"4602710","2021-09-03T00:00:00","23.49","-121.32",,,"1","4","2","5",,,"11",,,,,,,,,,,,"8",,,,,"9","235",,,,,,,,,,,,,"237","31","798","172","7","0",,"2","1FFFFF","1AAAAAAAA1AAAA","4",,,,,
"4602715","2021-09-03T00:00:00","28.67","-121.77",,,"1","4","2","5",,,"11",,,,,,,,,"10149",,,"8",,,,,"9","206",,,,,,,,,,,,,"237","81","798","172","7","0",,"2","1FFF1F","1AAAA1AAA1AAAA","4",,,,,
"4602718","2021-09-03T00:00:00","29.04","-123.56",,,"1","4","2","5",,,"11",,,,,,,,,"10155",,,"8",,,,,"9","199",,,,,,,,,,,,,"237","93","798","172","7","0",,"2","1FFF1F","1AAAA1AAA1AAAA","4",,,,,
"5102629","2021-09-03T00:00:00","22.59","-127.24",,,"1","4","2","5",,,"11",,,,,,,,,,,,"8",,,,,"9","232",,,,,,,,,,,,,"237","27","798","172","7","0",,"2","1FFFFF","1AAAAAAAA1AAAA","4",,,,,
"4602715","2021-09-03T01:00:00","28.67","-121.77",,,"1","4","2","5",,,"11",,,,,,,,,"10148",,,"8",,,,,"9","206",,,,,,,,,,,,,"237","81","798","172","7","0",,"2","1FFF1F","1AAAA1AAA1AAAA","4",,,,,
"4602718","2021-09-03T01:00:00","29.03","-123.55",,,"1","4","2","5",,,"11",,,,,,,,,"10154",,,"8",,,,,"9","199",,,,,,,,,,,,,"237","93","798","172","7","0",,"2","1FFF1F","1AAAA1AAA1AAAA","4",,,,,
"5102629","2021-09-03T01:00:00","22.58","-127.23",,,"1","4","2","5",,,"11",,,,,,,,,,,,"8",,,,,"9","231",,,,,,,,,,,,,"237","27","798","172","7","0",,"2","1FFFFF","1AAAAAAAA1AAAA","4",,,,,
"4602715","2021-09-03T02:00:00","28.67","-121.78",,,"1","4","2","5",,,"11",,,,,,,,,"10150",,,"8",,,,,"9","206",,,,,,,,,,,,,"237","81","798","172","7","0",,"2","1FFF1F","1AAAA1AAA1AAAA","4",,,,,
"4602718","2021-09-03T02:00:00","29.03","-123.55",,,"1","4","2","5",,,"11",,,,,,,,,"10157",,,"8",,,,,"9","199",,,,,,,,,,,,,"237","93","798","172","7","0",,"2","1FFF1F","1AAAA1AAA1AAAA","4",,,,,
"5102629","2021-09-03T02:00:00","22.58","-127.23",,,"1","4","2","5",,,"11",,,,,,,,,,,,"8",,,,,"9","231",,,,,,,,,,,,,"237","27","798","172","7","0",,"2","1FFFFF","1AAAAAAAA1AAAA","4",,,,,
"4602710","2021-09-03T03:00:00","23.47","-121.30",,,"1","4","2","5",,,"11",,,,,,,,,,,,"8",,,,,"9","234",,,,,,,,,,,,,"237","31","798","172","7","0",,"1","1FFFFF","1AAAAAAAA1AAAA","4",,,,,
"4602715","2021-09-03T03:00:00","28.66","-121.78",,,"1","4","2","5",,,"11",,,,,,,,,"10154",,,"8",,,,,"9","206",,,,,,,,,,,,,"237","81","798","172","7","0",,"1","1FFF1F","1AAAA1AAA1AAAA","4",,,,,
"4602718","2021-09-03T03:00:00","29.02","-123.54",,,"1","4","2","5",,,"11",,,,,,,,,"10161",,,"8",,,,,"9","198",,,,,,,,,,,,,"237","93","798","172","7","0",,"1","1FFF1F","1AAAA1AAA1AAAA","4",,,,,
"5102629","2021-09-03T03:00:00","22.58","-127.23",,,"1","4","2","5",,,"11",,,,,,,,,,,,"8",,,,,"9","230",,,,,,,,,,,,,"237","27","798","172","7","0",,"1","1FFFFF","1AAAAAAAA1AAAA","4",,,,,
"4602715","2021-09-03T04:00:00","28.66","-121.78",,,"1","4","2","5",,,"11",,,,,,,,,"10156",,,"8",,,,,"9","206",,,,,,,,,,,,,"237","81","798","172","7","0",,"1","1FFF1F","1AAAA1AAA1AAAA","4",,,,,
"4602718","2021-09-03T04:00:00","29.02","-123.54",,,"1","4","2","5",,,"11",,,,,,,,,"10164",,,"8",,,,,"9","198",,,,,,,,,,,,,"237","93","798","172","7","0",,"1","1FFF1F","1AAAA1AAA1AAAA","4",,,,,
"5102629","2021-09-03T04:00:00","22.56","-127.23",,,"1","4","2","5",,,"11",,,,,,,,,,,,"8",,,,,"9","230",,,,,,,,,,,,,"237","27","798","172","7","0",,"1","1FFFFF","1AAAAAAAA1AAAA","4",,,,,
"4602715","2021-09-03T05:00:00","28.66","-121.78",,,"1","4","2","5",,,"11",,,,,,,,,"10162",,,"8",,,,,"9","206",,,,,,,,,,,,,"237","81","798","172","7","0",,"1","1FFF1F","1AAAA1AAA1AAAA","4",,,,,
"4602718","2021-09-03T05:00:00","29.02","-123.53",,,"1","4","2","5",,,"11",,,,,,,,,"10167",,,"8",,,,,"9","198",,,,,,,,,,,,,"237","93","798","172","7","0",,"1","1FFF1F","1AAAA1AAA1AAAA","4",,,,,
"5102629","2021-09-03T05:00:00","22.56","-127.23",,,"1","4","2","5",,,"11",,,,,,,,,,,,"8",,,,,"9","229",,,,,,,,,,,,,"237","27","798","172","7","0",,"1","1FFFFF","1AAAAAAAA1AAAA","4",,,,,
"4602710","2021-09-03T06:00:00","23.45","-121.29",,,"1","4","2","5",,,"11",,,,,,,,,,,,"8",,,,,"9","234",,,,,,,,,,,,,"237","31","798","172","7","0",,"1","1FFFFF","1AAAAAAAA1AAAA","4",,,,,
"4602715","2021-09-03T06:00:00","28.66","-121.78",,,"1","4","2","5",,,"11",,,,,,,,,"10162",,,"8",,,,,"9","205",,,,,,,,,,,,,"237","81","798","172","7","0",,"1","1FFF1F","1AAAA1AAA1AAAA","4",,,,,
"4602718","2021-09-03T06:00:00","29.01","-123.53",,,"1","4","2","5",,,"11",,,,,,,,,"10168",,,"8",,,,,"9","198",,,,,,,,,,,,,"237","93","798","172","7","0",,"1","1FFF1F","1AAAA1AAA1AAAA","4",,,,,
"5102629","2021-09-03T06:00:00","22.55","-127.23",,,"1","4","2","5",,,"11",,,,,,,,,,,,"8",,,,,"9","229",,,,,,,,,,,,,"237","27","798","172","7","0",,"1","1FFFFF","1AAAAAAAA1AAAA","4",,,,,
"4602715","2021-09-03T07:00:00","28.65","-121.78",,,"1","4","2","5",,,"11",,,,,,,,,"10161",,,"8",,,,,"9","205",,,,,,,,,,,,,"237","81","798","172","7","0",,"1","1FFF1F","1AAAA1AAA1AAAA","4",,,,,
"4602718","2021-09-03T07:00:00","29.01","-123.53",,,"1","4","2","5",,,"11",,,,,,,,,"10169",,,"8",,,,,"9","198",,,,,,,,,,,,,"237","93","798","172","7","0",,"1","1FFF1F","1AAAA1AAA1AAAA","4",,,,,
"5102629","2021-09-03T07:00:00","22.55","-127.23",,,"1","4","2","5",,,"11",,,,,,,,,,,,"8",,,,,"9","229",,,,,,,,,,,,,"237","27","798","172","7","0",,"1","1FFFFF","1AAAAAAAA1AAAA","4",,,,,
"4602715","2021-09-03T08:00:00","28.65","-121.79",,,"1","4","2","5",,,"11",,,,,,,,,"10163",,,"8",,,,,"9","205",,,,,,,,,,,,,"237","81","798","172","7","0",,"1","1FFF1F","1AAAA1AAA1AAAA","4",,,,,
"4602718","2021-09-03T08:00:00","29.00","-123.53",,,"1","4","2","5",,,"11",,,,,,,,,"10168",,,"8",,,,,"9","198",,,,,,,,,,,,,"237","93","798","172","7","0",,"1","1FFF1F","1AAAA1AAA1AAAA","4",,,,,
"5102629","2021-09-03T08:00:00","22.55","-127.23",,,"1","4","2","5",,,"11",,,,,,,,,,,,"8",,,,,"9","229",,,,,,,,,,,,,"237","27","798","172","7","0",,"1","1FFFFF","1AAAAAAAA1AAAA","4",,,,,
"4602710","2021-09-03T09:00:00","23.44","-121.28",,,"1","4","2","5",,,"11",,,,,,,,,,,,"8",,,,,"9","234",,,,,,,,,,,,,"237","31","798","172","7","0",,"1","1FFFFF","1AAAAAAAA1AAAA","4",,,,,
"4602715","2021-09-03T09:00:00","28.64","-121.79",,,"1","4","2","5",,,"11",,,,,,,,,"10161",,,"8",,,,,"9","205",,,,,,,,,,,,,"237","81","798","172","7","0",,"1","1FFF1F","1AAAA1AAA1AAAA","4",,,,,
"4602718","2021-09-03T09:00:00","29.00","-123.53",,,"1","4","2","5",,,"11",,,,,,,,,"10166",,,"8",,,,,"9","198",,,,,,,,,,,,,"237","93","798","172","7","0",,"1","1FFF1F","1AAAA1AAA1AAAA","4",,,,,
"5102629","2021-09-03T09:00:00","22.55","-127.23",,,"1","4","2","5",,,"11",,,,,,,,,,,,"8",,,,,"9","229",,,,,,,,,,,,,"237","27","798","172","7","0",,"1","1FFFFF","1AAAAAAAA1AAAA","4",,,,,
"4602715","2021-09-03T10:00:00","28.64","-121.79",,,"1","4","2","5",,,"11",,,,,,,,,"10159",,,"8",,,,,"9","205",,,,,,,,,,,,,"237","81","798","172","7","0",,"1","1FFF1F","1AAAA1AAA1AAAA","4",,,,,
"4602718","2021-09-03T10:00:00","28.99","-123.53",,,"1","4","2","5",,,"11",,,,,,,,,"10166",,,"8",,,,,"9","198",,,,,,,,,,,,,"237","83","798","172","7","0",,"1","1FFF1F","1AAAA1AAA1AAAA","4",,,,,
"5102629","2021-09-03T10:00:00","22.55","-127.23",,,"1","4","2","5",,,"11",,,,,,,,,,,,"8",,,,,"9","229",,,,,,,,,,,,,"237","27","798","172","7","0",,"1","1FFFFF","1AAAAAAAA1AAAA","4",,,,,
"4602715","2021-09-03T11:00:00","28.63","-121.80",,,"1","4","2","5",,,"11",,,,,,,,,"10159",,,"8",,,,,"9","205",,,,,,,,,,,,,"237","81","798","172","7","0",,"1","1FFF1F","1AAAA1AAA1AAAA","4",,,,,
"4602718","2021-09-03T11:00:00","28.99","-123.53",,,"1","4","2","5",,,"11",,,,,,,,,"10166",,,"8",,,,,"9","198",,,,,,,,,,,,,"237","83","798","172","7","0",,"1","1FFF1F","1AAAA1AAA1AAAA","4",,,,,
"5102629","2021-09-03T11:00:00","22.53","-127.25",,,"1","4","2","5",,,"11",,,,,,,,,,,,"8",,,,,"9","229",,,,,,,,,,,,,"237","27","798","172","7","0",,"1","1FFFFF","1AAAAAAAA1AAAA","4",,,,,
"4602710","2021-09-03T12:00:00","23.42","-121.27",,,"1","4","2","5",,,"11",,,,,,,,,,,,"8",,,,,"9","235",,,,,,,,,,,,,"237","31","798","172","7","0",,"1","1FFFFF","1AAAAAAAA1AAAA","4",,,,,
"4602715","2021-09-03T12:00:00","28.63","-121.80",,,"1","4","2","5",,,"11",,,,,,,,,"10159",,,"8",,,,,"9","205",,,,,,,,,,,,,"237","81","798","172","7","0",,"1","1FFF1F","1AAAA1AAA1AAAA","4",,,,,
"4602718","2021-09-03T12:00:00","28.99","-123.53",,,"1","4","2","5",,,"11",,,,,,,,,"10164",,,"8",,,,,"9","198",,,,,,,,,,,,,"237","83","798","172","7","0",,"1","1FFF1F","1AAAA1AAA1AAAA","4",,,,,
"5102629","2021-09-03T12:00:00","22.53","-127.25",,,"1","4","2","5",,,"11",,,,,,,,,,,,"8",,,,,"9","229",,,,,,,,,,,,,"237","27","798","172","7","0",,"1","1FFFFF","1AAAAAAAA1AAAA","4",,,,,
"4602715","2021-09-03T13:00:00","28.63","-121.80",,,"1","4","2","5",,,"11",,,,,,,,,"10160",,,"8",,,,,"9","205",,,,,,,,,,,,,"237","81","798","172","7","0",,"1","1FFF1F","1AAAA1AAA1AAAA","4",,,,,
"4602718","2021-09-03T13:00:00","28.99","-123.53",,,"1","4","2","5",,,"11",,,,,,,,,"10167",,,"8",,,,,"9","198",,,,,,,,,,,,,"237","83","798","172","7","0",,"1","1FFF1F","1AAAA1AAA1AAAA","4",,,,,
"5102629","2021-09-03T13:00:00","22.53","-127.26",,,"1","4","2","5",,,"11",,,,,,,,,,,,"8",,,,,"9","229",,,,,,,,,,,,,"237","27","798","172","7","0",,"1","1FFFFF","1AAAAAAAA1AAAA","4",,,,,
"4602715","2021-09-03T14:00:00","28.63","-121.80",,,"1","4","2","5",,,"11",,,,,,,,,"10161",,,"8",,,,,"9","205",,,,,,,,,,,,,"237","81","798","172","7","0",,"1","1FFF1F","1AAAA1AAA1AAAA","4",,,,,
"4602718","2021-09-03T14:00:00","28.98","-123.53",,,"1","4","2","5",,,"11",,,,,,,,,"10168",,,"8",,,,,"9","198",,,,,,,,,,,,,"237","83","798","172","7","0",,"1","1FFF1F","1AAAA1AAA1AAAA","4",,,,,
"5102629","2021-09-03T14:00:00","22.53","-127.26",,,"1","4","2","5",,,"11",,,,,,,,,,,,"8",,,,,"9","229",,,,,,,,,,,,,"237","27","798","172","7","0",,"1","1FFFFF","1AAAAAAAA1AAAA","4",,,,,
"4602710","2021-09-03T15:00:00","23.40","-121.26",,,"1","4","2","5",,,"11",,,,,,,,,,,,"8",,,,,"9","235",,,,,,,,,,,,,"237","31","798","172","7","0",,"2","1FFFFF","1AAAAAAAA1AAAA","4",,,,,
"4602715","2021-09-03T15:00:00","28.63","-121.81",,,"1","4","2","5",,,"11",,,,,,,,,"10164",,,"8",,,,,"9","205",,,,,,,,,,,,,"237","81","798","172","7","0",,"2","1FFF1F","1AAAA1AAA1AAAA","4",,,,,
"4602718","2021-09-03T15:00:00","28.98","-123.52",,,"1","4","2","5",,,"11",,,,,,,,,"10172",,,"8",,,,,"9","198",,,,,,,,,,,,,"237","83","798","172","7","0",,"2","1FFF1F","1AAAA1AAA1AAAA","4",,,,,
"5102629","2021-09-03T15:00:00","22.53","-127.26",,,"1","4","2","5",,,"11",,,,,,,,,,,,"8",,,,,"9","229",,,,,,,,,,,,,"237","27","798","172","7","0",,"2","1FFFFF","1AAAAAAAA1AAAA","4",,,,,
"4602715","2021-09-03T16:00:00","28.62","-121.81",,,"1","4","2","5",,,"11",,,,,,,,,"10166",,,"8",,,,,"9","205",,,,,,,,,,,,,"237","81","798","172","7","0",,"2","1FFF1F","1AAAA1AAA1AAAA","4",,,,,
"4602718","2021-09-03T16:00:00","28.98","-123.52",,,"1","4","2","5",,,"11",,,,,,,,,"10173",,,"8",,,,,"9","198",,,,,,,,,,,,,"237","83","798","172","7","0",,"2","1FFF1F","1AAAA1AAA1AAAA","4",,,,,
"5102629","2021-09-03T16:00:00","22.53","-127.26",,,"1","4","2","5",,,"11",,,,,,,,,,,,"8",,,,,"9","229",,,,,,,,,,,,,"237","27","798","172","7","0",,"2","1FFFFF","1AAAAAAAA1AAAA","4",,,,,
"4602715","2021-09-03T17:00:00","28.63","-121.81",,,"1","4","2","5",,,"11",,,,,,,,,"10171",,,"8",,,,,"9","205",,,,,,,,,,,,,"237","81","798","172","7","0",,"2","1FFF1F","1AAAA1AAA1AAAA","4",,,,,
"4602718","2021-09-03T17:00:00","28.98","-123.52",,,"1","4","2","5",,,"11",,,,,,,,,"10176",,,"8",,,,,"9","198",,,,,,,,,,,,,"237","83","798","172","7","0",,"2","1FFF1F","1AAAA1AAA1AAAA","4",,,,,
"5102629","2021-09-03T17:00:00","22.53","-127.26",,,"1","4","2","5",,,"11",,,,,,,,,,,,"8",,,,,"9","229",,,,,,,,,,,,,"237","27","798","172","7","0",,"2","1FFFFF","1AAAAAAAA1AAAA","4",,,,,
"4602710","2021-09-03T18:00:00","23.38","-121.27",,,"1","4","2","5",,,"11",,,,,,,,,,,,"8",,,,,"9","235",,,,,,,,,,,,,"237","31","798","172","7","0",,"2","1FFFFF","1AAAAAAAA1AAAA","4",,,,,
"4602715","2021-09-03T18:00:00","28.63","-121.81",,,"1","4","2","5",,,"11",,,,,,,,,"10171",,,"8",,,,,"9","205",,,,,,,,,,,,,"237","81","798","172","7","0",,"2","1FFF1F","1AAAA1AAA1AAAA","4",,,,,
"4602718","2021-09-03T18:00:00","28.99","-123.51",,,"1","4","2","5",,,"11",,,,,,,,,"10175",,,"8",,,,,"9","198",,,,,,,,,,,,,"237","83","798","172","7","0",,"2","1FFF1F","1AAAA1AAA1AAAA","4",,,,,
"5102629","2021-09-03T18:00:00","22.53","-127.27",,,"1","4","2","5",,,"11",,,,,,,,,,,,"8",,,,,"9","229",,,,,,,,,,,,,"237","27","798","172","7","0",,"2","1FFFFF","1AAAAAAAA1AAAA","4",,,,,
"4602715","2021-09-03T19:00:00","28.62","-121.81",,,"1","4","2","5",,,"11",,,,,,,,,"10168",,,"8",,,,,"9","205",,,,,,,,,,,,,"237","81","798","172","7","0",,"2","1FFF1F","1AAAA1AAA1AAAA","4",,,,,
"4602718","2021-09-03T19:00:00","28.99","-123.51",,,"1","4","2","5",,,"11",,,,,,,,,"10176",,,"8",,,,,"9","198",,,,,,,,,,,,,"237","83","798","172","7","0",,"2","1FFF1F","1AAAA1AAA1AAAA","4",,,,,
"5102629","2021-09-03T19:00:00","22.54","-127.27",,,"1","4","2","5",,,"11",,,,,,,,,,,,"8",,,,,"9","230",,,,,,,,,,,,,"237","27","798","172","7","0",,"2","1FFFFF","1AAAAAAAA1AAAA","4",,,,,
"4602715","2021-09-03T20:00:00","28.62","-121.81",,,"1","4","2","5",,,"11",,,,,,,,,"10165",,,"8",,,,,"9","206",,,,,,,,,,,,,"237","81","798","172","7","0",,"2","1FFF1F","1AAAA1AAA1AAAA","4",,,,,
"4602718","2021-09-03T20:00:00","28.99","-123.51",,,"1","4","2","5",,,"11",,,,,,,,,"10172",,,"8",,,,,"9","199",,,,,,,,,,,,,"237","83","798","172","7","0",,"2","1FFF1F","1AAAA1AAA1AAAA","4",,,,,
"5102629","2021-09-03T20:00:00","22.54","-127.27",,,"1","4","2","5",,,"11",,,,,,,,,,,,"8",,,,,"9","230",,,,,,,,,,,,,"237","27","798","172","7","0",,"2","1FFFFF","1AAAAAAAA1AAAA","4",,,,,
"4602710","2021-09-03T21:00:00","23.36","-121.27",,,"1","4","2","5",,,"11",,,,,,,,,,,,"8",,,,,"9","237",,,,,,,,,,,,,"237","31","798","172","7","0",,"2","1FFFFF","1AAAAAAAA1AAAA","4",,,,,
"4602715","2021-09-03T21:00:00","28.61","-121.82",,,"1","4","2","5",,,"11",,,,,,,,,"10159",,,"8",,,,,"9","206",,,,,,,,,,,,,"237","81","798","172","7","0",,"2","1FFF1F","1AAAA1AAA1AAAA","4",,,,,
"5102629","2021-09-03T21:00:00","22.54","-127.27",,,"1","4","2","5",,,"11",,,,,,,,,,,,"8",,,,,"9","230",,,,,,,,,,,,,"237","27","798","172","7","0",,"2","1FFFFF","1AAAAAAAA1AAAA","4",,,,,
"4602718","2021-09-03T21:01:00","28.98","-123.50",,,"1","4","2","5",,,"11",,,,,,,,,"10166",,,"8",,,,,"9","200",,,,,,,,,,,,,"237","83","798","172","7","0",,"2","1FFF1F","1AAAA1AAA1AAAA","4",,,,,
"4602715","2021-09-03T22:00:00","28.61","-121.82",,,"1","4","2","5",,,"11",,,,,,,,,"10155",,,"8",,,,,"9","206",,,,,,,,,,,,,"237","81","798","172","7","0",,"2","1FFF1F","1AAAA1AAA1AAAA","4",,,,,
"4602718","2021-09-03T22:00:00","28.98","-123.50",,,"1","4","2","5",,,"11",,,,,,,,,"10161",,,"8",,,,,"9","200",,,,,,,,,,,,,"237","83","798","172","7","0",,"2","1FFF1F","1AAAA1AAA1AAAA","4",,,,,
"5102629","2021-09-03T22:00:00","22.55","-127.26",,,"1","4","2","5",,,"11",,,,,,,,,,,,"8",,,,,"9","231",,,,,,,,,,,,,"237","27","798","172","7","0",,"2","1FFFFF","1AAAAAAAA1AAAA","4",,,,,
"4602715","2021-09-03T23:00:00","28.61","-121.82",,,"1","4","2","5",,,"11",,,,,,,,,"10150",,,"8",,,,,"9","206",,,,,,,,,,,,,"237","81","798","172","7","0",,"2","1FFF1F","1AAAA1AAA1AAAA","4",,,,,
"4602718","2021-09-03T23:00:00","28.98","-123.49",,,"1","4","2","5",,,"11",,,,,,,,,"10157",,,"8",,,,,"9","200",,,,,,,,,,,,,"237","83","798","172","7","0",,"2","1FFF1F","1AAAA1AAA1AAAA","4",,,,,
"5102629","2021-09-03T23:00:00","22.55","-127.26",,,"1","4","2","5",,,"11",,,,,,,,,,,,"8",,,,,"9","231",,,,,,,,,,,,,"237","27","798","172","7","0",,"2","1FFFFF","1AAAAAAAA1AAAA","4",,,,,
"4602710","2021-09-04T00:00:00","23.34","-121.28",,,"1","4","2","5",,,"11",,,,,,,,,,,,"8",,,,,"9","237",,,,,,,,,,,,,"237","31","798","172","7","0",,"2","1FFFFF","1AAAAAAAA1AAAA","4",,,,,
"4602715","2021-09-04T00:00:00","28.60","-121.83",,,"1","4","2","5",,,"11",,,,,,,,,"10146",,,"8",,,,,"9","206",,,,,,,,,,,,,"237","81","798","172","7","0",,"2","1FFF1F","1AAAA1AAA1AAAA","4",,,,,
"4602718","2021-09-04T00:00:00","28.98","-123.49",,,"1","4","2","5",,,"11",,,,,,,,,"10154",,,"8",,,,,"9","199",,,,,,,,,,,,,"237","83","798","172","7","0",,"2","1FFF1F","1AAAA1AAA1AAAA","4",,,,,
"5102629","2021-09-04T00:00:00","22.55","-127.26",,,"1","4","2","5",,,"11",,,,,,,,,,,,"8",,,,,"9","231",,,,,,,,,,,,,"237","27","798","172","7","0",,"2","1FFFFF","1AAAAAAAA1AAAA","4",,,,,
"DFDG2","2021-09-04T00:00:00","29.70","-121.50",,,"1","6","2","5","7","4","1",,"340",,"51","1","98","2","2","10128","8","11","8","196",,,"135","1","203","7","7","5","3","A","A","34","3","1","34","11","4","237","91","798","172","5","0",,"2","111111","1111111A111111",,"5",,"2",,
"4602718","2021-09-04T01:00:00","28.98","-123.48",,,"1","4","2","5",,,"11",,,,,,,,,"10155",,,"8",,,,,"9","199",,,,,,,,,,,,,"237","83","798","172","7","0",,"2","1FFF1F","1AAAA1AAA1AAAA","4",,,,,
"5102629","2021-09-04T01:00:00","22.56","-127.26",,,"1","4","2","5",,,"11",,,,,,,,,,,,"8",,,,,"9","231",,,,,,,,,,,,,"237","27","798","172","7","0",,"2","1FFFFF","1AAAAAAAA1AAAA","4",,,,,
"4602715","2021-09-04T01:01:00","28.60","-121.83",,,"1","4","2","5",,,"11",,,,,,,,,"10148",,,"8",,,,,"9","206",,,,,,,,,,,,,"237","81","798","172","7","0",,"2","1FFF1F","1AAAA1AAA1AAAA","4",,,,,
"4602715","2021-09-04T02:00:00","28.60","-121.83",,,"1","4","2","5",,,"11",,,,,,,,,"10148",,,"8",,,,,"9","205",,,,,,,,,,,,,"237","81","798","172","7","0",,"2","1FFF1F","1AAAA1AAA1AAAA","4",,,,,
"4602718","2021-09-04T02:00:00","28.98","-123.48",,,"1","4","2","5",,,"11",,,,,,,,,"10153",,,"8",,,,,"9","199",,,,,,,,,,,,,"237","83","798","172","7","0",,"2","1FFF1F","1AAAA1AAA1AAAA","4",,,,,
"5102629","2021-09-04T02:00:00","22.55","-127.25",,,"1","4","2","5",,,"11",,,,,,,,,,,,"8",,,,,"9","230",,,,,,,,,,,,,"237","27","798","172","7","0",,"2","1FFFFF","1AAAAAAAA1AAAA","4",,,,,
"4602710","2021-09-04T03:00:00","23.33","-121.29",,,"1","4","2","5",,,"11",,,,,,,,,,,,"8",,,,,"9","237",,,,,,,,,,,,,"237","31","798","172","7","0",,"1","1FFFFF","1AAAAAAAA1AAAA","4",,,,,
"4602718","2021-09-04T03:00:00","28.97","-123.47",,,"1","4","2","5",,,"11",,,,,,,,,"10157",,,"8",,,,,"9","198",,,,,,,,,,,,,"237","83","798","172","7","0",,"1","1FFF1F","1AAAA1AAA1AAAA","4",,,,,
"5102629","2021-09-04T03:00:00","22.55","-127.24",,,"1","4","2","5",,,"11",,,,,,,,,,,,"8",,,,,"9","230",,,,,,,,,,,,,"237","27","798","172","7","0",,"1","1FFFFF","1AAAAAAAA1AAAA","4",,,,,
"4602715","2021-09-04T03:03:00","28.60","-121.83",,,"1","4","2","5",,,"11",,,,,,,,,"10152",,,"8",,,,,"9","205",,,,,,,,,,,,,"237","81","798","172","7","0",,"1","1FFF1F","1AAAA1AAA1AAAA","4",,,,,
"4602715","2021-09-04T04:00:00","28.60","-121.83",,,"1","4","2","5",,,"11",,,,,,,,,"10157",,,"8",,,,,"9","205",,,,,,,,,,,,,"237","81","798","172","7","0",,"1","1FFF1F","1AAAA1AAA1AAAA","4",,,,,
"4602718","2021-09-04T04:00:00","28.97","-123.47",,,"1","4","2","5",,,"11",,,,,,,,,"10163",,,"8",,,,,"9","198",,,,,,,,,,,,,"237","83","798","172","7","0",,"1","1FFF1F","1AAAA1AAA1AAAA","4",,,,,
"5102629","2021-09-04T04:00:00","22.55","-127.24",,,"1","4","2","5",,,"11",,,,,,,,,,,,"8",,,,,"9","230",,,,,,,,,,,,,"237","27","798","172","7","0",,"1","1FFFFF","1AAAAAAAA1AAAA","4",,,,,
"4602715","2021-09-04T05:00:00","28.59","-121.83",,,"1","4","2","5",,,"11",,,,,,,,,"10159",,,"8",,,,,"9","205",,,,,,,,,,,,,"237","81","798","172","7","0",,"1","1FFF1F","1AAAA1AAA1AAAA","4",,,,,
"4602718","2021-09-04T05:00:00","28.96","-123.47",,,"1","4","2","5",,,"11",,,,,,,,,"10166",,,"8",,,,,"9","198",,,,,,,,,,,,,"237","83","798","172","7","0",,"1","1FFF1F","1AAAA1AAA1AAAA","4",,,,,
"5102629","2021-09-04T05:00:00","22.55","-127.23",,,"1","4","2","5",,,"11",,,,,,,,,,,,"8",,,,,"9","229",,,,,,,,,,,,,"237","27","798","172","7","0",,"1","1FFFFF","1AAAAAAAA1AAAA","4",,,,,
"4602710","2021-09-04T06:00:00","23.32","-121.28",,,"1","4","2","5",,,"11",,,,,,,,,,,,"8",,,,,"9","236",,,,,,,,,,,,,"237","31","798","172","7","0",,"1","1FFFFF","1AAAAAAAA1AAAA","4",,,,,
"4602715","2021-09-04T06:00:00","28.59","-121.83",,,"1","4","2","5",,,"11",,,,,,,,,"10162",,,"8",,,,,"9","205",,,,,,,,,,,,,"237","81","798","172","7","0",,"1","1FFF1F","1AAAA1AAA1AAAA","4",,,,,
"4602718","2021-09-04T06:00:00","28.96","-123.47",,,"1","4","2","5",,,"11",,,,,,,,,"10167",,,"8",,,,,"9","198",,,,,,,,,,,,,"237","83","798","172","7","0",,"1","1FFF1F","1AAAA1AAA1AAAA","4",,,,,
"5102629","2021-09-04T06:00:00","22.55","-127.22",,,"1","4","2","5",,,"11",,,,,,,,,,,,"8",,,,,"9","229",,,,,,,,,,,,,"237","27","798","172","7","0",,"1","1FFFFF","1AAAAAAAA1AAAA","4",,,,,
"4602715","2021-09-04T07:00:00","28.58","-121.83",,,"1","4","2","5",,,"11",,,,,,,,,"10162",,,"8",,,,,"9","205",,,,,,,,,,,,,"237","81","798","172","7","0",,"1","1FFF1F","1AAAA1AAA1AAAA","4",,,,,
"4602718","2021-09-04T07:00:00","28.95","-123.47",,,"1","4","2","5",,,"11",,,,,,,,,"10167",,,"8",,,,,"9","198",,,,,,,,,,,,,"237","83","798","172","7","0",,"1","1FFF1F","1AAAA1AAA1AAAA","4",,,,,
"5102629","2021-09-04T07:00:00","22.54","-127.22",,,"1","4","2","5",,,"11",,,,,,,,,,,,"8",,,,,"9","229",,,,,,,,,,,,,"237","27","798","172","7","0",,"1","1FFFFF","1AAAAAAAA1AAAA","4",,,,,
"4602715","2021-09-04T08:00:00","28.57","-121.84",,,"1","4","2","5",,,"11",,,,,,,,,"10160",,,"8",,,,,"9","204",,,,,,,,,,,,,"237","81","798","172","7","0",,"1","1FFF1F","1AAAA1AAA1AAAA","4",,,,,
"4602718","2021-09-04T08:00:00","28.95","-123.47",,,"1","4","2","5",,,"11",,,,,,,,,"10165",,,"8",,,,,"9","198",,,,,,,,,,,,,"237","83","798","172","7","0",,"1","1FFF1F","1AAAA1AAA1AAAA","4",,,,,
"5102629","2021-09-04T08:00:00","22.54","-127.22",,,"1","4","2","5",,,"11",,,,,,,,,,,,"8",,,,,"9","229",,,,,,,,,,,,,"237","27","798","172","7","0",,"1","1FFFFF","1AAAAAAAA1AAAA","4",,,,,
"4602710","2021-09-04T09:00:00","23.30","-121.27",,,"1","4","2","5",,,"11",,,,,,,,,,,,"8",,,,,"9","236",,,,,,,,,,,,,"237","31","798","172","7","0",,"1","1FFFFF","1AAAAAAAA1AAAA","4",,,,,
"4602718","2021-09-04T09:00:00","28.94","-123.47",,,"1","4","2","5",,,"11",,,,,,,,,"10163",,,"8",,,,,"9","198",,,,,,,,,,,,,"237","83","798","172","7","0",,"1","1FFF1F","1AAAA1AAA1AAAA","4",,,,,
"5102629","2021-09-04T09:00:00","22.53","-127.21",,,"1","4","2","5",,,"11",,,,,,,,,,,,"8",,,,,"9","229",,,,,,,,,,,,,"237","27","798","172","7","0",,"1","1FFFFF","1AAAAAAAA1AAAA","4",,,,,
"4602715","2021-09-04T09:01:00","28.57","-121.85",,,"1","4","2","5",,,"11",,,,,,,,,"10156",,,"8",,,,,"9","205",,,,,,,,,,,,,"237","81","798","172","7","0",,"1","1FFF1F","1AAAA1AAA1AAAA","4",,,,,
"4602715","2021-09-04T10:00:00","28.56","-121.85",,,"1","4","2","5",,,"11",,,,,,,,,"10154",,,"8",,,,,"9","205",,,,,,,,,,,,,"237","81","798","172","7","0",,"1","1FFF1F","1AAAA1AAA1AAAA","4",,,,,
"4602718","2021-09-04T10:00:00","28.94","-123.47",,,"1","4","2","5",,,"11",,,,,,,,,"10162",,,"8",,,,,"9","198",,,,,,,,,,,,,"237","83","798","172","7","0",,"1","1FFF1F","1AAAA1AAA1AAAA","4",,,,,
"5102629","2021-09-04T10:00:00","22.52","-127.21",,,"1","4","2","5",,,"11",,,,,,,,,,,,"8",,,,,"9","229",,,,,,,,,,,,,"237","27","798","172","7","0",,"1","1FFFFF","1AAAAAAAA1AAAA","4",,,,,
"4602715","2021-09-04T11:00:00","28.56","-121.86",,,"1","4","2","5",,,"11",,,,,,,,,"10154",,,"8",,,,,"9","204",,,,,,,,,,,,,"237","81","798","172","7","0",,"1","1FFF1F","1AAAA1AAA1AAAA","4",,,,,
"4602718","2021-09-04T11:00:00","28.93","-123.47",,,"1","4","2","5",,,"11",,,,,,,,,"10160",,,"8",,,,,"9","198",,,,,,,,,,,,,"237","83","798","172","7","0",,"1","1FFF1F","1AAAA1AAA1AAAA","4",,,,,
"5102629","2021-09-04T11:00:00","22.51","-127.22",,,"1","4","2","5",,,"11",,,,,,,,,,,,"8",,,,,"9","229",,,,,,,,,,,,,"237","27","798","172","7","0",,"1","1FFFFF","1AAAAAAAA1AAAA","4",,,,,
"4602710","2021-09-04T12:00:00","23.29","-121.26",,,"1","4","2","5",,,"11",,,,,,,,,,,,"8",,,,,"9","236",,,,,,,,,,,,,"237","31","798","172","7","0",,"1","1FFFFF","1AAAAAAAA1AAAA","4",,,,,
"4602715","2021-09-04T12:00:00","28.56","-121.87",,,"1","4","2","5",,,"11",,,,,,,,,"10155",,,"8",,,,,"9","205",,,,,,,,,,,,,"237","81","798","172","7","0",,"1","1FFF1F","1AAAA1AAA1AAAA","4",,,,,
"4602718","2021-09-04T12:00:00","28.93","-123.47",,,"1","4","2","5",,,"11",,,,,,,,,"10161",,,"8",,,,,"9","198",,,,,,,,,,,,,"237","83","798","172","7","0",,"1","1FFF1F","1AAAA1AAA1AAAA","4",,,,,
"5102629","2021-09-04T12:00:00","22.51","-127.22",,,"1","4","2","5",,,"11",,,,,,,,,,,,"8",,,,,"9","229",,,,,,,,,,,,,"237","27","798","172","7","0",,"1","1FFFFF","1AAAAAAAA1AAAA","4",,,,,
"4602718","2021-09-04T13:00:00","28.93","-123.47",,,"1","4","2","5",,,"11",,,,,,,,,"10161",,,"8",,,,,"9","198",,,,,,,,,,,,,"237","83","798","172","7","0",,"1","1FFF1F","1AAAA1AAA1AAAA","4",,,,,
"5102629","2021-09-04T13:00:00","22.50","-127.22",,,"1","4","2","5",,,"11",,,,,,,,,,,,"8",,,,,"9","229",,,,,,,,,,,,,"237","27","798","172","7","0",,"1","1FFFFF","1AAAAAAAA1AAAA","4",,,,,
"4602715","2021-09-04T13:02:00","28.57","-121.87",,,"1","4","2","5",,,"11",,,,,,,,,"10158",,,"8",,,,,"9","204",,,,,,,,,,,,,"237","81","798","172","7","0",,"1","1FFF1F","1AAAA1AAA1AAAA","4",,,,,
"4602715","2021-09-04T14:00:00","28.57","-121.87",,,"1","4","2","5",,,"11",,,,,,,,,"10158",,,"8",,,,,"9","204",,,,,,,,,,,,,"237","81","798","172","7","0",,"1","1FFF1F","1AAAA1AAA1AAAA","4",,,,,
"4602718","2021-09-04T14:00:00","28.93","-123.47",,,"1","4","2","5",,,"11",,,,,,,,,"10165",,,"8",,,,,"9","198",,,,,,,,,,,,,"237","83","798","172","7","0",,"1","1FFF1F","1AAAA1AAA1AAAA","4",,,,,
"5102629","2021-09-04T14:00:00","22.50","-127.22",,,"1","4","2","5",,,"11",,,,,,,,,,,,"8",,,,,"9","229",,,,,,,,,,,,,"237","27","798","172","7","0",,"1","1FFFFF","1AAAAAAAA1AAAA","4",,,,,
"4602710","2021-09-04T15:00:00","23.27","-121.25",,,"1","4","2","5",,,"11",,,,,,,,,,,,"8",,,,,"9","235",,,,,,,,,,,,,"237","31","798","172","7","0",,"2","1FFFFF","1AAAAAAAA1AAAA","4",,,,,
"4602715","2021-09-04T15:00:00","28.57","-121.87",,,"1","4","2","5",,,"11",,,,,,,,,"10160",,,"8",,,,,"9","204",,,,,,,,,,,,,"237","81","798","172","7","0",,"2","1FFF1F","1AAAA1AAA1AAAA","4",,,,,
"4602718","2021-09-04T15:00:00","28.93","-123.47",,,"1","4","2","5",,,"11",,,,,,,,,"10168",,,"8",,,,,"9","198",,,,,,,,,,,,,"237","83","798","172","7","0",,"2","1FFF1F","1AAAA1AAA1AAAA","4",,,,,
"5102629","2021-09-04T15:00:00","22.50","-127.22",,,"1","4","2","5",,,"11",,,,,,,,,,,,"8",,,,,"9","229",,,,,,,,,,,,,"237","27","798","172","7","0",,"2","1FFFFF","1AAAAAAAA1AAAA","4",,,,,
"4602715","2021-09-04T16:00:00","28.57","-121.87",,,"1","4","2","5",,,"11",,,,,,,,,"10162",,,"8",,,,,"9","204",,,,,,,,,,,,,"237","81","798","172","7","0",,"2","1FFF1F","1AAAA1AAA1AAAA","4",,,,,
"4602718","2021-09-04T16:00:00","28.93","-123.47",,,"1","4","2","5",,,"11",,,,,,,,,"10168",,,"8",,,,,"9","200",,,,,,,,,,,,,"237","83","798","172","7","0",,"2","1FFF1F","1AAAA1AAA1AAAA","4",,,,,
"5102629","2021-09-04T16:00:00","22.50","-127.22",,,"1","4","2","5",,,"11",,,,,,,,,,,,"8",,,,,"9","229",,,,,,,,,,,,,"237","27","798","172","7","0",,"2","1FFFFF","1AAAAAAAA1AAAA","4",,,,,
"4602718","2021-09-04T17:00:00","28.93","-123.47",,,"1","4","2","5",,,"11",,,,,,,,,"10171",,,"8",,,,,"9","200",,,,,,,,,,,,,"237","83","798","172","7","0",,"2","1FFF1F","1AAAA1AAA1AAAA","4",,,,,
"5102629","2021-09-04T17:00:00","22.49","-127.22",,,"1","4","2","5",,,"11",,,,,,,,,,,,"8",,,,,"9","229",,,,,,,,,,,,,"237","27","798","172","7","0",,"2","1FFFFF","1AAAAAAAA1AAAA","4",,,,,
"4602715","2021-09-04T17:03:00","28.57","-121.87",,,"1","4","2","5",,,"11",,,,,,,,,"10166",,,"8",,,,,"9","205",,,,,,,,,,,,,"237","81","798","172","7","0",,"2","1FFF1F","1AAAA1AAA1AAAA","4",,,,,
"4602710","2021-09-04T18:00:00","23.24","-121.24",,,"1","4","2","5",,,"11",,,,,,,,,,,,"8",,,,,"9","234",,,,,,,,,,,,,"237","31","798","172","7","0",,"2","1FFFFF","1AAAAAAAA1AAAA","4",,,,,
"4602715","2021-09-04T18:00:00","28.56","-121.87",,,"1","4","2","5",,,"11",,,,,,,,,"10167",,,"8",,,,,"9","205",,,,,,,,,,,,,"237","81","798","172","7","0",,"2","1FFF1F","1AAAA1AAA1AAAA","4",,,,,
"4602718","2021-09-04T18:00:00","28.93","-123.47",,,"1","4","2","5",,,"11",,,,,,,,,"10172",,,"8",,,,,"9","200",,,,,,,,,,,,,"237","83","798","172","7","0",,"2","1FFF1F","1AAAA1AAA1AAAA","4",,,,,
"5102629","2021-09-04T18:00:00","22.49","-127.22",,,"1","4","2","5",,,"11",,,,,,,,,,,,"8",,,,,"9","231",,,,,,,,,,,,,"237","27","798","172","7","0",,"2","1FFFFF","1AAAAAAAA1AAAA","4",,,,,
"4602715","2021-09-04T19:00:00","28.56","-121.87",,,"1","4","2","5",,,"11",,,,,,,,,"10166",,,"8",,,,,"9","205",,,,,,,,,,,,,"237","81","798","172","7","0",,"2","1FFF1F","1AAAA1AAA1AAAA","4",,,,,
"4602718","2021-09-04T19:00:00","28.93","-123.47",,,"1","4","2","5",,,"11",,,,,,,,,"10171",,,"8",,,,,"9","200",,,,,,,,,,,,,"237","83","798","172","7","0",,"2","1FFF1F","1AAAA1AAA1AAAA","4",,,,,
"5102629","2021-09-04T19:00:00","22.49","-127.23",,,"1","4","2","5",,,"11",,,,,,,,,,,,"8",,,,,"9","233",,,,,,,,,,,,,"237","27","798","172","7","0",,"2","1FFFFF","1AAAAAAAA1AAAA","4",,,,,
"4602715","2021-09-04T20:00:00","28.55","-121.87",,,"1","4","2","5",,,"11",,,,,,,,,"10165",,,"8",,,,,"9","206",,,,,,,,,,,,,"237","81","798","172","7","0",,"2","1FFF1F","1AAAA1AAA1AAAA","4",,,,,
"4602718","2021-09-04T20:00:00","28.93","-123.46",,,"1","4","2","5",,,"11",,,,,,,,,"10170",,,"8",,,,,"9","199",,,,,,,,,,,,,"237","83","798","172","7","0",,"2","1FFF1F","1AAAA1AAA1AAAA","4",,,,,
"5102629","2021-09-04T20:00:00","22.49","-127.23",,,"1","4","2","5",,,"11",,,,,,,,,,,,"8",,,,,"9","235",,,,,,,,,,,,,"237","27","798","172","7","0",,"2","1FFFFF","1AAAAAAAA1AAAA","4",,,,,
"4602710","2021-09-04T21:00:00","23.21","-121.23",,,"1","4","2","5",,,"11",,,,,,,,,,,,"8",,,,,"9","235",,,,,,,,,,,,,"237","31","798","172","7","0",,"2","1FFFFF","1AAAAAAAA1AAAA","4",,,,,
"4602715","2021-09-04T21:00:00","28.55","-121.87",,,"1","4","2","5",,,"11",,,,,,,,,"10158",,,"8",,,,,"9","206",,,,,,,,,,,,,"237","81","798","172","7","0",,"2","1FFF1F","1AAAA1AAA1AAAA","4",,,,,
"5102629","2021-09-04T21:00:00","22.50","-127.23",,,"1","4","2","5",,,"11",,,,,,,,,,,,"8",,,,,"9","236",,,,,,,,,,,,,"237","27","798","172","7","0",,"2","1FFFFF","1AAAAAAAA1AAAA","4",,,,,
"4602718","2021-09-04T21:02:00","28.93","-123.46",,,"1","4","2","5",,,"11",,,,,,,,,"10166",,,"8",,,,,"9","199",,,,,,,,,,,,,"237","83","798","172","7","0",,"2","1FFF1F","1AAAA1AAA1AAAA","4",,,,,
"4602715","2021-09-04T22:00:00","28.55","-121.88",,,"1","4","2","5",,,"11",,,,,,,,,"10154",,,"8",,,,,"9","206",,,,,,,,,,,,,"237","81","798","172","7","0",,"2","1FFF1F","1AAAA1AAA1AAAA","4",,,,,
"4602718","2021-09-04T22:00:00","28.93","-123.45",,,"1","4","2","5",,,"11",,,,,,,,,"10161",,,"8",,,,,"9","200",,,,,,,,,,,,,"237","83","798","172","7","0",,"2","1FFF1F","1AAAA1AAA1AAAA","4",,,,,
"5102629","2021-09-04T22:00:00","22.50","-127.23",,,"1","4","2","5",,,"11",,,,,,,,,,,,"8",,,,,"9","239",,,,,,,,,,,,,"237","27","798","172","7","0",,"2","1FFFFF","1AAAAAAAA1AAAA","4",,,,,
"4602715","2021-09-04T23:00:00","28.54","-121.88",,,"1","4","2","5",,,"11",,,,,,,,,"10150",,,"8",,,,,"9","206",,,,,,,,,,,,,"237","81","798","172","7","0",,"2","1FFF1F","1AAAA1AAA1AAAA","4",,,,,
"4602718","2021-09-04T23:00:00","28.92","-123.45",,,"1","4","2","5",,,"11",,,,,,,,,"10156",,,"8",,,,,"9","200",,,,,,,,,,,,,"237","83","798","172","7","0",,"2","1FFF1F","1AAAA1AAA1AAAA","4",,,,,
"5102629","2021-09-04T23:00:00","22.50","-127.23",,,"1","4","2","5",,,"11",,,,,,,,,,,,"8",,,,,"9","241",,,,,,,,,,,,,"237","27","798","172","7","0",,"2","1FFFFF","1AAAAAAAA1AAAA","4",,,,,
"4602710","2021-09-05T00:00:00","23.19","-121.24",,,"1","4","2","5",,,"11",,,,,,,,,,,,"8",,,,,"9","236",,,,,,,,,,,,,"237","31","798","172","7","0",,"2","1FFFFF","1AAAAAAAA1AAAA","4",,,,,
"4602715","2021-09-05T00:00:00","28.54","-121.88",,,"1","4","2","5",,,"11",,,,,,,,,"10147",,,"8",,,,,"9","206",,,,,,,,,,,,,"237","81","798","172","7","0",,"2","1FFF1F","1AAAA1AAA1AAAA","4",,,,,
"4602718","2021-09-05T00:00:00","28.92","-123.44",,,"1","4","2","5",,,"11",,,,,,,,,"10156",,,"8",,,,,"9","200",,,,,,,,,,,,,"237","83","798","172","7","0",,"2","1FFF1F","1AAAA1AAA1AAAA","4",,,,,
"5102629","2021-09-05T00:00:00","22.50","-127.23",,,"1","4","2","5",,,"11",,,,,,,,,,,,"8",,,,,"9","242",,,,,,,,,,,,,"237","27","798","172","7","0",,"2","1FFFFF","1AAAAAAAA1AAAA","4",,,,,
"4602715","2021-09-05T01:00:00","28.54","-121.88",,,"1","4","2","5",,,"11",,,,,,,,,"10146",,,"8",,,,,"9","206",,,,,,,,,,,,,"237","81","798","172","7","0",,"2","1FFF1F","1AAAA1AAA1AAAA","4",,,,,
"4602718","2021-09-05T01:00:00","28.92","-123.44",,,"1","4","2","5",,,"11",,,,,,,,,"10154",,,"8",,,,,"9","200",,,,,,,,,,,,,"237","83","798","172","7","0",,"2","1FFF1F","1AAAA1AAA1AAAA","4",,,,,
"5102629","2021-09-05T01:00:00","22.50","-127.23",,,"1","4","2","5",,,"11",,,,,,,,,,,,"8",,,,,"9","241",,,,,,,,,,,,,"237","27","798","172","7","0",,"2","1FFFFF","1AAAAAAAA1AAAA","4",,,,,
"4602715","2021-09-05T02:00:00","28.54","-121.88",,,"1","4","2","5",,,"11",,,,,,,,,"10147",,,"8",,,,,"9","206",,,,,,,,,,,,,"237","81","798","172","7","0",,"2","1FFF1F","1AAAA1AAA1AAAA","4",,,,,
"4602718","2021-09-05T02:00:00","28.92","-123.43",,,"1","4","2","5",,,"11",,,,,,,,,"10155",,,"8",,,,,"9","200",,,,,,,,,,,,,"237","83","798","172","7","0",,"2","1FFF1F","1AAAA1AAA1AAAA","4",,,,,
"5102629","2021-09-05T02:00:00","22.50","-127.23",,,"1","4","2","5",,,"11",,,,,,,,,,,,"8",,,,,"9","237",,,,,,,,,,,,,"237","27","798","172","7","0",,"2","1FFFFF","1AAAAAAAA1AAAA","4",,,,,
"4602710","2021-09-05T03:00:00","23.17","-121.24",,,"1","4","2","5",,,"11",,,,,,,,,,,,"8",,,,,"9","235",,,,,,,,,,,,,"237","31","798","172","7","0",,"1","1FFFFF","1AAAAAAAA1AAAA","4",,,,,
"4602715","2021-09-05T03:00:00","28.53","-121.88",,,"1","4","2","5",,,"11",,,,,,,,,"10148",,,"8",,,,,"9","205",,,,,,,,,,,,,"237","81","798","172","7","0",,"1","1FFF1F","1AAAA1AAA1AAAA","4",,,,,
"4602718","2021-09-05T03:00:00","28.91","-123.43",,,"1","4","2","5",,,"11",,,,,,,,,"10156",,,"8",,,,,"9","200",,,,,,,,,,,,,"237","83","798","172","7","0",,"1","1FFF1F","1AAAA1AAA1AAAA","4",,,,,
"5102629","2021-09-05T03:00:00","22.50","-127.22",,,"1","4","2","5",,,"11",,,,,,,,,,,,"8",,,,,"9","237",,,,,,,,,,,,,"237","27","798","172","7","0",,"1","1FFFFF","1AAAAAAAA1AAAA","4",,,,,
"4602715","2021-09-05T04:00:00","28.53","-121.89",,,"1","4","2","5",,,"11",,,,,,,,,"10151",,,"8",,,,,"9","205",,,,,,,,,,,,,"237","81","798","172","7","0",,"1","1FFF1F","1AAAA1AAA1AAAA","4",,,,,
"4602718","2021-09-05T04:00:00","28.91","-123.43",,,"1","4","2","5",,,"11",,,,,,,,,"10159",,,"8",,,,,"9","201",,,,,,,,,,,,,"237","83","798","172","7","0",,"1","1FFF1F","1AAAA1AAA1AAAA","4",,,,,
"5102629","2021-09-05T04:00:00","22.49","-127.22",,,"1","4","2","5",,,"11",,,,,,,,,,,,"8",,,,,"9","236",,,,,,,,,,,,,"237","27","798","172","7","0",,"1","1FFFFF","1AAAAAAAA1AAAA","4",,,,,
"4602715","2021-09-05T05:00:00","28.52","-121.89",,,"1","4","2","5",,,"11",,,,,,,,,"10153",,,"8",,,,,"9","205",,,,,,,,,,,,,"237","81","798","172","7","0",,"1","1FFF1F","1AAAA1AAA1AAAA","4",,,,,
"5102629","2021-09-05T05:00:00","22.49","-127.22",,,"1","4","2","5",,,"11",,,,,,,,,,,,"8",,,,,"9","234",,,,,,,,,,,,,"237","27","798","172","7","0",,"1","1FFFFF","1AAAAAAAA1AAAA","4",,,,,
"4602718","2021-09-05T05:01:00","28.90","-123.44",,,"1","4","2","5",,,"11",,,,,,,,,"10163",,,"8",,,,,"9","201",,,,,,,,,,,,,"237","83","798","172","7","0",,"1","1FFF1F","1AAAA1AAA1AAAA","4",,,,,
"4602710","2021-09-05T06:00:00","23.15","-121.24",,,"1","4","2","5",,,"11",,,,,,,,,,,,"8",,,,,"9","234",,,,,,,,,,,,,"237","31","798","172","7","0",,"1","1FFFFF","1AAAAAAAA1AAAA","4",,,,,
"4602715","2021-09-05T06:00:00","28.51","-121.90",,,"1","4","2","5",,,"11",,,,,,,,,"10153",,,"8",,,,,"9","205",,,,,,,,,,,,,"237","81","798","172","7","0",,"1","1FFF1F","1AAAA1AAA1AAAA","4",,,,,
"4602718","2021-09-05T06:00:00","28.89","-123.44",,,"1","4","2","5",,,"11",,,,,,,,,"10160",,,"8",,,,,"9","201",,,,,,,,,,,,,"237","83","798","172","7","0",,"1","1FFF1F","1AAAA1AAA1AAAA","4",,,,,
"5102629","2021-09-05T06:00:00","22.49","-127.22",,,"1","4","2","5",,,"11",,,,,,,,,,,,"8",,,,,"9","232",,,,,,,,,,,,,"237","27","798","172","7","0",,"1","1FFFFF","1AAAAAAAA1AAAA","4",,,,,
"4602715","2021-09-05T07:00:00","28.51","-121.90",,,"1","4","2","5",,,"11",,,,,,,,,"10150",,,"8",,,,,"9","205",,,,,,,,,,,,,"237","81","798","172","7","0",,"1","1FFF1F","1AAAA1AAA1AAAA","4",,,,,
"4602718","2021-09-05T07:00:00","28.89","-123.44",,,"1","4","2","5",,,"11",,,,,,,,,"10158",,,"8",,,,,"9","201",,,,,,,,,,,,,"237","83","798","172","7","0",,"1","1FFF1F","1AAAA1AAA1AAAA","4",,,,,
"5102629","2021-09-05T07:00:00","22.49","-127.22",,,"1","4","2","5",,,"11",,,,,,,,,,,,"8",,,,,"9","232",,,,,,,,,,,,,"237","27","798","172","7","0",,"1","1FFFFF","1AAAAAAAA1AAAA","4",,,,,
"4602715","2021-09-05T08:00:00","28.50","-121.91",,,"1","4","2","5",,,"11",,,,,,,,,"10150",,,"8",,,,,"9","205",,,,,,,,,,,,,"237","81","798","172","7","0",,"1","1FFF1F","1AAAA1AAA1AAAA","4",,,,,
"4602718","2021-09-05T08:00:00","28.89","-123.44",,,"1","4","2","5",,,"11",,,,,,,,,"10156",,,"8",,,,,"9","201",,,,,,,,,,,,,"237","83","798","172","7","0",,"1","1FFF1F","1AAAA1AAA1AAAA","4",,,,,
"5102629","2021-09-05T08:00:00","22.49","-127.22",,,"1","4","2","5",,,"11",,,,,,,,,,,,"8",,,,,"9","231",,,,,,,,,,,,,"237","27","798","172","7","0",,"1","1FFFFF","1AAAAAAAA1AAAA","4",,,,,
"4602710","2021-09-05T09:00:00","23.14","-121.23",,,"1","4","2","5",,,"11",,,,,,,,,,,,"8",,,,,"9","234",,,,,,,,,,,,,"237","31","798","172","7","0",,"1","1FFFFF","1AAAAAAAA1AAAA","4",,,,,
"4602715","2021-09-05T09:00:00","28.50","-121.92",,,"1","4","2","5",,,"11",,,,,,,,,"10146",,,"8",,,,,"9","205",,,,,,,,,,,,,"237","81","798","172","7","0",,"1","1FFF1F","1AAAA1AAA1AAAA","4",,,,,
"4602718","2021-09-05T09:00:00","28.88","-123.44",,,"1","4","2","5",,,"11",,,,,,,,,"10156",,,"8",,,,,"9","201",,,,,,,,,,,,,"237","83","798","172","7","0",,"1","1FFF1F","1AAAA1AAA1AAAA","4",,,,,
"5102629","2021-09-05T09:00:00","22.49","-127.22",,,"1","4","2","5",,,"11",,,,,,,,,,,,"8",,,,,"9","231",,,,,,,,,,,,,"237","27","798","172","7","0",,"1","1FFFFF","1AAAAAAAA1AAAA","4",,,,,
"4602715","2021-09-05T10:00:00","28.50","-121.93",,,"1","4","2","5",,,"11",,,,,,,,,"10145",,,"8",,,,,"9","205",,,,,,,,,,,,,"237","81","798","172","7","0",,"1","1FFF1F","1AAAA1AAA1AAAA","4",,,,,
"4602718","2021-09-05T10:00:00","28.88","-123.44",,,"1","4","2","5",,,"11",,,,,,,,,"10152",,,"8",,,,,"9","201",,,,,,,,,,,,,"237","83","798","172","7","0",,"1","1FFF1F","1AAAA1AAA1AAAA","4",,,,,
"5102629","2021-09-05T10:00:00","22.50","-127.22",,,"1","4","2","5",,,"11",,,,,,,,,,,,"8",,,,,"9","230",,,,,,,,,,,,,"237","27","798","172","7","0",,"1","1FFFFF","1AAAAAAAA1AAAA","4",,,,,
"4602715","2021-09-05T11:00:00","28.50","-121.93",,,"1","4","2","5",,,"11",,,,,,,,,"10143",,,"8",,,,,"9","205",,,,,,,,,,,,,"237","81","798","172","7","0",,"1","1FFF1F","1AAAA1AAA1AAAA","4",,,,,
"4602718","2021-09-05T11:00:00","28.87","-123.44",,,"1","4","2","5",,,"11",,,,,,,,,"10147",,,"8",,,,,"9","201",,,,,,,,,,,,,"237","83","798","172","7","0",,"1","1FFF1F","1AAAA1AAA1AAAA","4",,,,,
"4602710","2021-09-05T12:00:00","23.13","-121.22",,,"1","4","2","5",,,"11",,,,,,,,,,,,"8",,,,,"9","234",,,,,,,,,,,,,"237","31","798","172","7","0",,"1","1FFFFF","1AAAAAAAA1AAAA","4",,,,,
"4602715","2021-09-05T12:00:00","28.50","-121.94",,,"1","4","2","5",,,"11",,,,,,,,,"10140",,,"8",,,,,"9","205",,,,,,,,,,,,,"237","81","798","172","7","0",,"1","1FFF1F","1AAAA1AAA1AAAA","4",,,,,
"4602718","2021-09-05T12:00:00","28.87","-123.44",,,"1","4","2","5",,,"11",,,,,,,,,"10151",,,"8",,,,,"9","201",,,,,,,,,,,,,"237","83","798","172","7","0",,"1","1FFF1F","1AAAA1AAA1AAAA","4",,,,,
"5102629","2021-09-05T12:00:00","22.50","-127.21",,,"1","4","2","5",,,"11",,,,,,,,,,,,"8",,,,,"9","230",,,,,,,,,,,,,"237","27","798","172","7","0",,"1","1FFFFF","1AAAAAAAA1AAAA","4",,,,,
"4602715","2021-09-05T13:00:00","28.50","-121.94",,,"1","4","2","5",,,"11",,,,,,,,,"10142",,,"8",,,,,"9","204",,,,,,,,,,,,,"237","81","798","172","7","0",,"1","1FFF1F","1AAAA1AAA1AAAA","4",,,,,
"4602718","2021-09-05T13:00:00","28.87","-123.44",,,"1","4","2","5",,,"11",,,,,,,,,"10153",,,"8",,,,,"9","201",,,,,,,,,,,,,"237","83","798","172","7","0",,"1","1FFF1F","1AAAA1AAA1AAAA","4",,,,,
"5102629","2021-09-05T13:00:00","22.50","-127.21",,,"1","4","2","5",,,"11",,,,,,,,,,,,"8",,,,,"9","230",,,,,,,,,,,,,"237","27","798","172","7","0",,"1","1FFFFF","1AAAAAAAA1AAAA","4",,,,,
"4602715","2021-09-05T14:00:00","28.50","-121.94",,,"1","4","2","5",,,"11",,,,,,,,,"10146",,,"8",,,,,"9","205",,,,,,,,,,,,,"237","81","798","172","7","0",,"1","1FFF1F","1AAAA1AAA1AAAA","4",,,,,
"4602718","2021-09-05T14:00:00","28.87","-123.44",,,"1","4","2","5",,,"11",,,,,,,,,"10156",,,"8",,,,,"9","201",,,,,,,,,,,,,"237","83","798","172","7","0",,"1","1FFF1F","1AAAA1AAA1AAAA","4",,,,,
"5102629","2021-09-05T14:00:00","22.50","-127.21",,,"1","4","2","5",,,"11",,,,,,,,,,,,"8",,,,,"9","229",,,,,,,,,,,,,"237","27","798","172","7","0",,"1","1FFFFF","1AAAAAAAA1AAAA","4",,,,,
"4602710","2021-09-05T15:00:00","23.12","-121.20",,,"1","4","2","5",,,"11",,,,,,,,,,,,"8",,,,,"9","235",,,,,,,,,,,,,"237","31","798","172","7","0",,"2","1FFFFF","1AAAAAAAA1AAAA","4",,,,,
"4602715","2021-09-05T15:00:00","28.50","-121.94",,,"1","4","2","5",,,"11",,,,,,,,,"10148",,,"8",,,,,"9","204",,,,,,,,,,,,,"237","81","798","172","7","0",,"2","1FFF1F","1AAAA1AAA1AAAA","4",,,,,
"4602718","2021-09-05T15:00:00","28.87","-123.44",,,"1","4","2","5",,,"11",,,,,,,,,"10157",,,"8",,,,,"9","201",,,,,,,,,,,,,"237","83","798","172","7","0",,"2","1FFF1F","1AAAA1AAA1AAAA","4",,,,,
"5102629","2021-09-05T15:00:00","22.50","-127.21",,,"1","4","2","5",,,"11",,,,,,,,,,,,"8",,,,,"9","230",,,,,,,,,,,,,"237","27","798","172","7","0",,"2","1FFFFF","1AAAAAAAA1AAAA","4",,,,,
"4602715","2021-09-05T16:00:00","28.50","-121.94",,,"1","4","2","5",,,"11",,,,,,,,,"10152",,,"8",,,,,"9","204",,,,,,,,,,,,,"237","81","798","172","7","0",,"2","1FFF1F","1AAAA1AAA1AAAA","4",,,,,
"4602718","2021-09-05T16:00:00","28.87","-123.44",,,"1","4","2","5",,,"11",,,,,,,,,"10159",,,"8",,,,,"9","201",,,,,,,,,,,,,"237","83","798","172","7","0",,"2","1FFF1F","1AAAA1AAA1AAAA","4",,,,,
"5102629","2021-09-05T16:00:00","22.49","-127.20",,,"1","4","2","5",,,"11",,,,,,,,,,,,"8",,,,,"9","229",,,,,,,,,,,,,"237","27","798","172","7","0",,"2","1FFFFF","1AAAAAAAA1AAAA","4",,,,,
"4602715","2021-09-05T17:00:00","28.50","-121.94",,,"1","4","2","5",,,"11",,,,,,,,,"10156",,,"8",,,,,"9","205",,,,,,,,,,,,,"237","81","798","172","7","0",,"2","1FFF1F","1AAAA1AAA1AAAA","4",,,,,
"4602718","2021-09-05T17:00:00","28.87","-123.44",,,"1","4","2","5",,,"11",,,,,,,,,"10163",,,"8",,,,,"9","201",,,,,,,,,,,,,"237","83","798","172","7","0",,"2","1FFF1F","1AAAA1AAA1AAAA","4",,,,,
"5102629","2021-09-05T17:00:00","22.49","-127.20",,,"1","4","2","5",,,"11",,,,,,,,,,,,"8",,,,,"9","229",,,,,,,,,,,,,"237","27","798","172","7","0",,"2","1FFFFF","1AAAAAAAA1AAAA","4",,,,,
"4602710","2021-09-05T18:00:00","23.10","-121.18",,,"1","4","2","5",,,"11",,,,,,,,,,,,"8",,,,,"9","236",,,,,,,,,,,,,"237","31","798","172","7","0",,"2","1FFFFF","1AAAAAAAA1AAAA","4",,,,,
"4602718","2021-09-05T18:00:00","28.87","-123.44",,,"1","4","2","5",,,"11",,,,,,,,,"10166",,,"8",,,,,"9","201",,,,,,,,,,,,,"237","83","798","172","7","0",,"2","1FFF1F","1AAAA1AAA1AAAA","4",,,,,
"5102629","2021-09-05T18:00:00","22.49","-127.20",,,"1","4","2","5",,,"11",,,,,,,,,,,,"8",,,,,"9","230",,,,,,,,,,,,,"237","27","798","172","7","0",,"2","1FFFFF","1AAAAAAAA1AAAA","4",,,,,
"C6DP8","2021-09-05T18:00:00","25.20","-121.20",,,"1","4","0","0","7","3","1","0","320","3","51",,"98","1","2","10198","2",,"0","250","0","210","188",,"220","5",,"7","2","A","2",,"3","0","32","5","3","237","51","992","114","5","1","2","2","111111","11111111111117",,,"1","2",,"4"
"OZDL2","2021-09-05T18:00:00","29.70","-122.20",,,"1","6","2","5","3","4","1",,"20","3","77","1","98",,"2","10110",,,"8","170",,"165","162","1","200","6","4","8","2","7","9",,"5","1","24","8","3","237","92","798","172","5","0",,"2","111111","111A111111111A",,"5",,"2",,
"4602715","2021-09-05T18:01:00","28.49","-121.94",,,"1","4","2","5",,,"11",,,,,,,,,"10160",,,"8",,,,,"9","205",,,,,,,,,,,,,"237","81","798","172","7","0",,"2","1FFF1F","1AAAA1AAA1AAAA","4",,,,,
"4602715","2021-09-05T19:00:00","28.50","-121.94",,,"1","4","2","5",,,"11",,,,,,,,,"10157",,,"8",,,,,"9","206",,,,,,,,,,,,,"237","81","798","172","7","0",,"2","1FFF1F","1AAAA1AAA1AAAA","4",,,,,
"4602718","2021-09-05T19:00:00","28.87","-123.44",,,"1","4","2","5",,,"11",,,,,,,,,"10164",,,"8",,,,,"9","202",,,,,,,,,,,,,"237","83","798","172","7","0",,"2","1FFF1F","1AAAA1AAA1AAAA","4",,,,,
"5102629","2021-09-05T19:00:00","22.49","-127.20",,,"1","4","2","5",,,"11",,,,,,,,,,,,"8",,,,,"9","230",,,,,,,,,,,,,"237","27","798","172","7","0",,"2","1FFFFF","1AAAAAAAA1AAAA","4",,,,,
"4602715","2021-09-05T20:00:00","28.49","-121.95",,,"1","4","2","5",,,"11",,,,,,,,,"10154",,,"8",,,,,"9","206",,,,,,,,,,,,,"237","81","798","172","7","0",,"2","1FFF1F","1AAAA1AAA1AAAA","4",,,,,
"4602718","2021-09-05T20:00:00","28.87","-123.44",,,"1","4","2","5",,,"11",,,,,,,,,"10164",,,"8",,,,,"9","202",,,,,,,,,,,,,"237","83","798","172","7","0",,"2","1FFF1F","1AAAA1AAA1AAAA","4",,,,,
"5102629","2021-09-05T20:00:00","22.48","-127.20",,,"1","4","2","5",,,"11",,,,,,,,,,,,"8",,,,,"9","231",,,,,,,,,,,,,"237","27","798","172","7","0",,"2","1FFFFF","1AAAAAAAA1AAAA","4",,,,,
"4602710","2021-09-05T21:00:00","23.08","-121.15",,,"1","4","2","5",,,"11",,,,,,,,,,,,"8",,,,,"9","238",,,,,,,,,,,,,"237","31","798","172","7","0",,"2","1FFFFF","1AAAAAAAA1AAAA","4",,,,,
"4602715","2021-09-05T21:00:00","28.48","-121.95",,,"1","4","2","5",,,"11",,,,,,,,,"10150",,,"8",,,,,"9","206",,,,,,,,,,,,,"237","81","798","172","7","0",,"2","1FFF1F","1AAAA1AAA1AAAA","4",,,,,
"4602718","2021-09-05T21:00:00","28.87","-123.44",,,"1","4","2","5",,,"11",,,,,,,,,"10160",,,"8",,,,,"9","202",,,,,,,,,,,,,"237","83","798","172","7","0",,"2","1FFF1F","1AAAA1AAA1AAAA","4",,,,,
"5102629","2021-09-05T21:00:00","22.48","-127.20",,,"1","4","2","5",,,"11",,,,,,,,,,,,"8",,,,,"9","232",,,,,,,,,,,,,"237","27","798","172","7","0",,"2","1FFFFF","1AAAAAAAA1AAAA","4",,,,,
"4602715","2021-09-05T22:00:00","28.48","-121.95",,,"1","4","2","5",,,"11",,,,,,,,,"10147",,,"8",,,,,"9","206",,,,,,,,,,,,,"237","81","798","172","7","0",,"2","1FFF1F","1AAAA1AAA1AAAA","4",,,,,
"4602718","2021-09-05T22:00:00","28.87","-123.44",,,"1","4","2","5",,,"11",,,,,,,,,"10154",,,"8",,,,,"9","203",,,,,,,,,,,,,"237","83","798","172","7","0",,"2","1FFF1F","1AAAA1AAA1AAAA","4",,,,,
"5102629","2021-09-05T22:00:00","22.48","-127.20",,,"1","4","2","5",,,"11",,,,,,,,,,,,"8",,,,,"9","233",,,,,,,,,,,,,"237","27","798","172","7","0",,"2","1FFFFF","1AAAAAAAA1AAAA","4",,,,,
"4602715","2021-09-05T23:00:00","28.47","-121.95",,,"1","4","2","5",,,"11",,,,,,,,,"10143",,,"8",,,,,"9","206",,,,,,,,,,,,,"237","81","798","172","7","0",,"2","1FFF1F","1AAAA1AAA1AAAA","4",,,,,
"4602718","2021-09-05T23:00:00","28.86","-123.43",,,"1","4","2","5",,,"11",,,,,,,,,"10150",,,"8",,,,,"9","203",,,,,,,,,,,,,"237","83","798","172","7","0",,"2","1FFF1F","1AAAA1AAA1AAAA","4",,,,,
"5102629","2021-09-05T23:00:00","22.47","-127.20",,,"1","4","2","5",,,"11",,,,,,,,,,,,"8",,,,,"9","233",,,,,,,,,,,,,"237","27","798","172","7","0",,"2","1FFFFF","1AAAAAAAA1AAAA","4",,,,,
"4602710","2021-09-06T00:00:00","23.04","-121.14",,,"1","4","2","5",,,"11",,,,,,,,,,,,"8",,,,,"9","239",,,,,,,,,,,,,"237","31","798","172","7","0",,"2","1FFFFF","1AAAAAAAA1AAAA","4",,,,,
"4602715","2021-09-06T00:00:00","28.47","-121.96",,,"1","4","2","5",,,"11",,,,,,,,,"10141",,,"8",,,,,"9","206",,,,,,,,,,,,,"237","81","798","172","7","0",,"2","1FFF1F","1AAAA1AAA1AAAA","4",,,,,
"4602718","2021-09-06T00:00:00","28.86","-123.43",,,"1","4","2","5",,,"11",,,,,,,,,"10149",,,"8",,,,,"9","203",,,,,,,,,,,,,"237","83","798","172","7","0",,"2","1FFF1F","1AAAA1AAA1AAAA","4",,,,,
"5102629","2021-09-06T00:00:00","22.47","-127.20",,,"1","4","2","5",,,"11",,,,,,,,,,,,"8",,,,,"9","232",,,,,,,,,,,,,"237","27","798","172","7","0",,"2","1FFFFF","1AAAAAAAA1AAAA","4",,,,,
"4602715","2021-09-06T01:00:00","28.47","-121.96",,,"1","4","2","5",,,"11",,,,,,,,,"10141",,,"8",,,,,"9","206",,,,,,,,,,,,,"237","81","798","172","7","0",,"2","1FFF1F","1AAAA1AAA1AAAA","4",,,,,
"4602718","2021-09-06T01:00:00","28.86","-123.42",,,"1","4","2","5",,,"11",,,,,,,,,"10147",,,"8",,,,,"9","203",,,,,,,,,,,,,"237","83","798","172","7","0",,"2","1FFF1F","1AAAA1AAA1AAAA","4",,,,,
"5102629","2021-09-06T01:00:00","22.47","-127.20",,,"1","4","2","5",,,"11",,,,,,,,,,,,"8",,,,,"9","232",,,,,,,,,,,,,"237","27","798","172","7","0",,"2","1FFFFF","1AAAAAAAA1AAAA","4",,,,,
"4602715","2021-09-06T02:00:00","28.47","-121.96",,,"1","4","2","5",,,"11",,,,,,,,,"10137",,,"8",,,,,"9","206",,,,,,,,,,,,,"237","81","798","172","7","0",,"2","1FFF1F","1AAAA1AAA1AAAA","4",,,,,
"4602718","2021-09-06T02:00:00","28.85","-123.42",,,"1","4","2","5",,,"11",,,,,,,,,"10144",,,"8",,,,,"9","202",,,,,,,,,,,,,"237","83","798","172","7","0",,"2","1FFF1F","1AAAA1AAA1AAAA","4",,,,,
"5102629","2021-09-06T02:00:00","22.47","-127.20",,,"1","4","2","5",,,"11",,,,,,,,,,,,"8",,,,,"9","231",,,,,,,,,,,,,"237","27","798","172","7","0",,"2","1FFFFF","1AAAAAAAA1AAAA","4",,,,,
"4602710","2021-09-06T03:00:00","23.01","-121.14",,,"1","4","2","5",,,"11",,,,,,,,,,,,"8",,,,,"9","240",,,,,,,,,,,,,"237","31","798","172","7","0",,"1","1FFFFF","1AAAAAAAA1AAAA","4",,,,,
"4602715","2021-09-06T03:00:00","28.46","-121.97",,,"1","4","2","5",,,"11",,,,,,,,,"10139",,,"8",,,,,"9","206",,,,,,,,,,,,,"237","81","798","172","7","0",,"1","1FFF1F","1AAAA1AAA1AAAA","4",,,,,
"4602718","2021-09-06T03:00:00","28.85","-123.42",,,"1","4","2","5",,,"11",,,,,,,,,"10144",,,"8",,,,,"9","202",,,,,,,,,,,,,"237","83","798","172","7","0",,"1","1FFF1F","1AAAA1AAA1AAAA","4",,,,,
"5102629","2021-09-06T03:00:00","22.47","-127.20",,,"1","4","2","5",,,"11",,,,,,,,,,,,"8",,,,,"9","231",,,,,,,,,,,,,"237","27","798","172","7","0",,"1","1FFFFF","1AAAAAAAA1AAAA","4",,,,,
"4602715","2021-09-06T04:00:00","28.46","-121.97",,,"1","4","2","5",,,"11",,,,,,,,,"10141",,,"8",,,,,"9","205",,,,,,,,,,,,,"237","81","798","172","7","0",,"1","1FFF1F","1AAAA1AAA1AAAA","4",,,,,
"4602718","2021-09-06T04:00:00","28.85","-123.41",,,"1","4","2","5",,,"11",,,,,,,,,"10149",,,"8",,,,,"9","202",,,,,,,,,,,,,"237","83","798","172","7","0",,"1","1FFF1F","1AAAA1AAA1AAAA","4",,,,,
"5102629","2021-09-06T04:00:00","22.47","-127.20",,,"1","4","2","5",,,"11",,,,,,,,,,,,"8",,,,,"9","231",,,,,,,,,,,,,"237","27","798","172","7","0",,"1","1FFFFF","1AAAAAAAA1AAAA","4",,,,,
"4602715","2021-09-06T05:00:00","28.46","-121.98",,,"1","4","2","5",,,"11",,,,,,,,,"10144",,,"8",,,,,"9","205",,,,,,,,,,,,,"237","81","798","172","7","0",,"1","1FFF1F","1AAAA1AAA1AAAA","4",,,,,
"4602718","2021-09-06T05:00:00","28.84","-123.41",,,"1","4","2","5",,,"11",,,,,,,,,"10152",,,"8",,,,,"9","201",,,,,,,,,,,,,"237","83","798","172","7","0",,"1","1FFF1F","1AAAA1AAA1AAAA","4",,,,,
"5102629","2021-09-06T05:00:00","22.47","-127.20",,,"1","4","2","5",,,"11",,,,,,,,,,,,"8",,,,,"9","230",,,,,,,,,,,,,"237","27","798","172","7","0",,"1","1FFFFF","1AAAAAAAA1AAAA","4",,,,,
"4602710","2021-09-06T06:00:00","22.99","-121.14",,,"1","4","2","5",,,"11",,,,,,,,,,,,"8",,,,,"9","240",,,,,,,,,,,,,"237","21","798","172","7","0",,"1","1FFFFF","1AAAAAAAA1AAAA","4",,,,,
"4602715","2021-09-06T06:00:00","28.46","-121.98",,,"1","4","2","5",,,"11",,,,,,,,,"10148",,,"8",,,,,"9","205",,,,,,,,,,,,,"237","81","798","172","7","0",,"1","1FFF1F","1AAAA1AAA1AAAA","4",,,,,
"4602718","2021-09-06T06:00:00","28.84","-123.41",,,"1","4","2","5",,,"11",,,,,,,,,"10153",,,"8",,,,,"9","201",,,,,,,,,,,,,"237","83","798","172","7","0",,"1","1FFF1F","1AAAA1AAA1AAAA","4",,,,,
"5102629","2021-09-06T06:00:00","22.47","-127.20",,,"1","4","2","5",,,"11",,,,,,,,,,,,"8",,,,,"9","230",,,,,,,,,,,,,"237","27","798","172","7","0",,"1","1FFFFF","1AAAAAAAA1AAAA","4",,,,,
"4602715","2021-09-06T07:00:00","28.45","-121.98",,,"1","4","2","5",,,"11",,,,,,,,,"10148",,,"8",,,,,"9","205",,,,,,,,,,,,,"237","81","798","172","7","0",,"1","1FFF1F","1AAAA1AAA1AAAA","4",,,,,
"4602718","2021-09-06T07:00:00","28.83","-123.41",,,"1","4","2","5",,,"11",,,,,,,,,"10156",,,"8",,,,,"9","201",,,,,,,,,,,,,"237","83","798","172","7","0",,"1","1FFF1F","1AAAA1AAA1AAAA","4",,,,,
"5102629","2021-09-06T07:00:00","22.47","-127.20",,,"1","4","2","5",,,"11",,,,,,,,,,,,"8",,,,,"9","230",,,,,,,,,,,,,"237","27","798","172","7","0",,"1","1FFFFF","1AAAAAAAA1AAAA","4",,,,,
"4602715","2021-09-06T08:00:00","28.45","-121.98",,,"1","4","2","5",,,"11",,,,,,,,,"10144",,,"8",,,,,"9","205",,,,,,,,,,,,,"237","81","798","172","7","0",,"1","1FFF1F","1AAAA1AAA1AAAA","4",,,,,
"4602718","2021-09-06T08:00:00","28.83","-123.42",,,"1","4","2","5",,,"11",,,,,,,,,"10155",,,"8",,,,,"9","201",,,,,,,,,,,,,"237","83","798","172","7","0",,"1","1FFF1F","1AAAA1AAA1AAAA","4",,,,,
"5102629","2021-09-06T08:00:00","22.47","-127.20",,,"1","4","2","5",,,"11",,,,,,,,,,,,"8",,,,,"9","230",,,,,,,,,,,,,"237","27","798","172","7","0",,"1","1FFFFF","1AAAAAAAA1AAAA","4",,,,,
"4602710","2021-09-06T09:00:00","22.97","-121.14",,,"1","4","2","5",,,"11",,,,,,,,,,,,"8",,,,,"9","241",,,,,,,,,,,,,"237","21","798","172","7","0",,"1","1FFFFF","1AAAAAAAA1AAAA","4",,,,,
"4602715","2021-09-06T09:00:00","28.45","-121.99",,,"1","4","2","5",,,"11",,,,,,,,,"10140",,,"8",,,,,"9","205",,,,,,,,,,,,,"237","81","798","172","7","0",,"1","1FFF1F","1AAAA1AAA1AAAA","4",,,,,
"4602718","2021-09-06T09:00:00","28.82","-123.42",,,"1","4","2","5",,,"11",,,,,,,,,"10151",,,"8",,,,,"9","201",,,,,,,,,,,,,"237","83","798","172","7","0",,"1","1FFF1F","1AAAA1AAA1AAAA","4",,,,,
"5102629","2021-09-06T09:00:00","22.47","-127.22",,,"1","4","2","5",,,"11",,,,,,,,,,,,"8",,,,,"9","230",,,,,,,,,,,,,"237","27","798","172","7","0",,"1","1FFFFF","1AAAAAAAA1AAAA","4",,,,,
"4602715","2021-09-06T10:00:00","28.44","-121.99",,,"1","4","2","5",,,"11",,,,,,,,,"10138",,,"8",,,,,"9","205",,,,,,,,,,,,,"237","81","798","172","7","0",,"1","1FFF1F","1AAAA1AAA1AAAA","4",,,,,
"4602718","2021-09-06T10:00:00","28.82","-123.42",,,"1","4","2","5",,,"11",,,,,,,,,"10147",,,"8",,,,,"9","201",,,,,,,,,,,,,"237","83","798","172","7","0",,"1","1FFF1F","1AAAA1AAA1AAAA","4",,,,,
"5102629","2021-09-06T10:00:00","22.48","-127.22",,,"1","4","2","5",,,"11",,,,,,,,,,,,"8",,,,,"9","230",,,,,,,,,,,,,"237","27","798","172","7","0",,"1","1FFFFF","1AAAAAAAA1AAAA","4",,,,,
"4602715","2021-09-06T11:00:00","28.44","-122.00",,,"1","4","2","5",,,"11",,,,,,,,,"10140",,,"8",,,,,"9","205",,,,,,,,,,,,,"237","82","798","172","7","0",,"1","1FFF1F","1AAAA1AAA1AAAA","4",,,,,
"4602718","2021-09-06T11:00:00","28.82","-123.42",,,"1","4","2","5",,,"11",,,,,,,,,"10145",,,"8",,,,,"9","201",,,,,,,,,,,,,"237","83","798","172","7","0",,"1","1FFF1F","1AAAA1AAA1AAAA","4",,,,,
"5102629","2021-09-06T11:00:00","22.48","-127.22",,,"1","4","2","5",,,"11",,,,,,,,,,,,"8",,,,,"9","230",,,,,,,,,,,,,"237","27","798","172","7","0",,"1","1FFFFF","1AAAAAAAA1AAAA","4",,,,,
"4602710","2021-09-06T12:00:00","22.96","-121.14",,,"1","4","2","5",,,"11",,,,,,,,,,,,"8",,,,,"9","241",,,,,,,,,,,,,"237","21","798","172","7","0",,"1","1FFFFF","1AAAAAAAA1AAAA","4",,,,,
"4602715","2021-09-06T12:00:00","28.44","-122.00",,,"1","4","2","5",,,"11",,,,,,,,,"10140",,,"8",,,,,"9","205",,,,,,,,,,,,,"237","82","798","172","7","0",,"1","1FFF1F","1AAAA1AAA1AAAA","4",,,,,
"4602718","2021-09-06T12:00:00","28.81","-123.42",,,"1","4","2","5",,,"11",,,,,,,,,"10148",,,"8",,,,,"9","201",,,,,,,,,,,,,"237","83","798","172","7","0",,"1","1FFF1F","1AAAA1AAA1AAAA","4",,,,,
"5102629","2021-09-06T12:00:00","22.48","-127.22",,,"1","4","2","5",,,"11",,,,,,,,,,,,"8",,,,,"9","230",,,,,,,,,,,,,"237","27","798","172","7","0",,"1","1FFFFF","1AAAAAAAA1AAAA","4",,,,,
"4602718","2021-09-06T13:00:00","28.81","-123.42",,,"1","4","2","5",,,"11",,,,,,,,,"10148",,,"8",,,,,"9","200",,,,,,,,,,,,,"237","83","798","172","7","0",,"1","1FFF1F","1AAAA1AAA1AAAA","4",,,,,
"5102629","2021-09-06T13:00:00","22.48","-127.22",,,"1","4","2","5",,,"11",,,,,,,,,,,,"8",,,,,"9","230",,,,,,,,,,,,,"237","27","798","172","7","0",,"1","1FFFFF","1AAAAAAAA1AAAA","4",,,,,
"4602715","2021-09-06T13:03:00","28.44","-122.01",,,"1","4","2","5",,,"11",,,,,,,,,"10139",,,"8",,,,,"9","205",,,,,,,,,,,,,"237","82","798","172","7","0",,"1","1FFF1F","1AAAA1AAA1AAAA","4",,,,,
"4602715","2021-09-06T14:00:00","28.44","-122.01",,,"1","4","2","5",,,"11",,,,,,,,,"10143",,,"8",,,,,"9","205",,,,,,,,,,,,,"237","82","798","172","7","0",,"1","1FFF1F","1AAAA1AAA1AAAA","4",,,,,
"4602718","2021-09-06T14:00:00","28.81","-123.43",,,"1","4","2","5",,,"11",,,,,,,,,"10149",,,"8",,,,,"9","200",,,,,,,,,,,,,"237","83","798","172","7","0",,"1","1FFF1F","1AAAA1AAA1AAAA","4",,,,,
"5102629","2021-09-06T14:00:00","22.48","-127.22",,,"1","4","2","5",,,"11",,,,,,,,,,,,"8",,,,,"9","230",,,,,,,,,,,,,"237","27","798","172","7","0",,"1","1FFFFF","1AAAAAAAA1AAAA","4",,,,,
"4602710","2021-09-06T15:00:00","22.94","-121.13",,,"1","4","2","5",,,"11",,,,,,,,,,,,"8",,,,,"9","243",,,,,,,,,,,,,"237","21","798","172","7","0",,"2","1FFFFF","1AAAAAAAA1AAAA","4",,,,,
"4602715","2021-09-06T15:00:00","28.44","-122.01",,,"1","4","2","5",,,"11",,,,,,,,,"10145",,,"8",,,,,"9","205",,,,,,,,,,,,,"237","82","798","172","7","0",,"2","1FFF1F","1AAAA1AAA1AAAA","4",,,,,
"5102629","2021-09-06T15:00:00","22.48","-127.22",,,"1","4","2","5",,,"11",,,,,,,,,,,,"8",,,,,"9","230",,,,,,,,,,,,,"237","27","798","172","7","0",,"2","1FFFFF","1AAAAAAAA1AAAA","4",,,,,
"4602718","2021-09-06T15:04:00","28.81","-123.42",,,"1","4","2","5",,,"11",,,,,,,,,"10144",,,"8",,,,,"9","200",,,,,,,,,,,,,"237","83","798","172","7","0",,"2","1FFF1F","1AAAA1AAA1AAAA","4",,,,,
"4602715","2021-09-06T16:00:00","28.44","-122.02",,,"1","4","2","5",,,"11",,,,,,,,,"10146",,,"8",,,,,"9","205",,,,,,,,,,,,,"237","82","798","172","7","0",,"2","1FFF1F","1AAAA1AAA1AAAA","4",,,,,
"4602718","2021-09-06T16:00:00","28.81","-123.42",,,"1","4","2","5",,,"11",,,,,,,,,"10149",,,"8",,,,,"9","200",,,,,,,,,,,,,"237","83","798","172","7","0",,"2","1FFF1F","1AAAA1AAA1AAAA","4",,,,,
"5102629","2021-09-06T16:00:00","22.49","-127.20",,,"1","4","2","5",,,"11",,,,,,,,,,,,"8",,,,,"9","230",,,,,,,,,,,,,"237","27","798","172","7","0",,"2","1FFFFF","1AAAAAAAA1AAAA","4",,,,,
"4602715","2021-09-06T17:00:00","28.44","-122.02",,,"1","4","2","5",,,"11",,,,,,,,,"10150",,,"8",,,,,"9","205",,,,,,,,,,,,,"237","82","798","172","7","0",,"2","1FFF1F","1AAAA1AAA1AAAA","4",,,,,
"4602718","2021-09-06T17:00:00","28.81","-123.42",,,"1","4","2","5",,,"11",,,,,,,,,"10150",,,"8",,,,,"9","200",,,,,,,,,,,,,"237","83","798","172","7","0",,"2","1FFF1F","1AAAA1AAA1AAAA","4",,,,,
"5102629","2021-09-06T17:00:00","22.49","-127.20",,,"1","4","2","5",,,"11",,,,,,,,,,,,"8",,,,,"9","230",,,,,,,,,,,,,"237","27","798","172","7","0",,"2","1FFFFF","1AAAAAAAA1AAAA","4",,,,,
"4602710","2021-09-06T18:00:00","22.94","-121.13",,,"1","4","2","5",,,"11",,,,,,,,,,,,"8",,,,,"9","244",,,,,,,,,,,,,"237","21","798","172","7","0",,"2","1FFFFF","1AAAAAAAA1AAAA","4",,,,,
"4602718","2021-09-06T18:00:00","28.81","-123.42",,,"1","4","2","5",,,"11",,,,,,,,,"10153",,,"8",,,,,"9","201",,,,,,,,,,,,,"237","83","798","172","7","0",,"2","1FFF1F","1AAAA1AAA1AAAA","4",,,,,
"5102629","2021-09-06T18:00:00","22.49","-127.20",,,"1","4","2","5",,,"11",,,,,,,,,,,,"8",,,,,"9","230",,,,,,,,,,,,,"237","27","798","172","7","0",,"2","1FFFFF","1AAAAAAAA1AAAA","4",,,,,
"VRPN8","2021-09-06T18:00:00","29.10","-120.50",,,"1","6","2","5","7","4","1",,"160","4","93","1","98","2","2","10146",,,"8","230",,"210","199","3","206","8","7","A","5","A","A",,,,"34","2","2","237","90","798","172","5","1","2","2","111511","11111111111A1A",,"5",,"2",,
"4602715","2021-09-06T18:01:00","28.44","-122.02",,,"1","4","2","5",,,"11",,,,,,,,,"10150",,,"8",,,,,"9","206",,,,,,,,,,,,,"237","82","798","172","7","0",,"2","1FFF1F","1AAAA1AAA1AAAA","4",,,,,
"4602715","2021-09-06T19:00:00","28.44","-122.02",,,"1","4","2","5",,,"11",,,,,,,,,"10149",,,"8",,,,,"9","207",,,,,,,,,,,,,"237","82","798","172","7","0",,"2","1FFF1F","1AAAA1AAA1AAAA","4",,,,,
"5102629","2021-09-06T19:00:00","22.49","-127.20",,,"1","4","2","5",,,"11",,,,,,,,,,,,"8",,,,,"9","231",,,,,,,,,,,,,"237","27","798","172","7","0",,"2","1FFFFF","1AAAAAAAA1AAAA","4",,,,,
"4602718","2021-09-06T19:02:00","28.81","-123.42",,,"1","4","2","5",,,"11",,,,,,,,,"10149",,,"8",,,,,"9","201",,,,,,,,,,,,,"237","83","798","172","7","0",,"2","1FFF1F","1AAAA1AAA1AAAA","4",,,,,
"4602715","2021-09-06T20:00:00","28.44","-122.02",,,"1","4","2","5",,,"11",,,,,,,,,"10142",,,"8",,,,,"9","208",,,,,,,,,,,,,"237","82","798","172","7","0",,"2","1FFF1F","1AAAA1AAA1AAAA","4",,,,,
"4602718","2021-09-06T20:00:00","28.81","-123.42",,,"1","4","2","5",,,"11",,,,,,,,,"10147",,,"8",,,,,"9","201",,,,,,,,,,,,,"237","83","798","172","7","0",,"2","1FFF1F","1AAAA1AAA1AAAA","4",,,,,
"5102629","2021-09-06T20:00:00","22.49","-127.19",,,"1","4","2","5",,,"11",,,,,,,,,,,,"8",,,,,"9","231",,,,,,,,,,,,,"237","27","798","172","7","0",,"2","1FFFFF","1AAAAAAAA1AAAA","4",,,,,
"4602710","2021-09-06T21:00:00","22.94","-121.11",,,"1","4","2","5",,,"11",,,,,,,,,,,,"8",,,,,"9","245",,,,,,,,,,,,,"237","21","798","172","7","0",,"2","1FFFFF","1AAAAAAAA1AAAA","4",,,,,
"4602715","2021-09-06T21:00:00","28.44","-122.02",,,"1","4","2","5",,,"11",,,,,,,,,"10138",,,"8",,,,,"9","208",,,,,,,,,,,,,"237","82","798","172","7","0",,"2","1FFF1F","1AAAA1AAA1AAAA","4",,,,,
"4602718","2021-09-06T21:00:00","28.81","-123.42",,,"1","4","2","5",,,"11",,,,,,,,,"10139",,,"8",,,,,"9","201",,,,,,,,,,,,,"237","83","798","172","7","0",,"2","1FFF1F","1AAAA1AAA1AAAA","4",,,,,
"5102629","2021-09-06T21:00:00","22.49","-127.19",,,"1","4","2","5",,,"11",,,,,,,,,,,,"8",,,,,"9","231",,,,,,,,,,,,,"237","27","798","172","7","0",,"2","1FFFFF","1AAAAAAAA1AAAA","4",,,,,
"4602715","2021-09-06T22:00:00","28.43","-122.02",,,"1","4","2","5",,,"11",,,,,,,,,"10130",,,"8",,,,,"9","209",,,,,,,,,,,,,"237","82","798","172","7","0",,"2","1FFF1F","1AAAA1AAA1AAAA","4",,,,,
"5102629","2021-09-06T22:00:00","22.49","-127.18",,,"1","4","2","5",,,"11",,,,,,,,,,,,"8",,,,,"9","232",,,,,,,,,,,,,"237","27","798","172","7","0",,"2","1FFFFF","1AAAAAAAA1AAAA","4",,,,,
"4602718","2021-09-06T22:03:00","28.81","-123.42",,,"1","4","2","5",,,"11",,,,,,,,,"10135",,,"8",,,,,"9","202",,,,,,,,,,,,,"237","83","798","172","7","0",,"2","1FFF1F","1AAAA1AAA1AAAA","4",,,,,
"4602715","2021-09-06T23:00:00","28.43","-122.02",,,"1","4","2","5",,,"11",,,,,,,,,"10128",,,"8",,,,,"9","211",,,,,,,,,,,,,"237","82","798","172","7","0",,"2","1FFF1F","1AAAA1AAA1AAAA","4",,,,,
"4602718","2021-09-06T23:00:00","28.81","-123.42",,,"1","4","2","5",,,"11",,,,,,,,,"10130",,,"8",,,,,"9","202",,,,,,,,,,,,,"237","83","798","172","7","0",,"2","1FFF1F","1AAAA1AAA1AAAA","4",,,,,
"5102629","2021-09-06T23:00:00","22.49","-127.18",,,"1","4","2","5",,,"11",,,,,,,,,,,,"8",,,,,"9","233",,,,,,,,,,,,,"237","27","798","172","7","0",,"2","1FFFFF","1AAAAAAAA1AAAA","4",,,,,
"S6LT4","2021-09-06T23:00:00","27.50","-121.00",,,"1","6","2","5","7","4","1",,"140","4","41","1","98","2","0","10105","6","5","8","250",,"230","220","1","240","2","1","1","2","A","A",,"4","1","25","11","3","237","71","798","172","5","1","2","2","111111","11111111111111",,"5",,"0",,
"4602710","2021-09-07T00:00:00","22.94","-121.09",,,"1","4","2","5",,,"11",,,,,,,,,,,,"8",,,,,"9","247",,,,,,,,,,,,,"237","21","798","172","7","0",,"2","1FFFFF","1AAAAAAAA1AAAA","4",,,,,
"5102629","2021-09-07T00:00:00","22.48","-127.17",,,"1","4","2","5",,,"11",,,,,,,,,,,,"8",,,,,"9","232",,,,,,,,,,,,,"237","27","798","172","7","0",,"2","1FFFFF","1AAAAAAAA1AAAA","4",,,,,
"4602715","2021-09-07T00:01:00","28.43","-122.02",,,"1","4","2","5",,,"11",,,,,,,,,"10125",,,"8",,,,,"9","210",,,,,,,,,,,,,"237","82","798","172","7","0",,"2","1FFF1F","1AAAA1AAA1AAAA","4",,,,,
"4602718","2021-09-07T00:03:00","28.81","-123.42",,,"1","4","2","5",,,"11",,,,,,,,,"10127",,,"8",,,,,"9","202",,,,,,,,,,,,,"237","83","798","172","7","0",,"2","1FFF1F","1AAAA1AAA1AAAA","4",,,,,
"4602715","2021-09-07T01:00:00","28.42","-122.02",,,"1","4","2","5",,,"11",,,,,,,,,"10129",,,"8",,,,,"9","209",,,,,,,,,,,,,"237","82","798","172","7","0",,"2","1FFF1F","1AAAA1AAA1AAAA","4",,,,,
"5102629","2021-09-07T01:00:00","22.47","-127.17",,,"1","4","2","5",,,"11",,,,,,,,,,,,"8",,,,,"9","232",,,,,,,,,,,,,"237","27","798","172","7","0",,"2","1FFFFF","1AAAAAAAA1AAAA","4",,,,,
"4602718","2021-09-07T01:02:00","28.81","-123.41",,,"1","4","2","5",,,"11",,,,,,,,,"10130",,,"8",,,,,"9","202",,,,,,,,,,,,,"237","83","798","172","7","0",,"2","1FFF1F","1AAAA1AAA1AAAA","4",,,,,
"4602715","2021-09-07T02:00:00","28.42","-122.02",,,"1","4","2","5",,,"11",,,,,,,,,"10129",,,"8",,,,,"9","209",,,,,,,,,,,,,"237","82","798","172","7","0",,"2","1FFF1F","1AAAA1AAA1AAAA","4",,,,,
"4602718","2021-09-07T02:00:00","28.81","-123.41",,,"1","4","2","5",,,"11",,,,,,,,,"10131",,,"8",,,,,"9","202",,,,,,,,,,,,,"237","83","798","172","7","0",,"2","1FFF1F","1AAAA1AAA1AAAA","4",,,,,
"5102629","2021-09-07T02:00:00","22.47","-127.17",,,"1","4","2","5",,,"11",,,,,,,,,,,,"8",,,,,"9","231",,,,,,,,,,,,,"237","27","798","172","7","0",,"2","1FFFFF","1AAAAAAAA1AAAA","4",,,,,
"S6LT4","2021-09-07T02:00:00","28.00","-121.90",,,"1","6","2","5","7","4","1",,"130","4","36","1","98","3","1","10110","4","0","8","220",,"200","189","1","220","4",,"6","3","0","0",,"3","1","25","8","2","237","81","798","172","5","1","2","2","111111","11111111111111",,"5",,"1",,
"4602710","2021-09-07T03:00:00","22.93","-121.07",,,"1","4","2","5",,,"11",,,,,,,,,,,,"8",,,,,"9","246",,,,,,,,,,,,,"237","21","798","172","7","0",,"1","1FFFFF","1AAAAAAAA1AAAA","4",,,,,
"4602715","2021-09-07T03:00:00","28.42","-122.02",,,"1","4","2","5",,,"11",,,,,,,,,"10135",,,"8",,,,,"9","209",,,,,,,,,,,,,"237","82","798","172","7","0",,"1","1FFF1F","1AAAA1AAA1AAAA","4",,,,,
"4602718","2021-09-07T03:00:00","28.81","-123.41",,,"1","4","2","5",,,"11",,,,,,,,,"10136",,,"8",,,,,"9","202",,,,,,,,,,,,,"237","83","798","172","7","0",,"1","1FFF1F","1AAAA1AAA1AAAA","4",,,,,
"5102629","2021-09-07T03:00:00","22.46","-127.17",,,"1","4","2","5",,,"11",,,,,,,,,,,,"8",,,,,"9","231",,,,,,,,,,,,,"237","27","798","172","7","0",,"1","1FFFFF","1AAAAAAAA1AAAA","4",,,,,
"4602715","2021-09-07T04:00:00","28.41","-122.03",,,"1","4","2","5",,,"11",,,,,,,,,"10141",,,"8",,,,,"9","208",,,,,,,,,,,,,"237","82","798","172","7","0",,"1","1FFF1F","1AAAA1AAA1AAAA","4",,,,,
"4602718","2021-09-07T04:00:00","28.81","-123.41",,,"1","4","2","5",,,"11",,,,,,,,,"10140",,,"8",,,,,"9","202",,,,,,,,,,,,,"237","83","798","172","7","0",,"1","1FFF1F","1AAAA1AAA1AAAA","4",,,,,
"5102629","2021-09-07T04:00:00","22.46","-127.17",,,"1","4","2","5",,,"11",,,,,,,,,,,,"8",,,,,"9","231",,,,,,,,,,,,,"237","27","798","172","7","0",,"1","1FFFFF","1AAAAAAAA1AAAA","4",,,,,
"4602718","2021-09-07T05:00:00","28.81","-123.41",,,"1","4","2","5",,,"11",,,,,,,,,"10143",,,"8",,,,,"9","202",,,,,,,,,,,,,"237","83","798","172","7","0",,"1","1FFF1F","1AAAA1AAA1AAAA","4",,,,,
"5102629","2021-09-07T05:00:00","22.46","-127.18",,,"1","4","2","5",,,"11",,,,,,,,,,,,"8",,,,,"9","231",,,,,,,,,,,,,"237","27","798","172","7","0",,"1","1FFFFF","1AAAAAAAA1AAAA","4",,,,,
"4602715","2021-09-07T05:01:00","28.41","-122.03",,,"1","4","2","5",,,"11",,,,,,,,,"10146",,,"8",,,,,"9","207",,,,,,,,,,,,,"237","82","798","172","7","0",,"1","1FFF1F","1AAAA1AAA1AAAA","4",,,,,
"4602710","2021-09-07T06:00:00","22.92","-121.07",,,"1","4","2","5",,,"11",,,,,,,,,,,,"8",,,,,"9","245",,,,,,,,,,,,,"237","21","798","172","7","0",,"1","1FFFFF","1AAAAAAAA1AAAA","4",,,,,
"4602715","2021-09-07T06:00:00","28.41","-122.04",,,"1","4","2","5",,,"11",,,,,,,,,"10149",,,"8",,,,,"9","207",,,,,,,,,,,,,"237","82","798","172","7","0",,"1","1FFF1F","1AAAA1AAA1AAAA","4",,,,,
"4602718","2021-09-07T06:00:00","28.80","-123.40",,,"1","4","2","5",,,"11",,,,,,,,,"10146",,,"8",,,,,"9","202",,,,,,,,,,,,,"237","83","798","172","7","0",,"1","1FFF1F","1AAAA1AAA1AAAA","4",,,,,
"5102629","2021-09-07T06:00:00","22.45","-127.18",,,"1","4","2","5",,,"11",,,,,,,,,,,,"8",,,,,"9","230",,,,,,,,,,,,,"237","27","798","172","7","0",,"1","1FFFFF","1AAAAAAAA1AAAA","4",,,,,
"4602715","2021-09-07T07:00:00","28.41","-122.04",,,"1","4","2","5",,,"11",,,,,,,,,"10152",,,"8",,,,,"9","207",,,,,,,,,,,,,"237","82","798","172","7","0",,"1","1FFF1F","1AAAA1AAA1AAAA","4",,,,,
"5102629","2021-09-07T07:00:00","22.45","-127.18",,,"1","4","2","5",,,"11",,,,,,,,,,,,"8",,,,,"9","230",,,,,,,,,,,,,"237","27","798","172","7","0",,"1","1FFFFF","1AAAAAAAA1AAAA","4",,,,,
"S6LT4","2021-09-07T07:00:00","28.90","-123.50",,,"1","6","2","5","7","4","1",,"50","4","93","1","98",,,"10110","0","0","8","195",,"180","171","1","210","4",,"2","6","A","A",,"3","1","30","10","3","237","83","798","172","5","1","2","1","112111","111AA111111111",,"5",,,,
"4602718","2021-09-07T07:01:00","28.80","-123.40",,,"1","4","2","5",,,"11",,,,,,,,,"10148",,,"8",,,,,"9","202",,,,,,,,,,,,,"237","83","798","172","7","0",,"1","1FFF1F","1AAAA1AAA1AAAA","4",,,,,
"4602715","2021-09-07T08:00:00","28.41","-122.04",,,"1","4","2","5",,,"11",,,,,,,,,"10151",,,"8",,,,,"9","207",,,,,,,,,,,,,"237","82","798","172","7","0",,"1","1FFF1F","1AAAA1AAA1AAAA","4",,,,,
"4602718","2021-09-07T08:00:00","28.80","-123.40",,,"1","4","2","5",,,"11",,,,,,,,,"10148",,,"8",,,,,"9","202",,,,,,,,,,,,,"237","83","798","172","7","0",,"1","1FFF1F","1AAAA1AAA1AAAA","4",,,,,
"5102629","2021-09-07T08:00:00","22.45","-127.19",,,"1","4","2","5",,,"11",,,,,,,,,,,,"8",,,,,"9","230",,,,,,,,,,,,,"237","27","798","172","7","0",,"1","1FFFFF","1AAAAAAAA1AAAA","4",,,,,
"4602710","2021-09-07T09:00:00","22.91","-121.06",,,"1","4","2","5",,,"11",,,,,,,,,,,,"8",,,,,"9","243",,,,,,,,,,,,,"237","21","798","172","7","0",,"1","1FFFFF","1AAAAAAAA1AAAA","4",,,,,
"4602715","2021-09-07T09:00:00","28.41","-122.05",,,"1","4","2","5",,,"11",,,,,,,,,"10152",,,"8",,,,,"9","207",,,,,,,,,,,,,"237","82","798","172","7","0",,"1","1FFF1F","1AAAA1AAA1AAAA","4",,,,,
"4602718","2021-09-07T09:00:00","28.80","-123.40",,,"1","4","2","5",,,"11",,,,,,,,,"10150",,,"8",,,,,"9","202",,,,,,,,,,,,,"237","83","798","172","7","0",,"1","1FFF1F","1AAAA1AAA1AAAA","4",,,,,
"5102629","2021-09-07T09:00:00","22.45","-127.19",,,"1","4","2","5",,,"11",,,,,,,,,,,,"8",,,,,"9","230",,,,,,,,,,,,,"237","27","798","172","7","0",,"1","1FFFFF","1AAAAAAAA1AAAA","4",,,,,
"4602715","2021-09-07T10:00:00","28.40","-122.05",,,"1","4","2","5",,,"11",,,,,,,,,"10151",,,"8",,,,,"9","207",,,,,,,,,,,,,"237","82","798","172","7","0",,"1","1FFF1F","1AAAA1AAA1AAAA","4",,,,,
"4602718","2021-09-07T10:00:00","28.80","-123.40",,,"1","4","2","5",,,"11",,,,,,,,,"10146",,,"8",,,,,"9","202",,,,,,,,,,,,,"237","83","798","172","7","0",,"1","1FFF1F","1AAAA1AAA1AAAA","4",,,,,
"5102629","2021-09-07T10:00:00","22.46","-127.20",,,"1","4","2","5",,,"11",,,,,,,,,,,,"8",,,,,"9","230",,,,,,,,,,,,,"237","27","798","172","7","0",,"1","1FFFFF","1AAAAAAAA1AAAA","4",,,,,
"4602715","2021-09-07T11:00:00","28.40","-122.05",,,"1","4","2","5",,,"11",,,,,,,,,"10148",,,"8",,,,,"9","207",,,,,,,,,,,,,"237","82","798","172","7","0",,"1","1FFF1F","1AAAA1AAA1AAAA","4",,,,,
"4602718","2021-09-07T11:00:00","28.80","-123.39",,,"1","4","2","5",,,"11",,,,,,,,,"10145",,,"8",,,,,"9","202",,,,,,,,,,,,,"237","83","798","172","7","0",,"1","1FFF1F","1AAAA1AAA1AAAA","4",,,,,
"5102629","2021-09-07T11:00:00","22.46","-127.20",,,"1","4","2","5",,,"11",,,,,,,,,,,,"8",,,,,"9","230",,,,,,,,,,,,,"237","27","798","172","7","0",,"1","1FFFFF","1AAAAAAAA1AAAA","4",,,,,
"S6LT4","2021-09-07T11:00:00","29.50","-127.90",,,"1","6","2","5","7","4","1",,"80","4","77","1","98","3",,"10115",,,"8","230",,"220","215","1","250",,,"A",,"A","A",,"4","2","30","4","3","237","97","798","172","5","1","2","1","311111","1111A11111811A",,"5",,,,
"4602710","2021-09-07T12:00:00","22.90","-121.04",,,"1","4","2","5",,,"11",,,,,,,,,,,,"8",,,,,"9","243",,,,,,,,,,,,,"237","21","798","172","7","0",,"1","1FFFFF","1AAAAAAAA1AAAA","4",,,,,
"4602715","2021-09-07T12:00:00","28.40","-122.05",,,"1","4","2","5",,,"11",,,,,,,,,"10149",,,"8",,,,,"9","207",,,,,,,,,,,,,"237","82","798","172","7","0",,"1","1FFF1F","1AAAA1AAA1AAAA","4",,,,,
"4602718","2021-09-07T12:00:00","28.79","-123.39",,,"1","4","2","5",,,"11",,,,,,,,,"10144",,,"8",,,,,"9","202",,,,,,,,,,,,,"237","83","798","172","7","0",,"1","1FFF1F","1AAAA1AAA1AAAA","4",,,,,
"5102629","2021-09-07T12:00:00","22.46","-127.20",,,"1","4","2","5",,,"11",,,,,,,,,,,,"8",,,,,"9","230",,,,,,,,,,,,,"237","27","798","172","7","0",,"1","1FFFFF","1AAAAAAAA1AAAA","4",,,,,
"4602715","2021-09-07T13:00:00","28.40","-122.06",,,"1","4","2","5",,,"11",,,,,,,,,"10149",,,"8",,,,,"9","207",,,,,,,,,,,,,"237","82","798","172","7","0",,"1","1FFF1F","1AAAA1AAA1AAAA","4",,,,,
"4602718","2021-09-07T13:00:00","28.79","-123.39",,,"1","4","2","5",,,"11",,,,,,,,,"10145",,,"8",,,,,"9","202",,,,,,,,,,,,,"237","83","798","172","7","0",,"1","1FFF1F","1AAAA1AAA1AAAA","4",,,,,
"5102629","2021-09-07T13:00:00","22.46","-127.20",,,"1","4","2","5",,,"11",,,,,,,,,,,,"8",,,,,"9","230",,,,,,,,,,,,,"237","27","798","172","7","0",,"1","1FFFFF","1AAAAAAAA1AAAA","4",,,,,
"2HDG4","2021-09-07T14:00:00","28.10","-120.80",,,"1","6","2","5","3","5","1",,"200","4","36","1","99","2","0","10150","0","0","8","210",,"200","194","1","200","3","3","A","A","4","A",,"13","2",,,,"237","80","798","172","5","1","2","2","111111","111111111111A1",,"5",,"0",,
"4602715","2021-09-07T14:00:00","28.39","-122.06",,,"1","4","2","5",,,"11",,,,,,,,,"10154",,,"8",,,,,"9","207",,,,,,,,,,,,,"237","82","798","172","7","0",,"1","1FFF1F","1AAAA1AAA1AAAA","4",,,,,
"4602718","2021-09-07T14:00:00","28.79","-123.39",,,"1","4","2","5",,,"11",,,,,,,,,"10148",,,"8",,,,,"9","202",,,,,,,,,,,,,"237","83","798","172","7","0",,"1","1FFF1F","1AAAA1AAA1AAAA","4",,,,,
"5102629","2021-09-07T14:00:00","22.46","-127.20",,,"1","4","2","5",,,"11",,,,,,,,,,,,"8",,,,,"9","230",,,,,,,,,,,,,"237","27","798","172","7","0",,"1","1FFFFF","1AAAAAAAA1AAAA","4",,,,,
"4602710","2021-09-07T15:00:00","22.89","-121.03",,,"1","4","2","5",,,"11",,,,,,,,,,,,"8",,,,,"9","243",,,,,,,,,,,,,"237","21","798","172","7","0",,"2","1FFFFF","1AAAAAAAA1AAAA","4",,,,,
"4602715","2021-09-07T15:00:00","28.39","-122.06",,,"1","4","2","5",,,"11",,,,,,,,,"10156",,,"8",,,,,"9","207",,,,,,,,,,,,,"237","82","798","172","7","0",,"2","1FFF1F","1AAAA1AAA1AAAA","4",,,,,
"4602718","2021-09-07T15:00:00","28.79","-123.39",,,"1","4","2","5",,,"11",,,,,,,,,"10154",,,"8",,,,,"9","202",,,,,,,,,,,,,"237","83","798","172","7","0",,"2","1FFF1F","1AAAA1AAA1AAAA","4",,,,,
"5102629","2021-09-07T15:00:00","22.46","-127.20",,,"1","4","2","5",,,"11",,,,,,,,,,,,"8",,,,,"9","229",,,,,,,,,,,,,"237","27","798","172","7","0",,"2","1FFFFF","1AAAAAAAA1AAAA","4",,,,,
"4602715","2021-09-07T16:00:00","28.39","-122.06",,,"1","4","2","5",,,"11",,,,,,,,,"10160",,,"8",,,,,"9","207",,,,,,,,,,,,,"237","82","798","172","7","0",,"2","1FFF1F","1AAAA1AAA1AAAA","4",,,,,
"4602718","2021-09-07T16:00:00","28.79","-123.40",,,"1","4","2","5",,,"11",,,,,,,,,"10158",,,"8",,,,,"9","202",,,,,,,,,,,,,"237","83","798","172","7","0",,"2","1FFF1F","1AAAA1AAA1AAAA","4",,,,,
"5102629","2021-09-07T16:00:00","22.46","-127.19",,,"1","4","2","5",,,"11",,,,,,,,,,,,"8",,,,,"9","230",,,,,,,,,,,,,"237","27","798","172","7","0",,"2","1FFFFF","1AAAAAAAA1AAAA","4",,,,,
"4602715","2021-09-07T17:00:00","28.39","-122.06",,,"1","4","2","5",,,"11",,,,,,,,,"10163",,,"8",,,,,"9","208",,,,,,,,,,,,,"237","82","798","172","7","0",,"2","1FFF1F","1AAAA1AAA1AAAA","4",,,,,
"4602718","2021-09-07T17:00:00","28.79","-123.40",,,"1","4","2","5",,,"11",,,,,,,,,"10160",,,"8",,,,,"9","203",,,,,,,,,,,,,"237","83","798","172","7","0",,"2","1FFF1F","1AAAA1AAA1AAAA","4",,,,,
"5102629","2021-09-07T17:00:00","22.46","-127.19",,,"1","4","2","5",,,"11",,,,,,,,,,,,"8",,,,,"9","230",,,,,,,,,,,,,"237","27","798","172","7","0",,"2","1FFFFF","1AAAAAAAA1AAAA","4",,,,,
"4602710","2021-09-07T18:00:00","22.89","-121.02",,,"1","4","2","5",,,"11",,,,,,,,,,,,"8",,,,,"9","245",,,,,,,,,,,,,"237","21","798","172","7","0",,"2","1FFFFF","1AAAAAAAA1AAAA","4",,,,,
"4602715","2021-09-07T18:00:00","28.40","-122.06",,,"1","4","2","5",,,"11",,,,,,,,,"10164",,,"8",,,,,"9","210",,,,,,,,,,,,,"237","82","798","172","7","0",,"2","1FFF1F","1AAAA1AAA1AAAA","4",,,,,
"4602718","2021-09-07T18:00:00","28.80","-123.39",,,"1","4","2","5",,,"11",,,,,,,,,"10160",,,"8",,,,,"9","205",,,,,,,,,,,,,"237","83","798","172","7","0",,"2","1FFF1F","1AAAA1AAA1AAAA","4",,,,,
"5102629","2021-09-07T18:00:00","22.46","-127.19",,,"1","4","2","5",,,"11",,,,,,,,,,,,"8",,,,,"9","231",,,,,,,,,,,,,"237","27","798","172","7","0",,"2","1FFFFF","1AAAAAAAA1AAAA","4",,,,,
"4602715","2021-09-07T19:00:00","28.40","-122.06",,,"1","4","2","5",,,"11",,,,,,,,,"10162",,,"8",,,,,"9","212",,,,,,,,,,,,,"237","82","798","172","7","0",,"2","1FFF1F","1AAAA1AAA1AAAA","4",,,,,
"4602718","2021-09-07T19:00:00","28.80","-123.39",,,"1","4","2","5",,,"11",,,,,,,,,"10157",,,"8",,,,,"9","206",,,,,,,,,,,,,"237","83","798","172","7","0",,"2","1FFF1F","1AAAA1AAA1AAAA","4",,,,,
"5102629","2021-09-07T19:00:00","22.47","-127.18",,,"1","4","2","5",,,"11",,,,,,,,,,,,"8",,,,,"9","232",,,,,,,,,,,,,"237","27","798","172","7","0",,"2","1FFFFF","1AAAAAAAA1AAAA","4",,,,,
"OWWS2","2021-09-07T19:00:00","28.80","-120.10",,,"1","6","2","5","3","4","1",,"240","4","41","1","98","2","1","10170","4","0","8","240",,"200","180","3","210","4","4","1","3","A","A",,"2","1","29","4","3","237","80","798","172","5","1","2","2","111111","11111111111111",,"5",,"1",,
"4602715","2021-09-07T20:00:00","28.40","-122.06",,,"1","4","2","5",,,"11",,,,,,,,,"10158",,,"8",,,,,"9","215",,,,,,,,,,,,,"237","82","798","172","7","0",,"2","1FFF1F","1AAAA1AAA1AAAA","4",,,,,
"4602718","2021-09-07T20:00:00","28.80","-123.39",,,"1","4","2","5",,,"11",,,,,,,,,"10157",,,"8",,,,,"9","208",,,,,,,,,,,,,"237","83","798","172","7","0",,"2","1FFF1F","1AAAA1AAA1AAAA","4",,,,,
"5102629","2021-09-07T20:00:00","22.47","-127.17",,,"1","4","2","5",,,"11",,,,,,,,,,,,"8",,,,,"9","233",,,,,,,,,,,,,"237","27","798","172","7","0",,"2","1FFFFF","1AAAAAAAA1AAAA","4",,,,,
"4602710","2021-09-07T21:00:00","22.91","-121.00",,,"1","4","2","5",,,"11",,,,,,,,,,,,"8",,,,,"9","248",,,,,,,,,,,,,"237","21","798","172","7","0",,"2","1FFFFF","1AAAAAAAA1AAAA","4",,,,,
"4602715","2021-09-07T21:00:00","28.40","-122.06",,,"1","4","2","5",,,"11",,,,,,,,,"10155",,,"8",,,,,"9","217",,,,,,,,,,,,,"237","82","798","172","7","0",,"2","1FFF1F","1AAAA1AAA1AAAA","4",,,,,
"4602718","2021-09-07T21:00:00","28.80","-123.38",,,"1","4","2","5",,,"11",,,,,,,,,"10153",,,"8",,,,,"9","210",,,,,,,,,,,,,"237","83","798","172","7","0",,"2","1FFF1F","1AAAA1AAA1AAAA","4",,,,,
"5102629","2021-09-07T21:00:00","22.47","-127.17",,,"1","4","2","5",,,"11",,,,,,,,,,,,"8",,,,,"9","234",,,,,,,,,,,,,"237","27","798","172","7","0",,"2","1FFFFF","1AAAAAAAA1AAAA","4",,,,,
"4602715","2021-09-07T23:00:00","28.39","-122.06",,,"1","4","2","5",,,"11",,,,,,,,,"10147",,,"8",,,,,"9","219",,,,,,,,,,,,,"237","82","798","172","7","0",,"2","1FFF1F","1AAAA1AAA1AAAA","4",,,,,
"4602718","2021-09-07T23:00:00","28.80","-123.38",,,"1","4","2","5",,,"11",,,,,,,,,"10146",,,"8",,,,,"9","211",,,,,,,,,,,,,"237","83","798","172","7","0",,"2","1FFF1F","1AAAA1AAA1AAAA","4",,,,,
"5102629","2021-09-07T23:00:00","22.46","-127.17",,,"1","4","2","5",,,"11",,,,,,,,,,,,"8",,,,,"9","235",,,,,,,,,,,,,"237","27","798","172","7","0",,"2","1FFFFF","1AAAAAAAA1AAAA","4",,,,,
"4602710","2021-09-08T00:00:00","22.92","-120.96",,,"1","4","2","5",,,"11",,,,,,,,,,,,"8",,,,,"9","249",,,,,,,,,,,,,"237","20","798","172","7","0",,"2","1FFFFF","1AAAAAAAA1AAAA","4",,,,,
"4602715","2021-09-08T00:00:00","28.39","-122.06",,,"1","4","2","5",,,"11",,,,,,,,,"10147",,,"8",,,,,"9","219",,,,,,,,,,,,,"237","82","798","172","7","0",,"2","1FFF1F","1AAAA1AAA1AAAA","4",,,,,
"4602718","2021-09-08T00:00:00","28.80","-123.37",,,"1","4","2","5",,,"11",,,,,,,,,"10145",,,"8",,,,,"9","211",,,,,,,,,,,,,"237","83","798","172","7","0",,"2","1FFF1F","1AAAA1AAA1AAAA","4",,,,,
"5102629","2021-09-08T00:00:00","22.46","-127.16",,,"1","4","2","5",,,"11",,,,,,,,,,,,"8",,,,,"9","235",,,,,,,,,,,,,"237","27","798","172","7","0",,"2","1FFFFF","1AAAAAAAA1AAAA","4",,,,,
"5301550","2021-09-08T00:00:00","20.00","-129.05",,,"1","4","2","5",,,"11",,,,,,,,,,,,"8",,,,,"9","265",,,,,,,,,,,,,"237","9","798","172","7","0",,"2","1FFFFF","1AAAAAAAA1AAAA","4",,,,,
"4602715","2021-09-08T01:00:00","28.38","-122.06",,,"1","4","2","5",,,"11",,,,,,,,,"10147",,,"8",,,,,"9","217",,,,,,,,,,,,,"237","82","798","172","7","0",,"2","1FFF1F","1AAAA1AAA1AAAA","4",,,,,
"4602718","2021-09-08T01:00:00","28.80","-123.37",,,"1","4","2","5",,,"11",,,,,,,,,"10146",,,"8",,,,,"9","211",,,,,,,,,,,,,"237","83","798","172","7","0",,"2","1FFF1F","1AAAA1AAA1AAAA","4",,,,,
"5102629","2021-09-08T01:00:00","22.46","-127.16",,,"1","4","2","5",,,"11",,,,,,,,,,,,"8",,,,,"9","235",,,,,,,,,,,,,"237","27","798","172","7","0",,"2","1FFFFF","1AAAAAAAA1AAAA","4",,,,,
"5301550","2021-09-08T01:00:00","20.01","-129.03",,,"1","4","2","5",,,"11",,,,,,,,,,,,"8",,,,,"9","264",,,,,,,,,,,,,"237","9","798","172","7","0",,"2","1FFFFF","1AAAAAAAA1AAAA","4",,,,,
"4602715","2021-09-08T02:00:00","28.38","-122.07",,,"1","4","2","5",,,"11",,,,,,,,,"10146",,,"8",,,,,"9","216",,,,,,,,,,,,,"237","82","798","172","7","0",,"2","1FFF1F","1AAAA1AAA1AAAA","4",,,,,
"4602718","2021-09-08T02:00:00","28.79","-123.37",,,"1","4","2","5",,,"11",,,,,,,,,"10147",,,"8",,,,,"9","211",,,,,,,,,,,,,"237","83","798","172","7","0",,"2","1FFF1F","1AAAA1AAA1AAAA","4",,,,,
"5102629","2021-09-08T02:00:00","22.45","-127.16",,,"1","4","2","5",,,"11",,,,,,,,,,,,"8",,,,,"9","234",,,,,,,,,,,,,"237","27","798","172","7","0",,"2","1FFFFF","1AAAAAAAA1AAAA","4",,,,,
"5301550","2021-09-08T02:00:00","20.02","-129.01",,,"1","4","2","5",,,"11",,,,,,,,,,,,"8",,,,,"9","264",,,,,,,,,,,,,"237","9","798","172","7","0",,"2","1FFFFF","1AAAAAAAA1AAAA","4",,,,,
"4602710","2021-09-08T03:00:00","22.91","-120.92",,,"1","4","2","5",,,"11",,,,,,,,,,,,"8",,,,,"9","245",,,,,,,,,,,,,"237","20","798","172","7","0",,"1","1FFFFF","1AAAAAAAA1AAAA","4",,,,,
"4602715","2021-09-08T03:00:00","28.38","-122.07",,,"1","4","2","5",,,"11",,,,,,,,,"10150",,,"8",,,,,"9","214",,,,,,,,,,,,,"237","82","798","172","7","0",,"1","1FFF1F","1AAAA1AAA1AAAA","4",,,,,
"4602718","2021-09-08T03:00:00","28.79","-123.36",,,"1","4","2","5",,,"11",,,,,,,,,"10150",,,"8",,,,,"9","210",,,,,,,,,,,,,"237","83","798","172","7","0",,"1","1FFF1F","1AAAA1AAA1AAAA","4",,,,,
"5102629","2021-09-08T03:00:00","22.45","-127.16",,,"1","4","2","5",,,"11",,,,,,,,,,,,"8",,,,,"9","234",,,,,,,,,,,,,"237","27","798","172","7","0",,"1","1FFFFF","1AAAAAAAA1AAAA","4",,,,,
"5301550","2021-09-08T03:00:00","20.03","-128.99",,,"1","4","2","5",,,"11",,,,,,,,,,,,"8",,,,,"9","264",,,,,,,,,,,,,"237","8","798","172","7","0",,"1","1FFFFF","1AAAAAAAA1AAAA","4",,,,,
"4602715","2021-09-08T04:00:00","28.37","-122.08",,,"1","4","2","5",,,"11",,,,,,,,,"10155",,,"8",,,,,"9","213",,,,,,,,,,,,,"237","82","798","172","7","0",,"1","1FFF1F","1AAAA1AAA1AAAA","4",,,,,
"4602718","2021-09-08T04:00:00","28.79","-123.36",,,"1","4","2","5",,,"11",,,,,,,,,"10155",,,"8",,,,,"9","209",,,,,,,,,,,,,"237","83","798","172","7","0",,"1","1FFF1F","1AAAA1AAA1AAAA","4",,,,,
"5102629","2021-09-08T04:00:00","22.45","-127.16",,,"1","4","2","5",,,"11",,,,,,,,,,,,"8",,,,,"9","233",,,,,,,,,,,,,"237","27","798","172","7","0",,"1","1FFFFF","1AAAAAAAA1AAAA","4",,,,,
"5301550","2021-09-08T04:00:00","20.04","-128.97",,,"1","4","2","5",,,"11",,,,,,,,,,,,"8",,,,,"9","263",,,,,,,,,,,,,"237","8","798","172","7","0",,"1","1FFFFF","1AAAAAAAA1AAAA","4",,,,,
"4602715","2021-09-08T05:00:00","28.37","-122.08",,,"1","4","2","5",,,"11",,,,,,,,,"10158",,,"8",,,,,"9","212",,,,,,,,,,,,,"237","82","798","172","7","0",,"1","1FFF1F","1AAAA1AAA1AAAA","4",,,,,
"4602718","2021-09-08T05:00:00","28.79","-123.36",,,"1","4","2","5",,,"11",,,,,,,,,"10158",,,"8",,,,,"9","209",,,,,,,,,,,,,"237","83","798","172","7","0",,"1","1FFF1F","1AAAA1AAA1AAAA","4",,,,,
"5102629","2021-09-08T05:00:00","22.45","-127.16",,,"1","4","2","5",,,"11",,,,,,,,,,,,"8",,,,,"9","232",,,,,,,,,,,,,"237","27","798","172","7","0",,"1","1FFFFF","1AAAAAAAA1AAAA","4",,,,,
"5301550","2021-09-08T05:00:00","20.05","-128.95",,,"1","4","2","5",,,"11",,,,,,,,,,,,"8",,,,,"9","263",,,,,,,,,,,,,"237","8","798","172","7","0",,"1","1FFFFF","1AAAAAAAA1AAAA","4",,,,,
"4602710","2021-09-08T06:00:00","22.89","-120.89",,,"1","4","2","5",,,"11",,,,,,,,,,,,"8",,,,,"9","243",,,,,,,,,,,,,"237","20","798","172","7","0",,"1","1FFFFF","1AAAAAAAA1AAAA","4",,,,,
"4602715","2021-09-08T06:00:00","28.37","-122.08",,,"1","4","2","5",,,"11",,,,,,,,,"10159",,,"8",,,,,"9","212",,,,,,,,,,,,,"237","82","798","172","7","0",,"1","1FFF1F","1AAAA1AAA1AAAA","4",,,,,
"4602718","2021-09-08T06:00:00","28.79","-123.36",,,"1","4","2","5",,,"11",,,,,,,,,"10159",,,"8",,,,,"9","209",,,,,,,,,,,,,"237","83","798","172","7","0",,"1","1FFF1F","1AAAA1AAA1AAAA","4",,,,,
"5102629","2021-09-08T06:00:00","22.45","-127.16",,,"1","4","2","5",,,"11",,,,,,,,,,,,"8",,,,,"9","231",,,,,,,,,,,,,"237","27","798","172","7","0",,"1","1FFFFF","1AAAAAAAA1AAAA","4",,,,,
"5301550","2021-09-08T06:00:00","20.06","-128.94",,,"1","4","2","5",,,"11",,,,,,,,,,,,"8",,,,,"9","262",,,,,,,,,,,,,"237","8","798","172","7","0",,"1","1FFFFF","1AAAAAAAA1AAAA","4",,,,,
"4602715","2021-09-08T07:00:00","28.37","-122.08",,,"1","4","2","5",,,"11",,,,,,,,,"10157",,,"8",,,,,"9","212",,,,,,,,,,,,,"237","82","798","172","7","0",,"1","1FFF1F","1AAAA1AAA1AAAA","4",,,,,
"4602718","2021-09-08T07:00:00","28.79","-123.36",,,"1","4","2","5",,,"11",,,,,,,,,"10158",,,"8",,,,,"9","209",,,,,,,,,,,,,"237","83","798","172","7","0",,"1","1FFF1F","1AAAA1AAA1AAAA","4",,,,,
"5102629","2021-09-08T07:00:00","22.45","-127.16",,,"1","4","2","5",,,"11",,,,,,,,,,,,"8",,,,,"9","231",,,,,,,,,,,,,"237","27","798","172","7","0",,"1","1FFFFF","1AAAAAAAA1AAAA","4",,,,,
"5301550","2021-09-08T07:00:00","20.06","-128.92",,,"1","4","2","5",,,"11",,,,,,,,,,,,"8",,,,,"9","262",,,,,,,,,,,,,"237","8","798","172","7","0",,"1","1FFFFF","1AAAAAAAA1AAAA","4",,,,,
"4602715","2021-09-08T08:00:00","28.37","-122.08",,,"1","4","2","5",,,"11",,,,,,,,,"10155",,,"8",,,,,"9","211",,,,,,,,,,,,,"237","82","798","172","7","0",,"1","1FFF1F","1AAAA1AAA1AAAA","4",,,,,
"4602718","2021-09-08T08:00:00","28.79","-123.36",,,"1","4","2","5",,,"11",,,,,,,,,"10155",,,"8",,,,,"9","208",,,,,,,,,,,,,"237","83","798","172","7","0",,"1","1FFF1F","1AAAA1AAA1AAAA","4",,,,,
"5102629","2021-09-08T08:00:00","22.45","-127.16",,,"1","4","2","5",,,"11",,,,,,,,,,,,"8",,,,,"9","231",,,,,,,,,,,,,"237","27","798","172","7","0",,"1","1FFFFF","1AAAAAAAA1AAAA","4",,,,,
"5301550","2021-09-08T08:00:00","20.07","-128.90",,,"1","4","2","5",,,"11",,,,,,,,,,,,"8",,,,,"9","261",,,,,,,,,,,,,"237","8","798","172","7","0",,"1","1FFFFF","1AAAAAAAA1AAAA","4",,,,,
"4602710","2021-09-08T09:00:00","22.87","-120.88",,,"1","4","2","5",,,"11",,,,,,,,,,,,"8",,,,,"9","241",,,,,,,,,,,,,"237","20","798","172","7","0",,"1","1FFFFF","1AAAAAAAA1AAAA","4",,,,,
"4602715","2021-09-08T09:00:00","28.37","-122.09",,,"1","4","2","5",,,"11",,,,,,,,,"10151",,,"8",,,,,"9","211",,,,,,,,,,,,,"237","82","798","172","7","0",,"1","1FFF1F","1AAAA1AAA1AAAA","4",,,,,
"4602718","2021-09-08T09:00:00","28.78","-123.35",,,"1","4","2","5",,,"11",,,,,,,,,"10151",,,"8",,,,,"9","208",,,,,,,,,,,,,"237","83","798","172","7","0",,"1","1FFF1F","1AAAA1AAA1AAAA","4",,,,,
"5102629","2021-09-08T09:00:00","22.45","-127.16",,,"1","4","2","5",,,"11",,,,,,,,,,,,"8",,,,,"9","231",,,,,,,,,,,,,"237","27","798","172","7","0",,"1","1FFFFF","1AAAAAAAA1AAAA","4",,,,,
"5301550","2021-09-08T09:00:00","20.07","-128.88",,,"1","4","2","5",,,"11",,,,,,,,,,,,"8",,,,,"9","261",,,,,,,,,,,,,"237","8","798","172","7","0",,"1","1FFFFF","1AAAAAAAA1AAAA","4",,,,,
"4602715","2021-09-08T10:00:00","28.36","-122.09",,,"1","4","2","5",,,"11",,,,,,,,,"10146",,,"8",,,,,"9","211",,,,,,,,,,,,,"237","82","798","172","7","0",,"1","1FFF1F","1AAAA1AAA1AAAA","4",,,,,
"4602718","2021-09-08T10:00:00","28.78","-123.35",,,"1","4","2","5",,,"11",,,,,,,,,"10149",,,"8",,,,,"9","207",,,,,,,,,,,,,"237","83","798","172","7","0",,"1","1FFF1F","1AAAA1AAA1AAAA","4",,,,,
"5102629","2021-09-08T10:00:00","22.43","-127.15",,,"1","4","2","5",,,"11",,,,,,,,,,,,"8",,,,,"9","230",,,,,,,,,,,,,"237","27","798","172","7","0",,"1","1FFFFF","1AAAAAAAA1AAAA","4",,,,,
"5301550","2021-09-08T10:00:00","20.08","-128.87",,,"1","4","2","5",,,"11",,,,,,,,,,,,"8",,,,,"9","261",,,,,,,,,,,,,"237","8","798","172","7","0",,"1","1FFFFF","1AAAAAAAA1AAAA","4",,,,,
"4602715","2021-09-08T11:00:00","28.36","-122.09",,,"1","4","2","5",,,"11",,,,,,,,,"10143",,,"8",,,,,"9","210",,,,,,,,,,,,,"237","82","798","172","7","0",,"1","1FFF1F","1AAAA1AAA1AAAA","4",,,,,
"4602718","2021-09-08T11:00:00","28.78","-123.35",,,"1","4","2","5",,,"11",,,,,,,,,"10145",,,"8",,,,,"9","207",,,,,,,,,,,,,"237","83","798","172","7","0",,"1","1FFF1F","1AAAA1AAA1AAAA","4",,,,,
"2HDF9","2021-09-08T12:00:00","29.80","-120.90",,,"1","6","2","5","7","5","1",,"300","4","108","1","98",,,"10135","4","0","8","190",,"180","174","1","210","5","3","8","5","7","6",,"7","6","29","7","6","237","90","798","172","5","1","2","1","113111","111AA111111111",,"5",,,,
"4602710","2021-09-08T12:00:00","22.86","-120.87",,,"1","4","2","5",,,"11",,,,,,,,,,,,"8",,,,,"9","241",,,,,,,,,,,,,"237","20","798","172","7","0",,"1","1FFFFF","1AAAAAAAA1AAAA","4",,,,,
"4602715","2021-09-08T12:00:00","28.36","-122.10",,,"1","4","2","5",,,"11",,,,,,,,,"10144",,,"8",,,,,"9","209",,,,,,,,,,,,,"237","82","798","172","7","0",,"1","1FFF1F","1AAAA1AAA1AAAA","4",,,,,
"4602718","2021-09-08T12:00:00","28.78","-123.35",,,"1","4","2","5",,,"11",,,,,,,,,"10143",,,"8",,,,,"9","207",,,,,,,,,,,,,"237","83","798","172","7","0",,"1","1FFF1F","1AAAA1AAA1AAAA","4",,,,,
"5102629","2021-09-08T12:00:00","22.43","-127.15",,,"1","4","2","5",,,"11",,,,,,,,,,,,"8",,,,,"9","229",,,,,,,,,,,,,"237","27","798","172","7","0",,"1","1FFFFF","1AAAAAAAA1AAAA","4",,,,,
"5301550","2021-09-08T12:00:00","20.08","-128.84",,,"1","4","2","5",,,"11",,,,,,,,,,,,"8",,,,,"9","260",,,,,,,,,,,,,"237","8","798","172","7","0",,"1","1FFFFF","1AAAAAAAA1AAAA","4",,,,,
"A8TG2","2021-09-08T12:00:00","29.30","-121.00",,,"1","5","2","5","7","4","1",,"350","4","93","1","98","3","2","10140",,,"8","220",,"190","172",,,"5","5","2","5","5","A",,"2","1","5","3","3","237","91","798","172","5","1","2","1","F11111","111111111A111A",,"5",,"2",,
"4602715","2021-09-08T13:00:00","28.36","-122.10",,,"1","4","2","5",,,"11",,,,,,,,,"10147",,,"8",,,,,"9","209",,,,,,,,,,,,,"237","82","798","172","7","0",,"1","1FFF1F","1AAAA1AAA1AAAA","4",,,,,
"4602718","2021-09-08T13:00:00","28.77","-123.36",,,"1","4","2","5",,,"11",,,,,,,,,"10147",,,"8",,,,,"9","206",,,,,,,,,,,,,"237","83","798","172","7","0",,"1","1FFF1F","1AAAA1AAA1AAAA","4",,,,,
"5102629","2021-09-08T13:00:00","22.43","-127.15",,,"1","4","2","5",,,"11",,,,,,,,,,,,"8",,,,,"9","229",,,,,,,,,,,,,"237","27","798","172","7","0",,"1","1FFFFF","1AAAAAAAA1AAAA","4",,,,,
"5301550","2021-09-08T13:00:00","20.08","-128.83",,,"1","4","2","5",,,"11",,,,,,,,,,,,"8",,,,,"9","260",,,,,,,,,,,,,"237","8","798","172","7","0",,"1","1FFFFF","1AAAAAAAA1AAAA","4",,,,,
"4602715","2021-09-08T14:00:00","28.36","-122.11",,,"1","4","2","5",,,"11",,,,,,,,,"10149",,,"8",,,,,"9","209",,,,,,,,,,,,,"237","82","798","172","7","0",,"1","1FFF1F","1AAAA1AAA1AAAA","4",,,,,
"4602718","2021-09-08T14:00:00","28.77","-123.36",,,"1","4","2","5",,,"11",,,,,,,,,"10149",,,"8",,,,,"9","205",,,,,,,,,,,,,"237","83","798","172","7","0",,"1","1FFF1F","1AAAA1AAA1AAAA","4",,,,,
"5102629","2021-09-08T14:00:00","22.42","-127.15",,,"1","4","2","5",,,"11",,,,,,,,,,,,"8",,,,,"9","229",,,,,,,,,,,,,"237","27","798","172","7","0",,"1","1FFFFF","1AAAAAAAA1AAAA","4",,,,,
"5301550","2021-09-08T14:00:00","20.08","-128.82",,,"1","4","2","5",,,"11",,,,,,,,,,,,"8",,,,,"9","260",,,,,,,,,,,,,"237","8","798","172","7","0",,"1","1FFFFF","1AAAAAAAA1AAAA","4",,,,,
"4602710","2021-09-08T15:00:00","22.84","-120.86",,,"1","4","2","5",,,"11",,,,,,,,,,,,"8",,,,,"9","241",,,,,,,,,,,,,"237","20","798","172","7","0",,"2","1FFFFF","1AAAAAAAA1AAAA","4",,,,,
"4602715","2021-09-08T15:00:00","28.36","-122.11",,,"1","4","2","5",,,"11",,,,,,,,,"10150",,,"8",,,,,"9","209",,,,,,,,,,,,,"237","82","798","172","7","0",,"2","1FFF1F","1AAAA1AAA1AAAA","4",,,,,
"4602718","2021-09-08T15:00:00","28.77","-123.36",,,"1","4","2","5",,,"11",,,,,,,,,"10153",,,"8",,,,,"9","205",,,,,,,,,,,,,"237","83","798","172","7","0",,"2","1FFF1F","1AAAA1AAA1AAAA","4",,,,,
"5102629","2021-09-08T15:00:00","22.42","-127.15",,,"1","4","2","5",,,"11",,,,,,,,,,,,"8",,,,,"9","229",,,,,,,,,,,,,"237","27","798","172","7","0",,"2","1FFFFF","1AAAAAAAA1AAAA","4",,,,,
"5301550","2021-09-08T15:00:00","20.09","-128.81",,,"1","4","2","5",,,"11",,,,,,,,,,,,"8",,,,,"9","260",,,,,,,,,,,,,"237","8","798","172","7","0",,"2","1FFFFF","1AAAAAAAA1AAAA","4",,,,,
"4602715","2021-09-08T16:00:00","28.36","-122.11",,,"1","4","2","5",,,"11",,,,,,,,,"10154",,,"8",,,,,"9","209",,,,,,,,,,,,,"237","82","798","172","7","0",,"2","1FFF1F","1AAAA1AAA1AAAA","4",,,,,
"4602718","2021-09-08T16:00:00","28.78","-123.36",,,"1","4","2","5",,,"11",,,,,,,,,"10157",,,"8",,,,,"9","204",,,,,,,,,,,,,"237","83","798","172","7","0",,"2","1FFF1F","1AAAA1AAA1AAAA","4",,,,,
"5102629","2021-09-08T16:00:00","22.41","-127.14",,,"1","4","2","5",,,"11",,,,,,,,,,,,"8",,,,,"9","229",,,,,,,,,,,,,"237","27","798","172","7","0",,"2","1FFFFF","1AAAAAAAA1AAAA","4",,,,,
"5301550","2021-09-08T16:00:00","20.09","-128.80",,,"1","4","2","5",,,"11",,,,,,,,,,,,"8",,,,,"9","260",,,,,,,,,,,,,"237","8","798","172","7","0",,"2","1FFFFF","1AAAAAAAA1AAAA","4",,,,,
"4602715","2021-09-08T17:00:00","28.35","-122.11",,,"1","4","2","5",,,"11",,,,,,,,,"10159",,,"8",,,,,"9","210",,,,,,,,,,,,,"237","82","798","172","7","0",,"2","1FFF1F","1AAAA1AAA1AAAA","4",,,,,
"5102629","2021-09-08T17:00:00","22.41","-127.14",,,"1","4","2","5",,,"11",,,,,,,,,,,,"8",,,,,"9","230",,,,,,,,,,,,,"237","27","798","172","7","0",,"2","1FFFFF","1AAAAAAAA1AAAA","4",,,,,
"5301550","2021-09-08T17:00:00","20.10","-128.79",,,"1","4","2","5",,,"11",,,,,,,,,,,,"8",,,,,"9","260",,,,,,,,,,,,,"237","8","798","172","7","0",,"2","1FFFFF","1AAAAAAAA1AAAA","4",,,,,
"4602718","2021-09-08T17:01:00","28.78","-123.36",,,"1","4","2","5",,,"11",,,,,,,,,"10158",,,"8",,,,,"9","205",,,,,,,,,,,,,"237","83","798","172","7","0",,"2","1FFF1F","1AAAA1AAA1AAAA","4",,,,,
"3FTI4","2021-09-08T18:00:00","26.20","-120.30",,,"1","5","2","5","9",,"1",,"10","4","41",,,,,,,,"8","250",,,,,,"4",,,"A",,,,,"3",,,,"237","60","798","172","5","1","2","2","F111FF","11AAAA1AAA13AA",,"5",,,,
"4602710","2021-09-08T18:00:00","22.83","-120.85",,,"1","4","2","5",,,"11",,,,,,,,,,,,"8",,,,,"9","244",,,,,,,,,,,,,"237","20","798","172","7","0",,"2","1FFFFF","1AAAAAAAA1AAAA","4",,,,,
"4602715","2021-09-08T18:00:00","28.35","-122.12",,,"1","4","2","5",,,"11",,,,,,,,,"10159",,,"8",,,,,"9","211",,,,,,,,,,,,,"237","82","798","172","7","0",,"2","1FFF1F","1AAAA1AAA1AAAA","4",,,,,
"4602718","2021-09-08T18:00:00","28.79","-123.35",,,"1","4","2","5",,,"11",,,,,,,,,"10158",,,"8",,,,,"9","206",,,,,,,,,,,,,"237","83","798","172","7","0",,"2","1FFF1F","1AAAA1AAA1AAAA","4",,,,,
"5102629","2021-09-08T18:00:00","22.40","-127.14",,,"1","4","2","5",,,"11",,,,,,,,,,,,"8",,,,,"9","230",,,,,,,,,,,,,"237","27","798","172","7","0",,"2","1FFFFF","1AAAAAAAA1AAAA","4",,,,,
"5301550","2021-09-08T18:00:00","20.10","-128.78",,,"1","4","2","5",,,"11",,,,,,,,,,,,"8",,,,,"9","261",,,,,,,,,,,,,"237","8","798","172","7","0",,"2","1FFFFF","1AAAAAAAA1AAAA","4",,,,,
"4602715","2021-09-08T19:00:00","28.36","-122.12",,,"1","4","2","5",,,"11",,,,,,,,,"10154",,,"8",,,,,"9","215",,,,,,,,,,,,,"237","82","798","172","7","0",,"2","1FFF1F","1AAAA1AAA1AAAA","4",,,,,
"4602718","2021-09-08T19:00:00","28.79","-123.35",,,"1","4","2","5",,,"11",,,,,,,,,"10159",,,"8",,,,,"9","206",,,,,,,,,,,,,"237","83","798","172","7","0",,"2","1FFF1F","1AAAA1AAA1AAAA","4",,,,,
"5102629","2021-09-08T19:00:00","22.40","-127.14",,,"1","4","2","5",,,"11",,,,,,,,,,,,"8",,,,,"9","232",,,,,,,,,,,,,"237","27","798","172","7","0",,"2","1FFFFF","1AAAAAAAA1AAAA","4",,,,,
"5301550","2021-09-08T19:00:00","20.11","-128.77",,,"1","4","2","5",,,"11",,,,,,,,,,,,"8",,,,,"9","262",,,,,,,,,,,,,"237","8","798","172","7","0",,"2","1FFFFF","1AAAAAAAA1AAAA","4",,,,,
"4602715","2021-09-08T20:00:00","28.35","-122.11",,,"1","4","2","5",,,"11",,,,,,,,,"10149",,,"8",,,,,"9","213",,,,,,,,,,,,,"237","82","798","172","7","0",,"2","1FFF1F","1AAAA1AAA1AAAA","4",,,,,
"5102629","2021-09-08T20:00:00","22.40","-127.14",,,"1","4","2","5",,,"11",,,,,,,,,,,,"8",,,,,"9","233",,,,,,,,,,,,,"237","27","798","172","7","0",,"2","1FFFFF","1AAAAAAAA1AAAA","4",,,,,
"5301550","2021-09-08T20:00:00","20.11","-128.76",,,"1","4","2","5",,,"11",,,,,,,,,,,,"8",,,,,"9","265",,,,,,,,,,,,,"237","8","798","172","7","0",,"2","1FFFFF","1AAAAAAAA1AAAA","4",,,,,
"D5YX3","2021-09-08T20:00:00","25.20","-121.10",,,"1","6","2","5","9",,"1",,"320","3","62","1","97","2",,"10140",,,"8","240",,,,"3","200","3",,"A","A","A","A",,,"2","32",,,"237","51","798","172","5","1","2","2","11111F","1111A11AA1137A",,"5",,,,
"4602718","2021-09-08T20:01:00","28.79","-123.34",,,"1","4","2","5",,,"11",,,,,,,,,"10152",,,"8",,,,,"9","208",,,,,,,,,,,,,"237","83","798","172","7","0",,"2","1FFF1F","1AAAA1AAA1AAAA","4",,,,,
"4602710","2021-09-08T21:00:00","22.82","-120.84",,,"1","4","2","5",,,"11",,,,,,,,,,,,"8",,,,,"9","255",,,,,,,,,,,,,"237","20","798","172","7","0",,"2","1FFFFF","1AAAAAAAA1AAAA","4",,,,,
"4602715","2021-09-08T21:00:00","28.35","-122.11",,,"1","4","2","5",,,"11",,,,,,,,,"10136",,,"8",,,,,"9","215",,,,,,,,,,,,,"237","82","798","172","7","0",,"2","1FFF1F","1AAAA1AAA1AAAA","4",,,,,
"4602718","2021-09-08T21:00:00","28.79","-123.33",,,"1","4","2","5",,,"11",,,,,,,,,"10149",,,"8",,,,,"9","212",,,,,,,,,,,,,"237","83","798","172","7","0",,"2","1FFF1F","1AAAA1AAA1AAAA","4",,,,,
"5102629","2021-09-08T21:00:00","22.40","-127.14",,,"1","4","2","5",,,"11",,,,,,,,,,,,"8",,,,,"9","233",,,,,,,,,,,,,"237","27","798","172","7","0",,"2","1FFFFF","1AAAAAAAA1AAAA","4",,,,,
"5301550","2021-09-08T21:00:00","20.12","-128.75",,,"1","4","2","5",,,"11",,,,,,,,,,,,"8",,,,,"9","267",,,,,,,,,,,,,"237","8","798","172","7","0",,"2","1FFFFF","1AAAAAAAA1AAAA","4",,,,,
"4602715","2021-09-08T22:00:00","28.35","-122.11",,,"1","4","2","5",,,"11",,,,,,,,,"10137",,,"8",,,,,"9","214",,,,,,,,,,,,,"237","82","798","172","7","0",,"2","1FFF1F","1AAAA1AAA1AAAA","4",,,,,
"4602718","2021-09-08T22:00:00","28.78","-123.33",,,"1","4","2","5",,,"11",,,,,,,,,"10137",,,"8",,,,,"9","212",,,,,,,,,,,,,"237","83","798","172","7","0",,"2","1FFF1F","1AAAA1AAA1AAAA","4",,,,,
"5102629","2021-09-08T22:00:00","22.39","-127.14",,,"1","4","2","5",,,"11",,,,,,,,,,,,"8",,,,,"9","234",,,,,,,,,,,,,"237","27","798","172","7","0",,"2","1FFFFF","1AAAAAAAA1AAAA","4",,,,,
"5301550","2021-09-08T22:00:00","20.12","-128.75",,,"1","4","2","5",,,"11",,,,,,,,,,,,"8",,,,,"9","269",,,,,,,,,,,,,"237","8","798","172","7","0",,"2","1FFFFF","1AAAAAAAA1AAAA","4",,,,,
"4602715","2021-09-08T23:00:00","28.35","-122.11",,,"1","4","2","5",,,"11",,,,,,,,,"10134",,,"8",,,,,"9","215",,,,,,,,,,,,,"237","82","798","172","7","0",,"2","1FFF1F","1AAAA1AAA1AAAA","4",,,,,
"4602718","2021-09-08T23:00:00","28.78","-123.33",,,"1","4","2","5",,,"11",,,,,,,,,"10137",,,"8",,,,,"9","210",,,,,,,,,,,,,"237","83","798","172","7","0",,"2","1FFF1F","1AAAA1AAA1AAAA","4",,,,,
"5102629","2021-09-08T23:00:00","22.39","-127.14",,,"1","4","2","5",,,"11",,,,,,,,,,,,"8",,,,,"9","234",,,,,,,,,,,,,"237","27","798","172","7","0",,"2","1FFFFF","1AAAAAAAA1AAAA","4",,,,,
"5301550","2021-09-08T23:00:00","20.13","-128.74",,,"1","4","2","5",,,"11",,,,,,,,,,,,"8",,,,,"9","268",,,,,,,,,,,,,"237","8","798","172","7","0",,"2","1FFFFF","1AAAAAAAA1AAAA","4",,,,,
"4602710","2021-09-09T00:00:00","22.80","-120.84",,,"1","4","2","5",,,"11",,,,,,,,,,,,"8",,,,,"9","256",,,,,,,,,,,,,"237","20","798","172","7","0",,"2","1FFFFF","1AAAAAAAA1AAAA","4",,,,,
"4602715","2021-09-09T00:00:00","28.34","-122.11",,,"1","4","2","5",,,"11",,,,,,,,,"10129",,,"8",,,,,"9","215",,,,,,,,,,,,,"237","82","798","172","7","0",,"2","1FFF1F","1AAAA1AAA1AAAA","4",,,,,
"4602718","2021-09-09T00:00:00","28.78","-123.33",,,"1","4","2","5",,,"11",,,,,,,,,"10132",,,"8",,,,,"9","210",,,,,,,,,,,,,"237","83","798","172","7","0",,"2","1FFF1F","1AAAA1AAA1AAAA","4",,,,,
"5102629","2021-09-09T00:00:00","22.39","-127.14",,,"1","4","2","5",,,"11",,,,,,,,,,,,"8",,,,,"9","233",,,,,,,,,,,,,"237","27","798","172","7","0",,"2","1FFFFF","1AAAAAAAA1AAAA","4",,,,,
"5301550","2021-09-09T00:00:00","20.14","-128.73",,,"1","4","2","5",,,"11",,,,,,,,,,,,"8",,,,,"9","268",,,,,,,,,,,,,"237","8","798","172","7","0",,"2","1FFFFF","1AAAAAAAA1AAAA","4",,,,,
"4602715","2021-09-09T01:00:00","28.33","-122.11",,,"1","4","2","5",,,"11",,,,,,,,,"10132",,,"8",,,,,"9","214",,,,,,,,,,,,,"237","82","798","172","7","0",,"2","1FFF1F","1AAAA1AAA1AAAA","4",,,,,
"4602718","2021-09-09T01:00:00","28.77","-123.33",,,"1","4","2","5",,,"11",,,,,,,,,"10136",,,"8",,,,,"9","209",,,,,,,,,,,,,"237","83","798","172","7","0",,"2","1FFF1F","1AAAA1AAA1AAAA","4",,,,,
"5102629","2021-09-09T01:00:00","22.39","-127.14",,,"1","4","2","5",,,"11",,,,,,,,,,,,"8",,,,,"9","233",,,,,,,,,,,,,"237","27","798","172","7","0",,"2","1FFFFF","1AAAAAAAA1AAAA","4",,,,,
"5301550","2021-09-09T01:00:00","20.14","-128.73",,,"1","4","2","5",,,"11",,,,,,,,,,,,"8",,,,,"9","267",,,,,,,,,,,,,"237","8","798","172","7","0",,"2","1FFFFF","1AAAAAAAA1AAAA","4",,,,,
"4602715","2021-09-09T02:00:00","28.33","-122.12",,,"1","4","2","5",,,"11",,,,,,,,,"10137",,,"8",,,,,"9","214",,,,,,,,,,,,,"237","82","798","172","7","0",,"2","1FFF1F","1AAAA1AAA1AAAA","4",,,,,
"4602718","2021-09-09T02:00:00","28.77","-123.32",,,"1","4","2","5",,,"11",,,,,,,,,"10139",,,"8",,,,,"9","209",,,,,,,,,,,,,"237","83","798","172","7","0",,"2","1FFF1F","1AAAA1AAA1AAAA","4",,,,,
"5102629","2021-09-09T02:00:00","22.38","-127.15",,,"1","4","2","5",,,"11",,,,,,,,,,,,"8",,,,,"9","232",,,,,,,,,,,,,"237","27","798","172","7","0",,"2","1FFFFF","1AAAAAAAA1AAAA","4",,,,,
"5301550","2021-09-09T02:00:00","20.15","-128.72",,,"1","4","2","5",,,"11",,,,,,,,,,,,"8",,,,,"9","266",,,,,,,,,,,,,"237","8","798","172","7","0",,"2","1FFFFF","1AAAAAAAA1AAAA","4",,,,,
"4602710","2021-09-09T03:00:00","22.79","-120.83",,,"1","4","2","5",,,"11",,,,,,,,,,,,"8",,,,,"9","246",,,,,,,,,,,,,"237","20","798","172","7","0",,"1","1FFFFF","1AAAAAAAA1AAAA","4",,,,,
"4602715","2021-09-09T03:00:00","28.32","-122.12",,,"1","4","2","5",,,"11",,,,,,,,,"10140",,,"8",,,,,"9","213",,,,,,,,,,,,,"237","82","798","172","7","0",,"1","1FFF1F","1AAAA1AAA1AAAA","4",,,,,
"4602718","2021-09-09T03:00:00","28.77","-123.32",,,"1","4","2","5",,,"11",,,,,,,,,"10139",,,"8",,,,,"9","208",,,,,,,,,,,,,"237","83","798","172","7","0",,"1","1FFF1F","1AAAA1AAA1AAAA","4",,,,,
"5102629","2021-09-09T03:00:00","22.38","-127.15",,,"1","4","2","5",,,"11",,,,,,,,,,,,"8",,,,,"9","231",,,,,,,,,,,,,"237","27","798","172","7","0",,"1","1FFFFF","1AAAAAAAA1AAAA","4",,,,,
"5301550","2021-09-09T03:00:00","20.15","-128.72",,,"1","4","2","5",,,"11",,,,,,,,,,,,"8",,,,,"9","265",,,,,,,,,,,,,"237","8","798","172","7","0",,"1","1FFFFF","1AAAAAAAA1AAAA","4",,,,,
"4602715","2021-09-09T04:00:00","28.32","-122.12",,,"1","4","2","5",,,"11",,,,,,,,,"10141",,,"8",,,,,"9","213",,,,,,,,,,,,,"237","82","798","172","7","0",,"1","1FFF1F","1AAAA1AAA1AAAA","4",,,,,
"4602718","2021-09-09T04:00:00","28.77","-123.32",,,"1","4","2","5",,,"11",,,,,,,,,"10144",,,"8",,,,,"9","208",,,,,,,,,,,,,"237","83","798","172","7","0",,"1","1FFF1F","1AAAA1AAA1AAAA","4",,,,,
"5102629","2021-09-09T04:00:00","22.38","-127.15",,,"1","4","2","5",,,"11",,,,,,,,,,,,"8",,,,,"9","231",,,,,,,,,,,,,"237","27","798","172","7","0",,"1","1FFFFF","1AAAAAAAA1AAAA","4",,,,,
"5301550","2021-09-09T04:00:00","20.16","-128.71",,,"1","4","2","5",,,"11",,,,,,,,,,,,"8",,,,,"9","264",,,,,,,,,,,,,"237","8","798","172","7","0",,"1","1FFFFF","1AAAAAAAA1AAAA","4",,,,,
"4602718","2021-09-09T05:00:00","28.77","-123.32",,,"1","4","2","5",,,"11",,,,,,,,,"10144",,,"8",,,,,"9","208",,,,,,,,,,,,,"237","83","798","172","7","0",,"1","1FFF1F","1AAAA1AAA1AAAA","4",,,,,
"5102629","2021-09-09T05:00:00","22.38","-127.14",,,"1","4","2","5",,,"11",,,,,,,,,,,,"8",,,,,"9","231",,,,,,,,,,,,,"237","27","798","172","7","0",,"1","1FFFFF","1AAAAAAAA1AAAA","4",,,,,
"5301550","2021-09-09T05:00:00","20.16","-128.71",,,"1","4","2","5",,,"11",,,,,,,,,,,,"8",,,,,"9","264",,,,,,,,,,,,,"237","8","798","172","7","0",,"1","1FFFFF","1AAAAAAAA1AAAA","4",,,,,
"4602715","2021-09-09T05:01:00","28.32","-122.13",,,"1","4","2","5",,,"11",,,,,,,,,"10142",,,"8",,,,,"9","213",,,,,,,,,,,,,"237","82","798","172","7","0",,"1","1FFF1F","1AAAA1AAA1AAAA","4",,,,,
"4602710","2021-09-09T06:00:00","22.78","-120.81",,,"1","4","2","5",,,"11",,,,,,,,,,,,"8",,,,,"9","242",,,,,,,,,,,,,"237","20","798","172","7","0",,"1","1FFFFF","1AAAAAAAA1AAAA","4",,,,,
"4602715","2021-09-09T06:00:00","28.31","-122.13",,,"1","4","2","5",,,"11",,,,,,,,,"10140",,,"8",,,,,"9","212",,,,,,,,,,,,,"237","82","798","172","7","0",,"1","1FFF1F","1AAAA1AAA1AAAA","4",,,,,
"4602718","2021-09-09T06:00:00","28.77","-123.31",,,"1","4","2","5",,,"11",,,,,,,,,"10144",,,"8",,,,,"9","208",,,,,,,,,,,,,"237","83","798","172","7","0",,"1","1FFF1F","1AAAA1AAA1AAAA","4",,,,,
"5102629","2021-09-09T06:00:00","22.38","-127.14",,,"1","4","2","5",,,"11",,,,,,,,,,,,"8",,,,,"9","231",,,,,,,,,,,,,"237","27","798","172","7","0",,"1","1FFFFF","1AAAAAAAA1AAAA","4",,,,,
"5301550","2021-09-09T06:00:00","20.17","-128.70",,,"1","4","2","5",,,"11",,,,,,,,,,,,"8",,,,,"9","263",,,,,,,,,,,,,"237","8","798","172","7","0",,"1","1FFFFF","1AAAAAAAA1AAAA","4",,,,,
"4602715","2021-09-09T07:00:00","28.31","-122.13",,,"1","4","2","5",,,"11",,,,,,,,,"10136",,,"8",,,,,"9","212",,,,,,,,,,,,,"237","82","798","172","7","0",,"1","1FFF1F","1AAAA1AAA1AAAA","4",,,,,
"4602718","2021-09-09T07:00:00","28.76","-123.31",,,"1","4","2","5",,,"11",,,,,,,,,"10142",,,"8",,,,,"9","208",,,,,,,,,,,,,"237","83","798","172","7","0",,"1","1FFF1F","1AAAA1AAA1AAAA","4",,,,,
"5102629","2021-09-09T07:00:00","22.38","-127.14",,,"1","4","2","5",,,"11",,,,,,,,,,,,"8",,,,,"9","231",,,,,,,,,,,,,"237","27","798","172","7","0",,"1","1FFFFF","1AAAAAAAA1AAAA","4",,,,,
"5301550","2021-09-09T07:00:00","20.18","-128.69",,,"1","4","2","5",,,"11",,,,,,,,,,,,"8",,,,,"9","262",,,,,,,,,,,,,"237","8","798","172","7","0",,"1","1FFFFF","1AAAAAAAA1AAAA","4",,,,,
"5102629","2021-09-09T08:00:00","22.38","-127.14",,,"1","4","2","5",,,"11",,,,,,,,,,,,"8",,,,,"9","231",,,,,,,,,,,,,"237","27","798","172","7","0",,"1","1FFFFF","1AAAAAAAA1AAAA","4",,,,,
"5301550","2021-09-09T08:00:00","20.19","-128.68",,,"1","4","2","5",,,"11",,,,,,,,,,,,"8",,,,,"9","262",,,,,,,,,,,,,"237","8","798","172","7","0",,"1","1FFFFF","1AAAAAAAA1AAAA","4",,,,,
"4602715","2021-09-09T08:01:00","28.31","-122.13",,,"1","4","2","5",,,"11",,,,,,,,,"10139",,,"8",,,,,"9","212",,,,,,,,,,,,,"237","82","798","172","7","0",,"1","1FFF1F","1AAAA1AAA1AAAA","4",,,,,
"4602718","2021-09-09T08:02:00","28.76","-123.31",,,"1","4","2","5",,,"11",,,,,,,,,"10140",,,"8",,,,,"9","208",,,,,,,,,,,,,"237","83","798","172","7","0",,"1","1FFF1F","1AAAA1AAA1AAAA","4",,,,,
"4602710","2021-09-09T09:00:00","22.76","-120.81",,,"1","4","2","5",,,"11",,,,,,,,,,,,"8",,,,,"9","241",,,,,,,,,,,,,"237","20","798","172","7","0",,"1","1FFFFF","1AAAAAAAA1AAAA","4",,,,,
"4602715","2021-09-09T09:00:00","28.31","-122.14",,,"1","4","2","5",,,"11",,,,,,,,,"10137",,,"8",,,,,"9","212",,,,,,,,,,,,,"237","82","798","172","7","0",,"1","1FFF1F","1AAAA1AAA1AAAA","4",,,,,
"4602718","2021-09-09T09:00:00","28.76","-123.30",,,"1","4","2","5",,,"11",,,,,,,,,"10137",,,"8",,,,,"9","208",,,,,,,,,,,,,"237","83","798","172","7","0",,"1","1FFF1F","1AAAA1AAA1AAAA","4",,,,,
"5102629","2021-09-09T09:00:00","22.38","-127.14",,,"1","4","2","5",,,"11",,,,,,,,,,,,"8",,,,,"9","231",,,,,,,,,,,,,"237","27","798","172","7","0",,"1","1FFFFF","1AAAAAAAA1AAAA","4",,,,,
"5301550","2021-09-09T09:00:00","20.20","-128.68",,,"1","4","2","5",,,"11",,,,,,,,,,,,"8",,,,,"9","262",,,,,,,,,,,,,"237","8","798","172","7","0",,"1","1FFFFF","1AAAAAAAA1AAAA","4",,,,,
"4602715","2021-09-09T10:00:00","28.30","-122.14",,,"1","4","2","5",,,"11",,,,,,,,,"10136",,,"8",,,,,"9","212",,,,,,,,,,,,,"237","82","798","172","7","0",,"1","1FFF1F","1AAAA1AAA1AAAA","4",,,,,
"4602718","2021-09-09T10:00:00","28.76","-123.30",,,"1","4","2","5",,,"11",,,,,,,,,"10135",,,"8",,,,,"9","208",,,,,,,,,,,,,"237","83","798","172","7","0",,"1","1FFF1F","1AAAA1AAA1AAAA","4",,,,,
"5102629","2021-09-09T10:00:00","22.38","-127.14",,,"1","4","2","5",,,"11",,,,,,,,,,,,"8",,,,,"9","230",,,,,,,,,,,,,"237","27","798","172","7","0",,"1","1FFFFF","1AAAAAAAA1AAAA","4",,,,,
"5301550","2021-09-09T10:00:00","20.21","-128.67",,,"1","4","2","5",,,"11",,,,,,,,,,,,"8",,,,,"9","261",,,,,,,,,,,,,"237","8","798","172","7","0",,"1","1FFFFF","1AAAAAAAA1AAAA","4",,,,,
"4602715","2021-09-09T11:00:00","28.30","-122.14",,,"1","4","2","5",,,"11",,,,,,,,,"10135",,,"8",,,,,"9","211",,,,,,,,,,,,,"237","82","798","172","7","0",,"1","1FFF1F","1AAAA1AAA1AAAA","4",,,,,
"4602718","2021-09-09T11:00:00","28.75","-123.30",,,"1","4","2","5",,,"11",,,,,,,,,"10134",,,"8",,,,,"9","207",,,,,,,,,,,,,"237","83","798","172","7","0",,"1","1FFF1F","1AAAA1AAA1AAAA","4",,,,,
"5102629","2021-09-09T11:00:00","22.37","-127.13",,,"1","4","2","5",,,"11",,,,,,,,,,,,"8",,,,,"9","230",,,,,,,,,,,,,"237","27","798","172","7","0",,"1","1FFFFF","1AAAAAAAA1AAAA","4",,,,,
"5301550","2021-09-09T11:00:00","20.21","-128.66",,,"1","4","2","5",,,"11",,,,,,,,,,,,"8",,,,,"9","261",,,,,,,,,,,,,"237","8","798","172","7","0",,"1","1FFFFF","1AAAAAAAA1AAAA","4",,,,,
"4602710","2021-09-09T12:00:00","22.75","-120.81",,,"1","4","2","5",,,"11",,,,,,,,,,,,"8",,,,,"9","241",,,,,,,,,,,,,"237","20","798","172","7","0",,"1","1FFFFF","1AAAAAAAA1AAAA","4",,,,,
"4602715","2021-09-09T12:00:00","28.30","-122.15",,,"1","4","2","5",,,"11",,,,,,,,,"10131",,,"8",,,,,"9","211",,,,,,,,,,,,,"237","82","798","172","7","0",,"1","1FFF1F","1AAAA1AAA1AAAA","4",,,,,
"4602718","2021-09-09T12:00:00","28.75","-123.30",,,"1","4","2","5",,,"11",,,,,,,,,"10137",,,"8",,,,,"9","207",,,,,,,,,,,,,"237","83","798","172","7","0",,"1","1FFF1F","1AAAA1AAA1AAAA","4",,,,,
"5102629","2021-09-09T12:00:00","22.37","-127.13",,,"1","4","2","5",,,"11",,,,,,,,,,,,"8",,,,,"9","230",,,,,,,,,,,,,"237","27","798","172","7","0",,"1","1FFFFF","1AAAAAAAA1AAAA","4",,,,,
"5301550","2021-09-09T12:00:00","20.22","-128.65",,,"1","4","2","5",,,"11",,,,,,,,,,,,"8",,,,,"9","261",,,,,,,,,,,,,"237","8","798","172","7","0",,"1","1FFFFF","1AAAAAAAA1AAAA","4",,,,,
"4602715","2021-09-09T13:00:00","28.29","-122.15",,,"1","4","2","5",,,"11",,,,,,,,,"10136",,,"8",,,,,"9","211",,,,,,,,,,,,,"237","82","798","172","7","0",,"1","1FFF1F","1AAAA1AAA1AAAA","4",,,,,
"4602718","2021-09-09T13:00:00","28.75","-123.31",,,"1","4","2","5",,,"11",,,,,,,,,"10137",,,"8",,,,,"9","207",,,,,,,,,,,,,"237","83","798","172","7","0",,"1","1FFF1F","1AAAA1AAA1AAAA","4",,,,,
"5102629","2021-09-09T13:00:00","22.37","-127.13",,,"1","4","2","5",,,"11",,,,,,,,,,,,"8",,,,,"9","230",,,,,,,,,,,,,"237","27","798","172","7","0",,"1","1FFFFF","1AAAAAAAA1AAAA","4",,,,,
"5301550","2021-09-09T13:00:00","20.23","-128.64",,,"1","4","2","5",,,"11",,,,,,,,,,,,"8",,,,,"9","260",,,,,,,,,,,,,"237","8","798","172","7","0",,"1","1FFFFF","1AAAAAAAA1AAAA","4",,,,,
"5102629","2021-09-09T14:00:00","22.37","-127.13",,,"1","4","2","5",,,"11",,,,,,,,,,,,"8",,,,,"9","230",,,,,,,,,,,,,"237","27","798","172","7","0",,"1","1FFFFF","1AAAAAAAA1AAAA","4",,,,,
"5301550","2021-09-09T14:00:00","20.24","-128.63",,,"1","4","2","5",,,"11",,,,,,,,,,,,"8",,,,,"9","260",,,,,,,,,,,,,"237","8","798","172","7","0",,"1","1FFFFF","1AAAAAAAA1AAAA","4",,,,,
"4602715","2021-09-09T14:01:00","28.29","-122.15",,,"1","4","2","5",,,"11",,,,,,,,,"10139",,,"8",,,,,"9","211",,,,,,,,,,,,,"237","82","798","172","7","0",,"1","1FFF1F","1AAAA1AAA1AAAA","4",,,,,
"4602718","2021-09-09T14:01:00","28.74","-123.31",,,"1","4","2","5",,,"11",,,,,,,,,"10140",,,"8",,,,,"9","207",,,,,,,,,,,,,"237","83","798","172","7","0",,"1","1FFF1F","1AAAA1AAA1AAAA","4",,,,,
"4602710","2021-09-09T15:00:00","22.76","-120.80",,,"1","4","2","5",,,"11",,,,,,,,,,,,"8",,,,,"9","245",,,,,,,,,,,,,"237","20","798","172","7","0",,"2","1FFFFF","1AAAAAAAA1AAAA","4",,,,,
"4602715","2021-09-09T15:00:00","28.29","-122.15",,,"1","4","2","5",,,"11",,,,,,,,,"10139",,,"8",,,,,"9","211",,,,,,,,,,,,,"237","82","798","172","7","0",,"2","1FFF1F","1AAAA1AAA1AAAA","4",,,,,
"4602718","2021-09-09T15:00:00","28.75","-123.32",,,"1","4","2","5",,,"11",,,,,,,,,"10142",,,"8",,,,,"9","207",,,,,,,,,,,,,"237","83","798","172","7","0",,"2","1FFF1F","1AAAA1AAA1AAAA","4",,,,,
"5102629","2021-09-09T15:00:00","22.37","-127.13",,,"1","4","2","5",,,"11",,,,,,,,,,,,"8",,,,,"9","230",,,,,,,,,,,,,"237","27","798","172","7","0",,"2","1FFFFF","1AAAAAAAA1AAAA","4",,,,,
"5301550","2021-09-09T15:00:00","20.25","-128.62",,,"1","4","2","5",,,"11",,,,,,,,,,,,"8",,,,,"9","260",,,,,,,,,,,,,"237","8","798","172","7","0",,"2","1FFFFF","1AAAAAAAA1AAAA","4",,,,,
"4602715","2021-09-09T16:00:00","28.29","-122.16",,,"1","4","2","5",,,"11",,,,,,,,,"10140",,,"8",,,,,"9","211",,,,,,,,,,,,,"237","82","798","172","7","0",,"2","1FFF1F","1AAAA1AAA1AAAA","4",,,,,
"4602718","2021-09-09T16:00:00","28.75","-123.32",,,"1","4","2","5",,,"11",,,,,,,,,"10143",,,"8",,,,,"9","206",,,,,,,,,,,,,"237","83","798","172","7","0",,"2","1FFF1F","1AAAA1AAA1AAAA","4",,,,,
"5102629","2021-09-09T16:00:00","22.37","-127.13",,,"1","4","2","5",,,"11",,,,,,,,,,,,"8",,,,,"9","230",,,,,,,,,,,,,"237","27","798","172","7","0",,"2","1FFFFF","1AAAAAAAA1AAAA","4",,,,,
"5301550","2021-09-09T16:00:00","20.26","-128.61",,,"1","4","2","5",,,"11",,,,,,,,,,,,"8",,,,,"9","260",,,,,,,,,,,,,"237","8","798","172","7","0",,"2","1FFFFF","1AAAAAAAA1AAAA","4",,,,,
"4602715","2021-09-09T17:00:00","28.29","-122.16",,,"1","4","2","5",,,"11",,,,,,,,,"10140",,,"8",,,,,"9","211",,,,,,,,,,,,,"237","82","798","172","7","0",,"2","1FFF1F","1AAAA1AAA1AAAA","4",,,,,
"4602718","2021-09-09T17:00:00","28.75","-123.31",,,"1","4","2","5",,,"11",,,,,,,,,"10145",,,"8",,,,,"9","207",,,,,,,,,,,,,"237","83","798","172","7","0",,"2","1FFF1F","1AAAA1AAA1AAAA","4",,,,,
"5102629","2021-09-09T17:00:00","22.37","-127.13",,,"1","4","2","5",,,"11",,,,,,,,,,,,"8",,,,,"9","231",,,,,,,,,,,,,"237","27","798","172","7","0",,"2","1FFFFF","1AAAAAAAA1AAAA","4",,,,,
"5301550","2021-09-09T17:00:00","20.26","-128.60",,,"1","4","2","5",,,"11",,,,,,,,,,,,"8",,,,,"9","260",,,,,,,,,,,,,"237","8","798","172","7","0",,"2","1FFFFF","1AAAAAAAA1AAAA","4",,,,,
"4602710","2021-09-09T18:00:00","22.74","-120.78",,,"1","4","2","5",,,"11",,,,,,,,,,,,"8",,,,,"9","249",,,,,,,,,,,,,"237","20","798","172","7","0",,"2","1FFFFF","1AAAAAAAA1AAAA","4",,,,,
"4602715","2021-09-09T18:00:00","28.29","-122.15",,,"1","4","2","5",,,"11",,,,,,,,,"10141",,,"8",,,,,"9","211",,,,,,,,,,,,,"237","82","798","172","7","0",,"2","1FFF1F","1AAAA1AAA1AAAA","4",,,,,
"4602718","2021-09-09T18:00:00","28.76","-123.31",,,"1","4","2","5",,,"11",,,,,,,,,"10144",,,"8",,,,,"9","207",,,,,,,,,,,,,"237","83","798","172","7","0",,"2","1FFF1F","1AAAA1AAA1AAAA","4",,,,,
"5102629","2021-09-09T18:00:00","22.36","-127.13",,,"1","4","2","5",,,"11",,,,,,,,,,,,"8",,,,,"9","231",,,,,,,,,,,,,"237","27","798","172","7","0",,"2","1FFFFF","1AAAAAAAA1AAAA","4",,,,,
"5301550","2021-09-09T18:00:00","20.27","-128.59",,,"1","4","2","5",,,"11",,,,,,,,,,,,"8",,,,,"9","261",,,,,,,,,,,,,"237","8","798","172","7","0",,"2","1FFFFF","1AAAAAAAA1AAAA","4",,,,,
"4602718","2021-09-09T19:00:00","28.76","-123.31",,,"1","4","2","5",,,"11",,,,,,,,,"10143",,,"8",,,,,"9","207",,,,,,,,,,,,,"237","83","798","172","7","0",,"2","1FFF1F","1AAAA1AAA1AAAA","4",,,,,
"5102629","2021-09-09T19:00:00","22.36","-127.13",,,"1","4","2","5",,,"11",,,,,,,,,,,,"8",,,,,"9","238",,,,,,,,,,,,,"237","27","798","172","7","0",,"2","1FFFFF","1AAAAAAAA1AAAA","4",,,,,
"5301550","2021-09-09T19:00:00","20.27","-128.57",,,"1","4","2","5",,,"11",,,,,,,,,,,,"8",,,,,"9","262",,,,,,,,,,,,,"237","8","798","172","7","0",,"2","1FFFFF","1AAAAAAAA1AAAA","4",,,,,
"4602715","2021-09-09T19:01:00","28.29","-122.16",,,"1","4","2","5",,,"11",,,,,,,,,"10140",,,"8",,,,,"9","211",,,,,,,,,,,,,"237","82","798","172","7","0",,"2","1FFF1F","1AAAA1AAA1AAAA","4",,,,,
"4602715","2021-09-09T20:00:00","28.29","-122.16",,,"1","4","2","5",,,"11",,,,,,,,,"10137",,,"8",,,,,"9","211",,,,,,,,,,,,,"237","82","798","172","7","0",,"2","1FFF1F","1AAAA1AAA1AAAA","4",,,,,
"4602718","2021-09-09T20:00:00","28.76","-123.30",,,"1","4","2","5",,,"11",,,,,,,,,"10137",,,"8",,,,,"9","208",,,,,,,,,,,,,"237","83","798","172","7","0",,"2","1FFF1F","1AAAA1AAA1AAAA","4",,,,,
"5102629","2021-09-09T20:00:00","22.36","-127.13",,,"1","4","2","5",,,"11",,,,,,,,,,,,"8",,,,,"9","239",,,,,,,,,,,,,"237","27","798","172","7","0",,"2","1FFFFF","1AAAAAAAA1AAAA","4",,,,,
"5301550","2021-09-09T20:00:00","20.27","-128.56",,,"1","4","2","5",,,"11",,,,,,,,,,,,"8",,,,,"9","262",,,,,,,,,,,,,"237","8","798","172","7","0",,"2","1FFFFF","1AAAAAAAA1AAAA","4",,,,,
"4602710","2021-09-09T21:00:00","22.72","-120.76",,,"1","4","2","5",,,"11",,,,,,,,,,,,"8",,,,,"9","255",,,,,,,,,,,,,"237","20","798","172","7","0",,"2","1FFFFF","1AAAAAAAA1AAAA","4",,,,,
"4602715","2021-09-09T21:00:00","28.29","-122.15",,,"1","4","2","5",,,"11",,,,,,,,,"10134",,,"8",,,,,"9","212",,,,,,,,,,,,,"237","82","798","172","7","0",,"2","1FFF1F","1AAAA1AAA1AAAA","4",,,,,
"4602718","2021-09-09T21:00:00","28.77","-123.29",,,"1","4","2","5",,,"11",,,,,,,,,"10135",,,"8",,,,,"9","208",,,,,,,,,,,,,"237","83","798","172","7","0",,"2","1FFF1F","1AAAA1AAA1AAAA","4",,,,,
"5102629","2021-09-09T21:00:00","22.35","-127.13",,,"1","4","2","5",,,"11",,,,,,,,,,,,"8",,,,,"9","243",,,,,,,,,,,,,"237","27","798","172","7","0",,"2","1FFFFF","1AAAAAAAA1AAAA","4",,,,,
"5301550","2021-09-09T21:00:00","20.27","-128.55",,,"1","4","2","5",,,"11",,,,,,,,,,,,"8",,,,,"9","264",,,,,,,,,,,,,"237","8","798","172","7","0",,"2","1FFFFF","1AAAAAAAA1AAAA","4",,,,,
"4602718","2021-09-09T22:00:00","28.76","-123.29",,,"1","4","2","5",,,"11",,,,,,,,,"10133",,,"8",,,,,"9","208",,,,,,,,,,,,,"237","83","798","172","7","0",,"2","1FFF1F","1AAAA1AAA1AAAA","4",,,,,
"5102629","2021-09-09T22:00:00","22.35","-127.13",,,"1","4","2","5",,,"11",,,,,,,,,,,,"8",,,,,"9","247",,,,,,,,,,,,,"237","27","798","172","7","0",,"2","1FFFFF","1AAAAAAAA1AAAA","4",,,,,
"5301550","2021-09-09T22:00:00","20.27","-128.55",,,"1","4","2","5",,,"11",,,,,,,,,,,,"8",,,,,"9","264",,,,,,,,,,,,,"237","8","798","172","7","0",,"2","1FFFFF","1AAAAAAAA1AAAA","4",,,,,
"4602715","2021-09-09T22:01:00","28.28","-122.15",,,"1","4","2","5",,,"11",,,,,,,,,"10131",,,"8",,,,,"9","212",,,,,,,,,,,,,"237","82","798","172","7","0",,"2","1FFF1F","1AAAA1AAA1AAAA","4",,,,,
"4602715","2021-09-09T23:00:00","28.28","-122.15",,,"1","4","2","5",,,"11",,,,,,,,,"10128",,,"8",,,,,"9","212",,,,,,,,,,,,,"237","82","798","172","7","0",,"2","1FFF1F","1AAAA1AAA1AAAA","4",,,,,
"4602718","2021-09-09T23:00:00","28.76","-123.28",,,"1","4","2","5",,,"11",,,,,,,,,"10130",,,"8",,,,,"9","208",,,,,,,,,,,,,"237","83","798","172","7","0",,"2","1FFF1F","1AAAA1AAA1AAAA","4",,,,,
"5102629","2021-09-09T23:00:00","22.35","-127.13",,,"1","4","2","5",,,"11",,,,,,,,,,,,"8",,,,,"9","248",,,,,,,,,,,,,"237","27","798","172","7","0",,"2","1FFFFF","1AAAAAAAA1AAAA","4",,,,,
"5301550","2021-09-09T23:00:00","20.26","-128.54",,,"1","4","2","5",,,"11",,,,,,,,,,,,"8",,,,,"9","266",,,,,,,,,,,,,"237","8","798","172","7","0",,"2","1FFFFF","1AAAAAAAA1AAAA","4",,,,,
"V7VQ8","2021-09-09T23:00:00","28.30","-120.60",,,"1","4","0","0",,,"1","0","320","3","51",,"97","2",,"10210",,,"0","270",,,,"3","240","7",,,"A",,,,,"1","32",,"1","237","80","992","114","5","1","2","2","35111F","1111A11AA1133A",,,"1",,,"4"
"4602710","2021-09-10T00:00:00","22.70","-120.77",,,"1","4","2","5",,,"11",,,,,,,,,,,,"8",,,,,"9","255",,,,,,,,,,,,,"237","20","798","172","7","0",,"2","1FFFFF","1AAAAAAAA1AAAA","4",,,,,
"4602715","2021-09-10T00:00:00","28.28","-122.15",,,"1","4","2","5",,,"11",,,,,,,,,"10128",,,"8",,,,,"9","212",,,,,,,,,,,,,"237","82","798","172","7","0",,"2","1FFF1F","1AAAA1AAA1AAAA","4",,,,,
"4602718","2021-09-10T00:00:00","28.76","-123.28",,,"1","4","2","5",,,"11",,,,,,,,,"10132",,,"8",,,,,"9","208",,,,,,,,,,,,,"237","83","798","172","7","0",,"2","1FFF1F","1AAAA1AAA1AAAA","4",,,,,
"5102629","2021-09-10T00:00:00","22.35","-127.13",,,"1","4","2","5",,,"11",,,,,,,,,,,,"8",,,,,"9","248",,,,,,,,,,,,,"237","27","798","172","7","0",,"2","1FFFFF","1AAAAAAAA1AAAA","4",,,,,
"5301550","2021-09-10T00:00:00","20.26","-128.54",,,"1","4","2","5",,,"11",,,,,,,,,,,,"8",,,,,"9","268",,,,,,,,,,,,,"237","8","798","172","7","0",,"2","1FFFFF","1AAAAAAAA1AAAA","4",,,,,
"4602715","2021-09-10T01:00:00","28.27","-122.15",,,"1","4","2","5",,,"11",,,,,,,,,"10130",,,"8",,,,,"9","212",,,,,,,,,,,,,"237","82","798","172","7","0",,"2","1FFF1F","1AAAA1AAA1AAAA","4",,,,,
"4602718","2021-09-10T01:00:00","28.75","-123.28",,,"1","4","2","5",,,"11",,,,,,,,,"10132",,,"8",,,,,"9","208",,,,,,,,,,,,,"237","83","798","172","7","0",,"2","1FFF1F","1AAAA1AAA1AAAA","4",,,,,
"5102629","2021-09-10T01:00:00","22.35","-127.13",,,"1","4","2","5",,,"11",,,,,,,,,,,,"8",,,,,"9","246",,,,,,,,,,,,,"237","27","798","172","7","0",,"2","1FFFFF","1AAAAAAAA1AAAA","4",,,,,
"5301550","2021-09-10T01:00:00","20.26","-128.54",,,"1","4","2","5",,,"11",,,,,,,,,,,,"8",,,,,"9","267",,,,,,,,,,,,,"237","8","798","172","7","0",,"2","1FFFFF","1AAAAAAAA1AAAA","4",,,,,
"4602715","2021-09-10T02:00:00","28.26","-122.16",,,"1","4","2","5",,,"11",,,,,,,,,"10130",,,"8",,,,,"9","211",,,,,,,,,,,,,"237","82","798","172","7","0",,"2","1FFF1F","1AAAA1AAA1AAAA","4",,,,,
"4602718","2021-09-10T02:00:00","28.75","-123.28",,,"1","4","2","5",,,"11",,,,,,,,,"10132",,,"8",,,,,"9","207",,,,,,,,,,,,,"237","83","798","172","7","0",,"2","1FFF1F","1AAAA1AAA1AAAA","4",,,,,
"5102629","2021-09-10T02:00:00","22.35","-127.13",,,"1","4","2","5",,,"11",,,,,,,,,,,,"8",,,,,"9","242",,,,,,,,,,,,,"237","27","798","172","7","0",,"2","1FFFFF","1AAAAAAAA1AAAA","4",,,,,
"5301550","2021-09-10T02:00:00","20.25","-128.54",,,"1","4","2","5",,,"11",,,,,,,,,,,,"8",,,,,"9","265",,,,,,,,,,,,,"237","8","798","172","7","0",,"2","1FFFFF","1AAAAAAAA1AAAA","4",,,,,
"4602710","2021-09-10T03:00:00","22.67","-120.77",,,"1","4","2","5",,,"11",,,,,,,,,,,,"8",,,,,"9","253",,,,,,,,,,,,,"237","20","798","172","7","0",,"1","1FFFFF","1AAAAAAAA1AAAA","4",,,,,
"4602715","2021-09-10T03:00:00","28.25","-122.16",,,"1","4","2","5",,,"11",,,,,,,,,"10135",,,"8",,,,,"9","211",,,,,,,,,,,,,"237","82","798","172","7","0",,"1","1FFF1F","1AAAA1AAA1AAAA","4",,,,,
"4602718","2021-09-10T03:00:00","28.75","-123.28",,,"1","4","2","5",,,"11",,,,,,,,,"10136",,,"8",,,,,"9","207",,,,,,,,,,,,,"237","83","798","172","7","0",,"1","1FFF1F","1AAAA1AAA1AAAA","4",,,,,
"5102629","2021-09-10T03:00:00","22.35","-127.13",,,"1","4","2","5",,,"11",,,,,,,,,,,,"8",,,,,"9","238",,,,,,,,,,,,,"237","27","798","172","7","0",,"1","1FFFFF","1AAAAAAAA1AAAA","4",,,,,
"5301550","2021-09-10T03:00:00","20.25","-128.54",,,"1","4","2","5",,,"11",,,,,,,,,,,,"8",,,,,"9","264",,,,,,,,,,,,,"237","8","798","172","7","0",,"1","1FFFFF","1AAAAAAAA1AAAA","4",,,,,
"4602718","2021-09-10T04:00:00","28.74","-123.28",,,"1","4","2","5",,,"11",,,,,,,,,"10143",,,"8",,,,,"9","207",,,,,,,,,,,,,"237","83","798","172","7","0",,"1","1FFF1F","1AAAA1AAA1AAAA","4",,,,,
"5102629","2021-09-10T04:00:00","22.35","-127.13",,,"1","4","2","5",,,"11",,,,,,,,,,,,"8",,,,,"9","238",,,,,,,,,,,,,"237","27","798","172","7","0",,"1","1FFFFF","1AAAAAAAA1AAAA","4",,,,,
"5301550","2021-09-10T04:00:00","20.26","-128.54",,,"1","4","2","5",,,"11",,,,,,,,,,,,"8",,,,,"9","263",,,,,,,,,,,,,"237","8","798","172","7","0",,"1","1FFFFF","1AAAAAAAA1AAAA","4",,,,,
"4602718","2021-09-10T05:00:00","28.74","-123.28",,,"1","4","2","5",,,"11",,,,,,,,,"10145",,,"8",,,,,"9","207",,,,,,,,,,,,,"237","83","798","172","7","0",,"1","1FFF1F","1AAAA1AAA1AAAA","4",,,,,
"5102629","2021-09-10T05:00:00","22.35","-127.13",,,"1","4","2","5",,,"11",,,,,,,,,,,,"8",,,,,"9","236",,,,,,,,,,,,,"237","27","798","172","7","0",,"1","1FFFFF","1AAAAAAAA1AAAA","4",,,,,
"5301550","2021-09-10T05:00:00","20.26","-128.54",,,"1","4","2","5",,,"11",,,,,,,,,,,,"8",,,,,"9","263",,,,,,,,,,,,,"237","8","798","172","7","0",,"1","1FFFFF","1AAAAAAAA1AAAA","4",,,,,
"4602715","2021-09-10T05:01:00","28.24","-122.17",,,"1","4","2","5",,,"11",,,,,,,,,"10141",,,"8",,,,,"9","211",,,,,,,,,,,,,"237","82","798","172","7","0",,"1","1FFF1F","1AAAA1AAA1AAAA","4",,,,,
"4602710","2021-09-10T06:00:00","22.64","-120.77",,,"1","4","2","5",,,"11",,,,,,,,,,,,"8",,,,,"9","251",,,,,,,,,,,,,"237","20","798","172","7","0",,"1","1FFFFF","1AAAAAAAA1AAAA","4",,,,,
"4602715","2021-09-10T06:00:00","28.24","-122.18",,,"1","4","2","5",,,"11",,,,,,,,,"10144",,,"8",,,,,"9","211",,,,,,,,,,,,,"237","82","798","172","7","0",,"1","1FFF1F","1AAAA1AAA1AAAA","4",,,,,
"4602718","2021-09-10T06:00:00","28.74","-123.27",,,"1","4","2","5",,,"11",,,,,,,,,"10143",,,"8",,,,,"9","207",,,,,,,,,,,,,"237","83","798","172","7","0",,"1","1FFF1F","1AAAA1AAA1AAAA","4",,,,,
"5102629","2021-09-10T06:00:00","22.35","-127.13",,,"1","4","2","5",,,"11",,,,,,,,,,,,"8",,,,,"9","234",,,,,,,,,,,,,"237","27","798","172","7","0",,"1","1FFFFF","1AAAAAAAA1AAAA","4",,,,,
"5301550","2021-09-10T06:00:00","20.26","-128.55",,,"1","4","2","5",,,"11",,,,,,,,,,,,"8",,,,,"9","263",,,,,,,,,,,,,"237","8","798","172","7","0",,"1","1FFFFF","1AAAAAAAA1AAAA","4",,,,,
"4602715","2021-09-10T07:00:00","28.24","-122.18",,,"1","4","2","5",,,"11",,,,,,,,,"10143",,,"8",,,,,"9","211",,,,,,,,,,,,,"237","82","798","172","7","0",,"1","1FFF1F","1AAAA1AAA1AAAA","4",,,,,
"4602718","2021-09-10T07:00:00","28.74","-123.27",,,"1","4","2","5",,,"11",,,,,,,,,"10142",,,"8",,,,,"9","207",,,,,,,,,,,,,"237","83","798","172","7","0",,"1","1FFF1F","1AAAA1AAA1AAAA","4",,,,,
"5102629","2021-09-10T07:00:00","22.35","-127.13",,,"1","4","2","5",,,"11",,,,,,,,,,,,"8",,,,,"9","234",,,,,,,,,,,,,"237","27","798","172","7","0",,"1","1FFFFF","1AAAAAAAA1AAAA","4",,,,,
"5301550","2021-09-10T07:00:00","20.27","-128.55",,,"1","4","2","5",,,"11",,,,,,,,,,,,"8",,,,,"9","262",,,,,,,,,,,,,"237","8","798","172","7","0",,"1","1FFFFF","1AAAAAAAA1AAAA","4",,,,,
"4602715","2021-09-10T08:00:00","28.24","-122.19",,,"1","4","2","5",,,"11",,,,,,,,,"10144",,,"8",,,,,"9","211",,,,,,,,,,,,,"237","82","798","172","7","0",,"1","1FFF1F","1AAAA1AAA1AAAA","4",,,,,
"4602718","2021-09-10T08:00:00","28.74","-123.27",,,"1","4","2","5",,,"11",,,,,,,,,"10146",,,"8",,,,,"9","207",,,,,,,,,,,,,"237","83","798","172","7","0",,"1","1FFF1F","1AAAA1AAA1AAAA","4",,,,,
"5102629","2021-09-10T08:00:00","22.35","-127.13",,,"1","4","2","5",,,"11",,,,,,,,,,,,"8",,,,,"9","234",,,,,,,,,,,,,"237","27","798","172","7","0",,"1","1FFFFF","1AAAAAAAA1AAAA","4",,,,,
"5301550","2021-09-10T08:00:00","20.28","-128.55",,,"1","4","2","5",,,"11",,,,,,,,,,,,"8",,,,,"9","262",,,,,,,,,,,,,"237","8","798","172","7","0",,"1","1FFFFF","1AAAAAAAA1AAAA","4",,,,,
"4602710","2021-09-10T09:00:00","22.62","-120.78",,,"1","4","2","5",,,"11",,,,,,,,,,,,"8",,,,,"9","251",,,,,,,,,,,,,"237","20","798","172","7","0",,"1","1FFFFF","1AAAAAAAA1AAAA","4",,,,,
"4602718","2021-09-10T09:00:00","28.74","-123.27",,,"1","4","2","5",,,"11",,,,,,,,,"10145",,,"8",,,,,"9","207",,,,,,,,,,,,,"237","83","798","172","7","0",,"1","1FFF1F","1AAAA1AAA1AAAA","4",,,,,
"5102629","2021-09-10T09:00:00","22.35","-127.13",,,"1","4","2","5",,,"11",,,,,,,,,,,,"8",,,,,"9","233",,,,,,,,,,,,,"237","27","798","172","7","0",,"1","1FFFFF","1AAAAAAAA1AAAA","4",,,,,
"5301550","2021-09-10T09:00:00","20.29","-128.55",,,"1","4","2","5",,,"11",,,,,,,,,,,,"8",,,,,"9","262",,,,,,,,,,,,,"237","8","798","172","7","0",,"1","1FFFFF","1AAAAAAAA1AAAA","4",,,,,
"4602715","2021-09-10T09:01:00","28.24","-122.19",,,"1","4","2","5",,,"11",,,,,,,,,"10138",,,"8",,,,,"9","211",,,,,,,,,,,,,"237","82","798","172","7","0",,"1","1FFF1F","1AAAA1AAA1AAAA","4",,,,,
"4602715","2021-09-10T10:00:00","28.24","-122.19",,,"1","4","2","5",,,"11",,,,,,,,,"10139",,,"8",,,,,"9","211",,,,,,,,,,,,,"237","82","798","172","7","0",,"1","1FFF1F","1AAAA1AAA1AAAA","4",,,,,
"4602718","2021-09-10T10:00:00","28.73","-123.27",,,"1","4","2","5",,,"11",,,,,,,,,"10146",,,"8",,,,,"9","207",,,,,,,,,,,,,"237","83","798","172","7","0",,"1","1FFF1F","1AAAA1AAA1AAAA","4",,,,,
"5102629","2021-09-10T10:00:00","22.35","-127.13",,,"1","4","2","5",,,"11",,,,,,,,,,,,"8",,,,,"9","233",,,,,,,,,,,,,"237","27","798","172","7","0",,"1","1FFFFF","1AAAAAAAA1AAAA","4",,,,,
"5301550","2021-09-10T10:00:00","20.30","-128.55",,,"1","4","2","5",,,"11",,,,,,,,,,,,"8",,,,,"9","262",,,,,,,,,,,,,"237","8","798","172","7","0",,"1","1FFFFF","1AAAAAAAA1AAAA","4",,,,,
"4602710","2021-09-10T12:00:00","22.62","-120.80",,,"1","4","2","5",,,"11",,,,,,,,,,,,"8",,,,,"9","251",,,,,,,,,,,,,"237","20","798","172","7","0",,"1","1FFFFF","1AAAAAAAA1AAAA","4",,,,,
"4602718","2021-09-10T12:00:00","28.73","-123.27",,,"1","4","2","5",,,"11",,,,,,,,,"10148",,,"8",,,,,"9","207",,,,,,,,,,,,,"237","83","798","172","7","0",,"1","1FFF1F","1AAAA1AAA1AAAA","4",,,,,
"5102629","2021-09-10T12:00:00","22.35","-127.13",,,"1","4","2","5",,,"11",,,,,,,,,,,,"8",,,,,"9","233",,,,,,,,,,,,,"237","27","798","172","7","0",,"1","1FFFFF","1AAAAAAAA1AAAA","4",,,,,
"A8SI6","2021-09-10T12:00:00","29.10","-120.50",,,"1","6","2","5","3","4","1",,"320","4","67","1","98","2","2","10136","5","10","8","190",,"138","92","1","200","6","6","8","5","A","A",,"4","1",,,,"237","90","798","172","5","1","2","1","111112","111111111111A1",,"5",,"2",,
"4602715","2021-09-10T12:01:00","28.24","-122.19",,,"1","4","2","5",,,"11",,,,,,,,,"10143",,,"8",,,,,"9","211",,,,,,,,,,,,,"237","82","798","172","7","0",,"1","1FFF1F","1AAAA1AAA1AAAA","4",,,,,
"4602715","2021-09-10T13:00:00","28.23","-122.19",,,"1","4","2","5",,,"11",,,,,,,,,"10148",,,"8",,,,,"9","211",,,,,,,,,,,,,"237","82","798","172","7","0",,"1","1FFF1F","1AAAA1AAA1AAAA","4",,,,,
"4602718","2021-09-10T13:00:00","28.73","-123.27",,,"1","4","2","5",,,"11",,,,,,,,,"10152",,,"8",,,,,"9","207",,,,,,,,,,,,,"237","83","798","172","7","0",,"1","1FFF1F","1AAAA1AAA1AAAA","4",,,,,
"5102629","2021-09-10T13:00:00","22.32","-127.16",,,"1","4","2","5",,,"11",,,,,,,,,,,,"8",,,,,"9","233",,,,,,,,,,,,,"237","27","798","172","7","0",,"1","1FFFFF","1AAAAAAAA1AAAA","4",,,,,
"5301550","2021-09-10T13:00:00","20.33","-128.54",,,"1","4","2","5",,,"11",,,,,,,,,,,,"8",,,,,"9","261",,,,,,,,,,,,,"237","8","798","172","7","0",,"1","1FFFFF","1AAAAAAAA1AAAA","4",,,,,
"4602715","2021-09-10T14:00:00","28.23","-122.19",,,"1","4","2","5",,,"11",,,,,,,,,"10155",,,"8",,,,,"9","210",,,,,,,,,,,,,"237","82","798","172","7","0",,"1","1FFF1F","1AAAA1AAA1AAAA","4",,,,,
"4602718","2021-09-10T14:00:00","28.73","-123.27",,,"1","4","2","5",,,"11",,,,,,,,,"10158",,,"8",,,,,"9","207",,,,,,,,,,,,,"237","83","798","172","7","0",,"1","1FFF1F","1AAAA1AAA1AAAA","4",,,,,
"5102629","2021-09-10T14:00:00","22.32","-127.16",,,"1","4","2","5",,,"11",,,,,,,,,,,,"8",,,,,"9","235",,,,,,,,,,,,,"237","27","798","172","7","0",,"1","1FFFFF","1AAAAAAAA1AAAA","4",,,,,
"5301550","2021-09-10T14:00:00","20.34","-128.54",,,"1","4","2","5",,,"11",,,,,,,,,,,,"8",,,,,"9","261",,,,,,,,,,,,,"237","8","798","172","7","0",,"1","1FFFFF","1AAAAAAAA1AAAA","4",,,,,
"4602710","2021-09-10T15:00:00","22.61","-120.81",,,"1","4","2","5",,,"11",,,,,,,,,,,,"8",,,,,"9","250",,,,,,,,,,,,,"237","20","798","172","7","0",,"2","1FFFFF","1AAAAAAAA1AAAA","4",,,,,
"4602715","2021-09-10T15:00:00","28.23","-122.20",,,"1","4","2","5",,,"11",,,,,,,,,"10161",,,"8",,,,,"9","210",,,,,,,,,,,,,"237","82","798","172","7","0",,"2","1FFF1F","1AAAA1AAA1AAAA","4",,,,,
"4602718","2021-09-10T15:00:00","28.73","-123.27",,,"1","4","2","5",,,"11",,,,,,,,,"10164",,,"8",,,,,"9","207",,,,,,,,,,,,,"237","83","798","172","7","0",,"2","1FFF1F","1AAAA1AAA1AAAA","4",,,,,
"5102629","2021-09-10T15:00:00","22.32","-127.16",,,"1","4","2","5",,,"11",,,,,,,,,,,,"8",,,,,"9","235",,,,,,,,,,,,,"237","27","798","172","7","0",,"2","1FFFFF","1AAAAAAAA1AAAA","4",,,,,
"5301550","2021-09-10T15:00:00","20.35","-128.54",,,"1","4","2","5",,,"11",,,,,,,,,,,,"8",,,,,"9","261",,,,,,,,,,,,,"237","8","798","172","7","0",,"2","1FFFFF","1AAAAAAAA1AAAA","4",,,,,
"4602718","2021-09-10T16:00:00","28.73","-123.28",,,"1","4","2","5",,,"11",,,,,,,,,"10170",,,"8",,,,,"9","207",,,,,,,,,,,,,"237","83","798","172","7","0",,"2","1FFF1F","1AAAA1AAA1AAAA","4",,,,,
"5102629","2021-09-10T16:00:00","22.32","-127.16",,,"1","4","2","5",,,"11",,,,,,,,,,,,"8",,,,,"9","234",,,,,,,,,,,,,"237","27","798","172","7","0",,"2","1FFFFF","1AAAAAAAA1AAAA","4",,,,,
"5301550","2021-09-10T16:00:00","20.36","-128.53",,,"1","4","2","5",,,"11",,,,,,,,,,,,"8",,,,,"9","261",,,,,,,,,,,,,"237","8","798","172","7","0",,"2","1FFFFF","1AAAAAAAA1AAAA","4",,,,,
"4602715","2021-09-10T16:02:00","28.23","-122.20",,,"1","4","2","5",,,"11",,,,,,,,,"10164",,,"8",,,,,"9","210",,,,,,,,,,,,,"237","82","798","172","7","0",,"2","1FFF1F","1AAAA1AAA1AAAA","4",,,,,
"4602715","2021-09-10T17:00:00","28.22","-122.20",,,"1","4","2","5",,,"11",,,,,,,,,"10168",,,"8",,,,,"9","210",,,,,,,,,,,,,"237","82","798","172","7","0",,"2","1FFF1F","1AAAA1AAA1AAAA","4",,,,,
"4602718","2021-09-10T17:00:00","28.73","-123.28",,,"1","4","2","5",,,"11",,,,,,,,,"10173",,,"8",,,,,"9","207",,,,,,,,,,,,,"237","83","798","172","7","0",,"2","1FFF1F","1AAAA1AAA1AAAA","4",,,,,
"5102629","2021-09-10T17:00:00","22.32","-127.16",,,"1","4","2","5",,,"11",,,,,,,,,,,,"8",,,,,"9","235",,,,,,,,,,,,,"237","27","798","172","7","0",,"2","1FFFFF","1AAAAAAAA1AAAA","4",,,,,
"5301550","2021-09-10T17:00:00","20.37","-128.53",,,"1","4","2","5",,,"11",,,,,,,,,,,,"8",,,,,"9","262",,,,,,,,,,,,,"237","8","798","172","7","0",,"2","1FFFFF","1AAAAAAAA1AAAA","4",,,,,
"C6FM8","2021-09-10T17:00:00","26.40","-125.64",,,"1","5","2","5","6","1","1",,,,,,,,,"10162","7","1",,,,,,,,,,"A",,"A","A",,,,,,,"237","65","798","172","5","0",,"2","FFFF1F","1AAAA1AAAA8AA1",,"5",,,,
"4602710","2021-09-10T18:00:00","22.61","-120.81",,,"1","4","2","5",,,"11",,,,,,,,,,,,"8",,,,,"9","251",,,,,,,,,,,,,"237","20","798","172","7","0",,"2","1FFFFF","1AAAAAAAA1AAAA","4",,,,,
"4602715","2021-09-10T18:00:00","28.22","-122.20",,,"1","4","2","5",,,"11",,,,,,,,,"10167",,,"8",,,,,"9","211",,,,,,,,,,,,,"237","82","798","172","7","0",,"2","1FFF1F","1AAAA1AAA1AAAA","4",,,,,
"5102629","2021-09-10T18:00:00","22.32","-127.16",,,"1","4","2","5",,,"11",,,,,,,,,,,,"8",,,,,"9","236",,,,,,,,,,,,,"237","27","798","172","7","0",,"2","1FFFFF","1AAAAAAAA1AAAA","4",,,,,
"5301550","2021-09-10T18:00:00","20.38","-128.53",,,"1","4","2","5",,,"11",,,,,,,,,,,,"8",,,,,"9","262",,,,,,,,,,,,,"237","8","798","172","7","0",,"2","1FFFFF","1AAAAAAAA1AAAA","4",,,,,
"S6FM8","2021-09-10T18:00:00","28.90","-120.30",,,"1","6","2","5","3","3","1",,"350","4","51","1","97","3","1","10165","0","0","8","220",,"200","189","1","210","7","7","7","5","7","7",,"2","1","35","2","1","237","80","798","172","5","1","2","2","111111","11111111111111",,"5",,"1",,
"4602718","2021-09-10T18:03:00","28.74","-123.27",,,"1","4","2","5",,,"11",,,,,,,,,"10174",,,"8",,,,,"9","207",,,,,,,,,,,,,"237","83","798","172","7","0",,"2","1FFF1F","1AAAA1AAA1AAAA","4",,,,,
"4602715","2021-09-10T19:00:00","28.22","-122.20",,,"1","4","2","5",,,"11",,,,,,,,,"10165",,,"8",,,,,"9","211",,,,,,,,,,,,,"237","82","798","172","7","0",,"2","1FFF1F","1AAAA1AAA1AAAA","4",,,,,
"4602718","2021-09-10T19:00:00","28.74","-123.27",,,"1","4","2","5",,,"11",,,,,,,,,"10174",,,"8",,,,,"9","207",,,,,,,,,,,,,"237","83","798","172","7","0",,"2","1FFF1F","1AAAA1AAA1AAAA","4",,,,,
"5102629","2021-09-10T19:00:00","22.32","-127.16",,,"1","4","2","5",,,"11",,,,,,,,,,,,"8",,,,,"9","236",,,,,,,,,,,,,"237","27","798","172","7","0",,"2","1FFFFF","1AAAAAAAA1AAAA","4",,,,,
"5301550","2021-09-10T19:00:00","20.38","-128.52",,,"1","4","2","5",,,"11",,,,,,,,,,,,"8",,,,,"9","263",,,,,,,,,,,,,"237","8","798","172","7","0",,"2","1FFFFF","1AAAAAAAA1AAAA","4",,,,,
"4602718","2021-09-10T20:00:00","28.75","-123.27",,,"1","4","2","5",,,"11",,,,,,,,,"10170",,,"8",,,,,"9","207",,,,,,,,,,,,,"237","83","798","172","7","0",,"2","1FFF1F","1AAAA1AAA1AAAA","4",,,,,
"5102629","2021-09-10T20:00:00","22.32","-127.16",,,"1","4","2","5",,,"11",,,,,,,,,,,,"8",,,,,"9","237",,,,,,,,,,,,,"237","27","798","172","7","0",,"2","1FFFFF","1AAAAAAAA1AAAA","4",,,,,
"5301550","2021-09-10T20:00:00","20.39","-128.51",,,"1","4","2","5",,,"11",,,,,,,,,,,,"8",,,,,"9","263",,,,,,,,,,,,,"237","8","798","172","7","0",,"2","1FFFFF","1AAAAAAAA1AAAA","4",,,,,
"4602715","2021-09-10T20:01:00","28.21","-122.20",,,"1","4","2","5",,,"11",,,,,,,,,"10164",,,"8",,,,,"9","212",,,,,,,,,,,,,"237","82","798","172","7","0",,"2","1FFF1F","1AAAA1AAA1AAAA","4",,,,,
"4602710","2021-09-10T21:00:00","22.61","-120.81",,,"1","4","2","5",,,"11",,,,,,,,,,,,"8",,,,,"9","253",,,,,,,,,,,,,"237","20","798","172","7","0",,"2","1FFFFF","1AAAAAAAA1AAAA","4",,,,,
"4602715","2021-09-10T21:00:00","28.21","-122.20",,,"1","4","2","5",,,"11",,,,,,,,,"10163",,,"8",,,,,"9","212",,,,,,,,,,,,,"237","82","798","172","7","0",,"2","1FFF1F","1AAAA1AAA1AAAA","4",,,,,
"4602718","2021-09-10T21:00:00","28.75","-123.26",,,"1","4","2","5",,,"11",,,,,,,,,"10168",,,"8",,,,,"9","208",,,,,,,,,,,,,"237","83","798","172","7","0",,"2","1FFF1F","1AAAA1AAA1AAAA","4",,,,,
"5102629","2021-09-10T21:00:00","22.32","-127.16",,,"1","4","2","5",,,"11",,,,,,,,,,,,"8",,,,,"9","238",,,,,,,,,,,,,"237","27","798","172","7","0",,"2","1FFFFF","1AAAAAAAA1AAAA","4",,,,,
"5301550","2021-09-10T21:00:00","20.40","-128.50",,,"1","4","2","5",,,"11",,,,,,,,,,,,"8",,,,,"9","264",,,,,,,,,,,,,"237","8","798","172","7","0",,"2","1FFFFF","1AAAAAAAA1AAAA","4",,,,,
"4602715","2021-09-10T22:00:00","28.20","-122.20",,,"1","4","2","5",,,"11",,,,,,,,,"10163",,,"8",,,,,"9","212",,,,,,,,,,,,,"237","82","798","172","7","0",,"2","1FFF1F","1AAAA1AAA1AAAA","4",,,,,
"4602718","2021-09-10T22:00:00","28.74","-123.25",,,"1","4","2","5",,,"11",,,,,,,,,"10166",,,"8",,,,,"9","208",,,,,,,,,,,,,"237","83","798","172","7","0",,"2","1FFF1F","1AAAA1AAA1AAAA","4",,,,,
"5102629","2021-09-10T22:00:00","22.31","-127.15",,,"1","4","2","5",,,"11",,,,,,,,,,,,"8",,,,,"9","238",,,,,,,,,,,,,"237","27","798","172","7","0",,"2","1FFFFF","1AAAAAAAA1AAAA","4",,,,,
"5301550","2021-09-10T22:00:00","20.41","-128.50",,,"1","4","2","5",,,"11",,,,,,,,,,,,"8",,,,,"9","264",,,,,,,,,,,,,"237","8","798","172","7","0",,"2","1FFFFF","1AAAAAAAA1AAAA","4",,,,,
"4602715","2021-09-10T23:00:00","28.20","-122.20",,,"1","4","2","5",,,"11",,,,,,,,,"10161",,,"8",,,,,"9","212",,,,,,,,,,,,,"237","82","798","172","7","0",,"2","1FFF1F","1AAAA1AAA1AAAA","4",,,,,
"5102629","2021-09-10T23:00:00","22.31","-127.15",,,"1","4","2","5",,,"11",,,,,,,,,,,,"8",,,,,"9","237",,,,,,,,,,,,,"237","27","798","172","7","0",,"2","1FFFFF","1AAAAAAAA1AAAA","4",,,,,
"5301550","2021-09-10T23:00:00","20.41","-128.49",,,"1","4","2","5",,,"11",,,,,,,,,,,,"8",,,,,"9","264",,,,,,,,,,,,,"237","8","798","172","7","0",,"2","1FFFFF","1AAAAAAAA1AAAA","4",,,,,
"4602718","2021-09-10T23:01:00","28.74","-123.25",,,"1","4","2","5",,,"11",,,,,,,,,"10166",,,"8",,,,,"9","208",,,,,,,,,,,,,"237","83","798","172","7","0",,"2","1FFF1F","1AAAA1AAA1AAAA","4",,,,,
"4602710","2021-09-11T00:00:00","22.59","-120.81",,,"1","4","2","5",,,"11",,,,,,,,,,,,"8",,,,,"9","253",,,,,,,,,,,,,"237","20","798","172","7","0",,"2","1FFFFF","1AAAAAAAA1AAAA","4",,,,,
"4602715","2021-09-11T00:00:00","28.19","-122.20",,,"1","4","2","5",,,"11",,,,,,,,,"10160",,,"8",,,,,"9","212",,,,,,,,,,,,,"237","82","798","172","7","0",,"2","1FFF1F","1AAAA1AAA1AAAA","4",,,,,
"4602718","2021-09-11T00:00:00","28.73","-123.25",,,"1","4","2","5",,,"11",,,,,,,,,"10167",,,"8",,,,,"9","208",,,,,,,,,,,,,"237","83","798","172","7","0",,"2","1FFF1F","1AAAA1AAA1AAAA","4",,,,,
"5102629","2021-09-11T00:00:00","22.30","-127.15",,,"1","4","2","5",,,"11",,,,,,,,,,,,"8",,,,,"9","237",,,,,,,,,,,,,"237","27","798","172","7","0",,"2","1FFFFF","1AAAAAAAA1AAAA","4",,,,,
"5301550","2021-09-11T00:00:00","20.41","-128.49",,,"1","4","2","5",,,"11",,,,,,,,,,,,"8",,,,,"9","263",,,,,,,,,,,,,"237","8","798","172","7","0",,"2","1FFFFF","1AAAAAAAA1AAAA","4",,,,,
"5102629","2021-09-11T01:00:00","22.30","-127.15",,,"1","4","2","5",,,"11",,,,,,,,,,,,"8",,,,,"9","237",,,,,,,,,,,,,"237","27","798","172","7","0",,"2","1FFFFF","1AAAAAAAA1AAAA","4",,,,,
"5301550","2021-09-11T01:00:00","20.41","-128.48",,,"1","4","2","5",,,"11",,,,,,,,,,,,"8",,,,,"9","263",,,,,,,,,,,,,"237","8","798","172","7","0",,"2","1FFFFF","1AAAAAAAA1AAAA","4",,,,,
"4602715","2021-09-11T01:01:00","28.19","-122.21",,,"1","4","2","5",,,"11",,,,,,,,,"10160",,,"8",,,,,"9","212",,,,,,,,,,,,,"237","82","798","172","7","0",,"2","1FFF1F","1AAAA1AAA1AAAA","4",,,,,
"4602718","2021-09-11T01:02:00","28.73","-123.25",,,"1","4","2","5",,,"11",,,,,,,,,"10168",,,"8",,,,,"9","208",,,,,,,,,,,,,"237","83","798","172","7","0",,"2","1FFF1F","1AAAA1AAA1AAAA","4",,,,,
"4602715","2021-09-11T02:00:00","28.18","-122.21",,,"1","4","2","5",,,"11",,,,,,,,,"10162",,,"8",,,,,"9","212",,,,,,,,,,,,,"237","82","798","172","7","0",,"2","1FFF1F","1AAAA1AAA1AAAA","4",,,,,
"4602718","2021-09-11T02:00:00","28.73","-123.26",,,"1","4","2","5",,,"11",,,,,,,,,"10169",,,"8",,,,,"9","207",,,,,,,,,,,,,"237","83","798","172","7","0",,"2","1FFF1F","1AAAA1AAA1AAAA","4",,,,,
"5102629","2021-09-11T02:00:00","22.30","-127.15",,,"1","4","2","5",,,"11",,,,,,,,,,,,"8",,,,,"9","237",,,,,,,,,,,,,"237","27","798","172","7","0",,"2","1FFFFF","1AAAAAAAA1AAAA","4",,,,,
"5301550","2021-09-11T02:00:00","20.41","-128.48",,,"1","4","2","5",,,"11",,,,,,,,,,,,"8",,,,,"9","262",,,,,,,,,,,,,"237","8","798","172","7","0",,"2","1FFFFF","1AAAAAAAA1AAAA","4",,,,,
"4602710","2021-09-11T03:00:00","22.57","-120.81",,,"1","4","2","5",,,"11",,,,,,,,,,,,"8",,,,,"9","252",,,,,,,,,,,,,"237","20","798","172","7","0",,"1","1FFFFF","1AAAAAAAA1AAAA","4",,,,,
"4602715","2021-09-11T03:00:00","28.18","-122.21",,,"1","4","2","5",,,"11",,,,,,,,,"10164",,,"8",,,,,"9","212",,,,,,,,,,,,,"237","82","798","172","7","0",,"1","1FFF1F","1AAAA1AAA1AAAA","4",,,,,
"4602718","2021-09-11T03:00:00","28.72","-123.26",,,"1","4","2","5",,,"11",,,,,,,,,"10170",,,"8",,,,,"9","207",,,,,,,,,,,,,"237","83","798","172","7","0",,"1","1FFF1F","1AAAA1AAA1AAAA","4",,,,,
"5102629","2021-09-11T03:00:00","22.29","-127.16",,,"1","4","2","5",,,"11",,,,,,,,,,,,"8",,,,,"9","236",,,,,,,,,,,,,"237","27","798","172","7","0",,"1","1FFFFF","1AAAAAAAA1AAAA","4",,,,,
"5301550","2021-09-11T03:00:00","20.41","-128.48",,,"1","4","2","5",,,"11",,,,,,,,,,,,"8",,,,,"9","262",,,,,,,,,,,,,"237","8","798","172","7","0",,"1","1FFFFF","1AAAAAAAA1AAAA","4",,,,,
"4602718","2021-09-11T04:00:00","28.72","-123.26",,,"1","4","2","5",,,"11",,,,,,,,,"10176",,,"8",,,,,"9","207",,,,,,,,,,,,,"237","83","798","172","7","0",,"1","1FFF1F","1AAAA1AAA1AAAA","4",,,,,
"5102629","2021-09-11T04:00:00","22.29","-127.16",,,"1","4","2","5",,,"11",,,,,,,,,,,,"8",,,,,"9","236",,,,,,,,,,,,,"237","27","798","172","7","0",,"1","1FFFFF","1AAAAAAAA1AAAA","4",,,,,
"5301550","2021-09-11T04:00:00","20.41","-128.47",,,"1","4","2","5",,,"11",,,,,,,,,,,,"8",,,,,"9","262",,,,,,,,,,,,,"237","8","798","172","7","0",,"1","1FFFFF","1AAAAAAAA1AAAA","4",,,,,
"4602715","2021-09-11T04:01:00","28.18","-122.22",,,"1","4","2","5",,,"11",,,,,,,,,"10172",,,"8",,,,,"9","212",,,,,,,,,,,,,"237","82","798","172","7","0",,"1","1FFF1F","1AAAA1AAA1AAAA","4",,,,,
"4602718","2021-09-11T05:00:00","28.72","-123.26",,,"1","4","2","5",,,"11",,,,,,,,,"10182",,,"8",,,,,"9","207",,,,,,,,,,,,,"237","83","798","172","7","0",,"1","1FFF1F","1AAAA1AAA1AAAA","4",,,,,
"5102629","2021-09-11T05:00:00","22.29","-127.16",,,"1","4","2","5",,,"11",,,,,,,,,,,,"8",,,,,"9","235",,,,,,,,,,,,,"237","27","798","172","7","0",,"1","1FFFFF","1AAAAAAAA1AAAA","4",,,,,
"5301550","2021-09-11T05:00:00","20.41","-128.47",,,"1","4","2","5",,,"11",,,,,,,,,,,,"8",,,,,"9","262",,,,,,,,,,,,,"237","8","798","172","7","0",,"1","1FFFFF","1AAAAAAAA1AAAA","4",,,,,
"4602715","2021-09-11T05:02:00","28.17","-122.22",,,"1","4","2","5",,,"11",,,,,,,,,"10176",,,"8",,,,,"9","212",,,,,,,,,,,,,"237","82","798","172","7","0",,"1","1FFF1F","1AAAA1AAA1AAAA","4",,,,,
"4602710","2021-09-11T06:00:00","22.55","-120.81",,,"1","4","2","5",,,"11",,,,,,,,,,,,"8",,,,,"9","251",,,,,,,,,,,,,"237","20","798","172","7","0",,"1","1FFFFF","1AAAAAAAA1AAAA","4",,,,,
"4602715","2021-09-11T06:00:00","28.17","-122.23",,,"1","4","2","5",,,"11",,,,,,,,,"10175",,,"8",,,,,"9","212",,,,,,,,,,,,,"237","82","798","172","7","0",,"1","1FFF1F","1AAAA1AAA1AAAA","4",,,,,
"4602718","2021-09-11T06:00:00","28.72","-123.26",,,"1","4","2","5",,,"11",,,,,,,,,"10182",,,"8",,,,,"9","207",,,,,,,,,,,,,"237","83","798","172","7","0",,"1","1FFF1F","1AAAA1AAA1AAAA","4",,,,,
"5102629","2021-09-11T06:00:00","22.29","-127.16",,,"1","4","2","5",,,"11",,,,,,,,,,,,"8",,,,,"9","234",,,,,,,,,,,,,"237","27","798","172","7","0",,"1","1FFFFF","1AAAAAAAA1AAAA","4",,,,,
"5301550","2021-09-11T06:00:00","20.42","-128.47",,,"1","4","2","5",,,"11",,,,,,,,,,,,"8",,,,,"9","262",,,,,,,,,,,,,"237","8","798","172","7","0",,"1","1FFFFF","1AAAAAAAA1AAAA","4",,,,,
"4602715","2021-09-11T07:00:00","28.17","-122.23",,,"1","4","2","5",,,"11",,,,,,,,,"10175",,,"8",,,,,"9","211",,,,,,,,,,,,,"237","82","798","172","7","0",,"1","1FFF1F","1AAAA1AAA1AAAA","4",,,,,
"4602718","2021-09-11T07:00:00","28.72","-123.27",,,"1","4","2","5",,,"11",,,,,,,,,"10180",,,"8",,,,,"9","207",,,,,,,,,,,,,"237","83","798","172","7","0",,"1","1FFF1F","1AAAA1AAA1AAAA","4",,,,,
"5102629","2021-09-11T07:00:00","22.29","-127.16",,,"1","4","2","5",,,"11",,,,,,,,,,,,"8",,,,,"9","234",,,,,,,,,,,,,"237","27","798","172","7","0",,"1","1FFFFF","1AAAAAAAA1AAAA","4",,,,,
"5301550","2021-09-11T07:00:00","20.42","-128.47",,,"1","4","2","5",,,"11",,,,,,,,,,,,"8",,,,,"9","262",,,,,,,,,,,,,"237","8","798","172","7","0",,"1","1FFFFF","1AAAAAAAA1AAAA","4",,,,,
"4602715","2021-09-11T08:00:00","28.17","-122.23",,,"1","4","2","5",,,"11",,,,,,,,,"10173",,,"8",,,,,"9","211",,,,,,,,,,,,,"237","82","798","172","7","0",,"1","1FFF1F","1AAAA1AAA1AAAA","4",,,,,
"4602718","2021-09-11T08:00:00","28.72","-123.27",,,"1","4","2","5",,,"11",,,,,,,,,"10180",,,"8",,,,,"9","207",,,,,,,,,,,,,"237","83","798","172","7","0",,"1","1FFF1F","1AAAA1AAA1AAAA","4",,,,,
"5102629","2021-09-11T08:00:00","22.29","-127.16",,,"1","4","2","5",,,"11",,,,,,,,,,,,"8",,,,,"9","234",,,,,,,,,,,,,"237","27","798","172","7","0",,"1","1FFFFF","1AAAAAAAA1AAAA","4",,,,,
"5301550","2021-09-11T08:00:00","20.43","-128.47",,,"1","4","2","5",,,"11",,,,,,,,,,,,"8",,,,,"9","261",,,,,,,,,,,,,"237","8","798","172","7","0",,"1","1FFFFF","1AAAAAAAA1AAAA","4",,,,,
"4602710","2021-09-11T09:00:00","22.52","-120.84",,,"1","4","2","5",,,"11",,,,,,,,,,,,"8",,,,,"9","251",,,,,,,,,,,,,"237","20","798","172","7","0",,"1","1FFFFF","1AAAAAAAA1AAAA","4",,,,,
"4602715","2021-09-11T09:00:00","28.16","-122.23",,,"1","4","2","5",,,"11",,,,,,,,,"10168",,,"8",,,,,"9","211",,,,,,,,,,,,,"237","82","798","172","7","0",,"1","1FFF1F","1AAAA1AAA1AAAA","4",,,,,
"4602718","2021-09-11T09:00:00","28.72","-123.27",,,"1","4","2","5",,,"11",,,,,,,,,"10180",,,"8",,,,,"9","206",,,,,,,,,,,,,"237","83","798","172","7","0",,"1","1FFF1F","1AAAA1AAA1AAAA","4",,,,,
"5102629","2021-09-11T09:00:00","22.29","-127.16",,,"1","4","2","5",,,"11",,,,,,,,,,,,"8",,,,,"9","234",,,,,,,,,,,,,"237","27","798","172","7","0",,"1","1FFFFF","1AAAAAAAA1AAAA","4",,,,,
"5301550","2021-09-11T09:00:00","20.43","-128.48",,,"1","4","2","5",,,"11",,,,,,,,,,,,"8",,,,,"9","261",,,,,,,,,,,,,"237","8","798","172","7","0",,"1","1FFFFF","1AAAAAAAA1AAAA","4",,,,,
"4602718","2021-09-11T10:00:00","28.72","-123.27",,,"1","4","2","5",,,"11",,,,,,,,,"10176",,,"8",,,,,"9","206",,,,,,,,,,,,,"237","83","798","172","7","0",,"1","1FFF1F","1AAAA1AAA1AAAA","4",,,,,
"5102629","2021-09-11T10:00:00","22.29","-127.16",,,"1","4","2","5",,,"11",,,,,,,,,,,,"8",,,,,"9","234",,,,,,,,,,,,,"237","27","798","172","7","0",,"1","1FFFFF","1AAAAAAAA1AAAA","4",,,,,
"5301550","2021-09-11T10:00:00","20.44","-128.48",,,"1","4","2","5",,,"11",,,,,,,,,,,,"8",,,,,"9","261",,,,,,,,,,,,,"237","8","798","172","7","0",,"1","1FFFFF","1AAAAAAAA1AAAA","4",,,,,
"4602715","2021-09-11T10:01:00","28.16","-122.24",,,"1","4","2","5",,,"11",,,,,,,,,"10169",,,"8",,,,,"9","211",,,,,,,,,,,,,"237","82","798","172","7","0",,"1","1FFF1F","1AAAA1AAA1AAAA","4",,,,,
"4602718","2021-09-11T11:00:00","28.73","-123.27",,,"1","4","2","5",,,"11",,,,,,,,,"10175",,,"8",,,,,"9","206",,,,,,,,,,,,,"237","83","798","172","7","0",,"1","1FFF1F","1AAAA1AAA1AAAA","4",,,,,
"5102629","2021-09-11T11:00:00","22.29","-127.19",,,"1","4","2","5",,,"11",,,,,,,,,,,,"8",,,,,"9","234",,,,,,,,,,,,,"237","27","798","172","7","0",,"1","1FFFFF","1AAAAAAAA1AAAA","4",,,,,
"4602715","2021-09-11T11:01:00","28.16","-122.24",,,"1","4","2","5",,,"11",,,,,,,,,"10169",,,"8",,,,,"9","211",,,,,,,,,,,,,"237","82","798","172","7","0",,"1","1FFF1F","1AAAA1AAA1AAAA","4",,,,,
"4602710","2021-09-11T12:00:00","22.51","-120.88",,,"1","4","2","5",,,"11",,,,,,,,,,,,"8",,,,,"9","251",,,,,,,,,,,,,"237","20","798","172","7","0",,"1","1FFFFF","1AAAAAAAA1AAAA","4",,,,,
"4602715","2021-09-11T12:00:00","28.16","-122.24",,,"1","4","2","5",,,"11",,,,,,,,,"10168",,,"8",,,,,"9","210",,,,,,,,,,,,,"237","82","798","172","7","0",,"1","1FFF1F","1AAAA1AAA1AAAA","4",,,,,
"4602718","2021-09-11T12:00:00","28.73","-123.27",,,"1","4","2","5",,,"11",,,,,,,,,"10177",,,"8",,,,,"9","206",,,,,,,,,,,,,"237","83","798","172","7","0",,"1","1FFF1F","1AAAA1AAA1AAAA","4",,,,,
"5102629","2021-09-11T12:00:00","22.29","-127.19",,,"1","4","2","5",,,"11",,,,,,,,,,,,"8",,,,,"9","234",,,,,,,,,,,,,"237","27","798","172","7","0",,"1","1FFFFF","1AAAAAAAA1AAAA","4",,,,,
"5301550","2021-09-11T12:00:00","20.45","-128.48",,,"1","4","2","5",,,"11",,,,,,,,,,,,"8",,,,,"9","261",,,,,,,,,,,,,"237","8","798","172","7","0",,"1","1FFFFF","1AAAAAAAA1AAAA","4",,,,,
"4602715","2021-09-11T13:00:00","28.15","-122.24",,,"1","4","2","5",,,"11",,,,,,,,,"10174",,,"8",,,,,"9","210",,,,,,,,,,,,,"237","82","798","172","7","0",,"1","1FFF1F","1AAAA1AAA1AAAA","4",,,,,
"4602718","2021-09-11T13:00:00","28.73","-123.27",,,"1","4","2","5",,,"11",,,,,,,,,"10180",,,"8",,,,,"9","206",,,,,,,,,,,,,"237","83","798","172","7","0",,"1","1FFF1F","1AAAA1AAA1AAAA","4",,,,,
"5102629","2021-09-11T13:00:00","22.29","-127.19",,,"1","4","2","5",,,"11",,,,,,,,,,,,"8",,,,,"9","234",,,,,,,,,,,,,"237","27","798","172","7","0",,"1","1FFFFF","1AAAAAAAA1AAAA","4",,,,,
"5301550","2021-09-11T13:00:00","20.45","-128.47",,,"1","4","2","5",,,"11",,,,,,,,,,,,"8",,,,,"9","261",,,,,,,,,,,,,"237","8","798","172","7","0",,"1","1FFFFF","1AAAAAAAA1AAAA","4",,,,,
"4602715","2021-09-11T14:00:00","28.15","-122.25",,,"1","4","2","5",,,"11",,,,,,,,,"10178",,,"8",,,,,"9","210",,,,,,,,,,,,,"237","82","798","172","7","0",,"1","1FFF1F","1AAAA1AAA1AAAA","4",,,,,
"4602718","2021-09-11T14:00:00","28.73","-123.27",,,"1","4","2","5",,,"11",,,,,,,,,"10184",,,"8",,,,,"9","206",,,,,,,,,,,,,"237","83","798","172","7","0",,"1","1FFF1F","1AAAA1AAA1AAAA","4",,,,,
"5102629","2021-09-11T14:00:00","22.29","-127.19",,,"1","4","2","5",,,"11",,,,,,,,,,,,"8",,,,,"9","234",,,,,,,,,,,,,"237","27","798","172","7","0",,"1","1FFFFF","1AAAAAAAA1AAAA","4",,,,,
"5301550","2021-09-11T14:00:00","20.46","-128.47",,,"1","4","2","5",,,"11",,,,,,,,,,,,"8",,,,,"9","261",,,,,,,,,,,,,"237","8","798","172","7","0",,"1","1FFFFF","1AAAAAAAA1AAAA","4",,,,,
"4602710","2021-09-11T15:00:00","22.50","-120.91",,,"1","4","2","5",,,"11",,,,,,,,,,,,"8",,,,,"9","251",,,,,,,,,,,,,"237","20","798","172","7","0",,"2","1FFFFF","1AAAAAAAA1AAAA","4",,,,,
"4602715","2021-09-11T15:00:00","28.14","-122.25",,,"1","4","2","5",,,"11",,,,,,,,,"10185",,,"8",,,,,"9","210",,,,,,,,,,,,,"237","82","798","172","7","0",,"2","1FFF1F","1AAAA1AAA1AAAA","4",,,,,
"4602718","2021-09-11T15:00:00","28.73","-123.27",,,"1","4","2","5",,,"11",,,,,,,,,"10191",,,"8",,,,,"9","206",,,,,,,,,,,,,"237","83","798","172","7","0",,"2","1FFF1F","1AAAA1AAA1AAAA","4",,,,,
"5102629","2021-09-11T15:00:00","22.29","-127.19",,,"1","4","2","5",,,"11",,,,,,,,,,,,"8",,,,,"9","233",,,,,,,,,,,,,"237","27","798","172","7","0",,"2","1FFFFF","1AAAAAAAA1AAAA","4",,,,,
"5301550","2021-09-11T15:00:00","20.46","-128.47",,,"1","4","2","5",,,"11",,,,,,,,,,,,"8",,,,,"9","261",,,,,,,,,,,,,"237","8","798","172","7","0",,"2","1FFFFF","1AAAAAAAA1AAAA","4",,,,,
"4602715","2021-09-11T16:00:00","28.14","-122.25",,,"1","4","2","5",,,"11",,,,,,,,,"10188",,,"8",,,,,"9","210",,,,,,,,,,,,,"237","82","798","172","7","0",,"2","1FFF1F","1AAAA1AAA1AAAA","4",,,,,
"5102629","2021-09-11T16:00:00","22.29","-127.21",,,"1","4","2","5",,,"11",,,,,,,,,,,,"8",,,,,"9","233",,,,,,,,,,,,,"237","27","798","172","7","0",,"2","1FFFFF","1AAAAAAAA1AAAA","4",,,,,
"5301550","2021-09-11T16:00:00","20.47","-128.46",,,"1","4","2","5",,,"11",,,,,,,,,,,,"8",,,,,"9","261",,,,,,,,,,,,,"237","8","798","172","7","0",,"2","1FFFFF","1AAAAAAAA1AAAA","4",,,,,
"4602718","2021-09-11T16:04:00","28.73","-123.27",,,"1","4","2","5",,,"11",,,,,,,,,"10196",,,"8",,,,,"9","206",,,,,,,,,,,,,"237","83","798","172","7","0",,"2","1FFF1F","1AAAA1AAA1AAAA","4",,,,,
"4602715","2021-09-11T17:00:00","28.14","-122.25",,,"1","4","2","5",,,"11",,,,,,,,,"10192",,,"8",,,,,"9","210",,,,,,,,,,,,,"237","82","798","172","7","0",,"2","1FFF1F","1AAAA1AAA1AAAA","4",,,,,
"5102629","2021-09-11T17:00:00","22.30","-127.21",,,"1","4","2","5",,,"11",,,,,,,,,,,,"8",,,,,"9","233",,,,,,,,,,,,,"237","27","798","172","7","0",,"2","1FFFFF","1AAAAAAAA1AAAA","4",,,,,
"5301550","2021-09-11T17:00:00","20.47","-128.46",,,"1","4","2","5",,,"11",,,,,,,,,,,,"8",,,,,"9","261",,,,,,,,,,,,,"237","8","798","172","7","0",,"2","1FFFFF","1AAAAAAAA1AAAA","4",,,,,
"4602718","2021-09-11T17:01:00","28.73","-123.27",,,"1","4","2","5",,,"11",,,,,,,,,"10199",,,"8",,,,,"9","206",,,,,,,,,,,,,"237","83","798","172","7","0",,"2","1FFF1F","1AAAA1AAA1AAAA","4",,,,,
"4602710","2021-09-11T18:00:00","22.49","-120.92",,,"1","4","2","5",,,"11",,,,,,,,,,,,"8",,,,,"9","251",,,,,,,,,,,,,"237","20","798","172","7","0",,"2","1FFFFF","1AAAAAAAA1AAAA","4",,,,,
"4602715","2021-09-11T18:00:00","28.13","-122.26",,,"1","4","2","5",,,"11",,,,,,,,,"10191",,,"8",,,,,"9","211",,,,,,,,,,,,,"237","82","798","172","7","0",,"2","1FFF1F","1AAAA1AAA1AAAA","4",,,,,
"4602718","2021-09-11T18:00:00","28.73","-123.27",,,"1","4","2","5",,,"11",,,,,,,,,"10199",,,"8",,,,,"9","206",,,,,,,,,,,,,"237","83","798","172","7","0",,"2","1FFF1F","1AAAA1AAA1AAAA","4",,,,,
"5102629","2021-09-11T18:00:00","22.30","-127.21",,,"1","4","2","5",,,"11",,,,,,,,,,,,"8",,,,,"9","234",,,,,,,,,,,,,"237","27","798","172","7","0",,"2","1FFFFF","1AAAAAAAA1AAAA","4",,,,,
"5301550","2021-09-11T18:00:00","20.47","-128.46",,,"1","4","2","5",,,"11",,,,,,,,,,,,"8",,,,,"9","261",,,,,,,,,,,,,"237","8","798","172","7","0",,"2","1FFFFF","1AAAAAAAA1AAAA","4",,,,,
"S6FM8","2021-09-11T18:00:00","27.50","-127.40",,,"1","6","2","5","3","3","1",,"350","4","67","1","97","3","1","10155","0","0","8","230",,"200","183","1","210","6","6","7","5","7","7",,"3","2","35","3","2","237","77","798","172","5","1","2","2","111111","11111111111111",,"5",,"1",,
"4602715","2021-09-11T19:00:00","28.13","-122.26",,,"1","4","2","5",,,"11",,,,,,,,,"10186",,,"8",,,,,"9","211",,,,,,,,,,,,,"237","82","798","172","7","0",,"2","1FFF1F","1AAAA1AAA1AAAA","4",,,,,
"4602718","2021-09-11T19:00:00","28.73","-123.27",,,"1","4","2","5",,,"11",,,,,,,,,"10197",,,"8",,,,,"9","206",,,,,,,,,,,,,"237","83","798","172","7","0",,"2","1FFF1F","1AAAA1AAA1AAAA","4",,,,,
"5102629","2021-09-11T19:00:00","22.30","-127.21",,,"1","4","2","5",,,"11",,,,,,,,,,,,"8",,,,,"9","235",,,,,,,,,,,,,"237","27","798","172","7","0",,"2","1FFFFF","1AAAAAAAA1AAAA","4",,,,,
"5301550","2021-09-11T19:00:00","20.48","-128.46",,,"1","4","2","5",,,"11",,,,,,,,,,,,"8",,,,,"9","261",,,,,,,,,,,,,"237","8","798","172","7","0",,"2","1FFFFF","1AAAAAAAA1AAAA","4",,,,,
"4602715","2021-09-11T20:00:00","28.13","-122.26",,,"1","4","2","5",,,"11",,,,,,,,,"10179",,,"8",,,,,"9","211",,,,,,,,,,,,,"237","82","798","172","7","0",,"2","1FFF1F","1AAAA1AAA1AAAA","4",,,,,
"5102629","2021-09-11T20:00:00","22.30","-127.21",,,"1","4","2","5",,,"11",,,,,,,,,,,,"8",,,,,"9","235",,,,,,,,,,,,,"237","27","798","172","7","0",,"2","1FFFFF","1AAAAAAAA1AAAA","4",,,,,
"5301550","2021-09-11T20:00:00","20.48","-128.46",,,"1","4","2","5",,,"11",,,,,,,,,,,,"8",,,,,"9","262",,,,,,,,,,,,,"237","8","798","172","7","0",,"2","1FFFFF","1AAAAAAAA1AAAA","4",,,,,
"4602718","2021-09-11T20:04:00","28.73","-123.28",,,"1","4","2","5",,,"11",,,,,,,,,"10192",,,"8",,,,,"9","206",,,,,,,,,,,,,"237","83","798","172","7","0",,"2","1FFF1F","1AAAA1AAA1AAAA","4",,,,,
"4602710","2021-09-11T21:00:00","22.47","-120.93",,,"1","4","2","5",,,"11",,,,,,,,,,,,"8",,,,,"9","252",,,,,,,,,,,,,"237","20","798","172","7","0",,"2","1FFFFF","1AAAAAAAA1AAAA","4",,,,,
"4602715","2021-09-11T21:00:00","28.12","-122.26",,,"1","4","2","5",,,"11",,,,,,,,,"10174",,,"8",,,,,"9","212",,,,,,,,,,,,,"237","82","798","172","7","0",,"2","1FFF1F","1AAAA1AAA1AAAA","4",,,,,
"5102629","2021-09-11T21:00:00","22.30","-127.21",,,"1","4","2","5",,,"11",,,,,,,,,,,,"8",,,,,"9","235",,,,,,,,,,,,,"237","27","798","172","7","0",,"2","1FFFFF","1AAAAAAAA1AAAA","4",,,,,
"5301550","2021-09-11T21:00:00","20.48","-128.46",,,"1","4","2","5",,,"11",,,,,,,,,,,,"8",,,,,"9","262",,,,,,,,,,,,,"237","8","798","172","7","0",,"2","1FFFFF","1AAAAAAAA1AAAA","4",,,,,
"4602718","2021-09-11T21:01:00","28.73","-123.27",,,"1","4","2","5",,,"11",,,,,,,,,"10187",,,"8",,,,,"9","207",,,,,,,,,,,,,"237","83","798","172","7","0",,"2","1FFF1F","1AAAA1AAA1AAAA","4",,,,,
"4602715","2021-09-11T22:00:00","28.12","-122.27",,,"1","4","2","5",,,"11",,,,,,,,,"10171",,,"8",,,,,"9","212",,,,,,,,,,,,,"237","82","798","172","7","0",,"2","1FFF1F","1AAAA1AAA1AAAA","4",,,,,
"4602718","2021-09-11T22:00:00","28.74","-123.27",,,"1","4","2","5",,,"11",,,,,,,,,"10181",,,"8",,,,,"9","207",,,,,,,,,,,,,"237","83","798","172","7","0",,"2","1FFF1F","1AAAA1AAA1AAAA","4",,,,,
"5102629","2021-09-11T22:00:00","22.30","-127.21",,,"1","4","2","5",,,"11",,,,,,,,,,,,"8",,,,,"9","236",,,,,,,,,,,,,"237","27","798","172","7","0",,"2","1FFFFF","1AAAAAAAA1AAAA","4",,,,,
"5301550","2021-09-11T22:00:00","20.49","-128.46",,,"1","4","2","5",,,"11",,,,,,,,,,,,"8",,,,,"9","262",,,,,,,,,,,,,"237","8","798","172","7","0",,"2","1FFFFF","1AAAAAAAA1AAAA","4",,,,,
"4602715","2021-09-11T23:00:00","28.12","-122.27",,,"1","4","2","5",,,"11",,,,,,,,,"10167",,,"8",,,,,"9","212",,,,,,,,,,,,,"237","82","798","172","7","0",,"2","1FFF1F","1AAAA1AAA1AAAA","4",,,,,
"4602718","2021-09-11T23:00:00","28.74","-123.27",,,"1","4","2","5",,,"11",,,,,,,,,"10177",,,"8",,,,,"9","207",,,,,,,,,,,,,"237","83","798","172","7","0",,"2","1FFF1F","1AAAA1AAA1AAAA","4",,,,,
"5102629","2021-09-11T23:00:00","22.30","-127.21",,,"1","4","2","5",,,"11",,,,,,,,,,,,"8",,,,,"9","236",,,,,,,,,,,,,"237","27","798","172","7","0",,"2","1FFFFF","1AAAAAAAA1AAAA","4",,,,,
"5301550","2021-09-11T23:00:00","20.49","-128.47",,,"1","4","2","5",,,"11",,,,,,,,,,,,"8",,,,,"9","262",,,,,,,,,,,,,"237","8","798","172","7","0",,"2","1FFFFF","1AAAAAAAA1AAAA","4",,,,,
"4602710","2021-09-12T00:00:00","22.45","-120.93",,,"1","4","2","5",,,"11",,,,,,,,,,,,"8",,,,,"9","251",,,,,,,,,,,,,"237","20","798","172","7","0",,"2","1FFFFF","1AAAAAAAA1AAAA","4",,,,,
"4602715","2021-09-12T00:00:00","28.11","-122.28",,,"1","4","2","5",,,"11",,,,,,,,,"10169",,,"8",,,,,"9","212",,,,,,,,,,,,,"237","82","798","172","7","0",,"2","1FFF1F","1AAAA1AAA1AAAA","4",,,,,
"5102629","2021-09-12T00:00:00","22.30","-127.21",,,"1","4","2","5",,,"11",,,,,,,,,,,,"8",,,,,"9","237",,,,,,,,,,,,,"237","27","798","172","7","0",,"2","1FFFFF","1AAAAAAAA1AAAA","4",,,,,
"5301550","2021-09-12T00:00:00","20.50","-128.47",,,"1","4","2","5",,,"11",,,,,,,,,,,,"8",,,,,"9","262",,,,,,,,,,,,,"237","8","798","172","7","0",,"2","1FFFFF","1AAAAAAAA1AAAA","4",,,,,
"H3WC","2021-09-12T00:00:00","29.50","-120.50",,,"1","5","2","5","3","5","1",,"290","0","100","1","98",,,"10187","4","0","8","255",,"246","243",,,"0","0","0","9","0","0",,"5","1","22","6","1","237","90","798","172","5","1","2","2","F53111","111AA1111A1111",,"5",,,,
"4602718","2021-09-12T00:04:00","28.73","-123.26",,,"1","4","2","5",,,"11",,,,,,,,,"10175",,,"8",,,,,"9","207",,,,,,,,,,,,,"237","83","798","172","7","0",,"2","1FFF1F","1AAAA1AAA1AAAA","4",,,,,
"4602715","2021-09-12T01:00:00","28.11","-122.28",,,"1","4","2","5",,,"11",,,,,,,,,"10168",,,"8",,,,,"9","212",,,,,,,,,,,,,"237","82","798","172","7","0",,"2","1FFF1F","1AAAA1AAA1AAAA","4",,,,,
"5102629","2021-09-12T01:00:00","22.30","-127.21",,,"1","4","2","5",,,"11",,,,,,,,,,,,"8",,,,,"9","236",,,,,,,,,,,,,"237","27","798","172","7","0",,"2","1FFFFF","1AAAAAAAA1AAAA","4",,,,,
"5301550","2021-09-12T01:00:00","20.50","-128.47",,,"1","4","2","5",,,"11",,,,,,,,,,,,"8",,,,,"9","262",,,,,,,,,,,,,"237","8","798","172","7","0",,"2","1FFFFF","1AAAAAAAA1AAAA","4",,,,,
"4602718","2021-09-12T01:04:00","28.73","-123.26",,,"1","4","2","5",,,"11",,,,,,,,,"10176",,,"8",,,,,"9","207",,,,,,,,,,,,,"237","83","798","172","7","0",,"2","1FFF1F","1AAAA1AAA1AAAA","4",,,,,
"4602715","2021-09-12T02:00:00","28.11","-122.28",,,"1","4","2","5",,,"11",,,,,,,,,"10167",,,"8",,,,,"9","211",,,,,,,,,,,,,"237","82","798","172","7","0",,"2","1FFF1F","1AAAA1AAA1AAAA","4",,,,,
"4602718","2021-09-12T02:00:00","28.73","-123.26",,,"1","4","2","5",,,"11",,,,,,,,,"10175",,,"8",,,,,"9","207",,,,,,,,,,,,,"237","83","798","172","7","0",,"2","1FFF1F","1AAAA1AAA1AAAA","4",,,,,
"5102629","2021-09-12T02:00:00","22.30","-127.21",,,"1","4","2","5",,,"11",,,,,,,,,,,,"8",,,,,"9","235",,,,,,,,,,,,,"237","27","798","172","7","0",,"2","1FFFFF","1AAAAAAAA1AAAA","4",,,,,
"5301550","2021-09-12T02:00:00","20.51","-128.47",,,"1","4","2","5",,,"11",,,,,,,,,,,,"8",,,,,"9","262",,,,,,,,,,,,,"237","8","798","172","7","0",,"2","1FFFFF","1AAAAAAAA1AAAA","4",,,,,
"4602710","2021-09-12T03:00:00","22.43","-120.91",,,"1","4","2","5",,,"11",,,,,,,,,,,,"8",,,,,"9","251",,,,,,,,,,,,,"237","20","798","172","7","0",,"1","1FFFFF","1AAAAAAAA1AAAA","4",,,,,
"4602715","2021-09-12T03:00:00","28.10","-122.29",,,"1","4","2","5",,,"11",,,,,,,,,"10169",,,"8",,,,,"9","211",,,,,,,,,,,,,"237","82","798","172","7","0",,"1","1FFF1F","1AAAA1AAA1AAAA","4",,,,,
"4602718","2021-09-12T03:00:00","28.73","-123.27",,,"1","4","2","5",,,"11",,,,,,,,,"10176",,,"8",,,,,"9","206",,,,,,,,,,,,,"237","83","798","172","7","0",,"1","1FFF1F","1AAAA1AAA1AAAA","4",,,,,
"5102629","2021-09-12T03:00:00","22.30","-127.21",,,"1","4","2","5",,,"11",,,,,,,,,,,,"8",,,,,"9","235",,,,,,,,,,,,,"237","27","798","172","7","0",,"1","1FFFFF","1AAAAAAAA1AAAA","4",,,,,
"5301550","2021-09-12T03:00:00","20.51","-128.47",,,"1","4","2","5",,,"11",,,,,,,,,,,,"8",,,,,"9","262",,,,,,,,,,,,,"237","8","798","172","7","0",,"1","1FFFFF","1AAAAAAAA1AAAA","4",,,,,
"4602715","2021-09-12T04:00:00","28.10","-122.29",,,"1","4","2","5",,,"11",,,,,,,,,"10173",,,"8",,,,,"9","211",,,,,,,,,,,,,"237","82","798","172","7","0",,"1","1FFF1F","1AAAA1AAA1AAAA","4",,,,,
"5102629","2021-09-12T04:00:00","22.30","-127.21",,,"1","4","2","5",,,"11",,,,,,,,,,,,"8",,,,,"9","234",,,,,,,,,,,,,"237","27","798","172","7","0",,"1","1FFFFF","1AAAAAAAA1AAAA","4",,,,,
"5301550","2021-09-12T04:00:00","20.52","-128.47",,,"1","4","2","5",,,"11",,,,,,,,,,,,"8",,,,,"9","261",,,,,,,,,,,,,"237","8","798","172","7","0",,"1","1FFFFF","1AAAAAAAA1AAAA","4",,,,,
"4602718","2021-09-12T04:04:00","28.72","-123.27",,,"1","4","2","5",,,"11",,,,,,,,,"10181",,,"8",,,,,"9","206",,,,,,,,,,,,,"237","83","798","172","7","0",,"1","1FFF1F","1AAAA1AAA1AAAA","4",,,,,
"4602715","2021-09-12T05:00:00","28.09","-122.29",,,"1","4","2","5",,,"11",,,,,,,,,"10175",,,"8",,,,,"9","211",,,,,,,,,,,,,"237","82","798","172","7","0",,"1","1FFF1F","1AAAA1AAA1AAAA","4",,,,,
"5102629","2021-09-12T05:00:00","22.30","-127.21",,,"1","4","2","5",,,"11",,,,,,,,,,,,"8",,,,,"9","234",,,,,,,,,,,,,"237","27","798","172","7","0",,"1","1FFFFF","1AAAAAAAA1AAAA","4",,,,,
"5301550","2021-09-12T05:00:00","20.52","-128.47",,,"1","4","2","5",,,"11",,,,,,,,,,,,"8",,,,,"9","261",,,,,,,,,,,,,"237","8","798","172","7","0",,"1","1FFFFF","1AAAAAAAA1AAAA","4",,,,,
"4602718","2021-09-12T05:04:00","28.72","-123.27",,,"1","4","2","5",,,"11",,,,,,,,,"10186",,,"8",,,,,"9","206",,,,,,,,,,,,,"237","83","798","172","7","0",,"1","1FFF1F","1AAAA1AAA1AAAA","4",,,,,
"4602710","2021-09-12T06:00:00","22.41","-120.90",,,"1","4","2","5",,,"11",,,,,,,,,,,,"8",,,,,"9","251",,,,,,,,,,,,,"237","20","798","172","7","0",,"1","1FFFFF","1AAAAAAAA1AAAA","4",,,,,
"4602715","2021-09-12T06:00:00","28.09","-122.30",,,"1","4","2","5",,,"11",,,,,,,,,"10174",,,"8",,,,,"9","211",,,,,,,,,,,,,"237","82","798","172","7","0",,"1","1FFF1F","1AAAA1AAA1AAAA","4",,,,,
"4602718","2021-09-12T06:00:00","28.72","-123.27",,,"1","4","2","5",,,"11",,,,,,,,,"10183",,,"8",,,,,"9","206",,,,,,,,,,,,,"237","83","798","172","7","0",,"1","1FFF1F","1AAAA1AAA1AAAA","4",,,,,
"5102629","2021-09-12T06:00:00","22.30","-127.21",,,"1","4","2","5",,,"11",,,,,,,,,,,,"8",,,,,"9","234",,,,,,,,,,,,,"237","27","798","172","7","0",,"1","1FFFFF","1AAAAAAAA1AAAA","4",,,,,
"5301550","2021-09-12T06:00:00","20.53","-128.47",,,"1","4","2","5",,,"11",,,,,,,,,,,,"8",,,,,"9","261",,,,,,,,,,,,,"237","8","798","172","7","0",,"1","1FFFFF","1AAAAAAAA1AAAA","4",,,,,
"4602715","2021-09-12T07:00:00","28.09","-122.30",,,"1","4","2","5",,,"11",,,,,,,,,"10174",,,"8",,,,,"9","211",,,,,,,,,,,,,"237","82","798","172","7","0",,"1","1FFF1F","1AAAA1AAA1AAAA","4",,,,,
"4602718","2021-09-12T07:00:00","28.72","-123.27",,,"1","4","2","5",,,"11",,,,,,,,,"10181",,,"8",,,,,"9","206",,,,,,,,,,,,,"237","83","798","172","7","0",,"1","1FFF1F","1AAAA1AAA1AAAA","4",,,,,
"5102629","2021-09-12T07:00:00","22.30","-127.21",,,"1","4","2","5",,,"11",,,,,,,,,,,,"8",,,,,"9","234",,,,,,,,,,,,,"237","27","798","172","7","0",,"1","1FFFFF","1AAAAAAAA1AAAA","4",,,,,
"5301550","2021-09-12T07:00:00","20.53","-128.47",,,"1","4","2","5",,,"11",,,,,,,,,,,,"8",,,,,"9","261",,,,,,,,,,,,,"237","8","798","172","7","0",,"1","1FFFFF","1AAAAAAAA1AAAA","4",,,,,
"4602715","2021-09-12T08:00:00","28.08","-122.31",,,"1","4","2","5",,,"11",,,,,,,,,"10170",,,"8",,,,,"9","211",,,,,,,,,,,,,"237","82","798","172","7","0",,"1","1FFF1F","1AAAA1AAA1AAAA","4",,,,,
"5102629","2021-09-12T08:00:00","22.30","-127.21",,,"1","4","2","5",,,"11",,,,,,,,,,,,"8",,,,,"9","234",,,,,,,,,,,,,"237","27","798","172","7","0",,"1","1FFFFF","1AAAAAAAA1AAAA","4",,,,,
"5301550","2021-09-12T08:00:00","20.54","-128.47",,,"1","4","2","5",,,"11",,,,,,,,,,,,"8",,,,,"9","261",,,,,,,,,,,,,"237","8","798","172","7","0",,"1","1FFFFF","1AAAAAAAA1AAAA","4",,,,,
"4602718","2021-09-12T08:01:00","28.72","-123.27",,,"1","4","2","5",,,"11",,,,,,,,,"10179",,,"8",,,,,"9","206",,,,,,,,,,,,,"237","83","798","172","7","0",,"1","1FFF1F","1AAAA1AAA1AAAA","4",,,,,
"4602710","2021-09-12T09:00:00","22.39","-120.89",,,"1","4","2","5",,,"11",,,,,,,,,,,,"8",,,,,"9","251",,,,,,,,,,,,,"237","20","798","172","7","0",,"1","1FFFFF","1AAAAAAAA1AAAA","4",,,,,
"4602715","2021-09-12T09:00:00","28.08","-122.31",,,"1","4","2","5",,,"11",,,,,,,,,"10167",,,"8",,,,,"9","211",,,,,,,,,,,,,"237","82","798","172","7","0",,"1","1FFF1F","1AAAA1AAA1AAAA","4",,,,,
"4602718","2021-09-12T09:00:00","28.72","-123.27",,,"1","4","2","5",,,"11",,,,,,,,,"10177",,,"8",,,,,"9","206",,,,,,,,,,,,,"237","83","798","172","7","0",,"1","1FFF1F","1AAAA1AAA1AAAA","4",,,,,
"5102629","2021-09-12T09:00:00","22.30","-127.21",,,"1","4","2","5",,,"11",,,,,,,,,,,,"8",,,,,"9","234",,,,,,,,,,,,,"237","27","798","172","7","0",,"1","1FFFFF","1AAAAAAAA1AAAA","4",,,,,
"5301550","2021-09-12T09:00:00","20.55","-128.47",,,"1","4","2","5",,,"11",,,,,,,,,,,,"8",,,,,"9","261",,,,,,,,,,,,,"237","8","798","172","7","0",,"1","1FFFFF","1AAAAAAAA1AAAA","4",,,,,
"4602715","2021-09-12T10:00:00","28.08","-122.31",,,"1","4","2","5",,,"11",,,,,,,,,"10164",,,"8",,,,,"9","210",,,,,,,,,,,,,"237","82","798","172","7","0",,"1","1FFF1F","1AAAA1AAA1AAAA","4",,,,,
"4602718","2021-09-12T10:00:00","28.72","-123.27",,,"1","4","2","5",,,"11",,,,,,,,,"10175",,,"8",,,,,"9","206",,,,,,,,,,,,,"237","83","798","172","7","0",,"1","1FFF1F","1AAAA1AAA1AAAA","4",,,,,
"5102629","2021-09-12T10:00:00","22.30","-127.21",,,"1","4","2","5",,,"11",,,,,,,,,,,,"8",,,,,"9","233",,,,,,,,,,,,,"237","27","798","172","7","0",,"1","1FFFFF","1AAAAAAAA1AAAA","4",,,,,
"5301550","2021-09-12T10:00:00","20.55","-128.47",,,"1","4","2","5",,,"11",,,,,,,,,,,,"8",,,,,"9","261",,,,,,,,,,,,,"237","8","798","172","7","0",,"1","1FFFFF","1AAAAAAAA1AAAA","4",,,,,
"4602715","2021-09-12T11:00:00","28.08","-122.32",,,"1","4","2","5",,,"11",,,,,,,,,"10164",,,"8",,,,,"9","210",,,,,,,,,,,,,"237","82","798","172","7","0",,"1","1FFF1F","1AAAA1AAA1AAAA","4",,,,,
"4602718","2021-09-12T11:00:00","28.72","-123.27",,,"1","4","2","5",,,"11",,,,,,,,,"10172",,,"8",,,,,"9","206",,,,,,,,,,,,,"237","83","798","172","7","0",,"1","1FFF1F","1AAAA1AAA1AAAA","4",,,,,
"5102629","2021-09-12T11:00:00","22.30","-127.21",,,"1","4","2","5",,,"11",,,,,,,,,,,,"8",,,,,"9","233",,,,,,,,,,,,,"237","27","798","172","7","0",,"1","1FFFFF","1AAAAAAAA1AAAA","4",,,,,
"4602715","2021-09-12T12:00:00","28.07","-122.32",,,"1","4","2","5",,,"11",,,,,,,,,"10161",,,"8",,,,,"9","210",,,,,,,,,,,,,"237","82","798","172","7","0",,"1","1FFF1F","1AAAA1AAA1AAAA","4",,,,,
"5102629","2021-09-12T12:00:00","22.30","-127.21",,,"1","4","2","5",,,"11",,,,,,,,,,,,"8",,,,,"9","233",,,,,,,,,,,,,"237","27","798","172","7","0",,"1","1FFFFF","1AAAAAAAA1AAAA","4",,,,,
"5301550","2021-09-12T12:00:00","20.57","-128.47",,,"1","4","2","5",,,"11",,,,,,,,,,,,"8",,,,,"9","260",,,,,,,,,,,,,"237","8","798","172","7","0",,"1","1FFFFF","1AAAAAAAA1AAAA","4",,,,,
"9V2312","2021-09-12T12:00:00","27.60","-121.20",,,"1","6","2","5","3","4","1",,"360","4","98","1","98",,"0","10180",,,"8","180",,,"180","0","210","4","4","A","6","A","5",,,"2",,,"2","237","71","798","172","5","1","2","1","111113","111A111A11137A",,"5",,"0",,
"4602718","2021-09-12T12:03:00","28.72","-123.27",,,"1","4","2","5",,,"11",,,,,,,,,"10171",,,"8",,,,,"9","206",,,,,,,,,,,,,"237","83","798","172","7","0",,"1","1FFF1F","1AAAA1AAA1AAAA","4",,,,,
"4602715","2021-09-12T13:00:00","28.07","-122.32",,,"1","4","2","5",,,"11",,,,,,,,,"10163",,,"8",,,,,"9","210",,,,,,,,,,,,,"237","82","798","172","7","0",,"1","1FFF1F","1AAAA1AAA1AAAA","4",,,,,
"4602718","2021-09-12T13:00:00","28.72","-123.28",,,"1","4","2","5",,,"11",,,,,,,,,"10171",,,"8",,,,,"9","205",,,,,,,,,,,,,"237","83","798","172","7","0",,"1","1FFF1F","1AAAA1AAA1AAAA","4",,,,,
"5102629","2021-09-12T13:00:00","22.30","-127.21",,,"1","4","2","5",,,"11",,,,,,,,,,,,"8",,,,,"9","233",,,,,,,,,,,,,"237","27","798","172","7","0",,"1","1FFFFF","1AAAAAAAA1AAAA","4",,,,,
"5301550","2021-09-12T13:00:00","20.57","-128.47",,,"1","4","2","5",,,"11",,,,,,,,,,,,"8",,,,,"9","260",,,,,,,,,,,,,"237","8","798","172","7","0",,"1","1FFFFF","1AAAAAAAA1AAAA","4",,,,,
"4602718","2021-09-12T14:00:00","28.72","-123.28",,,"1","4","2","5",,,"11",,,,,,,,,"10173",,,"8",,,,,"9","205",,,,,,,,,,,,,"237","83","798","172","7","0",,"1","1FFF1F","1AAAA1AAA1AAAA","4",,,,,
"5102629","2021-09-12T14:00:00","22.30","-127.21",,,"1","4","2","5",,,"11",,,,,,,,,,,,"8",,,,,"9","233",,,,,,,,,,,,,"237","27","798","172","7","0",,"1","1FFFFF","1AAAAAAAA1AAAA","4",,,,,
"5301550","2021-09-12T14:00:00","20.58","-128.47",,,"1","4","2","5",,,"11",,,,,,,,,,,,"8",,,,,"9","260",,,,,,,,,,,,,"237","8","798","172","7","0",,"1","1FFFFF","1AAAAAAAA1AAAA","4",,,,,
"4602710","2021-09-12T15:00:00","22.36","-120.91",,,"1","4","2","5",,,"11",,,,,,,,,,,,"8",,,,,"9","252",,,,,,,,,,,,,"237","20","798","172","7","0",,"2","1FFFFF","1AAAAAAAA1AAAA","4",,,,,
"4602718","2021-09-12T15:00:00","28.72","-123.28",,,"1","4","2","5",,,"11",,,,,,,,,"10180",,,"8",,,,,"9","205",,,,,,,,,,,,,"237","83","798","172","7","0",,"2","1FFF1F","1AAAA1AAA1AAAA","4",,,,,
"5102629","2021-09-12T15:00:00","22.30","-127.21",,,"1","4","2","5",,,"11",,,,,,,,,,,,"8",,,,,"9","233",,,,,,,,,,,,,"237","27","798","172","7","0",,"2","1FFFFF","1AAAAAAAA1AAAA","4",,,,,
"5301550","2021-09-12T15:00:00","20.58","-128.47",,,"1","4","2","5",,,"11",,,,,,,,,,,,"8",,,,,"9","260",,,,,,,,,,,,,"237","8","798","172","7","0",,"2","1FFFFF","1AAAAAAAA1AAAA","4",,,,,
"4602715","2021-09-12T15:04:00","28.06","-122.33",,,"1","4","2","5",,,"11",,,,,,,,,"10172",,,"8",,,,,"9","210",,,,,,,,,,,,,"237","82","798","172","7","0",,"2","1FFF1F","1AAAA1AAA1AAAA","4",,,,,
"5102629","2021-09-12T16:00:00","22.30","-127.21",,,"1","4","2","5",,,"11",,,,,,,,,,,,"8",,,,,"9","233",,,,,,,,,,,,,"237","27","798","172","7","0",,"2","1FFFFF","1AAAAAAAA1AAAA","4",,,,,
"5301550","2021-09-12T16:00:00","20.59","-128.46",,,"1","4","2","5",,,"11",,,,,,,,,,,,"8",,,,,"9","260",,,,,,,,,,,,,"237","8","798","172","7","0",,"2","1FFFFF","1AAAAAAAA1AAAA","4",,,,,
"4602715","2021-09-12T16:01:00","28.05","-122.32",,,"1","4","2","5",,,"11",,,,,,,,,"10174",,,"8",,,,,"9","210",,,,,,,,,,,,,"237","82","798","172","7","0",,"2","1FFF1F","1AAAA1AAA1AAAA","4",,,,,
"4602718","2021-09-12T16:01:00","28.71","-123.28",,,"1","4","2","5",,,"11",,,,,,,,,"10184",,,"8",,,,,"9","205",,,,,,,,,,,,,"237","83","798","172","7","0",,"2","1FFF1F","1AAAA1AAA1AAAA","4",,,,,
"4602715","2021-09-12T17:00:00","28.05","-122.34",,,"1","4","2","5",,,"11",,,,,,,,,"10179",,,"8",,,,,"9","210",,,,,,,,,,,,,"237","82","798","172","7","0",,"2","1FFF1F","1AAAA1AAA1AAAA","4",,,,,
"5102629","2021-09-12T17:00:00","22.26","-127.23",,,"1","4","2","5",,,"11",,,,,,,,,,,,"8",,,,,"9","233",,,,,,,,,,,,,"237","27","798","172","7","0",,"2","1FFFFF","1AAAAAAAA1AAAA","4",,,,,
"5301550","2021-09-12T17:00:00","20.60","-128.46",,,"1","4","2","5",,,"11",,,,,,,,,,,,"8",,,,,"9","260",,,,,,,,,,,,,"237","8","798","172","7","0",,"2","1FFFFF","1AAAAAAAA1AAAA","4",,,,,
"4602718","2021-09-12T17:04:00","28.71","-123.29",,,"1","4","2","5",,,"11",,,,,,,,,"10188",,,"8",,,,,"9","205",,,,,,,,,,,,,"237","83","798","172","7","0",,"2","1FFF1F","1AAAA1AAA1AAAA","4",,,,,
"4602710","2021-09-12T18:00:00","22.35","-120.91",,,"1","4","2","5",,,"11",,,,,,,,,,,,"8",,,,,"9","252",,,,,,,,,,,,,"237","20","798","172","7","0",,"2","1FFFFF","1AAAAAAAA1AAAA","4",,,,,
"4602715","2021-09-12T18:00:00","28.04","-122.34",,,"1","4","2","5",,,"11",,,,,,,,,"10181",,,"8",,,,,"9","210",,,,,,,,,,,,,"237","82","798","172","7","0",,"2","1FFF1F","1AAAA1AAA1AAAA","4",,,,,
"4602718","2021-09-12T18:00:00","28.71","-123.29",,,"1","4","2","5",,,"11",,,,,,,,,"10190",,,"8",,,,,"9","206",,,,,,,,,,,,,"237","83","798","172","7","0",,"2","1FFF1F","1AAAA1AAA1AAAA","4",,,,,
"5102629","2021-09-12T18:00:00","22.26","-127.24",,,"1","4","2","5",,,"11",,,,,,,,,,,,"8",,,,,"9","233",,,,,,,,,,,,,"237","27","798","172","7","0",,"2","1FFFFF","1AAAAAAAA1AAAA","4",,,,,
"5301550","2021-09-12T18:00:00","20.60","-128.46",,,"1","4","2","5",,,"11",,,,,,,,,,,,"8",,,,,"9","260",,,,,,,,,,,,,"237","8","798","172","7","0",,"2","1FFFFF","1AAAAAAAA1AAAA","4",,,,,
"4602718","2021-09-12T19:00:00","28.71","-123.29",,,"1","4","2","5",,,"11",,,,,,,,,"10187",,,"8",,,,,"9","206",,,,,,,,,,,,,"237","83","798","172","7","0",,"2","1FFF1F","1AAAA1AAA1AAAA","4",,,,,
"5102629","2021-09-12T19:00:00","22.26","-127.24",,,"1","4","2","5",,,"11",,,,,,,,,,,,"8",,,,,"9","233",,,,,,,,,,,,,"237","27","798","172","7","0",,"2","1FFFFF","1AAAAAAAA1AAAA","4",,,,,
"5301550","2021-09-12T19:00:00","20.60","-128.45",,,"1","4","2","5",,,"11",,,,,,,,,,,,"8",,,,,"9","260",,,,,,,,,,,,,"237","8","798","172","7","0",,"2","1FFFFF","1AAAAAAAA1AAAA","4",,,,,
"4602715","2021-09-12T19:03:00","28.04","-122.35",,,"1","4","2","5",,,"11",,,,,,,,,"10180",,,"8",,,,,"9","210",,,,,,,,,,,,,"237","82","798","172","7","0",,"2","1FFF1F","1AAAA1AAA1AAAA","4",,,,,
"4602715","2021-09-12T20:00:00","28.03","-122.36",,,"1","4","2","5",,,"11",,,,,,,,,"10176",,,"8",,,,,"9","210",,,,,,,,,,,,,"237","82","798","172","7","0",,"2","1FFF1F","1AAAA1AAA1AAAA","4",,,,,
"4602718","2021-09-12T20:00:00","28.72","-123.29",,,"1","4","2","5",,,"11",,,,,,,,,"10183",,,"8",,,,,"9","206",,,,,,,,,,,,,"237","83","798","172","7","0",,"2","1FFF1F","1AAAA1AAA1AAAA","4",,,,,
"5102629","2021-09-12T20:00:00","22.27","-127.24",,,"1","4","2","5",,,"11",,,,,,,,,,,,"8",,,,,"9","234",,,,,,,,,,,,,"237","27","798","172","7","0",,"2","1FFFFF","1AAAAAAAA1AAAA","4",,,,,
"5301550","2021-09-12T20:00:00","20.60","-128.45",,,"1","4","2","5",,,"11",,,,,,,,,,,,"8",,,,,"9","260",,,,,,,,,,,,,"237","8","798","172","7","0",,"2","1FFFFF","1AAAAAAAA1AAAA","4",,,,,
"4602710","2021-09-12T21:00:00","22.33","-120.91",,,"1","4","2","5",,,"11",,,,,,,,,,,,"8",,,,,"9","253",,,,,,,,,,,,,"237","20","798","172","7","0",,"2","1FFFFF","1AAAAAAAA1AAAA","4",,,,,
"4602715","2021-09-12T21:00:00","28.03","-122.36",,,"1","4","2","5",,,"11",,,,,,,,,"10172",,,"8",,,,,"9","211",,,,,,,,,,,,,"237","82","798","172","7","0",,"2","1FFF1F","1AAAA1AAA1AAAA","4",,,,,
"5102629","2021-09-12T21:00:00","22.27","-127.24",,,"1","4","2","5",,,"11",,,,,,,,,,,,"8",,,,,"9","234",,,,,,,,,,,,,"237","27","798","172","7","0",,"2","1FFFFF","1AAAAAAAA1AAAA","4",,,,,
"5301550","2021-09-12T21:00:00","20.60","-128.45",,,"1","4","2","5",,,"11",,,,,,,,,,,,"8",,,,,"9","261",,,,,,,,,,,,,"237","8","798","172","7","0",,"2","1FFFFF","1AAAAAAAA1AAAA","4",,,,,
"4602718","2021-09-12T21:04:00","28.72","-123.28",,,"1","4","2","5",,,"11",,,,,,,,,"10180",,,"8",,,,,"9","206",,,,,,,,,,,,,"237","83","798","172","7","0",,"2","1FFF1F","1AAAA1AAA1AAAA","4",,,,,
"4602715","2021-09-12T22:00:00","28.03","-122.37",,,"1","4","2","5",,,"11",,,,,,,,,"10166",,,"8",,,,,"9","211",,,,,,,,,,,,,"237","82","798","172","7","0",,"2","1FFF1F","1AAAA1AAA1AAAA","4",,,,,
"4602718","2021-09-12T22:00:00","28.72","-123.28",,,"1","4","2","5",,,"11",,,,,,,,,"10176",,,"8",,,,,"9","206",,,,,,,,,,,,,"237","83","798","172","7","0",,"2","1FFF1F","1AAAA1AAA1AAAA","4",,,,,
"5102629","2021-09-12T22:00:00","22.27","-127.24",,,"1","4","2","5",,,"11",,,,,,,,,,,,"8",,,,,"9","234",,,,,,,,,,,,,"237","27","798","172","7","0",,"2","1FFFFF","1AAAAAAAA1AAAA","4",,,,,
"5301550","2021-09-12T22:00:00","20.61","-128.46",,,"1","4","2","5",,,"11",,,,,,,,,,,,"8",,,,,"9","261",,,,,,,,,,,,,"237","8","798","172","7","0",,"2","1FFFFF","1AAAAAAAA1AAAA","4",,,,,
"4602715","2021-09-12T23:00:00","28.02","-122.38",,,"1","4","2","5",,,"11",,,,,,,,,"10162",,,"8",,,,,"9","211",,,,,,,,,,,,,"237","82","798","172","7","0",,"2","1FFF1F","1AAAA1AAA1AAAA","4",,,,,
"4602718","2021-09-12T23:00:00","28.71","-123.28",,,"1","4","2","5",,,"11",,,,,,,,,"10171",,,"8",,,,,"9","206",,,,,,,,,,,,,"237","83","798","172","7","0",,"2","1FFF1F","1AAAA1AAA1AAAA","4",,,,,
"5102629","2021-09-12T23:00:00","22.28","-127.24",,,"1","4","2","5",,,"11",,,,,,,,,,,,"8",,,,,"9","234",,,,,,,,,,,,,"237","27","798","172","7","0",,"2","1FFFFF","1AAAAAAAA1AAAA","4",,,,,
"5301550","2021-09-12T23:00:00","20.61","-128.46",,,"1","4","2","5",,,"11",,,,,,,,,,,,"8",,,,,"9","261",,,,,,,,,,,,,"237","8","798","172","7","0",,"2","1FFFFF","1AAAAAAAA1AAAA","4",,,,,
"4602710","2021-09-13T00:00:00","22.31","-120.92",,,"1","4","2","5",,,"11",,,,,,,,,,,,"8",,,,,"9","253",,,,,,,,,,,,,"237","20","798","172","7","0",,"2","1FFFFF","1AAAAAAAA1AAAA","4",,,,,
"4602715","2021-09-13T00:00:00","28.02","-122.38",,,"1","4","2","5",,,"11",,,,,,,,,"10162",,,"8",,,,,"9","211",,,,,,,,,,,,,"237","82","798","172","7","0",,"2","1FFF1F","1AAAA1AAA1AAAA","4",,,,,
"5102629","2021-09-13T00:00:00","22.28","-127.24",,,"1","4","2","5",,,"11",,,,,,,,,,,,"8",,,,,"9","234",,,,,,,,,,,,,"237","27","798","172","7","0",,"2","1FFFFF","1AAAAAAAA1AAAA","4",,,,,
"5301550","2021-09-13T00:00:00","20.61","-128.46",,,"1","4","2","5",,,"11",,,,,,,,,,,,"8",,,,,"9","261",,,,,,,,,,,,,"237","8","798","172","7","0",,"2","1FFFFF","1AAAAAAAA1AAAA","4",,,,,
"4602718","2021-09-13T00:02:00","28.71","-123.28",,,"1","4","2","5",,,"11",,,,,,,,,"10170",,,"8",,,,,"9","206",,,,,,,,,,,,,"237","83","798","172","7","0",,"2","1FFF1F","1AAAA1AAA1AAAA","4",,,,,
"4602715","2021-09-13T01:00:00","28.02","-122.39",,,"1","4","2","5",,,"11",,,,,,,,,"10161",,,"8",,,,,"9","211",,,,,,,,,,,,,"237","82","798","172","7","0",,"2","1FFF1F","1AAAA1AAA1AAAA","4",,,,,
"4602718","2021-09-13T01:00:00","28.71","-123.29",,,"1","4","2","5",,,"11",,,,,,,,,"10169",,,"8",,,,,"9","206",,,,,,,,,,,,,"237","83","798","172","7","0",,"2","1FFF1F","1AAAA1AAA1AAAA","4",,,,,
"5102629","2021-09-13T01:00:00","22.28","-127.24",,,"1","4","2","5",,,"11",,,,,,,,,,,,"8",,,,,"9","234",,,,,,,,,,,,,"237","27","798","172","7","0",,"2","1FFFFF","1AAAAAAAA1AAAA","4",,,,,
"5301550","2021-09-13T01:00:00","20.62","-128.46",,,"1","4","2","5",,,"11",,,,,,,,,,,,"8",,,,,"9","260",,,,,,,,,,,,,"237","8","798","172","7","0",,"2","1FFFFF","1AAAAAAAA1AAAA","4",,,,,
"4602718","2021-09-13T02:00:00","28.71","-123.29",,,"1","4","2","5",,,"11",,,,,,,,,"10168",,,"8",,,,,"9","206",,,,,,,,,,,,,"237","83","798","172","7","0",,"2","1FFF1F","1AAAA1AAA1AAAA","4",,,,,
"5102629","2021-09-13T02:00:00","22.28","-127.24",,,"1","4","2","5",,,"11",,,,,,,,,,,,"8",,,,,"9","234",,,,,,,,,,,,,"237","27","798","172","7","0",,"2","1FFFFF","1AAAAAAAA1AAAA","4",,,,,
"5301550","2021-09-13T02:00:00","20.63","-128.46",,,"1","4","2","5",,,"11",,,,,,,,,,,,"8",,,,,"9","260",,,,,,,,,,,,,"237","8","798","172","7","0",,"2","1FFFFF","1AAAAAAAA1AAAA","4",,,,,
"4602715","2021-09-13T02:01:00","28.02","-122.39",,,"1","4","2","5",,,"11",,,,,,,,,"10162",,,"8",,,,,"9","211",,,,,,,,,,,,,"237","82","798","172","7","0",,"2","1FFF1F","1AAAA1AAA1AAAA","4",,,,,
"4602710","2021-09-13T03:00:00","22.29","-120.93",,,"1","4","2","5",,,"11",,,,,,,,,,,,"8",,,,,"9","253",,,,,,,,,,,,,"237","20","798","172","7","0",,"1","1FFFFF","1AAAAAAAA1AAAA","4",,,,,
"4602715","2021-09-13T03:00:00","28.02","-122.39",,,"1","4","2","5",,,"11",,,,,,,,,"10163",,,"8",,,,,"9","210",,,,,,,,,,,,,"237","82","798","172","7","0",,"1","1FFF1F","1AAAA1AAA1AAAA","4",,,,,
"4602718","2021-09-13T03:00:00","28.71","-123.29",,,"1","4","2","5",,,"11",,,,,,,,,"10169",,,"8",,,,,"9","206",,,,,,,,,,,,,"237","83","798","172","7","0",,"1","1FFF1F","1AAAA1AAA1AAAA","4",,,,,
"5102629","2021-09-13T03:00:00","22.28","-127.24",,,"1","4","2","5",,,"11",,,,,,,,,,,,"8",,,,,"9","234",,,,,,,,,,,,,"237","27","798","172","7","0",,"1","1FFFFF","1AAAAAAAA1AAAA","4",,,,,
"5301550","2021-09-13T03:00:00","20.63","-128.46",,,"1","4","2","5",,,"11",,,,,,,,,,,,"8",,,,,"9","260",,,,,,,,,,,,,"237","8","798","172","7","0",,"1","1FFFFF","1AAAAAAAA1AAAA","4",,,,,
"9V9400","2021-09-13T03:00:00","29.60","-121.10",,,"1","6","2","5","7","4","1",,"340","4","103",,,,,"10140",,,"8","190",,"160","138","3","199",,,"A",,"A","A",,,,,,,"237","91","798","172","5","1","2","1","111111","11AAA111118AAA",,"5",,,,
"4602718","2021-09-13T04:00:00","28.71","-123.29",,,"1","4","2","5",,,"11",,,,,,,,,"10174",,,"8",,,,,"9","206",,,,,,,,,,,,,"237","83","798","172","7","0",,"1","1FFF1F","1AAAA1AAA1AAAA","4",,,,,
"5102629","2021-09-13T04:00:00","22.28","-127.24",,,"1","4","2","5",,,"11",,,,,,,,,,,,"8",,,,,"9","234",,,,,,,,,,,,,"237","27","798","172","7","0",,"1","1FFFFF","1AAAAAAAA1AAAA","4",,,,,
"5301550","2021-09-13T04:00:00","20.63","-128.45",,,"1","4","2","5",,,"11",,,,,,,,,,,,"8",,,,,"9","260",,,,,,,,,,,,,"237","8","798","172","7","0",,"1","1FFFFF","1AAAAAAAA1AAAA","4",,,,,
"4602715","2021-09-13T04:01:00","28.01","-122.39",,,"1","4","2","5",,,"11",,,,,,,,,"10168",,,"8",,,,,"9","210",,,,,,,,,,,,,"237","82","798","172","7","0",,"1","1FFF1F","1AAAA1AAA1AAAA","4",,,,,
"4602715","2021-09-13T05:00:00","28.00","-122.39",,,"1","4","2","5",,,"11",,,,,,,,,"10169",,,"8",,,,,"9","210",,,,,,,,,,,,,"237","82","798","172","7","0",,"1","1FFF1F","1AAAA1AAA1AAAA","4",,,,,
"4602718","2021-09-13T05:00:00","28.71","-123.29",,,"1","4","2","5",,,"11",,,,,,,,,"10175",,,"8",,,,,"9","206",,,,,,,,,,,,,"237","83","798","172","7","0",,"1","1FFF1F","1AAAA1AAA1AAAA","4",,,,,
"5102629","2021-09-13T05:00:00","22.28","-127.24",,,"1","4","2","5",,,"11",,,,,,,,,,,,"8",,,,,"9","233",,,,,,,,,,,,,"237","27","798","172","7","0",,"1","1FFFFF","1AAAAAAAA1AAAA","4",,,,,
"5301550","2021-09-13T05:00:00","20.64","-128.45",,,"1","4","2","5",,,"11",,,,,,,,,,,,"8",,,,,"9","260",,,,,,,,,,,,,"237","8","798","172","7","0",,"1","1FFFFF","1AAAAAAAA1AAAA","4",,,,,
"4602710","2021-09-13T06:00:00","22.27","-120.93",,,"1","4","2","5",,,"11",,,,,,,,,,,,"8",,,,,"9","252",,,,,,,,,,,,,"237","20","798","172","7","0",,"1","1FFFFF","1AAAAAAAA1AAAA","4",,,,,
"4602715","2021-09-13T06:00:00","28.00","-122.40",,,"1","4","2","5",,,"11",,,,,,,,,"10163",,,"8",,,,,"9","210",,,,,,,,,,,,,"237","82","798","172","7","0",,"1","1FFF1F","1AAAA1AAA1AAAA","4",,,,,
"5102629","2021-09-13T06:00:00","22.28","-127.24",,,"1","4","2","5",,,"11",,,,,,,,,,,,"8",,,,,"9","233",,,,,,,,,,,,,"237","27","798","172","7","0",,"1","1FFFFF","1AAAAAAAA1AAAA","4",,,,,
"5301550","2021-09-13T06:00:00","20.64","-128.45",,,"1","4","2","5",,,"11",,,,,,,,,,,,"8",,,,,"9","260",,,,,,,,,,,,,"237","8","798","172","7","0",,"1","1FFFFF","1AAAAAAAA1AAAA","4",,,,,
"4602718","2021-09-13T07:00:00","28.71","-123.29",,,"1","4","2","5",,,"11",,,,,,,,,"10173",,,"8",,,,,"9","206",,,,,,,,,,,,,"237","83","798","172","7","0",,"1","1FFF1F","1AAAA1AAA1AAAA","4",,,,,
"5102629","2021-09-13T07:00:00","22.28","-127.24",,,"1","4","2","5",,,"11",,,,,,,,,,,,"8",,,,,"9","233",,,,,,,,,,,,,"237","27","798","172","7","0",,"1","1FFFFF","1AAAAAAAA1AAAA","4",,,,,
"5301550","2021-09-13T07:00:00","20.64","-128.45",,,"1","4","2","5",,,"11",,,,,,,,,,,,"8",,,,,"9","260",,,,,,,,,,,,,"237","8","798","172","7","0",,"1","1FFFFF","1AAAAAAAA1AAAA","4",,,,,
"4602715","2021-09-13T07:04:00","28.00","-122.41",,,"1","4","2","5",,,"11",,,,,,,,,"10165",,,"8",,,,,"9","210",,,,,,,,,,,,,"237","82","798","172","7","0",,"1","1FFF1F","1AAAA1AAA1AAAA","4",,,,,
"4602715","2021-09-13T08:00:00","27.99","-122.41",,,"1","4","2","5",,,"11",,,,,,,,,"10162",,,"8",,,,,"9","210",,,,,,,,,,,,,"237","72","798","172","7","0",,"1","1FFF1F","1AAAA1AAA1AAAA","4",,,,,
"4602718","2021-09-13T08:00:00","28.70","-123.29",,,"1","4","2","5",,,"11",,,,,,,,,"10170",,,"8",,,,,"9","206",,,,,,,,,,,,,"237","83","798","172","7","0",,"1","1FFF1F","1AAAA1AAA1AAAA","4",,,,,
"5102629","2021-09-13T08:00:00","22.28","-127.24",,,"1","4","2","5",,,"11",,,,,,,,,,,,"8",,,,,"9","233",,,,,,,,,,,,,"237","27","798","172","7","0",,"1","1FFFFF","1AAAAAAAA1AAAA","4",,,,,
"5301550","2021-09-13T08:00:00","20.64","-128.45",,,"1","4","2","5",,,"11",,,,,,,,,,,,"8",,,,,"9","259",,,,,,,,,,,,,"237","8","798","172","7","0",,"1","1FFFFF","1AAAAAAAA1AAAA","4",,,,,
"9V9923","2021-09-13T08:00:00","27.40","-128.30",,,"1","4","0","0",,,"1","0","160","3","93",,"97","2",,"10130",,,"0",,,,,"3",,"7",,,"A",,,,,"4","16",,"5","237","78","992","114","5","1","2","1","77151F","1111A16AA6133A",,,"1",,,"4"
"4602710","2021-09-13T09:00:00","22.25","-120.93",,,"1","4","2","5",,,"11",,,,,,,,,,,,"8",,,,,"9","252",,,,,,,,,,,,,"237","20","798","172","7","0",,"1","1FFFFF","1AAAAAAAA1AAAA","4",,,,,
"4602715","2021-09-13T09:00:00","27.99","-122.41",,,"1","4","2","5",,,"11",,,,,,,,,"10158",,,"8",,,,,"9","210",,,,,,,,,,,,,"237","72","798","172","7","0",,"1","1FFF1F","1AAAA1AAA1AAAA","4",,,,,
"4602718","2021-09-13T09:00:00","28.70","-123.28",,,"1","4","2","5",,,"11",,,,,,,,,"10165",,,"8",,,,,"9","206",,,,,,,,,,,,,"237","83","798","172","7","0",,"1","1FFF1F","1AAAA1AAA1AAAA","4",,,,,
"5102629","2021-09-13T09:00:00","22.28","-127.24",,,"1","4","2","5",,,"11",,,,,,,,,,,,"8",,,,,"9","233",,,,,,,,,,,,,"237","27","798","172","7","0",,"1","1FFFFF","1AAAAAAAA1AAAA","4",,,,,
"5301550","2021-09-13T09:00:00","20.64","-128.45",,,"1","4","2","5",,,"11",,,,,,,,,,,,"8",,,,,"9","259",,,,,,,,,,,,,"237","8","798","172","7","0",,"1","1FFFFF","1AAAAAAAA1AAAA","4",,,,,
"4602715","2021-09-13T10:00:00","27.98","-122.41",,,"1","4","2","5",,,"11",,,,,,,,,"10155",,,"8",,,,,"9","209",,,,,,,,,,,,,"237","72","798","172","7","0",,"1","1FFF1F","1AAAA1AAA1AAAA","4",,,,,
"4602718","2021-09-13T10:00:00","28.70","-123.28",,,"1","4","2","5",,,"11",,,,,,,,,"10162",,,"8",,,,,"9","205",,,,,,,,,,,,,"237","83","798","172","7","0",,"1","1FFF1F","1AAAA1AAA1AAAA","4",,,,,
"5102629","2021-09-13T10:00:00","22.28","-127.24",,,"1","4","2","5",,,"11",,,,,,,,,,,,"8",,,,,"9","233",,,,,,,,,,,,,"237","27","798","172","7","0",,"1","1FFFFF","1AAAAAAAA1AAAA","4",,,,,
"5301550","2021-09-13T10:00:00","20.65","-128.45",,,"1","4","2","5",,,"11",,,,,,,,,,,,"8",,,,,"9","259",,,,,,,,,,,,,"237","8","798","172","7","0",,"1","1FFFFF","1AAAAAAAA1AAAA","4",,,,,
"4602715","2021-09-13T11:00:00","27.98","-122.41",,,"1","4","2","5",,,"11",,,,,,,,,"10151",,,"8",,,,,"9","209",,,,,,,,,,,,,"237","72","798","172","7","0",,"1","1FFF1F","1AAAA1AAA1AAAA","4",,,,,
"4602718","2021-09-13T11:00:00","28.70","-123.28",,,"1","4","2","5",,,"11",,,,,,,,,"10158",,,"8",,,,,"9","205",,,,,,,,,,,,,"237","83","798","172","7","0",,"1","1FFF1F","1AAAA1AAA1AAAA","4",,,,,
"5102629","2021-09-13T11:00:00","22.28","-127.24",,,"1","4","2","5",,,"11",,,,,,,,,,,,"8",,,,,"9","233",,,,,,,,,,,,,"237","27","798","172","7","0",,"1","1FFFFF","1AAAAAAAA1AAAA","4",,,,,
"5301550","2021-09-13T11:00:00","20.65","-128.46",,,"1","4","2","5",,,"11",,,,,,,,,,,,"8",,,,,"9","259",,,,,,,,,,,,,"237","8","798","172","7","0",,"1","1FFFFF","1AAAAAAAA1AAAA","4",,,,,
"4602710","2021-09-13T12:00:00","22.23","-120.94",,,"1","4","2","5",,,"11",,,,,,,,,,,,"8",,,,,"9","252",,,,,,,,,,,,,"237","20","798","172","7","0",,"1","1FFFFF","1AAAAAAAA1AAAA","4",,,,,
"4602715","2021-09-13T12:00:00","27.97","-122.42",,,"1","4","2","5",,,"11",,,,,,,,,"10151",,,"8",,,,,"9","209",,,,,,,,,,,,,"237","72","798","172","7","0",,"1","1FFF1F","1AAAA1AAA1AAAA","4",,,,,
"4602718","2021-09-13T12:00:00","28.70","-123.28",,,"1","4","2","5",,,"11",,,,,,,,,"10156",,,"8",,,,,"9","205",,,,,,,,,,,,,"237","83","798","172","7","0",,"1","1FFF1F","1AAAA1AAA1AAAA","4",,,,,
"5102629","2021-09-13T12:00:00","22.28","-127.24",,,"1","4","2","5",,,"11",,,,,,,,,,,,"8",,,,,"9","233",,,,,,,,,,,,,"237","27","798","172","7","0",,"1","1FFFFF","1AAAAAAAA1AAAA","4",,,,,
"5301550","2021-09-13T12:00:00","20.65","-128.46",,,"1","4","2","5",,,"11",,,,,,,,,,,,"8",,,,,"9","259",,,,,,,,,,,,,"237","8","798","172","7","0",,"1","1FFFFF","1AAAAAAAA1AAAA","4",,,,,
"4602715","2021-09-13T13:00:00","27.97","-122.43",,,"1","4","2","5",,,"11",,,,,,,,,"10155",,,"8",,,,,"9","209",,,,,,,,,,,,,"237","72","798","172","7","0",,"1","1FFF1F","1AAAA1AAA1AAAA","4",,,,,
"5102629","2021-09-13T13:00:00","22.28","-127.24",,,"1","4","2","5",,,"11",,,,,,,,,,,,"8",,,,,"9","233",,,,,,,,,,,,,"237","27","798","172","7","0",,"1","1FFFFF","1AAAAAAAA1AAAA","4",,,,,
"5301550","2021-09-13T13:00:00","20.65","-128.46",,,"1","4","2","5",,,"11",,,,,,,,,,,,"8",,,,,"9","259",,,,,,,,,,,,,"237","8","798","172","7","0",,"1","1FFFFF","1AAAAAAAA1AAAA","4",,,,,
"4602718","2021-09-13T13:03:00","28.69","-123.28",,,"1","4","2","5",,,"11",,,,,,,,,"10159",,,"8",,,,,"9","205",,,,,,,,,,,,,"237","83","798","172","7","0",,"1","1FFF1F","1AAAA1AAA1AAAA","4",,,,,
"4602718","2021-09-13T14:00:00","28.69","-123.28",,,"1","4","2","5",,,"11",,,,,,,,,"10161",,,"8",,,,,"9","205",,,,,,,,,,,,,"237","83","798","172","7","0",,"1","1FFF1F","1AAAA1AAA1AAAA","4",,,,,
"5102629","2021-09-13T14:00:00","22.28","-127.24",,,"1","4","2","5",,,"11",,,,,,,,,,,,"8",,,,,"9","233",,,,,,,,,,,,,"237","27","798","172","7","0",,"1","1FFFFF","1AAAAAAAA1AAAA","4",,,,,
"5301550","2021-09-13T14:00:00","20.66","-128.47",,,"1","4","2","5",,,"11",,,,,,,,,,,,"8",,,,,"9","258",,,,,,,,,,,,,"237","8","798","172","7","0",,"1","1FFFFF","1AAAAAAAA1AAAA","4",,,,,
"4602715","2021-09-13T14:03:00","27.96","-122.43",,,"1","4","2","5",,,"11",,,,,,,,,"10159",,,"8",,,,,"9","209",,,,,,,,,,,,,"237","72","798","172","7","0",,"1","1FFF1F","1AAAA1AAA1AAAA","4",,,,,
"4602710","2021-09-13T15:00:00","22.21","-120.95",,,"1","4","2","5",,,"11",,,,,,,,,,,,"8",,,,,"9","252",,,,,,,,,,,,,"237","20","798","172","7","0",,"2","1FFFFF","1AAAAAAAA1AAAA","4",,,,,
"4602715","2021-09-13T15:00:00","27.96","-122.44",,,"1","4","2","5",,,"11",,,,,,,,,"10164",,,"8",,,,,"9","209",,,,,,,,,,,,,"237","72","798","172","7","0",,"2","1FFF1F","1AAAA1AAA1AAAA","4",,,,,
"4602718","2021-09-13T15:00:00","28.69","-123.28",,,"1","4","2","5",,,"11",,,,,,,,,"10165",,,"8",,,,,"9","205",,,,,,,,,,,,,"237","83","798","172","7","0",,"2","1FFF1F","1AAAA1AAA1AAAA","4",,,,,
"5102629","2021-09-13T15:00:00","22.28","-127.24",,,"1","4","2","5",,,"11",,,,,,,,,,,,"8",,,,,"9","233",,,,,,,,,,,,,"237","27","798","172","7","0",,"2","1FFFFF","1AAAAAAAA1AAAA","4",,,,,
"5301550","2021-09-13T15:00:00","20.66","-128.47",,,"1","4","2","5",,,"11",,,,,,,,,,,,"8",,,,,"9","258",,,,,,,,,,,,,"237","8","798","172","7","0",,"2","1FFFFF","1AAAAAAAA1AAAA","4",,,,,
"4602715","2021-09-13T16:00:00","27.95","-122.44",,,"1","4","2","5",,,"11",,,,,,,,,"10166",,,"8",,,,,"9","209",,,,,,,,,,,,,"237","72","798","172","7","0",,"2","1FFF1F","1AAAA1AAA1AAAA","4",,,,,
"4602718","2021-09-13T16:00:00","28.69","-123.28",,,"1","4","2","5",,,"11",,,,,,,,,"10167",,,"8",,,,,"9","205",,,,,,,,,,,,,"237","83","798","172","7","0",,"2","1FFF1F","1AAAA1AAA1AAAA","4",,,,,
"5102629","2021-09-13T16:00:00","22.28","-127.24",,,"1","4","2","5",,,"11",,,,,,,,,,,,"8",,,,,"9","233",,,,,,,,,,,,,"237","27","798","172","7","0",,"2","1FFFFF","1AAAAAAAA1AAAA","4",,,,,
"5301550","2021-09-13T16:00:00","20.67","-128.48",,,"1","4","2","5",,,"11",,,,,,,,,,,,"8",,,,,"9","258",,,,,,,,,,,,,"237","8","798","172","7","0",,"2","1FFFFF","1AAAAAAAA1AAAA","4",,,,,
"4602715","2021-09-13T17:00:00","27.95","-122.44",,,"1","4","2","5",,,"11",,,,,,,,,"10168",,,"8",,,,,"9","209",,,,,,,,,,,,,"237","72","798","172","7","0",,"2","1FFF1F","1AAAA1AAA1AAAA","4",,,,,
"4602718","2021-09-13T17:00:00","28.69","-123.29",,,"1","4","2","5",,,"11",,,,,,,,,"10173",,,"8",,,,,"9","205",,,,,,,,,,,,,"237","83","798","172","7","0",,"2","1FFF1F","1AAAA1AAA1AAAA","4",,,,,
"5102629","2021-09-13T17:00:00","22.28","-127.24",,,"1","4","2","5",,,"11",,,,,,,,,,,,"8",,,,,"9","233",,,,,,,,,,,,,"237","27","798","172","7","0",,"2","1FFFFF","1AAAAAAAA1AAAA","4",,,,,
"5301550","2021-09-13T17:00:00","20.67","-128.48",,,"1","4","2","5",,,"11",,,,,,,,,,,,"8",,,,,"9","258",,,,,,,,,,,,,"237","8","798","172","7","0",,"2","1FFFFF","1AAAAAAAA1AAAA","4",,,,,
"4602710","2021-09-13T18:00:00","22.20","-120.97",,,"1","4","2","5",,,"11",,,,,,,,,,,,"8",,,,,"9","252",,,,,,,,,,,,,"237","20","798","172","7","0",,"2","1FFFFF","1AAAAAAAA1AAAA","4",,,,,
"4602715","2021-09-13T18:00:00","27.95","-122.45",,,"1","4","2","5",,,"11",,,,,,,,,"10170",,,"8",,,,,"9","209",,,,,,,,,,,,,"237","72","798","172","7","0",,"2","1FFF1F","1AAAA1AAA1AAAA","4",,,,,
"4602718","2021-09-13T18:00:00","28.69","-123.29",,,"1","4","2","5",,,"11",,,,,,,,,"10172",,,"8",,,,,"9","205",,,,,,,,,,,,,"237","83","798","172","7","0",,"2","1FFF1F","1AAAA1AAA1AAAA","4",,,,,
"5102629","2021-09-13T18:00:00","22.28","-127.24",,,"1","4","2","5",,,"11",,,,,,,,,,,,"8",,,,,"9","233",,,,,,,,,,,,,"237","27","798","172","7","0",,"2","1FFFFF","1AAAAAAAA1AAAA","4",,,,,
"5301550","2021-09-13T18:00:00","20.68","-128.48",,,"1","4","2","5",,,"11",,,,,,,,,,,,"8",,,,,"9","258",,,,,,,,,,,,,"237","8","798","172","7","0",,"2","1FFFFF","1AAAAAAAA1AAAA","4",,,,,
"4602718","2021-09-13T19:00:00","28.69","-123.29",,,"1","4","2","5",,,"11",,,,,,,,,"10168",,,"8",,,,,"9","206",,,,,,,,,,,,,"237","83","798","172","7","0",,"2","1FFF1F","1AAAA1AAA1AAAA","4",,,,,
"5102629","2021-09-13T19:00:00","22.28","-127.24",,,"1","4","2","5",,,"11",,,,,,,,,,,,"8",,,,,"9","233",,,,,,,,,,,,,"237","27","798","172","7","0",,"2","1FFFFF","1AAAAAAAA1AAAA","4",,,,,
"5301550","2021-09-13T19:00:00","20.68","-128.49",,,"1","4","2","5",,,"11",,,,,,,,,,,,"8",,,,,"9","258",,,,,,,,,,,,,"237","8","798","172","7","0",,"2","1FFFFF","1AAAAAAAA1AAAA","4",,,,,
"4602715","2021-09-13T19:04:00","27.94","-122.45",,,"1","4","2","5",,,"11",,,,,,,,,"10165",,,"8",,,,,"9","209",,,,,,,,,,,,,"237","72","798","172","7","0",,"2","1FFF1F","1AAAA1AAA1AAAA","4",,,,,
"4602715","2021-09-13T20:00:00","27.94","-122.45",,,"1","4","2","5",,,"11",,,,,,,,,"10162",,,"8",,,,,"9","210",,,,,,,,,,,,,"237","72","798","172","7","0",,"2","1FFF1F","1AAAA1AAA1AAAA","4",,,,,
"4602718","2021-09-13T20:00:00","28.69","-123.28",,,"1","4","2","5",,,"11",,,,,,,,,"10163",,,"8",,,,,"9","206",,,,,,,,,,,,,"237","83","798","172","7","0",,"2","1FFF1F","1AAAA1AAA1AAAA","4",,,,,
"5102629","2021-09-13T20:00:00","22.28","-127.24",,,"1","4","2","5",,,"11",,,,,,,,,,,,"8",,,,,"9","234",,,,,,,,,,,,,"237","27","798","172","7","0",,"2","1FFFFF","1AAAAAAAA1AAAA","4",,,,,
"5301550","2021-09-13T20:00:00","20.68","-128.49",,,"1","4","2","5",,,"11",,,,,,,,,,,,"8",,,,,"9","259",,,,,,,,,,,,,"237","8","798","172","7","0",,"2","1FFFFF","1AAAAAAAA1AAAA","4",,,,,
"4602710","2021-09-13T21:00:00","22.19","-120.97",,,"1","4","2","5",,,"11",,,,,,,,,,,,"8",,,,,"9","253",,,,,,,,,,,,,"237","20","798","172","7","0",,"2","1FFFFF","1AAAAAAAA1AAAA","4",,,,,
"4602715","2021-09-13T21:00:00","27.93","-122.45",,,"1","4","2","5",,,"11",,,,,,,,,"10156",,,"8",,,,,"9","210",,,,,,,,,,,,,"237","72","798","172","7","0",,"2","1FFF1F","1AAAA1AAA1AAAA","4",,,,,
"4602718","2021-09-13T21:00:00","28.69","-123.28",,,"1","4","2","5",,,"11",,,,,,,,,"10158",,,"8",,,,,"9","206",,,,,,,,,,,,,"237","83","798","172","7","0",,"2","1FFF1F","1AAAA1AAA1AAAA","4",,,,,
"5102629","2021-09-13T21:00:00","22.28","-127.24",,,"1","4","2","5",,,"11",,,,,,,,,,,,"8",,,,,"9","234",,,,,,,,,,,,,"237","27","798","172","7","0",,"2","1FFFFF","1AAAAAAAA1AAAA","4",,,,,
"5301550","2021-09-13T21:00:00","20.69","-128.50",,,"1","4","2","5",,,"11",,,,,,,,,,,,"8",,,,,"9","259",,,,,,,,,,,,,"237","8","798","172","7","0",,"2","1FFFFF","1AAAAAAAA1AAAA","4",,,,,
"5102629","2021-09-13T22:00:00","22.28","-127.24",,,"1","4","2","5",,,"11",,,,,,,,,,,,"8",,,,,"9","234",,,,,,,,,,,,,"237","27","798","172","7","0",,"2","1FFFFF","1AAAAAAAA1AAAA","4",,,,,
"5301550","2021-09-13T22:00:00","20.69","-128.50",,,"1","4","2","5",,,"11",,,,,,,,,,,,"8",,,,,"9","259",,,,,,,,,,,,,"237","8","798","172","7","0",,"2","1FFFFF","1AAAAAAAA1AAAA","4",,,,,
"KS1043","2021-09-13T22:00:00","29.90","-123.00",,,"1","4","0","0","3","1","1","0","340","4","82",,,,,"10152","7","9","0","186","1","167","159","3","195",,,,"A",,,,,,,"14","5","237","93","992","114","5","1","2","2","111111","11AAA111118A71",,,"3",,,"4"
"4602715","2021-09-13T22:01:00","27.93","-122.45",,,"1","4","2","5",,,"11",,,,,,,,,"10149",,,"8",,,,,"9","211",,,,,,,,,,,,,"237","72","798","172","7","0",,"2","1FFF1F","1AAAA1AAA1AAAA","4",,,,,
"4602718","2021-09-13T22:01:00","28.69","-123.28",,,"1","4","2","5",,,"11",,,,,,,,,"10155",,,"8",,,,,"9","206",,,,,,,,,,,,,"237","83","798","172","7","0",,"2","1FFF1F","1AAAA1AAA1AAAA","4",,,,,
"4602715","2021-09-13T23:00:00","27.93","-122.45",,,"1","4","2","5",,,"11",,,,,,,,,"10148",,,"8",,,,,"9","211",,,,,,,,,,,,,"237","72","798","172","7","0",,"2","1FFF1F","1AAAA1AAA1AAAA","4",,,,,
"4602718","2021-09-13T23:00:00","28.69","-123.28",,,"1","4","2","5",,,"11",,,,,,,,,"10151",,,"8",,,,,"9","206",,,,,,,,,,,,,"237","83","798","172","7","0",,"2","1FFF1F","1AAAA1AAA1AAAA","4",,,,,
"5102629","2021-09-13T23:00:00","22.28","-127.24",,,"1","4","2","5",,,"11",,,,,,,,,,,,"8",,,,,"9","235",,,,,,,,,,,,,"237","27","798","172","7","0",,"2","1FFFFF","1AAAAAAAA1AAAA","4",,,,,
"5301550","2021-09-13T23:00:00","20.69","-128.51",,,"1","4","2","5",,,"11",,,,,,,,,,,,"8",,,,,"9","259",,,,,,,,,,,,,"237","8","798","172","7","0",,"2","1FFFFF","1AAAAAAAA1AAAA","4",,,,,
"KS1043","2021-09-13T23:00:00","29.90","-123.00",,,"1","4","0","0","4","1","1","0","340","4","67",,,,,"10148","7","15","0","186","1","166","157","3","195",,,,"A",,,,,,,"14","5","237","93","992","114","5","1","2","2","111111","11AAA111118A71",,,"3",,,"4"
"VRTM7","2021-09-13T23:00:00","29.80","-120.90",,,"1","6","2","5","3","4","1",,"340","3","72","1","98","2","2","10140","6","10","8","220",,"200","190","7","210","8",,"7","2","7","A",,"7","4","5","7","4","237","90","798","172","5","1","2","2","111111","11111111111111",,"5",,"2",,
"4602710","2021-09-14T00:00:00","22.17","-120.98",,,"1","4","2","5",,,"11",,,,,,,,,,,,"8",,,,,"9","253",,,,,,,,,,,,,"237","20","798","172","7","0",,"2","1FFFFF","1AAAAAAAA1AAAA","4",,,,,
"4602715","2021-09-14T00:00:00","27.92","-122.46",,,"1","4","2","5",,,"11",,,,,,,,,"10146",,,"8",,,,,"9","211",,,,,,,,,,,,,"237","72","798","172","7","0",,"2","1FFF1F","1AAAA1AAA1AAAA","4",,,,,
"5102629","2021-09-14T00:00:00","22.28","-127.24",,,"1","4","2","5",,,"11",,,,,,,,,,,,"8",,,,,"9","234",,,,,,,,,,,,,"237","27","798","172","7","0",,"2","1FFFFF","1AAAAAAAA1AAAA","4",,,,,
"5301550","2021-09-14T00:00:00","20.69","-128.51",,,"1","4","2","5",,,"11",,,,,,,,,,,,"8",,,,,"9","259",,,,,,,,,,,,,"237","8","798","172","7","0",,"2","1FFFFF","1AAAAAAAA1AAAA","4",,,,,
"9V9923","2021-09-14T00:00:00","26.00","-123.50",,,"1","6","2","5","9",,"1",,"220","3","113","1","98","2",,"10140",,,"8","280",,,,"3","262","8",,"A","A","A","A",,,"3",,,,"237","63","798","172","5","1","2","2","55351F","1111A11AA113AA",,"5",,,,
"KS1043","2021-09-14T00:00:00","29.90","-123.00",,,"1","4","0","0","4","1","1","0","340","4","87",,,,,"10147","7","13","0","187","1","167","159","3","196",,,,"A",,,,,,,"16","5","237","93","992","114","5","1","2","2","111111","11AAA111118A71",,,"3",,,"4"
"VRTM7","2021-09-14T00:00:00","29.60","-120.60",,,"1","6","2","5","3","4","1",,"320","3","72","1","98",,,"10130",,,"8","200",,"180","169","7","220","8","4","8","5","7","A",,,,,,,"237","90","798","172","5","1","2","2","111111","111AA111111AAA",,"5",,,,
"4602718","2021-09-14T00:04:00","28.69","-123.28",,,"1","4","2","5",,,"11",,,,,,,,,"10150",,,"8",,,,,"9","206",,,,,,,,,,,,,"237","83","798","172","7","0",,"2","1FFF1F","1AAAA1AAA1AAAA","4",,,,,
"4602715","2021-09-14T01:00:00","27.92","-122.46",,,"1","4","2","5",,,"11",,,,,,,,,"10147",,,"8",,,,,"9","210",,,,,,,,,,,,,"237","72","798","172","7","0",,"2","1FFF1F","1AAAA1AAA1AAAA","4",,,,,
"4602718","2021-09-14T01:00:00","28.69","-123.28",,,"1","4","2","5",,,"11",,,,,,,,,"10150",,,"8",,,,,"9","206",,,,,,,,,,,,,"237","83","798","172","7","0",,"2","1FFF1F","1AAAA1AAA1AAAA","4",,,,,
"5102629","2021-09-14T01:00:00","22.28","-127.24",,,"1","4","2","5",,,"11",,,,,,,,,,,,"8",,,,,"9","234",,,,,,,,,,,,,"237","27","798","172","7","0",,"2","1FFFFF","1AAAAAAAA1AAAA","4",,,,,
"5301550","2021-09-14T01:00:00","20.70","-128.52",,,"1","4","2","5",,,"11",,,,,,,,,,,,"8",,,,,"9","259",,,,,,,,,,,,,"237","8","798","172","7","0",,"2","1FFFFF","1AAAAAAAA1AAAA","4",,,,,
"KS1043","2021-09-14T01:00:00","29.80","-123.00",,,"1","4","0","0","1","1","1","0","360","4","87",,,,,"10145","7","11","0","185","1","168","161","3","196",,,,"A",,,,,,,"14","6","237","93","992","114","5","1","2","2","111111","11AAA111118A71",,,"3",,,"4"
"5102629","2021-09-14T02:00:00","22.28","-127.24",,,"1","4","2","5",,,"11",,,,,,,,,,,,"8",,,,,"9","234",,,,,,,,,,,,,"237","27","798","172","7","0",,"2","1FFFFF","1AAAAAAAA1AAAA","4",,,,,
"5301550","2021-09-14T02:00:00","20.71","-128.52",,,"1","4","2","5",,,"11",,,,,,,,,,,,"8",,,,,"9","258",,,,,,,,,,,,,"237","8","798","172","7","0",,"2","1FFFFF","1AAAAAAAA1AAAA","4",,,,,
"KS1043","2021-09-14T02:00:00","29.80","-123.00",,,"1","4","0","0","4","1","1","0","360","4","87",,,,,"10145","7","5","0","185","1","168","162","3","196",,,,"A",,,,,,,"18","6","237","93","992","114","5","1","2","2","111111","11AAA111118A71",,,"3",,,"4"
"4602715","2021-09-14T02:01:00","27.92","-122.47",,,"1","4","2","5",,,"11",,,,,,,,,"10147",,,"8",,,,,"9","210",,,,,,,,,,,,,"237","72","798","172","7","0",,"2","1FFF1F","1AAAA1AAA1AAAA","4",,,,,
"4602718","2021-09-14T02:01:00","28.69","-123.28",,,"1","4","2","5",,,"11",,,,,,,,,"10151",,,"8",,,,,"9","206",,,,,,,,,,,,,"237","83","798","172","7","0",,"2","1FFF1F","1AAAA1AAA1AAAA","4",,,,,
"4602710","2021-09-14T03:00:00","22.15","-120.99",,,"1","4","2","5",,,"11",,,,,,,,,,,,"8",,,,,"9","252",,,,,,,,,,,,,"237","20","798","172","7","0",,"1","1FFFFF","1AAAAAAAA1AAAA","4",,,,,
"4602715","2021-09-14T03:00:00","27.92","-122.47",,,"1","4","2","5",,,"11",,,,,,,,,"10149",,,"8",,,,,"9","210",,,,,,,,,,,,,"237","72","798","172","7","0",,"1","1FFF1F","1AAAA1AAA1AAAA","4",,,,,
"4602718","2021-09-14T03:00:00","28.69","-123.29",,,"1","4","2","5",,,"11",,,,,,,,,"10154",,,"8",,,,,"9","206",,,,,,,,,,,,,"237","83","798","172","7","0",,"1","1FFF1F","1AAAA1AAA1AAAA","4",,,,,
"5102629","2021-09-14T03:00:00","22.28","-127.24",,,"1","4","2","5",,,"11",,,,,,,,,,,,"8",,,,,"9","234",,,,,,,,,,,,,"237","27","798","172","7","0",,"1","1FFFFF","1AAAAAAAA1AAAA","4",,,,,
"5301550","2021-09-14T03:00:00","20.72","-128.53",,,"1","4","2","5",,,"11",,,,,,,,,,,,"8",,,,,"9","258",,,,,,,,,,,,,"237","8","798","172","7","0",,"1","1FFFFF","1AAAAAAAA1AAAA","4",,,,,
"KS1043","2021-09-14T03:00:00","29.80","-123.00",,,"1","4","0","0","4","1","1","0","350","4","82",,,,,"10146","7","4","0","183","1","167","161","3","197",,,,"A",,,,,,,"13","6","237","93","992","114","5","1","2","1","111111","11AAA111118A71",,,"3",,,"4"
"4602715","2021-09-14T04:00:00","27.91","-122.47",,,"1","4","2","5",,,"11",,,,,,,,,"10154",,,"8",,,,,"9","210",,,,,,,,,,,,,"237","72","798","172","7","0",,"1","1FFF1F","1AAAA1AAA1AAAA","4",,,,,
"4602718","2021-09-14T04:00:00","28.69","-123.29",,,"1","4","2","5",,,"11",,,,,,,,,"10159",,,"8",,,,,"9","206",,,,,,,,,,,,,"237","83","798","172","7","0",,"1","1FFF1F","1AAAA1AAA1AAAA","4",,,,,
"5102629","2021-09-14T04:00:00","22.28","-127.24",,,"1","4","2","5",,,"11",,,,,,,,,,,,"8",,,,,"9","233",,,,,,,,,,,,,"237","27","798","172","7","0",,"1","1FFFFF","1AAAAAAAA1AAAA","4",,,,,
"5301550","2021-09-14T04:00:00","20.73","-128.53",,,"1","4","2","5",,,"11",,,,,,,,,,,,"8",,,,,"9","258",,,,,,,,,,,,,"237","8","798","172","7","0",,"1","1FFFFF","1AAAAAAAA1AAAA","4",,,,,
"KS1043","2021-09-14T04:00:00","29.70","-123.00",,,"1","4","0","0","4","1","1","0","360","4","87",,,,,"10152","3","4","0","181","1","164","156","3","198",,,,"A",,,,,,,"14","6","237","93","992","114","5","1","2","1","111111","11AAA111118A71",,,"3",,,"4"
"4602715","2021-09-14T05:00:00","27.91","-122.46",,,"1","4","2","5",,,"11",,,,,,,,,"10158",,,"8",,,,,"9","209",,,,,,,,,,,,,"237","72","798","172","7","0",,"1","1FFF1F","1AAAA1AAA1AAAA","4",,,,,
"4602718","2021-09-14T05:00:00","28.69","-123.28",,,"1","4","2","5",,,"11",,,,,,,,,"10159",,,"8",,,,,"9","206",,,,,,,,,,,,,"237","83","798","172","7","0",,"1","1FFF1F","1AAAA1AAA1AAAA","4",,,,,
"5102629","2021-09-14T05:00:00","22.28","-127.24",,,"1","4","2","5",,,"11",,,,,,,,,,,,"8",,,,,"9","233",,,,,,,,,,,,,"237","27","798","172","7","0",,"1","1FFFFF","1AAAAAAAA1AAAA","4",,,,,
"5301550","2021-09-14T05:00:00","20.73","-128.53",,,"1","4","2","5",,,"11",,,,,,,,,,,,"8",,,,,"9","258",,,,,,,,,,,,,"237","8","798","172","7","0",,"1","1FFFFF","1AAAAAAAA1AAAA","4",,,,,
"KS1043","2021-09-14T05:00:00","29.70","-123.00",,,"1","4","0","0","4","1","1","0","350","4","67",,,,,"10157","3","10","0","181","1","163","155","3","198",,,,"A",,,,,,,"13","6","237","93","992","114","5","1","2","1","111111","11AAA111118A71",,,"3",,,"4"
"4602710","2021-09-14T06:00:00","22.14","-120.99",,,"1","4","2","5",,,"11",,,,,,,,,,,,"8",,,,,"9","252",,,,,,,,,,,,,"237","20","798","172","7","0",,"1","1FFFFF","1AAAAAAAA1AAAA","4",,,,,
"4602715","2021-09-14T06:00:00","27.90","-122.46",,,"1","4","2","5",,,"11",,,,,,,,,"10161",,,"8",,,,,"9","209",,,,,,,,,,,,,"237","72","798","172","7","0",,"1","1FFF1F","1AAAA1AAA1AAAA","4",,,,,
"5102629","2021-09-14T06:00:00","22.28","-127.24",,,"1","4","2","5",,,"11",,,,,,,,,,,,"8",,,,,"9","233",,,,,,,,,,,,,"237","27","798","172","7","0",,"1","1FFFFF","1AAAAAAAA1AAAA","4",,,,,
"5301550","2021-09-14T06:00:00","20.74","-128.53",,,"1","4","2","5",,,"11",,,,,,,,,,,,"8",,,,,"9","258",,,,,,,,,,,,,"237","8","798","172","7","0",,"1","1FFFFF","1AAAAAAAA1AAAA","4",,,,,
"KS1043","2021-09-14T06:00:00","29.70","-123.00",,,"1","4","0","0","4","1","1","0","10","4","77",,,,,"10159","2","14","0","181","1","163","155","3","197",,,,"A",,,,,,,"13","5","237","93","992","114","5","1","2","1","111111","11AAA111118A71",,,"3",,,"4"
"4602718","2021-09-14T06:04:00","28.68","-123.28",,,"1","4","2","5",,,"11",,,,,,,,,"10164",,,"8",,,,,"9","206",,,,,,,,,,,,,"237","83","798","172","7","0",,"1","1FFF1F","1AAAA1AAA1AAAA","4",,,,,
"5102629","2021-09-14T07:00:00","22.28","-127.24",,,"1","4","2","5",,,"11",,,,,,,,,,,,"8",,,,,"9","233",,,,,,,,,,,,,"237","27","798","172","7","0",,"1","1FFFFF","1AAAAAAAA1AAAA","4",,,,,
"5301550","2021-09-14T07:00:00","20.75","-128.53",,,"1","4","2","5",,,"11",,,,,,,,,,,,"8",,,,,"9","258",,,,,,,,,,,,,"237","8","798","172","7","0",,"1","1FFFFF","1AAAAAAAA1AAAA","4",,,,,
"KS1043","2021-09-14T07:00:00","29.70","-123.00",,,"1","4","0","0","5","1","1","0","350","4","72",,,,,"10158","2","10","0","182","1","162","154","3","197",,,,"A",,,,,,,"14","6","237","93","992","114","5","1","2","1","111111","11AAA111118A71",,,"3",,,"4"
"4602718","2021-09-14T07:01:00","28.68","-123.28",,,"1","4","2","5",,,"11",,,,,,,,,"10163",,,"8",,,,,"9","206",,,,,,,,,,,,,"237","83","798","172","7","0",,"1","1FFF1F","1AAAA1AAA1AAAA","4",,,,,
"4602715","2021-09-14T07:03:00","27.90","-122.46",,,"1","4","2","5",,,"11",,,,,,,,,"10160",,,"8",,,,,"9","209",,,,,,,,,,,,,"237","72","798","172","7","0",,"1","1FFF1F","1AAAA1AAA1AAAA","4",,,,,
"4602715","2021-09-14T08:00:00","27.89","-122.46",,,"1","4","2","5",,,"11",,,,,,,,,"10159",,,"8",,,,,"9","209",,,,,,,,,,,,,"237","72","798","172","7","0",,"1","1FFF1F","1AAAA1AAA1AAAA","4",,,,,
"4602718","2021-09-14T08:00:00","28.68","-123.27",,,"1","4","2","5",,,"11",,,,,,,,,"10159",,,"8",,,,,"9","206",,,,,,,,,,,,,"237","83","798","172","7","0",,"1","1FFF1F","1AAAA1AAA1AAAA","4",,,,,
"5102629","2021-09-14T08:00:00","22.28","-127.24",,,"1","4","2","5",,,"11",,,,,,,,,,,,"8",,,,,"9","233",,,,,,,,,,,,,"237","27","798","172","7","0",,"1","1FFFFF","1AAAAAAAA1AAAA","4",,,,,
"5301550","2021-09-14T08:00:00","20.75","-128.53",,,"1","4","2","5",,,"11",,,,,,,,,,,,"8",,,,,"9","257",,,,,,,,,,,,,"237","8","798","172","7","0",,"1","1FFFFF","1AAAAAAAA1AAAA","4",,,,,
"KS1043","2021-09-14T08:00:00","29.60","-123.00",,,"1","4","0","0","5","1","1","0","350","4","82",,,,,"10157","0","3","0","181","1","162","153","3","199",,,,"A",,,,,,,"13","6","237","93","992","114","5","1","2","1","111111","11AAA111118A71",,,"3",,,"4"
"4602710","2021-09-14T09:00:00","22.12","-120.98",,,"1","4","2","5",,,"11",,,,,,,,,,,,"8",,,,,"9","252",,,,,,,,,,,,,"237","20","798","172","7","0",,"1","1FFFFF","1AAAAAAAA1AAAA","4",,,,,
"4602715","2021-09-14T09:00:00","27.88","-122.46",,,"1","4","2","5",,,"11",,,,,,,,,"10155",,,"8",,,,,"9","209",,,,,,,,,,,,,"237","72","798","172","7","0",,"1","1FFF1F","1AAAA1AAA1AAAA","4",,,,,
"4602718","2021-09-14T09:00:00","28.67","-123.27",,,"1","4","2","5",,,"11",,,,,,,,,"10157",,,"8",,,,,"9","205",,,,,,,,,,,,,"237","83","798","172","7","0",,"1","1FFF1F","1AAAA1AAA1AAAA","4",,,,,
"5102629","2021-09-14T09:00:00","22.28","-127.24",,,"1","4","2","5",,,"11",,,,,,,,,,,,"8",,,,,"9","233",,,,,,,,,,,,,"237","27","798","172","7","0",,"1","1FFFFF","1AAAAAAAA1AAAA","4",,,,,
"5301550","2021-09-14T09:00:00","20.76","-128.53",,,"1","4","2","5",,,"11",,,,,,,,,,,,"8",,,,,"9","257",,,,,,,,,,,,,"237","8","798","172","7","0",,"1","1FFFFF","1AAAAAAAA1AAAA","4",,,,,
"KS1043","2021-09-14T09:00:00","29.60","-123.10",,,"1","4","0","0","4","1","1","0","360","4","72",,,,,"10154","8","3","0","182","1","164","157","3","199",,,,"A",,,,,,,"14","6","237","93","992","114","5","1","2","1","111111","11AAA111118A71",,,"3",,,"4"
"4602718","2021-09-14T10:00:00","28.67","-123.26",,,"1","4","2","5",,,"11",,,,,,,,,"10156",,,"8",,,,,"9","205",,,,,,,,,,,,,"237","83","798","172","7","0",,"1","1FFF1F","1AAAA1AAA1AAAA","4",,,,,
"5102629","2021-09-14T10:00:00","22.28","-127.24",,,"1","4","2","5",,,"11",,,,,,,,,,,,"8",,,,,"9","233",,,,,,,,,,,,,"237","27","798","172","7","0",,"1","1FFFFF","1AAAAAAAA1AAAA","4",,,,,
"5301550","2021-09-14T10:00:00","20.76","-128.53",,,"1","4","2","5",,,"11",,,,,,,,,,,,"8",,,,,"9","257",,,,,,,,,,,,,"237","8","798","172","7","0",,"1","1FFFFF","1AAAAAAAA1AAAA","4",,,,,
"KS1043","2021-09-14T10:00:00","29.60","-123.10",,,"1","4","0","0","3","1","1","0","340","4","82",,,,,"10153","7","5","0","181","1","161","152","3","199",,,,"A",,,,,,,"13","7","237","93","992","114","5","1","2","1","111111","11AAA111118A71",,,"3",,,"4"
"4602715","2021-09-14T10:01:00","27.87","-122.46",,,"1","4","2","5",,,"11",,,,,,,,,"10154",,,"8",,,,,"9","209",,,,,,,,,,,,,"237","72","798","172","7","0",,"1","1FFF1F","1AAAA1AAA1AAAA","4",,,,,
"4602715","2021-09-14T11:00:00","27.86","-122.46",,,"1","4","2","5",,,"11",,,,,,,,,"10150",,,"8",,,,,"9","209",,,,,,,,,,,,,"237","72","798","172","7","0",,"1","1FFF1F","1AAAA1AAA1AAAA","4",,,,,
"4602718","2021-09-14T11:00:00","28.67","-123.26",,,"1","4","2","5",,,"11",,,,,,,,,"10153",,,"8",,,,,"9","205",,,,,,,,,,,,,"237","83","798","172","7","0",,"1","1FFF1F","1AAAA1AAA1AAAA","4",,,,,
"5102629","2021-09-14T11:00:00","22.26","-127.26",,,"1","4","2","5",,,"11",,,,,,,,,,,,"8",,,,,"9","233",,,,,,,,,,,,,"237","27","798","172","7","0",,"1","1FFFFF","1AAAAAAAA1AAAA","4",,,,,
"KS1043","2021-09-14T11:00:00","29.50","-123.00",,,"1","4","0","0","3","1","1","0","350","4","62",,,,,"10151","7","6","0","179","1","155","144","3","199",,,,"A",,,,,,,"13","6","237","93","992","114","5","1","2","1","111111","11AAA111118A71",,,"3",,,"4"
"4602710","2021-09-14T12:00:00","22.10","-120.98",,,"1","4","2","5",,,"11",,,,,,,,,,,,"8",,,,,"9","252",,,,,,,,,,,,,"237","20","798","172","7","0",,"1","1FFFFF","1AAAAAAAA1AAAA","4",,,,,
"4602718","2021-09-14T12:00:00","28.67","-123.26",,,"1","4","2","5",,,"11",,,,,,,,,"10154",,,"8",,,,,"9","205",,,,,,,,,,,,,"237","83","798","172","7","0",,"1","1FFF1F","1AAAA1AAA1AAAA","4",,,,,
"5102629","2021-09-14T12:00:00","22.26","-127.25",,,"1","4","2","5",,,"11",,,,,,,,,,,,"8",,,,,"9","233",,,,,,,,,,,,,"237","27","798","172","7","0",,"1","1FFFFF","1AAAAAAAA1AAAA","4",,,,,
"5301550","2021-09-14T12:00:00","20.78","-128.53",,,"1","4","2","5",,,"11",,,,,,,,,,,,"8",,,,,"9","257",,,,,,,,,,,,,"237","8","798","172","7","0",,"1","1FFFFF","1AAAAAAAA1AAAA","4",,,,,
"KS1043","2021-09-14T12:00:00","29.50","-123.00",,,"1","4","0","0","7","1","1","0","340","4","72",,,,,"10151","7","5","0","180","1","160","151","3","200",,,,"A",,,,,,,"13","6","237","93","992","114","5","1","2","1","111111","11AAA111118A71",,,"3",,,"4"
"4602715","2021-09-14T12:01:00","27.85","-122.48",,,"1","4","2","5",,,"11",,,,,,,,,"10151",,,"8",,,,,"9","209",,,,,,,,,,,,,"237","72","798","172","7","0",,"1","1FFF1F","1AAAA1AAA1AAAA","4",,,,,
"4602715","2021-09-14T13:00:00","27.85","-122.48",,,"1","4","2","5",,,"11",,,,,,,,,"10153",,,"8",,,,,"9","209",,,,,,,,,,,,,"237","72","798","172","7","0",,"1","1FFF1F","1AAAA1AAA1AAAA","4",,,,,
"4602718","2021-09-14T13:00:00","28.66","-123.26",,,"1","4","2","5",,,"11",,,,,,,,,"10157",,,"8",,,,,"9","205",,,,,,,,,,,,,"237","83","798","172","7","0",,"1","1FFF1F","1AAAA1AAA1AAAA","4",,,,,
"5102629","2021-09-14T13:00:00","22.26","-127.25",,,"1","4","2","5",,,"11",,,,,,,,,,,,"8",,,,,"9","233",,,,,,,,,,,,,"237","27","798","172","7","0",,"1","1FFFFF","1AAAAAAAA1AAAA","4",,,,,
"5301550","2021-09-14T13:00:00","20.78","-128.53",,,"1","4","2","5",,,"11",,,,,,,,,,,,"8",,,,,"9","257",,,,,,,,,,,,,"237","8","798","172","7","0",,"1","1FFFFF","1AAAAAAAA1AAAA","4",,,,,
"KS1043","2021-09-14T13:00:00","29.50","-123.00",,,"1","4","0","0","3","1","1","0","360","4","82",,,,,"10151","7","4","0","178","1","158","150","3","200",,,,"A",,,,,,,"13","6","237","93","992","114","5","1","2","1","111111","11AAA111118A71",,,"3",,,"4"
"4602718","2021-09-14T14:00:00","28.66","-123.27",,,"1","4","2","5",,,"11",,,,,,,,,"10160",,,"8",,,,,"9","205",,,,,,,,,,,,,"237","83","798","172","7","0",,"1","1FFF1F","1AAAA1AAA1AAAA","4",,,,,
"5102629","2021-09-14T14:00:00","22.25","-127.25",,,"1","4","2","5",,,"11",,,,,,,,,,,,"8",,,,,"9","233",,,,,,,,,,,,,"237","27","798","172","7","0",,"1","1FFFFF","1AAAAAAAA1AAAA","4",,,,,
"5301550","2021-09-14T14:00:00","20.79","-128.53",,,"1","4","2","5",,,"11",,,,,,,,,,,,"8",,,,,"9","257",,,,,,,,,,,,,"237","8","798","172","7","0",,"1","1FFFFF","1AAAAAAAA1AAAA","4",,,,,
"KS1043","2021-09-14T14:00:00","29.50","-123.00",,,"1","4","0","0","3","1","1","0","340","4","62",,,,,"10155","3","1","0","177","1","155","146","3","200",,,,"A",,,,,,,"11","6","237","93","992","114","5","1","2","1","111111","11AAA111118A71",,,"3",,,"4"
"4602715","2021-09-14T14:02:00","27.84","-122.49",,,"1","4","2","5",,,"11",,,,,,,,,"10158",,,"8",,,,,"9","209",,,,,,,,,,,,,"237","72","798","172","7","0",,"1","1FFF1F","1AAAA1AAA1AAAA","4",,,,,
"4602710","2021-09-14T15:00:00","22.08","-120.99",,,"1","4","2","5",,,"11",,,,,,,,,,,,"8",,,,,"9","252",,,,,,,,,,,,,"237","20","798","172","7","0",,"2","1FFFFF","1AAAAAAAA1AAAA","4",,,,,
"4602718","2021-09-14T15:00:00","28.66","-123.27",,,"1","4","2","5",,,"11",,,,,,,,,"10166",,,"8",,,,,"9","205",,,,,,,,,,,,,"237","83","798","172","7","0",,"2","1FFF1F","1AAAA1AAA1AAAA","4",,,,,
"5102629","2021-09-14T15:00:00","22.25","-127.25",,,"1","4","2","5",,,"11",,,,,,,,,,,,"8",,,,,"9","233",,,,,,,,,,,,,"237","27","798","172","7","0",,"2","1FFFFF","1AAAAAAAA1AAAA","4",,,,,
"5301550","2021-09-14T15:00:00","20.79","-128.53",,,"1","4","2","5",,,"11",,,,,,,,,,,,"8",,,,,"9","257",,,,,,,,,,,,,"237","8","798","172","7","0",,"2","1FFFFF","1AAAAAAAA1AAAA","4",,,,,
"KS1043","2021-09-14T15:00:00","29.40","-123.00",,,"1","4","0","0","4","1","1","0","360","4","57",,,,,"10160","3","6","0","177","1","157","148","3","200",,,,"A",,,,,,,"11","6","237","93","992","114","5","1","2","2","111111","11AAA111118A71",,,"3",,,"4"
"4602715","2021-09-14T15:01:00","27.84","-122.50",,,"1","4","2","5",,,"11",,,,,,,,,"10161",,,"8",,,,,"9","209",,,,,,,,,,,,,"237","72","798","172","7","0",,"2","1FFF1F","1AAAA1AAA1AAAA","4",,,,,
"4602715","2021-09-14T16:00:00","27.84","-122.50",,,"1","4","2","5",,,"11",,,,,,,,,"10167",,,"8",,,,,"9","209",,,,,,,,,,,,,"237","72","798","172","7","0",,"2","1FFF1F","1AAAA1AAA1AAAA","4",,,,,
"5102629","2021-09-14T16:00:00","22.25","-127.26",,,"1","4","2","5",,,"11",,,,,,,,,,,,"8",,,,,"9","233",,,,,,,,,,,,,"237","27","798","172","7","0",,"2","1FFFFF","1AAAAAAAA1AAAA","4",,,,,
"5301550","2021-09-14T16:00:00","20.80","-128.53",,,"1","4","2","5",,,"11",,,,,,,,,,,,"8",,,,,"9","257",,,,,,,,,,,,,"237","8","798","172","7","0",,"2","1FFFFF","1AAAAAAAA1AAAA","4",,,,,
"KS1043","2021-09-14T16:00:00","29.40","-122.90",,,"1","4","0","0","3","1","1","0","360","4","62",,,,,"10163","2","11","0","180","1","158","148","3","200",,,,"A",,,,,,,"12","6","237","92","992","114","5","1","2","2","111111","11AAA111118A71",,,"3",,,"4"
"4602718","2021-09-14T16:04:00","28.66","-123.27",,,"1","4","2","5",,,"11",,,,,,,,,"10169",,,"8",,,,,"9","205",,,,,,,,,,,,,"237","83","798","172","7","0",,"2","1FFF1F","1AAAA1AAA1AAAA","4",,,,,
"4602715","2021-09-14T17:00:00","27.84","-122.50",,,"1","4","2","5",,,"11",,,,,,,,,"10170",,,"8",,,,,"9","209",,,,,,,,,,,,,"237","72","798","172","7","0",,"2","1FFF1F","1AAAA1AAA1AAAA","4",,,,,
"4602718","2021-09-14T17:00:00","28.66","-123.27",,,"1","4","2","5",,,"11",,,,,,,,,"10173",,,"8",,,,,"9","205",,,,,,,,,,,,,"237","83","798","172","7","0",,"2","1FFF1F","1AAAA1AAA1AAAA","4",,,,,
"5102629","2021-09-14T17:00:00","22.24","-127.26",,,"1","4","2","5",,,"11",,,,,,,,,,,,"8",,,,,"9","233",,,,,,,,,,,,,"237","27","798","172","7","0",,"2","1FFFFF","1AAAAAAAA1AAAA","4",,,,,
"5301550","2021-09-14T17:00:00","20.80","-128.52",,,"1","4","2","5",,,"11",,,,,,,,,,,,"8",,,,,"9","257",,,,,,,,,,,,,"237","8","798","172","7","0",,"2","1FFFFF","1AAAAAAAA1AAAA","4",,,,,
"KS1043","2021-09-14T17:00:00","29.40","-122.90",,,"1","4","0","0","3","1","1","0","340","4","67",,,,,"10166","2","12","0","179","1","156","146","3","202",,,,"A",,,,,,,"12","6","237","92","992","114","5","1","2","2","111111","11AAA111118A71",,,"3",,,"4"
"4602710","2021-09-14T18:00:00","22.08","-121.00",,,"1","4","2","5",,,"11",,,,,,,,,,,,"8",,,,,"9","253",,,,,,,,,,,,,"237","21","798","172","7","0",,"2","1FFFFF","1AAAAAAAA1AAAA","4",,,,,
"4602715","2021-09-14T18:00:00","27.84","-122.50",,,"1","4","2","5",,,"11",,,,,,,,,"10173",,,"8",,,,,"9","209",,,,,,,,,,,,,"237","72","798","172","7","0",,"2","1FFF1F","1AAAA1AAA1AAAA","4",,,,,
"5102629","2021-09-14T18:00:00","22.24","-127.26",,,"1","4","2","5",,,"11",,,,,,,,,,,,"8",,,,,"9","233",,,,,,,,,,,,,"237","27","798","172","7","0",,"2","1FFFFF","1AAAAAAAA1AAAA","4",,,,,
"5301550","2021-09-14T18:00:00","20.80","-128.52",,,"1","4","2","5",,,"11",,,,,,,,,,,,"8",,,,,"9","257",,,,,,,,,,,,,"237","8","798","172","7","0",,"2","1FFFFF","1AAAAAAAA1AAAA","4",,,,,
"KS1043","2021-09-14T18:00:00","29.40","-122.90",,,"1","4","0","0","3","1","1","0","340","4","62",,,,,"10171","2","12","0","182","1","158","147","3","203",,,,"A",,,,,,,"11","6","237","92","992","114","5","1","2","2","111111","11AAA111118A71",,,"3",,,"4"
"4602718","2021-09-14T18:04:00","28.66","-123.28",,,"1","4","2","5",,,"11",,,,,,,,,"10176",,,"8",,,,,"9","205",,,,,,,,,,,,,"237","83","798","172","7","0",,"2","1FFF1F","1AAAA1AAA1AAAA","4",,,,,
"4602715","2021-09-14T19:00:00","27.83","-122.50",,,"1","4","2","5",,,"11",,,,,,,,,"10171",,,"8",,,,,"9","209",,,,,,,,,,,,,"237","72","798","172","7","0",,"2","1FFF1F","1AAAA1AAA1AAAA","4",,,,,
"4602718","2021-09-14T19:00:00","28.66","-123.28",,,"1","4","2","5",,,"11",,,,,,,,,"10174",,,"8",,,,,"9","206",,,,,,,,,,,,,"237","83","798","172","7","0",,"2","1FFF1F","1AAAA1AAA1AAAA","4",,,,,
"5102629","2021-09-14T19:00:00","22.24","-127.26",,,"1","4","2","5",,,"11",,,,,,,,,,,,"8",,,,,"9","233",,,,,,,,,,,,,"237","27","798","172","7","0",,"2","1FFFFF","1AAAAAAAA1AAAA","4",,,,,
"5301550","2021-09-14T19:00:00","20.80","-128.52",,,"1","4","2","5",,,"11",,,,,,,,,,,,"8",,,,,"9","257",,,,,,,,,,,,,"237","8","798","172","7","0",,"2","1FFFFF","1AAAAAAAA1AAAA","4",,,,,
"KS1043","2021-09-14T19:00:00","29.40","-122.90",,,"1","4","0","0","4","1","1","0","350","4","51",,,,,"10171","2","11","0","182","1","156","144","3","204",,,,"A",,,,,,,"11","6","237","92","992","114","5","1","2","2","111111","11AAA111118A71",,,"3",,,"4"
"4602715","2021-09-14T20:00:00","27.83","-122.51",,,"1","4","2","5",,,"11",,,,,,,,,"10167",,,"8",,,,,"9","210",,,,,,,,,,,,,"237","72","798","172","7","0",,"2","1FFF1F","1AAAA1AAA1AAAA","4",,,,,
"4602718","2021-09-14T20:00:00","28.66","-123.27",,,"1","4","2","5",,,"11",,,,,,,,,"10170",,,"8",,,,,"9","206",,,,,,,,,,,,,"237","83","798","172","7","0",,"2","1FFF1F","1AAAA1AAA1AAAA","4",,,,,
"5102629","2021-09-14T20:00:00","22.24","-127.26",,,"1","4","2","5",,,"11",,,,,,,,,,,,"8",,,,,"9","233",,,,,,,,,,,,,"237","27","798","172","7","0",,"2","1FFFFF","1AAAAAAAA1AAAA","4",,,,,
"5301550","2021-09-14T20:00:00","20.80","-128.53",,,"1","4","2","5",,,"11",,,,,,,,,,,,"8",,,,,"9","257",,,,,,,,,,,,,"237","8","798","172","7","0",,"2","1FFFFF","1AAAAAAAA1AAAA","4",,,,,
"KS1043","2021-09-14T20:00:00","29.30","-122.90",,,"1","4","0","0","4","1","1","0","330","4","41",,,,,"10168","0","7","0","181","1","155","142","3","205",,,,"A",,,,,,,"11","5","237","92","992","114","5","1","2","2","111111","11AAA111118A71",,,"3",,,"4"
"4602710","2021-09-14T21:00:00","22.08","-120.99",,,"1","4","2","5",,,"11",,,,,,,,,,,,"8",,,,,"9","255",,,,,,,,,,,,,"237","20","798","172","7","0",,"2","1FFFFF","1AAAAAAAA1AAAA","4",,,,,
"4602718","2021-09-14T21:00:00","28.66","-123.27",,,"1","4","2","5",,,"11",,,,,,,,,"10165",,,"8",,,,,"9","206",,,,,,,,,,,,,"237","83","798","172","7","0",,"2","1FFF1F","1AAAA1AAA1AAAA","4",,,,,
"5102629","2021-09-14T21:00:00","22.24","-127.28",,,"1","4","2","5",,,"11",,,,,,,,,,,,"8",,,,,"9","233",,,,,,,,,,,,,"237","27","798","172","7","0",,"2","1FFFFF","1AAAAAAAA1AAAA","4",,,,,
"5301550","2021-09-14T21:00:00","20.80","-128.53",,,"1","4","2","5",,,"11",,,,,,,,,,,,"8",,,,,"9","257",,,,,,,,,,,,,"237","8","798","172","7","0",,"2","1FFFFF","1AAAAAAAA1AAAA","4",,,,,
"KS1043","2021-09-14T21:00:00","29.30","-122.90",,,"1","4","0","0","4","1","1","0","350","4","41",,,,,"10164","8","3","0","182","1","155","142","3","205",,,,"A",,,,,,,"11","6","237","92","992","114","5","1","2","2","111111","11AAA111118A71",,,"3",,,"4"
"4602715","2021-09-14T21:03:00","27.83","-122.51",,,"1","4","2","5",,,"11",,,,,,,,,"10160",,,"8",,,,,"9","210",,,,,,,,,,,,,"237","72","798","172","7","0",,"2","1FFF1F","1AAAA1AAA1AAAA","4",,,,,
"4602715","2021-09-14T22:00:00","27.82","-122.51",,,"1","4","2","5",,,"11",,,,,,,,,"10155",,,"8",,,,,"9","210",,,,,,,,,,,,,"237","72","798","172","7","0",,"2","1FFF1F","1AAAA1AAA1AAAA","4",,,,,
"4602718","2021-09-14T22:00:00","28.67","-123.26",,,"1","4","2","5",,,"11",,,,,,,,,"10158",,,"8",,,,,"9","206",,,,,,,,,,,,,"237","83","798","172","7","0",,"2","1FFF1F","1AAAA1AAA1AAAA","4",,,,,
"5102629","2021-09-14T22:00:00","22.24","-127.28",,,"1","4","2","5",,,"11",,,,,,,,,,,,"8",,,,,"9","234",,,,,,,,,,,,,"237","27","798","172","7","0",,"2","1FFFFF","1AAAAAAAA1AAAA","4",,,,,
"5301550","2021-09-14T22:00:00","20.80","-128.53",,,"1","4","2","5",,,"11",,,,,,,,,,,,"8",,,,,"9","258",,,,,,,,,,,,,"237","8","798","172","7","0",,"2","1FFFFF","1AAAAAAAA1AAAA","4",,,,,
"KS1043","2021-09-14T22:00:00","29.30","-122.90",,,"1","4","0","0","4","1","1","0","350","4","57",,,,,"10158","7","10","0","183","1","157","144","3","206",,,,"A",,,,,,,"11","6","237","92","992","114","5","1","2","2","111111","11AAA111118A71",,,"3",,,"4"
"4602715","2021-09-14T23:00:00","27.82","-122.51",,,"1","4","2","5",,,"11",,,,,,,,,"10155",,,"8",,,,,"9","210",,,,,,,,,,,,,"237","72","798","172","7","0",,"2","1FFF1F","1AAAA1AAA1AAAA","4",,,,,
"4602718","2021-09-14T23:00:00","28.67","-123.26",,,"1","4","2","5",,,"11",,,,,,,,,"10156",,,"8",,,,,"9","206",,,,,,,,,,,,,"237","83","798","172","7","0",,"2","1FFF1F","1AAAA1AAA1AAAA","4",,,,,
"5102629","2021-09-14T23:00:00","22.24","-127.28",,,"1","4","2","5",,,"11",,,,,,,,,,,,"8",,,,,"9","234",,,,,,,,,,,,,"237","27","798","172","7","0",,"2","1FFFFF","1AAAAAAAA1AAAA","4",,,,,
"5301550","2021-09-14T23:00:00","20.80","-128.53",,,"1","4","2","5",,,"11",,,,,,,,,,,,"8",,,,,"9","258",,,,,,,,,,,,,"237","8","798","172","7","0",,"2","1FFFFF","1AAAAAAAA1AAAA","4",,,,,
"KS1043","2021-09-14T23:00:00","29.30","-122.90",,,"1","4","0","0","4","1","1","0","340","4","62",,,,,"10155","7","15","0","181","1","155","143","3","205",,,,"A",,,,,,,"11","5","237","92","992","114","5","1","2","2","111111","11AAA111118A71",,,"3",,,"4"
"4602710","2021-09-15T00:00:00","22.08","-120.98",,,"1","4","2","5",,,"11",,,,,,,,,,,,"8",,,,,"9","255",,,,,,,,,,,,,"237","20","798","172","7","0",,"2","1FFFFF","1AAAAAAAA1AAAA","4",,,,,
"4602715","2021-09-15T00:00:00","27.82","-122.51",,,"1","4","2","5",,,"11",,,,,,,,,"10157",,,"8",,,,,"9","210",,,,,,,,,,,,,"237","72","798","172","7","0",,"2","1FFF1F","1AAAA1AAA1AAAA","4",,,,,
"5102629","2021-09-15T00:00:00","22.24","-127.28",,,"1","4","2","5",,,"11",,,,,,,,,,,,"8",,,,,"9","233",,,,,,,,,,,,,"237","27","798","172","7","0",,"2","1FFFFF","1AAAAAAAA1AAAA","4",,,,,
"5301550","2021-09-15T00:00:00","20.81","-128.54",,,"1","4","2","5",,,"11",,,,,,,,,,,,"8",,,,,"9","258",,,,,,,,,,,,,"237","8","798","172","7","0",,"2","1FFFFF","1AAAAAAAA1AAAA","4",,,,,
"KS1043","2021-09-15T00:00:00","29.30","-122.90",,,"1","4","0","0","5","1","1","0","350","4","62",,,,,"10154","7","13","0","182","1","156","144","3","204",,,,"A",,,,,,,"11","5","237","92","992","114","5","1","2","2","111111","11AAA111118A71",,,"3",,,"4"
"4602718","2021-09-15T00:03:00","28.66","-123.26",,,"1","4","2","5",,,"11",,,,,,,,,"10156",,,"8",,,,,"9","206",,,,,,,,,,,,,"237","83","798","172","7","0",,"2","1FFF1F","1AAAA1AAA1AAAA","4",,,,,
"4602715","2021-09-15T01:00:00","27.81","-122.51",,,"1","4","2","5",,,"11",,,,,,,,,"10155",,,"8",,,,,"9","210",,,,,,,,,,,,,"237","72","798","172","7","0",,"2","1FFF1F","1AAAA1AAA1AAAA","4",,,,,
"4602718","2021-09-15T01:00:00","28.66","-123.26",,,"1","4","2","5",,,"11",,,,,,,,,"10157",,,"8",,,,,"9","206",,,,,,,,,,,,,"237","83","798","172","7","0",,"2","1FFF1F","1AAAA1AAA1AAAA","4",,,,,
"5102629","2021-09-15T01:00:00","22.24","-127.28",,,"1","4","2","5",,,"11",,,,,,,,,,,,"8",,,,,"9","233",,,,,,,,,,,,,"237","27","798","172","7","0",,"2","1FFFFF","1AAAAAAAA1AAAA","4",,,,,
"5301550","2021-09-15T01:00:00","20.81","-128.54",,,"1","4","2","5",,,"11",,,,,,,,,,,,"8",,,,,"9","257",,,,,,,,,,,,,"237","8","798","172","7","0",,"2","1FFFFF","1AAAAAAAA1AAAA","4",,,,,
"KS1043","2021-09-15T01:00:00","29.20","-122.90",,,"1","4","0","0","4","1","1","0","340","4","62",,,,,"10152","7","9","0","182","1","158","147","3","203",,,,"A",,,,,,,"11","5","237","92","992","114","5","1","2","2","111111","11AAA111118A71",,,"3",,,"4"
"4602715","2021-09-15T02:00:00","27.81","-122.52",,,"1","4","2","5",,,"11",,,,,,,,,"10157",,,"8",,,,,"9","210",,,,,,,,,,,,,"237","72","798","172","7","0",,"2","1FFF1F","1AAAA1AAA1AAAA","4",,,,,
"4602718","2021-09-15T02:00:00","28.66","-123.26",,,"1","4","2","5",,,"11",,,,,,,,,"10161",,,"8",,,,,"9","206",,,,,,,,,,,,,"237","83","798","172","7","0",,"2","1FFF1F","1AAAA1AAA1AAAA","4",,,,,
"5102629","2021-09-15T02:00:00","22.24","-127.28",,,"1","4","2","5",,,"11",,,,,,,,,,,,"8",,,,,"9","233",,,,,,,,,,,,,"237","27","798","172","7","0",,"2","1FFFFF","1AAAAAAAA1AAAA","4",,,,,
"5301550","2021-09-15T02:00:00","20.81","-128.55",,,"1","4","2","5",,,"11",,,,,,,,,,,,"8",,,,,"9","257",,,,,,,,,,,,,"237","8","798","172","7","0",,"2","1FFFFF","1AAAAAAAA1AAAA","4",,,,,
"KS1043","2021-09-15T02:00:00","29.20","-122.90",,,"1","4","0","0","5","1","1","0","350","4","67",,,,,"10154","7","3","0","181","1","155","142","3","204",,,,"A",,,,,,,"11","5","237","92","992","114","5","1","2","2","111111","11AAA111118A71",,,"3",,,"4"
"4602710","2021-09-15T03:00:00","22.07","-120.98",,,"1","4","2","5",,,"11",,,,,,,,,,,,"8",,,,,"9","254",,,,,,,,,,,,,"237","20","798","172","7","0",,"1","1FFFFF","1AAAAAAAA1AAAA","4",,,,,
"4602715","2021-09-15T03:00:00","27.80","-122.52",,,"1","4","2","5",,,"11",,,,,,,,,"10163",,,"8",,,,,"9","209",,,,,,,,,,,,,"237","72","798","172","7","0",,"1","1FFF1F","1AAAA1AAA1AAAA","4",,,,,
"4602718","2021-09-15T03:00:00","28.66","-123.26",,,"1","4","2","5",,,"11",,,,,,,,,"10166",,,"8",,,,,"9","206",,,,,,,,,,,,,"237","83","798","172","7","0",,"1","1FFF1F","1AAAA1AAA1AAAA","4",,,,,
"5102629","2021-09-15T03:00:00","22.24","-127.28",,,"1","4","2","5",,,"11",,,,,,,,,,,,"8",,,,,"9","233",,,,,,,,,,,,,"237","27","798","172","7","0",,"1","1FFFFF","1AAAAAAAA1AAAA","4",,,,,
"5301550","2021-09-15T03:00:00","20.82","-128.55",,,"1","4","2","5",,,"11",,,,,,,,,,,,"8",,,,,"9","257",,,,,,,,,,,,,"237","8","798","172","7","0",,"1","1FFFFF","1AAAAAAAA1AAAA","4",,,,,
"KS1043","2021-09-15T03:00:00","29.20","-122.90",,,"1","4","0","0","4","1","1","0","340","4","57",,,,,"10158","2","3","0","181","1","155","143","3","205",,,,"A",,,,,,,"10","5","237","92","992","114","5","1","2","1","111111","11AAA111118A71",,,"3",,,"4"
"4602718","2021-09-15T04:00:00","28.66","-123.26",,,"1","4","2","5",,,"11",,,,,,,,,"10169",,,"8",,,,,"9","206",,,,,,,,,,,,,"237","83","798","172","7","0",,"1","1FFF1F","1AAAA1AAA1AAAA","4",,,,,
"5102629","2021-09-15T04:00:00","22.24","-127.28",,,"1","4","2","5",,,"11",,,,,,,,,,,,"8",,,,,"9","233",,,,,,,,,,,,,"237","27","798","172","7","0",,"1","1FFFFF","1AAAAAAAA1AAAA","4",,,,,
"5301550","2021-09-15T04:00:00","20.82","-128.56",,,"1","4","2","5",,,"11",,,,,,,,,,,,"8",,,,,"9","257",,,,,,,,,,,,,"237","8","798","172","7","0",,"1","1FFFFF","1AAAAAAAA1AAAA","4",,,,,
"KS1043","2021-09-15T04:00:00","29.20","-122.90",,,"1","4","0","0","5","1","1","0","340","4","46",,,,,"10163","2","9","0","180","1","153","139","3","206",,,,"A",,,,,,,"11","5","237","92","992","114","5","1","2","1","111111","11AAA111118A71",,,"3",,,"4"
"4602715","2021-09-15T04:03:00","27.80","-122.52",,,"1","4","2","5",,,"11",,,,,,,,,"10166",,,"8",,,,,"9","209",,,,,,,,,,,,,"237","72","798","172","7","0",,"1","1FFF1F","1AAAA1AAA1AAAA","4",,,,,
"4602715","2021-09-15T05:00:00","27.80","-122.52",,,"1","4","2","5",,,"11",,,,,,,,,"10167",,,"8",,,,,"9","209",,,,,,,,,,,,,"237","72","798","172","7","0",,"1","1FFF1F","1AAAA1AAA1AAAA","4",,,,,
"4602718","2021-09-15T05:00:00","28.66","-123.26",,,"1","4","2","5",,,"11",,,,,,,,,"10171",,,"8",,,,,"9","206",,,,,,,,,,,,,"237","83","798","172","7","0",,"1","1FFF1F","1AAAA1AAA1AAAA","4",,,,,
"5102629","2021-09-15T05:00:00","22.24","-127.28",,,"1","4","2","5",,,"11",,,,,,,,,,,,"8",,,,,"9","233",,,,,,,,,,,,,"237","27","798","172","7","0",,"1","1FFFFF","1AAAAAAAA1AAAA","4",,,,,
"5301550","2021-09-15T05:00:00","20.82","-128.56",,,"1","4","2","5",,,"11",,,,,,,,,,,,"8",,,,,"9","257",,,,,,,,,,,,,"237","8","798","172","7","0",,"1","1FFFFF","1AAAAAAAA1AAAA","4",,,,,
"KS1043","2021-09-15T05:00:00","29.10","-123.00",,,"1","4","0","0","4","1","1","0","360","4","41",,,,,"10166","2","13","0","182","1","156","143","3","206",,,,"A",,,,,,,"16","5","237","93","992","114","5","1","2","1","111111","11AAA111118A71",,,"3",,,"4"
"4602710","2021-09-15T06:00:00","22.06","-120.98",,,"1","4","2","5",,,"11",,,,,,,,,,,,"8",,,,,"9","254",,,,,,,,,,,,,"237","20","798","172","7","0",,"1","1FFFFF","1AAAAAAAA1AAAA","4",,,,,
"4602715","2021-09-15T06:00:00","27.79","-122.52",,,"1","4","2","5",,,"11",,,,,,,,,"10171",,,"8",,,,,"9","209",,,,,,,,,,,,,"237","72","798","172","7","0",,"1","1FFF1F","1AAAA1AAA1AAAA","4",,,,,
"5102629","2021-09-15T06:00:00","22.24","-127.28",,,"1","4","2","5",,,"11",,,,,,,,,,,,"8",,,,,"9","233",,,,,,,,,,,,,"237","27","798","172","7","0",,"1","1FFFFF","1AAAAAAAA1AAAA","4",,,,,
"5301550","2021-09-15T06:00:00","20.83","-128.56",,,"1","4","2","5",,,"11",,,,,,,,,,,,"8",,,,,"9","257",,,,,,,,,,,,,"237","8","798","172","7","0",,"1","1FFFFF","1AAAAAAAA1AAAA","4",,,,,
"KS1043","2021-09-15T06:00:00","29.10","-123.00",,,"1","4","0","0","5","1","1","0","330","4","31",,,,,"10167","2","11","0","183","1","157","145","3","206",,,,"A",,,,,,,"11","5","237","93","992","114","5","1","2","1","111111","11AAA111118A71",,,"3",,,"4"
"4602718","2021-09-15T06:02:00","28.66","-123.25",,,"1","4","2","5",,,"11",,,,,,,,,"10171",,,"8",,,,,"9","206",,,,,,,,,,,,,"237","83","798","172","7","0",,"1","1FFF1F","1AAAA1AAA1AAAA","4",,,,,
"4602715","2021-09-15T07:00:00","27.78","-122.51",,,"1","4","2","5",,,"11",,,,,,,,,"10166",,,"8",,,,,"9","209",,,,,,,,,,,,,"237","72","798","172","7","0",,"1","1FFF1F","1AAAA1AAA1AAAA","4",,,,,
"4602718","2021-09-15T07:00:00","28.66","-123.25",,,"1","4","2","5",,,"11",,,,,,,,,"10168",,,"8",,,,,"9","206",,,,,,,,,,,,,"237","83","798","172","7","0",,"1","1FFF1F","1AAAA1AAA1AAAA","4",,,,,
"5102629","2021-09-15T07:00:00","22.24","-127.28",,,"1","4","2","5",,,"11",,,,,,,,,,,,"8",,,,,"9","233",,,,,,,,,,,,,"237","27","798","172","7","0",,"1","1FFFFF","1AAAAAAAA1AAAA","4",,,,,
"5301550","2021-09-15T07:00:00","20.83","-128.57",,,"1","4","2","5",,,"11",,,,,,,,,,,,"8",,,,,"9","257",,,,,,,,,,,,,"237","8","798","172","7","0",,"1","1FFFFF","1AAAAAAAA1AAAA","4",,,,,
"KS1043","2021-09-15T07:00:00","29.10","-123.00",,,"1","4","0","0","4","1","1","0","350","4","51",,,,,"10165","2","5","0","181","1","153","139","3","206",,,,"A",,,,,,,"11","5","237","93","992","114","5","1","2","1","111111","11AAA111118A71",,,"3",,,"4"
"4602718","2021-09-15T08:00:00","28.65","-123.25",,,"1","4","2","5",,,"11",,,,,,,,,"10167",,,"8",,,,,"9","206",,,,,,,,,,,,,"237","83","798","172","7","0",,"1","1FFF1F","1AAAA1AAA1AAAA","4",,,,,
"5102629","2021-09-15T08:00:00","22.24","-127.28",,,"1","4","2","5",,,"11",,,,,,,,,,,,"8",,,,,"9","233",,,,,,,,,,,,,"237","27","798","172","7","0",,"1","1FFFFF","1AAAAAAAA1AAAA","4",,,,,
"5301550","2021-09-15T08:00:00","20.83","-128.57",,,"1","4","2","5",,,"11",,,,,,,,,,,,"8",,,,,"9","257",,,,,,,,,,,,,"237","8","798","172","7","0",,"1","1FFFFF","1AAAAAAAA1AAAA","4",,,,,
"KS1043","2021-09-15T08:00:00","29.10","-123.00",,,"1","4","0","0","5","1","1","0","300","4","31",,,,,"10163","8","2","0","180","1","153","140","3","206",,,,"A",,,,,,,"10","5","237","93","992","114","5","1","2","1","111111","11AAA111118A71",,,"3",,,"4"
"4602715","2021-09-15T08:02:00","27.78","-122.51",,,"1","4","2","5",,,"11",,,,,,,,,"10166",,,"8",,,,,"9","209",,,,,,,,,,,,,"237","72","798","172","7","0",,"1","1FFF1F","1AAAA1AAA1AAAA","4",,,,,
"4602710","2021-09-15T09:00:00","22.05","-120.98",,,"1","4","2","5",,,"11",,,,,,,,,,,,"8",,,,,"9","254",,,,,,,,,,,,,"237","20","798","172","7","0",,"1","1FFFFF","1AAAAAAAA1AAAA","4",,,,,
"4602715","2021-09-15T09:00:00","27.77","-122.51",,,"1","4","2","5",,,"11",,,,,,,,,"10164",,,"8",,,,,"9","209",,,,,,,,,,,,,"237","72","798","172","7","0",,"1","1FFF1F","1AAAA1AAA1AAAA","4",,,,,
"4602718","2021-09-15T09:00:00","28.65","-123.24",,,"1","4","2","5",,,"11",,,,,,,,,"10164",,,"8",,,,,"9","205",,,,,,,,,,,,,"237","83","798","172","7","0",,"1","1FFF1F","1AAAA1AAA1AAAA","4",,,,,
"5102629","2021-09-15T09:00:00","22.24","-127.28",,,"1","4","2","5",,,"11",,,,,,,,,,,,"8",,,,,"9","233",,,,,,,,,,,,,"237","27","798","172","7","0",,"1","1FFFFF","1AAAAAAAA1AAAA","4",,,,,
"5301550","2021-09-15T09:00:00","20.84","-128.57",,,"1","4","2","5",,,"11",,,,,,,,,,,,"8",,,,,"9","256",,,,,,,,,,,,,"237","8","798","172","7","0",,"1","1FFFFF","1AAAAAAAA1AAAA","4",,,,,
"KS1043","2021-09-15T09:00:00","29.10","-123.00",,,"1","4","0","0","4","1","1","0","350","4","41",,,,,"10162","7","4","0","181","1","154","141","3","206",,,,"A",,,,,,,"11","5","237","93","992","114","5","1","2","1","111111","11AAA111118A71",,,"3",,,"4"
"4602715","2021-09-15T10:00:00","27.76","-122.51",,,"1","4","2","5",,,"11",,,,,,,,,"10160",,,"8",,,,,"9","209",,,,,,,,,,,,,"237","72","798","172","7","0",,"1","1FFF1F","1AAAA1AAA1AAAA","4",,,,,
"4602718","2021-09-15T10:00:00","28.65","-123.24",,,"1","4","2","5",,,"11",,,,,,,,,"10163",,,"8",,,,,"9","206",,,,,,,,,,,,,"237","83","798","172","7","0",,"1","1FFF1F","1AAAA1AAA1AAAA","4",,,,,
"5102629","2021-09-15T10:00:00","22.24","-127.28",,,"1","4","2","5",,,"11",,,,,,,,,,,,"8",,,,,"9","233",,,,,,,,,,,,,"237","27","798","172","7","0",,"1","1FFFFF","1AAAAAAAA1AAAA","4",,,,,
"5301550","2021-09-15T10:00:00","20.84","-128.58",,,"1","4","2","5",,,"11",,,,,,,,,,,,"8",,,,,"9","256",,,,,,,,,,,,,"237","8","798","172","7","0",,"1","1FFFFF","1AAAAAAAA1AAAA","4",,,,,
"KS1043","2021-09-15T10:00:00","29.00","-123.00",,,"1","4","0","0","1","1","1","0","310","4","41",,,,,"10160","7","6","0","182","1","155","143","3","206",,,,"A",,,,,,,"10","5","237","93","992","114","5","1","2","1","111111","11AAA111118A71",,,"3",,,"4"
"4602715","2021-09-15T11:00:00","27.75","-122.52",,,"1","4","2","5",,,"11",,,,,,,,,"10158",,,"8",,,,,"9","209",,,,,,,,,,,,,"237","72","798","172","7","0",,"1","1FFF1F","1AAAA1AAA1AAAA","4",,,,,
"4602718","2021-09-15T11:00:00","28.65","-123.24",,,"1","4","2","5",,,"11",,,,,,,,,"10158",,,"8",,,,,"9","205",,,,,,,,,,,,,"237","83","798","172","7","0",,"1","1FFF1F","1AAAA1AAA1AAAA","4",,,,,
"5102629","2021-09-15T11:00:00","22.24","-127.28",,,"1","4","2","5",,,"11",,,,,,,,,,,,"8",,,,,"9","233",,,,,,,,,,,,,"237","27","798","172","7","0",,"1","1FFFFF","1AAAAAAAA1AAAA","4",,,,,
"5301550","2021-09-15T11:00:00","20.85","-128.59",,,"1","4","2","5",,,"11",,,,,,,,,,,,"8",,,,,"9","256",,,,,,,,,,,,,"237","8","798","172","7","0",,"1","1FFFFF","1AAAAAAAA1AAAA","4",,,,,
"KS1043","2021-09-15T11:00:00","29.00","-122.90",,,"1","4","0","0","3","1","1","0","310","4","31",,,,,"10156","7","5","0","181","1","156","144","3","206",,,,"A",,,,,,,"16","5","237","92","992","114","5","1","2","1","111111","11AAA111118A71",,,"3",,,"4"
"4602710","2021-09-15T12:00:00","22.05","-120.97",,,"1","4","2","5",,,"11",,,,,,,,,,,,"8",,,,,"9","253",,,,,,,,,,,,,"237","20","798","172","7","0",,"1","1FFFFF","1AAAAAAAA1AAAA","4",,,,,
"4602715","2021-09-15T12:00:00","27.75","-122.52",,,"1","4","2","5",,,"11",,,,,,,,,"10157",,,"8",,,,,"9","209",,,,,,,,,,,,,"237","72","798","172","7","0",,"1","1FFF1F","1AAAA1AAA1AAAA","4",,,,,
"4602718","2021-09-15T12:00:00","28.64","-123.23",,,"1","4","2","5",,,"11",,,,,,,,,"10158",,,"8",,,,,"9","205",,,,,,,,,,,,,"237","83","798","172","7","0",,"1","1FFF1F","1AAAA1AAA1AAAA","4",,,,,
"5102629","2021-09-15T12:00:00","22.24","-127.28",,,"1","4","2","5",,,"11",,,,,,,,,,,,"8",,,,,"9","233",,,,,,,,,,,,,"237","27","798","172","7","0",,"1","1FFFFF","1AAAAAAAA1AAAA","4",,,,,
"5301550","2021-09-15T12:00:00","20.86","-128.59",,,"1","4","2","5",,,"11",,,,,,,,,,,,"8",,,,,"9","256",,,,,,,,,,,,,"237","8","798","172","7","0",,"1","1FFFFF","1AAAAAAAA1AAAA","4",,,,,
"KS1043","2021-09-15T12:00:00","29.00","-122.90",,,"1","4","0","0","4","1","1","0","330","4","31",,,,,"10154","7","8","0","179","1","153","140","3","206",,,,"A",,,,,,,"10","5","237","92","992","114","5","1","2","1","111111","11AAA111118A71",,,"3",,,"4"
"4602718","2021-09-15T13:00:00","28.64","-123.23",,,"1","4","2","5",,,"11",,,,,,,,,"10160",,,"8",,,,,"9","205",,,,,,,,,,,,,"237","83","798","172","7","0",,"1","1FFF1F","1AAAA1AAA1AAAA","4",,,,,
"5102629","2021-09-15T13:00:00","22.24","-127.28",,,"1","4","2","5",,,"11",,,,,,,,,,,,"8",,,,,"9","233",,,,,,,,,,,,,"237","27","798","172","7","0",,"1","1FFFFF","1AAAAAAAA1AAAA","4",,,,,
"5301550","2021-09-15T13:00:00","20.86","-128.59",,,"1","4","2","5",,,"11",,,,,,,,,,,,"8",,,,,"9","256",,,,,,,,,,,,,"237","8","798","172","7","0",,"1","1FFFFF","1AAAAAAAA1AAAA","4",,,,,
"KS1043","2021-09-15T13:00:00","29.00","-122.90",,,"1","4","0","0","4","1","1","0","350","4","41",,,,,"10155","5","6","0","180","1","152","138","3","206",,,,"A",,,,,,,"11","5","237","92","992","114","5","1","2","1","111111","11AAA111118A71",,,"3",,,"4"
"4602715","2021-09-15T13:01:00","27.74","-122.52",,,"1","4","2","5",,,"11",,,,,,,,,"10159",,,"8",,,,,"9","209",,,,,,,,,,,,,"237","72","798","172","7","0",,"1","1FFF1F","1AAAA1AAA1AAAA","4",,,,,
"4602715","2021-09-15T14:00:00","27.73","-122.53",,,"1","4","2","5",,,"11",,,,,,,,,"10163",,,"8",,,,,"9","209",,,,,,,,,,,,,"237","72","798","172","7","0",,"1","1FFF1F","1AAAA1AAA1AAAA","4",,,,,
"4602718","2021-09-15T14:00:00","28.64","-123.23",,,"1","4","2","5",,,"11",,,,,,,,,"10162",,,"8",,,,,"9","205",,,,,,,,,,,,,"237","83","798","172","7","0",,"1","1FFF1F","1AAAA1AAA1AAAA","4",,,,,
"5102629","2021-09-15T14:00:00","22.24","-127.28",,,"1","4","2","5",,,"11",,,,,,,,,,,,"8",,,,,"9","233",,,,,,,,,,,,,"237","27","798","172","7","0",,"1","1FFFFF","1AAAAAAAA1AAAA","4",,,,,
"5301550","2021-09-15T14:00:00","20.87","-128.60",,,"1","4","2","5",,,"11",,,,,,,,,,,,"8",,,,,"9","256",,,,,,,,,,,,,"237","8","798","172","7","0",,"1","1FFFFF","1AAAAAAAA1AAAA","4",,,,,
"KS1043","2021-09-15T14:00:00","29.00","-122.90",,,"1","4","0","0","4","1","1","0","320","4","57",,,,,"10159","5","2","0","183","1","157","144","3","206",,,,"A",,,,,,,"16","5","237","92","992","114","5","1","2","1","111111","11AAA111118A71",,,"3",,,"4"
"4602710","2021-09-15T15:00:00","22.04","-120.98",,,"1","4","2","5",,,"11",,,,,,,,,,,,"8",,,,,"9","253",,,,,,,,,,,,,"237","20","798","172","7","0",,"2","1FFFFF","1AAAAAAAA1AAAA","4",,,,,
"4602715","2021-09-15T15:00:00","27.73","-122.53",,,"1","4","2","5",,,"11",,,,,,,,,"10168",,,"8",,,,,"9","209",,,,,,,,,,,,,"237","72","798","172","7","0",,"2","1FFF1F","1AAAA1AAA1AAAA","4",,,,,
"4602718","2021-09-15T15:00:00","28.64","-123.23",,,"1","4","2","5",,,"11",,,,,,,,,"10166",,,"8",,,,,"9","205",,,,,,,,,,,,,"237","83","798","172","7","0",,"2","1FFF1F","1AAAA1AAA1AAAA","4",,,,,
"5102629","2021-09-15T15:00:00","22.24","-127.28",,,"1","4","2","5",,,"11",,,,,,,,,,,,"8",,,,,"9","233",,,,,,,,,,,,,"237","27","798","172","7","0",,"2","1FFFFF","1AAAAAAAA1AAAA","4",,,,,
"5301550","2021-09-15T15:00:00","20.88","-128.60",,,"1","4","2","5",,,"11",,,,,,,,,,,,"8",,,,,"9","256",,,,,,,,,,,,,"237","8","798","172","7","0",,"2","1FFFFF","1AAAAAAAA1AAAA","4",,,,,
"KS1043","2021-09-15T15:00:00","28.90","-122.90",,,"1","4","0","0","4","1","1","0","310","4","51",,,,,"10162","3","3","0","181","1","153","139","3","206",,,,"A",,,,,,,"11","5","237","82","992","114","5","1","2","2","111111","11AAA111118A71",,,"3",,,"4"
"4602715","2021-09-15T16:00:00","27.72","-122.54",,,"1","4","2","5",,,"11",,,,,,,,,"10169",,,"8",,,,,"9","209",,,,,,,,,,,,,"237","72","798","172","7","0",,"2","1FFF1F","1AAAA1AAA1AAAA","4",,,,,
"5102629","2021-09-15T16:00:00","22.24","-127.28",,,"1","4","2","5",,,"11",,,,,,,,,,,,"8",,,,,"9","233",,,,,,,,,,,,,"237","27","798","172","7","0",,"2","1FFFFF","1AAAAAAAA1AAAA","4",,,,,
"5301550","2021-09-15T16:00:00","20.88","-128.60",,,"1","4","2","5",,,"11",,,,,,,,,,,,"8",,,,,"9","256",,,,,,,,,,,,,"237","8","798","172","7","0",,"2","1FFFFF","1AAAAAAAA1AAAA","4",,,,,
"KS1043","2021-09-15T16:00:00","28.90","-122.90",,,"1","4","0","0","4","1","1","0","340","4","41",,,,,"10164","2","11","0","183","1","154","140","3","207",,,,"A",,,,,,,"11","4","237","82","992","114","5","1","2","2","111111","11AAA111118A71",,,"3",,,"4"
"4602718","2021-09-15T16:04:00","28.63","-123.24",,,"1","4","2","5",,,"11",,,,,,,,,"10168",,,"8",,,,,"9","205",,,,,,,,,,,,,"237","83","798","172","7","0",,"2","1FFF1F","1AAAA1AAA1AAAA","4",,,,,
"4602715","2021-09-15T17:00:00","27.72","-122.54",,,"1","4","2","5",,,"11",,,,,,,,,"10172",,,"8",,,,,"9","209",,,,,,,,,,,,,"237","72","798","172","7","0",,"2","1FFF1F","1AAAA1AAA1AAAA","4",,,,,
"5102629","2021-09-15T17:00:00","22.24","-127.28",,,"1","4","2","5",,,"11",,,,,,,,,,,,"8",,,,,"9","233",,,,,,,,,,,,,"237","27","798","172","7","0",,"2","1FFFFF","1AAAAAAAA1AAAA","4",,,,,
"5301550","2021-09-15T17:00:00","20.89","-128.60",,,"1","4","2","5",,,"11",,,,,,,,,,,,"8",,,,,"9","256",,,,,,,,,,,,,"237","8","798","172","7","0",,"2","1FFFFF","1AAAAAAAA1AAAA","4",,,,,
"KS1043","2021-09-15T17:00:00","28.90","-122.90",,,"1","4","0","0","4","1","1","0","320","4","41",,,,,"10166","2","8","0","186","1","157","143","3","207",,,,"A",,,,,,,"11","4","237","82","992","114","5","1","2","2","111111","11AAA111118A71",,,"3",,,"4"
"4602718","2021-09-15T17:01:00","28.64","-123.24",,,"1","4","2","5",,,"11",,,,,,,,,"10173",,,"8",,,,,"9","205",,,,,,,,,,,,,"237","83","798","172","7","0",,"2","1FFF1F","1AAAA1AAA1AAAA","4",,,,,
"4602710","2021-09-15T18:00:00","22.04","-120.98",,,"1","4","2","5",,,"11",,,,,,,,,,,,"8",,,,,"9","254",,,,,,,,,,,,,"237","20","798","172","7","0",,"2","1FFFFF","1AAAAAAAA1AAAA","4",,,,,
"4602715","2021-09-15T18:00:00","27.72","-122.54",,,"1","4","2","5",,,"11",,,,,,,,,"10174",,,"8",,,,,"9","209",,,,,,,,,,,,,"237","72","798","172","7","0",,"2","1FFF1F","1AAAA1AAA1AAAA","4",,,,,
"5102629","2021-09-15T18:00:00","22.24","-127.28",,,"1","4","2","5",,,"11",,,,,,,,,,,,"8",,,,,"9","232",,,,,,,,,,,,,"237","27","798","172","7","0",,"2","1FFFFF","1AAAAAAAA1AAAA","4",,,,,
"5301550","2021-09-15T18:00:00","20.90","-128.61",,,"1","4","2","5",,,"11",,,,,,,,,,,,"8",,,,,"9","256",,,,,,,,,,,,,"237","8","798","172","7","0",,"2","1FFFFF","1AAAAAAAA1AAAA","4",,,,,
"KS1043","2021-09-15T18:00:00","28.90","-122.90",,,"1","4","0","0","5","1","1","0","290","4","41",,,,,"10169","2","8","0","185","1","154","138","3","207",,,,"A",,,,,,,"16","4","237","82","992","114","5","1","2","2","111111","11AAA111118A71",,,"3",,,"4"
"4602718","2021-09-15T18:01:00","28.64","-123.24",,,"1","4","2","5",,,"11",,,,,,,,,"10174",,,"8",,,,,"9","206",,,,,,,,,,,,,"237","83","798","172","7","0",,"2","1FFF1F","1AAAA1AAA1AAAA","4",,,,,
"4602715","2021-09-15T19:00:00","27.71","-122.55",,,"1","4","2","5",,,"11",,,,,,,,,"10172",,,"8",,,,,"9","209",,,,,,,,,,,,,"237","72","798","172","7","0",,"2","1FFF1F","1AAAA1AAA1AAAA","4",,,,,
"4602718","2021-09-15T19:00:00","28.64","-123.24",,,"1","4","2","5",,,"11",,,,,,,,,"10171",,,"8",,,,,"9","206",,,,,,,,,,,,,"237","83","798","172","7","0",,"2","1FFF1F","1AAAA1AAA1AAAA","4",,,,,
"5102629","2021-09-15T19:00:00","22.23","-127.28",,,"1","4","2","5",,,"11",,,,,,,,,,,,"8",,,,,"9","233",,,,,,,,,,,,,"237","27","798","172","7","0",,"2","1FFFFF","1AAAAAAAA1AAAA","4",,,,,
"5301550","2021-09-15T19:00:00","20.91","-128.60",,,"1","4","2","5",,,"11",,,,,,,,,,,,"8",,,,,"9","256",,,,,,,,,,,,,"237","8","798","172","7","0",,"2","1FFFFF","1AAAAAAAA1AAAA","4",,,,,
"KS1043","2021-09-15T19:00:00","28.90","-122.90",,,"1","4","0","0","4","1","1","0","320","4","31",,,,,"10169","2","6","0","188","1","157","142","3","207",,,,"A",,,,,,,"10","4","237","82","992","114","5","1","2","2","111111","11AAA111118A71",,,"3",,,"4"
"4602715","2021-09-15T20:00:00","27.71","-122.55",,,"1","4","2","5",,,"11",,,,,,,,,"10167",,,"8",,,,,"9","210",,,,,,,,,,,,,"237","72","798","172","7","0",,"2","1FFF1F","1AAAA1AAA1AAAA","4",,,,,
"4602718","2021-09-15T20:00:00","28.64","-123.23",,,"1","4","2","5",,,"11",,,,,,,,,"10166",,,"8",,,,,"9","207",,,,,,,,,,,,,"237","83","798","172","7","0",,"2","1FFF1F","1AAAA1AAA1AAAA","4",,,,,
"5102629","2021-09-15T20:00:00","22.23","-127.28",,,"1","4","2","5",,,"11",,,,,,,,,,,,"8",,,,,"9","233",,,,,,,,,,,,,"237","27","798","172","7","0",,"2","1FFFFF","1AAAAAAAA1AAAA","4",,,,,
"5301550","2021-09-15T20:00:00","20.91","-128.60",,,"1","4","2","5",,,"11",,,,,,,,,,,,"8",,,,,"9","256",,,,,,,,,,,,,"237","8","798","172","7","0",,"2","1FFFFF","1AAAAAAAA1AAAA","4",,,,,
"KS1043","2021-09-15T20:00:00","28.90","-122.90",,,"1","4","0","0","2","1","1","0","330","4","41",,,,,"10163","0","1","0","189","1","158","143","3","208",,,,"A",,,,,,,"16","4","237","82","992","114","5","1","2","2","111111","11AAA111118A71",,,"3",,,"4"
"4602710","2021-09-15T21:00:00","22.02","-120.99",,,"1","4","2","5",,,"11",,,,,,,,,,,,"8",,,,,"9","256",,,,,,,,,,,,,"237","20","798","172","7","0",,"2","1FFFFF","1AAAAAAAA1AAAA","4",,,,,
"4602715","2021-09-15T21:00:00","27.71","-122.55",,,"1","4","2","5",,,"11",,,,,,,,,"10161",,,"8",,,,,"9","211",,,,,,,,,,,,,"237","72","798","172","7","0",,"2","1FFF1F","1AAAA1AAA1AAAA","4",,,,,
"4602718","2021-09-15T21:00:00","28.64","-123.23",,,"1","4","2","5",,,"11",,,,,,,,,"10160",,,"8",,,,,"9","207",,,,,,,,,,,,,"237","83","798","172","7","0",,"2","1FFF1F","1AAAA1AAA1AAAA","4",,,,,
"5102629","2021-09-15T21:00:00","22.22","-127.28",,,"1","4","2","5",,,"11",,,,,,,,,,,,"8",,,,,"9","233",,,,,,,,,,,,,"237","27","798","172","7","0",,"2","1FFFFF","1AAAAAAAA1AAAA","4",,,,,
"5301550","2021-09-15T21:00:00","20.92","-128.61",,,"1","4","2","5",,,"11",,,,,,,,,,,,"8",,,,,"9","256",,,,,,,,,,,,,"237","8","798","172","7","0",,"2","1FFFFF","1AAAAAAAA1AAAA","4",,,,,
"KS1043","2021-09-15T21:00:00","28.80","-122.90",,,"1","4","0","0","3","1","1","0","300","4","41",,,,,"10160","8","5","0","189","1","157","141","3","208",,,,"A",,,,,,,"10","4","237","82","992","114","5","1","2","2","111111","11AAA111118A71",,,"3",,,"4"
"4602715","2021-09-15T22:00:00","27.70","-122.55",,,"1","4","2","5",,,"11",,,,,,,,,"10155",,,"8",,,,,"9","211",,,,,,,,,,,,,"237","72","798","172","7","0",,"2","1FFF1F","1AAAA1AAA1AAAA","4",,,,,
"4602718","2021-09-15T22:00:00","28.64","-123.23",,,"1","4","2","5",,,"11",,,,,,,,,"10153",,,"8",,,,,"9","207",,,,,,,,,,,,,"237","83","798","172","7","0",,"2","1FFF1F","1AAAA1AAA1AAAA","4",,,,,
"5102629","2021-09-15T22:00:00","22.22","-127.28",,,"1","4","2","5",,,"11",,,,,,,,,,,,"8",,,,,"9","233",,,,,,,,,,,,,"237","27","798","172","7","0",,"2","1FFFFF","1AAAAAAAA1AAAA","4",,,,,
"5301550","2021-09-15T22:00:00","20.92","-128.61",,,"1","4","2","5",,,"11",,,,,,,,,,,,"8",,,,,"9","256",,,,,,,,,,,,,"237","8","798","172","7","0",,"2","1FFFFF","1AAAAAAAA1AAAA","4",,,,,
"KS1043","2021-09-15T22:00:00","28.80","-122.90",,,"1","4","0","0","3","1","1","0","300","4","31",,,,,"10152","7","13","0","191","1","158","142","3","209",,,,"A",,,,,,,"16","4","237","82","992","114","5","1","2","2","111111","11AAA111118A71",,,"3",,,"4"
"4602715","2021-09-15T23:00:00","27.70","-122.55",,,"1","4","2","5",,,"11",,,,,,,,,"10153",,,"8",,,,,"9","211",,,,,,,,,,,,,"237","72","798","172","7","0",,"2","1FFF1F","1AAAA1AAA1AAAA","4",,,,,
"4602718","2021-09-15T23:00:00","28.64","-123.22",,,"1","4","2","5",,,"11",,,,,,,,,"10153",,,"8",,,,,"9","208",,,,,,,,,,,,,"237","83","798","172","7","0",,"2","1FFF1F","1AAAA1AAA1AAAA","4",,,,,
"5102629","2021-09-15T23:00:00","22.22","-127.28",,,"1","4","2","5",,,"11",,,,,,,,,,,,"8",,,,,"9","233",,,,,,,,,,,,,"237","27","798","172","7","0",,"2","1FFFFF","1AAAAAAAA1AAAA","4",,,,,
"5301550","2021-09-15T23:00:00","20.93","-128.61",,,"1","4","2","5",,,"11",,,,,,,,,,,,"8",,,,,"9","256",,,,,,,,,,,,,"237","8","798","172","7","0",,"2","1FFFFF","1AAAAAAAA1AAAA","4",,,,,
"KS1043","2021-09-15T23:00:00","28.80","-122.90",,,"1","4","0","0","4","1","1","0","300","4","46",,,,,"10149","7","17","0","190","1","154","135","3","209",,,,"A",,,,,,,"11","4","237","82","992","114","5","1","2","2","111111","11AAA111118A71",,,"3",,,"4"
"4602710","2021-09-16T00:00:00","22.01","-121.00",,,"1","4","2","5",,,"11",,,,,,,,,,,,"8",,,,,"9","256",,,,,,,,,,,,,"237","21","798","172","7","0",,"2","1FFFFF","1AAAAAAAA1AAAA","4",,,,,
"4602715","2021-09-16T00:00:00","27.70","-122.55",,,"1","4","2","5",,,"11",,,,,,,,,"10152",,,"8",,,,,"9","210",,,,,,,,,,,,,"237","72","798","172","7","0",,"2","1FFF1F","1AAAA1AAA1AAAA","4",,,,,
"4602718","2021-09-16T00:00:00","28.64","-123.22",,,"1","4","2","5",,,"11",,,,,,,,,"10152",,,"8",,,,,"9","207",,,,,,,,,,,,,"237","83","798","172","7","0",,"2","1FFF1F","1AAAA1AAA1AAAA","4",,,,,
"5102629","2021-09-16T00:00:00","22.22","-127.28",,,"1","4","2","5",,,"11",,,,,,,,,,,,"8",,,,,"9","233",,,,,,,,,,,,,"237","27","798","172","7","0",,"2","1FFFFF","1AAAAAAAA1AAAA","4",,,,,
"5301550","2021-09-16T00:00:00","20.94","-128.61",,,"1","4","2","5",,,"11",,,,,,,,,,,,"8",,,,,"9","256",,,,,,,,,,,,,"237","8","798","172","7","0",,"2","1FFFFF","1AAAAAAAA1AAAA","4",,,,,
"KS1043","2021-09-16T00:00:00","28.80","-122.90",,,"1","4","0","0","4","1","1","0","300","4","51",,,,,"10149","7","13","0","192","1","162","147","3","209",,,,"A",,,,,,,"10","4","237","82","992","114","5","1","2","2","111111","11AAA111118A71",,,"3",,,"4"
"4602715","2021-09-16T01:00:00","27.69","-122.56",,,"1","4","2","5",,,"11",,,,,,,,,"10153",,,"8",,,,,"9","210",,,,,,,,,,,,,"237","72","798","172","7","0",,"2","1FFF1F","1AAAA1AAA1AAAA","4",,,,,
"4602718","2021-09-16T01:00:00","28.64","-123.22",,,"1","4","2","5",,,"11",,,,,,,,,"10151",,,"8",,,,,"9","207",,,,,,,,,,,,,"237","83","798","172","7","0",,"2","1FFF1F","1AAAA1AAA1AAAA","4",,,,,
"5102629","2021-09-16T01:00:00","22.22","-127.28",,,"1","4","2","5",,,"11",,,,,,,,,,,,"8",,,,,"9","233",,,,,,,,,,,,,"237","27","798","172","7","0",,"2","1FFFFF","1AAAAAAAA1AAAA","4",,,,,
"5301550","2021-09-16T01:00:00","20.94","-128.61",,,"1","4","2","5",,,"11",,,,,,,,,,,,"8",,,,,"9","256",,,,,,,,,,,,,"237","8","798","172","7","0",,"2","1FFFFF","1AAAAAAAA1AAAA","4",,,,,
"KS1043","2021-09-16T01:00:00","28.80","-122.80",,,"1","4","0","0","4","1","1","0","310","4","57",,,,,"10148","7","8","0","192","1","160","144","3","209",,,,"A",,,,,,,"16","4","237","82","992","114","5","1","2","2","111111","11AAA111118A71",,,"3",,,"4"
"4602715","2021-09-16T02:00:00","27.69","-122.56",,,"1","4","2","5",,,"11",,,,,,,,,"10152",,,"8",,,,,"9","210",,,,,,,,,,,,,"237","72","798","172","7","0",,"2","1FFF1F","1AAAA1AAA1AAAA","4",,,,,
"4602718","2021-09-16T02:00:00","28.64","-123.21",,,"1","4","2","5",,,"11",,,,,,,,,"10151",,,"8",,,,,"9","206",,,,,,,,,,,,,"237","83","798","172","7","0",,"2","1FFF1F","1AAAA1AAA1AAAA","4",,,,,
"5102629","2021-09-16T02:00:00","22.22","-127.28",,,"1","4","2","5",,,"11",,,,,,,,,,,,"8",,,,,"9","233",,,,,,,,,,,,,"237","27","798","172","7","0",,"2","1FFFFF","1AAAAAAAA1AAAA","4",,,,,
"5301550","2021-09-16T02:00:00","20.95","-128.61",,,"1","4","2","5",,,"11",,,,,,,,,,,,"8",,,,,"9","256",,,,,,,,,,,,,"237","8","798","172","7","0",,"2","1FFFFF","1AAAAAAAA1AAAA","4",,,,,
"KS1043","2021-09-16T02:00:00","28.80","-122.80",,,"1","4","0","0","4","1","1","0","320","4","51",,,,,"10147","4","0","0","192","1","161","145","3","209",,,,"A",,,,,,,"16","4","237","82","992","114","5","1","2","2","111111","11AAA111118A71",,,"3",,,"4"
"4602710","2021-09-16T03:00:00","22.01","-121.01",,,"1","4","2","5",,,"11",,,,,,,,,,,,"8",,,,,"9","255",,,,,,,,,,,,,"237","21","798","172","7","0",,"1","1FFFFF","1AAAAAAAA1AAAA","4",,,,,
"4602715","2021-09-16T03:00:00","27.69","-122.56",,,"1","4","2","5",,,"11",,,,,,,,,"10155",,,"8",,,,,"9","210",,,,,,,,,,,,,"237","72","798","172","7","0",,"1","1FFF1F","1AAAA1AAA1AAAA","4",,,,,
"4602718","2021-09-16T03:00:00","28.64","-123.21",,,"1","4","2","5",,,"11",,,,,,,,,"10152",,,"8",,,,,"9","206",,,,,,,,,,,,,"237","83","798","172","7","0",,"1","1FFF1F","1AAAA1AAA1AAAA","4",,,,,
"5102629","2021-09-16T03:00:00","22.22","-127.28",,,"1","4","2","5",,,"11",,,,,,,,,,,,"8",,,,,"9","233",,,,,,,,,,,,,"237","27","798","172","7","0",,"1","1FFFFF","1AAAAAAAA1AAAA","4",,,,,
"5301550","2021-09-16T03:00:00","20.95","-128.61",,,"1","4","2","5",,,"11",,,,,,,,,,,,"8",,,,,"9","256",,,,,,,,,,,,,"237","8","798","172","7","0",,"1","1FFFFF","1AAAAAAAA1AAAA","4",,,,,
"KS1043","2021-09-16T03:00:00","28.70","-122.80",,,"1","4","0","0","4","1","1","0","310","4","67",,,,,"10148","7","2","0","191","1","157","139","3","209",,,,"A",,,,,,,"16","4","237","82","992","114","5","1","2","1","111111","11AAA111118A71",,,"3",,,"4"
"4602715","2021-09-16T04:00:00","27.69","-122.56",,,"1","4","2","5",,,"11",,,,,,,,,"10158",,,"8",,,,,"9","209",,,,,,,,,,,,,"237","72","798","172","7","0",,"1","1FFF1F","1AAAA1AAA1AAAA","4",,,,,
"4602718","2021-09-16T04:00:00","28.64","-123.21",,,"1","4","2","5",,,"11",,,,,,,,,"10156",,,"8",,,,,"9","206",,,,,,,,,,,,,"237","83","798","172","7","0",,"1","1FFF1F","1AAAA1AAA1AAAA","4",,,,,
"5102629","2021-09-16T04:00:00","22.22","-127.28",,,"1","4","2","5",,,"11",,,,,,,,,,,,"8",,,,,"9","232",,,,,,,,,,,,,"237","27","798","172","7","0",,"1","1FFFFF","1AAAAAAAA1AAAA","4",,,,,
"5301550","2021-09-16T04:00:00","20.95","-128.61",,,"1","4","2","5",,,"11",,,,,,,,,,,,"8",,,,,"9","256",,,,,,,,,,,,,"237","8","798","172","7","0",,"1","1FFFFF","1AAAAAAAA1AAAA","4",,,,,
"KS1043","2021-09-16T04:00:00","28.70","-122.80",,,"1","4","0","0","3","1","1","0","300","4","51",,,,,"10151","5","0","0","193","1","162","147","3","209",,,,"A",,,,,,,"16","4","237","82","992","114","5","1","2","1","111111","11AAA111118A71",,,"3",,,"4"
"4602715","2021-09-16T05:00:00","27.68","-122.55",,,"1","4","2","5",,,"11",,,,,,,,,"10160",,,"8",,,,,"9","209",,,,,,,,,,,,,"237","72","798","172","7","0",,"1","1FFF1F","1AAAA1AAA1AAAA","4",,,,,
"4602718","2021-09-16T05:00:00","28.64","-123.21",,,"1","4","2","5",,,"11",,,,,,,,,"10156",,,"8",,,,,"9","206",,,,,,,,,,,,,"237","83","798","172","7","0",,"1","1FFF1F","1AAAA1AAA1AAAA","4",,,,,
"5102629","2021-09-16T05:00:00","22.22","-127.28",,,"1","4","2","5",,,"11",,,,,,,,,,,,"8",,,,,"9","232",,,,,,,,,,,,,"237","27","798","172","7","0",,"1","1FFFFF","1AAAAAAAA1AAAA","4",,,,,
"5301550","2021-09-16T05:00:00","20.95","-128.61",,,"1","4","2","5",,,"11",,,,,,,,,,,,"8",,,,,"9","256",,,,,,,,,,,,,"237","8","798","172","7","0",,"1","1FFFFF","1AAAAAAAA1AAAA","4",,,,,
"KS1043","2021-09-16T05:00:00","28.70","-122.80",,,"1","4","0","0","4","1","1","0","270","4","31",,,,,"10153","3","2","0","192","1","158","140","3","209",,,,"A",,,,,,,"16","4","237","82","992","114","5","1","2","1","111111","11AAA111118A71",,,"3",,,"4"
"3FLT5","2021-09-16T06:00:00","22.50","-120.80",,,"1","6","2","5","6","3","1",,"320","4","77","1","98","3","2","10146","7","2","8","240",,,"194","1","260","8","7","6","2","2","A",,,,"36","14","4","237","20","798","172","5","1","2","1","111111","1111111A111A11",,"5",,"2",,
"4602718","2021-09-16T06:00:00","28.64","-123.20",,,"1","4","2","5",,,"11",,,,,,,,,"10155",,,"8",,,,,"9","206",,,,,,,,,,,,,"237","83","798","172","7","0",,"1","1FFF1F","1AAAA1AAA1AAAA","4",,,,,
"5102629","2021-09-16T06:00:00","22.22","-127.28",,,"1","4","2","5",,,"11",,,,,,,,,,,,"8",,,,,"9","232",,,,,,,,,,,,,"237","27","798","172","7","0",,"1","1FFFFF","1AAAAAAAA1AAAA","4",,,,,
"5301550","2021-09-16T06:00:00","20.95","-128.62",,,"1","4","2","5",,,"11",,,,,,,,,,,,"8",,,,,"9","256",,,,,,,,,,,,,"237","8","798","172","7","0",,"1","1FFFFF","1AAAAAAAA1AAAA","4",,,,,
"9V6458","2021-09-16T06:00:00","29.30","-120.40",,,"1","6","2","5","3","4","1",,"200","4","41","1","98","2","2","10140",,,"8","170",,"150","135","7","220","7","4","7","0","1","7",,"5","2","33","5","2","237","90","798","172","5","1","2","1","111111","1111111111111A",,"5",,"2",,
"KS1043","2021-09-16T06:00:00","28.70","-122.80",,,"1","4","0","0","4","1","1","0","300","4","46",,,,,"10154","2","7","0","190","1","156","140","3","209",,,,"A",,,,,,,"16","4","237","82","992","114","5","1","2","1","111111","11AAA111118A71",,,"3",,,"4"
"4602715","2021-09-16T06:01:00","27.68","-122.56",,,"1","4","2","5",,,"11",,,,,,,,,"10160",,,"8",,,,,"9","209",,,,,,,,,,,,,"237","72","798","172","7","0",,"1","1FFF1F","1AAAA1AAA1AAAA","4",,,,,
"4602715","2021-09-16T07:00:00","27.67","-122.55",,,"1","4","2","5",,,"11",,,,,,,,,"10158",,,"8",,,,,"9","209",,,,,,,,,,,,,"237","72","798","172","7","0",,"1","1FFF1F","1AAAA1AAA1AAAA","4",,,,,
"4602718","2021-09-16T07:00:00","28.63","-123.20",,,"1","4","2","5",,,"11",,,,,,,,,"10154",,,"8",,,,,"9","206",,,,,,,,,,,,,"237","83","798","172","7","0",,"1","1FFF1F","1AAAA1AAA1AAAA","4",,,,,
"5102629","2021-09-16T07:00:00","22.22","-127.28",,,"1","4","2","5",,,"11",,,,,,,,,,,,"8",,,,,"9","232",,,,,,,,,,,,,"237","27","798","172","7","0",,"1","1FFFFF","1AAAAAAAA1AAAA","4",,,,,
"5301550","2021-09-16T07:00:00","20.95","-128.62",,,"1","4","2","5",,,"11",,,,,,,,,,,,"8",,,,,"9","255",,,,,,,,,,,,,"237","8","798","172","7","0",,"1","1FFFFF","1AAAAAAAA1AAAA","4",,,,,
"KS1043","2021-09-16T07:00:00","28.60","-122.80",,,"1","4","0","0","3","1","1","0","310","4","26",,,,,"10153","0","3","0","189","1","154","135","3","209",,,,"A",,,,,,,"16","4","237","82","992","114","5","1","2","1","111111","11AAA111118A71",,,"3",,,"4"
"4602715","2021-09-16T08:00:00","27.67","-122.55",,,"1","4","2","5",,,"11",,,,,,,,,"10157",,,"8",,,,,"9","209",,,,,,,,,,,,,"237","72","798","172","7","0",,"1","1FFF1F","1AAAA1AAA1AAAA","4",,,,,
"5102629","2021-09-16T08:00:00","22.22","-127.28",,,"1","4","2","5",,,"11",,,,,,,,,,,,"8",,,,,"9","232",,,,,,,,,,,,,"237","27","798","172","7","0",,"1","1FFFFF","1AAAAAAAA1AAAA","4",,,,,
"5301550","2021-09-16T08:00:00","20.95","-128.62",,,"1","4","2","5",,,"11",,,,,,,,,,,,"8",,,,,"9","255",,,,,,,,,,,,,"237","8","798","172","7","0",,"1","1FFFFF","1AAAAAAAA1AAAA","4",,,,,
"KS1043","2021-09-16T08:00:00","28.60","-122.80",,,"1","4","0","0","4","1","1","0","290","4","46",,,,,"10150","0","0","0","194","1","161","145","3","209",,,,"A",,,,,,,"16","4","237","82","992","114","5","1","2","1","111111","11AAA111118A71",,,"3",,,"4"
"4602718","2021-09-16T08:01:00","28.63","-123.20",,,"1","4","2","5",,,"11",,,,,,,,,"10153",,,"8",,,,,"9","206",,,,,,,,,,,,,"237","83","798","172","7","0",,"1","1FFF1F","1AAAA1AAA1AAAA","4",,,,,
"4602710","2021-09-16T09:00:00","22.00","-121.03",,,"1","4","2","5",,,"11",,,,,,,,,,,,"8",,,,,"9","254",,,,,,,,,,,,,"237","21","798","172","7","0",,"1","1FFFFF","1AAAAAAAA1AAAA","4",,,,,
"4602715","2021-09-16T09:00:00","27.66","-122.55",,,"1","4","2","5",,,"11",,,,,,,,,"10151",,,"8",,,,,"9","209",,,,,,,,,,,,,"237","72","798","172","7","0",,"1","1FFF1F","1AAAA1AAA1AAAA","4",,,,,
"4602718","2021-09-16T09:00:00","28.63","-123.19",,,"1","4","2","5",,,"11",,,,,,,,,"10147",,,"8",,,,,"9","206",,,,,,,,,,,,,"237","83","798","172","7","0",,"1","1FFF1F","1AAAA1AAA1AAAA","4",,,,,
"5102629","2021-09-16T09:00:00","22.22","-127.28",,,"1","4","2","5",,,"11",,,,,,,,,,,,"8",,,,,"9","232",,,,,,,,,,,,,"237","27","798","172","7","0",,"1","1FFFFF","1AAAAAAAA1AAAA","4",,,,,
"5301550","2021-09-16T09:00:00","20.95","-128.63",,,"1","4","2","5",,,"11",,,,,,,,,,,,"8",,,,,"9","255",,,,,,,,,,,,,"237","8","798","172","7","0",,"1","1FFFFF","1AAAAAAAA1AAAA","4",,,,,
"KS1043","2021-09-16T09:00:00","28.60","-122.80",,,"1","4","0","0","4","1","1","0","300","4","41",,,,,"10147","7","5","0","192","1","159","142","3","209",,,,"A",,,,,,,"11","4","237","82","992","114","5","1","2","1","111111","11AAA111118A71",,,"3",,,"4"
"4602715","2021-09-16T10:00:00","27.65","-122.55",,,"1","4","2","5",,,"11",,,,,,,,,"10147",,,"8",,,,,"9","209",,,,,,,,,,,,,"237","72","798","172","7","0",,"1","1FFF1F","1AAAA1AAA1AAAA","4",,,,,
"4602718","2021-09-16T10:00:00","28.62","-123.19",,,"1","4","2","5",,,"11",,,,,,,,,"10142",,,"8",,,,,"9","206",,,,,,,,,,,,,"237","83","798","172","7","0",,"1","1FFF1F","1AAAA1AAA1AAAA","4",,,,,
"5102629","2021-09-16T10:00:00","22.22","-127.28",,,"1","4","2","5",,,"11",,,,,,,,,,,,"8",,,,,"9","232",,,,,,,,,,,,,"237","27","798","172","7","0",,"1","1FFFFF","1AAAAAAAA1AAAA","4",,,,,
"5301550","2021-09-16T10:00:00","20.95","-128.63",,,"1","4","2","5",,,"11",,,,,,,,,,,,"8",,,,,"9","255",,,,,,,,,,,,,"237","8","798","172","7","0",,"1","1FFFFF","1AAAAAAAA1AAAA","4",,,,,
"KS1043","2021-09-16T10:00:00","28.60","-122.80",,,"1","4","0","0","3","1","1","0","290","4","51",,,,,"10142","7","7","0","196","1","166","152","3","208",,,,"A",,,,,,,"14","4","237","82","992","114","5","1","2","1","111111","11AAA111118A71",,,"3",,,"4"
"4602715","2021-09-16T11:00:00","27.64","-122.54",,,"1","4","2","5",,,"11",,,,,,,,,"10144",,,"8",,,,,"9","209",,,,,,,,,,,,,"237","72","798","172","7","0",,"1","1FFF1F","1AAAA1AAA1AAAA","4",,,,,
"4602718","2021-09-16T11:00:00","28.62","-123.18",,,"1","4","2","5",,,"11",,,,,,,,,"10138",,,"8",,,,,"9","206",,,,,,,,,,,,,"237","83","798","172","7","0",,"1","1FFF1F","1AAAA1AAA1AAAA","4",,,,,
"5102629","2021-09-16T11:00:00","22.22","-127.28",,,"1","4","2","5",,,"11",,,,,,,,,,,,"8",,,,,"9","232",,,,,,,,,,,,,"237","27","798","172","7","0",,"1","1FFFFF","1AAAAAAAA1AAAA","4",,,,,
"5301550","2021-09-16T11:00:00","20.96","-128.64",,,"1","4","2","5",,,"11",,,,,,,,,,,,"8",,,,,"9","255",,,,,,,,,,,,,"237","8","798","172","7","0",,"1","1FFFFF","1AAAAAAAA1AAAA","4",,,,,
"KS1043","2021-09-16T11:00:00","28.60","-122.70",,,"1","4","0","0","3","1","1","0","280","4","57",,,,,"10137","7","11","0","194","1","161","144","3","208",,,,"A",,,,,,,"16","4","237","82","992","114","5","1","2","1","111111","11AAA111118A71",,,"3",,,"4"
"3FLT5","2021-09-16T12:00:00","22.80","-122.50",,,"1","6","2","5","6","3","1",,"340","4","82","1","98","2","1","10145","1","2","8","230",,,"199","1","260","4","2","4","5","7","0",,"3","3","32","3","4","237","22","798","172","5","1","2","1","111111","1111111A111111",,"5",,"1",,
"4602710","2021-09-16T12:00:00","21.99","-121.02",,,"1","4","2","5",,,"11",,,,,,,,,,,,"8",,,,,"9","254",,,,,,,,,,,,,"237","11","798","172","7","0",,"1","1FFFFF","1AAAAAAAA1AAAA","4",,,,,
"4602715","2021-09-16T12:00:00","27.63","-122.55",,,"1","4","2","5",,,"11",,,,,,,,,"10141",,,"8",,,,,"9","209",,,,,,,,,,,,,"237","72","798","172","7","0",,"1","1FFF1F","1AAAA1AAA1AAAA","4",,,,,
"4602718","2021-09-16T12:00:00","28.62","-123.18",,,"1","4","2","5",,,"11",,,,,,,,,"10136",,,"8",,,,,"9","206",,,,,,,,,,,,,"237","83","798","172","7","0",,"1","1FFF1F","1AAAA1AAA1AAAA","4",,,,,
"5102629","2021-09-16T12:00:00","22.22","-127.28",,,"1","4","2","5",,,"11",,,,,,,,,,,,"8",,,,,"9","232",,,,,,,,,,,,,"237","27","798","172","7","0",,"1","1FFFFF","1AAAAAAAA1AAAA","4",,,,,
"5301550","2021-09-16T12:00:00","20.96","-128.65",,,"1","4","2","5",,,"11",,,,,,,,,,,,"8",,,,,"9","255",,,,,,,,,,,,,"237","8","798","172","7","0",,"1","1FFFFF","1AAAAAAAA1AAAA","4",,,,,
"KS1043","2021-09-16T12:00:00","28.50","-122.70",,,"1","4","0","0","4","1","1","0","290","4","51",,,,,"10134","7","14","0","196","1","167","153","3","208",,,,"A",,,,,,,"16","3","237","82","992","114","5","1","2","1","111111","11AAA111118A71",,,"3",,,"4"
"4602718","2021-09-16T13:00:00","28.62","-123.18",,,"1","4","2","5",,,"11",,,,,,,,,"10136",,,"8",,,,,"9","206",,,,,,,,,,,,,"237","83","798","172","7","0",,"1","1FFF1F","1AAAA1AAA1AAAA","4",,,,,
"5102629","2021-09-16T13:00:00","22.22","-127.28",,,"1","4","2","5",,,"11",,,,,,,,,,,,"8",,,,,"9","232",,,,,,,,,,,,,"237","27","798","172","7","0",,"1","1FFFFF","1AAAAAAAA1AAAA","4",,,,,
"5301550","2021-09-16T13:00:00","20.97","-128.66",,,"1","4","2","5",,,"11",,,,,,,,,,,,"8",,,,,"9","255",,,,,,,,,,,,,"237","8","798","172","7","0",,"1","1FFFFF","1AAAAAAAA1AAAA","4",,,,,
"KS1043","2021-09-16T13:00:00","28.50","-122.70",,,"1","4","0","0","4","1","1","0","270","4","41",,,,,"10135","7","11","0","195","1","160","142","3","207",,,,"A",,,,,,,"14","4","237","82","992","114","5","1","2","1","111111","11AAA111118A71",,,"3",,,"4"
"ZDJR9","2021-09-16T13:00:00","29.10","-123.10",,,"1","6","2","5","9",,"1",,"320","3","36","1","98",,,"10170",,,"8","190",,,,"3","220","8",,"A","A","A","A",,,"2",,,,"237","93","798","172","5","1","2","1","11111F","111AA11AA113AA",,"5",,,,
"4602715","2021-09-16T13:01:00","27.62","-122.55",,,"1","4","2","5",,,"11",,,,,,,,,"10142",,,"8",,,,,"9","209",,,,,,,,,,,,,"237","72","798","172","7","0",,"1","1FFF1F","1AAAA1AAA1AAAA","4",,,,,
"4602715","2021-09-16T14:00:00","27.61","-122.55",,,"1","4","2","5",,,"11",,,,,,,,,"10146",,,"8",,,,,"9","209",,,,,,,,,,,,,"237","72","798","172","7","0",,"1","1FFF1F","1AAAA1AAA1AAAA","4",,,,,
"4602718","2021-09-16T14:00:00","28.62","-123.18",,,"1","4","2","5",,,"11",,,,,,,,,"10138",,,"8",,,,,"9","206",,,,,,,,,,,,,"237","83","798","172","7","0",,"1","1FFF1F","1AAAA1AAA1AAAA","4",,,,,
"5102629","2021-09-16T14:00:00","22.22","-127.28",,,"1","4","2","5",,,"11",,,,,,,,,,,,"8",,,,,"9","232",,,,,,,,,,,,,"237","27","798","172","7","0",,"1","1FFFFF","1AAAAAAAA1AAAA","4",,,,,
"5301550","2021-09-16T14:00:00","20.98","-128.66",,,"1","4","2","5",,,"11",,,,,,,,,,,,"8",,,,,"9","255",,,,,,,,,,,,,"237","8","798","172","7","0",,"1","1FFFFF","1AAAAAAAA1AAAA","4",,,,,
"KS1043","2021-09-16T14:00:00","28.50","-122.70",,,"1","4","0","0","3","1","1","0","270","4","46",,,,,"10138","5","6","0","195","1","158","139","3","207",,,,"A",,,,,,,"14","4","237","82","992","114","5","1","2","1","111111","11AAA111118A71",,,"3",,,"4"
"4602710","2021-09-16T15:00:00","21.98","-121.01",,,"1","4","2","5",,,"11",,,,,,,,,,,,"8",,,,,"9","254",,,,,,,,,,,,,"237","11","798","172","7","0",,"2","1FFFFF","1AAAAAAAA1AAAA","4",,,,,
"4602715","2021-09-16T15:00:00","27.61","-122.56",,,"1","4","2","5",,,"11",,,,,,,,,"10151",,,"8",,,,,"9","209",,,,,,,,,,,,,"237","72","798","172","7","0",,"2","1FFF1F","1AAAA1AAA1AAAA","4",,,,,
"4602718","2021-09-16T15:00:00","28.62","-123.18",,,"1","4","2","5",,,"11",,,,,,,,,"10144",,,"8",,,,,"9","205",,,,,,,,,,,,,"237","83","798","172","7","0",,"2","1FFF1F","1AAAA1AAA1AAAA","4",,,,,
"5102629","2021-09-16T15:00:00","22.22","-127.28",,,"1","4","2","5",,,"11",,,,,,,,,,,,"8",,,,,"9","232",,,,,,,,,,,,,"237","27","798","172","7","0",,"2","1FFFFF","1AAAAAAAA1AAAA","4",,,,,
"5301550","2021-09-16T15:00:00","20.99","-128.67",,,"1","4","2","5",,,"11",,,,,,,,,,,,"8",,,,,"9","255",,,,,,,,,,,,,"237","8","798","172","7","0",,"2","1FFFFF","1AAAAAAAA1AAAA","4",,,,,
"KS1043","2021-09-16T15:00:00","28.50","-122.70",,,"1","4","0","0","3","1","1","0","290","4","36",,,,,"10141","3","3","0","194","1","158","139","3","207",,,,"A",,,,,,,"14","4","237","82","992","114","5","1","2","2","111111","11AAA111118A71",,,"3",,,"4"
"4602715","2021-09-16T16:00:00","27.60","-122.56",,,"1","4","2","5",,,"11",,,,,,,,,"10154",,,"8",,,,,"9","209",,,,,,,,,,,,,"237","72","798","172","7","0",,"2","1FFF1F","1AAAA1AAA1AAAA","4",,,,,
"4602718","2021-09-16T16:00:00","28.61","-123.18",,,"1","4","2","5",,,"11",,,,,,,,,"10147",,,"8",,,,,"9","206",,,,,,,,,,,,,"237","83","798","172","7","0",,"2","1FFF1F","1AAAA1AAA1AAAA","4",,,,,
"5102629","2021-09-16T16:00:00","22.22","-127.28",,,"1","4","2","5",,,"11",,,,,,,,,,,,"8",,,,,"9","232",,,,,,,,,,,,,"237","27","798","172","7","0",,"2","1FFFFF","1AAAAAAAA1AAAA","4",,,,,
"5301550","2021-09-16T16:00:00","20.99","-128.68",,,"1","4","2","5",,,"11",,,,,,,,,,,,"8",,,,,"9","255",,,,,,,,,,,,,"237","8","798","172","7","0",,"2","1FFFFF","1AAAAAAAA1AAAA","4",,,,,
"KS1043","2021-09-16T16:00:00","28.40","-122.70",,,"1","4","0","0","4","1","1","0","250","4","36",,,,,"10145","2","10","0","196","1","158","138","3","207",,,,"A",,,,,,,"16","3","237","82","992","114","5","1","2","2","111111","11AAA111118A71",,,"3",,,"4"
"4602715","2021-09-16T17:00:00","27.60","-122.57",,,"1","4","2","5",,,"11",,,,,,,,,"10155",,,"8",,,,,"9","209",,,,,,,,,,,,,"237","72","798","172","7","0",,"2","1FFF1F","1AAAA1AAA1AAAA","4",,,,,
"4602718","2021-09-16T17:00:00","28.61","-123.17",,,"1","4","2","5",,,"11",,,,,,,,,"10150",,,"8",,,,,"9","206",,,,,,,,,,,,,"237","83","798","172","7","0",,"2","1FFF1F","1AAAA1AAA1AAAA","4",,,,,
"5102629","2021-09-16T17:00:00","22.22","-127.28",,,"1","4","2","5",,,"11",,,,,,,,,,,,"8",,,,,"9","232",,,,,,,,,,,,,"237","27","798","172","7","0",,"2","1FFFFF","1AAAAAAAA1AAAA","4",,,,,
"5301550","2021-09-16T17:00:00","21.00","-128.68",,,"1","4","2","5",,,"11",,,,,,,,,,,,"8",,,,,"9","255",,,,,,,,,,,,,"237","18","798","172","7","0",,"2","1FFFFF","1AAAAAAAA1AAAA","4",,,,,
"KS1043","2021-09-16T17:00:00","28.40","-122.70",,,"1","4","0","0","3","1","1","0","270","4","36",,,,,"10148","2","11","0","198","1","159","138","3","207",,,,"A",,,,,,,"14","4","237","82","992","114","5","1","2","2","111111","11AAA111118A71",,,"3",,,"4"
"3FLT5","2021-09-16T18:00:00","23.10","-124.20",,,"1","6","2","5","6","3","1",,"320","4","77","1","98","2","2","10153","4","0","8","220",,,"172","1","250","8","7","6","2","2","A",,"3","1","36","12","3","237","34","798","172","5","1","2","2","113111","1111111A111111",,"5",,"2",,
"4602710","2021-09-16T18:00:00","21.97","-121.02",,,"1","4","2","5",,,"11",,,,,,,,,,,,"8",,,,,"9","254",,,,,,,,,,,,,"237","11","798","172","7","0",,"2","1FFFFF","1AAAAAAAA1AAAA","4",,,,,
"4602715","2021-09-16T18:00:00","27.59","-122.57",,,"1","4","2","5",,,"11",,,,,,,,,"10155",,,"8",,,,,"9","209",,,,,,,,,,,,,"237","72","798","172","7","0",,"2","1FFF1F","1AAAA1AAA1AAAA","4",,,,,
"4602718","2021-09-16T18:00:00","28.61","-123.17",,,"1","4","2","5",,,"11",,,,,,,,,"10150",,,"8",,,,,"9","206",,,,,,,,,,,,,"237","83","798","172","7","0",,"2","1FFF1F","1AAAA1AAA1AAAA","4",,,,,
"5102629","2021-09-16T18:00:00","22.22","-127.28",,,"1","4","2","5",,,"11",,,,,,,,,,,,"8",,,,,"9","232",,,,,,,,,,,,,"237","27","798","172","7","0",,"2","1FFFFF","1AAAAAAAA1AAAA","4",,,,,
"5301550","2021-09-16T18:00:00","21.01","-128.69",,,"1","4","2","5",,,"11",,,,,,,,,,,,"8",,,,,"9","255",,,,,,,,,,,,,"237","18","798","172","7","0",,"2","1FFFFF","1AAAAAAAA1AAAA","4",,,,,
"9V9793","2021-09-16T18:00:00","29.60","-123.60",,,"1","6","2","5","9","0","1",,"320","4","57",,,,"2","10208","2","10","8","190",,"170","156","1","180","8","8","7","2","7","A",,,,,,,"237","93","798","172","5","1","2","2","111111","11AA1111111AA1",,"5",,"2",,
"KS1043","2021-09-16T18:00:00","28.40","-122.70",,,"1","4","0","0","3","1","1","0","260","4","51",,,,,"10149","2","10","0","201","1","164","144","3","207",,,,"A",,,,,,,"14","4","237","82","992","114","5","1","2","2","111111","11AAA111118A71",,,"3",,,"4"
"4602715","2021-09-16T19:00:00","27.59","-122.58",,,"1","4","2","5",,,"11",,,,,,,,,"10152",,,"8",,,,,"9","209",,,,,,,,,,,,,"237","72","798","172","7","0",,"2","1FFF1F","1AAAA1AAA1AAAA","4",,,,,
"4602718","2021-09-16T19:00:00","28.61","-123.18",,,"1","4","2","5",,,"11",,,,,,,,,"10147",,,"8",,,,,"9","206",,,,,,,,,,,,,"237","83","798","172","7","0",,"2","1FFF1F","1AAAA1AAA1AAAA","4",,,,,
"5102629","2021-09-16T19:00:00","22.22","-127.28",,,"1","4","2","5",,,"11",,,,,,,,,,,,"8",,,,,"9","232",,,,,,,,,,,,,"237","27","798","172","7","0",,"2","1FFFFF","1AAAAAAAA1AAAA","4",,,,,
"5301550","2021-09-16T19:00:00","21.02","-128.69",,,"1","4","2","5",,,"11",,,,,,,,,,,,"8",,,,,"9","255",,,,,,,,,,,,,"237","18","798","172","7","0",,"2","1FFFFF","1AAAAAAAA1AAAA","4",,,,,
"KS1043","2021-09-16T19:00:00","28.40","-122.60",,,"1","4","0","0","4","1","1","0","250","4","31",,,,,"10147","2","5","0","203","1","165","146","3","208",,,,"A",,,,,,,"14","4","237","82","992","114","5","1","2","2","111111","11AAA111118A71",,,"3",,,"4"
"ZDJR9","2021-09-16T19:00:00","28.20","-121.60",,,"1","4","0","0",,,"1","0","320","3","41",,"98",,,"10180",,,"0","200",,,,"3","210","8",,,"A",,,,,"2","32",,"2","237","81","992","114","5","1","2","2","11111F","111AA11AA1133A",,,"3",,,"4"
"4602715","2021-09-16T20:00:00","27.59","-122.58",,,"1","4","2","5",,,"11",,,,,,,,,"10146",,,"8",,,,,"9","210",,,,,,,,,,,,,"237","72","798","172","7","0",,"2","1FFF1F","1AAAA1AAA1AAAA","4",,,,,
"4602718","2021-09-16T20:00:00","28.61","-123.18",,,"1","4","2","5",,,"11",,,,,,,,,"10143",,,"8",,,,,"9","206",,,,,,,,,,,,,"237","83","798","172","7","0",,"2","1FFF1F","1AAAA1AAA1AAAA","4",,,,,
"5102629","2021-09-16T20:00:00","22.22","-127.28",,,"1","4","2","5",,,"11",,,,,,,,,,,,"8",,,,,"9","232",,,,,,,,,,,,,"237","27","798","172","7","0",,"2","1FFFFF","1AAAAAAAA1AAAA","4",,,,,
"5301550","2021-09-16T20:00:00","21.02","-128.69",,,"1","4","2","5",,,"11",,,,,,,,,,,,"8",,,,,"9","255",,,,,,,,,,,,,"237","18","798","172","7","0",,"2","1FFFFF","1AAAAAAAA1AAAA","4",,,,,
"KS1043","2021-09-16T20:00:00","28.30","-122.60",,,"1","4","0","0","3","1","1","0","260","4","36",,,,,"10142","8","1","0","203","1","168","151","3","208",,,,"A",,,,,,,"14","3","237","82","992","114","5","1","2","2","111111","11AAA111118A71",,,"3",,,"4"
"4602710","2021-09-16T21:00:00","21.96","-121.02",,,"1","4","2","5",,,"11",,,,,,,,,,,,"8",,,,,"9","256",,,,,,,,,,,,,"237","11","798","172","7","0",,"2","1FFFFF","1AAAAAAAA1AAAA","4",,,,,
"4602715","2021-09-16T21:00:00","27.59","-122.58",,,"1","4","2","5",,,"11",,,,,,,,,"10142",,,"8",,,,,"9","211",,,,,,,,,,,,,"237","72","798","172","7","0",,"2","1FFF1F","1AAAA1AAA1AAAA","4",,,,,
"4602718","2021-09-16T21:00:00","28.61","-123.18",,,"1","4","2","5",,,"11",,,,,,,,,"10140",,,"8",,,,,"9","206",,,,,,,,,,,,,"237","83","798","172","7","0",,"2","1FFF1F","1AAAA1AAA1AAAA","4",,,,,
"5102629","2021-09-16T21:00:00","22.22","-127.28",,,"1","4","2","5",,,"11",,,,,,,,,,,,"8",,,,,"9","232",,,,,,,,,,,,,"237","27","798","172","7","0",,"2","1FFFFF","1AAAAAAAA1AAAA","4",,,,,
"5301550","2021-09-16T21:00:00","21.03","-128.69",,,"1","4","2","5",,,"11",,,,,,,,,,,,"8",,,,,"9","255",,,,,,,,,,,,,"237","18","798","172","7","0",,"2","1FFFFF","1AAAAAAAA1AAAA","4",,,,,
"KS1043","2021-09-16T21:00:00","28.30","-122.60",,,"1","4","0","0","3","1","1","0","260","4","36",,,,,"10138","8","8","0","203","1","169","152","3","208",,,,"A",,,,,,,"14","4","237","82","992","114","5","1","2","2","111111","11AAA111118A71",,,"3",,,"4"
"4602715","2021-09-16T22:00:00","27.58","-122.58",,,"1","4","2","5",,,"11",,,,,,,,,"10137",,,"8",,,,,"9","212",,,,,,,,,,,,,"237","72","798","172","7","0",,"2","1FFF1F","1AAAA1AAA1AAAA","4",,,,,
"4602718","2021-09-16T22:00:00","28.61","-123.18",,,"1","4","2","5",,,"11",,,,,,,,,"10135",,,"8",,,,,"9","206",,,,,,,,,,,,,"237","83","798","172","7","0",,"2","1FFF1F","1AAAA1AAA1AAAA","4",,,,,
"5102629","2021-09-16T22:00:00","22.22","-127.28",,,"1","4","2","5",,,"11",,,,,,,,,,,,"8",,,,,"9","232",,,,,,,,,,,,,"237","27","798","172","7","0",,"2","1FFFFF","1AAAAAAAA1AAAA","4",,,,,
"5301550","2021-09-16T22:00:00","21.03","-128.70",,,"1","4","2","5",,,"11",,,,,,,,,,,,"8",,,,,"9","255",,,,,,,,,,,,,"237","18","798","172","7","0",,"2","1FFFFF","1AAAAAAAA1AAAA","4",,,,,
"KS1043","2021-09-16T22:00:00","28.30","-122.60",,,"1","4","0","0","3","1","1","0","270","4","36",,,,,"10133","7","13","0","205","1","173","159","3","209",,,,"A",,,,,,,"14","3","237","82","992","114","5","1","2","2","111111","11AAA111118A71",,,"3",,,"4"
"4602715","2021-09-16T23:00:00","27.58","-122.58",,,"1","4","2","5",,,"11",,,,,,,,,"10134",,,"8",,,,,"9","212",,,,,,,,,,,,,"237","72","798","172","7","0",,"2","1FFF1F","1AAAA1AAA1AAAA","4",,,,,
"4602718","2021-09-16T23:00:00","28.61","-123.17",,,"1","4","2","5",,,"11",,,,,,,,,"10131",,,"8",,,,,"9","206",,,,,,,,,,,,,"237","83","798","172","7","0",,"2","1FFF1F","1AAAA1AAA1AAAA","4",,,,,
"5102629","2021-09-16T23:00:00","22.22","-127.28",,,"1","4","2","5",,,"11",,,,,,,,,,,,"8",,,,,"9","232",,,,,,,,,,,,,"237","27","798","172","7","0",,"2","1FFFFF","1AAAAAAAA1AAAA","4",,,,,
"5301550","2021-09-16T23:00:00","21.04","-128.70",,,"1","4","2","5",,,"11",,,,,,,,,,,,"8",,,,,"9","255",,,,,,,,,,,,,"237","18","798","172","7","0",,"2","1FFFFF","1AAAAAAAA1AAAA","4",,,,,
"KS1043","2021-09-16T23:00:00","28.30","-122.60",,,"1","4","0","0","3","1","1","0","270","4","41",,,,,"10130","7","13","0","205","1","171","154","3","209",,,,"A",,,,,,,"10","3","237","82","992","114","5","1","2","2","111111","11AAA111118A71",,,"3",,,"4"
"3FLT5","2021-09-17T00:00:00","23.40","-125.80",,,"1","6","2","5","6","3","1",,"320","4","82","1","98","3","2","10140","5","5","8","220",,,"153","1","240","7","6","7","3","7","A",,"3","2","33","3","3","237","35","798","172","5","1","2","2","113111","1111111A111111",,"5",,"2",,
"4602710","2021-09-17T00:00:00","21.95","-121.02",,,"1","4","2","5",,,"11",,,,,,,,,,,,"8",,,,,"9","256",,,,,,,,,,,,,"237","11","798","172","7","0",,"2","1FFFFF","1AAAAAAAA1AAAA","4",,,,,
"4602718","2021-09-17T00:00:00","28.62","-123.17",,,"1","4","2","5",,,"11",,,,,,,,,"10130",,,"8",,,,,"9","206",,,,,,,,,,,,,"237","83","798","172","7","0",,"2","1FFF1F","1AAAA1AAA1AAAA","4",,,,,
"5102629","2021-09-17T00:00:00","22.22","-127.28",,,"1","4","2","5",,,"11",,,,,,,,,,,,"8",,,,,"9","232",,,,,,,,,,,,,"237","27","798","172","7","0",,"2","1FFFFF","1AAAAAAAA1AAAA","4",,,,,
"5301550","2021-09-17T00:00:00","21.05","-128.70",,,"1","4","2","5",,,"11",,,,,,,,,,,,"8",,,,,"9","255",,,,,,,,,,,,,"237","18","798","172","7","0",,"2","1FFFFF","1AAAAAAAA1AAAA","4",,,,,
"KS1043","2021-09-17T00:00:00","28.20","-122.60",,,"1","4","0","0","4","1","1","0","330","4","57",,,,,"10128","7","11","0","199","1","175","164","3","209",,,,"A",,,,,,,"16","3","237","82","992","114","5","1","2","2","111111","11AAA111118A71",,,"3",,,"4"
"4602715","2021-09-17T00:04:00","27.58","-122.58",,,"1","4","2","5",,,"11",,,,,,,,,"10134",,,"8",,,,,"9","211",,,,,,,,,,,,,"237","72","798","172","7","0",,"2","1FFF1F","1AAAA1AAA1AAAA","4",,,,,
"4602715","2021-09-17T01:00:00","27.58","-122.58",,,"1","4","2","5",,,"11",,,,,,,,,"10133",,,"8",,,,,"9","211",,,,,,,,,,,,,"237","72","798","172","7","0",,"2","1FFF1F","1AAAA1AAA1AAAA","4",,,,,
"4602718","2021-09-17T01:00:00","28.62","-123.16",,,"1","4","2","5",,,"11",,,,,,,,,"10132",,,"8",,,,,"9","206",,,,,,,,,,,,,"237","83","798","172","7","0",,"2","1FFF1F","1AAAA1AAA1AAAA","4",,,,,
"5102629","2021-09-17T01:00:00","22.22","-127.28",,,"1","4","2","5",,,"11",,,,,,,,,,,,"8",,,,,"9","232",,,,,,,,,,,,,"237","27","798","172","7","0",,"2","1FFFFF","1AAAAAAAA1AAAA","4",,,,,
"5301550","2021-09-17T01:00:00","21.05","-128.70",,,"1","4","2","5",,,"11",,,,,,,,,,,,"8",,,,,"9","255",,,,,,,,,,,,,"237","18","798","172","7","0",,"2","1FFFFF","1AAAAAAAA1AAAA","4",,,,,
"KS1043","2021-09-17T01:00:00","28.20","-122.60",,,"1","4","0","0","4","1","1","0","330","4","41",,,,,"10128","7","8","0","199","1","172","160","3","208",,,,"A",,,,,,,"14","3","237","82","992","114","5","1","2","2","111111","11AAA111118A71",,,"3",,,"4"
"4602715","2021-09-17T02:00:00","27.57","-122.58",,,"1","4","2","5",,,"11",,,,,,,,,"10134",,,"8",,,,,"9","210",,,,,,,,,,,,,"237","72","798","172","7","0",,"2","1FFF1F","1AAAA1AAA1AAAA","4",,,,,
"4602718","2021-09-17T02:00:00","28.62","-123.16",,,"1","4","2","5",,,"11",,,,,,,,,"10134",,,"8",,,,,"9","206",,,,,,,,,,,,,"237","83","798","172","7","0",,"2","1FFF1F","1AAAA1AAA1AAAA","4",,,,,
"5102629","2021-09-17T02:00:00","22.22","-127.28",,,"1","4","2","5",,,"11",,,,,,,,,,,,"8",,,,,"9","232",,,,,,,,,,,,,"237","27","798","172","7","0",,"2","1FFFFF","1AAAAAAAA1AAAA","4",,,,,
"5301550","2021-09-17T02:00:00","21.06","-128.70",,,"1","4","2","5",,,"11",,,,,,,,,,,,"8",,,,,"9","254",,,,,,,,,,,,,"237","18","798","172","7","0",,"2","1FFFFF","1AAAAAAAA1AAAA","4",,,,,
"KS1043","2021-09-17T02:00:00","28.20","-122.60",,,"1","4","0","0","4","1","1","0","330","4","26",,,,,"10129","5","3","0","199","1","169","155","3","208",,,,"A",,,,,,,"14","3","237","82","992","114","5","1","2","2","111111","11AAA111118A71",,,"3",,,"4"
"4602710","2021-09-17T03:00:00","21.94","-121.03",,,"1","4","2","5",,,"11",,,,,,,,,,,,"8",,,,,"9","255",,,,,,,,,,,,,"237","11","798","172","7","0",,"1","1FFFFF","1AAAAAAAA1AAAA","4",,,,,
"4602715","2021-09-17T03:00:00","27.57","-122.58",,,"1","4","2","5",,,"11",,,,,,,,,"10137",,,"8",,,,,"9","210",,,,,,,,,,,,,"237","72","798","172","7","0",,"1","1FFF1F","1AAAA1AAA1AAAA","4",,,,,
"4602718","2021-09-17T03:00:00","28.62","-123.16",,,"1","4","2","5",,,"11",,,,,,,,,"10136",,,"8",,,,,"9","206",,,,,,,,,,,,,"237","83","798","172","7","0",,"1","1FFF1F","1AAAA1AAA1AAAA","4",,,,,
"5102629","2021-09-17T03:00:00","22.22","-127.28",,,"1","4","2","5",,,"11",,,,,,,,,,,,"8",,,,,"9","232",,,,,,,,,,,,,"237","27","798","172","7","0",,"1","1FFFFF","1AAAAAAAA1AAAA","4",,,,,
"5301550","2021-09-17T03:00:00","21.07","-128.70",,,"1","4","2","5",,,"11",,,,,,,,,,,,"8",,,,,"9","254",,,,,,,,,,,,,"237","18","798","172","7","0",,"1","1FFFFF","1AAAAAAAA1AAAA","4",,,,,
"KS1043","2021-09-17T03:00:00","28.20","-122.60",,,"1","4","0","0","4","1","1","0","320","4","41",,,,,"10131","3","1","0","202","1","169","153","3","208",,,,"A",,,,,,,"14","3","237","82","992","114","5","1","2","1","111111","11AAA111118A71",,,"3",,,"4"
"4602715","2021-09-17T04:00:00","27.56","-122.58",,,"1","4","2","5",,,"11",,,,,,,,,"10141",,,"8",,,,,"9","210",,,,,,,,,,,,,"237","72","798","172","7","0",,"1","1FFF1F","1AAAA1AAA1AAAA","4",,,,,
"4602718","2021-09-17T04:00:00","28.62","-123.16",,,"1","4","2","5",,,"11",,,,,,,,,"10140",,,"8",,,,,"9","206",,,,,,,,,,,,,"237","83","798","172","7","0",,"1","1FFF1F","1AAAA1AAA1AAAA","4",,,,,
"5102629","2021-09-17T04:00:00","22.22","-127.28",,,"1","4","2","5",,,"11",,,,,,,,,,,,"8",,,,,"9","232",,,,,,,,,,,,,"237","27","798","172","7","0",,"1","1FFFFF","1AAAAAAAA1AAAA","4",,,,,
"5301550","2021-09-17T04:00:00","21.07","-128.70",,,"1","4","2","5",,,"11",,,,,,,,,,,,"8",,,,,"9","254",,,,,,,,,,,,,"237","18","798","172","7","0",,"1","1FFFFF","1AAAAAAAA1AAAA","4",,,,,
"KS1043","2021-09-17T04:00:00","28.20","-122.60",,,"1","4","0","0","3","1","1","0","290","4","21",,,,,"10135","2","4","0","201","1","162","141","3","208",,,,"A",,,,,,,"14","3","237","82","992","114","5","1","2","1","111111","11AAA111118A71",,,"3",,,"4"
"4602715","2021-09-17T05:00:00","27.56","-122.58",,,"1","4","2","5",,,"11",,,,,,,,,"10144",,,"8",,,,,"9","210",,,,,,,,,,,,,"237","72","798","172","7","0",,"1","1FFF1F","1AAAA1AAA1AAAA","4",,,,,
"4602718","2021-09-17T05:00:00","28.61","-123.16",,,"1","4","2","5",,,"11",,,,,,,,,"10145",,,"8",,,,,"9","206",,,,,,,,,,,,,"237","83","798","172","7","0",,"1","1FFF1F","1AAAA1AAA1AAAA","4",,,,,
"5102629","2021-09-17T05:00:00","22.22","-127.28",,,"1","4","2","5",,,"11",,,,,,,,,,,,"8",,,,,"9","232",,,,,,,,,,,,,"237","27","798","172","7","0",,"1","1FFFFF","1AAAAAAAA1AAAA","4",,,,,
"5301550","2021-09-17T05:00:00","21.08","-128.70",,,"1","4","2","5",,,"11",,,,,,,,,,,,"8",,,,,"9","254",,,,,,,,,,,,,"237","18","798","172","7","0",,"1","1FFFFF","1AAAAAAAA1AAAA","4",,,,,
"KS1043","2021-09-17T05:00:00","28.10","-122.60",,,"1","4","0","0","1","1","1","0","280","4","10",,,,,"10140","2","9","0","200","1","161","140","3","207",,,,"A",,,,,,,"16","3","237","82","992","114","5","1","2","1","111111","11AAA111118A71",,,"3",,,"4"
"3FLT5","2021-09-17T06:00:00","23.70","-127.50",,,"1","6","2","5","6","3","1",,"320","4","82","1","98","3","2","10158","6","5","8","220",,,"153","1","240","8","7","6","2","2","A",,"4","1","36","9","3","237","37","798","172","5","1","2","1","113111","1111111A111111",,"5",,"2",,
"4602710","2021-09-17T06:00:00","21.93","-121.04",,,"1","4","2","5",,,"11",,,,,,,,,,,,"8",,,,,"9","254",,,,,,,,,,,,,"237","11","798","172","7","0",,"1","1FFFFF","1AAAAAAAA1AAAA","4",,,,,
"4602715","2021-09-17T06:00:00","27.55","-122.58",,,"1","4","2","5",,,"11",,,,,,,,,"10147",,,"8",,,,,"9","210",,,,,,,,,,,,,"237","72","798","172","7","0",,"1","1FFF1F","1AAAA1AAA1AAAA","4",,,,,
"4602718","2021-09-17T06:00:00","28.61","-123.15",,,"1","4","2","5",,,"11",,,,,,,,,"10146",,,"8",,,,,"9","206",,,,,,,,,,,,,"237","83","798","172","7","0",,"1","1FFF1F","1AAAA1AAA1AAAA","4",,,,,
"5102629","2021-09-17T06:00:00","22.22","-127.28",,,"1","4","2","5",,,"11",,,,,,,,,,,,"8",,,,,"9","232",,,,,,,,,,,,,"237","27","798","172","7","0",,"1","1FFFFF","1AAAAAAAA1AAAA","4",,,,,
"5301550","2021-09-17T06:00:00","21.08","-128.70",,,"1","4","2","5",,,"11",,,,,,,,,,,,"8",,,,,"9","254",,,,,,,,,,,,,"237","18","798","172","7","0",,"1","1FFFFF","1AAAAAAAA1AAAA","4",,,,,
"KS1043","2021-09-17T06:00:00","28.10","-122.60",,,"1","4","0","0","4","1","1","0","350","4","31",,,,,"10142","2","10","0","199","1","161","141","3","207",,,,"A",,,,,,,"9","3","237","82","992","114","5","1","2","1","111111","11AAA111118A71",,,"3",,,"4"
"4602715","2021-09-17T07:00:00","27.55","-122.58",,,"1","4","2","5",,,"11",,,,,,,,,"10147",,,"8",,,,,"9","210",,,,,,,,,,,,,"237","72","798","172","7","0",,"1","1FFF1F","1AAAA1AAA1AAAA","4",,,,,
"4602718","2021-09-17T07:00:00","28.61","-123.15",,,"1","4","2","5",,,"11",,,,,,,,,"10147",,,"8",,,,,"9","205",,,,,,,,,,,,,"237","83","798","172","7","0",,"1","1FFF1F","1AAAA1AAA1AAAA","4",,,,,
"5102629","2021-09-17T07:00:00","22.18","-127.27",,,"1","4","2","5",,,"11",,,,,,,,,,,,"8",,,,,"9","232",,,,,,,,,,,,,"237","27","798","172","7","0",,"1","1FFFFF","1AAAAAAAA1AAAA","4",,,,,
"5301550","2021-09-17T07:00:00","21.08","-128.70",,,"1","4","2","5",,,"11",,,,,,,,,,,,"8",,,,,"9","254",,,,,,,,,,,,,"237","18","798","172","7","0",,"1","1FFFFF","1AAAAAAAA1AAAA","4",,,,,
"KS1043","2021-09-17T07:00:00","28.10","-122.60",,,"1","4","0","0","3","1","1","0","280","4","41",,,,,"10142","2","10","0","198","1","165","148","3","207",,,,"A",,,,,,,"9","3","237","82","992","114","5","1","2","1","111111","11AAA111118A71",,,"3",,,"4"
"4602715","2021-09-17T08:00:00","27.54","-122.58",,,"1","4","2","5",,,"11",,,,,,,,,"10148",,,"8",,,,,"9","209",,,,,,,,,,,,,"237","72","798","172","7","0",,"1","1FFF1F","1AAAA1AAA1AAAA","4",,,,,
"4602718","2021-09-17T08:00:00","28.61","-123.15",,,"1","4","2","5",,,"11",,,,,,,,,"10150",,,"8",,,,,"9","206",,,,,,,,,,,,,"237","83","798","172","7","0",,"1","1FFF1F","1AAAA1AAA1AAAA","4",,,,,
"5102629","2021-09-17T08:00:00","22.18","-127.27",,,"1","4","2","5",,,"11",,,,,,,,,,,,"8",,,,,"9","232",,,,,,,,,,,,,"237","27","798","172","7","0",,"1","1FFFFF","1AAAAAAAA1AAAA","4",,,,,
"5301550","2021-09-17T08:00:00","21.08","-128.70",,,"1","4","2","5",,,"11",,,,,,,,,,,,"8",,,,,"9","254",,,,,,,,,,,,,"237","18","798","172","7","0",,"1","1FFFFF","1AAAAAAAA1AAAA","4",,,,,
"KS1043","2021-09-17T08:00:00","28.10","-122.60",,,"1","4","0","0","4","1","1","0","310","4","26",,,,,"10142","2","4","0","195","1","157","137","3","207",,,,"A",,,,,,,"14","3","237","82","992","114","5","1","2","1","111111","11AAA111118A71",,,"3",,,"4"
"4602710","2021-09-17T09:00:00","21.93","-121.05",,,"1","4","2","5",,,"11",,,,,,,,,,,,"8",,,,,"9","254",,,,,,,,,,,,,"237","11","798","172","7","0",,"1","1FFFFF","1AAAAAAAA1AAAA","4",,,,,
"4602715","2021-09-17T09:00:00","27.54","-122.58",,,"1","4","2","5",,,"11",,,,,,,,,"10149",,,"8",,,,,"9","209",,,,,,,,,,,,,"237","72","798","172","7","0",,"1","1FFF1F","1AAAA1AAA1AAAA","4",,,,,
"4602718","2021-09-17T09:00:00","28.60","-123.15",,,"1","4","2","5",,,"11",,,,,,,,,"10149",,,"8",,,,,"9","206",,,,,,,,,,,,,"237","83","798","172","7","0",,"1","1FFF1F","1AAAA1AAA1AAAA","4",,,,,
"5102629","2021-09-17T09:00:00","22.17","-127.27",,,"1","4","2","5",,,"11",,,,,,,,,,,,"8",,,,,"9","232",,,,,,,,,,,,,"237","27","798","172","7","0",,"1","1FFFFF","1AAAAAAAA1AAAA","4",,,,,
"5301550","2021-09-17T09:00:00","21.09","-128.71",,,"1","4","2","5",,,"11",,,,,,,,,,,,"8",,,,,"9","254",,,,,,,,,,,,,"237","18","798","172","7","0",,"1","1FFFFF","1AAAAAAAA1AAAA","4",,,,,
"KS1043","2021-09-17T09:00:00","28.10","-122.50",,,"1","4","0","0","4","1","1","0","300","4","51",,,,,"10145","2","4","0","193","1","155","136","3","207",,,,"A",,,,,,,"14","3","237","82","992","114","5","1","2","1","111111","11AAA111118A71",,,"3",,,"4"
"4602715","2021-09-17T10:00:00","27.53","-122.58",,,"1","4","2","5",,,"11",,,,,,,,,"10147",,,"8",,,,,"9","209",,,,,,,,,,,,,"237","72","798","172","7","0",,"1","1FFF1F","1AAAA1AAA1AAAA","4",,,,,
"4602718","2021-09-17T10:00:00","28.60","-123.14",,,"1","4","2","5",,,"11",,,,,,,,,"10145",,,"8",,,,,"9","205",,,,,,,,,,,,,"237","83","798","172","7","0",,"1","1FFF1F","1AAAA1AAA1AAAA","4",,,,,
"5102629","2021-09-17T10:00:00","22.16","-127.27",,,"1","4","2","5",,,"11",,,,,,,,,,,,"8",,,,,"9","232",,,,,,,,,,,,,"237","27","798","172","7","0",,"1","1FFFFF","1AAAAAAAA1AAAA","4",,,,,
"KS1043","2021-09-17T10:00:00","28.00","-122.50",,,"1","4","0","0","4","1","1","0","330","4","31",,,,,"10144","2","3","0","193","1","161","145","3","207",,,,"A",,,,,,,"16","3","237","82","992","114","5","1","2","1","111111","11AAA111118A71",,,"3",,,"4"
"4602715","2021-09-17T11:00:00","27.52","-122.57",,,"1","4","2","5",,,"11",,,,,,,,,"10147",,,"8",,,,,"9","209",,,,,,,,,,,,,"237","72","798","172","7","0",,"1","1FFF1F","1AAAA1AAA1AAAA","4",,,,,
"4602718","2021-09-17T11:00:00","28.60","-123.14",,,"1","4","2","5",,,"11",,,,,,,,,"10147",,,"8",,,,,"9","205",,,,,,,,,,,,,"237","83","798","172","7","0",,"1","1FFF1F","1AAAA1AAA1AAAA","4",,,,,
"5102629","2021-09-17T11:00:00","22.16","-127.27",,,"1","4","2","5",,,"11",,,,,,,,,,,,"8",,,,,"9","232",,,,,,,,,,,,,"237","27","798","172","7","0",,"1","1FFFFF","1AAAAAAAA1AAAA","4",,,,,
"KS1043","2021-09-17T11:00:00","28.00","-122.50",,,"1","4","0","0","4","1","1","0","330","4","36",,,,,"10141","0","1","0","190","1","154","135","3","207",,,,"A",,,,,,,"14","3","237","82","992","114","5","1","2","1","111111","11AAA111118A71",,,"3",,,"4"
"3FLT5","2021-09-17T12:00:00","24.00","-129.20",,,"1","6","2","5","6","3","1",,"340","4","103","1","98","3","1","10155","6","10","8","200",,,"184","1","230","4","2","4","5","7","0",,"3","4","36","3","4","237","49","798","172","5","1","2","1","111111","1111111A111111",,"5",,"1",,
"4602710","2021-09-17T12:00:00","21.93","-121.07",,,"1","4","2","5",,,"11",,,,,,,,,,,,"8",,,,,"9","253",,,,,,,,,,,,,"237","11","798","172","7","0",,"1","1FFFFF","1AAAAAAAA1AAAA","4",,,,,
"4602718","2021-09-17T12:00:00","28.60","-123.14",,,"1","4","2","5",,,"11",,,,,,,,,"10149",,,"8",,,,,"9","206",,,,,,,,,,,,,"237","83","798","172","7","0",,"1","1FFF1F","1AAAA1AAA1AAAA","4",,,,,
"5102629","2021-09-17T12:00:00","22.16","-127.27",,,"1","4","2","5",,,"11",,,,,,,,,,,,"8",,,,,"9","232",,,,,,,,,,,,,"237","27","798","172","7","0",,"1","1FFFFF","1AAAAAAAA1AAAA","4",,,,,
"5301550","2021-09-17T12:00:00","21.10","-128.72",,,"1","4","2","5",,,"11",,,,,,,,,,,,"8",,,,,"9","254",,,,,,,,,,,,,"237","18","798","172","7","0",,"1","1FFFFF","1AAAAAAAA1AAAA","4",,,,,
"KS1043","2021-09-17T12:00:00","28.00","-122.50",,,"1","4","0","0","4","1","1","0","340","4","31",,,,,"10143","8","2","0","189","1","152","132","3","207",,,,"A",,,,,,,"13","3","237","82","992","114","5","1","2","1","111111","11AAA111118A71",,,"3",,,"4"
"4602715","2021-09-17T12:01:00","27.51","-122.57",,,"1","4","2","5",,,"11",,,,,,,,,"10147",,,"8",,,,,"9","209",,,,,,,,,,,,,"237","72","798","172","7","0",,"1","1FFF1F","1AAAA1AAA1AAAA","4",,,,,
"4602715","2021-09-17T13:00:00","27.51","-122.57",,,"1","4","2","5",,,"11",,,,,,,,,"10154",,,"8",,,,,"9","209",,,,,,,,,,,,,"237","72","798","172","7","0",,"1","1FFF1F","1AAAA1AAA1AAAA","4",,,,,
"5102629","2021-09-17T13:00:00","22.15","-127.27",,,"1","4","2","5",,,"11",,,,,,,,,,,,"8",,,,,"9","232",,,,,,,,,,,,,"237","27","798","172","7","0",,"1","1FFFFF","1AAAAAAAA1AAAA","4",,,,,
"5301550","2021-09-17T13:00:00","21.10","-128.72",,,"1","4","2","5",,,"11",,,,,,,,,,,,"8",,,,,"9","254",,,,,,,,,,,,,"237","18","798","172","7","0",,"1","1FFFFF","1AAAAAAAA1AAAA","4",,,,,
"KS1043","2021-09-17T13:00:00","28.00","-122.50",,,"1","4","0","0","3","1","1","0","280","4","31",,,,,"10148","5","0","0","191","1","157","139","3","207",,,,"A",,,,,,,"9","3","237","82","992","114","5","1","2","1","111111","11AAA111118A71",,,"3",,,"4"
"4602718","2021-09-17T13:01:00","28.60","-123.14",,,"1","4","2","5",,,"11",,,,,,,,,"10154",,,"8",,,,,"9","205",,,,,,,,,,,,,"237","83","798","172","7","0",,"1","1FFF1F","1AAAA1AAA1AAAA","4",,,,,
"4602715","2021-09-17T14:00:00","27.50","-122.58",,,"1","4","2","5",,,"11",,,,,,,,,"10159",,,"8",,,,,"9","209",,,,,,,,,,,,,"237","72","798","172","7","0",,"1","1FFF1F","1AAAA1AAA1AAAA","4",,,,,
"4602718","2021-09-17T14:00:00","28.59","-123.13",,,"1","4","2","5",,,"11",,,,,,,,,"10160",,,"8",,,,,"9","205",,,,,,,,,,,,,"237","83","798","172","7","0",,"1","1FFF1F","1AAAA1AAA1AAAA","4",,,,,
"5102629","2021-09-17T14:00:00","22.15","-127.27",,,"1","4","2","5",,,"11",,,,,,,,,,,,"8",,,,,"9","232",,,,,,,,,,,,,"237","27","798","172","7","0",,"1","1FFFFF","1AAAAAAAA1AAAA","4",,,,,
"5301550","2021-09-17T14:00:00","21.11","-128.72",,,"1","4","2","5",,,"11",,,,,,,,,,,,"8",,,,,"9","254",,,,,,,,,,,,,"237","18","798","172","7","0",,"1","1FFFFF","1AAAAAAAA1AAAA","4",,,,,
"KS1043","2021-09-17T14:00:00","28.00","-122.50",,,"1","4","0","0","4","1","1","0","310","4","36",,,,,"10153","3","7","0","189","1","150","129","3","207",,,,"A",,,,,,,"16","4","237","82","992","114","5","1","2","1","111111","11AAA111118A71",,,"3",,,"4"
"4602710","2021-09-17T15:00:00","21.93","-121.08",,,"1","4","2","5",,,"11",,,,,,,,,,,,"8",,,,,"9","253",,,,,,,,,,,,,"237","11","798","172","7","0",,"2","1FFFFF","1AAAAAAAA1AAAA","4",,,,,
"4602715","2021-09-17T15:00:00","27.49","-122.58",,,"1","4","2","5",,,"11",,,,,,,,,"10165",,,"8",,,,,"9","209",,,,,,,,,,,,,"237","72","798","172","7","0",,"2","1FFF1F","1AAAA1AAA1AAAA","4",,,,,
"4602718","2021-09-17T15:00:00","28.59","-123.13",,,"1","4","2","5",,,"11",,,,,,,,,"10164",,,"8",,,,,"9","205",,,,,,,,,,,,,"237","83","798","172","7","0",,"2","1FFF1F","1AAAA1AAA1AAAA","4",,,,,
"5102629","2021-09-17T15:00:00","22.15","-127.27",,,"1","4","2","5",,,"11",,,,,,,,,,,,"8",,,,,"9","232",,,,,,,,,,,,,"237","27","798","172","7","0",,"2","1FFFFF","1AAAAAAAA1AAAA","4",,,,,
"5301550","2021-09-17T15:00:00","21.11","-128.72",,,"1","4","2","5",,,"11",,,,,,,,,,,,"8",,,,,"9","254",,,,,,,,,,,,,"237","18","798","172","7","0",,"2","1FFFFF","1AAAAAAAA1AAAA","4",,,,,
"KS1043","2021-09-17T15:00:00","28.00","-122.50",,,"1","4","0","0","3","1","1","0","250","4","5",,,,,"10158","2","15","0","188","1","146","122","3","207",,,,"A",,,,,,,"14","3","237","82","992","114","5","1","2","2","111111","11AAA111118A71",,,"3",,,"4"
"4602715","2021-09-17T16:00:00","27.48","-122.58",,,"1","4","2","5",,,"11",,,,,,,,,"10169",,,"8",,,,,"9","209",,,,,,,,,,,,,"237","72","798","172","7","0",,"2","1FFF1F","1AAAA1AAA1AAAA","4",,,,,
"4602718","2021-09-17T16:00:00","28.59","-123.13",,,"1","4","2","5",,,"11",,,,,,,,,"10167",,,"8",,,,,"9","205",,,,,,,,,,,,,"237","83","798","172","7","0",,"2","1FFF1F","1AAAA1AAA1AAAA","4",,,,,
"5102629","2021-09-17T16:00:00","22.15","-127.27",,,"1","4","2","5",,,"11",,,,,,,,,,,,"8",,,,,"9","232",,,,,,,,,,,,,"237","27","798","172","7","0",,"2","1FFFFF","1AAAAAAAA1AAAA","4",,,,,
"5301550","2021-09-17T16:00:00","21.12","-128.72",,,"1","4","2","5",,,"11",,,,,,,,,,,,"8",,,,,"9","254",,,,,,,,,,,,,"237","18","798","172","7","0",,"2","1FFFFF","1AAAAAAAA1AAAA","4",,,,,
"KS1043","2021-09-17T16:00:00","28.00","-122.50",,,"1","4","0","0","3","1","1","0","160","4","5",,,,,"10163","2","16","0","189","1","149","126","3","207",,,,"A",,,,,,,"14","3","237","82","992","114","5","1","2","2","111111","11AAA111118A71",,,"3",,,"4"
"4602715","2021-09-17T17:00:00","27.48","-122.59",,,"1","4","2","5",,,"11",,,,,,,,,"10173",,,"8",,,,,"9","209",,,,,,,,,,,,,"237","72","798","172","7","0",,"2","1FFF1F","1AAAA1AAA1AAAA","4",,,,,
"4602718","2021-09-17T17:00:00","28.59","-123.13",,,"1","4","2","5",,,"11",,,,,,,,,"10172",,,"8",,,,,"9","205",,,,,,,,,,,,,"237","83","798","172","7","0",,"2","1FFF1F","1AAAA1AAA1AAAA","4",,,,,
"5102629","2021-09-17T17:00:00","22.14","-127.27",,,"1","4","2","5",,,"11",,,,,,,,,,,,"8",,,,,"9","232",,,,,,,,,,,,,"237","27","798","172","7","0",,"2","1FFFFF","1AAAAAAAA1AAAA","4",,,,,
"5301550","2021-09-17T17:00:00","21.12","-128.72",,,"1","4","2","5",,,"11",,,,,,,,,,,,"8",,,,,"9","254",,,,,,,,,,,,,"237","18","798","172","7","0",,"2","1FFFFF","1AAAAAAAA1AAAA","4",,,,,
"KS1043","2021-09-17T17:00:00","27.90","-122.50",,,"1","4","0","0","7","0","1","0","260","4","31",,,,,"10168","2","15","0","190","1","151","129","3","208",,,,"A",,,,,,,"9","3","237","72","992","114","5","1","2","2","111111","11AAA111118A71",,,"3",,,"4"
"4602710","2021-09-17T18:00:00","21.94","-121.08",,,"1","4","2","5",,,"11",,,,,,,,,,,,"8",,,,,"9","254",,,,,,,,,,,,,"237","11","798","172","7","0",,"2","1FFFFF","1AAAAAAAA1AAAA","4",,,,,
"4602715","2021-09-17T18:00:00","27.47","-122.60",,,"1","4","2","5",,,"11",,,,,,,,,"10175",,,"8",,,,,"9","210",,,,,,,,,,,,,"237","72","798","172","7","0",,"2","1FFF1F","1AAAA1AAA1AAAA","4",,,,,
"4602718","2021-09-17T18:00:00","28.59","-123.14",,,"1","4","2","5",,,"11",,,,,,,,,"10176",,,"8",,,,,"9","206",,,,,,,,,,,,,"237","83","798","172","7","0",,"2","1FFF1F","1AAAA1AAA1AAAA","4",,,,,
"5102629","2021-09-17T18:00:00","22.14","-127.27",,,"1","4","2","5",,,"11",,,,,,,,,,,,"8",,,,,"9","232",,,,,,,,,,,,,"237","27","798","172","7","0",,"2","1FFFFF","1AAAAAAAA1AAAA","4",,,,,
"5301550","2021-09-17T18:00:00","21.13","-128.72",,,"1","4","2","5",,,"11",,,,,,,,,,,,"8",,,,,"9","254",,,,,,,,,,,,,"237","18","798","172","7","0",,"2","1FFFFF","1AAAAAAAA1AAAA","4",,,,,
"H3BV","2021-09-17T18:00:00","28.60","-121.50",,,"1","6","2","5","7","4","1",,"330","4","57","1","98","3","2","10150","4","0","8","220",,"170","134","1","200","6","3","7","4","7","A",,"4","1",,,,"237","81","798","172","5","1","2","2","111111","111111111111A1",,"5",,"2",,
"KS1043","2021-09-17T18:00:00","27.90","-122.50",,,"1","4","0","0","4","1","1","0","250","4","26",,,,,"10173","2","14","0","191","1","152","130","3","208",,,,"A",,,,,,,"9","3","237","72","992","114","5","1","2","2","111111","11AAA111118A71",,,"3",,,"4"
"4602715","2021-09-17T19:00:00","27.47","-122.60",,,"1","4","2","5",,,"11",,,,,,,,,"10175",,,"8",,,,,"9","210",,,,,,,,,,,,,"237","72","798","172","7","0",,"2","1FFF1F","1AAAA1AAA1AAAA","4",,,,,
"4602718","2021-09-17T19:00:00","28.59","-123.14",,,"1","4","2","5",,,"11",,,,,,,,,"10174",,,"8",,,,,"9","206",,,,,,,,,,,,,"237","83","798","172","7","0",,"2","1FFF1F","1AAAA1AAA1AAAA","4",,,,,
"5102629","2021-09-17T19:00:00","22.14","-127.27",,,"1","4","2","5",,,"11",,,,,,,,,,,,"8",,,,,"9","233",,,,,,,,,,,,,"237","27","798","172","7","0",,"2","1FFFFF","1AAAAAAAA1AAAA","4",,,,,
"5301550","2021-09-17T19:00:00","21.13","-128.72",,,"1","4","2","5",,,"11",,,,,,,,,,,,"8",,,,,"9","254",,,,,,,,,,,,,"237","18","798","172","7","0",,"2","1FFFFF","1AAAAAAAA1AAAA","4",,,,,
"KS1043","2021-09-17T19:00:00","27.90","-122.50",,,"1","4","0","0","4","1","1","0","220","4","15",,,,,"10172","2","12","0","192","1","151","127","3","208",,,,"A",,,,,,,"14","3","237","72","992","114","5","1","2","2","111111","11AAA111118A71",,,"3",,,"4"
"H3BV","2021-09-18T00:00:00","29.50","-123.50",,,"1","6","2","5","7","4","1",,"360","4","72","1","98","3","2","10160",,,"8","200",,"160","130","1","200","8","8","0","4","7","A","0",,"0","33","6","2","237","93","798","172","5","1","2","2","111111","1111111111131A",,"5",,"1",,
"KS1043","2021-09-18T00:00:00","27.80","-122.50",,,"1","4","0","0","5","1","1","0","310","4","31",,,,,"10163","7","6","0","196","1","155","133","3","211",,,,"A",,,,,,,"10","3","237","72","992","114","5","1","2","2","111111","11AAA111118A71",,,"3",,,"4"
"4602715","2021-09-18T04:00:00","27.44","-122.61",,,"1","4","2","5",,,"11",,,,,,,,,"10179",,,"8",,,,,"9","210",,,,,,,,,,,,,"237","72","798","172","7","0",,"1","1FFF1F","1AAAA1AAA1AAAA","4",,,,,
"4602718","2021-09-18T04:00:00","28.60","-123.12",,,"1","4","2","5",,,"11",,,,,,,,,"10178",,,"8",,,,,"9","206",,,,,,,,,,,,,"237","83","798","172","7","0",,"1","1FFF1F","1AAAA1AAA1AAAA","4",,,,,
"5102629","2021-09-18T04:00:00","22.13","-127.28",,,"1","4","2","5",,,"11",,,,,,,,,,,,"8",,,,,"9","237",,,,,,,,,,,,,"237","27","798","172","7","0",,"1","1FFFFF","1AAAAAAAA1AAAA","4",,,,,
"5301550","2021-09-18T04:00:00","21.18","-128.72",,,"1","4","2","5",,,"11",,,,,,,,,,,,"8",,,,,"9","254",,,,,,,,,,,,,"237","18","798","172","7","0",,"1","1FFFFF","1AAAAAAAA1AAAA","4",,,,,
"KS1043","2021-09-18T04:00:00","27.80","-122.50",,,"1","4","0","0","3","1","1","0","20","4","31",,,,,"10172","2","6","0","191","1","150","127","3","210",,,,"A",,,,,,,"10","4","237","72","992","114","5","1","2","1","111111","11AAA111118A71",,,"3",,,"4"
"4602715","2021-09-18T05:00:00","27.44","-122.61",,,"1","4","2","5",,,"11",,,,,,,,,"10184",,,"8",,,,,"9","210",,,,,,,,,,,,,"237","72","798","172","7","0",,"1","1FFF1F","1AAAA1AAA1AAAA","4",,,,,
"4602718","2021-09-18T05:00:00","28.60","-123.11",,,"1","4","2","5",,,"11",,,,,,,,,"10185",,,"8",,,,,"9","206",,,,,,,,,,,,,"237","83","798","172","7","0",,"1","1FFF1F","1AAAA1AAA1AAAA","4",,,,,
"5102629","2021-09-18T05:00:00","22.13","-127.28",,,"1","4","2","5",,,"11",,,,,,,,,,,,"8",,,,,"9","235",,,,,,,,,,,,,"237","27","798","172","7","0",,"1","1FFFFF","1AAAAAAAA1AAAA","4",,,,,
"5301550","2021-09-18T05:00:00","21.18","-128.72",,,"1","4","2","5",,,"11",,,,,,,,,,,,"8",,,,,"9","254",,,,,,,,,,,,,"237","18","798","172","7","0",,"1","1FFFFF","1AAAAAAAA1AAAA","4",,,,,
"KS1043","2021-09-18T05:00:00","27.80","-122.50",,,"1","4","0","0","2","1","1","0","330","4","31",,,,,"10178","3","13","0","193","1","154","132","3","210",,,,"A",,,,,,,"11","4","237","72","992","114","5","1","2","1","111111","11AAA111118A71",,,"3",,,"4"
"4602710","2021-09-18T06:00:00","21.93","-121.11",,,"1","4","2","5",,,"11",,,,,,,,,,,,"8",,,,,"9","253",,,,,,,,,,,,,"237","11","798","172","7","0",,"1","1FFFFF","1AAAAAAAA1AAAA","4",,,,,
"4602715","2021-09-18T06:00:00","27.43","-122.61",,,"1","4","2","5",,,"11",,,,,,,,,"10188",,,"8",,,,,"9","211",,,,,,,,,,,,,"237","72","798","172","7","0",,"1","1FFF1F","1AAAA1AAA1AAAA","4",,,,,
"4602718","2021-09-18T06:00:00","28.60","-123.11",,,"1","4","2","5",,,"11",,,,,,,,,"10186",,,"8",,,,,"9","206",,,,,,,,,,,,,"237","83","798","172","7","0",,"1","1FFF1F","1AAAA1AAA1AAAA","4",,,,,
"5102629","2021-09-18T06:00:00","22.13","-127.28",,,"1","4","2","5",,,"11",,,,,,,,,,,,"8",,,,,"9","234",,,,,,,,,,,,,"237","27","798","172","7","0",,"1","1FFFFF","1AAAAAAAA1AAAA","4",,,,,
"5301550","2021-09-18T06:00:00","21.18","-128.72",,,"1","4","2","5",,,"11",,,,,,,,,,,,"8",,,,,"9","254",,,,,,,,,,,,,"237","18","798","172","7","0",,"1","1FFFFF","1AAAAAAAA1AAAA","4",,,,,
"KS1043","2021-09-18T06:00:00","27.80","-122.50",,,"1","4","0","0","3","1","1","0","20","4","15",,,,,"10183","2","19","0","192","1","150","126","3","210",,,,"A",,,,,,,"12","4","237","72","992","114","5","1","2","1","111111","11AAA111118A71",,,"3",,,"4"
"4602715","2021-09-18T07:00:00","27.43","-122.61",,,"1","4","2","5",,,"11",,,,,,,,,"10190",,,"8",,,,,"9","210",,,,,,,,,,,,,"237","72","798","172","7","0",,"1","1FFF1F","1AAAA1AAA1AAAA","4",,,,,
"4602718","2021-09-18T07:00:00","28.60","-123.10",,,"1","4","2","5",,,"11",,,,,,,,,"10189",,,"8",,,,,"9","206",,,,,,,,,,,,,"237","83","798","172","7","0",,"1","1FFF1F","1AAAA1AAA1AAAA","4",,,,,
"5102629","2021-09-18T07:00:00","22.13","-127.28",,,"1","4","2","5",,,"11",,,,,,,,,,,,"8",,,,,"9","234",,,,,,,,,,,,,"237","27","798","172","7","0",,"1","1FFFFF","1AAAAAAAA1AAAA","4",,,,,
"5301550","2021-09-18T07:00:00","21.17","-128.72",,,"1","4","2","5",,,"11",,,,,,,,,,,,"8",,,,,"9","254",,,,,,,,,,,,,"237","18","798","172","7","0",,"1","1FFFFF","1AAAAAAAA1AAAA","4",,,,,
"KS1043","2021-09-18T07:00:00","27.80","-122.50",,,"1","4","0","0","2","1","1","0","30","4","26",,,,,"10185","2","16","0","193","1","152","129","3","210",,,,"A",,,,,,,"10","4","237","72","992","114","5","1","2","1","111111","11AAA111118A71",,,"3",,,"4"
"4602715","2021-09-18T08:00:00","27.42","-122.61",,,"1","4","2","5",,,"11",,,,,,,,,"10191",,,"8",,,,,"9","210",,,,,,,,,,,,,"237","72","798","172","7","0",,"1","1FFF1F","1AAAA1AAA1AAAA","4",,,,,
"4602718","2021-09-18T08:00:00","28.59","-123.11",,,"1","4","2","5",,,"11",,,,,,,,,"10191",,,"8",,,,,"9","206",,,,,,,,,,,,,"237","83","798","172","7","0",,"1","1FFF1F","1AAAA1AAA1AAAA","4",,,,,
"5102629","2021-09-18T08:00:00","22.13","-127.27",,,"1","4","2","5",,,"11",,,,,,,,,,,,"8",,,,,"9","233",,,,,,,,,,,,,"237","27","798","172","7","0",,"1","1FFFFF","1AAAAAAAA1AAAA","4",,,,,
"5301550","2021-09-18T08:00:00","21.17","-128.72",,,"1","4","2","5",,,"11",,,,,,,,,,,,"8",,,,,"9","254",,,,,,,,,,,,,"237","18","798","172","7","0",,"1","1FFFFF","1AAAAAAAA1AAAA","4",,,,,
"KS1043","2021-09-18T08:00:00","27.70","-122.50",,,"1","4","0","0","4","1","1","0","350","4","15",,,,,"10185","2","10","0","194","1","155","135","3","210",,,,"A",,,,,,,"12","4","237","72","992","114","5","1","2","1","111111","11AAA111118A71",,,"3",,,"4"
"4602710","2021-09-18T09:00:00","21.93","-121.12",,,"1","4","2","5",,,"11",,,,,,,,,,,,"8",,,,,"9","253",,,,,,,,,,,,,"237","11","798","172","7","0",,"1","1FFFFF","1AAAAAAAA1AAAA","4",,,,,
"4602715","2021-09-18T09:00:00","27.42","-122.61",,,"1","4","2","5",,,"11",,,,,,,,,"10189",,,"8",,,,,"9","210",,,,,,,,,,,,,"237","72","798","172","7","0",,"1","1FFF1F","1AAAA1AAA1AAAA","4",,,,,
"4602718","2021-09-18T09:00:00","28.59","-123.10",,,"1","4","2","5",,,"11",,,,,,,,,"10189",,,"8",,,,,"9","205",,,,,,,,,,,,,"237","83","798","172","7","0",,"1","1FFF1F","1AAAA1AAA1AAAA","4",,,,,
"5102629","2021-09-18T09:00:00","22.13","-127.27",,,"1","4","2","5",,,"11",,,,,,,,,,,,"8",,,,,"9","233",,,,,,,,,,,,,"237","27","798","172","7","0",,"1","1FFFFF","1AAAAAAAA1AAAA","4",,,,,
"5301550","2021-09-18T09:00:00","21.17","-128.72",,,"1","4","2","5",,,"11",,,,,,,,,,,,"8",,,,,"9","253",,,,,,,,,,,,,"237","18","798","172","7","0",,"1","1FFFFF","1AAAAAAAA1AAAA","4",,,,,
"KS1043","2021-09-18T09:00:00","27.70","-122.50",,,"1","4","0","0","3","1","1","0","10","4","10",,,,,"10186","2","6","0","193","1","150","125","3","210",,,,"A",,,,,,,"13","4","237","72","992","114","5","1","2","1","111111","11AAA111118A71",,,"3",,,"4"
"4602715","2021-09-18T10:00:00","27.41","-122.61",,,"1","4","2","5",,,"11",,,,,,,,,"10187",,,"8",,,,,"9","210",,,,,,,,,,,,,"237","72","798","172","7","0",,"1","1FFF1F","1AAAA1AAA1AAAA","4",,,,,
"4602718","2021-09-18T10:00:00","28.58","-123.11",,,"1","4","2","5",,,"11",,,,,,,,,"10188",,,"8",,,,,"9","206",,,,,,,,,,,,,"237","83","798","172","7","0",,"1","1FFF1F","1AAAA1AAA1AAAA","4",,,,,
"5102629","2021-09-18T10:00:00","22.12","-127.27",,,"1","4","2","5",,,"11",,,,,,,,,,,,"8",,,,,"9","233",,,,,,,,,,,,,"237","27","798","172","7","0",,"1","1FFFFF","1AAAAAAAA1AAAA","4",,,,,
"5301550","2021-09-18T10:00:00","21.17","-128.73",,,"1","4","2","5",,,"11",,,,,,,,,,,,"8",,,,,"9","253",,,,,,,,,,,,,"237","18","798","172","7","0",,"1","1FFFFF","1AAAAAAAA1AAAA","4",,,,,
"KS1043","2021-09-18T10:00:00","27.70","-122.50",,,"1","4","0","0","3","1","1","0","30","4","26",,,,,"10184","0","2","0","194","1","151","127","3","210",,,,"A",,,,,,,"11","3","237","72","992","114","5","1","2","1","111111","11AAA111118A71",,,"3",,,"4"
"LAIG7","2021-09-18T10:00:00","29.40","-124.50",,,"1","6","2","5","3","3","1",,"350","4","21","1","98","2",,"10190","4","0","8","170",,"140","119","3","196","7","6","2","5","7","4",,"4","1","35","9","4","237","94","798","172","5","1","2","1","111111","1111A111111111",,"5",,,,
"4602715","2021-09-18T11:00:00","27.40","-122.61",,,"1","4","2","5",,,"11",,,,,,,,,"10183",,,"8",,,,,"9","210",,,,,,,,,,,,,"237","72","798","172","7","0",,"1","1FFF1F","1AAAA1AAA1AAAA","4",,,,,
"4602718","2021-09-18T11:00:00","28.58","-123.11",,,"1","4","2","5",,,"11",,,,,,,,,"10185",,,"8",,,,,"9","206",,,,,,,,,,,,,"237","83","798","172","7","0",,"1","1FFF1F","1AAAA1AAA1AAAA","4",,,,,
"5102629","2021-09-18T11:00:00","22.11","-127.26",,,"1","4","2","5",,,"11",,,,,,,,,,,,"8",,,,,"9","233",,,,,,,,,,,,,"237","27","798","172","7","0",,"1","1FFFFF","1AAAAAAAA1AAAA","4",,,,,
"5301550","2021-09-18T11:00:00","21.18","-128.73",,,"1","4","2","5",,,"11",,,,,,,,,,,,"8",,,,,"9","253",,,,,,,,,,,,,"237","18","798","172","7","0",,"1","1FFFFF","1AAAAAAAA1AAAA","4",,,,,
"KS1043","2021-09-18T11:00:00","27.70","-122.40",,,"1","4","0","0","3","1","1","0","30","4","15",,,,,"10179","7","3","0","193","1","150","126","3","210",,,,"A",,,,,,,"9","3","237","72","992","114","5","1","2","1","111111","11AAA111118A71",,,"3",,,"4"
"4602710","2021-09-18T12:00:00","21.93","-121.14",,,"1","4","2","5",,,"11",,,,,,,,,,,,"8",,,,,"9","252",,,,,,,,,,,,,"237","11","798","172","7","0",,"1","1FFFFF","1AAAAAAAA1AAAA","4",,,,,
"4602715","2021-09-18T12:00:00","27.39","-122.61",,,"1","4","2","5",,,"11",,,,,,,,,"10182",,,"8",,,,,"9","210",,,,,,,,,,,,,"237","72","798","172","7","0",,"1","1FFF1F","1AAAA1AAA1AAAA","4",,,,,
"4602718","2021-09-18T12:00:00","28.58","-123.11",,,"1","4","2","5",,,"11",,,,,,,,,"10184",,,"8",,,,,"9","205",,,,,,,,,,,,,"237","83","798","172","7","0",,"1","1FFF1F","1AAAA1AAA1AAAA","4",,,,,
"5102629","2021-09-18T12:00:00","22.11","-127.26",,,"1","4","2","5",,,"11",,,,,,,,,,,,"8",,,,,"9","233",,,,,,,,,,,,,"237","27","798","172","7","0",,"1","1FFFFF","1AAAAAAAA1AAAA","4",,,,,
"5301550","2021-09-18T12:00:00","21.18","-128.73",,,"1","4","2","5",,,"11",,,,,,,,,,,,"8",,,,,"9","253",,,,,,,,,,,,,"237","18","798","172","7","0",,"1","1FFFFF","1AAAAAAAA1AAAA","4",,,,,
"KS1043","2021-09-18T12:00:00","27.70","-122.40",,,"1","4","0","0","4","1","1","0","330","4","15",,,,,"10177","7","9","0","193","1","151","128","3","210",,,,"A",,,,,,,"12","4","237","72","992","114","5","1","2","1","111111","11AAA111118A71",,,"3",,,"4"
"4602715","2021-09-18T13:00:00","27.39","-122.61",,,"1","4","2","5",,,"11",,,,,,,,,"10184",,,"8",,,,,"9","210",,,,,,,,,,,,,"237","72","798","172","7","0",,"1","1FFF1F","1AAAA1AAA1AAAA","4",,,,,
"4602718","2021-09-18T13:00:00","28.58","-123.11",,,"1","4","2","5",,,"11",,,,,,,,,"10185",,,"8",,,,,"9","206",,,,,,,,,,,,,"237","83","798","172","7","0",,"1","1FFF1F","1AAAA1AAA1AAAA","4",,,,,
"5102629","2021-09-18T13:00:00","22.10","-127.25",,,"1","4","2","5",,,"11",,,,,,,,,,,,"8",,,,,"9","233",,,,,,,,,,,,,"237","27","798","172","7","0",,"1","1FFFFF","1AAAAAAAA1AAAA","4",,,,,
"5301550","2021-09-18T13:00:00","21.19","-128.74",,,"1","4","2","5",,,"11",,,,,,,,,,,,"8",,,,,"9","253",,,,,,,,,,,,,"237","18","798","172","7","0",,"1","1FFFFF","1AAAAAAAA1AAAA","4",,,,,
"KS1043","2021-09-18T13:00:00","27.70","-122.40",,,"1","4","0","0","6","1","1","0","10","4","21",,,,,"10178","5","7","0","194","1","152","128","3","210",,,,"A",,,,,,,"11","4","237","72","992","114","5","1","2","1","111111","11AAA111118A71",,,"3",,,"4"
"LAIG7","2021-09-18T13:00:00","28.70","-124.10",,,"1","6","2","5","3","3","1",,"360","4","36","1","98","3","0","10192","3","2","8","170",,"145","128","3","203","6","6","7","5","1","2",,"5","1",,,,"237","84","798","172","5","1","2","1","111111","111111111111A1",,"5",,"0",,
"4602715","2021-09-18T14:00:00","27.38","-122.61",,,"1","4","2","5",,,"11",,,,,,,,,"10188",,,"8",,,,,"9","210",,,,,,,,,,,,,"237","72","798","172","7","0",,"1","1FFF1F","1AAAA1AAA1AAAA","4",,,,,
"4602718","2021-09-18T14:00:00","28.58","-123.11",,,"1","4","2","5",,,"11",,,,,,,,,"10190",,,"8",,,,,"9","205",,,,,,,,,,,,,"237","83","798","172","7","0",,"1","1FFF1F","1AAAA1AAA1AAAA","4",,,,,
"5102629","2021-09-18T14:00:00","22.10","-127.25",,,"1","4","2","5",,,"11",,,,,,,,,,,,"8",,,,,"9","232",,,,,,,,,,,,,"237","27","798","172","7","0",,"1","1FFFFF","1AAAAAAAA1AAAA","4",,,,,
"5301550","2021-09-18T14:00:00","21.19","-128.74",,,"1","4","2","5",,,"11",,,,,,,,,,,,"8",,,,,"9","253",,,,,,,,,,,,,"237","18","798","172","7","0",,"1","1FFFFF","1AAAAAAAA1AAAA","4",,,,,
"KS1043","2021-09-18T14:00:00","27.70","-122.40",,,"1","4","0","0","4","1","1","0","350","4","15",,,,,"10182","5","4","0","194","1","153","130","3","210",,,,"A",,,,,,,"11","4","237","72","992","114","5","1","2","1","111111","11AAA111118A71",,,"3",,,"4"
"4602710","2021-09-18T15:00:00","21.94","-121.15",,,"1","4","2","5",,,"11",,,,,,,,,,,,"8",,,,,"9","252",,,,,,,,,,,,,"237","11","798","172","7","0",,"2","1FFFFF","1AAAAAAAA1AAAA","4",,,,,
"4602715","2021-09-18T15:00:00","27.38","-122.62",,,"1","4","2","5",,,"11",,,,,,,,,"10194",,,"8",,,,,"9","210",,,,,,,,,,,,,"237","72","798","172","7","0",,"2","1FFF1F","1AAAA1AAA1AAAA","4",,,,,
"4602718","2021-09-18T15:00:00","28.59","-123.10",,,"1","4","2","5",,,"11",,,,,,,,,"10197",,,"8",,,,,"9","205",,,,,,,,,,,,,"237","83","798","172","7","0",,"2","1FFF1F","1AAAA1AAA1AAAA","4",,,,,
"5102629","2021-09-18T15:00:00","22.10","-127.25",,,"1","4","2","5",,,"11",,,,,,,,,,,,"8",,,,,"9","232",,,,,,,,,,,,,"237","27","798","172","7","0",,"2","1FFFFF","1AAAAAAAA1AAAA","4",,,,,
"5301550","2021-09-18T15:00:00","21.20","-128.74",,,"1","4","2","5",,,"11",,,,,,,,,,,,"8",,,,,"9","253",,,,,,,,,,,,,"237","18","798","172","7","0",,"2","1FFFFF","1AAAAAAAA1AAAA","4",,,,,
"KS1043","2021-09-18T15:00:00","27.70","-122.40",,,"1","4","0","0","4","1","1","0","10","4","26",,,,,"10188","2","6","0","198","1","161","142","3","210",,,,"A",,,,,,,"12","4","237","72","992","114","5","1","2","2","111111","11AAA111118A71",,,"3",,,"4"
"4602715","2021-09-18T16:00:00","27.37","-122.62",,,"1","4","2","5",,,"11",,,,,,,,,"10199",,,"8",,,,,"9","210",,,,,,,,,,,,,"237","72","798","172","7","0",,"2","1FFF1F","1AAAA1AAA1AAAA","4",,,,,
"4602718","2021-09-18T16:00:00","28.59","-123.10",,,"1","4","2","5",,,"11",,,,,,,,,"10201",,,"8",,,,,"9","206",,,,,,,,,,,,,"237","83","798","172","7","0",,"2","1FFF1F","1AAAA1AAA1AAAA","4",,,,,
"5102629","2021-09-18T16:00:00","22.09","-127.25",,,"1","4","2","5",,,"11",,,,,,,,,,,,"8",,,,,"9","232",,,,,,,,,,,,,"237","27","798","172","7","0",,"2","1FFFFF","1AAAAAAAA1AAAA","4",,,,,
"5301550","2021-09-18T16:00:00","21.21","-128.74",,,"1","4","2","5",,,"11",,,,,,,,,,,,"8",,,,,"9","253",,,,,,,,,,,,,"237","18","798","172","7","0",,"2","1FFFFF","1AAAAAAAA1AAAA","4",,,,,
"KS1043","2021-09-18T16:00:00","27.60","-122.40",,,"1","4","0","0","4","1","1","0","340","4","31",,,,,"10192","2","12","0","198","1","155","131","3","210",,,,"A",,,,,,,"11","4","237","72","992","114","5","1","2","2","111111","11AAA111118A71",,,"3",,,"4"
"VRRQ5","2021-09-18T16:00:00","28.40","-121.90",,,"1","6","2","5","7","4","1",,"340","4","41","1","98","2","2","10213","1","10","8","200",,"190","184","1","240","6","4","1","3","1","A",,"4","2",,,,"237","81","798","172","5","1","2","2","311111","111111111111A1",,"5",,"2",,
"4602715","2021-09-18T17:00:00","27.37","-122.62",,,"1","4","2","5",,,"11",,,,,,,,,"10204",,,"8",,,,,"9","210",,,,,,,,,,,,,"237","72","798","172","7","0",,"2","1FFF1F","1AAAA1AAA1AAAA","4",,,,,
"4602718","2021-09-18T17:00:00","28.59","-123.10",,,"1","4","2","5",,,"11",,,,,,,,,"10206",,,"8",,,,,"9","206",,,,,,,,,,,,,"237","83","798","172","7","0",,"2","1FFF1F","1AAAA1AAA1AAAA","4",,,,,
"5102629","2021-09-18T17:00:00","22.09","-127.25",,,"1","4","2","5",,,"11",,,,,,,,,,,,"8",,,,,"9","233",,,,,,,,,,,,,"237","27","798","172","7","0",,"2","1FFFFF","1AAAAAAAA1AAAA","4",,,,,
"5301550","2021-09-18T17:00:00","21.22","-128.74",,,"1","4","2","5",,,"11",,,,,,,,,,,,"8",,,,,"9","253",,,,,,,,,,,,,"237","18","798","172","7","0",,"2","1FFFFF","1AAAAAAAA1AAAA","4",,,,,
"KS1043","2021-09-18T17:00:00","27.60","-122.40",,,"1","4","0","0","4","1","1","0","330","4","26",,,,,"10198","2","16","0","199","1","157","134","3","210",,,,"A",,,,,,,"11","4","237","72","992","114","5","1","2","2","111111","11AAA111118A71",,,"3",,,"4"
"4602710","2021-09-18T18:00:00","21.95","-121.17",,,"1","4","2","5",,,"11",,,,,,,,,,,,"8",,,,,"9","254",,,,,,,,,,,,,"237","11","798","172","7","0",,"2","1FFFFF","1AAAAAAAA1AAAA","4",,,,,
"4602715","2021-09-18T18:00:00","27.36","-122.62",,,"1","4","2","5",,,"11",,,,,,,,,"10207",,,"8",,,,,"9","210",,,,,,,,,,,,,"237","72","798","172","7","0",,"2","1FFF1F","1AAAA1AAA1AAAA","4",,,,,
"4602718","2021-09-18T18:00:00","28.59","-123.10",,,"1","4","2","5",,,"11",,,,,,,,,"10211",,,"8",,,,,"9","206",,,,,,,,,,,,,"237","83","798","172","7","0",,"2","1FFF1F","1AAAA1AAA1AAAA","4",,,,,
"5102629","2021-09-18T18:00:00","22.09","-127.26",,,"1","4","2","5",,,"11",,,,,,,,,,,,"8",,,,,"9","233",,,,,,,,,,,,,"237","27","798","172","7","0",,"2","1FFFFF","1AAAAAAAA1AAAA","4",,,,,
"5301550","2021-09-18T18:00:00","21.22","-128.74",,,"1","4","2","5",,,"11",,,,,,,,,,,,"8",,,,,"9","253",,,,,,,,,,,,,"237","18","798","172","7","0",,"2","1FFFFF","1AAAAAAAA1AAAA","4",,,,,
"KS1043","2021-09-18T18:00:00","27.60","-122.40",,,"1","4","0","0","5","1","1","0","330","4","31",,,,,"10202","2","17","0","199","1","158","136","3","210",,,,"A",,,,,,,"11","4","237","72","992","114","5","1","2","2","111111","11AAA111118A71",,,"3",,,"4"
"4602715","2021-09-18T19:00:00","27.36","-122.62",,,"1","4","2","5",,,"11",,,,,,,,,"10205",,,"8",,,,,"9","210",,,,,,,,,,,,,"237","72","798","172","7","0",,"2","1FFF1F","1AAAA1AAA1AAAA","4",,,,,
"4602718","2021-09-18T19:00:00","28.59","-123.10",,,"1","4","2","5",,,"11",,,,,,,,,"10210",,,"8",,,,,"9","206",,,,,,,,,,,,,"237","83","798","172","7","0",,"2","1FFF1F","1AAAA1AAA1AAAA","4",,,,,
"5102629","2021-09-18T19:00:00","22.08","-127.26",,,"1","4","2","5",,,"11",,,,,,,,,,,,"8",,,,,"9","234",,,,,,,,,,,,,"237","27","798","172","7","0",,"2","1FFFFF","1AAAAAAAA1AAAA","4",,,,,
"5301550","2021-09-18T19:00:00","21.23","-128.74",,,"1","4","2","5",,,"11",,,,,,,,,,,,"8",,,,,"9","253",,,,,,,,,,,,,"237","18","798","172","7","0",,"2","1FFFFF","1AAAAAAAA1AAAA","4",,,,,
"KS1043","2021-09-18T19:00:00","27.60","-122.50",,,"1","4","0","0","4","1","1","0","330","4","46",,,,,"10202","2","15","0","199","1","158","136","3","210",,,,"A",,,,,,,"11","3","237","72","992","114","5","1","2","2","111111","11AAA111118A71",,,"3",,,"4"
"4602715","2021-09-18T20:00:00","27.35","-122.62",,,"1","4","2","5",,,"11",,,,,,,,,"10202",,,"8",,,,,"9","211",,,,,,,,,,,,,"237","72","798","172","7","0",,"2","1FFF1F","1AAAA1AAA1AAAA","4",,,,,
"4602718","2021-09-18T20:00:00","28.59","-123.10",,,"1","4","2","5",,,"11",,,,,,,,,"10208",,,"8",,,,,"9","206",,,,,,,,,,,,,"237","83","798","172","7","0",,"2","1FFF1F","1AAAA1AAA1AAAA","4",,,,,
"5102629","2021-09-18T20:00:00","22.08","-127.26",,,"1","4","2","5",,,"11",,,,,,,,,,,,"8",,,,,"9","236",,,,,,,,,,,,,"237","27","798","172","7","0",,"2","1FFFFF","1AAAAAAAA1AAAA","4",,,,,
"5301550","2021-09-18T20:00:00","21.23","-128.74",,,"1","4","2","5",,,"11",,,,,,,,,,,,"8",,,,,"9","254",,,,,,,,,,,,,"237","18","798","172","7","0",,"2","1FFFFF","1AAAAAAAA1AAAA","4",,,,,
"KS1043","2021-09-18T20:00:00","27.60","-122.50",,,"1","4","0","0","5","1","1","0","330","4","41",,,,,"10201","0","7","0","198","1","160","141","3","211",,,,"A",,,,,,,"11","3","237","72","992","114","5","1","2","2","111111","11AAA111118A71",,,"3",,,"4"
"4602710","2021-09-18T21:00:00","21.96","-121.18",,,"1","4","2","5",,,"11",,,,,,,,,,,,"8",,,,,"9","257",,,,,,,,,,,,,"237","11","798","172","7","0",,"2","1FFFFF","1AAAAAAAA1AAAA","4",,,,,
"4602715","2021-09-18T21:00:00","27.34","-122.63",,,"1","4","2","5",,,"11",,,,,,,,,"10198",,,"8",,,,,"9","211",,,,,,,,,,,,,"237","72","798","172","7","0",,"2","1FFF1F","1AAAA1AAA1AAAA","4",,,,,
"4602718","2021-09-18T21:00:00","28.59","-123.09",,,"1","4","2","5",,,"11",,,,,,,,,"10204",,,"8",,,,,"9","206",,,,,,,,,,,,,"237","83","798","172","7","0",,"2","1FFF1F","1AAAA1AAA1AAAA","4",,,,,
"5102629","2021-09-18T21:00:00","22.07","-127.27",,,"1","4","2","5",,,"11",,,,,,,,,,,,"8",,,,,"9","236",,,,,,,,,,,,,"237","27","798","172","7","0",,"2","1FFFFF","1AAAAAAAA1AAAA","4",,,,,
"5301550","2021-09-18T21:00:00","21.24","-128.73",,,"1","4","2","5",,,"11",,,,,,,,,,,,"8",,,,,"9","255",,,,,,,,,,,,,"237","18","798","172","7","0",,"2","1FFFFF","1AAAAAAAA1AAAA","4",,,,,
"KS1043","2021-09-18T21:00:00","27.50","-122.50",,,"1","4","0","0","4","1","1","0","340","4","51",,,,,"10197","8","1","0","198","1","163","145","3","211",,,,"A",,,,,,,"12","4","237","72","992","114","5","1","2","2","111111","11AAA111118A71",,,"3",,,"4"
"4602715","2021-09-18T22:00:00","27.34","-122.63",,,"1","4","2","5",,,"11",,,,,,,,,"10195",,,"8",,,,,"9","211",,,,,,,,,,,,,"237","72","798","172","7","0",,"2","1FFF1F","1AAAA1AAA1AAAA","4",,,,,
"4602718","2021-09-18T22:00:00","28.59","-123.09",,,"1","4","2","5",,,"11",,,,,,,,,"10197",,,"8",,,,,"9","207",,,,,,,,,,,,,"237","83","798","172","7","0",,"2","1FFF1F","1AAAA1AAA1AAAA","4",,,,,
"5102629","2021-09-18T22:00:00","22.07","-127.27",,,"1","4","2","5",,,"11",,,,,,,,,,,,"8",,,,,"9","238",,,,,,,,,,,,,"237","27","798","172","7","0",,"2","1FFFFF","1AAAAAAAA1AAAA","4",,,,,
"5301550","2021-09-18T22:00:00","21.25","-128.73",,,"1","4","2","5",,,"11",,,,,,,,,,,,"8",,,,,"9","255",,,,,,,,,,,,,"237","18","798","172","7","0",,"2","1FFFFF","1AAAAAAAA1AAAA","4",,,,,
"KS1043","2021-09-18T22:00:00","27.50","-122.50",,,"1","4","0","0","3","1","1","0","340","4","51",,,,,"10193","7","9","0","195","1","159","140","3","211",,,,"A",,,,,,,"12","3","237","72","992","114","5","1","2","2","111111","11AAA111118A71",,,"3",,,"4"
"4602715","2021-09-18T23:00:00","27.33","-122.63",,,"1","4","2","5",,,"11",,,,,,,,,"10190",,,"8",,,,,"9","211",,,,,,,,,,,,,"237","72","798","172","7","0",,"2","1FFF1F","1AAAA1AAA1AAAA","4",,,,,
"4602718","2021-09-18T23:00:00","28.59","-123.09",,,"1","4","2","5",,,"11",,,,,,,,,"10193",,,"8",,,,,"9","207",,,,,,,,,,,,,"237","83","798","172","7","0",,"2","1FFF1F","1AAAA1AAA1AAAA","4",,,,,
"5102629","2021-09-18T23:00:00","22.07","-127.28",,,"1","4","2","5",,,"11",,,,,,,,,,,,"8",,,,,"9","239",,,,,,,,,,,,,"237","27","798","172","7","0",,"2","1FFFFF","1AAAAAAAA1AAAA","4",,,,,
"5301550","2021-09-18T23:00:00","21.25","-128.73",,,"1","4","2","5",,,"11",,,,,,,,,,,,"8",,,,,"9","255",,,,,,,,,,,,,"237","18","798","172","7","0",,"2","1FFFFF","1AAAAAAAA1AAAA","4",,,,,
"KS1043","2021-09-18T23:00:00","27.50","-122.40",,,"1","4","0","0","3","1","1","0","330","4","51",,,,,"10187","7","10","0","196","1","161","144","3","211",,,,"A",,,,,,,"12","3","237","72","992","114","5","1","2","2","111111","11AAA111118A71",,,"3",,,"4"
"4602710","2021-09-19T00:00:00","21.96","-121.18",,,"1","4","2","5",,,"11",,,,,,,,,,,,"8",,,,,"9","257",,,,,,,,,,,,,"237","11","798","172","7","0",,"2","1FFFFF","1AAAAAAAA1AAAA","4",,,,,
"4602715","2021-09-19T00:00:00","27.33","-122.64",,,"1","4","2","5",,,"11",,,,,,,,,"10188",,,"8",,,,,"9","211",,,,,,,,,,,,,"237","72","798","172","7","0",,"2","1FFF1F","1AAAA1AAA1AAAA","4",,,,,
"4602718","2021-09-19T00:00:00","28.59","-123.09",,,"1","4","2","5",,,"11",,,,,,,,,"10191",,,"8",,,,,"9","207",,,,,,,,,,,,,"237","83","798","172","7","0",,"2","1FFF1F","1AAAA1AAA1AAAA","4",,,,,
"5102629","2021-09-19T00:00:00","22.06","-127.28",,,"1","4","2","5",,,"11",,,,,,,,,,,,"8",,,,,"9","237",,,,,,,,,,,,,"237","27","798","172","7","0",,"2","1FFFFF","1AAAAAAAA1AAAA","4",,,,,
"5301550","2021-09-19T00:00:00","21.26","-128.73",,,"1","4","2","5",,,"11",,,,,,,,,,,,"8",,,,,"9","255",,,,,,,,,,,,,"237","18","798","172","7","0",,"2","1FFFFF","1AAAAAAAA1AAAA","4",,,,,
"9V9375","2021-09-19T00:00:00","29.00","-120.10",,,"1","6","2","5","3","4","1",,"330","4","57","1","99","3","0","10170",,,"8","210",,"180","160","7","190",,,"3",,"6","3",,,,"33","11","4","237","90","798","172","5","1","2","2","111111","11111111118A1A",,"5",,"0",,
"KS1043","2021-09-19T00:00:00","27.50","-122.40",,,"1","4","0","0","4","1","1","0","340","4","46",,,,,"10184","7","14","0","195","1","157","137","3","211",,,,"A",,,,,,,"12","3","237","72","992","114","5","1","2","2","111111","11AAA111118A71",,,"3",,,"4"
"4602715","2021-09-19T01:00:00","27.32","-122.64",,,"1","4","2","5",,,"11",,,,,,,,,"10186",,,"8",,,,,"9","211",,,,,,,,,,,,,"237","72","798","172","7","0",,"2","1FFF1F","1AAAA1AAA1AAAA","4",,,,,
"4602718","2021-09-19T01:00:00","28.59","-123.09",,,"1","4","2","5",,,"11",,,,,,,,,"10190",,,"8",,,,,"9","206",,,,,,,,,,,,,"237","83","798","172","7","0",,"2","1FFF1F","1AAAA1AAA1AAAA","4",,,,,
"5102629","2021-09-19T01:00:00","22.06","-127.28",,,"1","4","2","5",,,"11",,,,,,,,,,,,"8",,,,,"9","236",,,,,,,,,,,,,"237","27","798","172","7","0",,"2","1FFFFF","1AAAAAAAA1AAAA","4",,,,,
"5301550","2021-09-19T01:00:00","21.26","-128.72",,,"1","4","2","5",,,"11",,,,,,,,,,,,"8",,,,,"9","255",,,,,,,,,,,,,"237","18","798","172","7","0",,"2","1FFFFF","1AAAAAAAA1AAAA","4",,,,,
"KS1043","2021-09-19T01:00:00","27.50","-122.40",,,"1","4","0","0","4","1","1","0","320","4","46",,,,,"10182","7","13","0","193","1","153","131","3","210",,,,"A",,,,,,,"12","3","237","72","992","114","5","1","2","2","111111","11AAA111118A71",,,"3",,,"4"
"4602715","2021-09-19T02:00:00","27.32","-122.64",,,"1","4","2","5",,,"11",,,,,,,,,"10188",,,"8",,,,,"9","211",,,,,,,,,,,,,"237","72","798","172","7","0",,"2","1FFF1F","1AAAA1AAA1AAAA","4",,,,,
"4602718","2021-09-19T02:00:00","28.59","-123.09",,,"1","4","2","5",,,"11",,,,,,,,,"10192",,,"8",,,,,"9","206",,,,,,,,,,,,,"237","83","798","172","7","0",,"2","1FFF1F","1AAAA1AAA1AAAA","4",,,,,
"5102629","2021-09-19T02:00:00","22.06","-127.28",,,"1","4","2","5",,,"11",,,,,,,,,,,,"8",,,,,"9","235",,,,,,,,,,,,,"237","27","798","172","7","0",,"2","1FFFFF","1AAAAAAAA1AAAA","4",,,,,
"5301550","2021-09-19T02:00:00","21.27","-128.72",,,"1","4","2","5",,,"11",,,,,,,,,,,,"8",,,,,"9","254",,,,,,,,,,,,,"237","18","798","172","7","0",,"2","1FFFFF","1AAAAAAAA1AAAA","4",,,,,
"KS1043","2021-09-19T02:00:00","27.40","-122.40",,,"1","4","0","0","4","1","1","0","330","4","31",,,,,"10183","7","11","0","192","1","151","127","3","210",,,,"A",,,,,,,"11","3","237","72","992","114","5","1","2","2","111111","11AAA111118A71",,,"3",,,"4"
"4602710","2021-09-19T03:00:00","21.96","-121.18",,,"1","4","2","5",,,"11",,,,,,,,,,,,"8",,,,,"9","256",,,,,,,,,,,,,"237","11","798","172","7","0",,"1","1FFFFF","1AAAAAAAA1AAAA","4",,,,,
"4602715","2021-09-19T03:00:00","27.31","-122.64",,,"1","4","2","5",,,"11",,,,,,,,,"10192",,,"8",,,,,"9","211",,,,,,,,,,,,,"237","72","798","172","7","0",,"1","1FFF1F","1AAAA1AAA1AAAA","4",,,,,
"4602718","2021-09-19T03:00:00","28.59","-123.09",,,"1","4","2","5",,,"11",,,,,,,,,"10194",,,"8",,,,,"9","206",,,,,,,,,,,,,"237","83","798","172","7","0",,"1","1FFF1F","1AAAA1AAA1AAAA","4",,,,,
"5102629","2021-09-19T03:00:00","22.06","-127.28",,,"1","4","2","5",,,"11",,,,,,,,,,,,"8",,,,,"9","235",,,,,,,,,,,,,"237","27","798","172","7","0",,"1","1FFFFF","1AAAAAAAA1AAAA","4",,,,,
"5301550","2021-09-19T03:00:00","21.27","-128.71",,,"1","4","2","5",,,"11",,,,,,,,,,,,"8",,,,,"9","254",,,,,,,,,,,,,"237","18","798","172","7","0",,"1","1FFFFF","1AAAAAAAA1AAAA","4",,,,,
"KS1043","2021-09-19T03:00:00","27.40","-122.40",,,"1","4","0","0","3","1","1","0","10","4","51",,,,,"10186","5","2","0","191","1","152","131","3","210",,,,"A",,,,,,,"11","3","237","72","992","114","5","1","2","1","111111","11AAA111118A71",,,"3",,,"4"
"4602715","2021-09-19T04:00:00","27.31","-122.64",,,"1","4","2","5",,,"11",,,,,,,,,"10197",,,"8",,,,,"9","210",,,,,,,,,,,,,"237","72","798","172","7","0",,"1","1FFF1F","1AAAA1AAA1AAAA","4",,,,,
"5102629","2021-09-19T04:00:00","22.07","-127.28",,,"1","4","2","5",,,"11",,,,,,,,,,,,"8",,,,,"9","234",,,,,,,,,,,,,"237","27","798","172","7","0",,"1","1FFFFF","1AAAAAAAA1AAAA","4",,,,,
"5301550","2021-09-19T04:00:00","21.27","-128.71",,,"1","4","2","5",,,"11",,,,,,,,,,,,"8",,,,,"9","254",,,,,,,,,,,,,"237","18","798","172","7","0",,"1","1FFFFF","1AAAAAAAA1AAAA","4",,,,,
"KS1043","2021-09-19T04:00:00","27.40","-122.40",,,"1","4","0","0","3","1","1","0","330","4","57",,,,,"10190","3","4","0","192","1","154","134","3","209",,,,"A",,,,,,,"11","3","237","72","992","114","5","1","2","1","111111","11AAA111118A71",,,"3",,,"4"
"4602718","2021-09-19T04:01:00","28.59","-123.09",,,"1","4","2","5",,,"11",,,,,,,,,"10200",,,"8",,,,,"9","206",,,,,,,,,,,,,"237","83","798","172","7","0",,"1","1FFF1F","1AAAA1AAA1AAAA","4",,,,,
"4602715","2021-09-19T05:00:00","27.30","-122.64",,,"1","4","2","5",,,"11",,,,,,,,,"10202",,,"8",,,,,"9","210",,,,,,,,,,,,,"237","72","798","172","7","0",,"1","1FFF1F","1AAAA1AAA1AAAA","4",,,,,
"5102629","2021-09-19T05:00:00","22.07","-127.28",,,"1","4","2","5",,,"11",,,,,,,,,,,,"8",,,,,"9","234",,,,,,,,,,,,,"237","27","798","172","7","0",,"1","1FFFFF","1AAAAAAAA1AAAA","4",,,,,
"5301550","2021-09-19T05:00:00","21.27","-128.70",,,"1","4","2","5",,,"11",,,,,,,,,,,,"8",,,,,"9","253",,,,,,,,,,,,,"237","18","798","172","7","0",,"1","1FFFFF","1AAAAAAAA1AAAA","4",,,,,
"KS1043","2021-09-19T05:00:00","27.40","-122.40",,,"1","4","0","0","3","1","1","0","340","4","41",,,,,"10195","2","11","0","191","1","155","136","3","209",,,,"A",,,,,,,"11","3","237","72","992","114","5","1","2","1","111111","11AAA111118A71",,,"3",,,"4"
"4602718","2021-09-19T05:01:00","28.59","-123.08",,,"1","4","2","5",,,"11",,,,,,,,,"10207",,,"8",,,,,"9","206",,,,,,,,,,,,,"237","83","798","172","7","0",,"1","1FFF1F","1AAAA1AAA1AAAA","4",,,,,
"4602710","2021-09-19T06:00:00","21.95","-121.18",,,"1","4","2","5",,,"11",,,,,,,,,,,,"8",,,,,"9","255",,,,,,,,,,,,,"237","11","798","172","7","0",,"1","1FFFFF","1AAAAAAAA1AAAA","4",,,,,
"4602715","2021-09-19T06:00:00","27.30","-122.64",,,"1","4","2","5",,,"11",,,,,,,,,"10205",,,"8",,,,,"9","210",,,,,,,,,,,,,"237","72","798","172","7","0",,"1","1FFF1F","1AAAA1AAA1AAAA","4",,,,,
"4602718","2021-09-19T06:00:00","28.58","-123.08",,,"1","4","2","5",,,"11",,,,,,,,,"10206",,,"8",,,,,"9","206",,,,,,,,,,,,,"237","83","798","172","7","0",,"1","1FFF1F","1AAAA1AAA1AAAA","4",,,,,
"5102629","2021-09-19T06:00:00","22.07","-127.29",,,"1","4","2","5",,,"11",,,,,,,,,,,,"8",,,,,"9","233",,,,,,,,,,,,,"237","27","798","172","7","0",,"1","1FFFFF","1AAAAAAAA1AAAA","4",,,,,
"5301550","2021-09-19T06:00:00","21.27","-128.70",,,"1","4","2","5",,,"11",,,,,,,,,,,,"8",,,,,"9","253",,,,,,,,,,,,,"237","18","798","172","7","0",,"1","1FFFFF","1AAAAAAAA1AAAA","4",,,,,
"KS1043","2021-09-19T06:00:00","27.30","-122.40",,,"1","4","0","0","3","1","1","0","350","4","46",,,,,"10199","2","13","0","190","1","154","134","3","209",,,,"A",,,,,,,"11","3","237","72","992","114","5","1","2","1","111111","11AAA111118A71",,,"3",,,"4"
"4602715","2021-09-19T07:00:00","27.29","-122.64",,,"1","4","2","5",,,"11",,,,,,,,,"10203",,,"8",,,,,"9","210",,,,,,,,,,,,,"237","72","798","172","7","0",,"1","1FFF1F","1AAAA1AAA1AAAA","4",,,,,
"4602718","2021-09-19T07:00:00","28.58","-123.08",,,"1","4","2","5",,,"11",,,,,,,,,"10205",,,"8",,,,,"9","206",,,,,,,,,,,,,"237","83","798","172","7","0",,"1","1FFF1F","1AAAA1AAA1AAAA","4",,,,,
"5102629","2021-09-19T07:00:00","22.07","-127.29",,,"1","4","2","5",,,"11",,,,,,,,,,,,"8",,,,,"9","233",,,,,,,,,,,,,"237","27","798","172","7","0",,"1","1FFFFF","1AAAAAAAA1AAAA","4",,,,,
"5301550","2021-09-19T07:00:00","21.26","-128.70",,,"1","4","2","5",,,"11",,,,,,,,,,,,"8",,,,,"9","253",,,,,,,,,,,,,"237","18","798","172","7","0",,"1","1FFFFF","1AAAAAAAA1AAAA","4",,,,,
"KS1043","2021-09-19T07:00:00","27.30","-122.40",,,"1","4","0","0","3","1","1","0","20","4","62",,,,,"10199","2","13","0","189","1","154","135","3","209",,,,"A",,,,,,,"12","3","237","72","992","114","5","1","2","1","111111","11AAA111118A71",,,"3",,,"4"
"4602715","2021-09-19T08:00:00","27.28","-122.65",,,"1","4","2","5",,,"11",,,,,,,,,"10202",,,"8",,,,,"9","210",,,,,,,,,,,,,"237","72","798","172","7","0",,"1","1FFF1F","1AAAA1AAA1AAAA","4",,,,,
"5102629","2021-09-19T08:00:00","22.07","-127.29",,,"1","4","2","5",,,"11",,,,,,,,,,,,"8",,,,,"9","233",,,,,,,,,,,,,"237","27","798","172","7","0",,"1","1FFFFF","1AAAAAAAA1AAAA","4",,,,,
"5301550","2021-09-19T08:00:00","21.26","-128.70",,,"1","4","2","5",,,"11",,,,,,,,,,,,"8",,,,,"9","252",,,,,,,,,,,,,"237","18","798","172","7","0",,"1","1FFFFF","1AAAAAAAA1AAAA","4",,,,,
"KS1043","2021-09-19T08:00:00","27.30","-122.40",,,"1","4","0","0","3","1","1","0","360","4","51",,,,,"10198","2","6","0","187","1","149","129","3","210",,,,"A",,,,,,,"11","3","237","72","992","114","5","1","2","1","111111","11AAA111118A71",,,"3",,,"4"
"4602718","2021-09-19T08:01:00","28.58","-123.08",,,"1","4","2","5",,,"11",,,,,,,,,"10204",,,"8",,,,,"9","205",,,,,,,,,,,,,"237","83","798","172","7","0",,"1","1FFF1F","1AAAA1AAA1AAAA","4",,,,,
"4602710","2021-09-19T09:00:00","21.94","-121.18",,,"1","4","2","5",,,"11",,,,,,,,,,,,"8",,,,,"9","255",,,,,,,,,,,,,"237","11","798","172","7","0",,"1","1FFFFF","1AAAAAAAA1AAAA","4",,,,,
"4602715","2021-09-19T09:00:00","27.27","-122.65",,,"1","4","2","5",,,"11",,,,,,,,,"10199",,,"8",,,,,"9","210",,,,,,,,,,,,,"237","72","798","172","7","0",,"1","1FFF1F","1AAAA1AAA1AAAA","4",,,,,
"5102629","2021-09-19T09:00:00","22.07","-127.29",,,"1","4","2","5",,,"11",,,,,,,,,,,,"8",,,,,"9","233",,,,,,,,,,,,,"237","27","798","172","7","0",,"1","1FFFFF","1AAAAAAAA1AAAA","4",,,,,
"5301550","2021-09-19T09:00:00","21.26","-128.70",,,"1","4","2","5",,,"11",,,,,,,,,,,,"8",,,,,"9","252",,,,,,,,,,,,,"237","18","798","172","7","0",,"1","1FFFFF","1AAAAAAAA1AAAA","4",,,,,
"KS1043","2021-09-19T09:00:00","27.30","-122.30",,,"1","4","0","0","3","1","1","0","360","4","41",,,,,"10194","0","0","0","190","1","156","138","3","210",,,,"A",,,,,,,"12","3","237","72","992","114","5","1","2","1","111111","11AAA111118A71",,,"3",,,"4"
"4602718","2021-09-19T09:01:00","28.57","-123.08",,,"1","4","2","5",,,"11",,,,,,,,,"10202",,,"8",,,,,"9","206",,,,,,,,,,,,,"237","83","798","172","7","0",,"1","1FFF1F","1AAAA1AAA1AAAA","4",,,,,
"4602715","2021-09-19T10:00:00","27.27","-122.66",,,"1","4","2","5",,,"11",,,,,,,,,"10196",,,"8",,,,,"9","210",,,,,,,,,,,,,"237","72","798","172","7","0",,"1","1FFF1F","1AAAA1AAA1AAAA","4",,,,,
"4602718","2021-09-19T10:00:00","28.57","-123.08",,,"1","4","2","5",,,"11",,,,,,,,,"10198",,,"8",,,,,"9","206",,,,,,,,,,,,,"237","83","798","172","7","0",,"1","1FFF1F","1AAAA1AAA1AAAA","4",,,,,
"5102629","2021-09-19T10:00:00","22.07","-127.29",,,"1","4","2","5",,,"11",,,,,,,,,,,,"8",,,,,"9","233",,,,,,,,,,,,,"237","27","798","172","7","0",,"1","1FFFFF","1AAAAAAAA1AAAA","4",,,,,
"5301550","2021-09-19T10:00:00","21.25","-128.70",,,"1","4","2","5",,,"11",,,,,,,,,,,,"8",,,,,"9","252",,,,,,,,,,,,,"237","18","798","172","7","0",,"1","1FFFFF","1AAAAAAAA1AAAA","4",,,,,
"KS1043","2021-09-19T10:00:00","27.30","-122.30",,,"1","4","0","0","4","1","1","0","350","4","77",,,,,"10191","7","6","0","189","1","156","138","3","211",,,,"A",,,,,,,"11","3","237","72","992","114","5","1","2","1","111111","11AAA111118A71",,,"3",,,"4"
"4602715","2021-09-19T11:00:00","27.27","-122.66",,,"1","4","2","5",,,"11",,,,,,,,,"10190",,,"8",,,,,"9","210",,,,,,,,,,,,,"237","72","798","172","7","0",,"1","1FFF1F","1AAAA1AAA1AAAA","4",,,,,
"4602718","2021-09-19T11:00:00","28.57","-123.08",,,"1","4","2","5",,,"11",,,,,,,,,"10195",,,"8",,,,,"9","206",,,,,,,,,,,,,"237","83","798","172","7","0",,"1","1FFF1F","1AAAA1AAA1AAAA","4",,,,,
"5102629","2021-09-19T11:00:00","22.07","-127.29",,,"1","4","2","5",,,"11",,,,,,,,,,,,"8",,,,,"9","233",,,,,,,,,,,,,"237","27","798","172","7","0",,"1","1FFFFF","1AAAAAAAA1AAAA","4",,,,,
"5301550","2021-09-19T11:00:00","21.25","-128.70",,,"1","4","2","5",,,"11",,,,,,,,,,,,"8",,,,,"9","252",,,,,,,,,,,,,"237","18","798","172","7","0",,"1","1FFFFF","1AAAAAAAA1AAAA","4",,,,,
"KS1043","2021-09-19T11:00:00","27.20","-122.30",,,"1","4","0","0","4","1","1","0","20","4","62",,,,,"10188","7","9","0","186","1","149","129","3","211",,,,"A",,,,,,,"11","3","237","72","992","114","5","1","2","1","111111","11AAA111118A71",,,"3",,,"4"
"4602710","2021-09-19T12:00:00","21.93","-121.18",,,"1","4","2","5",,,"11",,,,,,,,,,,,"8",,,,,"9","254",,,,,,,,,,,,,"237","11","798","172","7","0",,"1","1FFFFF","1AAAAAAAA1AAAA","4",,,,,
"4602715","2021-09-19T12:00:00","27.26","-122.67",,,"1","4","2","5",,,"11",,,,,,,,,"10188",,,"8",,,,,"9","209",,,,,,,,,,,,,"237","72","798","172","7","0",,"1","1FFF1F","1AAAA1AAA1AAAA","4",,,,,
"4602718","2021-09-19T12:00:00","28.57","-123.08",,,"1","4","2","5",,,"11",,,,,,,,,"10194",,,"8",,,,,"9","205",,,,,,,,,,,,,"237","83","798","172","7","0",,"1","1FFF1F","1AAAA1AAA1AAAA","4",,,,,
"5102629","2021-09-19T12:00:00","22.07","-127.29",,,"1","4","2","5",,,"11",,,,,,,,,,,,"8",,,,,"9","233",,,,,,,,,,,,,"237","27","798","172","7","0",,"1","1FFFFF","1AAAAAAAA1AAAA","4",,,,,
"5301550","2021-09-19T12:00:00","21.26","-128.70",,,"1","4","2","5",,,"11",,,,,,,,,,,,"8",,,,,"9","252",,,,,,,,,,,,,"237","18","798","172","7","0",,"1","1FFFFF","1AAAAAAAA1AAAA","4",,,,,
"KS1043","2021-09-19T12:00:00","27.20","-122.30",,,"1","4","0","0","3","1","1","0","330","4","62",,,,,"10183","7","13","0","185","1","149","130","3","210",,,,"A",,,,,,,"11","3","237","72","992","114","5","1","2","1","111111","11AAA111118A71",,,"3",,,"4"
"3FOC5","2021-09-19T13:00:00","26.30","-125.64",,,"1","5","2","5","4","1","1",,,,,,,,,"10198","1","11","8","276",,"243","230",,,,,"A",,"A","A",,,,,,,"237","65","798","172","5","0",,"1","F5FF11","1AAAA1111A8AA1",,"5",,,,
"4602715","2021-09-19T13:00:00","27.26","-122.67",,,"1","4","2","5",,,"11",,,,,,,,,"10194",,,"8",,,,,"9","209",,,,,,,,,,,,,"237","72","798","172","7","0",,"1","1FFF1F","1AAAA1AAA1AAAA","4",,,,,
"4602718","2021-09-19T13:00:00","28.57","-123.08",,,"1","4","2","5",,,"11",,,,,,,,,"10198",,,"8",,,,,"9","205",,,,,,,,,,,,,"237","83","798","172","7","0",,"1","1FFF1F","1AAAA1AAA1AAAA","4",,,,,
"5102629","2021-09-19T13:00:00","22.07","-127.29",,,"1","4","2","5",,,"11",,,,,,,,,,,,"8",,,,,"9","232",,,,,,,,,,,,,"237","27","798","172","7","0",,"1","1FFFFF","1AAAAAAAA1AAAA","4",,,,,
"5301550","2021-09-19T13:00:00","21.26","-128.70",,,"1","4","2","5",,,"11",,,,,,,,,,,,"8",,,,,"9","252",,,,,,,,,,,,,"237","18","798","172","7","0",,"1","1FFFFF","1AAAAAAAA1AAAA","4",,,,,
"KS1043","2021-09-19T13:00:00","27.20","-122.30",,,"1","4","0","0","3","1","1","0","360","4","51",,,,,"10186","7","9","0","184","1","149","130","3","210",,,,"A",,,,,,,"9","3","237","72","992","114","5","1","2","1","111111","11AAA111118A71",,,"3",,,"4"
"3FOC5","2021-09-19T14:00:00","26.30","-125.64",,,"1","5","2","5","4","1","1",,,,,,,,,"10202","3","10","8","276",,"245","232",,,,,"A",,"A","A",,,,,,,"237","65","798","172","5","0",,"1","F5FF11","1AAAA1111A8AA1",,"5",,,,
"4602715","2021-09-19T14:00:00","27.25","-122.67",,,"1","4","2","5",,,"11",,,,,,,,,"10197",,,"8",,,,,"9","209",,,,,,,,,,,,,"237","72","798","172","7","0",,"1","1FFF1F","1AAAA1AAA1AAAA","4",,,,,
"4602718","2021-09-19T14:00:00","28.57","-123.08",,,"1","4","2","5",,,"11",,,,,,,,,"10199",,,"8",,,,,"9","205",,,,,,,,,,,,,"237","83","798","172","7","0",,"1","1FFF1F","1AAAA1AAA1AAAA","4",,,,,
"5102629","2021-09-19T14:00:00","22.07","-127.29",,,"1","4","2","5",,,"11",,,,,,,,,,,,"8",,,,,"9","233",,,,,,,,,,,,,"237","27","798","172","7","0",,"1","1FFFFF","1AAAAAAAA1AAAA","4",,,,,
"5301550","2021-09-19T14:00:00","21.26","-128.70",,,"1","4","2","5",,,"11",,,,,,,,,,,,"8",,,,,"9","252",,,,,,,,,,,,,"237","18","798","172","7","0",,"1","1FFFFF","1AAAAAAAA1AAAA","4",,,,,
"KS1043","2021-09-19T14:00:00","27.10","-122.30",,,"1","4","0","0","4","1","1","0","20","4","62",,,,,"10192","5","1","0","186","1","152","134","3","209",,,,"A",,,,,,,"11","3","237","72","992","114","5","1","2","1","111111","11AAA111118A71",,,"3",,,"4"
"4602710","2021-09-19T15:00:00","21.92","-121.19",,,"1","4","2","5",,,"11",,,,,,,,,,,,"8",,,,,"9","254",,,,,,,,,,,,,"237","11","798","172","7","0",,"2","1FFFFF","1AAAAAAAA1AAAA","4",,,,,
"4602715","2021-09-19T15:00:00","27.25","-122.67",,,"1","4","2","5",,,"11",,,,,,,,,"10197",,,"8",,,,,"9","209",,,,,,,,,,,,,"237","72","798","172","7","0",,"2","1FFF1F","1AAAA1AAA1AAAA","4",,,,,
"4602718","2021-09-19T15:00:00","28.57","-123.08",,,"1","4","2","5",,,"11",,,,,,,,,"10204",,,"8",,,,,"9","205",,,,,,,,,,,,,"237","83","798","172","7","0",,"2","1FFF1F","1AAAA1AAA1AAAA","4",,,,,
"5102629","2021-09-19T15:00:00","22.07","-127.29",,,"1","4","2","5",,,"11",,,,,,,,,,,,"8",,,,,"9","232",,,,,,,,,,,,,"237","27","798","172","7","0",,"2","1FFFFF","1AAAAAAAA1AAAA","4",,,,,
"5301550","2021-09-19T15:00:00","21.26","-128.70",,,"1","4","2","5",,,"11",,,,,,,,,,,,"8",,,,,"9","252",,,,,,,,,,,,,"237","18","798","172","7","0",,"2","1FFFFF","1AAAAAAAA1AAAA","4",,,,,
"KS1043","2021-09-19T15:00:00","27.10","-122.20",,,"1","4","0","0","3","1","1","0","360","4","57",,,,,"10191","2","8","0","187","1","155","138","3","209",,,,"A",,,,,,,"11","3","237","72","992","114","5","1","2","2","111111","11AAA111118A71",,,"3",,,"4"
"4602715","2021-09-19T16:00:00","27.24","-122.66",,,"1","4","2","5",,,"11",,,,,,,,,"10201",,,"8",,,,,"9","209",,,,,,,,,,,,,"237","72","798","172","7","0",,"2","1FFF1F","1AAAA1AAA1AAAA","4",,,,,
"4602718","2021-09-19T16:00:00","28.57","-123.08",,,"1","4","2","5",,,"11",,,,,,,,,"10205",,,"8",,,,,"9","205",,,,,,,,,,,,,"237","83","798","172","7","0",,"2","1FFF1F","1AAAA1AAA1AAAA","4",,,,,
"5102629","2021-09-19T16:00:00","22.06","-127.27",,,"1","4","2","5",,,"11",,,,,,,,,,,,"8",,,,,"9","232",,,,,,,,,,,,,"237","27","798","172","7","0",,"2","1FFFFF","1AAAAAAAA1AAAA","4",,,,,
"5301550","2021-09-19T16:00:00","21.27","-128.70",,,"1","4","2","5",,,"11",,,,,,,,,,,,"8",,,,,"9","252",,,,,,,,,,,,,"237","18","798","172","7","0",,"2","1FFFFF","1AAAAAAAA1AAAA","4",,,,,
"KS1043","2021-09-19T16:00:00","27.10","-122.20",,,"1","4","0","0","4","1","1","0","360","4","62",,,,,"10194","2","8","0","187","1","154","137","3","210",,,,"A",,,,,,,"11","3","237","72","992","114","5","1","2","2","111111","11AAA111118A71",,,"3",,,"4"
"4602715","2021-09-19T17:00:00","27.24","-122.66",,,"1","4","2","5",,,"11",,,,,,,,,"10203",,,"8",,,,,"9","209",,,,,,,,,,,,,"237","72","798","172","7","0",,"2","1FFF1F","1AAAA1AAA1AAAA","4",,,,,
"4602718","2021-09-19T17:00:00","28.57","-123.08",,,"1","4","2","5",,,"11",,,,,,,,,"10206",,,"8",,,,,"9","205",,,,,,,,,,,,,"237","83","798","172","7","0",,"2","1FFF1F","1AAAA1AAA1AAAA","4",,,,,
"5102629","2021-09-19T17:00:00","22.05","-127.27",,,"1","4","2","5",,,"11",,,,,,,,,,,,"8",,,,,"9","233",,,,,,,,,,,,,"237","27","798","172","7","0",,"2","1FFFFF","1AAAAAAAA1AAAA","4",,,,,
"5301550","2021-09-19T17:00:00","21.27","-128.70",,,"1","4","2","5",,,"11",,,,,,,,,,,,"8",,,,,"9","252",,,,,,,,,,,,,"237","18","798","172","7","0",,"2","1FFFFF","1AAAAAAAA1AAAA","4",,,,,
"KS1043","2021-09-19T17:00:00","27.00","-122.20",,,"1","4","0","0","3","1","1","0","360","4","77",,,,,"10196","2","6","0","189","1","159","143","3","210",,,,"A",,,,,,,"11","3","237","72","992","114","5","1","2","2","111111","11AAA111118A71",,,"3",,,"4"
"4602710","2021-09-19T18:00:00","21.91","-121.20",,,"1","4","2","5",,,"11",,,,,,,,,,,,"8",,,,,"9","255",,,,,,,,,,,,,"237","11","798","172","7","0",,"2","1FFFFF","1AAAAAAAA1AAAA","4",,,,,
"4602715","2021-09-19T18:00:00","27.23","-122.67",,,"1","4","2","5",,,"11",,,,,,,,,"10206",,,"8",,,,,"9","209",,,,,,,,,,,,,"237","72","798","172","7","0",,"2","1FFF1F","1AAAA1AAA1AAAA","4",,,,,
"4602718","2021-09-19T18:00:00","28.57","-123.08",,,"1","4","2","5",,,"11",,,,,,,,,"10208",,,"8",,,,,"9","206",,,,,,,,,,,,,"237","83","798","172","7","0",,"2","1FFF1F","1AAAA1AAA1AAAA","4",,,,,
"5102629","2021-09-19T18:00:00","22.05","-127.27",,,"1","4","2","5",,,"11",,,,,,,,,,,,"8",,,,,"9","233",,,,,,,,,,,,,"237","27","798","172","7","0",,"2","1FFFFF","1AAAAAAAA1AAAA","4",,,,,
"5301550","2021-09-19T18:00:00","21.27","-128.70",,,"1","4","2","5",,,"11",,,,,,,,,,,,"8",,,,,"9","252",,,,,,,,,,,,,"237","18","798","172","7","0",,"2","1FFFFF","1AAAAAAAA1AAAA","4",,,,,
"KS1043","2021-09-19T18:00:00","27.00","-122.20",,,"1","4","0","0","3","1","1","0","20","4","62",,,,,"10198","2","6","0","190","1","157","141","3","211",,,,"A",,,,,,,"11","3","237","72","992","114","5","1","2","2","111111","11AAA111118A71",,,"3",,,"4"
"4602715","2021-09-19T19:00:00","27.22","-122.67",,,"1","4","2","5",,,"11",,,,,,,,,"10203",,,"8",,,,,"9","209",,,,,,,,,,,,,"237","72","798","172","7","0",,"2","1FFF1F","1AAAA1AAA1AAAA","4",,,,,
"4602718","2021-09-19T19:00:00","28.57","-123.08",,,"1","4","2","5",,,"11",,,,,,,,,"10207",,,"8",,,,,"9","206",,,,,,,,,,,,,"237","83","798","172","7","0",,"2","1FFF1F","1AAAA1AAA1AAAA","4",,,,,
"5102629","2021-09-19T19:00:00","22.05","-127.27",,,"1","4","2","5",,,"11",,,,,,,,,,,,"8",,,,,"9","233",,,,,,,,,,,,,"237","27","798","172","7","0",,"2","1FFFFF","1AAAAAAAA1AAAA","4",,,,,
"5301550","2021-09-19T19:00:00","21.27","-128.70",,,"1","4","2","5",,,"11",,,,,,,,,,,,"8",,,,,"9","252",,,,,,,,,,,,,"237","18","798","172","7","0",,"2","1FFFFF","1AAAAAAAA1AAAA","4",,,,,
"KS1043","2021-09-19T19:00:00","27.00","-122.20",,,"1","4","0","0","3","1","1","0","10","4","51",,,,,"10197","2","6","0","192","1","161","145","3","213",,,,"A",,,,,,,"11","3","237","72","992","114","5","1","2","2","111111","11AAA111118A71",,,"3",,,"4"
"4602715","2021-09-19T20:00:00","27.21","-122.67",,,"1","4","2","5",,,"11",,,,,,,,,"10199",,,"8",,,,,"9","210",,,,,,,,,,,,,"237","72","798","172","7","0",,"2","1FFF1F","1AAAA1AAA1AAAA","4",,,,,
"4602718","2021-09-19T20:00:00","28.57","-123.08",,,"1","4","2","5",,,"11",,,,,,,,,"10204",,,"8",,,,,"9","206",,,,,,,,,,,,,"237","83","798","172","7","0",,"2","1FFF1F","1AAAA1AAA1AAAA","4",,,,,
"5102629","2021-09-19T20:00:00","22.04","-127.27",,,"1","4","2","5",,,"11",,,,,,,,,,,,"8",,,,,"9","234",,,,,,,,,,,,,"237","27","798","172","7","0",,"2","1FFFFF","1AAAAAAAA1AAAA","4",,,,,
"5301550","2021-09-19T20:00:00","21.27","-128.71",,,"1","4","2","5",,,"11",,,,,,,,,,,,"8",,,,,"9","253",,,,,,,,,,,,,"237","18","798","172","7","0",,"2","1FFFFF","1AAAAAAAA1AAAA","4",,,,,
"KS1043","2021-09-19T20:00:00","27.00","-122.20",,,"1","4","0","0","3","1","1","0","340","4","57",,,,,"10194","0","1","0","193","1","159","142","3","213",,,,"A",,,,,,,"11","3","237","72","992","114","5","1","2","2","111111","11AAA111118A71",,,"3",,,"4"
"VRBI8","2021-09-19T20:00:00","28.90","-121.00",,,"1","5","2","5","3","4","1",,"360","4","113","1","98",,"2","10230","6","10","8","190",,"160","138",,,"7","7","2","4","A","A",,"4","2","31","10","3","237","81","798","172","5","1","2","2","F11131","111A11111A1111",,"5",,"1",,
"4602710","2021-09-19T21:00:00","21.91","-121.21",,,"1","4","2","5",,,"11",,,,,,,,,,,,"8",,,,,"9","256",,,,,,,,,,,,,"237","11","798","172","7","0",,"2","1FFFFF","1AAAAAAAA1AAAA","4",,,,,
"4602715","2021-09-19T21:00:00","27.20","-122.67",,,"1","4","2","5",,,"11",,,,,,,,,"10194",,,"8",,,,,"9","210",,,,,,,,,,,,,"237","72","798","172","7","0",,"2","1FFF1F","1AAAA1AAA1AAAA","4",,,,,
"4602718","2021-09-19T21:00:00","28.57","-123.08",,,"1","4","2","5",,,"11",,,,,,,,,"10200",,,"8",,,,,"9","206",,,,,,,,,,,,,"237","83","798","172","7","0",,"2","1FFF1F","1AAAA1AAA1AAAA","4",,,,,
"5102629","2021-09-19T21:00:00","22.04","-127.27",,,"1","4","2","5",,,"11",,,,,,,,,,,,"8",,,,,"9","235",,,,,,,,,,,,,"237","27","798","172","7","0",,"2","1FFFFF","1AAAAAAAA1AAAA","4",,,,,
"5301550","2021-09-19T21:00:00","21.28","-128.71",,,"1","4","2","5",,,"11",,,,,,,,,,,,"8",,,,,"9","253",,,,,,,,,,,,,"237","18","798","172","7","0",,"2","1FFFFF","1AAAAAAAA1AAAA","4",,,,,
"KS1043","2021-09-19T21:00:00","27.00","-122.20",,,"1","4","0","0","4","1","1","0","350","4","62",,,,,"10189","7","7","0","194","1","159","142","3","213",,,,"A",,,,,,,"14","3","237","72","992","114","5","1","2","2","111111","11AAA111118A71",,,"3",,,"4"
"4602718","2021-09-19T22:00:00","28.57","-123.08",,,"1","4","2","5",,,"11",,,,,,,,,"10194",,,"8",,,,,"9","207",,,,,,,,,,,,,"237","83","798","172","7","0",,"2","1FFF1F","1AAAA1AAA1AAAA","4",,,,,
"5102629","2021-09-19T22:00:00","22.03","-127.28",,,"1","4","2","5",,,"11",,,,,,,,,,,,"8",,,,,"9","235",,,,,,,,,,,,,"237","27","798","172","7","0",,"2","1FFFFF","1AAAAAAAA1AAAA","4",,,,,
"5301550","2021-09-19T22:00:00","21.29","-128.71",,,"1","4","2","5",,,"11",,,,,,,,,,,,"8",,,,,"9","253",,,,,,,,,,,,,"237","18","798","172","7","0",,"2","1FFFFF","1AAAAAAAA1AAAA","4",,,,,
"KS1043","2021-09-19T22:00:00","26.90","-122.20",,,"1","4","0","0","4","1","1","0","340","4","72",,,,,"10183","7","11","0","194","1","162","146","3","213",,,,"A",,,,,,,"10","3","237","62","992","114","5","1","2","2","111111","11AAA111118A71",,,"3",,,"4"
"4602715","2021-09-19T22:01:00","27.20","-122.68",,,"1","4","2","5",,,"11",,,,,,,,,"10189",,,"8",,,,,"9","210",,,,,,,,,,,,,"237","72","798","172","7","0",,"2","1FFF1F","1AAAA1AAA1AAAA","4",,,,,
"4602718","2021-09-19T23:00:00","28.57","-123.08",,,"1","4","2","5",,,"11",,,,,,,,,"10188",,,"8",,,,,"9","206",,,,,,,,,,,,,"237","83","798","172","7","0",,"2","1FFF1F","1AAAA1AAA1AAAA","4",,,,,
"5102629","2021-09-19T23:00:00","22.03","-127.28",,,"1","4","2","5",,,"11",,,,,,,,,,,,"8",,,,,"9","235",,,,,,,,,,,,,"237","27","798","172","7","0",,"2","1FFFFF","1AAAAAAAA1AAAA","4",,,,,
"5301550","2021-09-19T23:00:00","21.29","-128.71",,,"1","4","2","5",,,"11",,,,,,,,,,,,"8",,,,,"9","253",,,,,,,,,,,,,"237","18","798","172","7","0",,"2","1FFFFF","1AAAAAAAA1AAAA","4",,,,,
"KS1043","2021-09-19T23:00:00","26.90","-122.20",,,"1","4","0","0","3","1","1","0","10","4","67",,,,,"10178","7","14","0","195","1","163","147","3","212",,,,"A",,,,,,,"11","3","237","62","992","114","5","1","2","2","111111","11AAA111118A71",,,"3",,,"4"
"4602715","2021-09-19T23:03:00","27.19","-122.69",,,"1","4","2","5",,,"11",,,,,,,,,"10184",,,"8",,,,,"9","210",,,,,,,,,,,,,"237","72","798","172","7","0",,"2","1FFF1F","1AAAA1AAA1AAAA","4",,,,,
"3EYJ4","2021-09-20T00:00:00","27.90","-120.40",,,"1","5","2","5","9","0","1","5","10","4","87",,,,,,,,"8","199",,,,,,"8",,,"A",,,,,"3",,,,"237","70","798","172","5","1","2","2","F111FF","11AAAA1AAA13AA",,"5",,,,
"4602710","2021-09-20T00:00:00","21.91","-121.21",,,"1","4","2","5",,,"11",,,,,,,,,,,,"8",,,,,"9","256",,,,,,,,,,,,,"237","11","798","172","7","0",,"2","1FFFFF","1AAAAAAAA1AAAA","4",,,,,
"4602718","2021-09-20T00:00:00","28.57","-123.08",,,"1","4","2","5",,,"11",,,,,,,,,"10186",,,"8",,,,,"9","206",,,,,,,,,,,,,"237","83","798","172","7","0",,"2","1FFF1F","1AAAA1AAA1AAAA","4",,,,,
"5102629","2021-09-20T00:00:00","22.03","-127.28",,,"1","4","2","5",,,"11",,,,,,,,,,,,"8",,,,,"9","234",,,,,,,,,,,,,"237","27","798","172","7","0",,"2","1FFFFF","1AAAAAAAA1AAAA","4",,,,,
"5301550","2021-09-20T00:00:00","21.30","-128.70",,,"1","4","2","5",,,"11",,,,,,,,,,,,"8",,,,,"9","253",,,,,,,,,,,,,"237","18","798","172","7","0",,"2","1FFFFF","1AAAAAAAA1AAAA","4",,,,,
"9HA5066","2021-09-20T00:00:00","29.60","-122.10",,,"1","4","0","0",,,"1","0","320","3","129",,,"2",,"10160",,,"0",,,,,"3",,"8",,,"A",,,,,"2","34",,"4","237","92","992","114","5","1","2","2","77311F","11A1A11AA1133A",,,"1",,,"4"
"KS1043","2021-09-20T00:00:00","26.90","-122.10",,,"1","4","0","0","4","1","1","0","350","4","72",,,,,"10174","7","14","0","196","1","170","157","3","211",,,,"A",,,,,,,"9","3","237","62","992","114","5","1","2","2","111111","11AAA111118A71",,,"3",,,"4"
"4602715","2021-09-20T00:04:00","27.18","-122.69",,,"1","4","2","5",,,"11",,,,,,,,,"10180",,,"8",,,,,"9","210",,,,,,,,,,,,,"237","72","798","172","7","0",,"2","1FFF1F","1AAAA1AAA1AAAA","4",,,,,
"4602718","2021-09-20T01:00:00","28.57","-123.08",,,"1","4","2","5",,,"11",,,,,,,,,"10183",,,"8",,,,,"9","206",,,,,,,,,,,,,"237","83","798","172","7","0",,"2","1FFF1F","1AAAA1AAA1AAAA","4",,,,,
"5102629","2021-09-20T01:00:00","22.03","-127.28",,,"1","4","2","5",,,"11",,,,,,,,,,,,"8",,,,,"9","234",,,,,,,,,,,,,"237","27","798","172","7","0",,"2","1FFFFF","1AAAAAAAA1AAAA","4",,,,,
"5301550","2021-09-20T01:00:00","21.30","-128.70",,,"1","4","2","5",,,"11",,,,,,,,,,,,"8",,,,,"9","253",,,,,,,,,,,,,"237","18","798","172","7","0",,"2","1FFFFF","1AAAAAAAA1AAAA","4",,,,,
"KS1043","2021-09-20T01:00:00","26.90","-122.10",,,"1","4","0","0","3","1","1","0","360","4","82",,,,,"10170","7","14","0","197","1","165","149","3","211",,,,"A",,,,,,,"10","3","237","62","992","114","5","1","2","2","111111","11AAA111118A71",,,"3",,,"4"
"4602715","2021-09-20T01:04:00","27.18","-122.70",,,"1","4","2","5",,,"11",,,,,,,,,"10177",,,"8",,,,,"9","210",,,,,,,,,,,,,"237","72","798","172","7","0",,"2","1FFF1F","1AAAA1AAA1AAAA","4",,,,,
"4602718","2021-09-20T02:00:00","28.57","-123.08",,,"1","4","2","5",,,"11",,,,,,,,,"10183",,,"8",,,,,"9","206",,,,,,,,,,,,,"237","83","798","172","7","0",,"2","1FFF1F","1AAAA1AAA1AAAA","4",,,,,
"5102629","2021-09-20T02:00:00","22.01","-127.28",,,"1","4","2","5",,,"11",,,,,,,,,,,,"8",,,,,"9","234",,,,,,,,,,,,,"237","27","798","172","7","0",,"2","1FFFFF","1AAAAAAAA1AAAA","4",,,,,
"5301550","2021-09-20T02:00:00","21.31","-128.70",,,"1","4","2","5",,,"11",,,,,,,,,,,,"8",,,,,"9","253",,,,,,,,,,,,,"237","18","798","172","7","0",,"2","1FFFFF","1AAAAAAAA1AAAA","4",,,,,
"KS1043","2021-09-20T02:00:00","26.80","-122.10",,,"1","4","0","0","3","1","1","0","350","4","77",,,,,"10170","7","11","0","194","1","171","160","3","212",,,,"A",,,,,,,"12","3","237","62","992","114","5","1","2","2","111111","11AAA111118A71",,,"3",,,"4"
"4602715","2021-09-20T02:04:00","27.18","-122.70",,,"1","4","2","5",,,"11",,,,,,,,,"10178",,,"8",,,,,"9","210",,,,,,,,,,,,,"237","72","798","172","7","0",,"2","1FFF1F","1AAAA1AAA1AAAA","4",,,,,
"4602710","2021-09-20T03:00:00","21.91","-121.22",,,"1","4","2","5",,,"11",,,,,,,,,,,,"8",,,,,"9","256",,,,,,,,,,,,,"237","11","798","172","7","0",,"1","1FFFFF","1AAAAAAAA1AAAA","4",,,,,
"5102629","2021-09-20T03:00:00","22.01","-127.28",,,"1","4","2","5",,,"11",,,,,,,,,,,,"8",,,,,"9","233",,,,,,,,,,,,,"237","27","798","172","7","0",,"1","1FFFFF","1AAAAAAAA1AAAA","4",,,,,
"5301550","2021-09-20T03:00:00","21.31","-128.69",,,"1","4","2","5",,,"11",,,,,,,,,,,,"8",,,,,"9","252",,,,,,,,,,,,,"237","18","798","172","7","0",,"1","1FFFFF","1AAAAAAAA1AAAA","4",,,,,
"KS1043","2021-09-20T03:00:00","26.80","-122.10",,,"1","4","0","0","3","1","1","0","360","4","72",,,,,"10170","7","7","0","199","1","172","160","3","213",,,,"A",,,,,,,"14","3","237","62","992","114","5","1","2","1","111111","11AAA111118A71",,,"3",,,"4"
"4602715","2021-09-20T03:01:00","27.17","-122.70",,,"1","4","2","5",,,"11",,,,,,,,,"10179",,,"8",,,,,"9","209",,,,,,,,,,,,,"237","72","798","172","7","0",,"1","1FFF1F","1AAAA1AAA1AAAA","4",,,,,
"4602718","2021-09-20T03:02:00","28.57","-123.07",,,"1","4","2","5",,,"11",,,,,,,,,"10183",,,"8",,,,,"9","206",,,,,,,,,,,,,"237","83","798","172","7","0",,"1","1FFF1F","1AAAA1AAA1AAAA","4",,,,,
"4602718","2021-09-20T04:00:00","28.57","-123.08",,,"1","4","2","5",,,"11",,,,,,,,,"10186",,,"8",,,,,"9","206",,,,,,,,,,,,,"237","83","798","172","7","0",,"1","1FFF1F","1AAAA1AAA1AAAA","4",,,,,
"5102629","2021-09-20T04:00:00","22.01","-127.28",,,"1","4","2","5",,,"11",,,,,,,,,,,,"8",,,,,"9","233",,,,,,,,,,,,,"237","27","798","172","7","0",,"1","1FFFFF","1AAAAAAAA1AAAA","4",,,,,
"5301550","2021-09-20T04:00:00","21.32","-128.68",,,"1","4","2","5",,,"11",,,,,,,,,,,,"8",,,,,"9","252",,,,,,,,,,,,,"237","18","798","172","7","0",,"1","1FFFFF","1AAAAAAAA1AAAA","4",,,,,
"KS1043","2021-09-20T04:00:00","26.80","-122.10",,,"1","4","0","0","3","1","1","0","10","4","72",,,,,"10173","5","2","0","200","1","171","158","3","213",,,,"A",,,,,,,"9","3","237","62","992","114","5","1","2","1","111111","11AAA111118A71",,,"3",,,"4"
"4602715","2021-09-20T04:01:00","27.17","-122.71",,,"1","4","2","5",,,"11",,,,,,,,,"10182",,,"8",,,,,"9","209",,,,,,,,,,,,,"237","72","798","172","7","0",,"1","1FFF1F","1AAAA1AAA1AAAA","4",,,,,
"4602715","2021-09-20T05:00:00","27.16","-122.71",,,"1","4","2","5",,,"11",,,,,,,,,"10186",,,"8",,,,,"9","209",,,,,,,,,,,,,"237","72","798","172","7","0",,"1","1FFF1F","1AAAA1AAA1AAAA","4",,,,,
"4602718","2021-09-20T05:00:00","28.56","-123.08",,,"1","4","2","5",,,"11",,,,,,,,,"10189",,,"8",,,,,"9","206",,,,,,,,,,,,,"237","83","798","172","7","0",,"1","1FFF1F","1AAAA1AAA1AAAA","4",,,,,
"5102629","2021-09-20T05:00:00","22.01","-127.28",,,"1","4","2","5",,,"11",,,,,,,,,,,,"8",,,,,"9","233",,,,,,,,,,,,,"237","27","798","172","7","0",,"1","1FFFFF","1AAAAAAAA1AAAA","4",,,,,
"5301550","2021-09-20T05:00:00","21.32","-128.68",,,"1","4","2","5",,,"11",,,,,,,,,,,,"8",,,,,"9","252",,,,,,,,,,,,,"237","18","798","172","7","0",,"1","1FFFFF","1AAAAAAAA1AAAA","4",,,,,
"KS1043","2021-09-20T05:00:00","26.70","-122.10",,,"1","4","0","0","3","1","1","0","20","4","62",,,,,"10177","2","6","0","196","1","176","168","3","213",,,,"A",,,,,,,"6","3","237","62","992","114","5","1","2","1","111111","11AAA111118A71",,,"3",,,"4"
"4602710","2021-09-20T06:00:00","21.91","-121.22",,,"1","4","2","5",,,"11",,,,,,,,,,,,"8",,,,,"9","255",,,,,,,,,,,,,"237","11","798","172","7","0",,"1","1FFFFF","1AAAAAAAA1AAAA","4",,,,,
"4602715","2021-09-20T06:00:00","27.15","-122.71",,,"1","4","2","5",,,"11",,,,,,,,,"10185",,,"8",,,,,"9","209",,,,,,,,,,,,,"237","72","798","172","7","0",,"1","1FFF1F","1AAAA1AAA1AAAA","4",,,,,
"4602718","2021-09-20T06:00:00","28.56","-123.08",,,"1","4","2","5",,,"11",,,,,,,,,"10187",,,"8",,,,,"9","206",,,,,,,,,,,,,"237","83","798","172","7","0",,"1","1FFF1F","1AAAA1AAA1AAAA","4",,,,,
"5102629","2021-09-20T06:00:00","22.01","-127.28",,,"1","4","2","5",,,"11",,,,,,,,,,,,"8",,,,,"9","233",,,,,,,,,,,,,"237","27","798","172","7","0",,"1","1FFFFF","1AAAAAAAA1AAAA","4",,,,,
"5301550","2021-09-20T06:00:00","21.32","-128.67",,,"1","4","2","5",,,"11",,,,,,,,,,,,"8",,,,,"9","252",,,,,,,,,,,,,"237","18","798","172","7","0",,"1","1FFFFF","1AAAAAAAA1AAAA","4",,,,,
"KS1043","2021-09-20T06:00:00","26.70","-122.00",,,"1","4","0","0","3","1","1","0","360","4","77",,,,,"10177","2","7","0","200","1","170","156","3","214",,,,"A",,,,,,,"14","3","237","62","992","114","5","1","2","1","111111","11AAA111118A71",,,"3",,,"4"
"OWLD2","2021-09-20T06:00:00","29.30","-120.20",,,"1","4","0","0","3","4","1","0","350","3","108",,"97","0","0","10160",,,"0","190","0","180","174","1","200","8","8","A","A","A","A",,,"3","26",,"3","237","90","992","114","5","1","2","1","111111","1111111111133A",,,"1","0",,"4"
"4602718","2021-09-20T07:00:00","28.56","-123.08",,,"1","4","2","5",,,"11",,,,,,,,,"10186",,,"8",,,,,"9","206",,,,,,,,,,,,,"237","83","798","172","7","0",,"1","1FFF1F","1AAAA1AAA1AAAA","4",,,,,
"5102629","2021-09-20T07:00:00","22.01","-127.28",,,"1","4","2","5",,,"11",,,,,,,,,,,,"8",,,,,"9","233",,,,,,,,,,,,,"237","27","798","172","7","0",,"1","1FFFFF","1AAAAAAAA1AAAA","4",,,,,
"5301550","2021-09-20T07:00:00","21.32","-128.66",,,"1","4","2","5",,,"11",,,,,,,,,,,,"8",,,,,"9","252",,,,,,,,,,,,,"237","18","798","172","7","0",,"1","1FFFFF","1AAAAAAAA1AAAA","4",,,,,
"KS1043","2021-09-20T07:00:00","26.70","-122.00",,,"1","4","0","0","4","1","1","0","10","4","77",,,,,"10175","0","5","0","203","1","177","165","3","215",,,,"A",,,,,,,"6","3","237","62","992","114","5","1","2","1","111111","11AAA111118A71",,,"3",,,"4"
"4602715","2021-09-20T07:01:00","27.15","-122.72",,,"1","4","2","5",,,"11",,,,,,,,,"10184",,,"8",,,,,"9","209",,,,,,,,,,,,,"237","72","798","172","7","0",,"1","1FFF1F","1AAAA1AAA1AAAA","4",,,,,
"4602715","2021-09-20T08:00:00","27.15","-122.72",,,"1","4","2","5",,,"11",,,,,,,,,"10181",,,"8",,,,,"9","209",,,,,,,,,,,,,"237","72","798","172","7","0",,"1","1FFF1F","1AAAA1AAA1AAAA","4",,,,,
"4602718","2021-09-20T08:00:00","28.55","-123.08",,,"1","4","2","5",,,"11",,,,,,,,,"10181",,,"8",,,,,"9","206",,,,,,,,,,,,,"237","83","798","172","7","0",,"1","1FFF1F","1AAAA1AAA1AAAA","4",,,,,
"5102629","2021-09-20T08:00:00","22.01","-127.28",,,"1","4","2","5",,,"11",,,,,,,,,,,,"8",,,,,"9","233",,,,,,,,,,,,,"237","27","798","172","7","0",,"1","1FFFFF","1AAAAAAAA1AAAA","4",,,,,
"5301550","2021-09-20T08:00:00","21.32","-128.66",,,"1","4","2","5",,,"11",,,,,,,,,,,,"8",,,,,"9","251",,,,,,,,,,,,,"237","18","798","172","7","0",,"1","1FFFFF","1AAAAAAAA1AAAA","4",,,,,
"KS1043","2021-09-20T08:00:00","26.70","-122.00",,,"1","4","0","0","4","1","1","0","360","4","77",,,,,"10175","0","0","0","200","1","174","162","3","216",,,,"A",,,,,,,"6","3","237","62","992","114","5","1","2","1","111111","11AAA111118A71",,,"3",,,"4"
"4602710","2021-09-20T09:00:00","21.92","-121.23",,,"1","4","2","5",,,"11",,,,,,,,,,,,"8",,,,,"9","254",,,,,,,,,,,,,"237","11","798","172","7","0",,"1","1FFFFF","1AAAAAAAA1AAAA","4",,,,,
"4602715","2021-09-20T09:00:00","27.14","-122.72",,,"1","4","2","5",,,"11",,,,,,,,,"10177",,,"8",,,,,"9","209",,,,,,,,,,,,,"237","72","798","172","7","0",,"1","1FFF1F","1AAAA1AAA1AAAA","4",,,,,
"4602718","2021-09-20T09:00:00","28.55","-123.08",,,"1","4","2","5",,,"11",,,,,,,,,"10176",,,"8",,,,,"9","206",,,,,,,,,,,,,"237","83","798","172","7","0",,"1","1FFF1F","1AAAA1AAA1AAAA","4",,,,,
"5102629","2021-09-20T09:00:00","22.01","-127.28",,,"1","4","2","5",,,"11",,,,,,,,,,,,"8",,,,,"9","233",,,,,,,,,,,,,"237","27","798","172","7","0",,"1","1FFFFF","1AAAAAAAA1AAAA","4",,,,,
"5301550","2021-09-20T09:00:00","21.32","-128.66",,,"1","4","2","5",,,"11",,,,,,,,,,,,"8",,,,,"9","251",,,,,,,,,,,,,"237","18","798","172","7","0",,"1","1FFFFF","1AAAAAAAA1AAAA","4",,,,,
"KS1043","2021-09-20T09:00:00","26.60","-122.00",,,"1","4","0","0","3","1","1","0","10","4","82",,,,,"10172","7","2","0","201","1","169","154","3","214",,,,"A",,,,,,,"6","3","237","62","992","114","5","1","2","1","111111","11AAA111118A71",,,"3",,,"4"
"4602718","2021-09-20T10:00:00","28.55","-123.08",,,"1","4","2","5",,,"11",,,,,,,,,"10172",,,"8",,,,,"9","206",,,,,,,,,,,,,"237","83","798","172","7","0",,"1","1FFF1F","1AAAA1AAA1AAAA","4",,,,,
"5102629","2021-09-20T10:00:00","22.01","-127.28",,,"1","4","2","5",,,"11",,,,,,,,,,,,"8",,,,,"9","233",,,,,,,,,,,,,"237","27","798","172","7","0",,"1","1FFFFF","1AAAAAAAA1AAAA","4",,,,,
"5301550","2021-09-20T10:00:00","21.31","-128.65",,,"1","4","2","5",,,"11",,,,,,,,,,,,"8",,,,,"9","251",,,,,,,,,,,,,"237","18","798","172","7","0",,"1","1FFFFF","1AAAAAAAA1AAAA","4",,,,,
"KS1043","2021-09-20T10:00:00","26.60","-122.00",,,"1","4","0","0","3","1","1","0","20","4","72",,,,,"10165","7","8","0","202","1","174","161","3","215",,,,"A",,,,,,,"14","3","237","62","992","114","5","1","2","1","111111","11AAA111118A71",,,"3",,,"4"
"4602715","2021-09-20T10:01:00","27.13","-122.72",,,"1","4","2","5",,,"11",,,,,,,,,"10171",,,"8",,,,,"9","209",,,,,,,,,,,,,"237","72","798","172","7","0",,"1","1FFF1F","1AAAA1AAA1AAAA","4",,,,,
"4602718","2021-09-20T11:00:00","28.55","-123.08",,,"1","4","2","5",,,"11",,,,,,,,,"10168",,,"8",,,,,"9","206",,,,,,,,,,,,,"237","83","798","172","7","0",,"1","1FFF1F","1AAAA1AAA1AAAA","4",,,,,
"5102629","2021-09-20T11:00:00","22.01","-127.28",,,"1","4","2","5",,,"11",,,,,,,,,,,,"8",,,,,"9","233",,,,,,,,,,,,,"237","27","798","172","7","0",,"1","1FFFFF","1AAAAAAAA1AAAA","4",,,,,
"5301550","2021-09-20T11:00:00","21.31","-128.65",,,"1","4","2","5",,,"11",,,,,,,,,,,,"8",,,,,"9","251",,,,,,,,,,,,,"237","18","798","172","7","0",,"1","1FFFFF","1AAAAAAAA1AAAA","4",,,,,
"KS1043","2021-09-20T11:00:00","26.60","-122.00",,,"1","4","0","0","3","1","1","0","20","4","57",,,,,"10161","7","14","0","196","1","178","171","3","216",,,,"A",,,,,,,"6","3","237","62","992","114","5","1","2","1","111111","11AAA111118A71",,,"3",,,"4"
"4602715","2021-09-20T11:04:00","27.13","-122.73",,,"1","4","2","5",,,"11",,,,,,,,,"10167",,,"8",,,,,"9","209",,,,,,,,,,,,,"237","72","798","172","7","0",,"1","1FFF1F","1AAAA1AAA1AAAA","4",,,,,
"4602710","2021-09-20T12:00:00","21.92","-121.23",,,"1","4","2","5",,,"11",,,,,,,,,,,,"8",,,,,"9","254",,,,,,,,,,,,,"237","11","798","172","7","0",,"1","1FFFFF","1AAAAAAAA1AAAA","4",,,,,
"4602718","2021-09-20T12:00:00","28.55","-123.09",,,"1","4","2","5",,,"11",,,,,,,,,"10169",,,"8",,,,,"9","206",,,,,,,,,,,,,"237","83","798","172","7","0",,"1","1FFF1F","1AAAA1AAA1AAAA","4",,,,,
"5102629","2021-09-20T12:00:00","22.01","-127.28",,,"1","4","2","5",,,"11",,,,,,,,,,,,"8",,,,,"9","233",,,,,,,,,,,,,"237","27","798","172","7","0",,"1","1FFFFF","1AAAAAAAA1AAAA","4",,,,,
"5301550","2021-09-20T12:00:00","21.32","-128.65",,,"1","4","2","5",,,"11",,,,,,,,,,,,"8",,,,,"9","251",,,,,,,,,,,,,"237","18","798","172","7","0",,"1","1FFFFF","1AAAAAAAA1AAAA","4",,,,,
"9HA5066","2021-09-20T12:00:00","29.30","-126.40",,,"1","4","0","0",,,"1","0","340","3","113",,"97","2",,"10180",,,"0","200",,,,"3","200","8",,,"A",,,,,"2","34",,"4","237","96","992","114","5","1","2","1","11111F","1111A11AA1133A",,,"1",,,"4"
"KS1043","2021-09-20T12:00:00","26.60","-121.90",,,"1","4","0","0","3","1","1","0","350","4","77",,,,,"10158","7","16","0","198","1","182","176","3","216",,,,"A",,,,,,,"6","3","237","61","992","114","5","1","2","1","111111","11AAA111118A71",,,"3",,,"4"
"4602715","2021-09-20T12:03:00","27.12","-122.73",,,"1","4","2","5",,,"11",,,,,,,,,"10166",,,"8",,,,,"9","209",,,,,,,,,,,,,"237","72","798","172","7","0",,"1","1FFF1F","1AAAA1AAA1AAAA","4",,,,,
"5102629","2021-09-20T13:00:00","22.01","-127.32",,,"1","4","2","5",,,"11",,,,,,,,,,,,"8",,,,,"9","233",,,,,,,,,,,,,"237","27","798","172","7","0",,"1","1FFFFF","1AAAAAAAA1AAAA","4",,,,,
"5301550","2021-09-20T13:00:00","21.32","-128.65",,,"1","4","2","5",,,"11",,,,,,,,,,,,"8",,,,,"9","251",,,,,,,,,,,,,"237","18","798","172","7","0",,"1","1FFFFF","1AAAAAAAA1AAAA","4",,,,,
"KS1043","2021-09-20T13:00:00","26.50","-121.90",,,"1","4","0","0","3","1","1","0","10","4","67",,,,,"10156","7","11","0","208","1","173","155","3","215",,,,"A",,,,,,,"14","3","237","61","992","114","5","1","2","1","111111","11AAA111118A71",,,"3",,,"4"
"4602718","2021-09-20T13:02:00","28.54","-123.09",,,"1","4","2","5",,,"11",,,,,,,,,"10172",,,"8",,,,,"9","205",,,,,,,,,,,,,"237","83","798","172","7","0",,"1","1FFF1F","1AAAA1AAA1AAAA","4",,,,,
"4602715","2021-09-20T14:00:00","27.11","-122.74",,,"1","4","2","5",,,"11",,,,,,,,,"10170",,,"8",,,,,"9","209",,,,,,,,,,,,,"237","72","798","172","7","0",,"1","1FFF1F","1AAAA1AAA1AAAA","4",,,,,
"4602718","2021-09-20T14:00:00","28.54","-123.09",,,"1","4","2","5",,,"11",,,,,,,,,"10176",,,"8",,,,,"9","205",,,,,,,,,,,,,"237","83","798","172","7","0",,"1","1FFF1F","1AAAA1AAA1AAAA","4",,,,,
"5102629","2021-09-20T14:00:00","22.01","-127.31",,,"1","4","2","5",,,"11",,,,,,,,,,,,"8",,,,,"9","233",,,,,,,,,,,,,"237","27","798","172","7","0",,"1","1FFFFF","1AAAAAAAA1AAAA","4",,,,,
"5301550","2021-09-20T14:00:00","21.32","-128.65",,,"1","4","2","5",,,"11",,,,,,,,,,,,"8",,,,,"9","251",,,,,,,,,,,,,"237","18","798","172","7","0",,"1","1FFFFF","1AAAAAAAA1AAAA","4",,,,,
"KS1043","2021-09-20T14:00:00","26.50","-121.90",,,"1","4","0","0","4","1","1","0","360","4","57",,,,,"10159","7","5","0","202","1","184","176","3","215",,,,"A",,,,,,,"6","3","237","61","992","114","5","1","2","1","111111","11AAA111118A71",,,"3",,,"4"
"4602710","2021-09-20T15:00:00","21.91","-121.23",,,"1","4","2","5",,,"11",,,,,,,,,,,,"8",,,,,"9","254",,,,,,,,,,,,,"237","11","798","172","7","0",,"2","1FFFFF","1AAAAAAAA1AAAA","4",,,,,
"4602715","2021-09-20T15:00:00","27.11","-122.74",,,"1","4","2","5",,,"11",,,,,,,,,"10173",,,"8",,,,,"9","209",,,,,,,,,,,,,"237","72","798","172","7","0",,"2","1FFF1F","1AAAA1AAA1AAAA","4",,,,,
"4602718","2021-09-20T15:00:00","28.54","-123.09",,,"1","4","2","5",,,"11",,,,,,,,,"10180",,,"8",,,,,"9","205",,,,,,,,,,,,,"237","83","798","172","7","0",,"2","1FFF1F","1AAAA1AAA1AAAA","4",,,,,
"5102629","2021-09-20T15:00:00","22.01","-127.31",,,"1","4","2","5",,,"11",,,,,,,,,,,,"8",,,,,"9","233",,,,,,,,,,,,,"237","27","798","172","7","0",,"2","1FFFFF","1AAAAAAAA1AAAA","4",,,,,
"5301550","2021-09-20T15:00:00","21.32","-128.65",,,"1","4","2","5",,,"11",,,,,,,,,,,,"8",,,,,"9","250",,,,,,,,,,,,,"237","18","798","172","7","0",,"2","1FFFFF","1AAAAAAAA1AAAA","4",,,,,
"KS1043","2021-09-20T15:00:00","26.50","-121.90",,,"1","4","0","0","3","1","1","0","360","4","57",,,,,"10162","3","2","0","203","1","183","175","3","215",,,,"A",,,,,,,"6","3","237","61","992","114","5","1","2","2","111111","11AAA111118A71",,,"3",,,"4"
"4602718","2021-09-20T16:00:00","28.54","-123.09",,,"1","4","2","5",,,"11",,,,,,,,,"10181",,,"8",,,,,"9","205",,,,,,,,,,,,,"237","83","798","172","7","0",,"2","1FFF1F","1AAAA1AAA1AAAA","4",,,,,
"5102629","2021-09-20T16:00:00","22.01","-127.31",,,"1","4","2","5",,,"11",,,,,,,,,,,,"8",,,,,"9","233",,,,,,,,,,,,,"237","27","798","172","7","0",,"2","1FFFFF","1AAAAAAAA1AAAA","4",,,,,
"5301550","2021-09-20T16:00:00","21.32","-128.65",,,"1","4","2","5",,,"11",,,,,,,,,,,,"8",,,,,"9","250",,,,,,,,,,,,,"237","18","798","172","7","0",,"2","1FFFFF","1AAAAAAAA1AAAA","4",,,,,
"KS1043","2021-09-20T16:00:00","26.50","-121.90",,,"1","4","0","0","3","1","1","0","350","4","57",,,,,"10164","2","6","0","201","1","189","185","3","216",,,,"A",,,,,,,"7","3","237","61","992","114","5","1","2","2","111111","11AAA111118A71",,,"3",,,"4"
"4602715","2021-09-20T16:04:00","27.11","-122.75",,,"1","4","2","5",,,"11",,,,,,,,,"10175",,,"8",,,,,"9","209",,,,,,,,,,,,,"237","72","798","172","7","0",,"2","1FFF1F","1AAAA1AAA1AAAA","4",,,,,
"5102629","2021-09-20T17:00:00","22.01","-127.31",,,"1","4","2","5",,,"11",,,,,,,,,,,,"8",,,,,"9","233",,,,,,,,,,,,,"237","27","798","172","7","0",,"2","1FFFFF","1AAAAAAAA1AAAA","4",,,,,
"5301550","2021-09-20T17:00:00","21.32","-128.64",,,"1","4","2","5",,,"11",,,,,,,,,,,,"8",,,,,"9","250",,,,,,,,,,,,,"237","18","798","172","7","0",,"2","1FFFFF","1AAAAAAAA1AAAA","4",,,,,
"KS1043","2021-09-20T17:00:00","26.40","-121.90",,,"1","4","0","0","3","1","1","0","360","4","62",,,,,"10166","2","8","0","200","1","192","189","3","217",,,,"A",,,,,,,"7","3","237","61","992","114","5","1","2","2","111111","11AAA111118A71",,,"3",,,"4"
"4602718","2021-09-20T17:03:00","28.55","-123.10",,,"1","4","2","5",,,"11",,,,,,,,,"10182",,,"8",,,,,"9","206",,,,,,,,,,,,,"237","83","798","172","7","0",,"2","1FFF1F","1AAAA1AAA1AAAA","4",,,,,
"4602715","2021-09-20T17:04:00","27.10","-122.74",,,"1","4","2","5",,,"11",,,,,,,,,"10179",,,"8",,,,,"9","209",,,,,,,,,,,,,"237","72","798","172","7","0",,"2","1FFF1F","1AAAA1AAA1AAAA","4",,,,,
"4602710","2021-09-20T18:00:00","21.91","-121.23",,,"1","4","2","5",,,"11",,,,,,,,,,,,"8",,,,,"9","255",,,,,,,,,,,,,"237","11","798","172","7","0",,"2","1FFFFF","1AAAAAAAA1AAAA","4",,,,,
"4602715","2021-09-20T18:00:00","27.10","-122.74",,,"1","4","2","5",,,"11",,,,,,,,,"10178",,,"8",,,,,"9","209",,,,,,,,,,,,,"237","72","798","172","7","0",,"2","1FFF1F","1AAAA1AAA1AAAA","4",,,,,
"4602718","2021-09-20T18:00:00","28.55","-123.10",,,"1","4","2","5",,,"11",,,,,,,,,"10183",,,"8",,,,,"9","206",,,,,,,,,,,,,"237","83","798","172","7","0",,"2","1FFF1F","1AAAA1AAA1AAAA","4",,,,,
"5102629","2021-09-20T18:00:00","22.01","-127.31",,,"1","4","2","5",,,"11",,,,,,,,,,,,"8",,,,,"9","233",,,,,,,,,,,,,"237","27","798","172","7","0",,"2","1FFFFF","1AAAAAAAA1AAAA","4",,,,,
"5301550","2021-09-20T18:00:00","21.32","-128.64",,,"1","4","2","5",,,"11",,,,,,,,,,,,"8",,,,,"9","250",,,,,,,,,,,,,"237","18","798","172","7","0",,"2","1FFFFF","1AAAAAAAA1AAAA","4",,,,,
"KS1043","2021-09-20T18:00:00","26.40","-121.90",,,"1","4","0","0","3","1","1","0","360","4","77",,,,,"10167","2","7","0","208","1","189","182","3","217",,,,"A",,,,,,,"8","3","237","61","992","114","5","1","2","2","111111","11AAA111118A71",,,"3",,,"4"
"WDC3786","2021-09-20T18:00:00","29.90","-129.50",,,"1","5","2","5","2","4","1",,"30","4","87","1","97",,"5","10220","4","0","8","180",,"170","163",,,"8",,"7","2","A","A",,,,,,,"237","99","798","172","5","1","2","2","F11111","111A11111A1AA1",,"5",,"5",,
"4602715","2021-09-20T19:00:00","27.09","-122.74",,,"1","4","2","5",,,"11",,,,,,,,,"10174",,,"8",,,,,"9","210",,,,,,,,,,,,,"237","72","798","172","7","0",,"2","1FFF1F","1AAAA1AAA1AAAA","4",,,,,
"4602718","2021-09-20T19:00:00","28.55","-123.10",,,"1","4","2","5",,,"11",,,,,,,,,"10180",,,"8",,,,,"9","206",,,,,,,,,,,,,"237","83","798","172","7","0",,"2","1FFF1F","1AAAA1AAA1AAAA","4",,,,,
"5102629","2021-09-20T19:00:00","22.01","-127.31",,,"1","4","2","5",,,"11",,,,,,,,,,,,"8",,,,,"9","233",,,,,,,,,,,,,"237","27","798","172","7","0",,"2","1FFFFF","1AAAAAAAA1AAAA","4",,,,,
"5301550","2021-09-20T19:00:00","21.32","-128.63",,,"1","4","2","5",,,"11",,,,,,,,,,,,"8",,,,,"9","250",,,,,,,,,,,,,"237","18","798","172","7","0",,"2","1FFFFF","1AAAAAAAA1AAAA","4",,,,,
"KS1043","2021-09-20T19:00:00","26.40","-121.80",,,"1","4","0","0","3","1","1","0","360","4","62",,,,,"10167","2","5","0","207","1","184","174","3","217",,,,"A",,,,,,,"7","3","237","61","992","114","5","1","2","2","111111","11AAA111118A71",,,"3",,,"4"
"4602718","2021-09-20T20:00:00","28.55","-123.10",,,"1","4","2","5",,,"11",,,,,,,,,"10175",,,"8",,,,,"9","206",,,,,,,,,,,,,"237","83","798","172","7","0",,"2","1FFF1F","1AAAA1AAA1AAAA","4",,,,,
"5102629","2021-09-20T20:00:00","22.01","-127.31",,,"1","4","2","5",,,"11",,,,,,,,,,,,"8",,,,,"9","233",,,,,,,,,,,,,"237","27","798","172","7","0",,"2","1FFFFF","1AAAAAAAA1AAAA","4",,,,,
"5301550","2021-09-20T20:00:00","21.32","-128.63",,,"1","4","2","5",,,"11",,,,,,,,,,,,"8",,,,,"9","250",,,,,,,,,,,,,"237","18","798","172","7","0",,"2","1FFFFF","1AAAAAAAA1AAAA","4",,,,,
"D5ZQ6","2021-09-20T20:00:00","28.10","-120.10",,,"1","6","2","5","3","4","1",,"350","4","77",,,,,"10163",,,"8","260",,"210","182","1","210",,,"A",,"A","A",,,,,,,"237","80","798","172","5","1","2","2","151111","11AAA111118AAA",,"5",,,,
"KS1043","2021-09-20T20:00:00","26.40","-121.80",,,"1","4","0","0","4","1","1","0","10","4","62",,,,,"10164","0","0","0","207","1","179","166","3","218",,,,"A",,,,,,,"7","3","237","61","992","114","5","1","2","2","111111","11AAA111118A71",,,"3",,,"4"
"4602715","2021-09-20T20:02:00","27.08","-122.74",,,"1","4","2","5",,,"11",,,,,,,,,"10170",,,"8",,,,,"9","210",,,,,,,,,,,,,"237","72","798","172","7","0",,"2","1FFF1F","1AAAA1AAA1AAAA","4",,,,,
"4602710","2021-09-20T21:00:00","21.90","-121.24",,,"1","4","2","5",,,"11",,,,,,,,,,,,"8",,,,,"9","255",,,,,,,,,,,,,"237","11","798","172","7","0",,"2","1FFFFF","1AAAAAAAA1AAAA","4",,,,,
"4602718","2021-09-20T21:00:00","28.55","-123.09",,,"1","4","2","5",,,"11",,,,,,,,,"10169",,,"8",,,,,"9","207",,,,,,,,,,,,,"237","83","798","172","7","0",,"2","1FFF1F","1AAAA1AAA1AAAA","4",,,,,
"5102629","2021-09-20T21:00:00","22.00","-127.31",,,"1","4","2","5",,,"11",,,,,,,,,,,,"8",,,,,"9","233",,,,,,,,,,,,,"237","27","798","172","7","0",,"2","1FFFFF","1AAAAAAAA1AAAA","4",,,,,
"5301550","2021-09-20T21:00:00","21.32","-128.63",,,"1","4","2","5",,,"11",,,,,,,,,,,,"8",,,,,"9","251",,,,,,,,,,,,,"237","18","798","172","7","0",,"2","1FFFFF","1AAAAAAAA1AAAA","4",,,,,
"KS1043","2021-09-20T21:00:00","26.30","-121.80",,,"1","4","0","0","4","1","1","0","10","4","57",,,,,"10159","7","7","0","206","1","179","168","3","218",,,,"A",,,,,,,"7","3","237","61","992","114","5","1","2","2","111111","11AAA111118A71",,,"3",,,"4"
"4602715","2021-09-20T21:01:00","27.07","-122.74",,,"1","4","2","5",,,"11",,,,,,,,,"10167",,,"8",,,,,"9","211",,,,,,,,,,,,,"237","72","798","172","7","0",,"2","1FFF1F","1AAAA1AAA1AAAA","4",,,,,
"4602715","2021-09-20T22:00:00","27.06","-122.74",,,"1","4","2","5",,,"11",,,,,,,,,"10162",,,"8",,,,,"9","211",,,,,,,,,,,,,"237","72","798","172","7","0",,"2","1FFF1F","1AAAA1AAA1AAAA","4",,,,,
"5102629","2021-09-20T22:00:00","22.00","-127.31",,,"1","4","2","5",,,"11",,,,,,,,,,,,"8",,,,,"9","233",,,,,,,,,,,,,"237","27","798","172","7","0",,"2","1FFFFF","1AAAAAAAA1AAAA","4",,,,,
"5301550","2021-09-20T22:00:00","21.32","-128.64",,,"1","4","2","5",,,"11",,,,,,,,,,,,"8",,,,,"9","251",,,,,,,,,,,,,"237","18","798","172","7","0",,"2","1FFFFF","1AAAAAAAA1AAAA","4",,,,,
"9V9791","2021-09-20T22:00:00","23.90","-122.90",,,"1","6","2","5","3","4","1",,"340","4","77","1","98","2","1","10130","4","0","8","250",,"240","235","1","270","5","5","1","4","6","8",,"5","1","34","5","1","237","32","798","172","5","1","2","2","111111","11111111111111",,"5",,"1",,
"KS1043","2021-09-20T22:00:00","26.30","-121.80",,,"1","4","0","0","4","1","1","0","360","4","57",,,,,"10154","7","10","0","207","1","180","168","3","219",,,,"A",,,,,,,"14","3","237","61","992","114","5","1","2","2","111111","11AAA111118A71",,,"3",,,"4"
"4602718","2021-09-20T22:03:00","28.55","-123.09",,,"1","4","2","5",,,"11",,,,,,,,,"10163",,,"8",,,,,"9","207",,,,,,,,,,,,,"237","83","798","172","7","0",,"2","1FFF1F","1AAAA1AAA1AAAA","4",,,,,
"4602715","2021-09-20T23:00:00","27.05","-122.74",,,"1","4","2","5",,,"11",,,,,,,,,"10160",,,"8",,,,,"9","211",,,,,,,,,,,,,"237","72","798","172","7","0",,"2","1FFF1F","1AAAA1AAA1AAAA","4",,,,,
"4602718","2021-09-20T23:00:00","28.55","-123.09",,,"1","4","2","5",,,"11",,,,,,,,,"10161",,,"8",,,,,"9","207",,,,,,,,,,,,,"237","83","798","172","7","0",,"2","1FFF1F","1AAAA1AAA1AAAA","4",,,,,
"5102629","2021-09-20T23:00:00","22.00","-127.31",,,"1","4","2","5",,,"11",,,,,,,,,,,,"8",,,,,"9","234",,,,,,,,,,,,,"237","27","798","172","7","0",,"2","1FFFFF","1AAAAAAAA1AAAA","4",,,,,
"5301550","2021-09-20T23:00:00","21.32","-128.64",,,"1","4","2","5",,,"11",,,,,,,,,,,,"8",,,,,"9","251",,,,,,,,,,,,,"237","18","798","172","7","0",,"2","1FFFFF","1AAAAAAAA1AAAA","4",,,,,
"KS1043","2021-09-20T23:00:00","26.30","-121.80",,,"1","4","0","0","4","1","1","0","10","4","57",,,,,"10151","7","12","0","208","1","178","165","3","219",,,,"A",,,,,,,"7","3","237","61","992","114","5","1","2","2","111111","11AAA111118A71",,,"3",,,"4"
"4602710","2021-09-21T00:00:00","21.89","-121.26",,,"1","4","2","5",,,"11",,,,,,,,,,,,"8",,,,,"9","255",,,,,,,,,,,,,"237","11","798","172","7","0",,"2","1FFFFF","1AAAAAAAA1AAAA","4",,,,,
"4602718","2021-09-21T00:00:00","28.55","-123.09",,,"1","4","2","5",,,"11",,,,,,,,,"10160",,,"8",,,,,"9","207",,,,,,,,,,,,,"237","83","798","172","7","0",,"2","1FFF1F","1AAAA1AAA1AAAA","4",,,,,
"5102629","2021-09-21T00:00:00","22.00","-127.31",,,"1","4","2","5",,,"11",,,,,,,,,,,,"8",,,,,"9","234",,,,,,,,,,,,,"237","27","798","172","7","0",,"2","1FFFFF","1AAAAAAAA1AAAA","4",,,,,
"5301550","2021-09-21T00:00:00","21.32","-128.64",,,"1","4","2","5",,,"11",,,,,,,,,,,,"8",,,,,"9","251",,,,,,,,,,,,,"237","18","798","172","7","0",,"2","1FFFFF","1AAAAAAAA1AAAA","4",,,,,
"KS1043","2021-09-21T00:00:00","26.30","-121.80",,,"1","4","0","0","4","1","1","0","10","4","57",,,,,"10148","7","11","0","209","1","182","171","3","218",,,,"A",,,,,,,"7","3","237","61","992","114","5","1","2","2","111111","11AAA111118A71",,,"3",,,"4"
"4602715","2021-09-21T00:02:00","27.04","-122.75",,,"1","4","2","5",,,"11",,,,,,,,,"10159",,,"8",,,,,"9","211",,,,,,,,,,,,,"237","72","798","172","7","0",,"2","1FFF1F","1AAAA1AAA1AAAA","4",,,,,
"4602715","2021-09-21T01:00:00","27.04","-122.76",,,"1","4","2","5",,,"11",,,,,,,,,"10159",,,"8",,,,,"9","211",,,,,,,,,,,,,"237","72","798","172","7","0",,"2","1FFF1F","1AAAA1AAA1AAAA","4",,,,,
"4602718","2021-09-21T01:00:00","28.54","-123.08",,,"1","4","2","5",,,"11",,,,,,,,,"10159",,,"8",,,,,"9","207",,,,,,,,,,,,,"237","83","798","172","7","0",,"2","1FFF1F","1AAAA1AAA1AAAA","4",,,,,
"5102629","2021-09-21T01:00:00","22.00","-127.31",,,"1","4","2","5",,,"11",,,,,,,,,,,,"8",,,,,"9","233",,,,,,,,,,,,,"237","27","798","172","7","0",,"2","1FFFFF","1AAAAAAAA1AAAA","4",,,,,
"5301550","2021-09-21T01:00:00","21.32","-128.64",,,"1","4","2","5",,,"11",,,,,,,,,,,,"8",,,,,"9","250",,,,,,,,,,,,,"237","18","798","172","7","0",,"2","1FFFFF","1AAAAAAAA1AAAA","4",,,,,
"KS1043","2021-09-21T01:00:00","26.20","-121.80",,,"1","4","0","0","4","1","1","0","10","4","57",,,,,"10147","7","10","0","209","1","182","170","3","218",,,,"A",,,,,,,"14","3","237","61","992","114","5","1","2","2","111111","11AAA111118A71",,,"3",,,"4"
"4602715","2021-09-21T02:00:00","27.03","-122.76",,,"1","4","2","5",,,"11",,,,,,,,,"10161",,,"8",,,,,"9","211",,,,,,,,,,,,,"237","72","798","172","7","0",,"2","1FFF1F","1AAAA1AAA1AAAA","4",,,,,
"4602718","2021-09-21T02:00:00","28.54","-123.08",,,"1","4","2","5",,,"11",,,,,,,,,"10161",,,"8",,,,,"9","206",,,,,,,,,,,,,"237","83","798","172","7","0",,"2","1FFF1F","1AAAA1AAA1AAAA","4",,,,,
"5102629","2021-09-21T02:00:00","21.98","-127.31",,,"1","4","2","5",,,"11",,,,,,,,,,,,"8",,,,,"9","233",,,,,,,,,,,,,"237","17","798","172","7","0",,"2","1FFFFF","1AAAAAAAA1AAAA","4",,,,,
"5301550","2021-09-21T02:00:00","21.33","-128.64",,,"1","4","2","5",,,"11",,,,,,,,,,,,"8",,,,,"9","250",,,,,,,,,,,,,"237","18","798","172","7","0",,"2","1FFFFF","1AAAAAAAA1AAAA","4",,,,,
"KS1043","2021-09-21T02:00:00","26.20","-121.80",,,"1","4","0","0","3","1","1","0","10","4","57",,,,,"10148","7","5","0","208","1","180","167","3","218",,,,"A",,,,,,,"14","3","237","61","992","114","5","1","2","2","111111","11AAA111118A71",,,"3",,,"4"
"4602710","2021-09-21T03:00:00","21.89","-121.27",,,"1","4","2","5",,,"11",,,,,,,,,,,,"8",,,,,"9","254",,,,,,,,,,,,,"237","11","798","172","7","0",,"1","1FFFFF","1AAAAAAAA1AAAA","4",,,,,
"4602715","2021-09-21T03:00:00","27.03","-122.77",,,"1","4","2","5",,,"11",,,,,,,,,"10163",,,"8",,,,,"9","211",,,,,,,,,,,,,"237","72","798","172","7","0",,"1","1FFF1F","1AAAA1AAA1AAAA","4",,,,,
"4602718","2021-09-21T03:00:00","28.54","-123.08",,,"1","4","2","5",,,"11",,,,,,,,,"10166",,,"8",,,,,"9","206",,,,,,,,,,,,,"237","83","798","172","7","0",,"1","1FFF1F","1AAAA1AAA1AAAA","4",,,,,
"5102629","2021-09-21T03:00:00","21.97","-127.31",,,"1","4","2","5",,,"11",,,,,,,,,,,,"8",,,,,"9","233",,,,,,,,,,,,,"237","17","798","172","7","0",,"1","1FFFFF","1AAAAAAAA1AAAA","4",,,,,
"5301550","2021-09-21T03:00:00","21.33","-128.64",,,"1","4","2","5",,,"11",,,,,,,,,,,,"8",,,,,"9","250",,,,,,,,,,,,,"237","18","798","172","7","0",,"1","1FFFFF","1AAAAAAAA1AAAA","4",,,,,
"KS1043","2021-09-21T03:00:00","26.20","-121.80",,,"1","4","0","0","4","1","1","0","20","4","62",,,,,"10152","5","0","0","207","1","179","166","3","220",,,,"A",,,,,,,"14","4","237","61","992","114","5","1","2","1","111111","11AAA111118A71",,,"3",,,"4"
"4602715","2021-09-21T04:00:00","27.03","-122.78",,,"1","4","2","5",,,"11",,,,,,,,,"10166",,,"8",,,,,"9","211",,,,,,,,,,,,,"237","72","798","172","7","0",,"1","1FFF1F","1AAAA1AAA1AAAA","4",,,,,
"4602718","2021-09-21T04:00:00","28.54","-123.09",,,"1","4","2","5",,,"11",,,,,,,,,"10169",,,"8",,,,,"9","206",,,,,,,,,,,,,"237","83","798","172","7","0",,"1","1FFF1F","1AAAA1AAA1AAAA","4",,,,,
"5102629","2021-09-21T04:00:00","21.97","-127.32",,,"1","4","2","5",,,"11",,,,,,,,,,,,"8",,,,,"9","233",,,,,,,,,,,,,"237","17","798","172","7","0",,"1","1FFFFF","1AAAAAAAA1AAAA","4",,,,,
"5301550","2021-09-21T04:00:00","21.33","-128.64",,,"1","4","2","5",,,"11",,,,,,,,,,,,"8",,,,,"9","250",,,,,,,,,,,,,"237","18","798","172","7","0",,"1","1FFFFF","1AAAAAAAA1AAAA","4",,,,,
"KS1043","2021-09-21T04:00:00","26.20","-121.80",,,"1","4","0","0","4","1","1","0","20","4","62",,,,,"10157","2","6","0","206","1","176","162","3","220",,,,"A",,,,,,,"14","3","237","61","992","114","5","1","2","1","111111","11AAA111118A71",,,"3",,,"4"
"4602715","2021-09-21T05:00:00","27.03","-122.78",,,"1","4","2","5",,,"11",,,,,,,,,"10171",,,"8",,,,,"9","211",,,,,,,,,,,,,"237","72","798","172","7","0",,"1","1FFF1F","1AAAA1AAA1AAAA","4",,,,,
"4602718","2021-09-21T05:00:00","28.53","-123.09",,,"1","4","2","5",,,"11",,,,,,,,,"10169",,,"8",,,,,"9","206",,,,,,,,,,,,,"237","83","798","172","7","0",,"1","1FFF1F","1AAAA1AAA1AAAA","4",,,,,
"5102629","2021-09-21T05:00:00","21.96","-127.32",,,"1","4","2","5",,,"11",,,,,,,,,,,,"8",,,,,"9","233",,,,,,,,,,,,,"237","17","798","172","7","0",,"1","1FFFFF","1AAAAAAAA1AAAA","4",,,,,
"5301550","2021-09-21T05:00:00","21.33","-128.64",,,"1","4","2","5",,,"11",,,,,,,,,,,,"8",,,,,"9","250",,,,,,,,,,,,,"237","18","798","172","7","0",,"1","1FFFFF","1AAAAAAAA1AAAA","4",,,,,
"KS1043","2021-09-21T05:00:00","26.10","-121.80",,,"1","4","0","0","4","1","1","0","10","4","62",,,,,"10161","2","10","0","206","1","175","161","3","219",,,,"A",,,,,,,"13","3","237","61","992","114","5","1","2","1","111111","11AAA111118A71",,,"3",,,"4"
"4602710","2021-09-21T06:00:00","21.89","-121.29",,,"1","4","2","5",,,"11",,,,,,,,,,,,"8",,,,,"9","254",,,,,,,,,,,,,"237","11","798","172","7","0",,"1","1FFFFF","1AAAAAAAA1AAAA","4",,,,,
"4602715","2021-09-21T06:00:00","27.02","-122.78",,,"1","4","2","5",,,"11",,,,,,,,,"10174",,,"8",,,,,"9","211",,,,,,,,,,,,,"237","72","798","172","7","0",,"1","1FFF1F","1AAAA1AAA1AAAA","4",,,,,
"4602718","2021-09-21T06:00:00","28.53","-123.09",,,"1","4","2","5",,,"11",,,,,,,,,"10169",,,"8",,,,,"9","206",,,,,,,,,,,,,"237","83","798","172","7","0",,"1","1FFF1F","1AAAA1AAA1AAAA","4",,,,,
"5102629","2021-09-21T06:00:00","21.96","-127.32",,,"1","4","2","5",,,"11",,,,,,,,,,,,"8",,,,,"9","233",,,,,,,,,,,,,"237","17","798","172","7","0",,"1","1FFFFF","1AAAAAAAA1AAAA","4",,,,,
"5301550","2021-09-21T06:00:00","21.34","-128.64",,,"1","4","2","5",,,"11",,,,,,,,,,,,"8",,,,,"9","250",,,,,,,,,,,,,"237","18","798","172","7","0",,"1","1FFFFF","1AAAAAAAA1AAAA","4",,,,,
"KS1043","2021-09-21T06:00:00","26.10","-121.80",,,"1","4","0","0","4","1","1","0","30","4","46",,,,,"10165","2","13","0","206","1","171","155","3","220",,,,"A",,,,,,,"14","4","237","61","992","114","5","1","2","1","111111","11AAA111118A71",,,"3",,,"4"
"4602715","2021-09-21T07:00:00","27.02","-122.79",,,"1","4","2","5",,,"11",,,,,,,,,"10174",,,"8",,,,,"9","210",,,,,,,,,,,,,"237","72","798","172","7","0",,"1","1FFF1F","1AAAA1AAA1AAAA","4",,,,,
"4602718","2021-09-21T07:00:00","28.53","-123.09",,,"1","4","2","5",,,"11",,,,,,,,,"10172",,,"8",,,,,"9","206",,,,,,,,,,,,,"237","83","798","172","7","0",,"1","1FFF1F","1AAAA1AAA1AAAA","4",,,,,
"5102629","2021-09-21T07:00:00","21.96","-127.32",,,"1","4","2","5",,,"11",,,,,,,,,,,,"8",,,,,"9","233",,,,,,,,,,,,,"237","17","798","172","7","0",,"1","1FFFFF","1AAAAAAAA1AAAA","4",,,,,
"5301550","2021-09-21T07:00:00","21.34","-128.65",,,"1","4","2","5",,,"11",,,,,,,,,,,,"8",,,,,"9","250",,,,,,,,,,,,,"237","18","798","172","7","0",,"1","1FFFFF","1AAAAAAAA1AAAA","4",,,,,
"KS1043","2021-09-21T07:00:00","26.10","-121.80",,,"1","4","0","0","2","0","1","0","50","4","41",,,,,"10167","2","12","0","207","1","173","156","3","222",,,,"A",,,,,,,"13","4","237","61","992","114","5","1","2","1","111111","11AAA111118A71",,,"3",,,"4"
"4602715","2021-09-21T08:00:00","27.01","-122.79",,,"1","4","2","5",,,"11",,,,,,,,,"10172",,,"8",,,,,"9","210",,,,,,,,,,,,,"237","72","798","172","7","0",,"1","1FFF1F","1AAAA1AAA1AAAA","4",,,,,
"4602718","2021-09-21T08:00:00","28.53","-123.09",,,"1","4","2","5",,,"11",,,,,,,,,"10171",,,"8",,,,,"9","206",,,,,,,,,,,,,"237","83","798","172","7","0",,"1","1FFF1F","1AAAA1AAA1AAAA","4",,,,,
"5102629","2021-09-21T08:00:00","21.96","-127.32",,,"1","4","2","5",,,"11",,,,,,,,,,,,"8",,,,,"9","233",,,,,,,,,,,,,"237","17","798","172","7","0",,"1","1FFFFF","1AAAAAAAA1AAAA","4",,,,,
"5301550","2021-09-21T08:00:00","21.34","-128.64",,,"1","4","2","5",,,"11",,,,,,,,,,,,"8",,,,,"9","250",,,,,,,,,,,,,"237","18","798","172","7","0",,"1","1FFFFF","1AAAAAAAA1AAAA","4",,,,,
"KS1043","2021-09-21T08:00:00","26.10","-121.70",,,"1","4","0","0","4","1","1","0","30","4","41",,,,,"10166","2","9","0","207","1","174","159","3","222",,,,"A",,,,,,,"13","4","237","61","992","114","5","1","2","1","111111","11AAA111118A71",,,"3",,,"4"
"4602710","2021-09-21T09:00:00","21.91","-121.30",,,"1","4","2","5",,,"11",,,,,,,,,,,,"8",,,,,"9","254",,,,,,,,,,,,,"237","11","798","172","7","0",,"1","1FFFFF","1AAAAAAAA1AAAA","4",,,,,
"4602715","2021-09-21T09:00:00","27.01","-122.79",,,"1","4","2","5",,,"11",,,,,,,,,"10170",,,"8",,,,,"9","210",,,,,,,,,,,,,"237","72","798","172","7","0",,"1","1FFF1F","1AAAA1AAA1AAAA","4",,,,,
"4602718","2021-09-21T09:00:00","28.53","-123.09",,,"1","4","2","5",,,"11",,,,,,,,,"10171",,,"8",,,,,"9","206",,,,,,,,,,,,,"237","83","798","172","7","0",,"1","1FFF1F","1AAAA1AAA1AAAA","4",,,,,
"5102629","2021-09-21T09:00:00","21.96","-127.32",,,"1","4","2","5",,,"11",,,,,,,,,,,,"8",,,,,"9","233",,,,,,,,,,,,,"237","17","798","172","7","0",,"1","1FFFFF","1AAAAAAAA1AAAA","4",,,,,
"5301550","2021-09-21T09:00:00","21.35","-128.64",,,"1","4","2","5",,,"11",,,,,,,,,,,,"8",,,,,"9","249",,,,,,,,,,,,,"237","18","798","172","7","0",,"1","1FFFFF","1AAAAAAAA1AAAA","4",,,,,
"KS1043","2021-09-21T09:00:00","26.00","-121.70",,,"1","4","0","0","4","1","1","0","340","4","26",,,,,"10162","0","0","0","205","1","167","148","3","221",,,,"A",,,,,,,"12","4","237","61","992","114","5","1","2","1","111111","11AAA111118A71",,,"3",,,"4"
"KS1043","2021-09-21T10:00:00","26.00","-121.70",,,"1","4","0","0","7","0","1","0","350","4","21",,,,,"10158","8","6","0","204","1","167","148","3","222",,,,"A",,,,,,,"13","4","237","61","992","114","5","1","2","1","111111","11AAA111118A71",,,"3",,,"4"
"KS1043","2021-09-21T11:00:00","26.00","-121.70",,,"1","4","0","0","4","1","1","0","30","4","41",,,,,"10158","7","9","0","204","1","168","151","3","222",,,,"A",,,,,,,"13","4","237","61","992","114","5","1","2","1","111111","11AAA111118A71",,,"3",,,"4"
"4602710","2021-09-21T12:00:00","21.91","-121.31",,,"1","4","2","5",,,"11",,,,,,,,,,,,"8",,,,,"9","254",,,,,,,,,,,,,"237","11","798","172","7","0",,"1","1FFFFF","1AAAAAAAA1AAAA","4",,,,,
"4602715","2021-09-21T12:00:00","26.99","-122.79",,,"1","4","2","5",,,"11",,,,,,,,,"10168",,,"8",,,,,"9","210",,,,,,,,,,,,,"237","62","798","172","7","0",,"1","1FFF1F","1AAAA1AAA1AAAA","4",,,,,
"5102629","2021-09-21T12:00:00","21.97","-127.36",,,"1","4","2","5",,,"11",,,,,,,,,,,,"8",,,,,"9","233",,,,,,,,,,,,,"237","17","798","172","7","0",,"1","1FFFFF","1AAAAAAAA1AAAA","4",,,,,
"5301550","2021-09-21T12:00:00","21.36","-128.64",,,"1","4","2","5",,,"11",,,,,,,,,,,,"8",,,,,"9","249",,,,,,,,,,,,,"237","18","798","172","7","0",,"1","1FFFFF","1AAAAAAAA1AAAA","4",,,,,
"KS1043","2021-09-21T12:00:00","26.00","-121.70",,,"1","4","0","0","3","1","1","0","20","4","36",,,,,"10159","7","5","0","203","1","170","154","3","222",,,,"A",,,,,,,"13","4","237","61","992","114","5","1","2","1","111111","11AAA111118A71",,,"3",,,"4"
"4602718","2021-09-21T12:01:00","28.52","-123.09",,,"1","4","2","5",,,"11",,,,,,,,,"10167",,,"8",,,,,"9","206",,,,,,,,,,,,,"237","83","798","172","7","0",,"1","1FFF1F","1AAAA1AAA1AAAA","4",,,,,
"4602715","2021-09-21T13:00:00","26.99","-122.79",,,"1","4","2","5",,,"11",,,,,,,,,"10173",,,"8",,,,,"9","210",,,,,,,,,,,,,"237","62","798","172","7","0",,"1","1FFF1F","1AAAA1AAA1AAAA","4",,,,,
"4602718","2021-09-21T13:00:00","28.52","-123.10",,,"1","4","2","5",,,"11",,,,,,,,,"10171",,,"8",,,,,"9","206",,,,,,,,,,,,,"237","83","798","172","7","0",,"1","1FFF1F","1AAAA1AAA1AAAA","4",,,,,
"5102629","2021-09-21T13:00:00","21.97","-127.36",,,"1","4","2","5",,,"11",,,,,,,,,,,,"8",,,,,"9","233",,,,,,,,,,,,,"237","17","798","172","7","0",,"1","1FFFFF","1AAAAAAAA1AAAA","4",,,,,
"5301550","2021-09-21T13:00:00","21.36","-128.64",,,"1","4","2","5",,,"11",,,,,,,,,,,,"8",,,,,"9","249",,,,,,,,,,,,,"237","18","798","172","7","0",,"1","1FFFFF","1AAAAAAAA1AAAA","4",,,,,
"KS1043","2021-09-21T13:00:00","26.00","-121.70",,,"1","4","0","0","3","1","1","0","360","4","36",,,,,"10164","3","1","0","202","1","167","150","3","222",,,,"A",,,,,,,"13","4","237","61","992","114","5","1","2","1","111111","11AAA111118A71",,,"3",,,"4"
"KS1043","2021-09-21T14:00:00","26.00","-121.70",,,"1","4","0","0","4","1","1","0","60","4","26",,,,,"10169","2","9","0","202","1","167","149","3","221",,,,"A",,,,,,,"13","4","237","61","992","114","5","1","2","1","111111","11AAA111118A71",,,"3",,,"4"
"4602710","2021-09-21T15:00:00","21.92","-121.31",,,"1","4","2","5",,,"11",,,,,,,,,,,,"8",,,,,"9","253",,,,,,,,,,,,,"237","11","798","172","7","0",,"2","1FFFFF","1AAAAAAAA1AAAA","4",,,,,
"4602715","2021-09-21T15:00:00","26.98","-122.80",,,"1","4","2","5",,,"11",,,,,,,,,"10185",,,"8",,,,,"9","210",,,,,,,,,,,,,"237","62","798","172","7","0",,"2","1FFF1F","1AAAA1AAA1AAAA","4",,,,,
"4602718","2021-09-21T15:00:00","28.52","-123.10",,,"1","4","2","5",,,"11",,,,,,,,,"10182",,,"8",,,,,"9","206",,,,,,,,,,,,,"237","83","798","172","7","0",,"2","1FFF1F","1AAAA1AAA1AAAA","4",,,,,
"5102629","2021-09-21T15:00:00","21.97","-127.36",,,"1","4","2","5",,,"11",,,,,,,,,,,,"8",,,,,"9","233",,,,,,,,,,,,,"237","17","798","172","7","0",,"2","1FFFFF","1AAAAAAAA1AAAA","4",,,,,
"5301550","2021-09-21T15:00:00","21.37","-128.63",,,"1","4","2","5",,,"11",,,,,,,,,,,,"8",,,,,"9","249",,,,,,,,,,,,,"237","18","798","172","7","0",,"2","1FFFFF","1AAAAAAAA1AAAA","4",,,,,
"KS1043","2021-09-21T15:00:00","26.00","-121.70",,,"1","4","0","0","3","1","1","0","40","4","51",,,,,"10174","2","12","0","203","1","169","152","3","221",,,,"A",,,,,,,"13","4","237","61","992","114","5","1","2","2","111111","11AAA111118A71",,,"3",,,"4"
"4602718","2021-09-21T16:00:00","28.53","-123.10",,,"1","4","2","5",,,"11",,,,,,,,,"10187",,,"8",,,,,"9","206",,,,,,,,,,,,,"237","83","798","172","7","0",,"2","1FFF1F","1AAAA1AAA1AAAA","4",,,,,
"5102629","2021-09-21T16:00:00","21.97","-127.36",,,"1","4","2","5",,,"11",,,,,,,,,,,,"8",,,,,"9","233",,,,,,,,,,,,,"237","17","798","172","7","0",,"2","1FFFFF","1AAAAAAAA1AAAA","4",,,,,
"KS1043","2021-09-21T16:00:00","26.00","-121.70",,,"1","4","0","0","1","1","1","0","40","4","36",,,,,"10179","2","14","0","205","1","174","159","3","221",,,,"A",,,,,,,"13","5","237","61","992","114","5","1","2","2","111111","11AAA111118A71",,,"3",,,"4"
"4602715","2021-09-21T16:02:00","26.97","-122.80",,,"1","4","2","5",,,"11",,,,,,,,,"10188",,,"8",,,,,"9","210",,,,,,,,,,,,,"237","62","798","172","7","0",,"2","1FFF1F","1AAAA1AAA1AAAA","4",,,,,
"4602715","2021-09-21T17:00:00","26.97","-122.80",,,"1","4","2","5",,,"11",,,,,,,,,"10191",,,"8",,,,,"9","210",,,,,,,,,,,,,"237","62","798","172","7","0",,"2","1FFF1F","1AAAA1AAA1AAAA","4",,,,,
"4602718","2021-09-21T17:00:00","28.53","-123.10",,,"1","4","2","5",,,"11",,,,,,,,,"10191",,,"8",,,,,"9","206",,,,,,,,,,,,,"237","83","798","172","7","0",,"2","1FFF1F","1AAAA1AAA1AAAA","4",,,,,
"5102629","2021-09-21T17:00:00","21.97","-127.36",,,"1","4","2","5",,,"11",,,,,,,,,,,,"8",,,,,"9","233",,,,,,,,,,,,,"237","17","798","172","7","0",,"2","1FFFFF","1AAAAAAAA1AAAA","4",,,,,
"5301550","2021-09-21T17:00:00","21.38","-128.61",,,"1","4","2","5",,,"11",,,,,,,,,,,,"8",,,,,"9","249",,,,,,,,,,,,,"237","18","798","172","7","0",,"2","1FFFFF","1AAAAAAAA1AAAA","4",,,,,
"KS1043","2021-09-21T17:00:00","25.90","-121.70",,,"1","4","0","0","4","1","1","0","30","4","26",,,,,"10182","2","13","0","204","1","169","151","3","222",,,,"A",,,,,,,"13","4","237","51","992","114","5","1","2","2","111111","11AAA111118A71",,,"3",,,"4"
"4602710","2021-09-21T18:00:00","21.93","-121.30",,,"1","4","2","5",,,"11",,,,,,,,,,,,"8",,,,,"9","254",,,,,,,,,,,,,"237","11","798","172","7","0",,"2","1FFFFF","1AAAAAAAA1AAAA","4",,,,,
"4602715","2021-09-21T18:00:00","26.97","-122.80",,,"1","4","2","5",,,"11",,,,,,,,,"10193",,,"8",,,,,"9","211",,,,,,,,,,,,,"237","62","798","172","7","0",,"2","1FFF1F","1AAAA1AAA1AAAA","4",,,,,
"4602718","2021-09-21T18:00:00","28.53","-123.10",,,"1","4","2","5",,,"11",,,,,,,,,"10192",,,"8",,,,,"9","210",,,,,,,,,,,,,"237","83","798","172","7","0",,"2","1FFF1F","1AAAA1AAA1AAAA","4",,,,,
"5102629","2021-09-21T18:00:00","21.97","-127.36",,,"1","4","2","5",,,"11",,,,,,,,,,,,"8",,,,,"9","233",,,,,,,,,,,,,"237","17","798","172","7","0",,"2","1FFFFF","1AAAAAAAA1AAAA","4",,,,,
"5301550","2021-09-21T18:00:00","21.38","-128.61",,,"1","4","2","5",,,"11",,,,,,,,,,,,"8",,,,,"9","249",,,,,,,,,,,,,"237","18","798","172","7","0",,"2","1FFFFF","1AAAAAAAA1AAAA","4",,,,,
"KS1043","2021-09-21T18:00:00","25.90","-121.70",,,"1","4","0","0","4","1","1","0","40","4","36",,,,,"10184","2","12","0","208","1","176","161","3","222",,,,"A",,,,,,,"13","5","237","51","992","114","5","1","2","2","111111","11AAA111118A71",,,"3",,,"4"
"4602718","2021-09-21T19:00:00","28.54","-123.09",,,"1","4","2","5",,,"11",,,,,,,,,"10193",,,"8",,,,,"9","214",,,,,,,,,,,,,"237","83","798","172","7","0",,"2","1FFF1F","1AAAA1AAA1AAAA","4",,,,,
"5102629","2021-09-21T19:00:00","21.97","-127.36",,,"1","4","2","5",,,"11",,,,,,,,,,,,"8",,,,,"9","233",,,,,,,,,,,,,"237","17","798","172","7","0",,"2","1FFFFF","1AAAAAAAA1AAAA","4",,,,,
"5301550","2021-09-21T19:00:00","21.38","-128.60",,,"1","4","2","5",,,"11",,,,,,,,,,,,"8",,,,,"9","249",,,,,,,,,,,,,"237","18","798","172","7","0",,"2","1FFFFF","1AAAAAAAA1AAAA","4",,,,,
"KS1043","2021-09-21T19:00:00","25.90","-121.70",,,"1","4","0","0","5","1","1","0","30","4","21",,,,,"10184","2","9","0","208","1","172","154","3","223",,,,"A",,,,,,,"13","4","237","51","992","114","5","1","2","2","111111","11AAA111118A71",,,"3",,,"4"
"4602715","2021-09-21T19:01:00","26.96","-122.80",,,"1","4","2","5",,,"11",,,,,,,,,"10195",,,"8",,,,,"9","215",,,,,,,,,,,,,"237","62","798","172","7","0",,"2","1FFF1F","1AAAA1AAA1AAAA","4",,,,,
"4602715","2021-09-21T20:00:00","26.96","-122.79",,,"1","4","2","5",,,"11",,,,,,,,,"10190",,,"8",,,,,"9","219",,,,,,,,,,,,,"237","62","798","172","7","0",,"2","1FFF1F","1AAAA1AAA1AAAA","4",,,,,
"4602718","2021-09-21T20:00:00","28.54","-123.09",,,"1","4","2","5",,,"11",,,,,,,,,"10192",,,"8",,,,,"9","216",,,,,,,,,,,,,"237","83","798","172","7","0",,"2","1FFF1F","1AAAA1AAA1AAAA","4",,,,,
"5102629","2021-09-21T20:00:00","21.97","-127.36",,,"1","4","2","5",,,"11",,,,,,,,,,,,"8",,,,,"9","234",,,,,,,,,,,,,"237","17","798","172","7","0",,"2","1FFFFF","1AAAAAAAA1AAAA","4",,,,,
"5301550","2021-09-21T20:00:00","21.38","-128.59",,,"1","4","2","5",,,"11",,,,,,,,,,,,"8",,,,,"9","250",,,,,,,,,,,,,"237","18","798","172","7","0",,"2","1FFFFF","1AAAAAAAA1AAAA","4",,,,,
"9VLP8","2021-09-21T20:00:00","29.40","-120.40",,,"1","4","0","0",,,"1","0","230","3","31",,,"2",,"10170",,,"0","190",,,,"3","220","3",,,"A",,,,,"1","23",,"1","237","90","992","114","5","1","2","2","11111F","11A1A11AA1133A",,,"1",,,"4"
"KS1043","2021-09-21T20:00:00","25.90","-121.70",,,"1","4","0","0","4","1","1","0","40","4","36",,,,,"10182","0","3","0","209","1","174","157","3","223",,,,"A",,,,,,,"13","5","237","51","992","114","5","1","2","2","111111","11AAA111118A71",,,"3",,,"4"
"4602710","2021-09-21T21:00:00","21.93","-121.31",,,"1","4","2","5",,,"11",,,,,,,,,,,,"8",,,,,"9","255",,,,,,,,,,,,,"237","11","798","172","7","0",,"2","1FFFFF","1AAAAAAAA1AAAA","4",,,,,
"4602715","2021-09-21T21:00:00","26.95","-122.79",,,"1","4","2","5",,,"11",,,,,,,,,"10187",,,"8",,,,,"9","221",,,,,,,,,,,,,"237","62","798","172","7","0",,"2","1FFF1F","1AAAA1AAA1AAAA","4",,,,,
"4602718","2021-09-21T21:00:00","28.54","-123.08",,,"1","4","2","5",,,"11",,,,,,,,,"10187",,,"8",,,,,"9","218",,,,,,,,,,,,,"237","83","798","172","7","0",,"2","1FFF1F","1AAAA1AAA1AAAA","4",,,,,
"5102629","2021-09-21T21:00:00","21.97","-127.36",,,"1","4","2","5",,,"11",,,,,,,,,,,,"8",,,,,"9","234",,,,,,,,,,,,,"237","17","798","172","7","0",,"2","1FFFFF","1AAAAAAAA1AAAA","4",,,,,
"5301550","2021-09-21T21:00:00","21.37","-128.59",,,"1","4","2","5",,,"11",,,,,,,,,,,,"8",,,,,"9","250",,,,,,,,,,,,,"237","18","798","172","7","0",,"2","1FFFFF","1AAAAAAAA1AAAA","4",,,,,
"KS1043","2021-09-21T21:00:00","25.90","-121.70",,,"1","4","0","0","4","1","1","0","50","4","36",,,,,"10178","8","2","0","209","1","174","157","3","223",,,,"A",,,,,,,"13","5","237","51","992","114","5","1","2","2","111111","11AAA111118A71",,,"3",,,"4"
"TBWUK68","2021-09-21T21:00:00","28.70","-122.60",,,"1","6","2","5","7","4","1",,"100","4","87","1","98","0",,"10181",,,"8","210",,"170","147","1","205","1",,"1","A","A","A",,,,"31","14","6","237","82","798","172","5","1","2","2","114111","1111A111111A1A",,"5",,,,
"4602715","2021-09-21T22:00:00","26.94","-122.79",,,"1","4","2","5",,,"11",,,,,,,,,"10180",,,"8",,,,,"9","225",,,,,,,,,,,,,"237","62","798","172","7","0",,"2","1FFF1F","1AAAA1AAA1AAAA","4",,,,,
"4602718","2021-09-21T22:00:00","28.54","-123.08",,,"1","4","2","5",,,"11",,,,,,,,,"10181",,,"8",,,,,"9","221",,,,,,,,,,,,,"237","83","798","172","7","0",,"2","1FFF1F","1AAAA1AAA1AAAA","4",,,,,
"5102629","2021-09-21T22:00:00","21.97","-127.36",,,"1","4","2","5",,,"11",,,,,,,,,,,,"8",,,,,"9","234",,,,,,,,,,,,,"237","17","798","172","7","0",,"2","1FFFFF","1AAAAAAAA1AAAA","4",,,,,
"5301550","2021-09-21T22:00:00","21.37","-128.58",,,"1","4","2","5",,,"11",,,,,,,,,,,,"8",,,,,"9","251",,,,,,,,,,,,,"237","18","798","172","7","0",,"2","1FFFFF","1AAAAAAAA1AAAA","4",,,,,
"KS1043","2021-09-21T22:00:00","25.80","-121.70",,,"1","4","0","0","4","1","1","0","20","4","36",,,,,"10172","7","9","0","210","1","179","165","3","224",,,,"A",,,,,,,"13","5","237","51","992","114","5","1","2","2","111111","11AAA111118A71",,,"3",,,"4"
"4602715","2021-09-21T23:00:00","26.93","-122.79",,,"1","4","2","5",,,"11",,,,,,,,,"10181",,,"8",,,,,"9","223",,,,,,,,,,,,,"237","62","798","172","7","0",,"2","1FFF1F","1AAAA1AAA1AAAA","4",,,,,
"4602718","2021-09-21T23:00:00","28.54","-123.07",,,"1","4","2","5",,,"11",,,,,,,,,"10180",,,"8",,,,,"9","220",,,,,,,,,,,,,"237","83","798","172","7","0",,"2","1FFF1F","1AAAA1AAA1AAAA","4",,,,,
"5102629","2021-09-21T23:00:00","21.97","-127.36",,,"1","4","2","5",,,"11",,,,,,,,,,,,"8",,,,,"9","234",,,,,,,,,,,,,"237","17","798","172","7","0",,"2","1FFFFF","1AAAAAAAA1AAAA","4",,,,,
"5301550","2021-09-21T23:00:00","21.37","-128.58",,,"1","4","2","5",,,"11",,,,,,,,,,,,"8",,,,,"9","251",,,,,,,,,,,,,"237","18","798","172","7","0",,"2","1FFFFF","1AAAAAAAA1AAAA","4",,,,,
"KS1043","2021-09-21T23:00:00","25.80","-121.70",,,"1","4","0","0","7","1","1","0","10","4","46",,,,,"10169","7","12","0","211","1","177","162","3","224",,,,"A",,,,,,,"14","5","237","51","992","114","5","1","2","2","111111","11AAA111118A71",,,"3",,,"4"
"VROD3","2021-09-21T23:00:00","25.00","-120.30",,,"1","6","2","5","7","4","1",,,"4",,"1","97",,,"10170","4","0","8","230",,"200","183","1","230",,,"A",,"A","A",,"10","40",,,,"237","50","798","172","5","1","2","2","111711","141AA1111184A1",,"5",,,,
"4602710","2021-09-22T00:00:00","21.92","-121.32",,,"1","4","2","5",,,"11",,,,,,,,,,,,"8",,,,,"9","255",,,,,,,,,,,,,"237","11","798","172","7","0",,"2","1FFFFF","1AAAAAAAA1AAAA","4",,,,,
"4602715","2021-09-22T00:00:00","26.92","-122.80",,,"1","4","2","5",,,"11",,,,,,,,,"10178",,,"8",,,,,"9","220",,,,,,,,,,,,,"237","62","798","172","7","0",,"2","1FFF1F","1AAAA1AAA1AAAA","4",,,,,
"4602718","2021-09-22T00:00:00","28.53","-123.07",,,"1","4","2","5",,,"11",,,,,,,,,"10181",,,"8",,,,,"9","222",,,,,,,,,,,,,"237","83","798","172","7","0",,"2","1FFF1F","1AAAA1AAA1AAAA","4",,,,,
"5102629","2021-09-22T00:00:00","21.97","-127.36",,,"1","4","2","5",,,"11",,,,,,,,,,,,"8",,,,,"9","234",,,,,,,,,,,,,"237","17","798","172","7","0",,"2","1FFFFF","1AAAAAAAA1AAAA","4",,,,,
"5301550","2021-09-22T00:00:00","21.36","-128.58",,,"1","4","2","5",,,"11",,,,,,,,,,,,"8",,,,,"9","250",,,,,,,,,,,,,"237","18","798","172","7","0",,"2","1FFFFF","1AAAAAAAA1AAAA","4",,,,,
"A8MX4","2021-09-22T00:00:00","22.50","-127.20",,,"1","6","2","5","1","4","1",,"70","4","103","1","98","3",,"10150","7","10","8","260",,"210","186","3","280","5","5","4","5","A","A",,"10","5","32","12","5","237","27","798","172","5","0",,"2","511111","1111A111111111",,"5",,,,
"KS1043","2021-09-22T00:00:00","25.80","-121.60",,,"1","4","0","0","4","1","1","0","10","4","57",,,,,"10166","7","12","0","210","1","182","169","3","224",,,,"A",,,,,,,"13","5","237","51","992","114","5","1","2","2","111111","11AAA111118A71",,,"3",,,"4"
"VROD3","2021-09-22T00:00:00","25.10","-120.60",,,"1","6","2","5","7","4","1",,,"4",,"1","99",,,"10160","7","10","8","210",,"190","178","1","220","5","5","2","3","A","A",,"8","4",,,,"237","50","798","172","5","1","2","2","111711","111AA1111111A1",,"5",,,,
"4602715","2021-09-22T01:00:00","26.91","-122.80",,,"1","4","2","5",,,"11",,,,,,,,,"10177",,,"8",,,,,"9","218",,,,,,,,,,,,,"237","62","798","172","7","0",,"2","1FFF1F","1AAAA1AAA1AAAA","4",,,,,
"4602718","2021-09-22T01:00:00","28.53","-123.06",,,"1","4","2","5",,,"11",,,,,,,,,"10183",,,"8",,,,,"9","219",,,,,,,,,,,,,"237","83","798","172","7","0",,"2","1FFF1F","1AAAA1AAA1AAAA","4",,,,,
"5102629","2021-09-22T01:00:00","21.97","-127.36",,,"1","4","2","5",,,"11",,,,,,,,,,,,"8",,,,,"9","234",,,,,,,,,,,,,"237","17","798","172","7","0",,"2","1FFFFF","1AAAAAAAA1AAAA","4",,,,,
"5301550","2021-09-22T01:00:00","21.36","-128.58",,,"1","4","2","5",,,"11",,,,,,,,,,,,"8",,,,,"9","250",,,,,,,,,,,,,"237","18","798","172","7","0",,"2","1FFFFF","1AAAAAAAA1AAAA","4",,,,,
"KS1043","2021-09-22T01:00:00","25.80","-121.60",,,"1","4","0","0","3","1","1","0","20","4","57",,,,,"10163","7","11","0","211","1","182","170","3","224",,,,"A",,,,,,,"14","5","237","51","992","114","5","1","2","2","111111","11AAA111118A71",,,"3",,,"4"
"VROD3","2021-09-22T01:00:00","25.30","-120.90",,,"1","6","2","5","7","4","1",,,"4",,"1","99",,,"10170","5","0","8","230",,"210","199","1","220","5","5","4","3","A","A",,"8","4",,,,"237","50","798","172","5","1","2","2","111711","111AA1111111A1",,"5",,,,
"4602715","2021-09-22T02:00:00","26.91","-122.81",,,"1","4","2","5",,,"11",,,,,,,,,"10178",,,"8",,,,,"9","216",,,,,,,,,,,,,"237","62","798","172","7","0",,"2","1FFF1F","1AAAA1AAA1AAAA","4",,,,,
"4602718","2021-09-22T02:00:00","28.52","-123.06",,,"1","4","2","5",,,"11",,,,,,,,,"10184",,,"8",,,,,"9","216",,,,,,,,,,,,,"237","83","798","172","7","0",,"2","1FFF1F","1AAAA1AAA1AAAA","4",,,,,
"5102629","2021-09-22T02:00:00","21.97","-127.36",,,"1","4","2","5",,,"11",,,,,,,,,,,,"8",,,,,"9","233",,,,,,,,,,,,,"237","17","798","172","7","0",,"2","1FFFFF","1AAAAAAAA1AAAA","4",,,,,
"5301550","2021-09-22T02:00:00","21.36","-128.59",,,"1","4","2","5",,,"11",,,,,,,,,,,,"8",,,,,"9","249",,,,,,,,,,,,,"237","18","798","172","7","0",,"2","1FFFFF","1AAAAAAAA1AAAA","4",,,,,
"KS1043","2021-09-22T02:00:00","25.80","-121.60",,,"1","4","0","0","4","1","1","0","30","4","62",,,,,"10165","7","7","0","211","1","184","172","3","224",,,,"A",,,,,,,"14","5","237","51","992","114","5","1","2","2","111111","11AAA111118A71",,,"3",,,"4"
"VROD3","2021-09-22T02:00:00","25.40","-121.30",,,"1","6","2","5","7","4","1",,,"4",,"1","99",,,"10170","4","0","8","210",,"190","178","1","220","5","5","2","3","A","A",,"8","4",,,,"237","51","798","172","5","1","2","2","111711","111AA1111111A1",,"5",,,,
"4602710","2021-09-22T03:00:00","21.92","-121.33",,,"1","4","2","5",,,"11",,,,,,,,,,,,"8",,,,,"9","254",,,,,,,,,,,,,"237","11","798","172","7","0",,"1","1FFFFF","1AAAAAAAA1AAAA","4",,,,,
"4602715","2021-09-22T03:00:00","26.91","-122.81",,,"1","4","2","5",,,"11",,,,,,,,,"10181",,,"8",,,,,"9","214",,,,,,,,,,,,,"237","62","798","172","7","0",,"1","1FFF1F","1AAAA1AAA1AAAA","4",,,,,
"4602718","2021-09-22T03:00:00","28.52","-123.06",,,"1","4","2","5",,,"11",,,,,,,,,"10184",,,"8",,,,,"9","212",,,,,,,,,,,,,"237","83","798","172","7","0",,"1","1FFF1F","1AAAA1AAA1AAAA","4",,,,,
"5102629","2021-09-22T03:00:00","21.97","-127.36",,,"1","4","2","5",,,"11",,,,,,,,,,,,"8",,,,,"9","233",,,,,,,,,,,,,"237","17","798","172","7","0",,"1","1FFFFF","1AAAAAAAA1AAAA","4",,,,,
"5301550","2021-09-22T03:00:00","21.36","-128.58",,,"1","4","2","5",,,"11",,,,,,,,,,,,"8",,,,,"9","249",,,,,,,,,,,,,"237","18","798","172","7","0",,"1","1FFFFF","1AAAAAAAA1AAAA","4",,,,,
"KS1043","2021-09-22T03:00:00","25.70","-121.60",,,"1","4","0","0","4","1","1","0","30","4","62",,,,,"10167","5","1","0","210","1","181","168","3","224",,,,"A",,,,,,,"14","5","237","51","992","114","5","1","2","1","111111","11AAA111118A71",,,"3",,,"4"
"VROD3","2021-09-22T03:00:00","25.50","-121.60",,,"1","6","2","5","7","4","1",,,"4",,"1","98",,"2","10165",,,"8","205",,"190","181","1","220","6","6","7","A","7","A",,"10","4","29","10","4","237","51","798","172","5","1","2","1","111711","111A111111111A",,"5",,"0",,
"4602715","2021-09-22T04:00:00","26.90","-122.81",,,"1","4","2","5",,,"11",,,,,,,,,"10188",,,"8",,,,,"9","213",,,,,,,,,,,,,"237","62","798","172","7","0",,"1","1FFF1F","1AAAA1AAA1AAAA","4",,,,,
"4602718","2021-09-22T04:00:00","28.52","-123.07",,,"1","4","2","5",,,"11",,,,,,,,,"10192",,,"8",,,,,"9","210",,,,,,,,,,,,,"237","83","798","172","7","0",,"1","1FFF1F","1AAAA1AAA1AAAA","4",,,,,
"5102629","2021-09-22T04:00:00","21.97","-127.36",,,"1","4","2","5",,,"11",,,,,,,,,,,,"8",,,,,"9","233",,,,,,,,,,,,,"237","17","798","172","7","0",,"1","1FFFFF","1AAAAAAAA1AAAA","4",,,,,
"5301550","2021-09-22T04:00:00","21.36","-128.59",,,"1","4","2","5",,,"11",,,,,,,,,,,,"8",,,,,"9","249",,,,,,,,,,,,,"237","18","798","172","7","0",,"1","1FFFFF","1AAAAAAAA1AAAA","4",,,,,
"KS1043","2021-09-22T04:00:00","25.70","-121.60",,,"1","4","0","0","4","1","1","0","40","4","62",,,,,"10176","2","6","0","211","1","183","170","3","223",,,,"A",,,,,,,"14","4","237","51","992","114","5","1","2","1","111111","11AAA111118A71",,,"3",,,"4"
"VROD3","2021-09-22T04:00:00","25.70","-121.90",,,"1","6","2","5","7","4","1",,,"4",,,,"2",,"10160","1","10","8","200",,"180","167","1","220",,,"A",,"A","A",,,,,,,"237","51","798","172","5","1","2","1","111711","11A1A111118AA1",,"5",,,,
"4602715","2021-09-22T05:00:00","26.90","-122.81",,,"1","4","2","5",,,"11",,,,,,,,,"10194",,,"8",,,,,"9","212",,,,,,,,,,,,,"237","62","798","172","7","0",,"1","1FFF1F","1AAAA1AAA1AAAA","4",,,,,
"4602718","2021-09-22T05:00:00","28.52","-123.07",,,"1","4","2","5",,,"11",,,,,,,,,"10197",,,"8",,,,,"9","209",,,,,,,,,,,,,"237","83","798","172","7","0",,"1","1FFF1F","1AAAA1AAA1AAAA","4",,,,,
"5102629","2021-09-22T05:00:00","21.97","-127.36",,,"1","4","2","5",,,"11",,,,,,,,,,,,"8",,,,,"9","233",,,,,,,,,,,,,"237","17","798","172","7","0",,"1","1FFFFF","1AAAAAAAA1AAAA","4",,,,,
"5301550","2021-09-22T05:00:00","21.36","-128.59",,,"1","4","2","5",,,"11",,,,,,,,,,,,"8",,,,,"9","249",,,,,,,,,,,,,"237","18","798","172","7","0",,"1","1FFFFF","1AAAAAAAA1AAAA","4",,,,,
"KS1043","2021-09-22T05:00:00","25.70","-121.60",,,"1","4","0","0","4","1","1","0","30","4","51",,,,,"10181","2","15","0","210","1","183","171","3","224",,,,"A",,,,,,,"13","4","237","51","992","114","5","1","2","1","111111","11AAA111118A71",,,"3",,,"4"
"VROD3","2021-09-22T05:00:00","25.80","-122.30",,,"1","6","2","5","7","4","1",,,"4",,,,"2",,"10170","1","10","8","200",,"180","167","1","220",,,"A",,"A","A",,,,,,,"237","52","798","172","5","1","2","1","111711","11A1A111118AA1",,"5",,,,
"4602710","2021-09-22T06:00:00","21.91","-121.35",,,"1","4","2","5",,,"11",,,,,,,,,,,,"8",,,,,"9","254",,,,,,,,,,,,,"237","11","798","172","7","0",,"1","1FFFFF","1AAAAAAAA1AAAA","4",,,,,
"4602715","2021-09-22T06:00:00","26.90","-122.81",,,"1","4","2","5",,,"11",,,,,,,,,"10198",,,"8",,,,,"9","212",,,,,,,,,,,,,"237","62","798","172","7","0",,"1","1FFF1F","1AAAA1AAA1AAAA","4",,,,,
"4602718","2021-09-22T06:00:00","28.52","-123.07",,,"1","4","2","5",,,"11",,,,,,,,,"10200",,,"8",,,,,"9","208",,,,,,,,,,,,,"237","83","798","172","7","0",,"1","1FFF1F","1AAAA1AAA1AAAA","4",,,,,
"5102629","2021-09-22T06:00:00","21.97","-127.36",,,"1","4","2","5",,,"11",,,,,,,,,,,,"8",,,,,"9","233",,,,,,,,,,,,,"237","17","798","172","7","0",,"1","1FFFFF","1AAAAAAAA1AAAA","4",,,,,
"5301550","2021-09-22T06:00:00","21.36","-128.59",,,"1","4","2","5",,,"11",,,,,,,,,,,,"8",,,,,"9","249",,,,,,,,,,,,,"237","18","798","172","7","0",,"1","1FFFFF","1AAAAAAAA1AAAA","4",,,,,
"KS1043","2021-09-22T06:00:00","25.60","-121.60",,,"1","4","0","0","4","1","1","0","40","4","57",,,,,"10183","2","14","0","211","1","187","177","3","223",,,,"A",,,,,,,"13","4","237","51","992","114","5","1","2","1","111111","11AAA111118A71",,,"3",,,"4"
"VROD3","2021-09-22T06:00:00","27.90","-122.60",,,"1","6","2","5","7","4","1",,,"4",,,,"2",,"10170",,,"8","200",,"180","167","1","220",,,"A",,"A","A",,,,,,,"237","72","798","172","5","1","2","1","111711","11A1A111118AAA",,"5",,,,
"3FOC5","2021-09-22T07:00:00","26.30","-125.64",,,"1","5","2","5","9","0","1",,,,,,,,,"10174","8","22","8","269",,"249","242",,,,,"A",,"A","A",,,,,,,"237","65","798","172","5","0",,"1","F5FF11","1AAAA1111A8AA1",,"5",,,,
"4602715","2021-09-22T07:00:00","26.90","-122.82",,,"1","4","2","5",,,"11",,,,,,,,,"10199",,,"8",,,,,"9","211",,,,,,,,,,,,,"237","62","798","172","7","0",,"1","1FFF1F","1AAAA1AAA1AAAA","4",,,,,
"4602718","2021-09-22T07:00:00","28.52","-123.07",,,"1","4","2","5",,,"11",,,,,,,,,"10199",,,"8",,,,,"9","208",,,,,,,,,,,,,"237","83","798","172","7","0",,"1","1FFF1F","1AAAA1AAA1AAAA","4",,,,,
"5102629","2021-09-22T07:00:00","21.97","-127.36",,,"1","4","2","5",,,"11",,,,,,,,,,,,"8",,,,,"9","233",,,,,,,,,,,,,"237","17","798","172","7","0",,"1","1FFFFF","1AAAAAAAA1AAAA","4",,,,,
"5301550","2021-09-22T07:00:00","21.36","-128.60",,,"1","4","2","5",,,"11",,,,,,,,,,,,"8",,,,,"9","249",,,,,,,,,,,,,"237","18","798","172","7","0",,"1","1FFFFF","1AAAAAAAA1AAAA","4",,,,,
"KS1043","2021-09-22T07:00:00","25.60","-121.60",,,"1","4","0","0","4","1","1","0","30","4","57",,,,,"10184","2","14","0","211","1","188","178","3","223",,,,"A",,,,,,,"14","4","237","51","992","114","5","1","2","1","111111","11AAA111118A71",,,"3",,,"4"
"VROD3","2021-09-22T07:00:00","26.00","-122.90",,,"1","6","2","5","7","4","1",,,"4",,"1","97",,"0","10170","4","0","8","200",,"180","167","1","220","3",,"A","A","A","A",,"10","4",,,,"237","62","798","172","5","1","2","1","111711","111A11111111A1",,"5",,"0",,
"4602715","2021-09-22T08:00:00","26.89","-122.82",,,"1","4","2","5",,,"11",,,,,,,,,"10194",,,"8",,,,,"9","211",,,,,,,,,,,,,"237","62","798","172","7","0",,"1","1FFF1F","1AAAA1AAA1AAAA","4",,,,,
"4602718","2021-09-22T08:00:00","28.52","-123.07",,,"1","4","2","5",,,"11",,,,,,,,,"10199",,,"8",,,,,"9","207",,,,,,,,,,,,,"237","83","798","172","7","0",,"1","1FFF1F","1AAAA1AAA1AAAA","4",,,,,
"5102629","2021-09-22T08:00:00","21.97","-127.36",,,"1","4","2","5",,,"11",,,,,,,,,,,,"8",,,,,"9","233",,,,,,,,,,,,,"237","17","798","172","7","0",,"1","1FFFFF","1AAAAAAAA1AAAA","4",,,,,
"5301550","2021-09-22T08:00:00","21.36","-128.60",,,"1","4","2","5",,,"11",,,,,,,,,,,,"8",,,,,"9","249",,,,,,,,,,,,,"237","18","798","172","7","0",,"1","1FFFFF","1AAAAAAAA1AAAA","4",,,,,
"KS1043","2021-09-22T08:00:00","25.60","-121.60",,,"1","4","0","0","4","1","1","0","30","4","46",,,,,"10181","0","4","0","211","1","185","175","3","223",,,,"A",,,,,,,"13","5","237","51","992","114","5","1","2","1","111111","11AAA111118A71",,,"3",,,"4"
"VROD3","2021-09-22T08:00:00","26.20","-123.20",,,"1","6","2","5","7","4","1",,,"4",,"1","97",,"0","10170","4","0","8","200",,"180","167","1","220","3",,"A","A","A","A",,"10","6",,,,"237","63","798","172","5","1","2","1","111711","111A11111111A1",,"5",,"0",,
"4602710","2021-09-22T09:00:00","21.91","-121.36",,,"1","4","2","5",,,"11",,,,,,,,,,,,"8",,,,,"9","254",,,,,,,,,,,,,"237","11","798","172","7","0",,"1","1FFFFF","1AAAAAAAA1AAAA","4",,,,,
"4602715","2021-09-22T09:00:00","26.88","-122.82",,,"1","4","2","5",,,"11",,,,,,,,,"10194",,,"8",,,,,"9","211",,,,,,,,,,,,,"237","62","798","172","7","0",,"1","1FFF1F","1AAAA1AAA1AAAA","4",,,,,
"4602718","2021-09-22T09:00:00","28.51","-123.07",,,"1","4","2","5",,,"11",,,,,,,,,"10200",,,"8",,,,,"9","207",,,,,,,,,,,,,"237","83","798","172","7","0",,"1","1FFF1F","1AAAA1AAA1AAAA","4",,,,,
"5102629","2021-09-22T09:00:00","21.97","-127.36",,,"1","4","2","5",,,"11",,,,,,,,,,,,"8",,,,,"9","233",,,,,,,,,,,,,"237","17","798","172","7","0",,"1","1FFFFF","1AAAAAAAA1AAAA","4",,,,,
"5301550","2021-09-22T09:00:00","21.36","-128.60",,,"1","4","2","5",,,"11",,,,,,,,,,,,"8",,,,,"9","249",,,,,,,,,,,,,"237","18","798","172","7","0",,"1","1FFFFF","1AAAAAAAA1AAAA","4",,,,,
"KS1043","2021-09-22T09:00:00","25.60","-121.60",,,"1","4","0","0","3","1","1","0","20","4","46",,,,,"10180","8","2","0","211","1","188","179","3","223",,,,"A",,,,,,,"13","4","237","51","992","114","5","1","2","1","111111","11AAA111118A71",,,"3",,,"4"
"VROD3","2021-09-22T09:00:00","26.40","-123.50",,,"1","6","2","5","7","4","1",,,"4",,"1","97",,"0","10170","4","0","8","200",,"180","167","1","220","3",,"A","A","A","A",,"10","4",,,,"237","63","798","172","5","1","2","1","111711","111A11111111A1",,"5",,"0",,
"KS1043","2021-09-22T10:00:00","25.50","-121.60",,,"1","4","0","0","3","1","1","0","20","4","57",,,,,"10181","5","3","0","211","1","188","179","3","223",,,,"A",,,,,,,"13","5","237","51","992","114","5","1","2","1","111111","11AAA111118A71",,,"3",,,"4"
"VROD3","2021-09-22T10:00:00","26.60","-123.80",,,"1","6","2","5","7","4","1",,,"4",,"1","97",,"0","10170","0","0","8","200",,"180","167","1","220","2",,"A","A","A","A",,"10","4",,,,"237","63","798","172","5","1","2","1","111711","111A11111111A1",,"5",,"0",,
"4602715","2021-09-22T11:00:00","26.86","-122.82",,,"1","4","2","5",,,"11",,,,,,,,,"10191",,,"8",,,,,"9","211",,,,,,,,,,,,,"237","62","798","172","7","0",,"1","1FFF1F","1AAAA1AAA1AAAA","4",,,,,
"4602718","2021-09-22T11:00:00","28.51","-123.08",,,"1","4","2","5",,,"11",,,,,,,,,"10196",,,"8",,,,,"9","207",,,,,,,,,,,,,"237","83","798","172","7","0",,"1","1FFF1F","1AAAA1AAA1AAAA","4",,,,,
"5102629","2021-09-22T11:00:00","21.97","-127.36",,,"1","4","2","5",,,"11",,,,,,,,,,,,"8",,,,,"9","233",,,,,,,,,,,,,"237","17","798","172","7","0",,"1","1FFFFF","1AAAAAAAA1AAAA","4",,,,,
"5301550","2021-09-22T11:00:00","21.37","-128.61",,,"1","4","2","5",,,"11",,,,,,,,,,,,"8",,,,,"9","249",,,,,,,,,,,,,"237","18","798","172","7","0",,"1","1FFFFF","1AAAAAAAA1AAAA","4",,,,,
"KS1043","2021-09-22T11:00:00","25.50","-121.60",,,"1","4","0","0","4","1","1","0","30","4","67",,,,,"10177","7","4","0","213","1","193","184","3","223",,,,"A",,,,,,,"13","4","237","51","992","114","5","1","2","1","111111","11AAA111118A71",,,"3",,,"4"
"VROD3","2021-09-22T11:00:00","26.90","-124.10",,,"1","6","2","5","7","4","1",,,"4",,"1","97",,,"10170","4","0","8","200",,"180","167","1","220",,,"A",,"A","A",,"12","4",,,,"237","64","798","172","5","1","2","1","111711","111AA1111181A1",,"5",,,,
"4602710","2021-09-22T12:00:00","21.91","-121.38",,,"1","4","2","5",,,"11",,,,,,,,,,,,"8",,,,,"9","254",,,,,,,,,,,,,"237","11","798","172","7","0",,"1","1FFFFF","1AAAAAAAA1AAAA","4",,,,,
"4602715","2021-09-22T12:00:00","26.85","-122.83",,,"1","4","2","5",,,"11",,,,,,,,,"10192",,,"8",,,,,"9","211",,,,,,,,,,,,,"237","62","798","172","7","0",,"1","1FFF1F","1AAAA1AAA1AAAA","4",,,,,
"4602718","2021-09-22T12:00:00","28.51","-123.08",,,"1","4","2","5",,,"11",,,,,,,,,"10198",,,"8",,,,,"9","207",,,,,,,,,,,,,"237","83","798","172","7","0",,"1","1FFF1F","1AAAA1AAA1AAAA","4",,,,,
"5102629","2021-09-22T12:00:00","21.97","-127.36",,,"1","4","2","5",,,"11",,,,,,,,,,,,"8",,,,,"9","232",,,,,,,,,,,,,"237","17","798","172","7","0",,"1","1FFFFF","1AAAAAAAA1AAAA","4",,,,,
"5301550","2021-09-22T12:00:00","21.37","-128.62",,,"1","4","2","5",,,"11",,,,,,,,,,,,"8",,,,,"9","249",,,,,,,,,,,,,"237","18","798","172","7","0",,"1","1FFFFF","1AAAAAAAA1AAAA","4",,,,,
"KS1043","2021-09-22T12:00:00","25.50","-121.60",,,"1","4","0","0","3","1","1","0","30","4","72",,,,,"10175","8","3","0","213","1","192","183","3","223",,,,"A",,,,,,,"14","4","237","51","992","114","5","1","2","1","111111","11AAA111118A71",,,"3",,,"4"
"VROD3","2021-09-22T12:00:00","27.10","-129.40",,,"1","6","2","5","7","5","1",,,"4",,"1","98",,,"10170","4","0","8","210",,"190","178","1","220","5","5","3","4","A","A",,"8","4",,,,"237","79","798","172","5","1","2","1","111711","111AA1111111A1",,"5",,,,
"KS1043","2021-09-22T13:00:00","25.40","-121.50",,,"1","4","0","0","4","1","1","0","30","4","72",,,,,"10177","7","6","0","214","1","193","184","3","223",,,,"A",,,,,,,"13","5","237","51","992","114","5","1","2","1","111111","11AAA111118A71",,,"3",,,"4"
"VROD3","2021-09-22T13:00:00","27.30","-124.70",,,"1","4","0","0","7","4","1","0",,"4",,,"98",,,"10170","4","0","0","220","0","190","172","1","220",,,"7","A","A","A",,"8","10",,,,"237","74","992","114","5","1","2","1","117111","111AA1111181A1",,,"1",,,"4"
"4602715","2021-09-22T14:00:00","26.84","-122.83",,,"1","4","2","5",,,"11",,,,,,,,,"10195",,,"8",,,,,"9","210",,,,,,,,,,,,,"237","62","798","172","7","0",,"1","1FFF1F","1AAAA1AAA1AAAA","4",,,,,
"4602718","2021-09-22T14:00:00","28.51","-123.08",,,"1","4","2","5",,,"11",,,,,,,,,"10203",,,"8",,,,,"9","206",,,,,,,,,,,,,"237","83","798","172","7","0",,"1","1FFF1F","1AAAA1AAA1AAAA","4",,,,,
"5102629","2021-09-22T14:00:00","21.97","-127.36",,,"1","4","2","5",,,"11",,,,,,,,,,,,"8",,,,,"9","232",,,,,,,,,,,,,"237","17","798","172","7","0",,"1","1FFFFF","1AAAAAAAA1AAAA","4",,,,,
"5301550","2021-09-22T14:00:00","21.38","-128.62",,,"1","4","2","5",,,"11",,,,,,,,,,,,"8",,,,,"9","248",,,,,,,,,,,,,"237","18","798","172","7","0",,"1","1FFFFF","1AAAAAAAA1AAAA","4",,,,,
"KS1043","2021-09-22T14:00:00","25.40","-121.50",,,"1","4","0","0","4","1","1","0","40","4","72",,,,,"10178","5","2","0","215","1","195","187","3","224",,,,"A",,,,,,,"13","5","237","51","992","114","5","1","2","1","111111","11AAA111118A71",,,"3",,,"4"
"VROD3","2021-09-22T14:00:00","27.50","-125.00",,,"1","6","2","5","7","4","1",,,"4",,"1","98",,,"10170","4","0","8","220",,"190","172","1","220",,,"7",,"A","A",,"8","4",,,,"237","75","798","172","5","1","2","1","111711","111AA1111181A1",,"5",,,,
"4602710","2021-09-22T15:00:00","21.91","-121.40",,,"1","4","2","5",,,"11",,,,,,,,,,,,"8",,,,,"9","254",,,,,,,,,,,,,"237","11","798","172","7","0",,"2","1FFFFF","1AAAAAAAA1AAAA","4",,,,,
"4602715","2021-09-22T15:00:00","26.84","-122.84",,,"1","4","2","5",,,"11",,,,,,,,,"10200",,,"8",,,,,"9","210",,,,,,,,,,,,,"237","62","798","172","7","0",,"2","1FFF1F","1AAAA1AAA1AAAA","4",,,,,
"4602718","2021-09-22T15:00:00","28.51","-123.08",,,"1","4","2","5",,,"11",,,,,,,,,"10209",,,"8",,,,,"9","206",,,,,,,,,,,,,"237","83","798","172","7","0",,"2","1FFF1F","1AAAA1AAA1AAAA","4",,,,,
"5102629","2021-09-22T15:00:00","21.97","-127.36",,,"1","4","2","5",,,"11",,,,,,,,,,,,"8",,,,,"9","232",,,,,,,,,,,,,"237","17","798","172","7","0",,"2","1FFFFF","1AAAAAAAA1AAAA","4",,,,,
"5301550","2021-09-22T15:00:00","21.39","-128.62",,,"1","4","2","5",,,"11",,,,,,,,,,,,"8",,,,,"9","248",,,,,,,,,,,,,"237","18","798","172","7","0",,"2","1FFFFF","1AAAAAAAA1AAAA","4",,,,,
"9V6207","2021-09-22T15:00:00","24.90","-121.80",,,"1","6","2","5","6","4","1",,"100","4","77","1","99","1","1","10180",,,"8","220",,"200","189","3",,"7","4","A","5","A","A",,,,,,,"237","41","798","172","5","1","2","2","712111","11111111111AAA",,"5",,"1",,
"KS1043","2021-09-22T15:00:00","25.40","-121.50",,,"1","4","0","0","4","1","1","0","50","4","72",,,,,"10182","3","4","0","216","1","197","190","3","224",,,,"A",,,,,,,"13","4","237","51","992","114","5","1","2","2","111111","11AAA111118A71",,,"3",,,"4"
"VROD3","2021-09-22T15:00:00","27.70","-125.30",,,"1","6","2","5","7","4","1",,,"4",,"1","99",,,"10170","4","0","8","220",,"190","172","1","220",,,"2",,"A","A",,"8","4",,,,"237","75","798","172","5","1","2","2","111711","111AA1111181A1",,"5",,,,
"4602715","2021-09-22T16:00:00","26.83","-122.84",,,"1","4","2","5",,,"11",,,,,,,,,"10204",,,"8",,,,,"9","210",,,,,,,,,,,,,"237","62","798","172","7","0",,"2","1FFF1F","1AAAA1AAA1AAAA","4",,,,,
"4602718","2021-09-22T16:00:00","28.51","-123.08",,,"1","4","2","5",,,"11",,,,,,,,,"10213",,,"8",,,,,"9","206",,,,,,,,,,,,,"237","83","798","172","7","0",,"2","1FFF1F","1AAAA1AAA1AAAA","4",,,,,
"5102629","2021-09-22T16:00:00","21.97","-127.36",,,"1","4","2","5",,,"11",,,,,,,,,,,,"8",,,,,"9","232",,,,,,,,,,,,,"237","17","798","172","7","0",,"2","1FFFFF","1AAAAAAAA1AAAA","4",,,,,
"5301550","2021-09-22T16:00:00","21.40","-128.62",,,"1","4","2","5",,,"11",,,,,,,,,,,,"8",,,,,"9","248",,,,,,,,,,,,,"237","18","798","172","7","0",,"2","1FFFFF","1AAAAAAAA1AAAA","4",,,,,
"KS1043","2021-09-22T16:00:00","25.30","-121.50",,,"1","4","0","0","4","1","1","0","40","4","82",,,,,"10180","2","5","0","218","1","198","190","3","224",,,,"A",,,,,,,"13","4","237","51","992","114","5","1","2","2","111111","11AAA111118A71",,,"3",,,"4"
"VROD3","2021-09-22T16:00:00","27.90","-125.60",,,"1","6","2","5","7","4","1",,,"4",,,,"2",,"10170","4","0","8","220",,"180","153","1","200",,,"A",,"A","A",,,,,,,"237","75","798","172","5","1","2","2","111711","11A1A111118AA1",,"5",,,,
"4602715","2021-09-22T17:00:00","26.83","-122.85",,,"1","4","2","5",,,"11",,,,,,,,,"10205",,,"8",,,,,"9","211",,,,,,,,,,,,,"237","62","798","172","7","0",,"2","1FFF1F","1AAAA1AAA1AAAA","4",,,,,
"5102629","2021-09-22T17:00:00","21.97","-127.36",,,"1","4","2","5",,,"11",,,,,,,,,,,,"8",,,,,"9","233",,,,,,,,,,,,,"237","17","798","172","7","0",,"2","1FFFFF","1AAAAAAAA1AAAA","4",,,,,
"5301550","2021-09-22T17:00:00","21.40","-128.62",,,"1","4","2","5",,,"11",,,,,,,,,,,,"8",,,,,"9","248",,,,,,,,,,,,,"237","18","798","172","7","0",,"2","1FFFFF","1AAAAAAAA1AAAA","4",,,,,
"KS1043","2021-09-22T17:00:00","25.30","-121.50",,,"1","4","0","0","3","1","1","0","40","4","82",,,,,"10182","2","5","0","219","1","199","191","3","224",,,,"A",,,,,,,"13","4","237","51","992","114","5","1","2","2","111111","11AAA111118A71",,,"3",,,"4"
"VROD3","2021-09-22T17:00:00","28.10","-125.90",,,"1","6","2","5","7","4","1",,,"4",,,,"2",,"10180",,,"8","230",,"180","146","1","200",,,"A",,"A","A",,,,,,,"237","85","798","172","5","1","2","2","111711","11A1A111118AAA",,"5",,,,
"4602718","2021-09-22T17:01:00","28.51","-123.07",,,"1","4","2","5",,,"11",,,,,,,,,"10213",,,"8",,,,,"9","207",,,,,,,,,,,,,"237","83","798","172","7","0",,"2","1FFF1F","1AAAA1AAA1AAAA","4",,,,,
"4602710","2021-09-22T18:00:00","21.92","-121.42",,,"1","4","2","5",,,"11",,,,,,,,,,,,"8",,,,,"9","254",,,,,,,,,,,,,"237","11","798","172","7","0",,"2","1FFFFF","1AAAAAAAA1AAAA","4",,,,,
"4602715","2021-09-22T18:00:00","26.83","-122.85",,,"1","4","2","5",,,"11",,,,,,,,,"10205",,,"8",,,,,"9","211",,,,,,,,,,,,,"237","62","798","172","7","0",,"2","1FFF1F","1AAAA1AAA1AAAA","4",,,,,
"4602718","2021-09-22T18:00:00","28.51","-123.07",,,"1","4","2","5",,,"11",,,,,,,,,"10214",,,"8",,,,,"9","207",,,,,,,,,,,,,"237","83","798","172","7","0",,"2","1FFF1F","1AAAA1AAA1AAAA","4",,,,,
"5102629","2021-09-22T18:00:00","21.97","-127.36",,,"1","4","2","5",,,"11",,,,,,,,,,,,"8",,,,,"9","233",,,,,,,,,,,,,"237","17","798","172","7","0",,"2","1FFFFF","1AAAAAAAA1AAAA","4",,,,,
"5301550","2021-09-22T18:00:00","21.41","-128.62",,,"1","4","2","5",,,"11",,,,,,,,,,,,"8",,,,,"9","248",,,,,,,,,,,,,"237","18","798","172","7","0",,"2","1FFFFF","1AAAAAAAA1AAAA","4",,,,,
"KS1043","2021-09-22T18:00:00","25.30","-121.50",,,"1","4","0","0","4","1","1","0","40","4","72",,,,,"10186","2","4","0","221","1","204","198","3","225",,,,"A",,,,,,,"13","4","237","51","992","114","5","1","2","2","111111","11AAA111118A71",,,"3",,,"4"
"VROD3","2021-09-22T18:00:00","28.20","-126.20",,,"1","6","2","5","7","4","1",,,"4",,,,"2",,"10190",,,"8","240",,"180","138","1","200",,,"A",,"A","A",,,,,,,"237","86","798","172","5","1","2","2","111711","11A1A111118AAA",,"5",,,,
"4602718","2021-09-22T19:00:00","28.51","-123.08",,,"1","4","2","5",,,"11",,,,,,,,,"10212",,,"8",,,,,"9","208",,,,,,,,,,,,,"237","83","798","172","7","0",,"2","1FFF1F","1AAAA1AAA1AAAA","4",,,,,
"5102629","2021-09-22T19:00:00","21.94","-127.43",,,"1","4","2","5",,,"11",,,,,,,,,,,,"8",,,,,"9","233",,,,,,,,,,,,,"237","17","798","172","7","0",,"2","1FFFFF","1AAAAAAAA1AAAA","4",,,,,
"5301550","2021-09-22T19:00:00","21.42","-128.62",,,"1","4","2","5",,,"11",,,,,,,,,,,,"8",,,,,"9","249",,,,,,,,,,,,,"237","18","798","172","7","0",,"2","1FFFFF","1AAAAAAAA1AAAA","4",,,,,
"KS1043","2021-09-22T19:00:00","25.20","-121.50",,,"1","4","0","0","4","1","1","0","40","4","72",,,,,"10186","2","6","0","220","1","203","197","3","225",,,,"A",,,,,,,"13","5","237","51","992","114","5","1","2","2","111111","11AAA111118A71",,,"3",,,"4"
"VROD3","2021-09-22T19:00:00","28.40","-126.60",,,"1","6","2","5","7","4","1",,,"4",,,,"2",,"10200",,,"8","210",,"170","142","1","200",,,"A",,"A","A",,,,,,,"237","86","798","172","5","1","2","2","111711","11A1A111118AAA",,"5",,,,
"VRTW3","2021-09-22T19:00:00","26.80","-126.80",,,"1","6","2","5","1","5","1",,"50","4","82",,,,,"10160","4","0","8","240",,"230","226","1","220",,,"A",,"A","A",,,,,,,"237","66","798","172","5","1","2","2","111111","11AAA111118AA1",,"5",,,,
"4602715","2021-09-22T19:03:00","26.83","-122.86",,,"1","4","2","5",,,"11",,,,,,,,,"10204",,,"8",,,,,"9","211",,,,,,,,,,,,,"237","62","798","172","7","0",,"2","1FFF1F","1AAAA1AAA1AAAA","4",,,,,
"4602715","2021-09-22T20:00:00","26.83","-122.86",,,"1","4","2","5",,,"11",,,,,,,,,"10197",,,"8",,,,,"9","212",,,,,,,,,,,,,"237","62","798","172","7","0",,"2","1FFF1F","1AAAA1AAA1AAAA","4",,,,,
"4602718","2021-09-22T20:00:00","28.52","-123.07",,,"1","4","2","5",,,"11",,,,,,,,,"10208",,,"8",,,,,"9","209",,,,,,,,,,,,,"237","83","798","172","7","0",,"2","1FFF1F","1AAAA1AAA1AAAA","4",,,,,
"5102629","2021-09-22T20:00:00","21.94","-127.44",,,"1","4","2","5",,,"11",,,,,,,,,,,,"8",,,,,"9","233",,,,,,,,,,,,,"237","17","798","172","7","0",,"2","1FFFFF","1AAAAAAAA1AAAA","4",,,,,
"5301550","2021-09-22T20:00:00","21.42","-128.61",,,"1","4","2","5",,,"11",,,,,,,,,,,,"8",,,,,"9","249",,,,,,,,,,,,,"237","18","798","172","7","0",,"2","1FFFFF","1AAAAAAAA1AAAA","4",,,,,
"KS1043","2021-09-22T20:00:00","25.20","-121.40",,,"1","4","0","0","4","1","1","0","50","4","57",,,,,"10181","0","1","0","221","1","206","201","3","226",,,,"A",,,,,,,"13","4","237","51","992","114","5","1","2","2","111111","11AAA111118A71",,,"3",,,"4"
"VROD3","2021-09-22T20:00:00","28.60","-126.90",,,"1","6","2","5","7","4","1",,,"4",,"1","97",,,"10170","2","10","8","200",,"170","149","1","200",,,"A",,"A","A",,"15","4",,,,"237","86","798","172","5","1","2","2","111711","111AA1111181A1",,"5",,,,
"4602710","2021-09-22T21:00:00","21.93","-121.43",,,"1","4","2","5",,,"11",,,,,,,,,,,,"8",,,,,"9","254",,,,,,,,,,,,,"237","11","798","172","7","0",,"2","1FFFFF","1AAAAAAAA1AAAA","4",,,,,
"4602715","2021-09-22T21:00:00","26.82","-122.86",,,"1","4","2","5",,,"11",,,,,,,,,"10192",,,"8",,,,,"9","212",,,,,,,,,,,,,"237","62","798","172","7","0",,"2","1FFF1F","1AAAA1AAA1AAAA","4",,,,,
"5102629","2021-09-22T21:00:00","21.94","-127.44",,,"1","4","2","5",,,"11",,,,,,,,,,,,"8",,,,,"9","233",,,,,,,,,,,,,"237","17","798","172","7","0",,"2","1FFFFF","1AAAAAAAA1AAAA","4",,,,,
"5301550","2021-09-22T21:00:00","21.42","-128.61",,,"1","4","2","5",,,"11",,,,,,,,,,,,"8",,,,,"9","249",,,,,,,,,,,,,"237","18","798","172","7","0",,"2","1FFFFF","1AAAAAAAA1AAAA","4",,,,,
"KS1043","2021-09-22T21:00:00","25.20","-121.40",,,"1","4","0","0","4","1","1","0","40","4","62",,,,,"10173","8","6","0","223","1","209","204","3","226",,,,"A",,,,,,,"13","4","237","51","992","114","5","1","2","2","111111","11AAA111118A71",,,"3",,,"4"
"VROD3","2021-09-22T21:00:00","28.80","-127.20",,,"1","6","2","5","7","4","1",,,"4",,"1","97",,"1","10210","2","10","8","200",,"170","149","1","200",,,"4",,"A","A",,"15","4",,,,"237","87","798","172","5","1","2","2","111711","111A11111181A1",,"5",,"1",,
"4602718","2021-09-22T21:01:00","28.52","-123.07",,,"1","4","2","5",,,"11",,,,,,,,,"10206",,,"8",,,,,"9","209",,,,,,,,,,,,,"237","83","798","172","7","0",,"2","1FFF1F","1AAAA1AAA1AAAA","4",,,,,
"4602715","2021-09-22T22:00:00","26.82","-122.86",,,"1","4","2","5",,,"11",,,,,,,,,"10184",,,"8",,,,,"9","213",,,,,,,,,,,,,"237","62","798","172","7","0",,"2","1FFF1F","1AAAA1AAA1AAAA","4",,,,,
"4602718","2021-09-22T22:00:00","28.52","-123.07",,,"1","4","2","5",,,"11",,,,,,,,,"10195",,,"8",,,,,"9","209",,,,,,,,,,,,,"237","83","798","172","7","0",,"2","1FFF1F","1AAAA1AAA1AAAA","4",,,,,
"5102629","2021-09-22T22:00:00","21.94","-127.44",,,"1","4","2","5",,,"11",,,,,,,,,,,,"8",,,,,"9","233",,,,,,,,,,,,,"237","17","798","172","7","0",,"2","1FFFFF","1AAAAAAAA1AAAA","4",,,,,
"5301550","2021-09-22T22:00:00","21.42","-128.61",,,"1","4","2","5",,,"11",,,,,,,,,,,,"8",,,,,"9","249",,,,,,,,,,,,,"237","18","798","172","7","0",,"2","1FFFFF","1AAAAAAAA1AAAA","4",,,,,
"KS1043","2021-09-22T22:00:00","25.10","-121.40",,,"1","4","0","0","4","1","1","0","20","4","57",,,,,"10160","7","20","0","221","1","208","203","3","227",,,,"A",,,,,,,"12","4","237","51","992","114","5","1","2","2","111111","11AAA111118A71",,,"3",,,"4"
"VROD3","2021-09-22T22:00:00","29.00","-127.50",,,"1","6","2","5","7","4","1",,,"4",,"1","97",,,"10210","2","10","8","210",,"170","142","1","200",,,"A",,"A","A",,"15","4",,,,"237","97","798","172","5","1","2","2","111711","111AA1111181A1",,"5",,,,
"4602715","2021-09-22T23:00:00","26.82","-122.86",,,"1","4","2","5",,,"11",,,,,,,,,"10178",,,"8",,,,,"9","213",,,,,,,,,,,,,"237","62","798","172","7","0",,"2","1FFF1F","1AAAA1AAA1AAAA","4",,,,,
"4602718","2021-09-22T23:00:00","28.51","-123.07",,,"1","4","2","5",,,"11",,,,,,,,,"10190",,,"8",,,,,"9","209",,,,,,,,,,,,,"237","83","798","172","7","0",,"2","1FFF1F","1AAAA1AAA1AAAA","4",,,,,
"5102629","2021-09-22T23:00:00","21.94","-127.44",,,"1","4","2","5",,,"11",,,,,,,,,,,,"8",,,,,"9","233",,,,,,,,,,,,,"237","17","798","172","7","0",,"2","1FFFFF","1AAAAAAAA1AAAA","4",,,,,
"5301550","2021-09-22T23:00:00","21.43","-128.61",,,"1","4","2","5",,,"11",,,,,,,,,,,,"8",,,,,"9","249",,,,,,,,,,,,,"237","18","798","172","7","0",,"2","1FFFFF","1AAAAAAAA1AAAA","4",,,,,
"KS1043","2021-09-22T23:00:00","25.10","-121.40",,,"1","4","0","0","5","1","1","0","20","4","72",,,,,"10156","7","26","0","222","1","209","205","3","227",,,,"A",,,,,,,"13","4","237","51","992","114","5","1","2","2","111111","11AAA111118A71",,,"3",,,"4"
"VROD3","2021-09-22T23:00:00","29.10","-127.80",,,"1","6","2","5","7","4","1",,,"4",,"1","97",,,"10210","2","10","8","210",,"170","142","1","200",,,"A",,"A","A",,"15","4",,,,"237","97","798","172","5","1","2","2","111711","111AA1111181A1",,"5",,,,
"4602710","2021-09-23T00:00:00","21.94","-121.45",,,"1","4","2","5",,,"11",,,,,,,,,,,,"8",,,,,"9","254",,,,,,,,,,,,,"237","11","798","172","7","0",,"2","1FFFFF","1AAAAAAAA1AAAA","4",,,,,
"4602715","2021-09-23T00:00:00","26.81","-122.86",,,"1","4","2","5",,,"11",,,,,,,,,"10174",,,"8",,,,,"9","213",,,,,,,,,,,,,"237","62","798","172","7","0",,"2","1FFF1F","1AAAA1AAA1AAAA","4",,,,,
"4602718","2021-09-23T00:00:00","28.51","-123.07",,,"1","4","2","5",,,"11",,,,,,,,,"10187",,,"8",,,,,"9","209",,,,,,,,,,,,,"237","83","798","172","7","0",,"2","1FFF1F","1AAAA1AAA1AAAA","4",,,,,
"5102629","2021-09-23T00:00:00","21.94","-127.44",,,"1","4","2","5",,,"11",,,,,,,,,,,,"8",,,,,"9","233",,,,,,,,,,,,,"237","17","798","172","7","0",,"2","1FFFFF","1AAAAAAAA1AAAA","4",,,,,
"5301550","2021-09-23T00:00:00","21.43","-128.60",,,"1","4","2","5",,,"11",,,,,,,,,,,,"8",,,,,"9","249",,,,,,,,,,,,,"237","18","798","172","7","0",,"2","1FFFFF","1AAAAAAAA1AAAA","4",,,,,
"KS1043","2021-09-23T00:00:00","25.10","-121.40",,,"1","4","0","0","4","1","1","0","40","4","62",,,,,"10159","7","23","0","222","1","209","204","3","227",,,,"A",,,,,,,"12","4","237","51","992","114","5","1","2","2","111111","11AAA111118A71",,,"3",,,"4"
"VROD3","2021-09-23T00:00:00","29.30","-128.10",,,"1","6","2","5","7","4","1",,,"4",,"1","97",,,"10210","2","10","8","200",,"170","149","1","200",,,"A",,"A","A",,"15","4",,,,"237","98","798","172","5","1","2","2","111711","111AA1111181A1",,"5",,,,
"4602715","2021-09-23T01:00:00","26.81","-122.86",,,"1","4","2","5",,,"11",,,,,,,,,"10174",,,"8",,,,,"9","213",,,,,,,,,,,,,"237","62","798","172","7","0",,"2","1FFF1F","1AAAA1AAA1AAAA","4",,,,,
"4602718","2021-09-23T01:00:00","28.51","-123.07",,,"1","4","2","5",,,"11",,,,,,,,,"10184",,,"8",,,,,"9","209",,,,,,,,,,,,,"237","83","798","172","7","0",,"2","1FFF1F","1AAAA1AAA1AAAA","4",,,,,
"5102629","2021-09-23T01:00:00","21.94","-127.44",,,"1","4","2","5",,,"11",,,,,,,,,,,,"8",,,,,"9","233",,,,,,,,,,,,,"237","17","798","172","7","0",,"2","1FFFFF","1AAAAAAAA1AAAA","4",,,,,
"5301550","2021-09-23T01:00:00","21.43","-128.60",,,"1","4","2","5",,,"11",,,,,,,,,,,,"8",,,,,"9","249",,,,,,,,,,,,,"237","18","798","172","7","0",,"2","1FFFFF","1AAAAAAAA1AAAA","4",,,,,
"KS1043","2021-09-23T01:00:00","25.00","-121.40",,,"1","4","0","0","4","1","1","0","30","4","57",,,,,"10160","5","7","0","223","1","210","205","3","227",,,,"A",,,,,,,"12","5","237","51","992","114","5","1","2","2","111111","11AAA111118A71",,,"3",,,"4"
"VROD3","2021-09-23T01:00:00","29.50","-128.40",,,"1","6","2","5","7","4","1",,,"4",,"1","98",,,"10210","4","0","8","190",,"160","138","1","190","4","4","7","2","A","A",,"8","4",,,,"237","98","798","172","5","1","2","2","111711","111AA1111111A1",,"5",,,,
"4602715","2021-09-23T02:00:00","26.80","-122.86",,,"1","4","2","5",,,"11",,,,,,,,,"10176",,,"8",,,,,"9","212",,,,,,,,,,,,,"237","62","798","172","7","0",,"2","1FFF1F","1AAAA1AAA1AAAA","4",,,,,
"4602718","2021-09-23T02:00:00","28.51","-123.07",,,"1","4","2","5",,,"11",,,,,,,,,"10184",,,"8",,,,,"9","208",,,,,,,,,,,,,"237","83","798","172","7","0",,"2","1FFF1F","1AAAA1AAA1AAAA","4",,,,,
"5102629","2021-09-23T02:00:00","21.94","-127.44",,,"1","4","2","5",,,"11",,,,,,,,,,,,"8",,,,,"9","233",,,,,,,,,,,,,"237","17","798","172","7","0",,"2","1FFFFF","1AAAAAAAA1AAAA","4",,,,,
"5301550","2021-09-23T02:00:00","21.43","-128.60",,,"1","4","2","5",,,"11",,,,,,,,,,,,"8",,,,,"9","248",,,,,,,,,,,,,"237","18","798","172","7","0",,"2","1FFFFF","1AAAAAAAA1AAAA","4",,,,,
"KS1043","2021-09-23T02:00:00","25.00","-121.40",,,"1","4","0","0","4","1","1","0","30","4","67",,,,,"10157","0","1","0","223","1","211","207","3","227",,,,"A",,,,,,,"13","4","237","51","992","114","5","1","2","2","111111","11AAA111118A71",,,"3",,,"4"
"VROD3","2021-09-23T02:00:00","29.60","-128.80",,,"1","6","2","5","7","4","1",,,"4",,"1","98",,,"10180","4","0","8","190",,"160","138","1","190",,,"6",,"A","A",,"8","4",,,,"237","98","798","172","5","1","2","2","111711","111AA1111181A1",,"5",,,,
"4602710","2021-09-23T03:00:00","21.94","-121.46",,,"1","4","2","5",,,"11",,,,,,,,,,,,"8",,,,,"9","253",,,,,,,,,,,,,"237","11","798","172","7","0",,"1","1FFFFF","1AAAAAAAA1AAAA","4",,,,,
"4602715","2021-09-23T03:00:00","26.79","-122.86",,,"1","4","2","5",,,"11",,,,,,,,,"10179",,,"8",,,,,"9","212",,,,,,,,,,,,,"237","62","798","172","7","0",,"1","1FFF1F","1AAAA1AAA1AAAA","4",,,,,
"4602718","2021-09-23T03:00:00","28.50","-123.06",,,"1","4","2","5",,,"11",,,,,,,,,"10186",,,"8",,,,,"9","208",,,,,,,,,,,,,"237","83","798","172","7","0",,"1","1FFF1F","1AAAA1AAA1AAAA","4",,,,,
"5102629","2021-09-23T03:00:00","21.94","-127.44",,,"1","4","2","5",,,"11",,,,,,,,,,,,"8",,,,,"9","233",,,,,,,,,,,,,"237","17","798","172","7","0",,"1","1FFFFF","1AAAAAAAA1AAAA","4",,,,,
"5301550","2021-09-23T03:00:00","21.43","-128.60",,,"1","4","2","5",,,"11",,,,,,,,,,,,"8",,,,,"9","248",,,,,,,,,,,,,"237","18","798","172","7","0",,"1","1FFFFF","1AAAAAAAA1AAAA","4",,,,,
"KS1043","2021-09-23T03:00:00","25.00","-121.40",,,"1","4","0","0","4","1","1","0","30","4","62",,,,,"10159","0","1","0","223","1","213","210","3","227",,,,"A",,,,,,,"13","4","237","51","992","114","5","1","2","1","111111","11AAA111118A71",,,"3",,,"4"
"VROD3","2021-09-23T03:00:00","29.80","-129.10",,,"1","6","2","5","7","4","1",,,"4",,"1","98",,,"10210","4","0","8","190",,"160","138","1","170","4","4","7","2","A","A",,"8","4",,,,"237","99","798","172","5","1","2","1","211711","111AA1111111A1",,"5",,,,
"4602715","2021-09-23T04:00:00","26.79","-122.87",,,"1","4","2","5",,,"11",,,,,,,,,"10186",,,"8",,,,,"9","212",,,,,,,,,,,,,"237","62","798","172","7","0",,"1","1FFF1F","1AAAA1AAA1AAAA","4",,,,,
"4602718","2021-09-23T04:00:00","28.50","-123.07",,,"1","4","2","5",,,"11",,,,,,,,,"10189",,,"8",,,,,"9","207",,,,,,,,,,,,,"237","83","798","172","7","0",,"1","1FFF1F","1AAAA1AAA1AAAA","4",,,,,
"5102629","2021-09-23T04:00:00","21.94","-127.44",,,"1","4","2","5",,,"11",,,,,,,,,,,,"8",,,,,"9","233",,,,,,,,,,,,,"237","17","798","172","7","0",,"1","1FFFFF","1AAAAAAAA1AAAA","4",,,,,
"5301550","2021-09-23T04:00:00","21.43","-128.59",,,"1","4","2","5",,,"11",,,,,,,,,,,,"8",,,,,"9","248",,,,,,,,,,,,,"237","18","798","172","7","0",,"1","1FFFFF","1AAAAAAAA1AAAA","4",,,,,
"A8MX4","2021-09-23T04:00:00","29.80","-121.40",,,"1","6","2","5","1","4","1",,"340","4","93","1","98",,"2","10170","4","0","8","190",,"170","159","3","220","2","2","2","4","A","A",,"10","4","31","11","4","237","91","798","172","5","0",,"1","111111","111A1111111111",,"5",,"2",,
"KS1043","2021-09-23T04:00:00","25.00","-121.40",,,"1","4","0","0","4","1","1","0","30","4","51",,,,,"10164","3","1","0","223","1","214","211","3","227",,,,"A",,,,,,,"13","4","237","51","992","114","5","1","2","1","111111","11AAA111118A71",,,"3",,,"4"
"4602715","2021-09-23T05:00:00","26.79","-122.87",,,"1","4","2","5",,,"11",,,,,,,,,"10190",,,"8",,,,,"9","212",,,,,,,,,,,,,"237","62","798","172","7","0",,"1","1FFF1F","1AAAA1AAA1AAAA","4",,,,,
"4602718","2021-09-23T05:00:00","28.50","-123.07",,,"1","4","2","5",,,"11",,,,,,,,,"10191",,,"8",,,,,"9","207",,,,,,,,,,,,,"237","83","798","172","7","0",,"1","1FFF1F","1AAAA1AAA1AAAA","4",,,,,
"5102629","2021-09-23T05:00:00","21.94","-127.44",,,"1","4","2","5",,,"11",,,,,,,,,,,,"8",,,,,"9","233",,,,,,,,,,,,,"237","17","798","172","7","0",,"1","1FFFFF","1AAAAAAAA1AAAA","4",,,,,
"5301550","2021-09-23T05:00:00","21.44","-128.59",,,"1","4","2","5",,,"11",,,,,,,,,,,,"8",,,,,"9","248",,,,,,,,,,,,,"237","18","798","172","7","0",,"1","1FFFFF","1AAAAAAAA1AAAA","4",,,,,
"KS1043","2021-09-23T05:00:00","24.90","-121.40",,,"1","4","0","0","4","1","1","0","30","4","67",,,,,"10166","3","7","0","223","1","214","210","3","226",,,,"A",,,,,,,"11","4","237","41","992","114","5","1","2","1","111111","11AAA111118A71",,,"3",,,"4"
"4602710","2021-09-23T06:00:00","21.94","-121.47",,,"1","4","2","5",,,"11",,,,,,,,,,,,"8",,,,,"9","254",,,,,,,,,,,,,"237","11","798","172","7","0",,"1","1FFFFF","1AAAAAAAA1AAAA","4",,,,,
"4602715","2021-09-23T06:00:00","26.78","-122.87",,,"1","4","2","5",,,"11",,,,,,,,,"10188",,,"8",,,,,"9","212",,,,,,,,,,,,,"237","62","798","172","7","0",,"1","1FFF1F","1AAAA1AAA1AAAA","4",,,,,
"4602718","2021-09-23T06:00:00","28.50","-123.07",,,"1","4","2","5",,,"11",,,,,,,,,"10192",,,"8",,,,,"9","207",,,,,,,,,,,,,"237","83","798","172","7","0",,"1","1FFF1F","1AAAA1AAA1AAAA","4",,,,,
"5102629","2021-09-23T06:00:00","21.94","-127.44",,,"1","4","2","5",,,"11",,,,,,,,,,,,"8",,,,,"9","232",,,,,,,,,,,,,"237","17","798","172","7","0",,"1","1FFFFF","1AAAAAAAA1AAAA","4",,,,,
"5301550","2021-09-23T06:00:00","21.44","-128.59",,,"1","4","2","5",,,"11",,,,,,,,,,,,"8",,,,,"9","248",,,,,,,,,,,,,"237","18","798","172","7","0",,"1","1FFFFF","1AAAAAAAA1AAAA","4",,,,,
"KS1043","2021-09-23T06:00:00","24.90","-121.30",,,"1","4","0","0","3","1","1","0","20","4","77",,,,,"10162","2","9","0","222","1","212","208","3","226",,,,"A",,,,,,,"13","4","237","41","992","114","5","1","2","1","111111","11AAA111118A71",,,"3",,,"4"
"4602715","2021-09-23T07:00:00","26.78","-122.87",,,"1","4","2","5",,,"11",,,,,,,,,"10185",,,"8",,,,,"9","211",,,,,,,,,,,,,"237","62","798","172","7","0",,"1","1FFF1F","1AAAA1AAA1AAAA","4",,,,,
"4602718","2021-09-23T07:00:00","28.50","-123.07",,,"1","4","2","5",,,"11",,,,,,,,,"10188",,,"8",,,,,"9","207",,,,,,,,,,,,,"237","83","798","172","7","0",,"1","1FFF1F","1AAAA1AAA1AAAA","4",,,,,
"5102629","2021-09-23T07:00:00","21.94","-127.44",,,"1","4","2","5",,,"11",,,,,,,,,,,,"8",,,,,"9","233",,,,,,,,,,,,,"237","17","798","172","7","0",,"1","1FFFFF","1AAAAAAAA1AAAA","4",,,,,
"5301550","2021-09-23T07:00:00","21.43","-128.60",,,"1","4","2","5",,,"11",,,,,,,,,,,,"8",,,,,"9","248",,,,,,,,,,,,,"237","18","798","172","7","0",,"1","1FFFFF","1AAAAAAAA1AAAA","4",,,,,
"KS1043","2021-09-23T07:00:00","24.90","-121.30",,,"1","4","0","0","4","1","1","0","40","4","62",,,,,"10166","0","4","0","223","1","213","210","3","227",,,,"A",,,,,,,"10","4","237","41","992","114","5","1","2","1","111111","11AAA111118A71",,,"3",,,"4"
"4602715","2021-09-23T08:00:00","26.77","-122.87",,,"1","4","2","5",,,"11",,,,,,,,,"10181",,,"8",,,,,"9","211",,,,,,,,,,,,,"237","62","798","172","7","0",,"1","1FFF1F","1AAAA1AAA1AAAA","4",,,,,
"4602718","2021-09-23T08:00:00","28.50","-123.07",,,"1","4","2","5",,,"11",,,,,,,,,"10182",,,"8",,,,,"9","207",,,,,,,,,,,,,"237","83","798","172","7","0",,"1","1FFF1F","1AAAA1AAA1AAAA","4",,,,,
"5102629","2021-09-23T08:00:00","21.94","-127.44",,,"1","4","2","5",,,"11",,,,,,,,,,,,"8",,,,,"9","232",,,,,,,,,,,,,"237","17","798","172","7","0",,"1","1FFFFF","1AAAAAAAA1AAAA","4",,,,,
"5301550","2021-09-23T08:00:00","21.43","-128.60",,,"1","4","2","5",,,"11",,,,,,,,,,,,"8",,,,,"9","248",,,,,,,,,,,,,"237","18","798","172","7","0",,"1","1FFFFF","1AAAAAAAA1AAAA","4",,,,,
"KS1043","2021-09-23T08:00:00","24.90","-121.30",,,"1","4","0","0","3","1","1","0","30","4","57",,,,,"10162","7","1","0","223","1","213","209","3","227",,,,"A",,,,,,,"13","4","237","41","992","114","5","1","2","1","111111","11AAA111118A71",,,"3",,,"4"
"4602710","2021-09-23T09:00:00","21.94","-121.49",,,"1","4","2","5",,,"11",,,,,,,,,,,,"8",,,,,"9","254",,,,,,,,,,,,,"237","11","798","172","7","0",,"1","1FFFFF","1AAAAAAAA1AAAA","4",,,,,
"4602715","2021-09-23T09:00:00","26.76","-122.87",,,"1","4","2","5",,,"11",,,,,,,,,"10177",,,"8",,,,,"9","211",,,,,,,,,,,,,"237","62","798","172","7","0",,"1","1FFF1F","1AAAA1AAA1AAAA","4",,,,,
"4602718","2021-09-23T09:00:00","28.50","-123.07",,,"1","4","2","5",,,"11",,,,,,,,,"10182",,,"8",,,,,"9","206",,,,,,,,,,,,,"237","83","798","172","7","0",,"1","1FFF1F","1AAAA1AAA1AAAA","4",,,,,
"5102629","2021-09-23T09:00:00","21.94","-127.44",,,"1","4","2","5",,,"11",,,,,,,,,,,,"8",,,,,"9","232",,,,,,,,,,,,,"237","17","798","172","7","0",,"1","1FFFFF","1AAAAAAAA1AAAA","4",,,,,
"5301550","2021-09-23T09:00:00","21.43","-128.60",,,"1","4","2","5",,,"11",,,,,,,,,,,,"8",,,,,"9","247",,,,,,,,,,,,,"237","18","798","172","7","0",,"1","1FFFFF","1AAAAAAAA1AAAA","4",,,,,
"KS1043","2021-09-23T09:00:00","24.80","-121.30",,,"1","4","0","0","4","1","1","0","30","4","62",,,,,"10160","7","7","0","222","1","210","206","3","227",,,,"A",,,,,,,"12","4","237","41","992","114","5","1","2","1","111111","11AAA111118A71",,,"3",,,"4"
"4602715","2021-09-23T10:00:00","26.75","-122.88",,,"1","4","2","5",,,"11",,,,,,,,,"10167",,,"8",,,,,"9","211",,,,,,,,,,,,,"237","62","798","172","7","0",,"1","1FFF1F","1AAAA1AAA1AAAA","4",,,,,
"5102629","2021-09-23T10:00:00","21.94","-127.44",,,"1","4","2","5",,,"11",,,,,,,,,,,,"8",,,,,"9","232",,,,,,,,,,,,,"237","17","798","172","7","0",,"1","1FFFFF","1AAAAAAAA1AAAA","4",,,,,
"5301550","2021-09-23T10:00:00","21.43","-128.60",,,"1","4","2","5",,,"11",,,,,,,,,,,,"8",,,,,"9","247",,,,,,,,,,,,,"237","18","798","172","7","0",,"1","1FFFFF","1AAAAAAAA1AAAA","4",,,,,
"KS1043","2021-09-23T10:00:00","24.80","-121.30",,,"1","4","0","0","3","1","1","0","30","4","51",,,,,"10156","7","6","0","222","1","212","208","3","227",,,,"A",,,,,,,"12","4","237","41","992","114","5","1","2","1","111111","11AAA111118A71",,,"3",,,"4"
"4602718","2021-09-23T10:01:00","28.49","-123.07",,,"1","4","2","5",,,"11",,,,,,,,,"10176",,,"8",,,,,"9","207",,,,,,,,,,,,,"237","83","798","172","7","0",,"1","1FFF1F","1AAAA1AAA1AAAA","4",,,,,
"4602715","2021-09-23T11:00:00","26.75","-122.88",,,"1","4","2","5",,,"11",,,,,,,,,"10161",,,"8",,,,,"9","211",,,,,,,,,,,,,"237","62","798","172","7","0",,"1","1FFF1F","1AAAA1AAA1AAAA","4",,,,,
"4602718","2021-09-23T11:00:00","28.49","-123.07",,,"1","4","2","5",,,"11",,,,,,,,,"10171",,,"8",,,,,"9","206",,,,,,,,,,,,,"237","83","798","172","7","0",,"1","1FFF1F","1AAAA1AAA1AAAA","4",,,,,
"5102629","2021-09-23T11:00:00","21.94","-127.44",,,"1","4","2","5",,,"11",,,,,,,,,,,,"8",,,,,"9","232",,,,,,,,,,,,,"237","17","798","172","7","0",,"1","1FFFFF","1AAAAAAAA1AAAA","4",,,,,
"5301550","2021-09-23T11:00:00","21.42","-128.61",,,"1","4","2","5",,,"11",,,,,,,,,,,,"8",,,,,"9","247",,,,,,,,,,,,,"237","18","798","172","7","0",,"1","1FFFFF","1AAAAAAAA1AAAA","4",,,,,
"KS1043","2021-09-23T11:00:00","24.80","-121.30",,,"1","4","0","0","4","1","1","0","30","4","46",,,,,"10150","7","12","0","221","1","213","210","3","227",,,,"A",,,,,,,"12","4","237","41","992","114","5","1","2","1","111111","11AAA111118A71",,,"3",,,"4"
"4602710","2021-09-23T12:00:00","21.94","-121.50",,,"1","4","2","5",,,"11",,,,,,,,,,,,"8",,,,,"9","254",,,,,,,,,,,,,"237","11","798","172","7","0",,"1","1FFFFF","1AAAAAAAA1AAAA","4",,,,,
"4602715","2021-09-23T12:00:00","26.74","-122.89",,,"1","4","2","5",,,"11",,,,,,,,,"10165",,,"8",,,,,"9","211",,,,,,,,,,,,,"237","62","798","172","7","0",,"1","1FFF1F","1AAAA1AAA1AAAA","4",,,,,
"4602718","2021-09-23T12:00:00","28.49","-123.07",,,"1","4","2","5",,,"11",,,,,,,,,"10168",,,"8",,,,,"9","206",,,,,,,,,,,,,"237","83","798","172","7","0",,"1","1FFF1F","1AAAA1AAA1AAAA","4",,,,,
"5102629","2021-09-23T12:00:00","21.94","-127.44",,,"1","4","2","5",,,"11",,,,,,,,,,,,"8",,,,,"9","232",,,,,,,,,,,,,"237","17","798","172","7","0",,"1","1FFFFF","1AAAAAAAA1AAAA","4",,,,,
"5301550","2021-09-23T12:00:00","21.42","-128.61",,,"1","4","2","5",,,"11",,,,,,,,,,,,"8",,,,,"9","247",,,,,,,,,,,,,"237","18","798","172","7","0",,"1","1FFFFF","1AAAAAAAA1AAAA","4",,,,,
"KS1043","2021-09-23T12:00:00","24.80","-121.30",,,"1","4","0","0","4","1","1","0","10","4","51",,,,,"10146","7","10","0","221","1","213","210","3","227",,,,"A",,,,,,,"12","4","237","41","992","114","5","1","2","1","111111","11AAA111118A71",,,"3",,,"4"
"VRIZ9","2021-09-23T12:00:00","29.60","-122.80",,,"1","6","2","5","3","4","1",,"350","3","103","1","96","2","2","10168","7","22","8","170",,"160","153","7","200","8",,"7","2","A","A",,,,,,,"237","92","798","172","5","1","2","1","111111","11141111111AA1",,"5",,"2",,
"4602718","2021-09-23T13:00:00","28.49","-123.07",,,"1","4","2","5",,,"11",,,,,,,,,"10169",,,"8",,,,,"9","206",,,,,,,,,,,,,"237","83","798","172","7","0",,"1","1FFF1F","1AAAA1AAA1AAAA","4",,,,,
"5102629","2021-09-23T13:00:00","21.94","-127.44",,,"1","4","2","5",,,"11",,,,,,,,,,,,"8",,,,,"9","232",,,,,,,,,,,,,"237","17","798","172","7","0",,"1","1FFFFF","1AAAAAAAA1AAAA","4",,,,,
"5301550","2021-09-23T13:00:00","21.43","-128.61",,,"1","4","2","5",,,"11",,,,,,,,,,,,"8",,,,,"9","247",,,,,,,,,,,,,"237","18","798","172","7","0",,"1","1FFFFF","1AAAAAAAA1AAAA","4",,,,,
"KS1043","2021-09-23T13:00:00","24.70","-121.30",,,"1","4","0","0","4","1","1","0","30","4","41",,,,,"10147","7","12","0","221","1","212","209","3","227",,,,"A",,,,,,,"13","4","237","41","992","114","5","1","2","1","111111","11AAA111118A71",,,"3",,,"4"
"4602715","2021-09-23T13:01:00","26.74","-122.89",,,"1","4","2","5",,,"11",,,,,,,,,"10165",,,"8",,,,,"9","211",,,,,,,,,,,,,"237","62","798","172","7","0",,"1","1FFF1F","1AAAA1AAA1AAAA","4",,,,,
"4602715","2021-09-23T14:00:00","26.74","-122.90",,,"1","4","2","5",,,"11",,,,,,,,,"10167",,,"8",,,,,"9","211",,,,,,,,,,,,,"237","62","798","172","7","0",,"1","1FFF1F","1AAAA1AAA1AAAA","4",,,,,
"4602718","2021-09-23T14:00:00","28.48","-123.07",,,"1","4","2","5",,,"11",,,,,,,,,"10169",,,"8",,,,,"9","206",,,,,,,,,,,,,"237","83","798","172","7","0",,"1","1FFF1F","1AAAA1AAA1AAAA","4",,,,,
"5102629","2021-09-23T14:00:00","21.94","-127.44",,,"1","4","2","5",,,"11",,,,,,,,,,,,"8",,,,,"9","232",,,,,,,,,,,,,"237","17","798","172","7","0",,"1","1FFFFF","1AAAAAAAA1AAAA","4",,,,,
"5301550","2021-09-23T14:00:00","21.43","-128.62",,,"1","4","2","5",,,"11",,,,,,,,,,,,"8",,,,,"9","247",,,,,,,,,,,,,"237","18","798","172","7","0",,"1","1FFFFF","1AAAAAAAA1AAAA","4",,,,,
"KS1043","2021-09-23T14:00:00","24.70","-121.30",,,"1","4","0","0","4","1","1","0","30","4","51",,,,,"10148","7","7","0","221","1","211","208","3","227",,,,"A",,,,,,,"10","4","237","41","992","114","5","1","2","2","111111","11AAA111118A71",,,"3",,,"4"
"4602710","2021-09-23T15:00:00","21.95","-121.51",,,"1","4","2","5",,,"11",,,,,,,,,,,,"8",,,,,"9","254",,,,,,,,,,,,,"237","11","798","172","7","0",,"2","1FFFFF","1AAAAAAAA1AAAA","4",,,,,
"5102629","2021-09-23T15:00:00","21.94","-127.44",,,"1","4","2","5",,,"11",,,,,,,,,,,,"8",,,,,"9","232",,,,,,,,,,,,,"237","17","798","172","7","0",,"2","1FFFFF","1AAAAAAAA1AAAA","4",,,,,
"5301550","2021-09-23T15:00:00","21.43","-128.62",,,"1","4","2","5",,,"11",,,,,,,,,,,,"8",,,,,"9","247",,,,,,,,,,,,,"237","18","798","172","7","0",,"2","1FFFFF","1AAAAAAAA1AAAA","4",,,,,
"KS1043","2021-09-23T15:00:00","24.70","-121.20",,,"1","4","0","0","3","1","1","0","30","4","51",,,,,"10152","5","0","0","223","1","213","209","3","227",,,,"A",,,,,,,"12","4","237","41","992","114","5","1","2","2","111111","11AAA111118A71",,,"3",,,"4"
"4602718","2021-09-23T16:00:00","28.48","-123.08",,,"1","4","2","5",,,"11",,,,,,,,,"10178",,,"8",,,,,"9","206",,,,,,,,,,,,,"237","83","798","172","7","0",,"2","1FFF1F","1AAAA1AAA1AAAA","4",,,,,
"5102629","2021-09-23T16:00:00","21.94","-127.44",,,"1","4","2","5",,,"11",,,,,,,,,,,,"8",,,,,"9","232",,,,,,,,,,,,,"237","17","798","172","7","0",,"2","1FFFFF","1AAAAAAAA1AAAA","4",,,,,
"5301550","2021-09-23T16:00:00","21.43","-128.62",,,"1","4","2","5",,,"11",,,,,,,,,,,,"8",,,,,"9","247",,,,,,,,,,,,,"237","18","798","172","7","0",,"2","1FFFFF","1AAAAAAAA1AAAA","4",,,,,
"KS1043","2021-09-23T16:00:00","24.60","-121.20",,,"1","4","0","0","4","1","1","0","30","4","57",,,,,"10152","2","5","0","223","1","213","209","3","228",,,,"A",,,,,,,"12","4","237","41","992","114","5","1","2","2","111111","11AAA111118A71",,,"3",,,"4"
"4602715","2021-09-23T16:01:00","26.73","-122.90",,,"1","4","2","5",,,"11",,,,,,,,,"10171",,,"8",,,,,"9","211",,,,,,,,,,,,,"237","62","798","172","7","0",,"2","1FFF1F","1AAAA1AAA1AAAA","4",,,,,
"4602718","2021-09-23T17:00:00","28.48","-123.08",,,"1","4","2","5",,,"11",,,,,,,,,"10177",,,"8",,,,,"9","207",,,,,,,,,,,,,"237","83","798","172","7","0",,"2","1FFF1F","1AAAA1AAA1AAAA","4",,,,,
"5102629","2021-09-23T17:00:00","21.94","-127.44",,,"1","4","2","5",,,"11",,,,,,,,,,,,"8",,,,,"9","232",,,,,,,,,,,,,"237","17","798","172","7","0",,"2","1FFFFF","1AAAAAAAA1AAAA","4",,,,,
"5301550","2021-09-23T17:00:00","21.43","-128.62",,,"1","4","2","5",,,"11",,,,,,,,,,,,"8",,,,,"9","247",,,,,,,,,,,,,"237","18","798","172","7","0",,"2","1FFFFF","1AAAAAAAA1AAAA","4",,,,,
"KS1043","2021-09-23T17:00:00","24.60","-121.20",,,"1","4","0","0","4","1","1","0","30","4","46",,,,,"10155","2","5","0","225","1","215","211","3","228",,,,"A",,,,,,,"16","4","237","41","992","114","5","1","2","2","111111","11AAA111118A71",,,"3",,,"4"
"4602715","2021-09-23T17:02:00","26.72","-122.91",,,"1","4","2","5",,,"11",,,,,,,,,"10174",,,"8",,,,,"9","211",,,,,,,,,,,,,"237","62","798","172","7","0",,"2","1FFF1F","1AAAA1AAA1AAAA","4",,,,,
"4602710","2021-09-23T18:00:00","21.95","-121.52",,,"1","4","2","5",,,"11",,,,,,,,,,,,"8",,,,,"9","254",,,,,,,,,,,,,"237","11","798","172","7","0",,"2","1FFFFF","1AAAAAAAA1AAAA","4",,,,,
"4602715","2021-09-23T18:00:00","26.72","-122.92",,,"1","4","2","5",,,"11",,,,,,,,,"10178",,,"8",,,,,"9","212",,,,,,,,,,,,,"237","62","798","172","7","0",,"2","1FFF1F","1AAAA1AAA1AAAA","4",,,,,
"4602718","2021-09-23T18:00:00","28.48","-123.08",,,"1","4","2","5",,,"11",,,,,,,,,"10178",,,"8",,,,,"9","207",,,,,,,,,,,,,"237","83","798","172","7","0",,"2","1FFF1F","1AAAA1AAA1AAAA","4",,,,,
"5102629","2021-09-23T18:00:00","21.94","-127.44",,,"1","4","2","5",,,"11",,,,,,,,,,,,"8",,,,,"9","232",,,,,,,,,,,,,"237","17","798","172","7","0",,"2","1FFFFF","1AAAAAAAA1AAAA","4",,,,,
"5301550","2021-09-23T18:00:00","21.44","-128.63",,,"1","4","2","5",,,"11",,,,,,,,,,,,"8",,,,,"9","247",,,,,,,,,,,,,"237","18","798","172","7","0",,"2","1FFFFF","1AAAAAAAA1AAAA","4",,,,,
"KS1043","2021-09-23T18:00:00","24.60","-121.20",,,"1","4","0","0","4","1","1","0","30","4","46",,,,,"10157","2","8","0","224","1","214","210","3","228",,,,"A",,,,,,,"16","4","237","41","992","114","5","1","2","2","111111","11AAA111118A71",,,"3",,,"4"
"4602715","2021-09-23T20:00:00","26.71","-122.93",,,"1","4","2","5",,,"11",,,,,,,,,"10172",,,"8",,,,,"9","213",,,,,,,,,,,,,"237","62","798","172","7","0",,"2","1FFF1F","1AAAA1AAA1AAAA","4",,,,,
"4602718","2021-09-23T20:00:00","28.48","-123.09",,,"1","4","2","5",,,"11",,,,,,,,,"10172",,,"8",,,,,"9","208",,,,,,,,,,,,,"237","83","798","172","7","0",,"2","1FFF1F","1AAAA1AAA1AAAA","4",,,,,
"5102629","2021-09-23T20:00:00","21.94","-127.44",,,"1","4","2","5",,,"11",,,,,,,,,,,,"8",,,,,"9","233",,,,,,,,,,,,,"237","17","798","172","7","0",,"2","1FFFFF","1AAAAAAAA1AAAA","4",,,,,
"5301550","2021-09-23T20:00:00","21.44","-128.63",,,"1","4","2","5",,,"11",,,,,,,,,,,,"8",,,,,"9","247",,,,,,,,,,,,,"237","18","798","172","7","0",,"2","1FFFFF","1AAAAAAAA1AAAA","4",,,,,
"KS1043","2021-09-23T20:00:00","24.50","-121.20",,,"1","4","0","0","3","1","1","0","20","4","46",,,,,"10156","0","5","0","226","1","215","211","3","229",,,,"A",,,,,,,"16","4","237","41","992","114","5","1","2","2","111111","11AAA111118A71",,,"3",,,"4"
"4602710","2021-09-23T21:00:00","21.97","-121.54",,,"1","4","2","5",,,"11",,,,,,,,,,,,"8",,,,,"9","255",,,,,,,,,,,,,"237","11","798","172","7","0",,"2","1FFFFF","1AAAAAAAA1AAAA","4",,,,,
"4602718","2021-09-23T21:00:00","28.49","-123.08",,,"1","4","2","5",,,"11",,,,,,,,,"10166",,,"8",,,,,"9","209",,,,,,,,,,,,,"237","83","798","172","7","0",,"2","1FFF1F","1AAAA1AAA1AAAA","4",,,,,
"5102629","2021-09-23T21:00:00","21.94","-127.44",,,"1","4","2","5",,,"11",,,,,,,,,,,,"8",,,,,"9","233",,,,,,,,,,,,,"237","17","798","172","7","0",,"2","1FFFFF","1AAAAAAAA1AAAA","4",,,,,
"5301550","2021-09-23T21:00:00","21.44","-128.63",,,"1","4","2","5",,,"11",,,,,,,,,,,,"8",,,,,"9","247",,,,,,,,,,,,,"237","18","798","172","7","0",,"2","1FFFFF","1AAAAAAAA1AAAA","4",,,,,
"KS1043","2021-09-23T21:00:00","24.50","-121.20",,,"1","4","0","0","4","1","1","0","20","4","51",,,,,"10152","7","6","0","226","1","214","209","3","230",,,,"A",,,,,,,"16","4","237","41","992","114","5","1","2","2","111111","11AAA111118A71",,,"3",,,"4"
"4602715","2021-09-23T21:03:00","26.71","-122.93",,,"1","4","2","5",,,"11",,,,,,,,,"10168",,,"8",,,,,"9","214",,,,,,,,,,,,,"237","62","798","172","7","0",,"2","1FFF1F","1AAAA1AAA1AAAA","4",,,,,
"5102629","2021-09-23T22:00:00","21.94","-127.44",,,"1","4","2","5",,,"11",,,,,,,,,,,,"8",,,,,"9","233",,,,,,,,,,,,,"237","17","798","172","7","0",,"2","1FFFFF","1AAAAAAAA1AAAA","4",,,,,
"5301550","2021-09-23T22:00:00","21.44","-128.63",,,"1","4","2","5",,,"11",,,,,,,,,,,,"8",,,,,"9","247",,,,,,,,,,,,,"237","18","798","172","7","0",,"2","1FFFFF","1AAAAAAAA1AAAA","4",,,,,
"KS1043","2021-09-23T22:00:00","24.50","-121.20",,,"1","4","0","0","4","1","1","0","30","4","46",,,,,"10150","7","6","0","227","1","214","209","3","230",,,,"A",,,,,,,"16","4","237","41","992","114","5","1","2","2","111111","11AAA111118A71",,,"3",,,"4"
"4602715","2021-09-23T22:01:00","26.71","-122.93",,,"1","4","2","5",,,"11",,,,,,,,,"10166",,,"8",,,,,"9","215",,,,,,,,,,,,,"237","62","798","172","7","0",,"2","1FFF1F","1AAAA1AAA1AAAA","4",,,,,
"4602718","2021-09-23T22:01:00","28.49","-123.08",,,"1","4","2","5",,,"11",,,,,,,,,"10162",,,"8",,,,,"9","210",,,,,,,,,,,,,"237","83","798","172","7","0",,"2","1FFF1F","1AAAA1AAA1AAAA","4",,,,,
"4602715","2021-09-23T23:00:00","26.71","-122.94",,,"1","4","2","5",,,"11",,,,,,,,,"10164",,,"8",,,,,"9","215",,,,,,,,,,,,,"237","62","798","172","7","0",,"2","1FFF1F","1AAAA1AAA1AAAA","4",,,,,
"4602718","2021-09-23T23:00:00","28.49","-123.08",,,"1","4","2","5",,,"11",,,,,,,,,"10162",,,"8",,,,,"9","210",,,,,,,,,,,,,"237","83","798","172","7","0",,"2","1FFF1F","1AAAA1AAA1AAAA","4",,,,,
"5102629","2021-09-23T23:00:00","21.94","-127.44",,,"1","4","2","5",,,"11",,,,,,,,,,,,"8",,,,,"9","235",,,,,,,,,,,,,"237","17","798","172","7","0",,"2","1FFFFF","1AAAAAAAA1AAAA","4",,,,,
"5301550","2021-09-23T23:00:00","21.44","-128.64",,,"1","4","2","5",,,"11",,,,,,,,,,,,"8",,,,,"9","247",,,,,,,,,,,,,"237","18","798","172","7","0",,"2","1FFFFF","1AAAAAAAA1AAAA","4",,,,,
"KS1043","2021-09-23T23:00:00","24.50","-121.20",,,"1","4","0","0","3","1","1","0","30","4","46",,,,,"10144","7","11","0","227","1","214","209","3","230",,,,"A",,,,,,,"16","4","237","41","992","114","5","1","2","2","111111","11AAA111118A71",,,"3",,,"4"
"4602710","2021-09-24T00:00:00","21.98","-121.54",,,"1","4","2","5",,,"11",,,,,,,,,,,,"8",,,,,"9","255",,,,,,,,,,,,,"237","11","798","172","7","0",,"2","1FFFFF","1AAAAAAAA1AAAA","4",,,,,
"4602718","2021-09-24T00:00:00","28.49","-123.08",,,"1","4","2","5",,,"11",,,,,,,,,"10163",,,"8",,,,,"9","210",,,,,,,,,,,,,"237","83","798","172","7","0",,"2","1FFF1F","1AAAA1AAA1AAAA","4",,,,,
"5102629","2021-09-24T00:00:00","21.94","-127.44",,,"1","4","2","5",,,"11",,,,,,,,,,,,"8",,,,,"9","235",,,,,,,,,,,,,"237","17","798","172","7","0",,"2","1FFFFF","1AAAAAAAA1AAAA","4",,,,,
"5301550","2021-09-24T00:00:00","21.45","-128.64",,,"1","4","2","5",,,"11",,,,,,,,,,,,"8",,,,,"9","247",,,,,,,,,,,,,"237","18","798","172","7","0",,"2","1FFFFF","1AAAAAAAA1AAAA","4",,,,,
"KS1043","2021-09-24T00:00:00","24.40","-121.20",,,"1","4","0","0","3","1","1","0","40","4","36",,,,,"10142","7","9","0","228","1","214","209","3","230",,,,"A",,,,,,,"16","4","237","41","992","114","5","1","2","2","111111","11AAA111118A71",,,"3",,,"4"
"4602715","2021-09-24T00:01:00","26.70","-122.95",,,"1","4","2","5",,,"11",,,,,,,,,"10162",,,"8",,,,,"9","215",,,,,,,,,,,,,"237","62","798","172","7","0",,"2","1FFF1F","1AAAA1AAA1AAAA","4",,,,,
"4602715","2021-09-24T01:00:00","26.70","-122.95",,,"1","4","2","5",,,"11",,,,,,,,,"10162",,,"8",,,,,"9","214",,,,,,,,,,,,,"237","62","798","172","7","0",,"2","1FFF1F","1AAAA1AAA1AAAA","4",,,,,
"4602718","2021-09-24T01:00:00","28.49","-123.08",,,"1","4","2","5",,,"11",,,,,,,,,"10163",,,"8",,,,,"9","209",,,,,,,,,,,,,"237","83","798","172","7","0",,"2","1FFF1F","1AAAA1AAA1AAAA","4",,,,,
"5102629","2021-09-24T01:00:00","21.94","-127.44",,,"1","4","2","5",,,"11",,,,,,,,,,,,"8",,,,,"9","235",,,,,,,,,,,,,"237","17","798","172","7","0",,"2","1FFFFF","1AAAAAAAA1AAAA","4",,,,,
"5301550","2021-09-24T01:00:00","21.45","-128.64",,,"1","4","2","5",,,"11",,,,,,,,,,,,"8",,,,,"9","247",,,,,,,,,,,,,"237","18","798","172","7","0",,"2","1FFFFF","1AAAAAAAA1AAAA","4",,,,,
"KS1043","2021-09-24T01:00:00","24.40","-121.20",,,"1","4","0","0","3","1","1","0","50","4","31",,,,,"10144","5","8","0","227","1","215","211","3","229",,,,"A",,,,,,,"16","4","237","41","992","114","5","1","2","2","111111","11AAA111118A71",,,"3",,,"4"
"4602715","2021-09-24T02:00:00","26.70","-122.95",,,"1","4","2","5",,,"11",,,,,,,,,"10158",,,"8",,,,,"9","214",,,,,,,,,,,,,"237","62","798","172","7","0",,"2","1FFF1F","1AAAA1AAA1AAAA","4",,,,,
"4602718","2021-09-24T02:00:00","28.48","-123.08",,,"1","4","2","5",,,"11",,,,,,,,,"10160",,,"8",,,,,"9","209",,,,,,,,,,,,,"237","83","798","172","7","0",,"2","1FFF1F","1AAAA1AAA1AAAA","4",,,,,
"5102629","2021-09-24T02:00:00","21.94","-127.44",,,"1","4","2","5",,,"11",,,,,,,,,,,,"8",,,,,"9","235",,,,,,,,,,,,,"237","17","798","172","7","0",,"2","1FFFFF","1AAAAAAAA1AAAA","4",,,,,
"5301550","2021-09-24T02:00:00","21.45","-128.64",,,"1","4","2","5",,,"11",,,,,,,,,,,,"8",,,,,"9","247",,,,,,,,,,,,,"237","18","798","172","7","0",,"2","1FFFFF","1AAAAAAAA1AAAA","4",,,,,
"KS1043","2021-09-24T02:00:00","24.40","-121.10",,,"1","4","0","0","3","1","1","0","30","4","41",,,,,"10145","5","1","0","227","1","217","214","3","230",,,,"A",,,,,,,"16","4","237","41","992","114","5","1","2","2","111111","11AAA111118A71",,,"3",,,"4"
"4602710","2021-09-24T03:00:00","21.99","-121.54",,,"1","4","2","5",,,"11",,,,,,,,,,,,"8",,,,,"9","254",,,,,,,,,,,,,"237","11","798","172","7","0",,"1","1FFFFF","1AAAAAAAA1AAAA","4",,,,,
"4602715","2021-09-24T03:00:00","26.70","-122.95",,,"1","4","2","5",,,"11",,,,,,,,,"10162",,,"8",,,,,"9","213",,,,,,,,,,,,,"237","62","798","172","7","0",,"1","1FFF1F","1AAAA1AAA1AAAA","4",,,,,
"4602718","2021-09-24T03:00:00","28.48","-123.07",,,"1","4","2","5",,,"11",,,,,,,,,"10163",,,"8",,,,,"9","208",,,,,,,,,,,,,"237","83","798","172","7","0",,"1","1FFF1F","1AAAA1AAA1AAAA","4",,,,,
"5102629","2021-09-24T03:00:00","21.94","-127.44",,,"1","4","2","5",,,"11",,,,,,,,,,,,"8",,,,,"9","235",,,,,,,,,,,,,"237","17","798","172","7","0",,"1","1FFFFF","1AAAAAAAA1AAAA","4",,,,,
"5301550","2021-09-24T03:00:00","21.45","-128.64",,,"1","4","2","5",,,"11",,,,,,,,,,,,"8",,,,,"9","247",,,,,,,,,,,,,"237","18","798","172","7","0",,"1","1FFFFF","1AAAAAAAA1AAAA","4",,,,,
"KS1043","2021-09-24T03:00:00","24.40","-121.10",,,"1","4","0","0","3","1","1","0","40","4","41",,,,,"10146","2","2","0","228","1","216","212","3","229",,,,"A",,,,,,,"16","4","237","41","992","114","5","1","2","1","111111","11AAA111118A71",,,"3",,,"4"
"4602715","2021-09-24T04:00:00","26.70","-122.94",,,"1","4","2","5",,,"11",,,,,,,,,"10166",,,"8",,,,,"9","213",,,,,,,,,,,,,"237","62","798","172","7","0",,"1","1FFF1F","1AAAA1AAA1AAAA","4",,,,,
"4602718","2021-09-24T04:00:00","28.48","-123.07",,,"1","4","2","5",,,"11",,,,,,,,,"10167",,,"8",,,,,"9","208",,,,,,,,,,,,,"237","83","798","172","7","0",,"1","1FFF1F","1AAAA1AAA1AAAA","4",,,,,
"5102629","2021-09-24T04:00:00","21.94","-127.44",,,"1","4","2","5",,,"11",,,,,,,,,,,,"8",,,,,"9","235",,,,,,,,,,,,,"237","17","798","172","7","0",,"1","1FFFFF","1AAAAAAAA1AAAA","4",,,,,
"5301550","2021-09-24T04:00:00","21.45","-128.64",,,"1","4","2","5",,,"11",,,,,,,,,,,,"8",,,,,"9","246",,,,,,,,,,,,,"237","18","798","172","7","0",,"1","1FFFFF","1AAAAAAAA1AAAA","4",,,,,
"KS1043","2021-09-24T04:00:00","24.40","-121.10",,,"1","4","0","0","5","1","1","0","60","4","15",,,,,"10155","2","3","0","228","1","218","214","3","230",,,,"A",,,,,,,"16","4","237","41","992","114","5","1","2","1","111111","11AAA111118A71",,,"3",,,"4"
"4602718","2021-09-24T05:00:00","28.48","-123.07",,,"1","4","2","5",,,"11",,,,,,,,,"10169",,,"8",,,,,"9","208",,,,,,,,,,,,,"237","83","798","172","7","0",,"1","1FFF1F","1AAAA1AAA1AAAA","4",,,,,
"5102629","2021-09-24T05:00:00","21.94","-127.44",,,"1","4","2","5",,,"11",,,,,,,,,,,,"8",,,,,"9","235",,,,,,,,,,,,,"237","17","798","172","7","0",,"1","1FFFFF","1AAAAAAAA1AAAA","4",,,,,
"5301550","2021-09-24T05:00:00","21.45","-128.64",,,"1","4","2","5",,,"11",,,,,,,,,,,,"8",,,,,"9","246",,,,,,,,,,,,,"237","18","798","172","7","0",,"1","1FFFFF","1AAAAAAAA1AAAA","4",,,,,
"KS1043","2021-09-24T05:00:00","24.40","-121.10",,,"1","4","0","0","3","0","1","0","10","4","26",,,,,"10154","2","8","0","227","1","216","212","3","230",,,,"A",,,,,,,"16","4","237","41","992","114","5","1","2","1","111111","11AAA111118A71",,,"3",,,"4"
"4602715","2021-09-24T05:01:00","26.70","-122.94",,,"1","4","2","5",,,"11",,,,,,,,,"10167",,,"8",,,,,"9","213",,,,,,,,,,,,,"237","62","798","172","7","0",,"1","1FFF1F","1AAAA1AAA1AAAA","4",,,,,
"4602710","2021-09-24T06:00:00","21.98","-121.55",,,"1","4","2","5",,,"11",,,,,,,,,,,,"8",,,,,"9","254",,,,,,,,,,,,,"237","11","798","172","7","0",,"1","1FFFFF","1AAAAAAAA1AAAA","4",,,,,
"4602715","2021-09-24T06:00:00","26.69","-122.93",,,"1","4","2","5",,,"11",,,,,,,,,"10169",,,"8",,,,,"9","213",,,,,,,,,,,,,"237","62","798","172","7","0",,"1","1FFF1F","1AAAA1AAA1AAAA","4",,,,,
"5102629","2021-09-24T06:00:00","21.94","-127.44",,,"1","4","2","5",,,"11",,,,,,,,,,,,"8",,,,,"9","235",,,,,,,,,,,,,"237","17","798","172","7","0",,"1","1FFFFF","1AAAAAAAA1AAAA","4",,,,,
"5301550","2021-09-24T06:00:00","21.45","-128.65",,,"1","4","2","5",,,"11",,,,,,,,,,,,"8",,,,,"9","246",,,,,,,,,,,,,"237","18","798","172","7","0",,"1","1FFFFF","1AAAAAAAA1AAAA","4",,,,,
"KS1043","2021-09-24T06:00:00","24.30","-121.10",,,"1","4","0","0","4","1","1","0","360","4","31",,,,,"10157","2","11","0","228","1","218","215","3","230",,,,"A",,,,,,,"16","4","237","41","992","114","5","1","2","1","111111","11AAA111118A71",,,"3",,,"4"
"4602718","2021-09-24T06:01:00","28.48","-123.06",,,"1","4","2","5",,,"11",,,,,,,,,"10171",,,"8",,,,,"9","208",,,,,,,,,,,,,"237","83","798","172","7","0",,"1","1FFF1F","1AAAA1AAA1AAAA","4",,,,,
"4602718","2021-09-24T07:00:00","28.48","-123.06",,,"1","4","2","5",,,"11",,,,,,,,,"10170",,,"8",,,,,"9","208",,,,,,,,,,,,,"237","83","798","172","7","0",,"1","1FFF1F","1AAAA1AAA1AAAA","4",,,,,
"5102629","2021-09-24T07:00:00","21.94","-127.44",,,"1","4","2","5",,,"11",,,,,,,,,,,,"8",,,,,"9","234",,,,,,,,,,,,,"237","17","798","172","7","0",,"1","1FFFFF","1AAAAAAAA1AAAA","4",,,,,
"5301550","2021-09-24T07:00:00","21.45","-128.65",,,"1","4","2","5",,,"11",,,,,,,,,,,,"8",,,,,"9","246",,,,,,,,,,,,,"237","18","798","172","7","0",,"1","1FFFFF","1AAAAAAAA1AAAA","4",,,,,
"KS1043","2021-09-24T07:00:00","24.30","-121.10",,,"1","4","0","0","3","1","1","0","10","4","51",,,,,"10155","2","10","0","227","1","219","215","3","230",,,,"A",,,,,,,"16","4","237","41","992","114","5","1","2","1","111111","11AAA111118A71",,,"3",,,"4"
"4602715","2021-09-24T07:01:00","26.69","-122.93",,,"1","4","2","5",,,"11",,,,,,,,,"10170",,,"8",,,,,"9","213",,,,,,,,,,,,,"237","62","798","172","7","0",,"1","1FFF1F","1AAAA1AAA1AAAA","4",,,,,
"4602715","2021-09-24T08:00:00","26.68","-122.93",,,"1","4","2","5",,,"11",,,,,,,,,"10169",,,"8",,,,,"9","213",,,,,,,,,,,,,"237","62","798","172","7","0",,"1","1FFF1F","1AAAA1AAA1AAAA","4",,,,,
"4602718","2021-09-24T08:00:00","28.48","-123.06",,,"1","4","2","5",,,"11",,,,,,,,,"10170",,,"8",,,,,"9","207",,,,,,,,,,,,,"237","83","798","172","7","0",,"1","1FFF1F","1AAAA1AAA1AAAA","4",,,,,
"5102629","2021-09-24T08:00:00","21.94","-127.44",,,"1","4","2","5",,,"11",,,,,,,,,,,,"8",,,,,"9","234",,,,,,,,,,,,,"237","17","798","172","7","0",,"1","1FFFFF","1AAAAAAAA1AAAA","4",,,,,
"5301550","2021-09-24T08:00:00","21.45","-128.66",,,"1","4","2","5",,,"11",,,,,,,,,,,,"8",,,,,"9","246",,,,,,,,,,,,,"237","18","798","172","7","0",,"1","1FFFFF","1AAAAAAAA1AAAA","4",,,,,
"KS1043","2021-09-24T08:00:00","24.30","-121.10",,,"1","4","0","0","4","1","1","0","10","4","57",,,,,"10149","0","0","0","226","1","219","216","3","230",,,,"A",,,,,,,"16","4","237","41","992","114","5","1","2","1","111111","11AAA111118A71",,,"3",,,"4"
"4602710","2021-09-24T09:00:00","21.99","-121.56",,,"1","4","2","5",,,"11",,,,,,,,,,,,"8",,,,,"9","254",,,,,,,,,,,,,"237","11","798","172","7","0",,"1","1FFFFF","1AAAAAAAA1AAAA","4",,,,,
"4602715","2021-09-24T09:00:00","26.67","-122.93",,,"1","4","2","5",,,"11",,,,,,,,,"10168",,,"8",,,,,"9","213",,,,,,,,,,,,,"237","62","798","172","7","0",,"1","1FFF1F","1AAAA1AAA1AAAA","4",,,,,
"4602718","2021-09-24T09:00:00","28.47","-123.05",,,"1","4","2","5",,,"11",,,,,,,,,"10164",,,"8",,,,,"9","207",,,,,,,,,,,,,"237","83","798","172","7","0",,"1","1FFF1F","1AAAA1AAA1AAAA","4",,,,,
"5102629","2021-09-24T09:00:00","21.94","-127.44",,,"1","4","2","5",,,"11",,,,,,,,,,,,"8",,,,,"9","234",,,,,,,,,,,,,"237","17","798","172","7","0",,"1","1FFFFF","1AAAAAAAA1AAAA","4",,,,,
"5301550","2021-09-24T09:00:00","21.45","-128.66",,,"1","4","2","5",,,"11",,,,,,,,,,,,"8",,,,,"9","246",,,,,,,,,,,,,"237","18","798","172","7","0",,"1","1FFFFF","1AAAAAAAA1AAAA","4",,,,,
"KS1043","2021-09-24T09:00:00","24.30","-121.10",,,"1","4","0","0","3","1","1","0","360","4","41",,,,,"10153","7","8","0","226","1","216","213","3","230",,,,"A",,,,,,,"14","4","237","41","992","114","5","1","2","1","111111","11AAA111118A71",,,"3",,,"4"
"KS1043","2021-09-24T10:00:00","24.30","-121.10",,,"1","4","0","0","4","1","1","0","20","4","31",,,,,"10150","5","4","0","228","1","219","215","3","231",,,,"A",,,,,,,"14","4","237","41","992","114","5","1","2","1","111111","11AAA111118A71",,,"3",,,"4"
"4602715","2021-09-24T11:00:00","26.58","-122.90",,,"1","4","2","5",,,"11",,,,,,,,,"10161",,,"8",,,,,"9","212",,,,,,,,,,,,,"237","62","798","172","7","0",,"1","1FFF1F","1AAAA1AAA1AAAA","4",,,,,
"4602718","2021-09-24T11:00:00","28.46","-123.05",,,"1","4","2","5",,,"11",,,,,,,,,"10160",,,"8",,,,,"9","207",,,,,,,,,,,,,"237","83","798","172","7","0",,"1","1FFF1F","1AAAA1AAA1AAAA","4",,,,,
"5102629","2021-09-24T11:00:00","21.94","-127.44",,,"1","4","2","5",,,"11",,,,,,,,,,,,"8",,,,,"9","234",,,,,,,,,,,,,"237","17","798","172","7","0",,"1","1FFFFF","1AAAAAAAA1AAAA","4",,,,,
"5301550","2021-09-24T11:00:00","21.46","-128.67",,,"1","4","2","5",,,"11",,,,,,,,,,,,"8",,,,,"9","246",,,,,,,,,,,,,"237","18","798","172","7","0",,"1","1FFFFF","1AAAAAAAA1AAAA","4",,,,,
"KS1043","2021-09-24T11:00:00","24.30","-121.10",,,"1","4","0","0","4","1","1","0","10","4","41",,,,,"10145","7","7","0","227","1","220","217","3","231",,,,"A",,,,,,,"14","4","237","41","992","114","5","1","2","1","111111","11AAA111118A71",,,"3",,,"4"
"4602710","2021-09-24T12:00:00","22.01","-121.56",,,"1","4","2","5",,,"11",,,,,,,,,,,,"8",,,,,"9","254",,,,,,,,,,,,,"237","21","798","172","7","0",,"1","1FFFFF","1AAAAAAAA1AAAA","4",,,,,
"4602715","2021-09-24T12:00:00","26.48","-122.91",,,"1","4","2","5",,,"11",,,,,,,,,"10160",,,"8",,,,,"9","212",,,,,,,,,,,,,"237","62","798","172","7","0",,"1","1FFF1F","1AAAA1AAA1AAAA","4",,,,,
"4602718","2021-09-24T12:00:00","28.46","-123.05",,,"1","4","2","5",,,"11",,,,,,,,,"10161",,,"8",,,,,"9","207",,,,,,,,,,,,,"237","83","798","172","7","0",,"1","1FFF1F","1AAAA1AAA1AAAA","4",,,,,
"5102629","2021-09-24T12:00:00","21.94","-127.44",,,"1","4","2","5",,,"11",,,,,,,,,,,,"8",,,,,"9","234",,,,,,,,,,,,,"237","17","798","172","7","0",,"1","1FFFFF","1AAAAAAAA1AAAA","4",,,,,
"5301550","2021-09-24T12:00:00","21.46","-128.67",,,"1","4","2","5",,,"11",,,,,,,,,,,,"8",,,,,"9","246",,,,,,,,,,,,,"237","18","798","172","7","0",,"1","1FFFFF","1AAAAAAAA1AAAA","4",,,,,
"KS1043","2021-09-24T12:00:00","24.20","-121.10",,,"1","4","0","0","4","1","1","0","20","4","36",,,,,"10148","0","0","0","228","1","219","216","3","231",,,,"A",,,,,,,"14","4","237","41","992","114","5","1","2","1","111111","11AAA111118A71",,,"3",,,"4"
"4602715","2021-09-24T13:00:00","26.64","-122.94",,,"1","4","2","5",,,"11",,,,,,,,,"10164",,,"8",,,,,"9","212",,,,,,,,,,,,,"237","62","798","172","7","0",,"1","1FFF1F","1AAAA1AAA1AAAA","4",,,,,
"4602718","2021-09-24T13:00:00","28.45","-123.05",,,"1","4","2","5",,,"11",,,,,,,,,"10163",,,"8",,,,,"9","206",,,,,,,,,,,,,"237","83","798","172","7","0",,"1","1FFF1F","1AAAA1AAA1AAAA","4",,,,,
"5102629","2021-09-24T13:00:00","21.94","-127.44",,,"1","4","2","5",,,"11",,,,,,,,,,,,"8",,,,,"9","234",,,,,,,,,,,,,"237","17","798","172","7","0",,"1","1FFFFF","1AAAAAAAA1AAAA","4",,,,,
"5301550","2021-09-24T13:00:00","21.46","-128.68",,,"1","4","2","5",,,"11",,,,,,,,,,,,"8",,,,,"9","245",,,,,,,,,,,,,"237","18","798","172","7","0",,"1","1FFFFF","1AAAAAAAA1AAAA","4",,,,,
"KS1043","2021-09-24T13:00:00","24.20","-121.10",,,"1","4","0","0","5","1","1","0","10","4","36",,,,,"10149","7","8","0","229","1","219","215","3","232",,,,"A",,,,,,,"14","4","237","41","992","114","5","1","2","1","111111","11AAA111118A71",,,"3",,,"4"
"4602715","2021-09-24T14:00:00","26.63","-122.95",,,"1","4","2","5",,,"11",,,,,,,,,"10166",,,"8",,,,,"9","212",,,,,,,,,,,,,"237","62","798","172","7","0",,"1","1FFF1F","1AAAA1AAA1AAAA","4",,,,,
"4602718","2021-09-24T14:00:00","28.44","-123.05",,,"1","4","2","5",,,"11",,,,,,,,,"10165",,,"8",,,,,"9","206",,,,,,,,,,,,,"237","83","798","172","7","0",,"1","1FFF1F","1AAAA1AAA1AAAA","4",,,,,
"5102629","2021-09-24T14:00:00","21.94","-127.44",,,"1","4","2","5",,,"11",,,,,,,,,,,,"8",,,,,"9","234",,,,,,,,,,,,,"237","17","798","172","7","0",,"1","1FFFFF","1AAAAAAAA1AAAA","4",,,,,
"5301550","2021-09-24T14:00:00","21.47","-128.68",,,"1","4","2","5",,,"11",,,,,,,,,,,,"8",,,,,"9","245",,,,,,,,,,,,,"237","18","798","172","7","0",,"1","1FFFFF","1AAAAAAAA1AAAA","4",,,,,
"KS1043","2021-09-24T14:00:00","24.20","-121.10",,,"1","4","0","0","4","1","1","0","20","4","46",,,,,"10150","3","6","0","227","1","219","216","3","232",,,,"A",,,,,,,"14","4","237","41","992","114","5","1","2","2","111111","11AAA111118A71",,,"3",,,"4"
"4602710","2021-09-24T15:00:00","22.01","-121.56",,,"1","4","2","5",,,"11",,,,,,,,,,,,"8",,,,,"9","254",,,,,,,,,,,,,"237","21","798","172","7","0",,"2","1FFFFF","1AAAAAAAA1AAAA","4",,,,,
"4602715","2021-09-24T15:00:00","26.63","-122.95",,,"1","4","2","5",,,"11",,,,,,,,,"10171",,,"8",,,,,"9","212",,,,,,,,,,,,,"237","62","798","172","7","0",,"2","1FFF1F","1AAAA1AAA1AAAA","4",,,,,
"4602718","2021-09-24T15:00:00","28.44","-123.06",,,"1","4","2","5",,,"11",,,,,,,,,"10172",,,"8",,,,,"9","206",,,,,,,,,,,,,"237","83","798","172","7","0",,"2","1FFF1F","1AAAA1AAA1AAAA","4",,,,,
"5102629","2021-09-24T15:00:00","21.94","-127.44",,,"1","4","2","5",,,"11",,,,,,,,,,,,"8",,,,,"9","234",,,,,,,,,,,,,"237","17","798","172","7","0",,"2","1FFFFF","1AAAAAAAA1AAAA","4",,,,,
"5301550","2021-09-24T15:00:00","21.47","-128.68",,,"1","4","2","5",,,"11",,,,,,,,,,,,"8",,,,,"9","245",,,,,,,,,,,,,"237","18","798","172","7","0",,"2","1FFFFF","1AAAAAAAA1AAAA","4",,,,,
"KS1043","2021-09-24T15:00:00","24.20","-121.10",,,"1","4","0","0","3","1","1","0","20","4","46",,,,,"10153","0","3","0","229","1","217","213","3","233",,,,"A",,,,,,,"14","4","237","41","992","114","5","1","2","2","111111","11AAA111118A71",,,"3",,,"4"
"4602718","2021-09-24T16:00:00","28.45","-123.07",,,"1","4","2","5",,,"11",,,,,,,,,"10176",,,"8",,,,,"9","206",,,,,,,,,,,,,"237","83","798","172","7","0",,"2","1FFF1F","1AAAA1AAA1AAAA","4",,,,,
"5102629","2021-09-24T16:00:00","21.94","-127.44",,,"1","4","2","5",,,"11",,,,,,,,,,,,"8",,,,,"9","234",,,,,,,,,,,,,"237","17","798","172","7","0",,"2","1FFFFF","1AAAAAAAA1AAAA","4",,,,,
"5301550","2021-09-24T16:00:00","21.48","-128.68",,,"1","4","2","5",,,"11",,,,,,,,,,,,"8",,,,,"9","245",,,,,,,,,,,,,"237","18","798","172","7","0",,"2","1FFFFF","1AAAAAAAA1AAAA","4",,,,,
"KS1043","2021-09-24T16:00:00","24.20","-121.00",,,"1","4","0","0","4","1","1","0","30","4","51",,,,,"10159","2","12","0","229","1","218","215","3","234",,,,"A",,,,,,,"14","4","237","41","992","114","5","1","2","2","111111","11AAA111118A71",,,"3",,,"4"
"4602715","2021-09-24T16:03:00","26.62","-122.96",,,"1","4","2","5",,,"11",,,,,,,,,"10174",,,"8",,,,,"9","212",,,,,,,,,,,,,"237","62","798","172","7","0",,"2","1FFF1F","1AAAA1AAA1AAAA","4",,,,,
"4602715","2021-09-24T17:00:00","26.61","-122.96",,,"1","4","2","5",,,"11",,,,,,,,,"10176",,,"8",,,,,"9","212",,,,,,,,,,,,,"237","62","798","172","7","0",,"2","1FFF1F","1AAAA1AAA1AAAA","4",,,,,
"4602718","2021-09-24T17:00:00","28.44","-123.07",,,"1","4","2","5",,,"11",,,,,,,,,"10176",,,"8",,,,,"9","207",,,,,,,,,,,,,"237","83","798","172","7","0",,"2","1FFF1F","1AAAA1AAA1AAAA","4",,,,,
"5102629","2021-09-24T17:00:00","21.94","-127.44",,,"1","4","2","5",,,"11",,,,,,,,,,,,"8",,,,,"9","234",,,,,,,,,,,,,"237","17","798","172","7","0",,"2","1FFFFF","1AAAAAAAA1AAAA","4",,,,,
"5301550","2021-09-24T17:00:00","21.48","-128.68",,,"1","4","2","5",,,"11",,,,,,,,,,,,"8",,,,,"9","245",,,,,,,,,,,,,"237","18","798","172","7","0",,"2","1FFFFF","1AAAAAAAA1AAAA","4",,,,,
"KS1043","2021-09-24T17:00:00","24.10","-121.00",,,"1","4","0","0","3","1","1","0","40","4","46",,,,,"10161","3","9","0","230","1","220","217","3","234",,,,"A",,,,,,,"14","4","237","41","992","114","5","1","2","2","111111","11AAA111118A71",,,"3",,,"4"
"4602710","2021-09-24T18:00:00","22.01","-121.56",,,"1","4","2","5",,,"11",,,,,,,,,,,,"8",,,,,"9","254",,,,,,,,,,,,,"237","21","798","172","7","0",,"2","1FFFFF","1AAAAAAAA1AAAA","4",,,,,
"4602715","2021-09-24T18:00:00","26.61","-122.97",,,"1","4","2","5",,,"11",,,,,,,,,"10176",,,"8",,,,,"9","213",,,,,,,,,,,,,"237","62","798","172","7","0",,"2","1FFF1F","1AAAA1AAA1AAAA","4",,,,,
"5102629","2021-09-24T18:00:00","21.94","-127.44",,,"1","4","2","5",,,"11",,,,,,,,,,,,"8",,,,,"9","234",,,,,,,,,,,,,"237","17","798","172","7","0",,"2","1FFFFF","1AAAAAAAA1AAAA","4",,,,,
"5301550","2021-09-24T18:00:00","21.48","-128.68",,,"1","4","2","5",,,"11",,,,,,,,,,,,"8",,,,,"9","245",,,,,,,,,,,,,"237","18","798","172","7","0",,"2","1FFFFF","1AAAAAAAA1AAAA","4",,,,,
"KS1043","2021-09-24T18:00:00","24.10","-121.00",,,"1","4","0","0","4","1","1","0","50","4","46",,,,,"10162","2","11","0","231","1","220","216","3","234",,,,"A",,,,,,,"14","4","237","41","992","114","5","1","2","2","111111","11AAA111118A71",,,"3",,,"4"
"4602718","2021-09-24T18:01:00","28.45","-123.07",,,"1","4","2","5",,,"11",,,,,,,,,"10174",,,"8",,,,,"9","207",,,,,,,,,,,,,"237","83","798","172","7","0",,"2","1FFF1F","1AAAA1AAA1AAAA","4",,,,,
"4602715","2021-09-24T19:00:00","26.61","-122.98",,,"1","4","2","5",,,"11",,,,,,,,,"10174",,,"8",,,,,"9","215",,,,,,,,,,,,,"237","62","798","172","7","0",,"2","1FFF1F","1AAAA1AAA1AAAA","4",,,,,
"5102629","2021-09-24T19:00:00","21.94","-127.44",,,"1","4","2","5",,,"11",,,,,,,,,,,,"8",,,,,"9","234",,,,,,,,,,,,,"237","17","798","172","7","0",,"2","1FFFFF","1AAAAAAAA1AAAA","4",,,,,
"5301550","2021-09-24T19:00:00","21.48","-128.68",,,"1","4","2","5",,,"11",,,,,,,,,,,,"8",,,,,"9","245",,,,,,,,,,,,,"237","18","798","172","7","0",,"2","1FFFFF","1AAAAAAAA1AAAA","4",,,,,
"KS1043","2021-09-24T19:00:00","24.10","-121.00",,,"1","4","0","0","3","1","1","0","50","4","41",,,,,"10164","2","7","0","231","1","220","216","3","233",,,,"A",,,,,,,"14","4","237","41","992","114","5","1","2","2","111111","11AAA111118A71",,,"3",,,"4"
"VRNY5","2021-09-24T19:00:00","27.10","-121.90",,,"1","5","2","5","7","4","1",,"330","3","51","1","98","2","1","10160","4","0","8","230",,"190","169",,,"4","4","1","5","7","A",,,,"33","10","4","237","71","798","172","5","1","2","2","F11111","111111111A1A11",,"5",,"1",,
"4602718","2021-09-24T19:01:00","28.46","-123.08",,,"1","4","2","5",,,"11",,,,,,,,,"10176",,,"8",,,,,"9","208",,,,,,,,,,,,,"237","83","798","172","7","0",,"2","1FFF1F","1AAAA1AAA1AAAA","4",,,,,
"4602718","2021-09-24T20:00:00","28.46","-123.08",,,"1","4","2","5",,,"11",,,,,,,,,"10169",,,"8",,,,,"9","208",,,,,,,,,,,,,"237","83","798","172","7","0",,"2","1FFF1F","1AAAA1AAA1AAAA","4",,,,,
"5102629","2021-09-24T20:00:00","21.94","-127.44",,,"1","4","2","5",,,"11",,,,,,,,,,,,"8",,,,,"9","234",,,,,,,,,,,,,"237","17","798","172","7","0",,"2","1FFFFF","1AAAAAAAA1AAAA","4",,,,,
"5301550","2021-09-24T20:00:00","21.48","-128.68",,,"1","4","2","5",,,"11",,,,,,,,,,,,"8",,,,,"9","245",,,,,,,,,,,,,"237","18","798","172","7","0",,"2","1FFFFF","1AAAAAAAA1AAAA","4",,,,,
"KS1043","2021-09-24T20:00:00","24.10","-121.00",,,"1","4","0","0","3","1","1","0","50","4","36",,,,,"10161","2","3","0","231","1","221","218","3","234",,,,"A",,,,,,,"14","4","237","41","992","114","5","1","2","2","111111","11AAA111118A71",,,"3",,,"4"
"4602715","2021-09-24T20:02:00","26.60","-122.99",,,"1","4","2","5",,,"11",,,,,,,,,"10170",,,"8",,,,,"9","216",,,,,,,,,,,,,"237","62","798","172","7","0",,"2","1FFF1F","1AAAA1AAA1AAAA","4",,,,,
"4602710","2021-09-24T21:00:00","22.01","-121.56",,,"1","4","2","5",,,"11",,,,,,,,,,,,"8",,,,,"9","255",,,,,,,,,,,,,"237","21","798","172","7","0",,"2","1FFFFF","1AAAAAAAA1AAAA","4",,,,,
"4602715","2021-09-24T21:00:00","26.60","-122.99",,,"1","4","2","5",,,"11",,,,,,,,,"10166",,,"8",,,,,"9","217",,,,,,,,,,,,,"237","62","798","172","7","0",,"2","1FFF1F","1AAAA1AAA1AAAA","4",,,,,
"4602718","2021-09-24T21:00:00","28.46","-123.07",,,"1","4","2","5",,,"11",,,,,,,,,"10166",,,"8",,,,,"9","209",,,,,,,,,,,,,"237","83","798","172","7","0",,"2","1FFF1F","1AAAA1AAA1AAAA","4",,,,,
"5102629","2021-09-24T21:00:00","21.94","-127.44",,,"1","4","2","5",,,"11",,,,,,,,,,,,"8",,,,,"9","234",,,,,,,,,,,,,"237","17","798","172","7","0",,"2","1FFFFF","1AAAAAAAA1AAAA","4",,,,,
"5301550","2021-09-24T21:00:00","21.47","-128.68",,,"1","4","2","5",,,"11",,,,,,,,,,,,"8",,,,,"9","246",,,,,,,,,,,,,"237","18","798","172","7","0",,"2","1FFFFF","1AAAAAAAA1AAAA","4",,,,,
"KS1043","2021-09-24T21:00:00","24.00","-121.00",,,"1","4","0","0","4","1","1","0","30","4","31",,,,,"10156","8","3","0","231","1","220","215","3","234",,,,"A",,,,,,,"14","4","237","41","992","114","5","1","2","2","111111","11AAA111118A71",,,"3",,,"4"
"4602715","2021-09-24T22:00:00","26.60","-123.00",,,"1","4","2","5",,,"11",,,,,,,,,"10163",,,"8",,,,,"9","219",,,,,,,,,,,,,"237","63","798","172","7","0",,"2","1FFF1F","1AAAA1AAA1AAAA","4",,,,,
"4602718","2021-09-24T22:00:00","28.46","-123.07",,,"1","4","2","5",,,"11",,,,,,,,,"10162",,,"8",,,,,"9","209",,,,,,,,,,,,,"237","83","798","172","7","0",,"2","1FFF1F","1AAAA1AAA1AAAA","4",,,,,
"5102629","2021-09-24T22:00:00","21.94","-127.44",,,"1","4","2","5",,,"11",,,,,,,,,,,,"8",,,,,"9","234",,,,,,,,,,,,,"237","17","798","172","7","0",,"2","1FFFFF","1AAAAAAAA1AAAA","4",,,,,
"5301550","2021-09-24T22:00:00","21.47","-128.68",,,"1","4","2","5",,,"11",,,,,,,,,,,,"8",,,,,"9","245",,,,,,,,,,,,,"237","18","798","172","7","0",,"2","1FFFFF","1AAAAAAAA1AAAA","4",,,,,
"KS1043","2021-09-24T22:00:00","24.00","-121.00",,,"1","4","0","0","3","1","1","0","20","4","31",,,,,"10151","8","10","0","235","1","215","207","3","235",,,,"A",,,,,,,"14","4","237","41","992","114","5","1","2","2","111111","11AAA111118A71",,,"3",,,"4"
"VRNY5","2021-09-24T22:00:00","27.60","-122.80",,,"1","6","2","5","7","4","1",,"330","3","67","1","97","3","2","10150","4","0","8","220",,"210","206","7","220",,,"7",,"A","A",,"12","4",,,,"237","72","798","172","5","1","2","2","111111","111111111181A1",,"5",,"2",,
"4602715","2021-09-24T23:00:00","26.60","-123.01",,,"1","4","2","5",,,"11",,,,,,,,,"10160",,,"8",,,,,"9","218",,,,,,,,,,,,,"237","63","798","172","7","0",,"2","1FFF1F","1AAAA1AAA1AAAA","4",,,,,
"4602718","2021-09-24T23:00:00","28.46","-123.07",,,"1","4","2","5",,,"11",,,,,,,,,"10161",,,"8",,,,,"9","209",,,,,,,,,,,,,"237","83","798","172","7","0",,"2","1FFF1F","1AAAA1AAA1AAAA","4",,,,,
"5102629","2021-09-24T23:00:00","21.94","-127.44",,,"1","4","2","5",,,"11",,,,,,,,,,,,"8",,,,,"9","234",,,,,,,,,,,,,"237","17","798","172","7","0",,"2","1FFFFF","1AAAAAAAA1AAAA","4",,,,,
"5301550","2021-09-24T23:00:00","21.46","-128.68",,,"1","4","2","5",,,"11",,,,,,,,,,,,"8",,,,,"9","245",,,,,,,,,,,,,"237","18","798","172","7","0",,"2","1FFFFF","1AAAAAAAA1AAAA","4",,,,,
"KS1043","2021-09-24T23:00:00","24.00","-121.00",,,"1","4","0","0","4","1","1","0","30","4","41",,,,,"10143","7","16","0","230","1","216","211","3","235",,,,"A",,,,,,,"14","4","237","41","992","114","5","1","2","2","111111","11AAA111118A71",,,"3",,,"4"
"3FOC5","2021-09-25T00:00:00","26.30","-125.64",,,"1","5","2","5","3","3","1",,,,,,,,,"10170","3","6","8","279",,"246","233",,,,,"A",,"A","A",,,,,,,"237","65","798","172","5","0",,"2","F5FF11","1AAAA1111A8AA1",,"5",,,,
"4602710","2021-09-25T00:00:00","22.03","-121.57",,,"1","4","2","5",,,"11",,,,,,,,,,,,"8",,,,,"9","254",,,,,,,,,,,,,"237","21","798","172","7","0",,"2","1FFFFF","1AAAAAAAA1AAAA","4",,,,,
"4602715","2021-09-25T00:00:00","26.60","-123.01",,,"1","4","2","5",,,"11",,,,,,,,,"10161",,,"8",,,,,"9","217",,,,,,,,,,,,,"237","63","798","172","7","0",,"2","1FFF1F","1AAAA1AAA1AAAA","4",,,,,
"5102629","2021-09-25T00:00:00","21.94","-127.44",,,"1","4","2","5",,,"11",,,,,,,,,,,,"8",,,,,"9","234",,,,,,,,,,,,,"237","17","798","172","7","0",,"2","1FFFFF","1AAAAAAAA1AAAA","4",,,,,
"5301550","2021-09-25T00:00:00","21.46","-128.69",,,"1","4","2","5",,,"11",,,,,,,,,,,,"8",,,,,"9","245",,,,,,,,,,,,,"237","18","798","172","7","0",,"2","1FFFFF","1AAAAAAAA1AAAA","4",,,,,
"KS1043","2021-09-25T00:00:00","24.00","-121.00",,,"1","4","0","0","4","1","1","0","20","4","41",,,,,"10143","7","16","0","231","1","221","217","3","234",,,,"A",,,,,,,"14","3","237","41","992","114","5","1","2","2","111111","11AAA111118A71",,,"3",,,"4"
"4602718","2021-09-25T00:01:00","28.46","-123.06",,,"1","4","2","5",,,"11",,,,,,,,,"10158",,,"8",,,,,"9","208",,,,,,,,,,,,,"237","83","798","172","7","0",,"2","1FFF1F","1AAAA1AAA1AAAA","4",,,,,
"4602715","2021-09-25T01:00:00","26.60","-123.02",,,"1","4","2","5",,,"11",,,,,,,,,"10162",,,"8",,,,,"9","218",,,,,,,,,,,,,"237","63","798","172","7","0",,"2","1FFF1F","1AAAA1AAA1AAAA","4",,,,,
"4602718","2021-09-25T01:00:00","28.46","-123.06",,,"1","4","2","5",,,"11",,,,,,,,,"10161",,,"8",,,,,"9","208",,,,,,,,,,,,,"237","83","798","172","7","0",,"2","1FFF1F","1AAAA1AAA1AAAA","4",,,,,
"5102629","2021-09-25T01:00:00","21.94","-127.44",,,"1","4","2","5",,,"11",,,,,,,,,,,,"8",,,,,"9","234",,,,,,,,,,,,,"237","17","798","172","7","0",,"2","1FFFFF","1AAAAAAAA1AAAA","4",,,,,
"5301550","2021-09-25T01:00:00","21.45","-128.69",,,"1","4","2","5",,,"11",,,,,,,,,,,,"8",,,,,"9","245",,,,,,,,,,,,,"237","18","798","172","7","0",,"2","1FFFFF","1AAAAAAAA1AAAA","4",,,,,
"KS1043","2021-09-25T01:00:00","24.00","-121.00",,,"1","4","0","0","3","1","1","0","30","4","41",,,,,"10146","5","9","0","231","1","220","217","3","234",,,,"A",,,,,,,"14","4","237","41","992","114","5","1","2","2","111111","11AAA111118A71",,,"3",,,"4"
"4602715","2021-09-25T02:00:00","26.61","-123.02",,,"1","4","2","5",,,"11",,,,,,,,,"10163",,,"8",,,,,"9","216",,,,,,,,,,,,,"237","63","798","172","7","0",,"2","1FFF1F","1AAAA1AAA1AAAA","4",,,,,
"4602718","2021-09-25T02:00:00","28.46","-123.06",,,"1","4","2","5",,,"11",,,,,,,,,"10163",,,"8",,,,,"9","208",,,,,,,,,,,,,"237","83","798","172","7","0",,"2","1FFF1F","1AAAA1AAA1AAAA","4",,,,,
"5102629","2021-09-25T02:00:00","21.94","-127.44",,,"1","4","2","5",,,"11",,,,,,,,,,,,"8",,,,,"9","234",,,,,,,,,,,,,"237","17","798","172","7","0",,"2","1FFFFF","1AAAAAAAA1AAAA","4",,,,,
"5301550","2021-09-25T02:00:00","21.45","-128.70",,,"1","4","2","5",,,"11",,,,,,,,,,,,"8",,,,,"9","245",,,,,,,,,,,,,"237","18","798","172","7","0",,"2","1FFFFF","1AAAAAAAA1AAAA","4",,,,,
"KS1043","2021-09-25T02:00:00","23.90","-121.00",,,"1","4","0","0","4","1","1","0","20","4","46",,,,,"10146","5","4","0","229","1","219","216","3","233",,,,"A",,,,,,,"14","3","237","31","992","114","5","1","2","2","111111","11AAA111118A71",,,"3",,,"4"
"4602710","2021-09-25T03:00:00","22.03","-121.58",,,"1","4","2","5",,,"11",,,,,,,,,,,,"8",,,,,"9","254",,,,,,,,,,,,,"237","21","798","172","7","0",,"1","1FFFFF","1AAAAAAAA1AAAA","4",,,,,
"4602715","2021-09-25T03:00:00","26.61","-123.01",,,"1","4","2","5",,,"11",,,,,,,,,"10167",,,"8",,,,,"9","216",,,,,,,,,,,,,"237","63","798","172","7","0",,"1","1FFF1F","1AAAA1AAA1AAAA","4",,,,,
"4602718","2021-09-25T03:00:00","28.46","-123.05",,,"1","4","2","5",,,"11",,,,,,,,,"10169",,,"8",,,,,"9","208",,,,,,,,,,,,,"237","83","798","172","7","0",,"1","1FFF1F","1AAAA1AAA1AAAA","4",,,,,
"5102629","2021-09-25T03:00:00","21.94","-127.44",,,"1","4","2","5",,,"11",,,,,,,,,,,,"8",,,,,"9","234",,,,,,,,,,,,,"237","17","798","172","7","0",,"1","1FFFFF","1AAAAAAAA1AAAA","4",,,,,
"5301550","2021-09-25T03:00:00","21.45","-128.70",,,"1","4","2","5",,,"11",,,,,,,,,,,,"8",,,,,"9","245",,,,,,,,,,,,,"237","18","798","172","7","0",,"1","1FFFFF","1AAAAAAAA1AAAA","4",,,,,
"KS1043","2021-09-25T03:00:00","23.90","-121.00",,,"1","4","0","0","4","1","1","0","20","4","51",,,,,"10146","0","1","0","230","1","217","213","3","233",,,,"A",,,,,,,"13","4","237","31","992","114","5","1","2","1","111111","11AAA111118A71",,,"3",,,"4"
"4602715","2021-09-25T04:00:00","26.61","-123.01",,,"1","4","2","5",,,"11",,,,,,,,,"10172",,,"8",,,,,"9","216",,,,,,,,,,,,,"237","63","798","172","7","0",,"1","1FFF1F","1AAAA1AAA1AAAA","4",,,,,
"4602718","2021-09-25T04:00:00","28.46","-123.05",,,"1","4","2","5",,,"11",,,,,,,,,"10173",,,"8",,,,,"9","207",,,,,,,,,,,,,"237","83","798","172","7","0",,"1","1FFF1F","1AAAA1AAA1AAAA","4",,,,,
"5102629","2021-09-25T04:00:00","21.94","-127.44",,,"1","4","2","5",,,"11",,,,,,,,,,,,"8",,,,,"9","234",,,,,,,,,,,,,"237","17","798","172","7","0",,"1","1FFFFF","1AAAAAAAA1AAAA","4",,,,,
"5301550","2021-09-25T04:00:00","21.45","-128.71",,,"1","4","2","5",,,"11",,,,,,,,,,,,"8",,,,,"9","245",,,,,,,,,,,,,"237","18","798","172","7","0",,"1","1FFFFF","1AAAAAAAA1AAAA","4",,,,,
"KS1043","2021-09-25T04:00:00","23.90","-120.90",,,"1","4","0","0","4","1","1","0","30","4","46",,,,,"10152","2","5","0","230","1","216","211","3","232",,,,"A",,,,,,,"14","4","237","30","992","114","5","1","2","1","111111","11AAA111118A71",,,"3",,,"4"
"4602715","2021-09-25T05:00:00","26.60","-123.01",,,"1","4","2","5",,,"11",,,,,,,,,"10174",,,"8",,,,,"9","216",,,,,,,,,,,,,"237","63","798","172","7","0",,"1","1FFF1F","1AAAA1AAA1AAAA","4",,,,,
"5102629","2021-09-25T05:00:00","21.94","-127.44",,,"1","4","2","5",,,"11",,,,,,,,,,,,"8",,,,,"9","234",,,,,,,,,,,,,"237","17","798","172","7","0",,"1","1FFFFF","1AAAAAAAA1AAAA","4",,,,,
"5301550","2021-09-25T05:00:00","21.45","-128.72",,,"1","4","2","5",,,"11",,,,,,,,,,,,"8",,,,,"9","245",,,,,,,,,,,,,"237","18","798","172","7","0",,"1","1FFFFF","1AAAAAAAA1AAAA","4",,,,,
"KS1043","2021-09-25T05:00:00","23.90","-120.90",,,"1","4","0","0","3","1","1","0","30","4","51",,,,,"10157","3","10","0","230","1","219","215","3","232",,,,"A",,,,,,,"13","4","237","30","992","114","5","1","2","1","111111","11AAA111118A71",,,"3",,,"4"
"4602718","2021-09-25T05:01:00","28.46","-123.04",,,"1","4","2","5",,,"11",,,,,,,,,"10175",,,"8",,,,,"9","207",,,,,,,,,,,,,"237","83","798","172","7","0",,"1","1FFF1F","1AAAA1AAA1AAAA","4",,,,,
"4602710","2021-09-25T06:00:00","22.03","-121.58",,,"1","4","2","5",,,"11",,,,,,,,,,,,"8",,,,,"9","253",,,,,,,,,,,,,"237","21","798","172","7","0",,"1","1FFFFF","1AAAAAAAA1AAAA","4",,,,,
"4602715","2021-09-25T06:00:00","26.60","-123.01",,,"1","4","2","5",,,"11",,,,,,,,,"10174",,,"8",,,,,"9","215",,,,,,,,,,,,,"237","63","798","172","7","0",,"1","1FFF1F","1AAAA1AAA1AAAA","4",,,,,
"4602718","2021-09-25T06:00:00","28.45","-123.04",,,"1","4","2","5",,,"11",,,,,,,,,"10172",,,"8",,,,,"9","207",,,,,,,,,,,,,"237","83","798","172","7","0",,"1","1FFF1F","1AAAA1AAA1AAAA","4",,,,,
"5102629","2021-09-25T06:00:00","21.94","-127.44",,,"1","4","2","5",,,"11",,,,,,,,,,,,"8",,,,,"9","234",,,,,,,,,,,,,"237","17","798","172","7","0",,"1","1FFFFF","1AAAAAAAA1AAAA","4",,,,,
"5301550","2021-09-25T06:00:00","21.44","-128.72",,,"1","4","2","5",,,"11",,,,,,,,,,,,"8",,,,,"9","245",,,,,,,,,,,,,"237","18","798","172","7","0",,"1","1FFFFF","1AAAAAAAA1AAAA","4",,,,,
"KS1043","2021-09-25T06:00:00","23.80","-120.90",,,"1","4","0","0","4","1","1","0","40","4","41",,,,,"10158","2","14","0","230","1","220","217","3","232",,,,"A",,,,,,,"14","4","237","30","992","114","5","1","2","1","111111","11AAA111118A71",,,"3",,,"4"
"VRNY5","2021-09-25T06:00:00","28.70","-125.10",,,"1","5","2","5","7","4","1",,"90","3","41","1","98","3","2","10170","4","0","8","200",,"170","153",,,"8","8","7","3","A","A",,,,"7","10","3","237","85","798","172","5","1","2","1","F11111","111111111A1A11",,"5",,"2",,
"4602715","2021-09-25T07:00:00","26.60","-123.01",,,"1","4","2","5",,,"11",,,,,,,,,"10174",,,"8",,,,,"9","215",,,,,,,,,,,,,"237","63","798","172","7","0",,"1","1FFF1F","1AAAA1AAA1AAAA","4",,,,,
"4602718","2021-09-25T07:00:00","28.45","-123.04",,,"1","4","2","5",,,"11",,,,,,,,,"10172",,,"8",,,,,"9","207",,,,,,,,,,,,,"237","83","798","172","7","0",,"1","1FFF1F","1AAAA1AAA1AAAA","4",,,,,
"5102629","2021-09-25T07:00:00","21.94","-127.44",,,"1","4","2","5",,,"11",,,,,,,,,,,,"8",,,,,"9","234",,,,,,,,,,,,,"237","17","798","172","7","0",,"1","1FFFFF","1AAAAAAAA1AAAA","4",,,,,
"5301550","2021-09-25T07:00:00","21.44","-128.73",,,"1","4","2","5",,,"11",,,,,,,,,,,,"8",,,,,"9","244",,,,,,,,,,,,,"237","18","798","172","7","0",,"1","1FFFFF","1AAAAAAAA1AAAA","4",,,,,
"KS1043","2021-09-25T07:00:00","23.80","-120.90",,,"1","4","0","0","4","1","1","0","40","4","36",,,,,"10159","2","9","0","231","1","217","212","3","233",,,,"A",,,,,,,"14","4","237","30","992","114","5","1","2","1","111111","11AAA111118A71",,,"3",,,"4"
"4602715","2021-09-25T08:00:00","26.59","-123.01",,,"1","4","2","5",,,"11",,,,,,,,,"10172",,,"8",,,,,"9","214",,,,,,,,,,,,,"237","63","798","172","7","0",,"1","1FFF1F","1AAAA1AAA1AAAA","4",,,,,
"4602718","2021-09-25T08:00:00","28.45","-123.03",,,"1","4","2","5",,,"11",,,,,,,,,"10171",,,"8",,,,,"9","207",,,,,,,,,,,,,"237","83","798","172","7","0",,"1","1FFF1F","1AAAA1AAA1AAAA","4",,,,,
"5102629","2021-09-25T08:00:00","21.94","-127.44",,,"1","4","2","5",,,"11",,,,,,,,,,,,"8",,,,,"9","234",,,,,,,,,,,,,"237","17","798","172","7","0",,"1","1FFFFF","1AAAAAAAA1AAAA","4",,,,,
"5301550","2021-09-25T08:00:00","21.44","-128.74",,,"1","4","2","5",,,"11",,,,,,,,,,,,"8",,,,,"9","244",,,,,,,,,,,,,"237","18","798","172","7","0",,"1","1FFFFF","1AAAAAAAA1AAAA","4",,,,,
"KS1043","2021-09-25T08:00:00","23.80","-120.90",,,"1","4","0","0","3","1","1","0","30","4","41",,,,,"10156","2","3","0","230","1","217","212","3","233",,,,"A",,,,,,,"14","4","237","30","992","114","5","1","2","1","111111","11AAA111118A71",,,"3",,,"4"
"VRCZ7","2021-09-25T08:00:00","29.20","-120.80",,,"1","5","2","5","7","5","1",,"10","3","46","1","97",,"1","10170","2","10","8",,,"260","252",,,"8","9","7","2","1","A",,,,,,,"237","90","798","172","5","1","2","1","F71111","111A11111A3AA1",,"5",,"1",,
"4602710","2021-09-25T09:00:00","22.04","-121.60",,,"1","4","2","5",,,"11",,,,,,,,,,,,"8",,,,,"9","254",,,,,,,,,,,,,"237","21","798","172","7","0",,"1","1FFFFF","1AAAAAAAA1AAAA","4",,,,,
"4602718","2021-09-25T09:00:00","28.45","-123.03",,,"1","4","2","5",,,"11",,,,,,,,,"10171",,,"8",,,,,"9","207",,,,,,,,,,,,,"237","83","798","172","7","0",,"1","1FFF1F","1AAAA1AAA1AAAA","4",,,,,
"5102629","2021-09-25T09:00:00","21.94","-127.44",,,"1","4","2","5",,,"11",,,,,,,,,,,,"8",,,,,"9","234",,,,,,,,,,,,,"237","17","798","172","7","0",,"1","1FFFFF","1AAAAAAAA1AAAA","4",,,,,
"5301550","2021-09-25T09:00:00","21.44","-128.74",,,"1","4","2","5",,,"11",,,,,,,,,,,,"8",,,,,"9","244",,,,,,,,,,,,,"237","18","798","172","7","0",,"1","1FFFFF","1AAAAAAAA1AAAA","4",,,,,
"KS1043","2021-09-25T09:00:00","23.80","-120.90",,,"1","4","0","0","4","1","1","0","30","4","41",,,,,"10156","8","3","0","230","1","219","216","3","233",,,,"A",,,,,,,"14","3","237","30","992","114","5","1","2","1","111111","11AAA111118A71",,,"3",,,"4"
"KS1043","2021-09-25T10:00:00","23.80","-120.90",,,"1","4","0","0","3","1","1","0","40","4","46",,,,,"10151","8","5","0","230","1","219","215","3","234",,,,"A",,,,,,,"14","4","237","30","992","114","5","1","2","1","111111","11AAA111118A71",,,"3",,,"4"
"4602715","2021-09-25T11:00:00","26.58","-123.00",,,"1","4","2","5",,,"11",,,,,,,,,"10164",,,"8",,,,,"9","214",,,,,,,,,,,,,"237","63","798","172","7","0",,"1","1FFF1F","1AAAA1AAA1AAAA","4",,,,,
"4602718","2021-09-25T11:00:00","28.44","-123.03",,,"1","4","2","5",,,"11",,,,,,,,,"10167",,,"8",,,,,"9","207",,,,,,,,,,,,,"237","83","798","172","7","0",,"1","1FFF1F","1AAAA1AAA1AAAA","4",,,,,
"5102629","2021-09-25T11:00:00","21.94","-127.44",,,"1","4","2","5",,,"11",,,,,,,,,,,,"8",,,,,"9","234",,,,,,,,,,,,,"237","17","798","172","7","0",,"1","1FFFFF","1AAAAAAAA1AAAA","4",,,,,
"5301550","2021-09-25T11:00:00","21.44","-128.76",,,"1","4","2","5",,,"11",,,,,,,,,,,,"8",,,,,"9","244",,,,,,,,,,,,,"237","18","798","172","7","0",,"1","1FFFFF","1AAAAAAAA1AAAA","4",,,,,
"KS1043","2021-09-25T11:00:00","23.70","-120.90",,,"1","4","0","0","4","1","1","0","20","4","51",,,,,"10148","7","9","0","231","1","220","216","3","236",,,,"A",,,,,,,"14","3","237","30","992","114","5","1","2","1","111111","11AAA111118A71",,,"3",,,"4"
"4602710","2021-09-25T12:00:00","22.05","-121.60",,,"1","4","2","5",,,"11",,,,,,,,,,,,"8",,,,,"9","253",,,,,,,,,,,,,"237","21","798","172","7","0",,"1","1FFFFF","1AAAAAAAA1AAAA","4",,,,,
"4602715","2021-09-25T12:00:00","26.57","-123.00",,,"1","4","2","5",,,"11",,,,,,,,,"10166",,,"8",,,,,"9","214",,,,,,,,,,,,,"237","63","798","172","7","0",,"1","1FFF1F","1AAAA1AAA1AAAA","4",,,,,
"4602718","2021-09-25T12:00:00","28.44","-123.03",,,"1","4","2","5",,,"11",,,,,,,,,"10165",,,"8",,,,,"9","207",,,,,,,,,,,,,"237","83","798","172","7","0",,"1","1FFF1F","1AAAA1AAA1AAAA","4",,,,,
"5102629","2021-09-25T12:00:00","21.94","-127.44",,,"1","4","2","5",,,"11",,,,,,,,,,,,"8",,,,,"9","234",,,,,,,,,,,,,"237","17","798","172","7","0",,"1","1FFFFF","1AAAAAAAA1AAAA","4",,,,,
"5301550","2021-09-25T12:00:00","21.44","-128.76",,,"1","4","2","5",,,"11",,,,,,,,,,,,"8",,,,,"9","244",,,,,,,,,,,,,"237","18","798","172","7","0",,"1","1FFFFF","1AAAAAAAA1AAAA","4",,,,,
"KS1043","2021-09-25T12:00:00","23.70","-120.90",,,"1","4","0","0","4","1","1","0","30","4","62",,,,,"10148","7","8","0","230","1","218","214","3","237",,,,"A",,,,,,,"13","3","237","30","992","114","5","1","2","1","111111","11AAA111118A71",,,"3",,,"4"
"4602715","2021-09-25T13:00:00","26.57","-123.00",,,"1","4","2","5",,,"11",,,,,,,,,"10169",,,"8",,,,,"9","213",,,,,,,,,,,,,"237","63","798","172","7","0",,"1","1FFF1F","1AAAA1AAA1AAAA","4",,,,,
"4602718","2021-09-25T13:00:00","28.43","-123.04",,,"1","4","2","5",,,"11",,,,,,,,,"10169",,,"8",,,,,"9","207",,,,,,,,,,,,,"237","83","798","172","7","0",,"1","1FFF1F","1AAAA1AAA1AAAA","4",,,,,
"5102629","2021-09-25T13:00:00","21.96","-127.68",,,"1","4","2","5",,,"11",,,,,,,,,,,,"8",,,,,"9","234",,,,,,,,,,,,,"237","17","798","172","7","0",,"1","1FFFFF","1AAAAAAAA1AAAA","4",,,,,
"5301550","2021-09-25T13:00:00","21.44","-128.77",,,"1","4","2","5",,,"11",,,,,,,,,,,,"8",,,,,"9","244",,,,,,,,,,,,,"237","18","798","172","7","0",,"1","1FFFFF","1AAAAAAAA1AAAA","4",,,,,
"KS1043","2021-09-25T13:00:00","23.70","-120.90",,,"1","4","0","0","4","1","1","0","30","4","51",,,,,"10152","5","2","0","233","1","216","209","3","238",,,,"A",,,,,,,"14","3","237","30","992","114","5","1","2","1","111111","11AAA111118A71",,,"3",,,"4"
"4602715","2021-09-25T14:00:00","26.56","-123.00",,,"1","4","2","5",,,"11",,,,,,,,,"10173",,,"8",,,,,"9","213",,,,,,,,,,,,,"237","63","798","172","7","0",,"1","1FFF1F","1AAAA1AAA1AAAA","4",,,,,
"4602718","2021-09-25T14:00:00","28.43","-123.04",,,"1","4","2","5",,,"11",,,,,,,,,"10172",,,"8",,,,,"9","207",,,,,,,,,,,,,"237","83","798","172","7","0",,"1","1FFF1F","1AAAA1AAA1AAAA","4",,,,,
"5102629","2021-09-25T14:00:00","21.96","-127.68",,,"1","4","2","5",,,"11",,,,,,,,,,,,"8",,,,,"9","234",,,,,,,,,,,,,"237","17","798","172","7","0",,"1","1FFFFF","1AAAAAAAA1AAAA","4",,,,,
"5301550","2021-09-25T14:00:00","21.45","-128.77",,,"1","4","2","5",,,"11",,,,,,,,,,,,"8",,,,,"9","244",,,,,,,,,,,,,"237","18","798","172","7","0",,"1","1FFFFF","1AAAAAAAA1AAAA","4",,,,,
"KS1043","2021-09-25T14:00:00","23.70","-120.90",,,"1","4","0","0","3","1","1","0","40","4","51",,,,,"10155","3","4","0","232","1","217","212","3","238",,,,"A",,,,,,,"13","4","237","30","992","114","5","1","2","2","111111","11AAA111118A71",,,"3",,,"4"
"4602710","2021-09-25T15:00:00","22.05","-121.60",,,"1","4","2","5",,,"11",,,,,,,,,,,,"8",,,,,"9","253",,,,,,,,,,,,,"237","21","798","172","7","0",,"2","1FFFFF","1AAAAAAAA1AAAA","4",,,,,
"4602715","2021-09-25T15:00:00","26.55","-123.01",,,"1","4","2","5",,,"11",,,,,,,,,"10179",,,"8",,,,,"9","213",,,,,,,,,,,,,"237","63","798","172","7","0",,"2","1FFF1F","1AAAA1AAA1AAAA","4",,,,,
"4602718","2021-09-25T15:00:00","28.43","-123.04",,,"1","4","2","5",,,"11",,,,,,,,,"10175",,,"8",,,,,"9","207",,,,,,,,,,,,,"237","83","798","172","7","0",,"2","1FFF1F","1AAAA1AAA1AAAA","4",,,,,
"5102629","2021-09-25T15:00:00","21.96","-127.68",,,"1","4","2","5",,,"11",,,,,,,,,,,,"8",,,,,"9","234",,,,,,,,,,,,,"237","17","798","172","7","0",,"2","1FFFFF","1AAAAAAAA1AAAA","4",,,,,
"5301550","2021-09-25T15:00:00","21.46","-128.77",,,"1","4","2","5",,,"11",,,,,,,,,,,,"8",,,,,"9","244",,,,,,,,,,,,,"237","18","798","172","7","0",,"2","1FFFFF","1AAAAAAAA1AAAA","4",,,,,
"KS1043","2021-09-25T15:00:00","23.60","-120.90",,,"1","4","0","0","4","1","1","0","50","4","51",,,,,"10157","2","9","0","233","1","219","214","3","238",,,,"A",,,,,,,"13","3","237","30","992","114","5","1","2","2","111111","11AAA111118A71",,,"3",,,"4"
"4602718","2021-09-25T16:00:00","28.43","-123.05",,,"1","4","2","5",,,"11",,,,,,,,,"10179",,,"8",,,,,"9","207",,,,,,,,,,,,,"237","83","798","172","7","0",,"2","1FFF1F","1AAAA1AAA1AAAA","4",,,,,
"5102629","2021-09-25T16:00:00","21.96","-127.68",,,"1","4","2","5",,,"11",,,,,,,,,,,,"8",,,,,"9","234",,,,,,,,,,,,,"237","17","798","172","7","0",,"2","1FFFFF","1AAAAAAAA1AAAA","4",,,,,
"5301550","2021-09-25T16:00:00","21.47","-128.77",,,"1","4","2","5",,,"11",,,,,,,,,,,,"8",,,,,"9","244",,,,,,,,,,,,,"237","18","798","172","7","0",,"2","1FFFFF","1AAAAAAAA1AAAA","4",,,,,
"KS1043","2021-09-25T16:00:00","23.60","-120.80",,,"1","4","0","0","4","1","1","0","50","4","46",,,,,"10163","2","12","0","234","1","219","214","3","238",,,,"A",,,,,,,"13","3","237","30","992","114","5","1","2","2","111111","11AAA111118A71",,,"3",,,"4"
"4602715","2021-09-25T16:01:00","26.54","-123.01",,,"1","4","2","5",,,"11",,,,,,,,,"10180",,,"8",,,,,"9","213",,,,,,,,,,,,,"237","63","798","172","7","0",,"2","1FFF1F","1AAAA1AAA1AAAA","4",,,,,
"4602715","2021-09-25T17:00:00","26.53","-123.02",,,"1","4","2","5",,,"11",,,,,,,,,"10183",,,"8",,,,,"9","213",,,,,,,,,,,,,"237","63","798","172","7","0",,"2","1FFF1F","1AAAA1AAA1AAAA","4",,,,,
"4602718","2021-09-25T17:00:00","28.43","-123.05",,,"1","4","2","5",,,"11",,,,,,,,,"10185",,,"8",,,,,"9","207",,,,,,,,,,,,,"237","83","798","172","7","0",,"2","1FFF1F","1AAAA1AAA1AAAA","4",,,,,
"5102629","2021-09-25T17:00:00","21.96","-127.68",,,"1","4","2","5",,,"11",,,,,,,,,,,,"8",,,,,"9","235",,,,,,,,,,,,,"237","17","798","172","7","0",,"2","1FFFFF","1AAAAAAAA1AAAA","4",,,,,
"5301550","2021-09-25T17:00:00","21.47","-128.77",,,"1","4","2","5",,,"11",,,,,,,,,,,,"8",,,,,"9","244",,,,,,,,,,,,,"237","18","798","172","7","0",,"2","1FFFFF","1AAAAAAAA1AAAA","4",,,,,
"KS1043","2021-09-25T17:00:00","23.60","-120.80",,,"1","4","0","0","4","1","1","0","40","4","46",,,,,"10167","2","10","0","234","1","219","214","3","234",,,,"A",,,,,,,"13","4","237","30","992","114","5","1","2","2","111111","11AAA111118A71",,,"3",,,"4"
"3ETM6","2021-09-25T18:00:00","29.00","-127.00",,,"1","5","2","5","9","0","1","5","10","4","62","1","93",,,,,,"8","200",,,,,,"7",,,"A",,,,,"3",,,,"237","97","798","172","5","1","2","2","F111FF","111AAA1AAA13AA",,"5",,,,
"4602710","2021-09-25T18:00:00","22.04","-121.61",,,"1","4","2","5",,,"11",,,,,,,,,,,,"8",,,,,"9","254",,,,,,,,,,,,,"237","21","798","172","7","0",,"2","1FFFFF","1AAAAAAAA1AAAA","4",,,,,
"4602715","2021-09-25T18:00:00","26.52","-123.03",,,"1","4","2","5",,,"11",,,,,,,,,"10187",,,"8",,,,,"9","213",,,,,,,,,,,,,"237","63","798","172","7","0",,"2","1FFF1F","1AAAA1AAA1AAAA","4",,,,,
"4602718","2021-09-25T18:00:00","28.44","-123.05",,,"1","4","2","5",,,"11",,,,,,,,,"10186",,,"8",,,,,"9","207",,,,,,,,,,,,,"237","83","798","172","7","0",,"2","1FFF1F","1AAAA1AAA1AAAA","4",,,,,
"5102629","2021-09-25T18:00:00","21.96","-127.68",,,"1","4","2","5",,,"11",,,,,,,,,,,,"8",,,,,"9","235",,,,,,,,,,,,,"237","17","798","172","7","0",,"2","1FFFFF","1AAAAAAAA1AAAA","4",,,,,
"5301550","2021-09-25T18:00:00","21.48","-128.76",,,"1","4","2","5",,,"11",,,,,,,,,,,,"8",,,,,"9","244",,,,,,,,,,,,,"237","18","798","172","7","0",,"2","1FFFFF","1AAAAAAAA1AAAA","4",,,,,
"KS1043","2021-09-25T18:00:00","23.60","-120.80",,,"1","4","0","0","4","1","1","0","40","4","51",,,,,"10170","2","12","0","234","1","220","216","3","234",,,,"A",,,,,,,"13","3","237","30","992","114","5","1","2","2","111111","11AAA111118A71",,,"3",,,"4"
"4602715","2021-09-25T19:00:00","26.52","-123.04",,,"1","4","2","5",,,"11",,,,,,,,,"10185",,,"8",,,,,"9","214",,,,,,,,,,,,,"237","63","798","172","7","0",,"2","1FFF1F","1AAAA1AAA1AAAA","4",,,,,
"4602718","2021-09-25T19:00:00","28.44","-123.05",,,"1","4","2","5",,,"11",,,,,,,,,"10184",,,"8",,,,,"9","207",,,,,,,,,,,,,"237","83","798","172","7","0",,"2","1FFF1F","1AAAA1AAA1AAAA","4",,,,,
"5102629","2021-09-25T19:00:00","21.96","-127.68",,,"1","4","2","5",,,"11",,,,,,,,,,,,"8",,,,,"9","236",,,,,,,,,,,,,"237","17","798","172","7","0",,"2","1FFFFF","1AAAAAAAA1AAAA","4",,,,,
"5301550","2021-09-25T19:00:00","21.48","-128.75",,,"1","4","2","5",,,"11",,,,,,,,,,,,"8",,,,,"9","245",,,,,,,,,,,,,"237","18","798","172","7","0",,"2","1FFFFF","1AAAAAAAA1AAAA","4",,,,,
"KS1043","2021-09-25T19:00:00","23.50","-120.80",,,"1","4","0","0","4","1","1","0","50","4","62",,,,,"10170","2","10","0","236","1","219","213","3","240",,,,"A",,,,,,,"13","4","237","30","992","114","5","1","2","2","111111","11AAA111118A71",,,"3",,,"4"
"4602715","2021-09-25T20:00:00","26.52","-123.05",,,"1","4","2","5",,,"11",,,,,,,,,"10184",,,"8",,,,,"9","214",,,,,,,,,,,,,"237","63","798","172","7","0",,"2","1FFF1F","1AAAA1AAA1AAAA","4",,,,,
"4602718","2021-09-25T20:00:00","28.44","-123.05",,,"1","4","2","5",,,"11",,,,,,,,,"10180",,,"8",,,,,"9","207",,,,,,,,,,,,,"237","83","798","172","7","0",,"2","1FFF1F","1AAAA1AAA1AAAA","4",,,,,
"5102629","2021-09-25T20:00:00","21.96","-127.68",,,"1","4","2","5",,,"11",,,,,,,,,,,,"8",,,,,"9","236",,,,,,,,,,,,,"237","17","798","172","7","0",,"2","1FFFFF","1AAAAAAAA1AAAA","4",,,,,
"5301550","2021-09-25T20:00:00","21.48","-128.75",,,"1","4","2","5",,,"11",,,,,,,,,,,,"8",,,,,"9","246",,,,,,,,,,,,,"237","18","798","172","7","0",,"2","1FFFFF","1AAAAAAAA1AAAA","4",,,,,
"KS1043","2021-09-25T20:00:00","23.50","-120.80",,,"1","4","0","0","4","1","1","0","40","4","46",,,,,"10168","0","4","0","237","1","219","212","3","242",,,,"A",,,,,,,"13","3","237","30","992","114","5","1","2","2","111111","11AAA111118A71",,,"3",,,"4"
"4602710","2021-09-25T21:00:00","22.06","-121.63",,,"1","4","2","5",,,"11",,,,,,,,,,,,"8",,,,,"9","256",,,,,,,,,,,,,"237","21","798","172","7","0",,"2","1FFFFF","1AAAAAAAA1AAAA","4",,,,,
"4602715","2021-09-25T21:00:00","26.52","-123.05",,,"1","4","2","5",,,"11",,,,,,,,,"10178",,,"8",,,,,"9","215",,,,,,,,,,,,,"237","63","798","172","7","0",,"2","1FFF1F","1AAAA1AAA1AAAA","4",,,,,
"4602718","2021-09-25T21:00:00","28.44","-123.05",,,"1","4","2","5",,,"11",,,,,,,,,"10175",,,"8",,,,,"9","208",,,,,,,,,,,,,"237","83","798","172","7","0",,"2","1FFF1F","1AAAA1AAA1AAAA","4",,,,,
"5102629","2021-09-25T21:00:00","21.96","-127.68",,,"1","4","2","5",,,"11",,,,,,,,,,,,"8",,,,,"9","236",,,,,,,,,,,,,"237","17","798","172","7","0",,"2","1FFFFF","1AAAAAAAA1AAAA","4",,,,,
"5301550","2021-09-25T21:00:00","21.48","-128.74",,,"1","4","2","5",,,"11",,,,,,,,,,,,"8",,,,,"9","247",,,,,,,,,,,,,"237","18","798","172","7","0",,"2","1FFFFF","1AAAAAAAA1AAAA","4",,,,,
"KS1043","2021-09-25T21:00:00","23.50","-120.80",,,"1","4","0","0","4","1","1","0","50","4","41",,,,,"10163","8","2","0","236","1","218","211","3","242",,,,"A",,,,,,,"13","4","237","30","992","114","5","1","2","2","111111","11AAA111118A71",,,"3",,,"4"
"4602715","2021-09-25T22:00:00","26.52","-123.06",,,"1","4","2","5",,,"11",,,,,,,,,"10176",,,"8",,,,,"9","215",,,,,,,,,,,,,"237","63","798","172","7","0",,"2","1FFF1F","1AAAA1AAA1AAAA","4",,,,,
"4602718","2021-09-25T22:00:00","28.44","-123.05",,,"1","4","2","5",,,"11",,,,,,,,,"10172",,,"8",,,,,"9","209",,,,,,,,,,,,,"237","83","798","172","7","0",,"2","1FFF1F","1AAAA1AAA1AAAA","4",,,,,
"5102629","2021-09-25T22:00:00","21.97","-127.67",,,"1","4","2","5",,,"11",,,,,,,,,,,,"8",,,,,"9","237",,,,,,,,,,,,,"237","17","798","172","7","0",,"2","1FFFFF","1AAAAAAAA1AAAA","4",,,,,
"5301550","2021-09-25T22:00:00","21.48","-128.73",,,"1","4","2","5",,,"11",,,,,,,,,,,,"8",,,,,"9","248",,,,,,,,,,,,,"237","18","798","172","7","0",,"2","1FFFFF","1AAAAAAAA1AAAA","4",,,,,
"KS1043","2021-09-25T22:00:00","23.50","-120.80",,,"1","4","0","0","3","1","1","0","40","4","46",,,,,"10157","7","10","0","236","1","218","211","3","243",,,,"A",,,,,,,"13","3","237","30","992","114","5","1","2","2","111111","11AAA111118A71",,,"3",,,"4"
"4602715","2021-09-25T23:00:00","26.52","-123.07",,,"1","4","2","5",,,"11",,,,,,,,,"10172",,,"8",,,,,"9","215",,,,,,,,,,,,,"237","63","798","172","7","0",,"2","1FFF1F","1AAAA1AAA1AAAA","4",,,,,
"5102629","2021-09-25T23:00:00","21.97","-127.67",,,"1","4","2","5",,,"11",,,,,,,,,,,,"8",,,,,"9","237",,,,,,,,,,,,,"237","17","798","172","7","0",,"2","1FFFFF","1AAAAAAAA1AAAA","4",,,,,
"5301550","2021-09-25T23:00:00","21.47","-128.73",,,"1","4","2","5",,,"11",,,,,,,,,,,,"8",,,,,"9","247",,,,,,,,,,,,,"237","18","798","172","7","0",,"2","1FFFFF","1AAAAAAAA1AAAA","4",,,,,
"KS1043","2021-09-25T23:00:00","23.40","-120.80",,,"1","4","0","0","3","1","1","0","40","4","51",,,,,"10152","7","14","0","236","1","218","212","3","243",,,,"A",,,,,,,"13","3","237","30","992","114","5","1","2","2","111111","11AAA111118A71",,,"3",,,"4"
"4602718","2021-09-25T23:01:00","28.44","-123.04",,,"1","4","2","5",,,"11",,,,,,,,,"10168",,,"8",,,,,"9","209",,,,,,,,,,,,,"237","83","798","172","7","0",,"2","1FFF1F","1AAAA1AAA1AAAA","4",,,,,
"4602710","2021-09-26T00:00:00","22.07","-121.63",,,"1","4","2","5",,,"11",,,,,,,,,,,,"8",,,,,"9","257",,,,,,,,,,,,,"237","21","798","172","7","0",,"2","1FFFFF","1AAAAAAAA1AAAA","4",,,,,
"4602715","2021-09-26T00:00:00","26.52","-123.07",,,"1","4","2","5",,,"11",,,,,,,,,"10172",,,"8",,,,,"9","214",,,,,,,,,,,,,"237","63","798","172","7","0",,"2","1FFF1F","1AAAA1AAA1AAAA","4",,,,,
"4602718","2021-09-26T00:00:00","28.44","-123.04",,,"1","4","2","5",,,"11",,,,,,,,,"10168",,,"8",,,,,"9","209",,,,,,,,,,,,,"237","83","798","172","7","0",,"2","1FFF1F","1AAAA1AAA1AAAA","4",,,,,
"5102629","2021-09-26T00:00:00","21.97","-127.67",,,"1","4","2","5",,,"11",,,,,,,,,,,,"8",,,,,"9","237",,,,,,,,,,,,,"237","17","798","172","7","0",,"2","1FFFFF","1AAAAAAAA1AAAA","4",,,,,
"5301550","2021-09-26T00:00:00","21.47","-128.72",,,"1","4","2","5",,,"11",,,,,,,,,,,,"8",,,,,"9","248",,,,,,,,,,,,,"237","18","798","172","7","0",,"2","1FFFFF","1AAAAAAAA1AAAA","4",,,,,
"KS1043","2021-09-26T00:00:00","23.40","-120.80",,,"1","4","0","0","4","1","1","0","50","4","51",,,,,"10150","7","16","0","236","1","219","212","3","243",,,,"A",,,,,,,"12","3","237","30","992","114","5","1","2","2","111111","11AAA111118A71",,,"3",,,"4"
"4602715","2021-09-26T01:00:00","26.52","-123.08",,,"1","4","2","5",,,"11",,,,,,,,,"10171",,,"8",,,,,"9","214",,,,,,,,,,,,,"237","63","798","172","7","0",,"2","1FFF1F","1AAAA1AAA1AAAA","4",,,,,
"4602718","2021-09-26T01:00:00","28.44","-123.04",,,"1","4","2","5",,,"11",,,,,,,,,"10168",,,"8",,,,,"9","209",,,,,,,,,,,,,"237","83","798","172","7","0",,"2","1FFF1F","1AAAA1AAA1AAAA","4",,,,,
"5102629","2021-09-26T01:00:00","21.97","-127.67",,,"1","4","2","5",,,"11",,,,,,,,,,,,"8",,,,,"9","238",,,,,,,,,,,,,"237","17","798","172","7","0",,"2","1FFFFF","1AAAAAAAA1AAAA","4",,,,,
"5301550","2021-09-26T01:00:00","21.47","-128.72",,,"1","4","2","5",,,"11",,,,,,,,,,,,"8",,,,,"9","247",,,,,,,,,,,,,"237","18","798","172","7","0",,"2","1FFFFF","1AAAAAAAA1AAAA","4",,,,,
"KS1043","2021-09-26T01:00:00","23.40","-120.80",,,"1","4","0","0","4","1","1","0","40","4","57",,,,,"10154","5","9","0","236","1","220","214","3","244",,,,"A",,,,,,,"13","3","237","30","992","114","5","1","2","2","111111","11AAA111118A71",,,"3",,,"4"
"4602715","2021-09-26T02:00:00","26.52","-123.08",,,"1","4","2","5",,,"11",,,,,,,,,"10174",,,"8",,,,,"9","214",,,,,,,,,,,,,"237","63","798","172","7","0",,"2","1FFF1F","1AAAA1AAA1AAAA","4",,,,,
"4602718","2021-09-26T02:00:00","28.44","-123.04",,,"1","4","2","5",,,"11",,,,,,,,,"10168",,,"8",,,,,"9","208",,,,,,,,,,,,,"237","83","798","172","7","0",,"2","1FFF1F","1AAAA1AAA1AAAA","4",,,,,
"5102629","2021-09-26T02:00:00","21.97","-127.67",,,"1","4","2","5",,,"11",,,,,,,,,,,,"8",,,,,"9","237",,,,,,,,,,,,,"237","17","798","172","7","0",,"2","1FFFFF","1AAAAAAAA1AAAA","4",,,,,
"5301550","2021-09-26T02:00:00","21.47","-128.71",,,"1","4","2","5",,,"11",,,,,,,,,,,,"8",,,,,"9","247",,,,,,,,,,,,,"237","18","798","172","7","0",,"2","1FFFFF","1AAAAAAAA1AAAA","4",,,,,
"KS1043","2021-09-26T02:00:00","23.40","-120.70",,,"1","4","0","0","4","1","1","0","40","4","57",,,,,"10155","5","0","0","235","1","219","213","3","243",,,,"A",,,,,,,"12","3","237","30","992","114","5","1","2","2","111111","11AAA111118A71",,,"3",,,"4"
"4602710","2021-09-26T03:00:00","22.08","-121.63",,,"1","4","2","5",,,"11",,,,,,,,,,,,"8",,,,,"9","256",,,,,,,,,,,,,"237","21","798","172","7","0",,"1","1FFFFF","1AAAAAAAA1AAAA","4",,,,,
"4602715","2021-09-26T03:00:00","26.52","-123.08",,,"1","4","2","5",,,"11",,,,,,,,,"10178",,,"8",,,,,"9","214",,,,,,,,,,,,,"237","63","798","172","7","0",,"1","1FFF1F","1AAAA1AAA1AAAA","4",,,,,
"4602718","2021-09-26T03:00:00","28.44","-123.03",,,"1","4","2","5",,,"11",,,,,,,,,"10172",,,"8",,,,,"9","208",,,,,,,,,,,,,"237","83","798","172","7","0",,"1","1FFF1F","1AAAA1AAA1AAAA","4",,,,,
"5102629","2021-09-26T03:00:00","21.97","-127.67",,,"1","4","2","5",,,"11",,,,,,,,,,,,"8",,,,,"9","237",,,,,,,,,,,,,"237","17","798","172","7","0",,"1","1FFFFF","1AAAAAAAA1AAAA","4",,,,,
"5301550","2021-09-26T03:00:00","21.47","-128.71",,,"1","4","2","5",,,"11",,,,,,,,,,,,"8",,,,,"9","247",,,,,,,,,,,,,"237","18","798","172","7","0",,"1","1FFFFF","1AAAAAAAA1AAAA","4",,,,,
"KS1043","2021-09-26T03:00:00","23.30","-120.70",,,"1","4","0","0","4","1","1","0","40","4","57",,,,,"10160","2","6","0","235","1","219","214","3","242",,,,"A",,,,,,,"12","3","237","30","992","114","5","1","2","1","111111","11AAA111118A71",,,"3",,,"4"
"4602715","2021-09-26T04:00:00","26.52","-123.09",,,"1","4","2","5",,,"11",,,,,,,,,"10182",,,"8",,,,,"9","214",,,,,,,,,,,,,"237","63","798","172","7","0",,"1","1FFF1F","1AAAA1AAA1AAAA","4",,,,,
"4602718","2021-09-26T04:00:00","28.44","-123.03",,,"1","4","2","5",,,"11",,,,,,,,,"10177",,,"8",,,,,"9","208",,,,,,,,,,,,,"237","83","798","172","7","0",,"1","1FFF1F","1AAAA1AAA1AAAA","4",,,,,
"5102629","2021-09-26T04:00:00","21.97","-127.67",,,"1","4","2","5",,,"11",,,,,,,,,,,,"8",,,,,"9","237",,,,,,,,,,,,,"237","17","798","172","7","0",,"1","1FFFFF","1AAAAAAAA1AAAA","4",,,,,
"5301550","2021-09-26T04:00:00","21.47","-128.71",,,"1","4","2","5",,,"11",,,,,,,,,,,,"8",,,,,"9","246",,,,,,,,,,,,,"237","18","798","172","7","0",,"1","1FFFFF","1AAAAAAAA1AAAA","4",,,,,
"KS1043","2021-09-26T04:00:00","23.30","-120.70",,,"1","4","0","0","4","1","1","0","30","4","62",,,,,"10161","2","9","0","235","1","219","213","3","242",,,,"A",,,,,,,"13","3","237","30","992","114","5","1","2","1","111111","11AAA111118A71",,,"3",,,"4"
"4602715","2021-09-26T05:00:00","26.52","-123.09",,,"1","4","2","5",,,"11",,,,,,,,,"10184",,,"8",,,,,"9","214",,,,,,,,,,,,,"237","63","798","172","7","0",,"1","1FFF1F","1AAAA1AAA1AAAA","4",,,,,
"4602718","2021-09-26T05:00:00","28.44","-123.03",,,"1","4","2","5",,,"11",,,,,,,,,"10179",,,"8",,,,,"9","208",,,,,,,,,,,,,"237","83","798","172","7","0",,"1","1FFF1F","1AAAA1AAA1AAAA","4",,,,,
"5102629","2021-09-26T05:00:00","21.97","-127.67",,,"1","4","2","5",,,"11",,,,,,,,,,,,"8",,,,,"9","237",,,,,,,,,,,,,"237","17","798","172","7","0",,"1","1FFFFF","1AAAAAAAA1AAAA","4",,,,,
"5301550","2021-09-26T05:00:00","21.46","-128.71",,,"1","4","2","5",,,"11",,,,,,,,,,,,"8",,,,,"9","246",,,,,,,,,,,,,"237","18","798","172","7","0",,"1","1FFFFF","1AAAAAAAA1AAAA","4",,,,,
"KS1043","2021-09-26T05:00:00","23.30","-120.70",,,"1","4","0","0","4","1","1","0","40","4","46",,,,,"10166","2","9","0","234","1","217","210","3","241",,,,"A",,,,,,,"13","4","237","30","992","114","5","1","2","1","111111","11AAA111118A71",,,"3",,,"4"
"4602710","2021-09-26T06:00:00","22.07","-121.64",,,"1","4","2","5",,,"11",,,,,,,,,,,,"8",,,,,"9","255",,,,,,,,,,,,,"237","21","798","172","7","0",,"1","1FFFFF","1AAAAAAAA1AAAA","4",,,,,
"4602715","2021-09-26T06:00:00","26.52","-123.09",,,"1","4","2","5",,,"11",,,,,,,,,"10183",,,"8",,,,,"9","214",,,,,,,,,,,,,"237","63","798","172","7","0",,"1","1FFF1F","1AAAA1AAA1AAAA","4",,,,,
"4602718","2021-09-26T06:00:00","28.44","-123.03",,,"1","4","2","5",,,"11",,,,,,,,,"10182",,,"8",,,,,"9","207",,,,,,,,,,,,,"237","83","798","172","7","0",,"1","1FFF1F","1AAAA1AAA1AAAA","4",,,,,
"5102629","2021-09-26T06:00:00","21.97","-127.67",,,"1","4","2","5",,,"11",,,,,,,,,,,,"8",,,,,"9","237",,,,,,,,,,,,,"237","17","798","172","7","0",,"1","1FFFFF","1AAAAAAAA1AAAA","4",,,,,
"5301550","2021-09-26T06:00:00","21.46","-128.70",,,"1","4","2","5",,,"11",,,,,,,,,,,,"8",,,,,"9","246",,,,,,,,,,,,,"237","18","798","172","7","0",,"1","1FFFFF","1AAAAAAAA1AAAA","4",,,,,
"KS1043","2021-09-26T06:00:00","23.30","-120.70",,,"1","4","0","0","4","1","1","0","30","4","46",,,,,"10169","2","11","0","234","1","217","211","3","242",,,,"A",,,,,,,"12","3","237","30","992","114","5","1","2","1","111111","11AAA111118A71",,,"3",,,"4"
"4602715","2021-09-26T07:00:00","26.52","-123.09",,,"1","4","2","5",,,"11",,,,,,,,,"10185",,,"8",,,,,"9","214",,,,,,,,,,,,,"237","63","798","172","7","0",,"1","1FFF1F","1AAAA1AAA1AAAA","4",,,,,
"4602718","2021-09-26T07:00:00","28.44","-123.03",,,"1","4","2","5",,,"11",,,,,,,,,"10181",,,"8",,,,,"9","207",,,,,,,,,,,,,"237","83","798","172","7","0",,"1","1FFF1F","1AAAA1AAA1AAAA","4",,,,,
"5102629","2021-09-26T07:00:00","21.97","-127.67",,,"1","4","2","5",,,"11",,,,,,,,,,,,"8",,,,,"9","237",,,,,,,,,,,,,"237","17","798","172","7","0",,"1","1FFFFF","1AAAAAAAA1AAAA","4",,,,,
"5301550","2021-09-26T07:00:00","21.46","-128.70",,,"1","4","2","5",,,"11",,,,,,,,,,,,"8",,,,,"9","247",,,,,,,,,,,,,"237","18","798","172","7","0",,"1","1FFFFF","1AAAAAAAA1AAAA","4",,,,,
"KS1043","2021-09-26T07:00:00","23.20","-120.70",,,"1","4","0","0","4","1","1","0","50","4","41",,,,,"10171","2","10","0","233","1","216","209","3","241",,,,"A",,,,,,,"13","3","237","30","992","114","5","1","2","1","111111","11AAA111118A71",,,"3",,,"4"
"4602715","2021-09-26T08:00:00","26.52","-123.09",,,"1","4","2","5",,,"11",,,,,,,,,"10185",,,"8",,,,,"9","213",,,,,,,,,,,,,"237","63","798","172","7","0",,"1","1FFF1F","1AAAA1AAA1AAAA","4",,,,,
"4602718","2021-09-26T08:00:00","28.44","-123.02",,,"1","4","2","5",,,"11",,,,,,,,,"10180",,,"8",,,,,"9","207",,,,,,,,,,,,,"237","83","798","172","7","0",,"1","1FFF1F","1AAAA1AAA1AAAA","4",,,,,
"5102629","2021-09-26T08:00:00","21.97","-127.67",,,"1","4","2","5",,,"11",,,,,,,,,,,,"8",,,,,"9","237",,,,,,,,,,,,,"237","17","798","172","7","0",,"1","1FFFFF","1AAAAAAAA1AAAA","4",,,,,
"5301550","2021-09-26T08:00:00","21.45","-128.70",,,"1","4","2","5",,,"11",,,,,,,,,,,,"8",,,,,"9","247",,,,,,,,,,,,,"237","18","798","172","7","0",,"1","1FFFFF","1AAAAAAAA1AAAA","4",,,,,
"A8PQ3","2021-09-26T08:00:00","28.30","-122.30",,,"1","4","0","0","7","3","1","0","220","4","72",,"98","3",,"10240","2","10","0","190","0","160","138",,"210","9",,"7","A","7","A",,"10","5","38","10","5","237","82","992","114","5","1","2","1","111331","1111A111114111",,,"1",,,"4"
"KS1043","2021-09-26T08:00:00","23.20","-120.70",,,"1","4","0","0","4","1","1","0","30","4","41",,,,,"10169","2","7","0","232","1","214","207","3","241",,,,"A",,,,,,,"11","3","237","30","992","114","5","1","2","1","111111","11AAA111118A71",,,"3",,,"4"
"3FOC5","2021-09-26T09:00:00","26.10","-125.64",,,"1","5","2","5","5","1","1",,,,,,,,,"10182","5","5","8","263",,"242","234",,,,,"A",,"A","A",,,,,,,"237","65","798","172","5","0",,"1","F3FF11","1AAAA1111A8AA1",,"5",,,,
"4602710","2021-09-26T09:00:00","22.08","-121.66",,,"1","4","2","5",,,"11",,,,,,,,,,,,"8",,,,,"9","254",,,,,,,,,,,,,"237","21","798","172","7","0",,"1","1FFFFF","1AAAAAAAA1AAAA","4",,,,,
"4602715","2021-09-26T09:00:00","26.52","-123.09",,,"1","4","2","5",,,"11",,,,,,,,,"10183",,,"8",,,,,"9","213",,,,,,,,,,,,,"237","63","798","172","7","0",,"1","1FFF1F","1AAAA1AAA1AAAA","4",,,,,
"5102629","2021-09-26T09:00:00","21.94","-127.68",,,"1","4","2","5",,,"11",,,,,,,,,,,,"8",,,,,"9","237",,,,,,,,,,,,,"237","17","798","172","7","0",,"1","1FFFFF","1AAAAAAAA1AAAA","4",,,,,
"5301550","2021-09-26T09:00:00","21.45","-128.71",,,"1","4","2","5",,,"11",,,,,,,,,,,,"8",,,,,"9","247",,,,,,,,,,,,,"237","18","798","172","7","0",,"1","1FFFFF","1AAAAAAAA1AAAA","4",,,,,
"KS1043","2021-09-26T09:00:00","23.20","-120.70",,,"1","4","0","0","4","1","1","0","40","4","41",,,,,"10167","0","1","0","232","1","212","205","3","240",,,,"A",,,,,,,"11","3","237","30","992","114","5","1","2","1","111111","11AAA111118A71",,,"3",,,"4"
"4602718","2021-09-26T09:01:00","28.44","-123.02",,,"1","4","2","5",,,"11",,,,,,,,,"10178",,,"8",,,,,"9","207",,,,,,,,,,,,,"237","83","798","172","7","0",,"1","1FFF1F","1AAAA1AAA1AAAA","4",,,,,
"KS1043","2021-09-26T10:00:00","23.20","-120.70",,,"1","4","0","0","3","1","1","0","40","4","41",,,,,"10164","8","5","0","231","1","213","206","3","241",,,,"A",,,,,,,"12","3","237","30","992","114","5","1","2","1","111111","11AAA111118A71",,,"3",,,"4"
"4602715","2021-09-26T11:00:00","26.52","-123.08",,,"1","4","2","5",,,"11",,,,,,,,,"10175",,,"8",,,,,"9","213",,,,,,,,,,,,,"237","63","798","172","7","0",,"1","1FFF1F","1AAAA1AAA1AAAA","4",,,,,
"4602718","2021-09-26T11:00:00","28.43","-123.01",,,"1","4","2","5",,,"11",,,,,,,,,"10173",,,"8",,,,,"9","207",,,,,,,,,,,,,"237","83","798","172","7","0",,"1","1FFF1F","1AAAA1AAA1AAAA","4",,,,,
"5102629","2021-09-26T11:00:00","21.94","-127.69",,,"1","4","2","5",,,"11",,,,,,,,,,,,"8",,,,,"9","237",,,,,,,,,,,,,"237","17","798","172","7","0",,"1","1FFFFF","1AAAAAAAA1AAAA","4",,,,,
"5301550","2021-09-26T11:00:00","21.44","-128.72",,,"1","4","2","5",,,"11",,,,,,,,,,,,"8",,,,,"9","246",,,,,,,,,,,,,"237","18","798","172","7","0",,"1","1FFFFF","1AAAAAAAA1AAAA","4",,,,,
"KS1043","2021-09-26T11:00:00","23.20","-120.70",,,"1","4","0","0","3","1","1","0","30","4","36",,,,,"10161","7","9","0","231","1","212","205","3","241",,,,"A",,,,,,,"11","4","237","30","992","114","5","1","2","1","111111","11AAA111118A71",,,"3",,,"4"
"4602710","2021-09-26T12:00:00","22.10","-121.67",,,"1","4","2","5",,,"11",,,,,,,,,,,,"8",,,,,"9","254",,,,,,,,,,,,,"237","21","798","172","7","0",,"1","1FFFFF","1AAAAAAAA1AAAA","4",,,,,
"4602715","2021-09-26T12:00:00","26.51","-123.08",,,"1","4","2","5",,,"11",,,,,,,,,"10175",,,"8",,,,,"9","213",,,,,,,,,,,,,"237","63","798","172","7","0",,"1","1FFF1F","1AAAA1AAA1AAAA","4",,,,,
"4602718","2021-09-26T12:00:00","28.43","-123.01",,,"1","4","2","5",,,"11",,,,,,,,,"10174",,,"8",,,,,"9","207",,,,,,,,,,,,,"237","83","798","172","7","0",,"1","1FFF1F","1AAAA1AAA1AAAA","4",,,,,
"5102629","2021-09-26T12:00:00","21.94","-127.69",,,"1","4","2","5",,,"11",,,,,,,,,,,,"8",,,,,"9","237",,,,,,,,,,,,,"237","17","798","172","7","0",,"1","1FFFFF","1AAAAAAAA1AAAA","4",,,,,
"5301550","2021-09-26T12:00:00","21.44","-128.73",,,"1","4","2","5",,,"11",,,,,,,,,,,,"8",,,,,"9","246",,,,,,,,,,,,,"237","18","798","172","7","0",,"1","1FFFFF","1AAAAAAAA1AAAA","4",,,,,
"A8PQ3","2021-09-26T12:00:00","28.70","-123.10",,,"1","6","2","5","7","3","1",,"360","4","62","1","98","0","2","10160","2","10","8","180",,"150","127","7","220","9","9","A","A","A","A",,,,,,,"237","83","798","172","5","1","2","1","111111","11111111114AA1",,"5",,"2",,
"KS1043","2021-09-26T12:00:00","23.10","-120.70",,,"1","4","0","0","4","1","1","0","30","4","41",,,,,"10159","7","10","0","232","1","213","206","3","241",,,,"A",,,,,,,"12","3","237","30","992","114","5","1","2","1","111111","11AAA111118A71",,,"3",,,"4"
"4602715","2021-09-26T13:00:00","26.50","-123.08",,,"1","4","2","5",,,"11",,,,,,,,,"10180",,,"8",,,,,"9","213",,,,,,,,,,,,,"237","63","798","172","7","0",,"1","1FFF1F","1AAAA1AAA1AAAA","4",,,,,
"4602718","2021-09-26T13:00:00","28.43","-123.01",,,"1","4","2","5",,,"11",,,,,,,,,"10177",,,"8",,,,,"9","207",,,,,,,,,,,,,"237","83","798","172","7","0",,"1","1FFF1F","1AAAA1AAA1AAAA","4",,,,,
"5102629","2021-09-26T13:00:00","21.94","-127.69",,,"1","4","2","5",,,"11",,,,,,,,,,,,"8",,,,,"9","237",,,,,,,,,,,,,"237","17","798","172","7","0",,"1","1FFFFF","1AAAAAAAA1AAAA","4",,,,,
"5301550","2021-09-26T13:00:00","21.44","-128.73",,,"1","4","2","5",,,"11",,,,,,,,,,,,"8",,,,,"9","246",,,,,,,,,,,,,"237","18","798","172","7","0",,"1","1FFFFF","1AAAAAAAA1AAAA","4",,,,,
"KS1043","2021-09-26T13:00:00","23.10","-120.70",,,"1","4","0","0","4","1","1","0","40","4","57",,,,,"10162","7","6","0","232","1","214","208","3","240",,,,"A",,,,,,,"12","3","237","30","992","114","5","1","2","1","111111","11AAA111118A71",,,"3",,,"4"
"4602715","2021-09-26T14:00:00","26.50","-123.08",,,"1","4","2","5",,,"11",,,,,,,,,"10185",,,"8",,,,,"9","213",,,,,,,,,,,,,"237","63","798","172","7","0",,"1","1FFF1F","1AAAA1AAA1AAAA","4",,,,,
"4602718","2021-09-26T14:00:00","28.42","-123.01",,,"1","4","2","5",,,"11",,,,,,,,,"10180",,,"8",,,,,"9","207",,,,,,,,,,,,,"237","83","798","172","7","0",,"1","1FFF1F","1AAAA1AAA1AAAA","4",,,,,
"5102629","2021-09-26T14:00:00","21.94","-127.69",,,"1","4","2","5",,,"11",,,,,,,,,,,,"8",,,,,"9","237",,,,,,,,,,,,,"237","17","798","172","7","0",,"1","1FFFFF","1AAAAAAAA1AAAA","4",,,,,
"5301550","2021-09-26T14:00:00","21.44","-128.74",,,"1","4","2","5",,,"11",,,,,,,,,,,,"8",,,,,"9","246",,,,,,,,,,,,,"237","18","798","172","7","0",,"1","1FFFFF","1AAAAAAAA1AAAA","4",,,,,
"KS1043","2021-09-26T14:00:00","23.10","-120.60",,,"1","4","0","0","3","1","1","0","40","4","72",,,,,"10167","3","2","0","230","1","213","207","3","241",,,,"A",,,,,,,"12","3","237","30","992","114","5","1","2","2","111111","11AAA111118A71",,,"3",,,"4"
"4602710","2021-09-26T15:00:00","22.11","-121.66",,,"1","4","2","5",,,"11",,,,,,,,,,,,"8",,,,,"9","254",,,,,,,,,,,,,"237","21","798","172","7","0",,"2","1FFFFF","1AAAAAAAA1AAAA","4",,,,,
"4602715","2021-09-26T15:00:00","26.49","-123.08",,,"1","4","2","5",,,"11",,,,,,,,,"10190",,,"8",,,,,"9","213",,,,,,,,,,,,,"237","63","798","172","7","0",,"2","1FFF1F","1AAAA1AAA1AAAA","4",,,,,
"4602718","2021-09-26T15:00:00","28.42","-123.01",,,"1","4","2","5",,,"11",,,,,,,,,"10186",,,"8",,,,,"9","207",,,,,,,,,,,,,"237","83","798","172","7","0",,"2","1FFF1F","1AAAA1AAA1AAAA","4",,,,,
"5102629","2021-09-26T15:00:00","21.94","-127.69",,,"1","4","2","5",,,"11",,,,,,,,,,,,"8",,,,,"9","237",,,,,,,,,,,,,"237","17","798","172","7","0",,"2","1FFFFF","1AAAAAAAA1AAAA","4",,,,,
"5301550","2021-09-26T15:00:00","21.44","-128.74",,,"1","4","2","5",,,"11",,,,,,,,,,,,"8",,,,,"9","246",,,,,,,,,,,,,"237","18","798","172","7","0",,"2","1FFFFF","1AAAAAAAA1AAAA","4",,,,,
"KS1043","2021-09-26T15:00:00","23.10","-120.60",,,"1","4","0","0","3","1","1","0","30","4","57",,,,,"10173","2","11","0","231","1","213","207","3","240",,,,"A",,,,,,,"16","3","237","30","992","114","5","1","2","2","111111","11AAA111118A71",,,"3",,,"4"
"4602715","2021-09-26T16:00:00","26.48","-123.08",,,"1","4","2","5",,,"11",,,,,,,,,"10195",,,"8",,,,,"9","213",,,,,,,,,,,,,"237","63","798","172","7","0",,"2","1FFF1F","1AAAA1AAA1AAAA","4",,,,,
"4602718","2021-09-26T16:00:00","28.42","-123.01",,,"1","4","2","5",,,"11",,,,,,,,,"10189",,,"8",,,,,"9","207",,,,,,,,,,,,,"237","83","798","172","7","0",,"2","1FFF1F","1AAAA1AAA1AAAA","4",,,,,
"5102629","2021-09-26T16:00:00","21.94","-127.69",,,"1","4","2","5",,,"11",,,,,,,,,,,,"8",,,,,"9","237",,,,,,,,,,,,,"237","17","798","172","7","0",,"2","1FFFFF","1AAAAAAAA1AAAA","4",,,,,
"5301550","2021-09-26T16:00:00","21.44","-128.74",,,"1","4","2","5",,,"11",,,,,,,,,,,,"8",,,,,"9","246",,,,,,,,,,,,,"237","18","798","172","7","0",,"2","1FFFFF","1AAAAAAAA1AAAA","4",,,,,
"KS1043","2021-09-26T16:00:00","23.00","-120.60",,,"1","4","0","0","4","1","1","0","50","4","62",,,,,"10179","2","17","0","232","1","215","209","3","241",,,,"A",,,,,,,"16","4","237","30","992","114","5","1","2","2","111111","11AAA111118A71",,,"3",,,"4"
"4602715","2021-09-26T17:00:00","26.47","-123.09",,,"1","4","2","5",,,"11",,,,,,,,,"10200",,,"8",,,,,"9","213",,,,,,,,,,,,,"237","63","798","172","7","0",,"2","1FFF1F","1AAAA1AAA1AAAA","4",,,,,
"4602718","2021-09-26T17:00:00","28.41","-123.02",,,"1","4","2","5",,,"11",,,,,,,,,"10192",,,"8",,,,,"9","207",,,,,,,,,,,,,"237","83","798","172","7","0",,"2","1FFF1F","1AAAA1AAA1AAAA","4",,,,,
"5102629","2021-09-26T17:00:00","21.94","-127.69",,,"1","4","2","5",,,"11",,,,,,,,,,,,"8",,,,,"9","237",,,,,,,,,,,,,"237","17","798","172","7","0",,"2","1FFFFF","1AAAAAAAA1AAAA","4",,,,,
"5301550","2021-09-26T17:00:00","21.45","-128.75",,,"1","4","2","5",,,"11",,,,,,,,,,,,"8",,,,,"9","246",,,,,,,,,,,,,"237","18","798","172","7","0",,"2","1FFFFF","1AAAAAAAA1AAAA","4",,,,,
"KS1043","2021-09-26T17:00:00","23.00","-120.60",,,"1","4","0","0","3","1","1","0","40","4","46",,,,,"10182","2","16","0","232","1","215","209","3","242",,,,"A",,,,,,,"16","3","237","30","992","114","5","1","2","2","111111","11AAA111118A71",,,"3",,,"4"
"4602710","2021-09-26T18:00:00","22.10","-121.67",,,"1","4","2","5",,,"11",,,,,,,,,,,,"8",,,,,"9","254",,,,,,,,,,,,,"237","21","798","172","7","0",,"2","1FFFFF","1AAAAAAAA1AAAA","4",,,,,
"4602715","2021-09-26T18:00:00","26.47","-123.09",,,"1","4","2","5",,,"11",,,,,,,,,"10201",,,"8",,,,,"9","213",,,,,,,,,,,,,"237","63","798","172","7","0",,"2","1FFF1F","1AAAA1AAA1AAAA","4",,,,,
"4602718","2021-09-26T18:00:00","28.41","-123.02",,,"1","4","2","5",,,"11",,,,,,,,,"10192",,,"8",,,,,"9","207",,,,,,,,,,,,,"237","83","798","172","7","0",,"2","1FFF1F","1AAAA1AAA1AAAA","4",,,,,
"5102629","2021-09-26T18:00:00","21.94","-127.69",,,"1","4","2","5",,,"11",,,,,,,,,,,,"8",,,,,"9","237",,,,,,,,,,,,,"237","17","798","172","7","0",,"2","1FFFFF","1AAAAAAAA1AAAA","4",,,,,
"5301550","2021-09-26T18:00:00","21.45","-128.75",,,"1","4","2","5",,,"11",,,,,,,,,,,,"8",,,,,"9","246",,,,,,,,,,,,,"237","18","798","172","7","0",,"2","1FFFFF","1AAAAAAAA1AAAA","4",,,,,
"KS1043","2021-09-26T18:00:00","23.00","-120.60",,,"1","4","0","0","4","1","1","0","30","4","57",,,,,"10182","2","12","0","232","1","215","209","3","240",,,,"A",,,,,,,"12","3","237","30","992","114","5","1","2","2","111111","11AAA111118A71",,,"3",,,"4"
"4602715","2021-09-26T19:00:00","26.46","-123.10",,,"1","4","2","5",,,"11",,,,,,,,,"10199",,,"8",,,,,"9","214",,,,,,,,,,,,,"237","63","798","172","7","0",,"2","1FFF1F","1AAAA1AAA1AAAA","4",,,,,
"4602718","2021-09-26T19:00:00","28.41","-123.02",,,"1","4","2","5",,,"11",,,,,,,,,"10194",,,"8",,,,,"9","209",,,,,,,,,,,,,"237","83","798","172","7","0",,"2","1FFF1F","1AAAA1AAA1AAAA","4",,,,,
"5102629","2021-09-26T19:00:00","21.94","-127.69",,,"1","4","2","5",,,"11",,,,,,,,,,,,"8",,,,,"9","238",,,,,,,,,,,,,"237","17","798","172","7","0",,"2","1FFFFF","1AAAAAAAA1AAAA","4",,,,,
"5301550","2021-09-26T19:00:00","21.46","-128.75",,,"1","4","2","5",,,"11",,,,,,,,,,,,"8",,,,,"9","246",,,,,,,,,,,,,"237","18","798","172","7","0",,"2","1FFFFF","1AAAAAAAA1AAAA","4",,,,,
"KS1043","2021-09-26T19:00:00","22.90","-120.60",,,"1","4","0","0","4","1","1","0","40","4","46",,,,,"10181","2","6","0","236","1","215","207","3","240",,,,"A",,,,,,,"14","4","237","20","992","114","5","1","2","2","111111","11AAA111118A71",,,"3",,,"4"
"4602715","2021-09-26T20:00:00","26.45","-123.11",,,"1","4","2","5",,,"11",,,,,,,,,"10193",,,"8",,,,,"9","218",,,,,,,,,,,,,"237","63","798","172","7","0",,"2","1FFF1F","1AAAA1AAA1AAAA","4",,,,,
"4602718","2021-09-26T20:00:00","28.42","-123.02",,,"1","4","2","5",,,"11",,,,,,,,,"10190",,,"8",,,,,"9","210",,,,,,,,,,,,,"237","83","798","172","7","0",,"2","1FFF1F","1AAAA1AAA1AAAA","4",,,,,
"5102629","2021-09-26T20:00:00","21.94","-127.69",,,"1","4","2","5",,,"11",,,,,,,,,,,,"8",,,,,"9","240",,,,,,,,,,,,,"237","17","798","172","7","0",,"2","1FFFFF","1AAAAAAAA1AAAA","4",,,,,
"5301550","2021-09-26T20:00:00","21.47","-128.75",,,"1","4","2","5",,,"11",,,,,,,,,,,,"8",,,,,"9","247",,,,,,,,,,,,,"237","18","798","172","7","0",,"2","1FFFFF","1AAAAAAAA1AAAA","4",,,,,
"KS1043","2021-09-26T20:00:00","22.90","-120.60",,,"1","4","0","0","4","1","1","0","60","4","67",,,,,"10177","8","1","0","235","1","215","207","3","240",,,,"A",,,,,,,"16","4","237","20","992","114","5","1","2","2","111111","11AAA111118A71",,,"3",,,"4"
"4602710","2021-09-26T21:00:00","22.11","-121.68",,,"1","4","2","5",,,"11",,,,,,,,,,,,"8",,,,,"9","255",,,,,,,,,,,,,"237","21","798","172","7","0",,"2","1FFFFF","1AAAAAAAA1AAAA","4",,,,,
"4602715","2021-09-26T21:00:00","26.45","-123.12",,,"1","4","2","5",,,"11",,,,,,,,,"10185",,,"8",,,,,"9","222",,,,,,,,,,,,,"237","63","798","172","7","0",,"2","1FFF1F","1AAAA1AAA1AAAA","4",,,,,
"4602718","2021-09-26T21:00:00","28.42","-123.02",,,"1","4","2","5",,,"11",,,,,,,,,"10184",,,"8",,,,,"9","211",,,,,,,,,,,,,"237","83","798","172","7","0",,"2","1FFF1F","1AAAA1AAA1AAAA","4",,,,,
"5102629","2021-09-26T21:00:00","21.94","-127.69",,,"1","4","2","5",,,"11",,,,,,,,,,,,"8",,,,,"9","240",,,,,,,,,,,,,"237","17","798","172","7","0",,"2","1FFFFF","1AAAAAAAA1AAAA","4",,,,,
"5301550","2021-09-26T21:00:00","21.47","-128.75",,,"1","4","2","5",,,"11",,,,,,,,,,,,"8",,,,,"9","247",,,,,,,,,,,,,"237","18","798","172","7","0",,"2","1FFFFF","1AAAAAAAA1AAAA","4",,,,,
"A8PQ3","2021-09-26T21:00:00","29.90","-125.20",,,"1","6","2","5","7","3","1",,"320","4","72","1","98","2","2","10270","2","10","8","200",,"190","184","7","200","9","9","8","A","7","0",,"10","5","32","10","5","237","95","798","172","5","1","2","2","111151","11111111114111",,"5",,"2",,
"KS1043","2021-09-26T21:00:00","22.90","-120.60",,,"1","4","0","0","3","1","1","0","50","4","57",,,,,"10167","7","9","0","236","1","217","211","3","241",,,,"A",,,,,,,"16","4","237","20","992","114","5","1","2","2","111111","11AAA111118A71",,,"3",,,"4"
"4602715","2021-09-26T22:00:00","26.45","-123.12",,,"1","4","2","5",,,"11",,,,,,,,,"10181",,,"8",,,,,"9","224",,,,,,,,,,,,,"237","63","798","172","7","0",,"2","1FFF1F","1AAAA1AAA1AAAA","4",,,,,
"4602718","2021-09-26T22:00:00","28.42","-123.02",,,"1","4","2","5",,,"11",,,,,,,,,"10178",,,"8",,,,,"9","211",,,,,,,,,,,,,"237","83","798","172","7","0",,"2","1FFF1F","1AAAA1AAA1AAAA","4",,,,,
"5102629","2021-09-26T22:00:00","21.94","-127.69",,,"1","4","2","5",,,"11",,,,,,,,,,,,"8",,,,,"9","242",,,,,,,,,,,,,"237","17","798","172","7","0",,"2","1FFFFF","1AAAAAAAA1AAAA","4",,,,,
"5301550","2021-09-26T22:00:00","21.47","-128.75",,,"1","4","2","5",,,"11",,,,,,,,,,,,"8",,,,,"9","248",,,,,,,,,,,,,"237","18","798","172","7","0",,"2","1FFFFF","1AAAAAAAA1AAAA","4",,,,,
"KS1043","2021-09-26T22:00:00","22.90","-120.60",,,"1","4","0","0","4","1","1","0","40","4","62",,,,,"10162","7","17","0","236","1","217","210","3","242",,,,"A",,,,,,,"16","4","237","20","992","114","5","1","2","2","111111","11AAA111118A71",,,"3",,,"4"
"4602715","2021-09-26T23:00:00","26.45","-123.13",,,"1","4","2","5",,,"11",,,,,,,,,"10179",,,"8",,,,,"9","225",,,,,,,,,,,,,"237","63","798","172","7","0",,"2","1FFF1F","1AAAA1AAA1AAAA","4",,,,,
"4602718","2021-09-26T23:00:00","28.42","-123.02",,,"1","4","2","5",,,"11",,,,,,,,,"10176",,,"8",,,,,"9","211",,,,,,,,,,,,,"237","83","798","172","7","0",,"2","1FFF1F","1AAAA1AAA1AAAA","4",,,,,
"5102629","2021-09-26T23:00:00","21.94","-127.69",,,"1","4","2","5",,,"11",,,,,,,,,,,,"8",,,,,"9","243",,,,,,,,,,,,,"237","17","798","172","7","0",,"2","1FFFFF","1AAAAAAAA1AAAA","4",,,,,
"5301550","2021-09-26T23:00:00","21.48","-128.75",,,"1","4","2","5",,,"11",,,,,,,,,,,,"8",,,,,"9","249",,,,,,,,,,,,,"237","18","798","172","7","0",,"2","1FFFFF","1AAAAAAAA1AAAA","4",,,,,
"KS1043","2021-09-26T23:00:00","22.80","-120.50",,,"1","4","0","0","4","1","1","0","40","4","62",,,,,"10159","7","20","0","236","1","213","205","3","241",,,,"A",,,,,,,"16","4","237","20","992","114","5","1","2","2","111111","11AAA111118A71",,,"3",,,"4"
"4602710","2021-09-27T00:00:00","22.13","-121.69",,,"1","4","2","5",,,"11",,,,,,,,,,,,"8",,,,,"9","256",,,,,,,,,,,,,"237","21","798","172","7","0",,"2","1FFFFF","1AAAAAAAA1AAAA","4",,,,,
"4602715","2021-09-27T00:00:00","26.44","-123.13",,,"1","4","2","5",,,"11",,,,,,,,,"10179",,,"8",,,,,"9","225",,,,,,,,,,,,,"237","63","798","172","7","0",,"2","1FFF1F","1AAAA1AAA1AAAA","4",,,,,
"4602718","2021-09-27T00:00:00","28.42","-123.02",,,"1","4","2","5",,,"11",,,,,,,,,"10176",,,"8",,,,,"9","210",,,,,,,,,,,,,"237","83","798","172","7","0",,"2","1FFF1F","1AAAA1AAA1AAAA","4",,,,,
"5102629","2021-09-27T00:00:00","21.98","-127.71",,,"1","4","2","5",,,"11",,,,,,,,,,,,"8",,,,,"9","242",,,,,,,,,,,,,"237","17","798","172","7","0",,"2","1FFFFF","1AAAAAAAA1AAAA","4",,,,,
"5301550","2021-09-27T00:00:00","21.48","-128.74",,,"1","4","2","5",,,"11",,,,,,,,,,,,"8",,,,,"9","249",,,,,,,,,,,,,"237","18","798","172","7","0",,"2","1FFFFF","1AAAAAAAA1AAAA","4",,,,,
"KS1043","2021-09-27T00:00:00","22.80","-120.50",,,"1","4","0","0","3","1","1","0","40","4","57",,,,,"10157","7","16","0","236","1","216","209","3","240",,,,"A",,,,,,,"18","4","237","20","992","114","5","1","2","2","111111","11AAA111118A71",,,"3",,,"4"
"4602715","2021-09-27T01:00:00","26.44","-123.14",,,"1","4","2","5",,,"11",,,,,,,,,"10180",,,"8",,,,,"9","222",,,,,,,,,,,,,"237","63","798","172","7","0",,"2","1FFF1F","1AAAA1AAA1AAAA","4",,,,,
"4602718","2021-09-27T01:00:00","28.42","-123.02",,,"1","4","2","5",,,"11",,,,,,,,,"10178",,,"8",,,,,"9","210",,,,,,,,,,,,,"237","83","798","172","7","0",,"2","1FFF1F","1AAAA1AAA1AAAA","4",,,,,
"5102629","2021-09-27T01:00:00","21.98","-127.71",,,"1","4","2","5",,,"11",,,,,,,,,,,,"8",,,,,"9","242",,,,,,,,,,,,,"237","17","798","172","7","0",,"2","1FFFFF","1AAAAAAAA1AAAA","4",,,,,
"5301550","2021-09-27T01:00:00","21.48","-128.73",,,"1","4","2","5",,,"11",,,,,,,,,,,,"8",,,,,"9","249",,,,,,,,,,,,,"237","18","798","172","7","0",,"2","1FFFFF","1AAAAAAAA1AAAA","4",,,,,
"KS1043","2021-09-27T01:00:00","22.80","-120.50",,,"1","4","0","0","4","1","1","0","40","4","46",,,,,"10159","5","7","0","236","1","217","210","3","240",,,,"A",,,,,,,"18","4","237","20","992","114","5","1","2","2","111111","11AAA111118A71",,,"3",,,"4"
"4602715","2021-09-27T02:00:00","26.44","-123.15",,,"1","4","2","5",,,"11",,,,,,,,,"10184",,,"8",,,,,"9","221",,,,,,,,,,,,,"237","63","798","172","7","0",,"2","1FFF1F","1AAAA1AAA1AAAA","4",,,,,
"4602718","2021-09-27T02:00:00","28.43","-123.02",,,"1","4","2","5",,,"11",,,,,,,,,"10180",,,"8",,,,,"9","209",,,,,,,,,,,,,"237","83","798","172","7","0",,"2","1FFF1F","1AAAA1AAA1AAAA","4",,,,,
"5102629","2021-09-27T02:00:00","21.99","-127.70",,,"1","4","2","5",,,"11",,,,,,,,,,,,"8",,,,,"9","241",,,,,,,,,,,,,"237","17","798","172","7","0",,"2","1FFFFF","1AAAAAAAA1AAAA","4",,,,,
"5301550","2021-09-27T02:00:00","21.48","-128.72",,,"1","4","2","5",,,"11",,,,,,,,,,,,"8",,,,,"9","249",,,,,,,,,,,,,"237","18","798","172","7","0",,"2","1FFFFF","1AAAAAAAA1AAAA","4",,,,,
"KS1043","2021-09-27T02:00:00","22.70","-120.50",,,"1","4","0","0","3","1","1","0","40","4","51",,,,,"10160","5","2","0","236","1","216","208","3","240",,,,"A",,,,,,,"16","4","237","20","992","114","5","1","2","2","111111","11AAA111118A71",,,"3",,,"4"
"4602710","2021-09-27T03:00:00","22.13","-121.70",,,"1","4","2","5",,,"11",,,,,,,,,,,,"8",,,,,"9","255",,,,,,,,,,,,,"237","21","798","172","7","0",,"1","1FFFFF","1AAAAAAAA1AAAA","4",,,,,
"4602715","2021-09-27T03:00:00","26.44","-123.16",,,"1","4","2","5",,,"11",,,,,,,,,"10190",,,"8",,,,,"9","220",,,,,,,,,,,,,"237","63","798","172","7","0",,"1","1FFF1F","1AAAA1AAA1AAAA","4",,,,,
"4602718","2021-09-27T03:00:00","28.43","-123.01",,,"1","4","2","5",,,"11",,,,,,,,,"10184",,,"8",,,,,"9","209",,,,,,,,,,,,,"237","83","798","172","7","0",,"1","1FFF1F","1AAAA1AAA1AAAA","4",,,,,
"5102629","2021-09-27T03:00:00","21.99","-127.70",,,"1","4","2","5",,,"11",,,,,,,,,,,,"8",,,,,"9","241",,,,,,,,,,,,,"237","17","798","172","7","0",,"1","1FFFFF","1AAAAAAAA1AAAA","4",,,,,
"5301550","2021-09-27T03:00:00","21.48","-128.71",,,"1","4","2","5",,,"11",,,,,,,,,,,,"8",,,,,"9","249",,,,,,,,,,,,,"237","18","798","172","7","0",,"1","1FFFFF","1AAAAAAAA1AAAA","4",,,,,
"KS1043","2021-09-27T03:00:00","22.70","-120.50",,,"1","4","0","0","3","1","1","0","30","4","57",,,,,"10168","2","7","0","237","1","218","212","3","242",,,,"A",,,,,,,"16","4","237","20","992","114","5","1","2","1","111111","11AAA111118A71",,,"3",,,"4"
"4602715","2021-09-27T04:00:00","26.44","-123.16",,,"1","4","2","5",,,"11",,,,,,,,,"10193",,,"8",,,,,"9","218",,,,,,,,,,,,,"237","63","798","172","7","0",,"1","1FFF1F","1AAAA1AAA1AAAA","4",,,,,
"4602718","2021-09-27T04:00:00","28.43","-123.01",,,"1","4","2","5",,,"11",,,,,,,,,"10190",,,"8",,,,,"9","208",,,,,,,,,,,,,"237","83","798","172","7","0",,"1","1FFF1F","1AAAA1AAA1AAAA","4",,,,,
"5102629","2021-09-27T04:00:00","21.99","-127.70",,,"1","4","2","5",,,"11",,,,,,,,,,,,"8",,,,,"9","241",,,,,,,,,,,,,"237","17","798","172","7","0",,"1","1FFFFF","1AAAAAAAA1AAAA","4",,,,,
"5301550","2021-09-27T04:00:00","21.48","-128.70",,,"1","4","2","5",,,"11",,,,,,,,,,,,"8",,,,,"9","249",,,,,,,,,,,,,"237","18","798","172","7","0",,"1","1FFFFF","1AAAAAAAA1AAAA","4",,,,,
"KS1043","2021-09-27T04:00:00","22.70","-120.50",,,"1","4","0","0","4","1","1","0","60","4","57",,,,,"10174","2","13","0","238","1","215","206","3","243",,,,"A",,,,,,,"16","4","237","20","992","114","5","1","2","1","111111","11AAA111118A71",,,"3",,,"4"
"4602715","2021-09-27T05:00:00","26.44","-123.16",,,"1","4","2","5",,,"11",,,,,,,,,"10198",,,"8",,,,,"9","217",,,,,,,,,,,,,"237","63","798","172","7","0",,"1","1FFF1F","1AAAA1AAA1AAAA","4",,,,,
"4602718","2021-09-27T05:00:00","28.42","-123.01",,,"1","4","2","5",,,"11",,,,,,,,,"10194",,,"8",,,,,"9","208",,,,,,,,,,,,,"237","83","798","172","7","0",,"1","1FFF1F","1AAAA1AAA1AAAA","4",,,,,
"5102629","2021-09-27T05:00:00","21.99","-127.69",,,"1","4","2","5",,,"11",,,,,,,,,,,,"8",,,,,"9","241",,,,,,,,,,,,,"237","17","798","172","7","0",,"1","1FFFFF","1AAAAAAAA1AAAA","4",,,,,
"5301550","2021-09-27T05:00:00","21.47","-128.70",,,"1","4","2","5",,,"11",,,,,,,,,,,,"8",,,,,"9","249",,,,,,,,,,,,,"237","18","798","172","7","0",,"1","1FFFFF","1AAAAAAAA1AAAA","4",,,,,
"KS1043","2021-09-27T05:00:00","22.70","-120.50",,,"1","4","0","0","4","1","1","0","60","4","62",,,,,"10181","2","18","0","238","1","215","206","3","245",,,,"A",,,,,,,"16","4","237","20","992","114","5","1","2","1","111111","11AAA111118A71",,,"3",,,"4"
"4602710","2021-09-27T06:00:00","22.14","-121.71",,,"1","4","2","5",,,"11",,,,,,,,,,,,"8",,,,,"9","255",,,,,,,,,,,,,"237","21","798","172","7","0",,"1","1FFFFF","1AAAAAAAA1AAAA","4",,,,,
"4602715","2021-09-27T06:00:00","26.44","-123.17",,,"1","4","2","5",,,"11",,,,,,,,,"10202",,,"8",,,,,"9","216",,,,,,,,,,,,,"237","63","798","172","7","0",,"1","1FFF1F","1AAAA1AAA1AAAA","4",,,,,
"4602718","2021-09-27T06:00:00","28.42","-123.01",,,"1","4","2","5",,,"11",,,,,,,,,"10196",,,"8",,,,,"9","208",,,,,,,,,,,,,"237","83","798","172","7","0",,"1","1FFF1F","1AAAA1AAA1AAAA","4",,,,,
"5102629","2021-09-27T06:00:00","21.99","-127.69",,,"1","4","2","5",,,"11",,,,,,,,,,,,"8",,,,,"9","241",,,,,,,,,,,,,"237","17","798","172","7","0",,"1","1FFFFF","1AAAAAAAA1AAAA","4",,,,,
"5301550","2021-09-27T06:00:00","21.46","-128.69",,,"1","4","2","5",,,"11",,,,,,,,,,,,"8",,,,,"9","249",,,,,,,,,,,,,"237","18","798","172","7","0",,"1","1FFFFF","1AAAAAAAA1AAAA","4",,,,,
"KS1043","2021-09-27T06:00:00","22.60","-120.50",,,"1","4","0","0","3","1","1","0","40","4","57",,,,,"10181","2","19","0","238","1","212","202","3","246",,,,"A",,,,,,,"16","4","237","20","992","114","5","1","2","1","111111","11AAA111118A71",,,"3",,,"4"
"4602715","2021-09-27T07:00:00","26.44","-123.17",,,"1","4","2","5",,,"11",,,,,,,,,"10201",,,"8",,,,,"9","215",,,,,,,,,,,,,"237","63","798","172","7","0",,"1","1FFF1F","1AAAA1AAA1AAAA","4",,,,,
"4602718","2021-09-27T07:00:00","28.42","-123.01",,,"1","4","2","5",,,"11",,,,,,,,,"10195",,,"8",,,,,"9","208",,,,,,,,,,,,,"237","83","798","172","7","0",,"1","1FFF1F","1AAAA1AAA1AAAA","4",,,,,
"5102629","2021-09-27T07:00:00","21.99","-127.69",,,"1","4","2","5",,,"11",,,,,,,,,,,,"8",,,,,"9","241",,,,,,,,,,,,,"237","17","798","172","7","0",,"1","1FFFFF","1AAAAAAAA1AAAA","4",,,,,
"5301550","2021-09-27T07:00:00","21.46","-128.68",,,"1","4","2","5",,,"11",,,,,,,,,,,,"8",,,,,"9","248",,,,,,,,,,,,,"237","18","798","172","7","0",,"1","1FFFFF","1AAAAAAAA1AAAA","4",,,,,
"KS1043","2021-09-27T07:00:00","22.60","-120.50",,,"1","4","0","0","3","1","1","0","60","4","51",,,,,"10186","2","12","0","238","1","214","204","3","247",,,,"A",,,,,,,"16","4","237","20","992","114","5","1","2","1","111111","11AAA111118A71",,,"3",,,"4"
"4602715","2021-09-27T08:00:00","26.44","-123.17",,,"1","4","2","5",,,"11",,,,,,,,,"10200",,,"8",,,,,"9","215",,,,,,,,,,,,,"237","63","798","172","7","0",,"1","1FFF1F","1AAAA1AAA1AAAA","4",,,,,
"4602718","2021-09-27T08:00:00","28.42","-123.01",,,"1","4","2","5",,,"11",,,,,,,,,"10194",,,"8",,,,,"9","208",,,,,,,,,,,,,"237","83","798","172","7","0",,"1","1FFF1F","1AAAA1AAA1AAAA","4",,,,,
"5102629","2021-09-27T08:00:00","21.98","-127.69",,,"1","4","2","5",,,"11",,,,,,,,,,,,"8",,,,,"9","241",,,,,,,,,,,,,"237","17","798","172","7","0",,"1","1FFFFF","1AAAAAAAA1AAAA","4",,,,,
"5301550","2021-09-27T08:00:00","21.45","-128.68",,,"1","4","2","5",,,"11",,,,,,,,,,,,"8",,,,,"9","248",,,,,,,,,,,,,"237","18","798","172","7","0",,"1","1FFFFF","1AAAAAAAA1AAAA","4",,,,,
"KS1043","2021-09-27T08:00:00","22.60","-120.50",,,"1","4","0","0","3","1","1","0","60","4","46",,,,,"10183","2","9","0","236","1","211","202","3","250",,,,"A",,,,,,,"16","4","237","20","992","114","5","1","2","1","111111","11AAA111118A71",,,"3",,,"4"
"4602710","2021-09-27T09:00:00","22.16","-121.72",,,"1","4","2","5",,,"11",,,,,,,,,,,,"8",,,,,"9","255",,,,,,,,,,,,,"237","21","798","172","7","0",,"1","1FFFFF","1AAAAAAAA1AAAA","4",,,,,
"4602715","2021-09-27T09:00:00","26.45","-123.17",,,"1","4","2","5",,,"11",,,,,,,,,"10197",,,"8",,,,,"9","215",,,,,,,,,,,,,"237","63","798","172","7","0",,"1","1FFF1F","1AAAA1AAA1AAAA","4",,,,,
"4602718","2021-09-27T09:00:00","28.42","-123.00",,,"1","4","2","5",,,"11",,,,,,,,,"10192",,,"8",,,,,"9","208",,,,,,,,,,,,,"237","83","798","172","7","0",,"1","1FFF1F","1AAAA1AAA1AAAA","4",,,,,
"5102629","2021-09-27T09:00:00","21.98","-127.69",,,"1","4","2","5",,,"11",,,,,,,,,,,,"8",,,,,"9","240",,,,,,,,,,,,,"237","17","798","172","7","0",,"1","1FFFFF","1AAAAAAAA1AAAA","4",,,,,
"5301550","2021-09-27T09:00:00","21.44","-128.68",,,"1","4","2","5",,,"11",,,,,,,,,,,,"8",,,,,"9","248",,,,,,,,,,,,,"237","18","798","172","7","0",,"1","1FFFFF","1AAAAAAAA1AAAA","4",,,,,
"KS1043","2021-09-27T09:00:00","22.60","-120.50",,,"1","4","0","0","3","1","1","0","40","4","41",,,,,"10182","0","0","0","235","1","211","202","3","250",,,,"A",,,,,,,"16","4","237","20","992","114","5","1","2","1","111111","11AAA111118A71",,,"3",,,"4"
"KS1043","2021-09-27T10:00:00","22.60","-120.40",,,"1","4","0","0","4","1","1","0","50","4","57",,,,,"10179","8","1","0","234","1","211","202","3","251",,,,"A",,,,,,,"16","4","237","20","992","114","5","1","2","1","111111","11AAA111118A71",,,"3",,,"4"
"4602715","2021-09-27T11:00:00","26.45","-123.18",,,"1","4","2","5",,,"11",,,,,,,,,"10189",,,"8",,,,,"9","215",,,,,,,,,,,,,"237","63","798","172","7","0",,"1","1FFF1F","1AAAA1AAA1AAAA","4",,,,,
"4602718","2021-09-27T11:00:00","28.43","-122.99",,,"1","4","2","5",,,"11",,,,,,,,,"10186",,,"8",,,,,"9","207",,,,,,,,,,,,,"237","82","798","172","7","0",,"1","1FFF1F","1AAAA1AAA1AAAA","4",,,,,
"5102629","2021-09-27T11:00:00","21.99","-127.69",,,"1","4","2","5",,,"11",,,,,,,,,,,,"8",,,,,"9","240",,,,,,,,,,,,,"237","17","798","172","7","0",,"1","1FFFFF","1AAAAAAAA1AAAA","4",,,,,
"5301550","2021-09-27T11:00:00","21.42","-128.67",,,"1","4","2","5",,,"11",,,,,,,,,,,,"8",,,,,"9","248",,,,,,,,,,,,,"237","18","798","172","7","0",,"1","1FFFFF","1AAAAAAAA1AAAA","4",,,,,
"KS1043","2021-09-27T11:00:00","22.50","-120.40",,,"1","4","0","0","4","1","1","0","50","4","36",,,,,"10176","7","8","0","234","1","209","199","3","251",,,,"A",,,,,,,"16","4","237","20","992","114","5","1","2","1","111111","11AAA111118A71",,,"3",,,"4"
"4602710","2021-09-27T12:00:00","22.18","-121.73",,,"1","4","2","5",,,"11",,,,,,,,,,,,"8",,,,,"9","255",,,,,,,,,,,,,"237","21","798","172","7","0",,"1","1FFFFF","1AAAAAAAA1AAAA","4",,,,,
"4602715","2021-09-27T12:00:00","26.45","-123.18",,,"1","4","2","5",,,"11",,,,,,,,,"10190",,,"8",,,,,"9","214",,,,,,,,,,,,,"237","63","798","172","7","0",,"1","1FFF1F","1AAAA1AAA1AAAA","4",,,,,
"5102629","2021-09-27T12:00:00","21.99","-127.69",,,"1","4","2","5",,,"11",,,,,,,,,,,,"8",,,,,"9","240",,,,,,,,,,,,,"237","17","798","172","7","0",,"1","1FFFFF","1AAAAAAAA1AAAA","4",,,,,
"5301550","2021-09-27T12:00:00","21.41","-128.67",,,"1","4","2","5",,,"11",,,,,,,,,,,,"8",,,,,"9","248",,,,,,,,,,,,,"237","18","798","172","7","0",,"1","1FFFFF","1AAAAAAAA1AAAA","4",,,,,
"KS1043","2021-09-27T12:00:00","22.50","-120.40",,,"1","4","0","0","4","1","1","0","60","4","62",,,,,"10171","7","9","0","234","1","212","203","3","251",,,,"A",,,,,,,"16","4","237","20","992","114","5","1","2","1","111111","11AAA111118A71",,,"3",,,"4"
"4602718","2021-09-27T12:01:00","28.42","-122.99",,,"1","4","2","5",,,"11",,,,,,,,,"10186",,,"8",,,,,"9","208",,,,,,,,,,,,,"237","82","798","172","7","0",,"1","1FFF1F","1AAAA1AAA1AAAA","4",,,,,
"4602715","2021-09-27T13:00:00","26.45","-123.18",,,"1","4","2","5",,,"11",,,,,,,,,"10192",,,"8",,,,,"9","214",,,,,,,,,,,,,"237","63","798","172","7","0",,"1","1FFF1F","1AAAA1AAA1AAAA","4",,,,,
"4602718","2021-09-27T13:00:00","28.42","-122.99",,,"1","4","2","5",,,"11",,,,,,,,,"10187",,,"8",,,,,"9","207",,,,,,,,,,,,,"237","82","798","172","7","0",,"1","1FFF1F","1AAAA1AAA1AAAA","4",,,,,
"5102629","2021-09-27T13:00:00","21.99","-127.68",,,"1","4","2","5",,,"11",,,,,,,,,,,,"8",,,,,"9","240",,,,,,,,,,,,,"237","17","798","172","7","0",,"1","1FFFFF","1AAAAAAAA1AAAA","4",,,,,
"5301550","2021-09-27T13:00:00","21.41","-128.67",,,"1","4","2","5",,,"11",,,,,,,,,,,,"8",,,,,"9","248",,,,,,,,,,,,,"237","18","798","172","7","0",,"1","1FFFFF","1AAAAAAAA1AAAA","4",,,,,
"KS1043","2021-09-27T13:00:00","22.50","-120.40",,,"1","4","0","0","4","1","1","0","40","4","62",,,,,"10172","7","9","0","230","1","214","207","3","251",,,,"A",,,,,,,"16","4","237","20","992","114","5","1","2","1","111111","11AAA111118A71",,,"3",,,"4"
"4602715","2021-09-27T14:00:00","26.45","-123.18",,,"1","4","2","5",,,"11",,,,,,,,,"10194",,,"8",,,,,"9","214",,,,,,,,,,,,,"237","63","798","172","7","0",,"1","1FFF1F","1AAAA1AAA1AAAA","4",,,,,
"4602718","2021-09-27T14:00:00","28.42","-122.99",,,"1","4","2","5",,,"11",,,,,,,,,"10190",,,"8",,,,,"9","207",,,,,,,,,,,,,"237","82","798","172","7","0",,"1","1FFF1F","1AAAA1AAA1AAAA","4",,,,,
"5102629","2021-09-27T14:00:00","21.99","-127.68",,,"1","4","2","5",,,"11",,,,,,,,,,,,"8",,,,,"9","241",,,,,,,,,,,,,"237","17","798","172","7","0",,"1","1FFFFF","1AAAAAAAA1AAAA","4",,,,,
"5301550","2021-09-27T14:00:00","21.40","-128.67",,,"1","4","2","5",,,"11",,,,,,,,,,,,"8",,,,,"9","248",,,,,,,,,,,,,"237","18","798","172","7","0",,"1","1FFFFF","1AAAAAAAA1AAAA","4",,,,,
"KS1043","2021-09-27T14:00:00","22.50","-120.40",,,"1","4","0","0","4","1","1","0","40","4","57",,,,,"10176","5","3","0","228","1","215","210","3","251",,,,"A",,,,,,,"16","4","237","20","992","114","5","1","2","2","111111","11AAA111118A71",,,"3",,,"4"
"4602710","2021-09-27T15:00:00","22.19","-121.74",,,"1","4","2","5",,,"11",,,,,,,,,,,,"8",,,,,"9","255",,,,,,,,,,,,,"237","21","798","172","7","0",,"2","1FFFFF","1AAAAAAAA1AAAA","4",,,,,
"4602715","2021-09-27T15:00:00","26.44","-123.17",,,"1","4","2","5",,,"11",,,,,,,,,"10200",,,"8",,,,,"9","214",,,,,,,,,,,,,"237","63","798","172","7","0",,"2","1FFF1F","1AAAA1AAA1AAAA","4",,,,,
"4602718","2021-09-27T15:00:00","28.42","-122.99",,,"1","4","2","5",,,"11",,,,,,,,,"10195",,,"8",,,,,"9","208",,,,,,,,,,,,,"237","82","798","172","7","0",,"2","1FFF1F","1AAAA1AAA1AAAA","4",,,,,
"5102629","2021-09-27T15:00:00","21.99","-127.68",,,"1","4","2","5",,,"11",,,,,,,,,,,,"8",,,,,"9","241",,,,,,,,,,,,,"237","17","798","172","7","0",,"2","1FFFFF","1AAAAAAAA1AAAA","4",,,,,
"5301550","2021-09-27T15:00:00","21.40","-128.66",,,"1","4","2","5",,,"11",,,,,,,,,,,,"8",,,,,"9","249",,,,,,,,,,,,,"237","18","798","172","7","0",,"2","1FFFFF","1AAAAAAAA1AAAA","4",,,,,
"KS1043","2021-09-27T15:00:00","22.40","-120.40",,,"1","4","0","0","3","1","1","0","50","4","62",,,,,"10179","3","3","0","229","1","212","206","3","251",,,,"A",,,,,,,"16","4","237","20","992","114","5","1","2","2","111111","11AAA111118A71",,,"3",,,"4"
"4602715","2021-09-27T16:00:00","26.44","-123.17",,,"1","4","2","5",,,"11",,,,,,,,,"10203",,,"8",,,,,"9","214",,,,,,,,,,,,,"237","63","798","172","7","0",,"2","1FFF1F","1AAAA1AAA1AAAA","4",,,,,
"4602718","2021-09-27T16:00:00","28.41","-122.99",,,"1","4","2","5",,,"11",,,,,,,,,"10200",,,"8",,,,,"9","207",,,,,,,,,,,,,"237","82","798","172","7","0",,"2","1FFF1F","1AAAA1AAA1AAAA","4",,,,,
"5102629","2021-09-27T16:00:00","21.99","-127.67",,,"1","4","2","5",,,"11",,,,,,,,,,,,"8",,,,,"9","241",,,,,,,,,,,,,"237","17","798","172","7","0",,"2","1FFFFF","1AAAAAAAA1AAAA","4",,,,,
"5301550","2021-09-27T16:00:00","21.39","-128.66",,,"1","4","2","5",,,"11",,,,,,,,,,,,"8",,,,,"9","249",,,,,,,,,,,,,"237","18","798","172","7","0",,"2","1FFFFF","1AAAAAAAA1AAAA","4",,,,,
"KS1043","2021-09-27T16:00:00","22.40","-120.40",,,"1","4","0","0","3","1","1","0","40","4","41",,,,,"10186","2","8","0","230","1","214","209","3","251",,,,"A",,,,,,,"16","4","237","20","992","114","5","1","2","2","111111","11AAA111118A71",,,"3",,,"4"
"4602715","2021-09-27T17:00:00","26.43","-123.16",,,"1","4","2","5",,,"11",,,,,,,,,"10208",,,"8",,,,,"9","214",,,,,,,,,,,,,"237","63","798","172","7","0",,"2","1FFF1F","1AAAA1AAA1AAAA","4",,,,,
"4602718","2021-09-27T17:00:00","28.41","-122.99",,,"1","4","2","5",,,"11",,,,,,,,,"10205",,,"8",,,,,"9","208",,,,,,,,,,,,,"237","82","798","172","7","0",,"2","1FFF1F","1AAAA1AAA1AAAA","4",,,,,
"5102629","2021-09-27T17:00:00","21.99","-127.67",,,"1","4","2","5",,,"11",,,,,,,,,,,,"8",,,,,"9","242",,,,,,,,,,,,,"237","17","798","172","7","0",,"2","1FFFFF","1AAAAAAAA1AAAA","4",,,,,
"5301550","2021-09-27T17:00:00","21.39","-128.66",,,"1","4","2","5",,,"11",,,,,,,,,,,,"8",,,,,"9","249",,,,,,,,,,,,,"237","18","798","172","7","0",,"2","1FFFFF","1AAAAAAAA1AAAA","4",,,,,
"KS1043","2021-09-27T17:00:00","22.40","-120.40",,,"1","4","0","0","3","1","1","0","50","4","51",,,,,"10188","2","12","0","236","1","210","200","3","251",,,,"A",,,,,,,"16","4","237","20","992","114","5","1","2","2","111111","11AAA111118A71",,,"3",,,"4"
"4602710","2021-09-27T18:00:00","22.21","-121.74",,,"1","4","2","5",,,"11",,,,,,,,,,,,"8",,,,,"9","255",,,,,,,,,,,,,"237","21","798","172","7","0",,"2","1FFFFF","1AAAAAAAA1AAAA","4",,,,,
"4602715","2021-09-27T18:00:00","26.42","-123.16",,,"1","4","2","5",,,"11",,,,,,,,,"10207",,,"8",,,,,"9","214",,,,,,,,,,,,,"237","63","798","172","7","0",,"2","1FFF1F","1AAAA1AAA1AAAA","4",,,,,
"4602718","2021-09-27T18:00:00","28.41","-122.99",,,"1","4","2","5",,,"11",,,,,,,,,"10205",,,"8",,,,,"9","208",,,,,,,,,,,,,"237","82","798","172","7","0",,"2","1FFF1F","1AAAA1AAA1AAAA","4",,,,,
"5102629","2021-09-27T18:00:00","21.99","-127.67",,,"1","4","2","5",,,"11",,,,,,,,,,,,"8",,,,,"9","242",,,,,,,,,,,,,"237","17","798","172","7","0",,"2","1FFFFF","1AAAAAAAA1AAAA","4",,,,,
"5301550","2021-09-27T18:00:00","21.38","-128.66",,,"1","4","2","5",,,"11",,,,,,,,,,,,"8",,,,,"9","250",,,,,,,,,,,,,"237","18","798","172","7","0",,"2","1FFFFF","1AAAAAAAA1AAAA","4",,,,,
"KS1043","2021-09-27T18:00:00","22.40","-120.40",,,"1","4","0","0","4","1","1","0","30","4","51",,,,,"10190","2","12","0","232","1","213","206","3","251",,,,"A",,,,,,,"16","4","237","20","992","114","5","1","2","2","111111","11AAA111118A71",,,"3",,,"4"
"4602715","2021-09-27T19:00:00","26.41","-123.17",,,"1","4","2","5",,,"11",,,,,,,,,"10207",,,"8",,,,,"9","215",,,,,,,,,,,,,"237","63","798","172","7","0",,"2","1FFF1F","1AAAA1AAA1AAAA","4",,,,,
"4602718","2021-09-27T19:00:00","28.40","-122.99",,,"1","4","2","5",,,"11",,,,,,,,,"10202",,,"8",,,,,"9","208",,,,,,,,,,,,,"237","82","798","172","7","0",,"2","1FFF1F","1AAAA1AAA1AAAA","4",,,,,
"5102629","2021-09-27T19:00:00","21.99","-127.67",,,"1","4","2","5",,,"11",,,,,,,,,,,,"8",,,,,"9","243",,,,,,,,,,,,,"237","17","798","172","7","0",,"2","1FFFFF","1AAAAAAAA1AAAA","4",,,,,
"5301550","2021-09-27T19:00:00","21.38","-128.66",,,"1","4","2","5",,,"11",,,,,,,,,,,,"8",,,,,"9","250",,,,,,,,,,,,,"237","18","798","172","7","0",,"2","1FFFFF","1AAAAAAAA1AAAA","4",,,,,
"KS1043","2021-09-27T19:00:00","22.30","-120.40",,,"1","4","0","0","4","1","1","0","20","4","46",,,,,"10189","2","9","0","238","1","215","207","3","252",,,,"A",,,,,,,"16","4","237","20","992","114","5","1","2","2","111111","11AAA111118A71",,,"3",,,"4"
"4602715","2021-09-27T20:00:00","26.40","-123.17",,,"1","4","2","5",,,"11",,,,,,,,,"10205",,,"8",,,,,"9","216",,,,,,,,,,,,,"237","63","798","172","7","0",,"2","1FFF1F","1AAAA1AAA1AAAA","4",,,,,
"4602718","2021-09-27T20:00:00","28.41","-123.00",,,"1","4","2","5",,,"11",,,,,,,,,"10201",,,"8",,,,,"9","208",,,,,,,,,,,,,"237","83","798","172","7","0",,"2","1FFF1F","1AAAA1AAA1AAAA","4",,,,,
"5102629","2021-09-27T20:00:00","21.99","-127.67",,,"1","4","2","5",,,"11",,,,,,,,,,,,"8",,,,,"9","243",,,,,,,,,,,,,"237","17","798","172","7","0",,"2","1FFFFF","1AAAAAAAA1AAAA","4",,,,,
"5301550","2021-09-27T20:00:00","21.38","-128.66",,,"1","4","2","5",,,"11",,,,,,,,,,,,"8",,,,,"9","251",,,,,,,,,,,,,"237","18","798","172","7","0",,"2","1FFFFF","1AAAAAAAA1AAAA","4",,,,,
"KS1043","2021-09-27T20:00:00","22.30","-120.40",,,"1","4","0","0","3","1","1","0","40","4","57",,,,,"10185","0","0","0","236","1","216","208","3","251",,,,"A",,,,,,,"14","3","237","20","992","114","5","1","2","2","111111","11AAA111118A71",,,"3",,,"4"
"4602710","2021-09-27T21:00:00","22.22","-121.75",,,"1","4","2","5",,,"11",,,,,,,,,,,,"8",,,,,"9","256",,,,,,,,,,,,,"237","21","798","172","7","0",,"2","1FFFFF","1AAAAAAAA1AAAA","4",,,,,
"4602715","2021-09-27T21:00:00","26.40","-123.17",,,"1","4","2","5",,,"11",,,,,,,,,"10198",,,"8",,,,,"9","216",,,,,,,,,,,,,"237","63","798","172","7","0",,"2","1FFF1F","1AAAA1AAA1AAAA","4",,,,,
"4602718","2021-09-27T21:00:00","28.41","-123.00",,,"1","4","2","5",,,"11",,,,,,,,,"10197",,,"8",,,,,"9","208",,,,,,,,,,,,,"237","83","798","172","7","0",,"2","1FFF1F","1AAAA1AAA1AAAA","4",,,,,
"5102629","2021-09-27T21:00:00","21.98","-127.69",,,"1","4","2","5",,,"11",,,,,,,,,,,,"8",,,,,"9","244",,,,,,,,,,,,,"237","17","798","172","7","0",,"2","1FFFFF","1AAAAAAAA1AAAA","4",,,,,
"5301550","2021-09-27T21:00:00","21.37","-128.66",,,"1","4","2","5",,,"11",,,,,,,,,,,,"8",,,,,"9","252",,,,,,,,,,,,,"237","18","798","172","7","0",,"2","1FFFFF","1AAAAAAAA1AAAA","4",,,,,
"KS1043","2021-09-27T21:00:00","22.30","-120.30",,,"1","4","0","0","3","1","1","0","30","4","57",,,,,"10179","8","7","0","235","1","214","206","3","253",,,,"A",,,,,,,"16","4","237","20","992","114","5","1","2","2","111111","11AAA111118A71",,,"3",,,"4"
"4602715","2021-09-27T22:00:00","26.39","-123.18",,,"1","4","2","5",,,"11",,,,,,,,,"10194",,,"8",,,,,"9","216",,,,,,,,,,,,,"237","63","798","172","7","0",,"2","1FFF1F","1AAAA1AAA1AAAA","4",,,,,
"4602718","2021-09-27T22:00:00","28.41","-123.00",,,"1","4","2","5",,,"11",,,,,,,,,"10190",,,"8",,,,,"9","208",,,,,,,,,,,,,"237","83","798","172","7","0",,"2","1FFF1F","1AAAA1AAA1AAAA","4",,,,,
"5102629","2021-09-27T22:00:00","21.98","-127.69",,,"1","4","2","5",,,"11",,,,,,,,,,,,"8",,,,,"9","244",,,,,,,,,,,,,"237","17","798","172","7","0",,"2","1FFFFF","1AAAAAAAA1AAAA","4",,,,,
"5301550","2021-09-27T22:00:00","21.37","-128.66",,,"1","4","2","5",,,"11",,,,,,,,,,,,"8",,,,,"9","252",,,,,,,,,,,,,"237","18","798","172","7","0",,"2","1FFFFF","1AAAAAAAA1AAAA","4",,,,,
"KS1043","2021-09-27T22:00:00","22.30","-120.30",,,"1","4","0","0","4","1","1","0","30","4","67",,,,,"10173","7","14","0","237","1","217","209","3","254",,,,"A",,,,,,,"16","4","237","20","992","114","5","1","2","2","111111","11AAA111118A71",,,"3",,,"4"
"4602715","2021-09-27T23:00:00","26.38","-123.19",,,"1","4","2","5",,,"11",,,,,,,,,"10191",,,"8",,,,,"9","216",,,,,,,,,,,,,"237","63","798","172","7","0",,"2","1FFF1F","1AAAA1AAA1AAAA","4",,,,,
"5102629","2021-09-27T23:00:00","21.98","-127.70",,,"1","4","2","5",,,"11",,,,,,,,,,,,"8",,,,,"9","244",,,,,,,,,,,,,"237","17","798","172","7","0",,"2","1FFFFF","1AAAAAAAA1AAAA","4",,,,,
"5301550","2021-09-27T23:00:00","21.37","-128.66",,,"1","4","2","5",,,"11",,,,,,,,,,,,"8",,,,,"9","253",,,,,,,,,,,,,"237","18","798","172","7","0",,"2","1FFFFF","1AAAAAAAA1AAAA","4",,,,,
"KS1043","2021-09-27T23:00:00","22.20","-120.30",,,"1","4","0","0","3","1","1","0","30","4","67",,,,,"10167","7","17","0","234","1","216","209","3","253",,,,"A",,,,,,,"14","4","237","20","992","114","5","1","2","2","111111","11AAA111118A71",,,"3",,,"4"
"4602718","2021-09-27T23:01:00","28.41","-123.00",,,"1","4","2","5",,,"11",,,,,,,,,"10187",,,"8",,,,,"9","208",,,,,,,,,,,,,"237","83","798","172","7","0",,"2","1FFF1F","1AAAA1AAA1AAAA","4",,,,,
"4602710","2021-09-28T00:00:00","22.23","-121.76",,,"1","4","2","5",,,"11",,,,,,,,,,,,"8",,,,,"9","257",,,,,,,,,,,,,"237","21","798","172","7","0",,"2","1FFFFF","1AAAAAAAA1AAAA","4",,,,,
"4602715","2021-09-28T00:00:00","26.38","-123.20",,,"1","4","2","5",,,"11",,,,,,,,,"10190",,,"8",,,,,"9","216",,,,,,,,,,,,,"237","63","798","172","7","0",,"2","1FFF1F","1AAAA1AAA1AAAA","4",,,,,
"4602718","2021-09-28T00:00:00","28.41","-123.00",,,"1","4","2","5",,,"11",,,,,,,,,"10187",,,"8",,,,,"9","208",,,,,,,,,,,,,"237","83","798","172","7","0",,"2","1FFF1F","1AAAA1AAA1AAAA","4",,,,,
"5102629","2021-09-28T00:00:00","21.98","-127.70",,,"1","4","2","5",,,"11",,,,,,,,,,,,"8",,,,,"9","244",,,,,,,,,,,,,"237","17","798","172","7","0",,"2","1FFFFF","1AAAAAAAA1AAAA","4",,,,,
"5301550","2021-09-28T00:00:00","21.37","-128.66",,,"1","4","2","5",,,"11",,,,,,,,,,,,"8",,,,,"9","253",,,,,,,,,,,,,"237","18","798","172","7","0",,"2","1FFFFF","1AAAAAAAA1AAAA","4",,,,,
"KS1043","2021-09-28T00:00:00","22.20","-120.30",,,"1","4","0","0","3","1","1","0","40","4","72",,,,,"10167","7","16","0","235","1","215","208","3","253",,,,"A",,,,,,,"16","4","237","20","992","114","5","1","2","2","111111","11AAA111118A71",,,"3",,,"4"
"WLPI","2021-09-28T00:00:00","29.80","-129.50",,,"1","6","2","5","2","4","1",,"360","4","57","1","98","2","0","10224","0","7","8","210",,"170","146","1",,"1","0","1","1","0","0","0","0","0","35","6","2","237","99","798","172","5","1","2","2","611111","11111111161111",,"5",,"0",,
"4602715","2021-09-28T01:00:00","26.37","-123.21",,,"1","4","2","5",,,"11",,,,,,,,,"10190",,,"8",,,,,"9","215",,,,,,,,,,,,,"237","63","798","172","7","0",,"2","1FFF1F","1AAAA1AAA1AAAA","4",,,,,
"4602718","2021-09-28T01:00:00","28.41","-123.00",,,"1","4","2","5",,,"11",,,,,,,,,"10187",,,"8",,,,,"9","208",,,,,,,,,,,,,"237","83","798","172","7","0",,"2","1FFF1F","1AAAA1AAA1AAAA","4",,,,,
"5102629","2021-09-28T01:00:00","21.99","-127.70",,,"1","4","2","5",,,"11",,,,,,,,,,,,"8",,,,,"9","244",,,,,,,,,,,,,"237","17","798","172","7","0",,"2","1FFFFF","1AAAAAAAA1AAAA","4",,,,,
"5301550","2021-09-28T01:00:00","21.36","-128.65",,,"1","4","2","5",,,"11",,,,,,,,,,,,"8",,,,,"9","253",,,,,,,,,,,,,"237","18","798","172","7","0",,"2","1FFFFF","1AAAAAAAA1AAAA","4",,,,,
"KS1043","2021-09-28T01:00:00","22.20","-120.30",,,"1","4","0","0","4","1","1","0","30","4","62",,,,,"10168","7","10","0","233","1","216","210","3","253",,,,"A",,,,,,,"14","4","237","20","992","114","5","1","2","2","111111","11AAA111118A71",,,"3",,,"4"
"VRJT8","2021-09-28T01:00:00","26.50","-122.90",,,"1","6","2","5","7","4","1",,"340","4","77","1","98","3",,"10186","4","0","8","210",,"180","160","1","221","7","4","5","5","5","2",,"12","2","32","15","3","237","62","798","172","5","1","2","2","111111","1111A111111111",,"5",,,,
"4602715","2021-09-28T02:00:00","26.37","-123.22",,,"1","4","2","5",,,"11",,,,,,,,,"10189",,,"8",,,,,"9","215",,,,,,,,,,,,,"237","63","798","172","7","0",,"2","1FFF1F","1AAAA1AAA1AAAA","4",,,,,
"4602718","2021-09-28T02:00:00","28.42","-123.00",,,"1","4","2","5",,,"11",,,,,,,,,"10188",,,"8",,,,,"9","208",,,,,,,,,,,,,"237","83","798","172","7","0",,"2","1FFF1F","1AAAA1AAA1AAAA","4",,,,,
"5102629","2021-09-28T02:00:00","21.99","-127.70",,,"1","4","2","5",,,"11",,,,,,,,,,,,"8",,,,,"9","243",,,,,,,,,,,,,"237","17","798","172","7","0",,"2","1FFFFF","1AAAAAAAA1AAAA","4",,,,,
"5301550","2021-09-28T02:00:00","21.36","-128.65",,,"1","4","2","5",,,"11",,,,,,,,,,,,"8",,,,,"9","253",,,,,,,,,,,,,"237","18","798","172","7","0",,"2","1FFFFF","1AAAAAAAA1AAAA","4",,,,,
"KS1043","2021-09-28T02:00:00","22.10","-120.30",,,"1","4","0","0","4","1","1","0","20","4","67",,,,,"10171","5","1","0","236","1","215","207","3","253",,,,"A",,,,,,,"14","4","237","20","992","114","5","1","2","2","111111","11AAA111118A71",,,"3",,,"4"
"4602710","2021-09-28T03:00:00","22.23","-121.77",,,"1","4","2","5",,,"11",,,,,,,,,,,,"8",,,,,"9","255",,,,,,,,,,,,,"237","21","798","172","7","0",,"1","1FFFFF","1AAAAAAAA1AAAA","4",,,,,
"4602715","2021-09-28T03:00:00","26.37","-123.23",,,"1","4","2","5",,,"11",,,,,,,,,"10193",,,"8",,,,,"9","215",,,,,,,,,,,,,"237","63","798","172","7","0",,"1","1FFF1F","1AAAA1AAA1AAAA","4",,,,,
"4602718","2021-09-28T03:00:00","28.42","-123.00",,,"1","4","2","5",,,"11",,,,,,,,,"10191",,,"8",,,,,"9","208",,,,,,,,,,,,,"237","83","798","172","7","0",,"1","1FFF1F","1AAAA1AAA1AAAA","4",,,,,
"5102629","2021-09-28T03:00:00","21.99","-127.70",,,"1","4","2","5",,,"11",,,,,,,,,,,,"8",,,,,"9","243",,,,,,,,,,,,,"237","17","798","172","7","0",,"1","1FFFFF","1AAAAAAAA1AAAA","4",,,,,
"5301550","2021-09-28T03:00:00","21.35","-128.65",,,"1","4","2","5",,,"11",,,,,,,,,,,,"8",,,,,"9","252",,,,,,,,,,,,,"237","18","798","172","7","0",,"1","1FFFFF","1AAAAAAAA1AAAA","4",,,,,
"KS1043","2021-09-28T03:00:00","22.10","-120.30",,,"1","4","0","0","4","1","1","0","30","4","57",,,,,"10174","2","6","0","232","1","215","208","3","253",,,,"A",,,,,,,"14","4","237","20","992","114","5","1","2","1","111111","11AAA111118A71",,,"3",,,"4"
"4602715","2021-09-28T04:00:00","26.36","-123.23",,,"1","4","2","5",,,"11",,,,,,,,,"10199",,,"8",,,,,"9","214",,,,,,,,,,,,,"237","63","798","172","7","0",,"1","1FFF1F","1AAAA1AAA1AAAA","4",,,,,
"4602718","2021-09-28T04:00:00","28.42","-122.99",,,"1","4","2","5",,,"11",,,,,,,,,"10195",,,"8",,,,,"9","208",,,,,,,,,,,,,"237","82","798","172","7","0",,"1","1FFF1F","1AAAA1AAA1AAAA","4",,,,,
"5102629","2021-09-28T04:00:00","21.99","-127.70",,,"1","4","2","5",,,"11",,,,,,,,,,,,"8",,,,,"9","243",,,,,,,,,,,,,"237","17","798","172","7","0",,"1","1FFFFF","1AAAAAAAA1AAAA","4",,,,,
"5301550","2021-09-28T04:00:00","21.35","-128.64",,,"1","4","2","5",,,"11",,,,,,,,,,,,"8",,,,,"9","252",,,,,,,,,,,,,"237","18","798","172","7","0",,"1","1FFFFF","1AAAAAAAA1AAAA","4",,,,,
"KS1043","2021-09-28T04:00:00","22.10","-120.30",,,"1","4","0","0","4","1","1","0","40","4","77",,,,,"10180","2","10","0","233","1","218","212","3","253",,,,"A",,,,,,,"14","3","237","20","992","114","5","1","2","1","111111","11AAA111118A71",,,"3",,,"4"
"4602715","2021-09-28T05:00:00","26.37","-123.24",,,"1","4","2","5",,,"11",,,,,,,,,"10201",,,"8",,,,,"9","214",,,,,,,,,,,,,"237","63","798","172","7","0",,"1","1FFF1F","1AAAA1AAA1AAAA","4",,,,,
"4602718","2021-09-28T05:00:00","28.41","-122.99",,,"1","4","2","5",,,"11",,,,,,,,,"10197",,,"8",,,,,"9","208",,,,,,,,,,,,,"237","82","798","172","7","0",,"1","1FFF1F","1AAAA1AAA1AAAA","4",,,,,
"5102629","2021-09-28T05:00:00","22.00","-127.70",,,"1","4","2","5",,,"11",,,,,,,,,,,,"8",,,,,"9","243",,,,,,,,,,,,,"237","27","798","172","7","0",,"1","1FFFFF","1AAAAAAAA1AAAA","4",,,,,
"5301550","2021-09-28T05:00:00","21.35","-128.64",,,"1","4","2","5",,,"11",,,,,,,,,,,,"8",,,,,"9","253",,,,,,,,,,,,,"237","18","798","172","7","0",,"1","1FFFFF","1AAAAAAAA1AAAA","4",,,,,
"KS1043","2021-09-28T05:00:00","22.10","-120.20",,,"1","4","0","0","4","1","1","0","20","4","57",,,,,"10184","2","12","0","224","1","217","214","3","252",,,,"A",,,,,,,"14","4","237","20","992","114","5","1","2","1","111111","11AAA111118A71",,,"3",,,"4"
"4602710","2021-09-28T06:00:00","22.23","-121.78",,,"1","4","2","5",,,"11",,,,,,,,,,,,"8",,,,,"9","255",,,,,,,,,,,,,"237","21","798","172","7","0",,"1","1FFFFF","1AAAAAAAA1AAAA","4",,,,,
"4602715","2021-09-28T06:00:00","26.37","-123.25",,,"1","4","2","5",,,"11",,,,,,,,,"10201",,,"8",,,,,"9","214",,,,,,,,,,,,,"237","63","798","172","7","0",,"1","1FFF1F","1AAAA1AAA1AAAA","4",,,,,
"4602718","2021-09-28T06:00:00","28.41","-122.99",,,"1","4","2","5",,,"11",,,,,,,,,"10198",,,"8",,,,,"9","208",,,,,,,,,,,,,"237","82","798","172","7","0",,"1","1FFF1F","1AAAA1AAA1AAAA","4",,,,,
"5102629","2021-09-28T06:00:00","22.00","-127.70",,,"1","4","2","5",,,"11",,,,,,,,,,,,"8",,,,,"9","243",,,,,,,,,,,,,"237","27","798","172","7","0",,"1","1FFFFF","1AAAAAAAA1AAAA","4",,,,,
"5301550","2021-09-28T06:00:00","21.35","-128.63",,,"1","4","2","5",,,"11",,,,,,,,,,,,"8",,,,,"9","252",,,,,,,,,,,,,"237","18","798","172","7","0",,"1","1FFFFF","1AAAAAAAA1AAAA","4",,,,,
"KS1043","2021-09-28T06:00:00","22.00","-120.20",,,"1","4","0","0","4","1","1","0","20","4","57",,,,,"10185","2","13","0","232","1","220","216","3","250",,,,"A",,,,,,,"14","4","237","20","992","114","5","1","2","1","111111","11AAA111118A71",,,"3",,,"4"
"4602715","2021-09-28T07:00:00","26.37","-123.26",,,"1","4","2","5",,,"11",,,,,,,,,"10200",,,"8",,,,,"9","214",,,,,,,,,,,,,"237","63","798","172","7","0",,"1","1FFF1F","1AAAA1AAA1AAAA","4",,,,,
"4602718","2021-09-28T07:00:00","28.41","-123.00",,,"1","4","2","5",,,"11",,,,,,,,,"10197",,,"8",,,,,"9","208",,,,,,,,,,,,,"237","83","798","172","7","0",,"1","1FFF1F","1AAAA1AAA1AAAA","4",,,,,
"5102629","2021-09-28T07:00:00","22.00","-127.70",,,"1","4","2","5",,,"11",,,,,,,,,,,,"8",,,,,"9","243",,,,,,,,,,,,,"237","27","798","172","7","0",,"1","1FFFFF","1AAAAAAAA1AAAA","4",,,,,
"5301550","2021-09-28T07:00:00","21.35","-128.62",,,"1","4","2","5",,,"11",,,,,,,,,,,,"8",,,,,"9","252",,,,,,,,,,,,,"237","18","798","172","7","0",,"1","1FFFFF","1AAAAAAAA1AAAA","4",,,,,
"KS1043","2021-09-28T07:00:00","22.00","-120.20",,,"1","4","0","0","4","1","1","0","30","4","72",,,,,"10183","0","9","0","227","1","216","212","3","249",,,,"A",,,,,,,"14","4","237","20","992","114","5","1","2","1","111111","11AAA111118A71",,,"3",,,"4"
"4602715","2021-09-28T08:00:00","26.37","-123.26",,,"1","4","2","5",,,"11",,,,,,,,,"10197",,,"8",,,,,"9","214",,,,,,,,,,,,,"237","63","798","172","7","0",,"1","1FFF1F","1AAAA1AAA1AAAA","4",,,,,
"4602718","2021-09-28T08:00:00","28.41","-122.99",,,"1","4","2","5",,,"11",,,,,,,,,"10194",,,"8",,,,,"9","208",,,,,,,,,,,,,"237","82","798","172","7","0",,"1","1FFF1F","1AAAA1AAA1AAAA","4",,,,,
"5102629","2021-09-28T08:00:00","22.00","-127.70",,,"1","4","2","5",,,"11",,,,,,,,,,,,"8",,,,,"9","243",,,,,,,,,,,,,"237","27","798","172","7","0",,"1","1FFFFF","1AAAAAAAA1AAAA","4",,,,,
"5301550","2021-09-28T08:00:00","21.35","-128.62",,,"1","4","2","5",,,"11",,,,,,,,,,,,"8",,,,,"9","253",,,,,,,,,,,,,"237","18","798","172","7","0",,"1","1FFFFF","1AAAAAAAA1AAAA","4",,,,,
"KS1043","2021-09-28T08:00:00","22.00","-120.20",,,"1","4","0","0","4","1","1","0","40","4","67",,,,,"10180","0","1","0","234","1","214","207","3","249",,,,"A",,,,,,,"14","4","237","20","992","114","5","1","2","1","111111","11AAA111118A71",,,"3",,,"4"
"4602710","2021-09-28T09:00:00","22.23","-121.79",,,"1","4","2","5",,,"11",,,,,,,,,,,,"8",,,,,"9","255",,,,,,,,,,,,,"237","21","798","172","7","0",,"1","1FFFFF","1AAAAAAAA1AAAA","4",,,,,
"4602715","2021-09-28T09:00:00","26.38","-123.27",,,"1","4","2","5",,,"11",,,,,,,,,"10192",,,"8",,,,,"9","214",,,,,,,,,,,,,"237","63","798","172","7","0",,"1","1FFF1F","1AAAA1AAA1AAAA","4",,,,,
"4602718","2021-09-28T09:00:00","28.42","-122.99",,,"1","4","2","5",,,"11",,,,,,,,,"10195",,,"8",,,,,"9","208",,,,,,,,,,,,,"237","82","798","172","7","0",,"1","1FFF1F","1AAAA1AAA1AAAA","4",,,,,
"5102629","2021-09-28T09:00:00","22.00","-127.70",,,"1","4","2","5",,,"11",,,,,,,,,,,,"8",,,,,"9","242",,,,,,,,,,,,,"237","27","798","172","7","0",,"1","1FFFFF","1AAAAAAAA1AAAA","4",,,,,
"5301550","2021-09-28T09:00:00","21.34","-128.61",,,"1","4","2","5",,,"11",,,,,,,,,,,,"8",,,,,"9","252",,,,,,,,,,,,,"237","18","798","172","7","0",,"1","1FFFFF","1AAAAAAAA1AAAA","4",,,,,
"KS1043","2021-09-28T09:00:00","21.90","-120.20",,,"1","4","0","0","4","1","1","0","30","4","62",,,,,"10173","7","9","0","234","1","216","208","3","249",,,,"A",,,,,,,"14","4","237","10","992","114","5","1","2","1","111111","11AAA111118A71",,,"3",,,"4"
"KS1043","2021-09-28T10:00:00","21.90","-120.20",,,"1","4","0","0","4","1","1","0","20","4","72",,,,,"10166","7","15","0","236","1","215","207","3","251",,,,"A",,,,,,,"14","4","237","10","992","114","5","1","2","1","111111","11AAA111118A71",,,"3",,,"4"
"KS1043","2021-09-28T11:00:00","21.90","-120.20",,,"1","4","0","0","4","1","1","0","20","4","72",,,,,"10160","7","20","0","234","1","213","205","3","251",,,,"A",,,,,,,"14","4","237","10","992","114","5","1","2","1","111111","11AAA111118A71",,,"3",,,"4"
"4602710","2021-09-28T12:00:00","22.23","-121.80",,,"1","4","2","5",,,"11",,,,,,,,,,,,"8",,,,,"9","255",,,,,,,,,,,,,"237","21","798","172","7","0",,"1","1FFFFF","1AAAAAAAA1AAAA","4",,,,,
"4602715","2021-09-28T12:00:00","26.38","-123.26",,,"1","4","2","5",,,"11",,,,,,,,,"10184",,,"8",,,,,"9","213",,,,,,,,,,,,,"237","63","798","172","7","0",,"1","1FFF1F","1AAAA1AAA1AAAA","4",,,,,
"5102629","2021-09-28T12:00:00","22.01","-127.70",,,"1","4","2","5",,,"11",,,,,,,,,,,,"8",,,,,"9","242",,,,,,,,,,,,,"237","27","798","172","7","0",,"1","1FFFFF","1AAAAAAAA1AAAA","4",,,,,
"5301550","2021-09-28T12:00:00","21.32","-128.59",,,"1","4","2","5",,,"11",,,,,,,,,,,,"8",,,,,"9","252",,,,,,,,,,,,,"237","18","798","172","7","0",,"1","1FFFFF","1AAAAAAAA1AAAA","4",,,,,
"KS1043","2021-09-28T12:00:00","21.80","-120.20",,,"1","4","0","0","3","1","1","0","10","4","67",,,,,"10158","7","18","0","232","1","211","204","3","252",,,,"A",,,,,,,"14","4","237","10","992","114","5","1","2","1","111111","11AAA111118A71",,,"3",,,"4"
"4602718","2021-09-28T12:02:00","28.42","-122.99",,,"1","4","2","5",,,"11",,,,,,,,,"10184",,,"8",,,,,"9","208",,,,,,,,,,,,,"237","82","798","172","7","0",,"1","1FFF1F","1AAAA1AAA1AAAA","4",,,,,
"4602715","2021-09-28T13:00:00","26.38","-123.26",,,"1","4","2","5",,,"11",,,,,,,,,"10182",,,"8",,,,,"9","213",,,,,,,,,,,,,"237","63","798","172","7","0",,"1","1FFF1F","1AAAA1AAA1AAAA","4",,,,,
"4602718","2021-09-28T13:00:00","28.42","-122.98",,,"1","4","2","5",,,"11",,,,,,,,,"10185",,,"8",,,,,"9","208",,,,,,,,,,,,,"237","82","798","172","7","0",,"1","1FFF1F","1AAAA1AAA1AAAA","4",,,,,
"5102629","2021-09-28T13:00:00","22.01","-127.70",,,"1","4","2","5",,,"11",,,,,,,,,,,,"8",,,,,"9","242",,,,,,,,,,,,,"237","27","798","172","7","0",,"1","1FFFFF","1AAAAAAAA1AAAA","4",,,,,
"5301550","2021-09-28T13:00:00","21.31","-128.58",,,"1","4","2","5",,,"11",,,,,,,,,,,,"8",,,,,"9","252",,,,,,,,,,,,,"237","18","798","172","7","0",,"1","1FFFFF","1AAAAAAAA1AAAA","4",,,,,
"KS1043","2021-09-28T13:00:00","21.80","-120.20",,,"1","4","0","0","4","1","1","0","20","4","62",,,,,"10159","7","13","0","235","1","214","207","3","252",,,,"A",,,,,,,"14","4","237","10","992","114","5","1","2","1","111111","11AAA111118A71",,,"3",,,"4"
"4602715","2021-09-28T14:00:00","26.38","-123.26",,,"1","4","2","5",,,"11",,,,,,,,,"10189",,,"8",,,,,"9","213",,,,,,,,,,,,,"237","63","798","172","7","0",,"1","1FFF1F","1AAAA1AAA1AAAA","4",,,,,
"4602718","2021-09-28T14:00:00","28.42","-122.98",,,"1","4","2","5",,,"11",,,,,,,,,"10188",,,"8",,,,,"9","208",,,,,,,,,,,,,"237","82","798","172","7","0",,"1","1FFF1F","1AAAA1AAA1AAAA","4",,,,,
"5102629","2021-09-28T14:00:00","22.01","-127.70",,,"1","4","2","5",,,"11",,,,,,,,,,,,"8",,,,,"9","242",,,,,,,,,,,,,"237","27","798","172","7","0",,"1","1FFFFF","1AAAAAAAA1AAAA","4",,,,,
"5301550","2021-09-28T14:00:00","21.30","-128.58",,,"1","4","2","5",,,"11",,,,,,,,,,,,"8",,,,,"9","252",,,,,,,,,,,,,"237","18","798","172","7","0",,"1","1FFFFF","1AAAAAAAA1AAAA","4",,,,,
"KS1043","2021-09-28T14:00:00","21.80","-120.10",,,"1","4","0","0","3","1","1","0","20","4","77",,,,,"10162","5","2","0","228","1","213","208","3","253",,,,"A",,,,,,,"14","4","237","10","992","114","5","1","2","2","111111","11AAA111118A71",,,"3",,,"4"
"4602710","2021-09-28T15:00:00","22.24","-121.82",,,"1","4","2","5",,,"11",,,,,,,,,,,,"8",,,,,"9","255",,,,,,,,,,,,,"237","21","798","172","7","0",,"2","1FFFFF","1AAAAAAAA1AAAA","4",,,,,
"4602715","2021-09-28T15:00:00","26.38","-123.26",,,"1","4","2","5",,,"11",,,,,,,,,"10191",,,"8",,,,,"9","213",,,,,,,,,,,,,"237","63","798","172","7","0",,"2","1FFF1F","1AAAA1AAA1AAAA","4",,,,,
"4602718","2021-09-28T15:00:00","28.42","-122.97",,,"1","4","2","5",,,"11",,,,,,,,,"10192",,,"8",,,,,"9","208",,,,,,,,,,,,,"237","82","798","172","7","0",,"2","1FFF1F","1AAAA1AAA1AAAA","4",,,,,
"5102629","2021-09-28T15:00:00","22.01","-127.70",,,"1","4","2","5",,,"11",,,,,,,,,,,,"8",,,,,"9","242",,,,,,,,,,,,,"237","27","798","172","7","0",,"2","1FFFFF","1AAAAAAAA1AAAA","4",,,,,
"5301550","2021-09-28T15:00:00","21.29","-128.58",,,"1","4","2","5",,,"11",,,,,,,,,,,,"8",,,,,"9","252",,,,,,,,,,,,,"237","18","798","172","7","0",,"2","1FFFFF","1AAAAAAAA1AAAA","4",,,,,
"KS1043","2021-09-28T15:00:00","21.80","-120.10",,,"1","4","0","0","4","1","1","0","30","4","67",,,,,"10165","3","4","0","229","1","209","201","3","253",,,,"A",,,,,,,"14","4","237","10","992","114","5","1","2","2","111111","11AAA111118A71",,,"3",,,"4"
"4602715","2021-09-28T16:00:00","26.38","-123.26",,,"1","4","2","5",,,"11",,,,,,,,,"10196",,,"8",,,,,"9","213",,,,,,,,,,,,,"237","63","798","172","7","0",,"2","1FFF1F","1AAAA1AAA1AAAA","4",,,,,
"5102629","2021-09-28T16:00:00","22.01","-127.66",,,"1","4","2","5",,,"11",,,,,,,,,,,,"8",,,,,"9","242",,,,,,,,,,,,,"237","27","798","172","7","0",,"2","1FFFFF","1AAAAAAAA1AAAA","4",,,,,
"5301550","2021-09-28T16:00:00","21.29","-128.57",,,"1","4","2","5",,,"11",,,,,,,,,,,,"8",,,,,"9","252",,,,,,,,,,,,,"237","18","798","172","7","0",,"2","1FFFFF","1AAAAAAAA1AAAA","4",,,,,
"KS1043","2021-09-28T16:00:00","21.70","-120.10",,,"1","4","0","0","4","1","1","0","50","4","62",,,,,"10171","2","11","0","220","1","209","205","3","254",,,,"A",,,,,,,"14","4","237","10","992","114","5","1","2","2","111111","11AAA111118A71",,,"3",,,"4"
"VRJT8","2021-09-28T16:00:00","28.10","-127.70",,,"1","6","2","5","6","4","1",,"20","4","113","1","98","3",,"10196","2","10","8","180",,"160","146","1","217","7","4","2","4","6","5",,"15","2","32","15","4","237","87","798","172","5","1","2","2","111111","1111A111111311",,"5",,,,
"4602718","2021-09-28T16:01:00","28.41","-122.97",,,"1","4","2","5",,,"11",,,,,,,,,"10194",,,"8",,,,,"9","208",,,,,,,,,,,,,"237","82","798","172","7","0",,"2","1FFF1F","1AAAA1AAA1AAAA","4",,,,,
"4602715","2021-09-28T17:00:00","26.38","-123.26",,,"1","4","2","5",,,"11",,,,,,,,,"10197",,,"8",,,,,"9","213",,,,,,,,,,,,,"237","63","798","172","7","0",,"2","1FFF1F","1AAAA1AAA1AAAA","4",,,,,
"4602718","2021-09-28T17:00:00","28.41","-122.97",,,"1","4","2","5",,,"11",,,,,,,,,"10195",,,"8",,,,,"9","208",,,,,,,,,,,,,"237","82","798","172","7","0",,"2","1FFF1F","1AAAA1AAA1AAAA","4",,,,,
"5102629","2021-09-28T17:00:00","22.00","-127.66",,,"1","4","2","5",,,"11",,,,,,,,,,,,"8",,,,,"9","241",,,,,,,,,,,,,"237","27","798","172","7","0",,"2","1FFFFF","1AAAAAAAA1AAAA","4",,,,,
"5301550","2021-09-28T17:00:00","21.28","-128.57",,,"1","4","2","5",,,"11",,,,,,,,,,,,"8",,,,,"9","252",,,,,,,,,,,,,"237","18","798","172","7","0",,"2","1FFFFF","1AAAAAAAA1AAAA","4",,,,,
"KS1043","2021-09-28T17:00:00","21.70","-120.10",,,"1","4","0","0","4","1","1","0","20","4","67",,,,,"10176","2","14","0","225","1","208","202","3","255",,,,"A",,,,,,,"14","4","237","10","992","114","5","1","2","2","111111","11AAA111118A71",,,"3",,,"4"
"4602710","2021-09-28T18:00:00","22.25","-121.83",,,"1","4","2","5",,,"11",,,,,,,,,,,,"8",,,,,"9","256",,,,,,,,,,,,,"237","21","798","172","7","0",,"2","1FFFFF","1AAAAAAAA1AAAA","4",,,,,
"4602715","2021-09-28T18:00:00","26.37","-123.26",,,"1","4","2","5",,,"11",,,,,,,,,"10198",,,"8",,,,,"9","214",,,,,,,,,,,,,"237","63","798","172","7","0",,"2","1FFF1F","1AAAA1AAA1AAAA","4",,,,,
"4602718","2021-09-28T18:00:00","28.40","-122.97",,,"1","4","2","5",,,"11",,,,,,,,,"10197",,,"8",,,,,"9","208",,,,,,,,,,,,,"237","82","798","172","7","0",,"2","1FFF1F","1AAAA1AAA1AAAA","4",,,,,
"5102629","2021-09-28T18:00:00","22.00","-127.66",,,"1","4","2","5",,,"11",,,,,,,,,,,,"8",,,,,"9","242",,,,,,,,,,,,,"237","27","798","172","7","0",,"2","1FFFFF","1AAAAAAAA1AAAA","4",,,,,
"5301550","2021-09-28T18:00:00","21.27","-128.57",,,"1","4","2","5",,,"11",,,,,,,,,,,,"8",,,,,"9","252",,,,,,,,,,,,,"237","18","798","172","7","0",,"2","1FFFFF","1AAAAAAAA1AAAA","4",,,,,
"KS1043","2021-09-28T18:00:00","21.70","-120.10",,,"1","4","0","0","4","1","1","0","20","4","67",,,,,"10178","2","14","0","233","1","207","197","3","255",,,,"A",,,,,,,"14","4","237","10","992","114","5","1","2","2","111111","11AAA111118A71",,,"3",,,"4"
"4602718","2021-09-28T19:00:00","28.40","-122.97",,,"1","4","2","5",,,"11",,,,,,,,,"10194",,,"8",,,,,"9","209",,,,,,,,,,,,,"237","82","798","172","7","0",,"2","1FFF1F","1AAAA1AAA1AAAA","4",,,,,
"5102629","2021-09-28T19:00:00","21.99","-127.65",,,"1","4","2","5",,,"11",,,,,,,,,,,,"8",,,,,"9","243",,,,,,,,,,,,,"237","17","798","172","7","0",,"2","1FFFFF","1AAAAAAAA1AAAA","4",,,,,
"5301550","2021-09-28T19:00:00","21.27","-128.57",,,"1","4","2","5",,,"11",,,,,,,,,,,,"8",,,,,"9","252",,,,,,,,,,,,,"237","18","798","172","7","0",,"2","1FFFFF","1AAAAAAAA1AAAA","4",,,,,
"KS1043","2021-09-28T19:00:00","21.60","-120.10",,,"1","4","0","0","4","1","1","0","30","4","51",,,,,"10178","2","11","0","235","1","213","205","3","257",,,,"A",,,,,,,"14","4","237","10","992","114","5","1","2","2","111111","11AAA111118A71",,,"3",,,"4"
"4602715","2021-09-28T19:01:00","26.36","-123.26",,,"1","4","2","5",,,"11",,,,,,,,,"10194",,,"8",,,,,"9","214",,,,,,,,,,,,,"237","63","798","172","7","0",,"2","1FFF1F","1AAAA1AAA1AAAA","4",,,,,
"4602715","2021-09-28T20:00:00","26.35","-123.26",,,"1","4","2","5",,,"11",,,,,,,,,"10189",,,"8",,,,,"9","215",,,,,,,,,,,,,"237","63","798","172","7","0",,"2","1FFF1F","1AAAA1AAA1AAAA","4",,,,,
"5102629","2021-09-28T20:00:00","21.99","-127.65",,,"1","4","2","5",,,"11",,,,,,,,,,,,"8",,,,,"9","242",,,,,,,,,,,,,"237","17","798","172","7","0",,"2","1FFFFF","1AAAAAAAA1AAAA","4",,,,,
"5301550","2021-09-28T20:00:00","21.26","-128.56",,,"1","4","2","5",,,"11",,,,,,,,,,,,"8",,,,,"9","253",,,,,,,,,,,,,"237","18","798","172","7","0",,"2","1FFFFF","1AAAAAAAA1AAAA","4",,,,,
"KS1043","2021-09-28T20:00:00","21.60","-120.10",,,"1","4","0","0","3","1","1","0","20","4","67",,,,,"10171","0","1","0","231","1","206","196","3","257",,,,"A",,,,,,,"14","4","237","10","992","114","5","1","2","2","111111","11AAA111118A71",,,"3",,,"4"
"VRTO7","2021-09-28T20:00:00","29.50","-121.50",,,"1","6","2","5","3","4","1",,"320","4","62","1","98",,,"10173","8","10","8","220",,"200","189","7","210",,,"1",,"6","A",,,,,,,"237","91","798","172","5","1","2","2","111111","111AA111118AA1",,"5",,,"0",
"4602718","2021-09-28T20:02:00","28.40","-122.98",,,"1","4","2","5",,,"11",,,,,,,,,"10189",,,"8",,,,,"9","209",,,,,,,,,,,,,"237","82","798","172","7","0",,"2","1FFF1F","1AAAA1AAA1AAAA","4",,,,,
"4602710","2021-09-28T21:00:00","22.25","-121.83",,,"1","4","2","5",,,"11",,,,,,,,,,,,"8",,,,,"9","257",,,,,,,,,,,,,"237","21","798","172","7","0",,"2","1FFFFF","1AAAAAAAA1AAAA","4",,,,,
"4602715","2021-09-28T21:00:00","26.34","-123.26",,,"1","4","2","5",,,"11",,,,,,,,,"10182",,,"8",,,,,"9","215",,,,,,,,,,,,,"237","63","798","172","7","0",,"2","1FFF1F","1AAAA1AAA1AAAA","4",,,,,
"4602718","2021-09-28T21:00:00","28.40","-122.98",,,"1","4","2","5",,,"11",,,,,,,,,"10184",,,"8",,,,,"9","209",,,,,,,,,,,,,"237","82","798","172","7","0",,"2","1FFF1F","1AAAA1AAA1AAAA","4",,,,,
"5102629","2021-09-28T21:00:00","21.99","-127.65",,,"1","4","2","5",,,"11",,,,,,,,,,,,"8",,,,,"9","242",,,,,,,,,,,,,"237","17","798","172","7","0",,"2","1FFFFF","1AAAAAAAA1AAAA","4",,,,,
"5301550","2021-09-28T21:00:00","21.25","-128.56",,,"1","4","2","5",,,"11",,,,,,,,,,,,"8",,,,,"9","253",,,,,,,,,,,,,"237","18","798","172","7","0",,"2","1FFFFF","1AAAAAAAA1AAAA","4",,,,,
"KS1043","2021-09-28T21:00:00","21.60","-120.10",,,"1","4","0","0","4","1","1","0","360","4","72",,,,,"10161","8","10","0","232","1","212","204","3","258",,,,"A",,,,,,,"14","4","237","10","992","114","5","1","2","2","111111","11AAA111118A71",,,"3",,,"4"
"4602715","2021-09-28T22:00:00","26.34","-123.27",,,"1","4","2","5",,,"11",,,,,,,,,"10177",,,"8",,,,,"9","215",,,,,,,,,,,,,"237","63","798","172","7","0",,"2","1FFF1F","1AAAA1AAA1AAAA","4",,,,,
"4602718","2021-09-28T22:00:00","28.40","-122.99",,,"1","4","2","5",,,"11",,,,,,,,,"10179",,,"8",,,,,"9","209",,,,,,,,,,,,,"237","82","798","172","7","0",,"2","1FFF1F","1AAAA1AAA1AAAA","4",,,,,
"5102629","2021-09-28T22:00:00","21.99","-127.65",,,"1","4","2","5",,,"11",,,,,,,,,,,,"8",,,,,"9","242",,,,,,,,,,,,,"237","17","798","172","7","0",,"2","1FFFFF","1AAAAAAAA1AAAA","4",,,,,
"5301550","2021-09-28T22:00:00","21.25","-128.56",,,"1","4","2","5",,,"11",,,,,,,,,,,,"8",,,,,"9","254",,,,,,,,,,,,,"237","18","798","172","7","0",,"2","1FFFFF","1AAAAAAAA1AAAA","4",,,,,
"KS1043","2021-09-28T22:00:00","21.60","-120.10",,,"1","4","0","0","5","1","1","0","20","4","57",,,,,"10154","7","22","0","232","1","209","201","3","258",,,,"A",,,,,,,"14","4","237","10","992","114","5","1","2","2","111111","11AAA111118A71",,,"3",,,"4"
"VRTO7","2021-09-28T22:00:00","29.10","-120.70",,,"1","6","2","5","3","4","1",,"320","4","77","1","98",,"2","10132","3","30","8","230",,"200","183","7","210","8","8","7","A","7","2",,"1","2",,,,"237","90","798","172","5","1","2","2","111111","111A11111111A1",,"5",,"2",,
"4602715","2021-09-28T23:00:00","26.33","-123.28",,,"1","4","2","5",,,"11",,,,,,,,,"10173",,,"8",,,,,"9","215",,,,,,,,,,,,,"237","63","798","172","7","0",,"2","1FFF1F","1AAAA1AAA1AAAA","4",,,,,
"4602718","2021-09-28T23:00:00","28.40","-122.99",,,"1","4","2","5",,,"11",,,,,,,,,"10176",,,"8",,,,,"9","209",,,,,,,,,,,,,"237","82","798","172","7","0",,"2","1FFF1F","1AAAA1AAA1AAAA","4",,,,,
"5102629","2021-09-28T23:00:00","21.99","-127.65",,,"1","4","2","5",,,"11",,,,,,,,,,,,"8",,,,,"9","242",,,,,,,,,,,,,"237","17","798","172","7","0",,"2","1FFFFF","1AAAAAAAA1AAAA","4",,,,,
"5301550","2021-09-28T23:00:00","21.24","-128.56",,,"1","4","2","5",,,"11",,,,,,,,,,,,"8",,,,,"9","254",,,,,,,,,,,,,"237","18","798","172","7","0",,"2","1FFFFF","1AAAAAAAA1AAAA","4",,,,,
"KS1043","2021-09-28T23:00:00","21.50","-120.10",,,"1","4","0","0","4","1","1","0","360","4","72",,,,,"10149","7","23","0","233","1","213","205","3","259",,,,"A",,,,,,,"13","4","237","10","992","114","5","1","2","2","111111","11AAA111118A71",,,"3",,,"4"
"4602710","2021-09-29T00:00:00","22.25","-121.83",,,"1","4","2","5",,,"11",,,,,,,,,,,,"8",,,,,"9","256",,,,,,,,,,,,,"237","21","798","172","7","0",,"2","1FFFFF","1AAAAAAAA1AAAA","4",,,,,
"4602715","2021-09-29T00:00:00","26.33","-123.29",,,"1","4","2","5",,,"11",,,,,,,,,"10172",,,"8",,,,,"9","214",,,,,,,,,,,,,"237","63","798","172","7","0",,"2","1FFF1F","1AAAA1AAA1AAAA","4",,,,,
"5102629","2021-09-29T00:00:00","21.99","-127.65",,,"1","4","2","5",,,"11",,,,,,,,,,,,"8",,,,,"9","242",,,,,,,,,,,,,"237","17","798","172","7","0",,"2","1FFFFF","1AAAAAAAA1AAAA","4",,,,,
"5301550","2021-09-29T00:00:00","21.23","-128.56",,,"1","4","2","5",,,"11",,,,,,,,,,,,"8",,,,,"9","254",,,,,,,,,,,,,"237","18","798","172","7","0",,"2","1FFFFF","1AAAAAAAA1AAAA","4",,,,,
"9V3536","2021-09-29T00:00:00","24.30","-125.20",,,"1","6","2","5","2","4","1",,"50","4","46","1","98","2","2","10182","4","0","8","228",,,,"7","243","2","1","1","A","0","1",,"1","2","20","2","3","237","45","798","172","5","1","2","2","11111F","1111111AA11111",,"5",,"2",,
"4602718","2021-09-29T00:03:00","28.40","-123.00",,,"1","4","2","5",,,"11",,,,,,,,,"10175",,,"8",,,,,"9","209",,,,,,,,,,,,,"237","83","798","172","7","0",,"2","1FFF1F","1AAAA1AAA1AAAA","4",,,,,
"4602715","2021-09-29T01:00:00","26.32","-123.30",,,"1","4","2","5",,,"11",,,,,,,,,"10173",,,"8",,,,,"9","214",,,,,,,,,,,,,"237","63","798","172","7","0",,"2","1FFF1F","1AAAA1AAA1AAAA","4",,,,,
"4602718","2021-09-29T01:00:00","28.41","-123.00",,,"1","4","2","5",,,"11",,,,,,,,,"10175",,,"8",,,,,"9","209",,,,,,,,,,,,,"237","83","798","172","7","0",,"2","1FFF1F","1AAAA1AAA1AAAA","4",,,,,
"5102629","2021-09-29T01:00:00","21.99","-127.65",,,"1","4","2","5",,,"11",,,,,,,,,,,,"8",,,,,"9","241",,,,,,,,,,,,,"237","17","798","172","7","0",,"2","1FFFFF","1AAAAAAAA1AAAA","4",,,,,
"5301550","2021-09-29T01:00:00","21.22","-128.56",,,"1","4","2","5",,,"11",,,,,,,,,,,,"8",,,,,"9","254",,,,,,,,,,,,,"237","18","798","172","7","0",,"2","1FFFFF","1AAAAAAAA1AAAA","4",,,,,
"4602715","2021-09-29T02:00:00","26.32","-123.30",,,"1","4","2","5",,,"11",,,,,,,,,"10175",,,"8",,,,,"9","214",,,,,,,,,,,,,"237","63","798","172","7","0",,"2","1FFF1F","1AAAA1AAA1AAAA","4",,,,,
"5102629","2021-09-29T02:00:00","21.99","-127.65",,,"1","4","2","5",,,"11",,,,,,,,,,,,"8",,,,,"9","241",,,,,,,,,,,,,"237","17","798","172","7","0",,"2","1FFFFF","1AAAAAAAA1AAAA","4",,,,,
"5301550","2021-09-29T02:00:00","21.22","-128.56",,,"1","4","2","5",,,"11",,,,,,,,,,,,"8",,,,,"9","253",,,,,,,,,,,,,"237","18","798","172","7","0",,"2","1FFFFF","1AAAAAAAA1AAAA","4",,,,,
"4602718","2021-09-29T02:04:00","28.41","-123.00",,,"1","4","2","5",,,"11",,,,,,,,,"10177",,,"8",,,,,"9","209",,,,,,,,,,,,,"237","83","798","172","7","0",,"2","1FFF1F","1AAAA1AAA1AAAA","4",,,,,
"4602710","2021-09-29T03:00:00","22.25","-121.84",,,"1","4","2","5",,,"11",,,,,,,,,,,,"8",,,,,"9","256",,,,,,,,,,,,,"237","21","798","172","7","0",,"1","1FFFFF","1AAAAAAAA1AAAA","4",,,,,
"4602715","2021-09-29T03:00:00","26.32","-123.31",,,"1","4","2","5",,,"11",,,,,,,,,"10178",,,"8",,,,,"9","214",,,,,,,,,,,,,"237","63","798","172","7","0",,"1","1FFF1F","1AAAA1AAA1AAAA","4",,,,,
"4602718","2021-09-29T03:00:00","28.41","-123.00",,,"1","4","2","5",,,"11",,,,,,,,,"10179",,,"8",,,,,"9","209",,,,,,,,,,,,,"237","83","798","172","7","0",,"1","1FFF1F","1AAAA1AAA1AAAA","4",,,,,
"5102629","2021-09-29T03:00:00","21.99","-127.65",,,"1","4","2","5",,,"11",,,,,,,,,,,,"8",,,,,"9","241",,,,,,,,,,,,,"237","17","798","172","7","0",,"1","1FFFFF","1AAAAAAAA1AAAA","4",,,,,
"5301550","2021-09-29T03:00:00","21.21","-128.56",,,"1","4","2","5",,,"11",,,,,,,,,,,,"8",,,,,"9","253",,,,,,,,,,,,,"237","18","798","172","7","0",,"1","1FFFFF","1AAAAAAAA1AAAA","4",,,,,
"4602718","2021-09-29T04:00:00","28.41","-123.00",,,"1","4","2","5",,,"11",,,,,,,,,"10186",,,"8",,,,,"9","208",,,,,,,,,,,,,"237","83","798","172","7","0",,"1","1FFF1F","1AAAA1AAA1AAAA","4",,,,,
"5102629","2021-09-29T04:00:00","21.99","-127.65",,,"1","4","2","5",,,"11",,,,,,,,,,,,"8",,,,,"9","240",,,,,,,,,,,,,"237","17","798","172","7","0",,"1","1FFFFF","1AAAAAAAA1AAAA","4",,,,,
"5301550","2021-09-29T04:00:00","21.20","-128.56",,,"1","4","2","5",,,"11",,,,,,,,,,,,"8",,,,,"9","253",,,,,,,,,,,,,"237","18","798","172","7","0",,"1","1FFFFF","1AAAAAAAA1AAAA","4",,,,,
"4602715","2021-09-29T04:03:00","26.32","-123.32",,,"1","4","2","5",,,"11",,,,,,,,,"10185",,,"8",,,,,"9","214",,,,,,,,,,,,,"237","63","798","172","7","0",,"1","1FFF1F","1AAAA1AAA1AAAA","4",,,,,
"4602715","2021-09-29T05:00:00","26.32","-123.33",,,"1","4","2","5",,,"11",,,,,,,,,"10190",,,"8",,,,,"9","214",,,,,,,,,,,,,"237","63","798","172","7","0",,"1","1FFF1F","1AAAA1AAA1AAAA","4",,,,,
"4602718","2021-09-29T05:00:00","28.41","-123.00",,,"1","4","2","5",,,"11",,,,,,,,,"10193",,,"8",,,,,"9","208",,,,,,,,,,,,,"237","83","798","172","7","0",,"1","1FFF1F","1AAAA1AAA1AAAA","4",,,,,
"5102629","2021-09-29T05:00:00","21.99","-127.65",,,"1","4","2","5",,,"11",,,,,,,,,,,,"8",,,,,"9","240",,,,,,,,,,,,,"237","17","798","172","7","0",,"1","1FFFFF","1AAAAAAAA1AAAA","4",,,,,
"5301550","2021-09-29T05:00:00","21.19","-128.56",,,"1","4","2","5",,,"11",,,,,,,,,,,,"8",,,,,"9","253",,,,,,,,,,,,,"237","18","798","172","7","0",,"1","1FFFFF","1AAAAAAAA1AAAA","4",,,,,
"4602710","2021-09-29T06:00:00","22.24","-121.84",,,"1","4","2","5",,,"11",,,,,,,,,,,,"8",,,,,"9","255",,,,,,,,,,,,,"237","21","798","172","7","0",,"1","1FFFFF","1AAAAAAAA1AAAA","4",,,,,
"4602715","2021-09-29T06:00:00","26.32","-123.33",,,"1","4","2","5",,,"11",,,,,,,,,"10194",,,"8",,,,,"9","213",,,,,,,,,,,,,"237","63","798","172","7","0",,"1","1FFF1F","1AAAA1AAA1AAAA","4",,,,,
"4602718","2021-09-29T06:00:00","28.41","-123.00",,,"1","4","2","5",,,"11",,,,,,,,,"10197",,,"8",,,,,"9","208",,,,,,,,,,,,,"237","83","798","172","7","0",,"1","1FFF1F","1AAAA1AAA1AAAA","4",,,,,
"5102629","2021-09-29T06:00:00","21.99","-127.65",,,"1","4","2","5",,,"11",,,,,,,,,,,,"8",,,,,"9","240",,,,,,,,,,,,,"237","17","798","172","7","0",,"1","1FFFFF","1AAAAAAAA1AAAA","4",,,,,
"5301550","2021-09-29T06:00:00","21.19","-128.56",,,"1","4","2","5",,,"11",,,,,,,,,,,,"8",,,,,"9","253",,,,,,,,,,,,,"237","18","798","172","7","0",,"1","1FFFFF","1AAAAAAAA1AAAA","4",,,,,
"3EVZ8","2021-09-29T07:00:00","28.30","-121.70",,,"1","6","2","5","7","5","1",,"360","4","103",,,,,"10150","2","10","8","200",,"190","185","1","210",,,"A",,"A","A",,,,,,,"237","81","798","172","5","1","2","1","111111","11AAA111118AA1",,"5",,,,
"4602715","2021-09-29T07:00:00","26.32","-123.34",,,"1","4","2","5",,,"11",,,,,,,,,"10192",,,"8",,,,,"9","213",,,,,,,,,,,,,"237","63","798","172","7","0",,"1","1FFF1F","1AAAA1AAA1AAAA","4",,,,,
"4602718","2021-09-29T07:00:00","28.41","-123.00",,,"1","4","2","5",,,"11",,,,,,,,,"10195",,,"8",,,,,"9","208",,,,,,,,,,,,,"237","83","798","172","7","0",,"1","1FFF1F","1AAAA1AAA1AAAA","4",,,,,
"5102629","2021-09-29T07:00:00","21.99","-127.65",,,"1","4","2","5",,,"11",,,,,,,,,,,,"8",,,,,"9","240",,,,,,,,,,,,,"237","17","798","172","7","0",,"1","1FFFFF","1AAAAAAAA1AAAA","4",,,,,
"5301550","2021-09-29T07:00:00","21.18","-128.56",,,"1","4","2","5",,,"11",,,,,,,,,,,,"8",,,,,"9","252",,,,,,,,,,,,,"237","18","798","172","7","0",,"1","1FFFFF","1AAAAAAAA1AAAA","4",,,,,
"4602715","2021-09-29T08:00:00","26.32","-123.35",,,"1","4","2","5",,,"11",,,,,,,,,"10189",,,"8",,,,,"9","213",,,,,,,,,,,,,"237","63","798","172","7","0",,"1","1FFF1F","1AAAA1AAA1AAAA","4",,,,,
"5102629","2021-09-29T08:00:00","21.99","-127.65",,,"1","4","2","5",,,"11",,,,,,,,,,,,"8",,,,,"9","239",,,,,,,,,,,,,"237","17","798","172","7","0",,"1","1FFFFF","1AAAAAAAA1AAAA","4",,,,,
"5301550","2021-09-29T08:00:00","21.17","-128.57",,,"1","4","2","5",,,"11",,,,,,,,,,,,"8",,,,,"9","252",,,,,,,,,,,,,"237","18","798","172","7","0",,"1","1FFFFF","1AAAAAAAA1AAAA","4",,,,,
"4602718","2021-09-29T08:02:00","28.41","-123.00",,,"1","4","2","5",,,"11",,,,,,,,,"10191",,,"8",,,,,"9","208",,,,,,,,,,,,,"237","83","798","172","7","0",,"1","1FFF1F","1AAAA1AAA1AAAA","4",,,,,
"4602710","2021-09-29T09:00:00","22.23","-121.84",,,"1","4","2","5",,,"11",,,,,,,,,,,,"8",,,,,"9","255",,,,,,,,,,,,,"237","21","798","172","7","0",,"1","1FFFFF","1AAAAAAAA1AAAA","4",,,,,
"4602715","2021-09-29T09:00:00","26.32","-123.36",,,"1","4","2","5",,,"11",,,,,,,,,"10185",,,"8",,,,,"9","213",,,,,,,,,,,,,"237","63","798","172","7","0",,"1","1FFF1F","1AAAA1AAA1AAAA","4",,,,,
"5102629","2021-09-29T09:00:00","21.99","-127.65",,,"1","4","2","5",,,"11",,,,,,,,,,,,"8",,,,,"9","239",,,,,,,,,,,,,"237","17","798","172","7","0",,"1","1FFFFF","1AAAAAAAA1AAAA","4",,,,,
"5301550","2021-09-29T09:00:00","21.17","-128.57",,,"1","4","2","5",,,"11",,,,,,,,,,,,"8",,,,,"9","252",,,,,,,,,,,,,"237","18","798","172","7","0",,"1","1FFFFF","1AAAAAAAA1AAAA","4",,,,,
"4602718","2021-09-29T09:01:00","28.41","-123.00",,,"1","4","2","5",,,"11",,,,,,,,,"10190",,,"8",,,,,"9","208",,,,,,,,,,,,,"237","83","798","172","7","0",,"1","1FFF1F","1AAAA1AAA1AAAA","4",,,,,
"4602715","2021-09-29T11:00:00","26.32","-123.37",,,"1","4","2","5",,,"11",,,,,,,,,"10178",,,"8",,,,,"9","213",,,,,,,,,,,,,"237","63","798","172","7","0",,"1","1FFF1F","1AAAA1AAA1AAAA","4",,,,,
"4602718","2021-09-29T11:00:00","28.41","-123.00",,,"1","4","2","5",,,"11",,,,,,,,,"10179",,,"8",,,,,"9","208",,,,,,,,,,,,,"237","83","798","172","7","0",,"1","1FFF1F","1AAAA1AAA1AAAA","4",,,,,
"5102629","2021-09-29T11:00:00","21.99","-127.65",,,"1","4","2","5",,,"11",,,,,,,,,,,,"8",,,,,"9","239",,,,,,,,,,,,,"237","17","798","172","7","0",,"1","1FFFFF","1AAAAAAAA1AAAA","4",,,,,
"5301550","2021-09-29T11:00:00","21.16","-128.58",,,"1","4","2","5",,,"11",,,,,,,,,,,,"8",,,,,"9","252",,,,,,,,,,,,,"237","18","798","172","7","0",,"1","1FFFFF","1AAAAAAAA1AAAA","4",,,,,
"4602710","2021-09-29T12:00:00","22.23","-121.84",,,"1","4","2","5",,,"11",,,,,,,,,,,,"8",,,,,"9","255",,,,,,,,,,,,,"237","21","798","172","7","0",,"1","1FFFFF","1AAAAAAAA1AAAA","4",,,,,
"4602715","2021-09-29T12:00:00","26.32","-123.37",,,"1","4","2","5",,,"11",,,,,,,,,"10180",,,"8",,,,,"9","213",,,,,,,,,,,,,"237","63","798","172","7","0",,"1","1FFF1F","1AAAA1AAA1AAAA","4",,,,,
"4602718","2021-09-29T12:00:00","28.41","-123.00",,,"1","4","2","5",,,"11",,,,,,,,,"10180",,,"8",,,,,"9","208",,,,,,,,,,,,,"237","83","798","172","7","0",,"1","1FFF1F","1AAAA1AAA1AAAA","4",,,,,
"5102629","2021-09-29T12:00:00","21.99","-127.65",,,"1","4","2","5",,,"11",,,,,,,,,,,,"8",,,,,"9","239",,,,,,,,,,,,,"237","17","798","172","7","0",,"1","1FFFFF","1AAAAAAAA1AAAA","4",,,,,
"5301550","2021-09-29T12:00:00","21.15","-128.58",,,"1","4","2","5",,,"11",,,,,,,,,,,,"8",,,,,"9","252",,,,,,,,,,,,,"237","18","798","172","7","0",,"1","1FFFFF","1AAAAAAAA1AAAA","4",,,,,
"4602718","2021-09-29T13:00:00","28.41","-123.00",,,"1","4","2","5",,,"11",,,,,,,,,"10182",,,"8",,,,,"9","207",,,,,,,,,,,,,"237","83","798","172","7","0",,"1","1FFF1F","1AAAA1AAA1AAAA","4",,,,,
"5102629","2021-09-29T13:00:00","21.99","-127.65",,,"1","4","2","5",,,"11",,,,,,,,,,,,"8",,,,,"9","239",,,,,,,,,,,,,"237","17","798","172","7","0",,"1","1FFFFF","1AAAAAAAA1AAAA","4",,,,,
"5301550","2021-09-29T13:00:00","21.15","-128.59",,,"1","4","2","5",,,"11",,,,,,,,,,,,"8",,,,,"9","251",,,,,,,,,,,,,"237","18","798","172","7","0",,"1","1FFFFF","1AAAAAAAA1AAAA","4",,,,,
"4602715","2021-09-29T13:04:00","26.33","-123.38",,,"1","4","2","5",,,"11",,,,,,,,,"10180",,,"8",,,,,"9","213",,,,,,,,,,,,,"237","63","798","172","7","0",,"1","1FFF1F","1AAAA1AAA1AAAA","4",,,,,
"4602715","2021-09-29T14:00:00","26.33","-123.38",,,"1","4","2","5",,,"11",,,,,,,,,"10182",,,"8",,,,,"9","213",,,,,,,,,,,,,"237","63","798","172","7","0",,"1","1FFF1F","1AAAA1AAA1AAAA","4",,,,,
"5102629","2021-09-29T14:00:00","21.99","-127.65",,,"1","4","2","5",,,"11",,,,,,,,,,,,"8",,,,,"9","239",,,,,,,,,,,,,"237","17","798","172","7","0",,"1","1FFFFF","1AAAAAAAA1AAAA","4",,,,,
"5301550","2021-09-29T14:00:00","21.14","-128.59",,,"1","4","2","5",,,"11",,,,,,,,,,,,"8",,,,,"9","251",,,,,,,,,,,,,"237","18","798","172","7","0",,"1","1FFFFF","1AAAAAAAA1AAAA","4",,,,,
"4602718","2021-09-29T14:01:00","28.41","-123.00",,,"1","4","2","5",,,"11",,,,,,,,,"10184",,,"8",,,,,"9","207",,,,,,,,,,,,,"237","83","798","172","7","0",,"1","1FFF1F","1AAAA1AAA1AAAA","4",,,,,
"4602710","2021-09-29T15:00:00","22.23","-121.85",,,"1","4","2","5",,,"11",,,,,,,,,,,,"8",,,,,"9","255",,,,,,,,,,,,,"237","21","798","172","7","0",,"2","1FFFFF","1AAAAAAAA1AAAA","4",,,,,
"4602715","2021-09-29T15:00:00","26.33","-123.38",,,"1","4","2","5",,,"11",,,,,,,,,"10186",,,"8",,,,,"9","213",,,,,,,,,,,,,"237","63","798","172","7","0",,"2","1FFF1F","1AAAA1AAA1AAAA","4",,,,,
"4602718","2021-09-29T15:00:00","28.41","-123.00",,,"1","4","2","5",,,"11",,,,,,,,,"10187",,,"8",,,,,"9","207",,,,,,,,,,,,,"237","83","798","172","7","0",,"2","1FFF1F","1AAAA1AAA1AAAA","4",,,,,
"5102629","2021-09-29T15:00:00","21.99","-127.65",,,"1","4","2","5",,,"11",,,,,,,,,,,,"8",,,,,"9","239",,,,,,,,,,,,,"237","17","798","172","7","0",,"2","1FFFFF","1AAAAAAAA1AAAA","4",,,,,
"5301550","2021-09-29T15:00:00","21.14","-128.59",,,"1","4","2","5",,,"11",,,,,,,,,,,,"8",,,,,"9","251",,,,,,,,,,,,,"237","18","798","172","7","0",,"2","1FFFFF","1AAAAAAAA1AAAA","4",,,,,
"5102629","2021-09-29T16:00:00","21.99","-127.65",,,"1","4","2","5",,,"11",,,,,,,,,,,,"8",,,,,"9","239",,,,,,,,,,,,,"237","17","798","172","7","0",,"2","1FFFFF","1AAAAAAAA1AAAA","4",,,,,
"5301550","2021-09-29T16:00:00","21.14","-128.60",,,"1","4","2","5",,,"11",,,,,,,,,,,,"8",,,,,"9","251",,,,,,,,,,,,,"237","18","798","172","7","0",,"2","1FFFFF","1AAAAAAAA1AAAA","4",,,,,
"4602715","2021-09-29T16:01:00","26.33","-123.38",,,"1","4","2","5",,,"11",,,,,,,,,"10191",,,"8",,,,,"9","212",,,,,,,,,,,,,"237","63","798","172","7","0",,"2","1FFF1F","1AAAA1AAA1AAAA","4",,,,,
"4602718","2021-09-29T16:04:00","28.40","-123.00",,,"1","4","2","5",,,"11",,,,,,,,,"10191",,,"8",,,,,"9","207",,,,,,,,,,,,,"237","83","798","172","7","0",,"2","1FFF1F","1AAAA1AAA1AAAA","4",,,,,
"4602718","2021-09-29T17:00:00","28.40","-123.00",,,"1","4","2","5",,,"11",,,,,,,,,"10193",,,"8",,,,,"9","207",,,,,,,,,,,,,"237","83","798","172","7","0",,"2","1FFF1F","1AAAA1AAA1AAAA","4",,,,,
"5102629","2021-09-29T17:00:00","21.99","-127.65",,,"1","4","2","5",,,"11",,,,,,,,,,,,"8",,,,,"9","239",,,,,,,,,,,,,"237","17","798","172","7","0",,"2","1FFFFF","1AAAAAAAA1AAAA","4",,,,,
"5301550","2021-09-29T17:00:00","21.13","-128.60",,,"1","4","2","5",,,"11",,,,,,,,,,,,"8",,,,,"9","251",,,,,,,,,,,,,"237","18","798","172","7","0",,"2","1FFFFF","1AAAAAAAA1AAAA","4",,,,,
"4602715","2021-09-29T17:01:00","26.33","-123.38",,,"1","4","2","5",,,"11",,,,,,,,,"10193",,,"8",,,,,"9","213",,,,,,,,,,,,,"237","63","798","172","7","0",,"2","1FFF1F","1AAAA1AAA1AAAA","4",,,,,
"3EVZ8","2021-09-29T18:00:00","29.80","-125.50",,,"1","6","2","5","7","4","1",,"40","4","149","1","97","3","2","10190","2","20","8","190",,"180","175","1","200",,,"A",,"A","A",,,"6",,,,"237","95","798","172","5","1","2","2","112111","111111111183A1",,"5",,"2",,
"4602710","2021-09-29T18:00:00","22.24","-121.86",,,"1","4","2","5",,,"11",,,,,,,,,,,,"8",,,,,"9","254",,,,,,,,,,,,,"237","21","798","172","7","0",,"2","1FFFFF","1AAAAAAAA1AAAA","4",,,,,
"4602715","2021-09-29T18:00:00","26.33","-123.38",,,"1","4","2","5",,,"11",,,,,,,,,"10192",,,"8",,,,,"9","213",,,,,,,,,,,,,"237","63","798","172","7","0",,"2","1FFF1F","1AAAA1AAA1AAAA","4",,,,,
"4602718","2021-09-29T18:00:00","28.39","-123.00",,,"1","4","2","5",,,"11",,,,,,,,,"10191",,,"8",,,,,"9","207",,,,,,,,,,,,,"237","83","798","172","7","0",,"2","1FFF1F","1AAAA1AAA1AAAA","4",,,,,
"5102629","2021-09-29T18:00:00","21.99","-127.65",,,"1","4","2","5",,,"11",,,,,,,,,,,,"8",,,,,"9","239",,,,,,,,,,,,,"237","17","798","172","7","0",,"2","1FFFFF","1AAAAAAAA1AAAA","4",,,,,
"5301550","2021-09-29T18:00:00","21.13","-128.60",,,"1","4","2","5",,,"11",,,,,,,,,,,,"8",,,,,"9","251",,,,,,,,,,,,,"237","18","798","172","7","0",,"2","1FFFFF","1AAAAAAAA1AAAA","4",,,,,
"4602718","2021-09-29T19:00:00","28.38","-123.00",,,"1","4","2","5",,,"11",,,,,,,,,"10187",,,"8",,,,,"9","208",,,,,,,,,,,,,"237","83","798","172","7","0",,"2","1FFF1F","1AAAA1AAA1AAAA","4",,,,,
"5102629","2021-09-29T19:00:00","21.99","-127.65",,,"1","4","2","5",,,"11",,,,,,,,,,,,"8",,,,,"9","239",,,,,,,,,,,,,"237","17","798","172","7","0",,"2","1FFFFF","1AAAAAAAA1AAAA","4",,,,,
"5301550","2021-09-29T19:00:00","21.13","-128.60",,,"1","4","2","5",,,"11",,,,,,,,,,,,"8",,,,,"9","252",,,,,,,,,,,,,"237","18","798","172","7","0",,"2","1FFFFF","1AAAAAAAA1AAAA","4",,,,,
"4602718","2021-09-29T20:00:00","28.38","-123.01",,,"1","4","2","5",,,"11",,,,,,,,,"10184",,,"8",,,,,"9","208",,,,,,,,,,,,,"237","83","798","172","7","0",,"2","1FFF1F","1AAAA1AAA1AAAA","4",,,,,
"5102629","2021-09-29T20:00:00","21.99","-127.65",,,"1","4","2","5",,,"11",,,,,,,,,,,,"8",,,,,"9","239",,,,,,,,,,,,,"237","17","798","172","7","0",,"2","1FFFFF","1AAAAAAAA1AAAA","4",,,,,
"5301550","2021-09-29T20:00:00","21.12","-128.60",,,"1","4","2","5",,,"11",,,,,,,,,,,,"8",,,,,"9","252",,,,,,,,,,,,,"237","18","798","172","7","0",,"2","1FFFFF","1AAAAAAAA1AAAA","4",,,,,
"4602715","2021-09-29T20:03:00","26.32","-123.39",,,"1","4","2","5",,,"11",,,,,,,,,"10185",,,"8",,,,,"9","213",,,,,,,,,,,,,"237","63","798","172","7","0",,"2","1FFF1F","1AAAA1AAA1AAAA","4",,,,,
"4602710","2021-09-29T21:00:00","22.25","-121.87",,,"1","4","2","5",,,"11",,,,,,,,,,,,"8",,,,,"9","255",,,,,,,,,,,,,"237","21","798","172","7","0",,"2","1FFFFF","1AAAAAAAA1AAAA","4",,,,,
"5102629","2021-09-29T21:00:00","21.99","-127.65",,,"1","4","2","5",,,"11",,,,,,,,,,,,"8",,,,,"9","239",,,,,,,,,,,,,"237","17","798","172","7","0",,"2","1FFFFF","1AAAAAAAA1AAAA","4",,,,,
"5301550","2021-09-29T21:00:00","21.12","-128.60",,,"1","4","2","5",,,"11",,,,,,,,,,,,"8",,,,,"9","252",,,,,,,,,,,,,"237","18","798","172","7","0",,"2","1FFFFF","1AAAAAAAA1AAAA","4",,,,,
"4602715","2021-09-29T21:01:00","26.32","-123.39",,,"1","4","2","5",,,"11",,,,,,,,,"10178",,,"8",,,,,"9","213",,,,,,,,,,,,,"237","63","798","172","7","0",,"2","1FFF1F","1AAAA1AAA1AAAA","4",,,,,
"4602718","2021-09-29T21:01:00","28.38","-123.01",,,"1","4","2","5",,,"11",,,,,,,,,"10176",,,"8",,,,,"9","208",,,,,,,,,,,,,"237","83","798","172","7","0",,"2","1FFF1F","1AAAA1AAA1AAAA","4",,,,,
"4602715","2021-09-29T22:00:00","26.31","-123.39",,,"1","4","2","5",,,"11",,,,,,,,,"10168",,,"8",,,,,"9","214",,,,,,,,,,,,,"237","63","798","172","7","0",,"2","1FFF1F","1AAAA1AAA1AAAA","4",,,,,
"4602718","2021-09-29T22:00:00","28.38","-123.02",,,"1","4","2","5",,,"11",,,,,,,,,"10167",,,"8",,,,,"9","208",,,,,,,,,,,,,"237","83","798","172","7","0",,"2","1FFF1F","1AAAA1AAA1AAAA","4",,,,,
"5102629","2021-09-29T22:00:00","21.99","-127.65",,,"1","4","2","5",,,"11",,,,,,,,,,,,"8",,,,,"9","239",,,,,,,,,,,,,"237","17","798","172","7","0",,"2","1FFFFF","1AAAAAAAA1AAAA","4",,,,,
"5301550","2021-09-29T22:00:00","21.12","-128.59",,,"1","4","2","5",,,"11",,,,,,,,,,,,"8",,,,,"9","252",,,,,,,,,,,,,"237","18","798","172","7","0",,"2","1FFFFF","1AAAAAAAA1AAAA","4",,,,,
"4602718","2021-09-29T23:00:00","28.38","-123.03",,,"1","4","2","5",,,"11",,,,,,,,,"10166",,,"8",,,,,"9","208",,,,,,,,,,,,,"237","83","798","172","7","0",,"2","1FFF1F","1AAAA1AAA1AAAA","4",,,,,
"5102629","2021-09-29T23:00:00","21.99","-127.65",,,"1","4","2","5",,,"11",,,,,,,,,,,,"8",,,,,"9","239",,,,,,,,,,,,,"237","17","798","172","7","0",,"2","1FFFFF","1AAAAAAAA1AAAA","4",,,,,
"5301550","2021-09-29T23:00:00","21.12","-128.59",,,"1","4","2","5",,,"11",,,,,,,,,,,,"8",,,,,"9","252",,,,,,,,,,,,,"237","18","798","172","7","0",,"2","1FFFFF","1AAAAAAAA1AAAA","4",,,,,
"4602715","2021-09-29T23:01:00","26.31","-123.39",,,"1","4","2","5",,,"11",,,,,,,,,"10167",,,"8",,,,,"9","213",,,,,,,,,,,,,"237","63","798","172","7","0",,"2","1FFF1F","1AAAA1AAA1AAAA","4",,,,,
"4602710","2021-09-30T00:00:00","22.26","-121.87",,,"1","4","2","5",,,"11",,,,,,,,,,,,"8",,,,,"9","255",,,,,,,,,,,,,"237","21","798","172","7","0",,"2","1FFFFF","1AAAAAAAA1AAAA","4",,,,,
"4602718","2021-09-30T00:00:00","28.38","-123.03",,,"1","4","2","5",,,"11",,,,,,,,,"10166",,,"8",,,,,"9","208",,,,,,,,,,,,,"237","83","798","172","7","0",,"2","1FFF1F","1AAAA1AAA1AAAA","4",,,,,
"5102629","2021-09-30T00:00:00","21.99","-127.65",,,"1","4","2","5",,,"11",,,,,,,,,,,,"8",,,,,"9","239",,,,,,,,,,,,,"237","17","798","172","7","0",,"2","1FFFFF","1AAAAAAAA1AAAA","4",,,,,
"5301550","2021-09-30T00:00:00","21.11","-128.59",,,"1","4","2","5",,,"11",,,,,,,,,,,,"8",,,,,"9","252",,,,,,,,,,,,,"237","18","798","172","7","0",,"2","1FFFFF","1AAAAAAAA1AAAA","4",,,,,
"4602715","2021-09-30T00:01:00","26.30","-123.40",,,"1","4","2","5",,,"11",,,,,,,,,"10166",,,"8",,,,,"9","213",,,,,,,,,,,,,"237","63","798","172","7","0",,"2","1FFF1F","1AAAA1AAA1AAAA","4",,,,,
"4602718","2021-09-30T01:00:00","28.38","-123.04",,,"1","4","2","5",,,"11",,,,,,,,,"10167",,,"8",,,,,"9","208",,,,,,,,,,,,,"237","83","798","172","7","0",,"2","1FFF1F","1AAAA1AAA1AAAA","4",,,,,
"5102629","2021-09-30T01:00:00","21.99","-127.65",,,"1","4","2","5",,,"11",,,,,,,,,,,,"8",,,,,"9","239",,,,,,,,,,,,,"237","17","798","172","7","0",,"2","1FFFFF","1AAAAAAAA1AAAA","4",,,,,
"5301550","2021-09-30T01:00:00","21.11","-128.59",,,"1","4","2","5",,,"11",,,,,,,,,,,,"8",,,,,"9","252",,,,,,,,,,,,,"237","18","798","172","7","0",,"2","1FFFFF","1AAAAAAAA1AAAA","4",,,,,
"4602715","2021-09-30T01:02:00","26.30","-123.41",,,"1","4","2","5",,,"11",,,,,,,,,"10165",,,"8",,,,,"9","213",,,,,,,,,,,,,"237","63","798","172","7","0",,"2","1FFF1F","1AAAA1AAA1AAAA","4",,,,,
"4602715","2021-09-30T02:00:00","26.30","-123.41",,,"1","4","2","5",,,"11",,,,,,,,,"10165",,,"8",,,,,"9","213",,,,,,,,,,,,,"237","63","798","172","7","0",,"2","1FFF1F","1AAAA1AAA1AAAA","4",,,,,
"4602718","2021-09-30T02:00:00","28.38","-123.04",,,"1","4","2","5",,,"11",,,,,,,,,"10167",,,"8",,,,,"9","208",,,,,,,,,,,,,"237","83","798","172","7","0",,"2","1FFF1F","1AAAA1AAA1AAAA","4",,,,,
"5102629","2021-09-30T02:00:00","21.99","-127.65",,,"1","4","2","5",,,"11",,,,,,,,,,,,"8",,,,,"9","239",,,,,,,,,,,,,"237","17","798","172","7","0",,"2","1FFFFF","1AAAAAAAA1AAAA","4",,,,,
"5301550","2021-09-30T02:00:00","21.10","-128.59",,,"1","4","2","5",,,"11",,,,,,,,,,,,"8",,,,,"9","252",,,,,,,,,,,,,"237","18","798","172","7","0",,"2","1FFFFF","1AAAAAAAA1AAAA","4",,,,,
"4602710","2021-09-30T03:00:00","22.26","-121.88",,,"1","4","2","5",,,"11",,,,,,,,,,,,"8",,,,,"9","254",,,,,,,,,,,,,"237","21","798","172","7","0",,"1","1FFFFF","1AAAAAAAA1AAAA","4",,,,,
"4602715","2021-09-30T03:00:00","26.29","-123.42",,,"1","4","2","5",,,"11",,,,,,,,,"10171",,,"8",,,,,"9","213",,,,,,,,,,,,,"237","63","798","172","7","0",,"1","1FFF1F","1AAAA1AAA1AAAA","4",,,,,
"4602718","2021-09-30T03:00:00","28.39","-123.04",,,"1","4","2","5",,,"11",,,,,,,,,"10170",,,"8",,,,,"9","208",,,,,,,,,,,,,"237","83","798","172","7","0",,"1","1FFF1F","1AAAA1AAA1AAAA","4",,,,,
"5102629","2021-09-30T03:00:00","21.99","-127.65",,,"1","4","2","5",,,"11",,,,,,,,,,,,"8",,,,,"9","239",,,,,,,,,,,,,"237","17","798","172","7","0",,"1","1FFFFF","1AAAAAAAA1AAAA","4",,,,,
"5301550","2021-09-30T03:00:00","21.09","-128.59",,,"1","4","2","5",,,"11",,,,,,,,,,,,"8",,,,,"9","252",,,,,,,,,,,,,"237","18","798","172","7","0",,"1","1FFFFF","1AAAAAAAA1AAAA","4",,,,,
"4602715","2021-09-30T04:00:00","26.29","-123.43",,,"1","4","2","5",,,"11",,,,,,,,,"10177",,,"8",,,,,"9","213",,,,,,,,,,,,,"237","63","798","172","7","0",,"1","1FFF1F","1AAAA1AAA1AAAA","4",,,,,
"5102629","2021-09-30T04:00:00","21.99","-127.65",,,"1","4","2","5",,,"11",,,,,,,,,,,,"8",,,,,"9","239",,,,,,,,,,,,,"237","17","798","172","7","0",,"1","1FFFFF","1AAAAAAAA1AAAA","4",,,,,
"5301550","2021-09-30T04:00:00","21.08","-128.59",,,"1","4","2","5",,,"11",,,,,,,,,,,,"8",,,,,"9","252",,,,,,,,,,,,,"237","18","798","172","7","0",,"1","1FFFFF","1AAAAAAAA1AAAA","4",,,,,
"4602718","2021-09-30T04:01:00","28.39","-123.04",,,"1","4","2","5",,,"11",,,,,,,,,"10174",,,"8",,,,,"9","207",,,,,,,,,,,,,"237","83","798","172","7","0",,"1","1FFF1F","1AAAA1AAA1AAAA","4",,,,,
"5102629","2021-09-30T05:00:00","21.99","-127.65",,,"1","4","2","5",,,"11",,,,,,,,,,,,"8",,,,,"9","238",,,,,,,,,,,,,"237","17","798","172","7","0",,"1","1FFFFF","1AAAAAAAA1AAAA","4",,,,,
"5301550","2021-09-30T05:00:00","21.07","-128.59",,,"1","4","2","5",,,"11",,,,,,,,,,,,"8",,,,,"9","252",,,,,,,,,,,,,"237","18","798","172","7","0",,"1","1FFFFF","1AAAAAAAA1AAAA","4",,,,,
"4602715","2021-09-30T05:02:00","26.29","-123.43",,,"1","4","2","5",,,"11",,,,,,,,,"10184",,,"8",,,,,"9","213",,,,,,,,,,,,,"237","63","798","172","7","0",,"1","1FFF1F","1AAAA1AAA1AAAA","4",,,,,
"4602718","2021-09-30T05:02:00","28.39","-123.04",,,"1","4","2","5",,,"11",,,,,,,,,"10179",,,"8",,,,,"9","207",,,,,,,,,,,,,"237","83","798","172","7","0",,"1","1FFF1F","1AAAA1AAA1AAAA","4",,,,,
"4602710","2021-09-30T06:00:00","22.27","-121.89",,,"1","4","2","5",,,"11",,,,,,,,,,,,"8",,,,,"9","255",,,,,,,,,,,,,"237","21","798","172","7","0",,"1","1FFFFF","1AAAAAAAA1AAAA","4",,,,,
"4602715","2021-09-30T06:00:00","26.28","-123.44",,,"1","4","2","5",,,"11",,,,,,,,,"10186",,,"8",,,,,"9","213",,,,,,,,,,,,,"237","63","798","172","7","0",,"1","1FFF1F","1AAAA1AAA1AAAA","4",,,,,
"4602718","2021-09-30T06:00:00","28.38","-123.04",,,"1","4","2","5",,,"11",,,,,,,,,"10182",,,"8",,,,,"9","207",,,,,,,,,,,,,"237","83","798","172","7","0",,"1","1FFF1F","1AAAA1AAA1AAAA","4",,,,,
"5102629","2021-09-30T06:00:00","21.99","-127.65",,,"1","4","2","5",,,"11",,,,,,,,,,,,"8",,,,,"9","238",,,,,,,,,,,,,"237","17","798","172","7","0",,"1","1FFFFF","1AAAAAAAA1AAAA","4",,,,,
"5301550","2021-09-30T06:00:00","21.06","-128.59",,,"1","4","2","5",,,"11",,,,,,,,,,,,"8",,,,,"9","252",,,,,,,,,,,,,"237","18","798","172","7","0",,"1","1FFFFF","1AAAAAAAA1AAAA","4",,,,,
"4602715","2021-09-30T07:00:00","26.28","-123.45",,,"1","4","2","5",,,"11",,,,,,,,,"10185",,,"8",,,,,"9","212",,,,,,,,,,,,,"237","63","798","172","7","0",,"1","1FFF1F","1AAAA1AAA1AAAA","4",,,,,
"4602718","2021-09-30T07:00:00","28.38","-123.04",,,"1","4","2","5",,,"11",,,,,,,,,"10183",,,"8",,,,,"9","207",,,,,,,,,,,,,"237","83","798","172","7","0",,"1","1FFF1F","1AAAA1AAA1AAAA","4",,,,,
"5102629","2021-09-30T07:00:00","21.99","-127.65",,,"1","4","2","5",,,"11",,,,,,,,,,,,"8",,,,,"9","238",,,,,,,,,,,,,"237","17","798","172","7","0",,"1","1FFFFF","1AAAAAAAA1AAAA","4",,,,,
"5301550","2021-09-30T07:00:00","21.05","-128.60",,,"1","4","2","5",,,"11",,,,,,,,,,,,"8",,,,,"9","252",,,,,,,,,,,,,"237","18","798","172","7","0",,"1","1FFFFF","1AAAAAAAA1AAAA","4",,,,,
"5102629","2021-09-30T08:00:00","21.99","-127.65",,,"1","4","2","5",,,"11",,,,,,,,,,,,"8",,,,,"9","238",,,,,,,,,,,,,"237","17","798","172","7","0",,"1","1FFFFF","1AAAAAAAA1AAAA","4",,,,,
"5301550","2021-09-30T08:00:00","21.04","-128.60",,,"1","4","2","5",,,"11",,,,,,,,,,,,"8",,,,,"9","252",,,,,,,,,,,,,"237","18","798","172","7","0",,"1","1FFFFF","1AAAAAAAA1AAAA","4",,,,,
"4602715","2021-09-30T08:02:00","26.28","-123.46",,,"1","4","2","5",,,"11",,,,,,,,,"10182",,,"8",,,,,"9","212",,,,,,,,,,,,,"237","63","798","172","7","0",,"1","1FFF1F","1AAAA1AAA1AAAA","4",,,,,
"4602718","2021-09-30T08:02:00","28.38","-123.04",,,"1","4","2","5",,,"11",,,,,,,,,"10181",,,"8",,,,,"9","207",,,,,,,,,,,,,"237","83","798","172","7","0",,"1","1FFF1F","1AAAA1AAA1AAAA","4",,,,,
"4602710","2021-09-30T09:00:00","22.27","-121.90",,,"1","4","2","5",,,"11",,,,,,,,,,,,"8",,,,,"9","254",,,,,,,,,,,,,"237","21","798","172","7","0",,"1","1FFFFF","1AAAAAAAA1AAAA","4",,,,,
"4602715","2021-09-30T09:00:00","26.28","-123.47",,,"1","4","2","5",,,"11",,,,,,,,,"10180",,,"8",,,,,"9","212",,,,,,,,,,,,,"237","63","798","172","7","0",,"1","1FFF1F","1AAAA1AAA1AAAA","4",,,,,
"4602718","2021-09-30T09:00:00","28.38","-123.04",,,"1","4","2","5",,,"11",,,,,,,,,"10177",,,"8",,,,,"9","207",,,,,,,,,,,,,"237","83","798","172","7","0",,"1","1FFF1F","1AAAA1AAA1AAAA","4",,,,,
"5102629","2021-09-30T09:00:00","21.99","-127.65",,,"1","4","2","5",,,"11",,,,,,,,,,,,"8",,,,,"9","238",,,,,,,,,,,,,"237","17","798","172","7","0",,"1","1FFFFF","1AAAAAAAA1AAAA","4",,,,,
"5301550","2021-09-30T09:00:00","21.03","-128.60",,,"1","4","2","5",,,"11",,,,,,,,,,,,"8",,,,,"9","252",,,,,,,,,,,,,"237","18","798","172","7","0",,"1","1FFFFF","1AAAAAAAA1AAAA","4",,,,,
"WDG5660","2021-09-30T10:00:00","24.60","-123.00",,,"1","5","2","5","9",,"1",,,,,,,,,"10162","8","17","8","193",,"155","131",,,,,"A",,"A","A",,,,,,,"237","43","798","172","5","1","2","1","F1FF11","1AAAA1111A8AA1",,"5",,,,
"4602715","2021-09-30T11:00:00","26.28","-123.49",,,"1","4","2","5",,,"11",,,,,,,,,"10170",,,"8",,,,,"9","212",,,,,,,,,,,,,"237","63","798","172","7","0",,"1","1FFF1F","1AAAA1AAA1AAAA","4",,,,,
"4602718","2021-09-30T11:00:00","28.38","-123.05",,,"1","4","2","5",,,"11",,,,,,,,,"10170",,,"8",,,,,"9","207",,,,,,,,,,,,,"237","83","798","172","7","0",,"1","1FFF1F","1AAAA1AAA1AAAA","4",,,,,
"5102629","2021-09-30T11:00:00","21.99","-127.65",,,"1","4","2","5",,,"11",,,,,,,,,,,,"8",,,,,"9","238",,,,,,,,,,,,,"237","17","798","172","7","0",,"1","1FFFFF","1AAAAAAAA1AAAA","4",,,,,
"4602710","2021-09-30T12:00:00","22.28","-121.89",,,"1","4","2","5",,,"11",,,,,,,,,,,,"8",,,,,"9","254",,,,,,,,,,,,,"237","21","798","172","7","0",,"1","1FFFFF","1AAAAAAAA1AAAA","4",,,,,
"4602715","2021-09-30T12:00:00","26.28","-123.50",,,"1","4","2","5",,,"11",,,,,,,,,"10167",,,"8",,,,,"9","212",,,,,,,,,,,,,"237","63","798","172","7","0",,"1","1FFF1F","1AAAA1AAA1AAAA","4",,,,,
"4602718","2021-09-30T12:00:00","28.38","-123.05",,,"1","4","2","5",,,"11",,,,,,,,,"10169",,,"8",,,,,"9","207",,,,,,,,,,,,,"237","83","798","172","7","0",,"1","1FFF1F","1AAAA1AAA1AAAA","4",,,,,
"5102629","2021-09-30T12:00:00","21.99","-127.65",,,"1","4","2","5",,,"11",,,,,,,,,,,,"8",,,,,"9","237",,,,,,,,,,,,,"237","17","798","172","7","0",,"1","1FFFFF","1AAAAAAAA1AAAA","4",,,,,
"5301550","2021-09-30T12:00:00","21.01","-128.61",,,"1","4","2","5",,,"11",,,,,,,,,,,,"8",,,,,"9","252",,,,,,,,,,,,,"237","18","798","172","7","0",,"1","1FFFFF","1AAAAAAAA1AAAA","4",,,,,
"5102629","2021-09-30T13:00:00","21.99","-127.65",,,"1","4","2","5",,,"11",,,,,,,,,,,,"8",,,,,"9","237",,,,,,,,,,,,,"237","17","798","172","7","0",,"1","1FFFFF","1AAAAAAAA1AAAA","4",,,,,
"5301550","2021-09-30T13:00:00","21.01","-128.61",,,"1","4","2","5",,,"11",,,,,,,,,,,,"8",,,,,"9","252",,,,,,,,,,,,,"237","18","798","172","7","0",,"1","1FFFFF","1AAAAAAAA1AAAA","4",,,,,
"4602718","2021-09-30T13:01:00","28.38","-123.05",,,"1","4","2","5",,,"11",,,,,,,,,"10172",,,"8",,,,,"9","207",,,,,,,,,,,,,"237","83","798","172","7","0",,"1","1FFF1F","1AAAA1AAA1AAAA","4",,,,,
"4602715","2021-09-30T13:04:00","26.29","-123.50",,,"1","4","2","5",,,"11",,,,,,,,,"10170",,,"8",,,,,"9","212",,,,,,,,,,,,,"237","63","798","172","7","0",,"1","1FFF1F","1AAAA1AAA1AAAA","4",,,,,
"4602715","2021-09-30T14:00:00","26.29","-123.50",,,"1","4","2","5",,,"11",,,,,,,,,"10174",,,"8",,,,,"9","212",,,,,,,,,,,,,"237","63","798","172","7","0",,"1","1FFF1F","1AAAA1AAA1AAAA","4",,,,,
"4602718","2021-09-30T14:00:00","28.38","-123.05",,,"1","4","2","5",,,"11",,,,,,,,,"10174",,,"8",,,,,"9","207",,,,,,,,,,,,,"237","83","798","172","7","0",,"1","1FFF1F","1AAAA1AAA1AAAA","4",,,,,
"5102629","2021-09-30T14:00:00","21.99","-127.65",,,"1","4","2","5",,,"11",,,,,,,,,,,,"8",,,,,"9","237",,,,,,,,,,,,,"237","17","798","172","7","0",,"1","1FFFFF","1AAAAAAAA1AAAA","4",,,,,
"5301550","2021-09-30T14:00:00","21.00","-128.62",,,"1","4","2","5",,,"11",,,,,,,,,,,,"8",,,,,"9","252",,,,,,,,,,,,,"237","18","798","172","7","0",,"1","1FFFFF","1AAAAAAAA1AAAA","4",,,,,
"WDG5660","2021-09-30T14:00:00","24.00","-122.00",,,"1","5","2","5","3","4","1",,,,,,,,,"10158","1","7","8","197",,"156","130",,,,,"A",,"A","A",,,,,,,"237","42","798","172","5","1","2","1","F1FF11","1AAAA1111A8AA1",,"5",,,,
"4602710","2021-09-30T15:00:00","22.28","-121.89",,,"1","4","2","5",,,"11",,,,,,,,,,,,"8",,,,,"9","254",,,,,,,,,,,,,"237","21","798","172","7","0",,"2","1FFFFF","1AAAAAAAA1AAAA","4",,,,,
"4602715","2021-09-30T15:00:00","26.30","-123.50",,,"1","4","2","5",,,"11",,,,,,,,,"10177",,,"8",,,,,"9","212",,,,,,,,,,,,,"237","63","798","172","7","0",,"2","1FFF1F","1AAAA1AAA1AAAA","4",,,,,
"4602718","2021-09-30T15:00:00","28.38","-123.05",,,"1","4","2","5",,,"11",,,,,,,,,"10178",,,"8",,,,,"9","207",,,,,,,,,,,,,"237","83","798","172","7","0",,"2","1FFF1F","1AAAA1AAA1AAAA","4",,,,,
"5102629","2021-09-30T15:00:00","21.99","-127.65",,,"1","4","2","5",,,"11",,,,,,,,,,,,"8",,,,,"9","237",,,,,,,,,,,,,"237","17","798","172","7","0",,"2","1FFFFF","1AAAAAAAA1AAAA","4",,,,,
"5301550","2021-09-30T15:00:00","21.00","-128.62",,,"1","4","2","5",,,"11",,,,,,,,,,,,"8",,,,,"9","252",,,,,,,,,,,,,"237","18","798","172","7","0",,"2","1FFFFF","1AAAAAAAA1AAAA","4",,,,,
"WDG5660","2021-09-30T15:00:00","23.90","-121.70",,,"1","5","2","5","9",,"1",,,,,,,,,"10160","3","5","8","201",,"156","126",,,,,"A",,"A","A",,,,,,,"237","31","798","172","5","1","2","2","F1FF11","1AAAA1111A8AA1",,"5",,,,
"4602718","2021-09-30T16:00:00","28.38","-123.05",,,"1","4","2","5",,,"11",,,,,,,,,"10179",,,"8",,,,,"9","207",,,,,,,,,,,,,"237","83","798","172","7","0",,"2","1FFF1F","1AAAA1AAA1AAAA","4",,,,,
"5102629","2021-09-30T16:00:00","21.99","-127.65",,,"1","4","2","5",,,"11",,,,,,,,,,,,"8",,,,,"9","237",,,,,,,,,,,,,"237","17","798","172","7","0",,"2","1FFFFF","1AAAAAAAA1AAAA","4",,,,,
"5301550","2021-09-30T16:00:00","21.00","-128.63",,,"1","4","2","5",,,"11",,,,,,,,,,,,"8",,,,,"9","252",,,,,,,,,,,,,"237","18","798","172","7","0",,"2","1FFFFF","1AAAAAAAA1AAAA","4",,,,,
"WDG5660","2021-09-30T16:00:00","23.70","-121.50",,,"1","5","2","5","9",,"1",,,,,,,,,"10165","3","8","8","204",,"160","132",,,,,"A",,"A","A",,,,,,,"237","31","798","172","5","1","2","2","F1FF11","1AAAA1111A8AA1",,"5",,,,
"4602715","2021-09-30T16:04:00","26.30","-123.50",,,"1","4","2","5",,,"11",,,,,,,,,"10182",,,"8",,,,,"9","212",,,,,,,,,,,,,"237","63","798","172","7","0",,"2","1FFF1F","1AAAA1AAA1AAAA","4",,,,,
"4602715","2021-09-30T17:00:00","26.30","-123.50",,,"1","4","2","5",,,"11",,,,,,,,,"10184",,,"8",,,,,"9","212",,,,,,,,,,,,,"237","63","798","172","7","0",,"2","1FFF1F","1AAAA1AAA1AAAA","4",,,,,
"4602718","2021-09-30T17:00:00","28.38","-123.04",,,"1","4","2","5",,,"11",,,,,,,,,"10181",,,"8",,,,,"9","207",,,,,,,,,,,,,"237","83","798","172","7","0",,"2","1FFF1F","1AAAA1AAA1AAAA","4",,,,,
"5102629","2021-09-30T17:00:00","21.99","-127.65",,,"1","4","2","5",,,"11",,,,,,,,,,,,"8",,,,,"9","237",,,,,,,,,,,,,"237","17","798","172","7","0",,"2","1FFFFF","1AAAAAAAA1AAAA","4",,,,,
"5301550","2021-09-30T17:00:00","20.99","-128.63",,,"1","4","2","5",,,"11",,,,,,,,,,,,"8",,,,,"9","252",,,,,,,,,,,,,"237","8","798","172","7","0",,"2","1FFFFF","1AAAAAAAA1AAAA","4",,,,,
"WDG5660","2021-09-30T17:00:00","23.60","-121.20",,,"1","5","2","5","3","4","1",,,,,,,,,"10171","1","14","8","210",,"162","132",,,,,"A",,"A","A",,,,,,,"237","31","798","172","5","1","2","2","F1FF11","1AAAA1111A8AA1",,"5",,,,
"4602710","2021-09-30T18:00:00","22.27","-121.90",,,"1","4","2","5",,,"11",,,,,,,,,,,,"8",,,,,"9","254",,,,,,,,,,,,,"237","21","798","172","7","0",,"2","1FFFFF","1AAAAAAAA1AAAA","4",,,,,
"4602715","2021-09-30T18:00:00","26.30","-123.51",,,"1","4","2","5",,,"11",,,,,,,,,"10185",,,"8",,,,,"9","212",,,,,,,,,,,,,"237","63","798","172","7","0",,"2","1FFF1F","1AAAA1AAA1AAAA","4",,,,,
"4602718","2021-09-30T18:00:00","28.38","-123.04",,,"1","4","2","5",,,"11",,,,,,,,,"10180",,,"8",,,,,"9","207",,,,,,,,,,,,,"237","83","798","172","7","0",,"2","1FFF1F","1AAAA1AAA1AAAA","4",,,,,
"5102629","2021-09-30T18:00:00","21.99","-127.65",,,"1","4","2","5",,,"11",,,,,,,,,,,,"8",,,,,"9","237",,,,,,,,,,,,,"237","17","798","172","7","0",,"2","1FFFFF","1AAAAAAAA1AAAA","4",,,,,
"5301550","2021-09-30T18:00:00","20.99","-128.64",,,"1","4","2","5",,,"11",,,,,,,,,,,,"8",,,,,"9","252",,,,,,,,,,,,,"237","8","798","172","7","0",,"2","1FFFFF","1AAAAAAAA1AAAA","4",,,,,
"WDG5660","2021-09-30T18:00:00","23.50","-120.90",,,"1","5","2","5","3","4","1",,,,,,,,,"10170","1","10","8","216",,"168","138",,,,,"A",,"A","A",,,,,,,"237","30","798","172","5","1","2","2","F1FF11","1AAAA1111A8AA1",,"5",,,,
"4602718","2021-09-30T19:00:00","28.37","-123.04",,,"1","4","2","5",,,"11",,,,,,,,,"10178",,,"8",,,,,"9","207",,,,,,,,,,,,,"237","83","798","172","7","0",,"2","1FFF1F","1AAAA1AAA1AAAA","4",,,,,
"5102629","2021-09-30T19:00:00","21.99","-127.65",,,"1","4","2","5",,,"11",,,,,,,,,,,,"8",,,,,"9","237",,,,,,,,,,,,,"237","17","798","172","7","0",,"2","1FFFFF","1AAAAAAAA1AAAA","4",,,,,
"5301550","2021-09-30T19:00:00","20.98","-128.64",,,"1","4","2","5",,,"11",,,,,,,,,,,,"8",,,,,"9","252",,,,,,,,,,,,,"237","8","798","172","7","0",,"2","1FFFFF","1AAAAAAAA1AAAA","4",,,,,
"4602715","2021-09-30T19:04:00","26.29","-123.51",,,"1","4","2","5",,,"11",,,,,,,,,"10186",,,"8",,,,,"9","212",,,,,,,,,,,,,"237","63","798","172","7","0",,"2","1FFF1F","1AAAA1AAA1AAAA","4",,,,,
"4602715","2021-09-30T20:00:00","26.29","-123.51",,,"1","4","2","5",,,"11",,,,,,,,,"10182",,,"8",,,,,"9","213",,,,,,,,,,,,,"237","63","798","172","7","0",,"2","1FFF1F","1AAAA1AAA1AAAA","4",,,,,
"5102629","2021-09-30T20:00:00","21.99","-127.65",,,"1","4","2","5",,,"11",,,,,,,,,,,,"8",,,,,"9","237",,,,,,,,,,,,,"237","17","798","172","7","0",,"2","1FFFFF","1AAAAAAAA1AAAA","4",,,,,
"5301550","2021-09-30T20:00:00","20.97","-128.65",,,"1","4","2","5",,,"11",,,,,,,,,,,,"8",,,,,"9","253",,,,,,,,,,,,,"237","8","798","172","7","0",,"2","1FFFFF","1AAAAAAAA1AAAA","4",,,,,
"4602718","2021-09-30T20:03:00","28.37","-123.04",,,"1","4","2","5",,,"11",,,,,,,,,"10175",,,"8",,,,,"9","207",,,,,,,,,,,,,"237","83","798","172","7","0",,"2","1FFF1F","1AAAA1AAA1AAAA","4",,,,,
"4602710","2021-09-30T21:00:00","22.27","-121.91",,,"1","4","2","5",,,"11",,,,,,,,,,,,"8",,,,,"9","254",,,,,,,,,,,,,"237","21","798","172","7","0",,"2","1FFFFF","1AAAAAAAA1AAAA","4",,,,,
"5102629","2021-09-30T21:00:00","21.99","-127.65",,,"1","4","2","5",,,"11",,,,,,,,,,,,"8",,,,,"9","238",,,,,,,,,,,,,"237","17","798","172","7","0",,"2","1FFFFF","1AAAAAAAA1AAAA","4",,,,,
"5301550","2021-09-30T21:00:00","20.97","-128.66",,,"1","4","2","5",,,"11",,,,,,,,,,,,"8",,,,,"9","253",,,,,,,,,,,,,"237","8","798","172","7","0",,"2","1FFFFF","1AAAAAAAA1AAAA","4",,,,,
"4602715","2021-09-30T21:01:00","26.29","-123.51",,,"1","4","2","5",,,"11",,,,,,,,,"10176",,,"8",,,,,"9","213",,,,,,,,,,,,,"237","63","798","172","7","0",,"2","1FFF1F","1AAAA1AAA1AAAA","4",,,,,
"4602718","2021-09-30T21:01:00","28.37","-123.04",,,"1","4","2","5",,,"11",,,,,,,,,"10167",,,"8",,,,,"9","207",,,,,,,,,,,,,"237","83","798","172","7","0",,"2","1FFF1F","1AAAA1AAA1AAAA","4",,,,,
"4602715","2021-09-30T22:00:00","26.29","-123.51",,,"1","4","2","5",,,"11",,,,,,,,,"10168",,,"8",,,,,"9","213",,,,,,,,,,,,,"237","63","798","172","7","0",,"2","1FFF1F","1AAAA1AAA1AAAA","4",,,,,
"4602718","2021-09-30T22:00:00","28.37","-123.04",,,"1","4","2","5",,,"11",,,,,,,,,"10160",,,"8",,,,,"9","207",,,,,,,,,,,,,"237","83","798","172","7","0",,"2","1FFF1F","1AAAA1AAA1AAAA","4",,,,,
"5102629","2021-09-30T22:00:00","21.99","-127.65",,,"1","4","2","5",,,"11",,,,,,,,,,,,"8",,,,,"9","238",,,,,,,,,,,,,"237","17","798","172","7","0",,"2","1FFFFF","1AAAAAAAA1AAAA","4",,,,,
"5301550","2021-09-30T22:00:00","20.96","-128.67",,,"1","4","2","5",,,"11",,,,,,,,,,,,"8",,,,,"9","253",,,,,,,,,,,,,"237","8","798","172","7","0",,"2","1FFFFF","1AAAAAAAA1AAAA","4",,,,,
"4602718","2021-09-30T23:00:00","28.36","-123.05",,,"1","4","2","5",,,"11",,,,,,,,,"10158",,,"8",,,,,"9","208",,,,,,,,,,,,,"237","83","798","172","7","0",,"2","1FFF1F","1AAAA1AAA1AAAA","4",,,,,
"5102629","2021-09-30T23:00:00","21.99","-127.65",,,"1","4","2","5",,,"11",,,,,,,,,,,,"8",,,,,"9","238",,,,,,,,,,,,,"237","17","798","172","7","0",,"2","1FFFFF","1AAAAAAAA1AAAA","4",,,,,
"5301550","2021-09-30T23:00:00","20.95","-128.67",,,"1","4","2","5",,,"11",,,,,,,,,,,,"8",,,,,"9","252",,,,,,,,,,,,,"237","8","798","172","7","0",,"2","1FFFFF","1AAAAAAAA1AAAA","4",,,,,
"4602715","2021-09-30T23:01:00","26.29","-123.51",,,"1","4","2","5",,,"11",,,,,,,,,"10166",,,"8",,,,,"9","213",,,,,,,,,,,,,"237","63","798","172","7","0",,"2","1FFF1F","1AAAA1AAA1AAAA","4",,,,,
