"STATION","DATE","LATITUDE","LONGITUDE","ELEVATION","NAME","IMMA_VER","ATTM_CT","TIME_IND","LL_IND","SHIP_COURSE","SHIP_SPD","NAT_SOURCE_IND","ID_IND","WIND_DIR_IND","WIND_DIR","WIND_SPD_IND","WIND_SPEED","VV_IND","VISIBILITY","PRES_WX","PAST_WX","SEA_LVL_PRES","CHAR_PPP","AMT_PRES_TEND","IND_FOR_TEMP","AIR_TEMP","IND_FOR_WBT","WET_BULB_TEMP","DEW_PT_TEMP","SST_MM","SEA_SURF_TEMP","TOT_CLD_AMT","LOW_CLD_AMT","LOW_CLD_TYPE","CLD_HGT","MID_CLD_TYPE","HI_CLD_TYPE","WAVE_DIR","WAVE_PERIOD","WAVE_HGT","SWELL_DIR","SWELL_PERIOD","SWELL_HGT","TEN_BOX_NUM","ONE_BOX_NUM","DECK","SOURCE_ID","PLATFORM_ID","DUP_STATUS","DUP_CHK","NIGHT_DAY_FLAG","TRIM_FLAG","NCDC_QC_FLAGS","SOURCE_EXCLUSION_FLAG","OB_SOURCE","STA_WX_IND","PAST_WX2","DIR_OF_SWELL2","PER_OF_SWELL2","HGT_OF_SWELL2","THICKNESS_OF_I","CONCEN_OF_SEA_ICE","ICE_OF_LAND_ORIGIN","IND_FOR_PRECIP"
"LAQQ7","2017-09-01T00:00:00","29.90","-123.60",,,"1","6","2","5","3","3",,"1",,"330","4","113","1","97",,"0","10150","4","0","8","200",,"195","193","1","206","3","1","1","5","9","8",,"10","4","35","12","5","237","93","798","172","5","1","2","2","111111","111A1111111111",,"5",,"0","32","8","3",,,,
"2100914","2017-09-01T00:10:00","29.41","-128.28",,,"1","4","2","5",,,,"11",,,,,,,,,"10140",,,"8",,,,,"9","208",,,,,,,,,,,,,"237","98","798","172","7","1","2","2","1FFF1F","1AAAA1AAA1AAAA","4",,,,,,,,,,
"2100914","2017-09-01T01:10:00","29.41","-128.28",,,"1","4","2","5",,,,"11",,,,,,,,,"10137",,,"8",,,,,"9","208",,,,,,,,,,,,,"237","98","798","172","7","1","2","2","1FFF1F","1AAAA1AAA1AAAA","4",,,,,,,,,,
"2100914","2017-09-01T02:10:00","29.39","-128.27",,,"1","4","2","5",,,,"11",,,,,,,,,"10139",,,"8",,,,,"9","208",,,,,,,,,,,,,"237","98","798","172","7","1","2","2","1FFF1F","1AAAA1AAA1AAAA","4",,,,,,,,,,
"2100914","2017-09-01T03:10:00","29.38","-128.27",,,"1","4","2","5",,,,"11",,,,,,,,,"10141",,,"8",,,,,"9","207",,,,,,,,,,,,,"237","98","798","172","7","1","2","1","1FFF1F","1AAAA1AAA1AAAA","4",,,,,,,,,,
"2100914","2017-09-01T04:10:00","29.39","-128.27",,,"1","4","2","5",,,,"11",,,,,,,,,"10144",,,"8",,,,,"9","207",,,,,,,,,,,,,"237","98","798","172","7","1","2","1","1FFF1F","1AAAA1AAA1AAAA","4",,,,,,,,,,
"2100914","2017-09-01T05:10:00","29.38","-128.29",,,"1","4","2","5",,,,"11",,,,,,,,,"10146",,,"8",,,,,"9","207",,,,,,,,,,,,,"237","98","798","172","7","1","2","1","1FFF1F","1AAAA1AAA1AAAA","4",,,,,,,,,,
"LAQQ7","2017-09-01T06:00:00","29.10","-122.20",,,"1","6","2","5","3","3",,"1",,"360","4","87",,,,"2","10120","6","10","8","190",,"180","175","1","209","7","7","7","6","4","0",,"5","3","19","5","3","237","92","798","172","5","1","2","1","111111","11AA1111111111",,"5",,"2",,,,,,,
"2100914","2017-09-01T07:10:00","29.37","-128.28",,,"1","4","2","5",,,,"11",,,,,,,,,"10147",,,"8",,,,,"9","207",,,,,,,,,,,,,"237","98","798","172","7","1","2","1","1FFF1F","1AAAA1AAA1AAAA","4",,,,,,,,,,
"2100914","2017-09-01T08:10:00","29.37","-128.28",,,"1","4","2","5",,,,"11",,,,,,,,,"10146",,,"8",,,,,"9","207",,,,,,,,,,,,,"237","98","798","172","7","1","2","1","1FFF1F","1AAAA1AAA1AAAA","4",,,,,,,,,,
"2100914","2017-09-01T09:10:00","29.37","-128.28",,,"1","4","2","5",,,,"11",,,,,,,,,"10141",,,"8",,,,,"9","206",,,,,,,,,,,,,"237","98","798","172","7","1","2","1","1FFF1F","1AAAA1AAA1AAAA","4",,,,,,,,,,
"2100914","2017-09-01T10:10:00","29.37","-128.28",,,"1","4","2","5",,,,"11",,,,,,,,,"10138",,,"8",,,,,"9","206",,,,,,,,,,,,,"237","98","798","172","7","1","2","1","1FFF1F","1AAAA1AAA1AAAA","4",,,,,,,,,,
"2100914","2017-09-01T11:10:00","29.37","-128.28",,,"1","4","2","5",,,,"11",,,,,,,,,"10134",,,"8",,,,,"9","206",,,,,,,,,,,,,"237","98","798","172","7","1","2","1","1FFF1F","1AAAA1AAA1AAAA","4",,,,,,,,,,
"LAQQ7","2017-09-01T12:00:00","28.30","-120.90",,,"1","6","2","5","3","3",,"1",,"350","4","46","1","96","3","2","10115","7","5","8","190",,"180","175","1","210","8","7","3","1","9","7",,"12","2","35","10","2","237","80","798","172","5","1","2","1","111111","11141111111111",,"5",,"2",,,,,,,
"2100914","2017-09-01T12:10:00","29.37","-128.28",,,"1","4","2","5",,,,"11",,,,,,,,,"10133",,,"8",,,,,"9","206",,,,,,,,,,,,,"237","98","798","172","7","1","2","1","1FFF1F","1AAAA1AAA1AAAA","4",,,,,,,,,,
"2100914","2017-09-01T13:10:00","29.36","-128.28",,,"1","4","2","5",,,,"11",,,,,,,,,"10130",,,"8",,,,,"9","206",,,,,,,,,,,,,"237","98","798","172","7","1","2","1","1FFF1F","1AAAA1AAA1AAAA","4",,,,,,,,,,
"2100914","2017-09-01T14:10:00","29.36","-128.28",,,"1","4","2","5",,,,"11",,,,,,,,,"10135",,,"8",,,,,"9","206",,,,,,,,,,,,,"237","98","798","172","7","1","2","1","1FFF1F","1AAAA1AAA1AAAA","4",,,,,,,,,,
"2100914","2017-09-01T15:10:00","29.36","-128.28",,,"1","4","2","5",,,,"11",,,,,,,,,"10135",,,"8",,,,,"9","206",,,,,,,,,,,,,"237","98","798","172","7","1","2","2","1FFF1F","1AAAA1AAA1AAAA","4",,,,,,,,,,
"2100914","2017-09-01T16:10:00","29.36","-128.28",,,"1","4","2","5",,,,"11",,,,,,,,,"10136",,,"8",,,,,"9","206",,,,,,,,,,,,,"237","98","798","172","7","1","2","2","1FFF1F","1AAAA1AAA1AAAA","4",,,,,,,,,,
"2100914","2017-09-01T17:10:00","29.36","-128.28",,,"1","4","2","5",,,,"11",,,,,,,,,"10137",,,"8",,,,,"9","206",,,,,,,,,,,,,"237","98","798","172","7","1","2","2","1FFF1F","1AAAA1AAA1AAAA","4",,,,,,,,,,
"2100914","2017-09-01T18:10:00","29.37","-128.26",,,"1","4","2","5",,,,"11",,,,,,,,,"10138",,,"8",,,,,"9","207",,,,,,,,,,,,,"237","98","798","172","7","1","2","2","1FFF1F","1AAAA1AAA1AAAA","4",,,,,,,,,,
"2100914","2017-09-01T19:10:00","29.36","-128.26",,,"1","4","2","5",,,,"11",,,,,,,,,"10135",,,"8",,,,,"9","207",,,,,,,,,,,,,"237","98","798","172","7","1","2","2","1FFF1F","1AAAA1AAA1AAAA","4",,,,,,,,,,
"2100914","2017-09-01T20:10:00","29.36","-128.25",,,"1","4","2","5",,,,"11",,,,,,,,,"10132",,,"8",,,,,"9","208",,,,,,,,,,,,,"237","98","798","172","7","1","2","2","1FFF1F","1AAAA1AAA1AAAA","4",,,,,,,,,,
"BKKH","2017-09-01T21:00:00","26.30","-126.90",,,"1","5","2","5","6","3",,"1",,"60","4","134","1","97","3","2","10110","2","10","8","230",,,,,,"8","7","7","2","7","A",,"6","3",,,,"237","66","798","172","5","1","2","2","F1211F","1111111AAA11A1",,"5",,"2",,,,,,,
"2100914","2017-09-01T21:10:00","29.37","-128.23",,,"1","4","2","5",,,,"11",,,,,,,,,"10128",,,"8",,,,,"9","208",,,,,,,,,,,,,"237","98","798","172","7","1","2","2","1FFF1F","1AAAA1AAA1AAAA","4",,,,,,,,,,
"2100914","2017-09-01T22:10:00","29.36","-128.25",,,"1","4","2","5",,,,"11",,,,,,,,,"10121",,,"8",,,,,"9","208",,,,,,,,,,,,,"237","98","798","172","7","1","2","2","1FFF1F","1AAAA1AAA1AAAA","4",,,,,,,,,,
"2100914","2017-09-01T23:10:00","29.37","-128.23",,,"1","4","2","5",,,,"11",,,,,,,,,"10118",,,"8",,,,,"9","209",,,,,,,,,,,,,"237","98","798","172","7","1","2","2","1FFF1F","1AAAA1AAA1AAAA","4",,,,,,,,,,
"2100914","2017-09-02T00:10:00","29.37","-128.23",,,"1","4","2","5",,,,"11",,,,,,,,,"10113",,,"8",,,,,"9","209",,,,,,,,,,,,,"237","98","798","172","7","1","2","2","1FFF1F","1AAAA1AAA1AAAA","4",,,,,,,,,,
"2100914","2017-09-02T01:10:00","29.37","-128.23",,,"1","4","2","5",,,,"11",,,,,,,,,"10113",,,"8",,,,,"9","209",,,,,,,,,,,,,"237","98","798","172","7","1","2","2","1FFF1F","1AAAA1AAA1AAAA","4",,,,,,,,,,
"2100914","2017-09-02T02:10:00","29.35","-128.21",,,"1","4","2","5",,,,"11",,,,,,,,,"10113",,,"8",,,,,"9","208",,,,,,,,,,,,,"237","98","798","172","7","1","2","2","1FFF1F","1AAAA1AAA1AAAA","4",,,,,,,,,,
"2100914","2017-09-02T03:10:00","29.35","-128.21",,,"1","4","2","5",,,,"11",,,,,,,,,"10115",,,"8",,,,,"9","208",,,,,,,,,,,,,"237","98","798","172","7","1","2","1","1FFF1F","1AAAA1AAA1AAAA","4",,,,,,,,,,
"2100914","2017-09-02T04:10:00","29.33","-128.22",,,"1","4","2","5",,,,"11",,,,,,,,,"10121",,,"8",,,,,"9","208",,,,,,,,,,,,,"237","98","798","172","7","1","2","1","1FFF1F","1AAAA1AAA1AAAA","4",,,,,,,,,,
"2100914","2017-09-02T05:10:00","29.33","-128.21",,,"1","4","2","5",,,,"11",,,,,,,,,"10126",,,"8",,,,,"9","208",,,,,,,,,,,,,"237","98","798","172","7","1","2","1","1FFF1F","1AAAA1AAA1AAAA","4",,,,,,,,,,
"DGZR2","2017-09-02T06:00:00","29.20","-120.90",,,"1","6","2","5","3","4",,"1",,"300",,"77","1","97","2","2","10100","4","0","8","184",,,,"1","190","8",,"7","2","A","A","30",,"2","33","5","3","237","90","798","172","5","1","2","1","11111F","1111111AA11311",,"5",,"2",,,,,,,
"2100914","2017-09-02T06:10:00","29.33","-128.21",,,"1","4","2","5",,,,"11",,,,,,,,,"10130",,,"8",,,,,"9","208",,,,,,,,,,,,,"237","98","798","172","7","1","2","1","1FFF1F","1AAAA1AAA1AAAA","4",,,,,,,,,,
"2100914","2017-09-02T08:10:00","29.33","-128.21",,,"1","4","2","5",,,,"11",,,,,,,,,"10129",,,"8",,,,,"9","207",,,,,,,,,,,,,"237","98","798","172","7","1","2","1","1FFF1F","1AAAA1AAA1AAAA","4",,,,,,,,,,
"2100914","2017-09-02T09:10:00","29.33","-128.21",,,"1","4","2","5",,,,"11",,,,,,,,,"10128",,,"8",,,,,"9","207",,,,,,,,,,,,,"237","98","798","172","7","1","2","1","1FFF1F","1AAAA1AAA1AAAA","4",,,,,,,,,,
"2100914","2017-09-02T10:10:00","29.33","-128.21",,,"1","4","2","5",,,,"11",,,,,,,,,"10123",,,"8",,,,,"9","207",,,,,,,,,,,,,"237","98","798","172","7","1","2","1","1FFF1F","1AAAA1AAA1AAAA","4",,,,,,,,,,
"2100914","2017-09-02T11:10:00","29.33","-128.24",,,"1","4","2","5",,,,"11",,,,,,,,,"10122",,,"8",,,,,"9","207",,,,,,,,,,,,,"237","98","798","172","7","1","2","1","1FFF1F","1AAAA1AAA1AAAA","4",,,,,,,,,,
"BKIF","2017-09-02T12:00:00","24.20","-120.30",,,"1","6","2","5","7","3",,"1",,"290","4","67","1","98",,"2","10140","3","20","8","220",,"210","205","1","250","7","7","4","4","7","8",,"5","4","17","5","4","237","40","798","172","5","1","2","1","113111","111A1111111111",,"5",,"2",,,,"0","0",,
"2100914","2017-09-02T12:10:00","29.33","-128.21",,,"1","4","2","5",,,,"11",,,,,,,,,"10121",,,"8",,,,,"9","207",,,,,,,,,,,,,"237","98","798","172","7","1","2","1","1FFF1F","1AAAA1AAA1AAAA","4",,,,,,,,,,
"2100914","2017-09-02T13:10:00","29.33","-128.22",,,"1","4","2","5",,,,"11",,,,,,,,,"10123",,,"8",,,,,"9","207",,,,,,,,,,,,,"237","98","798","172","7","1","2","1","1FFF1F","1AAAA1AAA1AAAA","4",,,,,,,,,,
"2100914","2017-09-02T14:10:00","29.33","-128.22",,,"1","4","2","5",,,,"11",,,,,,,,,"10127",,,"8",,,,,"9","206",,,,,,,,,,,,,"237","98","798","172","7","1","2","1","1FFF1F","1AAAA1AAA1AAAA","4",,,,,,,,,,
"OZWA2","2017-09-02T15:00:00","29.30","-121.10",,,"1","6","2","5","3","5",,"1",,"280","4","72","1","97","2","1","10083",,,"8","190",,"170","157","1","190",,,"A",,"A","A",,,,,,,"237","91","798","172","5","1","2","2","111111","11111111118AAA",,"5",,"1",,,,,,,
"2100914","2017-09-02T15:10:00","29.33","-128.22",,,"1","4","2","5",,,,"11",,,,,,,,,"10133",,,"8",,,,,"9","206",,,,,,,,,,,,,"237","98","798","172","7","1","2","2","1FFF1F","1AAAA1AAA1AAAA","4",,,,,,,,,,
"2100914","2017-09-02T16:10:00","29.33","-128.22",,,"1","4","2","5",,,,"11",,,,,,,,,"10139",,,"8",,,,,"9","206",,,,,,,,,,,,,"237","98","798","172","7","1","2","2","1FFF1F","1AAAA1AAA1AAAA","4",,,,,,,,,,
"BKKH","2017-09-02T22:00:00","27.80","-126.90",,,"1","5","2","5","6","3",,"1",,"150","4","72","1","98","2","0","10140","2","10","8","250",,,,,,"3","2","1","A","6","5",,"9","1",,,,"237","76","798","172","5","1","2","2","F1151F","1111111AAA11A1",,"5",,"0",,,,,,,
"2100914","2017-09-02T23:10:00","29.34","-128.22",,,"1","4","2","5",,,,"11",,,,,,,,,"10137",,,"8",,,,,"9","218",,,,,,,,,,,,,"237","98","798","172","7","1","2","2","1FFF1F","1AAAA1AAA1AAAA","4",,,,,,,,,,
"BKIF","2017-09-03T00:00:00","26.10","-125.30",,,"1","6","2","5","7","3",,"1",,"290","4","46","1","98",,"1","10140","7","10","8","240",,"200","177","1","260","6","6","1","4","4","6",,"5","4","16","5","4","237","65","798","172","5","1","2","2","511111","111A1111111111",,"5",,"1",,,,,"0","0",
"2100914","2017-09-03T01:10:00","29.34","-128.22",,,"1","4","2","5",,,,"11",,,,,,,,,"10137",,,"8",,,,,"9","215",,,,,,,,,,,,,"237","98","798","172","7","1","2","2","1FFF1F","1AAAA1AAA1AAAA","4",,,,,,,,,,
"A8LP6","2017-09-03T03:00:00","28.20","-120.60",,,"1","6","2","5","7","4",,"1",,"250","4","67","1","97","2","2","10100","5","0","8","211",,,,"3","210","7","7","7","2","A","A",,"4","2","26","10","4","237","80","798","172","5","1","2","1","11111F","1111111AA11111",,"5",,"2",,,,,,,
"2100914","2017-09-03T03:10:00","29.34","-128.22",,,"1","4","2","5",,,,"11",,,,,,,,,"10143",,,"8",,,,,"9","213",,,,,,,,,,,,,"237","98","798","172","7","1","2","1","1FFF1F","1AAAA1AAA1AAAA","4",,,,,,,,,,
"2100914","2017-09-03T04:10:00","29.34","-128.22",,,"1","4","2","5",,,,"11",,,,,,,,,"10149",,,"8",,,,,"9","212",,,,,,,,,,,,,"237","98","798","172","7","1","2","1","1FFF1F","1AAAA1AAA1AAAA","4",,,,,,,,,,
"A8LP6","2017-09-03T05:00:00","28.70","-121.30",,,"1","6","2","5","7","4",,"1",,"270","4","72","1","97","2","1","10120",,,"8","210",,"200","195","3","200",,,"A",,"A","A",,,"6",,,,"237","81","798","172","5","1","2","1","111111","111111111183AA",,"5",,"1",,,,,,,
"2100914","2017-09-03T09:10:00","29.34","-128.22",,,"1","4","2","5",,,,"11",,,,,,,,,"10156",,,"8",,,,,"9","209",,,,,,,,,,,,,"237","98","798","172","7","1","2","1","1FFF1F","1AAAA1AAA1AAAA","4",,,,,,,,,,
"2100914","2017-09-03T10:10:00","29.34","-128.22",,,"1","4","2","5",,,,"11",,,,,,,,,"10156",,,"8",,,,,"9","208",,,,,,,,,,,,,"237","98","798","172","7","1","2","1","1FFF1F","1AAAA1AAA1AAAA","4",,,,,,,,,,
"2100914","2017-09-03T12:10:00","29.34","-128.22",,,"1","4","2","5",,,,"11",,,,,,,,,"10161",,,"8",,,,,"9","208",,,,,,,,,,,,,"237","98","798","172","7","1","2","1","1FFF1F","1AAAA1AAA1AAAA","4",,,,,,,,,,
"2100914","2017-09-03T13:10:00","29.34","-128.22",,,"1","4","2","5",,,,"11",,,,,,,,,"10165",,,"8",,,,,"9","208",,,,,,,,,,,,,"237","98","798","172","7","1","2","1","1FFF1F","1AAAA1AAA1AAAA","4",,,,,,,,,,
"2100914","2017-09-03T14:10:00","29.34","-128.22",,,"1","4","2","5",,,,"11",,,,,,,,,"10168",,,"8",,,,,"9","207",,,,,,,,,,,,,"237","98","798","172","7","1","2","1","1FFF1F","1AAAA1AAA1AAAA","4",,,,,,,,,,
"2100914","2017-09-03T15:10:00","29.34","-128.22",,,"1","4","2","5",,,,"11",,,,,,,,,"10174",,,"8",,,,,"9","207",,,,,,,,,,,,,"237","98","798","172","7","1","2","2","1FFF1F","1AAAA1AAA1AAAA","4",,,,,,,,,,
"2100914","2017-09-03T16:10:00","29.34","-128.22",,,"1","4","2","5",,,,"11",,,,,,,,,"10180",,,"8",,,,,"9","207",,,,,,,,,,,,,"237","98","798","172","7","1","2","2","1FFF1F","1AAAA1AAA1AAAA","4",,,,,,,,,,
"2100914","2017-09-03T17:10:00","29.34","-128.22",,,"1","4","2","5",,,,"11",,,,,,,,,"10184",,,"8",,,,,"9","207",,,,,,,,,,,,,"237","98","798","172","7","1","2","2","1FFF1F","1AAAA1AAA1AAAA","4",,,,,,,,,,
"2100914","2017-09-03T23:10:00","29.34","-128.12",,,"1","4","2","5",,,,"11",,,,,,,,,"10172",,,"8",,,,,"9","211",,,,,,,,,,,,,"237","98","798","172","7","1","2","2","1FFF1F","1AAAA1AAA1AAAA","4",,,,,,,,,,
"9V9290","2017-09-04T00:00:00","29.90","-120.80",,,"1","6","2","5","3","5",,"1",,"310","4","87","1","97","2",,"10150","6","10","8","200",,"180","167","1","200",,,"6",,"7","7",,,,,,,"237","90","798","172","5","1","2","2","111111","1111A111118AA1",,"5",,,,,,,,,
"2100914","2017-09-04T01:10:00","29.34","-128.12",,,"1","4","2","5",,,,"11",,,,,,,,,"10173",,,"8",,,,,"9","211",,,,,,,,,,,,,"237","98","798","172","7","1","2","2","1FFF1F","1AAAA1AAA1AAAA","4",,,,,,,,,,
"2100914","2017-09-04T03:10:00","29.34","-128.12",,,"1","4","2","5",,,,"11",,,,,,,,,"10177",,,"8",,,,,"9","210",,,,,,,,,,,,,"237","98","798","172","7","1","2","1","1FFF1F","1AAAA1AAA1AAAA","4",,,,,,,,,,
"2100914","2017-09-04T04:10:00","29.34","-128.12",,,"1","4","2","5",,,,"11",,,,,,,,,"10183",,,"8",,,,,"9","210",,,,,,,,,,,,,"237","98","798","172","7","1","2","1","1FFF1F","1AAAA1AAA1AAAA","4",,,,,,,,,,
"2100914","2017-09-04T09:10:00","29.34","-128.12",,,"1","4","2","5",,,,"11",,,,,,,,,"10177",,,"8",,,,,"9","209",,,,,,,,,,,,,"237","98","798","172","7","1","2","1","1FFF1F","1AAAA1AAA1AAAA","4",,,,,,,,,,
"2100914","2017-09-04T11:10:00","29.34","-128.12",,,"1","4","2","5",,,,"11",,,,,,,,,"10169",,,"8",,,,,"9","209",,,,,,,,,,,,,"237","98","798","172","7","1","2","1","1FFF1F","1AAAA1AAA1AAAA","4",,,,,,,,,,
"2100914","2017-09-04T12:10:00","29.33","-128.10",,,"1","4","2","5",,,,"11",,,,,,,,,"10167",,,"8",,,,,"9","209",,,,,,,,,,,,,"237","98","798","172","7","1","2","1","1FFF1F","1AAAA1AAA1AAAA","4",,,,,,,,,,
"2100914","2017-09-04T13:10:00","29.34","-128.12",,,"1","4","2","5",,,,"11",,,,,,,,,"10169",,,"8",,,,,"9","209",,,,,,,,,,,,,"237","98","798","172","7","1","2","1","1FFF1F","1AAAA1AAA1AAAA","4",,,,,,,,,,
"2100914","2017-09-04T14:10:00","29.34","-128.12",,,"1","4","2","5",,,,"11",,,,,,,,,"10171",,,"8",,,,,"9","208",,,,,,,,,,,,,"237","98","798","172","7","1","2","1","1FFF1F","1AAAA1AAA1AAAA","4",,,,,,,,,,
"2100914","2017-09-04T15:10:00","29.34","-128.12",,,"1","4","2","5",,,,"11",,,,,,,,,"10171",,,"8",,,,,"9","208",,,,,,,,,,,,,"237","98","798","172","7","1","2","2","1FFF1F","1AAAA1AAA1AAAA","4",,,,,,,,,,
"2100914","2017-09-04T16:10:00","29.33","-128.10",,,"1","4","2","5",,,,"11",,,,,,,,,"10171",,,"8",,,,,"9","208",,,,,,,,,,,,,"237","98","798","172","7","1","2","2","1FFF1F","1AAAA1AAA1AAAA","4",,,,,,,,,,
"2100914","2017-09-05T01:10:00","29.33","-128.10",,,"1","4","2","5",,,,"11",,,,,,,,,"10150",,,"8",,,,,"9","212",,,,,,,,,,,,,"237","98","798","172","7","1","2","2","1FFF1F","1AAAA1AAA1AAAA","4",,,,,,,,,,
"2100914","2017-09-05T03:10:00","29.33","-128.10",,,"1","4","2","5",,,,"11",,,,,,,,,"10149",,,"8",,,,,"9","211",,,,,,,,,,,,,"237","98","798","172","7","1","2","1","1FFF1F","1AAAA1AAA1AAAA","4",,,,,,,,,,
"2100914","2017-09-05T12:10:00","29.33","-128.10",,,"1","4","2","5",,,,"11",,,,,,,,,"10151",,,"8",,,,,"9","210",,,,,,,,,,,,,"237","98","798","172","7","1","2","1","1FFF1F","1AAAA1AAA1AAAA","4",,,,,,,,,,
"2100914","2017-09-05T13:10:00","29.33","-128.10",,,"1","4","2","5",,,,"11",,,,,,,,,"10153",,,"8",,,,,"9","209",,,,,,,,,,,,,"237","98","798","172","7","1","2","1","1FFF1F","1AAAA1AAA1AAAA","4",,,,,,,,,,
"2100914","2017-09-05T15:10:00","29.33","-128.10",,,"1","4","2","5",,,,"11",,,,,,,,,"10160",,,"8",,,,,"9","209",,,,,,,,,,,,,"237","98","798","172","7","1","2","2","1FFF1F","1AAAA1AAA1AAAA","4",,,,,,,,,,
"2100914","2017-09-06T00:10:00","29.33","-128.10",,,"1","4","2","5",,,,"11",,,,,,,,,"10156",,,"8",,,,,"9","220",,,,,,,,,,,,,"237","98","798","172","7","1","2","2","1FFF1F","1AAAA1AAA1AAAA","4",,,,,,,,,,
"2100914","2017-09-06T01:10:00","29.33","-128.10",,,"1","4","2","5",,,,"11",,,,,,,,,"10158",,,"8",,,,,"9","220",,,,,,,,,,,,,"237","98","798","172","7","1","2","2","1FFF1F","1AAAA1AAA1AAAA","4",,,,,,,,,,
"2100914","2017-09-06T02:10:00","29.33","-128.10",,,"1","4","2","5",,,,"11",,,,,,,,,"10160",,,"8",,,,,"9","218",,,,,,,,,,,,,"237","98","798","172","7","1","2","2","1FFF1F","1AAAA1AAA1AAAA","4",,,,,,,,,,
"2100914","2017-09-06T13:10:00","29.33","-128.10",,,"1","4","2","5",,,,"11",,,,,,,,,"10176",,,"8",,,,,"9","212",,,,,,,,,,,,,"237","98","798","172","7","1","2","1","1FFF1F","1AAAA1AAA1AAAA","4",,,,,,,,,,
"2100914","2017-09-06T14:10:00","29.33","-128.10",,,"1","4","2","5",,,,"11",,,,,,,,,"10177",,,"8",,,,,"9","211",,,,,,,,,,,,,"237","98","798","172","7","1","2","1","1FFF1F","1AAAA1AAA1AAAA","4",,,,,,,,,,
"2100914","2017-09-06T15:10:00","29.33","-128.10",,,"1","4","2","5",,,,"11",,,,,,,,,"10181",,,"8",,,,,"9","211",,,,,,,,,,,,,"237","98","798","172","7","1","2","2","1FFF1F","1AAAA1AAA1AAAA","4",,,,,,,,,,
"D5CL4","2017-09-07T10:00:00","29.40","-120.80",,,"1","6","2","5","3","4",,"1",,"330","4","82","1","98","2","2","10175","6","5","8","195",,"180","172","3","180","8","8","6","3","A","A",,"6","2",,,,"237","90","798","172","5","1","2","1","111111","111111111111A1",,"5",,"2",,,,,,,
"SHIP","2017-09-10T17:00:00","24.80","-123.00",,,"1","6","2","5","9",,,"2","0","10","4","31","1","98","3","1","10168","5","10","8","240","0","220","211","1","260","4","3","1","7","3","3",,"5","2","5","4","2","237","43","798","172","5","0","2","2","311111","11111111111111",,"5","1","1","2","3","2",,,,"4"
"A8JE6","2017-09-10T18:00:00","29.40","-120.60",,,"1","4","0","0","7","3",,"1","0","330","4","62",,"98","2","2","10150","4","0","0","210","0","180","164",,,"4","3","1","4","6","1",,,"1","0",,,"237","90","992","114","5","1","2","2","F11111","111111111A1331",,,"1","2","0",,,,,,"4"
"DGWF2","2017-09-11T22:00:00","28.90","-120.30",,,"1","6","2","5","7","4",,"1",,"310",,"31","1","98","2","1","10133","7","9","8","226",,,"164","1","220","3","3","1","5","4","1","31","2","1",,,,"237","80","798","172","5","0",,"2","111111","1111111A1111A1",,"5",,"1",,,,,,,
"CQCU","2017-09-14T00:00:00","29.50","-126.70",,,"1","6","2","5","3","4",,"1",,"10","4","46","1","98","3","2","10147","6","8","8","225",,"190","172","3","200","8","4","0","1","A","A",,,"1","32","12","2","237","96","798","172","5","1","2","2","111111","11111111111311",,"5",,"2",,,,,,,
"CQCU","2017-09-14T06:00:00","28.70","-124.90",,,"1","6","2","5","3","4",,"1",,"30","4","26","1","98","2","2","10161","3","1","8","215",,"185","169","3","200","8","5","7","4","A","A",,,,,,,"237","84","798","172","5","1","2","1","111111","11111111111AA1",,"5",,"2",,,,,,,
"CQCU","2017-09-14T12:00:00","27.80","-123.20",,,"1","6","2","5","3","4",,"1",,"340","4","57","1","98","2","2","10151","5","2","8","215",,"175","152","3","210","8","2","7","2","A","A",,"3","1","32","10","3","237","73","798","172","5","1","2","1","111111","11111111111111",,"5",,"2",,,,,,,
"A8LL9","2017-09-14T18:00:00","27.60","-121.40",,,"1","6","2","5","3","4",,"1",,"360","4","57","1","98","3","2","10161",,,"8","215",,,,"3","201","7","4","8","5","7","2",,"7","1",,,,"237","71","798","172","5","1","2","2","11111F","1111111AA111AA",,"5",,"2",,,,,,,
"CQCU","2017-09-14T18:00:00","26.80","-121.50",,,"1","6","2","5","3","4",,"1",,"20","4","46","1","98","1","2","10171","2","15","8","230",,"179","150","3","210","7","6","5","5","6","A",,,,"34","4","2","237","61","798","172","5","1","2","2","111111","11111111111A11",,"5",,"2",,,,,,,
"CQCU","2017-09-14T21:00:00","26.30","-120.70",,,"1","6","2","5","3","4",,"1",,"40","4","46","1","98","2","0","10158","8","13","8","230",,"185","161","3","210","2","1","1","3","4","5",,"2","1","33","13","2","237","60","798","172","5","1","2","2","111111","11111111111131",,"5",,"0",,,,,,,
"VRLN5","2017-09-15T00:00:00","27.30","-120.80",,,"1","6","2","5","3","4",,"1",,"330",,"51","1","98","2","2","10145","4","0","8","240",,"210","196",,"220","6","6","9","6","6","8",,"4","3",,"6","2","237","70","798","172","5","1","2","2","111111","11111111111171",,"5",,"2",,,,,,,
"VRHE3","2017-09-16T06:00:00","28.90","-123.40",,,"1","6","2","5","3","4",,"1",,"360","4","72","1","98","3","2","10170",,,"8","190",,"150","118","1","226","4","4","5","5","4","5",,"6","2","36","12","3","237","83","798","172","5","1","2","1","111111","1111111111111A",,"5",,"2",,,,,,,
"H9LA","2017-09-16T18:00:00","29.00","-126.90",,,"1","6","2","5","3","4",,"1",,"270","4","51","1","97","3","2","10186","5","8","8","200","0","190","185","1","200","6","6","2","5","8","9",,"8","1","15","7","2","237","96","798","172","5","1","2","2","111111","11111111111111",,"5",,"2",,,,,,,
"VRHE3","2017-09-16T18:00:00","26.30","-120.70",,,"1","6","2","5","3","4",,"1",,"20","4","57","1","98","3","2","10170",,,"8","220",,"160","113","1","230","7","7","4","5","6","4",,"6","2","36","10","3","237","60","798","172","5","1","2","2","111112","1111111111111A",,"5",,"2",,,,,,,
"H9LA","2017-09-17T06:00:00","27.00","-123.60",,,"1","6","2","5","3","4",,"1",,"30","4","62","1","97","3","2","10167","5","12","8","190","0","180","175","1","210","4","2","A","6","A","A",,,,,,,"237","73","798","172","5","1","2","1","111111","11111111111AA1",,"5",,"2",,,,,,,
"H9LA","2017-09-17T12:00:00","25.90","-122.00",,,"1","6","2","5","2","4",,"1",,"340","4","51","1","97","1",,"10146","6","8","8","190","0","180","175","1","210","7","7","5","4","9","6",,"1","1","1","3","2","237","52","798","172","5","1","2","1","111111","1111A111111111",,"5",,,,,,,,,
"CQIB5","2017-09-17T18:00:00","25.50","-121.60",,,"1","4","0","0","6","3",,"1","0","10","4","21",,"99","2","2","10180","1",,"0","240","0","210","194","1","220","6","2","5","8","7","3",,"2","0","35","4","3","237","51","992","114","5","1","2","2","111111","11111111111117",,,"1","2",,,,,,,"4"
"H9LA","2017-09-17T18:00:00","24.70","-120.50",,,"1","6","2","5","3","4",,"1",,"20","4","103","1","97","1","1","10156","3","5","8","220","0","180","158","1","210","6","5","4","5","6","6",,"9","1","13","8","2","237","40","798","172","5","1","2","2","111111","11111111111111",,"5",,"1",,,,,,,
"CQIB5","2017-09-18T00:00:00","25.80","-122.80",,,"1","6","2","5","6","3",,"1",,"40","4","67","1","97",,"0","10160",,,"8","210",,,,"1","220","4","4","4","5","6","3",,"7","2",,,,"237","52","798","172","5","1","2","2","11111F","111A111AA111AA",,"5",,"0",,,,,,,
"CQIB5","2017-09-18T06:00:00","26.20","-124.10",,,"1","6","2","5","6","3",,"1",,"80","4","67","1","98","2","1","10180",,,"8","200",,"180","167","1","230",,,,,,,,,,,,,"237","64","798","172","5","1","2","1","111111","1111111111AAAA",,"5",,"1",,,,,,,
"CQIB5","2017-09-18T12:00:00","26.60","-125.40",,,"1","4","0","0","6","3",,"1","0","30","4","36",,"97",,"2","10170","0",,"0","210",,,,"1","220","8",,,"A",,,,"7","1",,,,"237","65","992","114","5","1","2","1","11111F","111A111AA111A7",,,"1","2",,,,,,,"4"
"V7MF7","2017-09-18T12:00:00","27.10","-120.70",,,"1","6","2","5","3","3",,"1",,"320","3","67",,,,,"10150",,,"8","190",,"170","160","1","210","8","8","6","1","4","A",,,,"32","8","4","237","70","798","172","5","1","2","1","111111","11AAA111111A1A",,"5",,,,,,,,,
"CQIB5","2017-09-18T18:00:00","26.90","-126.50",,,"1","6","2","5","6","3",,"1",,"70","4","62","1","98","2","2","10190",,,"8","210",,"180","160","1","220","7","7","A","8","7","A",,"3","1",,,,"237","66","798","172","5","1","2","2","111111","111111111111AA",,"5",,"2",,,,,,,
"2HDG2","2017-09-18T19:00:00","25.10","-120.20",,,"1","6","2","5","3","5",,"1",,"20","4","62","1","97",,"2","10213","0","0","8","240",,"190","164","1","230",,,"7",,"7","A",,"5","2",,,,"237","50","798","172","5","1","2","2","111131","111A11111181A1",,"5",,"2",,,,,,,
"CQIB5","2017-09-19T00:00:00","27.20","-127.70",,,"1","4","0","0","6","3",,"1","0","50","4","77",,"97",,"2","10180","0",,"0","210",,,,"1","220","8",,,"A",,,,"7","3",,,,"237","77","992","114","5","1","2","2","11111F","111A111AA111A7",,,"1","2",,,,,,,"4"
"V7IK7","2017-09-19T00:00:00","23.40","-120.30",,,"1","4","0","0",,,,"1","0","50","3","108",,"97","2",,"10150",,,"0","240",,,,"3","210","3",,,"A",,,,,"4","36",,"4","237","30","992","114","5","1","2","2","11111F","1111A11AA1133A",,,"1",,,,,,,,"4"
"V7IK7","2017-09-19T02:00:00","23.80","-120.80",,,"1","4","0","0",,,,"1","0","50","3","82",,"97","2",,"10159",,,"0","230",,,,"3","210","2",,,"A",,,,,"2","36",,"2","237","30","992","114","5","1","2","2","11111F","1111A11AA1133A",,,"1",,,,,,,,"4"
"CQIB5","2017-09-19T06:00:00","27.50","-129.00",,,"1","4","0","0","6","3",,"1","0","70","4","67",,"98","3","1","10200","3",,"0","205","0","170","146","1","220",,,,"A",,,,"3","1",,,,"237","79","992","114","5","1","2","1","111111","111111111181A7",,,"1","1",,,,,,,"4"
"OWDC2","2017-09-19T07:00:00","23.90","-123.30",,,"1","6","2","5","7","4",,"1",,,,,"1","98","1","0","10165","2","6","8",,,,,,"238",,,,,,,,,"2",,,,"237","33","798","172","5","1","2","1","1FFF1F","1A1111AAA1A7A1",,"5",,"0",,,,,,,
"V7IK7","2017-09-19T08:00:00","24.90","-122.50",,,"1","4","0","0",,,,"1","0","70","3","87",,"97","2",,"10160",,,"0","220",,,,"3","190","8",,,"A",,,,,"4","36",,"2","237","42","992","114","5","1","2","1","11111F","1111A11AA1133A",,,"1",,,,,,,,"4"
"V7IK7","2017-09-19T13:00:00","26.00","-124.00",,,"1","4","0","0",,,,"1","0","50","3","98",,"97","2",,"10159",,,"0","230",,,,"3","200","5",,,"A",,,,,"2","5",,"3","237","64","992","114","5","1","2","1","11111F","1111A11AA1133A",,,"1",,,,,,,,"4"
"2FRE8","2017-09-19T18:00:00","29.40","-120.40",,,"1","4","0","0","3","4",,"1","0","100","4","57",,"98","3","0","10170","4","0","0","230","0","200","183","1","250","4","3","4","5","7","5",,"7","2","0",,,"237","90","992","114","5","1","2","2","512111","11111111111131",,,"1","0","0",,,,,,"4"
"OWDC2","2017-09-19T19:00:00","25.80","-126.40",,,"1","6","2","5","7","4",,"1",,,,,"1","98","2","2","10187","2","6","8","230",,"200","185",,"230","6","5","1","5","5","9",,"4","2","11","6","2","237","56","798","172","5","1","2","2","11FF11","1A111111111711",,"5",,"2",,,,,,,
"V7IK7","2017-09-20T00:00:00","28.00","-127.10",,,"1","4","0","0",,,,"1","0","30","3","87",,"97","2",,"10180",,,"0","240",,,,"3","190","6",,,"A",,,,,"4","5",,"3","237","87","992","114","5","1","2","2","11111F","1111A11AA1133A",,,"1",,,,,,,,"4"
"V7IK7","2017-09-20T03:00:00","28.70","-128.00",,,"1","4","0","0",,,,"1","0","70","3","77",,"97","2",,"10179",,,"0","210",,,,"3","190","5",,,"A",,,,,"2","9",,"2","237","88","992","114","5","1","2","1","11111F","1111A11AA1133A",,,"1",,,,,,,,"4"
"V7IK7","2017-09-20T08:00:00","29.60","-129.40",,,"1","4","0","0",,,,"1","0","70","3","77",,"97","2",,"10200",,,"0","200",,,,"3","180","8",,,"A",,,,,"4","9",,"2","237","99","992","114","5","1","2","1","11111F","1111A11AA1133A",,,"1",,,,,,,,"4"
"2100914","2017-09-20T08:10:00","28.93","-128.06",,,"1","4","2","5",,,,"11",,,,,,,,,"10201",,,"8",,,,,"9","212",,,,,,,,,,,,,"237","88","798","172","7","1","2","1","1FFF1F","1AAAA1AAA1AAAA","4",,,,,,,,,,
"2100914","2017-09-20T09:10:00","28.93","-128.06",,,"1","4","2","5",,,,"11",,,,,,,,,"10199",,,"8",,,,,"9","212",,,,,,,,,,,,,"237","88","798","172","7","1","2","1","1FFF1F","1AAAA1AAA1AAAA","4",,,,,,,,,,
"2100914","2017-09-20T10:10:00","28.93","-128.06",,,"1","4","2","5",,,,"11",,,,,,,,,"10195",,,"8",,,,,"9","212",,,,,,,,,,,,,"237","88","798","172","7","1","2","1","1FFF1F","1AAAA1AAA1AAAA","4",,,,,,,,,,
"2100914","2017-09-20T11:10:00","28.93","-128.06",,,"1","4","2","5",,,,"11",,,,,,,,,"10193",,,"8",,,,,"9","212",,,,,,,,,,,,,"237","88","798","172","7","1","2","1","1FFF1F","1AAAA1AAA1AAAA","4",,,,,,,,,,
"2100914","2017-09-20T12:10:00","28.93","-128.06",,,"1","4","2","5",,,,"11",,,,,,,,,"10190",,,"8",,,,,"9","212",,,,,,,,,,,,,"237","88","798","172","7","1","2","1","1FFF1F","1AAAA1AAA1AAAA","4",,,,,,,,,,
"2100914","2017-09-20T13:10:00","28.93","-128.07",,,"1","4","2","5",,,,"11",,,,,,,,,"10191",,,"8",,,,,"9","212",,,,,,,,,,,,,"237","88","798","172","7","1","2","1","1FFF1F","1AAAA1AAA1AAAA","4",,,,,,,,,,
"2100914","2017-09-20T14:10:00","28.94","-128.06",,,"1","4","2","5",,,,"11",,,,,,,,,"10194",,,"8",,,,,"9","212",,,,,,,,,,,,,"237","88","798","172","7","1","2","1","1FFF1F","1AAAA1AAA1AAAA","4",,,,,,,,,,
"2100914","2017-09-20T15:10:00","28.95","-128.08",,,"1","4","2","5",,,,"11",,,,,,,,,"10197",,,"8",,,,,"9","212",,,,,,,,,,,,,"237","88","798","172","7","1","2","2","1FFF1F","1AAAA1AAA1AAAA","4",,,,,,,,,,
"2100914","2017-09-20T16:10:00","28.97","-128.07",,,"1","4","2","5",,,,"11",,,,,,,,,"10201",,,"8",,,,,"9","212",,,,,,,,,,,,,"237","88","798","172","7","1","2","2","1FFF1F","1AAAA1AAA1AAAA","4",,,,,,,,,,
"2100914","2017-09-20T17:10:00","28.97","-128.07",,,"1","4","2","5",,,,"11",,,,,,,,,"10205",,,"8",,,,,"9","212",,,,,,,,,,,,,"237","88","798","172","7","1","2","2","1FFF1F","1AAAA1AAA1AAAA","4",,,,,,,,,,
"2100914","2017-09-20T18:10:00","28.96","-128.07",,,"1","4","2","5",,,,"11",,,,,,,,,"10205",,,"8",,,,,"9","212",,,,,,,,,,,,,"237","88","798","172","7","1","2","2","1FFF1F","1AAAA1AAA1AAAA","4",,,,,,,,,,
"2100914","2017-09-20T19:10:00","28.97","-128.07",,,"1","4","2","5",,,,"11",,,,,,,,,"10199",,,"8",,,,,"9","212",,,,,,,,,,,,,"237","88","798","172","7","1","2","2","1FFF1F","1AAAA1AAA1AAAA","4",,,,,,,,,,
"2100914","2017-09-20T20:10:00","28.97","-128.06",,,"1","4","2","5",,,,"11",,,,,,,,,"10195",,,"8",,,,,"9","212",,,,,,,,,,,,,"237","88","798","172","7","1","2","2","1FFF1F","1AAAA1AAA1AAAA","4",,,,,,,,,,
"2100914","2017-09-20T21:10:00","28.97","-128.06",,,"1","4","2","5",,,,"11",,,,,,,,,"10190",,,"8",,,,,"9","212",,,,,,,,,,,,,"237","88","798","172","7","1","2","2","1FFF1F","1AAAA1AAA1AAAA","4",,,,,,,,,,
"2100914","2017-09-20T22:10:00","28.97","-128.06",,,"1","4","2","5",,,,"11",,,,,,,,,"10185",,,"8",,,,,"9","213",,,,,,,,,,,,,"237","88","798","172","7","1","2","2","1FFF1F","1AAAA1AAA1AAAA","4",,,,,,,,,,
"2100914","2017-09-20T23:10:00","28.97","-128.05",,,"1","4","2","5",,,,"11",,,,,,,,,"10179",,,"8",,,,,"9","213",,,,,,,,,,,,,"237","88","798","172","7","1","2","2","1FFF1F","1AAAA1AAA1AAAA","4",,,,,,,,,,
"2100914","2017-09-21T00:10:00","28.96","-128.06",,,"1","4","2","5",,,,"11",,,,,,,,,"10177",,,"8",,,,,"9","213",,,,,,,,,,,,,"237","88","798","172","7","1","2","2","1FFF1F","1AAAA1AAA1AAAA","4",,,,,,,,,,
"2100914","2017-09-21T01:10:00","28.95","-128.05",,,"1","4","2","5",,,,"11",,,,,,,,,"10176",,,"8",,,,,"9","213",,,,,,,,,,,,,"237","88","798","172","7","1","2","2","1FFF1F","1AAAA1AAA1AAAA","4",,,,,,,,,,
"2100914","2017-09-21T02:10:00","28.95","-128.04",,,"1","4","2","5",,,,"11",,,,,,,,,"10175",,,"8",,,,,"9","212",,,,,,,,,,,,,"237","88","798","172","7","1","2","2","1FFF1F","1AAAA1AAA1AAAA","4",,,,,,,,,,
"2100914","2017-09-21T03:10:00","28.94","-128.03",,,"1","4","2","5",,,,"11",,,,,,,,,"10175",,,"8",,,,,"9","212",,,,,,,,,,,,,"237","88","798","172","7","1","2","1","1FFF1F","1AAAA1AAA1AAAA","4",,,,,,,,,,
"2100914","2017-09-21T04:10:00","28.94","-128.04",,,"1","4","2","5",,,,"11",,,,,,,,,"10180",,,"8",,,,,"9","212",,,,,,,,,,,,,"237","88","798","172","7","1","2","1","1FFF1F","1AAAA1AAA1AAAA","4",,,,,,,,,,
"2100914","2017-09-21T05:10:00","28.93","-128.04",,,"1","4","2","5",,,,"11",,,,,,,,,"10182",,,"8",,,,,"9","212",,,,,,,,,,,,,"237","88","798","172","7","1","2","1","1FFF1F","1AAAA1AAA1AAAA","4",,,,,,,,,,
"2100914","2017-09-21T06:10:00","28.92","-128.04",,,"1","4","2","5",,,,"11",,,,,,,,,"10185",,,"8",,,,,"9","212",,,,,,,,,,,,,"237","88","798","172","7","1","2","1","1FFF1F","1AAAA1AAA1AAAA","4",,,,,,,,,,
"2100914","2017-09-21T07:10:00","28.92","-128.04",,,"1","4","2","5",,,,"11",,,,,,,,,"10185",,,"8",,,,,"9","212",,,,,,,,,,,,,"237","88","798","172","7","1","2","1","1FFF1F","1AAAA1AAA1AAAA","4",,,,,,,,,,
"2100914","2017-09-21T09:10:00","28.92","-128.04",,,"1","4","2","5",,,,"11",,,,,,,,,"10183",,,"8",,,,,"9","212",,,,,,,,,,,,,"237","88","798","172","7","1","2","1","1FFF1F","1AAAA1AAA1AAAA","4",,,,,,,,,,
"2100914","2017-09-21T10:10:00","28.92","-128.04",,,"1","4","2","5",,,,"11",,,,,,,,,"10181",,,"8",,,,,"9","212",,,,,,,,,,,,,"237","88","798","172","7","1","2","1","1FFF1F","1AAAA1AAA1AAAA","4",,,,,,,,,,
"2100914","2017-09-21T11:10:00","28.92","-128.04",,,"1","4","2","5",,,,"11",,,,,,,,,"10177",,,"8",,,,,"9","212",,,,,,,,,,,,,"237","88","798","172","7","1","2","1","1FFF1F","1AAAA1AAA1AAAA","4",,,,,,,,,,
"2100914","2017-09-21T12:10:00","28.92","-128.04",,,"1","4","2","5",,,,"11",,,,,,,,,"10178",,,"8",,,,,"9","212",,,,,,,,,,,,,"237","88","798","172","7","1","2","1","1FFF1F","1AAAA1AAA1AAAA","4",,,,,,,,,,
"2100914","2017-09-21T13:10:00","28.91","-128.07",,,"1","4","2","5",,,,"11",,,,,,,,,"10177",,,"8",,,,,"9","212",,,,,,,,,,,,,"237","88","798","172","7","1","2","1","1FFF1F","1AAAA1AAA1AAAA","4",,,,,,,,,,
"2100914","2017-09-21T14:10:00","28.91","-128.07",,,"1","4","2","5",,,,"11",,,,,,,,,"10180",,,"8",,,,,"9","212",,,,,,,,,,,,,"237","88","798","172","7","1","2","1","1FFF1F","1AAAA1AAA1AAAA","4",,,,,,,,,,
"2100914","2017-09-21T15:10:00","28.92","-128.08",,,"1","4","2","5",,,,"11",,,,,,,,,"10180",,,"8",,,,,"9","212",,,,,,,,,,,,,"237","88","798","172","7","1","2","2","1FFF1F","1AAAA1AAA1AAAA","4",,,,,,,,,,
"2100914","2017-09-21T16:10:00","28.92","-128.08",,,"1","4","2","5",,,,"11",,,,,,,,,"10184",,,"8",,,,,"9","212",,,,,,,,,,,,,"237","88","798","172","7","1","2","2","1FFF1F","1AAAA1AAA1AAAA","4",,,,,,,,,,
"2100914","2017-09-21T17:10:00","28.92","-128.07",,,"1","4","2","5",,,,"11",,,,,,,,,"10187",,,"8",,,,,"9","212",,,,,,,,,,,,,"237","88","798","172","7","1","2","2","1FFF1F","1AAAA1AAA1AAAA","4",,,,,,,,,,
"9VKU8","2017-09-21T18:00:00","24.80","-120.50",,,"1","6","2","5","7","3",,"1",,"230","4","72","1","98","2","2","10144","2","2","8","220",,"180","158","1","230","8","8","8","7","A","A",,"1","2","31","1","2","237","40","798","172","5","1","2","2","111311","11111111111111",,"5",,"2",,,,,,,
"D5KA4","2017-09-21T18:00:00","29.60","-120.10",,,"1","6","2","5","3","4",,"1",,"340","3","62","1","98","21","5","10153","0","5","8","237",,,"160","3","200","7","5","4","5","4","5",,"4","1","35","7","3","237","90","798","172","5","1","2","2","111111","1111111A111111",,"5",,"1",,,,,,,
"2100914","2017-09-21T18:10:00","28.92","-128.07",,,"1","4","2","5",,,,"11",,,,,,,,,"10189",,,"8",,,,,"9","212",,,,,,,,,,,,,"237","88","798","172","7","1","2","2","1FFF1F","1AAAA1AAA1AAAA","4",,,,,,,,,,
"2100914","2017-09-21T19:10:00","28.94","-128.08",,,"1","4","2","5",,,,"11",,,,,,,,,"10188",,,"8",,,,,"9","212",,,,,,,,,,,,,"237","88","798","172","7","1","2","2","1FFF1F","1AAAA1AAA1AAAA","4",,,,,,,,,,
"2100914","2017-09-21T20:10:00","28.94","-128.08",,,"1","4","2","5",,,,"11",,,,,,,,,"10186",,,"8",,,,,"9","213",,,,,,,,,,,,,"237","88","798","172","7","1","2","2","1FFF1F","1AAAA1AAA1AAAA","4",,,,,,,,,,
"2100914","2017-09-21T21:10:00","28.96","-128.07",,,"1","4","2","5",,,,"11",,,,,,,,,"10181",,,"8",,,,,"9","214",,,,,,,,,,,,,"237","88","798","172","7","1","2","2","1FFF1F","1AAAA1AAA1AAAA","4",,,,,,,,,,
"2100914","2017-09-21T22:10:00","28.96","-128.07",,,"1","4","2","5",,,,"11",,,,,,,,,"10179",,,"8",,,,,"9","214",,,,,,,,,,,,,"237","88","798","172","7","1","2","2","1FFF1F","1AAAA1AAA1AAAA","4",,,,,,,,,,
"2100914","2017-09-21T23:10:00","28.96","-128.07",,,"1","4","2","5",,,,"11",,,,,,,,,"10177",,,"8",,,,,"9","214",,,,,,,,,,,,,"237","88","798","172","7","1","2","2","1FFF1F","1AAAA1AAA1AAAA","4",,,,,,,,,,
"9VKU8","2017-09-22T00:00:00","25.40","-121.90",,,"1","6","2","5","6","3",,"1",,"10","4","93","1","97","2","2","10090","6","9","8","220",,"200","191","1","230","5","5","A","A","A","A","0","0","0",,,,"237","51","798","172","5","1","2","2","111111","111111111111A1",,"5",,"2",,,,,,,
"2100914","2017-09-22T00:10:00","28.94","-128.06",,,"1","4","2","5",,,,"11",,,,,,,,,"10177",,,"8",,,,,"9","214",,,,,,,,,,,,,"237","88","798","172","7","1","2","2","1FFF1F","1AAAA1AAA1AAAA","4",,,,,,,,,,
"2100914","2017-09-22T01:10:00","28.96","-128.07",,,"1","4","2","5",,,,"11",,,,,,,,,"10180",,,"8",,,,,"9","213",,,,,,,,,,,,,"237","88","798","172","7","1","2","2","1FFF1F","1AAAA1AAA1AAAA","4",,,,,,,,,,
"2100914","2017-09-22T02:10:00","28.94","-128.06",,,"1","4","2","5",,,,"11",,,,,,,,,"10178",,,"8",,,,,"9","213",,,,,,,,,,,,,"237","88","798","172","7","1","2","2","1FFF1F","1AAAA1AAA1AAAA","4",,,,,,,,,,
"2100914","2017-09-22T03:10:00","28.92","-128.06",,,"1","4","2","5",,,,"11",,,,,,,,,"10181",,,"8",,,,,"9","213",,,,,,,,,,,,,"237","88","798","172","7","1","2","1","1FFF1F","1AAAA1AAA1AAAA","4",,,,,,,,,,
"2100914","2017-09-22T04:10:00","28.92","-128.06",,,"1","4","2","5",,,,"11",,,,,,,,,"10185",,,"8",,,,,"9","213",,,,,,,,,,,,,"237","88","798","172","7","1","2","1","1FFF1F","1AAAA1AAA1AAAA","4",,,,,,,,,,
"2100914","2017-09-22T05:10:00","28.93","-128.06",,,"1","4","2","5",,,,"11",,,,,,,,,"10190",,,"8",,,,,"9","213",,,,,,,,,,,,,"237","88","798","172","7","1","2","1","1FFF1F","1AAAA1AAA1AAAA","4",,,,,,,,,,
"A8SI7","2017-09-22T06:00:00","29.10","-122.20",,,"1","6","2","5","3","4",,"1",,"360","4","72","1","98","3","1","10180","4","0","8","181",,"153","132","1","206","2","2","2","5","A","A",,"7","3",,,,"237","92","798","172","5","1","2","1","111111","111111111111A1",,"5",,"1",,,,,,,
"2100914","2017-09-22T06:10:00","28.93","-128.06",,,"1","4","2","5",,,,"11",,,,,,,,,"10191",,,"8",,,,,"9","213",,,,,,,,,,,,,"237","88","798","172","7","1","2","1","1FFF1F","1AAAA1AAA1AAAA","4",,,,,,,,,,
"2100914","2017-09-22T08:10:00","28.93","-128.06",,,"1","4","2","5",,,,"11",,,,,,,,,"10189",,,"8",,,,,"9","212",,,,,,,,,,,,,"237","88","798","172","7","1","2","1","1FFF1F","1AAAA1AAA1AAAA","4",,,,,,,,,,
"A8SI7","2017-09-22T09:00:00","28.60","-121.50",,,"1","6","2","5","3","4",,"1",,"360","4","103",,,"2","1","10170","8","10","8","179",,"131","87","1","220","2","2","1","6","A","A",,"9","4","35","14","4","237","81","798","172","5","1","2","1","111112","11A11111111111",,"5",,"1",,,,,,,
"2100914","2017-09-22T09:10:00","28.90","-128.10",,,"1","4","2","5",,,,"11",,,,,,,,,"10190",,,"8",,,,,"9","212",,,,,,,,,,,,,"237","88","798","172","7","1","2","1","1FFF1F","1AAAA1AAA1AAAA","4",,,,,,,,,,
"2100914","2017-09-22T10:10:00","28.93","-128.06",,,"1","4","2","5",,,,"11",,,,,,,,,"10188",,,"8",,,,,"9","212",,,,,,,,,,,,,"237","88","798","172","7","1","2","1","1FFF1F","1AAAA1AAA1AAAA","4",,,,,,,,,,
"2100914","2017-09-22T11:10:00","28.93","-128.06",,,"1","4","2","5",,,,"11",,,,,,,,,"10185",,,"8",,,,,"9","212",,,,,,,,,,,,,"237","88","798","172","7","1","2","1","1FFF1F","1AAAA1AAA1AAAA","4",,,,,,,,,,
"9VKU8","2017-09-22T12:00:00","26.50","-124.50",,,"1","6","2","5","7","3",,"1",,"10","4","113","1","97","3","5","10114","7","7","8","200",,"180","169","1","230","6","6","A","A","A","A",,,,,,,"237","64","798","172","5","1","2","1","111111","11111111111AA1",,"5",,"5",,,,,,,
"2100914","2017-09-22T12:10:00","28.90","-128.10",,,"1","4","2","5",,,,"11",,,,,,,,,"10185",,,"8",,,,,"9","212",,,,,,,,,,,,,"237","88","798","172","7","1","2","1","1FFF1F","1AAAA1AAA1AAAA","4",,,,,,,,,,
"VRGM7","2017-09-22T14:00:00","29.80","-121.20",,,"1","6","2","5","3","4",,"1",,"360","3","87","1","98","3","2","10150","8","10","8","180",,"150","127","7","220","5","3","2","5","6","A",,"3","1",,,,"237","91","798","172","5","1","2","2","111111","111111111111A1",,"5",,"2",,,,,,,
"2100914","2017-09-22T14:10:00","28.90","-128.10",,,"1","4","2","5",,,,"11",,,,,,,,,"10191",,,"8",,,,,"9","212",,,,,,,,,,,,,"237","88","798","172","7","1","2","1","1FFF1F","1AAAA1AAA1AAAA","4",,,,,,,,,,
"2100914","2017-09-22T15:10:00","28.90","-128.10",,,"1","4","2","5",,,,"11",,,,,,,,,"10192",,,"8",,,,,"9","212",,,,,,,,,,,,,"237","88","798","172","7","1","2","2","1FFF1F","1AAAA1AAA1AAAA","4",,,,,,,,,,
"2100914","2017-09-22T16:10:00","28.90","-128.10",,,"1","4","2","5",,,,"11",,,,,,,,,"10196",,,"8",,,,,"9","212",,,,,,,,,,,,,"237","88","798","172","7","1","2","2","1FFF1F","1AAAA1AAA1AAAA","4",,,,,,,,,,
"9VKU8","2017-09-22T18:00:00","27.00","-126.30",,,"1","4","0","0","7","3",,"1","0","220","4","51",,"98","2",,"10187","1","2","0","210","0","160","128","1","220","3","3","9","7","0","0",,"2","2","0",,,"237","76","992","114","5","1","2","2","111111","1111A111111131",,,"1",,"0",,,,,,"4"
"VRGM7","2017-09-22T18:00:00","28.90","-120.10",,,"1","6","2","5","3","4",,"1",,"350","3","87","1","98","3","2","10150","4","0","8","220",,"170","134","7","220","6","6","4","5","0","0",,"5","3","32","6","4","237","80","798","172","5","1","2","2","111111","11111111111111",,"5",,"2",,,,,,,
"2100914","2017-09-22T18:10:00","28.92","-128.11",,,"1","4","2","5",,,,"11",,,,,,,,,"10201",,,"8",,,,,"9","213",,,,,,,,,,,,,"237","88","798","172","7","1","2","2","1FFF1F","1AAAA1AAA1AAAA","4",,,,,,,,,,
"2100914","2017-09-22T21:10:00","28.92","-128.11",,,"1","4","2","5",,,,"11",,,,,,,,,"10193",,,"8",,,,,"9","214",,,,,,,,,,,,,"237","88","798","172","7","1","2","2","1FFF1F","1AAAA1AAA1AAAA","4",,,,,,,,,,
"2100914","2017-09-22T23:10:00","28.92","-128.11",,,"1","4","2","5",,,,"11",,,,,,,,,"10186",,,"8",,,,,"9","214",,,,,,,,,,,,,"237","88","798","172","7","1","2","2","1FFF1F","1AAAA1AAA1AAAA","4",,,,,,,,,,
"9VKU8","2017-09-23T00:00:00","27.50","-127.90",,,"1","6","2","5","7","3",,"1",,"20","4","72","1","98","2","1","10141","7","10","8","200",,"160","135","1","220","6","4","3","A","6","9",,"5","3",,,,"237","77","798","172","5","1","2","2","111111","111111111111A1",,"5",,"1",,,,,,,
"2100914","2017-09-23T00:10:00","28.92","-128.11",,,"1","4","2","5",,,,"11",,,,,,,,,"10182",,,"8",,,,,"9","214",,,,,,,,,,,,,"237","88","798","172","7","1","2","2","1FFF1F","1AAAA1AAA1AAAA","4",,,,,,,,,,
"2100914","2017-09-23T01:10:00","28.92","-128.11",,,"1","4","2","5",,,,"11",,,,,,,,,"10178",,,"8",,,,,"9","214",,,,,,,,,,,,,"237","88","798","172","7","1","2","2","1FFF1F","1AAAA1AAA1AAAA","4",,,,,,,,,,
"2100914","2017-09-23T02:10:00","28.92","-128.11",,,"1","4","2","5",,,,"11",,,,,,,,,"10176",,,"8",,,,,"9","214",,,,,,,,,,,,,"237","88","798","172","7","1","2","2","1FFF1F","1AAAA1AAA1AAAA","4",,,,,,,,,,
"2100914","2017-09-23T03:10:00","28.92","-128.11",,,"1","4","2","5",,,,"11",,,,,,,,,"10179",,,"8",,,,,"9","214",,,,,,,,,,,,,"237","88","798","172","7","1","2","1","1FFF1F","1AAAA1AAA1AAAA","4",,,,,,,,,,
"9VKU8","2017-09-23T06:00:00","28.10","-129.40",,,"1","6","2","5","7","3",,"1",,"240","4","36","1","98","2","0","10195","2","4","8","200",,"160","135","1","220","1","1","A","A","A","A",,,,,,,"237","89","798","172","5","1","2","1","111111","11111111111AA1",,"5",,"0",,,,,,,
"2100914","2017-09-23T06:10:00","28.92","-128.06",,,"1","4","2","5",,,,"11",,,,,,,,,"10188",,,"8",,,,,"9","214",,,,,,,,,,,,,"237","88","798","172","7","1","2","1","1FFF1F","1AAAA1AAA1AAAA","4",,,,,,,,,,
"WDH6745","2017-09-23T11:00:00","29.10","-126.20",,,"1","6","2","5","2","4",,"1",,"360","4","93","1","98","3",,"10175","6","10","8","194",,"155","125","1","250","2",,"A","A","A","A",,"6","4",,,,"237","96","798","172","5","1","2","1","311111","1111A1111111A1",,"5",,,,,,,,,
"2100914","2017-09-23T11:10:00","28.89","-128.09",,,"1","4","2","5",,,,"11",,,,,,,,,"10176",,,"8",,,,,"9","213",,,,,,,,,,,,,"237","88","798","172","7","1","2","1","1FFF1F","1AAAA1AAA1AAAA","4",,,,,,,,,,
"2100914","2017-09-23T12:10:00","28.92","-128.06",,,"1","4","2","5",,,,"11",,,,,,,,,"10175",,,"8",,,,,"9","213",,,,,,,,,,,,,"237","88","798","172","7","1","2","1","1FFF1F","1AAAA1AAA1AAAA","4",,,,,,,,,,
"2100914","2017-09-23T13:10:00","28.92","-128.06",,,"1","4","2","5",,,,"11",,,,,,,,,"10177",,,"8",,,,,"9","213",,,,,,,,,,,,,"237","88","798","172","7","1","2","1","1FFF1F","1AAAA1AAA1AAAA","4",,,,,,,,,,
"2100914","2017-09-23T14:10:00","28.92","-128.06",,,"1","4","2","5",,,,"11",,,,,,,,,"10181",,,"8",,,,,"9","213",,,,,,,,,,,,,"237","88","798","172","7","1","2","1","1FFF1F","1AAAA1AAA1AAAA","4",,,,,,,,,,
"2100914","2017-09-23T15:10:00","28.92","-128.06",,,"1","4","2","5",,,,"11",,,,,,,,,"10184",,,"8",,,,,"9","213",,,,,,,,,,,,,"237","88","798","172","7","1","2","2","1FFF1F","1AAAA1AAA1AAAA","4",,,,,,,,,,
"2100914","2017-09-23T16:10:00","28.92","-128.06",,,"1","4","2","5",,,,"11",,,,,,,,,"10188",,,"8",,,,,"9","213",,,,,,,,,,,,,"237","88","798","172","7","1","2","2","1FFF1F","1AAAA1AAA1AAAA","4",,,,,,,,,,
"9VBU6","2017-09-23T18:00:00","27.40","-121.40",,,"1","6","2","5","3","4",,"1",,"250","4","72","1","97",,,"10154",,,"8","220",,"180","158","1","203","3",,,"8",,,,,"2","38",,,"237","71","798","172","5","1","2","2","111111","111AA11111137A",,"5",,,"38",,,,,,
"2100914","2017-09-23T19:10:00","28.89","-128.09",,,"1","4","2","5",,,,"11",,,,,,,,,"10190",,,"8",,,,,"9","214",,,,,,,,,,,,,"237","88","798","172","7","1","2","2","1FFF1F","1AAAA1AAA1AAAA","4",,,,,,,,,,
"2100914","2017-09-23T23:10:00","28.89","-128.09",,,"1","4","2","5",,,,"11",,,,,,,,,"10179",,,"8",,,,,"9","215",,,,,,,,,,,,,"237","88","798","172","7","1","2","2","1FFF1F","1AAAA1AAA1AAAA","4",,,,,,,,,,
"PFBF","2017-09-24T00:00:00","27.90","-123.97",,,"1","6","2","5","3","3",,"1",,"360",,"77","1","98","2","0","10164","7","8","8","231",,"191","170","1","200","4","3","5","4","8","0",,"3","4","31","6","4","237","73","798","172","5","1","2","2","111111","11111111111111",,"5",,"0",,,,,,,
"2100914","2017-09-24T00:10:00","28.89","-128.09",,,"1","4","2","5",,,,"11",,,,,,,,,"10174",,,"8",,,,,"9","215",,,,,,,,,,,,,"237","88","798","172","7","1","2","2","1FFF1F","1AAAA1AAA1AAAA","4",,,,,,,,,,
"2100914","2017-09-24T02:10:00","28.89","-128.09",,,"1","4","2","5",,,,"11",,,,,,,,,"10173",,,"8",,,,,"9","214",,,,,,,,,,,,,"237","88","798","172","7","1","2","2","1FFF1F","1AAAA1AAA1AAAA","4",,,,,,,,,,
"2100914","2017-09-24T03:10:00","28.89","-128.09",,,"1","3","2","5",,,,"11",,,,,,,,,"10175",,,"0",,,,,,"214",,,,,,,,,,,,,"237","88","794","103","7","1","2","1","1FFF1F","1AAAA1AAA1AAAA","4",,,,,,,,,,
"2100914","2017-09-24T04:10:00","28.89","-128.09",,,"1","4","2","5",,,,"11",,,,,,,,,"10176",,,"8",,,,,"9","214",,,,,,,,,,,,,"237","88","798","172","7","1","2","1","1FFF1F","1AAAA1AAA1AAAA","4",,,,,,,,,,
"A8RW5","2017-09-24T06:00:00","29.90","-121.50",,,"1","6","2","5","3","4",,"1",,"10","3","113","1","98","1","0","10138","5","3","8","200",,"190","185","3","200","3","2","2","2","0","0",,"1","1","1","2","6","237","91","798","172","5","1","2","1","111111","14111111111411",,"5",,"0",,,,,,,
"2100914","2017-09-24T11:10:00","28.89","-128.09",,,"1","4","2","5",,,,"11",,,,,,,,,"10171",,,"8",,,,,"9","213",,,,,,,,,,,,,"237","88","798","172","7","1","2","1","1FFF1F","1AAAA1AAA1AAAA","4",,,,,,,,,,
"PFBF","2017-09-24T12:00:00","26.80","-121.60",,,"1","4","0","0","3","3","1","1","0","340","4","72",,"98","2","0","10159","7","5","0","201","0","161","136","1","190","2",,,"A",,,,"3","2",,,,"237","61","992","114","5","1","2","1","111111","111111111111A1",,,"1","0",,,,,,,"4"
"2100914","2017-09-24T12:10:00","28.89","-128.09",,,"1","4","2","5",,,,"11",,,,,,,,,"10173",,,"8",,,,,"9","213",,,,,,,,,,,,,"237","88","798","172","7","1","2","1","1FFF1F","1AAAA1AAA1AAAA","4",,,,,,,,,,
"2100914","2017-09-24T13:10:00","28.89","-128.09",,,"1","4","2","5",,,,"11",,,,,,,,,"10177",,,"8",,,,,"9","213",,,,,,,,,,,,,"237","88","798","172","7","1","2","1","1FFF1F","1AAAA1AAA1AAAA","4",,,,,,,,,,
"2100914","2017-09-24T14:10:00","28.89","-128.09",,,"1","4","2","5",,,,"11",,,,,,,,,"10177",,,"8",,,,,"9","213",,,,,,,,,,,,,"237","88","798","172","7","1","2","1","1FFF1F","1AAAA1AAA1AAAA","4",,,,,,,,,,
"2100914","2017-09-24T15:10:00","28.89","-128.09",,,"1","4","2","5",,,,"11",,,,,,,,,"10182",,,"8",,,,,"9","213",,,,,,,,,,,,,"237","88","798","172","7","1","2","2","1FFF1F","1AAAA1AAA1AAAA","4",,,,,,,,,,
"2100914","2017-09-24T16:10:00","28.89","-128.09",,,"1","4","2","5",,,,"11",,,,,,,,,"10187",,,"8",,,,,"9","213",,,,,,,,,,,,,"237","88","798","172","7","1","2","2","1FFF1F","1AAAA1AAA1AAAA","4",,,,,,,,,,
"PFBF","2017-09-24T18:00:00","26.22","-120.33",,,"1","6","2","5","3","3",,"1",,"340",,"93","1","98",,,"10178","0","3","8","231",,"181","153","1","200","3","1","1","6","4","1",,"5","4","33","10","5","237","60","798","172","5","1","2","2","111111","111AA111111111",,"5",,,,,,,,,
"2100914","2017-09-24T20:10:00","28.89","-128.09",,,"1","4","2","5",,,,"11",,,,,,,,,"10182",,,"8",,,,,"9","214",,,,,,,,,,,,,"237","88","798","172","7","1","2","2","1FFF1F","1AAAA1AAA1AAAA","4",,,,,,,,,,
"2100914","2017-09-24T22:10:00","28.89","-128.09",,,"1","3","2","5",,,,"11",,,,,,,,,"10175",,,"0",,,,,,"215",,,,,,,,,,,,,"237","88","794","103","7","1","2","2","1FFF1F","1AAAA1AAA1AAAA","4",,,,,,,,,,
"2100914","2017-09-24T23:10:00","28.89","-128.09",,,"1","4","2","5",,,,"11",,,,,,,,,"10174",,,"8",,,,,"9","215",,,,,,,,,,,,,"237","88","798","172","7","1","2","2","1FFF1F","1AAAA1AAA1AAAA","4",,,,,,,,,,
"2100914","2017-09-25T00:10:00","28.89","-128.09",,,"1","3","2","5",,,,"11",,,,,,,,,"10173",,,"0",,,,,,"215",,,,,,,,,,,,,"237","88","794","103","7","1","2","2","1FFF1F","1AAAA1AAA1AAAA","4",,,,,,,,,,
"2100914","2017-09-25T01:10:00","28.89","-128.09",,,"1","4","2","5",,,,"11",,,,,,,,,"10172",,,"8",,,,,"9","215",,,,,,,,,,,,,"237","88","798","172","7","1","2","2","1FFF1F","1AAAA1AAA1AAAA","4",,,,,,,,,,
"2100914","2017-09-25T02:10:00","28.89","-128.09",,,"1","4","2","5",,,,"11",,,,,,,,,"10173",,,"8",,,,,"9","215",,,,,,,,,,,,,"237","88","798","172","7","1","2","2","1FFF1F","1AAAA1AAA1AAAA","4",,,,,,,,,,
"2FRK8","2017-09-25T08:00:00","29.90","-121.40",,,"1","4","0","0",,,,"1","0","340","3","93",,"97","2",,"10130",,,"0","190",,,,"3","150","8",,,"A",,,,,"3","36",,"3","237","91","992","114","5","1","2","1","41111F","1111A11AA1133A",,,"1",,,,,,,,"4"
"2100914","2017-09-25T10:10:00","28.89","-128.09",,,"1","4","2","5",,,,"11",,,,,,,,,"10175",,,"8",,,,,"9","214",,,,,,,,,,,,,"237","88","798","172","7","1","2","1","1FFF1F","1AAAA1AAA1AAAA","4",,,,,,,,,,
"2FRK8","2017-09-25T12:00:00","29.20","-120.30",,,"1","6","2","5","9",,,"1",,"360","3","77","1","97","2",,"10120",,,"8","190",,,,"3","200","8",,"A","A","A","A",,,"3",,,,"237","90","798","172","5","1","2","1","11111F","1111A11AA113AA",,"5",,,,,,,,,
"2100914","2017-09-25T12:10:00","28.89","-128.09",,,"1","4","2","5",,,,"11",,,,,,,,,"10169",,,"8",,,,,"9","214",,,,,,,,,,,,,"237","88","798","172","7","1","2","1","1FFF1F","1AAAA1AAA1AAAA","4",,,,,,,,,,
"5801950","2017-09-25T12:10:00","23.12","-123.61",,,"1","4","2","5",,,,"11",,,,,,,,,"10135",,,"8","214",,,,"9","238",,,,,,,,,,,,,"237","33","798","172","7","0",,"1","11FF1F","1AAAA11AA1AAAA","4",,,,,,,,,,
"5801951","2017-09-25T12:10:00","23.48","-123.99",,,"1","4","2","5",,,,"11",,,,,,,,,"10138",,,"8","212",,,,"9","230",,,,,,,,,,,,,"237","33","798","172","7","0",,"1","11FF1F","1AAAA11AA1AAAA","4",,,,,,,,,,
"5801950","2017-09-25T12:20:00","23.12","-123.62",,,"1","4","2","5",,,,"11",,,,,,,,,"10135",,,"8","215",,,,"9","238",,,,,,,,,,,,,"237","33","798","172","7","0",,"1","11FF1F","1AAAA11AA1AAAA","4",,,,,,,,,,
"5801951","2017-09-25T12:20:00","23.47","-123.99",,,"1","4","2","5",,,,"11",,,,,,,,,"10139",,,"8","212",,,,"9","230",,,,,,,,,,,,,"237","33","798","172","7","0",,"1","11FF1F","1AAAA11AA1AAAA","4",,,,,,,,,,
"5801950","2017-09-25T12:30:00","23.11","-123.62",,,"1","4","2","5",,,,"11",,,,,,,,,"10135",,,"8","215",,,,"9","238",,,,,,,,,,,,,"237","33","798","172","7","0",,"1","11FF1F","1AAAA11AA1AAAA","4",,,,,,,,,,
"5801951","2017-09-25T12:30:00","23.47","-123.98",,,"1","4","2","5",,,,"11",,,,,,,,,"10139",,,"8","212",,,,"9","230",,,,,,,,,,,,,"237","33","798","172","7","0",,"1","11FF1F","1AAAA11AA1AAAA","4",,,,,,,,,,
"5801950","2017-09-25T12:40:00","23.11","-123.63",,,"1","4","2","5",,,,"11",,,,,,,,,"10135",,,"8","216",,,,"9","238",,,,,,,,,,,,,"237","33","798","172","7","0",,"1","11FF1F","1AAAA11AA1AAAA","4",,,,,,,,,,
"5801951","2017-09-25T12:40:00","23.46","-123.98",,,"1","4","2","5",,,,"11",,,,,,,,,"10139",,,"8","212",,,,"9","230",,,,,,,,,,,,,"237","33","798","172","7","0",,"1","11FF1F","1AAAA11AA1AAAA","4",,,,,,,,,,
"5801950","2017-09-25T12:50:00","23.11","-123.63",,,"1","4","2","5",,,,"11",,,,,,,,,"10136",,,"8","215",,,,"9","238",,,,,,,,,,,,,"237","33","798","172","7","0",,"1","11FF1F","1AAAA11AA1AAAA","4",,,,,,,,,,
"5801951","2017-09-25T12:50:00","23.46","-123.98",,,"1","4","2","5",,,,"11",,,,,,,,,"10139",,,"8","212",,,,"9","230",,,,,,,,,,,,,"237","33","798","172","7","0",,"1","11FF1F","1AAAA11AA1AAAA","4",,,,,,,,,,
"5801950","2017-09-25T13:00:00","23.10","-123.64",,,"1","4","2","5",,,,"11",,,,,,,,,"10136",,,"8","214",,,,"9","237",,,,,,,,,,,,,"237","33","798","172","7","0",,"1","11FF1F","1AAAA11AA1AAAA","4",,,,,,,,,,
"5801951","2017-09-25T13:00:00","23.45","-123.97",,,"1","4","2","5",,,,"11",,,,,,,,,"10140",,,"8","212",,,,"9","230",,,,,,,,,,,,,"237","33","798","172","7","0",,"1","11FF1F","1AAAA11AA1AAAA","4",,,,,,,,,,
"2100914","2017-09-25T13:10:00","28.89","-128.09",,,"1","4","2","5",,,,"11",,,,,,,,,"10171",,,"8",,,,,"9","213",,,,,,,,,,,,,"237","88","798","172","7","1","2","1","1FFF1F","1AAAA1AAA1AAAA","4",,,,,,,,,,
"5801950","2017-09-25T13:10:00","23.10","-123.64",,,"1","4","2","5",,,,"11",,,,,,,,,"10137",,,"8","214",,,,"9","237",,,,,,,,,,,,,"237","33","798","172","7","0",,"1","11FF1F","1AAAA11AA1AAAA","4",,,,,,,,,,
"5801951","2017-09-25T13:10:00","23.45","-123.97",,,"1","4","2","5",,,,"11",,,,,,,,,"10140",,,"8","212",,,,"9","230",,,,,,,,,,,,,"237","33","798","172","7","0",,"1","11FF1F","1AAAA11AA1AAAA","4",,,,,,,,,,
"5801950","2017-09-25T13:20:00","23.10","-123.65",,,"1","4","2","5",,,,"11",,,,,,,,,"10137",,,"8","214",,,,"9","237",,,,,,,,,,,,,"237","33","798","172","7","0",,"1","11FF1F","1AAAA11AA1AAAA","4",,,,,,,,,,
"5801951","2017-09-25T13:20:00","23.44","-123.97",,,"1","4","2","5",,,,"11",,,,,,,,,"10140",,,"8","211",,,,"9","230",,,,,,,,,,,,,"237","33","798","172","7","0",,"1","11FF1F","1AAAA11AA1AAAA","4",,,,,,,,,,
"5801950","2017-09-25T13:30:00","23.09","-123.65",,,"1","4","2","5",,,,"11",,,,,,,,,"10138",,,"8","214",,,,"9","238",,,,,,,,,,,,,"237","33","798","172","7","0",,"1","11FF1F","1AAAA11AA1AAAA","4",,,,,,,,,,
"5801951","2017-09-25T13:30:00","23.44","-123.97",,,"1","4","2","5",,,,"11",,,,,,,,,"10141",,,"8","211",,,,"9","230",,,,,,,,,,,,,"237","33","798","172","7","0",,"1","11FF1F","1AAAA11AA1AAAA","4",,,,,,,,,,
"5801950","2017-09-25T13:40:00","23.09","-123.66",,,"1","4","2","5",,,,"11",,,,,,,,,"10139",,,"8","214",,,,"9","237",,,,,,,,,,,,,"237","33","798","172","7","0",,"1","11FF1F","1AAAA11AA1AAAA","4",,,,,,,,,,
"5801951","2017-09-25T13:40:00","23.44","-123.96",,,"1","4","2","5",,,,"11",,,,,,,,,"10142",,,"8","212",,,,"9","230",,,,,,,,,,,,,"237","33","798","172","7","0",,"1","11FF1F","1AAAA11AA1AAAA","4",,,,,,,,,,
"5801950","2017-09-25T13:50:00","23.08","-123.66",,,"1","4","2","5",,,,"11",,,,,,,,,"10140",,,"8","215",,,,"9","237",,,,,,,,,,,,,"237","33","798","172","7","0",,"1","11FF1F","1AAAA11AA1AAAA","4",,,,,,,,,,
"5801951","2017-09-25T13:50:00","23.43","-123.96",,,"1","4","2","5",,,,"11",,,,,,,,,"10142",,,"8","212",,,,"9","230",,,,,,,,,,,,,"237","33","798","172","7","0",,"1","11FF1F","1AAAA11AA1AAAA","4",,,,,,,,,,
"5801950","2017-09-25T14:00:00","23.08","-123.67",,,"1","4","2","5",,,,"11",,,,,,,,,"10141",,,"8","214",,,,"9","236",,,,,,,,,,,,,"237","33","798","172","7","0",,"1","11FF1F","1AAAA11AA1AAAA","4",,,,,,,,,,
"5801951","2017-09-25T14:00:00","23.43","-123.96",,,"1","4","2","5",,,,"11",,,,,,,,,"10142",,,"8","212",,,,"9","230",,,,,,,,,,,,,"237","33","798","172","7","0",,"1","11FF1F","1AAAA11AA1AAAA","4",,,,,,,,,,
"2100914","2017-09-25T14:10:00","28.89","-128.09",,,"1","4","2","5",,,,"11",,,,,,,,,"10175",,,"8",,,,,"9","213",,,,,,,,,,,,,"237","88","798","172","7","1","2","1","1FFF1F","1AAAA1AAA1AAAA","4",,,,,,,,,,
"5801950","2017-09-25T14:10:00","23.08","-123.67",,,"1","4","2","5",,,,"11",,,,,,,,,"10142",,,"8","214",,,,"9","236",,,,,,,,,,,,,"237","33","798","172","7","0",,"2","11FF1F","1AAAA11AA1AAAA","4",,,,,,,,,,
"5801951","2017-09-25T14:10:00","23.42","-123.96",,,"1","4","2","5",,,,"11",,,,,,,,,"10143",,,"8","212",,,,"9","230",,,,,,,,,,,,,"237","33","798","172","7","0",,"2","11FF1F","1AAAA11AA1AAAA","4",,,,,,,,,,
"5801950","2017-09-25T14:20:00","23.08","-123.68",,,"1","4","2","5",,,,"11",,,,,,,,,"10143",,,"8","214",,,,"9","236",,,,,,,,,,,,,"237","33","798","172","7","0",,"2","11FF1F","1AAAA11AA1AAAA","4",,,,,,,,,,
"5801951","2017-09-25T14:20:00","23.42","-123.95",,,"1","4","2","5",,,,"11",,,,,,,,,"10143",,,"8","213",,,,"9","229",,,,,,,,,,,,,"237","33","798","172","7","0",,"2","11FF1F","1AAAA11AA1AAAA","4",,,,,,,,,,
"5801950","2017-09-25T14:30:00","23.07","-123.68",,,"1","4","2","5",,,,"11",,,,,,,,,"10143",,,"8","214",,,,"9","236",,,,,,,,,,,,,"237","33","798","172","7","0",,"2","11FF1F","1AAAA11AA1AAAA","4",,,,,,,,,,
"5801951","2017-09-25T14:30:00","23.41","-123.95",,,"1","4","2","5",,,,"11",,,,,,,,,"10144",,,"8","213",,,,"9","230",,,,,,,,,,,,,"237","33","798","172","7","0",,"2","11FF1F","1AAAA11AA1AAAA","4",,,,,,,,,,
"5801950","2017-09-25T14:40:00","23.07","-123.69",,,"1","4","2","5",,,,"11",,,,,,,,,"10143",,,"8","214",,,,"9","235",,,,,,,,,,,,,"237","33","798","172","7","0",,"2","11FF1F","1AAAA11AA1AAAA","4",,,,,,,,,,
"5801951","2017-09-25T14:40:00","23.41","-123.95",,,"1","4","2","5",,,,"11",,,,,,,,,"10145",,,"8","214",,,,"9","230",,,,,,,,,,,,,"237","33","798","172","7","0",,"2","11FF1F","1AAAA11AA1AAAA","4",,,,,,,,,,
"5801950","2017-09-25T14:50:00","23.07","-123.69",,,"1","4","2","5",,,,"11",,,,,,,,,"10144",,,"8","216",,,,"9","236",,,,,,,,,,,,,"237","33","798","172","7","0",,"2","11FF1F","1AAAA11AA1AAAA","4",,,,,,,,,,
"5801951","2017-09-25T14:50:00","23.40","-123.95",,,"1","4","2","5",,,,"11",,,,,,,,,"10146",,,"8","213",,,,"9","230",,,,,,,,,,,,,"237","33","798","172","7","0",,"2","11FF1F","1AAAA11AA1AAAA","4",,,,,,,,,,
"5801950","2017-09-25T15:00:00","23.06","-123.69",,,"1","4","2","5",,,,"11",,,,,,,,,"10145",,,"8","215",,,,"9","236",,,,,,,,,,,,,"237","33","798","172","7","0",,"2","11FF1F","1AAAA11AA1AAAA","4",,,,,,,,,,
"5801951","2017-09-25T15:00:00","23.40","-123.94",,,"1","4","2","5",,,,"11",,,,,,,,,"10146",,,"8","214",,,,"9","230",,,,,,,,,,,,,"237","33","798","172","7","0",,"2","11FF1F","1AAAA11AA1AAAA","4",,,,,,,,,,
"5801950","2017-09-25T15:10:00","23.06","-123.70",,,"1","4","2","5",,,,"11",,,,,,,,,"10146",,,"8","218",,,,"9","236",,,,,,,,,,,,,"237","33","798","172","7","0",,"2","11FF1F","1AAAA11AA1AAAA","4",,,,,,,,,,
"5801951","2017-09-25T15:10:00","23.40","-123.94",,,"1","4","2","5",,,,"11",,,,,,,,,"10147",,,"8","216",,,,"9","230",,,,,,,,,,,,,"237","33","798","172","7","0",,"2","11FF1F","1AAAA11AA1AAAA","4",,,,,,,,,,
"5801950","2017-09-25T15:20:00","23.06","-123.70",,,"1","4","2","5",,,,"11",,,,,,,,,"10147",,,"8","216",,,,"9","235",,,,,,,,,,,,,"237","33","798","172","7","0",,"2","11FF1F","1AAAA11AA1AAAA","4",,,,,,,,,,
"5801951","2017-09-25T15:20:00","23.39","-123.94",,,"1","4","2","5",,,,"11",,,,,,,,,"10149",,,"8","215",,,,"9","230",,,,,,,,,,,,,"237","33","798","172","7","0",,"2","11FF1F","1AAAA11AA1AAAA","4",,,,,,,,,,
"5801950","2017-09-25T15:30:00","23.05","-123.71",,,"1","4","2","5",,,,"11",,,,,,,,,"10148",,,"8","217",,,,"9","235",,,,,,,,,,,,,"237","33","798","172","7","0",,"2","11FF1F","1AAAA11AA1AAAA","4",,,,,,,,,,
"5801951","2017-09-25T15:30:00","23.39","-123.94",,,"1","4","2","5",,,,"11",,,,,,,,,"10150",,,"8","214",,,,"9","230",,,,,,,,,,,,,"237","33","798","172","7","0",,"2","11FF1F","1AAAA11AA1AAAA","4",,,,,,,,,,
"5801950","2017-09-25T15:40:00","23.05","-123.71",,,"1","4","2","5",,,,"11",,,,,,,,,"10149",,,"8","216",,,,"9","235",,,,,,,,,,,,,"237","33","798","172","7","0",,"2","11FF1F","1AAAA11AA1AAAA","4",,,,,,,,,,
"5801951","2017-09-25T15:40:00","23.38","-123.93",,,"1","4","2","5",,,,"11",,,,,,,,,"10150",,,"8","214",,,,"9","229",,,,,,,,,,,,,"237","33","798","172","7","0",,"2","11FF1F","1AAAA11AA1AAAA","4",,,,,,,,,,
"5801950","2017-09-25T15:50:00","23.05","-123.72",,,"1","4","2","5",,,,"11",,,,,,,,,"10149",,,"8","216",,,,"9","234",,,,,,,,,,,,,"237","33","798","172","7","0",,"2","11FF1F","1AAAA11AA1AAAA","4",,,,,,,,,,
"5801951","2017-09-25T15:50:00","23.38","-123.93",,,"1","4","2","5",,,,"11",,,,,,,,,"10151",,,"8","213",,,,"9","230",,,,,,,,,,,,,"237","33","798","172","7","0",,"2","11FF1F","1AAAA11AA1AAAA","4",,,,,,,,,,
"3EGL5","2017-09-25T16:00:00","24.90","-120.10",,,"1","4","0","0","7","3",,"1","0","290","4","57",,"98","2","0","10130","4","0","0","220","0","170","140","1","230","3","3","1","5","3","9",,"5","3","34","6","4","237","40","992","114","5","1","2","2","111111","11111111111111",,,"3","0","35","6","3",,,,"4"
"5801950","2017-09-25T16:00:00","23.05","-123.72",,,"1","4","2","5",,,,"11",,,,,,,,,"10150",,,"8","217",,,,"9","234",,,,,,,,,,,,,"237","33","798","172","7","0",,"2","11FF1F","1AAAA11AA1AAAA","4",,,,,,,,,,
"5801951","2017-09-25T16:00:00","23.38","-123.94",,,"1","4","2","5",,,,"11",,,,,,,,,"10152",,,"8","213",,,,"9","230",,,,,,,,,,,,,"237","33","798","172","7","0",,"2","11FF1F","1AAAA11AA1AAAA","4",,,,,,,,,,
"5801950","2017-09-25T16:10:00","23.04","-123.72",,,"1","4","2","5",,,,"11",,,,,,,,,"10151",,,"8","215",,,,"9","234",,,,,,,,,,,,,"237","33","798","172","7","0",,"2","11FF1F","1AAAA11AA1AAAA","4",,,,,,,,,,
"5801951","2017-09-25T16:10:00","23.37","-123.94",,,"1","4","2","5",,,,"11",,,,,,,,,"10152",,,"8","215",,,,"9","230",,,,,,,,,,,,,"237","33","798","172","7","0",,"2","11FF1F","1AAAA11AA1AAAA","4",,,,,,,,,,
"5801950","2017-09-25T16:20:00","23.04","-123.73",,,"1","4","2","5",,,,"11",,,,,,,,,"10151",,,"8","215",,,,"9","234",,,,,,,,,,,,,"237","33","798","172","7","0",,"2","11FF1F","1AAAA11AA1AAAA","4",,,,,,,,,,
"5801951","2017-09-25T16:20:00","23.37","-123.94",,,"1","4","2","5",,,,"11",,,,,,,,,"10153",,,"8","215",,,,"9","230",,,,,,,,,,,,,"237","33","798","172","7","0",,"2","11FF1F","1AAAA11AA1AAAA","4",,,,,,,,,,
"5801950","2017-09-25T16:30:00","23.04","-123.73",,,"1","4","2","5",,,,"11",,,,,,,,,"10152",,,"8","218",,,,"9","234",,,,,,,,,,,,,"237","33","798","172","7","0",,"2","11FF1F","1AAAA11AA1AAAA","4",,,,,,,,,,
"5801951","2017-09-25T16:30:00","23.37","-123.95",,,"1","4","2","5",,,,"11",,,,,,,,,"10153",,,"8","215",,,,"9","230",,,,,,,,,,,,,"237","33","798","172","7","0",,"2","11FF1F","1AAAA11AA1AAAA","4",,,,,,,,,,
"5801950","2017-09-25T16:40:00","23.03","-123.73",,,"1","4","2","5",,,,"11",,,,,,,,,"10152",,,"8","217",,,,"9","234",,,,,,,,,,,,,"237","33","798","172","7","0",,"2","11FF1F","1AAAA11AA1AAAA","4",,,,,,,,,,
"5801951","2017-09-25T16:40:00","23.36","-123.95",,,"1","4","2","5",,,,"11",,,,,,,,,"10153",,,"8","214",,,,"9","230",,,,,,,,,,,,,"237","33","798","172","7","0",,"2","11FF1F","1AAAA11AA1AAAA","4",,,,,,,,,,
"5801950","2017-09-25T16:50:00","23.03","-123.73",,,"1","4","2","5",,,,"11",,,,,,,,,"10152",,,"8","216",,,,"9","235",,,,,,,,,,,,,"237","33","798","172","7","0",,"2","11FF1F","1AAAA11AA1AAAA","4",,,,,,,,,,
"5801951","2017-09-25T16:50:00","23.36","-123.96",,,"1","4","2","5",,,,"11",,,,,,,,,"10154",,,"8","214",,,,"9","230",,,,,,,,,,,,,"237","33","798","172","7","0",,"2","11FF1F","1AAAA11AA1AAAA","4",,,,,,,,,,
"5801950","2017-09-25T17:00:00","23.02","-123.73",,,"1","4","2","5",,,,"11",,,,,,,,,"10152",,,"8","217",,,,"9","235",,,,,,,,,,,,,"237","33","798","172","7","0",,"2","11FF1F","1AAAA11AA1AAAA","4",,,,,,,,,,
"5801951","2017-09-25T17:00:00","23.36","-123.97",,,"1","4","2","5",,,,"11",,,,,,,,,"10153",,,"8","215",,,,"9","230",,,,,,,,,,,,,"237","33","798","172","7","0",,"2","11FF1F","1AAAA11AA1AAAA","4",,,,,,,,,,
"5801950","2017-09-25T17:10:00","23.02","-123.73",,,"1","4","2","5",,,,"11",,,,,,,,,"10152",,,"8","219",,,,"9","235",,,,,,,,,,,,,"237","33","798","172","7","0",,"2","11FF1F","1AAAA11AA1AAAA","4",,,,,,,,,,
"5801951","2017-09-25T17:10:00","23.35","-123.97",,,"1","4","2","5",,,,"11",,,,,,,,,"10153",,,"8","215",,,,"9","230",,,,,,,,,,,,,"237","33","798","172","7","0",,"2","11FF1F","1AAAA11AA1AAAA","4",,,,,,,,,,
"5801950","2017-09-25T17:20:00","23.01","-123.73",,,"1","4","2","5",,,,"11",,,,,,,,,"10152",,,"8","219",,,,"9","235",,,,,,,,,,,,,"237","33","798","172","7","0",,"2","11FF1F","1AAAA11AA1AAAA","4",,,,,,,,,,
"5801951","2017-09-25T17:20:00","23.35","-123.98",,,"1","4","2","5",,,,"11",,,,,,,,,"10153",,,"8","215",,,,"9","230",,,,,,,,,,,,,"237","33","798","172","7","0",,"2","11FF1F","1AAAA11AA1AAAA","4",,,,,,,,,,
"5801950","2017-09-25T17:30:00","23.01","-123.72",,,"1","4","2","5",,,,"11",,,,,,,,,"10152",,,"8","219",,,,"9","235",,,,,,,,,,,,,"237","33","798","172","7","0",,"2","11FF1F","1AAAA11AA1AAAA","4",,,,,,,,,,
"5801951","2017-09-25T17:30:00","23.35","-123.98",,,"1","4","2","5",,,,"11",,,,,,,,,"10153",,,"8","216",,,,"9","230",,,,,,,,,,,,,"237","33","798","172","7","0",,"2","11FF1F","1AAAA11AA1AAAA","4",,,,,,,,,,
"5801950","2017-09-25T17:40:00","23.01","-123.72",,,"1","4","2","5",,,,"11",,,,,,,,,"10151",,,"8","219",,,,"9","235",,,,,,,,,,,,,"237","33","798","172","7","0",,"2","11FF1F","1AAAA11AA1AAAA","4",,,,,,,,,,
"5801951","2017-09-25T17:40:00","23.34","-123.98",,,"1","4","2","5",,,,"11",,,,,,,,,"10154",,,"8","216",,,,"9","230",,,,,,,,,,,,,"237","33","798","172","7","0",,"2","11FF1F","1AAAA11AA1AAAA","4",,,,,,,,,,
"5801950","2017-09-25T17:50:00","23.00","-123.72",,,"1","4","2","5",,,,"11",,,,,,,,,"10152",,,"8","218",,,,"9","235",,,,,,,,,,,,,"237","33","798","172","7","0",,"2","11FF1F","1AAAA11AA1AAAA","4",,,,,,,,,,
"5801951","2017-09-25T17:50:00","23.34","-123.99",,,"1","4","2","5",,,,"11",,,,,,,,,"10154",,,"8","215",,,,"9","230",,,,,,,,,,,,,"237","33","798","172","7","0",,"2","11FF1F","1AAAA11AA1AAAA","4",,,,,,,,,,
"5801950","2017-09-25T18:00:00","23.00","-123.72",,,"1","4","2","5",,,,"11",,,,,,,,,"10152",,,"8","216",,,,"9","235",,,,,,,,,,,,,"237","33","798","172","7","0",,"2","11FF1F","1AAAA11AA1AAAA","4",,,,,,,,,,
"5801951","2017-09-25T18:00:00","23.34","-123.99",,,"1","4","2","5",,,,"11",,,,,,,,,"10153",,,"8","216",,,,"9","230",,,,,,,,,,,,,"237","33","798","172","7","0",,"2","11FF1F","1AAAA11AA1AAAA","4",,,,,,,,,,
"5801950","2017-09-25T18:10:00","22.99","-123.72",,,"1","4","2","5",,,,"11",,,,,,,,,"10151",,,"8","216",,,,"9","235",,,,,,,,,,,,,"237","23","798","172","7","0",,"2","11FF1F","1AAAA11AA1AAAA","4",,,,,,,,,,
"5801951","2017-09-25T18:10:00","23.34","-124.00",,,"1","4","2","5",,,,"11",,,,,,,,,"10153",,,"8","215",,,,"9","230",,,,,,,,,,,,,"237","34","798","172","7","0",,"2","11FF1F","1AAAA11AA1AAAA","4",,,,,,,,,,
"5801950","2017-09-25T18:20:00","22.99","-123.71",,,"1","4","2","5",,,,"11",,,,,,,,,"10151",,,"8","217",,,,"9","235",,,,,,,,,,,,,"237","23","798","172","7","0",,"2","11FF1F","1AAAA11AA1AAAA","4",,,,,,,,,,
"5801951","2017-09-25T18:20:00","23.33","-124.00",,,"1","4","2","5",,,,"11",,,,,,,,,"10153",,,"8","216",,,,"9","230",,,,,,,,,,,,,"237","34","798","172","7","0",,"2","11FF1F","1AAAA11AA1AAAA","4",,,,,,,,,,
"5801950","2017-09-25T18:30:00","22.98","-123.71",,,"1","4","2","5",,,,"11",,,,,,,,,"10150",,,"8","218",,,,"9","235",,,,,,,,,,,,,"237","23","798","172","7","0",,"2","11FF1F","1AAAA11AA1AAAA","4",,,,,,,,,,
"5801951","2017-09-25T18:30:00","23.33","-124.01",,,"1","4","2","5",,,,"11",,,,,,,,,"10153",,,"8","216",,,,"9","230",,,,,,,,,,,,,"237","34","798","172","7","0",,"2","11FF1F","1AAAA11AA1AAAA","4",,,,,,,,,,
"5801950","2017-09-25T18:40:00","22.98","-123.71",,,"1","4","2","5",,,,"11",,,,,,,,,"10149",,,"8","219",,,,"9","235",,,,,,,,,,,,,"237","23","798","172","7","0",,"2","11FF1F","1AAAA11AA1AAAA","4",,,,,,,,,,
"5801951","2017-09-25T18:40:00","23.33","-124.01",,,"1","4","2","5",,,,"11",,,,,,,,,"10152",,,"8","217",,,,"9","231",,,,,,,,,,,,,"237","34","798","172","7","0",,"2","11FF1F","1AAAA11AA1AAAA","4",,,,,,,,,,
"5801950","2017-09-25T18:50:00","22.98","-123.71",,,"1","4","2","5",,,,"11",,,,,,,,,"10149",,,"8","219",,,,"9","235",,,,,,,,,,,,,"237","23","798","172","7","0",,"2","11FF1F","1AAAA11AA1AAAA","4",,,,,,,,,,
"5801951","2017-09-25T18:50:00","23.33","-124.01",,,"1","4","2","5",,,,"11",,,,,,,,,"10152",,,"8","216",,,,"9","231",,,,,,,,,,,,,"237","34","798","172","7","0",,"2","11FF1F","1AAAA11AA1AAAA","4",,,,,,,,,,
"5801950","2017-09-25T19:00:00","22.97","-123.71",,,"1","4","2","5",,,,"11",,,,,,,,,"10149",,,"8","219",,,,"9","235",,,,,,,,,,,,,"237","23","798","172","7","0",,"2","11FF1F","1AAAA11AA1AAAA","4",,,,,,,,,,
"5801951","2017-09-25T19:00:00","23.32","-124.02",,,"1","4","2","5",,,,"11",,,,,,,,,"10151",,,"8","215",,,,"9","231",,,,,,,,,,,,,"237","34","798","172","7","0",,"2","11FF1F","1AAAA11AA1AAAA","4",,,,,,,,,,
"5801950","2017-09-25T19:10:00","22.97","-123.70",,,"1","4","2","5",,,,"11",,,,,,,,,"10149",,,"8","219",,,,"9","235",,,,,,,,,,,,,"237","23","798","172","7","0",,"2","11FF1F","1AAAA11AA1AAAA","4",,,,,,,,,,
"5801951","2017-09-25T19:10:00","23.32","-124.02",,,"1","4","2","5",,,,"11",,,,,,,,,"10151",,,"8","216",,,,"9","231",,,,,,,,,,,,,"237","34","798","172","7","0",,"2","11FF1F","1AAAA11AA1AAAA","4",,,,,,,,,,
"5801950","2017-09-25T19:20:00","22.96","-123.70",,,"1","4","2","5",,,,"11",,,,,,,,,"10148",,,"8","219",,,,"9","235",,,,,,,,,,,,,"237","23","798","172","7","0",,"2","11FF1F","1AAAA11AA1AAAA","4",,,,,,,,,,
"5801951","2017-09-25T19:20:00","23.32","-124.03",,,"1","4","2","5",,,,"11",,,,,,,,,"10151",,,"8","216",,,,"9","231",,,,,,,,,,,,,"237","34","798","172","7","0",,"2","11FF1F","1AAAA11AA1AAAA","4",,,,,,,,,,
"5801950","2017-09-25T19:30:00","22.96","-123.70",,,"1","4","2","5",,,,"11",,,,,,,,,"10147",,,"8","219",,,,"9","235",,,,,,,,,,,,,"237","23","798","172","7","0",,"2","11FF1F","1AAAA11AA1AAAA","4",,,,,,,,,,
"5801951","2017-09-25T19:30:00","23.32","-124.03",,,"1","4","2","5",,,,"11",,,,,,,,,"10150",,,"8","217",,,,"9","231",,,,,,,,,,,,,"237","34","798","172","7","0",,"2","11FF1F","1AAAA11AA1AAAA","4",,,,,,,,,,
"5801950","2017-09-25T19:40:00","22.95","-123.70",,,"1","4","2","5",,,,"11",,,,,,,,,"10146",,,"8","219",,,,"9","235",,,,,,,,,,,,,"237","23","798","172","7","0",,"2","11FF1F","1AAAA11AA1AAAA","4",,,,,,,,,,
"5801951","2017-09-25T19:40:00","23.31","-124.04",,,"1","4","2","5",,,,"11",,,,,,,,,"10149",,,"8","216",,,,"9","231",,,,,,,,,,,,,"237","34","798","172","7","0",,"2","11FF1F","1AAAA11AA1AAAA","4",,,,,,,,,,
"5801950","2017-09-25T19:50:00","22.95","-123.70",,,"1","4","2","5",,,,"11",,,,,,,,,"10146",,,"8","219",,,,"9","235",,,,,,,,,,,,,"237","23","798","172","7","0",,"2","11FF1F","1AAAA11AA1AAAA","4",,,,,,,,,,
"5801951","2017-09-25T19:50:00","23.31","-124.04",,,"1","4","2","5",,,,"11",,,,,,,,,"10148",,,"8","217",,,,"9","232",,,,,,,,,,,,,"237","34","798","172","7","0",,"2","11FF1F","1AAAA11AA1AAAA","4",,,,,,,,,,
"5801950","2017-09-25T20:00:00","22.95","-123.70",,,"1","4","2","5",,,,"11",,,,,,,,,"10145",,,"8","220",,,,"9","235",,,,,,,,,,,,,"237","23","798","172","7","0",,"2","11FF1F","1AAAA11AA1AAAA","4",,,,,,,,,,
"5801951","2017-09-25T20:00:00","23.31","-124.04",,,"1","4","2","5",,,,"11",,,,,,,,,"10148",,,"8","216",,,,"9","232",,,,,,,,,,,,,"237","34","798","172","7","0",,"2","11FF1F","1AAAA11AA1AAAA","4",,,,,,,,,,
"5801950","2017-09-25T20:10:00","22.94","-123.69",,,"1","4","2","5",,,,"11",,,,,,,,,"10145",,,"8","220",,,,"9","235",,,,,,,,,,,,,"237","23","798","172","7","0",,"2","11FF1F","1AAAA11AA1AAAA","4",,,,,,,,,,
"5801951","2017-09-25T20:10:00","23.30","-124.05",,,"1","4","2","5",,,,"11",,,,,,,,,"10147",,,"8","216",,,,"9","232",,,,,,,,,,,,,"237","34","798","172","7","0",,"2","11FF1F","1AAAA11AA1AAAA","4",,,,,,,,,,
"5801950","2017-09-25T20:20:00","22.94","-123.69",,,"1","4","2","5",,,,"11",,,,,,,,,"10143",,,"8","219",,,,"9","235",,,,,,,,,,,,,"237","23","798","172","7","0",,"2","11FF1F","1AAAA11AA1AAAA","4",,,,,,,,,,
"5801951","2017-09-25T20:20:00","23.30","-124.05",,,"1","4","2","5",,,,"11",,,,,,,,,"10146",,,"8","217",,,,"9","232",,,,,,,,,,,,,"237","34","798","172","7","0",,"2","11FF1F","1AAAA11AA1AAAA","4",,,,,,,,,,
"5801950","2017-09-25T20:30:00","22.94","-123.69",,,"1","4","2","5",,,,"11",,,,,,,,,"10142",,,"8","220",,,,"9","235",,,,,,,,,,,,,"237","23","798","172","7","0",,"2","11FF1F","1AAAA11AA1AAAA","4",,,,,,,,,,
"5801951","2017-09-25T20:30:00","23.30","-124.06",,,"1","4","2","5",,,,"11",,,,,,,,,"10145",,,"8","217",,,,"9","232",,,,,,,,,,,,,"237","34","798","172","7","0",,"2","11FF1F","1AAAA11AA1AAAA","4",,,,,,,,,,
"5801950","2017-09-25T20:40:00","22.93","-123.69",,,"1","4","2","5",,,,"11",,,,,,,,,"10141",,,"8","220",,,,"9","235",,,,,,,,,,,,,"237","23","798","172","7","0",,"2","11FF1F","1AAAA11AA1AAAA","4",,,,,,,,,,
"5801951","2017-09-25T20:40:00","23.30","-124.06",,,"1","4","2","5",,,,"11",,,,,,,,,"10144",,,"8","217",,,,"9","232",,,,,,,,,,,,,"237","34","798","172","7","0",,"2","11FF1F","1AAAA11AA1AAAA","4",,,,,,,,,,
"5801950","2017-09-25T20:50:00","22.93","-123.69",,,"1","4","2","5",,,,"11",,,,,,,,,"10139",,,"8","220",,,,"9","235",,,,,,,,,,,,,"237","23","798","172","7","0",,"2","11FF1F","1AAAA11AA1AAAA","4",,,,,,,,,,
"5801951","2017-09-25T20:50:00","23.29","-124.06",,,"1","4","2","5",,,,"11",,,,,,,,,"10143",,,"8","217",,,,"9","232",,,,,,,,,,,,,"237","34","798","172","7","0",,"2","11FF1F","1AAAA11AA1AAAA","4",,,,,,,,,,
"5801950","2017-09-25T21:00:00","22.93","-123.68",,,"1","4","2","5",,,,"11",,,,,,,,,"10138",,,"8","220",,,,"9","235",,,,,,,,,,,,,"237","23","798","172","7","0",,"2","11FF1F","1AAAA11AA1AAAA","4",,,,,,,,,,
"5801951","2017-09-25T21:00:00","23.29","-124.07",,,"1","4","2","5",,,,"11",,,,,,,,,"10142",,,"8","217",,,,"9","231",,,,,,,,,,,,,"237","34","798","172","7","0",,"2","11FF1F","1AAAA11AA1AAAA","4",,,,,,,,,,
"5801950","2017-09-25T21:10:00","22.92","-123.68",,,"1","4","2","5",,,,"11",,,,,,,,,"10137",,,"8","219",,,,"9","235",,,,,,,,,,,,,"237","23","798","172","7","0",,"2","11FF1F","1AAAA11AA1AAAA","4",,,,,,,,,,
"5801951","2017-09-25T21:10:00","23.29","-124.07",,,"1","4","2","5",,,,"11",,,,,,,,,"10140",,,"8","217",,,,"9","232",,,,,,,,,,,,,"237","34","798","172","7","0",,"2","11FF1F","1AAAA11AA1AAAA","4",,,,,,,,,,
"5801950","2017-09-25T21:20:00","22.92","-123.68",,,"1","4","2","5",,,,"11",,,,,,,,,"10135",,,"8","220",,,,"9","235",,,,,,,,,,,,,"237","23","798","172","7","0",,"2","11FF1F","1AAAA11AA1AAAA","4",,,,,,,,,,
"5801951","2017-09-25T21:20:00","23.28","-124.07",,,"1","4","2","5",,,,"11",,,,,,,,,"10138",,,"8","217",,,,"9","232",,,,,,,,,,,,,"237","34","798","172","7","0",,"2","11FF1F","1AAAA11AA1AAAA","4",,,,,,,,,,
"5801950","2017-09-25T21:30:00","22.91","-123.68",,,"1","4","2","5",,,,"11",,,,,,,,,"10135",,,"8","220",,,,"9","235",,,,,,,,,,,,,"237","23","798","172","7","0",,"2","11FF1F","1AAAA11AA1AAAA","4",,,,,,,,,,
"5801951","2017-09-25T21:30:00","23.28","-124.08",,,"1","4","2","5",,,,"11",,,,,,,,,"10137",,,"8","217",,,,"9","232",,,,,,,,,,,,,"237","34","798","172","7","0",,"2","11FF1F","1AAAA11AA1AAAA","4",,,,,,,,,,
"5801950","2017-09-25T21:40:00","22.91","-123.68",,,"1","4","2","5",,,,"11",,,,,,,,,"10134",,,"8","220",,,,"9","236",,,,,,,,,,,,,"237","23","798","172","7","0",,"2","11FF1F","1AAAA11AA1AAAA","4",,,,,,,,,,
"5801951","2017-09-25T21:40:00","23.28","-124.08",,,"1","4","2","5",,,,"11",,,,,,,,,"10136",,,"8","217",,,,"9","232",,,,,,,,,,,,,"237","34","798","172","7","0",,"2","11FF1F","1AAAA11AA1AAAA","4",,,,,,,,,,
"5801950","2017-09-25T21:50:00","22.91","-123.67",,,"1","4","2","5",,,,"11",,,,,,,,,"10132",,,"8","219",,,,"9","235",,,,,,,,,,,,,"237","23","798","172","7","0",,"2","11FF1F","1AAAA11AA1AAAA","4",,,,,,,,,,
"5801951","2017-09-25T21:50:00","23.27","-124.09",,,"1","4","2","5",,,,"11",,,,,,,,,"10134",,,"8","217",,,,"9","233",,,,,,,,,,,,,"237","34","798","172","7","0",,"2","11FF1F","1AAAA11AA1AAAA","4",,,,,,,,,,
"5801950","2017-09-25T22:00:00","22.90","-123.67",,,"1","4","2","5",,,,"11",,,,,,,,,"10131",,,"8","220",,,,"9","235",,,,,,,,,,,,,"237","23","798","172","7","0",,"2","11FF1F","1AAAA11AA1AAAA","4",,,,,,,,,,
"5801951","2017-09-25T22:00:00","23.27","-124.09",,,"1","4","2","5",,,,"11",,,,,,,,,"10133",,,"8","218",,,,"9","233",,,,,,,,,,,,,"237","34","798","172","7","0",,"2","11FF1F","1AAAA11AA1AAAA","4",,,,,,,,,,
"5801950","2017-09-25T22:10:00","22.90","-123.67",,,"1","4","2","5",,,,"11",,,,,,,,,"10131",,,"8","220",,,,"9","235",,,,,,,,,,,,,"237","23","798","172","7","0",,"2","11FF1F","1AAAA11AA1AAAA","4",,,,,,,,,,
"5801951","2017-09-25T22:10:00","23.27","-124.09",,,"1","4","2","5",,,,"11",,,,,,,,,"10133",,,"8","217",,,,"9","233",,,,,,,,,,,,,"237","34","798","172","7","0",,"2","11FF1F","1AAAA11AA1AAAA","4",,,,,,,,,,
"5801950","2017-09-25T22:20:00","22.89","-123.67",,,"1","4","2","5",,,,"11",,,,,,,,,"10129",,,"8","219",,,,"9","236",,,,,,,,,,,,,"237","23","798","172","7","0",,"2","11FF1F","1AAAA11AA1AAAA","4",,,,,,,,,,
"5801951","2017-09-25T22:20:00","23.26","-124.10",,,"1","4","2","5",,,,"11",,,,,,,,,"10132",,,"8","218",,,,"9","233",,,,,,,,,,,,,"237","34","798","172","7","0",,"2","11FF1F","1AAAA11AA1AAAA","4",,,,,,,,,,
"5801950","2017-09-25T22:30:00","22.89","-123.66",,,"1","4","2","5",,,,"11",,,,,,,,,"10128",,,"8","219",,,,"9","236",,,,,,,,,,,,,"237","23","798","172","7","0",,"2","11FF1F","1AAAA11AA1AAAA","4",,,,,,,,,,
"5801951","2017-09-25T22:30:00","23.26","-124.10",,,"1","4","2","5",,,,"11",,,,,,,,,"10131",,,"8","218",,,,"9","233",,,,,,,,,,,,,"237","34","798","172","7","0",,"2","11FF1F","1AAAA11AA1AAAA","4",,,,,,,,,,
"5801950","2017-09-25T22:40:00","22.88","-123.66",,,"1","4","2","5",,,,"11",,,,,,,,,"10127",,,"8","220",,,,"9","236",,,,,,,,,,,,,"237","23","798","172","7","0",,"2","11FF1F","1AAAA11AA1AAAA","4",,,,,,,,,,
"5801951","2017-09-25T22:40:00","23.26","-124.10",,,"1","4","2","5",,,,"11",,,,,,,,,"10130",,,"8","218",,,,"9","233",,,,,,,,,,,,,"237","34","798","172","7","0",,"2","11FF1F","1AAAA11AA1AAAA","4",,,,,,,,,,
"5801950","2017-09-25T22:50:00","22.88","-123.66",,,"1","4","2","5",,,,"11",,,,,,,,,"10127",,,"8","220",,,,"9","236",,,,,,,,,,,,,"237","23","798","172","7","0",,"2","11FF1F","1AAAA11AA1AAAA","4",,,,,,,,,,
"5801951","2017-09-25T22:50:00","23.25","-124.11",,,"1","4","2","5",,,,"11",,,,,,,,,"10130",,,"8","219",,,,"9","233",,,,,,,,,,,,,"237","34","798","172","7","0",,"2","11FF1F","1AAAA11AA1AAAA","4",,,,,,,,,,
"5801950","2017-09-25T23:00:00","22.87","-123.66",,,"1","4","2","5",,,,"11",,,,,,,,,"10126",,,"8","221",,,,"9","236",,,,,,,,,,,,,"237","23","798","172","7","0",,"2","11FF1F","1AAAA11AA1AAAA","4",,,,,,,,,,
"5801951","2017-09-25T23:00:00","23.25","-124.11",,,"1","4","2","5",,,,"11",,,,,,,,,"10129",,,"8","219",,,,"9","233",,,,,,,,,,,,,"237","34","798","172","7","0",,"2","11FF1F","1AAAA11AA1AAAA","4",,,,,,,,,,
"5801950","2017-09-25T23:10:00","22.87","-123.65",,,"1","4","2","5",,,,"11",,,,,,,,,"10126",,,"8","221",,,,"9","236",,,,,,,,,,,,,"237","23","798","172","7","0",,"2","11FF1F","1AAAA11AA1AAAA","4",,,,,,,,,,
"5801951","2017-09-25T23:10:00","23.25","-124.11",,,"1","4","2","5",,,,"11",,,,,,,,,"10129",,,"8","219",,,,"9","233",,,,,,,,,,,,,"237","34","798","172","7","0",,"2","11FF1F","1AAAA11AA1AAAA","4",,,,,,,,,,
"5801950","2017-09-25T23:20:00","22.86","-123.65",,,"1","4","2","5",,,,"11",,,,,,,,,"10124",,,"8","221",,,,"9","236",,,,,,,,,,,,,"237","23","798","172","7","0",,"2","11FF1F","1AAAA11AA1AAAA","4",,,,,,,,,,
"5801951","2017-09-25T23:20:00","23.24","-124.12",,,"1","4","2","5",,,,"11",,,,,,,,,"10129",,,"8","219",,,,"9","233",,,,,,,,,,,,,"237","34","798","172","7","0",,"2","11FF1F","1AAAA11AA1AAAA","4",,,,,,,,,,
"5801950","2017-09-25T23:30:00","22.86","-123.65",,,"1","4","2","5",,,,"11",,,,,,,,,"10124",,,"8","221",,,,"9","236",,,,,,,,,,,,,"237","23","798","172","7","0",,"2","11FF1F","1AAAA11AA1AAAA","4",,,,,,,,,,
"5801951","2017-09-25T23:30:00","23.24","-124.12",,,"1","4","2","5",,,,"11",,,,,,,,,"10127",,,"8","219",,,,"9","234",,,,,,,,,,,,,"237","34","798","172","7","0",,"2","11FF1F","1AAAA11AA1AAAA","4",,,,,,,,,,
"5801950","2017-09-25T23:40:00","22.85","-123.65",,,"1","4","2","5",,,,"11",,,,,,,,,"10124",,,"8","221",,,,"9","236",,,,,,,,,,,,,"237","23","798","172","7","0",,"2","11FF1F","1AAAA11AA1AAAA","4",,,,,,,,,,
"5801951","2017-09-25T23:40:00","23.24","-124.13",,,"1","4","2","5",,,,"11",,,,,,,,,"10126",,,"8","220",,,,"9","233",,,,,,,,,,,,,"237","34","798","172","7","0",,"2","11FF1F","1AAAA11AA1AAAA","4",,,,,,,,,,
"5801950","2017-09-25T23:50:00","22.85","-123.64",,,"1","4","2","5",,,,"11",,,,,,,,,"10124",,,"8","221",,,,"9","236",,,,,,,,,,,,,"237","23","798","172","7","0",,"2","11FF1F","1AAAA11AA1AAAA","4",,,,,,,,,,
"5801951","2017-09-25T23:50:00","23.23","-124.13",,,"1","4","2","5",,,,"11",,,,,,,,,"10126",,,"8","220",,,,"9","234",,,,,,,,,,,,,"237","34","798","172","7","0",,"2","11FF1F","1AAAA11AA1AAAA","4",,,,,,,,,,
"5801950","2017-09-26T00:00:00","22.84","-123.64",,,"1","3","2","5",,,,"11",,,,,,,,,,,,,,,,,,,,,,,,,,,,,,,"237","23","798","172","7","0",,"2","FFFFFF","1AAAAAAAAAAAAA","4",,,,,,,,,,
"5801951","2017-09-26T00:00:00","23.23","-124.13",,,"1","3","2","5",,,,"11",,,,,,,,,,,,,,,,,,,,,,,,,,,,,,,"237","34","798","172","7","0",,"2","FFFFFF","1AAAAAAAAAAAAA","4",,,,,,,,,,
"5801950","2017-09-26T00:10:00","22.84","-123.64",,,"1","4","2","5",,,,"11",,,,,,,,,"10124",,,"8","219",,,,"9","236",,,,,,,,,,,,,"237","23","798","172","7","0",,"2","11FF1F","1AAAA11AA1AAAA","4",,,,,,,,,,
"5801951","2017-09-26T00:10:00","23.23","-124.14",,,"1","4","2","5",,,,"11",,,,,,,,,"10127",,,"8","221",,,,"9","234",,,,,,,,,,,,,"237","34","798","172","7","0",,"2","11FF1F","1AAAA11AA1AAAA","4",,,,,,,,,,
"5801950","2017-09-26T00:20:00","22.83","-123.64",,,"1","4","2","5",,,,"11",,,,,,,,,"10124",,,"8","219",,,,"9","236",,,,,,,,,,,,,"237","23","798","172","7","0",,"2","11FF1F","1AAAA11AA1AAAA","4",,,,,,,,,,
"5801951","2017-09-26T00:20:00","23.22","-124.14",,,"1","4","2","5",,,,"11",,,,,,,,,"10127",,,"8","222",,,,"9","234",,,,,,,,,,,,,"237","34","798","172","7","0",,"2","11FF1F","1AAAA11AA1AAAA","4",,,,,,,,,,
"5801950","2017-09-26T00:30:00","22.83","-123.63",,,"1","4","2","5",,,,"11",,,,,,,,,"10124",,,"8","220",,,,"9","236",,,,,,,,,,,,,"237","23","798","172","7","0",,"2","11FF1F","1AAAA11AA1AAAA","4",,,,,,,,,,
"5801951","2017-09-26T00:30:00","23.22","-124.15",,,"1","4","2","5",,,,"11",,,,,,,,,"10127",,,"8","221",,,,"9","234",,,,,,,,,,,,,"237","34","798","172","7","0",,"2","11FF1F","1AAAA11AA1AAAA","4",,,,,,,,,,
"5801950","2017-09-26T00:40:00","22.82","-123.63",,,"1","4","2","5",,,,"11",,,,,,,,,"10124",,,"8","221",,,,"9","236",,,,,,,,,,,,,"237","23","798","172","7","0",,"2","11FF1F","1AAAA11AA1AAAA","4",,,,,,,,,,
"5801951","2017-09-26T00:40:00","23.21","-124.15",,,"1","4","2","5",,,,"11",,,,,,,,,"10127",,,"8","221",,,,"9","234",,,,,,,,,,,,,"237","34","798","172","7","0",,"2","11FF1F","1AAAA11AA1AAAA","4",,,,,,,,,,
"5801950","2017-09-26T00:50:00","22.82","-123.63",,,"1","4","2","5",,,,"11",,,,,,,,,"10124",,,"8","222",,,,"9","236",,,,,,,,,,,,,"237","23","798","172","7","0",,"2","11FF1F","1AAAA11AA1AAAA","4",,,,,,,,,,
"5801951","2017-09-26T00:50:00","23.21","-124.16",,,"1","4","2","5",,,,"11",,,,,,,,,"10126",,,"8","218",,,,"9","234",,,,,,,,,,,,,"237","34","798","172","7","0",,"2","11FF1F","1AAAA11AA1AAAA","4",,,,,,,,,,
"5801950","2017-09-26T01:00:00","22.81","-123.63",,,"1","4","2","5",,,,"11",,,,,,,,,"10125",,,"8","222",,,,"9","236",,,,,,,,,,,,,"237","23","798","172","7","0",,"2","11FF1F","1AAAA11AA1AAAA","4",,,,,,,,,,
"5801951","2017-09-26T01:00:00","23.21","-124.16",,,"1","4","2","5",,,,"11",,,,,,,,,"10126",,,"8","221",,,,"9","234",,,,,,,,,,,,,"237","34","798","172","7","0",,"2","11FF1F","1AAAA11AA1AAAA","4",,,,,,,,,,
"5801950","2017-09-26T01:10:00","22.81","-123.62",,,"1","4","2","5",,,,"11",,,,,,,,,"10125",,,"8","224",,,,"9","236",,,,,,,,,,,,,"237","23","798","172","7","0",,"2","11FF1F","1AAAA11AA1AAAA","4",,,,,,,,,,
"5801951","2017-09-26T01:10:00","23.20","-124.16",,,"1","4","2","5",,,,"11",,,,,,,,,"10127",,,"8","222",,,,"9","233",,,,,,,,,,,,,"237","34","798","172","7","0",,"2","11FF1F","1AAAA11AA1AAAA","4",,,,,,,,,,
"5801950","2017-09-26T01:20:00","22.80","-123.62",,,"1","4","2","5",,,,"11",,,,,,,,,"10125",,,"8","222",,,,"9","235",,,,,,,,,,,,,"237","23","798","172","7","0",,"2","11FF1F","1AAAA11AA1AAAA","4",,,,,,,,,,
"5801951","2017-09-26T01:20:00","23.20","-124.17",,,"1","4","2","5",,,,"11",,,,,,,,,"10126",,,"8","219",,,,"9","233",,,,,,,,,,,,,"237","34","798","172","7","0",,"2","11FF1F","1AAAA11AA1AAAA","4",,,,,,,,,,
"5801950","2017-09-26T01:30:00","22.80","-123.62",,,"1","4","2","5",,,,"11",,,,,,,,,"10125",,,"8","222",,,,"9","235",,,,,,,,,,,,,"237","23","798","172","7","0",,"2","11FF1F","1AAAA11AA1AAAA","4",,,,,,,,,,
"5801951","2017-09-26T01:30:00","23.20","-124.17",,,"1","4","2","5",,,,"11",,,,,,,,,"10127",,,"8","220",,,,"9","232",,,,,,,,,,,,,"237","34","798","172","7","0",,"2","11FF1F","1AAAA11AA1AAAA","4",,,,,,,,,,
"5801950","2017-09-26T01:40:00","22.79","-123.62",,,"1","4","2","5",,,,"11",,,,,,,,,"10125",,,"8","220",,,,"9","235",,,,,,,,,,,,,"237","23","798","172","7","0",,"2","11FF1F","1AAAA11AA1AAAA","4",,,,,,,,,,
"5801951","2017-09-26T01:40:00","23.19","-124.17",,,"1","4","2","5",,,,"11",,,,,,,,,"10127",,,"8","219",,,,"9","232",,,,,,,,,,,,,"237","34","798","172","7","0",,"2","11FF1F","1AAAA11AA1AAAA","4",,,,,,,,,,
"5801950","2017-09-26T01:50:00","22.79","-123.61",,,"1","4","2","5",,,,"11",,,,,,,,,"10125",,,"8","220",,,,"9","235",,,,,,,,,,,,,"237","23","798","172","7","0",,"2","11FF1F","1AAAA11AA1AAAA","4",,,,,,,,,,
"5801951","2017-09-26T01:50:00","23.19","-124.18",,,"1","4","2","5",,,,"11",,,,,,,,,"10127",,,"8","219",,,,"9","232",,,,,,,,,,,,,"237","34","798","172","7","0",,"2","11FF1F","1AAAA11AA1AAAA","4",,,,,,,,,,
"5801950","2017-09-26T02:00:00","22.78","-123.61",,,"1","4","2","5",,,,"11",,,,,,,,,"10125",,,"8","219",,,,"9","235",,,,,,,,,,,,,"237","23","798","172","7","0",,"2","11FF1F","1AAAA11AA1AAAA","4",,,,,,,,,,
"5801951","2017-09-26T02:00:00","23.19","-124.18",,,"1","4","2","5",,,,"11",,,,,,,,,"10127",,,"8","220",,,,"9","232",,,,,,,,,,,,,"237","34","798","172","7","0",,"2","11FF1F","1AAAA11AA1AAAA","4",,,,,,,,,,
"5801950","2017-09-26T02:10:00","22.78","-123.61",,,"1","4","2","5",,,,"11",,,,,,,,,"10126",,,"8","219",,,,"9","235",,,,,,,,,,,,,"237","23","798","172","7","0",,"2","11FF1F","1AAAA11AA1AAAA","4",,,,,,,,,,
"5801951","2017-09-26T02:10:00","23.18","-124.18",,,"1","4","2","5",,,,"11",,,,,,,,,"10128",,,"8","219",,,,"9","232",,,,,,,,,,,,,"237","34","798","172","7","0",,"2","11FF1F","1AAAA11AA1AAAA","4",,,,,,,,,,
"5801950","2017-09-26T02:20:00","22.78","-123.60",,,"1","4","2","5",,,,"11",,,,,,,,,"10126",,,"8","219",,,,"9","235",,,,,,,,,,,,,"237","23","798","172","7","0",,"2","11FF1F","1AAAA11AA1AAAA","4",,,,,,,,,,
"5801951","2017-09-26T02:20:00","23.18","-124.19",,,"1","4","2","5",,,,"11",,,,,,,,,"10128",,,"8","220",,,,"9","232",,,,,,,,,,,,,"237","34","798","172","7","0",,"2","11FF1F","1AAAA11AA1AAAA","4",,,,,,,,,,
"5801950","2017-09-26T02:30:00","22.77","-123.60",,,"1","4","2","5",,,,"11",,,,,,,,,"10127",,,"8","219",,,,"9","235",,,,,,,,,,,,,"237","23","798","172","7","0",,"1","11FF1F","1AAAA11AA1AAAA","4",,,,,,,,,,
"5801951","2017-09-26T02:30:00","23.17","-124.19",,,"1","4","2","5",,,,"11",,,,,,,,,"10128",,,"8","219",,,,"9","232",,,,,,,,,,,,,"237","34","798","172","7","0",,"1","11FF1F","1AAAA11AA1AAAA","4",,,,,,,,,,
"5801950","2017-09-26T02:40:00","22.77","-123.60",,,"1","4","2","5",,,,"11",,,,,,,,,"10127",,,"8","219",,,,"9","234",,,,,,,,,,,,,"237","23","798","172","7","0",,"1","11FF1F","1AAAA11AA1AAAA","4",,,,,,,,,,
"5801951","2017-09-26T02:40:00","23.17","-124.20",,,"1","4","2","5",,,,"11",,,,,,,,,"10129",,,"8","220",,,,"9","232",,,,,,,,,,,,,"237","34","798","172","7","0",,"1","11FF1F","1AAAA11AA1AAAA","4",,,,,,,,,,
"5801950","2017-09-26T02:50:00","22.76","-123.59",,,"1","4","2","5",,,,"11",,,,,,,,,"10127",,,"8","219",,,,"9","234",,,,,,,,,,,,,"237","23","798","172","7","0",,"1","11FF1F","1AAAA11AA1AAAA","4",,,,,,,,,,
"5801951","2017-09-26T02:50:00","23.17","-124.20",,,"1","4","2","5",,,,"11",,,,,,,,,"10129",,,"8","219",,,,"9","232",,,,,,,,,,,,,"237","34","798","172","7","0",,"1","11FF1F","1AAAA11AA1AAAA","4",,,,,,,,,,
"5801950","2017-09-26T03:00:00","22.76","-123.59",,,"1","4","2","5",,,,"11",,,,,,,,,"10127",,,"8","219",,,,"9","234",,,,,,,,,,,,,"237","23","798","172","7","0",,"1","11FF1F","1AAAA11AA1AAAA","4",,,,,,,,,,
"5801951","2017-09-26T03:00:00","23.16","-124.21",,,"1","4","2","5",,,,"11",,,,,,,,,"10129",,,"8","219",,,,"9","232",,,,,,,,,,,,,"237","34","798","172","7","0",,"1","11FF1F","1AAAA11AA1AAAA","4",,,,,,,,,,
"5801950","2017-09-26T03:10:00","22.75","-123.59",,,"1","4","2","5",,,,"11",,,,,,,,,"10128",,,"8","220",,,,"9","234",,,,,,,,,,,,,"237","23","798","172","7","0",,"1","11FF1F","1AAAA11AA1AAAA","4",,,,,,,,,,
"5801951","2017-09-26T03:10:00","23.16","-124.21",,,"1","4","2","5",,,,"11",,,,,,,,,"10131",,,"8","220",,,,"9","232",,,,,,,,,,,,,"237","34","798","172","7","0",,"1","11FF1F","1AAAA11AA1AAAA","4",,,,,,,,,,
"5801950","2017-09-26T03:20:00","22.74","-123.59",,,"1","4","2","5",,,,"11",,,,,,,,,"10130",,,"8","220",,,,"9","234",,,,,,,,,,,,,"237","23","798","172","7","0",,"1","11FF1F","1AAAA11AA1AAAA","4",,,,,,,,,,
"5801951","2017-09-26T03:20:00","23.15","-124.21",,,"1","4","2","5",,,,"11",,,,,,,,,"10131",,,"8","220",,,,"9","232",,,,,,,,,,,,,"237","34","798","172","7","0",,"1","11FF1F","1AAAA11AA1AAAA","4",,,,,,,,,,
"5801950","2017-09-26T03:30:00","22.74","-123.58",,,"1","4","2","5",,,,"11",,,,,,,,,"10130",,,"8","219",,,,"9","234",,,,,,,,,,,,,"237","23","798","172","7","0",,"1","11FF1F","1AAAA11AA1AAAA","4",,,,,,,,,,
"5801951","2017-09-26T03:30:00","23.15","-124.22",,,"1","4","2","5",,,,"11",,,,,,,,,"10132",,,"8","220",,,,"9","232",,,,,,,,,,,,,"237","34","798","172","7","0",,"1","11FF1F","1AAAA11AA1AAAA","4",,,,,,,,,,
"5801950","2017-09-26T03:40:00","22.73","-123.58",,,"1","4","2","5",,,,"11",,,,,,,,,"10130",,,"8","219",,,,"9","234",,,,,,,,,,,,,"237","23","798","172","7","0",,"1","11FF1F","1AAAA11AA1AAAA","4",,,,,,,,,,
"5801951","2017-09-26T03:40:00","23.15","-124.22",,,"1","4","2","5",,,,"11",,,,,,,,,"10133",,,"8","219",,,,"9","232",,,,,,,,,,,,,"237","34","798","172","7","0",,"1","11FF1F","1AAAA11AA1AAAA","4",,,,,,,,,,
"5801950","2017-09-26T03:50:00","22.73","-123.58",,,"1","4","2","5",,,,"11",,,,,,,,,"10131",,,"8","219",,,,"9","235",,,,,,,,,,,,,"237","23","798","172","7","0",,"1","11FF1F","1AAAA11AA1AAAA","4",,,,,,,,,,
"5801951","2017-09-26T03:50:00","23.14","-124.23",,,"1","4","2","5",,,,"11",,,,,,,,,"10134",,,"8","220",,,,"9","232",,,,,,,,,,,,,"237","34","798","172","7","0",,"1","11FF1F","1AAAA11AA1AAAA","4",,,,,,,,,,
"5801950","2017-09-26T04:00:00","22.72","-123.58",,,"1","4","2","5",,,,"11",,,,,,,,,"10131",,,"8","219",,,,"9","234",,,,,,,,,,,,,"237","23","798","172","7","0",,"1","11FF1F","1AAAA11AA1AAAA","4",,,,,,,,,,
"5801951","2017-09-26T04:00:00","23.14","-124.23",,,"1","4","2","5",,,,"11",,,,,,,,,"10135",,,"8","221",,,,"9","232",,,,,,,,,,,,,"237","34","798","172","7","0",,"1","11FF1F","1AAAA11AA1AAAA","4",,,,,,,,,,
"5801950","2017-09-26T04:10:00","22.72","-123.59",,,"1","4","2","5",,,,"11",,,,,,,,,"10131",,,"8","220",,,,"9","235",,,,,,,,,,,,,"237","23","798","172","7","0",,"1","11FF1F","1AAAA11AA1AAAA","4",,,,,,,,,,
"5801951","2017-09-26T04:10:00","23.14","-124.23",,,"1","4","2","5",,,,"11",,,,,,,,,"10134",,,"8","221",,,,"9","232",,,,,,,,,,,,,"237","34","798","172","7","0",,"1","11FF1F","1AAAA11AA1AAAA","4",,,,,,,,,,
"5801950","2017-09-26T04:20:00","22.71","-123.59",,,"1","4","2","5",,,,"11",,,,,,,,,"10131",,,"8","219",,,,"9","235",,,,,,,,,,,,,"237","23","798","172","7","0",,"1","11FF1F","1AAAA11AA1AAAA","4",,,,,,,,,,
"5801951","2017-09-26T04:20:00","23.13","-124.23",,,"1","4","2","5",,,,"11",,,,,,,,,"10134",,,"8","221",,,,"9","232",,,,,,,,,,,,,"237","34","798","172","7","0",,"1","11FF1F","1AAAA11AA1AAAA","4",,,,,,,,,,
"5801950","2017-09-26T04:30:00","22.71","-123.60",,,"1","4","2","5",,,,"11",,,,,,,,,"10131",,,"8","219",,,,"9","235",,,,,,,,,,,,,"237","23","798","172","7","0",,"1","11FF1F","1AAAA11AA1AAAA","4",,,,,,,,,,
"5801951","2017-09-26T04:30:00","23.13","-124.23",,,"1","4","2","5",,,,"11",,,,,,,,,"10134",,,"8","222",,,,"9","231",,,,,,,,,,,,,"237","34","798","172","7","0",,"1","11FF1F","1AAAA11AA1AAAA","4",,,,,,,,,,
"5801950","2017-09-26T04:40:00","22.70","-123.60",,,"1","4","2","5",,,,"11",,,,,,,,,"10132",,,"8","220",,,,"9","235",,,,,,,,,,,,,"237","23","798","172","7","0",,"1","11FF1F","1AAAA11AA1AAAA","4",,,,,,,,,,
"5801951","2017-09-26T04:40:00","23.12","-124.23",,,"1","4","2","5",,,,"11",,,,,,,,,"10133",,,"8","223",,,,"9","232",,,,,,,,,,,,,"237","34","798","172","7","0",,"1","11FF1F","1AAAA11AA1AAAA","4",,,,,,,,,,
"5801950","2017-09-26T04:50:00","22.70","-123.61",,,"1","4","2","5",,,,"11",,,,,,,,,"10132",,,"8","220",,,,"9","235",,,,,,,,,,,,,"237","23","798","172","7","0",,"1","11FF1F","1AAAA11AA1AAAA","4",,,,,,,,,,
"5801951","2017-09-26T04:50:00","23.12","-124.23",,,"1","4","2","5",,,,"11",,,,,,,,,"10134",,,"8","222",,,,"9","232",,,,,,,,,,,,,"237","34","798","172","7","0",,"1","11FF1F","1AAAA11AA1AAAA","4",,,,,,,,,,
"5801950","2017-09-26T05:00:00","22.69","-123.61",,,"1","4","2","5",,,,"11",,,,,,,,,"10133",,,"8","220",,,,"9","235",,,,,,,,,,,,,"237","23","798","172","7","0",,"1","11FF1F","1AAAA11AA1AAAA","4",,,,,,,,,,
"5801951","2017-09-26T05:00:00","23.11","-124.23",,,"1","4","2","5",,,,"11",,,,,,,,,"10134",,,"8","222",,,,"9","232",,,,,,,,,,,,,"237","34","798","172","7","0",,"1","11FF1F","1AAAA11AA1AAAA","4",,,,,,,,,,
"5801950","2017-09-26T05:10:00","22.69","-123.61",,,"1","4","2","5",,,,"11",,,,,,,,,"10133",,,"8","220",,,,"9","235",,,,,,,,,,,,,"237","23","798","172","7","0",,"1","11FF1F","1AAAA11AA1AAAA","4",,,,,,,,,,
"5801951","2017-09-26T05:10:00","23.11","-124.23",,,"1","4","2","5",,,,"11",,,,,,,,,"10135",,,"8","221",,,,"9","232",,,,,,,,,,,,,"237","34","798","172","7","0",,"1","11FF1F","1AAAA11AA1AAAA","4",,,,,,,,,,
"5801950","2017-09-26T05:20:00","22.68","-123.62",,,"1","4","2","5",,,,"11",,,,,,,,,"10134",,,"8","221",,,,"9","235",,,,,,,,,,,,,"237","23","798","172","7","0",,"1","11FF1F","1AAAA11AA1AAAA","4",,,,,,,,,,
"5801951","2017-09-26T05:20:00","23.10","-124.23",,,"1","4","2","5",,,,"11",,,,,,,,,"10136",,,"8","221",,,,"9","232",,,,,,,,,,,,,"237","34","798","172","7","0",,"1","11FF1F","1AAAA11AA1AAAA","4",,,,,,,,,,
"5801950","2017-09-26T05:30:00","22.68","-123.62",,,"1","4","2","5",,,,"11",,,,,,,,,"10135",,,"8","221",,,,"9","236",,,,,,,,,,,,,"237","23","798","172","7","0",,"1","11FF1F","1AAAA11AA1AAAA","4",,,,,,,,,,
"5801951","2017-09-26T05:30:00","23.10","-124.23",,,"1","4","2","5",,,,"11",,,,,,,,,"10137",,,"8","221",,,,"9","232",,,,,,,,,,,,,"237","34","798","172","7","0",,"1","11FF1F","1AAAA11AA1AAAA","4",,,,,,,,,,
"5801950","2017-09-26T05:40:00","22.68","-123.63",,,"1","4","2","5",,,,"11",,,,,,,,,"10135",,,"8","222",,,,"9","236",,,,,,,,,,,,,"237","23","798","172","7","0",,"1","11FF1F","1AAAA11AA1AAAA","4",,,,,,,,,,
"5801951","2017-09-26T05:40:00","23.09","-124.23",,,"1","4","2","5",,,,"11",,,,,,,,,"10138",,,"8","222",,,,"9","232",,,,,,,,,,,,,"237","34","798","172","7","0",,"1","11FF1F","1AAAA11AA1AAAA","4",,,,,,,,,,
"5801950","2017-09-26T05:50:00","22.67","-123.63",,,"1","4","2","5",,,,"11",,,,,,,,,"10135",,,"8","222",,,,"9","235",,,,,,,,,,,,,"237","23","798","172","7","0",,"1","11FF1F","1AAAA11AA1AAAA","4",,,,,,,,,,
"5801951","2017-09-26T05:50:00","23.09","-124.22",,,"1","4","2","5",,,,"11",,,,,,,,,"10138",,,"8","223",,,,"9","232",,,,,,,,,,,,,"237","34","798","172","7","0",,"1","11FF1F","1AAAA11AA1AAAA","4",,,,,,,,,,
"5801950","2017-09-26T06:00:00","22.67","-123.64",,,"1","4","2","5",,,,"11",,,,,,,,,"10136",,,"8","223",,,,"9","235",,,,,,,,,,,,,"237","23","798","172","7","0",,"1","11FF1F","1AAAA11AA1AAAA","4",,,,,,,,,,
"5801951","2017-09-26T06:00:00","23.08","-124.22",,,"1","4","2","5",,,,"11",,,,,,,,,"10138",,,"8","223",,,,"9","232",,,,,,,,,,,,,"237","34","798","172","7","0",,"1","11FF1F","1AAAA11AA1AAAA","4",,,,,,,,,,
"5801950","2017-09-26T06:10:00","22.66","-123.64",,,"1","4","2","5",,,,"11",,,,,,,,,"10136",,,"8","222",,,,"9","235",,,,,,,,,,,,,"237","23","798","172","7","0",,"1","11FF1F","1AAAA11AA1AAAA","4",,,,,,,,,,
"5801951","2017-09-26T06:10:00","23.08","-124.22",,,"1","4","2","5",,,,"11",,,,,,,,,"10138",,,"8","222",,,,"9","232",,,,,,,,,,,,,"237","34","798","172","7","0",,"1","11FF1F","1AAAA11AA1AAAA","4",,,,,,,,,,
"5801950","2017-09-26T06:20:00","22.66","-123.65",,,"1","4","2","5",,,,"11",,,,,,,,,"10136",,,"8","222",,,,"9","235",,,,,,,,,,,,,"237","23","798","172","7","0",,"1","11FF1F","1AAAA11AA1AAAA","4",,,,,,,,,,
"5801951","2017-09-26T06:20:00","23.07","-124.21",,,"1","4","2","5",,,,"11",,,,,,,,,"10139",,,"8","224",,,,"9","232",,,,,,,,,,,,,"237","34","798","172","7","0",,"1","11FF1F","1AAAA11AA1AAAA","4",,,,,,,,,,
"5801950","2017-09-26T06:30:00","22.65","-123.65",,,"1","4","2","5",,,,"11",,,,,,,,,"10136",,,"8","221",,,,"9","235",,,,,,,,,,,,,"237","23","798","172","7","0",,"1","11FF1F","1AAAA11AA1AAAA","4",,,,,,,,,,
"5801951","2017-09-26T06:30:00","23.07","-124.21",,,"1","4","2","5",,,,"11",,,,,,,,,"10138",,,"8","224",,,,"9","232",,,,,,,,,,,,,"237","34","798","172","7","0",,"1","11FF1F","1AAAA11AA1AAAA","4",,,,,,,,,,
"5801950","2017-09-26T06:40:00","22.65","-123.66",,,"1","4","2","5",,,,"11",,,,,,,,,"10135",,,"8","221",,,,"9","235",,,,,,,,,,,,,"237","23","798","172","7","0",,"1","11FF1F","1AAAA11AA1AAAA","4",,,,,,,,,,
"5801951","2017-09-26T06:40:00","23.06","-124.21",,,"1","4","2","5",,,,"11",,,,,,,,,"10138",,,"8","222",,,,"9","232",,,,,,,,,,,,,"237","34","798","172","7","0",,"1","11FF1F","1AAAA11AA1AAAA","4",,,,,,,,,,
"5801950","2017-09-26T06:50:00","22.65","-123.66",,,"1","4","2","5",,,,"11",,,,,,,,,"10135",,,"8","221",,,,"9","235",,,,,,,,,,,,,"237","23","798","172","7","0",,"1","11FF1F","1AAAA11AA1AAAA","4",,,,,,,,,,
"5801951","2017-09-26T06:50:00","23.06","-124.21",,,"1","4","2","5",,,,"11",,,,,,,,,"10138",,,"8","223",,,,"9","232",,,,,,,,,,,,,"237","34","798","172","7","0",,"1","11FF1F","1AAAA11AA1AAAA","4",,,,,,,,,,
"5801950","2017-09-26T07:00:00","22.64","-123.66",,,"1","4","2","5",,,,"11",,,,,,,,,"10135",,,"8","222",,,,"9","234",,,,,,,,,,,,,"237","23","798","172","7","0",,"1","11FF1F","1AAAA11AA1AAAA","4",,,,,,,,,,
"5801951","2017-09-26T07:00:00","23.06","-124.21",,,"1","4","2","5",,,,"11",,,,,,,,,"10137",,,"8","223",,,,"9","232",,,,,,,,,,,,,"237","34","798","172","7","0",,"1","11FF1F","1AAAA11AA1AAAA","4",,,,,,,,,,
"5801950","2017-09-26T07:10:00","22.64","-123.67",,,"1","4","2","5",,,,"11",,,,,,,,,"10134",,,"8","221",,,,"9","234",,,,,,,,,,,,,"237","23","798","172","7","0",,"1","11FF1F","1AAAA11AA1AAAA","4",,,,,,,,,,
"5801951","2017-09-26T07:10:00","23.05","-124.21",,,"1","4","2","5",,,,"11",,,,,,,,,"10137",,,"8","222",,,,"9","233",,,,,,,,,,,,,"237","34","798","172","7","0",,"1","11FF1F","1AAAA11AA1AAAA","4",,,,,,,,,,
"5801950","2017-09-26T07:20:00","22.64","-123.67",,,"1","4","2","5",,,,"11",,,,,,,,,"10134",,,"8","221",,,,"9","234",,,,,,,,,,,,,"237","23","798","172","7","0",,"1","11FF1F","1AAAA11AA1AAAA","4",,,,,,,,,,
"5801951","2017-09-26T07:20:00","23.05","-124.21",,,"1","4","2","5",,,,"11",,,,,,,,,"10136",,,"8","222",,,,"9","233",,,,,,,,,,,,,"237","34","798","172","7","0",,"1","11FF1F","1AAAA11AA1AAAA","4",,,,,,,,,,
"5801950","2017-09-26T07:30:00","22.64","-123.67",,,"1","4","2","5",,,,"11",,,,,,,,,"10133",,,"8","222",,,,"9","234",,,,,,,,,,,,,"237","23","798","172","7","0",,"1","11FF1F","1AAAA11AA1AAAA","4",,,,,,,,,,
"5801951","2017-09-26T07:30:00","23.04","-124.22",,,"1","4","2","5",,,,"11",,,,,,,,,"10136",,,"8","222",,,,"9","233",,,,,,,,,,,,,"237","34","798","172","7","0",,"1","11FF1F","1AAAA11AA1AAAA","4",,,,,,,,,,
"5801950","2017-09-26T07:40:00","22.63","-123.68",,,"1","4","2","5",,,,"11",,,,,,,,,"10133",,,"8","222",,,,"9","234",,,,,,,,,,,,,"237","23","798","172","7","0",,"1","11FF1F","1AAAA11AA1AAAA","4",,,,,,,,,,
"5801951","2017-09-26T07:40:00","23.04","-124.22",,,"1","4","2","5",,,,"11",,,,,,,,,"10135",,,"8","222",,,,"9","233",,,,,,,,,,,,,"237","34","798","172","7","0",,"1","11FF1F","1AAAA11AA1AAAA","4",,,,,,,,,,
"5801950","2017-09-26T07:50:00","22.63","-123.68",,,"1","4","2","5",,,,"11",,,,,,,,,"10132",,,"8","222",,,,"9","234",,,,,,,,,,,,,"237","23","798","172","7","0",,"1","11FF1F","1AAAA11AA1AAAA","4",,,,,,,,,,
"5801951","2017-09-26T07:50:00","23.04","-124.22",,,"1","4","2","5",,,,"11",,,,,,,,,"10135",,,"8","222",,,,"9","233",,,,,,,,,,,,,"237","34","798","172","7","0",,"1","11FF1F","1AAAA11AA1AAAA","4",,,,,,,,,,
"5801950","2017-09-26T08:00:00","22.63","-123.68",,,"1","4","2","5",,,,"11",,,,,,,,,"10132",,,"8","222",,,,"9","234",,,,,,,,,,,,,"237","23","798","172","7","0",,"1","11FF1F","1AAAA11AA1AAAA","4",,,,,,,,,,
"5801951","2017-09-26T08:00:00","23.04","-124.22",,,"1","4","2","5",,,,"11",,,,,,,,,"10135",,,"8","222",,,,"9","233",,,,,,,,,,,,,"237","34","798","172","7","0",,"1","11FF1F","1AAAA11AA1AAAA","4",,,,,,,,,,
"5801950","2017-09-26T08:10:00","22.62","-123.69",,,"1","4","2","5",,,,"11",,,,,,,,,"10132",,,"8","222",,,,"9","234",,,,,,,,,,,,,"237","23","798","172","7","0",,"1","11FF1F","1AAAA11AA1AAAA","4",,,,,,,,,,
"5801951","2017-09-26T08:10:00","23.03","-124.23",,,"1","4","2","5",,,,"11",,,,,,,,,"10135",,,"8","223",,,,"9","233",,,,,,,,,,,,,"237","34","798","172","7","0",,"1","11FF1F","1AAAA11AA1AAAA","4",,,,,,,,,,
"5801950","2017-09-26T08:20:00","22.62","-123.69",,,"1","4","2","5",,,,"11",,,,,,,,,"10131",,,"8","223",,,,"9","234",,,,,,,,,,,,,"237","23","798","172","7","0",,"1","11FF1F","1AAAA11AA1AAAA","4",,,,,,,,,,
"5801951","2017-09-26T08:20:00","23.03","-124.23",,,"1","4","2","5",,,,"11",,,,,,,,,"10135",,,"8","222",,,,"9","233",,,,,,,,,,,,,"237","34","798","172","7","0",,"1","11FF1F","1AAAA11AA1AAAA","4",,,,,,,,,,
"5801950","2017-09-26T08:30:00","22.62","-123.69",,,"1","4","2","5",,,,"11",,,,,,,,,"10130",,,"8","224",,,,"9","234",,,,,,,,,,,,,"237","23","798","172","7","0",,"1","11FF1F","1AAAA11AA1AAAA","4",,,,,,,,,,
"5801951","2017-09-26T08:30:00","23.03","-124.24",,,"1","4","2","5",,,,"11",,,,,,,,,"10134",,,"8","222",,,,"9","233",,,,,,,,,,,,,"237","34","798","172","7","0",,"1","11FF1F","1AAAA11AA1AAAA","4",,,,,,,,,,
"5801950","2017-09-26T08:40:00","22.61","-123.70",,,"1","4","2","5",,,,"11",,,,,,,,,"10130",,,"8","222",,,,"9","234",,,,,,,,,,,,,"237","23","798","172","7","0",,"1","11FF1F","1AAAA11AA1AAAA","4",,,,,,,,,,
"5801951","2017-09-26T08:40:00","23.02","-124.24",,,"1","4","2","5",,,,"11",,,,,,,,,"10134",,,"8","222",,,,"9","233",,,,,,,,,,,,,"237","34","798","172","7","0",,"1","11FF1F","1AAAA11AA1AAAA","4",,,,,,,,,,
"5801950","2017-09-26T08:50:00","22.61","-123.70",,,"1","4","2","5",,,,"11",,,,,,,,,"10129",,,"8","222",,,,"9","234",,,,,,,,,,,,,"237","23","798","172","7","0",,"1","11FF1F","1AAAA11AA1AAAA","4",,,,,,,,,,
"5801951","2017-09-26T08:50:00","23.02","-124.24",,,"1","4","2","5",,,,"11",,,,,,,,,"10133",,,"8","221",,,,"9","233",,,,,,,,,,,,,"237","34","798","172","7","0",,"1","11FF1F","1AAAA11AA1AAAA","4",,,,,,,,,,
"5801950","2017-09-26T09:00:00","22.60","-123.71",,,"1","4","2","5",,,,"11",,,,,,,,,"10129",,,"8","222",,,,"9","234",,,,,,,,,,,,,"237","23","798","172","7","0",,"1","11FF1F","1AAAA11AA1AAAA","4",,,,,,,,,,
"5801951","2017-09-26T09:00:00","23.02","-124.25",,,"1","4","2","5",,,,"11",,,,,,,,,"10132",,,"8","221",,,,"9","234",,,,,,,,,,,,,"237","34","798","172","7","0",,"1","11FF1F","1AAAA11AA1AAAA","4",,,,,,,,,,
"5801950","2017-09-26T09:10:00","22.60","-123.71",,,"1","4","2","5",,,,"11",,,,,,,,,"10129",,,"8","221",,,,"9","233",,,,,,,,,,,,,"237","23","798","172","7","0",,"1","11FF1F","1AAAA11AA1AAAA","4",,,,,,,,,,
"5801951","2017-09-26T09:10:00","23.01","-124.25",,,"1","4","2","5",,,,"11",,,,,,,,,"10132",,,"8","220",,,,"9","234",,,,,,,,,,,,,"237","34","798","172","7","0",,"1","11FF1F","1AAAA11AA1AAAA","4",,,,,,,,,,
"5801950","2017-09-26T09:20:00","22.59","-123.72",,,"1","4","2","5",,,,"11",,,,,,,,,"10128",,,"8","221",,,,"9","233",,,,,,,,,,,,,"237","23","798","172","7","0",,"1","11FF1F","1AAAA11AA1AAAA","4",,,,,,,,,,
"5801951","2017-09-26T09:20:00","23.01","-124.25",,,"1","4","2","5",,,,"11",,,,,,,,,"10131",,,"8","220",,,,"9","234",,,,,,,,,,,,,"237","34","798","172","7","0",,"1","11FF1F","1AAAA11AA1AAAA","4",,,,,,,,,,
"5801950","2017-09-26T09:30:00","22.59","-123.72",,,"1","4","2","5",,,,"11",,,,,,,,,"10128",,,"8","221",,,,"9","233",,,,,,,,,,,,,"237","23","798","172","7","0",,"1","11FF1F","1AAAA11AA1AAAA","4",,,,,,,,,,
"5801951","2017-09-26T09:30:00","23.01","-124.25",,,"1","4","2","5",,,,"11",,,,,,,,,"10130",,,"8","221",,,,"9","234",,,,,,,,,,,,,"237","34","798","172","7","0",,"1","11FF1F","1AAAA11AA1AAAA","4",,,,,,,,,,
"5801950","2017-09-26T09:40:00","22.58","-123.73",,,"1","4","2","5",,,,"11",,,,,,,,,"10127",,,"8","220",,,,"9","233",,,,,,,,,,,,,"237","23","798","172","7","0",,"1","11FF1F","1AAAA11AA1AAAA","4",,,,,,,,,,
"5801951","2017-09-26T09:40:00","23.00","-124.26",,,"1","4","2","5",,,,"11",,,,,,,,,"10130",,,"8","221",,,,"9","234",,,,,,,,,,,,,"237","34","798","172","7","0",,"1","11FF1F","1AAAA11AA1AAAA","4",,,,,,,,,,
"5801950","2017-09-26T09:50:00","22.58","-123.73",,,"1","4","2","5",,,,"11",,,,,,,,,"10127",,,"8","220",,,,"9","233",,,,,,,,,,,,,"237","23","798","172","7","0",,"1","11FF1F","1AAAA11AA1AAAA","4",,,,,,,,,,
"5801951","2017-09-26T09:50:00","23.00","-124.26",,,"1","4","2","5",,,,"11",,,,,,,,,"10129",,,"8","219",,,,"9","234",,,,,,,,,,,,,"237","34","798","172","7","0",,"1","11FF1F","1AAAA11AA1AAAA","4",,,,,,,,,,
"5801950","2017-09-26T10:00:00","22.57","-123.74",,,"1","4","2","5",,,,"11",,,,,,,,,"10126",,,"8","220",,,,"9","233",,,,,,,,,,,,,"237","23","798","172","7","0",,"1","11FF1F","1AAAA11AA1AAAA","4",,,,,,,,,,
"5801951","2017-09-26T10:00:00","23.00","-124.26",,,"1","4","2","5",,,,"11",,,,,,,,,"10128",,,"8","220",,,,"9","234",,,,,,,,,,,,,"237","34","798","172","7","0",,"1","11FF1F","1AAAA11AA1AAAA","4",,,,,,,,,,
"5801950","2017-09-26T10:10:00","22.57","-123.74",,,"1","4","2","5",,,,"11",,,,,,,,,"10126",,,"8","219",,,,"9","233",,,,,,,,,,,,,"237","23","798","172","7","0",,"1","11FF1F","1AAAA11AA1AAAA","4",,,,,,,,,,
"5801951","2017-09-26T10:10:00","22.99","-124.26",,,"1","4","2","5",,,,"11",,,,,,,,,"10127",,,"8","220",,,,"9","234",,,,,,,,,,,,,"237","24","798","172","7","0",,"1","11FF1F","1AAAA11AA1AAAA","4",,,,,,,,,,
"5801950","2017-09-26T10:20:00","22.56","-123.74",,,"1","4","2","5",,,,"11",,,,,,,,,"10125",,,"8","219",,,,"9","232",,,,,,,,,,,,,"237","23","798","172","7","0",,"1","11FF1F","1AAAA11AA1AAAA","4",,,,,,,,,,
"5801951","2017-09-26T10:20:00","22.99","-124.26",,,"1","4","2","5",,,,"11",,,,,,,,,"10126",,,"8","220",,,,"9","234",,,,,,,,,,,,,"237","24","798","172","7","0",,"1","11FF1F","1AAAA11AA1AAAA","4",,,,,,,,,,
"5801950","2017-09-26T10:30:00","22.56","-123.75",,,"1","4","2","5",,,,"11",,,,,,,,,"10124",,,"8","220",,,,"9","232",,,,,,,,,,,,,"237","23","798","172","7","0",,"1","11FF1F","1AAAA11AA1AAAA","4",,,,,,,,,,
"5801951","2017-09-26T10:30:00","22.99","-124.26",,,"1","4","2","5",,,,"11",,,,,,,,,"10126",,,"8","220",,,,"9","235",,,,,,,,,,,,,"237","24","798","172","7","0",,"1","11FF1F","1AAAA11AA1AAAA","4",,,,,,,,,,
"5801950","2017-09-26T10:40:00","22.55","-123.75",,,"1","4","2","5",,,,"11",,,,,,,,,"10123",,,"8","219",,,,"9","233",,,,,,,,,,,,,"237","23","798","172","7","0",,"1","11FF1F","1AAAA11AA1AAAA","4",,,,,,,,,,
"5801951","2017-09-26T10:40:00","22.98","-124.27",,,"1","4","2","5",,,,"11",,,,,,,,,"10125",,,"8","220",,,,"9","235",,,,,,,,,,,,,"237","24","798","172","7","0",,"1","11FF1F","1AAAA11AA1AAAA","4",,,,,,,,,,
"5801950","2017-09-26T10:50:00","22.55","-123.75",,,"1","4","2","5",,,,"11",,,,,,,,,"10122",,,"8","219",,,,"9","232",,,,,,,,,,,,,"237","23","798","172","7","0",,"1","11FF1F","1AAAA11AA1AAAA","4",,,,,,,,,,
"5801951","2017-09-26T10:50:00","22.98","-124.27",,,"1","4","2","5",,,,"11",,,,,,,,,"10124",,,"8","219",,,,"9","234",,,,,,,,,,,,,"237","24","798","172","7","0",,"1","11FF1F","1AAAA11AA1AAAA","4",,,,,,,,,,
"5801950","2017-09-26T11:00:00","22.55","-123.76",,,"1","4","2","5",,,,"11",,,,,,,,,"10121",,,"8","219",,,,"9","233",,,,,,,,,,,,,"237","23","798","172","7","0",,"1","11FF1F","1AAAA11AA1AAAA","4",,,,,,,,,,
"5801951","2017-09-26T11:00:00","22.97","-124.27",,,"1","4","2","5",,,,"11",,,,,,,,,"10124",,,"8","220",,,,"9","235",,,,,,,,,,,,,"237","24","798","172","7","0",,"1","11FF1F","1AAAA11AA1AAAA","4",,,,,,,,,,
"5801950","2017-09-26T11:10:00","22.55","-123.76",,,"1","4","2","5",,,,"11",,,,,,,,,"10120",,,"8","219",,,,"9","232",,,,,,,,,,,,,"237","23","798","172","7","0",,"1","11FF1F","1AAAA11AA1AAAA","4",,,,,,,,,,
"5801951","2017-09-26T11:10:00","22.97","-124.27",,,"1","4","2","5",,,,"11",,,,,,,,,"10123",,,"8","220",,,,"9","235",,,,,,,,,,,,,"237","24","798","172","7","0",,"1","11FF1F","1AAAA11AA1AAAA","4",,,,,,,,,,
"5801950","2017-09-26T11:20:00","22.54","-123.76",,,"1","4","2","5",,,,"11",,,,,,,,,"10120",,,"8","219",,,,"9","232",,,,,,,,,,,,,"237","23","798","172","7","0",,"1","11FF1F","1AAAA11AA1AAAA","4",,,,,,,,,,
"5801951","2017-09-26T11:20:00","22.96","-124.28",,,"1","4","2","5",,,,"11",,,,,,,,,"10123",,,"8","219",,,,"9","234",,,,,,,,,,,,,"237","24","798","172","7","0",,"1","11FF1F","1AAAA11AA1AAAA","4",,,,,,,,,,
"5801950","2017-09-26T11:30:00","22.54","-123.76",,,"1","4","2","5",,,,"11",,,,,,,,,"10121",,,"8","220",,,,"9","233",,,,,,,,,,,,,"237","23","798","172","7","0",,"1","11FF1F","1AAAA11AA1AAAA","4",,,,,,,,,,
"5801951","2017-09-26T11:30:00","22.96","-124.28",,,"1","4","2","5",,,,"11",,,,,,,,,"10122",,,"8","219",,,,"9","235",,,,,,,,,,,,,"237","24","798","172","7","0",,"1","11FF1F","1AAAA11AA1AAAA","4",,,,,,,,,,
"5801950","2017-09-26T11:40:00","22.54","-123.75",,,"1","4","2","5",,,,"11",,,,,,,,,"10121",,,"8","221",,,,"9","233",,,,,,,,,,,,,"237","23","798","172","7","0",,"1","11FF1F","1AAAA11AA1AAAA","4",,,,,,,,,,
"5801951","2017-09-26T11:40:00","22.95","-124.28",,,"1","4","2","5",,,,"11",,,,,,,,,"10122",,,"8","219",,,,"9","234",,,,,,,,,,,,,"237","24","798","172","7","0",,"1","11FF1F","1AAAA11AA1AAAA","4",,,,,,,,,,
"5801950","2017-09-26T11:50:00","22.53","-123.75",,,"1","4","2","5",,,,"11",,,,,,,,,"10122",,,"8","220",,,,"9","233",,,,,,,,,,,,,"237","23","798","172","7","0",,"1","11FF1F","1AAAA11AA1AAAA","4",,,,,,,,,,
"5801951","2017-09-26T11:50:00","22.95","-124.28",,,"1","4","2","5",,,,"11",,,,,,,,,"10123",,,"8","219",,,,"9","235",,,,,,,,,,,,,"237","24","798","172","7","0",,"1","11FF1F","1AAAA11AA1AAAA","4",,,,,,,,,,
"2FRK8","2017-09-26T12:00:00","23.80","-122.70",,,"1","4","0","0",,,,"1","0","320","3","31",,"97","2",,"10090",,,"0","220",,,,"3","240","4",,,"A",,,,,"2","36",,"2","237","32","992","114","5","1","2","1","11111F","1111A11AA1133A",,,"1",,,,,,,,"4"
"5801950","2017-09-26T12:00:00","22.53","-123.75",,,"1","4","2","5",,,,"11",,,,,,,,,"10121",,,"8","220",,,,"9","233",,,,,,,,,,,,,"237","23","798","172","7","0",,"1","11FF1F","1AAAA11AA1AAAA","4",,,,,,,,,,
"5801951","2017-09-26T12:00:00","22.95","-124.29",,,"1","4","2","5",,,,"11",,,,,,,,,"10122",,,"8","220",,,,"9","235",,,,,,,,,,,,,"237","24","798","172","7","0",,"1","11FF1F","1AAAA11AA1AAAA","4",,,,,,,,,,
"5801950","2017-09-26T12:10:00","22.53","-123.74",,,"1","4","2","5",,,,"11",,,,,,,,,"10122",,,"8","220",,,,"9","233",,,,,,,,,,,,,"237","23","798","172","7","0",,"1","11FF1F","1AAAA11AA1AAAA","4",,,,,,,,,,
"5801951","2017-09-26T12:10:00","22.94","-124.29",,,"1","4","2","5",,,,"11",,,,,,,,,"10123",,,"8","220",,,,"9","235",,,,,,,,,,,,,"237","24","798","172","7","0",,"1","11FF1F","1AAAA11AA1AAAA","4",,,,,,,,,,
"5801950","2017-09-26T12:20:00","22.52","-123.74",,,"1","4","2","5",,,,"11",,,,,,,,,"10122",,,"8","219",,,,"9","233",,,,,,,,,,,,,"237","23","798","172","7","0",,"1","11FF1F","1AAAA11AA1AAAA","4",,,,,,,,,,
"5801951","2017-09-26T12:20:00","22.94","-124.30",,,"1","4","2","5",,,,"11",,,,,,,,,"10124",,,"8","220",,,,"9","235",,,,,,,,,,,,,"237","24","798","172","7","0",,"1","11FF1F","1AAAA11AA1AAAA","4",,,,,,,,,,
"5801950","2017-09-26T12:30:00","22.52","-123.74",,,"1","4","2","5",,,,"11",,,,,,,,,"10123",,,"8","219",,,,"9","233",,,,,,,,,,,,,"237","23","798","172","7","0",,"1","11FF1F","1AAAA11AA1AAAA","4",,,,,,,,,,
"5801951","2017-09-26T12:30:00","22.94","-124.30",,,"1","4","2","5",,,,"11",,,,,,,,,"10124",,,"8","219",,,,"9","235",,,,,,,,,,,,,"237","24","798","172","7","0",,"1","11FF1F","1AAAA11AA1AAAA","4",,,,,,,,,,
"5801950","2017-09-26T12:40:00","22.52","-123.74",,,"1","4","2","5",,,,"11",,,,,,,,,"10123",,,"8","219",,,,"9","233",,,,,,,,,,,,,"237","23","798","172","7","0",,"1","11FF1F","1AAAA11AA1AAAA","4",,,,,,,,,,
"5801951","2017-09-26T12:40:00","22.94","-124.30",,,"1","4","2","5",,,,"11",,,,,,,,,"10125",,,"8","219",,,,"9","235",,,,,,,,,,,,,"237","24","798","172","7","0",,"1","11FF1F","1AAAA11AA1AAAA","4",,,,,,,,,,
"5801950","2017-09-26T12:50:00","22.52","-123.74",,,"1","4","2","5",,,,"11",,,,,,,,,"10123",,,"8","220",,,,"9","234",,,,,,,,,,,,,"237","23","798","172","7","0",,"1","11FF1F","1AAAA11AA1AAAA","4",,,,,,,,,,
"5801951","2017-09-26T12:50:00","22.94","-124.30",,,"1","4","2","5",,,,"11",,,,,,,,,"10125",,,"8","219",,,,"9","235",,,,,,,,,,,,,"237","24","798","172","7","0",,"1","11FF1F","1AAAA11AA1AAAA","4",,,,,,,,,,
"5801950","2017-09-26T13:00:00","22.51","-123.73",,,"1","4","2","5",,,,"11",,,,,,,,,"10123",,,"8","219",,,,"9","234",,,,,,,,,,,,,"237","23","798","172","7","0",,"1","11FF1F","1AAAA11AA1AAAA","4",,,,,,,,,,
"5801951","2017-09-26T13:00:00","22.93","-124.30",,,"1","4","2","5",,,,"11",,,,,,,,,"10126",,,"8","219",,,,"9","235",,,,,,,,,,,,,"237","24","798","172","7","0",,"1","11FF1F","1AAAA11AA1AAAA","4",,,,,,,,,,
"5801950","2017-09-26T13:10:00","22.51","-123.73",,,"1","4","2","5",,,,"11",,,,,,,,,"10124",,,"8","219",,,,"9","234",,,,,,,,,,,,,"237","23","798","172","7","0",,"1","11FF1F","1AAAA11AA1AAAA","4",,,,,,,,,,
"5801951","2017-09-26T13:10:00","22.93","-124.30",,,"1","4","2","5",,,,"11",,,,,,,,,"10126",,,"8","219",,,,"9","235",,,,,,,,,,,,,"237","24","798","172","7","0",,"1","11FF1F","1AAAA11AA1AAAA","4",,,,,,,,,,
"5801950","2017-09-26T13:20:00","22.51","-123.73",,,"1","4","2","5",,,,"11",,,,,,,,,"10125",,,"8","220",,,,"9","233",,,,,,,,,,,,,"237","23","798","172","7","0",,"1","11FF1F","1AAAA11AA1AAAA","4",,,,,,,,,,
"5801951","2017-09-26T13:20:00","22.93","-124.30",,,"1","4","2","5",,,,"11",,,,,,,,,"10127",,,"8","220",,,,"9","235",,,,,,,,,,,,,"237","24","798","172","7","0",,"1","11FF1F","1AAAA11AA1AAAA","4",,,,,,,,,,
"5801950","2017-09-26T13:30:00","22.50","-123.73",,,"1","4","2","5",,,,"11",,,,,,,,,"10126",,,"8","220",,,,"9","233",,,,,,,,,,,,,"237","23","798","172","7","0",,"1","11FF1F","1AAAA11AA1AAAA","4",,,,,,,,,,
"5801951","2017-09-26T13:30:00","22.93","-124.30",,,"1","4","2","5",,,,"11",,,,,,,,,"10127",,,"8","219",,,,"9","235",,,,,,,,,,,,,"237","24","798","172","7","0",,"1","11FF1F","1AAAA11AA1AAAA","4",,,,,,,,,,
"5801950","2017-09-26T13:40:00","22.50","-123.73",,,"1","4","2","5",,,,"11",,,,,,,,,"10126",,,"8","220",,,,"9","234",,,,,,,,,,,,,"237","23","798","172","7","0",,"1","11FF1F","1AAAA11AA1AAAA","4",,,,,,,,,,
"5801951","2017-09-26T13:40:00","22.93","-124.30",,,"1","4","2","5",,,,"11",,,,,,,,,"10127",,,"8","220",,,,"9","234",,,,,,,,,,,,,"237","24","798","172","7","0",,"1","11FF1F","1AAAA11AA1AAAA","4",,,,,,,,,,
"5801950","2017-09-26T13:50:00","22.49","-123.73",,,"1","4","2","5",,,,"11",,,,,,,,,"10126",,,"8","220",,,,"9","234",,,,,,,,,,,,,"237","23","798","172","7","0",,"1","11FF1F","1AAAA11AA1AAAA","4",,,,,,,,,,
"5801951","2017-09-26T13:50:00","22.92","-124.30",,,"1","4","2","5",,,,"11",,,,,,,,,"10128",,,"8","219",,,,"9","235",,,,,,,,,,,,,"237","24","798","172","7","0",,"1","11FF1F","1AAAA11AA1AAAA","4",,,,,,,,,,
"5801950","2017-09-26T14:00:00","22.49","-123.73",,,"1","4","2","5",,,,"11",,,,,,,,,"10127",,,"8","219",,,,"9","234",,,,,,,,,,,,,"237","23","798","172","7","0",,"1","11FF1F","1AAAA11AA1AAAA","4",,,,,,,,,,
"5801951","2017-09-26T14:00:00","22.92","-124.29",,,"1","4","2","5",,,,"11",,,,,,,,,"10129",,,"8","219",,,,"9","234",,,,,,,,,,,,,"237","24","798","172","7","0",,"1","11FF1F","1AAAA11AA1AAAA","4",,,,,,,,,,
"5801950","2017-09-26T14:10:00","22.49","-123.73",,,"1","4","2","5",,,,"11",,,,,,,,,"10128",,,"8","220",,,,"9","234",,,,,,,,,,,,,"237","23","798","172","7","0",,"2","11FF1F","1AAAA11AA1AAAA","4",,,,,,,,,,
"5801951","2017-09-26T14:10:00","22.91","-124.29",,,"1","4","2","5",,,,"11",,,,,,,,,"10130",,,"8","220",,,,"9","234",,,,,,,,,,,,,"237","24","798","172","7","0",,"1","11FF1F","1AAAA11AA1AAAA","4",,,,,,,,,,
"5801950","2017-09-26T14:20:00","22.48","-123.72",,,"1","4","2","5",,,,"11",,,,,,,,,"10128",,,"8","220",,,,"9","234",,,,,,,,,,,,,"237","23","798","172","7","0",,"2","11FF1F","1AAAA11AA1AAAA","4",,,,,,,,,,
"5801951","2017-09-26T14:20:00","22.91","-124.29",,,"1","4","2","5",,,,"11",,,,,,,,,"10131",,,"8","220",,,,"9","235",,,,,,,,,,,,,"237","24","798","172","7","0",,"2","11FF1F","1AAAA11AA1AAAA","4",,,,,,,,,,
"5801950","2017-09-26T14:30:00","22.48","-123.72",,,"1","4","2","5",,,,"11",,,,,,,,,"10129",,,"8","220",,,,"9","234",,,,,,,,,,,,,"237","23","798","172","7","0",,"2","11FF1F","1AAAA11AA1AAAA","4",,,,,,,,,,
"5801951","2017-09-26T14:30:00","22.91","-124.29",,,"1","4","2","5",,,,"11",,,,,,,,,"10131",,,"8","221",,,,"9","235",,,,,,,,,,,,,"237","24","798","172","7","0",,"2","11FF1F","1AAAA11AA1AAAA","4",,,,,,,,,,
"5801950","2017-09-26T14:40:00","22.47","-123.72",,,"1","4","2","5",,,,"11",,,,,,,,,"10130",,,"8","220",,,,"9","234",,,,,,,,,,,,,"237","23","798","172","7","0",,"2","11FF1F","1AAAA11AA1AAAA","4",,,,,,,,,,
"5801951","2017-09-26T14:40:00","22.90","-124.29",,,"1","4","2","5",,,,"11",,,,,,,,,"10132",,,"8","220",,,,"9","235",,,,,,,,,,,,,"237","24","798","172","7","0",,"2","11FF1F","1AAAA11AA1AAAA","4",,,,,,,,,,
"5801950","2017-09-26T14:50:00","22.47","-123.72",,,"1","4","2","5",,,,"11",,,,,,,,,"10131",,,"8","220",,,,"9","234",,,,,,,,,,,,,"237","23","798","172","7","0",,"2","11FF1F","1AAAA11AA1AAAA","4",,,,,,,,,,
"5801951","2017-09-26T14:50:00","22.90","-124.28",,,"1","4","2","5",,,,"11",,,,,,,,,"10133",,,"8","221",,,,"9","235",,,,,,,,,,,,,"237","24","798","172","7","0",,"2","11FF1F","1AAAA11AA1AAAA","4",,,,,,,,,,
"5801950","2017-09-26T15:00:00","22.47","-123.72",,,"1","4","2","5",,,,"11",,,,,,,,,"10131",,,"8","220",,,,"9","234",,,,,,,,,,,,,"237","23","798","172","7","0",,"2","11FF1F","1AAAA11AA1AAAA","4",,,,,,,,,,
"5801951","2017-09-26T15:00:00","22.89","-124.28",,,"1","4","2","5",,,,"11",,,,,,,,,"10134",,,"8","220",,,,"9","236",,,,,,,,,,,,,"237","24","798","172","7","0",,"2","11FF1F","1AAAA11AA1AAAA","4",,,,,,,,,,
"5801950","2017-09-26T15:10:00","22.46","-123.72",,,"1","4","2","5",,,,"11",,,,,,,,,"10132",,,"8","221",,,,"9","234",,,,,,,,,,,,,"237","23","798","172","7","0",,"2","11FF1F","1AAAA11AA1AAAA","4",,,,,,,,,,
"5801951","2017-09-26T15:10:00","22.89","-124.28",,,"1","4","2","5",,,,"11",,,,,,,,,"10134",,,"8","220",,,,"9","236",,,,,,,,,,,,,"237","24","798","172","7","0",,"2","11FF1F","1AAAA11AA1AAAA","4",,,,,,,,,,
"5801950","2017-09-26T15:20:00","22.46","-123.73",,,"1","4","2","5",,,,"11",,,,,,,,,"10133",,,"8","220",,,,"9","234",,,,,,,,,,,,,"237","23","798","172","7","0",,"2","11FF1F","1AAAA11AA1AAAA","4",,,,,,,,,,
"5801951","2017-09-26T15:20:00","22.88","-124.28",,,"1","4","2","5",,,,"11",,,,,,,,,"10134",,,"8","220",,,,"9","236",,,,,,,,,,,,,"237","24","798","172","7","0",,"2","11FF1F","1AAAA11AA1AAAA","4",,,,,,,,,,
"5801950","2017-09-26T15:30:00","22.46","-123.73",,,"1","4","2","5",,,,"11",,,,,,,,,"10133",,,"8","220",,,,"9","234",,,,,,,,,,,,,"237","23","798","172","7","0",,"2","11FF1F","1AAAA11AA1AAAA","4",,,,,,,,,,
"5801951","2017-09-26T15:30:00","22.88","-124.27",,,"1","4","2","5",,,,"11",,,,,,,,,"10135",,,"8","220",,,,"9","236",,,,,,,,,,,,,"237","24","798","172","7","0",,"2","11FF1F","1AAAA11AA1AAAA","4",,,,,,,,,,
"5801950","2017-09-26T15:40:00","22.46","-123.73",,,"1","4","2","5",,,,"11",,,,,,,,,"10134",,,"8","220",,,,"9","234",,,,,,,,,,,,,"237","23","798","172","7","0",,"2","11FF1F","1AAAA11AA1AAAA","4",,,,,,,,,,
"5801951","2017-09-26T15:40:00","22.88","-124.27",,,"1","4","2","5",,,,"11",,,,,,,,,"10136",,,"8","220",,,,"9","236",,,,,,,,,,,,,"237","24","798","172","7","0",,"2","11FF1F","1AAAA11AA1AAAA","4",,,,,,,,,,
"5801950","2017-09-26T15:50:00","22.45","-123.73",,,"1","4","2","5",,,,"11",,,,,,,,,"10133",,,"8","221",,,,"9","234",,,,,,,,,,,,,"237","23","798","172","7","0",,"2","11FF1F","1AAAA11AA1AAAA","4",,,,,,,,,,
"5801951","2017-09-26T15:50:00","22.87","-124.27",,,"1","4","2","5",,,,"11",,,,,,,,,"10136",,,"8","221",,,,"9","234",,,,,,,,,,,,,"237","24","798","172","7","0",,"2","11FF1F","1AAAA11AA1AAAA","4",,,,,,,,,,
"3EGL5","2017-09-26T16:00:00","26.50","-125.80",,,"1","4","0","0","6","3",,"1","0","20","4","62",,"98","3","2","10140","4","0","0","215","0","175","140","1","220","8","8","1","4","4","7",,"7","2","2","7","2","237","65","992","114","5","1","2","2","111111","11111111111111",,,"3","1","1","8","2",,,,"4"
"5801950","2017-09-26T16:00:00","22.45","-123.74",,,"1","4","2","5",,,,"11",,,,,,,,,"10133",,,"8","221",,,,"9","234",,,,,,,,,,,,,"237","23","798","172","7","0",,"2","11FF1F","1AAAA11AA1AAAA","4",,,,,,,,,,
"5801951","2017-09-26T16:00:00","22.87","-124.27",,,"1","4","2","5",,,,"11",,,,,,,,,"10136",,,"8","220",,,,"9","234",,,,,,,,,,,,,"237","24","798","172","7","0",,"2","11FF1F","1AAAA11AA1AAAA","4",,,,,,,,,,
"5801950","2017-09-26T16:10:00","22.45","-123.74",,,"1","4","2","5",,,,"11",,,,,,,,,"10134",,,"8","222",,,,"9","234",,,,,,,,,,,,,"237","23","798","172","7","0",,"2","11FF1F","1AAAA11AA1AAAA","4",,,,,,,,,,
"5801951","2017-09-26T16:10:00","22.87","-124.26",,,"1","4","2","5",,,,"11",,,,,,,,,"10137",,,"8","220",,,,"9","234",,,,,,,,,,,,,"237","24","798","172","7","0",,"2","11FF1F","1AAAA11AA1AAAA","4",,,,,,,,,,
"5801950","2017-09-26T16:20:00","22.45","-123.74",,,"1","4","2","5",,,,"11",,,,,,,,,"10135",,,"8","221",,,,"9","234",,,,,,,,,,,,,"237","23","798","172","7","0",,"2","11FF1F","1AAAA11AA1AAAA","4",,,,,,,,,,
"5801951","2017-09-26T16:20:00","22.87","-124.26",,,"1","4","2","5",,,,"11",,,,,,,,,"10137",,,"8","220",,,,"9","234",,,,,,,,,,,,,"237","24","798","172","7","0",,"2","11FF1F","1AAAA11AA1AAAA","4",,,,,,,,,,
"5801950","2017-09-26T16:30:00","22.44","-123.74",,,"1","4","2","5",,,,"11",,,,,,,,,"10135",,,"8","221",,,,"9","234",,,,,,,,,,,,,"237","23","798","172","7","0",,"2","11FF1F","1AAAA11AA1AAAA","4",,,,,,,,,,
"5801951","2017-09-26T16:30:00","22.86","-124.26",,,"1","4","2","5",,,,"11",,,,,,,,,"10138",,,"8","219",,,,"9","234",,,,,,,,,,,,,"237","24","798","172","7","0",,"2","11FF1F","1AAAA11AA1AAAA","4",,,,,,,,,,
"5801950","2017-09-26T16:40:00","22.44","-123.74",,,"1","4","2","5",,,,"11",,,,,,,,,"10136",,,"8","220",,,,"9","234",,,,,,,,,,,,,"237","23","798","172","7","0",,"2","11FF1F","1AAAA11AA1AAAA","4",,,,,,,,,,
"5801951","2017-09-26T16:40:00","22.86","-124.25",,,"1","4","2","5",,,,"11",,,,,,,,,"10138",,,"8","219",,,,"9","234",,,,,,,,,,,,,"237","24","798","172","7","0",,"2","11FF1F","1AAAA11AA1AAAA","4",,,,,,,,,,
"5801950","2017-09-26T16:50:00","22.44","-123.74",,,"1","4","2","5",,,,"11",,,,,,,,,"10136",,,"8","220",,,,"9","234",,,,,,,,,,,,,"237","23","798","172","7","0",,"2","11FF1F","1AAAA11AA1AAAA","4",,,,,,,,,,
"5801951","2017-09-26T16:50:00","22.85","-124.25",,,"1","4","2","5",,,,"11",,,,,,,,,"10138",,,"8","220",,,,"9","234",,,,,,,,,,,,,"237","24","798","172","7","0",,"2","11FF1F","1AAAA11AA1AAAA","4",,,,,,,,,,
"5801950","2017-09-26T17:00:00","22.43","-123.73",,,"1","4","2","5",,,,"11",,,,,,,,,"10136",,,"8","220",,,,"9","234",,,,,,,,,,,,,"237","23","798","172","7","0",,"2","11FF1F","1AAAA11AA1AAAA","4",,,,,,,,,,
"5801951","2017-09-26T17:00:00","22.85","-124.24",,,"1","4","2","5",,,,"11",,,,,,,,,"10139",,,"8","219",,,,"9","234",,,,,,,,,,,,,"237","24","798","172","7","0",,"2","11FF1F","1AAAA11AA1AAAA","4",,,,,,,,,,
"5801950","2017-09-26T17:10:00","22.43","-123.73",,,"1","4","2","5",,,,"11",,,,,,,,,"10136",,,"8","220",,,,"9","234",,,,,,,,,,,,,"237","23","798","172","7","0",,"2","11FF1F","1AAAA11AA1AAAA","4",,,,,,,,,,
"5801951","2017-09-26T17:10:00","22.85","-124.24",,,"1","4","2","5",,,,"11",,,,,,,,,"10139",,,"8","220",,,,"9","234",,,,,,,,,,,,,"237","24","798","172","7","0",,"2","11FF1F","1AAAA11AA1AAAA","4",,,,,,,,,,
"5801950","2017-09-26T17:20:00","22.43","-123.73",,,"1","4","2","5",,,,"11",,,,,,,,,"10136",,,"8","221",,,,"9","235",,,,,,,,,,,,,"237","23","798","172","7","0",,"2","11FF1F","1AAAA11AA1AAAA","4",,,,,,,,,,
"5801951","2017-09-26T17:20:00","22.84","-124.24",,,"1","4","2","5",,,,"11",,,,,,,,,"10138",,,"8","221",,,,"9","234",,,,,,,,,,,,,"237","24","798","172","7","0",,"2","11FF1F","1AAAA11AA1AAAA","4",,,,,,,,,,
"5801950","2017-09-26T17:30:00","22.42","-123.73",,,"1","4","2","5",,,,"11",,,,,,,,,"10136",,,"8","221",,,,"9","235",,,,,,,,,,,,,"237","23","798","172","7","0",,"2","11FF1F","1AAAA11AA1AAAA","4",,,,,,,,,,
"5801951","2017-09-26T17:30:00","22.84","-124.23",,,"1","4","2","5",,,,"11",,,,,,,,,"10138",,,"8","221",,,,"9","234",,,,,,,,,,,,,"237","24","798","172","7","0",,"2","11FF1F","1AAAA11AA1AAAA","4",,,,,,,,,,
"5801950","2017-09-26T17:40:00","22.42","-123.73",,,"1","4","2","5",,,,"11",,,,,,,,,"10136",,,"8","221",,,,"9","235",,,,,,,,,,,,,"237","23","798","172","7","0",,"2","11FF1F","1AAAA11AA1AAAA","4",,,,,,,,,,
"5801951","2017-09-26T17:40:00","22.84","-124.23",,,"1","4","2","5",,,,"11",,,,,,,,,"10138",,,"8","220",,,,"9","234",,,,,,,,,,,,,"237","24","798","172","7","0",,"2","11FF1F","1AAAA11AA1AAAA","4",,,,,,,,,,
"5801950","2017-09-26T17:50:00","22.41","-123.73",,,"1","4","2","5",,,,"11",,,,,,,,,"10135",,,"8","221",,,,"9","235",,,,,,,,,,,,,"237","23","798","172","7","0",,"2","11FF1F","1AAAA11AA1AAAA","4",,,,,,,,,,
"5801951","2017-09-26T17:50:00","22.83","-124.23",,,"1","4","2","5",,,,"11",,,,,,,,,"10137",,,"8","220",,,,"9","234",,,,,,,,,,,,,"237","24","798","172","7","0",,"2","11FF1F","1AAAA11AA1AAAA","4",,,,,,,,,,
"5801950","2017-09-26T18:00:00","22.41","-123.73",,,"1","4","2","5",,,,"11",,,,,,,,,"10134",,,"8","221",,,,"9","235",,,,,,,,,,,,,"237","23","798","172","7","0",,"2","11FF1F","1AAAA11AA1AAAA","4",,,,,,,,,,
"5801951","2017-09-26T18:00:00","22.83","-124.22",,,"1","4","2","5",,,,"11",,,,,,,,,"10137",,,"8","219",,,,"9","234",,,,,,,,,,,,,"237","24","798","172","7","0",,"2","11FF1F","1AAAA11AA1AAAA","4",,,,,,,,,,
"A8UL6","2017-09-26T18:00:00","24.80","-126.00",,,"1","6","2","5","5","4",,"1",,"360",,"57","1","98","3","0","10145","0","5","8","210","0","180","164","1","240","2","2","1","4","0","0","36","2","1","34","4","2","237","46","798","172","5","1","2","2","111111","11111111111111",,"5",,"0",,,,,,,
"VRLD8","2017-09-26T18:00:00","29.10","-120.20",,,"1","6","2","5","3","3",,"1",,"340","4","77","1","98","15","2","10070","4","0","8","250",,"230","220","1","220","5","5","4","5","A","A",,"20","3","34","20","4","237","90","798","172","5","1","2","2","131121","11111111111311",,"5",,"2",,,,,"0",,
"5801950","2017-09-26T18:10:00","22.40","-123.73",,,"1","4","2","5",,,,"11",,,,,,,,,"10134",,,"8","221",,,,"9","235",,,,,,,,,,,,,"237","23","798","172","7","0",,"2","11FF1F","1AAAA11AA1AAAA","4",,,,,,,,,,
"5801951","2017-09-26T18:10:00","22.83","-124.22",,,"1","4","2","5",,,,"11",,,,,,,,,"10137",,,"8","219",,,,"9","234",,,,,,,,,,,,,"237","24","798","172","7","0",,"2","11FF1F","1AAAA11AA1AAAA","4",,,,,,,,,,
"5801950","2017-09-26T18:20:00","22.40","-123.73",,,"1","4","2","5",,,,"11",,,,,,,,,"10133",,,"8","220",,,,"9","235",,,,,,,,,,,,,"237","23","798","172","7","0",,"2","11FF1F","1AAAA11AA1AAAA","4",,,,,,,,,,
"5801951","2017-09-26T18:20:00","22.82","-124.22",,,"1","4","2","5",,,,"11",,,,,,,,,"10137",,,"8","219",,,,"9","234",,,,,,,,,,,,,"237","24","798","172","7","0",,"2","11FF1F","1AAAA11AA1AAAA","4",,,,,,,,,,
"5801950","2017-09-26T18:30:00","22.39","-123.74",,,"1","4","2","5",,,,"11",,,,,,,,,"10133",,,"8","220",,,,"9","235",,,,,,,,,,,,,"237","23","798","172","7","0",,"2","11FF1F","1AAAA11AA1AAAA","4",,,,,,,,,,
"5801951","2017-09-26T18:30:00","22.82","-124.21",,,"1","4","2","5",,,,"11",,,,,,,,,"10136",,,"8","218",,,,"9","234",,,,,,,,,,,,,"237","24","798","172","7","0",,"2","11FF1F","1AAAA11AA1AAAA","4",,,,,,,,,,
"5801950","2017-09-26T18:40:00","22.39","-123.74",,,"1","4","2","5",,,,"11",,,,,,,,,"10132",,,"8","220",,,,"9","235",,,,,,,,,,,,,"237","23","798","172","7","0",,"2","11FF1F","1AAAA11AA1AAAA","4",,,,,,,,,,
"5801951","2017-09-26T18:40:00","22.82","-124.21",,,"1","4","2","5",,,,"11",,,,,,,,,"10135",,,"8","219",,,,"9","234",,,,,,,,,,,,,"237","24","798","172","7","0",,"2","11FF1F","1AAAA11AA1AAAA","4",,,,,,,,,,
"5801950","2017-09-26T18:50:00","22.38","-123.74",,,"1","4","2","5",,,,"11",,,,,,,,,"10132",,,"8","221",,,,"9","235",,,,,,,,,,,,,"237","23","798","172","7","0",,"2","11FF1F","1AAAA11AA1AAAA","4",,,,,,,,,,
"5801951","2017-09-26T18:50:00","22.81","-124.21",,,"1","4","2","5",,,,"11",,,,,,,,,"10134",,,"8","219",,,,"9","235",,,,,,,,,,,,,"237","24","798","172","7","0",,"2","11FF1F","1AAAA11AA1AAAA","4",,,,,,,,,,
"5801950","2017-09-26T19:00:00","22.38","-123.74",,,"1","4","2","5",,,,"11",,,,,,,,,"10131",,,"8","221",,,,"9","235",,,,,,,,,,,,,"237","23","798","172","7","0",,"2","11FF1F","1AAAA11AA1AAAA","4",,,,,,,,,,
"5801951","2017-09-26T19:00:00","22.81","-124.21",,,"1","4","2","5",,,,"11",,,,,,,,,"10134",,,"8","219",,,,"9","234",,,,,,,,,,,,,"237","24","798","172","7","0",,"2","11FF1F","1AAAA11AA1AAAA","4",,,,,,,,,,
"5801950","2017-09-26T19:10:00","22.37","-123.74",,,"1","4","2","5",,,,"11",,,,,,,,,"10130",,,"8","221",,,,"9","235",,,,,,,,,,,,,"237","23","798","172","7","0",,"2","11FF1F","1AAAA11AA1AAAA","4",,,,,,,,,,
"5801951","2017-09-26T19:10:00","22.81","-124.20",,,"1","4","2","5",,,,"11",,,,,,,,,"10133",,,"8","219",,,,"9","235",,,,,,,,,,,,,"237","24","798","172","7","0",,"2","11FF1F","1AAAA11AA1AAAA","4",,,,,,,,,,
"5801950","2017-09-26T19:20:00","22.37","-123.74",,,"1","4","2","5",,,,"11",,,,,,,,,"10129",,,"8","221",,,,"9","235",,,,,,,,,,,,,"237","23","798","172","7","0",,"2","11FF1F","1AAAA11AA1AAAA","4",,,,,,,,,,
"5801951","2017-09-26T19:20:00","22.80","-124.20",,,"1","4","2","5",,,,"11",,,,,,,,,"10133",,,"8","218",,,,"9","235",,,,,,,,,,,,,"237","24","798","172","7","0",,"2","11FF1F","1AAAA11AA1AAAA","4",,,,,,,,,,
"5801950","2017-09-26T19:30:00","22.36","-123.74",,,"1","4","2","5",,,,"11",,,,,,,,,"10128",,,"8","221",,,,"9","235",,,,,,,,,,,,,"237","23","798","172","7","0",,"2","11FF1F","1AAAA11AA1AAAA","4",,,,,,,,,,
"5801951","2017-09-26T19:30:00","22.80","-124.20",,,"1","4","2","5",,,,"11",,,,,,,,,"10131",,,"8","218",,,,"9","235",,,,,,,,,,,,,"237","24","798","172","7","0",,"2","11FF1F","1AAAA11AA1AAAA","4",,,,,,,,,,
"5801950","2017-09-26T19:40:00","22.36","-123.75",,,"1","4","2","5",,,,"11",,,,,,,,,"10127",,,"8","221",,,,"9","235",,,,,,,,,,,,,"237","23","798","172","7","0",,"2","11FF1F","1AAAA11AA1AAAA","4",,,,,,,,,,
"5801951","2017-09-26T19:40:00","22.80","-124.20",,,"1","4","2","5",,,,"11",,,,,,,,,"10130",,,"8","217",,,,"9","235",,,,,,,,,,,,,"237","24","798","172","7","0",,"2","11FF1F","1AAAA11AA1AAAA","4",,,,,,,,,,
"5801950","2017-09-26T19:50:00","22.35","-123.75",,,"1","4","2","5",,,,"11",,,,,,,,,"10126",,,"8","222",,,,"9","235",,,,,,,,,,,,,"237","23","798","172","7","0",,"2","11FF1F","1AAAA11AA1AAAA","4",,,,,,,,,,
"5801951","2017-09-26T19:50:00","22.79","-124.20",,,"1","4","2","5",,,,"11",,,,,,,,,"10128",,,"8","218",,,,"9","236",,,,,,,,,,,,,"237","24","798","172","7","0",,"2","11FF1F","1AAAA11AA1AAAA","4",,,,,,,,,,
"5801950","2017-09-26T20:00:00","22.35","-123.75",,,"1","4","2","5",,,,"11",,,,,,,,,"10125",,,"8","223",,,,"9","235",,,,,,,,,,,,,"237","23","798","172","7","0",,"2","11FF1F","1AAAA11AA1AAAA","4",,,,,,,,,,
"5801951","2017-09-26T20:00:00","22.79","-124.20",,,"1","4","2","5",,,,"11",,,,,,,,,"10127",,,"8","219",,,,"9","236",,,,,,,,,,,,,"237","24","798","172","7","0",,"2","11FF1F","1AAAA11AA1AAAA","4",,,,,,,,,,
"5801950","2017-09-26T20:10:00","22.35","-123.75",,,"1","4","2","5",,,,"11",,,,,,,,,"10124",,,"8","223",,,,"9","235",,,,,,,,,,,,,"237","23","798","172","7","0",,"2","11FF1F","1AAAA11AA1AAAA","4",,,,,,,,,,
"5801951","2017-09-26T20:10:00","22.79","-124.19",,,"1","4","2","5",,,,"11",,,,,,,,,"10126",,,"8","219",,,,"9","236",,,,,,,,,,,,,"237","24","798","172","7","0",,"2","11FF1F","1AAAA11AA1AAAA","4",,,,,,,,,,
"5801950","2017-09-26T20:20:00","22.34","-123.75",,,"1","4","2","5",,,,"11",,,,,,,,,"10123",,,"8","222",,,,"9","235",,,,,,,,,,,,,"237","23","798","172","7","0",,"2","11FF1F","1AAAA11AA1AAAA","4",,,,,,,,,,
"5801951","2017-09-26T20:20:00","22.78","-124.19",,,"1","4","2","5",,,,"11",,,,,,,,,"10125",,,"8","219",,,,"9","236",,,,,,,,,,,,,"237","24","798","172","7","0",,"2","11FF1F","1AAAA11AA1AAAA","4",,,,,,,,,,
"5801950","2017-09-26T20:30:00","22.34","-123.75",,,"1","4","2","5",,,,"11",,,,,,,,,"10122",,,"8","223",,,,"9","236",,,,,,,,,,,,,"237","23","798","172","7","0",,"2","11FF1F","1AAAA11AA1AAAA","4",,,,,,,,,,
"5801951","2017-09-26T20:30:00","22.78","-124.19",,,"1","4","2","5",,,,"11",,,,,,,,,"10125",,,"8","218",,,,"9","236",,,,,,,,,,,,,"237","24","798","172","7","0",,"2","11FF1F","1AAAA11AA1AAAA","4",,,,,,,,,,
"5801950","2017-09-26T20:40:00","22.33","-123.76",,,"1","4","2","5",,,,"11",,,,,,,,,"10121",,,"8","221",,,,"9","236",,,,,,,,,,,,,"237","23","798","172","7","0",,"2","11FF1F","1AAAA11AA1AAAA","4",,,,,,,,,,
"5801951","2017-09-26T20:40:00","22.77","-124.19",,,"1","4","2","5",,,,"11",,,,,,,,,"10124",,,"8","218",,,,"9","235",,,,,,,,,,,,,"237","24","798","172","7","0",,"2","11FF1F","1AAAA11AA1AAAA","4",,,,,,,,,,
"5801950","2017-09-26T20:50:00","22.33","-123.76",,,"1","4","2","5",,,,"11",,,,,,,,,"10120",,,"8","221",,,,"9","237",,,,,,,,,,,,,"237","23","798","172","7","0",,"2","11FF1F","1AAAA11AA1AAAA","4",,,,,,,,,,
"5801951","2017-09-26T20:50:00","22.77","-124.18",,,"1","4","2","5",,,,"11",,,,,,,,,"10123",,,"8","218",,,,"9","235",,,,,,,,,,,,,"237","24","798","172","7","0",,"2","11FF1F","1AAAA11AA1AAAA","4",,,,,,,,,,
"5801950","2017-09-26T21:00:00","22.32","-123.76",,,"1","4","2","5",,,,"11",,,,,,,,,"10119",,,"8","220",,,,"9","237",,,,,,,,,,,,,"237","23","798","172","7","0",,"2","11FF1F","1AAAA11AA1AAAA","4",,,,,,,,,,
"5801951","2017-09-26T21:00:00","22.76","-124.18",,,"1","4","2","5",,,,"11",,,,,,,,,"10123",,,"8","219",,,,"9","235",,,,,,,,,,,,,"237","24","798","172","7","0",,"2","11FF1F","1AAAA11AA1AAAA","4",,,,,,,,,,
"5801950","2017-09-26T21:10:00","22.32","-123.77",,,"1","4","2","5",,,,"11",,,,,,,,,"10118",,,"8","221",,,,"9","237",,,,,,,,,,,,,"237","23","798","172","7","0",,"2","11FF1F","1AAAA11AA1AAAA","4",,,,,,,,,,
"5801951","2017-09-26T21:10:00","22.76","-124.18",,,"1","4","2","5",,,,"11",,,,,,,,,"10121",,,"8","219",,,,"9","235",,,,,,,,,,,,,"237","24","798","172","7","0",,"2","11FF1F","1AAAA11AA1AAAA","4",,,,,,,,,,
"5801950","2017-09-26T21:20:00","22.31","-123.77",,,"1","4","2","5",,,,"11",,,,,,,,,"10117",,,"8","222",,,,"9","238",,,,,,,,,,,,,"237","23","798","172","7","0",,"2","11FF1F","1AAAA11AA1AAAA","4",,,,,,,,,,
"5801951","2017-09-26T21:20:00","22.76","-124.18",,,"1","4","2","5",,,,"11",,,,,,,,,"10120",,,"8","220",,,,"9","235",,,,,,,,,,,,,"237","24","798","172","7","0",,"2","11FF1F","1AAAA11AA1AAAA","4",,,,,,,,,,
"5801950","2017-09-26T21:30:00","22.30","-123.77",,,"1","4","2","5",,,,"11",,,,,,,,,"10115",,,"8","222",,,,"9","238",,,,,,,,,,,,,"237","23","798","172","7","0",,"2","11FF1F","1AAAA11AA1AAAA","4",,,,,,,,,,
"5801951","2017-09-26T21:30:00","22.75","-124.17",,,"1","4","2","5",,,,"11",,,,,,,,,"10119",,,"8","219",,,,"9","235",,,,,,,,,,,,,"237","24","798","172","7","0",,"2","11FF1F","1AAAA11AA1AAAA","4",,,,,,,,,,
"5801950","2017-09-26T21:40:00","22.30","-123.77",,,"1","4","2","5",,,,"11",,,,,,,,,"10115",,,"8","221",,,,"9","238",,,,,,,,,,,,,"237","23","798","172","7","0",,"2","11FF1F","1AAAA11AA1AAAA","4",,,,,,,,,,
"5801951","2017-09-26T21:40:00","22.75","-124.17",,,"1","4","2","5",,,,"11",,,,,,,,,"10118",,,"8","219",,,,"9","235",,,,,,,,,,,,,"237","24","798","172","7","0",,"2","11FF1F","1AAAA11AA1AAAA","4",,,,,,,,,,
"5801950","2017-09-26T21:50:00","22.29","-123.77",,,"1","4","2","5",,,,"11",,,,,,,,,"10114",,,"8","222",,,,"9","238",,,,,,,,,,,,,"237","23","798","172","7","0",,"2","11FF1F","1AAAA11AA1AAAA","4",,,,,,,,,,
"5801951","2017-09-26T21:50:00","22.74","-124.17",,,"1","4","2","5",,,,"11",,,,,,,,,"10117",,,"8","220",,,,"9","235",,,,,,,,,,,,,"237","24","798","172","7","0",,"2","11FF1F","1AAAA11AA1AAAA","4",,,,,,,,,,
"5801950","2017-09-26T22:00:00","22.29","-123.78",,,"1","4","2","5",,,,"11",,,,,,,,,"10114",,,"8","223",,,,"9","238",,,,,,,,,,,,,"237","23","798","172","7","0",,"2","11FF1F","1AAAA11AA1AAAA","4",,,,,,,,,,
"5801951","2017-09-26T22:00:00","22.74","-124.17",,,"1","4","2","5",,,,"11",,,,,,,,,"10116",,,"8","220",,,,"9","235",,,,,,,,,,,,,"237","24","798","172","7","0",,"2","11FF1F","1AAAA11AA1AAAA","4",,,,,,,,,,
"5801950","2017-09-26T22:10:00","22.28","-123.78",,,"1","4","2","5",,,,"11",,,,,,,,,"10113",,,"8","222",,,,"9","238",,,,,,,,,,,,,"237","23","798","172","7","0",,"2","11FF1F","1AAAA11AA1AAAA","4",,,,,,,,,,
"5801951","2017-09-26T22:10:00","22.73","-124.17",,,"1","4","2","5",,,,"11",,,,,,,,,"10115",,,"8","220",,,,"9","236",,,,,,,,,,,,,"237","24","798","172","7","0",,"2","11FF1F","1AAAA11AA1AAAA","4",,,,,,,,,,
"5801950","2017-09-26T22:20:00","22.28","-123.78",,,"1","4","2","5",,,,"11",,,,,,,,,"10113",,,"8","222",,,,"9","238",,,,,,,,,,,,,"237","23","798","172","7","0",,"2","11FF1F","1AAAA11AA1AAAA","4",,,,,,,,,,
"5801951","2017-09-26T22:20:00","22.73","-124.16",,,"1","4","2","5",,,,"11",,,,,,,,,"10115",,,"8","220",,,,"9","235",,,,,,,,,,,,,"237","24","798","172","7","0",,"2","11FF1F","1AAAA11AA1AAAA","4",,,,,,,,,,
"5801950","2017-09-26T22:30:00","22.27","-123.78",,,"1","4","2","5",,,,"11",,,,,,,,,"10113",,,"8","222",,,,"9","239",,,,,,,,,,,,,"237","23","798","172","7","0",,"2","11FF1F","1AAAA11AA1AAAA","4",,,,,,,,,,
"5801951","2017-09-26T22:30:00","22.72","-124.16",,,"1","4","2","5",,,,"11",,,,,,,,,"10115",,,"8","219",,,,"9","235",,,,,,,,,,,,,"237","24","798","172","7","0",,"2","11FF1F","1AAAA11AA1AAAA","4",,,,,,,,,,
"5801950","2017-09-26T22:40:00","22.27","-123.79",,,"1","4","2","5",,,,"11",,,,,,,,,"10113",,,"8","223",,,,"9","239",,,,,,,,,,,,,"237","23","798","172","7","0",,"2","11FF1F","1AAAA11AA1AAAA","4",,,,,,,,,,
"5801951","2017-09-26T22:40:00","22.72","-124.16",,,"1","4","2","5",,,,"11",,,,,,,,,"10115",,,"8","219",,,,"9","235",,,,,,,,,,,,,"237","24","798","172","7","0",,"2","11FF1F","1AAAA11AA1AAAA","4",,,,,,,,,,
"5801950","2017-09-26T22:50:00","22.26","-123.79",,,"1","4","2","5",,,,"11",,,,,,,,,"10112",,,"8","222",,,,"9","239",,,,,,,,,,,,,"237","23","798","172","7","0",,"2","11FF1F","1AAAA11AA1AAAA","4",,,,,,,,,,
"5801951","2017-09-26T22:50:00","22.71","-124.16",,,"1","4","2","5",,,,"11",,,,,,,,,"10115",,,"8","220",,,,"9","235",,,,,,,,,,,,,"237","24","798","172","7","0",,"2","11FF1F","1AAAA11AA1AAAA","4",,,,,,,,,,
"5801950","2017-09-26T23:00:00","22.25","-123.79",,,"1","4","2","5",,,,"11",,,,,,,,,"10112",,,"8","222",,,,"9","239",,,,,,,,,,,,,"237","23","798","172","7","0",,"2","11FF1F","1AAAA11AA1AAAA","4",,,,,,,,,,
"5801951","2017-09-26T23:00:00","22.71","-124.16",,,"1","4","2","5",,,,"11",,,,,,,,,"10114",,,"8","220",,,,"9","235",,,,,,,,,,,,,"237","24","798","172","7","0",,"2","11FF1F","1AAAA11AA1AAAA","4",,,,,,,,,,
"5801950","2017-09-26T23:10:00","22.25","-123.80",,,"1","4","2","5",,,,"11",,,,,,,,,"10112",,,"8","222",,,,"9","239",,,,,,,,,,,,,"237","23","798","172","7","0",,"2","11FF1F","1AAAA11AA1AAAA","4",,,,,,,,,,
"5801951","2017-09-26T23:10:00","22.71","-124.16",,,"1","4","2","5",,,,"11",,,,,,,,,"10114",,,"8","221",,,,"9","235",,,,,,,,,,,,,"237","24","798","172","7","0",,"2","11FF1F","1AAAA11AA1AAAA","4",,,,,,,,,,
"5801950","2017-09-26T23:20:00","22.24","-123.80",,,"1","4","2","5",,,,"11",,,,,,,,,"10112",,,"8","223",,,,"9","239",,,,,,,,,,,,,"237","23","798","172","7","0",,"2","11FF1F","1AAAA11AA1AAAA","4",,,,,,,,,,
"5801951","2017-09-26T23:20:00","22.70","-124.16",,,"1","4","2","5",,,,"11",,,,,,,,,"10114",,,"8","221",,,,"9","235",,,,,,,,,,,,,"237","24","798","172","7","0",,"2","11FF1F","1AAAA11AA1AAAA","4",,,,,,,,,,
"5801950","2017-09-26T23:30:00","22.24","-123.80",,,"1","4","2","5",,,,"11",,,,,,,,,"10112",,,"8","222",,,,"9","239",,,,,,,,,,,,,"237","23","798","172","7","0",,"2","11FF1F","1AAAA11AA1AAAA","4",,,,,,,,,,
"5801951","2017-09-26T23:30:00","22.70","-124.16",,,"1","4","2","5",,,,"11",,,,,,,,,"10114",,,"8","220",,,,"9","235",,,,,,,,,,,,,"237","24","798","172","7","0",,"2","11FF1F","1AAAA11AA1AAAA","4",,,,,,,,,,
"5801950","2017-09-26T23:40:00","22.23","-123.81",,,"1","4","2","5",,,,"11",,,,,,,,,"10112",,,"8","222",,,,"9","239",,,,,,,,,,,,,"237","23","798","172","7","0",,"2","11FF1F","1AAAA11AA1AAAA","4",,,,,,,,,,
"5801951","2017-09-26T23:40:00","22.69","-124.16",,,"1","4","2","5",,,,"11",,,,,,,,,"10114",,,"8","221",,,,"9","235",,,,,,,,,,,,,"237","24","798","172","7","0",,"2","11FF1F","1AAAA11AA1AAAA","4",,,,,,,,,,
"5801950","2017-09-26T23:50:00","22.23","-123.81",,,"1","4","2","5",,,,"11",,,,,,,,,"10111",,,"8","222",,,,"9","239",,,,,,,,,,,,,"237","23","798","172","7","0",,"2","11FF1F","1AAAA11AA1AAAA","4",,,,,,,,,,
"5801951","2017-09-26T23:50:00","22.69","-124.16",,,"1","4","2","5",,,,"11",,,,,,,,,"10114",,,"8","221",,,,"9","235",,,,,,,,,,,,,"237","24","798","172","7","0",,"2","11FF1F","1AAAA11AA1AAAA","4",,,,,,,,,,
"5801950","2017-09-27T00:00:00","22.22","-123.81",,,"1","3","2","5",,,,"11",,,,,,,,,,,,,,,,,,,,,,,,,,,,,,,"237","23","798","172","7","0",,"2","FFFFFF","1AAAAAAAAAAAAA","4",,,,,,,,,,
"5801951","2017-09-27T00:00:00","22.69","-124.16",,,"1","3","2","5",,,,"11",,,,,,,,,,,,,,,,,,,,,,,,,,,,,,,"237","24","798","172","7","0",,"2","FFFFFF","1AAAAAAAAAAAAA","4",,,,,,,,,,
"5801950","2017-09-27T00:10:00","22.22","-123.82",,,"1","4","2","5",,,,"11",,,,,,,,,"10111",,,"8","223",,,,"9","238",,,,,,,,,,,,,"237","23","798","172","7","0",,"2","11FF1F","1AAAA11AA1AAAA","4",,,,,,,,,,
"5801951","2017-09-27T00:10:00","22.68","-124.15",,,"1","4","2","5",,,,"11",,,,,,,,,"10113",,,"8","222",,,,"9","234",,,,,,,,,,,,,"237","24","798","172","7","0",,"2","11FF1F","1AAAA11AA1AAAA","4",,,,,,,,,,
"5801950","2017-09-27T00:20:00","22.21","-123.82",,,"1","4","2","5",,,,"11",,,,,,,,,"10112",,,"8","223",,,,"9","239",,,,,,,,,,,,,"237","23","798","172","7","0",,"2","11FF1F","1AAAA11AA1AAAA","4",,,,,,,,,,
"5801951","2017-09-27T00:20:00","22.68","-124.15",,,"1","4","2","5",,,,"11",,,,,,,,,"10113",,,"8","223",,,,"9","234",,,,,,,,,,,,,"237","24","798","172","7","0",,"2","11FF1F","1AAAA11AA1AAAA","4",,,,,,,,,,
"5801950","2017-09-27T00:30:00","22.21","-123.83",,,"1","4","2","5",,,,"11",,,,,,,,,"10112",,,"8","223",,,,"9","239",,,,,,,,,,,,,"237","23","798","172","7","0",,"2","11FF1F","1AAAA11AA1AAAA","4",,,,,,,,,,
"5801951","2017-09-27T00:30:00","22.67","-124.15",,,"1","4","2","5",,,,"11",,,,,,,,,"10113",,,"8","222",,,,"9","234",,,,,,,,,,,,,"237","24","798","172","7","0",,"2","11FF1F","1AAAA11AA1AAAA","4",,,,,,,,,,
"5801950","2017-09-27T00:40:00","22.20","-123.83",,,"1","4","2","5",,,,"11",,,,,,,,,"10111",,,"8","223",,,,"9","238",,,,,,,,,,,,,"237","23","798","172","7","0",,"2","11FF1F","1AAAA11AA1AAAA","4",,,,,,,,,,
"5801951","2017-09-27T00:40:00","22.67","-124.15",,,"1","4","2","5",,,,"11",,,,,,,,,"10112",,,"8","222",,,,"9","234",,,,,,,,,,,,,"237","24","798","172","7","0",,"2","11FF1F","1AAAA11AA1AAAA","4",,,,,,,,,,
"5801950","2017-09-27T00:50:00","22.20","-123.83",,,"1","4","2","5",,,,"11",,,,,,,,,"10111",,,"8","224",,,,"9","239",,,,,,,,,,,,,"237","23","798","172","7","0",,"2","11FF1F","1AAAA11AA1AAAA","4",,,,,,,,,,
"5801951","2017-09-27T00:50:00","22.67","-124.15",,,"1","4","2","5",,,,"11",,,,,,,,,"10112",,,"8","223",,,,"9","234",,,,,,,,,,,,,"237","24","798","172","7","0",,"2","11FF1F","1AAAA11AA1AAAA","4",,,,,,,,,,
"5801950","2017-09-27T01:00:00","22.19","-123.84",,,"1","4","2","5",,,,"11",,,,,,,,,"10111",,,"8","223",,,,"9","239",,,,,,,,,,,,,"237","23","798","172","7","0",,"2","11FF1F","1AAAA11AA1AAAA","4",,,,,,,,,,
"5801951","2017-09-27T01:00:00","22.66","-124.15",,,"1","4","2","5",,,,"11",,,,,,,,,"10112",,,"8","223",,,,"9","234",,,,,,,,,,,,,"237","24","798","172","7","0",,"2","11FF1F","1AAAA11AA1AAAA","4",,,,,,,,,,
"5801950","2017-09-27T01:10:00","22.19","-123.84",,,"1","4","2","5",,,,"11",,,,,,,,,"10110",,,"8","223",,,,"9","239",,,,,,,,,,,,,"237","23","798","172","7","0",,"2","11FF1F","1AAAA11AA1AAAA","4",,,,,,,,,,
"5801951","2017-09-27T01:10:00","22.66","-124.15",,,"1","4","2","5",,,,"11",,,,,,,,,"10113",,,"8","223",,,,"9","234",,,,,,,,,,,,,"237","24","798","172","7","0",,"2","11FF1F","1AAAA11AA1AAAA","4",,,,,,,,,,
"5801950","2017-09-27T01:20:00","22.18","-123.85",,,"1","4","2","5",,,,"11",,,,,,,,,"10110",,,"8","223",,,,"9","239",,,,,,,,,,,,,"237","23","798","172","7","0",,"2","11FF1F","1AAAA11AA1AAAA","4",,,,,,,,,,
"5801951","2017-09-27T01:20:00","22.66","-124.15",,,"1","4","2","5",,,,"11",,,,,,,,,"10113",,,"8","222",,,,"9","234",,,,,,,,,,,,,"237","24","798","172","7","0",,"2","11FF1F","1AAAA11AA1AAAA","4",,,,,,,,,,
"5801950","2017-09-27T01:30:00","22.18","-123.85",,,"1","4","2","5",,,,"11",,,,,,,,,"10110",,,"8","223",,,,"9","238",,,,,,,,,,,,,"237","23","798","172","7","0",,"2","11FF1F","1AAAA11AA1AAAA","4",,,,,,,,,,
"5801951","2017-09-27T01:30:00","22.65","-124.14",,,"1","4","2","5",,,,"11",,,,,,,,,"10112",,,"8","222",,,,"9","234",,,,,,,,,,,,,"237","24","798","172","7","0",,"2","11FF1F","1AAAA11AA1AAAA","4",,,,,,,,,,
"5801950","2017-09-27T01:40:00","22.17","-123.85",,,"1","4","2","5",,,,"11",,,,,,,,,"10110",,,"8","222",,,,"9","238",,,,,,,,,,,,,"237","23","798","172","7","0",,"2","11FF1F","1AAAA11AA1AAAA","4",,,,,,,,,,
"5801951","2017-09-27T01:40:00","22.65","-124.14",,,"1","4","2","5",,,,"11",,,,,,,,,"10112",,,"8","220",,,,"9","234",,,,,,,,,,,,,"237","24","798","172","7","0",,"2","11FF1F","1AAAA11AA1AAAA","4",,,,,,,,,,
"5801950","2017-09-27T01:50:00","22.17","-123.86",,,"1","4","2","5",,,,"11",,,,,,,,,"10110",,,"8","222",,,,"9","239",,,,,,,,,,,,,"237","23","798","172","7","0",,"2","11FF1F","1AAAA11AA1AAAA","4",,,,,,,,,,
"5801951","2017-09-27T01:50:00","22.64","-124.14",,,"1","4","2","5",,,,"11",,,,,,,,,"10112",,,"8","221",,,,"9","233",,,,,,,,,,,,,"237","24","798","172","7","0",,"2","11FF1F","1AAAA11AA1AAAA","4",,,,,,,,,,
"5801950","2017-09-27T02:00:00","22.16","-123.86",,,"1","4","2","5",,,,"11",,,,,,,,,"10110",,,"8","220",,,,"9","238",,,,,,,,,,,,,"237","23","798","172","7","0",,"2","11FF1F","1AAAA11AA1AAAA","4",,,,,,,,,,
"5801951","2017-09-27T02:00:00","22.64","-124.14",,,"1","4","2","5",,,,"11",,,,,,,,,"10112",,,"8","219",,,,"9","233",,,,,,,,,,,,,"237","24","798","172","7","0",,"2","11FF1F","1AAAA11AA1AAAA","4",,,,,,,,,,
"5801950","2017-09-27T02:10:00","22.16","-123.87",,,"1","4","2","5",,,,"11",,,,,,,,,"10110",,,"8","220",,,,"9","238",,,,,,,,,,,,,"237","23","798","172","7","0",,"2","11FF1F","1AAAA11AA1AAAA","4",,,,,,,,,,
"5801951","2017-09-27T02:10:00","22.64","-124.14",,,"1","4","2","5",,,,"11",,,,,,,,,"10112",,,"8","219",,,,"9","233",,,,,,,,,,,,,"237","24","798","172","7","0",,"2","11FF1F","1AAAA11AA1AAAA","4",,,,,,,,,,
"5801950","2017-09-27T02:20:00","22.15","-123.87",,,"1","4","2","5",,,,"11",,,,,,,,,"10110",,,"8","219",,,,"9","238",,,,,,,,,,,,,"237","23","798","172","7","0",,"2","11FF1F","1AAAA11AA1AAAA","4",,,,,,,,,,
"5801951","2017-09-27T02:20:00","22.63","-124.14",,,"1","4","2","5",,,,"11",,,,,,,,,"10112",,,"8","219",,,,"9","233",,,,,,,,,,,,,"237","24","798","172","7","0",,"2","11FF1F","1AAAA11AA1AAAA","4",,,,,,,,,,
"5801950","2017-09-27T02:30:00","22.15","-123.87",,,"1","4","2","5",,,,"11",,,,,,,,,"10110",,,"8","220",,,,"9","238",,,,,,,,,,,,,"237","23","798","172","7","0",,"1","11FF1F","1AAAA11AA1AAAA","4",,,,,,,,,,
"5801951","2017-09-27T02:30:00","22.63","-124.14",,,"1","4","2","5",,,,"11",,,,,,,,,"10112",,,"8","220",,,,"9","233",,,,,,,,,,,,,"237","24","798","172","7","0",,"1","11FF1F","1AAAA11AA1AAAA","4",,,,,,,,,,
"5801950","2017-09-27T02:40:00","22.14","-123.88",,,"1","4","2","5",,,,"11",,,,,,,,,"10111",,,"8","220",,,,"9","238",,,,,,,,,,,,,"237","23","798","172","7","0",,"1","11FF1F","1AAAA11AA1AAAA","4",,,,,,,,,,
"5801951","2017-09-27T02:40:00","22.62","-124.14",,,"1","4","2","5",,,,"11",,,,,,,,,"10112",,,"8","220",,,,"9","233",,,,,,,,,,,,,"237","24","798","172","7","0",,"1","11FF1F","1AAAA11AA1AAAA","4",,,,,,,,,,
"5801950","2017-09-27T02:50:00","22.14","-123.88",,,"1","4","2","5",,,,"11",,,,,,,,,"10111",,,"8","220",,,,"9","238",,,,,,,,,,,,,"237","23","798","172","7","0",,"1","11FF1F","1AAAA11AA1AAAA","4",,,,,,,,,,
"5801951","2017-09-27T02:50:00","22.62","-124.14",,,"1","4","2","5",,,,"11",,,,,,,,,"10113",,,"8","220",,,,"9","233",,,,,,,,,,,,,"237","24","798","172","7","0",,"1","11FF1F","1AAAA11AA1AAAA","4",,,,,,,,,,
"5801950","2017-09-27T03:00:00","22.13","-123.89",,,"1","4","2","5",,,,"11",,,,,,,,,"10111",,,"8","220",,,,"9","238",,,,,,,,,,,,,"237","23","798","172","7","0",,"1","11FF1F","1AAAA11AA1AAAA","4",,,,,,,,,,
"5801951","2017-09-27T03:00:00","22.62","-124.14",,,"1","4","2","5",,,,"11",,,,,,,,,"10113",,,"8","220",,,,"9","233",,,,,,,,,,,,,"237","24","798","172","7","0",,"1","11FF1F","1AAAA11AA1AAAA","4",,,,,,,,,,
"5801950","2017-09-27T03:10:00","22.13","-123.89",,,"1","4","2","5",,,,"11",,,,,,,,,"10112",,,"8","219",,,,"9","238",,,,,,,,,,,,,"237","23","798","172","7","0",,"1","11FF1F","1AAAA11AA1AAAA","4",,,,,,,,,,
"5801951","2017-09-27T03:10:00","22.61","-124.13",,,"1","4","2","5",,,,"11",,,,,,,,,"10114",,,"8","219",,,,"9","233",,,,,,,,,,,,,"237","24","798","172","7","0",,"1","11FF1F","1AAAA11AA1AAAA","4",,,,,,,,,,
"5801950","2017-09-27T03:20:00","22.13","-123.90",,,"1","4","2","5",,,,"11",,,,,,,,,"10113",,,"8","220",,,,"9","238",,,,,,,,,,,,,"237","23","798","172","7","0",,"1","11FF1F","1AAAA11AA1AAAA","4",,,,,,,,,,
"5801951","2017-09-27T03:20:00","22.61","-124.13",,,"1","4","2","5",,,,"11",,,,,,,,,"10114",,,"8","219",,,,"9","233",,,,,,,,,,,,,"237","24","798","172","7","0",,"1","11FF1F","1AAAA11AA1AAAA","4",,,,,,,,,,
"5801950","2017-09-27T03:30:00","22.12","-123.90",,,"1","4","2","5",,,,"11",,,,,,,,,"10114",,,"8","220",,,,"9","238",,,,,,,,,,,,,"237","23","798","172","7","0",,"1","11FF1F","1AAAA11AA1AAAA","4",,,,,,,,,,
"5801951","2017-09-27T03:30:00","22.60","-124.13",,,"1","4","2","5",,,,"11",,,,,,,,,"10114",,,"8","220",,,,"9","233",,,,,,,,,,,,,"237","24","798","172","7","0",,"1","11FF1F","1AAAA11AA1AAAA","4",,,,,,,,,,
"5801950","2017-09-27T03:40:00","22.12","-123.91",,,"1","4","2","5",,,,"11",,,,,,,,,"10116",,,"8","220",,,,"9","238",,,,,,,,,,,,,"237","23","798","172","7","0",,"1","11FF1F","1AAAA11AA1AAAA","4",,,,,,,,,,
"5801951","2017-09-27T03:40:00","22.60","-124.13",,,"1","4","2","5",,,,"11",,,,,,,,,"10115",,,"8","221",,,,"9","233",,,,,,,,,,,,,"237","24","798","172","7","0",,"1","11FF1F","1AAAA11AA1AAAA","4",,,,,,,,,,
"5801950","2017-09-27T03:50:00","22.11","-123.91",,,"1","4","2","5",,,,"11",,,,,,,,,"10116",,,"8","220",,,,"9","238",,,,,,,,,,,,,"237","23","798","172","7","0",,"1","11FF1F","1AAAA11AA1AAAA","4",,,,,,,,,,
"5801951","2017-09-27T03:50:00","22.60","-124.13",,,"1","4","2","5",,,,"11",,,,,,,,,"10115",,,"8","220",,,,"9","233",,,,,,,,,,,,,"237","24","798","172","7","0",,"1","11FF1F","1AAAA11AA1AAAA","4",,,,,,,,,,
"5801950","2017-09-27T04:00:00","22.11","-123.91",,,"1","4","2","5",,,,"11",,,,,,,,,"10117",,,"8","220",,,,"9","238",,,,,,,,,,,,,"237","23","798","172","7","0",,"1","11FF1F","1AAAA11AA1AAAA","4",,,,,,,,,,
"5801951","2017-09-27T04:00:00","22.59","-124.13",,,"1","4","2","5",,,,"11",,,,,,,,,"10116",,,"8","220",,,,"9","233",,,,,,,,,,,,,"237","24","798","172","7","0",,"1","11FF1F","1AAAA11AA1AAAA","4",,,,,,,,,,
"5801950","2017-09-27T04:10:00","22.11","-123.92",,,"1","4","2","5",,,,"11",,,,,,,,,"10118",,,"8","220",,,,"9","239",,,,,,,,,,,,,"237","23","798","172","7","0",,"1","11FF1F","1AAAA11AA1AAAA","4",,,,,,,,,,
"5801951","2017-09-27T04:10:00","22.59","-124.12",,,"1","4","2","5",,,,"11",,,,,,,,,"10116",,,"8","221",,,,"9","232",,,,,,,,,,,,,"237","24","798","172","7","0",,"1","11FF1F","1AAAA11AA1AAAA","4",,,,,,,,,,
"5801950","2017-09-27T04:20:00","22.10","-123.92",,,"1","4","2","5",,,,"11",,,,,,,,,"10119",,,"8","220",,,,"9","239",,,,,,,,,,,,,"237","23","798","172","7","0",,"1","11FF1F","1AAAA11AA1AAAA","4",,,,,,,,,,
"5801951","2017-09-27T04:20:00","22.58","-124.12",,,"1","4","2","5",,,,"11",,,,,,,,,"10118",,,"8","220",,,,"9","232",,,,,,,,,,,,,"237","24","798","172","7","0",,"1","11FF1F","1AAAA11AA1AAAA","4",,,,,,,,,,
"5801950","2017-09-27T04:30:00","22.10","-123.92",,,"1","4","2","5",,,,"11",,,,,,,,,"10120",,,"8","221",,,,"9","239",,,,,,,,,,,,,"237","23","798","172","7","0",,"1","11FF1F","1AAAA11AA1AAAA","4",,,,,,,,,,
"5801951","2017-09-27T04:30:00","22.58","-124.12",,,"1","4","2","5",,,,"11",,,,,,,,,"10119",,,"8","221",,,,"9","232",,,,,,,,,,,,,"237","24","798","172","7","0",,"1","11FF1F","1AAAA11AA1AAAA","4",,,,,,,,,,
"5801950","2017-09-27T04:40:00","22.10","-123.93",,,"1","4","2","5",,,,"11",,,,,,,,,"10121",,,"8","220",,,,"9","239",,,,,,,,,,,,,"237","23","798","172","7","0",,"1","11FF1F","1AAAA11AA1AAAA","4",,,,,,,,,,
"5801951","2017-09-27T04:40:00","22.57","-124.12",,,"1","4","2","5",,,,"11",,,,,,,,,"10120",,,"8","221",,,,"9","232",,,,,,,,,,,,,"237","24","798","172","7","0",,"1","11FF1F","1AAAA11AA1AAAA","4",,,,,,,,,,
"5801950","2017-09-27T04:50:00","22.10","-123.93",,,"1","4","2","5",,,,"11",,,,,,,,,"10121",,,"8","220",,,,"9","239",,,,,,,,,,,,,"237","23","798","172","7","0",,"1","11FF1F","1AAAA11AA1AAAA","4",,,,,,,,,,
"5801951","2017-09-27T04:50:00","22.57","-124.12",,,"1","4","2","5",,,,"11",,,,,,,,,"10120",,,"8","221",,,,"9","232",,,,,,,,,,,,,"237","24","798","172","7","0",,"1","11FF1F","1AAAA11AA1AAAA","4",,,,,,,,,,
"5801950","2017-09-27T05:00:00","22.09","-123.93",,,"1","4","2","5",,,,"11",,,,,,,,,"10121",,,"8","221",,,,"9","239",,,,,,,,,,,,,"237","23","798","172","7","0",,"1","11FF1F","1AAAA11AA1AAAA","4",,,,,,,,,,
"5801951","2017-09-27T05:00:00","22.57","-124.12",,,"1","4","2","5",,,,"11",,,,,,,,,"10120",,,"8","221",,,,"9","232",,,,,,,,,,,,,"237","24","798","172","7","0",,"1","11FF1F","1AAAA11AA1AAAA","4",,,,,,,,,,
"5801950","2017-09-27T05:10:00","22.09","-123.93",,,"1","4","2","5",,,,"11",,,,,,,,,"10121",,,"8","221",,,,"9","239",,,,,,,,,,,,,"237","23","798","172","7","0",,"1","11FF1F","1AAAA11AA1AAAA","4",,,,,,,,,,
"5801951","2017-09-27T05:10:00","22.56","-124.11",,,"1","4","2","5",,,,"11",,,,,,,,,"10121",,,"8","221",,,,"9","232",,,,,,,,,,,,,"237","24","798","172","7","0",,"1","11FF1F","1AAAA11AA1AAAA","4",,,,,,,,,,
"5801950","2017-09-27T05:20:00","22.08","-123.93",,,"1","4","2","5",,,,"11",,,,,,,,,"10121",,,"8","220",,,,"9","238",,,,,,,,,,,,,"237","23","798","172","7","0",,"1","11FF1F","1AAAA11AA1AAAA","4",,,,,,,,,,
"5801951","2017-09-27T05:20:00","22.56","-124.11",,,"1","4","2","5",,,,"11",,,,,,,,,"10122",,,"8","220",,,,"9","232",,,,,,,,,,,,,"237","24","798","172","7","0",,"1","11FF1F","1AAAA11AA1AAAA","4",,,,,,,,,,
"5801950","2017-09-27T05:30:00","22.08","-123.93",,,"1","4","2","5",,,,"11",,,,,,,,,"10122",,,"8","220",,,,"9","239",,,,,,,,,,,,,"237","23","798","172","7","0",,"1","11FF1F","1AAAA11AA1AAAA","4",,,,,,,,,,
"5801951","2017-09-27T05:30:00","22.55","-124.11",,,"1","4","2","5",,,,"11",,,,,,,,,"10123",,,"8","220",,,,"9","232",,,,,,,,,,,,,"237","24","798","172","7","0",,"1","11FF1F","1AAAA11AA1AAAA","4",,,,,,,,,,
"5801950","2017-09-27T05:40:00","22.08","-123.93",,,"1","4","2","5",,,,"11",,,,,,,,,"10123",,,"8","221",,,,"9","239",,,,,,,,,,,,,"237","23","798","172","7","0",,"1","11FF1F","1AAAA11AA1AAAA","4",,,,,,,,,,
"5801951","2017-09-27T05:40:00","22.55","-124.11",,,"1","4","2","5",,,,"11",,,,,,,,,"10123",,,"8","220",,,,"9","232",,,,,,,,,,,,,"237","24","798","172","7","0",,"1","11FF1F","1AAAA11AA1AAAA","4",,,,,,,,,,
"5801950","2017-09-27T05:50:00","22.07","-123.93",,,"1","4","2","5",,,,"11",,,,,,,,,"10123",,,"8","221",,,,"9","238",,,,,,,,,,,,,"237","23","798","172","7","0",,"1","11FF1F","1AAAA11AA1AAAA","4",,,,,,,,,,
"5801951","2017-09-27T05:50:00","22.55","-124.11",,,"1","4","2","5",,,,"11",,,,,,,,,"10123",,,"8","220",,,,"9","232",,,,,,,,,,,,,"237","24","798","172","7","0",,"1","11FF1F","1AAAA11AA1AAAA","4",,,,,,,,,,
"5801950","2017-09-27T06:00:00","22.07","-123.93",,,"1","4","2","5",,,,"11",,,,,,,,,"10124",,,"8","220",,,,"9","238",,,,,,,,,,,,,"237","23","798","172","7","0",,"1","11FF1F","1AAAA11AA1AAAA","4",,,,,,,,,,
"5801951","2017-09-27T06:00:00","22.54","-124.10",,,"1","4","2","5",,,,"11",,,,,,,,,"10123",,,"8","221",,,,"9","232",,,,,,,,,,,,,"237","24","798","172","7","0",,"1","11FF1F","1AAAA11AA1AAAA","4",,,,,,,,,,
"5801950","2017-09-27T06:10:00","22.07","-123.93",,,"1","4","2","5",,,,"11",,,,,,,,,"10124",,,"8","220",,,,"9","238",,,,,,,,,,,,,"237","23","798","172","7","0",,"1","11FF1F","1AAAA11AA1AAAA","4",,,,,,,,,,
"5801951","2017-09-27T06:10:00","22.54","-124.10",,,"1","4","2","5",,,,"11",,,,,,,,,"10123",,,"8","220",,,,"9","232",,,,,,,,,,,,,"237","24","798","172","7","0",,"1","11FF1F","1AAAA11AA1AAAA","4",,,,,,,,,,
"5801950","2017-09-27T06:20:00","22.07","-123.93",,,"1","4","2","5",,,,"11",,,,,,,,,"10123",,,"8","221",,,,"9","238",,,,,,,,,,,,,"237","23","798","172","7","0",,"1","11FF1F","1AAAA11AA1AAAA","4",,,,,,,,,,
"5801951","2017-09-27T06:20:00","22.54","-124.10",,,"1","4","2","5",,,,"11",,,,,,,,,"10123",,,"8","220",,,,"9","232",,,,,,,,,,,,,"237","24","798","172","7","0",,"1","11FF1F","1AAAA11AA1AAAA","4",,,,,,,,,,
"5801950","2017-09-27T06:30:00","22.07","-123.93",,,"1","4","2","5",,,,"11",,,,,,,,,"10123",,,"8","221",,,,"9","238",,,,,,,,,,,,,"237","23","798","172","7","0",,"1","11FF1F","1AAAA11AA1AAAA","4",,,,,,,,,,
"5801951","2017-09-27T06:30:00","22.53","-124.10",,,"1","4","2","5",,,,"11",,,,,,,,,"10122",,,"8","220",,,,"9","232",,,,,,,,,,,,,"237","24","798","172","7","0",,"1","11FF1F","1AAAA11AA1AAAA","4",,,,,,,,,,
"5801950","2017-09-27T06:40:00","22.06","-123.93",,,"1","4","2","5",,,,"11",,,,,,,,,"10123",,,"8","220",,,,"9","238",,,,,,,,,,,,,"237","23","798","172","7","0",,"1","11FF1F","1AAAA11AA1AAAA","4",,,,,,,,,,
"5801951","2017-09-27T06:40:00","22.53","-124.10",,,"1","4","2","5",,,,"11",,,,,,,,,"10122",,,"8","220",,,,"9","232",,,,,,,,,,,,,"237","24","798","172","7","0",,"1","11FF1F","1AAAA11AA1AAAA","4",,,,,,,,,,
"5801950","2017-09-27T06:50:00","22.06","-123.93",,,"1","4","2","5",,,,"11",,,,,,,,,"10122",,,"8","221",,,,"9","238",,,,,,,,,,,,,"237","23","798","172","7","0",,"1","11FF1F","1AAAA11AA1AAAA","4",,,,,,,,,,
"5801951","2017-09-27T06:50:00","22.53","-124.10",,,"1","4","2","5",,,,"11",,,,,,,,,"10122",,,"8","220",,,,"9","232",,,,,,,,,,,,,"237","24","798","172","7","0",,"1","11FF1F","1AAAA11AA1AAAA","4",,,,,,,,,,
"5801950","2017-09-27T07:00:00","22.06","-123.93",,,"1","4","2","5",,,,"11",,,,,,,,,"10121",,,"8","219",,,,"9","238",,,,,,,,,,,,,"237","23","798","172","7","0",,"1","11FF1F","1AAAA11AA1AAAA","4",,,,,,,,,,
"5801951","2017-09-27T07:00:00","22.52","-124.10",,,"1","4","2","5",,,,"11",,,,,,,,,"10121",,,"8","219",,,,"9","232",,,,,,,,,,,,,"237","24","798","172","7","0",,"1","11FF1F","1AAAA11AA1AAAA","4",,,,,,,,,,
"5801950","2017-09-27T07:10:00","22.06","-123.93",,,"1","4","2","5",,,,"11",,,,,,,,,"10120",,,"8","220",,,,"9","238",,,,,,,,,,,,,"237","23","798","172","7","0",,"1","11FF1F","1AAAA11AA1AAAA","4",,,,,,,,,,
"5801951","2017-09-27T07:10:00","22.52","-124.10",,,"1","4","2","5",,,,"11",,,,,,,,,"10121",,,"8","219",,,,"9","232",,,,,,,,,,,,,"237","24","798","172","7","0",,"1","11FF1F","1AAAA11AA1AAAA","4",,,,,,,,,,
"5801950","2017-09-27T07:20:00","22.05","-123.93",,,"1","4","2","5",,,,"11",,,,,,,,,"10120",,,"8","220",,,,"9","238",,,,,,,,,,,,,"237","23","798","172","7","0",,"1","11FF1F","1AAAA11AA1AAAA","4",,,,,,,,,,
"5801951","2017-09-27T07:20:00","22.52","-124.10",,,"1","4","2","5",,,,"11",,,,,,,,,"10120",,,"8","219",,,,"9","232",,,,,,,,,,,,,"237","24","798","172","7","0",,"1","11FF1F","1AAAA11AA1AAAA","4",,,,,,,,,,
"5801950","2017-09-27T07:30:00","22.05","-123.93",,,"1","4","2","5",,,,"11",,,,,,,,,"10119",,,"8","219",,,,"9","238",,,,,,,,,,,,,"237","23","798","172","7","0",,"1","11FF1F","1AAAA11AA1AAAA","4",,,,,,,,,,
"5801951","2017-09-27T07:30:00","22.51","-124.10",,,"1","4","2","5",,,,"11",,,,,,,,,"10119",,,"8","219",,,,"9","232",,,,,,,,,,,,,"237","24","798","172","7","0",,"1","11FF1F","1AAAA11AA1AAAA","4",,,,,,,,,,
"5801950","2017-09-27T07:40:00","22.05","-123.93",,,"1","4","2","5",,,,"11",,,,,,,,,"10118",,,"8","220",,,,"9","238",,,,,,,,,,,,,"237","23","798","172","7","0",,"1","11FF1F","1AAAA11AA1AAAA","4",,,,,,,,,,
"5801951","2017-09-27T07:40:00","22.51","-124.10",,,"1","4","2","5",,,,"11",,,,,,,,,"10119",,,"8","219",,,,"9","232",,,,,,,,,,,,,"237","24","798","172","7","0",,"1","11FF1F","1AAAA11AA1AAAA","4",,,,,,,,,,
"5801950","2017-09-27T07:50:00","22.05","-123.93",,,"1","4","2","5",,,,"11",,,,,,,,,"10117",,,"8","220",,,,"9","238",,,,,,,,,,,,,"237","23","798","172","7","0",,"1","11FF1F","1AAAA11AA1AAAA","4",,,,,,,,,,
"5801951","2017-09-27T07:50:00","22.51","-124.10",,,"1","4","2","5",,,,"11",,,,,,,,,"10118",,,"8","219",,,,"9","232",,,,,,,,,,,,,"237","24","798","172","7","0",,"1","11FF1F","1AAAA11AA1AAAA","4",,,,,,,,,,
"5801950","2017-09-27T08:00:00","22.05","-123.93",,,"1","4","2","5",,,,"11",,,,,,,,,"10117",,,"8","220",,,,"9","238",,,,,,,,,,,,,"237","23","798","172","7","0",,"1","11FF1F","1AAAA11AA1AAAA","4",,,,,,,,,,
"5801951","2017-09-27T08:00:00","22.51","-124.09",,,"1","4","2","5",,,,"11",,,,,,,,,"10118",,,"8","218",,,,"9","231",,,,,,,,,,,,,"237","24","798","172","7","0",,"1","11FF1F","1AAAA11AA1AAAA","4",,,,,,,,,,
"5801950","2017-09-27T08:10:00","22.05","-123.93",,,"1","4","2","5",,,,"11",,,,,,,,,"10116",,,"8","219",,,,"9","238",,,,,,,,,,,,,"237","23","798","172","7","0",,"1","11FF1F","1AAAA11AA1AAAA","4",,,,,,,,,,
"5801951","2017-09-27T08:10:00","22.50","-124.09",,,"1","4","2","5",,,,"11",,,,,,,,,"10117",,,"8","218",,,,"9","232",,,,,,,,,,,,,"237","24","798","172","7","0",,"1","11FF1F","1AAAA11AA1AAAA","4",,,,,,,,,,
"5801950","2017-09-27T08:20:00","22.04","-123.93",,,"1","4","2","5",,,,"11",,,,,,,,,"10116",,,"8","219",,,,"9","238",,,,,,,,,,,,,"237","23","798","172","7","0",,"1","11FF1F","1AAAA11AA1AAAA","4",,,,,,,,,,
"5801951","2017-09-27T08:20:00","22.50","-124.09",,,"1","4","2","5",,,,"11",,,,,,,,,"10116",,,"8","218",,,,"9","232",,,,,,,,,,,,,"237","24","798","172","7","0",,"1","11FF1F","1AAAA11AA1AAAA","4",,,,,,,,,,
"5801950","2017-09-27T08:30:00","22.04","-123.93",,,"1","4","2","5",,,,"11",,,,,,,,,"10115",,,"8","221",,,,"9","238",,,,,,,,,,,,,"237","23","798","172","7","0",,"1","11FF1F","1AAAA11AA1AAAA","4",,,,,,,,,,
"5801951","2017-09-27T08:30:00","22.50","-124.09",,,"1","4","2","5",,,,"11",,,,,,,,,"10116",,,"8","218",,,,"9","232",,,,,,,,,,,,,"237","24","798","172","7","0",,"1","11FF1F","1AAAA11AA1AAAA","4",,,,,,,,,,
"5801950","2017-09-27T08:40:00","22.04","-123.93",,,"1","4","2","5",,,,"11",,,,,,,,,"10115",,,"8","220",,,,"9","238",,,,,,,,,,,,,"237","23","798","172","7","0",,"1","11FF1F","1AAAA11AA1AAAA","4",,,,,,,,,,
"5801951","2017-09-27T08:40:00","22.49","-124.09",,,"1","4","2","5",,,,"11",,,,,,,,,"10115",,,"8","218",,,,"9","232",,,,,,,,,,,,,"237","24","798","172","7","0",,"1","11FF1F","1AAAA11AA1AAAA","4",,,,,,,,,,
"5801950","2017-09-27T08:50:00","22.04","-123.93",,,"1","4","2","5",,,,"11",,,,,,,,,"10114",,,"8","220",,,,"9","238",,,,,,,,,,,,,"237","23","798","172","7","0",,"1","11FF1F","1AAAA11AA1AAAA","4",,,,,,,,,,
"5801951","2017-09-27T08:50:00","22.49","-124.09",,,"1","4","2","5",,,,"11",,,,,,,,,"10115",,,"8","218",,,,"9","232",,,,,,,,,,,,,"237","24","798","172","7","0",,"1","11FF1F","1AAAA11AA1AAAA","4",,,,,,,,,,
"5801950","2017-09-27T09:00:00","22.03","-123.93",,,"1","4","2","5",,,,"11",,,,,,,,,"10113",,,"8","221",,,,"9","238",,,,,,,,,,,,,"237","23","798","172","7","0",,"1","11FF1F","1AAAA11AA1AAAA","4",,,,,,,,,,
"5801951","2017-09-27T09:00:00","22.49","-124.09",,,"1","4","2","5",,,,"11",,,,,,,,,"10114",,,"8","218",,,,"9","233",,,,,,,,,,,,,"237","24","798","172","7","0",,"1","11FF1F","1AAAA11AA1AAAA","4",,,,,,,,,,
"5801950","2017-09-27T09:10:00","22.03","-123.93",,,"1","4","2","5",,,,"11",,,,,,,,,"10112",,,"8","221",,,,"9","238",,,,,,,,,,,,,"237","23","798","172","7","0",,"1","11FF1F","1AAAA11AA1AAAA","4",,,,,,,,,,
"5801951","2017-09-27T09:10:00","22.48","-124.09",,,"1","4","2","5",,,,"11",,,,,,,,,"10114",,,"8","218",,,,"9","233",,,,,,,,,,,,,"237","24","798","172","7","0",,"1","11FF1F","1AAAA11AA1AAAA","4",,,,,,,,,,
"5801950","2017-09-27T09:20:00","22.03","-123.93",,,"1","4","2","5",,,,"11",,,,,,,,,"10112",,,"8","221",,,,"9","238",,,,,,,,,,,,,"237","23","798","172","7","0",,"1","11FF1F","1AAAA11AA1AAAA","4",,,,,,,,,,
"5801951","2017-09-27T09:20:00","22.48","-124.09",,,"1","4","2","5",,,,"11",,,,,,,,,"10114",,,"8","218",,,,"9","233",,,,,,,,,,,,,"237","24","798","172","7","0",,"1","11FF1F","1AAAA11AA1AAAA","4",,,,,,,,,,
"5801950","2017-09-27T09:30:00","22.03","-123.93",,,"1","4","2","5",,,,"11",,,,,,,,,"10113",,,"8","221",,,,"9","238",,,,,,,,,,,,,"237","23","798","172","7","0",,"1","11FF1F","1AAAA11AA1AAAA","4",,,,,,,,,,
"5801951","2017-09-27T09:30:00","22.48","-124.09",,,"1","4","2","5",,,,"11",,,,,,,,,"10113",,,"8","218",,,,"9","233",,,,,,,,,,,,,"237","24","798","172","7","0",,"1","11FF1F","1AAAA11AA1AAAA","4",,,,,,,,,,
"5801950","2017-09-27T09:40:00","22.02","-123.93",,,"1","4","2","5",,,,"11",,,,,,,,,"10113",,,"8","219",,,,"9","238",,,,,,,,,,,,,"237","23","798","172","7","0",,"1","11FF1F","1AAAA11AA1AAAA","4",,,,,,,,,,
"5801951","2017-09-27T09:40:00","22.47","-124.09",,,"1","4","2","5",,,,"11",,,,,,,,,"10113",,,"8","218",,,,"9","233",,,,,,,,,,,,,"237","24","798","172","7","0",,"1","11FF1F","1AAAA11AA1AAAA","4",,,,,,,,,,
"5801950","2017-09-27T09:50:00","22.02","-123.93",,,"1","4","2","5",,,,"11",,,,,,,,,"10113",,,"8","219",,,,"9","238",,,,,,,,,,,,,"237","23","798","172","7","0",,"1","11FF1F","1AAAA11AA1AAAA","4",,,,,,,,,,
"5801951","2017-09-27T09:50:00","22.47","-124.09",,,"1","4","2","5",,,,"11",,,,,,,,,"10113",,,"8","218",,,,"9","233",,,,,,,,,,,,,"237","24","798","172","7","0",,"1","11FF1F","1AAAA11AA1AAAA","4",,,,,,,,,,
"5801950","2017-09-27T10:00:00","22.02","-123.93",,,"1","4","2","5",,,,"11",,,,,,,,,"10114",,,"8","220",,,,"9","238",,,,,,,,,,,,,"237","23","798","172","7","0",,"1","11FF1F","1AAAA11AA1AAAA","4",,,,,,,,,,
"5801951","2017-09-27T10:00:00","22.47","-124.09",,,"1","4","2","5",,,,"11",,,,,,,,,"10114",,,"8","217",,,,"9","233",,,,,,,,,,,,,"237","24","798","172","7","0",,"1","11FF1F","1AAAA11AA1AAAA","4",,,,,,,,,,
"5801950","2017-09-27T10:10:00","22.02","-123.94",,,"1","4","2","5",,,,"11",,,,,,,,,"10114",,,"8","219",,,,"9","238",,,,,,,,,,,,,"237","23","798","172","7","0",,"1","11FF1F","1AAAA11AA1AAAA","4",,,,,,,,,,
"5801951","2017-09-27T10:10:00","22.47","-124.09",,,"1","4","2","5",,,,"11",,,,,,,,,"10114",,,"8","218",,,,"9","233",,,,,,,,,,,,,"237","24","798","172","7","0",,"1","11FF1F","1AAAA11AA1AAAA","4",,,,,,,,,,
"5801950","2017-09-27T10:20:00","22.02","-123.94",,,"1","4","2","5",,,,"11",,,,,,,,,"10114",,,"8","220",,,,"9","238",,,,,,,,,,,,,"237","23","798","172","7","0",,"1","11FF1F","1AAAA11AA1AAAA","4",,,,,,,,,,
"5801951","2017-09-27T10:20:00","22.46","-124.09",,,"1","4","2","5",,,,"11",,,,,,,,,"10114",,,"8","217",,,,"9","232",,,,,,,,,,,,,"237","24","798","172","7","0",,"1","11FF1F","1AAAA11AA1AAAA","4",,,,,,,,,,
"5801950","2017-09-27T10:30:00","22.02","-123.94",,,"1","4","2","5",,,,"11",,,,,,,,,"10114",,,"8","220",,,,"9","238",,,,,,,,,,,,,"237","23","798","172","7","0",,"1","11FF1F","1AAAA11AA1AAAA","4",,,,,,,,,,
"5801951","2017-09-27T10:30:00","22.46","-124.09",,,"1","4","2","5",,,,"11",,,,,,,,,"10114",,,"8","218",,,,"9","232",,,,,,,,,,,,,"237","24","798","172","7","0",,"1","11FF1F","1AAAA11AA1AAAA","4",,,,,,,,,,
"5801950","2017-09-27T10:40:00","22.02","-123.94",,,"1","4","2","5",,,,"11",,,,,,,,,"10114",,,"8","220",,,,"9","238",,,,,,,,,,,,,"237","23","798","172","7","0",,"1","11FF1F","1AAAA11AA1AAAA","4",,,,,,,,,,
"5801951","2017-09-27T10:40:00","22.46","-124.08",,,"1","4","2","5",,,,"11",,,,,,,,,"10114",,,"8","217",,,,"9","232",,,,,,,,,,,,,"237","24","798","172","7","0",,"1","11FF1F","1AAAA11AA1AAAA","4",,,,,,,,,,
"5801950","2017-09-27T10:50:00","22.01","-123.94",,,"1","4","2","5",,,,"11",,,,,,,,,"10113",,,"8","221",,,,"9","238",,,,,,,,,,,,,"237","23","798","172","7","0",,"1","11FF1F","1AAAA11AA1AAAA","4",,,,,,,,,,
"5801951","2017-09-27T10:50:00","22.46","-124.08",,,"1","4","2","5",,,,"11",,,,,,,,,"10113",,,"8","218",,,,"9","232",,,,,,,,,,,,,"237","24","798","172","7","0",,"1","11FF1F","1AAAA11AA1AAAA","4",,,,,,,,,,
"5801950","2017-09-27T11:00:00","22.01","-123.94",,,"1","4","2","5",,,,"11",,,,,,,,,"10112",,,"8","220",,,,"9","238",,,,,,,,,,,,,"237","23","798","172","7","0",,"1","11FF1F","1AAAA11AA1AAAA","4",,,,,,,,,,
"5801951","2017-09-27T11:00:00","22.46","-124.08",,,"1","4","2","5",,,,"11",,,,,,,,,"10113",,,"8","218",,,,"9","233",,,,,,,,,,,,,"237","24","798","172","7","0",,"1","11FF1F","1AAAA11AA1AAAA","4",,,,,,,,,,
"5801950","2017-09-27T11:10:00","22.01","-123.94",,,"1","4","2","5",,,,"11",,,,,,,,,"10112",,,"8","221",,,,"9","238",,,,,,,,,,,,,"237","23","798","172","7","0",,"1","11FF1F","1AAAA11AA1AAAA","4",,,,,,,,,,
"5801951","2017-09-27T11:10:00","22.45","-124.08",,,"1","4","2","5",,,,"11",,,,,,,,,"10113",,,"8","218",,,,"9","233",,,,,,,,,,,,,"237","24","798","172","7","0",,"1","11FF1F","1AAAA11AA1AAAA","4",,,,,,,,,,
"5801950","2017-09-27T11:20:00","22.01","-123.94",,,"1","4","2","5",,,,"11",,,,,,,,,"10112",,,"8","221",,,,"9","238",,,,,,,,,,,,,"237","23","798","172","7","0",,"1","11FF1F","1AAAA11AA1AAAA","4",,,,,,,,,,
"5801951","2017-09-27T11:20:00","22.45","-124.08",,,"1","4","2","5",,,,"11",,,,,,,,,"10113",,,"8","218",,,,"9","233",,,,,,,,,,,,,"237","24","798","172","7","0",,"1","11FF1F","1AAAA11AA1AAAA","4",,,,,,,,,,
"5801950","2017-09-27T11:30:00","22.01","-123.94",,,"1","4","2","5",,,,"11",,,,,,,,,"10112",,,"8","221",,,,"9","238",,,,,,,,,,,,,"237","23","798","172","7","0",,"1","11FF1F","1AAAA11AA1AAAA","4",,,,,,,,,,
"5801951","2017-09-27T11:30:00","22.45","-124.08",,,"1","4","2","5",,,,"11",,,,,,,,,"10113",,,"8","218",,,,"9","233",,,,,,,,,,,,,"237","24","798","172","7","0",,"1","11FF1F","1AAAA11AA1AAAA","4",,,,,,,,,,
"5801950","2017-09-27T11:40:00","22.01","-123.93",,,"1","4","2","5",,,,"11",,,,,,,,,"10111",,,"8","221",,,,"9","238",,,,,,,,,,,,,"237","23","798","172","7","0",,"1","11FF1F","1AAAA11AA1AAAA","4",,,,,,,,,,
"5801951","2017-09-27T11:40:00","22.45","-124.08",,,"1","4","2","5",,,,"11",,,,,,,,,"10113",,,"8","219",,,,"9","233",,,,,,,,,,,,,"237","24","798","172","7","0",,"1","11FF1F","1AAAA11AA1AAAA","4",,,,,,,,,,
"5801950","2017-09-27T11:50:00","22.01","-123.93",,,"1","4","2","5",,,,"11",,,,,,,,,"10111",,,"8","221",,,,"9","238",,,,,,,,,,,,,"237","23","798","172","7","0",,"1","11FF1F","1AAAA11AA1AAAA","4",,,,,,,,,,
"5801951","2017-09-27T11:50:00","22.44","-124.08",,,"1","4","2","5",,,,"11",,,,,,,,,"10112",,,"8","219",,,,"9","233",,,,,,,,,,,,,"237","24","798","172","7","0",,"1","11FF1F","1AAAA11AA1AAAA","4",,,,,,,,,,
"5801950","2017-09-27T12:00:00","22.01","-123.93",,,"1","4","2","5",,,,"11",,,,,,,,,"10111",,,"8","221",,,,"9","238",,,,,,,,,,,,,"237","23","798","172","7","0",,"1","11FF1F","1AAAA11AA1AAAA","4",,,,,,,,,,
"5801951","2017-09-27T12:00:00","22.44","-124.08",,,"1","4","2","5",,,,"11",,,,,,,,,"10112",,,"8","219",,,,"9","233",,,,,,,,,,,,,"237","24","798","172","7","0",,"1","11FF1F","1AAAA11AA1AAAA","4",,,,,,,,,,
"5801950","2017-09-27T12:10:00","22.01","-123.93",,,"1","4","2","5",,,,"11",,,,,,,,,"10111",,,"8","221",,,,"9","238",,,,,,,,,,,,,"237","23","798","172","7","0",,"1","11FF1F","1AAAA11AA1AAAA","4",,,,,,,,,,
"5801951","2017-09-27T12:10:00","22.44","-124.08",,,"1","4","2","5",,,,"11",,,,,,,,,"10112",,,"8","219",,,,"9","233",,,,,,,,,,,,,"237","24","798","172","7","0",,"1","11FF1F","1AAAA11AA1AAAA","4",,,,,,,,,,
"5801950","2017-09-27T12:20:00","22.00","-123.93",,,"1","4","2","5",,,,"11",,,,,,,,,"10112",,,"8","221",,,,"9","238",,,,,,,,,,,,,"237","23","798","172","7","0",,"1","11FF1F","1AAAA11AA1AAAA","4",,,,,,,,,,
"5801951","2017-09-27T12:20:00","22.44","-124.08",,,"1","4","2","5",,,,"11",,,,,,,,,"10112",,,"8","219",,,,"9","234",,,,,,,,,,,,,"237","24","798","172","7","0",,"1","11FF1F","1AAAA11AA1AAAA","4",,,,,,,,,,
"5801950","2017-09-27T12:30:00","22.00","-123.93",,,"1","4","2","5",,,,"11",,,,,,,,,"10112",,,"8","222",,,,"9","238",,,,,,,,,,,,,"237","23","798","172","7","0",,"1","11FF1F","1AAAA11AA1AAAA","4",,,,,,,,,,
"5801951","2017-09-27T12:30:00","22.43","-124.08",,,"1","4","2","5",,,,"11",,,,,,,,,"10113",,,"8","219",,,,"9","234",,,,,,,,,,,,,"237","24","798","172","7","0",,"1","11FF1F","1AAAA11AA1AAAA","4",,,,,,,,,,
"5801950","2017-09-27T12:40:00","22.00","-123.93",,,"1","4","2","5",,,,"11",,,,,,,,,"10112",,,"8","221",,,,"9","238",,,,,,,,,,,,,"237","23","798","172","7","0",,"1","11FF1F","1AAAA11AA1AAAA","4",,,,,,,,,,
"5801951","2017-09-27T12:40:00","22.43","-124.08",,,"1","4","2","5",,,,"11",,,,,,,,,"10114",,,"8","218",,,,"9","233",,,,,,,,,,,,,"237","24","798","172","7","0",,"1","11FF1F","1AAAA11AA1AAAA","4",,,,,,,,,,
"5801950","2017-09-27T12:50:00","22.00","-123.93",,,"1","4","2","5",,,,"11",,,,,,,,,"10113",,,"8","220",,,,"9","238",,,,,,,,,,,,,"237","23","798","172","7","0",,"1","11FF1F","1AAAA11AA1AAAA","4",,,,,,,,,,
"5801951","2017-09-27T12:50:00","22.43","-124.08",,,"1","4","2","5",,,,"11",,,,,,,,,"10114",,,"8","219",,,,"9","234",,,,,,,,,,,,,"237","24","798","172","7","0",,"1","11FF1F","1AAAA11AA1AAAA","4",,,,,,,,,,
"5801950","2017-09-27T13:00:00","22.00","-123.93",,,"1","4","2","5",,,,"11",,,,,,,,,"10113",,,"8","221",,,,"9","238",,,,,,,,,,,,,"237","23","798","172","7","0",,"1","11FF1F","1AAAA11AA1AAAA","4",,,,,,,,,,
"5801951","2017-09-27T13:00:00","22.43","-124.08",,,"1","4","2","5",,,,"11",,,,,,,,,"10114",,,"8","219",,,,"9","234",,,,,,,,,,,,,"237","24","798","172","7","0",,"1","11FF1F","1AAAA11AA1AAAA","4",,,,,,,,,,
"5801950","2017-09-27T13:10:00","21.99","-123.93",,,"1","4","2","5",,,,"11",,,,,,,,,"10114",,,"8","221",,,,"9","238",,,,,,,,,,,,,"237","13","798","172","7","0",,"1","11FF1F","1AAAA11AA1AAAA","4",,,,,,,,,,
"5801951","2017-09-27T13:10:00","22.42","-124.08",,,"1","4","2","5",,,,"11",,,,,,,,,"10114",,,"8","219",,,,"9","234",,,,,,,,,,,,,"237","24","798","172","7","0",,"1","11FF1F","1AAAA11AA1AAAA","4",,,,,,,,,,
"5801950","2017-09-27T13:20:00","21.99","-123.93",,,"1","4","2","5",,,,"11",,,,,,,,,"10114",,,"8","221",,,,"9","238",,,,,,,,,,,,,"237","13","798","172","7","0",,"1","11FF1F","1AAAA11AA1AAAA","4",,,,,,,,,,
"5801951","2017-09-27T13:20:00","22.42","-124.08",,,"1","4","2","5",,,,"11",,,,,,,,,"10114",,,"8","219",,,,"9","234",,,,,,,,,,,,,"237","24","798","172","7","0",,"1","11FF1F","1AAAA11AA1AAAA","4",,,,,,,,,,
"5801950","2017-09-27T13:30:00","21.99","-123.93",,,"1","4","2","5",,,,"11",,,,,,,,,"10114",,,"8","222",,,,"9","238",,,,,,,,,,,,,"237","13","798","172","7","0",,"1","11FF1F","1AAAA11AA1AAAA","4",,,,,,,,,,
"5801951","2017-09-27T13:30:00","22.42","-124.08",,,"1","4","2","5",,,,"11",,,,,,,,,"10114",,,"8","220",,,,"9","234",,,,,,,,,,,,,"237","24","798","172","7","0",,"1","11FF1F","1AAAA11AA1AAAA","4",,,,,,,,,,
"5801950","2017-09-27T13:40:00","21.99","-123.93",,,"1","4","2","5",,,,"11",,,,,,,,,"10115",,,"8","222",,,,"9","238",,,,,,,,,,,,,"237","13","798","172","7","0",,"1","11FF1F","1AAAA11AA1AAAA","4",,,,,,,,,,
"5801951","2017-09-27T13:40:00","22.41","-124.08",,,"1","4","2","5",,,,"11",,,,,,,,,"10114",,,"8","221",,,,"9","234",,,,,,,,,,,,,"237","24","798","172","7","0",,"1","11FF1F","1AAAA11AA1AAAA","4",,,,,,,,,,
"5801950","2017-09-27T13:50:00","21.98","-123.93",,,"1","4","2","5",,,,"11",,,,,,,,,"10116",,,"8","221",,,,"9","238",,,,,,,,,,,,,"237","13","798","172","7","0",,"1","11FF1F","1AAAA11AA1AAAA","4",,,,,,,,,,
"5801951","2017-09-27T13:50:00","22.41","-124.08",,,"1","4","2","5",,,,"11",,,,,,,,,"10115",,,"8","221",,,,"9","234",,,,,,,,,,,,,"237","24","798","172","7","0",,"1","11FF1F","1AAAA11AA1AAAA","4",,,,,,,,,,
"5801950","2017-09-27T14:00:00","21.98","-123.93",,,"1","4","2","5",,,,"11",,,,,,,,,"10117",,,"8","222",,,,"9","238",,,,,,,,,,,,,"237","13","798","172","7","0",,"1","11FF1F","1AAAA11AA1AAAA","4",,,,,,,,,,
"5801951","2017-09-27T14:00:00","22.41","-124.08",,,"1","4","2","5",,,,"11",,,,,,,,,"10116",,,"8","222",,,,"9","235",,,,,,,,,,,,,"237","24","798","172","7","0",,"1","11FF1F","1AAAA11AA1AAAA","4",,,,,,,,,,
"5801950","2017-09-27T14:10:00","21.98","-123.93",,,"1","4","2","5",,,,"11",,,,,,,,,"10118",,,"8","222",,,,"9","238",,,,,,,,,,,,,"237","13","798","172","7","0",,"2","11FF1F","1AAAA11AA1AAAA","4",,,,,,,,,,
"5801951","2017-09-27T14:10:00","22.41","-124.08",,,"1","4","2","5",,,,"11",,,,,,,,,"10117",,,"8","223",,,,"9","235",,,,,,,,,,,,,"237","24","798","172","7","0",,"1","11FF1F","1AAAA11AA1AAAA","4",,,,,,,,,,
"5801950","2017-09-27T14:20:00","21.98","-123.93",,,"1","4","2","5",,,,"11",,,,,,,,,"10119",,,"8","222",,,,"9","238",,,,,,,,,,,,,"237","13","798","172","7","0",,"2","11FF1F","1AAAA11AA1AAAA","4",,,,,,,,,,
"5801951","2017-09-27T14:20:00","22.40","-124.08",,,"1","4","2","5",,,,"11",,,,,,,,,"10118",,,"8","223",,,,"9","235",,,,,,,,,,,,,"237","24","798","172","7","0",,"2","11FF1F","1AAAA11AA1AAAA","4",,,,,,,,,,
"5801950","2017-09-27T14:30:00","21.98","-123.93",,,"1","4","2","5",,,,"11",,,,,,,,,"10119",,,"8","222",,,,"9","238",,,,,,,,,,,,,"237","13","798","172","7","0",,"2","11FF1F","1AAAA11AA1AAAA","4",,,,,,,,,,
"5801951","2017-09-27T14:30:00","22.40","-124.08",,,"1","4","2","5",,,,"11",,,,,,,,,"10119",,,"8","225",,,,"9","235",,,,,,,,,,,,,"237","24","798","172","7","0",,"2","11FF1F","1AAAA11AA1AAAA","4",,,,,,,,,,
"5801950","2017-09-27T14:40:00","21.97","-123.93",,,"1","4","2","5",,,,"11",,,,,,,,,"10119",,,"8","222",,,,"9","238",,,,,,,,,,,,,"237","13","798","172","7","0",,"2","11FF1F","1AAAA11AA1AAAA","4",,,,,,,,,,
"5801951","2017-09-27T14:40:00","22.40","-124.08",,,"1","4","2","5",,,,"11",,,,,,,,,"10120",,,"8","226",,,,"9","235",,,,,,,,,,,,,"237","24","798","172","7","0",,"2","11FF1F","1AAAA11AA1AAAA","4",,,,,,,,,,
"5801950","2017-09-27T14:50:00","21.97","-123.93",,,"1","4","2","5",,,,"11",,,,,,,,,"10120",,,"8","222",,,,"9","238",,,,,,,,,,,,,"237","13","798","172","7","0",,"2","11FF1F","1AAAA11AA1AAAA","4",,,,,,,,,,
"5801951","2017-09-27T14:50:00","22.40","-124.08",,,"1","4","2","5",,,,"11",,,,,,,,,"10121",,,"8","225",,,,"9","235",,,,,,,,,,,,,"237","24","798","172","7","0",,"2","11FF1F","1AAAA11AA1AAAA","4",,,,,,,,,,
"5801950","2017-09-27T15:00:00","21.97","-123.92",,,"1","4","2","5",,,,"11",,,,,,,,,"10121",,,"8","224",,,,"9","238",,,,,,,,,,,,,"237","13","798","172","7","0",,"2","11FF1F","1AAAA11AA1AAAA","4",,,,,,,,,,
"5801951","2017-09-27T15:00:00","22.40","-124.08",,,"1","4","2","5",,,,"11",,,,,,,,,"10121",,,"8","228",,,,"9","235",,,,,,,,,,,,,"237","24","798","172","7","0",,"2","11FF1F","1AAAA11AA1AAAA","4",,,,,,,,,,
"5801950","2017-09-27T15:10:00","21.96","-123.92",,,"1","4","2","5",,,,"11",,,,,,,,,"10122",,,"8","225",,,,"9","238",,,,,,,,,,,,,"237","13","798","172","7","0",,"2","11FF1F","1AAAA11AA1AAAA","4",,,,,,,,,,
"5801951","2017-09-27T15:10:00","22.39","-124.08",,,"1","4","2","5",,,,"11",,,,,,,,,"10122",,,"8","225",,,,"9","235",,,,,,,,,,,,,"237","24","798","172","7","0",,"2","11FF1F","1AAAA11AA1AAAA","4",,,,,,,,,,
"5801950","2017-09-27T15:20:00","21.96","-123.92",,,"1","4","2","5",,,,"11",,,,,,,,,"10123",,,"8","223",,,,"9","238",,,,,,,,,,,,,"237","13","798","172","7","0",,"2","11FF1F","1AAAA11AA1AAAA","4",,,,,,,,,,
"5801951","2017-09-27T15:20:00","22.39","-124.08",,,"1","4","2","5",,,,"11",,,,,,,,,"10123",,,"8","224",,,,"9","235",,,,,,,,,,,,,"237","24","798","172","7","0",,"2","11FF1F","1AAAA11AA1AAAA","4",,,,,,,,,,
"5801950","2017-09-27T15:30:00","21.96","-123.92",,,"1","4","2","5",,,,"11",,,,,,,,,"10124",,,"8","224",,,,"9","238",,,,,,,,,,,,,"237","13","798","172","7","0",,"2","11FF1F","1AAAA11AA1AAAA","4",,,,,,,,,,
"5801951","2017-09-27T15:30:00","22.39","-124.08",,,"1","4","2","5",,,,"11",,,,,,,,,"10124",,,"8","224",,,,"9","235",,,,,,,,,,,,,"237","24","798","172","7","0",,"2","11FF1F","1AAAA11AA1AAAA","4",,,,,,,,,,
"5801950","2017-09-27T15:40:00","21.96","-123.92",,,"1","4","2","5",,,,"11",,,,,,,,,"10125",,,"8","226",,,,"9","238",,,,,,,,,,,,,"237","13","798","172","7","0",,"2","11FF1F","1AAAA11AA1AAAA","4",,,,,,,,,,
"5801951","2017-09-27T15:40:00","22.39","-124.09",,,"1","4","2","5",,,,"11",,,,,,,,,"10125",,,"8","224",,,,"9","235",,,,,,,,,,,,,"237","24","798","172","7","0",,"2","11FF1F","1AAAA11AA1AAAA","4",,,,,,,,,,
"5801950","2017-09-27T15:50:00","21.95","-123.92",,,"1","4","2","5",,,,"11",,,,,,,,,"10127",,,"8","227",,,,"9","238",,,,,,,,,,,,,"237","13","798","172","7","0",,"2","11FF1F","1AAAA11AA1AAAA","4",,,,,,,,,,
"5801951","2017-09-27T15:50:00","22.38","-124.09",,,"1","4","2","5",,,,"11",,,,,,,,,"10127",,,"8","225",,,,"9","236",,,,,,,,,,,,,"237","24","798","172","7","0",,"2","11FF1F","1AAAA11AA1AAAA","4",,,,,,,,,,
"5801950","2017-09-27T16:00:00","21.95","-123.91",,,"1","4","2","5",,,,"11",,,,,,,,,"10127",,,"8","226",,,,"9","238",,,,,,,,,,,,,"237","13","798","172","7","0",,"2","11FF1F","1AAAA11AA1AAAA","4",,,,,,,,,,
"5801951","2017-09-27T16:00:00","22.38","-124.09",,,"1","4","2","5",,,,"11",,,,,,,,,"10128",,,"8","225",,,,"9","236",,,,,,,,,,,,,"237","24","798","172","7","0",,"2","11FF1F","1AAAA11AA1AAAA","4",,,,,,,,,,
"5801950","2017-09-27T16:10:00","21.95","-123.91",,,"1","4","2","5",,,,"11",,,,,,,,,"10128",,,"8","227",,,,"9","238",,,,,,,,,,,,,"237","13","798","172","7","0",,"2","11FF1F","1AAAA11AA1AAAA","4",,,,,,,,,,
"5801951","2017-09-27T16:10:00","22.38","-124.09",,,"1","4","2","5",,,,"11",,,,,,,,,"10129",,,"8","226",,,,"9","236",,,,,,,,,,,,,"237","24","798","172","7","0",,"2","11FF1F","1AAAA11AA1AAAA","4",,,,,,,,,,
"5801950","2017-09-27T16:20:00","21.95","-123.91",,,"1","4","2","5",,,,"11",,,,,,,,,"10129",,,"8","227",,,,"9","238",,,,,,,,,,,,,"237","13","798","172","7","0",,"2","11FF1F","1AAAA11AA1AAAA","4",,,,,,,,,,
"5801951","2017-09-27T16:20:00","22.38","-124.09",,,"1","4","2","5",,,,"11",,,,,,,,,"10130",,,"8","227",,,,"9","236",,,,,,,,,,,,,"237","24","798","172","7","0",,"2","11FF1F","1AAAA11AA1AAAA","4",,,,,,,,,,
"5801950","2017-09-27T16:30:00","21.94","-123.91",,,"1","4","2","5",,,,"11",,,,,,,,,"10129",,,"8","227",,,,"9","238",,,,,,,,,,,,,"237","13","798","172","7","0",,"2","11FF1F","1AAAA11AA1AAAA","4",,,,,,,,,,
"5801951","2017-09-27T16:30:00","22.37","-124.09",,,"1","4","2","5",,,,"11",,,,,,,,,"10130",,,"8","226",,,,"9","236",,,,,,,,,,,,,"237","24","798","172","7","0",,"2","11FF1F","1AAAA11AA1AAAA","4",,,,,,,,,,
"5801950","2017-09-27T16:40:00","21.94","-123.91",,,"1","4","2","5",,,,"11",,,,,,,,,"10129",,,"8","227",,,,"9","239",,,,,,,,,,,,,"237","13","798","172","7","0",,"2","11FF1F","1AAAA11AA1AAAA","4",,,,,,,,,,
"5801951","2017-09-27T16:40:00","22.37","-124.09",,,"1","4","2","5",,,,"11",,,,,,,,,"10130",,,"8","225",,,,"9","236",,,,,,,,,,,,,"237","24","798","172","7","0",,"2","11FF1F","1AAAA11AA1AAAA","4",,,,,,,,,,
"5801950","2017-09-27T16:50:00","21.94","-123.91",,,"1","4","2","5",,,,"11",,,,,,,,,"10129",,,"8","227",,,,"9","239",,,,,,,,,,,,,"237","13","798","172","7","0",,"2","11FF1F","1AAAA11AA1AAAA","4",,,,,,,,,,
"5801951","2017-09-27T16:50:00","22.37","-124.10",,,"1","4","2","5",,,,"11",,,,,,,,,"10130",,,"8","225",,,,"9","237",,,,,,,,,,,,,"237","24","798","172","7","0",,"2","11FF1F","1AAAA11AA1AAAA","4",,,,,,,,,,
"5801950","2017-09-27T17:00:00","21.93","-123.91",,,"1","4","2","5",,,,"11",,,,,,,,,"10130",,,"8","226",,,,"9","239",,,,,,,,,,,,,"237","13","798","172","7","0",,"2","11FF1F","1AAAA11AA1AAAA","4",,,,,,,,,,
"5801951","2017-09-27T17:00:00","22.37","-124.10",,,"1","4","2","5",,,,"11",,,,,,,,,"10130",,,"8","226",,,,"9","237",,,,,,,,,,,,,"237","24","798","172","7","0",,"2","11FF1F","1AAAA11AA1AAAA","4",,,,,,,,,,
"5801950","2017-09-27T17:10:00","21.93","-123.91",,,"1","4","2","5",,,,"11",,,,,,,,,"10131",,,"8","230",,,,"9","239",,,,,,,,,,,,,"237","13","798","172","7","0",,"2","11FF1F","1AAAA11AA1AAAA","4",,,,,,,,,,
"5801951","2017-09-27T17:10:00","22.37","-124.10",,,"1","4","2","5",,,,"11",,,,,,,,,"10130",,,"8","225",,,,"9","237",,,,,,,,,,,,,"237","24","798","172","7","0",,"2","11FF1F","1AAAA11AA1AAAA","4",,,,,,,,,,
"5801950","2017-09-27T17:20:00","21.93","-123.91",,,"1","4","2","5",,,,"11",,,,,,,,,"10132",,,"8","231",,,,"9","239",,,,,,,,,,,,,"237","13","798","172","7","0",,"2","11FF1F","1AAAA11AA1AAAA","4",,,,,,,,,,
"5801951","2017-09-27T17:20:00","22.36","-124.10",,,"1","4","2","5",,,,"11",,,,,,,,,"10131",,,"8","225",,,,"9","237",,,,,,,,,,,,,"237","24","798","172","7","0",,"2","11FF1F","1AAAA11AA1AAAA","4",,,,,,,,,,
"5801950","2017-09-27T17:30:00","21.92","-123.91",,,"1","4","2","5",,,,"11",,,,,,,,,"10131",,,"8","230",,,,"9","239",,,,,,,,,,,,,"237","13","798","172","7","0",,"2","11FF1F","1AAAA11AA1AAAA","4",,,,,,,,,,
"5801951","2017-09-27T17:30:00","22.36","-124.10",,,"1","4","2","5",,,,"11",,,,,,,,,"10131",,,"8","225",,,,"9","238",,,,,,,,,,,,,"237","24","798","172","7","0",,"2","11FF1F","1AAAA11AA1AAAA","4",,,,,,,,,,
"5801950","2017-09-27T17:40:00","21.92","-123.91",,,"1","4","2","5",,,,"11",,,,,,,,,"10131",,,"8","229",,,,"9","239",,,,,,,,,,,,,"237","13","798","172","7","0",,"2","11FF1F","1AAAA11AA1AAAA","4",,,,,,,,,,
"5801951","2017-09-27T17:40:00","22.36","-124.10",,,"1","4","2","5",,,,"11",,,,,,,,,"10131",,,"8","225",,,,"9","239",,,,,,,,,,,,,"237","24","798","172","7","0",,"2","11FF1F","1AAAA11AA1AAAA","4",,,,,,,,,,
"5801950","2017-09-27T17:50:00","21.92","-123.91",,,"1","4","2","5",,,,"11",,,,,,,,,"10131",,,"8","230",,,,"9","239",,,,,,,,,,,,,"237","13","798","172","7","0",,"2","11FF1F","1AAAA11AA1AAAA","4",,,,,,,,,,
"5801951","2017-09-27T17:50:00","22.36","-124.10",,,"1","4","2","5",,,,"11",,,,,,,,,"10131",,,"8","225",,,,"9","239",,,,,,,,,,,,,"237","24","798","172","7","0",,"2","11FF1F","1AAAA11AA1AAAA","4",,,,,,,,,,
"5801950","2017-09-27T18:00:00","21.92","-123.91",,,"1","4","2","5",,,,"11",,,,,,,,,"10132",,,"8","229",,,,"9","240",,,,,,,,,,,,,"237","13","798","172","7","0",,"2","11FF1F","1AAAA11AA1AAAA","4",,,,,,,,,,
"5801951","2017-09-27T18:00:00","22.36","-124.11",,,"1","4","2","5",,,,"11",,,,,,,,,"10132",,,"8","225",,,,"9","240",,,,,,,,,,,,,"237","24","798","172","7","0",,"2","11FF1F","1AAAA11AA1AAAA","4",,,,,,,,,,
"5801950","2017-09-27T18:10:00","21.92","-123.91",,,"1","4","2","5",,,,"11",,,,,,,,,"10131",,,"8","230",,,,"9","240",,,,,,,,,,,,,"237","13","798","172","7","0",,"2","11FF1F","1AAAA11AA1AAAA","4",,,,,,,,,,
"5801951","2017-09-27T18:10:00","22.35","-124.11",,,"1","4","2","5",,,,"11",,,,,,,,,"10132",,,"8","226",,,,"9","239",,,,,,,,,,,,,"237","24","798","172","7","0",,"2","11FF1F","1AAAA11AA1AAAA","4",,,,,,,,,,
"5801950","2017-09-27T18:20:00","21.91","-123.91",,,"1","4","2","5",,,,"11",,,,,,,,,"10131",,,"8","230",,,,"9","240",,,,,,,,,,,,,"237","13","798","172","7","0",,"2","11FF1F","1AAAA11AA1AAAA","4",,,,,,,,,,
"5801951","2017-09-27T18:20:00","22.35","-124.11",,,"1","4","2","5",,,,"11",,,,,,,,,"10132",,,"8","228",,,,"9","240",,,,,,,,,,,,,"237","24","798","172","7","0",,"2","11FF1F","1AAAA11AA1AAAA","4",,,,,,,,,,
"5801950","2017-09-27T18:30:00","21.91","-123.91",,,"1","4","2","5",,,,"11",,,,,,,,,"10131",,,"8","229",,,,"9","241",,,,,,,,,,,,,"237","13","798","172","7","0",,"2","11FF1F","1AAAA11AA1AAAA","4",,,,,,,,,,
"5801951","2017-09-27T18:30:00","22.35","-124.11",,,"1","4","2","5",,,,"11",,,,,,,,,"10131",,,"8","228",,,,"9","240",,,,,,,,,,,,,"237","24","798","172","7","0",,"2","11FF1F","1AAAA11AA1AAAA","4",,,,,,,,,,
"5801950","2017-09-27T18:40:00","21.91","-123.91",,,"1","4","2","5",,,,"11",,,,,,,,,"10130",,,"8","228",,,,"9","240",,,,,,,,,,,,,"237","13","798","172","7","0",,"2","11FF1F","1AAAA11AA1AAAA","4",,,,,,,,,,
"5801951","2017-09-27T18:40:00","22.35","-124.11",,,"1","4","2","5",,,,"11",,,,,,,,,"10131",,,"8","228",,,,"9","241",,,,,,,,,,,,,"237","24","798","172","7","0",,"2","11FF1F","1AAAA11AA1AAAA","4",,,,,,,,,,
"5801950","2017-09-27T18:50:00","21.90","-123.91",,,"1","4","2","5",,,,"11",,,,,,,,,"10129",,,"8","228",,,,"9","240",,,,,,,,,,,,,"237","13","798","172","7","0",,"2","11FF1F","1AAAA11AA1AAAA","4",,,,,,,,,,
"5801951","2017-09-27T18:50:00","22.35","-124.11",,,"1","4","2","5",,,,"11",,,,,,,,,"10131",,,"8","229",,,,"9","242",,,,,,,,,,,,,"237","24","798","172","7","0",,"2","11FF1F","1AAAA11AA1AAAA","4",,,,,,,,,,
"5801950","2017-09-27T19:00:00","21.90","-123.91",,,"1","4","2","5",,,,"11",,,,,,,,,"10129",,,"8","228",,,,"9","241",,,,,,,,,,,,,"237","13","798","172","7","0",,"2","11FF1F","1AAAA11AA1AAAA","4",,,,,,,,,,
"5801951","2017-09-27T19:00:00","22.35","-124.12",,,"1","4","2","5",,,,"11",,,,,,,,,"10130",,,"8","228",,,,"9","241",,,,,,,,,,,,,"237","24","798","172","7","0",,"2","11FF1F","1AAAA11AA1AAAA","4",,,,,,,,,,
"5801950","2017-09-27T19:10:00","21.90","-123.91",,,"1","4","2","5",,,,"11",,,,,,,,,"10129",,,"8","228",,,,"9","243",,,,,,,,,,,,,"237","13","798","172","7","0",,"2","11FF1F","1AAAA11AA1AAAA","4",,,,,,,,,,
"5801951","2017-09-27T19:10:00","22.34","-124.12",,,"1","4","2","5",,,,"11",,,,,,,,,"10130",,,"8","228",,,,"9","241",,,,,,,,,,,,,"237","24","798","172","7","0",,"2","11FF1F","1AAAA11AA1AAAA","4",,,,,,,,,,
"5801950","2017-09-27T19:20:00","21.90","-123.91",,,"1","4","2","5",,,,"11",,,,,,,,,"10129",,,"8","228",,,,"9","242",,,,,,,,,,,,,"237","13","798","172","7","0",,"2","11FF1F","1AAAA11AA1AAAA","4",,,,,,,,,,
"5801951","2017-09-27T19:20:00","22.34","-124.12",,,"1","4","2","5",,,,"11",,,,,,,,,"10129",,,"8","228",,,,"9","242",,,,,,,,,,,,,"237","24","798","172","7","0",,"2","11FF1F","1AAAA11AA1AAAA","4",,,,,,,,,,
"5801950","2017-09-27T19:30:00","21.89","-123.91",,,"1","4","2","5",,,,"11",,,,,,,,,"10128",,,"8","228",,,,"9","240",,,,,,,,,,,,,"237","13","798","172","7","0",,"2","11FF1F","1AAAA11AA1AAAA","4",,,,,,,,,,
"5801951","2017-09-27T19:30:00","22.34","-124.12",,,"1","4","2","5",,,,"11",,,,,,,,,"10129",,,"8","229",,,,"9","242",,,,,,,,,,,,,"237","24","798","172","7","0",,"2","11FF1F","1AAAA11AA1AAAA","4",,,,,,,,,,
"5801950","2017-09-27T19:40:00","21.89","-123.91",,,"1","4","2","5",,,,"11",,,,,,,,,"10128",,,"8","229",,,,"9","241",,,,,,,,,,,,,"237","13","798","172","7","0",,"2","11FF1F","1AAAA11AA1AAAA","4",,,,,,,,,,
"5801951","2017-09-27T19:40:00","22.34","-124.12",,,"1","4","2","5",,,,"11",,,,,,,,,"10128",,,"8","228",,,,"9","243",,,,,,,,,,,,,"237","24","798","172","7","0",,"2","11FF1F","1AAAA11AA1AAAA","4",,,,,,,,,,
"5801950","2017-09-27T19:50:00","21.89","-123.91",,,"1","4","2","5",,,,"11",,,,,,,,,"10127",,,"8","228",,,,"9","243",,,,,,,,,,,,,"237","13","798","172","7","0",,"2","11FF1F","1AAAA11AA1AAAA","4",,,,,,,,,,
"5801951","2017-09-27T19:50:00","22.34","-124.13",,,"1","4","2","5",,,,"11",,,,,,,,,"10126",,,"8","228",,,,"9","242",,,,,,,,,,,,,"237","24","798","172","7","0",,"2","11FF1F","1AAAA11AA1AAAA","4",,,,,,,,,,
"5801950","2017-09-27T20:00:00","21.89","-123.91",,,"1","4","2","5",,,,"11",,,,,,,,,"10125",,,"8","228",,,,"9","242",,,,,,,,,,,,,"237","13","798","172","7","0",,"2","11FF1F","1AAAA11AA1AAAA","4",,,,,,,,,,
"5801951","2017-09-27T20:00:00","22.34","-124.13",,,"1","4","2","5",,,,"11",,,,,,,,,"10125",,,"8","228",,,,"9","243",,,,,,,,,,,,,"237","24","798","172","7","0",,"2","11FF1F","1AAAA11AA1AAAA","4",,,,,,,,,,
"5801950","2017-09-27T20:10:00","21.88","-123.91",,,"1","4","2","5",,,,"11",,,,,,,,,"10124",,,"8","227",,,,"9","247",,,,,,,,,,,,,"237","13","798","172","7","0",,"2","11FF1F","1AAAA11AA1AAAA","4",,,,,,,,,,
"5801951","2017-09-27T20:10:00","22.34","-124.13",,,"1","4","2","5",,,,"11",,,,,,,,,"10125",,,"8","229",,,,"9","243",,,,,,,,,,,,,"237","24","798","172","7","0",,"2","11FF1F","1AAAA11AA1AAAA","4",,,,,,,,,,
"5801950","2017-09-27T20:20:00","21.88","-123.91",,,"1","4","2","5",,,,"11",,,,,,,,,"10123",,,"8","228",,,,"9","247",,,,,,,,,,,,,"237","13","798","172","7","0",,"2","11FF1F","1AAAA11AA1AAAA","4",,,,,,,,,,
"5801951","2017-09-27T20:20:00","22.33","-124.13",,,"1","4","2","5",,,,"11",,,,,,,,,"10124",,,"8","230",,,,"9","243",,,,,,,,,,,,,"237","24","798","172","7","0",,"2","11FF1F","1AAAA11AA1AAAA","4",,,,,,,,,,
"5801950","2017-09-27T20:30:00","21.88","-123.91",,,"1","4","2","5",,,,"11",,,,,,,,,"10122",,,"8","227",,,,"9","246",,,,,,,,,,,,,"237","13","798","172","7","0",,"2","11FF1F","1AAAA11AA1AAAA","4",,,,,,,,,,
"5801951","2017-09-27T20:30:00","22.33","-124.13",,,"1","4","2","5",,,,"11",,,,,,,,,"10123",,,"8","229",,,,"9","243",,,,,,,,,,,,,"237","24","798","172","7","0",,"2","11FF1F","1AAAA11AA1AAAA","4",,,,,,,,,,
"5801950","2017-09-27T20:40:00","21.88","-123.91",,,"1","4","2","5",,,,"11",,,,,,,,,"10121",,,"8","231",,,,"9","245",,,,,,,,,,,,,"237","13","798","172","7","0",,"2","11FF1F","1AAAA11AA1AAAA","4",,,,,,,,,,
"5801951","2017-09-27T20:40:00","22.33","-124.14",,,"1","4","2","5",,,,"11",,,,,,,,,"10122",,,"8","230",,,,"9","244",,,,,,,,,,,,,"237","24","798","172","7","0",,"2","11FF1F","1AAAA11AA1AAAA","4",,,,,,,,,,
"5801950","2017-09-27T20:50:00","21.88","-123.92",,,"1","4","2","5",,,,"11",,,,,,,,,"10120",,,"8","229",,,,"9","249",,,,,,,,,,,,,"237","13","798","172","7","0",,"2","11FF1F","1AAAA11AA1AAAA","4",,,,,,,,,,
"5801951","2017-09-27T20:50:00","22.33","-124.14",,,"1","4","2","5",,,,"11",,,,,,,,,"10121",,,"8","229",,,,"9","244",,,,,,,,,,,,,"237","24","798","172","7","0",,"2","11FF1F","1AAAA11AA1AAAA","4",,,,,,,,,,
"5801950","2017-09-27T21:00:00","21.87","-123.92",,,"1","4","2","5",,,,"11",,,,,,,,,"10119",,,"8","229",,,,"9","242",,,,,,,,,,,,,"237","13","798","172","7","0",,"2","11FF1F","1AAAA11AA1AAAA","4",,,,,,,,,,
"5801951","2017-09-27T21:00:00","22.32","-124.14",,,"1","4","2","5",,,,"11",,,,,,,,,"10120",,,"8","230",,,,"9","244",,,,,,,,,,,,,"237","24","798","172","7","0",,"2","11FF1F","1AAAA11AA1AAAA","4",,,,,,,,,,
"5801950","2017-09-27T21:10:00","21.87","-123.92",,,"1","4","2","5",,,,"11",,,,,,,,,"10118",,,"8","229",,,,"9","246",,,,,,,,,,,,,"237","13","798","172","7","0",,"2","11FF1F","1AAAA11AA1AAAA","4",,,,,,,,,,
"5801951","2017-09-27T21:10:00","22.32","-124.14",,,"1","4","2","5",,,,"11",,,,,,,,,"10118",,,"8","230",,,,"9","245",,,,,,,,,,,,,"237","24","798","172","7","0",,"2","11FF1F","1AAAA11AA1AAAA","4",,,,,,,,,,
"5801950","2017-09-27T21:20:00","21.87","-123.92",,,"1","4","2","5",,,,"11",,,,,,,,,"10117",,,"8","229",,,,"9","242",,,,,,,,,,,,,"237","13","798","172","7","0",,"2","11FF1F","1AAAA11AA1AAAA","4",,,,,,,,,,
"5801951","2017-09-27T21:20:00","22.32","-124.14",,,"1","4","2","5",,,,"11",,,,,,,,,"10118",,,"8","230",,,,"9","245",,,,,,,,,,,,,"237","24","798","172","7","0",,"2","11FF1F","1AAAA11AA1AAAA","4",,,,,,,,,,
"5801950","2017-09-27T21:30:00","21.87","-123.92",,,"1","4","2","5",,,,"11",,,,,,,,,"10116",,,"8","229",,,,"9","246",,,,,,,,,,,,,"237","13","798","172","7","0",,"2","11FF1F","1AAAA11AA1AAAA","4",,,,,,,,,,
"5801951","2017-09-27T21:30:00","22.32","-124.14",,,"1","4","2","5",,,,"11",,,,,,,,,"10117",,,"8","231",,,,"9","246",,,,,,,,,,,,,"237","24","798","172","7","0",,"2","11FF1F","1AAAA11AA1AAAA","4",,,,,,,,,,
"5801950","2017-09-27T21:40:00","21.86","-123.92",,,"1","4","2","5",,,,"11",,,,,,,,,"10115",,,"8","229",,,,"9","247",,,,,,,,,,,,,"237","13","798","172","7","0",,"2","11FF1F","1AAAA11AA1AAAA","4",,,,,,,,,,
"5801951","2017-09-27T21:40:00","22.31","-124.14",,,"1","4","2","5",,,,"11",,,,,,,,,"10116",,,"8","230",,,,"9","246",,,,,,,,,,,,,"237","24","798","172","7","0",,"2","11FF1F","1AAAA11AA1AAAA","4",,,,,,,,,,
"5801950","2017-09-27T21:50:00","21.86","-123.92",,,"1","4","2","5",,,,"11",,,,,,,,,"10114",,,"8","230",,,,"9","246",,,,,,,,,,,,,"237","13","798","172","7","0",,"2","11FF1F","1AAAA11AA1AAAA","4",,,,,,,,,,
"5801951","2017-09-27T21:50:00","22.31","-124.14",,,"1","4","2","5",,,,"11",,,,,,,,,"10115",,,"8","230",,,,"9","247",,,,,,,,,,,,,"237","24","798","172","7","0",,"2","11FF1F","1AAAA11AA1AAAA","4",,,,,,,,,,
"5801950","2017-09-27T22:00:00","21.86","-123.92",,,"1","4","2","5",,,,"11",,,,,,,,,"10114",,,"8","231",,,,"9","248",,,,,,,,,,,,,"237","13","798","172","7","0",,"2","11FF1F","1AAAA11AA1AAAA","4",,,,,,,,,,
"5801951","2017-09-27T22:00:00","22.31","-124.14",,,"1","4","2","5",,,,"11",,,,,,,,,"10114",,,"8","231",,,,"9","249",,,,,,,,,,,,,"237","24","798","172","7","0",,"2","11FF1F","1AAAA11AA1AAAA","4",,,,,,,,,,
"5801950","2017-09-27T22:10:00","21.86","-123.92",,,"1","4","2","5",,,,"11",,,,,,,,,"10113",,,"8","231",,,,"9","249",,,,,,,,,,,,,"237","13","798","172","7","0",,"2","11FF1F","1AAAA11AA1AAAA","4",,,,,,,,,,
"5801951","2017-09-27T22:10:00","22.30","-124.14",,,"1","4","2","5",,,,"11",,,,,,,,,"10114",,,"8","231",,,,"9","247",,,,,,,,,,,,,"237","24","798","172","7","0",,"2","11FF1F","1AAAA11AA1AAAA","4",,,,,,,,,,
"5801950","2017-09-27T22:20:00","21.85","-123.92",,,"1","4","2","5",,,,"11",,,,,,,,,"10112",,,"8","231",,,,"9","251",,,,,,,,,,,,,"237","13","798","172","7","0",,"2","11FF1F","1AAAA11AA1AAAA","4",,,,,,,,,,
"5801951","2017-09-27T22:20:00","22.30","-124.14",,,"1","4","2","5",,,,"11",,,,,,,,,"10114",,,"8","231",,,,"9","247",,,,,,,,,,,,,"237","24","798","172","7","0",,"2","11FF1F","1AAAA11AA1AAAA","4",,,,,,,,,,
"5801950","2017-09-27T22:30:00","21.85","-123.92",,,"1","4","2","5",,,,"11",,,,,,,,,"10112",,,"8","230",,,,"9","249",,,,,,,,,,,,,"237","13","798","172","7","0",,"2","11FF1F","1AAAA11AA1AAAA","4",,,,,,,,,,
"5801951","2017-09-27T22:30:00","22.30","-124.14",,,"1","4","2","5",,,,"11",,,,,,,,,"10113",,,"8","231",,,,"9","249",,,,,,,,,,,,,"237","24","798","172","7","0",,"2","11FF1F","1AAAA11AA1AAAA","4",,,,,,,,,,
"5801950","2017-09-27T22:40:00","21.85","-123.92",,,"1","4","2","5",,,,"11",,,,,,,,,"10112",,,"8","231",,,,"9","251",,,,,,,,,,,,,"237","13","798","172","7","0",,"2","11FF1F","1AAAA11AA1AAAA","4",,,,,,,,,,
"5801951","2017-09-27T22:40:00","22.29","-124.14",,,"1","4","2","5",,,,"11",,,,,,,,,"10112",,,"8","231",,,,"9","248",,,,,,,,,,,,,"237","24","798","172","7","0",,"2","11FF1F","1AAAA11AA1AAAA","4",,,,,,,,,,
"5801950","2017-09-27T22:50:00","21.85","-123.92",,,"1","4","2","5",,,,"11",,,,,,,,,"10112",,,"8","232",,,,"9","252",,,,,,,,,,,,,"237","13","798","172","7","0",,"2","11FF1F","1AAAA11AA1AAAA","4",,,,,,,,,,
"5801951","2017-09-27T22:50:00","22.29","-124.14",,,"1","4","2","5",,,,"11",,,,,,,,,"10112",,,"8","230",,,,"9","248",,,,,,,,,,,,,"237","24","798","172","7","0",,"2","11FF1F","1AAAA11AA1AAAA","4",,,,,,,,,,
"5801950","2017-09-27T23:00:00","21.85","-123.92",,,"1","4","2","5",,,,"11",,,,,,,,,"10111",,,"8","233",,,,"9","250",,,,,,,,,,,,,"237","13","798","172","7","0",,"2","11FF1F","1AAAA11AA1AAAA","4",,,,,,,,,,
"5801951","2017-09-27T23:00:00","22.29","-124.14",,,"1","4","2","5",,,,"11",,,,,,,,,"10112",,,"8","231",,,,"9","248",,,,,,,,,,,,,"237","24","798","172","7","0",,"2","11FF1F","1AAAA11AA1AAAA","4",,,,,,,,,,
"5801950","2017-09-27T23:10:00","21.84","-123.92",,,"1","4","2","5",,,,"11",,,,,,,,,"10111",,,"8","231",,,,"9","250",,,,,,,,,,,,,"237","13","798","172","7","0",,"2","11FF1F","1AAAA11AA1AAAA","4",,,,,,,,,,
"5801951","2017-09-27T23:10:00","22.29","-124.14",,,"1","4","2","5",,,,"11",,,,,,,,,"10112",,,"8","230",,,,"9","247",,,,,,,,,,,,,"237","24","798","172","7","0",,"2","11FF1F","1AAAA11AA1AAAA","4",,,,,,,,,,
"5801950","2017-09-27T23:20:00","21.84","-123.92",,,"1","4","2","5",,,,"11",,,,,,,,,"10111",,,"8","232",,,,"9","250",,,,,,,,,,,,,"237","13","798","172","7","0",,"2","11FF1F","1AAAA11AA1AAAA","4",,,,,,,,,,
"5801951","2017-09-27T23:20:00","22.28","-124.14",,,"1","4","2","5",,,,"11",,,,,,,,,"10111",,,"8","230",,,,"9","247",,,,,,,,,,,,,"237","24","798","172","7","0",,"2","11FF1F","1AAAA11AA1AAAA","4",,,,,,,,,,
"5801950","2017-09-27T23:30:00","21.84","-123.92",,,"1","4","2","5",,,,"11",,,,,,,,,"10110",,,"8","232",,,,"9","251",,,,,,,,,,,,,"237","13","798","172","7","0",,"2","11FF1F","1AAAA11AA1AAAA","4",,,,,,,,,,
"5801951","2017-09-27T23:30:00","22.28","-124.14",,,"1","4","2","5",,,,"11",,,,,,,,,"10111",,,"8","230",,,,"9","246",,,,,,,,,,,,,"237","24","798","172","7","0",,"2","11FF1F","1AAAA11AA1AAAA","4",,,,,,,,,,
"5801950","2017-09-27T23:40:00","21.84","-123.92",,,"1","4","2","5",,,,"11",,,,,,,,,"10110",,,"8","232",,,,"9","251",,,,,,,,,,,,,"237","13","798","172","7","0",,"2","11FF1F","1AAAA11AA1AAAA","4",,,,,,,,,,
"5801951","2017-09-27T23:40:00","22.28","-124.14",,,"1","4","2","5",,,,"11",,,,,,,,,"10111",,,"8","231",,,,"9","247",,,,,,,,,,,,,"237","24","798","172","7","0",,"2","11FF1F","1AAAA11AA1AAAA","4",,,,,,,,,,
"5801950","2017-09-27T23:50:00","21.83","-123.92",,,"1","4","2","5",,,,"11",,,,,,,,,"10111",,,"8","233",,,,"9","250",,,,,,,,,,,,,"237","13","798","172","7","0",,"2","11FF1F","1AAAA11AA1AAAA","4",,,,,,,,,,
"5801951","2017-09-27T23:50:00","22.27","-124.14",,,"1","4","2","5",,,,"11",,,,,,,,,"10111",,,"8","230",,,,"9","246",,,,,,,,,,,,,"237","24","798","172","7","0",,"2","11FF1F","1AAAA11AA1AAAA","4",,,,,,,,,,
"5801950","2017-09-28T00:00:00","21.83","-123.92",,,"1","3","2","5",,,,"11",,,,,,,,,,,,,,,,,,,,,,,,,,,,,,,"237","13","798","172","7","0",,"2","FFFFFF","1AAAAAAAAAAAAA","4",,,,,,,,,,
"5801951","2017-09-28T00:00:00","22.27","-124.14",,,"1","3","2","5",,,,"11",,,,,,,,,,,,,,,,,,,,,,,,,,,,,,,"237","24","798","172","7","0",,"2","FFFFFF","1AAAAAAAAAAAAA","4",,,,,,,,,,
"5801950","2017-09-28T00:10:00","21.83","-123.92",,,"1","4","2","5",,,,"11",,,,,,,,,"10112",,,"8","234",,,,"9","248",,,,,,,,,,,,,"237","13","798","172","7","0",,"2","11FF1F","1AAAA11AA1AAAA","4",,,,,,,,,,
"5801951","2017-09-28T00:10:00","22.27","-124.14",,,"1","4","2","5",,,,"11",,,,,,,,,"10111",,,"8","231",,,,"9","245",,,,,,,,,,,,,"237","24","798","172","7","0",,"2","11FF1F","1AAAA11AA1AAAA","4",,,,,,,,,,
"5801950","2017-09-28T00:20:00","21.83","-123.92",,,"1","4","2","5",,,,"11",,,,,,,,,"10111",,,"8","233",,,,"9","250",,,,,,,,,,,,,"237","13","798","172","7","0",,"2","11FF1F","1AAAA11AA1AAAA","4",,,,,,,,,,
"5801951","2017-09-28T00:20:00","22.26","-124.14",,,"1","4","2","5",,,,"11",,,,,,,,,"10112",,,"8","230",,,,"9","244",,,,,,,,,,,,,"237","24","798","172","7","0",,"2","11FF1F","1AAAA11AA1AAAA","4",,,,,,,,,,
"5801950","2017-09-28T00:30:00","21.82","-123.91",,,"1","4","2","5",,,,"11",,,,,,,,,"10111",,,"8","235",,,,"9","251",,,,,,,,,,,,,"237","13","798","172","7","0",,"2","11FF1F","1AAAA11AA1AAAA","4",,,,,,,,,,
"5801951","2017-09-28T00:30:00","22.26","-124.14",,,"1","4","2","5",,,,"11",,,,,,,,,"10113",,,"8","230",,,,"9","245",,,,,,,,,,,,,"237","24","798","172","7","0",,"2","11FF1F","1AAAA11AA1AAAA","4",,,,,,,,,,
"5801950","2017-09-28T00:40:00","21.82","-123.91",,,"1","4","2","5",,,,"11",,,,,,,,,"10111",,,"8","234",,,,"9","250",,,,,,,,,,,,,"237","13","798","172","7","0",,"2","11FF1F","1AAAA11AA1AAAA","4",,,,,,,,,,
"5801951","2017-09-28T00:40:00","22.26","-124.14",,,"1","4","2","5",,,,"11",,,,,,,,,"10113",,,"8","232",,,,"9","246",,,,,,,,,,,,,"237","24","798","172","7","0",,"2","11FF1F","1AAAA11AA1AAAA","4",,,,,,,,,,
"5801950","2017-09-28T00:50:00","21.82","-123.91",,,"1","4","2","5",,,,"11",,,,,,,,,"10111",,,"8","234",,,,"9","248",,,,,,,,,,,,,"237","13","798","172","7","0",,"2","11FF1F","1AAAA11AA1AAAA","4",,,,,,,,,,
"5801951","2017-09-28T00:50:00","22.25","-124.14",,,"1","4","2","5",,,,"11",,,,,,,,,"10113",,,"8","231",,,,"9","246",,,,,,,,,,,,,"237","24","798","172","7","0",,"2","11FF1F","1AAAA11AA1AAAA","4",,,,,,,,,,
"5801950","2017-09-28T01:00:00","21.81","-123.91",,,"1","4","2","5",,,,"11",,,,,,,,,"10112",,,"8","234",,,,"9","247",,,,,,,,,,,,,"237","13","798","172","7","0",,"2","11FF1F","1AAAA11AA1AAAA","4",,,,,,,,,,
"5801951","2017-09-28T01:00:00","22.25","-124.14",,,"1","4","2","5",,,,"11",,,,,,,,,"10112",,,"8","232",,,,"9","246",,,,,,,,,,,,,"237","24","798","172","7","0",,"2","11FF1F","1AAAA11AA1AAAA","4",,,,,,,,,,
"5801950","2017-09-28T01:10:00","21.81","-123.91",,,"1","4","2","5",,,,"11",,,,,,,,,"10111",,,"8","234",,,,"9","247",,,,,,,,,,,,,"237","13","798","172","7","0",,"2","11FF1F","1AAAA11AA1AAAA","4",,,,,,,,,,
"5801951","2017-09-28T01:10:00","22.24","-124.14",,,"1","4","2","5",,,,"11",,,,,,,,,"10112",,,"8","231",,,,"9","245",,,,,,,,,,,,,"237","24","798","172","7","0",,"2","11FF1F","1AAAA11AA1AAAA","4",,,,,,,,,,
"5801950","2017-09-28T01:20:00","21.80","-123.91",,,"1","4","2","5",,,,"11",,,,,,,,,"10112",,,"8","233",,,,"9","247",,,,,,,,,,,,,"237","13","798","172","7","0",,"2","11FF1F","1AAAA11AA1AAAA","4",,,,,,,,,,
"5801951","2017-09-28T01:20:00","22.24","-124.14",,,"1","4","2","5",,,,"11",,,,,,,,,"10112",,,"8","231",,,,"9","245",,,,,,,,,,,,,"237","24","798","172","7","0",,"2","11FF1F","1AAAA11AA1AAAA","4",,,,,,,,,,
"5801950","2017-09-28T01:30:00","21.80","-123.91",,,"1","4","2","5",,,,"11",,,,,,,,,"10112",,,"8","234",,,,"9","247",,,,,,,,,,,,,"237","13","798","172","7","0",,"2","11FF1F","1AAAA11AA1AAAA","4",,,,,,,,,,
"5801951","2017-09-28T01:30:00","22.24","-124.14",,,"1","4","2","5",,,,"11",,,,,,,,,"10112",,,"8","231",,,,"9","244",,,,,,,,,,,,,"237","24","798","172","7","0",,"2","11FF1F","1AAAA11AA1AAAA","4",,,,,,,,,,
"5801950","2017-09-28T01:40:00","21.80","-123.91",,,"1","4","2","5",,,,"11",,,,,,,,,"10112",,,"8","232",,,,"9","245",,,,,,,,,,,,,"237","13","798","172","7","0",,"2","11FF1F","1AAAA11AA1AAAA","4",,,,,,,,,,
"5801951","2017-09-28T01:40:00","22.23","-124.14",,,"1","4","2","5",,,,"11",,,,,,,,,"10113",,,"8","230",,,,"9","244",,,,,,,,,,,,,"237","24","798","172","7","0",,"2","11FF1F","1AAAA11AA1AAAA","4",,,,,,,,,,
"5801950","2017-09-28T01:50:00","21.79","-123.90",,,"1","4","2","5",,,,"11",,,,,,,,,"10113",,,"8","231",,,,"9","246",,,,,,,,,,,,,"237","13","798","172","7","0",,"2","11FF1F","1AAAA11AA1AAAA","4",,,,,,,,,,
"5801951","2017-09-28T01:50:00","22.23","-124.14",,,"1","4","2","5",,,,"11",,,,,,,,,"10113",,,"8","228",,,,"9","243",,,,,,,,,,,,,"237","24","798","172","7","0",,"2","11FF1F","1AAAA11AA1AAAA","4",,,,,,,,,,
"5801950","2017-09-28T02:00:00","21.79","-123.90",,,"1","4","2","5",,,,"11",,,,,,,,,"10114",,,"8","230",,,,"9","245",,,,,,,,,,,,,"237","13","798","172","7","0",,"2","11FF1F","1AAAA11AA1AAAA","4",,,,,,,,,,
"5801951","2017-09-28T02:00:00","22.22","-124.14",,,"1","4","2","5",,,,"11",,,,,,,,,"10114",,,"8","227",,,,"9","242",,,,,,,,,,,,,"237","24","798","172","7","0",,"2","11FF1F","1AAAA11AA1AAAA","4",,,,,,,,,,
"5801950","2017-09-28T02:10:00","21.78","-123.90",,,"1","4","2","5",,,,"11",,,,,,,,,"10115",,,"8","229",,,,"9","244",,,,,,,,,,,,,"237","13","798","172","7","0",,"2","11FF1F","1AAAA11AA1AAAA","4",,,,,,,,,,
"5801951","2017-09-28T02:10:00","22.22","-124.14",,,"1","4","2","5",,,,"11",,,,,,,,,"10115",,,"8","227",,,,"9","243",,,,,,,,,,,,,"237","24","798","172","7","0",,"2","11FF1F","1AAAA11AA1AAAA","4",,,,,,,,,,
"5801950","2017-09-28T02:20:00","21.78","-123.90",,,"1","4","2","5",,,,"11",,,,,,,,,"10115",,,"8","228",,,,"9","243",,,,,,,,,,,,,"237","13","798","172","7","0",,"2","11FF1F","1AAAA11AA1AAAA","4",,,,,,,,,,
"5801951","2017-09-28T02:20:00","22.22","-124.14",,,"1","4","2","5",,,,"11",,,,,,,,,"10115",,,"8","228",,,,"9","243",,,,,,,,,,,,,"237","24","798","172","7","0",,"2","11FF1F","1AAAA11AA1AAAA","4",,,,,,,,,,
"5801950","2017-09-28T02:30:00","21.78","-123.90",,,"1","4","2","5",,,,"11",,,,,,,,,"10115",,,"8","228",,,,"9","243",,,,,,,,,,,,,"237","13","798","172","7","0",,"1","11FF1F","1AAAA11AA1AAAA","4",,,,,,,,,,
"5801951","2017-09-28T02:30:00","22.21","-124.14",,,"1","4","2","5",,,,"11",,,,,,,,,"10116",,,"8","228",,,,"9","243",,,,,,,,,,,,,"237","24","798","172","7","0",,"1","11FF1F","1AAAA11AA1AAAA","4",,,,,,,,,,
"5801950","2017-09-28T02:40:00","21.77","-123.90",,,"1","4","2","5",,,,"11",,,,,,,,,"10116",,,"8","227",,,,"9","243",,,,,,,,,,,,,"237","13","798","172","7","0",,"1","11FF1F","1AAAA11AA1AAAA","4",,,,,,,,,,
"5801951","2017-09-28T02:40:00","22.21","-124.14",,,"1","4","2","5",,,,"11",,,,,,,,,"10116",,,"8","228",,,,"9","242",,,,,,,,,,,,,"237","24","798","172","7","0",,"1","11FF1F","1AAAA11AA1AAAA","4",,,,,,,,,,
"5801950","2017-09-28T02:50:00","21.77","-123.90",,,"1","4","2","5",,,,"11",,,,,,,,,"10116",,,"8","228",,,,"9","242",,,,,,,,,,,,,"237","13","798","172","7","0",,"1","11FF1F","1AAAA11AA1AAAA","4",,,,,,,,,,
"5801951","2017-09-28T02:50:00","22.20","-124.14",,,"1","4","2","5",,,,"11",,,,,,,,,"10117",,,"8","227",,,,"9","242",,,,,,,,,,,,,"237","24","798","172","7","0",,"1","11FF1F","1AAAA11AA1AAAA","4",,,,,,,,,,
"5801950","2017-09-28T03:00:00","21.76","-123.90",,,"1","4","2","5",,,,"11",,,,,,,,,"10117",,,"8","228",,,,"9","242",,,,,,,,,,,,,"237","13","798","172","7","0",,"1","11FF1F","1AAAA11AA1AAAA","4",,,,,,,,,,
"5801951","2017-09-28T03:00:00","22.20","-124.14",,,"1","4","2","5",,,,"11",,,,,,,,,"10118",,,"8","228",,,,"9","243",,,,,,,,,,,,,"237","24","798","172","7","0",,"1","11FF1F","1AAAA11AA1AAAA","4",,,,,,,,,,
"5801950","2017-09-28T03:10:00","21.76","-123.89",,,"1","4","2","5",,,,"11",,,,,,,,,"10118",,,"8","228",,,,"9","242",,,,,,,,,,,,,"237","13","798","172","7","0",,"1","11FF1F","1AAAA11AA1AAAA","4",,,,,,,,,,
"5801951","2017-09-28T03:10:00","22.19","-124.14",,,"1","4","2","5",,,,"11",,,,,,,,,"10119",,,"8","227",,,,"9","242",,,,,,,,,,,,,"237","24","798","172","7","0",,"1","11FF1F","1AAAA11AA1AAAA","4",,,,,,,,,,
"5801950","2017-09-28T03:20:00","21.75","-123.89",,,"1","4","2","5",,,,"11",,,,,,,,,"10119",,,"8","228",,,,"9","242",,,,,,,,,,,,,"237","13","798","172","7","0",,"1","11FF1F","1AAAA11AA1AAAA","4",,,,,,,,,,
"5801951","2017-09-28T03:20:00","22.19","-124.14",,,"1","4","2","5",,,,"11",,,,,,,,,"10120",,,"8","227",,,,"9","242",,,,,,,,,,,,,"237","24","798","172","7","0",,"1","11FF1F","1AAAA11AA1AAAA","4",,,,,,,,,,
"5801950","2017-09-28T03:30:00","21.75","-123.89",,,"1","4","2","5",,,,"11",,,,,,,,,"10120",,,"8","227",,,,"9","242",,,,,,,,,,,,,"237","13","798","172","7","0",,"1","11FF1F","1AAAA11AA1AAAA","4",,,,,,,,,,
"5801951","2017-09-28T03:30:00","22.19","-124.14",,,"1","4","2","5",,,,"11",,,,,,,,,"10121",,,"8","227",,,,"9","242",,,,,,,,,,,,,"237","24","798","172","7","0",,"1","11FF1F","1AAAA11AA1AAAA","4",,,,,,,,,,
"5801950","2017-09-28T03:40:00","21.75","-123.89",,,"1","4","2","5",,,,"11",,,,,,,,,"10121",,,"8","228",,,,"9","241",,,,,,,,,,,,,"237","13","798","172","7","0",,"1","11FF1F","1AAAA11AA1AAAA","4",,,,,,,,,,
"5801951","2017-09-28T03:40:00","22.18","-124.14",,,"1","4","2","5",,,,"11",,,,,,,,,"10122",,,"8","226",,,,"9","243",,,,,,,,,,,,,"237","24","798","172","7","0",,"1","11FF1F","1AAAA11AA1AAAA","4",,,,,,,,,,
"5801950","2017-09-28T03:50:00","21.74","-123.89",,,"1","4","2","5",,,,"11",,,,,,,,,"10121",,,"8","229",,,,"9","241",,,,,,,,,,,,,"237","13","798","172","7","0",,"1","11FF1F","1AAAA11AA1AAAA","4",,,,,,,,,,
"5801951","2017-09-28T03:50:00","22.18","-124.14",,,"1","4","2","5",,,,"11",,,,,,,,,"10123",,,"8","227",,,,"9","245",,,,,,,,,,,,,"237","24","798","172","7","0",,"1","11FF1F","1AAAA11AA1AAAA","4",,,,,,,,,,
"5801950","2017-09-28T04:00:00","21.74","-123.89",,,"1","4","2","5",,,,"11",,,,,,,,,"10122",,,"8","229",,,,"9","241",,,,,,,,,,,,,"237","13","798","172","7","0",,"1","11FF1F","1AAAA11AA1AAAA","4",,,,,,,,,,
"5801951","2017-09-28T04:00:00","22.17","-124.14",,,"1","4","2","5",,,,"11",,,,,,,,,"10125",,,"8","227",,,,"9","244",,,,,,,,,,,,,"237","24","798","172","7","0",,"1","11FF1F","1AAAA11AA1AAAA","4",,,,,,,,,,
"5801950","2017-09-28T04:10:00","21.73","-123.89",,,"1","4","2","5",,,,"11",,,,,,,,,"10122",,,"8","230",,,,"9","240",,,,,,,,,,,,,"237","13","798","172","7","0",,"1","11FF1F","1AAAA11AA1AAAA","4",,,,,,,,,,
"5801951","2017-09-28T04:10:00","22.17","-124.14",,,"1","4","2","5",,,,"11",,,,,,,,,"10126",,,"8","227",,,,"9","244",,,,,,,,,,,,,"237","24","798","172","7","0",,"1","11FF1F","1AAAA11AA1AAAA","4",,,,,,,,,,
"5801950","2017-09-28T04:20:00","21.72","-123.89",,,"1","4","2","5",,,,"11",,,,,,,,,"10123",,,"8","230",,,,"9","240",,,,,,,,,,,,,"237","13","798","172","7","0",,"1","11FF1F","1AAAA11AA1AAAA","4",,,,,,,,,,
"5801951","2017-09-28T04:20:00","22.17","-124.14",,,"1","4","2","5",,,,"11",,,,,,,,,"10126",,,"8","227",,,,"9","244",,,,,,,,,,,,,"237","24","798","172","7","0",,"1","11FF1F","1AAAA11AA1AAAA","4",,,,,,,,,,
"5801950","2017-09-28T04:30:00","21.72","-123.89",,,"1","4","2","5",,,,"11",,,,,,,,,"10124",,,"8","230",,,,"9","240",,,,,,,,,,,,,"237","13","798","172","7","0",,"1","11FF1F","1AAAA11AA1AAAA","4",,,,,,,,,,
"5801951","2017-09-28T04:30:00","22.16","-124.14",,,"1","4","2","5",,,,"11",,,,,,,,,"10127",,,"8","227",,,,"9","244",,,,,,,,,,,,,"237","24","798","172","7","0",,"1","11FF1F","1AAAA11AA1AAAA","4",,,,,,,,,,
"5801950","2017-09-28T04:40:00","21.71","-123.89",,,"1","4","2","5",,,,"11",,,,,,,,,"10125",,,"8","229",,,,"9","240",,,,,,,,,,,,,"237","13","798","172","7","0",,"1","11FF1F","1AAAA11AA1AAAA","4",,,,,,,,,,
"5801951","2017-09-28T04:40:00","22.16","-124.14",,,"1","4","2","5",,,,"11",,,,,,,,,"10127",,,"8","228",,,,"9","243",,,,,,,,,,,,,"237","24","798","172","7","0",,"1","11FF1F","1AAAA11AA1AAAA","4",,,,,,,,,,
"5801950","2017-09-28T04:50:00","21.71","-123.89",,,"1","4","2","5",,,,"11",,,,,,,,,"10126",,,"8","230",,,,"9","240",,,,,,,,,,,,,"237","13","798","172","7","0",,"1","11FF1F","1AAAA11AA1AAAA","4",,,,,,,,,,
"5801951","2017-09-28T04:50:00","22.16","-124.14",,,"1","4","2","5",,,,"11",,,,,,,,,"10127",,,"8","228",,,,"9","243",,,,,,,,,,,,,"237","24","798","172","7","0",,"1","11FF1F","1AAAA11AA1AAAA","4",,,,,,,,,,
"5801950","2017-09-28T05:00:00","21.70","-123.89",,,"1","4","2","5",,,,"11",,,,,,,,,"10126",,,"8","229",,,,"9","240",,,,,,,,,,,,,"237","13","798","172","7","0",,"1","11FF1F","1AAAA11AA1AAAA","4",,,,,,,,,,
"5801951","2017-09-28T05:00:00","22.15","-124.14",,,"1","4","2","5",,,,"11",,,,,,,,,"10128",,,"8","226",,,,"9","243",,,,,,,,,,,,,"237","24","798","172","7","0",,"1","11FF1F","1AAAA11AA1AAAA","4",,,,,,,,,,
"5801950","2017-09-28T05:10:00","21.70","-123.89",,,"1","4","2","5",,,,"11",,,,,,,,,"10127",,,"8","230",,,,"9","240",,,,,,,,,,,,,"237","13","798","172","7","0",,"1","11FF1F","1AAAA11AA1AAAA","4",,,,,,,,,,
"5801951","2017-09-28T05:10:00","22.15","-124.14",,,"1","4","2","5",,,,"11",,,,,,,,,"10128",,,"8","227",,,,"9","243",,,,,,,,,,,,,"237","24","798","172","7","0",,"1","11FF1F","1AAAA11AA1AAAA","4",,,,,,,,,,
"5801950","2017-09-28T05:20:00","21.69","-123.89",,,"1","4","2","5",,,,"11",,,,,,,,,"10127",,,"8","229",,,,"9","239",,,,,,,,,,,,,"237","13","798","172","7","0",,"1","11FF1F","1AAAA11AA1AAAA","4",,,,,,,,,,
"5801951","2017-09-28T05:20:00","22.14","-124.14",,,"1","4","2","5",,,,"11",,,,,,,,,"10128",,,"8","226",,,,"9","242",,,,,,,,,,,,,"237","24","798","172","7","0",,"1","11FF1F","1AAAA11AA1AAAA","4",,,,,,,,,,
"5801950","2017-09-28T05:30:00","21.69","-123.89",,,"1","4","2","5",,,,"11",,,,,,,,,"10127",,,"8","229",,,,"9","240",,,,,,,,,,,,,"237","13","798","172","7","0",,"1","11FF1F","1AAAA11AA1AAAA","4",,,,,,,,,,
"5801951","2017-09-28T05:30:00","22.14","-124.14",,,"1","4","2","5",,,,"11",,,,,,,,,"10128",,,"8","227",,,,"9","240",,,,,,,,,,,,,"237","24","798","172","7","0",,"1","11FF1F","1AAAA11AA1AAAA","4",,,,,,,,,,
"5801950","2017-09-28T05:40:00","21.68","-123.89",,,"1","4","2","5",,,,"11",,,,,,,,,"10128",,,"8","228",,,,"9","240",,,,,,,,,,,,,"237","13","798","172","7","0",,"1","11FF1F","1AAAA11AA1AAAA","4",,,,,,,,,,
"5801951","2017-09-28T05:40:00","22.14","-124.14",,,"1","4","2","5",,,,"11",,,,,,,,,"10129",,,"8","226",,,,"9","240",,,,,,,,,,,,,"237","24","798","172","7","0",,"1","11FF1F","1AAAA11AA1AAAA","4",,,,,,,,,,
"5801950","2017-09-28T05:50:00","21.68","-123.89",,,"1","4","2","5",,,,"11",,,,,,,,,"10129",,,"8","229",,,,"9","239",,,,,,,,,,,,,"237","13","798","172","7","0",,"1","11FF1F","1AAAA11AA1AAAA","4",,,,,,,,,,
"5801951","2017-09-28T05:50:00","22.13","-124.14",,,"1","4","2","5",,,,"11",,,,,,,,,"10130",,,"8","226",,,,"9","241",,,,,,,,,,,,,"237","24","798","172","7","0",,"1","11FF1F","1AAAA11AA1AAAA","4",,,,,,,,,,
"5801950","2017-09-28T06:00:00","21.67","-123.89",,,"1","4","2","5",,,,"11",,,,,,,,,"10130",,,"8","228",,,,"9","239",,,,,,,,,,,,,"237","13","798","172","7","0",,"1","11FF1F","1AAAA11AA1AAAA","4",,,,,,,,,,
"5801951","2017-09-28T06:00:00","22.13","-124.14",,,"1","4","2","5",,,,"11",,,,,,,,,"10130",,,"8","226",,,,"9","241",,,,,,,,,,,,,"237","24","798","172","7","0",,"1","11FF1F","1AAAA11AA1AAAA","4",,,,,,,,,,
"5801950","2017-09-28T06:10:00","21.67","-123.89",,,"1","4","2","5",,,,"11",,,,,,,,,"10130",,,"8","228",,,,"9","239",,,,,,,,,,,,,"237","13","798","172","7","0",,"1","11FF1F","1AAAA11AA1AAAA","4",,,,,,,,,,
"5801951","2017-09-28T06:10:00","22.13","-124.14",,,"1","4","2","5",,,,"11",,,,,,,,,"10131",,,"8","226",,,,"9","240",,,,,,,,,,,,,"237","24","798","172","7","0",,"1","11FF1F","1AAAA11AA1AAAA","4",,,,,,,,,,
"5801950","2017-09-28T06:20:00","21.66","-123.89",,,"1","4","2","5",,,,"11",,,,,,,,,"10131",,,"8","228",,,,"9","239",,,,,,,,,,,,,"237","13","798","172","7","0",,"1","11FF1F","1AAAA11AA1AAAA","4",,,,,,,,,,
"5801951","2017-09-28T06:20:00","22.12","-124.14",,,"1","4","2","5",,,,"11",,,,,,,,,"10132",,,"8","225",,,,"9","241",,,,,,,,,,,,,"237","24","798","172","7","0",,"1","11FF1F","1AAAA11AA1AAAA","4",,,,,,,,,,
"5801950","2017-09-28T06:30:00","21.65","-123.89",,,"1","4","2","5",,,,"11",,,,,,,,,"10130",,,"8","228",,,,"9","239",,,,,,,,,,,,,"237","13","798","172","7","0",,"1","11FF1F","1AAAA11AA1AAAA","4",,,,,,,,,,
"5801951","2017-09-28T06:30:00","22.12","-124.14",,,"1","4","2","5",,,,"11",,,,,,,,,"10131",,,"8","226",,,,"9","240",,,,,,,,,,,,,"237","24","798","172","7","0",,"1","11FF1F","1AAAA11AA1AAAA","4",,,,,,,,,,
"5801950","2017-09-28T06:40:00","21.65","-123.89",,,"1","4","2","5",,,,"11",,,,,,,,,"10130",,,"8","228",,,,"9","239",,,,,,,,,,,,,"237","13","798","172","7","0",,"1","11FF1F","1AAAA11AA1AAAA","4",,,,,,,,,,
"5801951","2017-09-28T06:40:00","22.12","-124.14",,,"1","4","2","5",,,,"11",,,,,,,,,"10131",,,"8","226",,,,"9","240",,,,,,,,,,,,,"237","24","798","172","7","0",,"1","11FF1F","1AAAA11AA1AAAA","4",,,,,,,,,,
"5801950","2017-09-28T06:50:00","21.64","-123.89",,,"1","4","2","5",,,,"11",,,,,,,,,"10130",,,"8","228",,,,"9","239",,,,,,,,,,,,,"237","13","798","172","7","0",,"1","11FF1F","1AAAA11AA1AAAA","4",,,,,,,,,,
"5801951","2017-09-28T06:50:00","22.12","-124.14",,,"1","4","2","5",,,,"11",,,,,,,,,"10131",,,"8","226",,,,"9","240",,,,,,,,,,,,,"237","24","798","172","7","0",,"1","11FF1F","1AAAA11AA1AAAA","4",,,,,,,,,,
"5801950","2017-09-28T07:00:00","21.64","-123.90",,,"1","4","2","5",,,,"11",,,,,,,,,"10129",,,"8","227",,,,"9","239",,,,,,,,,,,,,"237","13","798","172","7","0",,"1","11FF1F","1AAAA11AA1AAAA","4",,,,,,,,,,
"5801951","2017-09-28T07:00:00","22.11","-124.14",,,"1","4","2","5",,,,"11",,,,,,,,,"10130",,,"8","226",,,,"9","240",,,,,,,,,,,,,"237","24","798","172","7","0",,"1","11FF1F","1AAAA11AA1AAAA","4",,,,,,,,,,
"5801950","2017-09-28T07:10:00","21.64","-123.90",,,"1","4","2","5",,,,"11",,,,,,,,,"10129",,,"8","228",,,,"9","239",,,,,,,,,,,,,"237","13","798","172","7","0",,"1","11FF1F","1AAAA11AA1AAAA","4",,,,,,,,,,
"5801951","2017-09-28T07:10:00","22.11","-124.14",,,"1","4","2","5",,,,"11",,,,,,,,,"10130",,,"8","226",,,,"9","240",,,,,,,,,,,,,"237","24","798","172","7","0",,"1","11FF1F","1AAAA11AA1AAAA","4",,,,,,,,,,
"5801950","2017-09-28T07:20:00","21.63","-123.90",,,"1","4","2","5",,,,"11",,,,,,,,,"10128",,,"8","228",,,,"9","239",,,,,,,,,,,,,"237","13","798","172","7","0",,"1","11FF1F","1AAAA11AA1AAAA","4",,,,,,,,,,
"5801951","2017-09-28T07:20:00","22.11","-124.14",,,"1","4","2","5",,,,"11",,,,,,,,,"10130",,,"8","226",,,,"9","240",,,,,,,,,,,,,"237","24","798","172","7","0",,"1","11FF1F","1AAAA11AA1AAAA","4",,,,,,,,,,
"5801950","2017-09-28T07:30:00","21.63","-123.90",,,"1","4","2","5",,,,"11",,,,,,,,,"10128",,,"8","228",,,,"9","239",,,,,,,,,,,,,"237","13","798","172","7","0",,"1","11FF1F","1AAAA11AA1AAAA","4",,,,,,,,,,
"5801951","2017-09-28T07:30:00","22.11","-124.14",,,"1","4","2","5",,,,"11",,,,,,,,,"10129",,,"8","226",,,,"9","240",,,,,,,,,,,,,"237","24","798","172","7","0",,"1","11FF1F","1AAAA11AA1AAAA","4",,,,,,,,,,
"5801950","2017-09-28T07:40:00","21.62","-123.90",,,"1","4","2","5",,,,"11",,,,,,,,,"10127",,,"8","228",,,,"9","239",,,,,,,,,,,,,"237","13","798","172","7","0",,"1","11FF1F","1AAAA11AA1AAAA","4",,,,,,,,,,
"5801951","2017-09-28T07:40:00","22.10","-124.14",,,"1","4","2","5",,,,"11",,,,,,,,,"10128",,,"8","226",,,,"9","240",,,,,,,,,,,,,"237","24","798","172","7","0",,"1","11FF1F","1AAAA11AA1AAAA","4",,,,,,,,,,
"5801950","2017-09-28T07:50:00","21.62","-123.90",,,"1","4","2","5",,,,"11",,,,,,,,,"10127",,,"8","228",,,,"9","239",,,,,,,,,,,,,"237","13","798","172","7","0",,"1","11FF1F","1AAAA11AA1AAAA","4",,,,,,,,,,
"5801951","2017-09-28T07:50:00","22.10","-124.14",,,"1","4","2","5",,,,"11",,,,,,,,,"10129",,,"8","225",,,,"9","240",,,,,,,,,,,,,"237","24","798","172","7","0",,"1","11FF1F","1AAAA11AA1AAAA","4",,,,,,,,,,
"5801950","2017-09-28T08:00:00","21.62","-123.90",,,"1","4","2","5",,,,"11",,,,,,,,,"10127",,,"8","227",,,,"9","238",,,,,,,,,,,,,"237","13","798","172","7","0",,"1","11FF1F","1AAAA11AA1AAAA","4",,,,,,,,,,
"5801951","2017-09-28T08:00:00","22.10","-124.14",,,"1","4","2","5",,,,"11",,,,,,,,,"10129",,,"8","225",,,,"9","240",,,,,,,,,,,,,"237","24","798","172","7","0",,"1","11FF1F","1AAAA11AA1AAAA","4",,,,,,,,,,
"5801950","2017-09-28T08:10:00","21.61","-123.90",,,"1","4","2","5",,,,"11",,,,,,,,,"10127",,,"8","227",,,,"9","238",,,,,,,,,,,,,"237","13","798","172","7","0",,"1","11FF1F","1AAAA11AA1AAAA","4",,,,,,,,,,
"5801951","2017-09-28T08:10:00","22.09","-124.14",,,"1","4","2","5",,,,"11",,,,,,,,,"10128",,,"8","226",,,,"9","240",,,,,,,,,,,,,"237","24","798","172","7","0",,"1","11FF1F","1AAAA11AA1AAAA","4",,,,,,,,,,
"5801950","2017-09-28T08:20:00","21.61","-123.90",,,"1","4","2","5",,,,"11",,,,,,,,,"10127",,,"8","227",,,,"9","238",,,,,,,,,,,,,"237","13","798","172","7","0",,"1","11FF1F","1AAAA11AA1AAAA","4",,,,,,,,,,
"5801951","2017-09-28T08:20:00","22.09","-124.14",,,"1","4","2","5",,,,"11",,,,,,,,,"10128",,,"8","226",,,,"9","240",,,,,,,,,,,,,"237","24","798","172","7","0",,"1","11FF1F","1AAAA11AA1AAAA","4",,,,,,,,,,
"5801950","2017-09-28T08:30:00","21.61","-123.90",,,"1","4","2","5",,,,"11",,,,,,,,,"10127",,,"8","226",,,,"9","238",,,,,,,,,,,,,"237","13","798","172","7","0",,"1","11FF1F","1AAAA11AA1AAAA","4",,,,,,,,,,
"5801951","2017-09-28T08:30:00","22.09","-124.14",,,"1","4","2","5",,,,"11",,,,,,,,,"10128",,,"8","226",,,,"9","240",,,,,,,,,,,,,"237","24","798","172","7","0",,"1","11FF1F","1AAAA11AA1AAAA","4",,,,,,,,,,
"5801950","2017-09-28T08:40:00","21.60","-123.90",,,"1","4","2","5",,,,"11",,,,,,,,,"10126",,,"8","228",,,,"9","238",,,,,,,,,,,,,"237","13","798","172","7","0",,"1","11FF1F","1AAAA11AA1AAAA","4",,,,,,,,,,
"5801951","2017-09-28T08:40:00","22.09","-124.14",,,"1","4","2","5",,,,"11",,,,,,,,,"10128",,,"8","226",,,,"9","240",,,,,,,,,,,,,"237","24","798","172","7","0",,"1","11FF1F","1AAAA11AA1AAAA","4",,,,,,,,,,
"5801950","2017-09-28T08:50:00","21.60","-123.90",,,"1","4","2","5",,,,"11",,,,,,,,,"10125",,,"8","227",,,,"9","238",,,,,,,,,,,,,"237","13","798","172","7","0",,"1","11FF1F","1AAAA11AA1AAAA","4",,,,,,,,,,
"5801951","2017-09-28T08:50:00","22.09","-124.14",,,"1","4","2","5",,,,"11",,,,,,,,,"10128",,,"8","226",,,,"9","240",,,,,,,,,,,,,"237","24","798","172","7","0",,"1","11FF1F","1AAAA11AA1AAAA","4",,,,,,,,,,
"5801950","2017-09-28T09:00:00","21.60","-123.90",,,"1","4","2","5",,,,"11",,,,,,,,,"10125",,,"8","227",,,,"9","238",,,,,,,,,,,,,"237","13","798","172","7","0",,"1","11FF1F","1AAAA11AA1AAAA","4",,,,,,,,,,
"5801951","2017-09-28T09:00:00","22.08","-124.14",,,"1","4","2","5",,,,"11",,,,,,,,,"10127",,,"8","226",,,,"9","240",,,,,,,,,,,,,"237","24","798","172","7","0",,"1","11FF1F","1AAAA11AA1AAAA","4",,,,,,,,,,
"5801950","2017-09-28T09:10:00","21.60","-123.90",,,"1","4","2","5",,,,"11",,,,,,,,,"10124",,,"8","227",,,,"9","238",,,,,,,,,,,,,"237","13","798","172","7","0",,"1","11FF1F","1AAAA11AA1AAAA","4",,,,,,,,,,
"5801951","2017-09-28T09:10:00","22.08","-124.14",,,"1","4","2","5",,,,"11",,,,,,,,,"10127",,,"8","225",,,,"9","240",,,,,,,,,,,,,"237","24","798","172","7","0",,"1","11FF1F","1AAAA11AA1AAAA","4",,,,,,,,,,
"5801950","2017-09-28T09:20:00","21.59","-123.90",,,"1","4","2","5",,,,"11",,,,,,,,,"10123",,,"8","227",,,,"9","238",,,,,,,,,,,,,"237","13","798","172","7","0",,"1","11FF1F","1AAAA11AA1AAAA","4",,,,,,,,,,
"5801951","2017-09-28T09:20:00","22.08","-124.14",,,"1","4","2","5",,,,"11",,,,,,,,,"10125",,,"8","225",,,,"9","240",,,,,,,,,,,,,"237","24","798","172","7","0",,"1","11FF1F","1AAAA11AA1AAAA","4",,,,,,,,,,
"5801950","2017-09-28T09:30:00","21.59","-123.90",,,"1","4","2","5",,,,"11",,,,,,,,,"10122",,,"8","227",,,,"9","238",,,,,,,,,,,,,"237","13","798","172","7","0",,"1","11FF1F","1AAAA11AA1AAAA","4",,,,,,,,,,
"5801951","2017-09-28T09:30:00","22.08","-124.14",,,"1","4","2","5",,,,"11",,,,,,,,,"10124",,,"8","225",,,,"9","240",,,,,,,,,,,,,"237","24","798","172","7","0",,"1","11FF1F","1AAAA11AA1AAAA","4",,,,,,,,,,
"5801950","2017-09-28T09:40:00","21.59","-123.90",,,"1","4","2","5",,,,"11",,,,,,,,,"10121",,,"8","227",,,,"9","238",,,,,,,,,,,,,"237","13","798","172","7","0",,"1","11FF1F","1AAAA11AA1AAAA","4",,,,,,,,,,
"5801951","2017-09-28T09:40:00","22.08","-124.14",,,"1","4","2","5",,,,"11",,,,,,,,,"10124",,,"8","225",,,,"9","240",,,,,,,,,,,,,"237","24","798","172","7","0",,"1","11FF1F","1AAAA11AA1AAAA","4",,,,,,,,,,
"5801950","2017-09-28T09:50:00","21.58","-123.91",,,"1","4","2","5",,,,"11",,,,,,,,,"10120",,,"8","226",,,,"9","238",,,,,,,,,,,,,"237","13","798","172","7","0",,"1","11FF1F","1AAAA11AA1AAAA","4",,,,,,,,,,
"5801951","2017-09-28T09:50:00","22.08","-124.14",,,"1","4","2","5",,,,"11",,,,,,,,,"10122",,,"8","225",,,,"9","240",,,,,,,,,,,,,"237","24","798","172","7","0",,"1","11FF1F","1AAAA11AA1AAAA","4",,,,,,,,,,
"5801950","2017-09-28T10:00:00","21.58","-123.91",,,"1","4","2","5",,,,"11",,,,,,,,,"10120",,,"8","226",,,,"9","238",,,,,,,,,,,,,"237","13","798","172","7","0",,"1","11FF1F","1AAAA11AA1AAAA","4",,,,,,,,,,
"5801951","2017-09-28T10:00:00","22.07","-124.14",,,"1","4","2","5",,,,"11",,,,,,,,,"10122",,,"8","225",,,,"9","240",,,,,,,,,,,,,"237","24","798","172","7","0",,"1","11FF1F","1AAAA11AA1AAAA","4",,,,,,,,,,
"5801950","2017-09-28T10:10:00","21.58","-123.91",,,"1","4","2","5",,,,"11",,,,,,,,,"10120",,,"8","227",,,,"9","238",,,,,,,,,,,,,"237","13","798","172","7","0",,"1","11FF1F","1AAAA11AA1AAAA","4",,,,,,,,,,
"5801951","2017-09-28T10:10:00","22.07","-124.14",,,"1","4","2","5",,,,"11",,,,,,,,,"10121",,,"8","225",,,,"9","240",,,,,,,,,,,,,"237","24","798","172","7","0",,"1","11FF1F","1AAAA11AA1AAAA","4",,,,,,,,,,
"5801950","2017-09-28T10:20:00","21.58","-123.91",,,"1","4","2","5",,,,"11",,,,,,,,,"10119",,,"8","226",,,,"9","238",,,,,,,,,,,,,"237","13","798","172","7","0",,"1","11FF1F","1AAAA11AA1AAAA","4",,,,,,,,,,
"5801951","2017-09-28T10:20:00","22.07","-124.14",,,"1","4","2","5",,,,"11",,,,,,,,,"10121",,,"8","225",,,,"9","240",,,,,,,,,,,,,"237","24","798","172","7","0",,"1","11FF1F","1AAAA11AA1AAAA","4",,,,,,,,,,
"5801950","2017-09-28T10:30:00","21.58","-123.91",,,"1","4","2","5",,,,"11",,,,,,,,,"10118",,,"8","226",,,,"9","238",,,,,,,,,,,,,"237","13","798","172","7","0",,"1","11FF1F","1AAAA11AA1AAAA","4",,,,,,,,,,
"5801951","2017-09-28T10:30:00","22.07","-124.14",,,"1","4","2","5",,,,"11",,,,,,,,,"10120",,,"8","225",,,,"9","240",,,,,,,,,,,,,"237","24","798","172","7","0",,"1","11FF1F","1AAAA11AA1AAAA","4",,,,,,,,,,
"5801950","2017-09-28T10:40:00","21.57","-123.91",,,"1","4","2","5",,,,"11",,,,,,,,,"10117",,,"8","227",,,,"9","238",,,,,,,,,,,,,"237","13","798","172","7","0",,"1","11FF1F","1AAAA11AA1AAAA","4",,,,,,,,,,
"5801951","2017-09-28T10:40:00","22.07","-124.14",,,"1","4","2","5",,,,"11",,,,,,,,,"10120",,,"8","225",,,,"9","240",,,,,,,,,,,,,"237","24","798","172","7","0",,"1","11FF1F","1AAAA11AA1AAAA","4",,,,,,,,,,
"5801950","2017-09-28T10:50:00","21.57","-123.91",,,"1","4","2","5",,,,"11",,,,,,,,,"10117",,,"8","226",,,,"9","238",,,,,,,,,,,,,"237","13","798","172","7","0",,"1","11FF1F","1AAAA11AA1AAAA","4",,,,,,,,,,
"5801951","2017-09-28T10:50:00","22.07","-124.14",,,"1","4","2","5",,,,"11",,,,,,,,,"10119",,,"8","224",,,,"9","240",,,,,,,,,,,,,"237","24","798","172","7","0",,"1","11FF1F","1AAAA11AA1AAAA","4",,,,,,,,,,
"5801950","2017-09-28T11:00:00","21.57","-123.91",,,"1","4","2","5",,,,"11",,,,,,,,,"10116",,,"8","226",,,,"9","238",,,,,,,,,,,,,"237","13","798","172","7","0",,"1","11FF1F","1AAAA11AA1AAAA","4",,,,,,,,,,
"5801951","2017-09-28T11:00:00","22.07","-124.14",,,"1","4","2","5",,,,"11",,,,,,,,,"10118",,,"8","225",,,,"9","240",,,,,,,,,,,,,"237","24","798","172","7","0",,"1","11FF1F","1AAAA11AA1AAAA","4",,,,,,,,,,
"5801950","2017-09-28T11:10:00","21.57","-123.91",,,"1","4","2","5",,,,"11",,,,,,,,,"10115",,,"8","226",,,,"9","238",,,,,,,,,,,,,"237","13","798","172","7","0",,"1","11FF1F","1AAAA11AA1AAAA","4",,,,,,,,,,
"5801951","2017-09-28T11:10:00","22.06","-124.14",,,"1","4","2","5",,,,"11",,,,,,,,,"10118",,,"8","224",,,,"9","240",,,,,,,,,,,,,"237","24","798","172","7","0",,"1","11FF1F","1AAAA11AA1AAAA","4",,,,,,,,,,
"5801950","2017-09-28T11:20:00","21.57","-123.91",,,"1","4","2","5",,,,"11",,,,,,,,,"10115",,,"8","226",,,,"9","238",,,,,,,,,,,,,"237","13","798","172","7","0",,"1","11FF1F","1AAAA11AA1AAAA","4",,,,,,,,,,
"5801951","2017-09-28T11:20:00","22.06","-124.13",,,"1","4","2","5",,,,"11",,,,,,,,,"10118",,,"8","224",,,,"9","240",,,,,,,,,,,,,"237","24","798","172","7","0",,"1","11FF1F","1AAAA11AA1AAAA","4",,,,,,,,,,
"5801950","2017-09-28T11:30:00","21.57","-123.91",,,"1","4","2","5",,,,"11",,,,,,,,,"10116",,,"8","226",,,,"9","238",,,,,,,,,,,,,"237","13","798","172","7","0",,"1","11FF1F","1AAAA11AA1AAAA","4",,,,,,,,,,
"5801951","2017-09-28T11:30:00","22.06","-124.13",,,"1","4","2","5",,,,"11",,,,,,,,,"10118",,,"8","224",,,,"9","240",,,,,,,,,,,,,"237","24","798","172","7","0",,"1","11FF1F","1AAAA11AA1AAAA","4",,,,,,,,,,
"5801950","2017-09-28T11:40:00","21.56","-123.91",,,"1","4","2","5",,,,"11",,,,,,,,,"10116",,,"8","226",,,,"9","238",,,,,,,,,,,,,"237","13","798","172","7","0",,"1","11FF1F","1AAAA11AA1AAAA","4",,,,,,,,,,
"5801951","2017-09-28T11:40:00","22.06","-124.13",,,"1","4","2","5",,,,"11",,,,,,,,,"10118",,,"8","225",,,,"9","240",,,,,,,,,,,,,"237","24","798","172","7","0",,"1","11FF1F","1AAAA11AA1AAAA","4",,,,,,,,,,
"5801950","2017-09-28T11:50:00","21.56","-123.92",,,"1","4","2","5",,,,"11",,,,,,,,,"10116",,,"8","226",,,,"9","238",,,,,,,,,,,,,"237","13","798","172","7","0",,"1","11FF1F","1AAAA11AA1AAAA","4",,,,,,,,,,
"5801951","2017-09-28T11:50:00","22.06","-124.13",,,"1","4","2","5",,,,"11",,,,,,,,,"10118",,,"8","225",,,,"9","240",,,,,,,,,,,,,"237","24","798","172","7","0",,"1","11FF1F","1AAAA11AA1AAAA","4",,,,,,,,,,
"5801950","2017-09-28T12:00:00","21.56","-123.92",,,"1","4","2","5",,,,"11",,,,,,,,,"10117",,,"8","226",,,,"9","238",,,,,,,,,,,,,"237","13","798","172","7","0",,"1","11FF1F","1AAAA11AA1AAAA","4",,,,,,,,,,
"5801951","2017-09-28T12:00:00","22.06","-124.13",,,"1","4","2","5",,,,"11",,,,,,,,,"10119",,,"8","224",,,,"9","240",,,,,,,,,,,,,"237","24","798","172","7","0",,"1","11FF1F","1AAAA11AA1AAAA","4",,,,,,,,,,
"5801950","2017-09-28T12:10:00","21.56","-123.92",,,"1","4","2","5",,,,"11",,,,,,,,,"10118",,,"8","226",,,,"9","238",,,,,,,,,,,,,"237","13","798","172","7","0",,"1","11FF1F","1AAAA11AA1AAAA","4",,,,,,,,,,
"5801951","2017-09-28T12:10:00","22.05","-124.13",,,"1","4","2","5",,,,"11",,,,,,,,,"10120",,,"8","224",,,,"9","240",,,,,,,,,,,,,"237","24","798","172","7","0",,"1","11FF1F","1AAAA11AA1AAAA","4",,,,,,,,,,
"5801950","2017-09-28T12:20:00","21.56","-123.92",,,"1","4","2","5",,,,"11",,,,,,,,,"10118",,,"8","226",,,,"9","238",,,,,,,,,,,,,"237","13","798","172","7","0",,"1","11FF1F","1AAAA11AA1AAAA","4",,,,,,,,,,
"5801951","2017-09-28T12:20:00","22.05","-124.13",,,"1","4","2","5",,,,"11",,,,,,,,,"10121",,,"8","225",,,,"9","240",,,,,,,,,,,,,"237","24","798","172","7","0",,"1","11FF1F","1AAAA11AA1AAAA","4",,,,,,,,,,
"5801950","2017-09-28T12:30:00","21.55","-123.92",,,"1","4","2","5",,,,"11",,,,,,,,,"10119",,,"8","226",,,,"9","238",,,,,,,,,,,,,"237","13","798","172","7","0",,"1","11FF1F","1AAAA11AA1AAAA","4",,,,,,,,,,
"5801951","2017-09-28T12:30:00","22.05","-124.12",,,"1","4","2","5",,,,"11",,,,,,,,,"10121",,,"8","224",,,,"9","240",,,,,,,,,,,,,"237","24","798","172","7","0",,"1","11FF1F","1AAAA11AA1AAAA","4",,,,,,,,,,
"5801950","2017-09-28T12:40:00","21.55","-123.93",,,"1","4","2","5",,,,"11",,,,,,,,,"10120",,,"8","226",,,,"9","238",,,,,,,,,,,,,"237","13","798","172","7","0",,"1","11FF1F","1AAAA11AA1AAAA","4",,,,,,,,,,
"5801951","2017-09-28T12:40:00","22.05","-124.12",,,"1","4","2","5",,,,"11",,,,,,,,,"10122",,,"8","225",,,,"9","240",,,,,,,,,,,,,"237","24","798","172","7","0",,"1","11FF1F","1AAAA11AA1AAAA","4",,,,,,,,,,
"5801950","2017-09-28T12:50:00","21.55","-123.93",,,"1","4","2","5",,,,"11",,,,,,,,,"10121",,,"8","227",,,,"9","238",,,,,,,,,,,,,"237","13","798","172","7","0",,"1","11FF1F","1AAAA11AA1AAAA","4",,,,,,,,,,
"5801951","2017-09-28T12:50:00","22.05","-124.12",,,"1","4","2","5",,,,"11",,,,,,,,,"10123",,,"8","226",,,,"9","240",,,,,,,,,,,,,"237","24","798","172","7","0",,"1","11FF1F","1AAAA11AA1AAAA","4",,,,,,,,,,
"5801950","2017-09-28T13:00:00","21.55","-123.93",,,"1","4","2","5",,,,"11",,,,,,,,,"10122",,,"8","227",,,,"9","238",,,,,,,,,,,,,"237","13","798","172","7","0",,"1","11FF1F","1AAAA11AA1AAAA","4",,,,,,,,,,
"5801951","2017-09-28T13:00:00","22.05","-124.12",,,"1","4","2","5",,,,"11",,,,,,,,,"10123",,,"8","224",,,,"9","240",,,,,,,,,,,,,"237","24","798","172","7","0",,"1","11FF1F","1AAAA11AA1AAAA","4",,,,,,,,,,
"5801950","2017-09-28T13:10:00","21.55","-123.93",,,"1","4","2","5",,,,"11",,,,,,,,,"10123",,,"8","226",,,,"9","238",,,,,,,,,,,,,"237","13","798","172","7","0",,"1","11FF1F","1AAAA11AA1AAAA","4",,,,,,,,,,
"5801951","2017-09-28T13:10:00","22.05","-124.12",,,"1","4","2","5",,,,"11",,,,,,,,,"10124",,,"8","225",,,,"9","240",,,,,,,,,,,,,"237","24","798","172","7","0",,"1","11FF1F","1AAAA11AA1AAAA","4",,,,,,,,,,
"5801950","2017-09-28T13:20:00","21.54","-123.93",,,"1","4","2","5",,,,"11",,,,,,,,,"10123",,,"8","227",,,,"9","238",,,,,,,,,,,,,"237","13","798","172","7","0",,"1","11FF1F","1AAAA11AA1AAAA","4",,,,,,,,,,
"5801951","2017-09-28T13:20:00","22.04","-124.11",,,"1","4","2","5",,,,"11",,,,,,,,,"10125",,,"8","225",,,,"9","240",,,,,,,,,,,,,"237","24","798","172","7","0",,"1","11FF1F","1AAAA11AA1AAAA","4",,,,,,,,,,
"5801950","2017-09-28T13:30:00","21.54","-123.93",,,"1","4","2","5",,,,"11",,,,,,,,,"10124",,,"8","227",,,,"9","238",,,,,,,,,,,,,"237","13","798","172","7","0",,"1","11FF1F","1AAAA11AA1AAAA","4",,,,,,,,,,
"5801951","2017-09-28T13:30:00","22.04","-124.11",,,"1","4","2","5",,,,"11",,,,,,,,,"10126",,,"8","225",,,,"9","240",,,,,,,,,,,,,"237","24","798","172","7","0",,"1","11FF1F","1AAAA11AA1AAAA","4",,,,,,,,,,
"5801950","2017-09-28T13:40:00","21.54","-123.94",,,"1","4","2","5",,,,"11",,,,,,,,,"10125",,,"8","227",,,,"9","238",,,,,,,,,,,,,"237","13","798","172","7","0",,"1","11FF1F","1AAAA11AA1AAAA","4",,,,,,,,,,
"5801951","2017-09-28T13:40:00","22.04","-124.11",,,"1","4","2","5",,,,"11",,,,,,,,,"10126",,,"8","225",,,,"9","240",,,,,,,,,,,,,"237","24","798","172","7","0",,"1","11FF1F","1AAAA11AA1AAAA","4",,,,,,,,,,
"5801950","2017-09-28T13:50:00","21.54","-123.94",,,"1","4","2","5",,,,"11",,,,,,,,,"10126",,,"8","227",,,,"9","238",,,,,,,,,,,,,"237","13","798","172","7","0",,"1","11FF1F","1AAAA11AA1AAAA","4",,,,,,,,,,
"5801951","2017-09-28T13:50:00","22.04","-124.11",,,"1","4","2","5",,,,"11",,,,,,,,,"10127",,,"8","225",,,,"9","240",,,,,,,,,,,,,"237","24","798","172","7","0",,"1","11FF1F","1AAAA11AA1AAAA","4",,,,,,,,,,
"5801950","2017-09-28T14:00:00","21.53","-123.94",,,"1","4","2","5",,,,"11",,,,,,,,,"10127",,,"8","228",,,,"9","238",,,,,,,,,,,,,"237","13","798","172","7","0",,"1","11FF1F","1AAAA11AA1AAAA","4",,,,,,,,,,
"5801951","2017-09-28T14:00:00","22.03","-124.11",,,"1","4","2","5",,,,"11",,,,,,,,,"10127",,,"8","226",,,,"9","240",,,,,,,,,,,,,"237","24","798","172","7","0",,"1","11FF1F","1AAAA11AA1AAAA","4",,,,,,,,,,
"5801950","2017-09-28T14:10:00","21.53","-123.94",,,"1","4","2","5",,,,"11",,,,,,,,,"10127",,,"8","228",,,,"9","238",,,,,,,,,,,,,"237","13","798","172","7","0",,"2","11FF1F","1AAAA11AA1AAAA","4",,,,,,,,,,
"5801951","2017-09-28T14:10:00","22.03","-124.11",,,"1","4","2","5",,,,"11",,,,,,,,,"10128",,,"8","226",,,,"9","240",,,,,,,,,,,,,"237","24","798","172","7","0",,"1","11FF1F","1AAAA11AA1AAAA","4",,,,,,,,,,
"5801950","2017-09-28T14:20:00","21.53","-123.94",,,"1","4","2","5",,,,"11",,,,,,,,,"10128",,,"8","227",,,,"9","238",,,,,,,,,,,,,"237","13","798","172","7","0",,"2","11FF1F","1AAAA11AA1AAAA","4",,,,,,,,,,
"5801951","2017-09-28T14:20:00","22.03","-124.11",,,"1","4","2","5",,,,"11",,,,,,,,,"10129",,,"8","226",,,,"9","240",,,,,,,,,,,,,"237","24","798","172","7","0",,"2","11FF1F","1AAAA11AA1AAAA","4",,,,,,,,,,
"5801950","2017-09-28T14:30:00","21.53","-123.95",,,"1","4","2","5",,,,"11",,,,,,,,,"10128",,,"8","228",,,,"9","238",,,,,,,,,,,,,"237","13","798","172","7","0",,"2","11FF1F","1AAAA11AA1AAAA","4",,,,,,,,,,
"5801951","2017-09-28T14:30:00","22.03","-124.11",,,"1","4","2","5",,,,"11",,,,,,,,,"10129",,,"8","227",,,,"9","240",,,,,,,,,,,,,"237","24","798","172","7","0",,"2","11FF1F","1AAAA11AA1AAAA","4",,,,,,,,,,
"5801950","2017-09-28T14:40:00","21.53","-123.95",,,"1","4","2","5",,,,"11",,,,,,,,,"10129",,,"8","228",,,,"9","238",,,,,,,,,,,,,"237","13","798","172","7","0",,"2","11FF1F","1AAAA11AA1AAAA","4",,,,,,,,,,
"5801951","2017-09-28T14:40:00","22.03","-124.11",,,"1","4","2","5",,,,"11",,,,,,,,,"10130",,,"8","227",,,,"9","240",,,,,,,,,,,,,"237","24","798","172","7","0",,"2","11FF1F","1AAAA11AA1AAAA","4",,,,,,,,,,
"5801950","2017-09-28T14:50:00","21.52","-123.95",,,"1","4","2","5",,,,"11",,,,,,,,,"10129",,,"8","229",,,,"9","238",,,,,,,,,,,,,"237","13","798","172","7","0",,"2","11FF1F","1AAAA11AA1AAAA","4",,,,,,,,,,
"5801951","2017-09-28T14:50:00","22.03","-124.11",,,"1","4","2","5",,,,"11",,,,,,,,,"10130",,,"8","228",,,,"9","240",,,,,,,,,,,,,"237","24","798","172","7","0",,"2","11FF1F","1AAAA11AA1AAAA","4",,,,,,,,,,
"5801950","2017-09-28T15:00:00","21.52","-123.94",,,"1","4","2","5",,,,"11",,,,,,,,,"10130",,,"8","228",,,,"9","238",,,,,,,,,,,,,"237","13","798","172","7","0",,"2","11FF1F","1AAAA11AA1AAAA","4",,,,,,,,,,
"5801951","2017-09-28T15:00:00","22.03","-124.11",,,"1","4","2","5",,,,"11",,,,,,,,,"10132",,,"8","228",,,,"9","240",,,,,,,,,,,,,"237","24","798","172","7","0",,"2","11FF1F","1AAAA11AA1AAAA","4",,,,,,,,,,
"5801950","2017-09-28T15:10:00","21.52","-123.94",,,"1","4","2","5",,,,"11",,,,,,,,,"10131",,,"8","228",,,,"9","238",,,,,,,,,,,,,"237","13","798","172","7","0",,"2","11FF1F","1AAAA11AA1AAAA","4",,,,,,,,,,
"5801951","2017-09-28T15:10:00","22.03","-124.11",,,"1","4","2","5",,,,"11",,,,,,,,,"10133",,,"8","228",,,,"9","240",,,,,,,,,,,,,"237","24","798","172","7","0",,"2","11FF1F","1AAAA11AA1AAAA","4",,,,,,,,,,
"5801950","2017-09-28T15:20:00","21.51","-123.94",,,"1","4","2","5",,,,"11",,,,,,,,,"10131",,,"8","228",,,,"9","238",,,,,,,,,,,,,"237","13","798","172","7","0",,"2","11FF1F","1AAAA11AA1AAAA","4",,,,,,,,,,
"5801951","2017-09-28T15:20:00","22.03","-124.11",,,"1","4","2","5",,,,"11",,,,,,,,,"10134",,,"8","228",,,,"9","240",,,,,,,,,,,,,"237","24","798","172","7","0",,"2","11FF1F","1AAAA11AA1AAAA","4",,,,,,,,,,
"5801950","2017-09-28T15:30:00","21.51","-123.94",,,"1","4","2","5",,,,"11",,,,,,,,,"10133",,,"8","229",,,,"9","238",,,,,,,,,,,,,"237","13","798","172","7","0",,"2","11FF1F","1AAAA11AA1AAAA","4",,,,,,,,,,
"5801951","2017-09-28T15:30:00","22.02","-124.11",,,"1","4","2","5",,,,"11",,,,,,,,,"10134",,,"8","228",,,,"9","240",,,,,,,,,,,,,"237","24","798","172","7","0",,"2","11FF1F","1AAAA11AA1AAAA","4",,,,,,,,,,
"5801950","2017-09-28T15:40:00","21.50","-123.94",,,"1","4","2","5",,,,"11",,,,,,,,,"10134",,,"8","229",,,,"9","238",,,,,,,,,,,,,"237","13","798","172","7","0",,"2","11FF1F","1AAAA11AA1AAAA","4",,,,,,,,,,
"5801951","2017-09-28T15:40:00","22.02","-124.11",,,"1","4","2","5",,,,"11",,,,,,,,,"10134",,,"8","229",,,,"9","240",,,,,,,,,,,,,"237","24","798","172","7","0",,"2","11FF1F","1AAAA11AA1AAAA","4",,,,,,,,,,
"5801950","2017-09-28T15:50:00","21.50","-123.94",,,"1","4","2","5",,,,"11",,,,,,,,,"10134",,,"8","230",,,,"9","238",,,,,,,,,,,,,"237","13","798","172","7","0",,"2","11FF1F","1AAAA11AA1AAAA","4",,,,,,,,,,
"5801951","2017-09-28T15:50:00","22.02","-124.12",,,"1","4","2","5",,,,"11",,,,,,,,,"10136",,,"8","230",,,,"9","240",,,,,,,,,,,,,"237","24","798","172","7","0",,"2","11FF1F","1AAAA11AA1AAAA","4",,,,,,,,,,
"5801950","2017-09-28T16:00:00","21.50","-123.93",,,"1","4","2","5",,,,"11",,,,,,,,,"10135",,,"8","230",,,,"9","238",,,,,,,,,,,,,"237","13","798","172","7","0",,"2","11FF1F","1AAAA11AA1AAAA","4",,,,,,,,,,
"5801951","2017-09-28T16:00:00","22.02","-124.12",,,"1","4","2","5",,,,"11",,,,,,,,,"10137",,,"8","231",,,,"9","240",,,,,,,,,,,,,"237","24","798","172","7","0",,"2","11FF1F","1AAAA11AA1AAAA","4",,,,,,,,,,
"5801950","2017-09-28T16:10:00","21.49","-123.93",,,"1","4","2","5",,,,"11",,,,,,,,,"10136",,,"8","231",,,,"9","238",,,,,,,,,,,,,"237","13","798","172","7","0",,"2","11FF1F","1AAAA11AA1AAAA","4",,,,,,,,,,
"5801951","2017-09-28T16:10:00","22.02","-124.12",,,"1","4","2","5",,,,"11",,,,,,,,,"10137",,,"8","232",,,,"9","240",,,,,,,,,,,,,"237","24","798","172","7","0",,"2","11FF1F","1AAAA11AA1AAAA","4",,,,,,,,,,
"5801950","2017-09-28T16:20:00","21.49","-123.93",,,"1","4","2","5",,,,"11",,,,,,,,,"10138",,,"8","231",,,,"9","238",,,,,,,,,,,,,"237","13","798","172","7","0",,"2","11FF1F","1AAAA11AA1AAAA","4",,,,,,,,,,
"5801951","2017-09-28T16:20:00","22.01","-124.12",,,"1","4","2","5",,,,"11",,,,,,,,,"10138",,,"8","233",,,,"9","240",,,,,,,,,,,,,"237","24","798","172","7","0",,"2","11FF1F","1AAAA11AA1AAAA","4",,,,,,,,,,
"5801950","2017-09-28T16:30:00","21.49","-123.93",,,"1","4","2","5",,,,"11",,,,,,,,,"10139",,,"8","230",,,,"9","238",,,,,,,,,,,,,"237","13","798","172","7","0",,"2","11FF1F","1AAAA11AA1AAAA","4",,,,,,,,,,
"5801951","2017-09-28T16:30:00","22.01","-124.12",,,"1","4","2","5",,,,"11",,,,,,,,,"10139",,,"8","234",,,,"9","240",,,,,,,,,,,,,"237","24","798","172","7","0",,"2","11FF1F","1AAAA11AA1AAAA","4",,,,,,,,,,
"5801950","2017-09-28T16:40:00","21.48","-123.93",,,"1","4","2","5",,,,"11",,,,,,,,,"10139",,,"8","230",,,,"9","238",,,,,,,,,,,,,"237","13","798","172","7","0",,"2","11FF1F","1AAAA11AA1AAAA","4",,,,,,,,,,
"5801951","2017-09-28T16:40:00","22.01","-124.12",,,"1","4","2","5",,,,"11",,,,,,,,,"10139",,,"8","233",,,,"9","240",,,,,,,,,,,,,"237","24","798","172","7","0",,"2","11FF1F","1AAAA11AA1AAAA","4",,,,,,,,,,
"5801950","2017-09-28T16:50:00","21.48","-123.93",,,"1","4","2","5",,,,"11",,,,,,,,,"10138",,,"8","232",,,,"9","238",,,,,,,,,,,,,"237","13","798","172","7","0",,"2","11FF1F","1AAAA11AA1AAAA","4",,,,,,,,,,
"5801951","2017-09-28T16:50:00","22.00","-124.13",,,"1","4","2","5",,,,"11",,,,,,,,,"10140",,,"8","234",,,,"9","240",,,,,,,,,,,,,"237","24","798","172","7","0",,"2","11FF1F","1AAAA11AA1AAAA","4",,,,,,,,,,
"5801950","2017-09-28T17:00:00","21.47","-123.92",,,"1","4","2","5",,,,"11",,,,,,,,,"10139",,,"8","231",,,,"9","238",,,,,,,,,,,,,"237","13","798","172","7","0",,"2","11FF1F","1AAAA11AA1AAAA","4",,,,,,,,,,
"5801951","2017-09-28T17:00:00","22.00","-124.13",,,"1","4","2","5",,,,"11",,,,,,,,,"10140",,,"8","235",,,,"9","240",,,,,,,,,,,,,"237","24","798","172","7","0",,"2","11FF1F","1AAAA11AA1AAAA","4",,,,,,,,,,
"5801950","2017-09-28T17:10:00","21.47","-123.92",,,"1","4","2","5",,,,"11",,,,,,,,,"10139",,,"8","233",,,,"9","238",,,,,,,,,,,,,"237","13","798","172","7","0",,"2","11FF1F","1AAAA11AA1AAAA","4",,,,,,,,,,
"5801951","2017-09-28T17:10:00","22.00","-124.13",,,"1","4","2","5",,,,"11",,,,,,,,,"10140",,,"8","236",,,,"9","240",,,,,,,,,,,,,"237","24","798","172","7","0",,"2","11FF1F","1AAAA11AA1AAAA","4",,,,,,,,,,
"5801950","2017-09-28T17:20:00","21.46","-123.92",,,"1","4","2","5",,,,"11",,,,,,,,,"10139",,,"8","233",,,,"9","238",,,,,,,,,,,,,"237","13","798","172","7","0",,"2","11FF1F","1AAAA11AA1AAAA","4",,,,,,,,,,
"5801951","2017-09-28T17:20:00","22.00","-124.13",,,"1","4","2","5",,,,"11",,,,,,,,,"10141",,,"8","236",,,,"9","241",,,,,,,,,,,,,"237","24","798","172","7","0",,"2","11FF1F","1AAAA11AA1AAAA","4",,,,,,,,,,
"5801950","2017-09-28T17:30:00","21.46","-123.92",,,"1","4","2","5",,,,"11",,,,,,,,,"10139",,,"8","232",,,,"9","238",,,,,,,,,,,,,"237","13","798","172","7","0",,"2","11FF1F","1AAAA11AA1AAAA","4",,,,,,,,,,
"5801951","2017-09-28T17:30:00","21.99","-124.14",,,"1","4","2","5",,,,"11",,,,,,,,,"10140",,,"8","235",,,,"9","241",,,,,,,,,,,,,"237","14","798","172","7","0",,"2","11FF1F","1AAAA11AA1AAAA","4",,,,,,,,,,
"5801950","2017-09-28T17:40:00","21.46","-123.92",,,"1","4","2","5",,,,"11",,,,,,,,,"10139",,,"8","232",,,,"9","238",,,,,,,,,,,,,"237","13","798","172","7","0",,"2","11FF1F","1AAAA11AA1AAAA","4",,,,,,,,,,
"5801951","2017-09-28T17:40:00","21.99","-124.14",,,"1","4","2","5",,,,"11",,,,,,,,,"10141",,,"8","237",,,,"9","241",,,,,,,,,,,,,"237","14","798","172","7","0",,"2","11FF1F","1AAAA11AA1AAAA","4",,,,,,,,,,
"5801950","2017-09-28T17:50:00","21.45","-123.92",,,"1","4","2","5",,,,"11",,,,,,,,,"10138",,,"8","232",,,,"9","238",,,,,,,,,,,,,"237","13","798","172","7","0",,"2","11FF1F","1AAAA11AA1AAAA","4",,,,,,,,,,
"5801951","2017-09-28T17:50:00","21.99","-124.14",,,"1","4","2","5",,,,"11",,,,,,,,,"10140",,,"8","237",,,,"9","242",,,,,,,,,,,,,"237","14","798","172","7","0",,"2","11FF1F","1AAAA11AA1AAAA","4",,,,,,,,,,
"5801950","2017-09-28T18:00:00","21.45","-123.92",,,"1","4","2","5",,,,"11",,,,,,,,,"10138",,,"8","232",,,,"9","238",,,,,,,,,,,,,"237","13","798","172","7","0",,"2","11FF1F","1AAAA11AA1AAAA","4",,,,,,,,,,
"5801951","2017-09-28T18:00:00","21.99","-124.15",,,"1","4","2","5",,,,"11",,,,,,,,,"10140",,,"8","236",,,,"9","243",,,,,,,,,,,,,"237","14","798","172","7","0",,"2","11FF1F","1AAAA11AA1AAAA","4",,,,,,,,,,
"5801950","2017-09-28T18:10:00","21.44","-123.91",,,"1","4","2","5",,,,"11",,,,,,,,,"10139",,,"8","232",,,,"9","239",,,,,,,,,,,,,"237","13","798","172","7","0",,"2","11FF1F","1AAAA11AA1AAAA","4",,,,,,,,,,
"5801951","2017-09-28T18:10:00","21.99","-124.15",,,"1","4","2","5",,,,"11",,,,,,,,,"10140",,,"8","235",,,,"9","244",,,,,,,,,,,,,"237","14","798","172","7","0",,"2","11FF1F","1AAAA11AA1AAAA","4",,,,,,,,,,
"5801950","2017-09-28T18:20:00","21.44","-123.91",,,"1","4","2","5",,,,"11",,,,,,,,,"10139",,,"8","231",,,,"9","239",,,,,,,,,,,,,"237","13","798","172","7","0",,"2","11FF1F","1AAAA11AA1AAAA","4",,,,,,,,,,
"5801951","2017-09-28T18:20:00","21.99","-124.15",,,"1","4","2","5",,,,"11",,,,,,,,,"10139",,,"8","235",,,,"9","244",,,,,,,,,,,,,"237","14","798","172","7","0",,"2","11FF1F","1AAAA11AA1AAAA","4",,,,,,,,,,
"5801950","2017-09-28T18:30:00","21.43","-123.91",,,"1","4","2","5",,,,"11",,,,,,,,,"10138",,,"8","232",,,,"9","239",,,,,,,,,,,,,"237","13","798","172","7","0",,"2","11FF1F","1AAAA11AA1AAAA","4",,,,,,,,,,
"5801951","2017-09-28T18:30:00","21.98","-124.15",,,"1","4","2","5",,,,"11",,,,,,,,,"10139",,,"8","234",,,,"9","244",,,,,,,,,,,,,"237","14","798","172","7","0",,"2","11FF1F","1AAAA11AA1AAAA","4",,,,,,,,,,
"5801950","2017-09-28T18:40:00","21.43","-123.91",,,"1","4","2","5",,,,"11",,,,,,,,,"10138",,,"8","232",,,,"9","239",,,,,,,,,,,,,"237","13","798","172","7","0",,"2","11FF1F","1AAAA11AA1AAAA","4",,,,,,,,,,
"5801951","2017-09-28T18:40:00","21.98","-124.15",,,"1","4","2","5",,,,"11",,,,,,,,,"10138",,,"8","234",,,,"9","244",,,,,,,,,,,,,"237","14","798","172","7","0",,"2","11FF1F","1AAAA11AA1AAAA","4",,,,,,,,,,
"5801950","2017-09-28T18:50:00","21.42","-123.91",,,"1","4","2","5",,,,"11",,,,,,,,,"10137",,,"8","233",,,,"9","239",,,,,,,,,,,,,"237","13","798","172","7","0",,"2","11FF1F","1AAAA11AA1AAAA","4",,,,,,,,,,
"5801951","2017-09-28T18:50:00","21.98","-124.15",,,"1","4","2","5",,,,"11",,,,,,,,,"10138",,,"8","235",,,,"9","244",,,,,,,,,,,,,"237","14","798","172","7","0",,"2","11FF1F","1AAAA11AA1AAAA","4",,,,,,,,,,
"5801950","2017-09-28T19:00:00","21.42","-123.91",,,"1","4","2","5",,,,"11",,,,,,,,,"10137",,,"8","232",,,,"9","239",,,,,,,,,,,,,"237","13","798","172","7","0",,"2","11FF1F","1AAAA11AA1AAAA","4",,,,,,,,,,
"5801951","2017-09-28T19:00:00","21.97","-124.15",,,"1","4","2","5",,,,"11",,,,,,,,,"10138",,,"8","234",,,,"9","244",,,,,,,,,,,,,"237","14","798","172","7","0",,"2","11FF1F","1AAAA11AA1AAAA","4",,,,,,,,,,
"5801950","2017-09-28T19:10:00","21.41","-123.91",,,"1","4","2","5",,,,"11",,,,,,,,,"10136",,,"8","233",,,,"9","239",,,,,,,,,,,,,"237","13","798","172","7","0",,"2","11FF1F","1AAAA11AA1AAAA","4",,,,,,,,,,
"5801951","2017-09-28T19:10:00","21.97","-124.15",,,"1","4","2","5",,,,"11",,,,,,,,,"10137",,,"8","232",,,,"9","244",,,,,,,,,,,,,"237","14","798","172","7","0",,"2","11FF1F","1AAAA11AA1AAAA","4",,,,,,,,,,
"5801950","2017-09-28T19:20:00","21.40","-123.91",,,"1","4","2","5",,,,"11",,,,,,,,,"10135",,,"8","232",,,,"9","240",,,,,,,,,,,,,"237","13","798","172","7","0",,"2","11FF1F","1AAAA11AA1AAAA","4",,,,,,,,,,
"5801951","2017-09-28T19:20:00","21.96","-124.15",,,"1","4","2","5",,,,"11",,,,,,,,,"10136",,,"8","233",,,,"9","244",,,,,,,,,,,,,"237","14","798","172","7","0",,"2","11FF1F","1AAAA11AA1AAAA","4",,,,,,,,,,
"5801950","2017-09-28T19:30:00","21.40","-123.91",,,"1","4","2","5",,,,"11",,,,,,,,,"10134",,,"8","233",,,,"9","240",,,,,,,,,,,,,"237","13","798","172","7","0",,"2","11FF1F","1AAAA11AA1AAAA","4",,,,,,,,,,
"5801951","2017-09-28T19:30:00","21.96","-124.15",,,"1","4","2","5",,,,"11",,,,,,,,,"10135",,,"8","232",,,,"9","243",,,,,,,,,,,,,"237","14","798","172","7","0",,"2","11FF1F","1AAAA11AA1AAAA","4",,,,,,,,,,
"5801950","2017-09-28T19:40:00","21.39","-123.91",,,"1","4","2","5",,,,"11",,,,,,,,,"10134",,,"8","233",,,,"9","240",,,,,,,,,,,,,"237","13","798","172","7","0",,"2","11FF1F","1AAAA11AA1AAAA","4",,,,,,,,,,
"5801951","2017-09-28T19:40:00","21.96","-124.15",,,"1","4","2","5",,,,"11",,,,,,,,,"10135",,,"8","232",,,,"9","242",,,,,,,,,,,,,"237","14","798","172","7","0",,"2","11FF1F","1AAAA11AA1AAAA","4",,,,,,,,,,
"5801950","2017-09-28T19:50:00","21.39","-123.91",,,"1","4","2","5",,,,"11",,,,,,,,,"10134",,,"8","232",,,,"9","240",,,,,,,,,,,,,"237","13","798","172","7","0",,"2","11FF1F","1AAAA11AA1AAAA","4",,,,,,,,,,
"5801951","2017-09-28T19:50:00","21.95","-124.15",,,"1","4","2","5",,,,"11",,,,,,,,,"10135",,,"8","233",,,,"9","242",,,,,,,,,,,,,"237","14","798","172","7","0",,"2","11FF1F","1AAAA11AA1AAAA","4",,,,,,,,,,
"5801950","2017-09-28T20:00:00","21.38","-123.91",,,"1","4","2","5",,,,"11",,,,,,,,,"10133",,,"8","232",,,,"9","240",,,,,,,,,,,,,"237","13","798","172","7","0",,"2","11FF1F","1AAAA11AA1AAAA","4",,,,,,,,,,
"5801951","2017-09-28T20:00:00","21.95","-124.15",,,"1","4","2","5",,,,"11",,,,,,,,,"10135",,,"8","233",,,,"9","242",,,,,,,,,,,,,"237","14","798","172","7","0",,"2","11FF1F","1AAAA11AA1AAAA","4",,,,,,,,,,
"5801950","2017-09-28T20:10:00","21.38","-123.91",,,"1","4","2","5",,,,"11",,,,,,,,,"10132",,,"8","232",,,,"9","240",,,,,,,,,,,,,"237","13","798","172","7","0",,"2","11FF1F","1AAAA11AA1AAAA","4",,,,,,,,,,
"5801951","2017-09-28T20:10:00","21.94","-124.15",,,"1","4","2","5",,,,"11",,,,,,,,,"10134",,,"8","232",,,,"9","242",,,,,,,,,,,,,"237","14","798","172","7","0",,"2","11FF1F","1AAAA11AA1AAAA","4",,,,,,,,,,
"5801950","2017-09-28T20:20:00","21.37","-123.91",,,"1","4","2","5",,,,"11",,,,,,,,,"10131",,,"8","233",,,,"9","239",,,,,,,,,,,,,"237","13","798","172","7","0",,"2","11FF1F","1AAAA11AA1AAAA","4",,,,,,,,,,
"5801951","2017-09-28T20:20:00","21.94","-124.15",,,"1","4","2","5",,,,"11",,,,,,,,,"10133",,,"8","232",,,,"9","242",,,,,,,,,,,,,"237","14","798","172","7","0",,"2","11FF1F","1AAAA11AA1AAAA","4",,,,,,,,,,
"5801950","2017-09-28T20:30:00","21.37","-123.91",,,"1","4","2","5",,,,"11",,,,,,,,,"10130",,,"8","233",,,,"9","239",,,,,,,,,,,,,"237","13","798","172","7","0",,"2","11FF1F","1AAAA11AA1AAAA","4",,,,,,,,,,
"5801951","2017-09-28T20:30:00","21.94","-124.15",,,"1","4","2","5",,,,"11",,,,,,,,,"10132",,,"8","232",,,,"9","243",,,,,,,,,,,,,"237","14","798","172","7","0",,"2","11FF1F","1AAAA11AA1AAAA","4",,,,,,,,,,
"5801950","2017-09-28T20:40:00","21.36","-123.91",,,"1","4","2","5",,,,"11",,,,,,,,,"10129",,,"8","234",,,,"9","240",,,,,,,,,,,,,"237","13","798","172","7","0",,"2","11FF1F","1AAAA11AA1AAAA","4",,,,,,,,,,
"5801951","2017-09-28T20:40:00","21.93","-124.15",,,"1","4","2","5",,,,"11",,,,,,,,,"10130",,,"8","232",,,,"9","243",,,,,,,,,,,,,"237","14","798","172","7","0",,"2","11FF1F","1AAAA11AA1AAAA","4",,,,,,,,,,
"5801950","2017-09-28T20:50:00","21.36","-123.91",,,"1","4","2","5",,,,"11",,,,,,,,,"10127",,,"8","234",,,,"9","240",,,,,,,,,,,,,"237","13","798","172","7","0",,"2","11FF1F","1AAAA11AA1AAAA","4",,,,,,,,,,
"5801951","2017-09-28T20:50:00","21.93","-124.15",,,"1","4","2","5",,,,"11",,,,,,,,,"10129",,,"8","232",,,,"9","243",,,,,,,,,,,,,"237","14","798","172","7","0",,"2","11FF1F","1AAAA11AA1AAAA","4",,,,,,,,,,
"5801950","2017-09-28T21:00:00","21.35","-123.91",,,"1","4","2","5",,,,"11",,,,,,,,,"10127",,,"8","233",,,,"9","240",,,,,,,,,,,,,"237","13","798","172","7","0",,"2","11FF1F","1AAAA11AA1AAAA","4",,,,,,,,,,
"5801951","2017-09-28T21:00:00","21.92","-124.15",,,"1","4","2","5",,,,"11",,,,,,,,,"10129",,,"8","232",,,,"9","244",,,,,,,,,,,,,"237","14","798","172","7","0",,"2","11FF1F","1AAAA11AA1AAAA","4",,,,,,,,,,
"5801950","2017-09-28T21:10:00","21.35","-123.91",,,"1","4","2","5",,,,"11",,,,,,,,,"10126",,,"8","234",,,,"9","240",,,,,,,,,,,,,"237","13","798","172","7","0",,"2","11FF1F","1AAAA11AA1AAAA","4",,,,,,,,,,
"5801951","2017-09-28T21:10:00","21.92","-124.15",,,"1","4","2","5",,,,"11",,,,,,,,,"10128",,,"8","232",,,,"9","244",,,,,,,,,,,,,"237","14","798","172","7","0",,"2","11FF1F","1AAAA11AA1AAAA","4",,,,,,,,,,
"5801950","2017-09-28T21:20:00","21.34","-123.91",,,"1","4","2","5",,,,"11",,,,,,,,,"10125",,,"8","234",,,,"9","241",,,,,,,,,,,,,"237","13","798","172","7","0",,"2","11FF1F","1AAAA11AA1AAAA","4",,,,,,,,,,
"5801951","2017-09-28T21:20:00","21.91","-124.15",,,"1","4","2","5",,,,"11",,,,,,,,,"10127",,,"8","233",,,,"9","244",,,,,,,,,,,,,"237","14","798","172","7","0",,"2","11FF1F","1AAAA11AA1AAAA","4",,,,,,,,,,
"5801950","2017-09-28T21:30:00","21.33","-123.91",,,"1","4","2","5",,,,"11",,,,,,,,,"10125",,,"8","234",,,,"9","241",,,,,,,,,,,,,"237","13","798","172","7","0",,"2","11FF1F","1AAAA11AA1AAAA","4",,,,,,,,,,
"5801951","2017-09-28T21:30:00","21.91","-124.15",,,"1","4","2","5",,,,"11",,,,,,,,,"10126",,,"8","233",,,,"9","244",,,,,,,,,,,,,"237","14","798","172","7","0",,"2","11FF1F","1AAAA11AA1AAAA","4",,,,,,,,,,
"5801950","2017-09-28T21:40:00","21.33","-123.91",,,"1","4","2","5",,,,"11",,,,,,,,,"10124",,,"8","234",,,,"9","241",,,,,,,,,,,,,"237","13","798","172","7","0",,"2","11FF1F","1AAAA11AA1AAAA","4",,,,,,,,,,
"5801951","2017-09-28T21:40:00","21.91","-124.15",,,"1","4","2","5",,,,"11",,,,,,,,,"10125",,,"8","233",,,,"9","244",,,,,,,,,,,,,"237","14","798","172","7","0",,"2","11FF1F","1AAAA11AA1AAAA","4",,,,,,,,,,
"5801950","2017-09-28T21:50:00","21.32","-123.91",,,"1","4","2","5",,,,"11",,,,,,,,,"10123",,,"8","235",,,,"9","241",,,,,,,,,,,,,"237","13","798","172","7","0",,"2","11FF1F","1AAAA11AA1AAAA","4",,,,,,,,,,
"5801951","2017-09-28T21:50:00","21.90","-124.15",,,"1","4","2","5",,,,"11",,,,,,,,,"10124",,,"8","233",,,,"9","244",,,,,,,,,,,,,"237","14","798","172","7","0",,"2","11FF1F","1AAAA11AA1AAAA","4",,,,,,,,,,
"5801950","2017-09-28T22:00:00","21.32","-123.91",,,"1","4","2","5",,,,"11",,,,,,,,,"10122",,,"8","234",,,,"9","241",,,,,,,,,,,,,"237","13","798","172","7","0",,"2","11FF1F","1AAAA11AA1AAAA","4",,,,,,,,,,
"5801951","2017-09-28T22:00:00","21.90","-124.15",,,"1","4","2","5",,,,"11",,,,,,,,,"10124",,,"8","233",,,,"9","244",,,,,,,,,,,,,"237","14","798","172","7","0",,"2","11FF1F","1AAAA11AA1AAAA","4",,,,,,,,,,
"5801950","2017-09-28T22:10:00","21.31","-123.91",,,"1","4","2","5",,,,"11",,,,,,,,,"10122",,,"8","234",,,,"9","241",,,,,,,,,,,,,"237","13","798","172","7","0",,"2","11FF1F","1AAAA11AA1AAAA","4",,,,,,,,,,
"5801951","2017-09-28T22:10:00","21.90","-124.15",,,"1","4","2","5",,,,"11",,,,,,,,,"10124",,,"8","232",,,,"9","244",,,,,,,,,,,,,"237","14","798","172","7","0",,"2","11FF1F","1AAAA11AA1AAAA","4",,,,,,,,,,
"5801950","2017-09-28T22:20:00","21.31","-123.91",,,"1","4","2","5",,,,"11",,,,,,,,,"10122",,,"8","235",,,,"9","241",,,,,,,,,,,,,"237","13","798","172","7","0",,"2","11FF1F","1AAAA11AA1AAAA","4",,,,,,,,,,
"5801951","2017-09-28T22:20:00","21.89","-124.15",,,"1","4","2","5",,,,"11",,,,,,,,,"10123",,,"8","233",,,,"9","245",,,,,,,,,,,,,"237","14","798","172","7","0",,"2","11FF1F","1AAAA11AA1AAAA","4",,,,,,,,,,
"5801950","2017-09-28T22:30:00","21.30","-123.91",,,"1","4","2","5",,,,"11",,,,,,,,,"10121",,,"8","234",,,,"9","242",,,,,,,,,,,,,"237","13","798","172","7","0",,"2","11FF1F","1AAAA11AA1AAAA","4",,,,,,,,,,
"5801951","2017-09-28T22:30:00","21.89","-124.15",,,"1","4","2","5",,,,"11",,,,,,,,,"10123",,,"8","233",,,,"9","245",,,,,,,,,,,,,"237","14","798","172","7","0",,"2","11FF1F","1AAAA11AA1AAAA","4",,,,,,,,,,
"5801950","2017-09-28T22:40:00","21.30","-123.91",,,"1","4","2","5",,,,"11",,,,,,,,,"10121",,,"8","234",,,,"9","242",,,,,,,,,,,,,"237","13","798","172","7","0",,"2","11FF1F","1AAAA11AA1AAAA","4",,,,,,,,,,
"5801951","2017-09-28T22:40:00","21.88","-124.15",,,"1","4","2","5",,,,"11",,,,,,,,,"10123",,,"8","233",,,,"9","245",,,,,,,,,,,,,"237","14","798","172","7","0",,"2","11FF1F","1AAAA11AA1AAAA","4",,,,,,,,,,
"5801950","2017-09-28T22:50:00","21.29","-123.91",,,"1","4","2","5",,,,"11",,,,,,,,,"10121",,,"8","234",,,,"9","242",,,,,,,,,,,,,"237","13","798","172","7","0",,"2","11FF1F","1AAAA11AA1AAAA","4",,,,,,,,,,
"5801951","2017-09-28T22:50:00","21.88","-124.15",,,"1","4","2","5",,,,"11",,,,,,,,,"10123",,,"8","233",,,,"9","245",,,,,,,,,,,,,"237","14","798","172","7","0",,"2","11FF1F","1AAAA11AA1AAAA","4",,,,,,,,,,
"5801950","2017-09-28T23:00:00","21.29","-123.91",,,"1","4","2","5",,,,"11",,,,,,,,,"10120",,,"8","234",,,,"9","241",,,,,,,,,,,,,"237","13","798","172","7","0",,"2","11FF1F","1AAAA11AA1AAAA","4",,,,,,,,,,
"5801951","2017-09-28T23:00:00","21.87","-124.15",,,"1","4","2","5",,,,"11",,,,,,,,,"10123",,,"8","233",,,,"9","245",,,,,,,,,,,,,"237","14","798","172","7","0",,"2","11FF1F","1AAAA11AA1AAAA","4",,,,,,,,,,
"5801950","2017-09-28T23:10:00","21.28","-123.91",,,"1","4","2","5",,,,"11",,,,,,,,,"10120",,,"8","234",,,,"9","242",,,,,,,,,,,,,"237","13","798","172","7","0",,"2","11FF1F","1AAAA11AA1AAAA","4",,,,,,,,,,
"5801951","2017-09-28T23:10:00","21.87","-124.15",,,"1","4","2","5",,,,"11",,,,,,,,,"10123",,,"8","233",,,,"9","244",,,,,,,,,,,,,"237","14","798","172","7","0",,"2","11FF1F","1AAAA11AA1AAAA","4",,,,,,,,,,
"5801950","2017-09-28T23:20:00","21.27","-123.91",,,"1","4","2","5",,,,"11",,,,,,,,,"10120",,,"8","235",,,,"9","241",,,,,,,,,,,,,"237","13","798","172","7","0",,"2","11FF1F","1AAAA11AA1AAAA","4",,,,,,,,,,
"5801951","2017-09-28T23:20:00","21.87","-124.15",,,"1","4","2","5",,,,"11",,,,,,,,,"10122",,,"8","232",,,,"9","244",,,,,,,,,,,,,"237","14","798","172","7","0",,"2","11FF1F","1AAAA11AA1AAAA","4",,,,,,,,,,
"5801950","2017-09-28T23:30:00","21.27","-123.91",,,"1","4","2","5",,,,"11",,,,,,,,,"10121",,,"8","236",,,,"9","242",,,,,,,,,,,,,"237","13","798","172","7","0",,"2","11FF1F","1AAAA11AA1AAAA","4",,,,,,,,,,
"5801951","2017-09-28T23:30:00","21.86","-124.14",,,"1","4","2","5",,,,"11",,,,,,,,,"10123",,,"8","233",,,,"9","244",,,,,,,,,,,,,"237","14","798","172","7","0",,"2","11FF1F","1AAAA11AA1AAAA","4",,,,,,,,,,
"5801950","2017-09-28T23:40:00","21.26","-123.91",,,"1","4","2","5",,,,"11",,,,,,,,,"10120",,,"8","236",,,,"9","242",,,,,,,,,,,,,"237","13","798","172","7","0",,"2","11FF1F","1AAAA11AA1AAAA","4",,,,,,,,,,
"5801951","2017-09-28T23:40:00","21.86","-124.14",,,"1","4","2","5",,,,"11",,,,,,,,,"10123",,,"8","233",,,,"9","244",,,,,,,,,,,,,"237","14","798","172","7","0",,"2","11FF1F","1AAAA11AA1AAAA","4",,,,,,,,,,
"5801950","2017-09-28T23:50:00","21.26","-123.91",,,"1","4","2","5",,,,"11",,,,,,,,,"10120",,,"8","235",,,,"9","242",,,,,,,,,,,,,"237","13","798","172","7","0",,"2","11FF1F","1AAAA11AA1AAAA","4",,,,,,,,,,
"5801951","2017-09-28T23:50:00","21.85","-124.14",,,"1","4","2","5",,,,"11",,,,,,,,,"10123",,,"8","234",,,,"9","244",,,,,,,,,,,,,"237","14","798","172","7","0",,"2","11FF1F","1AAAA11AA1AAAA","4",,,,,,,,,,
"5801950","2017-09-29T00:00:00","21.25","-123.91",,,"1","3","2","5",,,,"11",,,,,,,,,,,,,,,,,,,,,,,,,,,,,,,"237","13","798","172","7","0",,"2","FFFFFF","1AAAAAAAAAAAAA","4",,,,,,,,,,
"5801951","2017-09-29T00:00:00","21.85","-124.14",,,"1","3","2","5",,,,"11",,,,,,,,,,,,,,,,,,,,,,,,,,,,,,,"237","14","798","172","7","0",,"2","FFFFFF","1AAAAAAAAAAAAA","4",,,,,,,,,,
"5801950","2017-09-29T00:10:00","21.24","-123.91",,,"1","4","2","5",,,,"11",,,,,,,,,"10120",,,"8","236",,,,"9","242",,,,,,,,,,,,,"237","13","798","172","7","0",,"2","11FF1F","1AAAA11AA1AAAA","4",,,,,,,,,,
"5801951","2017-09-29T00:10:00","21.84","-124.14",,,"1","4","2","5",,,,"11",,,,,,,,,"10123",,,"8","233",,,,"9","245",,,,,,,,,,,,,"237","14","798","172","7","0",,"2","11FF1F","1AAAA11AA1AAAA","4",,,,,,,,,,
"5801950","2017-09-29T00:20:00","21.24","-123.91",,,"1","4","2","5",,,,"11",,,,,,,,,"10120",,,"8","236",,,,"9","242",,,,,,,,,,,,,"237","13","798","172","7","0",,"2","11FF1F","1AAAA11AA1AAAA","4",,,,,,,,,,
"5801951","2017-09-29T00:20:00","21.84","-124.14",,,"1","4","2","5",,,,"11",,,,,,,,,"10124",,,"8","234",,,,"9","244",,,,,,,,,,,,,"237","14","798","172","7","0",,"2","11FF1F","1AAAA11AA1AAAA","4",,,,,,,,,,
"5801950","2017-09-29T00:30:00","21.23","-123.91",,,"1","4","2","5",,,,"11",,,,,,,,,"10121",,,"8","236",,,,"9","242",,,,,,,,,,,,,"237","13","798","172","7","0",,"2","11FF1F","1AAAA11AA1AAAA","4",,,,,,,,,,
"5801951","2017-09-29T00:30:00","21.83","-124.14",,,"1","4","2","5",,,,"11",,,,,,,,,"10124",,,"8","233",,,,"9","244",,,,,,,,,,,,,"237","14","798","172","7","0",,"2","11FF1F","1AAAA11AA1AAAA","4",,,,,,,,,,
"5801950","2017-09-29T00:40:00","21.22","-123.91",,,"1","4","2","5",,,,"11",,,,,,,,,"10121",,,"8","236",,,,"9","241",,,,,,,,,,,,,"237","13","798","172","7","0",,"2","11FF1F","1AAAA11AA1AAAA","4",,,,,,,,,,
"5801951","2017-09-29T00:40:00","21.83","-124.14",,,"1","4","2","5",,,,"11",,,,,,,,,"10124",,,"8","233",,,,"9","244",,,,,,,,,,,,,"237","14","798","172","7","0",,"2","11FF1F","1AAAA11AA1AAAA","4",,,,,,,,,,
"5801950","2017-09-29T00:50:00","21.22","-123.91",,,"1","4","2","5",,,,"11",,,,,,,,,"10122",,,"8","236",,,,"9","241",,,,,,,,,,,,,"237","13","798","172","7","0",,"2","11FF1F","1AAAA11AA1AAAA","4",,,,,,,,,,
"5801951","2017-09-29T00:50:00","21.83","-124.14",,,"1","4","2","5",,,,"11",,,,,,,,,"10125",,,"8","232",,,,"9","244",,,,,,,,,,,,,"237","14","798","172","7","0",,"2","11FF1F","1AAAA11AA1AAAA","4",,,,,,,,,,
"5801950","2017-09-29T01:00:00","21.21","-123.91",,,"1","4","2","5",,,,"11",,,,,,,,,"10122",,,"8","237",,,,"9","242",,,,,,,,,,,,,"237","13","798","172","7","0",,"2","11FF1F","1AAAA11AA1AAAA","4",,,,,,,,,,
"5801951","2017-09-29T01:00:00","21.82","-124.14",,,"1","4","2","5",,,,"11",,,,,,,,,"10125",,,"8","234",,,,"9","243",,,,,,,,,,,,,"237","14","798","172","7","0",,"2","11FF1F","1AAAA11AA1AAAA","4",,,,,,,,,,
"PFRO","2017-09-29T01:00:00","29.80","-123.50",,,"1","6","2","5","6","4",,"1",,"340","4","77","1","98","2","0","10150","3","3","8","180",,"160","146","1","240","3","3","1","4","0","0",,"3","1","33","6","2","237","93","798","172","5","1","2","2","311111","11111111111111",,"5",,"0",,,,,,,
"5801950","2017-09-29T01:10:00","21.20","-123.91",,,"1","4","2","5",,,,"11",,,,,,,,,"10122",,,"8","237",,,,"9","242",,,,,,,,,,,,,"237","13","798","172","7","0",,"2","11FF1F","1AAAA11AA1AAAA","4",,,,,,,,,,
"5801951","2017-09-29T01:10:00","21.82","-124.15",,,"1","4","2","5",,,,"11",,,,,,,,,"10126",,,"8","234",,,,"9","243",,,,,,,,,,,,,"237","14","798","172","7","0",,"2","11FF1F","1AAAA11AA1AAAA","4",,,,,,,,,,
"5801950","2017-09-29T01:20:00","21.20","-123.91",,,"1","4","2","5",,,,"11",,,,,,,,,"10122",,,"8","236",,,,"9","242",,,,,,,,,,,,,"237","13","798","172","7","0",,"2","11FF1F","1AAAA11AA1AAAA","4",,,,,,,,,,
"5801951","2017-09-29T01:20:00","21.82","-124.15",,,"1","4","2","5",,,,"11",,,,,,,,,"10126",,,"8","233",,,,"9","243",,,,,,,,,,,,,"237","14","798","172","7","0",,"2","11FF1F","1AAAA11AA1AAAA","4",,,,,,,,,,
"5801950","2017-09-29T01:30:00","21.19","-123.91",,,"1","4","2","5",,,,"11",,,,,,,,,"10123",,,"8","236",,,,"9","241",,,,,,,,,,,,,"237","13","798","172","7","0",,"2","11FF1F","1AAAA11AA1AAAA","4",,,,,,,,,,
"5801951","2017-09-29T01:30:00","21.82","-124.15",,,"1","4","2","5",,,,"11",,,,,,,,,"10127",,,"8","233",,,,"9","243",,,,,,,,,,,,,"237","14","798","172","7","0",,"2","11FF1F","1AAAA11AA1AAAA","4",,,,,,,,,,
"5801950","2017-09-29T01:40:00","21.18","-123.91",,,"1","4","2","5",,,,"11",,,,,,,,,"10123",,,"8","236",,,,"9","241",,,,,,,,,,,,,"237","13","798","172","7","0",,"2","11FF1F","1AAAA11AA1AAAA","4",,,,,,,,,,
"5801951","2017-09-29T01:40:00","21.81","-124.15",,,"1","4","2","5",,,,"11",,,,,,,,,"10127",,,"8","232",,,,"9","243",,,,,,,,,,,,,"237","14","798","172","7","0",,"2","11FF1F","1AAAA11AA1AAAA","4",,,,,,,,,,
"5801950","2017-09-29T01:50:00","21.18","-123.91",,,"1","4","2","5",,,,"11",,,,,,,,,"10123",,,"8","236",,,,"9","241",,,,,,,,,,,,,"237","13","798","172","7","0",,"2","11FF1F","1AAAA11AA1AAAA","4",,,,,,,,,,
"5801951","2017-09-29T01:50:00","21.81","-124.15",,,"1","4","2","5",,,,"11",,,,,,,,,"10127",,,"8","232",,,,"9","243",,,,,,,,,,,,,"237","14","798","172","7","0",,"2","11FF1F","1AAAA11AA1AAAA","4",,,,,,,,,,
"5801950","2017-09-29T02:00:00","21.17","-123.91",,,"1","4","2","5",,,,"11",,,,,,,,,"10124",,,"8","235",,,,"9","241",,,,,,,,,,,,,"237","13","798","172","7","0",,"2","11FF1F","1AAAA11AA1AAAA","4",,,,,,,,,,
"5801951","2017-09-29T02:00:00","21.80","-124.15",,,"1","4","2","5",,,,"11",,,,,,,,,"10127",,,"8","232",,,,"9","243",,,,,,,,,,,,,"237","14","798","172","7","0",,"2","11FF1F","1AAAA11AA1AAAA","4",,,,,,,,,,
"PFRO","2017-09-29T02:00:00","29.70","-123.90",,,"1","6","2","5","6","4",,"1",,"350","4","77","1","98","2","2","10150","3","6","8","180",,"160","146","1","240","5","5","1","4","0","0",,"3","1","33","2","2","237","93","798","172","5","1","2","2","311111","11111111111111",,"5",,"2",,,,,,,
"5801950","2017-09-29T02:10:00","21.16","-123.91",,,"1","4","2","5",,,,"11",,,,,,,,,"10125",,,"8","235",,,,"9","241",,,,,,,,,,,,,"237","13","798","172","7","0",,"2","11FF1F","1AAAA11AA1AAAA","4",,,,,,,,,,
"5801951","2017-09-29T02:10:00","21.80","-124.15",,,"1","4","2","5",,,,"11",,,,,,,,,"10128",,,"8","232",,,,"9","243",,,,,,,,,,,,,"237","14","798","172","7","0",,"2","11FF1F","1AAAA11AA1AAAA","4",,,,,,,,,,
"5801950","2017-09-29T02:20:00","21.16","-123.91",,,"1","4","2","5",,,,"11",,,,,,,,,"10126",,,"8","235",,,,"9","241",,,,,,,,,,,,,"237","13","798","172","7","0",,"2","11FF1F","1AAAA11AA1AAAA","4",,,,,,,,,,
"5801951","2017-09-29T02:20:00","21.80","-124.15",,,"1","4","2","5",,,,"11",,,,,,,,,"10128",,,"8","231",,,,"9","243",,,,,,,,,,,,,"237","14","798","172","7","0",,"2","11FF1F","1AAAA11AA1AAAA","4",,,,,,,,,,
"5801950","2017-09-29T02:30:00","21.15","-123.91",,,"1","4","2","5",,,,"11",,,,,,,,,"10127",,,"8","235",,,,"9","241",,,,,,,,,,,,,"237","13","798","172","7","0",,"1","11FF1F","1AAAA11AA1AAAA","4",,,,,,,,,,
"5801951","2017-09-29T02:30:00","21.79","-124.15",,,"1","4","2","5",,,,"11",,,,,,,,,"10129",,,"8","232",,,,"9","242",,,,,,,,,,,,,"237","14","798","172","7","0",,"1","11FF1F","1AAAA11AA1AAAA","4",,,,,,,,,,
"5801950","2017-09-29T02:40:00","21.15","-123.91",,,"1","4","2","5",,,,"11",,,,,,,,,"10128",,,"8","235",,,,"9","241",,,,,,,,,,,,,"237","13","798","172","7","0",,"1","11FF1F","1AAAA11AA1AAAA","4",,,,,,,,,,
"5801951","2017-09-29T02:40:00","21.79","-124.14",,,"1","4","2","5",,,,"11",,,,,,,,,"10129",,,"8","231",,,,"9","243",,,,,,,,,,,,,"237","14","798","172","7","0",,"1","11FF1F","1AAAA11AA1AAAA","4",,,,,,,,,,
"5801950","2017-09-29T02:50:00","21.14","-123.91",,,"1","4","2","5",,,,"11",,,,,,,,,"10129",,,"8","234",,,,"9","241",,,,,,,,,,,,,"237","13","798","172","7","0",,"1","11FF1F","1AAAA11AA1AAAA","4",,,,,,,,,,
"5801951","2017-09-29T02:50:00","21.78","-124.14",,,"1","4","2","5",,,,"11",,,,,,,,,"10130",,,"8","231",,,,"9","243",,,,,,,,,,,,,"237","14","798","172","7","0",,"1","11FF1F","1AAAA11AA1AAAA","4",,,,,,,,,,
"5801950","2017-09-29T03:00:00","21.13","-123.91",,,"1","4","2","5",,,,"11",,,,,,,,,"10129",,,"8","235",,,,"9","241",,,,,,,,,,,,,"237","13","798","172","7","0",,"1","11FF1F","1AAAA11AA1AAAA","4",,,,,,,,,,
"5801951","2017-09-29T03:00:00","21.78","-124.15",,,"1","4","2","5",,,,"11",,,,,,,,,"10130",,,"8","231",,,,"9","243",,,,,,,,,,,,,"237","14","798","172","7","0",,"1","11FF1F","1AAAA11AA1AAAA","4",,,,,,,,,,
"5801950","2017-09-29T03:10:00","21.13","-123.91",,,"1","4","2","5",,,,"11",,,,,,,,,"10130",,,"8","235",,,,"9","241",,,,,,,,,,,,,"237","13","798","172","7","0",,"1","11FF1F","1AAAA11AA1AAAA","4",,,,,,,,,,
"5801951","2017-09-29T03:10:00","21.78","-124.15",,,"1","4","2","5",,,,"11",,,,,,,,,"10131",,,"8","231",,,,"9","242",,,,,,,,,,,,,"237","14","798","172","7","0",,"1","11FF1F","1AAAA11AA1AAAA","4",,,,,,,,,,
"5801950","2017-09-29T03:20:00","21.12","-123.91",,,"1","4","2","5",,,,"11",,,,,,,,,"10131",,,"8","234",,,,"9","241",,,,,,,,,,,,,"237","13","798","172","7","0",,"1","11FF1F","1AAAA11AA1AAAA","4",,,,,,,,,,
"5801951","2017-09-29T03:20:00","21.77","-124.15",,,"1","4","2","5",,,,"11",,,,,,,,,"10131",,,"8","231",,,,"9","242",,,,,,,,,,,,,"237","14","798","172","7","0",,"1","11FF1F","1AAAA11AA1AAAA","4",,,,,,,,,,
"5801950","2017-09-29T03:30:00","21.12","-123.91",,,"1","4","2","5",,,,"11",,,,,,,,,"10131",,,"8","235",,,,"9","241",,,,,,,,,,,,,"237","13","798","172","7","0",,"1","11FF1F","1AAAA11AA1AAAA","4",,,,,,,,,,
"5801951","2017-09-29T03:30:00","21.77","-124.15",,,"1","4","2","5",,,,"11",,,,,,,,,"10132",,,"8","231",,,,"9","242",,,,,,,,,,,,,"237","14","798","172","7","0",,"1","11FF1F","1AAAA11AA1AAAA","4",,,,,,,,,,
"5801950","2017-09-29T03:40:00","21.11","-123.91",,,"1","4","2","5",,,,"11",,,,,,,,,"10132",,,"8","234",,,,"9","241",,,,,,,,,,,,,"237","13","798","172","7","0",,"1","11FF1F","1AAAA11AA1AAAA","4",,,,,,,,,,
"5801951","2017-09-29T03:40:00","21.76","-124.15",,,"1","4","2","5",,,,"11",,,,,,,,,"10133",,,"8","231",,,,"9","242",,,,,,,,,,,,,"237","14","798","172","7","0",,"1","11FF1F","1AAAA11AA1AAAA","4",,,,,,,,,,
"5801950","2017-09-29T03:50:00","21.11","-123.91",,,"1","4","2","5",,,,"11",,,,,,,,,"10134",,,"8","234",,,,"9","241",,,,,,,,,,,,,"237","13","798","172","7","0",,"1","11FF1F","1AAAA11AA1AAAA","4",,,,,,,,,,
"5801951","2017-09-29T03:50:00","21.76","-124.15",,,"1","4","2","5",,,,"11",,,,,,,,,"10134",,,"8","232",,,,"9","242",,,,,,,,,,,,,"237","14","798","172","7","0",,"1","11FF1F","1AAAA11AA1AAAA","4",,,,,,,,,,
"5801950","2017-09-29T04:00:00","21.10","-123.91",,,"1","4","2","5",,,,"11",,,,,,,,,"10134",,,"8","234",,,,"9","241",,,,,,,,,,,,,"237","13","798","172","7","0",,"1","11FF1F","1AAAA11AA1AAAA","4",,,,,,,,,,
"5801951","2017-09-29T04:00:00","21.75","-124.15",,,"1","4","2","5",,,,"11",,,,,,,,,"10135",,,"8","232",,,,"9","242",,,,,,,,,,,,,"237","14","798","172","7","0",,"1","11FF1F","1AAAA11AA1AAAA","4",,,,,,,,,,
"5801950","2017-09-29T04:10:00","21.09","-123.91",,,"1","4","2","5",,,,"11",,,,,,,,,"10135",,,"8","234",,,,"9","241",,,,,,,,,,,,,"237","13","798","172","7","0",,"1","11FF1F","1AAAA11AA1AAAA","4",,,,,,,,,,
"5801951","2017-09-29T04:10:00","21.75","-124.15",,,"1","4","2","5",,,,"11",,,,,,,,,"10136",,,"8","231",,,,"9","242",,,,,,,,,,,,,"237","14","798","172","7","0",,"1","11FF1F","1AAAA11AA1AAAA","4",,,,,,,,,,
"5801950","2017-09-29T04:20:00","21.09","-123.91",,,"1","4","2","5",,,,"11",,,,,,,,,"10136",,,"8","234",,,,"9","241",,,,,,,,,,,,,"237","13","798","172","7","0",,"1","11FF1F","1AAAA11AA1AAAA","4",,,,,,,,,,
"5801951","2017-09-29T04:20:00","21.74","-124.15",,,"1","4","2","5",,,,"11",,,,,,,,,"10137",,,"8","231",,,,"9","242",,,,,,,,,,,,,"237","14","798","172","7","0",,"1","11FF1F","1AAAA11AA1AAAA","4",,,,,,,,,,
"5801950","2017-09-29T04:30:00","21.08","-123.91",,,"1","4","2","5",,,,"11",,,,,,,,,"10137",,,"8","234",,,,"9","241",,,,,,,,,,,,,"237","13","798","172","7","0",,"1","11FF1F","1AAAA11AA1AAAA","4",,,,,,,,,,
"5801951","2017-09-29T04:30:00","21.74","-124.15",,,"1","4","2","5",,,,"11",,,,,,,,,"10138",,,"8","231",,,,"9","242",,,,,,,,,,,,,"237","14","798","172","7","0",,"1","11FF1F","1AAAA11AA1AAAA","4",,,,,,,,,,
"5801950","2017-09-29T04:40:00","21.08","-123.91",,,"1","4","2","5",,,,"11",,,,,,,,,"10138",,,"8","233",,,,"9","240",,,,,,,,,,,,,"237","13","798","172","7","0",,"1","11FF1F","1AAAA11AA1AAAA","4",,,,,,,,,,
"5801951","2017-09-29T04:40:00","21.73","-124.15",,,"1","4","2","5",,,,"11",,,,,,,,,"10139",,,"8","232",,,,"9","242",,,,,,,,,,,,,"237","14","798","172","7","0",,"1","11FF1F","1AAAA11AA1AAAA","4",,,,,,,,,,
"5801950","2017-09-29T04:50:00","21.07","-123.91",,,"1","4","2","5",,,,"11",,,,,,,,,"10139",,,"8","233",,,,"9","240",,,,,,,,,,,,,"237","13","798","172","7","0",,"1","11FF1F","1AAAA11AA1AAAA","4",,,,,,,,,,
"5801951","2017-09-29T04:50:00","21.73","-124.15",,,"1","4","2","5",,,,"11",,,,,,,,,"10141",,,"8","232",,,,"9","242",,,,,,,,,,,,,"237","14","798","172","7","0",,"1","11FF1F","1AAAA11AA1AAAA","4",,,,,,,,,,
"5801950","2017-09-29T05:00:00","21.06","-123.92",,,"1","4","2","5",,,,"11",,,,,,,,,"10139",,,"8","234",,,,"9","241",,,,,,,,,,,,,"237","13","798","172","7","0",,"1","11FF1F","1AAAA11AA1AAAA","4",,,,,,,,,,
"5801951","2017-09-29T05:00:00","21.72","-124.15",,,"1","4","2","5",,,,"11",,,,,,,,,"10142",,,"8","232",,,,"9","242",,,,,,,,,,,,,"237","14","798","172","7","0",,"1","11FF1F","1AAAA11AA1AAAA","4",,,,,,,,,,
"PFRO","2017-09-29T05:00:00","29.50","-124.90",,,"1","4","0","0","6","4",,"1","0","20","4","62",,"98","2","1","10160","3","10","0","180","0","155","136","1","240","6",,,"A",,,,"3","2","0",,,"237","94","992","114","5","1","2","1","111111","11111111111131",,,"1","1","0",,,,,,"4"
"5801950","2017-09-29T05:10:00","21.06","-123.92",,,"1","4","2","5",,,,"11",,,,,,,,,"10140",,,"8","233",,,,"9","240",,,,,,,,,,,,,"237","13","798","172","7","0",,"1","11FF1F","1AAAA11AA1AAAA","4",,,,,,,,,,
"5801951","2017-09-29T05:10:00","21.72","-124.15",,,"1","4","2","5",,,,"11",,,,,,,,,"10143",,,"8","232",,,,"9","242",,,,,,,,,,,,,"237","14","798","172","7","0",,"1","11FF1F","1AAAA11AA1AAAA","4",,,,,,,,,,
"5801950","2017-09-29T05:20:00","21.05","-123.92",,,"1","4","2","5",,,,"11",,,,,,,,,"10140",,,"8","233",,,,"9","239",,,,,,,,,,,,,"237","13","798","172","7","0",,"1","11FF1F","1AAAA11AA1AAAA","4",,,,,,,,,,
"5801951","2017-09-29T05:20:00","21.71","-124.15",,,"1","4","2","5",,,,"11",,,,,,,,,"10143",,,"8","232",,,,"9","242",,,,,,,,,,,,,"237","14","798","172","7","0",,"1","11FF1F","1AAAA11AA1AAAA","4",,,,,,,,,,
"5801950","2017-09-29T05:30:00","21.05","-123.92",,,"1","4","2","5",,,,"11",,,,,,,,,"10141",,,"8","233",,,,"9","239",,,,,,,,,,,,,"237","13","798","172","7","0",,"1","11FF1F","1AAAA11AA1AAAA","4",,,,,,,,,,
"5801951","2017-09-29T05:30:00","21.71","-124.15",,,"1","4","2","5",,,,"11",,,,,,,,,"10143",,,"8","232",,,,"9","242",,,,,,,,,,,,,"237","14","798","172","7","0",,"1","11FF1F","1AAAA11AA1AAAA","4",,,,,,,,,,
"5801950","2017-09-29T05:40:00","21.05","-123.92",,,"1","4","2","5",,,,"11",,,,,,,,,"10141",,,"8","233",,,,"9","239",,,,,,,,,,,,,"237","13","798","172","7","0",,"1","11FF1F","1AAAA11AA1AAAA","4",,,,,,,,,,
"5801951","2017-09-29T05:40:00","21.70","-124.15",,,"1","4","2","5",,,,"11",,,,,,,,,"10143",,,"8","233",,,,"9","242",,,,,,,,,,,,,"237","14","798","172","7","0",,"1","11FF1F","1AAAA11AA1AAAA","4",,,,,,,,,,
"5801950","2017-09-29T05:50:00","21.04","-123.92",,,"1","4","2","5",,,,"11",,,,,,,,,"10142",,,"8","233",,,,"9","239",,,,,,,,,,,,,"237","13","798","172","7","0",,"1","11FF1F","1AAAA11AA1AAAA","4",,,,,,,,,,
"5801951","2017-09-29T05:50:00","21.70","-124.15",,,"1","4","2","5",,,,"11",,,,,,,,,"10143",,,"8","232",,,,"9","242",,,,,,,,,,,,,"237","14","798","172","7","0",,"1","11FF1F","1AAAA11AA1AAAA","4",,,,,,,,,,
"5801950","2017-09-29T06:00:00","21.04","-123.92",,,"1","4","2","5",,,,"11",,,,,,,,,"10143",,,"8","233",,,,"9","239",,,,,,,,,,,,,"237","13","798","172","7","0",,"1","11FF1F","1AAAA11AA1AAAA","4",,,,,,,,,,
"5801951","2017-09-29T06:00:00","21.69","-124.15",,,"1","4","2","5",,,,"11",,,,,,,,,"10144",,,"8","232",,,,"9","242",,,,,,,,,,,,,"237","14","798","172","7","0",,"1","11FF1F","1AAAA11AA1AAAA","4",,,,,,,,,,
"PFRO","2017-09-29T06:00:00","29.40","-125.30",,,"1","4","0","0","6","4",,"1","0","10","4","62",,"98","2","1","10160","4","0","0","180","0","155","136","1","240","6",,,"A",,,,"4","2","0",,,"237","95","992","114","5","1","2","1","111111","11111111111131",,,"1","1","0",,,,,,"4"
"5801950","2017-09-29T06:10:00","21.03","-123.92",,,"1","4","2","5",,,,"11",,,,,,,,,"10143",,,"8","233",,,,"9","238",,,,,,,,,,,,,"237","13","798","172","7","0",,"1","11FF1F","1AAAA11AA1AAAA","4",,,,,,,,,,
"5801951","2017-09-29T06:10:00","21.69","-124.15",,,"1","4","2","5",,,,"11",,,,,,,,,"10145",,,"8","232",,,,"9","242",,,,,,,,,,,,,"237","14","798","172","7","0",,"1","11FF1F","1AAAA11AA1AAAA","4",,,,,,,,,,
"5801950","2017-09-29T06:20:00","21.03","-123.92",,,"1","4","2","5",,,,"11",,,,,,,,,"10143",,,"8","233",,,,"9","239",,,,,,,,,,,,,"237","13","798","172","7","0",,"1","11FF1F","1AAAA11AA1AAAA","4",,,,,,,,,,
"5801951","2017-09-29T06:20:00","21.69","-124.15",,,"1","4","2","5",,,,"11",,,,,,,,,"10145",,,"8","232",,,,"9","242",,,,,,,,,,,,,"237","14","798","172","7","0",,"1","11FF1F","1AAAA11AA1AAAA","4",,,,,,,,,,
"5801950","2017-09-29T06:30:00","21.02","-123.92",,,"1","4","2","5",,,,"11",,,,,,,,,"10143",,,"8","233",,,,"9","239",,,,,,,,,,,,,"237","13","798","172","7","0",,"1","11FF1F","1AAAA11AA1AAAA","4",,,,,,,,,,
"5801951","2017-09-29T06:30:00","21.68","-124.16",,,"1","4","2","5",,,,"11",,,,,,,,,"10145",,,"8","232",,,,"9","243",,,,,,,,,,,,,"237","14","798","172","7","0",,"1","11FF1F","1AAAA11AA1AAAA","4",,,,,,,,,,
"5801950","2017-09-29T06:40:00","21.02","-123.92",,,"1","4","2","5",,,,"11",,,,,,,,,"10143",,,"8","233",,,,"9","239",,,,,,,,,,,,,"237","13","798","172","7","0",,"1","11FF1F","1AAAA11AA1AAAA","4",,,,,,,,,,
"5801951","2017-09-29T06:40:00","21.68","-124.16",,,"1","4","2","5",,,,"11",,,,,,,,,"10144",,,"8","232",,,,"9","243",,,,,,,,,,,,,"237","14","798","172","7","0",,"1","11FF1F","1AAAA11AA1AAAA","4",,,,,,,,,,
"5801950","2017-09-29T06:50:00","21.01","-123.92",,,"1","4","2","5",,,,"11",,,,,,,,,"10142",,,"8","233",,,,"9","239",,,,,,,,,,,,,"237","13","798","172","7","0",,"1","11FF1F","1AAAA11AA1AAAA","4",,,,,,,,,,
"5801951","2017-09-29T06:50:00","21.67","-124.16",,,"1","4","2","5",,,,"11",,,,,,,,,"10144",,,"8","231",,,,"9","242",,,,,,,,,,,,,"237","14","798","172","7","0",,"1","11FF1F","1AAAA11AA1AAAA","4",,,,,,,,,,
"5801950","2017-09-29T07:00:00","21.01","-123.93",,,"1","4","2","5",,,,"11",,,,,,,,,"10142",,,"8","233",,,,"9","239",,,,,,,,,,,,,"237","13","798","172","7","0",,"1","11FF1F","1AAAA11AA1AAAA","4",,,,,,,,,,
"5801951","2017-09-29T07:00:00","21.67","-124.16",,,"1","4","2","5",,,,"11",,,,,,,,,"10144",,,"8","232",,,,"9","242",,,,,,,,,,,,,"237","14","798","172","7","0",,"1","11FF1F","1AAAA11AA1AAAA","4",,,,,,,,,,
"5801950","2017-09-29T07:10:00","21.00","-123.93",,,"1","4","2","5",,,,"11",,,,,,,,,"10141",,,"8","233",,,,"9","239",,,,,,,,,,,,,"237","13","798","172","7","0",,"1","11FF1F","1AAAA11AA1AAAA","4",,,,,,,,,,
"5801951","2017-09-29T07:10:00","21.67","-124.16",,,"1","4","2","5",,,,"11",,,,,,,,,"10143",,,"8","231",,,,"9","242",,,,,,,,,,,,,"237","14","798","172","7","0",,"1","11FF1F","1AAAA11AA1AAAA","4",,,,,,,,,,
"5801950","2017-09-29T07:20:00","21.00","-123.93",,,"1","4","2","5",,,,"11",,,,,,,,,"10142",,,"8","233",,,,"9","239",,,,,,,,,,,,,"237","13","798","172","7","0",,"1","11FF1F","1AAAA11AA1AAAA","4",,,,,,,,,,
"5801951","2017-09-29T07:20:00","21.66","-124.16",,,"1","4","2","5",,,,"11",,,,,,,,,"10143",,,"8","231",,,,"9","242",,,,,,,,,,,,,"237","14","798","172","7","0",,"1","11FF1F","1AAAA11AA1AAAA","4",,,,,,,,,,
"5801950","2017-09-29T07:30:00","21.00","-123.93",,,"1","4","2","5",,,,"11",,,,,,,,,"10141",,,"8","233",,,,"9","239",,,,,,,,,,,,,"237","13","798","172","7","0",,"1","11FF1F","1AAAA11AA1AAAA","4",,,,,,,,,,
"5801951","2017-09-29T07:30:00","21.66","-124.16",,,"1","4","2","5",,,,"11",,,,,,,,,"10142",,,"8","231",,,,"9","242",,,,,,,,,,,,,"237","14","798","172","7","0",,"1","11FF1F","1AAAA11AA1AAAA","4",,,,,,,,,,
"5801950","2017-09-29T07:40:00","20.99","-123.93",,,"1","4","2","5",,,,"11",,,,,,,,,"10141",,,"8","232",,,,"9","239",,,,,,,,,,,,,"237","3","798","172","7","0",,"1","11FF1F","1AAAA11AA1AAAA","4",,,,,,,,,,
"5801951","2017-09-29T07:40:00","21.66","-124.16",,,"1","4","2","5",,,,"11",,,,,,,,,"10143",,,"8","231",,,,"9","242",,,,,,,,,,,,,"237","14","798","172","7","0",,"1","11FF1F","1AAAA11AA1AAAA","4",,,,,,,,,,
"5801950","2017-09-29T07:50:00","20.99","-123.93",,,"1","4","2","5",,,,"11",,,,,,,,,"10141",,,"8","233",,,,"9","239",,,,,,,,,,,,,"237","3","798","172","7","0",,"1","11FF1F","1AAAA11AA1AAAA","4",,,,,,,,,,
"5801951","2017-09-29T07:50:00","21.65","-124.16",,,"1","4","2","5",,,,"11",,,,,,,,,"10143",,,"8","230",,,,"9","242",,,,,,,,,,,,,"237","14","798","172","7","0",,"1","11FF1F","1AAAA11AA1AAAA","4",,,,,,,,,,
"5801950","2017-09-29T08:00:00","20.99","-123.93",,,"1","4","2","5",,,,"11",,,,,,,,,"10141",,,"8","232",,,,"9","239",,,,,,,,,,,,,"237","3","798","172","7","0",,"1","11FF1F","1AAAA11AA1AAAA","4",,,,,,,,,,
"5801951","2017-09-29T08:00:00","21.65","-124.16",,,"1","4","2","5",,,,"11",,,,,,,,,"10142",,,"8","231",,,,"9","242",,,,,,,,,,,,,"237","14","798","172","7","0",,"1","11FF1F","1AAAA11AA1AAAA","4",,,,,,,,,,
"5801950","2017-09-29T08:10:00","20.98","-123.93",,,"1","4","2","5",,,,"11",,,,,,,,,"10140",,,"8","231",,,,"9","239",,,,,,,,,,,,,"237","3","798","172","7","0",,"1","11FF1F","1AAAA11AA1AAAA","4",,,,,,,,,,
"5801951","2017-09-29T08:10:00","21.65","-124.16",,,"1","4","2","5",,,,"11",,,,,,,,,"10142",,,"8","231",,,,"9","242",,,,,,,,,,,,,"237","14","798","172","7","0",,"1","11FF1F","1AAAA11AA1AAAA","4",,,,,,,,,,
"5801950","2017-09-29T08:20:00","20.98","-123.93",,,"1","4","2","5",,,,"11",,,,,,,,,"10139",,,"8","232",,,,"9","239",,,,,,,,,,,,,"237","3","798","172","7","0",,"1","11FF1F","1AAAA11AA1AAAA","4",,,,,,,,,,
"5801951","2017-09-29T08:20:00","21.65","-124.16",,,"1","4","2","5",,,,"11",,,,,,,,,"10141",,,"8","230",,,,"9","242",,,,,,,,,,,,,"237","14","798","172","7","0",,"1","11FF1F","1AAAA11AA1AAAA","4",,,,,,,,,,
"5801950","2017-09-29T08:30:00","20.98","-123.93",,,"1","4","2","5",,,,"11",,,,,,,,,"10138",,,"8","232",,,,"9","239",,,,,,,,,,,,,"237","3","798","172","7","0",,"1","11FF1F","1AAAA11AA1AAAA","4",,,,,,,,,,
"5801951","2017-09-29T08:30:00","21.64","-124.16",,,"1","4","2","5",,,,"11",,,,,,,,,"10141",,,"8","231",,,,"9","241",,,,,,,,,,,,,"237","14","798","172","7","0",,"1","11FF1F","1AAAA11AA1AAAA","4",,,,,,,,,,
"5801950","2017-09-29T08:40:00","20.97","-123.92",,,"1","4","2","5",,,,"11",,,,,,,,,"10138",,,"8","232",,,,"9","239",,,,,,,,,,,,,"237","3","798","172","7","0",,"1","11FF1F","1AAAA11AA1AAAA","4",,,,,,,,,,
"5801951","2017-09-29T08:40:00","21.64","-124.16",,,"1","4","2","5",,,,"11",,,,,,,,,"10140",,,"8","230",,,,"9","241",,,,,,,,,,,,,"237","14","798","172","7","0",,"1","11FF1F","1AAAA11AA1AAAA","4",,,,,,,,,,
"5801950","2017-09-29T08:50:00","20.97","-123.92",,,"1","4","2","5",,,,"11",,,,,,,,,"10137",,,"8","231",,,,"9","239",,,,,,,,,,,,,"237","3","798","172","7","0",,"1","11FF1F","1AAAA11AA1AAAA","4",,,,,,,,,,
"5801951","2017-09-29T08:50:00","21.64","-124.16",,,"1","4","2","5",,,,"11",,,,,,,,,"10140",,,"8","230",,,,"9","241",,,,,,,,,,,,,"237","14","798","172","7","0",,"1","11FF1F","1AAAA11AA1AAAA","4",,,,,,,,,,
"5801950","2017-09-29T09:00:00","20.96","-123.92",,,"1","4","2","5",,,,"11",,,,,,,,,"10137",,,"8","231",,,,"9","239",,,,,,,,,,,,,"237","3","798","172","7","0",,"1","11FF1F","1AAAA11AA1AAAA","4",,,,,,,,,,
"5801951","2017-09-29T09:00:00","21.64","-124.16",,,"1","4","2","5",,,,"11",,,,,,,,,"10139",,,"8","230",,,,"9","241",,,,,,,,,,,,,"237","14","798","172","7","0",,"1","11FF1F","1AAAA11AA1AAAA","4",,,,,,,,,,
"PFRO","2017-09-29T09:00:00","29.10","-125.30",,,"1","6","2","5","6","4",,"1",,"20","4","46","1","98","2","1","10165","4","0","8","180",,"170","163","1","250","5",,"A","A","A","A",,"4","2",,,,"237","95","798","172","5","1","2","1","311111","111111111111A1",,"5",,"1",,,,,,,
"5801950","2017-09-29T09:10:00","20.96","-123.92",,,"1","4","2","5",,,,"11",,,,,,,,,"10136",,,"8","232",,,,"9","240",,,,,,,,,,,,,"237","3","798","172","7","0",,"1","11FF1F","1AAAA11AA1AAAA","4",,,,,,,,,,
"5801951","2017-09-29T09:10:00","21.63","-124.16",,,"1","4","2","5",,,,"11",,,,,,,,,"10139",,,"8","230",,,,"9","242",,,,,,,,,,,,,"237","14","798","172","7","0",,"1","11FF1F","1AAAA11AA1AAAA","4",,,,,,,,,,
"5801950","2017-09-29T09:20:00","20.96","-123.92",,,"1","4","2","5",,,,"11",,,,,,,,,"10135",,,"8","231",,,,"9","240",,,,,,,,,,,,,"237","3","798","172","7","0",,"1","11FF1F","1AAAA11AA1AAAA","4",,,,,,,,,,
"5801951","2017-09-29T09:20:00","21.63","-124.16",,,"1","4","2","5",,,,"11",,,,,,,,,"10138",,,"8","230",,,,"9","242",,,,,,,,,,,,,"237","14","798","172","7","0",,"1","11FF1F","1AAAA11AA1AAAA","4",,,,,,,,,,
"5801950","2017-09-29T09:30:00","20.95","-123.92",,,"1","4","2","5",,,,"11",,,,,,,,,"10133",,,"8","232",,,,"9","240",,,,,,,,,,,,,"237","3","798","172","7","0",,"1","11FF1F","1AAAA11AA1AAAA","4",,,,,,,,,,
"5801951","2017-09-29T09:30:00","21.63","-124.16",,,"1","4","2","5",,,,"11",,,,,,,,,"10136",,,"8","230",,,,"9","242",,,,,,,,,,,,,"237","14","798","172","7","0",,"1","11FF1F","1AAAA11AA1AAAA","4",,,,,,,,,,
"5801950","2017-09-29T09:40:00","20.95","-123.92",,,"1","4","2","5",,,,"11",,,,,,,,,"10132",,,"8","231",,,,"9","240",,,,,,,,,,,,,"237","3","798","172","7","0",,"1","11FF1F","1AAAA11AA1AAAA","4",,,,,,,,,,
"5801951","2017-09-29T09:40:00","21.63","-124.16",,,"1","4","2","5",,,,"11",,,,,,,,,"10136",,,"8","230",,,,"9","242",,,,,,,,,,,,,"237","14","798","172","7","0",,"1","11FF1F","1AAAA11AA1AAAA","4",,,,,,,,,,
"5801950","2017-09-29T09:50:00","20.95","-123.92",,,"1","4","2","5",,,,"11",,,,,,,,,"10131",,,"8","231",,,,"9","239",,,,,,,,,,,,,"237","3","798","172","7","0",,"1","11FF1F","1AAAA11AA1AAAA","4",,,,,,,,,,
"5801951","2017-09-29T09:50:00","21.63","-124.16",,,"1","4","2","5",,,,"11",,,,,,,,,"10135",,,"8","229",,,,"9","242",,,,,,,,,,,,,"237","14","798","172","7","0",,"1","11FF1F","1AAAA11AA1AAAA","4",,,,,,,,,,
"5801950","2017-09-29T10:00:00","20.94","-123.92",,,"1","4","2","5",,,,"11",,,,,,,,,"10130",,,"8","230",,,,"9","239",,,,,,,,,,,,,"237","3","798","172","7","0",,"1","11FF1F","1AAAA11AA1AAAA","4",,,,,,,,,,
"5801951","2017-09-29T10:00:00","21.62","-124.16",,,"1","4","2","5",,,,"11",,,,,,,,,"10134",,,"8","229",,,,"9","242",,,,,,,,,,,,,"237","14","798","172","7","0",,"1","11FF1F","1AAAA11AA1AAAA","4",,,,,,,,,,
"PFRO","2017-09-29T10:00:00","29.10","-125.70",,,"1","6","2","5","6","4",,"1",,"20","4","46","1","98","2","1","10165","4","0","8","180",,"170","163","1","250","8",,"A","A","A","A",,"4","2",,,,"237","95","798","172","5","1","2","1","311111","111111111111A1",,"5",,"1",,,,,,,
"5801950","2017-09-29T10:10:00","20.94","-123.91",,,"1","4","2","5",,,,"11",,,,,,,,,"10129",,,"8","230",,,,"9","239",,,,,,,,,,,,,"237","3","798","172","7","0",,"1","11FF1F","1AAAA11AA1AAAA","4",,,,,,,,,,
"5801951","2017-09-29T10:10:00","21.62","-124.15",,,"1","4","2","5",,,,"11",,,,,,,,,"10134",,,"8","228",,,,"9","241",,,,,,,,,,,,,"237","14","798","172","7","0",,"1","11FF1F","1AAAA11AA1AAAA","4",,,,,,,,,,
"5801950","2017-09-29T10:20:00","20.94","-123.91",,,"1","4","2","5",,,,"11",,,,,,,,,"10129",,,"8","230",,,,"9","239",,,,,,,,,,,,,"237","3","798","172","7","0",,"1","11FF1F","1AAAA11AA1AAAA","4",,,,,,,,,,
"5801951","2017-09-29T10:20:00","21.62","-124.15",,,"1","4","2","5",,,,"11",,,,,,,,,"10133",,,"8","229",,,,"9","241",,,,,,,,,,,,,"237","14","798","172","7","0",,"1","11FF1F","1AAAA11AA1AAAA","4",,,,,,,,,,
"5801950","2017-09-29T10:30:00","20.94","-123.91",,,"1","4","2","5",,,,"11",,,,,,,,,"10128",,,"8","231",,,,"9","239",,,,,,,,,,,,,"237","3","798","172","7","0",,"1","11FF1F","1AAAA11AA1AAAA","4",,,,,,,,,,
"5801951","2017-09-29T10:30:00","21.62","-124.15",,,"1","4","2","5",,,,"11",,,,,,,,,"10133",,,"8","228",,,,"9","241",,,,,,,,,,,,,"237","14","798","172","7","0",,"1","11FF1F","1AAAA11AA1AAAA","4",,,,,,,,,,
"5801950","2017-09-29T10:40:00","20.93","-123.91",,,"1","4","2","5",,,,"11",,,,,,,,,"10128",,,"8","230",,,,"9","239",,,,,,,,,,,,,"237","3","798","172","7","0",,"1","11FF1F","1AAAA11AA1AAAA","4",,,,,,,,,,
"5801951","2017-09-29T10:40:00","21.61","-124.15",,,"1","4","2","5",,,,"11",,,,,,,,,"10132",,,"8","229",,,,"9","241",,,,,,,,,,,,,"237","14","798","172","7","0",,"1","11FF1F","1AAAA11AA1AAAA","4",,,,,,,,,,
"5801950","2017-09-29T10:50:00","20.93","-123.91",,,"1","4","2","5",,,,"11",,,,,,,,,"10128",,,"8","231",,,,"9","239",,,,,,,,,,,,,"237","3","798","172","7","0",,"1","11FF1F","1AAAA11AA1AAAA","4",,,,,,,,,,
"5801951","2017-09-29T10:50:00","21.61","-124.15",,,"1","4","2","5",,,,"11",,,,,,,,,"10132",,,"8","228",,,,"9","241",,,,,,,,,,,,,"237","14","798","172","7","0",,"1","11FF1F","1AAAA11AA1AAAA","4",,,,,,,,,,
"5801950","2017-09-29T11:00:00","20.92","-123.91",,,"1","4","2","5",,,,"11",,,,,,,,,"10127",,,"8","230",,,,"9","239",,,,,,,,,,,,,"237","3","798","172","7","0",,"1","11FF1F","1AAAA11AA1AAAA","4",,,,,,,,,,
"5801951","2017-09-29T11:00:00","21.61","-124.15",,,"1","4","2","5",,,,"11",,,,,,,,,"10132",,,"8","228",,,,"9","241",,,,,,,,,,,,,"237","14","798","172","7","0",,"1","11FF1F","1AAAA11AA1AAAA","4",,,,,,,,,,
"PFRO","2017-09-29T11:00:00","29.00","-127.00",,,"1","6","2","5","6","4",,"1",,"10","4","51","1","98","2","1","10170","1","0","8","180",,"170","163","1","250","7","7","A","A","A","A",,"4","2",,,,"237","97","798","172","5","1","2","1","311111","111111111111A7",,"5",,"1",,,,,,,
"5801950","2017-09-29T11:10:00","20.92","-123.91",,,"1","4","2","5",,,,"11",,,,,,,,,"10127",,,"8","230",,,,"9","239",,,,,,,,,,,,,"237","3","798","172","7","0",,"1","11FF1F","1AAAA11AA1AAAA","4",,,,,,,,,,
"5801951","2017-09-29T11:10:00","21.60","-124.15",,,"1","4","2","5",,,,"11",,,,,,,,,"10132",,,"8","229",,,,"9","241",,,,,,,,,,,,,"237","14","798","172","7","0",,"1","11FF1F","1AAAA11AA1AAAA","4",,,,,,,,,,
"5801950","2017-09-29T11:20:00","20.91","-123.90",,,"1","4","2","5",,,,"11",,,,,,,,,"10126",,,"8","230",,,,"9","239",,,,,,,,,,,,,"237","3","798","172","7","0",,"1","11FF1F","1AAAA11AA1AAAA","4",,,,,,,,,,
"5801951","2017-09-29T11:20:00","21.60","-124.15",,,"1","4","2","5",,,,"11",,,,,,,,,"10131",,,"8","228",,,,"9","241",,,,,,,,,,,,,"237","14","798","172","7","0",,"1","11FF1F","1AAAA11AA1AAAA","4",,,,,,,,,,
"5801950","2017-09-29T11:30:00","20.91","-123.90",,,"1","4","2","5",,,,"11",,,,,,,,,"10127",,,"8","231",,,,"9","239",,,,,,,,,,,,,"237","3","798","172","7","0",,"1","11FF1F","1AAAA11AA1AAAA","4",,,,,,,,,,
"5801951","2017-09-29T11:30:00","21.60","-124.15",,,"1","4","2","5",,,,"11",,,,,,,,,"10131",,,"8","229",,,,"9","241",,,,,,,,,,,,,"237","14","798","172","7","0",,"1","11FF1F","1AAAA11AA1AAAA","4",,,,,,,,,,
"5801950","2017-09-29T11:40:00","20.90","-123.90",,,"1","4","2","5",,,,"11",,,,,,,,,"10127",,,"8","232",,,,"9","239",,,,,,,,,,,,,"237","3","798","172","7","0",,"1","11FF1F","1AAAA11AA1AAAA","4",,,,,,,,,,
"5801951","2017-09-29T11:40:00","21.60","-124.14",,,"1","4","2","5",,,,"11",,,,,,,,,"10132",,,"8","228",,,,"9","241",,,,,,,,,,,,,"237","14","798","172","7","0",,"1","11FF1F","1AAAA11AA1AAAA","4",,,,,,,,,,
"5801950","2017-09-29T11:50:00","20.90","-123.90",,,"1","4","2","5",,,,"11",,,,,,,,,"10127",,,"8","232",,,,"9","239",,,,,,,,,,,,,"237","3","798","172","7","0",,"1","11FF1F","1AAAA11AA1AAAA","4",,,,,,,,,,
"5801951","2017-09-29T11:50:00","21.59","-124.14",,,"1","4","2","5",,,,"11",,,,,,,,,"10132",,,"8","228",,,,"9","241",,,,,,,,,,,,,"237","14","798","172","7","0",,"1","11FF1F","1AAAA11AA1AAAA","4",,,,,,,,,,
"5801950","2017-09-29T12:00:00","20.90","-123.90",,,"1","4","2","5",,,,"11",,,,,,,,,"10127",,,"8","230",,,,"9","239",,,,,,,,,,,,,"237","3","798","172","7","0",,"1","11FF1F","1AAAA11AA1AAAA","4",,,,,,,,,,
"5801951","2017-09-29T12:00:00","21.59","-124.14",,,"1","4","2","5",,,,"11",,,,,,,,,"10133",,,"8","228",,,,"9","241",,,,,,,,,,,,,"237","14","798","172","7","0",,"1","11FF1F","1AAAA11AA1AAAA","4",,,,,,,,,,
"PFRO","2017-09-29T12:00:00","28.90","-127.30",,,"1","6","2","5","6","4",,"1",,"10","4","51","1","98","2","1","10170","1","0","8","180",,"170","163","1","250","7","7","A","A","A","A",,"4","2",,,,"237","87","798","172","5","1","2","1","311111","111111111111A7",,"5",,"1",,,,,,,
"5801950","2017-09-29T12:10:00","20.89","-123.90",,,"1","4","2","5",,,,"11",,,,,,,,,"10129",,,"8","231",,,,"9","239",,,,,,,,,,,,,"237","3","798","172","7","0",,"1","11FF1F","1AAAA11AA1AAAA","4",,,,,,,,,,
"5801951","2017-09-29T12:10:00","21.59","-124.14",,,"1","4","2","5",,,,"11",,,,,,,,,"10134",,,"8","229",,,,"9","241",,,,,,,,,,,,,"237","14","798","172","7","0",,"1","11FF1F","1AAAA11AA1AAAA","4",,,,,,,,,,
"5801950","2017-09-29T12:20:00","20.89","-123.90",,,"1","4","2","5",,,,"11",,,,,,,,,"10129",,,"8","230",,,,"9","239",,,,,,,,,,,,,"237","3","798","172","7","0",,"1","11FF1F","1AAAA11AA1AAAA","4",,,,,,,,,,
"5801951","2017-09-29T12:20:00","21.58","-124.14",,,"1","4","2","5",,,,"11",,,,,,,,,"10134",,,"8","228",,,,"9","241",,,,,,,,,,,,,"237","14","798","172","7","0",,"1","11FF1F","1AAAA11AA1AAAA","4",,,,,,,,,,
"5801950","2017-09-29T12:30:00","20.88","-123.90",,,"1","4","2","5",,,,"11",,,,,,,,,"10131",,,"8","230",,,,"9","239",,,,,,,,,,,,,"237","3","798","172","7","0",,"1","11FF1F","1AAAA11AA1AAAA","4",,,,,,,,,,
"5801951","2017-09-29T12:30:00","21.58","-124.14",,,"1","4","2","5",,,,"11",,,,,,,,,"10134",,,"8","229",,,,"9","241",,,,,,,,,,,,,"237","14","798","172","7","0",,"1","11FF1F","1AAAA11AA1AAAA","4",,,,,,,,,,
"5801950","2017-09-29T12:40:00","20.88","-123.89",,,"1","4","2","5",,,,"11",,,,,,,,,"10132",,,"8","230",,,,"9","239",,,,,,,,,,,,,"237","3","798","172","7","0",,"1","11FF1F","1AAAA11AA1AAAA","4",,,,,,,,,,
"5801951","2017-09-29T12:40:00","21.58","-124.14",,,"1","4","2","5",,,,"11",,,,,,,,,"10136",,,"8","229",,,,"9","241",,,,,,,,,,,,,"237","14","798","172","7","0",,"1","11FF1F","1AAAA11AA1AAAA","4",,,,,,,,,,
"5801950","2017-09-29T12:50:00","20.87","-123.89",,,"1","4","2","5",,,,"11",,,,,,,,,"10132",,,"8","231",,,,"9","239",,,,,,,,,,,,,"237","3","798","172","7","0",,"1","11FF1F","1AAAA11AA1AAAA","4",,,,,,,,,,
"5801951","2017-09-29T12:50:00","21.57","-124.14",,,"1","4","2","5",,,,"11",,,,,,,,,"10137",,,"8","229",,,,"9","241",,,,,,,,,,,,,"237","14","798","172","7","0",,"1","11FF1F","1AAAA11AA1AAAA","4",,,,,,,,,,
"5801950","2017-09-29T13:00:00","20.87","-123.89",,,"1","4","2","5",,,,"11",,,,,,,,,"10132",,,"8","230",,,,"9","239",,,,,,,,,,,,,"237","3","798","172","7","0",,"1","11FF1F","1AAAA11AA1AAAA","4",,,,,,,,,,
"5801951","2017-09-29T13:00:00","21.57","-124.14",,,"1","4","2","5",,,,"11",,,,,,,,,"10137",,,"8","229",,,,"9","241",,,,,,,,,,,,,"237","14","798","172","7","0",,"1","11FF1F","1AAAA11AA1AAAA","4",,,,,,,,,,
"5801950","2017-09-29T13:10:00","20.86","-123.89",,,"1","4","2","5",,,,"11",,,,,,,,,"10132",,,"8","230",,,,"9","239",,,,,,,,,,,,,"237","3","798","172","7","0",,"1","11FF1F","1AAAA11AA1AAAA","4",,,,,,,,,,
"5801951","2017-09-29T13:10:00","21.57","-124.14",,,"1","4","2","5",,,,"11",,,,,,,,,"10138",,,"8","230",,,,"9","241",,,,,,,,,,,,,"237","14","798","172","7","0",,"1","11FF1F","1AAAA11AA1AAAA","4",,,,,,,,,,
"5801950","2017-09-29T13:20:00","20.86","-123.89",,,"1","4","2","5",,,,"11",,,,,,,,,"10133",,,"8","231",,,,"9","239",,,,,,,,,,,,,"237","3","798","172","7","0",,"1","11FF1F","1AAAA11AA1AAAA","4",,,,,,,,,,
"5801951","2017-09-29T13:20:00","21.56","-124.14",,,"1","4","2","5",,,,"11",,,,,,,,,"10139",,,"8","230",,,,"9","241",,,,,,,,,,,,,"237","14","798","172","7","0",,"1","11FF1F","1AAAA11AA1AAAA","4",,,,,,,,,,
"5801950","2017-09-29T13:30:00","20.85","-123.89",,,"1","4","2","5",,,,"11",,,,,,,,,"10135",,,"8","231",,,,"9","239",,,,,,,,,,,,,"237","3","798","172","7","0",,"1","11FF1F","1AAAA11AA1AAAA","4",,,,,,,,,,
"5801951","2017-09-29T13:30:00","21.56","-124.14",,,"1","4","2","5",,,,"11",,,,,,,,,"10139",,,"8","231",,,,"9","241",,,,,,,,,,,,,"237","14","798","172","7","0",,"1","11FF1F","1AAAA11AA1AAAA","4",,,,,,,,,,
"5801950","2017-09-29T13:40:00","20.85","-123.88",,,"1","4","2","5",,,,"11",,,,,,,,,"10136",,,"8","231",,,,"9","239",,,,,,,,,,,,,"237","3","798","172","7","0",,"1","11FF1F","1AAAA11AA1AAAA","4",,,,,,,,,,
"5801951","2017-09-29T13:40:00","21.56","-124.13",,,"1","4","2","5",,,,"11",,,,,,,,,"10140",,,"8","231",,,,"9","241",,,,,,,,,,,,,"237","14","798","172","7","0",,"1","11FF1F","1AAAA11AA1AAAA","4",,,,,,,,,,
"5801950","2017-09-29T13:50:00","20.84","-123.88",,,"1","4","2","5",,,,"11",,,,,,,,,"10137",,,"8","231",,,,"9","239",,,,,,,,,,,,,"237","3","798","172","7","0",,"1","11FF1F","1AAAA11AA1AAAA","4",,,,,,,,,,
"5801951","2017-09-29T13:50:00","21.55","-124.13",,,"1","4","2","5",,,,"11",,,,,,,,,"10140",,,"8","230",,,,"9","241",,,,,,,,,,,,,"237","14","798","172","7","0",,"1","11FF1F","1AAAA11AA1AAAA","4",,,,,,,,,,
"5801950","2017-09-29T14:00:00","20.84","-123.88",,,"1","4","2","5",,,,"11",,,,,,,,,"10138",,,"8","231",,,,"9","239",,,,,,,,,,,,,"237","3","798","172","7","0",,"1","11FF1F","1AAAA11AA1AAAA","4",,,,,,,,,,
"5801951","2017-09-29T14:00:00","21.55","-124.13",,,"1","4","2","5",,,,"11",,,,,,,,,"10141",,,"8","230",,,,"9","241",,,,,,,,,,,,,"237","14","798","172","7","0",,"1","11FF1F","1AAAA11AA1AAAA","4",,,,,,,,,,
"PFRO","2017-09-29T14:00:00","28.70","-128.00",,,"1","4","0","0","6","4",,"1","0","20","4","36",,"98","3","2","10180","3","10","0","185","0","155","132","1","250","7","7","5","5","A","A",,"4","1","38","5","2","237","88","992","114","5","1","2","1","311111","11111111111111",,,"1","2",,,,,,,"4"
"5801950","2017-09-29T14:10:00","20.83","-123.88",,,"1","4","2","5",,,,"11",,,,,,,,,"10140",,,"8","231",,,,"9","239",,,,,,,,,,,,,"237","3","798","172","7","0",,"2","11FF1F","1AAAA11AA1AAAA","4",,,,,,,,,,
"5801951","2017-09-29T14:10:00","21.55","-124.13",,,"1","4","2","5",,,,"11",,,,,,,,,"10142",,,"8","230",,,,"9","241",,,,,,,,,,,,,"237","14","798","172","7","0",,"1","11FF1F","1AAAA11AA1AAAA","4",,,,,,,,,,
"5801950","2017-09-29T14:20:00","20.83","-123.88",,,"1","4","2","5",,,,"11",,,,,,,,,"10140",,,"8","232",,,,"9","238",,,,,,,,,,,,,"237","3","798","172","7","0",,"2","11FF1F","1AAAA11AA1AAAA","4",,,,,,,,,,
"5801951","2017-09-29T14:20:00","21.54","-124.13",,,"1","4","2","5",,,,"11",,,,,,,,,"10143",,,"8","231",,,,"9","241",,,,,,,,,,,,,"237","14","798","172","7","0",,"2","11FF1F","1AAAA11AA1AAAA","4",,,,,,,,,,
"5801950","2017-09-29T14:30:00","20.82","-123.87",,,"1","4","2","5",,,,"11",,,,,,,,,"10140",,,"8","231",,,,"9","238",,,,,,,,,,,,,"237","3","798","172","7","0",,"2","11FF1F","1AAAA11AA1AAAA","4",,,,,,,,,,
"5801951","2017-09-29T14:30:00","21.54","-124.13",,,"1","4","2","5",,,,"11",,,,,,,,,"10143",,,"8","230",,,,"9","241",,,,,,,,,,,,,"237","14","798","172","7","0",,"2","11FF1F","1AAAA11AA1AAAA","4",,,,,,,,,,
"5801950","2017-09-29T14:40:00","20.82","-123.87",,,"1","4","2","5",,,,"11",,,,,,,,,"10140",,,"8","231",,,,"9","238",,,,,,,,,,,,,"237","3","798","172","7","0",,"2","11FF1F","1AAAA11AA1AAAA","4",,,,,,,,,,
"5801951","2017-09-29T14:40:00","21.54","-124.13",,,"1","4","2","5",,,,"11",,,,,,,,,"10144",,,"8","231",,,,"9","241",,,,,,,,,,,,,"237","14","798","172","7","0",,"2","11FF1F","1AAAA11AA1AAAA","4",,,,,,,,,,
"5801950","2017-09-29T14:50:00","20.81","-123.87",,,"1","4","2","5",,,,"11",,,,,,,,,"10141",,,"8","231",,,,"9","239",,,,,,,,,,,,,"237","3","798","172","7","0",,"2","11FF1F","1AAAA11AA1AAAA","4",,,,,,,,,,
"5801951","2017-09-29T14:50:00","21.53","-124.13",,,"1","4","2","5",,,,"11",,,,,,,,,"10145",,,"8","230",,,,"9","241",,,,,,,,,,,,,"237","14","798","172","7","0",,"2","11FF1F","1AAAA11AA1AAAA","4",,,,,,,,,,
"5801950","2017-09-29T15:00:00","20.81","-123.87",,,"1","4","2","5",,,,"11",,,,,,,,,"10141",,,"8","233",,,,"9","239",,,,,,,,,,,,,"237","3","798","172","7","0",,"2","11FF1F","1AAAA11AA1AAAA","4",,,,,,,,,,
"5801951","2017-09-29T15:00:00","21.53","-124.13",,,"1","4","2","5",,,,"11",,,,,,,,,"10145",,,"8","230",,,,"9","241",,,,,,,,,,,,,"237","14","798","172","7","0",,"2","11FF1F","1AAAA11AA1AAAA","4",,,,,,,,,,
"PFRO","2017-09-29T15:00:00","28.70","-128.30",,,"1","6","2","5","6","4",,"1",,"10","4","31","1","98","2","2","10185","3","13","8","185",,"150","122","1","250","7","7","5","5","A","A",,"4","1","4","5","2","237","88","798","172","5","1","2","2","311111","11111111111111",,"5",,"2",,,,,,,
"5801950","2017-09-29T15:10:00","20.80","-123.87",,,"1","4","2","5",,,,"11",,,,,,,,,"10142",,,"8","234",,,,"9","240",,,,,,,,,,,,,"237","3","798","172","7","0",,"2","11FF1F","1AAAA11AA1AAAA","4",,,,,,,,,,
"5801951","2017-09-29T15:10:00","21.53","-124.13",,,"1","4","2","5",,,,"11",,,,,,,,,"10145",,,"8","230",,,,"9","241",,,,,,,,,,,,,"237","14","798","172","7","0",,"2","11FF1F","1AAAA11AA1AAAA","4",,,,,,,,,,
"5801950","2017-09-29T15:20:00","20.80","-123.87",,,"1","4","2","5",,,,"11",,,,,,,,,"10143",,,"8","235",,,,"9","241",,,,,,,,,,,,,"237","3","798","172","7","0",,"2","11FF1F","1AAAA11AA1AAAA","4",,,,,,,,,,
"5801951","2017-09-29T15:20:00","21.52","-124.13",,,"1","4","2","5",,,,"11",,,,,,,,,"10146",,,"8","232",,,,"9","241",,,,,,,,,,,,,"237","14","798","172","7","0",,"2","11FF1F","1AAAA11AA1AAAA","4",,,,,,,,,,
"5801950","2017-09-29T15:30:00","20.79","-123.86",,,"1","4","2","5",,,,"11",,,,,,,,,"10144",,,"8","233",,,,"9","242",,,,,,,,,,,,,"237","3","798","172","7","0",,"2","11FF1F","1AAAA11AA1AAAA","4",,,,,,,,,,
"5801951","2017-09-29T15:30:00","21.52","-124.13",,,"1","4","2","5",,,,"11",,,,,,,,,"10147",,,"8","232",,,,"9","241",,,,,,,,,,,,,"237","14","798","172","7","0",,"2","11FF1F","1AAAA11AA1AAAA","4",,,,,,,,,,
"5801950","2017-09-29T15:40:00","20.79","-123.86",,,"1","4","2","5",,,,"11",,,,,,,,,"10146",,,"8","234",,,,"9","242",,,,,,,,,,,,,"237","3","798","172","7","0",,"2","11FF1F","1AAAA11AA1AAAA","4",,,,,,,,,,
"5801951","2017-09-29T15:40:00","21.52","-124.13",,,"1","4","2","5",,,,"11",,,,,,,,,"10148",,,"8","232",,,,"9","241",,,,,,,,,,,,,"237","14","798","172","7","0",,"2","11FF1F","1AAAA11AA1AAAA","4",,,,,,,,,,
"5801950","2017-09-29T15:50:00","20.78","-123.86",,,"1","4","2","5",,,,"11",,,,,,,,,"10147",,,"8","233",,,,"9","243",,,,,,,,,,,,,"237","3","798","172","7","0",,"2","11FF1F","1AAAA11AA1AAAA","4",,,,,,,,,,
"5801951","2017-09-29T15:50:00","21.51","-124.13",,,"1","4","2","5",,,,"11",,,,,,,,,"10149",,,"8","233",,,,"9","241",,,,,,,,,,,,,"237","14","798","172","7","0",,"2","11FF1F","1AAAA11AA1AAAA","4",,,,,,,,,,
"5801950","2017-09-29T16:00:00","20.78","-123.86",,,"1","4","2","5",,,,"11",,,,,,,,,"10148",,,"8","234",,,,"9","243",,,,,,,,,,,,,"237","3","798","172","7","0",,"2","11FF1F","1AAAA11AA1AAAA","4",,,,,,,,,,
"5801951","2017-09-29T16:00:00","21.51","-124.13",,,"1","4","2","5",,,,"11",,,,,,,,,"10151",,,"8","233",,,,"9","241",,,,,,,,,,,,,"237","14","798","172","7","0",,"2","11FF1F","1AAAA11AA1AAAA","4",,,,,,,,,,
"PFRO","2017-09-29T16:00:00","28.60","-128.70",,,"1","6","2","5","6","4",,"1",,"20","4","62","1","98","2","2","10188","2","20","8","190",,"155","128","1","250","7","7","4","5","A","A",,"4","1","4","5","2","237","88","798","172","5","1","2","2","311111","11111111111111",,"5",,"2",,,,,,,
"5801950","2017-09-29T16:10:00","20.77","-123.86",,,"1","4","2","5",,,,"11",,,,,,,,,"10150",,,"8","235",,,,"9","243",,,,,,,,,,,,,"237","3","798","172","7","0",,"2","11FF1F","1AAAA11AA1AAAA","4",,,,,,,,,,
"5801951","2017-09-29T16:10:00","21.51","-124.13",,,"1","4","2","5",,,,"11",,,,,,,,,"10152",,,"8","236",,,,"9","241",,,,,,,,,,,,,"237","14","798","172","7","0",,"2","11FF1F","1AAAA11AA1AAAA","4",,,,,,,,,,
"5801950","2017-09-29T16:20:00","20.77","-123.86",,,"1","4","2","5",,,,"11",,,,,,,,,"10150",,,"8","235",,,,"9","243",,,,,,,,,,,,,"237","3","798","172","7","0",,"2","11FF1F","1AAAA11AA1AAAA","4",,,,,,,,,,
"5801951","2017-09-29T16:20:00","21.50","-124.13",,,"1","4","2","5",,,,"11",,,,,,,,,"10152",,,"8","237",,,,"9","241",,,,,,,,,,,,,"237","14","798","172","7","0",,"2","11FF1F","1AAAA11AA1AAAA","4",,,,,,,,,,
"5801950","2017-09-29T16:30:00","20.76","-123.86",,,"1","4","2","5",,,,"11",,,,,,,,,"10151",,,"8","235",,,,"9","244",,,,,,,,,,,,,"237","3","798","172","7","0",,"2","11FF1F","1AAAA11AA1AAAA","4",,,,,,,,,,
"5801951","2017-09-29T16:30:00","21.50","-124.13",,,"1","4","2","5",,,,"11",,,,,,,,,"10153",,,"8","236",,,,"9","241",,,,,,,,,,,,,"237","14","798","172","7","0",,"2","11FF1F","1AAAA11AA1AAAA","4",,,,,,,,,,
"5801950","2017-09-29T16:40:00","20.76","-123.86",,,"1","4","2","5",,,,"11",,,,,,,,,"10151",,,"8","236",,,,"9","244",,,,,,,,,,,,,"237","3","798","172","7","0",,"2","11FF1F","1AAAA11AA1AAAA","4",,,,,,,,,,
"5801951","2017-09-29T16:40:00","21.50","-124.13",,,"1","4","2","5",,,,"11",,,,,,,,,"10153",,,"8","237",,,,"9","241",,,,,,,,,,,,,"237","14","798","172","7","0",,"2","11FF1F","1AAAA11AA1AAAA","4",,,,,,,,,,
"5801950","2017-09-29T16:50:00","20.76","-123.85",,,"1","4","2","5",,,,"11",,,,,,,,,"10151",,,"8","235",,,,"9","244",,,,,,,,,,,,,"237","3","798","172","7","0",,"2","11FF1F","1AAAA11AA1AAAA","4",,,,,,,,,,
"5801951","2017-09-29T16:50:00","21.49","-124.13",,,"1","4","2","5",,,,"11",,,,,,,,,"10153",,,"8","237",,,,"9","241",,,,,,,,,,,,,"237","14","798","172","7","0",,"2","11FF1F","1AAAA11AA1AAAA","4",,,,,,,,,,
"5801950","2017-09-29T17:00:00","20.75","-123.85",,,"1","4","2","5",,,,"11",,,,,,,,,"10152",,,"8","236",,,,"9","244",,,,,,,,,,,,,"237","3","798","172","7","0",,"2","11FF1F","1AAAA11AA1AAAA","4",,,,,,,,,,
"5801951","2017-09-29T17:00:00","21.49","-124.13",,,"1","4","2","5",,,,"11",,,,,,,,,"10154",,,"8","236",,,,"9","241",,,,,,,,,,,,,"237","14","798","172","7","0",,"2","11FF1F","1AAAA11AA1AAAA","4",,,,,,,,,,
"PFRO","2017-09-29T17:00:00","28.50","-129.00",,,"1","6","2","5","6","4",,"1",,"10","4","77","1","98","2","2","10195","2","20","8","190",,"160","138","1","250","7","7","4","5","A","A",,"4","1","4","6","2","237","89","798","172","5","1","2","2","311111","11111111111111",,"5",,"2",,,,,,,
"5801950","2017-09-29T17:10:00","20.75","-123.85",,,"1","4","2","5",,,,"11",,,,,,,,,"10152",,,"8","235",,,,"9","244",,,,,,,,,,,,,"237","3","798","172","7","0",,"2","11FF1F","1AAAA11AA1AAAA","4",,,,,,,,,,
"5801951","2017-09-29T17:10:00","21.49","-124.12",,,"1","4","2","5",,,,"11",,,,,,,,,"10155",,,"8","235",,,,"9","241",,,,,,,,,,,,,"237","14","798","172","7","0",,"2","11FF1F","1AAAA11AA1AAAA","4",,,,,,,,,,
"5801950","2017-09-29T17:20:00","20.74","-123.85",,,"1","4","2","5",,,,"11",,,,,,,,,"10153",,,"8","234",,,,"9","245",,,,,,,,,,,,,"237","3","798","172","7","0",,"2","11FF1F","1AAAA11AA1AAAA","4",,,,,,,,,,
"5801951","2017-09-29T17:20:00","21.48","-124.12",,,"1","4","2","5",,,,"11",,,,,,,,,"10154",,,"8","236",,,,"9","241",,,,,,,,,,,,,"237","14","798","172","7","0",,"2","11FF1F","1AAAA11AA1AAAA","4",,,,,,,,,,
"5801950","2017-09-29T17:30:00","20.74","-123.85",,,"1","4","2","5",,,,"11",,,,,,,,,"10154",,,"8","235",,,,"9","245",,,,,,,,,,,,,"237","3","798","172","7","0",,"2","11FF1F","1AAAA11AA1AAAA","4",,,,,,,,,,
"5801951","2017-09-29T17:30:00","21.48","-124.12",,,"1","4","2","5",,,,"11",,,,,,,,,"10155",,,"8","236",,,,"9","242",,,,,,,,,,,,,"237","14","798","172","7","0",,"2","11FF1F","1AAAA11AA1AAAA","4",,,,,,,,,,
"5801950","2017-09-29T17:40:00","20.74","-123.85",,,"1","4","2","5",,,,"11",,,,,,,,,"10153",,,"8","235",,,,"9","245",,,,,,,,,,,,,"237","3","798","172","7","0",,"2","11FF1F","1AAAA11AA1AAAA","4",,,,,,,,,,
"5801951","2017-09-29T17:40:00","21.48","-124.12",,,"1","4","2","5",,,,"11",,,,,,,,,"10155",,,"8","235",,,,"9","242",,,,,,,,,,,,,"237","14","798","172","7","0",,"2","11FF1F","1AAAA11AA1AAAA","4",,,,,,,,,,
"5801950","2017-09-29T17:50:00","20.73","-123.85",,,"1","4","2","5",,,,"11",,,,,,,,,"10153",,,"8","235",,,,"9","245",,,,,,,,,,,,,"237","3","798","172","7","0",,"2","11FF1F","1AAAA11AA1AAAA","4",,,,,,,,,,
"5801951","2017-09-29T17:50:00","21.47","-124.12",,,"1","4","2","5",,,,"11",,,,,,,,,"10156",,,"8","235",,,,"9","242",,,,,,,,,,,,,"237","14","798","172","7","0",,"2","11FF1F","1AAAA11AA1AAAA","4",,,,,,,,,,
"5801950","2017-09-29T18:00:00","20.73","-123.85",,,"1","4","2","5",,,,"11",,,,,,,,,"10153",,,"8","235",,,,"9","245",,,,,,,,,,,,,"237","3","798","172","7","0",,"2","11FF1F","1AAAA11AA1AAAA","4",,,,,,,,,,
"5801951","2017-09-29T18:00:00","21.47","-124.12",,,"1","4","2","5",,,,"11",,,,,,,,,"10156",,,"8","235",,,,"9","242",,,,,,,,,,,,,"237","14","798","172","7","0",,"2","11FF1F","1AAAA11AA1AAAA","4",,,,,,,,,,
"5801950","2017-09-29T18:10:00","20.72","-123.85",,,"1","4","2","5",,,,"11",,,,,,,,,"10153",,,"8","234",,,,"9","245",,,,,,,,,,,,,"237","3","798","172","7","0",,"2","11FF1F","1AAAA11AA1AAAA","4",,,,,,,,,,
"5801951","2017-09-29T18:10:00","21.46","-124.12",,,"1","4","2","5",,,,"11",,,,,,,,,"10156",,,"8","235",,,,"9","242",,,,,,,,,,,,,"237","14","798","172","7","0",,"2","11FF1F","1AAAA11AA1AAAA","4",,,,,,,,,,
"5801950","2017-09-29T18:20:00","20.72","-123.86",,,"1","4","2","5",,,,"11",,,,,,,,,"10152",,,"8","235",,,,"9","245",,,,,,,,,,,,,"237","3","798","172","7","0",,"2","11FF1F","1AAAA11AA1AAAA","4",,,,,,,,,,
"5801951","2017-09-29T18:20:00","21.46","-124.11",,,"1","4","2","5",,,,"11",,,,,,,,,"10155",,,"8","235",,,,"9","243",,,,,,,,,,,,,"237","14","798","172","7","0",,"2","11FF1F","1AAAA11AA1AAAA","4",,,,,,,,,,
"5801950","2017-09-29T18:30:00","20.72","-123.86",,,"1","4","2","5",,,,"11",,,,,,,,,"10151",,,"8","235",,,,"9","245",,,,,,,,,,,,,"237","3","798","172","7","0",,"2","11FF1F","1AAAA11AA1AAAA","4",,,,,,,,,,
"5801951","2017-09-29T18:30:00","21.46","-124.11",,,"1","4","2","5",,,,"11",,,,,,,,,"10155",,,"8","234",,,,"9","243",,,,,,,,,,,,,"237","14","798","172","7","0",,"2","11FF1F","1AAAA11AA1AAAA","4",,,,,,,,,,
"5801950","2017-09-29T18:40:00","20.71","-123.87",,,"1","4","2","5",,,,"11",,,,,,,,,"10150",,,"8","236",,,,"9","246",,,,,,,,,,,,,"237","3","798","172","7","0",,"2","11FF1F","1AAAA11AA1AAAA","4",,,,,,,,,,
"5801951","2017-09-29T18:40:00","21.45","-124.11",,,"1","4","2","5",,,,"11",,,,,,,,,"10154",,,"8","234",,,,"9","243",,,,,,,,,,,,,"237","14","798","172","7","0",,"2","11FF1F","1AAAA11AA1AAAA","4",,,,,,,,,,
"5801950","2017-09-29T18:50:00","20.71","-123.87",,,"1","4","2","5",,,,"11",,,,,,,,,"10150",,,"8","235",,,,"9","246",,,,,,,,,,,,,"237","3","798","172","7","0",,"2","11FF1F","1AAAA11AA1AAAA","4",,,,,,,,,,
"5801951","2017-09-29T18:50:00","21.45","-124.11",,,"1","4","2","5",,,,"11",,,,,,,,,"10154",,,"8","234",,,,"9","243",,,,,,,,,,,,,"237","14","798","172","7","0",,"2","11FF1F","1AAAA11AA1AAAA","4",,,,,,,,,,
"5801950","2017-09-29T19:00:00","20.71","-123.88",,,"1","4","2","5",,,,"11",,,,,,,,,"10149",,,"8","236",,,,"9","246",,,,,,,,,,,,,"237","3","798","172","7","0",,"2","11FF1F","1AAAA11AA1AAAA","4",,,,,,,,,,
"5801951","2017-09-29T19:00:00","21.44","-124.11",,,"1","4","2","5",,,,"11",,,,,,,,,"10152",,,"8","234",,,,"9","243",,,,,,,,,,,,,"237","14","798","172","7","0",,"2","11FF1F","1AAAA11AA1AAAA","4",,,,,,,,,,
"5801950","2017-09-29T19:10:00","20.70","-123.88",,,"1","4","2","5",,,,"11",,,,,,,,,"10149",,,"8","237",,,,"9","246",,,,,,,,,,,,,"237","3","798","172","7","0",,"2","11FF1F","1AAAA11AA1AAAA","4",,,,,,,,,,
"5801951","2017-09-29T19:10:00","21.44","-124.10",,,"1","4","2","5",,,,"11",,,,,,,,,"10152",,,"8","234",,,,"9","243",,,,,,,,,,,,,"237","14","798","172","7","0",,"2","11FF1F","1AAAA11AA1AAAA","4",,,,,,,,,,
"5801950","2017-09-29T19:20:00","20.70","-123.89",,,"1","4","2","5",,,,"11",,,,,,,,,"10148",,,"8","237",,,,"9","246",,,,,,,,,,,,,"237","3","798","172","7","0",,"2","11FF1F","1AAAA11AA1AAAA","4",,,,,,,,,,
"5801951","2017-09-29T19:20:00","21.43","-124.10",,,"1","4","2","5",,,,"11",,,,,,,,,"10151",,,"8","235",,,,"9","244",,,,,,,,,,,,,"237","14","798","172","7","0",,"2","11FF1F","1AAAA11AA1AAAA","4",,,,,,,,,,
"5801950","2017-09-29T19:30:00","20.70","-123.89",,,"1","4","2","5",,,,"11",,,,,,,,,"10147",,,"8","237",,,,"9","246",,,,,,,,,,,,,"237","3","798","172","7","0",,"2","11FF1F","1AAAA11AA1AAAA","4",,,,,,,,,,
"5801951","2017-09-29T19:30:00","21.43","-124.10",,,"1","4","2","5",,,,"11",,,,,,,,,"10150",,,"8","235",,,,"9","244",,,,,,,,,,,,,"237","14","798","172","7","0",,"2","11FF1F","1AAAA11AA1AAAA","4",,,,,,,,,,
"5801950","2017-09-29T19:40:00","20.69","-123.90",,,"1","4","2","5",,,,"11",,,,,,,,,"10146",,,"8","237",,,,"9","246",,,,,,,,,,,,,"237","3","798","172","7","0",,"2","11FF1F","1AAAA11AA1AAAA","4",,,,,,,,,,
"5801951","2017-09-29T19:40:00","21.42","-124.10",,,"1","4","2","5",,,,"11",,,,,,,,,"10148",,,"8","234",,,,"9","244",,,,,,,,,,,,,"237","14","798","172","7","0",,"2","11FF1F","1AAAA11AA1AAAA","4",,,,,,,,,,
"5801950","2017-09-29T19:50:00","20.69","-123.90",,,"1","4","2","5",,,,"11",,,,,,,,,"10145",,,"8","236",,,,"9","246",,,,,,,,,,,,,"237","3","798","172","7","0",,"2","11FF1F","1AAAA11AA1AAAA","4",,,,,,,,,,
"5801951","2017-09-29T19:50:00","21.42","-124.10",,,"1","4","2","5",,,,"11",,,,,,,,,"10147",,,"8","235",,,,"9","244",,,,,,,,,,,,,"237","14","798","172","7","0",,"2","11FF1F","1AAAA11AA1AAAA","4",,,,,,,,,,
"5801950","2017-09-29T20:00:00","20.69","-123.91",,,"1","4","2","5",,,,"11",,,,,,,,,"10143",,,"8","236",,,,"9","246",,,,,,,,,,,,,"237","3","798","172","7","0",,"2","11FF1F","1AAAA11AA1AAAA","4",,,,,,,,,,
"5801951","2017-09-29T20:00:00","21.41","-124.09",,,"1","4","2","5",,,,"11",,,,,,,,,"10145",,,"8","235",,,,"9","244",,,,,,,,,,,,,"237","14","798","172","7","0",,"2","11FF1F","1AAAA11AA1AAAA","4",,,,,,,,,,
"5801950","2017-09-29T20:10:00","20.68","-123.91",,,"1","4","2","5",,,,"11",,,,,,,,,"10142",,,"8","236",,,,"9","246",,,,,,,,,,,,,"237","3","798","172","7","0",,"2","11FF1F","1AAAA11AA1AAAA","4",,,,,,,,,,
"5801951","2017-09-29T20:10:00","21.41","-124.09",,,"1","4","2","5",,,,"11",,,,,,,,,"10144",,,"8","234",,,,"9","244",,,,,,,,,,,,,"237","14","798","172","7","0",,"2","11FF1F","1AAAA11AA1AAAA","4",,,,,,,,,,
"5801950","2017-09-29T20:20:00","20.68","-123.92",,,"1","4","2","5",,,,"11",,,,,,,,,"10140",,,"8","236",,,,"9","247",,,,,,,,,,,,,"237","3","798","172","7","0",,"2","11FF1F","1AAAA11AA1AAAA","4",,,,,,,,,,
"5801951","2017-09-29T20:20:00","21.40","-124.09",,,"1","4","2","5",,,,"11",,,,,,,,,"10143",,,"8","235",,,,"9","244",,,,,,,,,,,,,"237","14","798","172","7","0",,"2","11FF1F","1AAAA11AA1AAAA","4",,,,,,,,,,
"5801950","2017-09-29T20:30:00","20.68","-123.92",,,"1","4","2","5",,,,"11",,,,,,,,,"10138",,,"8","235",,,,"9","247",,,,,,,,,,,,,"237","3","798","172","7","0",,"2","11FF1F","1AAAA11AA1AAAA","4",,,,,,,,,,
"5801951","2017-09-29T20:30:00","21.40","-124.09",,,"1","4","2","5",,,,"11",,,,,,,,,"10141",,,"8","234",,,,"9","245",,,,,,,,,,,,,"237","14","798","172","7","0",,"2","11FF1F","1AAAA11AA1AAAA","4",,,,,,,,,,
"5801950","2017-09-29T20:40:00","20.68","-123.93",,,"1","4","2","5",,,,"11",,,,,,,,,"10138",,,"8","235",,,,"9","247",,,,,,,,,,,,,"237","3","798","172","7","0",,"2","11FF1F","1AAAA11AA1AAAA","4",,,,,,,,,,
"5801951","2017-09-29T20:40:00","21.39","-124.09",,,"1","4","2","5",,,,"11",,,,,,,,,"10140",,,"8","235",,,,"9","245",,,,,,,,,,,,,"237","14","798","172","7","0",,"2","11FF1F","1AAAA11AA1AAAA","4",,,,,,,,,,
"5801950","2017-09-29T20:50:00","20.67","-123.94",,,"1","4","2","5",,,,"11",,,,,,,,,"10136",,,"8","236",,,,"9","247",,,,,,,,,,,,,"237","3","798","172","7","0",,"2","11FF1F","1AAAA11AA1AAAA","4",,,,,,,,,,
"5801951","2017-09-29T20:50:00","21.39","-124.09",,,"1","4","2","5",,,,"11",,,,,,,,,"10139",,,"8","234",,,,"9","245",,,,,,,,,,,,,"237","14","798","172","7","0",,"2","11FF1F","1AAAA11AA1AAAA","4",,,,,,,,,,
"5801950","2017-09-29T21:00:00","20.67","-123.94",,,"1","4","2","5",,,,"11",,,,,,,,,"10135",,,"8","236",,,,"9","247",,,,,,,,,,,,,"237","3","798","172","7","0",,"2","11FF1F","1AAAA11AA1AAAA","4",,,,,,,,,,
"5801951","2017-09-29T21:00:00","21.38","-124.09",,,"1","4","2","5",,,,"11",,,,,,,,,"10138",,,"8","235",,,,"9","245",,,,,,,,,,,,,"237","14","798","172","7","0",,"2","11FF1F","1AAAA11AA1AAAA","4",,,,,,,,,,
"5801950","2017-09-29T21:10:00","20.67","-123.95",,,"1","4","2","5",,,,"11",,,,,,,,,"10133",,,"8","236",,,,"9","247",,,,,,,,,,,,,"237","3","798","172","7","0",,"2","11FF1F","1AAAA11AA1AAAA","4",,,,,,,,,,
"5801951","2017-09-29T21:10:00","21.37","-124.09",,,"1","4","2","5",,,,"11",,,,,,,,,"10137",,,"8","235",,,,"9","245",,,,,,,,,,,,,"237","14","798","172","7","0",,"2","11FF1F","1AAAA11AA1AAAA","4",,,,,,,,,,
"5801950","2017-09-29T21:20:00","20.66","-123.96",,,"1","4","2","5",,,,"11",,,,,,,,,"10132",,,"8","235",,,,"9","247",,,,,,,,,,,,,"237","3","798","172","7","0",,"2","11FF1F","1AAAA11AA1AAAA","4",,,,,,,,,,
"5801951","2017-09-29T21:20:00","21.37","-124.09",,,"1","4","2","5",,,,"11",,,,,,,,,"10136",,,"8","235",,,,"9","245",,,,,,,,,,,,,"237","14","798","172","7","0",,"2","11FF1F","1AAAA11AA1AAAA","4",,,,,,,,,,
"5801950","2017-09-29T21:30:00","20.66","-123.96",,,"1","4","2","5",,,,"11",,,,,,,,,"10131",,,"8","235",,,,"9","247",,,,,,,,,,,,,"237","3","798","172","7","0",,"2","11FF1F","1AAAA11AA1AAAA","4",,,,,,,,,,
"5801951","2017-09-29T21:30:00","21.36","-124.09",,,"1","4","2","5",,,,"11",,,,,,,,,"10134",,,"8","236",,,,"9","245",,,,,,,,,,,,,"237","14","798","172","7","0",,"2","11FF1F","1AAAA11AA1AAAA","4",,,,,,,,,,
"5801950","2017-09-29T21:40:00","20.66","-123.97",,,"1","4","2","5",,,,"11",,,,,,,,,"10130",,,"8","236",,,,"9","247",,,,,,,,,,,,,"237","3","798","172","7","0",,"2","11FF1F","1AAAA11AA1AAAA","4",,,,,,,,,,
"5801951","2017-09-29T21:40:00","21.35","-124.09",,,"1","4","2","5",,,,"11",,,,,,,,,"10134",,,"8","236",,,,"9","245",,,,,,,,,,,,,"237","14","798","172","7","0",,"2","11FF1F","1AAAA11AA1AAAA","4",,,,,,,,,,
"5801950","2017-09-29T21:50:00","20.65","-123.97",,,"1","4","2","5",,,,"11",,,,,,,,,"10129",,,"8","235",,,,"9","247",,,,,,,,,,,,,"237","3","798","172","7","0",,"2","11FF1F","1AAAA11AA1AAAA","4",,,,,,,,,,
"5801951","2017-09-29T21:50:00","21.35","-124.09",,,"1","4","2","5",,,,"11",,,,,,,,,"10133",,,"8","234",,,,"9","245",,,,,,,,,,,,,"237","14","798","172","7","0",,"2","11FF1F","1AAAA11AA1AAAA","4",,,,,,,,,,
"5801950","2017-09-29T22:00:00","20.65","-123.98",,,"1","4","2","5",,,,"11",,,,,,,,,"10128",,,"8","235",,,,"9","247",,,,,,,,,,,,,"237","3","798","172","7","0",,"2","11FF1F","1AAAA11AA1AAAA","4",,,,,,,,,,
"5801951","2017-09-29T22:00:00","21.34","-124.09",,,"1","4","2","5",,,,"11",,,,,,,,,"10132",,,"8","233",,,,"9","245",,,,,,,,,,,,,"237","14","798","172","7","0",,"2","11FF1F","1AAAA11AA1AAAA","4",,,,,,,,,,
"5801950","2017-09-29T22:10:00","20.64","-123.98",,,"1","4","2","5",,,,"11",,,,,,,,,"10128",,,"8","235",,,,"9","247",,,,,,,,,,,,,"237","3","798","172","7","0",,"2","11FF1F","1AAAA11AA1AAAA","4",,,,,,,,,,
"5801951","2017-09-29T22:10:00","21.33","-124.09",,,"1","4","2","5",,,,"11",,,,,,,,,"10130",,,"8","234",,,,"9","245",,,,,,,,,,,,,"237","14","798","172","7","0",,"2","11FF1F","1AAAA11AA1AAAA","4",,,,,,,,,,
"5801950","2017-09-29T22:20:00","20.64","-123.99",,,"1","4","2","5",,,,"11",,,,,,,,,"10127",,,"8","237",,,,"9","247",,,,,,,,,,,,,"237","3","798","172","7","0",,"2","11FF1F","1AAAA11AA1AAAA","4",,,,,,,,,,
"5801951","2017-09-29T22:20:00","21.32","-124.09",,,"1","4","2","5",,,,"11",,,,,,,,,"10129",,,"8","233",,,,"9","244",,,,,,,,,,,,,"237","14","798","172","7","0",,"2","11FF1F","1AAAA11AA1AAAA","4",,,,,,,,,,
"5801950","2017-09-29T22:30:00","20.63","-123.99",,,"1","4","2","5",,,,"11",,,,,,,,,"10126",,,"8","237",,,,"9","247",,,,,,,,,,,,,"237","3","798","172","7","0",,"2","11FF1F","1AAAA11AA1AAAA","4",,,,,,,,,,
"5801951","2017-09-29T22:30:00","21.31","-124.09",,,"1","4","2","5",,,,"11",,,,,,,,,"10128",,,"8","232",,,,"9","244",,,,,,,,,,,,,"237","14","798","172","7","0",,"2","11FF1F","1AAAA11AA1AAAA","4",,,,,,,,,,
"5801950","2017-09-29T22:40:00","20.63","-124.00",,,"1","4","2","5",,,,"11",,,,,,,,,"10126",,,"8","237",,,,"9","247",,,,,,,,,,,,,"237","4","798","172","7","0",,"2","11FF1F","1AAAA11AA1AAAA","4",,,,,,,,,,
"5801951","2017-09-29T22:40:00","21.31","-124.09",,,"1","4","2","5",,,,"11",,,,,,,,,"10128",,,"8","232",,,,"9","244",,,,,,,,,,,,,"237","14","798","172","7","0",,"2","11FF1F","1AAAA11AA1AAAA","4",,,,,,,,,,
"5801950","2017-09-29T22:50:00","20.63","-124.01",,,"1","4","2","5",,,,"11",,,,,,,,,"10125",,,"8","237",,,,"9","247",,,,,,,,,,,,,"237","4","798","172","7","0",,"2","11FF1F","1AAAA11AA1AAAA","4",,,,,,,,,,
"5801951","2017-09-29T22:50:00","21.30","-124.09",,,"1","4","2","5",,,,"11",,,,,,,,,"10126",,,"8","232",,,,"9","243",,,,,,,,,,,,,"237","14","798","172","7","0",,"2","11FF1F","1AAAA11AA1AAAA","4",,,,,,,,,,
"5801950","2017-09-29T23:00:00","20.62","-124.01",,,"1","4","2","5",,,,"11",,,,,,,,,"10124",,,"8","236",,,,"9","247",,,,,,,,,,,,,"237","4","798","172","7","0",,"2","11FF1F","1AAAA11AA1AAAA","4",,,,,,,,,,
"5801951","2017-09-29T23:00:00","21.29","-124.09",,,"1","4","2","5",,,,"11",,,,,,,,,"10125",,,"8","233",,,,"9","244",,,,,,,,,,,,,"237","14","798","172","7","0",,"2","11FF1F","1AAAA11AA1AAAA","4",,,,,,,,,,
"7KBG","2017-09-29T23:00:00","29.10","-122.80",,,"1","6","2","5","3","4",,"1",,"10","3","93","1","98","2","0","10152","0",,"8","200","0","180","169",,"210",,,,,,,,,"4","36","1","4","237","92","798","172","5","0",,"2","111111","1111111111A317",,"5",,"0",,,,,,,
"5801950","2017-09-29T23:10:00","20.62","-124.02",,,"1","4","2","5",,,,"11",,,,,,,,,"10123",,,"8","235",,,,"9","247",,,,,,,,,,,,,"237","4","798","172","7","0",,"2","11FF1F","1AAAA11AA1AAAA","4",,,,,,,,,,
"5801951","2017-09-29T23:10:00","21.28","-124.09",,,"1","4","2","5",,,,"11",,,,,,,,,"10124",,,"8","235",,,,"9","243",,,,,,,,,,,,,"237","14","798","172","7","0",,"2","11FF1F","1AAAA11AA1AAAA","4",,,,,,,,,,
"5801950","2017-09-29T23:20:00","20.62","-124.02",,,"1","4","2","5",,,,"11",,,,,,,,,"10123",,,"8","236",,,,"9","247",,,,,,,,,,,,,"237","4","798","172","7","0",,"2","11FF1F","1AAAA11AA1AAAA","4",,,,,,,,,,
"5801951","2017-09-29T23:20:00","21.27","-124.09",,,"1","4","2","5",,,,"11",,,,,,,,,"10124",,,"8","233",,,,"9","243",,,,,,,,,,,,,"237","14","798","172","7","0",,"2","11FF1F","1AAAA11AA1AAAA","4",,,,,,,,,,
"5801950","2017-09-29T23:30:00","20.62","-124.03",,,"1","4","2","5",,,,"11",,,,,,,,,"10122",,,"8","235",,,,"9","247",,,,,,,,,,,,,"237","4","798","172","7","0",,"2","11FF1F","1AAAA11AA1AAAA","4",,,,,,,,,,
"5801951","2017-09-29T23:30:00","21.27","-124.09",,,"1","4","2","5",,,,"11",,,,,,,,,"10123",,,"8","233",,,,"9","243",,,,,,,,,,,,,"237","14","798","172","7","0",,"2","11FF1F","1AAAA11AA1AAAA","4",,,,,,,,,,
"5801950","2017-09-29T23:40:00","20.61","-124.04",,,"1","4","2","5",,,,"11",,,,,,,,,"10121",,,"8","236",,,,"9","247",,,,,,,,,,,,,"237","4","798","172","7","0",,"2","11FF1F","1AAAA11AA1AAAA","4",,,,,,,,,,
"5801951","2017-09-29T23:40:00","21.26","-124.09",,,"1","4","2","5",,,,"11",,,,,,,,,"10123",,,"8","233",,,,"9","243",,,,,,,,,,,,,"237","14","798","172","7","0",,"2","11FF1F","1AAAA11AA1AAAA","4",,,,,,,,,,
"5801950","2017-09-29T23:50:00","20.61","-124.04",,,"1","4","2","5",,,,"11",,,,,,,,,"10120",,,"8","236",,,,"9","246",,,,,,,,,,,,,"237","4","798","172","7","0",,"2","11FF1F","1AAAA11AA1AAAA","4",,,,,,,,,,
"5801951","2017-09-29T23:50:00","21.25","-124.09",,,"1","4","2","5",,,,"11",,,,,,,,,"10122",,,"8","232",,,,"9","243",,,,,,,,,,,,,"237","14","798","172","7","0",,"2","11FF1F","1AAAA11AA1AAAA","4",,,,,,,,,,
"5801950","2017-09-30T00:00:00","20.61","-124.05",,,"1","3","2","5",,,,"11",,,,,,,,,,,,,,,,,,,,,,,,,,,,,,,"237","4","798","172","7","0",,"2","FFFFFF","1AAAAAAAAAAAAA","4",,,,,,,,,,
"5801951","2017-09-30T00:00:00","21.24","-124.09",,,"1","3","2","5",,,,"11",,,,,,,,,,,,,,,,,,,,,,,,,,,,,,,"237","14","798","172","7","0",,"2","FFFFFF","1AAAAAAAAAAAAA","4",,,,,,,,,,
"5801950","2017-09-30T00:10:00","20.60","-124.05",,,"1","4","2","5",,,,"11",,,,,,,,,"10120",,,"8","236",,,,"9","246",,,,,,,,,,,,,"237","4","798","172","7","0",,"2","11FF1F","1AAAA11AA1AAAA","4",,,,,,,,,,
"5801951","2017-09-30T00:10:00","21.24","-124.09",,,"1","4","2","5",,,,"11",,,,,,,,,"10122",,,"8","232",,,,"9","243",,,,,,,,,,,,,"237","14","798","172","7","0",,"2","11FF1F","1AAAA11AA1AAAA","4",,,,,,,,,,
"5801950","2017-09-30T00:20:00","20.60","-124.06",,,"1","4","2","5",,,,"11",,,,,,,,,"10120",,,"8","238",,,,"9","246",,,,,,,,,,,,,"237","4","798","172","7","0",,"2","11FF1F","1AAAA11AA1AAAA","4",,,,,,,,,,
"5801951","2017-09-30T00:20:00","21.23","-124.09",,,"1","4","2","5",,,,"11",,,,,,,,,"10122",,,"8","231",,,,"9","243",,,,,,,,,,,,,"237","14","798","172","7","0",,"2","11FF1F","1AAAA11AA1AAAA","4",,,,,,,,,,
"5801950","2017-09-30T00:30:00","20.60","-124.07",,,"1","4","2","5",,,,"11",,,,,,,,,"10120",,,"8","238",,,,"9","246",,,,,,,,,,,,,"237","4","798","172","7","0",,"2","11FF1F","1AAAA11AA1AAAA","4",,,,,,,,,,
"5801951","2017-09-30T00:30:00","21.22","-124.09",,,"1","4","2","5",,,,"11",,,,,,,,,"10123",,,"8","232",,,,"9","243",,,,,,,,,,,,,"237","14","798","172","7","0",,"2","11FF1F","1AAAA11AA1AAAA","4",,,,,,,,,,
"5801950","2017-09-30T00:40:00","20.59","-124.07",,,"1","4","2","5",,,,"11",,,,,,,,,"10120",,,"8","238",,,,"9","246",,,,,,,,,,,,,"237","4","798","172","7","0",,"2","11FF1F","1AAAA11AA1AAAA","4",,,,,,,,,,
"5801951","2017-09-30T00:40:00","21.21","-124.09",,,"1","4","2","5",,,,"11",,,,,,,,,"10123",,,"8","233",,,,"9","243",,,,,,,,,,,,,"237","14","798","172","7","0",,"2","11FF1F","1AAAA11AA1AAAA","4",,,,,,,,,,
"5801950","2017-09-30T00:50:00","20.59","-124.08",,,"1","4","2","5",,,,"11",,,,,,,,,"10121",,,"8","238",,,,"9","246",,,,,,,,,,,,,"237","4","798","172","7","0",,"2","11FF1F","1AAAA11AA1AAAA","4",,,,,,,,,,
"5801951","2017-09-30T00:50:00","21.20","-124.09",,,"1","4","2","5",,,,"11",,,,,,,,,"10124",,,"8","232",,,,"9","243",,,,,,,,,,,,,"237","14","798","172","7","0",,"2","11FF1F","1AAAA11AA1AAAA","4",,,,,,,,,,
"5801950","2017-09-30T01:00:00","20.59","-124.09",,,"1","4","2","5",,,,"11",,,,,,,,,"10121",,,"8","237",,,,"9","246",,,,,,,,,,,,,"237","4","798","172","7","0",,"2","11FF1F","1AAAA11AA1AAAA","4",,,,,,,,,,
"5801951","2017-09-30T01:00:00","21.20","-124.10",,,"1","4","2","5",,,,"11",,,,,,,,,"10123",,,"8","231",,,,"9","243",,,,,,,,,,,,,"237","14","798","172","7","0",,"2","11FF1F","1AAAA11AA1AAAA","4",,,,,,,,,,
"5801950","2017-09-30T01:10:00","20.59","-124.09",,,"1","4","2","5",,,,"11",,,,,,,,,"10121",,,"8","237",,,,"9","246",,,,,,,,,,,,,"237","4","798","172","7","0",,"2","11FF1F","1AAAA11AA1AAAA","4",,,,,,,,,,
"5801951","2017-09-30T01:10:00","21.19","-124.10",,,"1","4","2","5",,,,"11",,,,,,,,,"10124",,,"8","231",,,,"9","242",,,,,,,,,,,,,"237","14","798","172","7","0",,"2","11FF1F","1AAAA11AA1AAAA","4",,,,,,,,,,
"5801950","2017-09-30T01:20:00","20.58","-124.10",,,"1","4","2","5",,,,"11",,,,,,,,,"10121",,,"8","237",,,,"9","246",,,,,,,,,,,,,"237","4","798","172","7","0",,"2","11FF1F","1AAAA11AA1AAAA","4",,,,,,,,,,
"5801951","2017-09-30T01:20:00","21.18","-124.10",,,"1","4","2","5",,,,"11",,,,,,,,,"10124",,,"8","233",,,,"9","242",,,,,,,,,,,,,"237","14","798","172","7","0",,"2","11FF1F","1AAAA11AA1AAAA","4",,,,,,,,,,
"5801950","2017-09-30T01:30:00","20.58","-124.11",,,"1","4","2","5",,,,"11",,,,,,,,,"10122",,,"8","236",,,,"9","246",,,,,,,,,,,,,"237","4","798","172","7","0",,"2","11FF1F","1AAAA11AA1AAAA","4",,,,,,,,,,
"5801951","2017-09-30T01:30:00","21.17","-124.10",,,"1","4","2","5",,,,"11",,,,,,,,,"10124",,,"8","232",,,,"9","242",,,,,,,,,,,,,"237","14","798","172","7","0",,"2","11FF1F","1AAAA11AA1AAAA","4",,,,,,,,,,
"5801950","2017-09-30T01:40:00","20.58","-124.11",,,"1","4","2","5",,,,"11",,,,,,,,,"10122",,,"8","236",,,,"9","246",,,,,,,,,,,,,"237","4","798","172","7","0",,"2","11FF1F","1AAAA11AA1AAAA","4",,,,,,,,,,
"5801951","2017-09-30T01:40:00","21.17","-124.10",,,"1","4","2","5",,,,"11",,,,,,,,,"10124",,,"8","232",,,,"9","242",,,,,,,,,,,,,"237","14","798","172","7","0",,"2","11FF1F","1AAAA11AA1AAAA","4",,,,,,,,,,
"5801950","2017-09-30T01:50:00","20.58","-124.12",,,"1","4","2","5",,,,"11",,,,,,,,,"10123",,,"8","235",,,,"9","246",,,,,,,,,,,,,"237","4","798","172","7","0",,"2","11FF1F","1AAAA11AA1AAAA","4",,,,,,,,,,
"5801951","2017-09-30T01:50:00","21.16","-124.10",,,"1","4","2","5",,,,"11",,,,,,,,,"10124",,,"8","231",,,,"9","242",,,,,,,,,,,,,"237","14","798","172","7","0",,"2","11FF1F","1AAAA11AA1AAAA","4",,,,,,,,,,
"5801950","2017-09-30T02:00:00","20.57","-124.13",,,"1","4","2","5",,,,"11",,,,,,,,,"10124",,,"8","235",,,,"9","246",,,,,,,,,,,,,"237","4","798","172","7","0",,"2","11FF1F","1AAAA11AA1AAAA","4",,,,,,,,,,
"5801951","2017-09-30T02:00:00","21.15","-124.10",,,"1","4","2","5",,,,"11",,,,,,,,,"10126",,,"8","230",,,,"9","242",,,,,,,,,,,,,"237","14","798","172","7","0",,"2","11FF1F","1AAAA11AA1AAAA","4",,,,,,,,,,
"5801950","2017-09-30T02:10:00","20.57","-124.13",,,"1","4","2","5",,,,"11",,,,,,,,,"10124",,,"8","234",,,,"9","245",,,,,,,,,,,,,"237","4","798","172","7","0",,"2","11FF1F","1AAAA11AA1AAAA","4",,,,,,,,,,
"5801951","2017-09-30T02:10:00","21.14","-124.10",,,"1","4","2","5",,,,"11",,,,,,,,,"10126",,,"8","230",,,,"9","243",,,,,,,,,,,,,"237","14","798","172","7","0",,"2","11FF1F","1AAAA11AA1AAAA","4",,,,,,,,,,
"5801950","2017-09-30T02:20:00","20.57","-124.14",,,"1","4","2","5",,,,"11",,,,,,,,,"10125",,,"8","235",,,,"9","246",,,,,,,,,,,,,"237","4","798","172","7","0",,"2","11FF1F","1AAAA11AA1AAAA","4",,,,,,,,,,
"5801951","2017-09-30T02:20:00","21.13","-124.10",,,"1","4","2","5",,,,"11",,,,,,,,,"10126",,,"8","231",,,,"9","243",,,,,,,,,,,,,"237","14","798","172","7","0",,"2","11FF1F","1AAAA11AA1AAAA","4",,,,,,,,,,
"5801950","2017-09-30T02:30:00","20.56","-124.14",,,"1","4","2","5",,,,"11",,,,,,,,,"10125",,,"8","234",,,,"9","246",,,,,,,,,,,,,"237","4","798","172","7","0",,"1","11FF1F","1AAAA11AA1AAAA","4",,,,,,,,,,
"5801951","2017-09-30T02:30:00","21.13","-124.10",,,"1","4","2","5",,,,"11",,,,,,,,,"10127",,,"8","231",,,,"9","242",,,,,,,,,,,,,"237","14","798","172","7","0",,"1","11FF1F","1AAAA11AA1AAAA","4",,,,,,,,,,
"5801950","2017-09-30T02:40:00","20.56","-124.14",,,"1","4","2","5",,,,"11",,,,,,,,,"10126",,,"8","234",,,,"9","245",,,,,,,,,,,,,"237","4","798","172","7","0",,"1","11FF1F","1AAAA11AA1AAAA","4",,,,,,,,,,
"5801951","2017-09-30T02:40:00","21.12","-124.10",,,"1","4","2","5",,,,"11",,,,,,,,,"10128",,,"8","231",,,,"9","242",,,,,,,,,,,,,"237","14","798","172","7","0",,"1","11FF1F","1AAAA11AA1AAAA","4",,,,,,,,,,
"5801950","2017-09-30T02:50:00","20.55","-124.14",,,"1","4","2","5",,,,"11",,,,,,,,,"10128",,,"8","234",,,,"9","246",,,,,,,,,,,,,"237","4","798","172","7","0",,"1","11FF1F","1AAAA11AA1AAAA","4",,,,,,,,,,
"5801951","2017-09-30T02:50:00","21.11","-124.10",,,"1","4","2","5",,,,"11",,,,,,,,,"10129",,,"8","233",,,,"9","242",,,,,,,,,,,,,"237","14","798","172","7","0",,"1","11FF1F","1AAAA11AA1AAAA","4",,,,,,,,,,
"5801950","2017-09-30T03:00:00","20.55","-124.14",,,"1","4","2","5",,,,"11",,,,,,,,,"10128",,,"8","235",,,,"9","246",,,,,,,,,,,,,"237","4","798","172","7","0",,"1","11FF1F","1AAAA11AA1AAAA","4",,,,,,,,,,
"5801951","2017-09-30T03:00:00","21.10","-124.10",,,"1","4","2","5",,,,"11",,,,,,,,,"10130",,,"8","233",,,,"9","242",,,,,,,,,,,,,"237","14","798","172","7","0",,"1","11FF1F","1AAAA11AA1AAAA","4",,,,,,,,,,
"5801950","2017-09-30T03:10:00","20.54","-124.14",,,"1","4","2","5",,,,"11",,,,,,,,,"10130",,,"8","234",,,,"9","246",,,,,,,,,,,,,"237","4","798","172","7","0",,"1","11FF1F","1AAAA11AA1AAAA","4",,,,,,,,,,
"5801951","2017-09-30T03:10:00","21.10","-124.11",,,"1","4","2","5",,,,"11",,,,,,,,,"10131",,,"8","234",,,,"9","242",,,,,,,,,,,,,"237","14","798","172","7","0",,"1","11FF1F","1AAAA11AA1AAAA","4",,,,,,,,,,
"5801950","2017-09-30T03:20:00","20.54","-124.14",,,"1","4","2","5",,,,"11",,,,,,,,,"10130",,,"8","234",,,,"9","246",,,,,,,,,,,,,"237","4","798","172","7","0",,"1","11FF1F","1AAAA11AA1AAAA","4",,,,,,,,,,
"5801951","2017-09-30T03:20:00","21.09","-124.11",,,"1","4","2","5",,,,"11",,,,,,,,,"10132",,,"8","234",,,,"9","242",,,,,,,,,,,,,"237","14","798","172","7","0",,"1","11FF1F","1AAAA11AA1AAAA","4",,,,,,,,,,
"5801950","2017-09-30T03:30:00","20.53","-124.14",,,"1","4","2","5",,,,"11",,,,,,,,,"10132",,,"8","235",,,,"9","246",,,,,,,,,,,,,"237","4","798","172","7","0",,"1","11FF1F","1AAAA11AA1AAAA","4",,,,,,,,,,
"5801951","2017-09-30T03:30:00","21.08","-124.11",,,"1","4","2","5",,,,"11",,,,,,,,,"10134",,,"8","233",,,,"9","241",,,,,,,,,,,,,"237","14","798","172","7","0",,"1","11FF1F","1AAAA11AA1AAAA","4",,,,,,,,,,
"5801950","2017-09-30T03:40:00","20.52","-124.14",,,"1","4","2","5",,,,"11",,,,,,,,,"10133",,,"8","235",,,,"9","246",,,,,,,,,,,,,"237","4","798","172","7","0",,"1","11FF1F","1AAAA11AA1AAAA","4",,,,,,,,,,
"5801951","2017-09-30T03:40:00","21.07","-124.11",,,"1","4","2","5",,,,"11",,,,,,,,,"10134",,,"8","234",,,,"9","241",,,,,,,,,,,,,"237","14","798","172","7","0",,"1","11FF1F","1AAAA11AA1AAAA","4",,,,,,,,,,
"5801950","2017-09-30T03:50:00","20.52","-124.14",,,"1","4","2","5",,,,"11",,,,,,,,,"10133",,,"8","235",,,,"9","246",,,,,,,,,,,,,"237","4","798","172","7","0",,"1","11FF1F","1AAAA11AA1AAAA","4",,,,,,,,,,
"5801951","2017-09-30T03:50:00","21.06","-124.11",,,"1","4","2","5",,,,"11",,,,,,,,,"10135",,,"8","234",,,,"9","241",,,,,,,,,,,,,"237","14","798","172","7","0",,"1","11FF1F","1AAAA11AA1AAAA","4",,,,,,,,,,
"5801950","2017-09-30T04:00:00","20.51","-124.14",,,"1","4","2","5",,,,"11",,,,,,,,,"10134",,,"8","237",,,,"9","246",,,,,,,,,,,,,"237","4","798","172","7","0",,"1","11FF1F","1AAAA11AA1AAAA","4",,,,,,,,,,
"5801951","2017-09-30T04:00:00","21.06","-124.11",,,"1","4","2","5",,,,"11",,,,,,,,,"10137",,,"8","235",,,,"9","241",,,,,,,,,,,,,"237","14","798","172","7","0",,"1","11FF1F","1AAAA11AA1AAAA","4",,,,,,,,,,
"5801950","2017-09-30T04:10:00","20.50","-124.14",,,"1","4","2","5",,,,"11",,,,,,,,,"10135",,,"8","237",,,,"9","246",,,,,,,,,,,,,"237","4","798","172","7","0",,"1","11FF1F","1AAAA11AA1AAAA","4",,,,,,,,,,
"5801951","2017-09-30T04:10:00","21.05","-124.12",,,"1","4","2","5",,,,"11",,,,,,,,,"10138",,,"8","237",,,,"9","241",,,,,,,,,,,,,"237","14","798","172","7","0",,"1","11FF1F","1AAAA11AA1AAAA","4",,,,,,,,,,
"5801950","2017-09-30T04:20:00","20.49","-124.14",,,"1","4","2","5",,,,"11",,,,,,,,,"10136",,,"8","237",,,,"9","246",,,,,,,,,,,,,"237","4","798","172","7","0",,"1","11FF1F","1AAAA11AA1AAAA","4",,,,,,,,,,
"5801951","2017-09-30T04:20:00","21.04","-124.12",,,"1","4","2","5",,,,"11",,,,,,,,,"10139",,,"8","237",,,,"9","241",,,,,,,,,,,,,"237","14","798","172","7","0",,"1","11FF1F","1AAAA11AA1AAAA","4",,,,,,,,,,
"5801950","2017-09-30T04:30:00","20.49","-124.14",,,"1","4","2","5",,,,"11",,,,,,,,,"10137",,,"8","237",,,,"9","246",,,,,,,,,,,,,"237","4","798","172","7","0",,"1","11FF1F","1AAAA11AA1AAAA","4",,,,,,,,,,
"5801951","2017-09-30T04:30:00","21.03","-124.12",,,"1","4","2","5",,,,"11",,,,,,,,,"10139",,,"8","237",,,,"9","241",,,,,,,,,,,,,"237","14","798","172","7","0",,"1","11FF1F","1AAAA11AA1AAAA","4",,,,,,,,,,
"5801950","2017-09-30T04:40:00","20.48","-124.14",,,"1","4","2","5",,,,"11",,,,,,,,,"10139",,,"8","237",,,,"9","246",,,,,,,,,,,,,"237","4","798","172","7","0",,"1","11FF1F","1AAAA11AA1AAAA","4",,,,,,,,,,
"5801951","2017-09-30T04:40:00","21.02","-124.12",,,"1","4","2","5",,,,"11",,,,,,,,,"10141",,,"8","236",,,,"9","241",,,,,,,,,,,,,"237","14","798","172","7","0",,"1","11FF1F","1AAAA11AA1AAAA","4",,,,,,,,,,
"5801950","2017-09-30T04:50:00","20.47","-124.14",,,"1","4","2","5",,,,"11",,,,,,,,,"10141",,,"8","238",,,,"9","247",,,,,,,,,,,,,"237","4","798","172","7","0",,"1","11FF1F","1AAAA11AA1AAAA","4",,,,,,,,,,
"5801951","2017-09-30T04:50:00","21.01","-124.12",,,"1","4","2","5",,,,"11",,,,,,,,,"10142",,,"8","236",,,,"9","241",,,,,,,,,,,,,"237","14","798","172","7","0",,"1","11FF1F","1AAAA11AA1AAAA","4",,,,,,,,,,
"5801950","2017-09-30T05:00:00","20.47","-124.14",,,"1","4","2","5",,,,"11",,,,,,,,,"10141",,,"8","238",,,,"9","247",,,,,,,,,,,,,"237","4","798","172","7","0",,"1","11FF1F","1AAAA11AA1AAAA","4",,,,,,,,,,
"5801951","2017-09-30T05:00:00","21.01","-124.13",,,"1","4","2","5",,,,"11",,,,,,,,,"10143",,,"8","236",,,,"9","241",,,,,,,,,,,,,"237","14","798","172","7","0",,"1","11FF1F","1AAAA11AA1AAAA","4",,,,,,,,,,
"5801950","2017-09-30T05:10:00","20.46","-124.14",,,"1","4","2","5",,,,"11",,,,,,,,,"10142",,,"8","238",,,,"9","247",,,,,,,,,,,,,"237","4","798","172","7","0",,"1","11FF1F","1AAAA11AA1AAAA","4",,,,,,,,,,
"5801951","2017-09-30T05:10:00","21.00","-124.13",,,"1","4","2","5",,,,"11",,,,,,,,,"10143",,,"8","235",,,,"9","241",,,,,,,,,,,,,"237","14","798","172","7","0",,"1","11FF1F","1AAAA11AA1AAAA","4",,,,,,,,,,
"5801950","2017-09-30T05:20:00","20.45","-124.14",,,"1","4","2","5",,,,"11",,,,,,,,,"10142",,,"8","238",,,,"9","247",,,,,,,,,,,,,"237","4","798","172","7","0",,"1","11FF1F","1AAAA11AA1AAAA","4",,,,,,,,,,
"5801951","2017-09-30T05:20:00","20.99","-124.13",,,"1","4","2","5",,,,"11",,,,,,,,,"10144",,,"8","234",,,,"9","240",,,,,,,,,,,,,"237","4","798","172","7","0",,"1","11FF1F","1AAAA11AA1AAAA","4",,,,,,,,,,
"5801950","2017-09-30T05:30:00","20.44","-124.14",,,"1","4","2","5",,,,"11",,,,,,,,,"10143",,,"8","238",,,,"9","247",,,,,,,,,,,,,"237","4","798","172","7","0",,"1","11FF1F","1AAAA11AA1AAAA","4",,,,,,,,,,
"5801951","2017-09-30T05:30:00","20.98","-124.13",,,"1","4","2","5",,,,"11",,,,,,,,,"10145",,,"8","234",,,,"9","240",,,,,,,,,,,,,"237","4","798","172","7","0",,"1","11FF1F","1AAAA11AA1AAAA","4",,,,,,,,,,
"5801950","2017-09-30T05:40:00","20.43","-124.14",,,"1","4","2","5",,,,"11",,,,,,,,,"10143",,,"8","238",,,,"9","246",,,,,,,,,,,,,"237","4","798","172","7","0",,"1","11FF1F","1AAAA11AA1AAAA","4",,,,,,,,,,
"5801951","2017-09-30T05:40:00","20.98","-124.13",,,"1","4","2","5",,,,"11",,,,,,,,,"10145",,,"8","235",,,,"9","240",,,,,,,,,,,,,"237","4","798","172","7","0",,"1","11FF1F","1AAAA11AA1AAAA","4",,,,,,,,,,
"5801950","2017-09-30T05:50:00","20.43","-124.15",,,"1","4","2","5",,,,"11",,,,,,,,,"10143",,,"8","237",,,,"9","246",,,,,,,,,,,,,"237","4","798","172","7","0",,"1","11FF1F","1AAAA11AA1AAAA","4",,,,,,,,,,
"5801951","2017-09-30T05:50:00","20.97","-124.13",,,"1","4","2","5",,,,"11",,,,,,,,,"10145",,,"8","235",,,,"9","240",,,,,,,,,,,,,"237","4","798","172","7","0",,"1","11FF1F","1AAAA11AA1AAAA","4",,,,,,,,,,
"5801950","2017-09-30T06:00:00","20.42","-124.15",,,"1","4","2","5",,,,"11",,,,,,,,,"10143",,,"8","237",,,,"9","246",,,,,,,,,,,,,"237","4","798","172","7","0",,"1","11FF1F","1AAAA11AA1AAAA","4",,,,,,,,,,
"5801951","2017-09-30T06:00:00","20.96","-124.14",,,"1","4","2","5",,,,"11",,,,,,,,,"10145",,,"8","236",,,,"9","240",,,,,,,,,,,,,"237","4","798","172","7","0",,"1","11FF1F","1AAAA11AA1AAAA","4",,,,,,,,,,
"5801950","2017-09-30T06:10:00","20.41","-124.15",,,"1","4","2","5",,,,"11",,,,,,,,,"10144",,,"8","237",,,,"9","246",,,,,,,,,,,,,"237","4","798","172","7","0",,"1","11FF1F","1AAAA11AA1AAAA","4",,,,,,,,,,
"5801951","2017-09-30T06:10:00","20.96","-124.14",,,"1","4","2","5",,,,"11",,,,,,,,,"10146",,,"8","236",,,,"9","240",,,,,,,,,,,,,"237","4","798","172","7","0",,"1","11FF1F","1AAAA11AA1AAAA","4",,,,,,,,,,
"5801950","2017-09-30T06:20:00","20.40","-124.15",,,"1","4","2","5",,,,"11",,,,,,,,,"10145",,,"8","238",,,,"9","247",,,,,,,,,,,,,"237","4","798","172","7","0",,"1","11FF1F","1AAAA11AA1AAAA","4",,,,,,,,,,
"5801951","2017-09-30T06:20:00","20.95","-124.14",,,"1","4","2","5",,,,"11",,,,,,,,,"10146",,,"8","236",,,,"9","240",,,,,,,,,,,,,"237","4","798","172","7","0",,"1","11FF1F","1AAAA11AA1AAAA","4",,,,,,,,,,
"5801950","2017-09-30T06:30:00","20.40","-124.15",,,"1","4","2","5",,,,"11",,,,,,,,,"10144",,,"8","237",,,,"9","247",,,,,,,,,,,,,"237","4","798","172","7","0",,"1","11FF1F","1AAAA11AA1AAAA","4",,,,,,,,,,
"5801951","2017-09-30T06:30:00","20.94","-124.14",,,"1","4","2","5",,,,"11",,,,,,,,,"10146",,,"8","235",,,,"9","240",,,,,,,,,,,,,"237","4","798","172","7","0",,"1","11FF1F","1AAAA11AA1AAAA","4",,,,,,,,,,
"5801950","2017-09-30T06:40:00","20.39","-124.15",,,"1","4","2","5",,,,"11",,,,,,,,,"10144",,,"8","238",,,,"9","247",,,,,,,,,,,,,"237","4","798","172","7","0",,"1","11FF1F","1AAAA11AA1AAAA","4",,,,,,,,,,
"5801951","2017-09-30T06:40:00","20.94","-124.14",,,"1","4","2","5",,,,"11",,,,,,,,,"10146",,,"8","236",,,,"9","240",,,,,,,,,,,,,"237","4","798","172","7","0",,"1","11FF1F","1AAAA11AA1AAAA","4",,,,,,,,,,
"5801950","2017-09-30T06:50:00","20.38","-124.15",,,"1","4","2","5",,,,"11",,,,,,,,,"10144",,,"8","238",,,,"9","248",,,,,,,,,,,,,"237","4","798","172","7","0",,"1","11FF1F","1AAAA11AA1AAAA","4",,,,,,,,,,
"5801951","2017-09-30T06:50:00","20.93","-124.14",,,"1","4","2","5",,,,"11",,,,,,,,,"10146",,,"8","236",,,,"9","240",,,,,,,,,,,,,"237","4","798","172","7","0",,"1","11FF1F","1AAAA11AA1AAAA","4",,,,,,,,,,
"5801950","2017-09-30T07:00:00","20.38","-124.15",,,"1","4","2","5",,,,"11",,,,,,,,,"10145",,,"8","238",,,,"9","249",,,,,,,,,,,,,"237","4","798","172","7","0",,"1","11FF1F","1AAAA11AA1AAAA","4",,,,,,,,,,
"5801951","2017-09-30T07:00:00","20.92","-124.15",,,"1","4","2","5",,,,"11",,,,,,,,,"10146",,,"8","236",,,,"9","240",,,,,,,,,,,,,"237","4","798","172","7","0",,"1","11FF1F","1AAAA11AA1AAAA","4",,,,,,,,,,
"5801950","2017-09-30T07:10:00","20.37","-124.15",,,"1","4","2","5",,,,"11",,,,,,,,,"10144",,,"8","238",,,,"9","249",,,,,,,,,,,,,"237","4","798","172","7","0",,"1","11FF1F","1AAAA11AA1AAAA","4",,,,,,,,,,
"5801951","2017-09-30T07:10:00","20.91","-124.15",,,"1","4","2","5",,,,"11",,,,,,,,,"10146",,,"8","236",,,,"9","240",,,,,,,,,,,,,"237","4","798","172","7","0",,"1","11FF1F","1AAAA11AA1AAAA","4",,,,,,,,,,
"5801950","2017-09-30T07:20:00","20.36","-124.15",,,"1","4","2","5",,,,"11",,,,,,,,,"10144",,,"8","238",,,,"9","249",,,,,,,,,,,,,"237","4","798","172","7","0",,"1","11FF1F","1AAAA11AA1AAAA","4",,,,,,,,,,
"5801951","2017-09-30T07:20:00","20.91","-124.15",,,"1","4","2","5",,,,"11",,,,,,,,,"10146",,,"8","236",,,,"9","239",,,,,,,,,,,,,"237","4","798","172","7","0",,"1","11FF1F","1AAAA11AA1AAAA","4",,,,,,,,,,
"5801950","2017-09-30T07:30:00","20.36","-124.15",,,"1","4","2","5",,,,"11",,,,,,,,,"10144",,,"8","238",,,,"9","249",,,,,,,,,,,,,"237","4","798","172","7","0",,"1","11FF1F","1AAAA11AA1AAAA","4",,,,,,,,,,
"5801951","2017-09-30T07:30:00","20.90","-124.15",,,"1","4","2","5",,,,"11",,,,,,,,,"10145",,,"8","236",,,,"9","239",,,,,,,,,,,,,"237","4","798","172","7","0",,"1","11FF1F","1AAAA11AA1AAAA","4",,,,,,,,,,
"5801950","2017-09-30T07:40:00","20.35","-124.15",,,"1","4","2","5",,,,"11",,,,,,,,,"10143",,,"8","238",,,,"9","250",,,,,,,,,,,,,"237","4","798","172","7","0",,"1","11FF1F","1AAAA11AA1AAAA","4",,,,,,,,,,
"5801951","2017-09-30T07:40:00","20.90","-124.15",,,"1","4","2","5",,,,"11",,,,,,,,,"10145",,,"8","235",,,,"9","239",,,,,,,,,,,,,"237","4","798","172","7","0",,"1","11FF1F","1AAAA11AA1AAAA","4",,,,,,,,,,
"5801950","2017-09-30T07:50:00","20.34","-124.15",,,"1","4","2","5",,,,"11",,,,,,,,,"10142",,,"8","239",,,,"9","250",,,,,,,,,,,,,"237","4","798","172","7","0",,"1","11FF1F","1AAAA11AA1AAAA","4",,,,,,,,,,
"5801951","2017-09-30T07:50:00","20.89","-124.15",,,"1","4","2","5",,,,"11",,,,,,,,,"10144",,,"8","235",,,,"9","240",,,,,,,,,,,,,"237","4","798","172","7","0",,"1","11FF1F","1AAAA11AA1AAAA","4",,,,,,,,,,
"5801950","2017-09-30T08:00:00","20.34","-124.15",,,"1","4","2","5",,,,"11",,,,,,,,,"10142",,,"8","237",,,,"9","250",,,,,,,,,,,,,"237","4","798","172","7","0",,"1","11FF1F","1AAAA11AA1AAAA","4",,,,,,,,,,
"5801951","2017-09-30T08:00:00","20.89","-124.15",,,"1","4","2","5",,,,"11",,,,,,,,,"10144",,,"8","235",,,,"9","240",,,,,,,,,,,,,"237","4","798","172","7","0",,"1","11FF1F","1AAAA11AA1AAAA","4",,,,,,,,,,
"5801950","2017-09-30T08:10:00","20.33","-124.15",,,"1","4","2","5",,,,"11",,,,,,,,,"10141",,,"8","238",,,,"9","250",,,,,,,,,,,,,"237","4","798","172","7","0",,"1","11FF1F","1AAAA11AA1AAAA","4",,,,,,,,,,
"5801951","2017-09-30T08:10:00","20.88","-124.15",,,"1","4","2","5",,,,"11",,,,,,,,,"10143",,,"8","230",,,,"9","241",,,,,,,,,,,,,"237","4","798","172","7","0",,"1","11FF1F","1AAAA11AA1AAAA","4",,,,,,,,,,
"5801950","2017-09-30T08:20:00","20.33","-124.15",,,"1","4","2","5",,,,"11",,,,,,,,,"10140",,,"8","237",,,,"9","250",,,,,,,,,,,,,"237","4","798","172","7","0",,"1","11FF1F","1AAAA11AA1AAAA","4",,,,,,,,,,
"5801951","2017-09-30T08:20:00","20.88","-124.16",,,"1","4","2","5",,,,"11",,,,,,,,,"10142",,,"8","235",,,,"9","242",,,,,,,,,,,,,"237","4","798","172","7","0",,"1","11FF1F","1AAAA11AA1AAAA","4",,,,,,,,,,
"5801950","2017-09-30T08:30:00","20.32","-124.15",,,"1","4","2","5",,,,"11",,,,,,,,,"10139",,,"8","239",,,,"9","251",,,,,,,,,,,,,"237","4","798","172","7","0",,"1","11FF1F","1AAAA11AA1AAAA","4",,,,,,,,,,
"5801951","2017-09-30T08:30:00","20.87","-124.16",,,"1","4","2","5",,,,"11",,,,,,,,,"10141",,,"8","237",,,,"9","243",,,,,,,,,,,,,"237","4","798","172","7","0",,"1","11FF1F","1AAAA11AA1AAAA","4",,,,,,,,,,
"5801950","2017-09-30T08:40:00","20.31","-124.15",,,"1","4","2","5",,,,"11",,,,,,,,,"10138",,,"8","238",,,,"9","252",,,,,,,,,,,,,"237","4","798","172","7","0",,"1","11FF1F","1AAAA11AA1AAAA","4",,,,,,,,,,
"5801951","2017-09-30T08:40:00","20.87","-124.16",,,"1","4","2","5",,,,"11",,,,,,,,,"10140",,,"8","237",,,,"9","243",,,,,,,,,,,,,"237","4","798","172","7","0",,"1","11FF1F","1AAAA11AA1AAAA","4",,,,,,,,,,
"5801950","2017-09-30T08:50:00","20.31","-124.15",,,"1","4","2","5",,,,"11",,,,,,,,,"10137",,,"8","238",,,,"9","252",,,,,,,,,,,,,"237","4","798","172","7","0",,"1","11FF1F","1AAAA11AA1AAAA","4",,,,,,,,,,
"5801951","2017-09-30T08:50:00","20.86","-124.16",,,"1","4","2","5",,,,"11",,,,,,,,,"10139",,,"8","237",,,,"9","243",,,,,,,,,,,,,"237","4","798","172","7","0",,"1","11FF1F","1AAAA11AA1AAAA","4",,,,,,,,,,
"5801950","2017-09-30T09:00:00","20.30","-124.15",,,"1","4","2","5",,,,"11",,,,,,,,,"10136",,,"8","237",,,,"9","253",,,,,,,,,,,,,"237","4","798","172","7","0",,"1","11FF1F","1AAAA11AA1AAAA","4",,,,,,,,,,
"5801951","2017-09-30T09:00:00","20.85","-124.16",,,"1","4","2","5",,,,"11",,,,,,,,,"10138",,,"8","237",,,,"9","244",,,,,,,,,,,,,"237","4","798","172","7","0",,"1","11FF1F","1AAAA11AA1AAAA","4",,,,,,,,,,
"5801950","2017-09-30T09:10:00","20.30","-124.15",,,"1","4","2","5",,,,"11",,,,,,,,,"10135",,,"8","239",,,,"9","253",,,,,,,,,,,,,"237","4","798","172","7","0",,"1","11FF1F","1AAAA11AA1AAAA","4",,,,,,,,,,
"5801951","2017-09-30T09:10:00","20.85","-124.16",,,"1","4","2","5",,,,"11",,,,,,,,,"10137",,,"8","237",,,,"9","244",,,,,,,,,,,,,"237","4","798","172","7","0",,"1","11FF1F","1AAAA11AA1AAAA","4",,,,,,,,,,
"5801950","2017-09-30T09:20:00","20.29","-124.15",,,"1","4","2","5",,,,"11",,,,,,,,,"10135",,,"8","238",,,,"9","254",,,,,,,,,,,,,"237","4","798","172","7","0",,"1","11FF1F","1AAAA11AA1AAAA","4",,,,,,,,,,
"5801951","2017-09-30T09:20:00","20.84","-124.16",,,"1","4","2","5",,,,"11",,,,,,,,,"10136",,,"8","237",,,,"9","244",,,,,,,,,,,,,"237","4","798","172","7","0",,"1","11FF1F","1AAAA11AA1AAAA","4",,,,,,,,,,
"5801950","2017-09-30T09:30:00","20.29","-124.15",,,"1","4","2","5",,,,"11",,,,,,,,,"10134",,,"8","238",,,,"9","254",,,,,,,,,,,,,"237","4","798","172","7","0",,"1","11FF1F","1AAAA11AA1AAAA","4",,,,,,,,,,
"5801951","2017-09-30T09:30:00","20.84","-124.17",,,"1","4","2","5",,,,"11",,,,,,,,,"10135",,,"8","236",,,,"9","244",,,,,,,,,,,,,"237","4","798","172","7","0",,"1","11FF1F","1AAAA11AA1AAAA","4",,,,,,,,,,
"5801950","2017-09-30T09:40:00","20.28","-124.15",,,"1","4","2","5",,,,"11",,,,,,,,,"10133",,,"8","239",,,,"9","254",,,,,,,,,,,,,"237","4","798","172","7","0",,"1","11FF1F","1AAAA11AA1AAAA","4",,,,,,,,,,
"5801951","2017-09-30T09:40:00","20.83","-124.17",,,"1","4","2","5",,,,"11",,,,,,,,,"10135",,,"8","236",,,,"9","244",,,,,,,,,,,,,"237","4","798","172","7","0",,"1","11FF1F","1AAAA11AA1AAAA","4",,,,,,,,,,
"5801950","2017-09-30T09:50:00","20.27","-124.15",,,"1","4","2","5",,,,"11",,,,,,,,,"10131",,,"8","238",,,,"9","254",,,,,,,,,,,,,"237","4","798","172","7","0",,"1","11FF1F","1AAAA11AA1AAAA","4",,,,,,,,,,
"5801951","2017-09-30T09:50:00","20.83","-124.17",,,"1","4","2","5",,,,"11",,,,,,,,,"10135",,,"8","237",,,,"9","244",,,,,,,,,,,,,"237","4","798","172","7","0",,"1","11FF1F","1AAAA11AA1AAAA","4",,,,,,,,,,
"5801950","2017-09-30T10:00:00","20.27","-124.15",,,"1","4","2","5",,,,"11",,,,,,,,,"10132",,,"8","239",,,,"9","255",,,,,,,,,,,,,"237","4","798","172","7","0",,"1","11FF1F","1AAAA11AA1AAAA","4",,,,,,,,,,
"5801951","2017-09-30T10:00:00","20.82","-124.17",,,"1","4","2","5",,,,"11",,,,,,,,,"10134",,,"8","236",,,,"9","244",,,,,,,,,,,,,"237","4","798","172","7","0",,"1","11FF1F","1AAAA11AA1AAAA","4",,,,,,,,,,
"5801950","2017-09-30T10:10:00","20.26","-124.15",,,"1","4","2","5",,,,"11",,,,,,,,,"10131",,,"8","238",,,,"9","255",,,,,,,,,,,,,"237","4","798","172","7","0",,"1","11FF1F","1AAAA11AA1AAAA","4",,,,,,,,,,
"5801951","2017-09-30T10:10:00","20.82","-124.17",,,"1","4","2","5",,,,"11",,,,,,,,,"10133",,,"8","237",,,,"9","244",,,,,,,,,,,,,"237","4","798","172","7","0",,"1","11FF1F","1AAAA11AA1AAAA","4",,,,,,,,,,
"5801950","2017-09-30T10:20:00","20.26","-124.15",,,"1","4","2","5",,,,"11",,,,,,,,,"10130",,,"8","238",,,,"9","255",,,,,,,,,,,,,"237","4","798","172","7","0",,"1","11FF1F","1AAAA11AA1AAAA","4",,,,,,,,,,
"5801951","2017-09-30T10:20:00","20.81","-124.17",,,"1","4","2","5",,,,"11",,,,,,,,,"10133",,,"8","237",,,,"9","244",,,,,,,,,,,,,"237","4","798","172","7","0",,"1","11FF1F","1AAAA11AA1AAAA","4",,,,,,,,,,
"5801950","2017-09-30T10:30:00","20.25","-124.15",,,"1","4","2","5",,,,"11",,,,,,,,,"10130",,,"8","238",,,,"9","255",,,,,,,,,,,,,"237","4","798","172","7","0",,"1","11FF1F","1AAAA11AA1AAAA","4",,,,,,,,,,
"5801951","2017-09-30T10:30:00","20.80","-124.17",,,"1","4","2","5",,,,"11",,,,,,,,,"10132",,,"8","237",,,,"9","244",,,,,,,,,,,,,"237","4","798","172","7","0",,"1","11FF1F","1AAAA11AA1AAAA","4",,,,,,,,,,
"5801950","2017-09-30T10:40:00","20.25","-124.15",,,"1","4","2","5",,,,"11",,,,,,,,,"10129",,,"8","238",,,,"9","255",,,,,,,,,,,,,"237","4","798","172","7","0",,"1","11FF1F","1AAAA11AA1AAAA","4",,,,,,,,,,
"5801951","2017-09-30T10:40:00","20.80","-124.17",,,"1","4","2","5",,,,"11",,,,,,,,,"10132",,,"8","237",,,,"9","244",,,,,,,,,,,,,"237","4","798","172","7","0",,"1","11FF1F","1AAAA11AA1AAAA","4",,,,,,,,,,
"5801950","2017-09-30T10:50:00","20.24","-124.15",,,"1","4","2","5",,,,"11",,,,,,,,,"10129",,,"8","238",,,,"9","255",,,,,,,,,,,,,"237","4","798","172","7","0",,"1","11FF1F","1AAAA11AA1AAAA","4",,,,,,,,,,
"5801951","2017-09-30T10:50:00","20.79","-124.18",,,"1","4","2","5",,,,"11",,,,,,,,,"10131",,,"8","236",,,,"9","244",,,,,,,,,,,,,"237","4","798","172","7","0",,"1","11FF1F","1AAAA11AA1AAAA","4",,,,,,,,,,
"5801950","2017-09-30T11:00:00","20.23","-124.15",,,"1","4","2","5",,,,"11",,,,,,,,,"10128",,,"8","237",,,,"9","255",,,,,,,,,,,,,"237","4","798","172","7","0",,"1","11FF1F","1AAAA11AA1AAAA","4",,,,,,,,,,
"5801951","2017-09-30T11:00:00","20.79","-124.18",,,"1","4","2","5",,,,"11",,,,,,,,,"10131",,,"8","237",,,,"9","244",,,,,,,,,,,,,"237","4","798","172","7","0",,"1","11FF1F","1AAAA11AA1AAAA","4",,,,,,,,,,
"5801950","2017-09-30T11:10:00","20.23","-124.15",,,"1","4","2","5",,,,"11",,,,,,,,,"10128",,,"8","237",,,,"9","256",,,,,,,,,,,,,"237","4","798","172","7","0",,"1","11FF1F","1AAAA11AA1AAAA","4",,,,,,,,,,
"5801951","2017-09-30T11:10:00","20.78","-124.18",,,"1","4","2","5",,,,"11",,,,,,,,,"10131",,,"8","237",,,,"9","244",,,,,,,,,,,,,"237","4","798","172","7","0",,"1","11FF1F","1AAAA11AA1AAAA","4",,,,,,,,,,
"5801950","2017-09-30T11:20:00","20.22","-124.15",,,"1","4","2","5",,,,"11",,,,,,,,,"10129",,,"8","238",,,,"9","256",,,,,,,,,,,,,"237","4","798","172","7","0",,"1","11FF1F","1AAAA11AA1AAAA","4",,,,,,,,,,
"5801951","2017-09-30T11:20:00","20.77","-124.18",,,"1","4","2","5",,,,"11",,,,,,,,,"10131",,,"8","236",,,,"9","245",,,,,,,,,,,,,"237","4","798","172","7","0",,"1","11FF1F","1AAAA11AA1AAAA","4",,,,,,,,,,
"5801950","2017-09-30T11:30:00","20.22","-124.15",,,"1","4","2","5",,,,"11",,,,,,,,,"10129",,,"8","238",,,,"9","256",,,,,,,,,,,,,"237","4","798","172","7","0",,"1","11FF1F","1AAAA11AA1AAAA","4",,,,,,,,,,
"5801951","2017-09-30T11:30:00","20.77","-124.18",,,"1","4","2","5",,,,"11",,,,,,,,,"10131",,,"8","235",,,,"9","245",,,,,,,,,,,,,"237","4","798","172","7","0",,"1","11FF1F","1AAAA11AA1AAAA","4",,,,,,,,,,
"5801950","2017-09-30T11:40:00","20.21","-124.15",,,"1","4","2","5",,,,"11",,,,,,,,,"10129",,,"8","238",,,,"9","256",,,,,,,,,,,,,"237","4","798","172","7","0",,"1","11FF1F","1AAAA11AA1AAAA","4",,,,,,,,,,
"5801951","2017-09-30T11:40:00","20.76","-124.18",,,"1","4","2","5",,,,"11",,,,,,,,,"10132",,,"8","236",,,,"9","245",,,,,,,,,,,,,"237","4","798","172","7","0",,"1","11FF1F","1AAAA11AA1AAAA","4",,,,,,,,,,
"5801950","2017-09-30T11:50:00","20.21","-124.16",,,"1","4","2","5",,,,"11",,,,,,,,,"10129",,,"8","238",,,,"9","256",,,,,,,,,,,,,"237","4","798","172","7","0",,"1","11FF1F","1AAAA11AA1AAAA","4",,,,,,,,,,
"5801951","2017-09-30T11:50:00","20.75","-124.18",,,"1","4","2","5",,,,"11",,,,,,,,,"10132",,,"8","235",,,,"9","244",,,,,,,,,,,,,"237","4","798","172","7","0",,"1","11FF1F","1AAAA11AA1AAAA","4",,,,,,,,,,
"5801950","2017-09-30T12:00:00","20.20","-124.16",,,"1","4","2","5",,,,"11",,,,,,,,,"10130",,,"8","238",,,,"9","256",,,,,,,,,,,,,"237","4","798","172","7","0",,"1","11FF1F","1AAAA11AA1AAAA","4",,,,,,,,,,
"5801951","2017-09-30T12:00:00","20.75","-124.18",,,"1","4","2","5",,,,"11",,,,,,,,,"10132",,,"8","236",,,,"9","244",,,,,,,,,,,,,"237","4","798","172","7","0",,"1","11FF1F","1AAAA11AA1AAAA","4",,,,,,,,,,
"5801950","2017-09-30T12:10:00","20.20","-124.16",,,"1","4","2","5",,,,"11",,,,,,,,,"10130",,,"8","239",,,,"9","256",,,,,,,,,,,,,"237","4","798","172","7","0",,"1","11FF1F","1AAAA11AA1AAAA","4",,,,,,,,,,
"5801951","2017-09-30T12:10:00","20.74","-124.18",,,"1","4","2","5",,,,"11",,,,,,,,,"10132",,,"8","236",,,,"9","244",,,,,,,,,,,,,"237","4","798","172","7","0",,"1","11FF1F","1AAAA11AA1AAAA","4",,,,,,,,,,
"5801950","2017-09-30T12:20:00","20.19","-124.16",,,"1","4","2","5",,,,"11",,,,,,,,,"10131",,,"8","240",,,,"9","256",,,,,,,,,,,,,"237","4","798","172","7","0",,"1","11FF1F","1AAAA11AA1AAAA","4",,,,,,,,,,
"5801951","2017-09-30T12:20:00","20.73","-124.18",,,"1","4","2","5",,,,"11",,,,,,,,,"10134",,,"8","237",,,,"9","244",,,,,,,,,,,,,"237","4","798","172","7","0",,"1","11FF1F","1AAAA11AA1AAAA","4",,,,,,,,,,
"5801950","2017-09-30T12:30:00","20.18","-124.16",,,"1","4","2","5",,,,"11",,,,,,,,,"10133",,,"8","239",,,,"9","256",,,,,,,,,,,,,"237","4","798","172","7","0",,"1","11FF1F","1AAAA11AA1AAAA","4",,,,,,,,,,
"5801951","2017-09-30T12:30:00","20.72","-124.18",,,"1","4","2","5",,,,"11",,,,,,,,,"10135",,,"8","236",,,,"9","244",,,,,,,,,,,,,"237","4","798","172","7","0",,"1","11FF1F","1AAAA11AA1AAAA","4",,,,,,,,,,
"5801950","2017-09-30T12:40:00","20.18","-124.16",,,"1","4","2","5",,,,"11",,,,,,,,,"10133",,,"8","240",,,,"9","256",,,,,,,,,,,,,"237","4","798","172","7","0",,"1","11FF1F","1AAAA11AA1AAAA","4",,,,,,,,,,
"5801951","2017-09-30T12:40:00","20.71","-124.18",,,"1","4","2","5",,,,"11",,,,,,,,,"10136",,,"8","236",,,,"9","244",,,,,,,,,,,,,"237","4","798","172","7","0",,"1","11FF1F","1AAAA11AA1AAAA","4",,,,,,,,,,
"5801950","2017-09-30T12:50:00","20.17","-124.16",,,"1","4","2","5",,,,"11",,,,,,,,,"10134",,,"8","241",,,,"9","256",,,,,,,,,,,,,"237","4","798","172","7","0",,"1","11FF1F","1AAAA11AA1AAAA","4",,,,,,,,,,
"5801951","2017-09-30T12:50:00","20.71","-124.18",,,"1","4","2","5",,,,"11",,,,,,,,,"10136",,,"8","235",,,,"9","244",,,,,,,,,,,,,"237","4","798","172","7","0",,"1","11FF1F","1AAAA11AA1AAAA","4",,,,,,,,,,
"5801950","2017-09-30T13:00:00","20.17","-124.16",,,"1","4","2","5",,,,"11",,,,,,,,,"10135",,,"8","242",,,,"9","256",,,,,,,,,,,,,"237","4","798","172","7","0",,"1","11FF1F","1AAAA11AA1AAAA","4",,,,,,,,,,
"5801951","2017-09-30T13:00:00","20.70","-124.18",,,"1","4","2","5",,,,"11",,,,,,,,,"10137",,,"8","236",,,,"9","244",,,,,,,,,,,,,"237","4","798","172","7","0",,"1","11FF1F","1AAAA11AA1AAAA","4",,,,,,,,,,
"5801950","2017-09-30T13:10:00","20.16","-124.16",,,"1","4","2","5",,,,"11",,,,,,,,,"10136",,,"8","242",,,,"9","256",,,,,,,,,,,,,"237","4","798","172","7","0",,"1","11FF1F","1AAAA11AA1AAAA","4",,,,,,,,,,
"5801951","2017-09-30T13:10:00","20.69","-124.18",,,"1","4","2","5",,,,"11",,,,,,,,,"10138",,,"8","236",,,,"9","244",,,,,,,,,,,,,"237","4","798","172","7","0",,"1","11FF1F","1AAAA11AA1AAAA","4",,,,,,,,,,
"5801950","2017-09-30T13:20:00","20.16","-124.16",,,"1","4","2","5",,,,"11",,,,,,,,,"10137",,,"8","242",,,,"9","256",,,,,,,,,,,,,"237","4","798","172","7","0",,"1","11FF1F","1AAAA11AA1AAAA","4",,,,,,,,,,
"5801951","2017-09-30T13:20:00","20.68","-124.18",,,"1","4","2","5",,,,"11",,,,,,,,,"10139",,,"8","237",,,,"9","244",,,,,,,,,,,,,"237","4","798","172","7","0",,"1","11FF1F","1AAAA11AA1AAAA","4",,,,,,,,,,
"5801950","2017-09-30T13:30:00","20.15","-124.16",,,"1","4","2","5",,,,"11",,,,,,,,,"10137",,,"8","242",,,,"9","256",,,,,,,,,,,,,"237","4","798","172","7","0",,"1","11FF1F","1AAAA11AA1AAAA","4",,,,,,,,,,
"5801951","2017-09-30T13:30:00","20.67","-124.18",,,"1","4","2","5",,,,"11",,,,,,,,,"10140",,,"8","238",,,,"9","244",,,,,,,,,,,,,"237","4","798","172","7","0",,"1","11FF1F","1AAAA11AA1AAAA","4",,,,,,,,,,
"5801950","2017-09-30T13:40:00","20.14","-124.16",,,"1","4","2","5",,,,"11",,,,,,,,,"10138",,,"8","242",,,,"9","256",,,,,,,,,,,,,"237","4","798","172","7","0",,"1","11FF1F","1AAAA11AA1AAAA","4",,,,,,,,,,
"5801951","2017-09-30T13:40:00","20.66","-124.18",,,"1","4","2","5",,,,"11",,,,,,,,,"10141",,,"8","237",,,,"9","244",,,,,,,,,,,,,"237","4","798","172","7","0",,"1","11FF1F","1AAAA11AA1AAAA","4",,,,,,,,,,
"5801950","2017-09-30T13:50:00","20.14","-124.16",,,"1","4","2","5",,,,"11",,,,,,,,,"10139",,,"8","242",,,,"9","255",,,,,,,,,,,,,"237","4","798","172","7","0",,"1","11FF1F","1AAAA11AA1AAAA","4",,,,,,,,,,
"5801951","2017-09-30T13:50:00","20.66","-124.18",,,"1","4","2","5",,,,"11",,,,,,,,,"10141",,,"8","237",,,,"9","244",,,,,,,,,,,,,"237","4","798","172","7","0",,"1","11FF1F","1AAAA11AA1AAAA","4",,,,,,,,,,
"5801950","2017-09-30T14:00:00","20.13","-124.16",,,"1","4","2","5",,,,"11",,,,,,,,,"10140",,,"8","242",,,,"9","255",,,,,,,,,,,,,"237","4","798","172","7","0",,"1","11FF1F","1AAAA11AA1AAAA","4",,,,,,,,,,
"5801951","2017-09-30T14:00:00","20.65","-124.18",,,"1","4","2","5",,,,"11",,,,,,,,,"10142",,,"8","239",,,,"9","244",,,,,,,,,,,,,"237","4","798","172","7","0",,"1","11FF1F","1AAAA11AA1AAAA","4",,,,,,,,,,
"5801950","2017-09-30T14:10:00","20.13","-124.16",,,"1","4","2","5",,,,"11",,,,,,,,,"10140",,,"8","242",,,,"9","255",,,,,,,,,,,,,"237","4","798","172","7","0",,"1","11FF1F","1AAAA11AA1AAAA","4",,,,,,,,,,
"5801951","2017-09-30T14:10:00","20.64","-124.18",,,"1","4","2","5",,,,"11",,,,,,,,,"10143",,,"8","238",,,,"9","244",,,,,,,,,,,,,"237","4","798","172","7","0",,"1","11FF1F","1AAAA11AA1AAAA","4",,,,,,,,,,
"5801950","2017-09-30T14:20:00","20.12","-124.16",,,"1","4","2","5",,,,"11",,,,,,,,,"10141",,,"8","242",,,,"9","255",,,,,,,,,,,,,"237","4","798","172","7","0",,"2","11FF1F","1AAAA11AA1AAAA","4",,,,,,,,,,
"5801951","2017-09-30T14:20:00","20.64","-124.18",,,"1","4","2","5",,,,"11",,,,,,,,,"10143",,,"8","239",,,,"9","244",,,,,,,,,,,,,"237","4","798","172","7","0",,"2","11FF1F","1AAAA11AA1AAAA","4",,,,,,,,,,
"5801950","2017-09-30T14:30:00","20.11","-124.16",,,"1","4","2","5",,,,"11",,,,,,,,,"10142",,,"8","241",,,,"9","255",,,,,,,,,,,,,"237","4","798","172","7","0",,"2","11FF1F","1AAAA11AA1AAAA","4",,,,,,,,,,
"5801951","2017-09-30T14:30:00","20.63","-124.18",,,"1","4","2","5",,,,"11",,,,,,,,,"10145",,,"8","238",,,,"9","244",,,,,,,,,,,,,"237","4","798","172","7","0",,"2","11FF1F","1AAAA11AA1AAAA","4",,,,,,,,,,
"5801950","2017-09-30T14:40:00","20.11","-124.15",,,"1","4","2","5",,,,"11",,,,,,,,,"10142",,,"8","242",,,,"9","255",,,,,,,,,,,,,"237","4","798","172","7","0",,"2","11FF1F","1AAAA11AA1AAAA","4",,,,,,,,,,
"5801951","2017-09-30T14:40:00","20.62","-124.18",,,"1","4","2","5",,,,"11",,,,,,,,,"10145",,,"8","238",,,,"9","244",,,,,,,,,,,,,"237","4","798","172","7","0",,"2","11FF1F","1AAAA11AA1AAAA","4",,,,,,,,,,
"5801950","2017-09-30T14:50:00","20.10","-124.15",,,"1","4","2","5",,,,"11",,,,,,,,,"10144",,,"8","242",,,,"9","255",,,,,,,,,,,,,"237","4","798","172","7","0",,"2","11FF1F","1AAAA11AA1AAAA","4",,,,,,,,,,
"5801951","2017-09-30T14:50:00","20.61","-124.18",,,"1","4","2","5",,,,"11",,,,,,,,,"10147",,,"8","237",,,,"9","244",,,,,,,,,,,,,"237","4","798","172","7","0",,"2","11FF1F","1AAAA11AA1AAAA","4",,,,,,,,,,
"5801950","2017-09-30T15:00:00","20.10","-124.15",,,"1","4","2","5",,,,"11",,,,,,,,,"10145",,,"8","243",,,,"9","255",,,,,,,,,,,,,"237","4","798","172","7","0",,"2","11FF1F","1AAAA11AA1AAAA","4",,,,,,,,,,
"5801951","2017-09-30T15:00:00","20.61","-124.18",,,"1","4","2","5",,,,"11",,,,,,,,,"10148",,,"8","237",,,,"9","244",,,,,,,,,,,,,"237","4","798","172","7","0",,"2","11FF1F","1AAAA11AA1AAAA","4",,,,,,,,,,
"5801950","2017-09-30T15:10:00","20.09","-124.15",,,"1","4","2","5",,,,"11",,,,,,,,,"10145",,,"8","243",,,,"9","255",,,,,,,,,,,,,"237","4","798","172","7","0",,"2","11FF1F","1AAAA11AA1AAAA","4",,,,,,,,,,
"5801951","2017-09-30T15:10:00","20.60","-124.18",,,"1","4","2","5",,,,"11",,,,,,,,,"10148",,,"8","237",,,,"9","244",,,,,,,,,,,,,"237","4","798","172","7","0",,"2","11FF1F","1AAAA11AA1AAAA","4",,,,,,,,,,
"5801950","2017-09-30T15:20:00","20.09","-124.15",,,"1","4","2","5",,,,"11",,,,,,,,,"10146",,,"8","243",,,,"9","255",,,,,,,,,,,,,"237","4","798","172","7","0",,"2","11FF1F","1AAAA11AA1AAAA","4",,,,,,,,,,
"5801951","2017-09-30T15:20:00","20.59","-124.18",,,"1","4","2","5",,,,"11",,,,,,,,,"10148",,,"8","237",,,,"9","244",,,,,,,,,,,,,"237","4","798","172","7","0",,"2","11FF1F","1AAAA11AA1AAAA","4",,,,,,,,,,
"5801950","2017-09-30T15:30:00","20.08","-124.15",,,"1","4","2","5",,,,"11",,,,,,,,,"10147",,,"8","243",,,,"9","255",,,,,,,,,,,,,"237","4","798","172","7","0",,"2","11FF1F","1AAAA11AA1AAAA","4",,,,,,,,,,
"5801951","2017-09-30T15:30:00","20.58","-124.18",,,"1","4","2","5",,,,"11",,,,,,,,,"10150",,,"8","239",,,,"9","244",,,,,,,,,,,,,"237","4","798","172","7","0",,"2","11FF1F","1AAAA11AA1AAAA","4",,,,,,,,,,
"5801950","2017-09-30T15:40:00","20.07","-124.15",,,"1","4","2","5",,,,"11",,,,,,,,,"10148",,,"8","244",,,,"9","255",,,,,,,,,,,,,"237","4","798","172","7","0",,"2","11FF1F","1AAAA11AA1AAAA","4",,,,,,,,,,
"5801951","2017-09-30T15:40:00","20.58","-124.18",,,"1","4","2","5",,,,"11",,,,,,,,,"10150",,,"8","240",,,,"9","244",,,,,,,,,,,,,"237","4","798","172","7","0",,"2","11FF1F","1AAAA11AA1AAAA","4",,,,,,,,,,
"5801950","2017-09-30T15:50:00","20.07","-124.15",,,"1","4","2","5",,,,"11",,,,,,,,,"10149",,,"8","244",,,,"9","255",,,,,,,,,,,,,"237","4","798","172","7","0",,"2","11FF1F","1AAAA11AA1AAAA","4",,,,,,,,,,
"5801951","2017-09-30T15:50:00","20.57","-124.18",,,"1","4","2","5",,,,"11",,,,,,,,,"10151",,,"8","239",,,,"9","245",,,,,,,,,,,,,"237","4","798","172","7","0",,"2","11FF1F","1AAAA11AA1AAAA","4",,,,,,,,,,
"5801950","2017-09-30T16:00:00","20.06","-124.15",,,"1","4","2","5",,,,"11",,,,,,,,,"10150",,,"8","244",,,,"9","256",,,,,,,,,,,,,"237","4","798","172","7","0",,"2","11FF1F","1AAAA11AA1AAAA","4",,,,,,,,,,
"5801951","2017-09-30T16:00:00","20.56","-124.18",,,"1","4","2","5",,,,"11",,,,,,,,,"10151",,,"8","239",,,,"9","245",,,,,,,,,,,,,"237","4","798","172","7","0",,"2","11FF1F","1AAAA11AA1AAAA","4",,,,,,,,,,
"5801950","2017-09-30T16:10:00","20.06","-124.15",,,"1","4","2","5",,,,"11",,,,,,,,,"10151",,,"8","244",,,,"9","256",,,,,,,,,,,,,"237","4","798","172","7","0",,"2","11FF1F","1AAAA11AA1AAAA","4",,,,,,,,,,
"5801951","2017-09-30T16:10:00","20.55","-124.18",,,"1","4","2","5",,,,"11",,,,,,,,,"10153",,,"8","239",,,,"9","245",,,,,,,,,,,,,"237","4","798","172","7","0",,"2","11FF1F","1AAAA11AA1AAAA","4",,,,,,,,,,
"5801950","2017-09-30T16:20:00","20.05","-124.15",,,"1","4","2","5",,,,"11",,,,,,,,,"10151",,,"8","244",,,,"9","256",,,,,,,,,,,,,"237","4","798","172","7","0",,"2","11FF1F","1AAAA11AA1AAAA","4",,,,,,,,,,
"5801951","2017-09-30T16:20:00","20.55","-124.18",,,"1","4","2","5",,,,"11",,,,,,,,,"10153",,,"8","240",,,,"9","245",,,,,,,,,,,,,"237","4","798","172","7","0",,"2","11FF1F","1AAAA11AA1AAAA","4",,,,,,,,,,
"5801950","2017-09-30T16:30:00","20.05","-124.15",,,"1","4","2","5",,,,"11",,,,,,,,,"10152",,,"8","245",,,,"9","256",,,,,,,,,,,,,"237","4","798","172","7","0",,"2","11FF1F","1AAAA11AA1AAAA","4",,,,,,,,,,
"5801951","2017-09-30T16:30:00","20.54","-124.18",,,"1","4","2","5",,,,"11",,,,,,,,,"10154",,,"8","239",,,,"9","245",,,,,,,,,,,,,"237","4","798","172","7","0",,"2","11FF1F","1AAAA11AA1AAAA","4",,,,,,,,,,
"5801950","2017-09-30T16:40:00","20.04","-124.15",,,"1","4","2","5",,,,"11",,,,,,,,,"10152",,,"8","245",,,,"9","256",,,,,,,,,,,,,"237","4","798","172","7","0",,"2","11FF1F","1AAAA11AA1AAAA","4",,,,,,,,,,
"5801951","2017-09-30T16:40:00","20.53","-124.18",,,"1","4","2","5",,,,"11",,,,,,,,,"10155",,,"8","240",,,,"9","245",,,,,,,,,,,,,"237","4","798","172","7","0",,"2","11FF1F","1AAAA11AA1AAAA","4",,,,,,,,,,
"5801950","2017-09-30T16:50:00","20.04","-124.15",,,"1","4","2","5",,,,"11",,,,,,,,,"10153",,,"8","246",,,,"9","256",,,,,,,,,,,,,"237","4","798","172","7","0",,"2","11FF1F","1AAAA11AA1AAAA","4",,,,,,,,,,
"5801951","2017-09-30T16:50:00","20.52","-124.18",,,"1","4","2","5",,,,"11",,,,,,,,,"10156",,,"8","240",,,,"9","245",,,,,,,,,,,,,"237","4","798","172","7","0",,"2","11FF1F","1AAAA11AA1AAAA","4",,,,,,,,,,
"5801950","2017-09-30T17:00:00","20.03","-124.15",,,"1","4","2","5",,,,"11",,,,,,,,,"10153",,,"8","247",,,,"9","256",,,,,,,,,,,,,"237","4","798","172","7","0",,"2","11FF1F","1AAAA11AA1AAAA","4",,,,,,,,,,
"5801951","2017-09-30T17:00:00","20.52","-124.18",,,"1","4","2","5",,,,"11",,,,,,,,,"10156",,,"8","240",,,,"9","245",,,,,,,,,,,,,"237","4","798","172","7","0",,"2","11FF1F","1AAAA11AA1AAAA","4",,,,,,,,,,
"5801950","2017-09-30T17:10:00","20.03","-124.15",,,"1","4","2","5",,,,"11",,,,,,,,,"10153",,,"8","246",,,,"9","256",,,,,,,,,,,,,"237","4","798","172","7","0",,"2","11FF1F","1AAAA11AA1AAAA","4",,,,,,,,,,
"5801951","2017-09-30T17:10:00","20.51","-124.18",,,"1","4","2","5",,,,"11",,,,,,,,,"10155",,,"8","240",,,,"9","245",,,,,,,,,,,,,"237","4","798","172","7","0",,"2","11FF1F","1AAAA11AA1AAAA","4",,,,,,,,,,
"5801950","2017-09-30T17:20:00","20.02","-124.15",,,"1","4","2","5",,,,"11",,,,,,,,,"10153",,,"8","246",,,,"9","256",,,,,,,,,,,,,"237","4","798","172","7","0",,"2","11FF1F","1AAAA11AA1AAAA","4",,,,,,,,,,
"5801951","2017-09-30T17:20:00","20.50","-124.18",,,"1","4","2","5",,,,"11",,,,,,,,,"10156",,,"8","241",,,,"9","245",,,,,,,,,,,,,"237","4","798","172","7","0",,"2","11FF1F","1AAAA11AA1AAAA","4",,,,,,,,,,
"5801950","2017-09-30T17:30:00","20.01","-124.15",,,"1","4","2","5",,,,"11",,,,,,,,,"10154",,,"8","247",,,,"9","256",,,,,,,,,,,,,"237","4","798","172","7","0",,"2","11FF1F","1AAAA11AA1AAAA","4",,,,,,,,,,
"5801951","2017-09-30T17:30:00","20.49","-124.18",,,"1","4","2","5",,,,"11",,,,,,,,,"10156",,,"8","240",,,,"9","245",,,,,,,,,,,,,"237","4","798","172","7","0",,"2","11FF1F","1AAAA11AA1AAAA","4",,,,,,,,,,
"5801950","2017-09-30T17:40:00","20.01","-124.15",,,"1","4","2","5",,,,"11",,,,,,,,,"10154",,,"8","247",,,,"9","256",,,,,,,,,,,,,"237","4","798","172","7","0",,"2","11FF1F","1AAAA11AA1AAAA","4",,,,,,,,,,
"5801951","2017-09-30T17:40:00","20.49","-124.18",,,"1","4","2","5",,,,"11",,,,,,,,,"10157",,,"8","240",,,,"9","246",,,,,,,,,,,,,"237","4","798","172","7","0",,"2","11FF1F","1AAAA11AA1AAAA","4",,,,,,,,,,
"5801950","2017-09-30T17:50:00","20.00","-124.15",,,"1","4","2","5",,,,"11",,,,,,,,,"10154",,,"8","248",,,,"9","257",,,,,,,,,,,,,"237","4","798","172","7","0",,"2","11FF1F","1AAAA11AA1AAAA","4",,,,,,,,,,
"5801951","2017-09-30T17:50:00","20.48","-124.18",,,"1","4","2","5",,,,"11",,,,,,,,,"10157",,,"8","241",,,,"9","246",,,,,,,,,,,,,"237","4","798","172","7","0",,"2","11FF1F","1AAAA11AA1AAAA","4",,,,,,,,,,
"5801950","2017-09-30T18:00:00","20.00","-124.15",,,"1","4","2","5",,,,"11",,,,,,,,,"10154",,,"8","248",,,,"9","257",,,,,,,,,,,,,"237","4","798","172","7","0",,"2","11FF1F","1AAAA11AA1AAAA","4",,,,,,,,,,
"5801951","2017-09-30T18:00:00","20.47","-124.18",,,"1","4","2","5",,,,"11",,,,,,,,,"10156",,,"8","241",,,,"9","246",,,,,,,,,,,,,"237","4","798","172","7","0",,"2","11FF1F","1AAAA11AA1AAAA","4",,,,,,,,,,
"5801951","2017-09-30T18:10:00","20.46","-124.18",,,"1","4","2","5",,,,"11",,,,,,,,,"10157",,,"8","242",,,,"9","246",,,,,,,,,,,,,"237","4","798","172","7","0",,"2","11FF1F","1AAAA11AA1AAAA","4",,,,,,,,,,
"5801951","2017-09-30T18:20:00","20.46","-124.18",,,"1","4","2","5",,,,"11",,,,,,,,,"10156",,,"8","242",,,,"9","246",,,,,,,,,,,,,"237","4","798","172","7","0",,"2","11FF1F","1AAAA11AA1AAAA","4",,,,,,,,,,
"5801951","2017-09-30T18:30:00","20.45","-124.18",,,"1","4","2","5",,,,"11",,,,,,,,,"10156",,,"8","242",,,,"9","246",,,,,,,,,,,,,"237","4","798","172","7","0",,"2","11FF1F","1AAAA11AA1AAAA","4",,,,,,,,,,
"5801951","2017-09-30T18:40:00","20.44","-124.18",,,"1","4","2","5",,,,"11",,,,,,,,,"10155",,,"8","242",,,,"9","246",,,,,,,,,,,,,"237","4","798","172","7","0",,"2","11FF1F","1AAAA11AA1AAAA","4",,,,,,,,,,
"5801951","2017-09-30T18:50:00","20.44","-124.18",,,"1","4","2","5",,,,"11",,,,,,,,,"10155",,,"8","242",,,,"9","246",,,,,,,,,,,,,"237","4","798","172","7","0",,"2","11FF1F","1AAAA11AA1AAAA","4",,,,,,,,,,
"5801951","2017-09-30T19:00:00","20.43","-124.18",,,"1","4","2","5",,,,"11",,,,,,,,,"10154",,,"8","241",,,,"9","246",,,,,,,,,,,,,"237","4","798","172","7","0",,"2","11FF1F","1AAAA11AA1AAAA","4",,,,,,,,,,
"5801951","2017-09-30T19:10:00","20.42","-124.18",,,"1","4","2","5",,,,"11",,,,,,,,,"10153",,,"8","240",,,,"9","246",,,,,,,,,,,,,"237","4","798","172","7","0",,"2","11FF1F","1AAAA11AA1AAAA","4",,,,,,,,,,
"5801951","2017-09-30T19:20:00","20.41","-124.18",,,"1","4","2","5",,,,"11",,,,,,,,,"10152",,,"8","240",,,,"9","247",,,,,,,,,,,,,"237","4","798","172","7","0",,"2","11FF1F","1AAAA11AA1AAAA","4",,,,,,,,,,
"5801951","2017-09-30T19:30:00","20.40","-124.18",,,"1","4","2","5",,,,"11",,,,,,,,,"10151",,,"8","240",,,,"9","247",,,,,,,,,,,,,"237","4","798","172","7","0",,"2","11FF1F","1AAAA11AA1AAAA","4",,,,,,,,,,
"5801951","2017-09-30T19:40:00","20.40","-124.18",,,"1","4","2","5",,,,"11",,,,,,,,,"10150",,,"8","240",,,,"9","248",,,,,,,,,,,,,"237","4","798","172","7","0",,"2","11FF1F","1AAAA11AA1AAAA","4",,,,,,,,,,
"5801951","2017-09-30T19:50:00","20.39","-124.18",,,"1","4","2","5",,,,"11",,,,,,,,,"10149",,,"8","240",,,,"9","248",,,,,,,,,,,,,"237","4","798","172","7","0",,"2","11FF1F","1AAAA11AA1AAAA","4",,,,,,,,,,
"5801951","2017-09-30T20:00:00","20.38","-124.18",,,"1","4","2","5",,,,"11",,,,,,,,,"10148",,,"8","238",,,,"9","248",,,,,,,,,,,,,"237","4","798","172","7","0",,"2","11FF1F","1AAAA11AA1AAAA","4",,,,,,,,,,
"5801951","2017-09-30T20:10:00","20.37","-124.18",,,"1","4","2","5",,,,"11",,,,,,,,,"10148",,,"8","238",,,,"9","248",,,,,,,,,,,,,"237","4","798","172","7","0",,"2","11FF1F","1AAAA11AA1AAAA","4",,,,,,,,,,
"5801951","2017-09-30T20:20:00","20.37","-124.18",,,"1","4","2","5",,,,"11",,,,,,,,,"10147",,,"8","238",,,,"9","248",,,,,,,,,,,,,"237","4","798","172","7","0",,"2","11FF1F","1AAAA11AA1AAAA","4",,,,,,,,,,
"5801951","2017-09-30T20:30:00","20.36","-124.18",,,"1","4","2","5",,,,"11",,,,,,,,,"10145",,,"8","238",,,,"9","247",,,,,,,,,,,,,"237","4","798","172","7","0",,"2","11FF1F","1AAAA11AA1AAAA","4",,,,,,,,,,
"5801951","2017-09-30T20:40:00","20.35","-124.18",,,"1","4","2","5",,,,"11",,,,,,,,,"10142",,,"8","239",,,,"9","247",,,,,,,,,,,,,"237","4","798","172","7","0",,"2","11FF1F","1AAAA11AA1AAAA","4",,,,,,,,,,
"5801951","2017-09-30T20:50:00","20.35","-124.18",,,"1","4","2","5",,,,"11",,,,,,,,,"10140",,,"8","238",,,,"9","247",,,,,,,,,,,,,"237","4","798","172","7","0",,"2","11FF1F","1AAAA11AA1AAAA","4",,,,,,,,,,
"5801951","2017-09-30T21:00:00","20.34","-124.18",,,"1","4","2","5",,,,"11",,,,,,,,,"10139",,,"8","238",,,,"9","247",,,,,,,,,,,,,"237","4","798","172","7","0",,"2","11FF1F","1AAAA11AA1AAAA","4",,,,,,,,,,
"5801951","2017-09-30T21:10:00","20.33","-124.18",,,"1","4","2","5",,,,"11",,,,,,,,,"10137",,,"8","238",,,,"9","249",,,,,,,,,,,,,"237","4","798","172","7","0",,"2","11FF1F","1AAAA11AA1AAAA","4",,,,,,,,,,
"5801951","2017-09-30T21:20:00","20.32","-124.17",,,"1","4","2","5",,,,"11",,,,,,,,,"10136",,,"8","238",,,,"9","251",,,,,,,,,,,,,"237","4","798","172","7","0",,"2","11FF1F","1AAAA11AA1AAAA","4",,,,,,,,,,
"5801951","2017-09-30T21:30:00","20.32","-124.17",,,"1","4","2","5",,,,"11",,,,,,,,,"10135",,,"8","238",,,,"9","252",,,,,,,,,,,,,"237","4","798","172","7","0",,"2","11FF1F","1AAAA11AA1AAAA","4",,,,,,,,,,
"5801951","2017-09-30T21:40:00","20.31","-124.17",,,"1","4","2","5",,,,"11",,,,,,,,,"10134",,,"8","239",,,,"9","253",,,,,,,,,,,,,"237","4","798","172","7","0",,"2","11FF1F","1AAAA11AA1AAAA","4",,,,,,,,,,
"5801951","2017-09-30T21:50:00","20.30","-124.17",,,"1","4","2","5",,,,"11",,,,,,,,,"10133",,,"8","239",,,,"9","253",,,,,,,,,,,,,"237","4","798","172","7","0",,"2","11FF1F","1AAAA11AA1AAAA","4",,,,,,,,,,
"5801951","2017-09-30T22:00:00","20.29","-124.17",,,"1","4","2","5",,,,"11",,,,,,,,,"10132",,,"8","239",,,,"9","253",,,,,,,,,,,,,"237","4","798","172","7","0",,"2","11FF1F","1AAAA11AA1AAAA","4",,,,,,,,,,
"5801951","2017-09-30T22:10:00","20.29","-124.16",,,"1","4","2","5",,,,"11",,,,,,,,,"10131",,,"8","239",,,,"9","253",,,,,,,,,,,,,"237","4","798","172","7","0",,"2","11FF1F","1AAAA11AA1AAAA","4",,,,,,,,,,
"5801951","2017-09-30T22:20:00","20.28","-124.16",,,"1","4","2","5",,,,"11",,,,,,,,,"10130",,,"8","239",,,,"9","253",,,,,,,,,,,,,"237","4","798","172","7","0",,"2","11FF1F","1AAAA11AA1AAAA","4",,,,,,,,,,
"5801951","2017-09-30T22:30:00","20.27","-124.16",,,"1","4","2","5",,,,"11",,,,,,,,,"10130",,,"8","239",,,,"9","254",,,,,,,,,,,,,"237","4","798","172","7","0",,"2","11FF1F","1AAAA11AA1AAAA","4",,,,,,,,,,
"5801951","2017-09-30T22:40:00","20.26","-124.16",,,"1","4","2","5",,,,"11",,,,,,,,,"10130",,,"8","240",,,,"9","255",,,,,,,,,,,,,"237","4","798","172","7","0",,"2","11FF1F","1AAAA11AA1AAAA","4",,,,,,,,,,
"5801951","2017-09-30T22:50:00","20.26","-124.16",,,"1","4","2","5",,,,"11",,,,,,,,,"10129",,,"8","240",,,,"9","255",,,,,,,,,,,,,"237","4","798","172","7","0",,"2","11FF1F","1AAAA11AA1AAAA","4",,,,,,,,,,
"5801951","2017-09-30T23:00:00","20.25","-124.16",,,"1","4","2","5",,,,"11",,,,,,,,,"10128",,,"8","240",,,,"9","256",,,,,,,,,,,,,"237","4","798","172","7","0",,"2","11FF1F","1AAAA11AA1AAAA","4",,,,,,,,,,
"5801951","2017-09-30T23:10:00","20.24","-124.16",,,"1","4","2","5",,,,"11",,,,,,,,,"10128",,,"8","241",,,,"9","256",,,,,,,,,,,,,"237","4","798","172","7","0",,"2","11FF1F","1AAAA11AA1AAAA","4",,,,,,,,,,
"5801951","2017-09-30T23:20:00","20.24","-124.16",,,"1","4","2","5",,,,"11",,,,,,,,,"10128",,,"8","240",,,,"9","256",,,,,,,,,,,,,"237","4","798","172","7","0",,"2","11FF1F","1AAAA11AA1AAAA","4",,,,,,,,,,
"5801951","2017-09-30T23:30:00","20.24","-124.17",,,"1","4","2","5",,,,"11",,,,,,,,,"10128",,,"8","240",,,,"9","256",,,,,,,,,,,,,"237","4","798","172","7","0",,"2","11FF1F","1AAAA11AA1AAAA","4",,,,,,,,,,
"5801951","2017-09-30T23:40:00","20.23","-124.18",,,"1","4","2","5",,,,"11",,,,,,,,,"10128",,,"8","241",,,,"9","256",,,,,,,,,,,,,"237","4","798","172","7","0",,"2","11FF1F","1AAAA11AA1AAAA","4",,,,,,,,,,
"5801951","2017-09-30T23:50:00","20.23","-124.19",,,"1","4","2","5",,,,"11",,,,,,,,,"10128",,,"8","240",,,,"9","256",,,,,,,,,,,,,"237","4","798","172","7","0",,"2","11FF1F","1AAAA11AA1AAAA","4",,,,,,,,,,
