"STATION","DATE","LATITUDE","LONGITUDE","ELEVATION","NAME","IMMA_VER","ATTM_CT","TIME_IND","LL_IND","SHIP_COURSE","SHIP_SPD","ID_IND","WIND_DIR_IND","WIND_DIR","WIND_SPD_IND","WIND_SPEED","VV_IND","VISIBILITY","PRES_WX","PAST_WX","SEA_LVL_PRES","CHAR_PPP","AMT_PRES_TEND","IND_FOR_TEMP","AIR_TEMP","IND_FOR_WBT","WET_BULB_TEMP","DEW_PT_TEMP","SST_MM","SEA_SURF_TEMP","TOT_CLD_AMT","LOW_CLD_AMT","LOW_CLD_TYPE","CLD_HGT","MID_CLD_TYPE","HI_CLD_TYPE","WAVE_DIR","WAVE_PERIOD","WAVE_HGT","SWELL_DIR","SWELL_PERIOD","SWELL_HGT","TEN_BOX_NUM","ONE_BOX_NUM","DECK","SOURCE_ID","PLATFORM_ID","DUP_STATUS","DUP_CHK","NIGHT_DAY_FLAG","TRIM_FLAG","NCDC_QC_FLAGS","SOURCE_EXCLUSION_FLAG","OB_SOURCE","STA_WX_IND","PAST_WX2","DIR_OF_SWELL2","PER_OF_SWELL2","HGT_OF_SWELL2","IND_FOR_PRECIP"
"2100530","2017-09-01T00:00:00","27.14","-131.74",,,"1","4","2","5",,,"11",,,,,,,,,"10155",,,"8",,,,,"9","222",,,,,,,,,,,,,"236","71","798","172","7","1","2","2","1FFF1F","1AAAA1AAA1AAAA","4",,,,,,,
"4600623","2017-09-01T00:00:00","22.62","-135.49",,,"1","3","2","5",,,"11",,,,,,,,,,,,,,,,,,,,,,,,,,,,,,,"236","25","798","172","7","1","2","2","FFFFFF","1AAAAAAAAAAAAA","4",,,,,,,
"4600770","2017-09-01T00:00:00","25.80","-132.44",,,"1","4","2","5",,,"11",,,,,,,,,"10146",,,"8",,,,,"9","225",,,,,,,,,,,,,"236","52","798","172","7","1","2","2","1FFF1F","1AAAA1AAA1AAAA","4",,,,,,,
"4601544","2017-09-01T00:00:00","20.40","-136.04",,,"1","4","2","5",,,"11",,,,,,,,,,,,"8",,,,,"9","250",,,,,,,,,,,,,"236","6","798","172","7","0",,"2","1FFFFF","1AAAAAAAA1AAAA","4",,,,,,,
"2200638","2017-09-01T00:01:00","26.63","-137.11",,,"1","4","2","5",,,"11",,,,,,,,,,,,"8",,,,,"9","228",,,,,,,,,,,,,"236","67","798","172","7","0",,"2","1FFFFF","1AAAAAAAA1AAAA","4",,,,,,,
"4601544","2017-09-01T00:32:00","20.39","-136.04",,,"1","4","2","5",,,"11",,,,,,,,,,,,"8",,,,,"9","250",,,,,,,,,,,,,"236","6","798","172","7","0",,"2","1FFFFF","1AAAAAAAA1AAAA","4",,,,,,,
"2100901","2017-09-01T00:50:00","21.43","-136.18",,,"1","4","2","5",,,"11",,,,,,,,,"10131",,,"8",,,,,"9","245",,,,,,,,,,,,,"236","16","798","172","7","1","2","2","1FFF1F","1AAAA1AAA1AAAA","4",,,,,,,
"2100530","2017-09-01T01:00:00","27.14","-131.74",,,"1","4","2","5",,,"11",,,,,,,,,"10152",,,"8",,,,,"9","222",,,,,,,,,,,,,"236","71","798","172","7","1","2","2","1FFF1F","1AAAA1AAA1AAAA","4",,,,,,,
"4600623","2017-09-01T01:00:00","22.62","-135.49",,,"1","3","2","5",,,"11",,,,,,,,,,,,,,,,,,,,,,,,,,,,,,,"236","25","798","172","7","1","2","2","FFFFFF","1AAAAAAAAAAAAA","4",,,,,,,
"4600770","2017-09-01T01:00:00","25.80","-132.44",,,"1","4","2","5",,,"11",,,,,,,,,"10145",,,"8",,,,,"9","226",,,,,,,,,,,,,"236","52","798","172","7","1","2","2","1FFF1F","1AAAA1AAA1AAAA","4",,,,,,,
"4601544","2017-09-01T01:00:00","20.39","-136.04",,,"1","4","2","5",,,"11",,,,,,,,,,,,"8",,,,,"9","250",,,,,,,,,,,,,"236","6","798","172","7","0",,"2","1FFFFF","1AAAAAAAA1AAAA","4",,,,,,,
"2200638","2017-09-01T01:01:00","26.63","-137.13",,,"1","4","2","5",,,"11",,,,,,,,,,,,"8",,,,,"9","228",,,,,,,,,,,,,"236","67","798","172","7","0",,"2","1FFFFF","1AAAAAAAA1AAAA","4",,,,,,,
"4601544","2017-09-01T01:30:00","20.39","-136.05",,,"1","4","2","5",,,"11",,,,,,,,,,,,"8",,,,,"9","250",,,,,,,,,,,,,"236","6","798","172","7","0",,"2","1FFFFF","1AAAAAAAA1AAAA","4",,,,,,,
"2100901","2017-09-01T01:50:00","21.43","-136.18",,,"1","4","2","5",,,"11",,,,,,,,,"10133",,,"8",,,,,"9","245",,,,,,,,,,,,,"236","16","798","172","7","1","2","2","1FFF1F","1AAAA1AAA1AAAA","4",,,,,,,
"2100530","2017-09-01T02:00:00","27.12","-131.75",,,"1","4","2","5",,,"11",,,,,,,,,"10152",,,"8",,,,,"9","222",,,,,,,,,,,,,"236","71","798","172","7","1","2","2","1FFF1F","1AAAA1AAA1AAAA","4",,,,,,,
"4600623","2017-09-01T02:00:00","22.64","-135.53",,,"1","3","2","5",,,"11",,,,,,,,,,,,,,,,,,,,,,,,,,,,,,,"236","25","798","172","7","1","2","2","FFFFFF","1AAAAAAAAAAAAA","4",,,,,,,
"4600770","2017-09-01T02:00:00","25.78","-132.44",,,"1","4","2","5",,,"11",,,,,,,,,"10143",,,"8",,,,,"9","226",,,,,,,,,,,,,"236","52","798","172","7","1","2","2","1FFF1F","1AAAA1AAA1AAAA","4",,,,,,,
"2200638","2017-09-01T02:01:00","26.63","-137.14",,,"1","4","2","5",,,"11",,,,,,,,,,,,"8",,,,,"9","228",,,,,,,,,,,,,"236","67","798","172","7","0",,"2","1FFFFF","1AAAAAAAA1AAAA","4",,,,,,,
"4601544","2017-09-01T02:34:00","20.39","-136.05",,,"1","4","2","5",,,"11",,,,,,,,,,,,"8",,,,,"9","250",,,,,,,,,,,,,"236","6","798","172","7","0",,"2","1FFFFF","1AAAAAAAA1AAAA","4",,,,,,,
"2100901","2017-09-01T02:50:00","21.41","-136.22",,,"1","4","2","5",,,"11",,,,,,,,,"10134",,,"8",,,,,"9","245",,,,,,,,,,,,,"236","16","798","172","7","1","2","2","1FFF1F","1AAAA1AAA1AAAA","4",,,,,,,
"2100530","2017-09-01T03:00:00","27.09","-131.77",,,"1","4","2","5",,,"11",,,,,,,,,"10153",,,"8",,,,,"9","222",,,,,,,,,,,,,"236","71","798","172","7","1","2","1","1FFF1F","1AAAA1AAA1AAAA","4",,,,,,,
"4600623","2017-09-01T03:00:00","22.62","-135.53",,,"1","3","2","5",,,"11",,,,,,,,,,,,,,,,,,,,,,,,,,,,,,,"236","25","798","172","7","1","2","2","FFFFFF","1AAAAAAAAAAAAA","4",,,,,,,
"4600770","2017-09-01T03:00:00","25.77","-132.45",,,"1","4","2","5",,,"11",,,,,,,,,"10145",,,"8",,,,,"9","226",,,,,,,,,,,,,"236","52","798","172","7","1","2","1","1FFF1F","1AAAA1AAA1AAAA","4",,,,,,,
"4601544","2017-09-01T03:00:00","20.39","-136.05",,,"1","4","2","5",,,"11",,,,,,,,,,,,"8",,,,,"9","250",,,,,,,,,,,,,"236","6","798","172","7","0",,"2","1FFFFF","1AAAAAAAA1AAAA","4",,,,,,,
"2200638","2017-09-01T03:01:00","26.62","-137.15",,,"1","4","2","5",,,"11",,,,,,,,,,,,"8",,,,,"9","228",,,,,,,,,,,,,"236","67","798","172","7","0",,"2","1FFFFF","1AAAAAAAA1AAAA","4",,,,,,,
"4601544","2017-09-01T03:30:00","20.39","-136.05",,,"1","4","2","5",,,"11",,,,,,,,,,,,"8",,,,,"9","250",,,,,,,,,,,,,"236","6","798","172","7","0",,"1","1FFFFF","1AAAAAAAA1AAAA","4",,,,,,,
"2100901","2017-09-01T03:50:00","21.41","-136.21",,,"1","4","2","5",,,"11",,,,,,,,,"10138",,,"8",,,,,"9","244",,,,,,,,,,,,,"236","16","798","172","7","1","2","1","1FFF1F","1AAAA1AAA1AAAA","4",,,,,,,
"2100530","2017-09-01T04:00:00","27.09","-131.77",,,"1","4","2","5",,,"11",,,,,,,,,"10156",,,"8",,,,,"9","221",,,,,,,,,,,,,"236","71","798","172","7","1","2","1","1FFF1F","1AAAA1AAA1AAAA","4",,,,,,,
"4600623","2017-09-01T04:00:00","22.62","-135.53",,,"1","3","2","5",,,"11",,,,,,,,,,,,,,,,,,,,,,,,,,,,,,,"236","25","798","172","7","1","2","1","FFFFFF","1AAAAAAAAAAAAA","4",,,,,,,
"4600770","2017-09-01T04:00:00","25.77","-132.45",,,"1","4","2","5",,,"11",,,,,,,,,"10150",,,"8",,,,,"9","226",,,,,,,,,,,,,"236","52","798","172","7","1","2","1","1FFF1F","1AAAA1AAA1AAAA","4",,,,,,,
"4601544","2017-09-01T04:00:00","20.39","-136.05",,,"1","4","2","5",,,"11",,,,,,,,,,,,"8",,,,,"9","250",,,,,,,,,,,,,"236","6","798","172","7","0",,"1","1FFFFF","1AAAAAAAA1AAAA","4",,,,,,,
"2200638","2017-09-01T04:01:00","26.62","-137.16",,,"1","4","2","5",,,"11",,,,,,,,,,,,"8",,,,,"9","228",,,,,,,,,,,,,"236","67","798","172","7","0",,"1","1FFFFF","1AAAAAAAA1AAAA","4",,,,,,,
"2100901","2017-09-01T04:50:00","21.40","-136.22",,,"1","4","2","5",,,"11",,,,,,,,,"10144",,,"8",,,,,"9","244",,,,,,,,,,,,,"236","16","798","172","7","1","2","1","1FFF1F","1AAAA1AAA1AAAA","4",,,,,,,
"2100530","2017-09-01T05:00:00","27.08","-131.78",,,"1","4","2","5",,,"11",,,,,,,,,"10159",,,"8",,,,,"9","221",,,,,,,,,,,,,"236","71","798","172","7","1","2","1","1FFF1F","1AAAA1AAA1AAAA","4",,,,,,,
"4600623","2017-09-01T05:00:00","22.62","-135.54",,,"1","3","2","5",,,"11",,,,,,,,,,,,,,,,,,,,,,,,,,,,,,,"236","25","798","172","7","1","2","1","FFFFFF","1AAAAAAAAAAAAA","4",,,,,,,
"4600770","2017-09-01T05:00:00","25.75","-132.45",,,"1","4","2","5",,,"11",,,,,,,,,"10155",,,"8",,,,,"9","226",,,,,,,,,,,,,"236","52","798","172","7","1","2","1","1FFF1F","1AAAA1AAA1AAAA","4",,,,,,,
"2200638","2017-09-01T05:01:00","26.62","-137.17",,,"1","4","2","5",,,"11",,,,,,,,,,,,"8",,,,,"9","228",,,,,,,,,,,,,"236","67","798","172","7","0",,"1","1FFFFF","1AAAAAAAA1AAAA","4",,,,,,,
"4601544","2017-09-01T05:02:00","20.39","-136.05",,,"1","4","2","5",,,"11",,,,,,,,,,,,"8",,,,,"9","250",,,,,,,,,,,,,"236","6","798","172","7","0",,"1","1FFFFF","1AAAAAAAA1AAAA","4",,,,,,,
"4601544","2017-09-01T05:30:00","20.39","-136.05",,,"1","4","2","5",,,"11",,,,,,,,,,,,"8",,,,,"9","250",,,,,,,,,,,,,"236","6","798","172","7","0",,"1","1FFFFF","1AAAAAAAA1AAAA","4",,,,,,,
"2100901","2017-09-01T05:50:00","21.40","-136.22",,,"1","4","2","5",,,"11",,,,,,,,,"10152",,,"8",,,,,"9","244",,,,,,,,,,,,,"236","16","798","172","7","1","2","1","1FFF1F","1AAAA1AAA1AAAA","4",,,,,,,
"2100530","2017-09-01T06:00:00","27.07","-131.78",,,"1","4","2","5",,,"11",,,,,,,,,"10163",,,"8",,,,,"9","221",,,,,,,,,,,,,"236","71","798","172","7","1","2","1","1FFF1F","1AAAA1AAA1AAAA","4",,,,,,,
"4600623","2017-09-01T06:00:00","22.60","-135.54",,,"1","3","2","5",,,"11",,,,,,,,,,,,,,,,,,,,,,,,,,,,,,,"236","25","798","172","7","1","2","1","FFFFFF","1AAAAAAAAAAAAA","4",,,,,,,
"4600770","2017-09-01T06:00:00","25.74","-132.45",,,"1","4","2","5",,,"11",,,,,,,,,"10158",,,"8",,,,,"9","226",,,,,,,,,,,,,"236","52","798","172","7","1","2","1","1FFF1F","1AAAA1AAA1AAAA","4",,,,,,,
"4601544","2017-09-01T06:00:00","20.39","-136.05",,,"1","4","2","5",,,"11",,,,,,,,,,,,"8",,,,,"9","250",,,,,,,,,,,,,"236","6","798","172","7","0",,"1","1FFFFF","1AAAAAAAA1AAAA","4",,,,,,,
"2200638","2017-09-01T06:01:00","26.62","-137.18",,,"1","4","2","5",,,"11",,,,,,,,,,,,"8",,,,,"9","228",,,,,,,,,,,,,"236","67","798","172","7","0",,"1","1FFFFF","1AAAAAAAA1AAAA","4",,,,,,,
"2100901","2017-09-01T06:50:00","21.39","-136.21",,,"1","4","2","5",,,"11",,,,,,,,,"10152",,,"8",,,,,"9","244",,,,,,,,,,,,,"236","16","798","172","7","1","2","1","1FFF1F","1AAAA1AAA1AAAA","4",,,,,,,
"2100530","2017-09-01T07:00:00","27.05","-131.81",,,"1","4","2","5",,,"11",,,,,,,,,"10164",,,"8",,,,,"9","221",,,,,,,,,,,,,"236","71","798","172","7","1","2","1","1FFF1F","1AAAA1AAA1AAAA","4",,,,,,,
"4600623","2017-09-01T07:00:00","22.59","-135.57",,,"1","3","2","5",,,"11",,,,,,,,,,,,,,,,,,,,,,,,,,,,,,,"236","25","798","172","7","1","2","1","FFFFFF","1AAAAAAAAAAAAA","4",,,,,,,
"4600770","2017-09-01T07:00:00","25.72","-132.48",,,"1","4","2","5",,,"11",,,,,,,,,"10158",,,"8",,,,,"9","227",,,,,,,,,,,,,"236","52","798","172","7","1","2","1","1FFF1F","1AAAA1AAA1AAAA","4",,,,,,,
"2200638","2017-09-01T07:01:00","26.62","-137.18",,,"1","4","2","5",,,"11",,,,,,,,,,,,"8",,,,,"9","228",,,,,,,,,,,,,"236","67","798","172","7","0",,"1","1FFFFF","1AAAAAAAA1AAAA","4",,,,,,,
"4601544","2017-09-01T07:04:00","20.39","-136.05",,,"1","4","2","5",,,"11",,,,,,,,,,,,"8",,,,,"9","250",,,,,,,,,,,,,"236","6","798","172","7","0",,"1","1FFFFF","1AAAAAAAA1AAAA","4",,,,,,,
"4601544","2017-09-01T07:30:00","20.39","-136.05",,,"1","4","2","5",,,"11",,,,,,,,,,,,"8",,,,,"9","250",,,,,,,,,,,,,"236","6","798","172","7","0",,"1","1FFFFF","1AAAAAAAA1AAAA","4",,,,,,,
"2100901","2017-09-01T07:50:00","21.39","-136.22",,,"1","4","2","5",,,"11",,,,,,,,,"10150",,,"8",,,,,"9","244",,,,,,,,,,,,,"236","16","798","172","7","1","2","1","1FFF1F","1AAAA1AAA1AAAA","4",,,,,,,
"2100530","2017-09-01T08:00:00","27.04","-131.81",,,"1","4","2","5",,,"11",,,,,,,,,"10161",,,"8",,,,,"9","221",,,,,,,,,,,,,"236","71","798","172","7","1","2","1","1FFF1F","1AAAA1AAA1AAAA","4",,,,,,,
"4600623","2017-09-01T08:00:00","22.59","-135.57",,,"1","3","2","5",,,"11",,,,,,,,,,,,,,,,,,,,,,,,,,,,,,,"236","25","798","172","7","1","2","1","FFFFFF","1AAAAAAAAAAAAA","4",,,,,,,
"4600770","2017-09-01T08:00:00","25.72","-132.48",,,"1","4","2","5",,,"11",,,,,,,,,"10157",,,"8",,,,,"9","227",,,,,,,,,,,,,"236","52","798","172","7","1","2","1","1FFF1F","1AAAA1AAA1AAAA","4",,,,,,,
"2200638","2017-09-01T08:01:00","26.61","-137.18",,,"1","4","2","5",,,"11",,,,,,,,,,,,"8",,,,,"9","228",,,,,,,,,,,,,"236","67","798","172","7","0",,"1","1FFFFF","1AAAAAAAA1AAAA","4",,,,,,,
"4601544","2017-09-01T08:32:00","20.39","-136.04",,,"1","4","2","5",,,"11",,,,,,,,,,,,"8",,,,,"9","250",,,,,,,,,,,,,"236","6","798","172","7","0",,"1","1FFFFF","1AAAAAAAA1AAAA","4",,,,,,,
"2100901","2017-09-01T08:50:00","21.39","-136.22",,,"1","4","2","5",,,"11",,,,,,,,,"10144",,,"8",,,,,"9","244",,,,,,,,,,,,,"236","16","798","172","7","1","2","1","1FFF1F","1AAAA1AAA1AAAA","4",,,,,,,
"2100530","2017-09-01T09:00:00","27.04","-131.81",,,"1","4","2","5",,,"11",,,,,,,,,"10158",,,"8",,,,,"9","221",,,,,,,,,,,,,"236","71","798","172","7","1","2","1","1FFF1F","1AAAA1AAA1AAAA","4",,,,,,,
"4600623","2017-09-01T09:00:00","22.59","-135.57",,,"1","3","2","5",,,"11",,,,,,,,,,,,,,,,,,,,,,,,,,,,,,,"236","25","798","172","7","1","2","1","FFFFFF","1AAAAAAAAAAAAA","4",,,,,,,
"4600770","2017-09-01T09:00:00","25.72","-132.48",,,"1","4","2","5",,,"11",,,,,,,,,"10153",,,"8",,,,,"9","227",,,,,,,,,,,,,"236","52","798","172","7","1","2","1","1FFF1F","1AAAA1AAA1AAAA","4",,,,,,,
"4601544","2017-09-01T09:00:00","20.39","-136.04",,,"1","4","2","5",,,"11",,,,,,,,,,,,"8",,,,,"9","250",,,,,,,,,,,,,"236","6","798","172","7","0",,"1","1FFFFF","1AAAAAAAA1AAAA","4",,,,,,,
"4601544","2017-09-01T09:30:00","20.39","-136.04",,,"1","4","2","5",,,"11",,,,,,,,,,,,"8",,,,,"9","250",,,,,,,,,,,,,"236","6","798","172","7","0",,"1","1FFFFF","1AAAAAAAA1AAAA","4",,,,,,,
"2100901","2017-09-01T09:50:00","21.39","-136.22",,,"1","4","2","5",,,"11",,,,,,,,,"10137",,,"8",,,,,"9","244",,,,,,,,,,,,,"236","16","798","172","7","1","2","1","1FFF1F","1AAAA1AAA1AAAA","4",,,,,,,
"2100530","2017-09-01T10:00:00","27.04","-131.81",,,"1","4","2","5",,,"11",,,,,,,,,"10155",,,"8",,,,,"9","221",,,,,,,,,,,,,"236","71","798","172","7","1","2","1","1FFF1F","1AAAA1AAA1AAAA","4",,,,,,,
"4600623","2017-09-01T10:00:00","22.59","-135.57",,,"1","3","2","5",,,"11",,,,,,,,,,,,,,,,,,,,,,,,,,,,,,,"236","25","798","172","7","1","2","1","FFFFFF","1AAAAAAAAAAAAA","4",,,,,,,
"4600770","2017-09-01T10:00:00","25.68","-132.52",,,"1","4","2","5",,,"11",,,,,,,,,"10150",,,"8",,,,,"9","227",,,,,,,,,,,,,"236","52","798","172","7","1","2","1","1FFF1F","1AAAA1AAA1AAAA","4",,,,,,,
"4601544","2017-09-01T10:00:00","20.39","-136.04",,,"1","4","2","5",,,"11",,,,,,,,,,,,"8",,,,,"9","250",,,,,,,,,,,,,"236","6","798","172","7","0",,"1","1FFFFF","1AAAAAAAA1AAAA","4",,,,,,,
"2200638","2017-09-01T10:01:00","26.60","-137.19",,,"1","4","2","5",,,"11",,,,,,,,,,,,"8",,,,,"9","228",,,,,,,,,,,,,"236","67","798","172","7","0",,"1","1FFFFF","1AAAAAAAA1AAAA","4",,,,,,,
"4601544","2017-09-01T10:30:00","20.39","-136.04",,,"1","4","2","5",,,"11",,,,,,,,,,,,"8",,,,,"9","250",,,,,,,,,,,,,"236","6","798","172","7","0",,"1","1FFFFF","1AAAAAAAA1AAAA","4",,,,,,,
"2100901","2017-09-01T10:50:00","21.39","-136.22",,,"1","4","2","5",,,"11",,,,,,,,,"10133",,,"8",,,,,"9","244",,,,,,,,,,,,,"236","16","798","172","7","1","2","1","1FFF1F","1AAAA1AAA1AAAA","4",,,,,,,
"2100530","2017-09-01T11:00:00","27.00","-131.83",,,"1","4","2","5",,,"11",,,,,,,,,"10152",,,"8",,,,,"9","221",,,,,,,,,,,,,"236","71","798","172","7","1","2","1","1FFF1F","1AAAA1AAA1AAAA","4",,,,,,,
"4600623","2017-09-01T11:00:00","22.59","-135.65",,,"1","3","2","5",,,"11",,,,,,,,,,,,,,,,,,,,,,,,,,,,,,,"236","25","798","172","7","1","2","1","FFFFFF","1AAAAAAAAAAAAA","4",,,,,,,
"4600770","2017-09-01T11:00:00","25.68","-132.52",,,"1","4","2","5",,,"11",,,,,,,,,"10143",,,"8",,,,,"9","227",,,,,,,,,,,,,"236","52","798","172","7","1","2","1","1FFF1F","1AAAA1AAA1AAAA","4",,,,,,,
"4601544","2017-09-01T11:00:00","20.39","-136.03",,,"1","4","2","5",,,"11",,,,,,,,,,,,"8",,,,,"9","250",,,,,,,,,,,,,"236","6","798","172","7","0",,"1","1FFFFF","1AAAAAAAA1AAAA","4",,,,,,,
"2200638","2017-09-01T11:01:00","26.59","-137.19",,,"1","4","2","5",,,"11",,,,,,,,,,,,"8",,,,,"9","228",,,,,,,,,,,,,"236","67","798","172","7","0",,"1","1FFFFF","1AAAAAAAA1AAAA","4",,,,,,,
"4601544","2017-09-01T11:30:00","20.39","-136.03",,,"1","4","2","5",,,"11",,,,,,,,,,,,"8",,,,,"9","250",,,,,,,,,,,,,"236","6","798","172","7","0",,"1","1FFFFF","1AAAAAAAA1AAAA","4",,,,,,,
"2100901","2017-09-01T11:50:00","21.39","-136.22",,,"1","4","2","5",,,"11",,,,,,,,,"10127",,,"8",,,,,"9","244",,,,,,,,,,,,,"236","16","798","172","7","1","2","1","1FFF1F","1AAAA1AAA1AAAA","4",,,,,,,
"2100530","2017-09-01T12:00:00","26.99","-131.83",,,"1","4","2","5",,,"11",,,,,,,,,"10149",,,"8",,,,,"9","221",,,,,,,,,,,,,"236","61","798","172","7","1","2","1","1FFF1F","1AAAA1AAA1AAAA","4",,,,,,,
"4600623","2017-09-01T12:00:00","22.59","-135.57",,,"1","3","2","5",,,"11",,,,,,,,,,,,,,,,,,,,,,,,,,,,,,,"236","25","798","172","7","1","2","1","FFFFFF","1AAAAAAAAAAAAA","4",,,,,,,
"4600770","2017-09-01T12:00:00","25.67","-132.53",,,"1","4","2","5",,,"11",,,,,,,,,"10140",,,"8",,,,,"9","227",,,,,,,,,,,,,"236","52","798","172","7","1","2","1","1FFF1F","1AAAA1AAA1AAAA","4",,,,,,,
"4601544","2017-09-01T12:00:00","20.39","-136.03",,,"1","4","2","5",,,"11",,,,,,,,,,,,"8",,,,,"9","250",,,,,,,,,,,,,"236","6","798","172","7","0",,"1","1FFFFF","1AAAAAAAA1AAAA","4",,,,,,,
"2200638","2017-09-01T12:01:00","26.59","-137.19",,,"1","4","2","5",,,"11",,,,,,,,,,,,"8",,,,,"9","228",,,,,,,,,,,,,"236","67","798","172","7","0",,"1","1FFFFF","1AAAAAAAA1AAAA","4",,,,,,,
"4601544","2017-09-01T12:30:00","20.39","-136.03",,,"1","4","2","5",,,"11",,,,,,,,,,,,"8",,,,,"9","250",,,,,,,,,,,,,"236","6","798","172","7","0",,"1","1FFFFF","1AAAAAAAA1AAAA","4",,,,,,,
"2100901","2017-09-01T12:50:00","21.32","-136.22",,,"1","4","2","5",,,"11",,,,,,,,,"10126",,,"8",,,,,"9","244",,,,,,,,,,,,,"236","16","798","172","7","1","2","1","1FFF1F","1AAAA1AAA1AAAA","4",,,,,,,
"2100530","2017-09-01T13:00:00","26.98","-131.82",,,"1","4","2","5",,,"11",,,,,,,,,"10149",,,"8",,,,,"9","221",,,,,,,,,,,,,"236","61","798","172","7","1","2","1","1FFF1F","1AAAA1AAA1AAAA","4",,,,,,,
"4600623","2017-09-01T13:00:00","22.58","-135.62",,,"1","3","2","5",,,"11",,,,,,,,,,,,,,,,,,,,,,,,,,,,,,,"236","25","798","172","7","1","2","1","FFFFFF","1AAAAAAAAAAAAA","4",,,,,,,
"4600770","2017-09-01T13:00:00","25.68","-132.53",,,"1","4","2","5",,,"11",,,,,,,,,"10137",,,"8",,,,,"9","227",,,,,,,,,,,,,"236","52","798","172","7","1","2","1","1FFF1F","1AAAA1AAA1AAAA","4",,,,,,,
"4601544","2017-09-01T13:00:00","20.38","-136.02",,,"1","4","2","5",,,"11",,,,,,,,,,,,"8",,,,,"9","250",,,,,,,,,,,,,"236","6","798","172","7","0",,"1","1FFFFF","1AAAAAAAA1AAAA","4",,,,,,,
"WDH6745","2017-09-01T13:00:00","29.50","-136.00",,,"1","6","2","5","6","5","1",,"10","4","62","1","98","3","1","10185",,,"8","211",,"194","184","1","250","5",,"7","A","7","4",,,"2",,,,"236","96","798","172","5","1","2","1","111111","111111111113AA",,"5",,"1",,,,
"2200638","2017-09-01T13:01:00","26.58","-137.19",,,"1","4","2","5",,,"11",,,,,,,,,,,,"8",,,,,"9","228",,,,,,,,,,,,,"236","67","798","172","7","0",,"1","1FFFFF","1AAAAAAAA1AAAA","4",,,,,,,
"4601544","2017-09-01T13:30:00","20.38","-136.02",,,"1","4","2","5",,,"11",,,,,,,,,,,,"8",,,,,"9","250",,,,,,,,,,,,,"236","6","798","172","7","0",,"1","1FFFFF","1AAAAAAAA1AAAA","4",,,,,,,
"2100901","2017-09-01T13:50:00","21.30","-136.24",,,"1","4","2","5",,,"11",,,,,,,,,"10128",,,"8",,,,,"9","243",,,,,,,,,,,,,"236","16","798","172","7","1","2","1","1FFF1F","1AAAA1AAA1AAAA","4",,,,,,,
"2100530","2017-09-01T14:00:00","26.97","-131.83",,,"1","4","2","5",,,"11",,,,,,,,,"10149",,,"8",,,,,"9","222",,,,,,,,,,,,,"236","61","798","172","7","1","2","1","1FFF1F","1AAAA1AAA1AAAA","4",,,,,,,
"4600623","2017-09-01T14:00:00","22.58","-135.62",,,"1","3","2","5",,,"11",,,,,,,,,,,,,,,,,,,,,,,,,,,,,,,"236","25","798","172","7","1","2","1","FFFFFF","1AAAAAAAAAAAAA","4",,,,,,,
"4600770","2017-09-01T14:00:00","25.68","-132.53",,,"1","4","2","5",,,"11",,,,,,,,,"10138",,,"8",,,,,"9","226",,,,,,,,,,,,,"236","52","798","172","7","1","2","1","1FFF1F","1AAAA1AAA1AAAA","4",,,,,,,
"4601544","2017-09-01T14:00:00","20.38","-136.02",,,"1","4","2","5",,,"11",,,,,,,,,,,,"8",,,,,"9","250",,,,,,,,,,,,,"236","6","798","172","7","0",,"1","1FFFFF","1AAAAAAAA1AAAA","4",,,,,,,
"2200638","2017-09-01T14:01:00","26.57","-137.19",,,"1","4","2","5",,,"11",,,,,,,,,,,,"8",,,,,"9","227",,,,,,,,,,,,,"236","67","798","172","7","0",,"1","1FFFFF","1AAAAAAAA1AAAA","4",,,,,,,
"2100901","2017-09-01T14:50:00","21.30","-136.24",,,"1","4","2","5",,,"11",,,,,,,,,"10131",,,"8",,,,,"9","243",,,,,,,,,,,,,"236","16","798","172","7","1","2","1","1FFF1F","1AAAA1AAA1AAAA","4",,,,,,,
"2100530","2017-09-01T15:00:00","26.96","-131.84",,,"1","4","2","5",,,"11",,,,,,,,,"10150",,,"8",,,,,"9","222",,,,,,,,,,,,,"236","61","798","172","7","1","2","2","1FFF1F","1AAAA1AAA1AAAA","4",,,,,,,
"4600623","2017-09-01T15:00:00","22.58","-135.62",,,"1","3","2","5",,,"11",,,,,,,,,,,,,,,,,,,,,,,,,,,,,,,"236","25","798","172","7","1","2","2","FFFFFF","1AAAAAAAAAAAAA","4",,,,,,,
"4600770","2017-09-01T15:00:00","25.67","-132.54",,,"1","4","2","5",,,"11",,,,,,,,,"10141",,,"8",,,,,"9","226",,,,,,,,,,,,,"236","52","798","172","7","1","2","2","1FFF1F","1AAAA1AAA1AAAA","4",,,,,,,
"4601544","2017-09-01T15:00:00","20.37","-136.02",,,"1","4","2","5",,,"11",,,,,,,,,,,,"8",,,,,"9","250",,,,,,,,,,,,,"236","6","798","172","7","0",,"2","1FFFFF","1AAAAAAAA1AAAA","4",,,,,,,
"2200638","2017-09-01T15:01:00","26.57","-137.19",,,"1","4","2","5",,,"11",,,,,,,,,,,,"8",,,,,"9","227",,,,,,,,,,,,,"236","67","798","172","7","0",,"1","1FFFFF","1AAAAAAAA1AAAA","4",,,,,,,
"4601544","2017-09-01T15:30:00","20.37","-136.02",,,"1","4","2","5",,,"11",,,,,,,,,,,,"8",,,,,"9","250",,,,,,,,,,,,,"236","6","798","172","7","0",,"2","1FFFFF","1AAAAAAAA1AAAA","4",,,,,,,
"2100901","2017-09-01T15:50:00","21.29","-136.24",,,"1","4","2","5",,,"11",,,,,,,,,"10134",,,"8",,,,,"9","243",,,,,,,,,,,,,"236","16","798","172","7","1","2","2","1FFF1F","1AAAA1AAA1AAAA","4",,,,,,,
"2100530","2017-09-01T16:00:00","26.95","-131.84",,,"1","4","2","5",,,"11",,,,,,,,,"10154",,,"8",,,,,"9","222",,,,,,,,,,,,,"236","61","798","172","7","1","2","2","1FFF1F","1AAAA1AAA1AAAA","4",,,,,,,
"4600623","2017-09-01T16:00:00","22.57","-135.65",,,"1","3","2","5",,,"11",,,,,,,,,,,,,,,,,,,,,,,,,,,,,,,"236","25","798","172","7","1","2","2","FFFFFF","1AAAAAAAAAAAAA","4",,,,,,,
"4600770","2017-09-01T16:00:00","25.67","-132.56",,,"1","4","2","5",,,"11",,,,,,,,,"10147",,,"8",,,,,"9","226",,,,,,,,,,,,,"236","52","798","172","7","1","2","2","1FFF1F","1AAAA1AAA1AAAA","4",,,,,,,
"4601544","2017-09-01T16:00:00","20.37","-136.02",,,"1","4","2","5",,,"11",,,,,,,,,,,,"8",,,,,"9","250",,,,,,,,,,,,,"236","6","798","172","7","0",,"2","1FFFFF","1AAAAAAAA1AAAA","4",,,,,,,
"2200638","2017-09-01T16:01:00","26.56","-137.20",,,"1","4","2","5",,,"11",,,,,,,,,,,,"8",,,,,"9","227",,,,,,,,,,,,,"236","67","798","172","7","0",,"2","1FFFFF","1AAAAAAAA1AAAA","4",,,,,,,
"4601544","2017-09-01T16:30:00","20.37","-136.02",,,"1","4","2","5",,,"11",,,,,,,,,,,,"8",,,,,"9","250",,,,,,,,,,,,,"236","6","798","172","7","0",,"2","1FFFFF","1AAAAAAAA1AAAA","4",,,,,,,
"2100901","2017-09-01T16:50:00","21.29","-136.24",,,"1","4","2","5",,,"11",,,,,,,,,"10139",,,"8",,,,,"9","243",,,,,,,,,,,,,"236","16","798","172","7","1","2","2","1FFF1F","1AAAA1AAA1AAAA","4",,,,,,,
"2100530","2017-09-01T17:00:00","26.95","-131.84",,,"1","4","2","5",,,"11",,,,,,,,,"10154",,,"8",,,,,"9","221",,,,,,,,,,,,,"236","61","798","172","7","1","2","2","1FFF1F","1AAAA1AAA1AAAA","4",,,,,,,
"4600623","2017-09-01T17:00:00","22.56","-135.66",,,"1","3","2","5",,,"11",,,,,,,,,,,,,,,,,,,,,,,,,,,,,,,"236","25","798","172","7","1","2","2","FFFFFF","1AAAAAAAAAAAAA","4",,,,,,,
"4600770","2017-09-01T17:00:00","25.67","-132.56",,,"1","4","2","5",,,"11",,,,,,,,,"10147",,,"8",,,,,"9","226",,,,,,,,,,,,,"236","52","798","172","7","1","2","2","1FFF1F","1AAAA1AAA1AAAA","4",,,,,,,
"4601544","2017-09-01T17:00:00","20.36","-136.02",,,"1","4","2","5",,,"11",,,,,,,,,,,,"8",,,,,"9","250",,,,,,,,,,,,,"236","6","798","172","7","0",,"2","1FFFFF","1AAAAAAAA1AAAA","4",,,,,,,
"2200638","2017-09-01T17:01:00","26.55","-137.20",,,"1","4","2","5",,,"11",,,,,,,,,,,,"8",,,,,"9","228",,,,,,,,,,,,,"236","67","798","172","7","0",,"2","1FFFFF","1AAAAAAAA1AAAA","4",,,,,,,
"4601544","2017-09-01T17:30:00","20.36","-136.02",,,"1","4","2","5",,,"11",,,,,,,,,,,,"8",,,,,"9","250",,,,,,,,,,,,,"236","6","798","172","7","0",,"2","1FFFFF","1AAAAAAAA1AAAA","4",,,,,,,
"2100901","2017-09-01T17:50:00","21.28","-136.25",,,"1","4","2","5",,,"11",,,,,,,,,"10143",,,"8",,,,,"9","243",,,,,,,,,,,,,"236","16","798","172","7","1","2","2","1FFF1F","1AAAA1AAA1AAAA","4",,,,,,,
"2100530","2017-09-01T18:00:00","26.93","-131.84",,,"1","4","2","5",,,"11",,,,,,,,,"10154",,,"8",,,,,"9","221",,,,,,,,,,,,,"236","61","798","172","7","1","2","2","1FFF1F","1AAAA1AAA1AAAA","4",,,,,,,
"4600623","2017-09-01T18:00:00","22.57","-135.66",,,"1","3","2","5",,,"11",,,,,,,,,,,,,,,,,,,,,,,,,,,,,,,"236","25","798","172","7","1","2","2","FFFFFF","1AAAAAAAAAAAAA","4",,,,,,,
"4600770","2017-09-01T18:00:00","25.67","-132.57",,,"1","4","2","5",,,"11",,,,,,,,,"10150",,,"8",,,,,"9","226",,,,,,,,,,,,,"236","52","798","172","7","1","2","2","1FFF1F","1AAAA1AAA1AAAA","4",,,,,,,
"4601544","2017-09-01T18:00:00","20.36","-136.02",,,"1","4","2","5",,,"11",,,,,,,,,,,,"8",,,,,"9","251",,,,,,,,,,,,,"236","6","798","172","7","0",,"2","1FFFFF","1AAAAAAAA1AAAA","4",,,,,,,
"WFLH","2017-09-01T18:00:00","28.80","-138.60",,,"1","6","2","5","2","3","1",,"20","3","72","1","97","50","2","10200","7","4","8","228",,"217","212","1","228","7","7","4","2","1","A",,"5","3","7","6","3","236","88","798","172","5","1","2","2","111111","11111111111111",,"5",,"2",,,,
"WRGD","2017-09-01T18:00:00","28.60","-139.40",,,"1","6","2","5","6","5","1",,"330","4","51","1","98","1","0","10185","7","10","8",,,"267","254","1","236","3",,"1","2","A","A",,"6","2","8","5","3","236","89","798","172","5","1","2","2","171111","11111111111111",,"5",,"0",,,,
"2200638","2017-09-01T18:01:00","26.54","-137.20",,,"1","4","2","5",,,"11",,,,,,,,,,,,"8",,,,,"9","228",,,,,,,,,,,,,"236","67","798","172","7","0",,"2","1FFFFF","1AAAAAAAA1AAAA","4",,,,,,,
"4601544","2017-09-01T18:30:00","20.36","-136.02",,,"1","4","2","5",,,"11",,,,,,,,,,,,"8",,,,,"9","251",,,,,,,,,,,,,"236","6","798","172","7","0",,"2","1FFFFF","1AAAAAAAA1AAAA","4",,,,,,,
"2100901","2017-09-01T18:50:00","21.28","-136.25",,,"1","4","2","5",,,"11",,,,,,,,,"10144",,,"8",,,,,"9","244",,,,,,,,,,,,,"236","16","798","172","7","1","2","2","1FFF1F","1AAAA1AAA1AAAA","4",,,,,,,
"2100530","2017-09-01T19:00:00","26.92","-131.85",,,"1","4","2","5",,,"11",,,,,,,,,"10153",,,"8",,,,,"9","221",,,,,,,,,,,,,"236","61","798","172","7","1","2","2","1FFF1F","1AAAA1AAA1AAAA","4",,,,,,,
"4600623","2017-09-01T19:00:00","22.55","-135.66",,,"1","3","2","5",,,"11",,,,,,,,,,,,,,,,,,,,,,,,,,,,,,,"236","25","798","172","7","1","2","2","FFFFFF","1AAAAAAAAAAAAA","4",,,,,,,
"4600770","2017-09-01T19:00:00","25.67","-132.58",,,"1","4","2","5",,,"11",,,,,,,,,"10148",,,"8",,,,,"9","226",,,,,,,,,,,,,"236","52","798","172","7","1","2","2","1FFF1F","1AAAA1AAA1AAAA","4",,,,,,,
"4601544","2017-09-01T19:00:00","20.35","-136.01",,,"1","4","2","5",,,"11",,,,,,,,,,,,"8",,,,,"9","251",,,,,,,,,,,,,"236","6","798","172","7","0",,"2","1FFFFF","1AAAAAAAA1AAAA","4",,,,,,,
"2200638","2017-09-01T19:01:00","26.52","-137.21",,,"1","4","2","5",,,"11",,,,,,,,,,,,"8",,,,,"9","228",,,,,,,,,,,,,"236","67","798","172","7","0",,"2","1FFFFF","1AAAAAAAA1AAAA","4",,,,,,,
"4601544","2017-09-01T19:01:00","20.35","-136.01",,,"1","4","2","5",,,"11",,,,,,,,,,,,"8",,,,,"9","251",,,,,,,,,,,,,"236","6","798","172","7","0",,"2","1FFFFF","1AAAAAAAA1AAAA","4",,,,,,,
"4601544","2017-09-01T19:30:00","20.35","-136.01",,,"1","4","2","5",,,"11",,,,,,,,,,,,"8",,,,,"9","251",,,,,,,,,,,,,"236","6","798","172","7","0",,"2","1FFFFF","1AAAAAAAA1AAAA","4",,,,,,,
"2100530","2017-09-01T20:00:00","26.92","-131.86",,,"1","4","2","5",,,"11",,,,,,,,,"10150",,,"8",,,,,"9","222",,,,,,,,,,,,,"236","61","798","172","7","1","2","2","1FFF1F","1AAAA1AAA1AAAA","4",,,,,,,
"4600623","2017-09-01T20:00:00","22.55","-135.67",,,"1","3","2","5",,,"11",,,,,,,,,,,,,,,,,,,,,,,,,,,,,,,"236","25","798","172","7","1","2","2","FFFFFF","1AAAAAAAAAAAAA","4",,,,,,,
"4600770","2017-09-01T20:00:00","25.67","-132.58",,,"1","4","2","5",,,"11",,,,,,,,,"10145",,,"8",,,,,"9","226",,,,,,,,,,,,,"236","52","798","172","7","1","2","2","1FFF1F","1AAAA1AAA1AAAA","4",,,,,,,
"4601544","2017-09-01T20:00:00","20.35","-136.01",,,"1","4","2","5",,,"11",,,,,,,,,,,,"8",,,,,"9","252",,,,,,,,,,,,,"236","6","798","172","7","0",,"2","1FFFFF","1AAAAAAAA1AAAA","4",,,,,,,
"2200638","2017-09-01T20:01:00","26.51","-137.22",,,"1","4","2","5",,,"11",,,,,,,,,,,,"8",,,,,"9","229",,,,,,,,,,,,,"236","67","798","172","7","0",,"2","1FFFFF","1AAAAAAAA1AAAA","4",,,,,,,
"4601544","2017-09-01T20:32:00","20.35","-136.01",,,"1","4","2","5",,,"11",,,,,,,,,,,,"8",,,,,"9","253",,,,,,,,,,,,,"236","6","798","172","7","0",,"2","1FFFFF","1AAAAAAAA1AAAA","4",,,,,,,
"2100901","2017-09-01T20:50:00","21.26","-136.27",,,"1","4","2","5",,,"11",,,,,,,,,"10135",,,"8",,,,,"9","244",,,,,,,,,,,,,"236","16","798","172","7","1","2","2","1FFF1F","1AAAA1AAA1AAAA","4",,,,,,,
"2100530","2017-09-01T21:00:00","26.92","-131.86",,,"1","4","2","5",,,"11",,,,,,,,,"10145",,,"8",,,,,"9","222",,,,,,,,,,,,,"236","61","798","172","7","1","2","2","1FFF1F","1AAAA1AAA1AAAA","4",,,,,,,
"4600623","2017-09-01T21:00:00","22.55","-135.67",,,"1","3","2","5",,,"11",,,,,,,,,,,,,,,,,,,,,,,,,,,,,,,"236","25","798","172","7","1","2","2","FFFFFF","1AAAAAAAAAAAAA","4",,,,,,,
"4600770","2017-09-01T21:00:00","25.67","-132.58",,,"1","4","2","5",,,"11",,,,,,,,,"10141",,,"8",,,,,"9","227",,,,,,,,,,,,,"236","52","798","172","7","1","2","2","1FFF1F","1AAAA1AAA1AAAA","4",,,,,,,
"2200638","2017-09-01T21:01:00","26.51","-137.23",,,"1","4","2","5",,,"11",,,,,,,,,,,,"8",,,,,"9","230",,,,,,,,,,,,,"236","67","798","172","7","0",,"2","1FFFFF","1AAAAAAAA1AAAA","4",,,,,,,
"4601544","2017-09-01T21:02:00","20.35","-136.01",,,"1","4","2","5",,,"11",,,,,,,,,,,,"8",,,,,"9","257",,,,,,,,,,,,,"236","6","798","172","7","0",,"2","1FFFFF","1AAAAAAAA1AAAA","4",,,,,,,
"4601544","2017-09-01T21:32:00","20.34","-136.01",,,"1","4","2","5",,,"11",,,,,,,,,,,,"8",,,,,"9","256",,,,,,,,,,,,,"236","6","798","172","7","0",,"2","1FFFFF","1AAAAAAAA1AAAA","4",,,,,,,
"2100901","2017-09-01T21:50:00","21.26","-136.27",,,"1","4","2","5",,,"11",,,,,,,,,"10128",,,"8",,,,,"9","244",,,,,,,,,,,,,"236","16","798","172","7","1","2","2","1FFF1F","1AAAA1AAA1AAAA","4",,,,,,,
"2100530","2017-09-01T22:00:00","26.88","-131.87",,,"1","4","2","5",,,"11",,,,,,,,,"10139",,,"8",,,,,"9","224",,,,,,,,,,,,,"236","61","798","172","7","1","2","2","1FFF1F","1AAAA1AAA1AAAA","4",,,,,,,
"4600623","2017-09-01T22:00:00","22.55","-135.67",,,"1","3","2","5",,,"11",,,,,,,,,,,,,,,,,,,,,,,,,,,,,,,"236","25","798","172","7","1","2","2","FFFFFF","1AAAAAAAAAAAAA","4",,,,,,,
"4600770","2017-09-01T22:00:00","25.66","-132.58",,,"1","4","2","5",,,"11",,,,,,,,,"10133",,,"8",,,,,"9","228",,,,,,,,,,,,,"236","52","798","172","7","1","2","2","1FFF1F","1AAAA1AAA1AAAA","4",,,,,,,
"4601544","2017-09-01T22:00:00","20.34","-136.01",,,"1","4","2","5",,,"11",,,,,,,,,,,,"8",,,,,"9","259",,,,,,,,,,,,,"236","6","798","172","7","0",,"2","1FFFFF","1AAAAAAAA1AAAA","4",,,,,,,
"2200638","2017-09-01T22:01:00","26.50","-137.24",,,"1","4","2","5",,,"11",,,,,,,,,,,,"8",,,,,"9","231",,,,,,,,,,,,,"236","67","798","172","7","0",,"2","1FFFFF","1AAAAAAAA1AAAA","4",,,,,,,
"4601544","2017-09-01T22:30:00","20.34","-136.01",,,"1","4","2","5",,,"11",,,,,,,,,,,,"8",,,,,"9","258",,,,,,,,,,,,,"236","6","798","172","7","0",,"2","1FFFFF","1AAAAAAAA1AAAA","4",,,,,,,
"2100901","2017-09-01T22:50:00","21.23","-136.31",,,"1","4","2","5",,,"11",,,,,,,,,"10121",,,"8",,,,,"9","244",,,,,,,,,,,,,"236","16","798","172","7","1","2","2","1FFF1F","1AAAA1AAA1AAAA","4",,,,,,,
"2100530","2017-09-01T23:00:00","26.88","-131.87",,,"1","4","2","5",,,"11",,,,,,,,,"10133",,,"8",,,,,"9","225",,,,,,,,,,,,,"236","61","798","172","7","1","2","2","1FFF1F","1AAAA1AAA1AAAA","4",,,,,,,
"4600623","2017-09-01T23:00:00","22.55","-135.67",,,"1","3","2","5",,,"11",,,,,,,,,,,,,,,,,,,,,,,,,,,,,,,"236","25","798","172","7","1","2","2","FFFFFF","1AAAAAAAAAAAAA","4",,,,,,,
"4600770","2017-09-01T23:00:00","25.66","-132.58",,,"1","4","2","5",,,"11",,,,,,,,,"10127",,,"8",,,,,"9","229",,,,,,,,,,,,,"236","52","798","172","7","1","2","2","1FFF1F","1AAAA1AAA1AAAA","4",,,,,,,
"4601544","2017-09-01T23:00:00","20.34","-136.01",,,"1","4","2","5",,,"11",,,,,,,,,,,,"8",,,,,"9","257",,,,,,,,,,,,,"236","6","798","172","7","0",,"2","1FFFFF","1AAAAAAAA1AAAA","4",,,,,,,
"2200638","2017-09-01T23:01:00","26.49","-137.25",,,"1","4","2","5",,,"11",,,,,,,,,,,,"8",,,,,"9","232",,,,,,,,,,,,,"236","67","798","172","7","0",,"2","1FFFFF","1AAAAAAAA1AAAA","4",,,,,,,
"4601544","2017-09-01T23:32:00","20.34","-136.02",,,"1","4","2","5",,,"11",,,,,,,,,,,,"8",,,,,"9","256",,,,,,,,,,,,,"236","6","798","172","7","0",,"2","1FFFFF","1AAAAAAAA1AAAA","4",,,,,,,
"2100901","2017-09-01T23:50:00","21.23","-136.31",,,"1","4","2","5",,,"11",,,,,,,,,"10117",,,"8",,,,,"9","244",,,,,,,,,,,,,"236","16","798","172","7","1","2","2","1FFF1F","1AAAA1AAA1AAAA","4",,,,,,,
"2100530","2017-09-02T00:00:00","26.87","-131.88",,,"1","4","2","5",,,"11",,,,,,,,,"10131",,,"8",,,,,"9","225",,,,,,,,,,,,,"236","61","798","172","7","1","2","2","1FFF1F","1AAAA1AAA1AAAA","4",,,,,,,
"4600623","2017-09-02T00:00:00","22.52","-135.74",,,"1","3","2","5",,,"11",,,,,,,,,,,,,,,,,,,,,,,,,,,,,,,"236","25","798","172","7","1","2","2","FFFFFF","1AAAAAAAAAAAAA","4",,,,,,,
"4600770","2017-09-02T00:00:00","25.66","-132.58",,,"1","4","2","5",,,"11",,,,,,,,,"10124",,,"8",,,,,"9","229",,,,,,,,,,,,,"236","52","798","172","7","1","2","2","1FFF1F","1AAAA1AAA1AAAA","4",,,,,,,
"2200638","2017-09-02T00:01:00","26.49","-137.26",,,"1","4","2","5",,,"11",,,,,,,,,,,,"8",,,,,"9","233",,,,,,,,,,,,,"236","67","798","172","7","0",,"2","1FFFFF","1AAAAAAAA1AAAA","4",,,,,,,
"4601544","2017-09-02T00:02:00","20.33","-136.02",,,"1","4","2","5",,,"11",,,,,,,,,,,,"8",,,,,"9","256",,,,,,,,,,,,,"236","6","798","172","7","0",,"2","1FFFFF","1AAAAAAAA1AAAA","4",,,,,,,
"4601544","2017-09-02T00:32:00","20.33","-136.02",,,"1","4","2","5",,,"11",,,,,,,,,,,,"8",,,,,"9","256",,,,,,,,,,,,,"236","6","798","172","7","0",,"2","1FFFFF","1AAAAAAAA1AAAA","4",,,,,,,
"2100901","2017-09-02T00:50:00","21.23","-136.31",,,"1","4","2","5",,,"11",,,,,,,,,"10115",,,"8",,,,,"9","244",,,,,,,,,,,,,"236","16","798","172","7","1","2","2","1FFF1F","1AAAA1AAA1AAAA","4",,,,,,,
"2100530","2017-09-02T01:00:00","26.85","-131.88",,,"1","4","2","5",,,"11",,,,,,,,,"10129",,,"8",,,,,"9","225",,,,,,,,,,,,,"236","61","798","172","7","1","2","2","1FFF1F","1AAAA1AAA1AAAA","4",,,,,,,
"4600623","2017-09-02T01:00:00","22.52","-135.74",,,"1","3","2","5",,,"11",,,,,,,,,,,,,,,,,,,,,,,,,,,,,,,"236","25","798","172","7","1","2","2","FFFFFF","1AAAAAAAAAAAAA","4",,,,,,,
"4600770","2017-09-02T01:00:00","25.65","-132.58",,,"1","4","2","5",,,"11",,,,,,,,,"10122",,,"8",,,,,"9","229",,,,,,,,,,,,,"236","52","798","172","7","1","2","2","1FFF1F","1AAAA1AAA1AAAA","4",,,,,,,
"4601544","2017-09-02T01:00:00","20.33","-136.02",,,"1","4","2","5",,,"11",,,,,,,,,,,,"8",,,,,"9","256",,,,,,,,,,,,,"236","6","798","172","7","0",,"2","1FFFFF","1AAAAAAAA1AAAA","4",,,,,,,
"2200638","2017-09-02T01:01:00","26.48","-137.26",,,"1","4","2","5",,,"11",,,,,,,,,,,,"8",,,,,"9","234",,,,,,,,,,,,,"236","67","798","172","7","0",,"2","1FFFFF","1AAAAAAAA1AAAA","4",,,,,,,
"4601544","2017-09-02T01:32:00","20.33","-136.02",,,"1","4","2","5",,,"11",,,,,,,,,,,,"8",,,,,"9","255",,,,,,,,,,,,,"236","6","798","172","7","0",,"2","1FFFFF","1AAAAAAAA1AAAA","4",,,,,,,
"2100901","2017-09-02T01:50:00","21.22","-136.32",,,"1","4","2","5",,,"11",,,,,,,,,"10114",,,"8",,,,,"9","244",,,,,,,,,,,,,"236","16","798","172","7","1","2","2","1FFF1F","1AAAA1AAA1AAAA","4",,,,,,,
"2100530","2017-09-02T02:00:00","26.85","-131.88",,,"1","4","2","5",,,"11",,,,,,,,,"10129",,,"8",,,,,"9","225",,,,,,,,,,,,,"236","61","798","172","7","1","2","2","1FFF1F","1AAAA1AAA1AAAA","4",,,,,,,
"4600623","2017-09-02T02:00:00","22.52","-135.74",,,"1","3","2","5",,,"11",,,,,,,,,,,,,,,,,,,,,,,,,,,,,,,"236","25","798","172","7","1","2","2","FFFFFF","1AAAAAAAAAAAAA","4",,,,,,,
"4600770","2017-09-02T02:00:00","25.65","-132.57",,,"1","4","2","5",,,"11",,,,,,,,,"10124",,,"8",,,,,"9","228",,,,,,,,,,,,,"236","52","798","172","7","1","2","2","1FFF1F","1AAAA1AAA1AAAA","4",,,,,,,
"2200638","2017-09-02T02:01:00","26.47","-137.27",,,"1","4","2","5",,,"11",,,,,,,,,,,,"8",,,,,"9","234",,,,,,,,,,,,,"236","67","798","172","7","0",,"2","1FFFFF","1AAAAAAAA1AAAA","4",,,,,,,
"4601544","2017-09-02T02:02:00","20.32","-136.02",,,"1","4","2","5",,,"11",,,,,,,,,,,,"8",,,,,"9","255",,,,,,,,,,,,,"236","6","798","172","7","0",,"2","1FFFFF","1AAAAAAAA1AAAA","4",,,,,,,
"4601544","2017-09-02T02:32:00","20.32","-136.02",,,"1","4","2","5",,,"11",,,,,,,,,,,,"8",,,,,"9","255",,,,,,,,,,,,,"236","6","798","172","7","0",,"2","1FFFFF","1AAAAAAAA1AAAA","4",,,,,,,
"2100901","2017-09-02T02:50:00","21.22","-136.32",,,"1","4","2","5",,,"11",,,,,,,,,"10114",,,"8",,,,,"9","244",,,,,,,,,,,,,"236","16","798","172","7","1","2","2","1FFF1F","1AAAA1AAA1AAAA","4",,,,,,,
"2100530","2017-09-02T03:00:00","26.85","-131.88",,,"1","4","2","5",,,"11",,,,,,,,,"10131",,,"8",,,,,"9","226",,,,,,,,,,,,,"236","61","798","172","7","1","2","1","1FFF1F","1AAAA1AAA1AAAA","4",,,,,,,
"4600623","2017-09-02T03:00:00","22.52","-135.74",,,"1","3","2","5",,,"11",,,,,,,,,,,,,,,,,,,,,,,,,,,,,,,"236","25","798","172","7","1","2","2","FFFFFF","1AAAAAAAAAAAAA","4",,,,,,,
"4600770","2017-09-02T03:00:00","25.65","-132.57",,,"1","4","2","5",,,"11",,,,,,,,,"10126",,,"8",,,,,"9","228",,,,,,,,,,,,,"236","52","798","172","7","1","2","1","1FFF1F","1AAAA1AAA1AAAA","4",,,,,,,
"4601544","2017-09-02T03:00:00","20.32","-136.03",,,"1","4","2","5",,,"11",,,,,,,,,,,,"8",,,,,"9","255",,,,,,,,,,,,,"236","6","798","172","7","0",,"2","1FFFFF","1AAAAAAAA1AAAA","4",,,,,,,
"2200638","2017-09-02T03:01:00","26.47","-137.27",,,"1","4","2","5",,,"11",,,,,,,,,,,,"8",,,,,"9","235",,,,,,,,,,,,,"236","67","798","172","7","0",,"2","1FFFFF","1AAAAAAAA1AAAA","4",,,,,,,
"4601544","2017-09-02T03:30:00","20.32","-136.03",,,"1","4","2","5",,,"11",,,,,,,,,,,,"8",,,,,"9","254",,,,,,,,,,,,,"236","6","798","172","7","0",,"1","1FFFFF","1AAAAAAAA1AAAA","4",,,,,,,
"2100901","2017-09-02T03:50:00","21.21","-136.33",,,"1","4","2","5",,,"11",,,,,,,,,"10121",,,"8",,,,,"9","244",,,,,,,,,,,,,"236","16","798","172","7","1","2","1","1FFF1F","1AAAA1AAA1AAAA","4",,,,,,,
"2100530","2017-09-02T04:00:00","26.84","-131.90",,,"1","4","2","5",,,"11",,,,,,,,,"10134",,,"8",,,,,"9","226",,,,,,,,,,,,,"236","61","798","172","7","1","2","1","1FFF1F","1AAAA1AAA1AAAA","4",,,,,,,
"4600623","2017-09-02T04:00:00","22.51","-135.76",,,"1","3","2","5",,,"11",,,,,,,,,,,,,,,,,,,,,,,,,,,,,,,"236","25","798","172","7","1","2","1","FFFFFF","1AAAAAAAAAAAAA","4",,,,,,,
"4600770","2017-09-02T04:00:00","25.63","-132.56",,,"1","4","2","5",,,"11",,,,,,,,,"10130",,,"8",,,,,"9","228",,,,,,,,,,,,,"236","52","798","172","7","1","2","1","1FFF1F","1AAAA1AAA1AAAA","4",,,,,,,
"4601544","2017-09-02T04:00:00","20.32","-136.03",,,"1","4","2","5",,,"11",,,,,,,,,,,,"8",,,,,"9","254",,,,,,,,,,,,,"236","6","798","172","7","0",,"1","1FFFFF","1AAAAAAAA1AAAA","4",,,,,,,
"2200638","2017-09-02T04:01:00","26.47","-137.28",,,"1","4","2","5",,,"11",,,,,,,,,,,,"8",,,,,"9","235",,,,,,,,,,,,,"236","67","798","172","7","0",,"1","1FFFFF","1AAAAAAAA1AAAA","4",,,,,,,
"4601544","2017-09-02T04:32:00","20.32","-136.03",,,"1","4","2","5",,,"11",,,,,,,,,,,,"8",,,,,"9","254",,,,,,,,,,,,,"236","6","798","172","7","0",,"1","1FFFFF","1AAAAAAAA1AAAA","4",,,,,,,
"2100901","2017-09-02T04:50:00","21.21","-136.33",,,"1","4","2","5",,,"11",,,,,,,,,"10125",,,"8",,,,,"9","243",,,,,,,,,,,,,"236","16","798","172","7","1","2","1","1FFF1F","1AAAA1AAA1AAAA","4",,,,,,,
"2100530","2017-09-02T05:00:00","26.84","-131.90",,,"1","4","2","5",,,"11",,,,,,,,,"10140",,,"8",,,,,"9","226",,,,,,,,,,,,,"236","61","798","172","7","1","2","1","1FFF1F","1AAAA1AAA1AAAA","4",,,,,,,
"4600623","2017-09-02T05:00:00","22.51","-135.77",,,"1","3","2","5",,,"11",,,,,,,,,,,,,,,,,,,,,,,,,,,,,,,"236","25","798","172","7","1","2","1","FFFFFF","1AAAAAAAAAAAAA","4",,,,,,,
"4600770","2017-09-02T05:00:00","25.62","-132.56",,,"1","4","2","5",,,"11",,,,,,,,,"10134",,,"8",,,,,"9","227",,,,,,,,,,,,,"236","52","798","172","7","1","2","1","1FFF1F","1AAAA1AAA1AAAA","4",,,,,,,
"4601544","2017-09-02T05:00:00","20.33","-136.03",,,"1","4","2","5",,,"11",,,,,,,,,,,,"8",,,,,"9","253",,,,,,,,,,,,,"236","6","798","172","7","0",,"1","1FFFFF","1AAAAAAAA1AAAA","4",,,,,,,
"2200638","2017-09-02T05:01:00","26.46","-137.28",,,"1","4","2","5",,,"11",,,,,,,,,,,,"8",,,,,"9","235",,,,,,,,,,,,,"236","67","798","172","7","0",,"1","1FFFFF","1AAAAAAAA1AAAA","4",,,,,,,
"4601544","2017-09-02T05:30:00","20.33","-136.04",,,"1","4","2","5",,,"11",,,,,,,,,,,,"8",,,,,"9","254",,,,,,,,,,,,,"236","6","798","172","7","0",,"1","1FFFFF","1AAAAAAAA1AAAA","4",,,,,,,
"2100901","2017-09-02T05:50:00","21.20","-136.35",,,"1","4","2","5",,,"11",,,,,,,,,"10130",,,"8",,,,,"9","243",,,,,,,,,,,,,"236","16","798","172","7","1","2","1","1FFF1F","1AAAA1AAA1AAAA","4",,,,,,,
"2100530","2017-09-02T06:00:00","26.83","-131.90",,,"1","4","2","5",,,"11",,,,,,,,,"10140",,,"8",,,,,"9","226",,,,,,,,,,,,,"236","61","798","172","7","1","2","1","1FFF1F","1AAAA1AAA1AAAA","4",,,,,,,
"4600623","2017-09-02T06:00:00","22.50","-135.78",,,"1","3","2","5",,,"11",,,,,,,,,,,,,,,,,,,,,,,,,,,,,,,"236","25","798","172","7","1","2","1","FFFFFF","1AAAAAAAAAAAAA","4",,,,,,,
"4600770","2017-09-02T06:00:00","25.60","-132.57",,,"1","4","2","5",,,"11",,,,,,,,,"10138",,,"8",,,,,"9","227",,,,,,,,,,,,,"236","52","798","172","7","1","2","1","1FFF1F","1AAAA1AAA1AAAA","4",,,,,,,
"WFLH","2017-09-02T06:00:00","29.80","-135.30",,,"1","6","2","5","2","3","1",,"20","4","72","1","98","2","2","10168","4","0","8","222",,"178","153","1","211","8","7","4","3","2","A",,"4","2","4","5","3","236","95","798","172","5","1","2","1","111111","11111111111111",,"5",,"2",,,,
"2200638","2017-09-02T06:01:00","26.46","-137.28",,,"1","4","2","5",,,"11",,,,,,,,,,,,"8",,,,,"9","235",,,,,,,,,,,,,"236","67","798","172","7","0",,"1","1FFFFF","1AAAAAAAA1AAAA","4",,,,,,,
"4601544","2017-09-02T06:03:00","20.33","-136.04",,,"1","4","2","5",,,"11",,,,,,,,,,,,"8",,,,,"9","253",,,,,,,,,,,,,"236","6","798","172","7","0",,"1","1FFFFF","1AAAAAAAA1AAAA","4",,,,,,,
"4601544","2017-09-02T06:30:00","20.33","-136.04",,,"1","4","2","5",,,"11",,,,,,,,,,,,"8",,,,,"9","253",,,,,,,,,,,,,"236","6","798","172","7","0",,"1","1FFFFF","1AAAAAAAA1AAAA","4",,,,,,,
"2100901","2017-09-02T06:50:00","21.20","-136.36",,,"1","4","2","5",,,"11",,,,,,,,,"10132",,,"8",,,,,"9","243",,,,,,,,,,,,,"236","16","798","172","7","1","2","1","1FFF1F","1AAAA1AAA1AAAA","4",,,,,,,
"2100530","2017-09-02T07:00:00","26.82","-131.91",,,"1","4","2","5",,,"11",,,,,,,,,"10142",,,"8",,,,,"9","226",,,,,,,,,,,,,"236","61","798","172","7","1","2","1","1FFF1F","1AAAA1AAA1AAAA","4",,,,,,,
"4600623","2017-09-02T07:00:00","22.50","-135.79",,,"1","3","2","5",,,"11",,,,,,,,,,,,,,,,,,,,,,,,,,,,,,,"236","25","798","172","7","1","2","1","FFFFFF","1AAAAAAAAAAAAA","4",,,,,,,
"4600770","2017-09-02T07:00:00","25.59","-132.58",,,"1","4","2","5",,,"11",,,,,,,,,"10139",,,"8",,,,,"9","227",,,,,,,,,,,,,"236","52","798","172","7","1","2","1","1FFF1F","1AAAA1AAA1AAAA","4",,,,,,,
"4601544","2017-09-02T07:00:00","20.33","-136.04",,,"1","4","2","5",,,"11",,,,,,,,,,,,"8",,,,,"9","253",,,,,,,,,,,,,"236","6","798","172","7","0",,"1","1FFFFF","1AAAAAAAA1AAAA","4",,,,,,,
"2200638","2017-09-02T07:01:00","26.45","-137.28",,,"1","4","2","5",,,"11",,,,,,,,,,,,"8",,,,,"9","235",,,,,,,,,,,,,"236","67","798","172","7","0",,"1","1FFFFF","1AAAAAAAA1AAAA","4",,,,,,,
"4601544","2017-09-02T07:30:00","20.33","-136.04",,,"1","4","2","5",,,"11",,,,,,,,,,,,"8",,,,,"9","253",,,,,,,,,,,,,"236","6","798","172","7","0",,"1","1FFFFF","1AAAAAAAA1AAAA","4",,,,,,,
"2100530","2017-09-02T08:00:00","26.82","-131.91",,,"1","4","2","5",,,"11",,,,,,,,,"10142",,,"8",,,,,"9","226",,,,,,,,,,,,,"236","61","798","172","7","1","2","1","1FFF1F","1AAAA1AAA1AAAA","4",,,,,,,
"4600623","2017-09-02T08:00:00","22.50","-135.79",,,"1","3","2","5",,,"11",,,,,,,,,,,,,,,,,,,,,,,,,,,,,,,"236","25","798","172","7","1","2","1","FFFFFF","1AAAAAAAAAAAAA","4",,,,,,,
"4600770","2017-09-02T08:00:00","25.59","-132.58",,,"1","4","2","5",,,"11",,,,,,,,,"10138",,,"8",,,,,"9","226",,,,,,,,,,,,,"236","52","798","172","7","1","2","1","1FFF1F","1AAAA1AAA1AAAA","4",,,,,,,
"4601544","2017-09-02T08:00:00","20.33","-136.04",,,"1","4","2","5",,,"11",,,,,,,,,,,,"8",,,,,"9","253",,,,,,,,,,,,,"236","6","798","172","7","0",,"1","1FFFFF","1AAAAAAAA1AAAA","4",,,,,,,
"2200638","2017-09-02T08:01:00","26.45","-137.28",,,"1","4","2","5",,,"11",,,,,,,,,,,,"8",,,,,"9","235",,,,,,,,,,,,,"236","67","798","172","7","0",,"1","1FFFFF","1AAAAAAAA1AAAA","4",,,,,,,
"4601544","2017-09-02T08:30:00","20.33","-136.04",,,"1","4","2","5",,,"11",,,,,,,,,,,,"8",,,,,"9","253",,,,,,,,,,,,,"236","6","798","172","7","0",,"1","1FFFFF","1AAAAAAAA1AAAA","4",,,,,,,
"2100901","2017-09-02T08:50:00","21.20","-136.36",,,"1","4","2","5",,,"11",,,,,,,,,"10131",,,"8",,,,,"9","243",,,,,,,,,,,,,"236","16","798","172","7","1","2","1","1FFF1F","1AAAA1AAA1AAAA","4",,,,,,,
"2100530","2017-09-02T09:00:00","26.82","-131.91",,,"1","4","2","5",,,"11",,,,,,,,,"10137",,,"8",,,,,"9","226",,,,,,,,,,,,,"236","61","798","172","7","1","2","1","1FFF1F","1AAAA1AAA1AAAA","4",,,,,,,
"4600623","2017-09-02T09:00:00","22.50","-135.79",,,"1","3","2","5",,,"11",,,,,,,,,,,,,,,,,,,,,,,,,,,,,,,"236","25","798","172","7","1","2","1","FFFFFF","1AAAAAAAAAAAAA","4",,,,,,,
"4600770","2017-09-02T09:00:00","25.59","-132.58",,,"1","4","2","5",,,"11",,,,,,,,,"10134",,,"8",,,,,"9","226",,,,,,,,,,,,,"236","52","798","172","7","1","2","1","1FFF1F","1AAAA1AAA1AAAA","4",,,,,,,
"4601544","2017-09-02T09:00:00","20.33","-136.03",,,"1","4","2","5",,,"11",,,,,,,,,,,,"8",,,,,"9","253",,,,,,,,,,,,,"236","6","798","172","7","0",,"1","1FFFFF","1AAAAAAAA1AAAA","4",,,,,,,
"2200638","2017-09-02T09:01:00","26.44","-137.29",,,"1","4","2","5",,,"11",,,,,,,,,,,,"8",,,,,"9","235",,,,,,,,,,,,,"236","67","798","172","7","0",,"1","1FFFFF","1AAAAAAAA1AAAA","4",,,,,,,
"4601544","2017-09-02T09:30:00","20.33","-136.03",,,"1","4","2","5",,,"11",,,,,,,,,,,,"8",,,,,"9","253",,,,,,,,,,,,,"236","6","798","172","7","0",,"1","1FFFFF","1AAAAAAAA1AAAA","4",,,,,,,
"2100901","2017-09-02T09:50:00","21.20","-136.36",,,"1","4","2","5",,,"11",,,,,,,,,"10127",,,"8",,,,,"9","243",,,,,,,,,,,,,"236","16","798","172","7","1","2","1","1FFF1F","1AAAA1AAA1AAAA","4",,,,,,,
"2100530","2017-09-02T10:00:00","26.79","-131.89",,,"1","4","2","5",,,"11",,,,,,,,,"10135",,,"8",,,,,"9","225",,,,,,,,,,,,,"236","61","798","172","7","1","2","1","1FFF1F","1AAAA1AAA1AAAA","4",,,,,,,
"4600623","2017-09-02T10:00:00","22.49","-135.83",,,"1","3","2","5",,,"11",,,,,,,,,,,,,,,,,,,,,,,,,,,,,,,"236","25","798","172","7","1","2","1","FFFFFF","1AAAAAAAAAAAAA","4",,,,,,,
"4600770","2017-09-02T10:00:00","25.59","-132.58",,,"1","4","2","5",,,"11",,,,,,,,,"10130",,,"8",,,,,"9","226",,,,,,,,,,,,,"236","52","798","172","7","1","2","1","1FFF1F","1AAAA1AAA1AAAA","4",,,,,,,
"4601544","2017-09-02T10:00:00","20.33","-136.03",,,"1","4","2","5",,,"11",,,,,,,,,,,,"8",,,,,"9","253",,,,,,,,,,,,,"236","6","798","172","7","0",,"1","1FFFFF","1AAAAAAAA1AAAA","4",,,,,,,
"2200638","2017-09-02T10:01:00","26.44","-137.28",,,"1","4","2","5",,,"11",,,,,,,,,,,,"8",,,,,"9","236",,,,,,,,,,,,,"236","67","798","172","7","0",,"1","1FFFFF","1AAAAAAAA1AAAA","4",,,,,,,
"4601544","2017-09-02T10:30:00","20.34","-136.03",,,"1","4","2","5",,,"11",,,,,,,,,,,,"8",,,,,"9","252",,,,,,,,,,,,,"236","6","798","172","7","0",,"1","1FFFFF","1AAAAAAAA1AAAA","4",,,,,,,
"2100901","2017-09-02T10:50:00","21.20","-136.36",,,"1","4","2","5",,,"11",,,,,,,,,"10124",,,"8",,,,,"9","243",,,,,,,,,,,,,"236","16","798","172","7","1","2","1","1FFF1F","1AAAA1AAA1AAAA","4",,,,,,,
"2100530","2017-09-02T11:00:00","26.79","-131.89",,,"1","4","2","5",,,"11",,,,,,,,,"10132",,,"8",,,,,"9","225",,,,,,,,,,,,,"236","61","798","172","7","1","2","1","1FFF1F","1AAAA1AAA1AAAA","4",,,,,,,
"4600623","2017-09-02T11:00:00","22.49","-135.83",,,"1","3","2","5",,,"11",,,,,,,,,,,,,,,,,,,,,,,,,,,,,,,"236","25","798","172","7","1","2","1","FFFFFF","1AAAAAAAAAAAAA","4",,,,,,,
"4600770","2017-09-02T11:00:00","25.59","-132.58",,,"1","4","2","5",,,"11",,,,,,,,,"10126",,,"8",,,,,"9","226",,,,,,,,,,,,,"236","52","798","172","7","1","2","1","1FFF1F","1AAAA1AAA1AAAA","4",,,,,,,
"2200638","2017-09-02T11:01:00","26.43","-137.28",,,"1","4","2","5",,,"11",,,,,,,,,,,,"8",,,,,"9","236",,,,,,,,,,,,,"236","67","798","172","7","0",,"1","1FFFFF","1AAAAAAAA1AAAA","4",,,,,,,
"4601544","2017-09-02T11:02:00","20.34","-136.03",,,"1","4","2","5",,,"11",,,,,,,,,,,,"8",,,,,"9","253",,,,,,,,,,,,,"236","6","798","172","7","0",,"1","1FFFFF","1AAAAAAAA1AAAA","4",,,,,,,
"4601544","2017-09-02T11:30:00","20.34","-136.03",,,"1","4","2","5",,,"11",,,,,,,,,,,,"8",,,,,"9","252",,,,,,,,,,,,,"236","6","798","172","7","0",,"1","1FFFFF","1AAAAAAAA1AAAA","4",,,,,,,
"2100901","2017-09-02T11:50:00","21.20","-136.36",,,"1","4","2","5",,,"11",,,,,,,,,"10119",,,"8",,,,,"9","243",,,,,,,,,,,,,"236","16","798","172","7","1","2","1","1FFF1F","1AAAA1AAA1AAAA","4",,,,,,,
"2100530","2017-09-02T12:00:00","26.79","-131.89",,,"1","4","2","5",,,"11",,,,,,,,,"10132",,,"8",,,,,"9","226",,,,,,,,,,,,,"236","61","798","172","7","1","2","1","1FFF1F","1AAAA1AAA1AAAA","4",,,,,,,
"4600623","2017-09-02T12:00:00","22.50","-135.79",,,"1","3","2","5",,,"11",,,,,,,,,,,,,,,,,,,,,,,,,,,,,,,"236","25","798","172","7","1","2","1","FFFFFF","1AAAAAAAAAAAAA","4",,,,,,,
"4600770","2017-09-02T12:00:00","25.59","-132.58",,,"1","4","2","5",,,"11",,,,,,,,,"10126",,,"8",,,,,"9","226",,,,,,,,,,,,,"236","52","798","172","7","1","2","1","1FFF1F","1AAAA1AAA1AAAA","4",,,,,,,
"4601544","2017-09-02T12:00:00","20.34","-136.03",,,"1","4","2","5",,,"11",,,,,,,,,,,,"8",,,,,"9","253",,,,,,,,,,,,,"236","6","798","172","7","0",,"1","1FFFFF","1AAAAAAAA1AAAA","4",,,,,,,
"2200638","2017-09-02T12:01:00","26.43","-137.28",,,"1","4","2","5",,,"11",,,,,,,,,,,,"8",,,,,"9","235",,,,,,,,,,,,,"236","67","798","172","7","0",,"1","1FFFFF","1AAAAAAAA1AAAA","4",,,,,,,
"2100901","2017-09-02T12:50:00","21.19","-136.37",,,"1","4","2","5",,,"11",,,,,,,,,"10120",,,"8",,,,,"9","243",,,,,,,,,,,,,"236","16","798","172","7","1","2","1","1FFF1F","1AAAA1AAA1AAAA","4",,,,,,,
"2100530","2017-09-02T13:00:00","26.77","-131.88",,,"1","4","2","5",,,"11",,,,,,,,,"10132",,,"8",,,,,"9","226",,,,,,,,,,,,,"236","61","798","172","7","1","2","1","1FFF1F","1AAAA1AAA1AAAA","4",,,,,,,
"4600623","2017-09-02T13:00:00","22.49","-135.83",,,"1","3","2","5",,,"11",,,,,,,,,,,,,,,,,,,,,,,,,,,,,,,"236","25","798","172","7","1","2","1","FFFFFF","1AAAAAAAAAAAAA","4",,,,,,,
"4600770","2017-09-02T13:00:00","25.58","-132.60",,,"1","4","2","5",,,"11",,,,,,,,,"10128",,,"8",,,,,"9","226",,,,,,,,,,,,,"236","52","798","172","7","1","2","1","1FFF1F","1AAAA1AAA1AAAA","4",,,,,,,
"4601544","2017-09-02T13:00:00","20.34","-136.03",,,"1","4","2","5",,,"11",,,,,,,,,,,,"8",,,,,"9","252",,,,,,,,,,,,,"236","6","798","172","7","0",,"1","1FFFFF","1AAAAAAAA1AAAA","4",,,,,,,
"2200638","2017-09-02T13:01:00","26.43","-137.27",,,"1","4","2","5",,,"11",,,,,,,,,,,,"8",,,,,"9","236",,,,,,,,,,,,,"236","67","798","172","7","0",,"1","1FFFFF","1AAAAAAAA1AAAA","4",,,,,,,
"4601544","2017-09-02T13:30:00","20.35","-136.03",,,"1","4","2","5",,,"11",,,,,,,,,,,,"8",,,,,"9","252",,,,,,,,,,,,,"236","6","798","172","7","0",,"1","1FFFFF","1AAAAAAAA1AAAA","4",,,,,,,
"2100901","2017-09-02T13:50:00","21.18","-136.37",,,"1","4","2","5",,,"11",,,,,,,,,"10124",,,"8",,,,,"9","243",,,,,,,,,,,,,"236","16","798","172","7","1","2","1","1FFF1F","1AAAA1AAA1AAAA","4",,,,,,,
"2100530","2017-09-02T14:00:00","26.76","-131.88",,,"1","4","2","5",,,"11",,,,,,,,,"10137",,,"8",,,,,"9","225",,,,,,,,,,,,,"236","61","798","172","7","1","2","1","1FFF1F","1AAAA1AAA1AAAA","4",,,,,,,
"4600623","2017-09-02T14:00:00","22.49","-135.83",,,"1","3","2","5",,,"11",,,,,,,,,,,,,,,,,,,,,,,,,,,,,,,"236","25","798","172","7","1","2","1","FFFFFF","1AAAAAAAAAAAAA","4",,,,,,,
"4600770","2017-09-02T14:00:00","25.58","-132.60",,,"1","4","2","5",,,"11",,,,,,,,,"10132",,,"8",,,,,"9","226",,,,,,,,,,,,,"236","52","798","172","7","1","2","1","1FFF1F","1AAAA1AAA1AAAA","4",,,,,,,
"4601544","2017-09-02T14:00:00","20.35","-136.03",,,"1","4","2","5",,,"11",,,,,,,,,,,,"8",,,,,"9","252",,,,,,,,,,,,,"236","6","798","172","7","0",,"1","1FFFFF","1AAAAAAAA1AAAA","4",,,,,,,
"2200638","2017-09-02T14:01:00","26.43","-137.27",,,"1","4","2","5",,,"11",,,,,,,,,,,,"8",,,,,"9","236",,,,,,,,,,,,,"236","67","798","172","7","0",,"1","1FFFFF","1AAAAAAAA1AAAA","4",,,,,,,
"4601544","2017-09-02T14:30:00","20.35","-136.03",,,"1","4","2","5",,,"11",,,,,,,,,,,,"8",,,,,"9","252",,,,,,,,,,,,,"236","6","798","172","7","0",,"1","1FFFFF","1AAAAAAAA1AAAA","4",,,,,,,
"2100901","2017-09-02T14:50:00","21.18","-136.37",,,"1","4","2","5",,,"11",,,,,,,,,"10128",,,"8",,,,,"9","243",,,,,,,,,,,,,"236","16","798","172","7","1","2","1","1FFF1F","1AAAA1AAA1AAAA","4",,,,,,,
"2100530","2017-09-02T15:00:00","26.76","-131.87",,,"1","4","2","5",,,"11",,,,,,,,,"10142",,,"8",,,,,"9","225",,,,,,,,,,,,,"236","61","798","172","7","1","2","2","1FFF1F","1AAAA1AAA1AAAA","4",,,,,,,
"4600623","2017-09-02T15:00:00","22.49","-135.85",,,"1","3","2","5",,,"11",,,,,,,,,,,,,,,,,,,,,,,,,,,,,,,"236","25","798","172","7","1","2","2","FFFFFF","1AAAAAAAAAAAAA","4",,,,,,,
"4600770","2017-09-02T15:00:00","25.57","-132.60",,,"1","4","2","5",,,"11",,,,,,,,,"10137",,,"8",,,,,"9","226",,,,,,,,,,,,,"236","52","798","172","7","1","2","2","1FFF1F","1AAAA1AAA1AAAA","4",,,,,,,
"2200638","2017-09-02T15:01:00","26.43","-137.26",,,"1","4","2","5",,,"11",,,,,,,,,,,,"8",,,,,"9","235",,,,,,,,,,,,,"236","67","798","172","7","0",,"1","1FFFFF","1AAAAAAAA1AAAA","4",,,,,,,
"4601544","2017-09-02T15:02:00","20.35","-136.02",,,"1","4","2","5",,,"11",,,,,,,,,,,,"8",,,,,"9","252",,,,,,,,,,,,,"236","6","798","172","7","0",,"2","1FFFFF","1AAAAAAAA1AAAA","4",,,,,,,
"4601544","2017-09-02T15:30:00","20.35","-136.02",,,"1","4","2","5",,,"11",,,,,,,,,,,,"8",,,,,"9","252",,,,,,,,,,,,,"236","6","798","172","7","0",,"2","1FFFFF","1AAAAAAAA1AAAA","4",,,,,,,
"2100901","2017-09-02T15:50:00","21.18","-136.37",,,"1","4","2","5",,,"11",,,,,,,,,"10133",,,"8",,,,,"9","243",,,,,,,,,,,,,"236","16","798","172","7","1","2","2","1FFF1F","1AAAA1AAA1AAAA","4",,,,,,,
"2100530","2017-09-02T16:00:00","26.76","-131.89",,,"1","4","2","5",,,"11",,,,,,,,,"10146",,,"8",,,,,"9","225",,,,,,,,,,,,,"236","61","798","172","7","1","2","2","1FFF1F","1AAAA1AAA1AAAA","4",,,,,,,
"4600623","2017-09-02T16:00:00","22.48","-135.85",,,"1","3","2","5",,,"11",,,,,,,,,,,,,,,,,,,,,,,,,,,,,,,"236","25","798","172","7","1","2","2","FFFFFF","1AAAAAAAAAAAAA","4",,,,,,,
"4600770","2017-09-02T16:00:00","25.57","-132.62",,,"1","4","2","5",,,"11",,,,,,,,,"10143",,,"8",,,,,"9","226",,,,,,,,,,,,,"236","52","798","172","7","1","2","2","1FFF1F","1AAAA1AAA1AAAA","4",,,,,,,
"4601544","2017-09-02T16:00:00","20.36","-136.02",,,"1","4","2","5",,,"11",,,,,,,,,,,,"8",,,,,"9","252",,,,,,,,,,,,,"236","6","798","172","7","0",,"2","1FFFFF","1AAAAAAAA1AAAA","4",,,,,,,
"2200638","2017-09-02T16:01:00","26.42","-137.25",,,"1","4","2","5",,,"11",,,,,,,,,,,,"8",,,,,"9","236",,,,,,,,,,,,,"236","67","798","172","7","0",,"2","1FFFFF","1AAAAAAAA1AAAA","4",,,,,,,
"4601544","2017-09-02T16:30:00","20.36","-136.02",,,"1","4","2","5",,,"11",,,,,,,,,,,,"8",,,,,"9","252",,,,,,,,,,,,,"236","6","798","172","7","0",,"2","1FFFFF","1AAAAAAAA1AAAA","4",,,,,,,
"2100901","2017-09-02T16:50:00","21.18","-136.37",,,"1","4","2","5",,,"11",,,,,,,,,"10138",,,"8",,,,,"9","243",,,,,,,,,,,,,"236","16","798","172","7","1","2","2","1FFF1F","1AAAA1AAA1AAAA","4",,,,,,,
"2100530","2017-09-02T17:00:00","26.76","-131.89",,,"1","4","2","5",,,"11",,,,,,,,,"10152",,,"8",,,,,"9","226",,,,,,,,,,,,,"236","61","798","172","7","1","2","2","1FFF1F","1AAAA1AAA1AAAA","4",,,,,,,
"4600623","2017-09-02T17:00:00","22.48","-135.85",,,"1","3","2","5",,,"11",,,,,,,,,,,,,,,,,,,,,,,,,,,,,,,"236","25","798","172","7","1","2","2","FFFFFF","1AAAAAAAAAAAAA","4",,,,,,,
"4600770","2017-09-02T17:00:00","25.57","-132.63",,,"1","4","2","5",,,"11",,,,,,,,,"10146",,,"8",,,,,"9","226",,,,,,,,,,,,,"236","52","798","172","7","1","2","2","1FFF1F","1AAAA1AAA1AAAA","4",,,,,,,
"4601544","2017-09-02T17:00:00","20.36","-136.01",,,"1","4","2","5",,,"11",,,,,,,,,,,,"8",,,,,"9","252",,,,,,,,,,,,,"236","6","798","172","7","0",,"2","1FFFFF","1AAAAAAAA1AAAA","4",,,,,,,
"2200638","2017-09-02T17:01:00","26.41","-137.24",,,"1","4","2","5",,,"11",,,,,,,,,,,,"8",,,,,"9","236",,,,,,,,,,,,,"236","67","798","172","7","0",,"2","1FFFFF","1AAAAAAAA1AAAA","4",,,,,,,
"4601544","2017-09-02T17:30:00","20.36","-136.01",,,"1","4","2","5",,,"11",,,,,,,,,,,,"8",,,,,"9","252",,,,,,,,,,,,,"236","6","798","172","7","0",,"2","1FFFFF","1AAAAAAAA1AAAA","4",,,,,,,
"4601544","2017-09-02T17:33:00","20.36","-136.01",,,"1","4","2","5",,,"11",,,,,,,,,,,,"8",,,,,"9","252",,,,,,,,,,,,,"236","6","798","172","7","0",,"2","1FFFFF","1AAAAAAAA1AAAA","4",,,,,,,
"4600059","2017-09-02T17:40:00","29.40","-134.50",,,"1","3","2","5",,,"11",,"360","1","20",,,,,"10148",,,,,,,,,,,,,,,,,,"3",,"9","3","236","94","798","172","6","1","2","2","FFFFFF","1AAAAAAAAAA77A",,,,,,,,
"2100901","2017-09-02T17:50:00","21.17","-136.38",,,"1","4","2","5",,,"11",,,,,,,,,"10141",,,"8",,,,,"9","243",,,,,,,,,,,,,"236","16","798","172","7","1","2","2","1FFF1F","1AAAA1AAA1AAAA","4",,,,,,,
"2100530","2017-09-02T18:00:00","26.75","-131.87",,,"1","4","2","5",,,"11",,,,,,,,,"10154",,,"8",,,,,"9","226",,,,,,,,,,,,,"236","61","798","172","7","1","2","2","1FFF1F","1AAAA1AAA1AAAA","4",,,,,,,
"4600623","2017-09-02T18:00:00","22.49","-135.84",,,"1","3","2","5",,,"11",,,,,,,,,,,,,,,,,,,,,,,,,,,,,,,"236","25","798","172","7","1","2","2","FFFFFF","1AAAAAAAAAAAAA","4",,,,,,,
"4600770","2017-09-02T18:00:00","25.57","-132.63",,,"1","4","2","5",,,"11",,,,,,,,,"10150",,,"8",,,,,"9","227",,,,,,,,,,,,,"236","52","798","172","7","1","2","2","1FFF1F","1AAAA1AAA1AAAA","4",,,,,,,
"2200638","2017-09-02T18:01:00","26.41","-137.24",,,"1","4","2","5",,,"11",,,,,,,,,,,,"8",,,,,"9","239",,,,,,,,,,,,,"236","67","798","172","7","0",,"2","1FFFFF","1AAAAAAAA1AAAA","4",,,,,,,
"4601544","2017-09-02T18:02:00","20.36","-136.01",,,"1","4","2","5",,,"11",,,,,,,,,,,,"8",,,,,"9","253",,,,,,,,,,,,,"236","6","798","172","7","0",,"2","1FFFFF","1AAAAAAAA1AAAA","4",,,,,,,
"2100901","2017-09-02T18:50:00","21.17","-136.38",,,"1","4","2","5",,,"11",,,,,,,,,"10143",,,"8",,,,,"9","243",,,,,,,,,,,,,"236","16","798","172","7","1","2","2","1FFF1F","1AAAA1AAA1AAAA","4",,,,,,,
"2100530","2017-09-02T19:00:00","26.75","-131.88",,,"1","4","2","5",,,"11",,,,,,,,,"10155",,,"8",,,,,"9","229",,,,,,,,,,,,,"236","61","798","172","7","1","2","2","1FFF1F","1AAAA1AAA1AAAA","4",,,,,,,
"4600623","2017-09-02T19:00:00","22.47","-135.85",,,"1","3","2","5",,,"11",,,,,,,,,,,,,,,,,,,,,,,,,,,,,,,"236","25","798","172","7","1","2","2","FFFFFF","1AAAAAAAAAAAAA","4",,,,,,,
"4600770","2017-09-02T19:00:00","25.56","-132.63",,,"1","4","2","5",,,"11",,,,,,,,,"10152",,,"8",,,,,"9","229",,,,,,,,,,,,,"236","52","798","172","7","1","2","2","1FFF1F","1AAAA1AAA1AAAA","4",,,,,,,
"4601544","2017-09-02T19:00:00","20.36","-136.00",,,"1","4","2","5",,,"11",,,,,,,,,,,,"8",,,,,"9","253",,,,,,,,,,,,,"236","6","798","172","7","0",,"2","1FFFFF","1AAAAAAAA1AAAA","4",,,,,,,
"2200638","2017-09-02T19:01:00","26.39","-137.23",,,"1","4","2","5",,,"11",,,,,,,,,,,,"8",,,,,"9","242",,,,,,,,,,,,,"236","67","798","172","7","0",,"2","1FFFFF","1AAAAAAAA1AAAA","4",,,,,,,
"4601544","2017-09-02T19:30:00","20.36","-136.00",,,"1","4","2","5",,,"11",,,,,,,,,,,,"8",,,,,"9","254",,,,,,,,,,,,,"236","6","798","172","7","0",,"2","1FFFFF","1AAAAAAAA1AAAA","4",,,,,,,
"2100530","2017-09-02T20:00:00","26.75","-131.88",,,"1","4","2","5",,,"11",,,,,,,,,"10153",,,"8",,,,,"9","232",,,,,,,,,,,,,"236","61","798","172","7","1","2","2","1FFF1F","1AAAA1AAA1AAAA","4",,,,,,,
"4600623","2017-09-02T20:00:00","22.46","-135.85",,,"1","3","2","5",,,"11",,,,,,,,,,,,,,,,,,,,,,,,,,,,,,,"236","25","798","172","7","1","2","2","FFFFFF","1AAAAAAAAAAAAA","4",,,,,,,
"4600770","2017-09-02T20:00:00","25.56","-132.63",,,"1","4","2","5",,,"11",,,,,,,,,"10149",,,"8",,,,,"9","234",,,,,,,,,,,,,"236","52","798","172","7","1","2","2","1FFF1F","1AAAA1AAA1AAAA","4",,,,,,,
"2200638","2017-09-02T20:01:00","26.38","-137.23",,,"1","4","2","5",,,"11",,,,,,,,,,,,"8",,,,,"9","245",,,,,,,,,,,,,"236","67","798","172","7","0",,"2","1FFFFF","1AAAAAAAA1AAAA","4",,,,,,,
"4601544","2017-09-02T20:02:00","20.36","-136.00",,,"1","4","2","5",,,"11",,,,,,,,,,,,"8",,,,,"9","254",,,,,,,,,,,,,"236","6","798","172","7","0",,"2","1FFFFF","1AAAAAAAA1AAAA","4",,,,,,,
"4601544","2017-09-02T20:32:00","20.35","-135.99",,,"1","4","2","5",,,"11",,,,,,,,,,,,"8",,,,,"9","255",,,,,,,,,,,,,"236","5","798","172","7","0",,"2","1FFFFF","1AAAAAAAA1AAAA","4",,,,,,,
"2100901","2017-09-02T20:50:00","21.16","-136.38",,,"1","4","2","5",,,"11",,,,,,,,,"10138",,,"8",,,,,"9","246",,,,,,,,,,,,,"236","16","798","172","7","1","2","2","1FFF1F","1AAAA1AAA1AAAA","4",,,,,,,
"2100530","2017-09-02T21:00:00","26.75","-131.88",,,"1","4","2","5",,,"11",,,,,,,,,"10151",,,"8",,,,,"9","240",,,,,,,,,,,,,"236","61","798","172","7","1","2","2","1FFF1F","1AAAA1AAA1AAAA","4",,,,,,,
"4600623","2017-09-02T21:00:00","22.46","-135.85",,,"1","3","2","5",,,"11",,,,,,,,,,,,,,,,,,,,,,,,,,,,,,,"236","25","798","172","7","1","2","2","FFFFFF","1AAAAAAAAAAAAA","4",,,,,,,
"4600770","2017-09-02T21:00:00","25.56","-132.63",,,"1","4","2","5",,,"11",,,,,,,,,"10146",,,"8",,,,,"9","238",,,,,,,,,,,,,"236","52","798","172","7","1","2","2","1FFF1F","1AAAA1AAA1AAAA","4",,,,,,,
"2200638","2017-09-02T21:01:00","26.37","-137.24",,,"1","4","2","5",,,"11",,,,,,,,,,,,"8",,,,,"9","252",,,,,,,,,,,,,"236","67","798","172","7","0",,"2","1FFFFF","1AAAAAAAA1AAAA","4",,,,,,,
"4601544","2017-09-02T21:02:00","20.35","-135.99",,,"1","4","2","5",,,"11",,,,,,,,,,,,"8",,,,,"9","256",,,,,,,,,,,,,"236","5","798","172","7","0",,"2","1FFFFF","1AAAAAAAA1AAAA","4",,,,,,,
"4601544","2017-09-02T21:32:00","20.35","-135.99",,,"1","4","2","5",,,"11",,,,,,,,,,,,"8",,,,,"9","257",,,,,,,,,,,,,"236","5","798","172","7","0",,"2","1FFFFF","1AAAAAAAA1AAAA","4",,,,,,,
"2100901","2017-09-02T21:50:00","21.14","-136.40",,,"1","4","2","5",,,"11",,,,,,,,,"10132",,,"8",,,,,"9","248",,,,,,,,,,,,,"236","16","798","172","7","1","2","2","1FFF1F","1AAAA1AAA1AAAA","4",,,,,,,
"2100530","2017-09-02T22:00:00","26.75","-131.87",,,"1","4","2","5",,,"11",,,,,,,,,"10146",,,"8",,,,,"9","252",,,,,,,,,,,,,"236","61","798","172","7","1","2","2","1FFF1F","1AAAA1AAA1AAAA","4",,,,,,,
"4600623","2017-09-02T22:00:00","22.43","-135.90",,,"1","3","2","5",,,"11",,,,,,,,,,,,,,,,,,,,,,,,,,,,,,,"236","25","798","172","7","1","2","2","FFFFFF","1AAAAAAAAAAAAA","4",,,,,,,
"4600770","2017-09-02T22:00:00","25.56","-132.63",,,"1","4","2","5",,,"11",,,,,,,,,"10141",,,"8",,,,,"9","239",,,,,,,,,,,,,"236","52","798","172","7","1","2","2","1FFF1F","1AAAA1AAA1AAAA","4",,,,,,,
"2200638","2017-09-02T22:01:00","26.36","-137.24",,,"1","4","2","5",,,"11",,,,,,,,,,,,"8",,,,,"9","258",,,,,,,,,,,,,"236","67","798","172","7","0",,"2","3FFFFF","1AAAAAAAA1AAAA","4",,,,,,,
"4601544","2017-09-02T22:02:00","20.35","-135.99",,,"1","4","2","5",,,"11",,,,,,,,,,,,"8",,,,,"9","259",,,,,,,,,,,,,"236","5","798","172","7","0",,"2","1FFFFF","1AAAAAAAA1AAAA","4",,,,,,,
"4601544","2017-09-02T22:32:00","20.35","-135.99",,,"1","4","2","5",,,"11",,,,,,,,,,,,"8",,,,,"9","259",,,,,,,,,,,,,"236","5","798","172","7","0",,"2","1FFFFF","1AAAAAAAA1AAAA","4",,,,,,,
"2100901","2017-09-02T22:50:00","21.14","-136.40",,,"1","4","2","5",,,"11",,,,,,,,,"10127",,,"8",,,,,"9","249",,,,,,,,,,,,,"236","16","798","172","7","1","2","2","1FFF1F","1AAAA1AAA1AAAA","4",,,,,,,
"2100530","2017-09-02T23:00:00","26.75","-131.87",,,"1","4","2","5",,,"11",,,,,,,,,"10143",,,"8",,,,,"9","259",,,,,,,,,,,,,"236","61","798","172","7","1","2","2","3FFF1F","1AAAA1AAA1AAAA","4",,,,,,,
"4600623","2017-09-02T23:00:00","22.43","-135.90",,,"1","3","2","5",,,"11",,,,,,,,,,,,,,,,,,,,,,,,,,,,,,,"236","25","798","172","7","1","2","2","FFFFFF","1AAAAAAAAAAAAA","4",,,,,,,
"4600770","2017-09-02T23:00:00","25.55","-132.63",,,"1","4","2","5",,,"11",,,,,,,,,"10136",,,"8",,,,,"9","240",,,,,,,,,,,,,"236","52","798","172","7","1","2","2","1FFF1F","1AAAA1AAA1AAAA","4",,,,,,,
"2200638","2017-09-02T23:01:00","26.35","-137.25",,,"1","4","2","5",,,"11",,,,,,,,,,,,"8",,,,,"9","258",,,,,,,,,,,,,"236","67","798","172","7","0",,"2","3FFFFF","1AAAAAAAA1AAAA","4",,,,,,,
"4601544","2017-09-02T23:32:00","20.34","-135.98",,,"1","4","2","5",,,"11",,,,,,,,,,,,"8",,,,,"9","261",,,,,,,,,,,,,"236","5","798","172","7","0",,"2","1FFFFF","1AAAAAAAA1AAAA","4",,,,,,,
"2100901","2017-09-02T23:50:00","21.14","-136.40",,,"1","4","2","5",,,"11",,,,,,,,,"10122",,,"8",,,,,"9","250",,,,,,,,,,,,,"236","16","798","172","7","1","2","2","1FFF1F","1AAAA1AAA1AAAA","4",,,,,,,
"2100530","2017-09-03T00:00:00","26.75","-131.87",,,"1","4","2","5",,,"11",,,,,,,,,"10139",,,"8",,,,,"9","257",,,,,,,,,,,,,"236","61","798","172","7","1","2","2","3FFF1F","1AAAA1AAA1AAAA","4",,,,,,,
"4600623","2017-09-03T00:00:00","22.43","-135.90",,,"1","3","2","5",,,"11",,,,,,,,,,,,,,,,,,,,,,,,,,,,,,,"236","25","798","172","7","1","2","2","FFFFFF","1AAAAAAAAAAAAA","4",,,,,,,
"4600770","2017-09-03T00:00:00","25.55","-132.63",,,"1","4","2","5",,,"11",,,,,,,,,"10135",,,"8",,,,,"9","240",,,,,,,,,,,,,"236","52","798","172","7","1","2","2","1FFF1F","1AAAA1AAA1AAAA","4",,,,,,,
"4601544","2017-09-03T00:00:00","20.34","-135.98",,,"1","4","2","5",,,"11",,,,,,,,,,,,"8",,,,,"9","260",,,,,,,,,,,,,"236","5","798","172","7","0",,"2","1FFFFF","1AAAAAAAA1AAAA","4",,,,,,,
"2200638","2017-09-03T00:01:00","26.34","-137.25",,,"1","4","2","5",,,"11",,,,,,,,,,,,"8",,,,,"9","257",,,,,,,,,,,,,"236","67","798","172","7","0",,"2","1FFFFF","1AAAAAAAA1AAAA","4",,,,,,,
"4601544","2017-09-03T00:32:00","20.34","-135.98",,,"1","4","2","5",,,"11",,,,,,,,,,,,"8",,,,,"9","260",,,,,,,,,,,,,"236","5","798","172","7","0",,"2","1FFFFF","1AAAAAAAA1AAAA","4",,,,,,,
"2100901","2017-09-03T00:50:00","21.14","-136.41",,,"1","4","2","5",,,"11",,,,,,,,,"10123",,,"8",,,,,"9","250",,,,,,,,,,,,,"236","16","798","172","7","1","2","2","1FFF1F","1AAAA1AAA1AAAA","4",,,,,,,
"2100530","2017-09-03T01:00:00","26.75","-131.85",,,"1","4","2","5",,,"11",,,,,,,,,"10139",,,"8",,,,,"9","252",,,,,,,,,,,,,"236","61","798","172","7","1","2","2","1FFF1F","1AAAA1AAA1AAAA","4",,,,,,,
"4600623","2017-09-03T01:00:00","22.43","-135.90",,,"1","3","2","5",,,"11",,,,,,,,,,,,,,,,,,,,,,,,,,,,,,,"236","25","798","172","7","1","2","2","FFFFFF","1AAAAAAAAAAAAA","4",,,,,,,
"4600770","2017-09-03T01:00:00","25.55","-132.63",,,"1","4","2","5",,,"11",,,,,,,,,"10134",,,"8",,,,,"9","243",,,,,,,,,,,,,"236","52","798","172","7","1","2","2","1FFF1F","1AAAA1AAA1AAAA","4",,,,,,,
"2200638","2017-09-03T01:01:00","26.33","-137.26",,,"1","4","2","5",,,"11",,,,,,,,,,,,"8",,,,,"9","254",,,,,,,,,,,,,"236","67","798","172","7","0",,"2","1FFFFF","1AAAAAAAA1AAAA","4",,,,,,,
"4601544","2017-09-03T01:02:00","20.33","-135.98",,,"1","4","2","5",,,"11",,,,,,,,,,,,"8",,,,,"9","260",,,,,,,,,,,,,"236","5","798","172","7","0",,"2","1FFFFF","1AAAAAAAA1AAAA","4",,,,,,,
"4601544","2017-09-03T01:32:00","20.33","-135.98",,,"1","4","2","5",,,"11",,,,,,,,,,,,"8",,,,,"9","259",,,,,,,,,,,,,"236","5","798","172","7","0",,"2","1FFFFF","1AAAAAAAA1AAAA","4",,,,,,,
"2100901","2017-09-03T01:50:00","21.14","-136.41",,,"1","4","2","5",,,"11",,,,,,,,,"10123",,,"8",,,,,"9","250",,,,,,,,,,,,,"236","16","798","172","7","1","2","2","1FFF1F","1AAAA1AAA1AAAA","4",,,,,,,
"2100530","2017-09-03T02:00:00","26.75","-131.85",,,"1","4","2","5",,,"11",,,,,,,,,"10143",,,"8",,,,,"9","248",,,,,,,,,,,,,"236","61","798","172","7","1","2","2","1FFF1F","1AAAA1AAA1AAAA","4",,,,,,,
"4600623","2017-09-03T02:00:00","22.43","-135.93",,,"1","3","2","5",,,"11",,,,,,,,,,,,,,,,,,,,,,,,,,,,,,,"236","25","798","172","7","1","2","2","FFFFFF","1AAAAAAAAAAAAA","4",,,,,,,
"4600770","2017-09-03T02:00:00","25.54","-132.61",,,"1","4","2","5",,,"11",,,,,,,,,"10138",,,"8",,,,,"9","245",,,,,,,,,,,,,"236","52","798","172","7","1","2","2","1FFF1F","1AAAA1AAA1AAAA","4",,,,,,,
"2200638","2017-09-03T02:01:00","26.33","-137.27",,,"1","4","2","5",,,"11",,,,,,,,,,,,"8",,,,,"9","249",,,,,,,,,,,,,"236","67","798","172","7","0",,"2","1FFFFF","1AAAAAAAA1AAAA","4",,,,,,,
"4601544","2017-09-03T02:02:00","20.33","-135.98",,,"1","4","2","5",,,"11",,,,,,,,,,,,"8",,,,,"9","259",,,,,,,,,,,,,"236","5","798","172","7","0",,"2","1FFFFF","1AAAAAAAA1AAAA","4",,,,,,,
"4601544","2017-09-03T02:32:00","20.33","-135.98",,,"1","4","2","5",,,"11",,,,,,,,,,,,"8",,,,,"9","258",,,,,,,,,,,,,"236","5","798","172","7","0",,"2","1FFFFF","1AAAAAAAA1AAAA","4",,,,,,,
"2100901","2017-09-03T02:50:00","21.13","-136.41",,,"1","4","2","5",,,"11",,,,,,,,,"10128",,,"8",,,,,"9","248",,,,,,,,,,,,,"236","16","798","172","7","1","2","2","1FFF1F","1AAAA1AAA1AAAA","4",,,,,,,
"2100530","2017-09-03T03:00:00","26.74","-131.85",,,"1","4","2","5",,,"11",,,,,,,,,"10146",,,"8",,,,,"9","245",,,,,,,,,,,,,"236","61","798","172","7","1","2","1","1FFF1F","1AAAA1AAA1AAAA","4",,,,,,,
"4600623","2017-09-03T03:00:00","22.43","-135.94",,,"1","3","2","5",,,"11",,,,,,,,,,,,,,,,,,,,,,,,,,,,,,,"236","25","798","172","7","1","2","2","FFFFFF","1AAAAAAAAAAAAA","4",,,,,,,
"4600770","2017-09-03T03:00:00","25.53","-132.61",,,"1","4","2","5",,,"11",,,,,,,,,"10142",,,"8",,,,,"9","242",,,,,,,,,,,,,"236","52","798","172","7","1","2","1","1FFF1F","1AAAA1AAA1AAAA","4",,,,,,,
"4601544","2017-09-03T03:00:00","20.33","-135.98",,,"1","4","2","5",,,"11",,,,,,,,,,,,"8",,,,,"9","258",,,,,,,,,,,,,"236","5","798","172","7","0",,"2","1FFFFF","1AAAAAAAA1AAAA","4",,,,,,,
"2200638","2017-09-03T03:01:00","26.32","-137.27",,,"1","4","2","5",,,"11",,,,,,,,,,,,"8",,,,,"9","246",,,,,,,,,,,,,"236","67","798","172","7","0",,"2","1FFFFF","1AAAAAAAA1AAAA","4",,,,,,,
"4601544","2017-09-03T03:30:00","20.33","-135.98",,,"1","4","2","5",,,"11",,,,,,,,,,,,"8",,,,,"9","258",,,,,,,,,,,,,"236","5","798","172","7","0",,"1","1FFFFF","1AAAAAAAA1AAAA","4",,,,,,,
"2100901","2017-09-03T03:50:00","21.13","-136.41",,,"1","4","2","5",,,"11",,,,,,,,,"10134",,,"8",,,,,"9","248",,,,,,,,,,,,,"236","16","798","172","7","1","2","1","1FFF1F","1AAAA1AAA1AAAA","4",,,,,,,
"2100530","2017-09-03T04:00:00","26.74","-131.84",,,"1","4","2","5",,,"11",,,,,,,,,"10153",,,"8",,,,,"9","237",,,,,,,,,,,,,"236","61","798","172","7","1","2","1","1FFF1F","1AAAA1AAA1AAAA","4",,,,,,,
"4600623","2017-09-03T04:00:00","22.43","-135.96",,,"1","3","2","5",,,"11",,,,,,,,,,,,,,,,,,,,,,,,,,,,,,,"236","25","798","172","7","1","2","1","FFFFFF","1AAAAAAAAAAAAA","4",,,,,,,
"4600770","2017-09-03T04:00:00","25.53","-132.62",,,"1","4","2","5",,,"11",,,,,,,,,"10149",,,"8",,,,,"9","237",,,,,,,,,,,,,"236","52","798","172","7","1","2","1","1FFF1F","1AAAA1AAA1AAAA","4",,,,,,,
"4601544","2017-09-03T04:00:00","20.33","-135.98",,,"1","4","2","5",,,"11",,,,,,,,,,,,"8",,,,,"9","257",,,,,,,,,,,,,"236","5","798","172","7","0",,"1","1FFFFF","1AAAAAAAA1AAAA","4",,,,,,,
"2200638","2017-09-03T04:01:00","26.31","-137.27",,,"1","4","2","5",,,"11",,,,,,,,,,,,"8",,,,,"9","245",,,,,,,,,,,,,"236","67","798","172","7","0",,"1","1FFFFF","1AAAAAAAA1AAAA","4",,,,,,,
"2100901","2017-09-03T04:50:00","21.12","-136.42",,,"1","4","2","5",,,"11",,,,,,,,,"10141",,,"8",,,,,"9","246",,,,,,,,,,,,,"236","16","798","172","7","1","2","1","1FFF1F","1AAAA1AAA1AAAA","4",,,,,,,
"2100530","2017-09-03T05:00:00","26.73","-131.83",,,"1","4","2","5",,,"11",,,,,,,,,"10160",,,"8",,,,,"9","232",,,,,,,,,,,,,"236","61","798","172","7","1","2","1","1FFF1F","1AAAA1AAA1AAAA","4",,,,,,,
"4600623","2017-09-03T05:00:00","22.43","-135.95",,,"1","3","2","5",,,"11",,,,,,,,,,,,,,,,,,,,,,,,,,,,,,,"236","25","798","172","7","1","2","1","FFFFFF","1AAAAAAAAAAAAA","4",,,,,,,
"4600770","2017-09-03T05:00:00","25.52","-132.61",,,"1","4","2","5",,,"11",,,,,,,,,"10156",,,"8",,,,,"9","235",,,,,,,,,,,,,"236","52","798","172","7","1","2","1","1FFF1F","1AAAA1AAA1AAAA","4",,,,,,,
"4601544","2017-09-03T05:30:00","20.33","-135.98",,,"1","4","2","5",,,"11",,,,,,,,,,,,"8",,,,,"9","256",,,,,,,,,,,,,"236","5","798","172","7","0",,"1","1FFFFF","1AAAAAAAA1AAAA","4",,,,,,,
"2100901","2017-09-03T05:50:00","21.12","-136.43",,,"1","4","2","5",,,"11",,,,,,,,,"10149",,,"8",,,,,"9","246",,,,,,,,,,,,,"236","16","798","172","7","1","2","1","1FFF1F","1AAAA1AAA1AAAA","4",,,,,,,
"2100530","2017-09-03T06:00:00","26.73","-131.84",,,"1","4","2","5",,,"11",,,,,,,,,"10166",,,"8",,,,,"9","230",,,,,,,,,,,,,"236","61","798","172","7","1","2","1","1FFF1F","1AAAA1AAA1AAAA","4",,,,,,,
"4600623","2017-09-03T06:00:00","22.42","-135.97",,,"1","3","2","5",,,"11",,,,,,,,,,,,,,,,,,,,,,,,,,,,,,,"236","25","798","172","7","1","2","1","FFFFFF","1AAAAAAAAAAAAA","4",,,,,,,
"4600770","2017-09-03T06:00:00","25.52","-132.62",,,"1","4","2","5",,,"11",,,,,,,,,"10163",,,"8",,,,,"9","234",,,,,,,,,,,,,"236","52","798","172","7","1","2","1","1FFF1F","1AAAA1AAA1AAAA","4",,,,,,,
"4601544","2017-09-03T06:00:00","20.33","-135.98",,,"1","4","2","5",,,"11",,,,,,,,,,,,"8",,,,,"9","256",,,,,,,,,,,,,"236","5","798","172","7","0",,"1","1FFFFF","1AAAAAAAA1AAAA","4",,,,,,,
"2200638","2017-09-03T06:01:00","26.29","-137.29",,,"1","4","2","5",,,"11",,,,,,,,,,,,"8",,,,,"9","242",,,,,,,,,,,,,"236","67","798","172","7","0",,"1","1FFFFF","1AAAAAAAA1AAAA","4",,,,,,,
"4601544","2017-09-03T06:30:00","20.33","-135.98",,,"1","4","2","5",,,"11",,,,,,,,,,,,"8",,,,,"9","256",,,,,,,,,,,,,"236","5","798","172","7","0",,"1","1FFFFF","1AAAAAAAA1AAAA","4",,,,,,,
"2100901","2017-09-03T06:50:00","21.11","-136.44",,,"1","4","2","5",,,"11",,,,,,,,,"10155",,,"8",,,,,"9","245",,,,,,,,,,,,,"236","16","798","172","7","1","2","1","1FFF1F","1AAAA1AAA1AAAA","4",,,,,,,
"4600623","2017-09-03T07:00:00","22.42","-135.97",,,"1","3","2","5",,,"11",,,,,,,,,,,,,,,,,,,,,,,,,,,,,,,"236","25","798","172","7","1","2","1","FFFFFF","1AAAAAAAAAAAAA","4",,,,,,,
"4600770","2017-09-03T07:00:00","25.52","-132.62",,,"1","4","2","5",,,"11",,,,,,,,,"10163",,,"8",,,,,"9","233",,,,,,,,,,,,,"236","52","798","172","7","1","2","1","1FFF1F","1AAAA1AAA1AAAA","4",,,,,,,
"4601544","2017-09-03T07:00:00","20.33","-135.99",,,"1","4","2","5",,,"11",,,,,,,,,,,,"8",,,,,"9","255",,,,,,,,,,,,,"236","5","798","172","7","0",,"1","1FFFFF","1AAAAAAAA1AAAA","4",,,,,,,
"2200638","2017-09-03T07:01:00","26.28","-137.30",,,"1","4","2","5",,,"11",,,,,,,,,,,,"8",,,,,"9","242",,,,,,,,,,,,,"236","67","798","172","7","0",,"1","1FFFFF","1AAAAAAAA1AAAA","4",,,,,,,
"4601544","2017-09-03T07:30:00","20.33","-135.99",,,"1","4","2","5",,,"11",,,,,,,,,,,,"8",,,,,"9","255",,,,,,,,,,,,,"236","5","798","172","7","0",,"1","1FFFFF","1AAAAAAAA1AAAA","4",,,,,,,
"4600623","2017-09-03T08:00:00","22.41","-135.98",,,"1","3","2","5",,,"11",,,,,,,,,,,,,,,,,,,,,,,,,,,,,,,"236","25","798","172","7","1","2","1","FFFFFF","1AAAAAAAAAAAAA","4",,,,,,,
"4601544","2017-09-03T08:00:00","20.33","-135.99",,,"1","4","2","5",,,"11",,,,,,,,,,,,"8",,,,,"9","255",,,,,,,,,,,,,"236","5","798","172","7","0",,"1","1FFFFF","1AAAAAAAA1AAAA","4",,,,,,,
"2200638","2017-09-03T08:01:00","26.27","-137.31",,,"1","4","2","5",,,"11",,,,,,,,,,,,"8",,,,,"9","242",,,,,,,,,,,,,"236","67","798","172","7","0",,"1","1FFFFF","1AAAAAAAA1AAAA","4",,,,,,,
"4601544","2017-09-03T08:30:00","20.33","-135.99",,,"1","4","2","5",,,"11",,,,,,,,,,,,"8",,,,,"9","255",,,,,,,,,,,,,"236","5","798","172","7","0",,"1","1FFFFF","1AAAAAAAA1AAAA","4",,,,,,,
"2100901","2017-09-03T08:50:00","21.11","-136.44",,,"1","4","2","5",,,"11",,,,,,,,,"10152",,,"8",,,,,"9","245",,,,,,,,,,,,,"236","16","798","172","7","1","2","1","1FFF1F","1AAAA1AAA1AAAA","4",,,,,,,
"2100530","2017-09-03T09:00:00","26.73","-131.84",,,"1","4","2","5",,,"11",,,,,,,,,"10164",,,"8",,,,,"9","229",,,,,,,,,,,,,"236","61","798","172","7","1","2","1","1FFF1F","1AAAA1AAA1AAAA","4",,,,,,,
"4600623","2017-09-03T09:00:00","22.41","-135.98",,,"1","3","2","5",,,"11",,,,,,,,,,,,,,,,,,,,,,,,,,,,,,,"236","25","798","172","7","1","2","1","FFFFFF","1AAAAAAAAAAAAA","4",,,,,,,
"4600770","2017-09-03T09:00:00","25.52","-132.63",,,"1","4","2","5",,,"11",,,,,,,,,"10159",,,"8",,,,,"9","230",,,,,,,,,,,,,"236","52","798","172","7","1","2","1","1FFF1F","1AAAA1AAA1AAAA","4",,,,,,,
"2200638","2017-09-03T09:01:00","26.26","-137.31",,,"1","4","2","5",,,"11",,,,,,,,,,,,"8",,,,,"9","242",,,,,,,,,,,,,"236","67","798","172","7","0",,"1","1FFFFF","1AAAAAAAA1AAAA","4",,,,,,,
"4601544","2017-09-03T09:02:00","20.33","-135.99",,,"1","4","2","5",,,"11",,,,,,,,,,,,"8",,,,,"9","254",,,,,,,,,,,,,"236","5","798","172","7","0",,"1","1FFFFF","1AAAAAAAA1AAAA","4",,,,,,,
"4601544","2017-09-03T09:30:00","20.33","-135.99",,,"1","4","2","5",,,"11",,,,,,,,,,,,"8",,,,,"9","254",,,,,,,,,,,,,"236","5","798","172","7","0",,"1","1FFFFF","1AAAAAAAA1AAAA","4",,,,,,,
"2100901","2017-09-03T09:50:00","21.11","-136.49",,,"1","4","2","5",,,"11",,,,,,,,,"10149",,,"8",,,,,"9","245",,,,,,,,,,,,,"236","16","798","172","7","1","2","1","1FFF1F","1AAAA1AAA1AAAA","4",,,,,,,
"2100530","2017-09-03T10:00:00","26.73","-131.85",,,"1","4","2","5",,,"11",,,,,,,,,"10163",,,"8",,,,,"9","231",,,,,,,,,,,,,"236","61","798","172","7","1","2","1","1FFF1F","1AAAA1AAA1AAAA","4",,,,,,,
"4600623","2017-09-03T10:00:00","22.43","-136.02",,,"1","3","2","5",,,"11",,,,,,,,,,,,,,,,,,,,,,,,,,,,,,,"236","26","798","172","7","1","2","1","FFFFFF","1AAAAAAAAAAAAA","4",,,,,,,
"4600770","2017-09-03T10:00:00","25.52","-132.63",,,"1","4","2","5",,,"11",,,,,,,,,"10158",,,"8",,,,,"9","229",,,,,,,,,,,,,"236","52","798","172","7","1","2","1","1FFF1F","1AAAA1AAA1AAAA","4",,,,,,,
"4601544","2017-09-03T10:00:00","20.33","-135.99",,,"1","4","2","5",,,"11",,,,,,,,,,,,"8",,,,,"9","254",,,,,,,,,,,,,"236","5","798","172","7","0",,"1","1FFFFF","1AAAAAAAA1AAAA","4",,,,,,,
"2200638","2017-09-03T10:01:00","26.26","-137.32",,,"1","4","2","5",,,"11",,,,,,,,,,,,"8",,,,,"9","242",,,,,,,,,,,,,"236","67","798","172","7","0",,"1","1FFFFF","1AAAAAAAA1AAAA","4",,,,,,,
"4601544","2017-09-03T10:30:00","20.34","-135.99",,,"1","4","2","5",,,"11",,,,,,,,,,,,"8",,,,,"9","254",,,,,,,,,,,,,"236","5","798","172","7","0",,"1","1FFFFF","1AAAAAAAA1AAAA","4",,,,,,,
"2100901","2017-09-03T10:50:00","21.11","-136.44",,,"1","4","2","5",,,"11",,,,,,,,,"10145",,,"8",,,,,"9","244",,,,,,,,,,,,,"236","16","798","172","7","1","2","1","1FFF1F","1AAAA1AAA1AAAA","4",,,,,,,
"2100530","2017-09-03T11:00:00","26.73","-131.84",,,"1","4","2","5",,,"11",,,,,,,,,"10162",,,"8",,,,,"9","232",,,,,,,,,,,,,"236","61","798","172","7","1","2","1","1FFF1F","1AAAA1AAA1AAAA","4",,,,,,,
"4600623","2017-09-03T11:00:00","22.43","-136.03",,,"1","3","2","5",,,"11",,,,,,,,,,,,,,,,,,,,,,,,,,,,,,,"236","26","798","172","7","1","2","1","FFFFFF","1AAAAAAAAAAAAA","4",,,,,,,
"4600770","2017-09-03T11:00:00","25.52","-132.63",,,"1","4","2","5",,,"11",,,,,,,,,"10156",,,"8",,,,,"9","229",,,,,,,,,,,,,"236","52","798","172","7","1","2","1","1FFF1F","1AAAA1AAA1AAAA","4",,,,,,,
"4601544","2017-09-03T11:00:00","20.34","-135.99",,,"1","4","2","5",,,"11",,,,,,,,,,,,"8",,,,,"9","254",,,,,,,,,,,,,"236","5","798","172","7","0",,"1","1FFFFF","1AAAAAAAA1AAAA","4",,,,,,,
"2200638","2017-09-03T11:01:00","26.26","-137.33",,,"1","4","2","5",,,"11",,,,,,,,,,,,"8",,,,,"9","241",,,,,,,,,,,,,"236","67","798","172","7","0",,"1","1FFFFF","1AAAAAAAA1AAAA","4",,,,,,,
"4601544","2017-09-03T11:30:00","20.34","-135.99",,,"1","4","2","5",,,"11",,,,,,,,,,,,"8",,,,,"9","254",,,,,,,,,,,,,"236","5","798","172","7","0",,"1","1FFFFF","1AAAAAAAA1AAAA","4",,,,,,,
"2100901","2017-09-03T11:50:00","21.11","-136.44",,,"1","4","2","5",,,"11",,,,,,,,,"10145",,,"8",,,,,"9","244",,,,,,,,,,,,,"236","16","798","172","7","1","2","1","1FFF1F","1AAAA1AAA1AAAA","4",,,,,,,
"2100530","2017-09-03T12:00:00","26.73","-131.85",,,"1","4","2","5",,,"11",,,,,,,,,"10164",,,"8",,,,,"9","232",,,,,,,,,,,,,"236","61","798","172","7","1","2","1","1FFF1F","1AAAA1AAA1AAAA","4",,,,,,,
"4600623","2017-09-03T12:00:00","22.41","-135.98",,,"1","3","2","5",,,"11",,,,,,,,,,,,,,,,,,,,,,,,,,,,,,,"236","25","798","172","7","1","2","1","FFFFFF","1AAAAAAAAAAAAA","4",,,,,,,
"4600770","2017-09-03T12:00:00","25.52","-132.63",,,"1","4","2","5",,,"11",,,,,,,,,"10156",,,"8",,,,,"9","228",,,,,,,,,,,,,"236","52","798","172","7","1","2","1","1FFF1F","1AAAA1AAA1AAAA","4",,,,,,,
"4601544","2017-09-03T12:00:00","20.34","-135.99",,,"1","4","2","5",,,"11",,,,,,,,,,,,"8",,,,,"9","253",,,,,,,,,,,,,"236","5","798","172","7","0",,"1","1FFFFF","1AAAAAAAA1AAAA","4",,,,,,,
"2200638","2017-09-03T12:01:00","26.26","-137.34",,,"1","4","2","5",,,"11",,,,,,,,,,,,"8",,,,,"9","241",,,,,,,,,,,,,"236","67","798","172","7","0",,"1","1FFFFF","1AAAAAAAA1AAAA","4",,,,,,,
"4601544","2017-09-03T12:30:00","20.34","-135.99",,,"1","4","2","5",,,"11",,,,,,,,,,,,"8",,,,,"9","253",,,,,,,,,,,,,"236","5","798","172","7","0",,"1","1FFFFF","1AAAAAAAA1AAAA","4",,,,,,,
"2100901","2017-09-03T12:50:00","21.11","-136.49",,,"1","4","2","5",,,"11",,,,,,,,,"10147",,,"8",,,,,"9","244",,,,,,,,,,,,,"236","16","798","172","7","1","2","1","1FFF1F","1AAAA1AAA1AAAA","4",,,,,,,
"2100530","2017-09-03T13:00:00","26.73","-131.82",,,"1","4","2","5",,,"11",,,,,,,,,"10168",,,"8",,,,,"9","230",,,,,,,,,,,,,"236","61","798","172","7","1","2","1","1FFF1F","1AAAA1AAA1AAAA","4",,,,,,,
"4600623","2017-09-03T13:00:00","22.43","-136.02",,,"1","3","2","5",,,"11",,,,,,,,,,,,,,,,,,,,,,,,,,,,,,,"236","26","798","172","7","1","2","1","FFFFFF","1AAAAAAAAAAAAA","4",,,,,,,
"4600770","2017-09-03T13:00:00","25.51","-132.66",,,"1","4","2","5",,,"11",,,,,,,,,"10160",,,"8",,,,,"9","229",,,,,,,,,,,,,"236","52","798","172","7","1","2","1","1FFF1F","1AAAA1AAA1AAAA","4",,,,,,,
"4601544","2017-09-03T13:00:00","20.34","-135.99",,,"1","4","2","5",,,"11",,,,,,,,,,,,"8",,,,,"9","253",,,,,,,,,,,,,"236","5","798","172","7","0",,"1","1FFFFF","1AAAAAAAA1AAAA","4",,,,,,,
"2200638","2017-09-03T13:01:00","26.26","-137.35",,,"1","4","2","5",,,"11",,,,,,,,,,,,"8",,,,,"9","241",,,,,,,,,,,,,"236","67","798","172","7","0",,"1","1FFFFF","1AAAAAAAA1AAAA","4",,,,,,,
"4601544","2017-09-03T13:30:00","20.34","-135.99",,,"1","4","2","5",,,"11",,,,,,,,,,,,"8",,,,,"9","253",,,,,,,,,,,,,"236","5","798","172","7","0",,"1","1FFFFF","1AAAAAAAA1AAAA","4",,,,,,,
"2100901","2017-09-03T13:50:00","21.11","-136.49",,,"1","4","2","5",,,"11",,,,,,,,,"10152",,,"8",,,,,"9","244",,,,,,,,,,,,,"236","16","798","172","7","1","2","1","1FFF1F","1AAAA1AAA1AAAA","4",,,,,,,
"2100530","2017-09-03T14:00:00","26.73","-131.80",,,"1","4","2","5",,,"11",,,,,,,,,"10171",,,"8",,,,,"9","229",,,,,,,,,,,,,"236","61","798","172","7","1","2","1","1FFF1F","1AAAA1AAA1AAAA","4",,,,,,,
"4600623","2017-09-03T14:00:00","22.44","-136.02",,,"1","3","2","5",,,"11",,,,,,,,,,,,,,,,,,,,,,,,,,,,,,,"236","26","798","172","7","1","2","1","FFFFFF","1AAAAAAAAAAAAA","4",,,,,,,
"4600770","2017-09-03T14:00:00","25.51","-132.66",,,"1","4","2","5",,,"11",,,,,,,,,"10165",,,"8",,,,,"9","229",,,,,,,,,,,,,"236","52","798","172","7","1","2","1","1FFF1F","1AAAA1AAA1AAAA","4",,,,,,,
"4601544","2017-09-03T14:00:00","20.34","-135.99",,,"1","4","2","5",,,"11",,,,,,,,,,,,"8",,,,,"9","253",,,,,,,,,,,,,"236","5","798","172","7","0",,"1","1FFFFF","1AAAAAAAA1AAAA","4",,,,,,,
"2200638","2017-09-03T14:01:00","26.26","-137.35",,,"1","4","2","5",,,"11",,,,,,,,,,,,"8",,,,,"9","241",,,,,,,,,,,,,"236","67","798","172","7","0",,"1","1FFFFF","1AAAAAAAA1AAAA","4",,,,,,,
"4601544","2017-09-03T14:30:00","20.34","-135.99",,,"1","4","2","5",,,"11",,,,,,,,,,,,"8",,,,,"9","253",,,,,,,,,,,,,"236","5","798","172","7","0",,"1","1FFFFF","1AAAAAAAA1AAAA","4",,,,,,,
"2100901","2017-09-03T14:50:00","21.11","-136.50",,,"1","4","2","5",,,"11",,,,,,,,,"10158",,,"8",,,,,"9","244",,,,,,,,,,,,,"236","16","798","172","7","1","2","1","1FFF1F","1AAAA1AAA1AAAA","4",,,,,,,
"2100530","2017-09-03T15:00:00","26.73","-131.80",,,"1","4","2","5",,,"11",,,,,,,,,"10177",,,"8",,,,,"9","229",,,,,,,,,,,,,"236","61","798","172","7","1","2","2","1FFF1F","1AAAA1AAA1AAAA","4",,,,,,,
"4600623","2017-09-03T15:00:00","22.44","-136.02",,,"1","3","2","5",,,"11",,,,,,,,,,,,,,,,,,,,,,,,,,,,,,,"236","26","798","172","7","1","2","2","FFFFFF","1AAAAAAAAAAAAA","4",,,,,,,
"4600770","2017-09-03T15:00:00","25.51","-132.66",,,"1","4","2","5",,,"11",,,,,,,,,"10170",,,"8",,,,,"9","229",,,,,,,,,,,,,"236","52","798","172","7","1","2","2","1FFF1F","1AAAA1AAA1AAAA","4",,,,,,,
"4601544","2017-09-03T15:00:00","20.34","-136.00",,,"1","4","2","5",,,"11",,,,,,,,,,,,"8",,,,,"9","253",,,,,,,,,,,,,"236","6","798","172","7","0",,"2","1FFFFF","1AAAAAAAA1AAAA","4",,,,,,,
"2200638","2017-09-03T15:01:00","26.26","-137.35",,,"1","4","2","5",,,"11",,,,,,,,,,,,"8",,,,,"9","240",,,,,,,,,,,,,"236","67","798","172","7","0",,"1","1FFFFF","1AAAAAAAA1AAAA","4",,,,,,,
"4601544","2017-09-03T15:30:00","20.34","-136.00",,,"1","4","2","5",,,"11",,,,,,,,,,,,"8",,,,,"9","253",,,,,,,,,,,,,"236","6","798","172","7","0",,"2","1FFFFF","1AAAAAAAA1AAAA","4",,,,,,,
"2100901","2017-09-03T15:50:00","21.12","-136.51",,,"1","4","2","5",,,"11",,,,,,,,,"10166",,,"8",,,,,"9","244",,,,,,,,,,,,,"236","16","798","172","7","1","2","2","1FFF1F","1AAAA1AAA1AAAA","4",,,,,,,
"2100530","2017-09-03T16:00:00","26.73","-131.80",,,"1","4","2","5",,,"11",,,,,,,,,"10185",,,"8",,,,,"9","229",,,,,,,,,,,,,"236","61","798","172","7","1","2","2","1FFF1F","1AAAA1AAA1AAAA","4",,,,,,,
"4600623","2017-09-03T16:00:00","22.44","-136.03",,,"1","3","2","5",,,"11",,,,,,,,,,,,,,,,,,,,,,,,,,,,,,,"236","26","798","172","7","1","2","2","FFFFFF","1AAAAAAAAAAAAA","4",,,,,,,
"4600770","2017-09-03T16:00:00","25.51","-132.66",,,"1","4","2","5",,,"11",,,,,,,,,"10178",,,"8",,,,,"9","229",,,,,,,,,,,,,"236","52","798","172","7","1","2","2","1FFF1F","1AAAA1AAA1AAAA","4",,,,,,,
"4601544","2017-09-03T16:00:00","20.35","-136.00",,,"1","4","2","5",,,"11",,,,,,,,,,,,"8",,,,,"9","253",,,,,,,,,,,,,"236","6","798","172","7","0",,"2","1FFFFF","1AAAAAAAA1AAAA","4",,,,,,,
"2200638","2017-09-03T16:01:00","26.27","-137.35",,,"1","4","2","5",,,"11",,,,,,,,,,,,"8",,,,,"9","240",,,,,,,,,,,,,"236","67","798","172","7","0",,"2","1FFFFF","1AAAAAAAA1AAAA","4",,,,,,,
"4601544","2017-09-03T16:30:00","20.35","-136.00",,,"1","4","2","5",,,"11",,,,,,,,,,,,"8",,,,,"9","253",,,,,,,,,,,,,"236","6","798","172","7","0",,"2","1FFFFF","1AAAAAAAA1AAAA","4",,,,,,,
"2100901","2017-09-03T16:50:00","21.12","-136.51",,,"1","4","2","5",,,"11",,,,,,,,,"10173",,,"8",,,,,"9","244",,,,,,,,,,,,,"236","16","798","172","7","1","2","2","1FFF1F","1AAAA1AAA1AAAA","4",,,,,,,
"2100530","2017-09-03T17:00:00","26.73","-131.80",,,"1","4","2","5",,,"11",,,,,,,,,"10191",,,"8",,,,,"9","229",,,,,,,,,,,,,"236","61","798","172","7","1","2","2","1FFF1F","1AAAA1AAA1AAAA","4",,,,,,,
"4600623","2017-09-03T17:00:00","22.45","-136.04",,,"1","3","2","5",,,"11",,,,,,,,,,,,,,,,,,,,,,,,,,,,,,,"236","26","798","172","7","1","2","2","FFFFFF","1AAAAAAAAAAAAA","4",,,,,,,
"4600770","2017-09-03T17:00:00","25.51","-132.66",,,"1","4","2","5",,,"11",,,,,,,,,"10185",,,"8",,,,,"9","230",,,,,,,,,,,,,"236","52","798","172","7","1","2","2","1FFF1F","1AAAA1AAA1AAAA","4",,,,,,,
"2200638","2017-09-03T17:01:00","26.28","-137.34",,,"1","4","2","5",,,"11",,,,,,,,,,,,"8",,,,,"9","239",,,,,,,,,,,,,"236","67","798","172","7","0",,"2","1FFFFF","1AAAAAAAA1AAAA","4",,,,,,,
"4601544","2017-09-03T17:02:00","20.35","-136.00",,,"1","4","2","5",,,"11",,,,,,,,,,,,"8",,,,,"9","253",,,,,,,,,,,,,"236","6","798","172","7","0",,"2","1FFFFF","1AAAAAAAA1AAAA","4",,,,,,,
"4601544","2017-09-03T17:32:00","20.36","-136.00",,,"1","4","2","5",,,"11",,,,,,,,,,,,"8",,,,,"9","253",,,,,,,,,,,,,"236","6","798","172","7","0",,"2","1FFFFF","1AAAAAAAA1AAAA","4",,,,,,,
"2100901","2017-09-03T17:50:00","21.12","-136.51",,,"1","4","2","5",,,"11",,,,,,,,,"10177",,,"8",,,,,"9","244",,,,,,,,,,,,,"236","16","798","172","7","1","2","2","1FFF1F","1AAAA1AAA1AAAA","4",,,,,,,
"2100530","2017-09-03T18:00:00","26.72","-131.80",,,"1","4","2","5",,,"11",,,,,,,,,"10194",,,"8",,,,,"9","229",,,,,,,,,,,,,"236","61","798","172","7","1","2","2","1FFF1F","1AAAA1AAA1AAAA","4",,,,,,,
"4600623","2017-09-03T18:00:00","22.44","-136.03",,,"1","3","2","5",,,"11",,,,,,,,,,,,,,,,,,,,,,,,,,,,,,,"236","26","798","172","7","1","2","2","FFFFFF","1AAAAAAAAAAAAA","4",,,,,,,
"4600770","2017-09-03T18:00:00","25.51","-132.66",,,"1","4","2","5",,,"11",,,,,,,,,"10191",,,"8",,,,,"9","231",,,,,,,,,,,,,"236","52","798","172","7","1","2","2","1FFF1F","1AAAA1AAA1AAAA","4",,,,,,,
"2200638","2017-09-03T18:01:00","26.28","-137.33",,,"1","4","2","5",,,"11",,,,,,,,,,,,"8",,,,,"9","240",,,,,,,,,,,,,"236","67","798","172","7","0",,"2","1FFFFF","1AAAAAAAA1AAAA","4",,,,,,,
"4601544","2017-09-03T18:02:00","20.36","-136.00",,,"1","4","2","5",,,"11",,,,,,,,,,,,"8",,,,,"9","254",,,,,,,,,,,,,"236","6","798","172","7","0",,"2","1FFFFF","1AAAAAAAA1AAAA","4",,,,,,,
"4601544","2017-09-03T18:30:00","20.36","-136.00",,,"1","4","2","5",,,"11",,,,,,,,,,,,"8",,,,,"9","254",,,,,,,,,,,,,"236","6","798","172","7","0",,"2","1FFFFF","1AAAAAAAA1AAAA","4",,,,,,,
"2100901","2017-09-03T18:50:00","21.13","-136.51",,,"1","4","2","5",,,"11",,,,,,,,,"10179",,,"8",,,,,"9","245",,,,,,,,,,,,,"236","16","798","172","7","1","2","2","1FFF1F","1AAAA1AAA1AAAA","4",,,,,,,
"2100530","2017-09-03T19:00:00","26.71","-131.80",,,"1","4","2","5",,,"11",,,,,,,,,"10197",,,"8",,,,,"9","233",,,,,,,,,,,,,"236","61","798","172","7","1","2","2","1FFF1F","1AAAA1AAA1AAAA","4",,,,,,,
"4600623","2017-09-03T19:00:00","22.45","-136.04",,,"1","3","2","5",,,"11",,,,,,,,,,,,,,,,,,,,,,,,,,,,,,,"236","26","798","172","7","1","2","2","FFFFFF","1AAAAAAAAAAAAA","4",,,,,,,
"4600770","2017-09-03T19:00:00","25.51","-132.66",,,"1","4","2","5",,,"11",,,,,,,,,"10191",,,"8",,,,,"9","235",,,,,,,,,,,,,"236","52","798","172","7","1","2","2","1FFF1F","1AAAA1AAA1AAAA","4",,,,,,,
"4601544","2017-09-03T19:02:00","20.36","-136.00",,,"1","4","2","5",,,"11",,,,,,,,,,,,"8",,,,,"9","255",,,,,,,,,,,,,"236","6","798","172","7","0",,"2","1FFFFF","1AAAAAAAA1AAAA","4",,,,,,,
"4601544","2017-09-03T19:32:00","20.37","-135.99",,,"1","4","2","5",,,"11",,,,,,,,,,,,"8",,,,,"9","255",,,,,,,,,,,,,"236","5","798","172","7","0",,"2","1FFFFF","1AAAAAAAA1AAAA","4",,,,,,,
"2100901","2017-09-03T19:50:00","21.13","-136.51",,,"1","4","2","5",,,"11",,,,,,,,,"10179",,,"8",,,,,"9","248",,,,,,,,,,,,,"236","16","798","172","7","1","2","2","1FFF1F","1AAAA1AAA1AAAA","4",,,,,,,
"2100530","2017-09-03T20:00:00","26.71","-131.80",,,"1","4","2","5",,,"11",,,,,,,,,"10196",,,"8",,,,,"9","239",,,,,,,,,,,,,"236","61","798","172","7","1","2","2","1FFF1F","1AAAA1AAA1AAAA","4",,,,,,,
"4600623","2017-09-03T20:00:00","22.45","-136.05",,,"1","3","2","5",,,"11",,,,,,,,,,,,,,,,,,,,,,,,,,,,,,,"236","26","798","172","7","1","2","2","FFFFFF","1AAAAAAAAAAAAA","4",,,,,,,
"4600770","2017-09-03T20:00:00","25.52","-132.66",,,"1","4","2","5",,,"11",,,,,,,,,"10190",,,"8",,,,,"9","240",,,,,,,,,,,,,"236","52","798","172","7","1","2","2","1FFF1F","1AAAA1AAA1AAAA","4",,,,,,,
"2200638","2017-09-03T20:01:00","26.27","-137.32",,,"1","4","2","5",,,"11",,,,,,,,,,,,"8",,,,,"9","244",,,,,,,,,,,,,"236","67","798","172","7","0",,"2","1FFFFF","1AAAAAAAA1AAAA","4",,,,,,,
"4601544","2017-09-03T20:02:00","20.37","-135.99",,,"1","4","2","5",,,"11",,,,,,,,,,,,"8",,,,,"9","256",,,,,,,,,,,,,"236","5","798","172","7","0",,"2","1FFFFF","1AAAAAAAA1AAAA","4",,,,,,,
"4601544","2017-09-03T20:32:00","20.37","-135.99",,,"1","4","2","5",,,"11",,,,,,,,,,,,"8",,,,,"9","257",,,,,,,,,,,,,"236","5","798","172","7","0",,"2","1FFFFF","1AAAAAAAA1AAAA","4",,,,,,,
"2100901","2017-09-03T20:50:00","21.13","-136.51",,,"1","4","2","5",,,"11",,,,,,,,,"10176",,,"8",,,,,"9","249",,,,,,,,,,,,,"236","16","798","172","7","1","2","2","1FFF1F","1AAAA1AAA1AAAA","4",,,,,,,
"2100530","2017-09-03T21:00:00","26.71","-131.80",,,"1","4","2","5",,,"11",,,,,,,,,"10194",,,"8",,,,,"9","244",,,,,,,,,,,,,"236","61","798","172","7","1","2","2","1FFF1F","1AAAA1AAA1AAAA","4",,,,,,,
"4600623","2017-09-03T21:00:00","22.45","-136.05",,,"1","3","2","5",,,"11",,,,,,,,,,,,,,,,,,,,,,,,,,,,,,,"236","26","798","172","7","1","2","2","FFFFFF","1AAAAAAAAAAAAA","4",,,,,,,
"4600770","2017-09-03T21:00:00","25.52","-132.66",,,"1","4","2","5",,,"11",,,,,,,,,"10188",,,"8",,,,,"9","252",,,,,,,,,,,,,"236","52","798","172","7","1","2","2","1FFF1F","1AAAA1AAA1AAAA","4",,,,,,,
"2200638","2017-09-03T21:01:00","26.26","-137.31",,,"1","4","2","5",,,"11",,,,,,,,,,,,"8",,,,,"9","244",,,,,,,,,,,,,"236","67","798","172","7","0",,"2","1FFFFF","1AAAAAAAA1AAAA","4",,,,,,,
"4601544","2017-09-03T21:02:00","20.37","-135.99",,,"1","4","2","5",,,"11",,,,,,,,,,,,"8",,,,,"9","258",,,,,,,,,,,,,"236","5","798","172","7","0",,"2","1FFFFF","1AAAAAAAA1AAAA","4",,,,,,,
"4601544","2017-09-03T21:32:00","20.37","-135.98",,,"1","4","2","5",,,"11",,,,,,,,,,,,"8",,,,,"9","258",,,,,,,,,,,,,"236","5","798","172","7","0",,"2","1FFFFF","1AAAAAAAA1AAAA","4",,,,,,,
"4600059","2017-09-03T21:40:00","29.40","-134.50",,,"1","3","2","5",,,"11",,"200","1","20",,,,,"10182",,,,,,,,,,,,,,,,,,"3",,"10","3","236","94","798","172","6","1","2","2","FFFFFF","1AAAAAAAAAA77A",,,,,,,,
"2100901","2017-09-03T21:50:00","21.14","-136.52",,,"1","4","2","5",,,"11",,,,,,,,,"10171",,,"8",,,,,"9","252",,,,,,,,,,,,,"236","16","798","172","7","1","2","2","1FFF1F","1AAAA1AAA1AAAA","4",,,,,,,
"2100530","2017-09-03T22:00:00","26.70","-131.81",,,"1","4","2","5",,,"11",,,,,,,,,"10189",,,"8",,,,,"9","248",,,,,,,,,,,,,"236","61","798","172","7","1","2","2","1FFF1F","1AAAA1AAA1AAAA","4",,,,,,,
"4600623","2017-09-03T22:00:00","22.47","-136.05",,,"1","3","2","5",,,"11",,,,,,,,,,,,,,,,,,,,,,,,,,,,,,,"236","26","798","172","7","1","2","2","FFFFFF","1AAAAAAAAAAAAA","4",,,,,,,
"4600770","2017-09-03T22:00:00","25.50","-132.66",,,"1","4","2","5",,,"11",,,,,,,,,"10183",,,"8",,,,,"9","259",,,,,,,,,,,,,"236","52","798","172","7","1","2","2","3FFF1F","1AAAA1AAA1AAAA","4",,,,,,,
"2200638","2017-09-03T22:01:00","26.26","-137.30",,,"1","4","2","5",,,"11",,,,,,,,,,,,"8",,,,,"9","243",,,,,,,,,,,,,"236","67","798","172","7","0",,"2","1FFFFF","1AAAAAAAA1AAAA","4",,,,,,,
"4601544","2017-09-03T22:02:00","20.37","-135.98",,,"1","4","2","5",,,"11",,,,,,,,,,,,"8",,,,,"9","258",,,,,,,,,,,,,"236","5","798","172","7","0",,"2","1FFFFF","1AAAAAAAA1AAAA","4",,,,,,,
"4601544","2017-09-03T22:32:00","20.37","-135.98",,,"1","4","2","5",,,"11",,,,,,,,,,,,"8",,,,,"9","259",,,,,,,,,,,,,"236","5","798","172","7","0",,"2","1FFFFF","1AAAAAAAA1AAAA","4",,,,,,,
"2100901","2017-09-03T22:50:00","21.14","-136.52",,,"1","4","2","5",,,"11",,,,,,,,,"10167",,,"8",,,,,"9","253",,,,,,,,,,,,,"236","16","798","172","7","1","2","2","1FFF1F","1AAAA1AAA1AAAA","4",,,,,,,
"2100530","2017-09-03T23:00:00","26.70","-131.81",,,"1","4","2","5",,,"11",,,,,,,,,"10186",,,"8",,,,,"9","249",,,,,,,,,,,,,"236","61","798","172","7","1","2","2","1FFF1F","1AAAA1AAA1AAAA","4",,,,,,,
"4600623","2017-09-03T23:00:00","22.47","-136.05",,,"1","3","2","5",,,"11",,,,,,,,,,,,,,,,,,,,,,,,,,,,,,,"236","26","798","172","7","1","2","2","FFFFFF","1AAAAAAAAAAAAA","4",,,,,,,
"4600770","2017-09-03T23:00:00","25.50","-132.66",,,"1","4","2","5",,,"11",,,,,,,,,"10181",,,"8",,,,,"9","260",,,,,,,,,,,,,"236","52","798","172","7","1","2","2","3FFF1F","1AAAA1AAA1AAAA","4",,,,,,,
"2200638","2017-09-03T23:01:00","26.26","-137.29",,,"1","4","2","5",,,"11",,,,,,,,,,,,"8",,,,,"9","245",,,,,,,,,,,,,"236","67","798","172","7","0",,"2","1FFFFF","1AAAAAAAA1AAAA","4",,,,,,,
"4601544","2017-09-03T23:02:00","20.37","-135.98",,,"1","4","2","5",,,"11",,,,,,,,,,,,"8",,,,,"9","259",,,,,,,,,,,,,"236","5","798","172","7","0",,"2","1FFFFF","1AAAAAAAA1AAAA","4",,,,,,,
"4601544","2017-09-03T23:30:00","20.37","-135.98",,,"1","4","2","5",,,"11",,,,,,,,,,,,"8",,,,,"9","259",,,,,,,,,,,,,"236","5","798","172","7","0",,"2","1FFFFF","1AAAAAAAA1AAAA","4",,,,,,,
"2100901","2017-09-03T23:50:00","21.14","-136.52",,,"1","4","2","5",,,"11",,,,,,,,,"10164",,,"8",,,,,"9","253",,,,,,,,,,,,,"236","16","798","172","7","1","2","2","1FFF1F","1AAAA1AAA1AAAA","4",,,,,,,
"2100530","2017-09-04T00:00:00","26.70","-131.81",,,"1","4","2","5",,,"11",,,,,,,,,"10183",,,"8",,,,,"9","251",,,,,,,,,,,,,"236","61","798","172","7","1","2","2","1FFF1F","1AAAA1AAA1AAAA","4",,,,,,,
"4600623","2017-09-04T00:00:00","22.47","-136.05",,,"1","3","2","5",,,"11",,,,,,,,,,,,,,,,,,,,,,,,,,,,,,,"236","26","798","172","7","1","2","2","FFFFFF","1AAAAAAAAAAAAA","4",,,,,,,
"4600770","2017-09-04T00:00:00","25.50","-132.66",,,"1","4","2","5",,,"11",,,,,,,,,"10178",,,"8",,,,,"9","262",,,,,,,,,,,,,"236","52","798","172","7","1","2","2","3FFF1F","1AAAA1AAA1AAAA","4",,,,,,,
"2200638","2017-09-04T00:01:00","26.25","-137.28",,,"1","4","2","5",,,"11",,,,,,,,,,,,"8",,,,,"9","246",,,,,,,,,,,,,"236","67","798","172","7","0",,"2","1FFFFF","1AAAAAAAA1AAAA","4",,,,,,,
"4601544","2017-09-04T00:02:00","20.37","-135.97",,,"1","4","2","5",,,"11",,,,,,,,,,,,"8",,,,,"9","259",,,,,,,,,,,,,"236","5","798","172","7","0",,"2","1FFFFF","1AAAAAAAA1AAAA","4",,,,,,,
"4601544","2017-09-04T00:30:00","20.37","-135.97",,,"1","4","2","5",,,"11",,,,,,,,,,,,"8",,,,,"9","259",,,,,,,,,,,,,"236","5","798","172","7","0",,"2","1FFFFF","1AAAAAAAA1AAAA","4",,,,,,,
"2100901","2017-09-04T00:50:00","21.14","-136.51",,,"1","4","2","5",,,"11",,,,,,,,,"10164",,,"8",,,,,"9","253",,,,,,,,,,,,,"236","16","798","172","7","1","2","2","1FFF1F","1AAAA1AAA1AAAA","4",,,,,,,
"2100530","2017-09-04T01:00:00","26.70","-131.80",,,"1","4","2","5",,,"11",,,,,,,,,"10184",,,"8",,,,,"9","253",,,,,,,,,,,,,"236","61","798","172","7","1","2","2","1FFF1F","1AAAA1AAA1AAAA","4",,,,,,,
"4600623","2017-09-04T01:00:00","22.47","-136.05",,,"1","3","2","5",,,"11",,,,,,,,,,,,,,,,,,,,,,,,,,,,,,,"236","26","798","172","7","1","2","2","FFFFFF","1AAAAAAAAAAAAA","4",,,,,,,
"4600770","2017-09-04T01:00:00","25.49","-132.65",,,"1","4","2","5",,,"11",,,,,,,,,"10179",,,"8",,,,,"9","261",,,,,,,,,,,,,"236","52","798","172","7","1","2","2","3FFF1F","1AAAA1AAA1AAAA","4",,,,,,,
"2200638","2017-09-04T01:01:00","26.25","-137.27",,,"1","4","2","5",,,"11",,,,,,,,,,,,"8",,,,,"9","246",,,,,,,,,,,,,"236","67","798","172","7","0",,"2","1FFFFF","1AAAAAAAA1AAAA","4",,,,,,,
"4601544","2017-09-04T01:02:00","20.37","-135.97",,,"1","4","2","5",,,"11",,,,,,,,,,,,"8",,,,,"9","259",,,,,,,,,,,,,"236","5","798","172","7","0",,"2","1FFFFF","1AAAAAAAA1AAAA","4",,,,,,,
"4601544","2017-09-04T01:32:00","20.37","-135.97",,,"1","4","2","5",,,"11",,,,,,,,,,,,"8",,,,,"9","259",,,,,,,,,,,,,"236","5","798","172","7","0",,"2","1FFFFF","1AAAAAAAA1AAAA","4",,,,,,,
"2100901","2017-09-04T01:50:00","21.14","-136.51",,,"1","4","2","5",,,"11",,,,,,,,,"10168",,,"8",,,,,"9","252",,,,,,,,,,,,,"236","16","798","172","7","1","2","2","1FFF1F","1AAAA1AAA1AAAA","4",,,,,,,
"2100530","2017-09-04T02:00:00","26.71","-131.80",,,"1","4","2","5",,,"11",,,,,,,,,"10183",,,"8",,,,,"9","244",,,,,,,,,,,,,"236","61","798","172","7","1","2","2","1FFF1F","1AAAA1AAA1AAAA","4",,,,,,,
"4600623","2017-09-04T02:00:00","22.47","-136.05",,,"1","3","2","5",,,"11",,,,,,,,,,,,,,,,,,,,,,,,,,,,,,,"236","26","798","172","7","1","2","2","FFFFFF","1AAAAAAAAAAAAA","4",,,,,,,
"4600770","2017-09-04T02:00:00","25.49","-132.65",,,"1","4","2","5",,,"11",,,,,,,,,"10179",,,"8",,,,,"9","253",,,,,,,,,,,,,"236","52","798","172","7","1","2","2","1FFF1F","1AAAA1AAA1AAAA","4",,,,,,,
"2200638","2017-09-04T02:01:00","26.25","-137.26",,,"1","4","2","5",,,"11",,,,,,,,,,,,"8",,,,,"9","245",,,,,,,,,,,,,"236","67","798","172","7","0",,"2","1FFFFF","1AAAAAAAA1AAAA","4",,,,,,,
"4601544","2017-09-04T02:02:00","20.37","-135.97",,,"1","4","2","5",,,"11",,,,,,,,,,,,"8",,,,,"9","258",,,,,,,,,,,,,"236","5","798","172","7","0",,"2","1FFFFF","1AAAAAAAA1AAAA","4",,,,,,,
"4601544","2017-09-04T02:32:00","20.37","-135.96",,,"1","4","2","5",,,"11",,,,,,,,,,,,"8",,,,,"9","258",,,,,,,,,,,,,"236","5","798","172","7","0",,"2","1FFFFF","1AAAAAAAA1AAAA","4",,,,,,,
"2100901","2017-09-04T02:50:00","21.14","-136.51",,,"1","4","2","5",,,"11",,,,,,,,,"10172",,,"8",,,,,"9","252",,,,,,,,,,,,,"236","16","798","172","7","1","2","2","1FFF1F","1AAAA1AAA1AAAA","4",,,,,,,
"2100530","2017-09-04T03:00:00","26.70","-131.80",,,"1","4","2","5",,,"11",,,,,,,,,"10187",,,"8",,,,,"9","242",,,,,,,,,,,,,"236","61","798","172","7","1","2","1","1FFF1F","1AAAA1AAA1AAAA","4",,,,,,,
"4600623","2017-09-04T03:00:00","22.46","-136.05",,,"1","3","2","5",,,"11",,,,,,,,,,,,,,,,,,,,,,,,,,,,,,,"236","26","798","172","7","1","2","2","FFFFFF","1AAAAAAAAAAAAA","4",,,,,,,
"4600770","2017-09-04T03:00:00","25.48","-132.66",,,"1","4","2","5",,,"11",,,,,,,,,"10183",,,"8",,,,,"9","246",,,,,,,,,,,,,"236","52","798","172","7","1","2","1","1FFF1F","1AAAA1AAA1AAAA","4",,,,,,,
"2200638","2017-09-04T03:01:00","26.24","-137.25",,,"1","4","2","5",,,"11",,,,,,,,,,,,"8",,,,,"9","244",,,,,,,,,,,,,"236","67","798","172","7","0",,"2","1FFFFF","1AAAAAAAA1AAAA","4",,,,,,,
"4601544","2017-09-04T03:02:00","20.37","-135.96",,,"1","4","2","5",,,"11",,,,,,,,,,,,"8",,,,,"9","257",,,,,,,,,,,,,"236","5","798","172","7","0",,"2","1FFFFF","1AAAAAAAA1AAAA","4",,,,,,,
"4601544","2017-09-04T03:30:00","20.37","-135.96",,,"1","4","2","5",,,"11",,,,,,,,,,,,"8",,,,,"9","257",,,,,,,,,,,,,"236","5","798","172","7","0",,"1","1FFFFF","1AAAAAAAA1AAAA","4",,,,,,,
"2100901","2017-09-04T03:50:00","21.13","-136.51",,,"1","4","2","5",,,"11",,,,,,,,,"10177",,,"8",,,,,"9","250",,,,,,,,,,,,,"236","16","798","172","7","1","2","1","1FFF1F","1AAAA1AAA1AAAA","4",,,,,,,
"2100530","2017-09-04T04:00:00","26.70","-131.79",,,"1","4","2","5",,,"11",,,,,,,,,"10191",,,"8",,,,,"9","237",,,,,,,,,,,,,"236","61","798","172","7","1","2","1","1FFF1F","1AAAA1AAA1AAAA","4",,,,,,,
"4600623","2017-09-04T04:00:00","22.47","-136.05",,,"1","3","2","5",,,"11",,,,,,,,,,,,,,,,,,,,,,,,,,,,,,,"236","26","798","172","7","1","2","1","FFFFFF","1AAAAAAAAAAAAA","4",,,,,,,
"4600770","2017-09-04T04:00:00","25.48","-132.66",,,"1","4","2","5",,,"11",,,,,,,,,"10188",,,"8",,,,,"9","244",,,,,,,,,,,,,"236","52","798","172","7","1","2","1","1FFF1F","1AAAA1AAA1AAAA","4",,,,,,,
"4601544","2017-09-04T04:00:00","20.37","-135.96",,,"1","4","2","5",,,"11",,,,,,,,,,,,"8",,,,,"9","257",,,,,,,,,,,,,"236","5","798","172","7","0",,"1","1FFFFF","1AAAAAAAA1AAAA","4",,,,,,,
"2200638","2017-09-04T04:01:00","26.24","-137.25",,,"1","4","2","5",,,"11",,,,,,,,,,,,"8",,,,,"9","244",,,,,,,,,,,,,"236","67","798","172","7","0",,"1","1FFFFF","1AAAAAAAA1AAAA","4",,,,,,,
"2100901","2017-09-04T04:50:00","21.13","-136.51",,,"1","4","2","5",,,"11",,,,,,,,,"10183",,,"8",,,,,"9","249",,,,,,,,,,,,,"236","16","798","172","7","1","2","1","1FFF1F","1AAAA1AAA1AAAA","4",,,,,,,
"2100530","2017-09-04T05:00:00","26.69","-131.79",,,"1","4","2","5",,,"11",,,,,,,,,"10197",,,"8",,,,,"9","235",,,,,,,,,,,,,"236","61","798","172","7","1","2","1","1FFF1F","1AAAA1AAA1AAAA","4",,,,,,,
"4600623","2017-09-04T05:00:00","22.46","-136.05",,,"1","3","2","5",,,"11",,,,,,,,,,,,,,,,,,,,,,,,,,,,,,,"236","26","798","172","7","1","2","1","FFFFFF","1AAAAAAAAAAAAA","4",,,,,,,
"4600770","2017-09-04T05:00:00","25.48","-132.67",,,"1","4","2","5",,,"11",,,,,,,,,"10193",,,"8",,,,,"9","243",,,,,,,,,,,,,"236","52","798","172","7","1","2","1","1FFF1F","1AAAA1AAA1AAAA","4",,,,,,,
"2200638","2017-09-04T05:01:00","26.24","-137.24",,,"1","4","2","5",,,"11",,,,,,,,,,,,"8",,,,,"9","243",,,,,,,,,,,,,"236","67","798","172","7","0",,"1","1FFFFF","1AAAAAAAA1AAAA","4",,,,,,,
"4601544","2017-09-04T05:02:00","20.37","-135.97",,,"1","4","2","5",,,"11",,,,,,,,,,,,"8",,,,,"9","256",,,,,,,,,,,,,"236","5","798","172","7","0",,"1","1FFFFF","1AAAAAAAA1AAAA","4",,,,,,,
"4601544","2017-09-04T05:30:00","20.37","-135.97",,,"1","4","2","5",,,"11",,,,,,,,,,,,"8",,,,,"9","256",,,,,,,,,,,,,"236","5","798","172","7","0",,"1","1FFFFF","1AAAAAAAA1AAAA","4",,,,,,,
"2100901","2017-09-04T05:50:00","21.12","-136.52",,,"1","4","2","5",,,"11",,,,,,,,,"10192",,,"8",,,,,"9","248",,,,,,,,,,,,,"236","16","798","172","7","1","2","1","1FFF1F","1AAAA1AAA1AAAA","4",,,,,,,
"2100530","2017-09-04T06:00:00","26.69","-131.78",,,"1","4","2","5",,,"11",,,,,,,,,"10202",,,"8",,,,,"9","234",,,,,,,,,,,,,"236","61","798","172","7","1","2","1","1FFF1F","1AAAA1AAA1AAAA","4",,,,,,,
"4600623","2017-09-04T06:00:00","22.44","-136.06",,,"1","3","2","5",,,"11",,,,,,,,,,,,,,,,,,,,,,,,,,,,,,,"236","26","798","172","7","1","2","1","FFFFFF","1AAAAAAAAAAAAA","4",,,,,,,
"4600770","2017-09-04T06:00:00","25.47","-132.67",,,"1","4","2","5",,,"11",,,,,,,,,"10199",,,"8",,,,,"9","242",,,,,,,,,,,,,"236","52","798","172","7","1","2","1","1FFF1F","1AAAA1AAA1AAAA","4",,,,,,,
"4601544","2017-09-04T06:00:00","20.37","-135.97",,,"1","4","2","5",,,"11",,,,,,,,,,,,"8",,,,,"9","256",,,,,,,,,,,,,"236","5","798","172","7","0",,"1","1FFFFF","1AAAAAAAA1AAAA","4",,,,,,,
"2200638","2017-09-04T06:01:00","26.24","-137.23",,,"1","4","2","5",,,"11",,,,,,,,,,,,"8",,,,,"9","243",,,,,,,,,,,,,"236","67","798","172","7","0",,"1","1FFFFF","1AAAAAAAA1AAAA","4",,,,,,,
"4601544","2017-09-04T06:30:00","20.37","-135.97",,,"1","4","2","5",,,"11",,,,,,,,,,,,"8",,,,,"9","256",,,,,,,,,,,,,"236","5","798","172","7","0",,"1","1FFFFF","1AAAAAAAA1AAAA","4",,,,,,,
"2100901","2017-09-04T06:50:00","21.12","-136.53",,,"1","4","2","5",,,"11",,,,,,,,,"10194",,,"8",,,,,"9","248",,,,,,,,,,,,,"236","16","798","172","7","1","2","1","1FFF1F","1AAAA1AAA1AAAA","4",,,,,,,
"2100530","2017-09-04T07:00:00","26.68","-131.78",,,"1","4","2","5",,,"11",,,,,,,,,"10202",,,"8",,,,,"9","233",,,,,,,,,,,,,"236","61","798","172","7","1","2","1","1FFF1F","1AAAA1AAA1AAAA","4",,,,,,,
"4600623","2017-09-04T07:00:00","22.43","-136.06",,,"1","3","2","5",,,"11",,,,,,,,,,,,,,,,,,,,,,,,,,,,,,,"236","26","798","172","7","1","2","1","FFFFFF","1AAAAAAAAAAAAA","4",,,,,,,
"4600770","2017-09-04T07:00:00","25.46","-132.68",,,"1","4","2","5",,,"11",,,,,,,,,"10200",,,"8",,,,,"9","240",,,,,,,,,,,,,"236","52","798","172","7","1","2","1","1FFF1F","1AAAA1AAA1AAAA","4",,,,,,,
"2200638","2017-09-04T07:01:00","26.23","-137.22",,,"1","4","2","5",,,"11",,,,,,,,,,,,"8",,,,,"9","242",,,,,,,,,,,,,"236","67","798","172","7","0",,"1","1FFFFF","1AAAAAAAA1AAAA","4",,,,,,,
"4601544","2017-09-04T07:02:00","20.37","-135.97",,,"1","4","2","5",,,"11",,,,,,,,,,,,"8",,,,,"9","256",,,,,,,,,,,,,"236","5","798","172","7","0",,"1","1FFFFF","1AAAAAAAA1AAAA","4",,,,,,,
"4601544","2017-09-04T07:30:00","20.37","-135.97",,,"1","4","2","5",,,"11",,,,,,,,,,,,"8",,,,,"9","255",,,,,,,,,,,,,"236","5","798","172","7","0",,"1","1FFFFF","1AAAAAAAA1AAAA","4",,,,,,,
"2100901","2017-09-04T07:50:00","21.12","-136.53",,,"1","4","2","5",,,"11",,,,,,,,,"10191",,,"8",,,,,"9","248",,,,,,,,,,,,,"236","16","798","172","7","1","2","1","1FFF1F","1AAAA1AAA1AAAA","4",,,,,,,
"4600623","2017-09-04T08:00:00","22.43","-136.06",,,"1","3","2","5",,,"11",,,,,,,,,,,,,,,,,,,,,,,,,,,,,,,"236","26","798","172","7","1","2","1","FFFFFF","1AAAAAAAAAAAAA","4",,,,,,,
"4601544","2017-09-04T08:00:00","20.37","-135.97",,,"1","4","2","5",,,"11",,,,,,,,,,,,"8",,,,,"9","255",,,,,,,,,,,,,"236","5","798","172","7","0",,"1","1FFFFF","1AAAAAAAA1AAAA","4",,,,,,,
"2200638","2017-09-04T08:01:00","26.23","-137.21",,,"1","4","2","5",,,"11",,,,,,,,,,,,"8",,,,,"9","242",,,,,,,,,,,,,"236","67","798","172","7","0",,"1","1FFFFF","1AAAAAAAA1AAAA","4",,,,,,,
"4601544","2017-09-04T08:32:00","20.37","-135.97",,,"1","4","2","5",,,"11",,,,,,,,,,,,"8",,,,,"9","255",,,,,,,,,,,,,"236","5","798","172","7","0",,"1","1FFFFF","1AAAAAAAA1AAAA","4",,,,,,,
"2100901","2017-09-04T08:50:00","21.12","-136.53",,,"1","4","2","5",,,"11",,,,,,,,,"10186",,,"8",,,,,"9","248",,,,,,,,,,,,,"236","16","798","172","7","1","2","1","1FFF1F","1AAAA1AAA1AAAA","4",,,,,,,
"2100530","2017-09-04T09:00:00","26.68","-131.78",,,"1","4","2","5",,,"11",,,,,,,,,"10192",,,"8",,,,,"9","235",,,,,,,,,,,,,"236","61","798","172","7","1","2","1","1FFF1F","1AAAA1AAA1AAAA","4",,,,,,,
"4600623","2017-09-04T09:00:00","22.43","-136.06",,,"1","3","2","5",,,"11",,,,,,,,,,,,,,,,,,,,,,,,,,,,,,,"236","26","798","172","7","1","2","1","FFFFFF","1AAAAAAAAAAAAA","4",,,,,,,
"4600770","2017-09-04T09:00:00","25.46","-132.68",,,"1","4","2","5",,,"11",,,,,,,,,"10190",,,"8",,,,,"9","239",,,,,,,,,,,,,"236","52","798","172","7","1","2","1","1FFF1F","1AAAA1AAA1AAAA","4",,,,,,,
"4601544","2017-09-04T09:00:00","20.37","-135.96",,,"1","4","2","5",,,"11",,,,,,,,,,,,"8",,,,,"9","255",,,,,,,,,,,,,"236","5","798","172","7","0",,"1","1FFFFF","1AAAAAAAA1AAAA","4",,,,,,,
"2200638","2017-09-04T09:01:00","26.22","-137.21",,,"1","4","2","5",,,"11",,,,,,,,,,,,"8",,,,,"9","242",,,,,,,,,,,,,"236","67","798","172","7","0",,"1","1FFFFF","1AAAAAAAA1AAAA","4",,,,,,,
"4601544","2017-09-04T09:32:00","20.37","-135.96",,,"1","4","2","5",,,"11",,,,,,,,,,,,"8",,,,,"9","255",,,,,,,,,,,,,"236","5","798","172","7","0",,"1","1FFFFF","1AAAAAAAA1AAAA","4",,,,,,,
"2100901","2017-09-04T09:50:00","21.12","-136.53",,,"1","4","2","5",,,"11",,,,,,,,,"10179",,,"8",,,,,"9","248",,,,,,,,,,,,,"236","16","798","172","7","1","2","1","1FFF1F","1AAAA1AAA1AAAA","4",,,,,,,
"2100530","2017-09-04T10:00:00","26.68","-131.78",,,"1","4","2","5",,,"11",,,,,,,,,"10189",,,"8",,,,,"9","235",,,,,,,,,,,,,"236","61","798","172","7","1","2","1","1FFF1F","1AAAA1AAA1AAAA","4",,,,,,,
"4600623","2017-09-04T10:00:00","22.40","-136.11",,,"1","3","2","5",,,"11",,,,,,,,,,,,,,,,,,,,,,,,,,,,,,,"236","26","798","172","7","1","2","1","FFFFFF","1AAAAAAAAAAAAA","4",,,,,,,
"4600770","2017-09-04T10:00:00","25.46","-132.68",,,"1","4","2","5",,,"11",,,,,,,,,"10186",,,"8",,,,,"9","239",,,,,,,,,,,,,"236","52","798","172","7","1","2","1","1FFF1F","1AAAA1AAA1AAAA","4",,,,,,,
"4601544","2017-09-04T10:00:00","20.36","-135.96",,,"1","4","2","5",,,"11",,,,,,,,,,,,"8",,,,,"9","255",,,,,,,,,,,,,"236","5","798","172","7","0",,"1","1FFFFF","1AAAAAAAA1AAAA","4",,,,,,,
"2200638","2017-09-04T10:01:00","26.22","-137.21",,,"1","4","2","5",,,"11",,,,,,,,,,,,"8",,,,,"9","242",,,,,,,,,,,,,"236","67","798","172","7","0",,"1","1FFFFF","1AAAAAAAA1AAAA","4",,,,,,,
"4601544","2017-09-04T10:30:00","20.36","-135.96",,,"1","4","2","5",,,"11",,,,,,,,,,,,"8",,,,,"9","255",,,,,,,,,,,,,"236","5","798","172","7","0",,"1","1FFFFF","1AAAAAAAA1AAAA","4",,,,,,,
"2100901","2017-09-04T10:50:00","21.12","-136.53",,,"1","4","2","5",,,"11",,,,,,,,,"10175",,,"8",,,,,"9","247",,,,,,,,,,,,,"236","16","798","172","7","1","2","1","1FFF1F","1AAAA1AAA1AAAA","4",,,,,,,
"2100530","2017-09-04T11:00:00","26.68","-131.78",,,"1","4","2","5",,,"11",,,,,,,,,"10187",,,"8",,,,,"9","235",,,,,,,,,,,,,"236","61","798","172","7","1","2","1","1FFF1F","1AAAA1AAA1AAAA","4",,,,,,,
"4600623","2017-09-04T11:00:00","22.40","-136.09",,,"1","3","2","5",,,"11",,,,,,,,,,,,,,,,,,,,,,,,,,,,,,,"236","26","798","172","7","1","2","1","FFFFFF","1AAAAAAAAAAAAA","4",,,,,,,
"4600770","2017-09-04T11:00:00","25.44","-132.72",,,"1","4","2","5",,,"11",,,,,,,,,"10183",,,"8",,,,,"9","238",,,,,,,,,,,,,"236","52","798","172","7","1","2","1","1FFF1F","1AAAA1AAA1AAAA","4",,,,,,,
"4601544","2017-09-04T11:00:00","20.36","-135.96",,,"1","4","2","5",,,"11",,,,,,,,,,,,"8",,,,,"9","254",,,,,,,,,,,,,"236","5","798","172","7","0",,"1","1FFFFF","1AAAAAAAA1AAAA","4",,,,,,,
"2200638","2017-09-04T11:01:00","26.21","-137.20",,,"1","4","2","5",,,"11",,,,,,,,,,,,"8",,,,,"9","241",,,,,,,,,,,,,"236","67","798","172","7","0",,"1","1FFFFF","1AAAAAAAA1AAAA","4",,,,,,,
"4601544","2017-09-04T11:30:00","20.36","-135.95",,,"1","4","2","5",,,"11",,,,,,,,,,,,"8",,,,,"9","255",,,,,,,,,,,,,"236","5","798","172","7","0",,"1","1FFFFF","1AAAAAAAA1AAAA","4",,,,,,,
"2100901","2017-09-04T11:50:00","21.12","-136.53",,,"1","4","2","5",,,"11",,,,,,,,,"10171",,,"8",,,,,"9","246",,,,,,,,,,,,,"236","16","798","172","7","1","2","1","1FFF1F","1AAAA1AAA1AAAA","4",,,,,,,
"2100530","2017-09-04T12:00:00","26.65","-131.77",,,"1","4","2","5",,,"11",,,,,,,,,"10185",,,"8",,,,,"9","234",,,,,,,,,,,,,"236","61","798","172","7","1","2","1","1FFF1F","1AAAA1AAA1AAAA","4",,,,,,,
"4600623","2017-09-04T12:00:00","22.40","-136.09",,,"1","3","2","5",,,"11",,,,,,,,,,,,,,,,,,,,,,,,,,,,,,,"236","26","798","172","7","1","2","1","FFFFFF","1AAAAAAAAAAAAA","4",,,,,,,
"4600770","2017-09-04T12:00:00","25.44","-132.72",,,"1","4","2","5",,,"11",,,,,,,,,"10180",,,"8",,,,,"9","237",,,,,,,,,,,,,"236","52","798","172","7","1","2","1","1FFF1F","1AAAA1AAA1AAAA","4",,,,,,,
"4601544","2017-09-04T12:00:00","20.36","-135.95",,,"1","4","2","5",,,"11",,,,,,,,,,,,"8",,,,,"9","254",,,,,,,,,,,,,"236","5","798","172","7","0",,"1","1FFFFF","1AAAAAAAA1AAAA","4",,,,,,,
"2200638","2017-09-04T12:01:00","26.21","-137.20",,,"1","4","2","5",,,"11",,,,,,,,,,,,"8",,,,,"9","241",,,,,,,,,,,,,"236","67","798","172","7","0",,"1","1FFFFF","1AAAAAAAA1AAAA","4",,,,,,,
"4601544","2017-09-04T12:30:00","20.35","-135.95",,,"1","4","2","5",,,"11",,,,,,,,,,,,"8",,,,,"9","254",,,,,,,,,,,,,"236","5","798","172","7","0",,"1","1FFFFF","1AAAAAAAA1AAAA","4",,,,,,,
"2100901","2017-09-04T12:50:00","21.09","-136.58",,,"1","4","2","5",,,"11",,,,,,,,,"10170",,,"8",,,,,"9","246",,,,,,,,,,,,,"236","16","798","172","7","1","2","1","1FFF1F","1AAAA1AAA1AAAA","4",,,,,,,
"2100530","2017-09-04T13:00:00","26.65","-131.76",,,"1","4","2","5",,,"11",,,,,,,,,"10184",,,"8",,,,,"9","232",,,,,,,,,,,,,"236","61","798","172","7","1","2","1","1FFF1F","1AAAA1AAA1AAAA","4",,,,,,,
"4600623","2017-09-04T13:00:00","22.40","-136.11",,,"1","3","2","5",,,"11",,,,,,,,,,,,,,,,,,,,,,,,,,,,,,,"236","26","798","172","7","1","2","1","FFFFFF","1AAAAAAAAAAAAA","4",,,,,,,
"4600770","2017-09-04T13:00:00","25.44","-132.72",,,"1","4","2","5",,,"11",,,,,,,,,"10183",,,"8",,,,,"9","236",,,,,,,,,,,,,"236","52","798","172","7","1","2","1","1FFF1F","1AAAA1AAA1AAAA","4",,,,,,,
"4601544","2017-09-04T13:00:00","20.35","-135.95",,,"1","4","2","5",,,"11",,,,,,,,,,,,"8",,,,,"9","254",,,,,,,,,,,,,"236","5","798","172","7","0",,"1","1FFFFF","1AAAAAAAA1AAAA","4",,,,,,,
"2200638","2017-09-04T13:01:00","26.20","-137.19",,,"1","4","2","5",,,"11",,,,,,,,,,,,"8",,,,,"9","241",,,,,,,,,,,,,"236","67","798","172","7","0",,"1","1FFFFF","1AAAAAAAA1AAAA","4",,,,,,,
"4601544","2017-09-04T13:30:00","20.35","-135.95",,,"1","4","2","5",,,"11",,,,,,,,,,,,"8",,,,,"9","254",,,,,,,,,,,,,"236","5","798","172","7","0",,"1","1FFFFF","1AAAAAAAA1AAAA","4",,,,,,,
"2100901","2017-09-04T13:50:00","21.08","-136.59",,,"1","4","2","5",,,"11",,,,,,,,,"10172",,,"8",,,,,"9","245",,,,,,,,,,,,,"236","16","798","172","7","1","2","1","1FFF1F","1AAAA1AAA1AAAA","4",,,,,,,
"2100530","2017-09-04T14:00:00","26.65","-131.76",,,"1","4","2","5",,,"11",,,,,,,,,"10186",,,"8",,,,,"9","233",,,,,,,,,,,,,"236","61","798","172","7","1","2","1","1FFF1F","1AAAA1AAA1AAAA","4",,,,,,,
"4600623","2017-09-04T14:00:00","22.39","-136.12",,,"1","3","2","5",,,"11",,,,,,,,,,,,,,,,,,,,,,,,,,,,,,,"236","26","798","172","7","1","2","1","FFFFFF","1AAAAAAAAAAAAA","4",,,,,,,
"4600770","2017-09-04T14:00:00","25.44","-132.72",,,"1","4","2","5",,,"11",,,,,,,,,"10184",,,"8",,,,,"9","235",,,,,,,,,,,,,"236","52","798","172","7","1","2","1","1FFF1F","1AAAA1AAA1AAAA","4",,,,,,,
"4601544","2017-09-04T14:00:00","20.35","-135.95",,,"1","4","2","5",,,"11",,,,,,,,,,,,"8",,,,,"9","254",,,,,,,,,,,,,"236","5","798","172","7","0",,"1","1FFFFF","1AAAAAAAA1AAAA","4",,,,,,,
"2200638","2017-09-04T14:01:00","26.19","-137.19",,,"1","4","2","5",,,"11",,,,,,,,,,,,"8",,,,,"9","241",,,,,,,,,,,,,"236","67","798","172","7","0",,"1","1FFFFF","1AAAAAAAA1AAAA","4",,,,,,,
"4601544","2017-09-04T14:30:00","20.35","-135.95",,,"1","4","2","5",,,"11",,,,,,,,,,,,"8",,,,,"9","254",,,,,,,,,,,,,"236","5","798","172","7","0",,"1","1FFFFF","1AAAAAAAA1AAAA","4",,,,,,,
"2100901","2017-09-04T14:50:00","21.08","-136.59",,,"1","4","2","5",,,"11",,,,,,,,,"10175",,,"8",,,,,"9","245",,,,,,,,,,,,,"236","16","798","172","7","1","2","1","1FFF1F","1AAAA1AAA1AAAA","4",,,,,,,
"2100530","2017-09-04T15:00:00","26.65","-131.75",,,"1","4","2","5",,,"11",,,,,,,,,"10189",,,"8",,,,,"9","233",,,,,,,,,,,,,"236","61","798","172","7","1","2","2","1FFF1F","1AAAA1AAA1AAAA","4",,,,,,,
"4600623","2017-09-04T15:00:00","22.39","-136.13",,,"1","3","2","5",,,"11",,,,,,,,,,,,,,,,,,,,,,,,,,,,,,,"236","26","798","172","7","1","2","2","FFFFFF","1AAAAAAAAAAAAA","4",,,,,,,
"4600770","2017-09-04T15:00:00","25.44","-132.72",,,"1","4","2","5",,,"11",,,,,,,,,"10187",,,"8",,,,,"9","235",,,,,,,,,,,,,"236","52","798","172","7","1","2","2","1FFF1F","1AAAA1AAA1AAAA","4",,,,,,,
"4601544","2017-09-04T15:00:00","20.34","-135.95",,,"1","4","2","5",,,"11",,,,,,,,,,,,"8",,,,,"9","254",,,,,,,,,,,,,"236","5","798","172","7","0",,"2","1FFFFF","1AAAAAAAA1AAAA","4",,,,,,,
"2200638","2017-09-04T15:01:00","26.19","-137.19",,,"1","4","2","5",,,"11",,,,,,,,,,,,"8",,,,,"9","241",,,,,,,,,,,,,"236","67","798","172","7","0",,"1","1FFFFF","1AAAAAAAA1AAAA","4",,,,,,,
"4601544","2017-09-04T15:31:00","20.34","-135.95",,,"1","4","2","5",,,"11",,,,,,,,,,,,"8",,,,,"9","254",,,,,,,,,,,,,"236","5","798","172","7","0",,"2","1FFFFF","1AAAAAAAA1AAAA","4",,,,,,,
"2100901","2017-09-04T15:50:00","21.07","-136.60",,,"1","4","2","5",,,"11",,,,,,,,,"10179",,,"8",,,,,"9","245",,,,,,,,,,,,,"236","16","798","172","7","1","2","2","1FFF1F","1AAAA1AAA1AAAA","4",,,,,,,
"2100530","2017-09-04T16:00:00","26.65","-131.74",,,"1","4","2","5",,,"11",,,,,,,,,"10188",,,"8",,,,,"9","232",,,,,,,,,,,,,"236","61","798","172","7","1","2","2","1FFF1F","1AAAA1AAA1AAAA","4",,,,,,,
"4600623","2017-09-04T16:00:00","22.40","-136.14",,,"1","3","2","5",,,"11",,,,,,,,,,,,,,,,,,,,,,,,,,,,,,,"236","26","798","172","7","1","2","2","FFFFFF","1AAAAAAAAAAAAA","4",,,,,,,
"4600770","2017-09-04T16:00:00","25.44","-132.73",,,"1","4","2","5",,,"11",,,,,,,,,"10189",,,"8",,,,,"9","234",,,,,,,,,,,,,"236","52","798","172","7","1","2","2","1FFF1F","1AAAA1AAA1AAAA","4",,,,,,,
"4601544","2017-09-04T16:00:00","20.34","-135.95",,,"1","4","2","5",,,"11",,,,,,,,,,,,"8",,,,,"9","254",,,,,,,,,,,,,"236","5","798","172","7","0",,"2","1FFFFF","1AAAAAAAA1AAAA","4",,,,,,,
"2200638","2017-09-04T16:01:00","26.19","-137.19",,,"1","4","2","5",,,"11",,,,,,,,,,,,"8",,,,,"9","241",,,,,,,,,,,,,"236","67","798","172","7","0",,"2","1FFFFF","1AAAAAAAA1AAAA","4",,,,,,,
"4601544","2017-09-04T16:30:00","20.34","-135.96",,,"1","4","2","5",,,"11",,,,,,,,,,,,"8",,,,,"9","254",,,,,,,,,,,,,"236","5","798","172","7","0",,"2","1FFFFF","1AAAAAAAA1AAAA","4",,,,,,,
"2100901","2017-09-04T16:50:00","21.07","-136.60",,,"1","4","2","5",,,"11",,,,,,,,,"10184",,,"8",,,,,"9","245",,,,,,,,,,,,,"236","16","798","172","7","1","2","2","1FFF1F","1AAAA1AAA1AAAA","4",,,,,,,
"2100530","2017-09-04T17:00:00","26.64","-131.71",,,"1","4","2","5",,,"11",,,,,,,,,"10190",,,"8",,,,,"9","231",,,,,,,,,,,,,"236","61","798","172","7","1","2","2","1FFF1F","1AAAA1AAA1AAAA","4",,,,,,,
"4600623","2017-09-04T17:00:00","22.39","-136.13",,,"1","3","2","5",,,"11",,,,,,,,,,,,,,,,,,,,,,,,,,,,,,,"236","26","798","172","7","1","2","2","FFFFFF","1AAAAAAAAAAAAA","4",,,,,,,
"4600770","2017-09-04T17:00:00","25.43","-132.73",,,"1","4","2","5",,,"11",,,,,,,,,"10189",,,"8",,,,,"9","235",,,,,,,,,,,,,"236","52","798","172","7","1","2","2","1FFF1F","1AAAA1AAA1AAAA","4",,,,,,,
"4601544","2017-09-04T17:30:00","20.34","-135.96",,,"1","4","2","5",,,"11",,,,,,,,,,,,"8",,,,,"9","254",,,,,,,,,,,,,"236","5","798","172","7","0",,"2","1FFFFF","1AAAAAAAA1AAAA","4",,,,,,,
"2100901","2017-09-04T17:50:00","21.07","-136.62",,,"1","4","2","5",,,"11",,,,,,,,,"10188",,,"8",,,,,"9","245",,,,,,,,,,,,,"236","16","798","172","7","1","2","2","1FFF1F","1AAAA1AAA1AAAA","4",,,,,,,
"2100530","2017-09-04T18:00:00","26.64","-131.72",,,"1","4","2","5",,,"11",,,,,,,,,"10191",,,"8",,,,,"9","230",,,,,,,,,,,,,"236","61","798","172","7","1","2","2","1FFF1F","1AAAA1AAA1AAAA","4",,,,,,,
"4600623","2017-09-04T18:00:00","22.39","-136.16",,,"1","3","2","5",,,"11",,,,,,,,,,,,,,,,,,,,,,,,,,,,,,,"236","26","798","172","7","1","2","2","FFFFFF","1AAAAAAAAAAAAA","4",,,,,,,
"4600770","2017-09-04T18:00:00","25.43","-132.74",,,"1","4","2","5",,,"11",,,,,,,,,"10189",,,"8",,,,,"9","237",,,,,,,,,,,,,"236","52","798","172","7","1","2","2","1FFF1F","1AAAA1AAA1AAAA","4",,,,,,,
"WNRD","2017-09-04T18:00:00","28.90","-137.00",,,"1","6","2","5","2","5","1",,"140","4","77","1","98",,,"10185","1","1","8","228",,"200","184","7","217","5","4","4","5","6","6",,,,,,,"236","87","798","172","5","1","2","2","111311","111AA111111AA1",,"5",,,,,,
"WSRL","2017-09-04T18:00:00","29.10","-137.60",,,"1","5","2","5","6","5","1",,"340","3","77","1","98","2","0","10157","0","83","8","211",,"190","177",,,"3",,"2","4","A","A",,"4","1","34","10","3","236","97","798","172","5","1","2","2","F11111","111111111A1111",,"5",,"0",,,,
"2200638","2017-09-04T18:01:00","26.19","-137.18",,,"1","4","2","5",,,"11",,,,,,,,,,,,"8",,,,,"9","241",,,,,,,,,,,,,"236","67","798","172","7","0",,"2","1FFFFF","1AAAAAAAA1AAAA","4",,,,,,,
"4601544","2017-09-04T18:32:00","20.34","-135.96",,,"1","4","2","5",,,"11",,,,,,,,,,,,"8",,,,,"9","255",,,,,,,,,,,,,"236","5","798","172","7","0",,"2","1FFFFF","1AAAAAAAA1AAAA","4",,,,,,,
"2100901","2017-09-04T18:50:00","21.07","-136.65",,,"1","4","2","5",,,"11",,,,,,,,,"10187",,,"8",,,,,"9","247",,,,,,,,,,,,,"236","16","798","172","7","1","2","2","1FFF1F","1AAAA1AAA1AAAA","4",,,,,,,
"2100530","2017-09-04T19:00:00","26.63","-131.71",,,"1","4","2","5",,,"11",,,,,,,,,"10188",,,"8",,,,,"9","229",,,,,,,,,,,,,"236","61","798","172","7","1","2","2","1FFF1F","1AAAA1AAA1AAAA","4",,,,,,,
"4600623","2017-09-04T19:00:00","22.39","-136.17",,,"1","3","2","5",,,"11",,,,,,,,,,,,,,,,,,,,,,,,,,,,,,,"236","26","798","172","7","1","2","2","FFFFFF","1AAAAAAAAAAAAA","4",,,,,,,
"4600770","2017-09-04T19:00:00","25.43","-132.74",,,"1","4","2","5",,,"11",,,,,,,,,"10188",,,"8",,,,,"9","240",,,,,,,,,,,,,"236","52","798","172","7","1","2","2","1FFF1F","1AAAA1AAA1AAAA","4",,,,,,,
"2200638","2017-09-04T19:01:00","26.19","-137.17",,,"1","4","2","5",,,"11",,,,,,,,,,,,"8",,,,,"9","241",,,,,,,,,,,,,"236","67","798","172","7","0",,"2","1FFFFF","1AAAAAAAA1AAAA","4",,,,,,,
"4601544","2017-09-04T19:02:00","20.34","-135.96",,,"1","4","2","5",,,"11",,,,,,,,,,,,"8",,,,,"9","255",,,,,,,,,,,,,"236","5","798","172","7","0",,"2","1FFFFF","1AAAAAAAA1AAAA","4",,,,,,,
"4601544","2017-09-04T19:32:00","20.34","-135.96",,,"1","4","2","5",,,"11",,,,,,,,,,,,"8",,,,,"9","256",,,,,,,,,,,,,"236","5","798","172","7","0",,"2","1FFFFF","1AAAAAAAA1AAAA","4",,,,,,,
"2100901","2017-09-04T19:50:00","21.07","-136.64",,,"1","4","2","5",,,"11",,,,,,,,,"10184",,,"8",,,,,"9","248",,,,,,,,,,,,,"236","16","798","172","7","1","2","2","1FFF1F","1AAAA1AAA1AAAA","4",,,,,,,
"2100530","2017-09-04T20:00:00","26.63","-131.71",,,"1","4","2","5",,,"11",,,,,,,,,"10184",,,"8",,,,,"9","230",,,,,,,,,,,,,"236","61","798","172","7","1","2","2","1FFF1F","1AAAA1AAA1AAAA","4",,,,,,,
"4600623","2017-09-04T20:00:00","22.39","-136.17",,,"1","3","2","5",,,"11",,,,,,,,,,,,,,,,,,,,,,,,,,,,,,,"236","26","798","172","7","1","2","2","FFFFFF","1AAAAAAAAAAAAA","4",,,,,,,
"4600770","2017-09-04T20:00:00","25.43","-132.74",,,"1","4","2","5",,,"11",,,,,,,,,"10183",,,"8",,,,,"9","241",,,,,,,,,,,,,"236","52","798","172","7","1","2","2","1FFF1F","1AAAA1AAA1AAAA","4",,,,,,,
"2200638","2017-09-04T20:01:00","26.19","-137.15",,,"1","4","2","5",,,"11",,,,,,,,,,,,"8",,,,,"9","241",,,,,,,,,,,,,"236","67","798","172","7","0",,"2","1FFFFF","1AAAAAAAA1AAAA","4",,,,,,,
"4601544","2017-09-04T20:02:00","20.34","-135.96",,,"1","4","2","5",,,"11",,,,,,,,,,,,"8",,,,,"9","256",,,,,,,,,,,,,"236","5","798","172","7","0",,"2","1FFFFF","1AAAAAAAA1AAAA","4",,,,,,,
"4601544","2017-09-04T20:32:00","20.34","-135.96",,,"1","4","2","5",,,"11",,,,,,,,,,,,"8",,,,,"9","257",,,,,,,,,,,,,"236","5","798","172","7","0",,"2","1FFFFF","1AAAAAAAA1AAAA","4",,,,,,,
"2100901","2017-09-04T20:50:00","21.07","-136.65",,,"1","4","2","5",,,"11",,,,,,,,,"10178",,,"8",,,,,"9","249",,,,,,,,,,,,,"236","16","798","172","7","1","2","2","1FFF1F","1AAAA1AAA1AAAA","4",,,,,,,
"2100530","2017-09-04T21:00:00","26.63","-131.71",,,"1","4","2","5",,,"11",,,,,,,,,"10179",,,"8",,,,,"9","231",,,,,,,,,,,,,"236","61","798","172","7","1","2","2","1FFF1F","1AAAA1AAA1AAAA","4",,,,,,,
"4600623","2017-09-04T21:00:00","22.39","-136.17",,,"1","3","2","5",,,"11",,,,,,,,,,,,,,,,,,,,,,,,,,,,,,,"236","26","798","172","7","1","2","2","FFFFFF","1AAAAAAAAAAAAA","4",,,,,,,
"4600770","2017-09-04T21:00:00","25.43","-132.74",,,"1","4","2","5",,,"11",,,,,,,,,"10178",,,"8",,,,,"9","242",,,,,,,,,,,,,"236","52","798","172","7","1","2","2","1FFF1F","1AAAA1AAA1AAAA","4",,,,,,,
"2200638","2017-09-04T21:01:00","26.18","-137.14",,,"1","4","2","5",,,"11",,,,,,,,,,,,"8",,,,,"9","243",,,,,,,,,,,,,"236","67","798","172","7","0",,"2","1FFFFF","1AAAAAAAA1AAAA","4",,,,,,,
"4601544","2017-09-04T21:02:00","20.34","-135.96",,,"1","4","2","5",,,"11",,,,,,,,,,,,"8",,,,,"9","257",,,,,,,,,,,,,"236","5","798","172","7","0",,"2","1FFFFF","1AAAAAAAA1AAAA","4",,,,,,,
"4601544","2017-09-04T21:30:00","20.34","-135.96",,,"1","4","2","5",,,"11",,,,,,,,,,,,"8",,,,,"9","258",,,,,,,,,,,,,"236","5","798","172","7","0",,"2","1FFFFF","1AAAAAAAA1AAAA","4",,,,,,,
"2100901","2017-09-04T21:50:00","21.07","-136.65",,,"1","4","2","5",,,"11",,,,,,,,,"10171",,,"8",,,,,"9","252",,,,,,,,,,,,,"236","16","798","172","7","1","2","2","1FFF1F","1AAAA1AAA1AAAA","4",,,,,,,
"2100530","2017-09-04T22:00:00","26.61","-131.69",,,"1","4","2","5",,,"11",,,,,,,,,"10172",,,"8",,,,,"9","231",,,,,,,,,,,,,"236","61","798","172","7","1","2","2","1FFF1F","1AAAA1AAA1AAAA","4",,,,,,,
"4600623","2017-09-04T22:00:00","22.38","-136.19",,,"1","3","2","5",,,"11",,,,,,,,,,,,,,,,,,,,,,,,,,,,,,,"236","26","798","172","7","1","2","2","FFFFFF","1AAAAAAAAAAAAA","4",,,,,,,
"4600770","2017-09-04T22:00:00","25.41","-132.73",,,"1","4","2","5",,,"11",,,,,,,,,"10170",,,"8",,,,,"9","241",,,,,,,,,,,,,"236","52","798","172","7","1","2","2","1FFF1F","1AAAA1AAA1AAAA","4",,,,,,,
"2200638","2017-09-04T22:01:00","26.17","-137.13",,,"1","4","2","5",,,"11",,,,,,,,,,,,"8",,,,,"9","243",,,,,,,,,,,,,"236","67","798","172","7","0",,"2","1FFFFF","1AAAAAAAA1AAAA","4",,,,,,,
"4601544","2017-09-04T22:02:00","20.34","-135.96",,,"1","4","2","5",,,"11",,,,,,,,,,,,"8",,,,,"9","258",,,,,,,,,,,,,"236","5","798","172","7","0",,"2","1FFFFF","1AAAAAAAA1AAAA","4",,,,,,,
"4601544","2017-09-04T22:32:00","20.34","-135.96",,,"1","4","2","5",,,"11",,,,,,,,,,,,"8",,,,,"9","258",,,,,,,,,,,,,"236","5","798","172","7","0",,"2","1FFFFF","1AAAAAAAA1AAAA","4",,,,,,,
"2100901","2017-09-04T22:50:00","21.05","-136.66",,,"1","4","2","5",,,"11",,,,,,,,,"10165",,,"8",,,,,"9","253",,,,,,,,,,,,,"236","16","798","172","7","1","2","2","1FFF1F","1AAAA1AAA1AAAA","4",,,,,,,
"2100530","2017-09-04T23:00:00","26.61","-131.69",,,"1","4","2","5",,,"11",,,,,,,,,"10170",,,"8",,,,,"9","232",,,,,,,,,,,,,"236","61","798","172","7","1","2","2","1FFF1F","1AAAA1AAA1AAAA","4",,,,,,,
"4600623","2017-09-04T23:00:00","22.38","-136.19",,,"1","3","2","5",,,"11",,,,,,,,,,,,,,,,,,,,,,,,,,,,,,,"236","26","798","172","7","1","2","2","FFFFFF","1AAAAAAAAAAAAA","4",,,,,,,
"4600770","2017-09-04T23:00:00","25.41","-132.73",,,"1","4","2","5",,,"11",,,,,,,,,"10166",,,"8",,,,,"9","241",,,,,,,,,,,,,"236","52","798","172","7","1","2","2","1FFF1F","1AAAA1AAA1AAAA","4",,,,,,,
"2200638","2017-09-04T23:01:00","26.16","-137.11",,,"1","4","2","5",,,"11",,,,,,,,,,,,"8",,,,,"9","243",,,,,,,,,,,,,"236","67","798","172","7","0",,"2","1FFFFF","1AAAAAAAA1AAAA","4",,,,,,,
"4601544","2017-09-04T23:02:00","20.34","-135.96",,,"1","4","2","5",,,"11",,,,,,,,,,,,"8",,,,,"9","259",,,,,,,,,,,,,"236","5","798","172","7","0",,"2","1FFFFF","1AAAAAAAA1AAAA","4",,,,,,,
"4601544","2017-09-04T23:32:00","20.34","-135.96",,,"1","4","2","5",,,"11",,,,,,,,,,,,"8",,,,,"9","259",,,,,,,,,,,,,"236","5","798","172","7","0",,"2","1FFFFF","1AAAAAAAA1AAAA","4",,,,,,,
"2100901","2017-09-04T23:50:00","21.05","-136.66",,,"1","4","2","5",,,"11",,,,,,,,,"10159",,,"8",,,,,"9","254",,,,,,,,,,,,,"236","16","798","172","7","1","2","2","1FFF1F","1AAAA1AAA1AAAA","4",,,,,,,
"2100530","2017-09-05T00:00:00","26.61","-131.69",,,"1","4","2","5",,,"11",,,,,,,,,"10164",,,"8",,,,,"9","234",,,,,,,,,,,,,"236","61","798","172","7","1","2","2","1FFF1F","1AAAA1AAA1AAAA","4",,,,,,,
"4600623","2017-09-05T00:00:00","22.38","-136.19",,,"1","3","2","5",,,"11",,,,,,,,,,,,,,,,,,,,,,,,,,,,,,,"236","26","798","172","7","1","2","2","FFFFFF","1AAAAAAAAAAAAA","4",,,,,,,
"4600770","2017-09-05T00:00:00","25.41","-132.73",,,"1","4","2","5",,,"11",,,,,,,,,"10162",,,"8",,,,,"9","240",,,,,,,,,,,,,"236","52","798","172","7","1","2","2","1FFF1F","1AAAA1AAA1AAAA","4",,,,,,,
"WSRL","2017-09-05T00:00:00","28.40","-139.80",,,"1","6","2","5","6","5","1",,"240","4","72","1","98","3","2","10128","3","8","8","233",,"211","199","1","239","7","4","8","3","7","4",,"5","1","7","8","3","236","89","798","172","5","1","2","2","111111","11111111111111",,"5",,"2",,,,
"2200638","2017-09-05T00:01:00","26.15","-137.10",,,"1","4","2","5",,,"11",,,,,,,,,,,,"8",,,,,"9","244",,,,,,,,,,,,,"236","67","798","172","7","0",,"2","1FFFFF","1AAAAAAAA1AAAA","4",,,,,,,
"4601544","2017-09-05T00:02:00","20.34","-135.96",,,"1","4","2","5",,,"11",,,,,,,,,,,,"8",,,,,"9","259",,,,,,,,,,,,,"236","5","798","172","7","0",,"2","1FFFFF","1AAAAAAAA1AAAA","4",,,,,,,
"4601544","2017-09-05T00:32:00","20.34","-135.96",,,"1","4","2","5",,,"11",,,,,,,,,,,,"8",,,,,"9","259",,,,,,,,,,,,,"236","5","798","172","7","0",,"2","1FFFFF","1AAAAAAAA1AAAA","4",,,,,,,
"2100901","2017-09-05T00:50:00","21.05","-136.66",,,"1","4","2","5",,,"11",,,,,,,,,"10153",,,"8",,,,,"9","252",,,,,,,,,,,,,"236","16","798","172","7","1","2","2","1FFF1F","1AAAA1AAA1AAAA","4",,,,,,,
"2100530","2017-09-05T01:00:00","26.60","-131.67",,,"1","4","2","5",,,"11",,,,,,,,,"10162",,,"8",,,,,"9","235",,,,,,,,,,,,,"236","61","798","172","7","1","2","2","1FFF1F","1AAAA1AAA1AAAA","4",,,,,,,
"4600623","2017-09-05T01:00:00","22.37","-136.20",,,"1","3","2","5",,,"11",,,,,,,,,,,,,,,,,,,,,,,,,,,,,,,"236","26","798","172","7","1","2","2","FFFFFF","1AAAAAAAAAAAAA","4",,,,,,,
"4600770","2017-09-05T01:00:00","25.39","-132.73",,,"1","4","2","5",,,"11",,,,,,,,,"10161",,,"8",,,,,"9","238",,,,,,,,,,,,,"236","52","798","172","7","1","2","2","1FFF1F","1AAAA1AAA1AAAA","4",,,,,,,
"2200638","2017-09-05T01:01:00","26.14","-137.09",,,"1","4","2","5",,,"11",,,,,,,,,,,,"8",,,,,"9","245",,,,,,,,,,,,,"236","67","798","172","7","0",,"2","1FFFFF","1AAAAAAAA1AAAA","4",,,,,,,
"4601544","2017-09-05T01:02:00","20.34","-135.96",,,"1","4","2","5",,,"11",,,,,,,,,,,,"8",,,,,"9","258",,,,,,,,,,,,,"236","5","798","172","7","0",,"2","1FFFFF","1AAAAAAAA1AAAA","4",,,,,,,
"4601544","2017-09-05T01:32:00","20.34","-135.96",,,"1","4","2","5",,,"11",,,,,,,,,,,,"8",,,,,"9","258",,,,,,,,,,,,,"236","5","798","172","7","0",,"2","1FFFFF","1AAAAAAAA1AAAA","4",,,,,,,
"4600059","2017-09-05T01:40:00","29.40","-134.50",,,"1","3","2","5",,,"11",,"230","1","20",,,,,"10165",,,,,,,,,,,,,,,,,,"3",,"13","3","236","94","798","172","6","1","2","2","FFFFFF","1AAAAAAAAAA77A",,,,,,,,
"2100901","2017-09-05T01:50:00","21.04","-136.66",,,"1","4","2","5",,,"11",,,,,,,,,"10153",,,"8",,,,,"9","252",,,,,,,,,,,,,"236","16","798","172","7","1","2","2","1FFF1F","1AAAA1AAA1AAAA","4",,,,,,,
"2100530","2017-09-05T02:00:00","26.60","-131.66",,,"1","4","2","5",,,"11",,,,,,,,,"10163",,,"8",,,,,"9","234",,,,,,,,,,,,,"236","61","798","172","7","1","2","2","1FFF1F","1AAAA1AAA1AAAA","4",,,,,,,
"4600623","2017-09-05T02:00:00","22.37","-136.20",,,"1","3","2","5",,,"11",,,,,,,,,,,,,,,,,,,,,,,,,,,,,,,"236","26","798","172","7","1","2","2","FFFFFF","1AAAAAAAAAAAAA","4",,,,,,,
"4600770","2017-09-05T02:00:00","25.38","-132.73",,,"1","4","2","5",,,"11",,,,,,,,,"10162",,,"8",,,,,"9","237",,,,,,,,,,,,,"236","52","798","172","7","1","2","2","1FFF1F","1AAAA1AAA1AAAA","4",,,,,,,
"4601544","2017-09-05T02:00:00","20.34","-135.96",,,"1","4","2","5",,,"11",,,,,,,,,,,,"8",,,,,"9","258",,,,,,,,,,,,,"236","5","798","172","7","0",,"2","1FFFFF","1AAAAAAAA1AAAA","4",,,,,,,
"2200638","2017-09-05T02:01:00","26.13","-137.08",,,"1","4","2","5",,,"11",,,,,,,,,,,,"8",,,,,"9","245",,,,,,,,,,,,,"236","67","798","172","7","0",,"2","1FFFFF","1AAAAAAAA1AAAA","4",,,,,,,
"4601544","2017-09-05T02:32:00","20.34","-135.97",,,"1","4","2","5",,,"11",,,,,,,,,,,,"8",,,,,"9","258",,,,,,,,,,,,,"236","5","798","172","7","0",,"2","1FFFFF","1AAAAAAAA1AAAA","4",,,,,,,
"2100901","2017-09-05T02:50:00","21.03","-136.67",,,"1","4","2","5",,,"11",,,,,,,,,"10155",,,"8",,,,,"9","251",,,,,,,,,,,,,"236","16","798","172","7","1","2","2","1FFF1F","1AAAA1AAA1AAAA","4",,,,,,,
"2100530","2017-09-05T03:00:00","26.59","-131.65",,,"1","4","2","5",,,"11",,,,,,,,,"10163",,,"8",,,,,"9","233",,,,,,,,,,,,,"236","61","798","172","7","1","2","1","1FFF1F","1AAAA1AAA1AAAA","4",,,,,,,
"4600623","2017-09-05T03:00:00","22.37","-136.21",,,"1","3","2","5",,,"11",,,,,,,,,,,,,,,,,,,,,,,,,,,,,,,"236","26","798","172","7","1","2","2","FFFFFF","1AAAAAAAAAAAAA","4",,,,,,,
"4600770","2017-09-05T03:00:00","25.37","-132.72",,,"1","4","2","5",,,"11",,,,,,,,,"10162",,,"8",,,,,"9","236",,,,,,,,,,,,,"236","52","798","172","7","1","2","1","1FFF1F","1AAAA1AAA1AAAA","4",,,,,,,
"4601544","2017-09-05T03:00:00","20.34","-135.97",,,"1","4","2","5",,,"11",,,,,,,,,,,,"8",,,,,"9","257",,,,,,,,,,,,,"236","5","798","172","7","0",,"2","1FFFFF","1AAAAAAAA1AAAA","4",,,,,,,
"2200638","2017-09-05T03:01:00","26.12","-137.07",,,"1","4","2","5",,,"11",,,,,,,,,,,,"8",,,,,"9","243",,,,,,,,,,,,,"236","67","798","172","7","0",,"2","1FFFFF","1AAAAAAAA1AAAA","4",,,,,,,
"4601544","2017-09-05T03:30:00","20.34","-135.97",,,"1","4","2","5",,,"11",,,,,,,,,,,,"8",,,,,"9","257",,,,,,,,,,,,,"236","5","798","172","7","0",,"1","1FFFFF","1AAAAAAAA1AAAA","4",,,,,,,
"2100901","2017-09-05T03:50:00","21.02","-136.68",,,"1","4","2","5",,,"11",,,,,,,,,"10157",,,"8",,,,,"9","250",,,,,,,,,,,,,"236","16","798","172","7","1","2","1","1FFF1F","1AAAA1AAA1AAAA","4",,,,,,,
"2100530","2017-09-05T04:00:00","26.58","-131.65",,,"1","4","2","5",,,"11",,,,,,,,,"10167",,,"8",,,,,"9","231",,,,,,,,,,,,,"236","61","798","172","7","1","2","1","1FFF1F","1AAAA1AAA1AAAA","4",,,,,,,
"4600623","2017-09-05T04:00:00","22.36","-136.21",,,"1","3","2","5",,,"11",,,,,,,,,,,,,,,,,,,,,,,,,,,,,,,"236","26","798","172","7","1","2","1","FFFFFF","1AAAAAAAAAAAAA","4",,,,,,,
"4600770","2017-09-05T04:00:00","25.35","-132.73",,,"1","4","2","5",,,"11",,,,,,,,,"10166",,,"8",,,,,"9","235",,,,,,,,,,,,,"236","52","798","172","7","1","2","1","1FFF1F","1AAAA1AAA1AAAA","4",,,,,,,
"4601544","2017-09-05T04:00:00","20.34","-135.97",,,"1","4","2","5",,,"11",,,,,,,,,,,,"8",,,,,"9","257",,,,,,,,,,,,,"236","5","798","172","7","0",,"1","1FFFFF","1AAAAAAAA1AAAA","4",,,,,,,
"2200638","2017-09-05T04:01:00","26.10","-137.07",,,"1","4","2","5",,,"11",,,,,,,,,,,,"8",,,,,"9","243",,,,,,,,,,,,,"236","67","798","172","7","0",,"1","1FFFFF","1AAAAAAAA1AAAA","4",,,,,,,
"4601544","2017-09-05T04:30:00","20.34","-135.97",,,"1","4","2","5",,,"11",,,,,,,,,,,,"8",,,,,"9","257",,,,,,,,,,,,,"236","5","798","172","7","0",,"1","1FFFFF","1AAAAAAAA1AAAA","4",,,,,,,
"2100901","2017-09-05T04:50:00","21.02","-136.68",,,"1","4","2","5",,,"11",,,,,,,,,"10163",,,"8",,,,,"9","249",,,,,,,,,,,,,"236","16","798","172","7","1","2","1","1FFF1F","1AAAA1AAA1AAAA","4",,,,,,,
"2100530","2017-09-05T05:00:00","26.58","-131.65",,,"1","4","2","5",,,"11",,,,,,,,,"10172",,,"8",,,,,"9","231",,,,,,,,,,,,,"236","61","798","172","7","1","2","1","1FFF1F","1AAAA1AAA1AAAA","4",,,,,,,
"4600623","2017-09-05T05:00:00","22.36","-136.21",,,"1","3","2","5",,,"11",,,,,,,,,,,,,,,,,,,,,,,,,,,,,,,"236","26","798","172","7","1","2","1","FFFFFF","1AAAAAAAAAAAAA","4",,,,,,,
"4600770","2017-09-05T05:00:00","25.34","-132.73",,,"1","4","2","5",,,"11",,,,,,,,,"10172",,,"8",,,,,"9","234",,,,,,,,,,,,,"236","52","798","172","7","1","2","1","1FFF1F","1AAAA1AAA1AAAA","4",,,,,,,
"4601544","2017-09-05T05:00:00","20.34","-135.98",,,"1","4","2","5",,,"11",,,,,,,,,,,,"8",,,,,"9","257",,,,,,,,,,,,,"236","5","798","172","7","0",,"1","1FFFFF","1AAAAAAAA1AAAA","4",,,,,,,
"2200638","2017-09-05T05:01:00","26.09","-137.06",,,"1","4","2","5",,,"11",,,,,,,,,,,,"8",,,,,"9","242",,,,,,,,,,,,,"236","67","798","172","7","0",,"1","1FFFFF","1AAAAAAAA1AAAA","4",,,,,,,
"4601544","2017-09-05T05:32:00","20.34","-135.98",,,"1","4","2","5",,,"11",,,,,,,,,,,,"8",,,,,"9","257",,,,,,,,,,,,,"236","5","798","172","7","0",,"1","1FFFFF","1AAAAAAAA1AAAA","4",,,,,,,
"2100901","2017-09-05T05:50:00","21.01","-136.69",,,"1","4","2","5",,,"11",,,,,,,,,"10168",,,"8",,,,,"9","248",,,,,,,,,,,,,"236","16","798","172","7","1","2","1","1FFF1F","1AAAA1AAA1AAAA","4",,,,,,,
"2100530","2017-09-05T06:00:00","26.57","-131.64",,,"1","4","2","5",,,"11",,,,,,,,,"10174",,,"8",,,,,"9","231",,,,,,,,,,,,,"236","61","798","172","7","1","2","1","1FFF1F","1AAAA1AAA1AAAA","4",,,,,,,
"4600623","2017-09-05T06:00:00","22.36","-136.22",,,"1","3","2","5",,,"11",,,,,,,,,,,,,,,,,,,,,,,,,,,,,,,"236","26","798","172","7","1","2","1","FFFFFF","1AAAAAAAAAAAAA","4",,,,,,,
"4600770","2017-09-05T06:00:00","25.33","-132.73",,,"1","4","2","5",,,"11",,,,,,,,,"10175",,,"8",,,,,"9","234",,,,,,,,,,,,,"236","52","798","172","7","1","2","1","1FFF1F","1AAAA1AAA1AAAA","4",,,,,,,
"4601544","2017-09-05T06:00:00","20.34","-135.98",,,"1","4","2","5",,,"11",,,,,,,,,,,,"8",,,,,"9","257",,,,,,,,,,,,,"236","5","798","172","7","0",,"1","1FFFFF","1AAAAAAAA1AAAA","4",,,,,,,
"2200638","2017-09-05T06:01:00","26.08","-137.06",,,"1","4","2","5",,,"11",,,,,,,,,,,,"8",,,,,"9","242",,,,,,,,,,,,,"236","67","798","172","7","0",,"1","1FFFFF","1AAAAAAAA1AAAA","4",,,,,,,
"4601544","2017-09-05T06:30:00","20.34","-135.98",,,"1","4","2","5",,,"11",,,,,,,,,,,,"8",,,,,"9","257",,,,,,,,,,,,,"236","5","798","172","7","0",,"1","1FFFFF","1AAAAAAAA1AAAA","4",,,,,,,
"2100901","2017-09-05T06:50:00","21.00","-136.70",,,"1","4","2","5",,,"11",,,,,,,,,"10171",,,"8",,,,,"9","248",,,,,,,,,,,,,"236","16","798","172","7","1","2","1","1FFF1F","1AAAA1AAA1AAAA","4",,,,,,,
"4600623","2017-09-05T07:00:00","22.36","-136.22",,,"1","3","2","5",,,"11",,,,,,,,,,,,,,,,,,,,,,,,,,,,,,,"236","26","798","172","7","1","2","1","FFFFFF","1AAAAAAAAAAAAA","4",,,,,,,
"4600770","2017-09-05T07:00:00","25.32","-132.74",,,"1","4","2","5",,,"11",,,,,,,,,"10173",,,"8",,,,,"9","234",,,,,,,,,,,,,"236","52","798","172","7","1","2","1","1FFF1F","1AAAA1AAA1AAAA","4",,,,,,,
"2200638","2017-09-05T07:01:00","26.06","-137.07",,,"1","4","2","5",,,"11",,,,,,,,,,,,"8",,,,,"9","242",,,,,,,,,,,,,"236","67","798","172","7","0",,"1","1FFFFF","1AAAAAAAA1AAAA","4",,,,,,,
"4601544","2017-09-05T07:02:00","20.35","-135.98",,,"1","4","2","5",,,"11",,,,,,,,,,,,"8",,,,,"9","256",,,,,,,,,,,,,"236","5","798","172","7","0",,"1","1FFFFF","1AAAAAAAA1AAAA","4",,,,,,,
"4601544","2017-09-05T07:30:00","20.35","-135.98",,,"1","4","2","5",,,"11",,,,,,,,,,,,"8",,,,,"9","256",,,,,,,,,,,,,"236","5","798","172","7","0",,"1","1FFFFF","1AAAAAAAA1AAAA","4",,,,,,,
"2100530","2017-09-05T08:00:00","26.57","-131.64",,,"1","4","2","5",,,"11",,,,,,,,,"10169",,,"8",,,,,"9","232",,,,,,,,,,,,,"236","61","798","172","7","1","2","1","1FFF1F","1AAAA1AAA1AAAA","4",,,,,,,
"4600623","2017-09-05T08:00:00","22.36","-136.22",,,"1","3","2","5",,,"11",,,,,,,,,,,,,,,,,,,,,,,,,,,,,,,"236","26","798","172","7","1","2","1","FFFFFF","1AAAAAAAAAAAAA","4",,,,,,,
"4600770","2017-09-05T08:00:00","25.33","-132.75",,,"1","4","2","5",,,"11",,,,,,,,,"10173",,,"8",,,,,"9","234",,,,,,,,,,,,,"236","52","798","172","7","1","2","1","1FFF1F","1AAAA1AAA1AAAA","4",,,,,,,
"4601544","2017-09-05T08:00:00","20.35","-135.98",,,"1","4","2","5",,,"11",,,,,,,,,,,,"8",,,,,"9","256",,,,,,,,,,,,,"236","5","798","172","7","0",,"1","1FFFFF","1AAAAAAAA1AAAA","4",,,,,,,
"2200638","2017-09-05T08:01:00","26.05","-137.07",,,"1","4","2","5",,,"11",,,,,,,,,,,,"8",,,,,"9","241",,,,,,,,,,,,,"236","67","798","172","7","0",,"1","1FFFFF","1AAAAAAAA1AAAA","4",,,,,,,
"4601544","2017-09-05T08:30:00","20.35","-135.98",,,"1","4","2","5",,,"11",,,,,,,,,,,,"8",,,,,"9","256",,,,,,,,,,,,,"236","5","798","172","7","0",,"1","1FFFFF","1AAAAAAAA1AAAA","4",,,,,,,
"2100901","2017-09-05T08:50:00","21.00","-136.70",,,"1","4","2","5",,,"11",,,,,,,,,"10171",,,"8",,,,,"9","248",,,,,,,,,,,,,"236","16","798","172","7","1","2","1","1FFF1F","1AAAA1AAA1AAAA","4",,,,,,,
"2100530","2017-09-05T09:00:00","26.57","-131.64",,,"1","4","2","5",,,"11",,,,,,,,,"10169",,,"8",,,,,"9","232",,,,,,,,,,,,,"236","61","798","172","7","1","2","1","1FFF1F","1AAAA1AAA1AAAA","4",,,,,,,
"4600623","2017-09-05T09:00:00","22.36","-136.22",,,"1","3","2","5",,,"11",,,,,,,,,,,,,,,,,,,,,,,,,,,,,,,"236","26","798","172","7","1","2","1","FFFFFF","1AAAAAAAAAAAAA","4",,,,,,,
"4600770","2017-09-05T09:00:00","25.33","-132.75",,,"1","4","2","5",,,"11",,,,,,,,,"10171",,,"8",,,,,"9","234",,,,,,,,,,,,,"236","52","798","172","7","1","2","1","1FFF1F","1AAAA1AAA1AAAA","4",,,,,,,
"4601544","2017-09-05T09:00:00","20.35","-135.98",,,"1","4","2","5",,,"11",,,,,,,,,,,,"8",,,,,"9","256",,,,,,,,,,,,,"236","5","798","172","7","0",,"1","1FFFFF","1AAAAAAAA1AAAA","4",,,,,,,
"2200638","2017-09-05T09:01:00","26.03","-137.08",,,"1","4","2","5",,,"11",,,,,,,,,,,,"8",,,,,"9","241",,,,,,,,,,,,,"236","67","798","172","7","0",,"1","1FFFFF","1AAAAAAAA1AAAA","4",,,,,,,
"4601544","2017-09-05T09:30:00","20.35","-135.98",,,"1","4","2","5",,,"11",,,,,,,,,,,,"8",,,,,"9","256",,,,,,,,,,,,,"236","5","798","172","7","0",,"1","1FFFFF","1AAAAAAAA1AAAA","4",,,,,,,
"2100901","2017-09-05T09:50:00","21.00","-136.70",,,"1","4","2","5",,,"11",,,,,,,,,"10167",,,"8",,,,,"9","248",,,,,,,,,,,,,"236","16","798","172","7","1","2","1","1FFF1F","1AAAA1AAA1AAAA","4",,,,,,,
"2100530","2017-09-05T10:00:00","26.57","-131.64",,,"1","4","2","5",,,"11",,,,,,,,,"10167",,,"8",,,,,"9","233",,,,,,,,,,,,,"236","61","798","172","7","1","2","1","1FFF1F","1AAAA1AAA1AAAA","4",,,,,,,
"4600623","2017-09-05T10:00:00","22.33","-136.25",,,"1","3","2","5",,,"11",,,,,,,,,,,,,,,,,,,,,,,,,,,,,,,"236","26","798","172","7","1","2","1","FFFFFF","1AAAAAAAAAAAAA","4",,,,,,,
"4600770","2017-09-05T10:00:00","25.29","-132.78",,,"1","4","2","5",,,"11",,,,,,,,,"10168",,,"8",,,,,"9","234",,,,,,,,,,,,,"236","52","798","172","7","1","2","1","1FFF1F","1AAAA1AAA1AAAA","4",,,,,,,
"4601544","2017-09-05T10:00:00","20.35","-135.98",,,"1","4","2","5",,,"11",,,,,,,,,,,,"8",,,,,"9","256",,,,,,,,,,,,,"236","5","798","172","7","0",,"1","1FFFFF","1AAAAAAAA1AAAA","4",,,,,,,
"2200638","2017-09-05T10:01:00","26.02","-137.09",,,"1","4","2","5",,,"11",,,,,,,,,,,,"8",,,,,"9","241",,,,,,,,,,,,,"236","67","798","172","7","0",,"1","1FFFFF","1AAAAAAAA1AAAA","4",,,,,,,
"4601544","2017-09-05T10:30:00","20.35","-135.98",,,"1","4","2","5",,,"11",,,,,,,,,,,,"8",,,,,"9","256",,,,,,,,,,,,,"236","5","798","172","7","0",,"1","1FFFFF","1AAAAAAAA1AAAA","4",,,,,,,
"2100901","2017-09-05T10:50:00","21.00","-136.70",,,"1","4","2","5",,,"11",,,,,,,,,"10160",,,"8",,,,,"9","248",,,,,,,,,,,,,"236","16","798","172","7","1","2","1","1FFF1F","1AAAA1AAA1AAAA","4",,,,,,,
"2100530","2017-09-05T11:00:00","26.55","-131.65",,,"1","4","2","5",,,"11",,,,,,,,,"10162",,,"8",,,,,"9","233",,,,,,,,,,,,,"236","61","798","172","7","1","2","1","1FFF1F","1AAAA1AAA1AAAA","4",,,,,,,
"4600623","2017-09-05T11:00:00","22.36","-136.22",,,"1","3","2","5",,,"11",,,,,,,,,,,,,,,,,,,,,,,,,,,,,,,"236","26","798","172","7","1","2","1","FFFFFF","1AAAAAAAAAAAAA","4",,,,,,,
"4600770","2017-09-05T11:00:00","25.29","-132.78",,,"1","4","2","5",,,"11",,,,,,,,,"10164",,,"8",,,,,"9","234",,,,,,,,,,,,,"236","52","798","172","7","1","2","1","1FFF1F","1AAAA1AAA1AAAA","4",,,,,,,
"4601544","2017-09-05T11:00:00","20.35","-135.98",,,"1","4","2","5",,,"11",,,,,,,,,,,,"8",,,,,"9","256",,,,,,,,,,,,,"236","5","798","172","7","0",,"1","1FFFFF","1AAAAAAAA1AAAA","4",,,,,,,
"2200638","2017-09-05T11:01:00","26.01","-137.09",,,"1","4","2","5",,,"11",,,,,,,,,,,,"8",,,,,"9","241",,,,,,,,,,,,,"236","67","798","172","7","0",,"1","1FFFFF","1AAAAAAAA1AAAA","4",,,,,,,
"4601544","2017-09-05T11:30:00","20.35","-135.98",,,"1","4","2","5",,,"11",,,,,,,,,,,,"8",,,,,"9","256",,,,,,,,,,,,,"236","5","798","172","7","0",,"1","1FFFFF","1AAAAAAAA1AAAA","4",,,,,,,
"2100901","2017-09-05T11:50:00","20.97","-136.71",,,"1","4","2","5",,,"11",,,,,,,,,"10156",,,"8",,,,,"9","248",,,,,,,,,,,,,"236","6","798","172","7","1","2","1","1FFF1F","1AAAA1AAA1AAAA","4",,,,,,,
"2100530","2017-09-05T12:00:00","26.55","-131.65",,,"1","4","2","5",,,"11",,,,,,,,,"10161",,,"8",,,,,"9","234",,,,,,,,,,,,,"236","61","798","172","7","1","2","1","1FFF1F","1AAAA1AAA1AAAA","4",,,,,,,
"4600623","2017-09-05T12:00:00","22.36","-136.22",,,"1","3","2","5",,,"11",,,,,,,,,,,,,,,,,,,,,,,,,,,,,,,"236","26","798","172","7","1","2","1","FFFFFF","1AAAAAAAAAAAAA","4",,,,,,,
"4600770","2017-09-05T12:00:00","25.29","-132.77",,,"1","4","2","5",,,"11",,,,,,,,,"10160",,,"8",,,,,"9","234",,,,,,,,,,,,,"236","52","798","172","7","1","2","1","1FFF1F","1AAAA1AAA1AAAA","4",,,,,,,
"4601544","2017-09-05T12:00:00","20.35","-135.98",,,"1","4","2","5",,,"11",,,,,,,,,,,,"8",,,,,"9","256",,,,,,,,,,,,,"236","5","798","172","7","0",,"1","1FFFFF","1AAAAAAAA1AAAA","4",,,,,,,
"2200638","2017-09-05T12:01:00","26.00","-137.10",,,"1","4","2","5",,,"11",,,,,,,,,,,,"8",,,,,"9","241",,,,,,,,,,,,,"236","67","798","172","7","0",,"1","1FFFFF","1AAAAAAAA1AAAA","4",,,,,,,
"4601544","2017-09-05T12:30:00","20.35","-135.97",,,"1","4","2","5",,,"11",,,,,,,,,,,,"8",,,,,"9","255",,,,,,,,,,,,,"236","5","798","172","7","0",,"1","1FFFFF","1AAAAAAAA1AAAA","4",,,,,,,
"2100901","2017-09-05T12:50:00","20.97","-136.71",,,"1","4","2","5",,,"11",,,,,,,,,"10154",,,"8",,,,,"9","248",,,,,,,,,,,,,"236","6","798","172","7","1","2","1","1FFF1F","1AAAA1AAA1AAAA","4",,,,,,,
"2100530","2017-09-05T13:00:00","26.55","-131.64",,,"1","4","2","5",,,"11",,,,,,,,,"10161",,,"8",,,,,"9","234",,,,,,,,,,,,,"236","61","798","172","7","1","2","1","1FFF1F","1AAAA1AAA1AAAA","4",,,,,,,
"4600623","2017-09-05T13:00:00","22.33","-136.25",,,"1","3","2","5",,,"11",,,,,,,,,,,,,,,,,,,,,,,,,,,,,,,"236","26","798","172","7","1","2","1","FFFFFF","1AAAAAAAAAAAAA","4",,,,,,,
"4600770","2017-09-05T13:00:00","25.29","-132.77",,,"1","4","2","5",,,"11",,,,,,,,,"10161",,,"8",,,,,"9","233",,,,,,,,,,,,,"236","52","798","172","7","1","2","1","1FFF1F","1AAAA1AAA1AAAA","4",,,,,,,
"4601544","2017-09-05T13:00:00","20.35","-135.97",,,"1","4","2","5",,,"11",,,,,,,,,,,,"8",,,,,"9","255",,,,,,,,,,,,,"236","5","798","172","7","0",,"1","1FFFFF","1AAAAAAAA1AAAA","4",,,,,,,
"2200638","2017-09-05T13:01:00","26.00","-137.10",,,"1","4","2","5",,,"11",,,,,,,,,,,,"8",,,,,"9","240",,,,,,,,,,,,,"236","67","798","172","7","0",,"1","1FFFFF","1AAAAAAAA1AAAA","4",,,,,,,
"4601544","2017-09-05T13:30:00","20.35","-135.97",,,"1","4","2","5",,,"11",,,,,,,,,,,,"8",,,,,"9","255",,,,,,,,,,,,,"236","5","798","172","7","0",,"1","1FFFFF","1AAAAAAAA1AAAA","4",,,,,,,
"2100901","2017-09-05T13:50:00","20.96","-136.71",,,"1","4","2","5",,,"11",,,,,,,,,"10156",,,"8",,,,,"9","248",,,,,,,,,,,,,"236","6","798","172","7","1","2","1","1FFF1F","1AAAA1AAA1AAAA","4",,,,,,,
"2100530","2017-09-05T14:00:00","26.55","-131.65",,,"1","4","2","5",,,"11",,,,,,,,,"10163",,,"8",,,,,"9","233",,,,,,,,,,,,,"236","61","798","172","7","1","2","1","1FFF1F","1AAAA1AAA1AAAA","4",,,,,,,
"4600623","2017-09-05T14:00:00","22.32","-136.25",,,"1","3","2","5",,,"11",,,,,,,,,,,,,,,,,,,,,,,,,,,,,,,"236","26","798","172","7","1","2","1","FFFFFF","1AAAAAAAAAAAAA","4",,,,,,,
"4600770","2017-09-05T14:00:00","25.29","-132.77",,,"1","4","2","5",,,"11",,,,,,,,,"10163",,,"8",,,,,"9","233",,,,,,,,,,,,,"236","52","798","172","7","1","2","1","1FFF1F","1AAAA1AAA1AAAA","4",,,,,,,
"4601544","2017-09-05T14:00:00","20.35","-135.97",,,"1","4","2","5",,,"11",,,,,,,,,,,,"8",,,,,"9","255",,,,,,,,,,,,,"236","5","798","172","7","0",,"1","1FFFFF","1AAAAAAAA1AAAA","4",,,,,,,
"2200638","2017-09-05T14:01:00","25.99","-137.10",,,"1","4","2","5",,,"11",,,,,,,,,,,,"8",,,,,"9","240",,,,,,,,,,,,,"236","57","798","172","7","0",,"1","1FFFFF","1AAAAAAAA1AAAA","4",,,,,,,
"4601544","2017-09-05T14:30:00","20.35","-135.97",,,"1","4","2","5",,,"11",,,,,,,,,,,,"8",,,,,"9","255",,,,,,,,,,,,,"236","5","798","172","7","0",,"1","1FFFFF","1AAAAAAAA1AAAA","4",,,,,,,
"2100901","2017-09-05T14:50:00","20.95","-136.72",,,"1","4","2","5",,,"11",,,,,,,,,"10159",,,"8",,,,,"9","248",,,,,,,,,,,,,"236","6","798","172","7","1","2","1","1FFF1F","1AAAA1AAA1AAAA","4",,,,,,,
"2100530","2017-09-05T15:00:00","26.55","-131.64",,,"1","4","2","5",,,"11",,,,,,,,,"10167",,,"8",,,,,"9","233",,,,,,,,,,,,,"236","61","798","172","7","1","2","2","1FFF1F","1AAAA1AAA1AAAA","4",,,,,,,
"4600623","2017-09-05T15:00:00","22.32","-136.25",,,"1","3","2","5",,,"11",,,,,,,,,,,,,,,,,,,,,,,,,,,,,,,"236","26","798","172","7","1","2","2","FFFFFF","1AAAAAAAAAAAAA","4",,,,,,,
"4600770","2017-09-05T15:00:00","25.29","-132.78",,,"1","4","2","5",,,"11",,,,,,,,,"10164",,,"8",,,,,"9","233",,,,,,,,,,,,,"236","52","798","172","7","1","2","2","1FFF1F","1AAAA1AAA1AAAA","4",,,,,,,
"4601544","2017-09-05T15:00:00","20.35","-135.97",,,"1","4","2","5",,,"11",,,,,,,,,,,,"8",,,,,"9","255",,,,,,,,,,,,,"236","5","798","172","7","0",,"2","1FFFFF","1AAAAAAAA1AAAA","4",,,,,,,
"2200638","2017-09-05T15:01:00","25.99","-137.11",,,"1","4","2","5",,,"11",,,,,,,,,,,,"8",,,,,"9","240",,,,,,,,,,,,,"236","57","798","172","7","0",,"1","1FFFFF","1AAAAAAAA1AAAA","4",,,,,,,
"4601544","2017-09-05T15:30:00","20.36","-135.97",,,"1","4","2","5",,,"11",,,,,,,,,,,,"8",,,,,"9","255",,,,,,,,,,,,,"236","5","798","172","7","0",,"2","1FFFFF","1AAAAAAAA1AAAA","4",,,,,,,
"2100901","2017-09-05T15:50:00","20.95","-136.72",,,"1","4","2","5",,,"11",,,,,,,,,"10163",,,"8",,,,,"9","248",,,,,,,,,,,,,"236","6","798","172","7","1","2","2","1FFF1F","1AAAA1AAA1AAAA","4",,,,,,,
"2100530","2017-09-05T16:00:00","26.55","-131.65",,,"1","4","2","5",,,"11",,,,,,,,,"10170",,,"8",,,,,"9","233",,,,,,,,,,,,,"236","61","798","172","7","1","2","2","1FFF1F","1AAAA1AAA1AAAA","4",,,,,,,
"4600623","2017-09-05T16:00:00","22.31","-136.26",,,"1","3","2","5",,,"11",,,,,,,,,,,,,,,,,,,,,,,,,,,,,,,"236","26","798","172","7","1","2","2","FFFFFF","1AAAAAAAAAAAAA","4",,,,,,,
"4600770","2017-09-05T16:00:00","25.30","-132.77",,,"1","4","2","5",,,"11",,,,,,,,,"10168",,,"8",,,,,"9","233",,,,,,,,,,,,,"236","52","798","172","7","1","2","2","1FFF1F","1AAAA1AAA1AAAA","4",,,,,,,
"4601544","2017-09-05T16:00:00","20.36","-135.97",,,"1","4","2","5",,,"11",,,,,,,,,,,,"8",,,,,"9","255",,,,,,,,,,,,,"236","5","798","172","7","0",,"2","1FFFFF","1AAAAAAAA1AAAA","4",,,,,,,
"2200638","2017-09-05T16:01:00","25.98","-137.11",,,"1","4","2","5",,,"11",,,,,,,,,,,,"8",,,,,"9","241",,,,,,,,,,,,,"236","57","798","172","7","0",,"2","1FFFFF","1AAAAAAAA1AAAA","4",,,,,,,
"4601544","2017-09-05T16:30:00","20.36","-135.97",,,"1","4","2","5",,,"11",,,,,,,,,,,,"8",,,,,"9","255",,,,,,,,,,,,,"236","5","798","172","7","0",,"2","1FFFFF","1AAAAAAAA1AAAA","4",,,,,,,
"2100901","2017-09-05T16:50:00","20.94","-136.73",,,"1","4","2","5",,,"11",,,,,,,,,"10169",,,"8",,,,,"9","248",,,,,,,,,,,,,"236","6","798","172","7","1","2","2","1FFF1F","1AAAA1AAA1AAAA","4",,,,,,,
"2100530","2017-09-05T17:00:00","26.54","-131.64",,,"1","4","2","5",,,"11",,,,,,,,,"10173",,,"8",,,,,"9","233",,,,,,,,,,,,,"236","61","798","172","7","1","2","2","1FFF1F","1AAAA1AAA1AAAA","4",,,,,,,
"4600623","2017-09-05T17:00:00","22.31","-136.27",,,"1","3","2","5",,,"11",,,,,,,,,,,,,,,,,,,,,,,,,,,,,,,"236","26","798","172","7","1","2","2","FFFFFF","1AAAAAAAAAAAAA","4",,,,,,,
"4600770","2017-09-05T17:00:00","25.29","-132.76",,,"1","4","2","5",,,"11",,,,,,,,,"10172",,,"8",,,,,"9","233",,,,,,,,,,,,,"236","52","798","172","7","1","2","2","1FFF1F","1AAAA1AAA1AAAA","4",,,,,,,
"4601544","2017-09-05T17:00:00","20.36","-135.97",,,"1","4","2","5",,,"11",,,,,,,,,,,,"8",,,,,"9","255",,,,,,,,,,,,,"236","5","798","172","7","0",,"2","1FFFFF","1AAAAAAAA1AAAA","4",,,,,,,
"2200638","2017-09-05T17:01:00","25.98","-137.11",,,"1","4","2","5",,,"11",,,,,,,,,,,,"8",,,,,"9","241",,,,,,,,,,,,,"236","57","798","172","7","0",,"2","1FFFFF","1AAAAAAAA1AAAA","4",,,,,,,
"4601544","2017-09-05T17:30:00","20.36","-135.97",,,"1","4","2","5",,,"11",,,,,,,,,,,,"8",,,,,"9","255",,,,,,,,,,,,,"236","5","798","172","7","0",,"2","1FFFFF","1AAAAAAAA1AAAA","4",,,,,,,
"2100901","2017-09-05T17:50:00","20.94","-136.74",,,"1","4","2","5",,,"11",,,,,,,,,"10168",,,"8",,,,,"9","248",,,,,,,,,,,,,"236","6","798","172","7","1","2","2","1FFF1F","1AAAA1AAA1AAAA","4",,,,,,,
"2100530","2017-09-05T18:00:00","26.54","-131.65",,,"1","4","2","5",,,"11",,,,,,,,,"10175",,,"8",,,,,"9","234",,,,,,,,,,,,,"236","61","798","172","7","1","2","2","1FFF1F","1AAAA1AAA1AAAA","4",,,,,,,
"4600623","2017-09-05T18:00:00","22.31","-136.30",,,"1","3","2","5",,,"11",,,,,,,,,,,,,,,,,,,,,,,,,,,,,,,"236","26","798","172","7","1","2","2","FFFFFF","1AAAAAAAAAAAAA","4",,,,,,,
"4600770","2017-09-05T18:00:00","25.29","-132.77",,,"1","4","2","5",,,"11",,,,,,,,,"10175",,,"8",,,,,"9","233",,,,,,,,,,,,,"236","52","798","172","7","1","2","2","1FFF1F","1AAAA1AAA1AAAA","4",,,,,,,
"4601544","2017-09-05T18:00:00","20.36","-135.96",,,"1","4","2","5",,,"11",,,,,,,,,,,,"8",,,,,"9","255",,,,,,,,,,,,,"236","5","798","172","7","0",,"2","1FFFFF","1AAAAAAAA1AAAA","4",,,,,,,
"2200638","2017-09-05T18:01:00","25.97","-137.10",,,"1","4","2","5",,,"11",,,,,,,,,,,,"8",,,,,"9","244",,,,,,,,,,,,,"236","57","798","172","7","0",,"2","1FFFFF","1AAAAAAAA1AAAA","4",,,,,,,
"4601544","2017-09-05T18:30:00","20.36","-135.96",,,"1","4","2","5",,,"11",,,,,,,,,,,,"8",,,,,"9","256",,,,,,,,,,,,,"236","5","798","172","7","0",,"2","1FFFFF","1AAAAAAAA1AAAA","4",,,,,,,
"2100901","2017-09-05T18:50:00","20.93","-136.74",,,"1","4","2","5",,,"11",,,,,,,,,"10170",,,"8",,,,,"9","248",,,,,,,,,,,,,"236","6","798","172","7","1","2","2","1FFF1F","1AAAA1AAA1AAAA","4",,,,,,,
"2100530","2017-09-05T19:00:00","26.53","-131.64",,,"1","4","2","5",,,"11",,,,,,,,,"10177",,,"8",,,,,"9","234",,,,,,,,,,,,,"236","61","798","172","7","1","2","2","1FFF1F","1AAAA1AAA1AAAA","4",,,,,,,
"4600623","2017-09-05T19:00:00","22.31","-136.31",,,"1","3","2","5",,,"11",,,,,,,,,,,,,,,,,,,,,,,,,,,,,,,"236","26","798","172","7","1","2","2","FFFFFF","1AAAAAAAAAAAAA","4",,,,,,,
"4600770","2017-09-05T19:00:00","25.29","-132.77",,,"1","4","2","5",,,"11",,,,,,,,,"10175",,,"8",,,,,"9","234",,,,,,,,,,,,,"236","52","798","172","7","1","2","2","1FFF1F","1AAAA1AAA1AAAA","4",,,,,,,
"4601544","2017-09-05T19:00:00","20.36","-135.96",,,"1","4","2","5",,,"11",,,,,,,,,,,,"8",,,,,"9","256",,,,,,,,,,,,,"236","5","798","172","7","0",,"2","1FFFFF","1AAAAAAAA1AAAA","4",,,,,,,
"2200638","2017-09-05T19:01:00","25.97","-137.10",,,"1","4","2","5",,,"11",,,,,,,,,,,,"8",,,,,"9","249",,,,,,,,,,,,,"236","57","798","172","7","0",,"2","1FFFFF","1AAAAAAAA1AAAA","4",,,,,,,
"4601544","2017-09-05T19:30:00","20.36","-135.96",,,"1","4","2","5",,,"11",,,,,,,,,,,,"8",,,,,"9","256",,,,,,,,,,,,,"236","5","798","172","7","0",,"2","1FFFFF","1AAAAAAAA1AAAA","4",,,,,,,
"2100901","2017-09-05T19:50:00","20.92","-136.75",,,"1","4","2","5",,,"11",,,,,,,,,"10169",,,"8",,,,,"9","250",,,,,,,,,,,,,"236","6","798","172","7","1","2","2","1FFF1F","1AAAA1AAA1AAAA","4",,,,,,,
"2100530","2017-09-05T20:00:00","26.54","-131.66",,,"1","4","2","5",,,"11",,,,,,,,,"10175",,,"8",,,,,"9","235",,,,,,,,,,,,,"236","61","798","172","7","1","2","2","1FFF1F","1AAAA1AAA1AAAA","4",,,,,,,
"4600623","2017-09-05T20:00:00","22.33","-136.33",,,"1","3","2","5",,,"11",,,,,,,,,,,,,,,,,,,,,,,,,,,,,,,"236","26","798","172","7","1","2","2","FFFFFF","1AAAAAAAAAAAAA","4",,,,,,,
"4600770","2017-09-05T20:00:00","25.29","-132.76",,,"1","4","2","5",,,"11",,,,,,,,,"10174",,,"8",,,,,"9","235",,,,,,,,,,,,,"236","52","798","172","7","1","2","2","1FFF1F","1AAAA1AAA1AAAA","4",,,,,,,
"4601544","2017-09-05T20:00:00","20.36","-135.96",,,"1","4","2","5",,,"11",,,,,,,,,,,,"8",,,,,"9","257",,,,,,,,,,,,,"236","5","798","172","7","0",,"2","1FFFFF","1AAAAAAAA1AAAA","4",,,,,,,
"2200638","2017-09-05T20:01:00","25.96","-137.09",,,"1","4","2","5",,,"11",,,,,,,,,,,,"8",,,,,"9","250",,,,,,,,,,,,,"236","57","798","172","7","0",,"2","1FFFFF","1AAAAAAAA1AAAA","4",,,,,,,
"4601544","2017-09-05T20:03:00","20.36","-135.96",,,"1","4","2","5",,,"11",,,,,,,,,,,,"8",,,,,"9","257",,,,,,,,,,,,,"236","5","798","172","7","0",,"2","1FFFFF","1AAAAAAAA1AAAA","4",,,,,,,
"4600059","2017-09-05T20:10:00","28.30","-135.90",,,"1","3","2","5",,,"11",,"180","1","10",,,,,"10175",,,,,,,,,,,,,,,,,,,,,,"236","85","798","172","6","1","2","2","FF11FF","11AAAAAAAAAAAA",,,,,,,,
"4601544","2017-09-05T20:30:00","20.36","-135.96",,,"1","4","2","5",,,"11",,,,,,,,,,,,"8",,,,,"9","257",,,,,,,,,,,,,"236","5","798","172","7","0",,"2","1FFFFF","1AAAAAAAA1AAAA","4",,,,,,,
"2100901","2017-09-05T20:50:00","20.92","-136.75",,,"1","4","2","5",,,"11",,,,,,,,,"10165",,,"8",,,,,"9","250",,,,,,,,,,,,,"236","6","798","172","7","1","2","2","1FFF1F","1AAAA1AAA1AAAA","4",,,,,,,
"2100530","2017-09-05T21:00:00","26.54","-131.66",,,"1","4","2","5",,,"11",,,,,,,,,"10172",,,"8",,,,,"9","236",,,,,,,,,,,,,"236","61","798","172","7","1","2","2","1FFF1F","1AAAA1AAA1AAAA","4",,,,,,,
"4600623","2017-09-05T21:00:00","22.33","-136.33",,,"1","3","2","5",,,"11",,,,,,,,,,,,,,,,,,,,,,,,,,,,,,,"236","26","798","172","7","1","2","2","FFFFFF","1AAAAAAAAAAAAA","4",,,,,,,
"4600770","2017-09-05T21:00:00","25.28","-132.76",,,"1","4","2","5",,,"11",,,,,,,,,"10170",,,"8",,,,,"9","236",,,,,,,,,,,,,"236","52","798","172","7","1","2","2","1FFF1F","1AAAA1AAA1AAAA","4",,,,,,,
"4601544","2017-09-05T21:00:00","20.35","-135.95",,,"1","4","2","5",,,"11",,,,,,,,,,,,"8",,,,,"9","257",,,,,,,,,,,,,"236","5","798","172","7","0",,"2","1FFFFF","1AAAAAAAA1AAAA","4",,,,,,,
"2200638","2017-09-05T21:01:00","25.96","-137.09",,,"1","4","2","5",,,"11",,,,,,,,,,,,"8",,,,,"9","252",,,,,,,,,,,,,"236","57","798","172","7","0",,"2","1FFFFF","1AAAAAAAA1AAAA","4",,,,,,,
"4601544","2017-09-05T21:32:00","20.35","-135.95",,,"1","4","2","5",,,"11",,,,,,,,,,,,"8",,,,,"9","258",,,,,,,,,,,,,"236","5","798","172","7","0",,"2","1FFFFF","1AAAAAAAA1AAAA","4",,,,,,,
"2100901","2017-09-05T21:50:00","20.91","-136.78",,,"1","4","2","5",,,"11",,,,,,,,,"10158",,,"8",,,,,"9","252",,,,,,,,,,,,,"236","6","798","172","7","1","2","2","1FFF1F","1AAAA1AAA1AAAA","4",,,,,,,
"2100530","2017-09-05T22:00:00","26.55","-131.67",,,"1","4","2","5",,,"11",,,,,,,,,"10168",,,"8",,,,,"9","236",,,,,,,,,,,,,"236","61","798","172","7","1","2","2","1FFF1F","1AAAA1AAA1AAAA","4",,,,,,,
"4600623","2017-09-05T22:00:00","22.32","-136.37",,,"1","3","2","5",,,"11",,,,,,,,,,,,,,,,,,,,,,,,,,,,,,,"236","26","798","172","7","1","2","2","FFFFFF","1AAAAAAAAAAAAA","4",,,,,,,
"4600770","2017-09-05T22:00:00","25.26","-132.74",,,"1","4","2","5",,,"11",,,,,,,,,"10165",,,"8",,,,,"9","239",,,,,,,,,,,,,"236","52","798","172","7","1","2","2","1FFF1F","1AAAA1AAA1AAAA","4",,,,,,,
"2200638","2017-09-05T22:01:00","25.95","-137.09",,,"1","4","2","5",,,"11",,,,,,,,,,,,"8",,,,,"9","254",,,,,,,,,,,,,"236","57","798","172","7","0",,"2","1FFFFF","1AAAAAAAA1AAAA","4",,,,,,,
"4601544","2017-09-05T22:02:00","20.35","-135.95",,,"1","4","2","5",,,"11",,,,,,,,,,,,"8",,,,,"9","260",,,,,,,,,,,,,"236","5","798","172","7","0",,"2","1FFFFF","1AAAAAAAA1AAAA","4",,,,,,,
"4601544","2017-09-05T22:32:00","20.35","-135.95",,,"1","4","2","5",,,"11",,,,,,,,,,,,"8",,,,,"9","260",,,,,,,,,,,,,"236","5","798","172","7","0",,"2","1FFFFF","1AAAAAAAA1AAAA","4",,,,,,,
"2100901","2017-09-05T22:50:00","20.91","-136.78",,,"1","4","2","5",,,"11",,,,,,,,,"10152",,,"8",,,,,"9","251",,,,,,,,,,,,,"236","6","798","172","7","1","2","2","1FFF1F","1AAAA1AAA1AAAA","4",,,,,,,
"2100530","2017-09-05T23:00:00","26.55","-131.67",,,"1","4","2","5",,,"11",,,,,,,,,"10163",,,"8",,,,,"9","236",,,,,,,,,,,,,"236","61","798","172","7","1","2","2","1FFF1F","1AAAA1AAA1AAAA","4",,,,,,,
"4600623","2017-09-05T23:00:00","22.32","-136.37",,,"1","3","2","5",,,"11",,,,,,,,,,,,,,,,,,,,,,,,,,,,,,,"236","26","798","172","7","1","2","2","FFFFFF","1AAAAAAAAAAAAA","4",,,,,,,
"4600770","2017-09-05T23:00:00","25.26","-132.74",,,"1","4","2","5",,,"11",,,,,,,,,"10160",,,"8",,,,,"9","240",,,,,,,,,,,,,"236","52","798","172","7","1","2","2","1FFF1F","1AAAA1AAA1AAAA","4",,,,,,,
"2200638","2017-09-05T23:01:00","25.94","-137.08",,,"1","4","2","5",,,"11",,,,,,,,,,,,"8",,,,,"9","255",,,,,,,,,,,,,"236","57","798","172","7","0",,"2","1FFFFF","1AAAAAAAA1AAAA","4",,,,,,,
"4601544","2017-09-05T23:02:00","20.35","-135.95",,,"1","4","2","5",,,"11",,,,,,,,,,,,"8",,,,,"9","260",,,,,,,,,,,,,"236","5","798","172","7","0",,"2","1FFFFF","1AAAAAAAA1AAAA","4",,,,,,,
"4601544","2017-09-05T23:32:00","20.35","-135.95",,,"1","4","2","5",,,"11",,,,,,,,,,,,"8",,,,,"9","260",,,,,,,,,,,,,"236","5","798","172","7","0",,"2","1FFFFF","1AAAAAAAA1AAAA","4",,,,,,,
"2100901","2017-09-05T23:50:00","20.91","-136.78",,,"1","4","2","5",,,"11",,,,,,,,,"10148",,,"8",,,,,"9","252",,,,,,,,,,,,,"236","6","798","172","7","1","2","2","1FFF1F","1AAAA1AAA1AAAA","4",,,,,,,
"2100530","2017-09-06T00:00:00","26.55","-131.67",,,"1","4","2","5",,,"11",,,,,,,,,"10162",,,"8",,,,,"9","236",,,,,,,,,,,,,"236","61","798","172","7","1","2","2","1FFF1F","1AAAA1AAA1AAAA","4",,,,,,,
"4600623","2017-09-06T00:00:00","22.32","-136.37",,,"1","3","2","5",,,"11",,,,,,,,,,,,,,,,,,,,,,,,,,,,,,,"236","26","798","172","7","1","2","2","FFFFFF","1AAAAAAAAAAAAA","4",,,,,,,
"4600770","2017-09-06T00:00:00","25.26","-132.74",,,"1","4","2","5",,,"11",,,,,,,,,"10158",,,"8",,,,,"9","239",,,,,,,,,,,,,"236","52","798","172","7","1","2","2","1FFF1F","1AAAA1AAA1AAAA","4",,,,,,,
"4601544","2017-09-06T00:00:00","20.34","-135.95",,,"1","4","2","5",,,"11",,,,,,,,,,,,"8",,,,,"9","259",,,,,,,,,,,,,"236","5","798","172","7","0",,"2","1FFFFF","1AAAAAAAA1AAAA","4",,,,,,,
"2200638","2017-09-06T00:01:00","25.93","-137.08",,,"1","4","2","5",,,"11",,,,,,,,,,,,"8",,,,,"9","254",,,,,,,,,,,,,"236","57","798","172","7","0",,"2","1FFFFF","1AAAAAAAA1AAAA","4",,,,,,,
"4601544","2017-09-06T00:32:00","20.34","-135.95",,,"1","4","2","5",,,"11",,,,,,,,,,,,"8",,,,,"9","260",,,,,,,,,,,,,"236","5","798","172","7","0",,"2","1FFFFF","1AAAAAAAA1AAAA","4",,,,,,,
"2100901","2017-09-06T00:50:00","20.91","-136.78",,,"1","4","2","5",,,"11",,,,,,,,,"10144",,,"8",,,,,"9","252",,,,,,,,,,,,,"236","6","798","172","7","1","2","2","1FFF1F","1AAAA1AAA1AAAA","4",,,,,,,
"2100530","2017-09-06T01:00:00","26.55","-131.67",,,"1","4","2","5",,,"11",,,,,,,,,"10163",,,"8",,,,,"9","235",,,,,,,,,,,,,"236","61","798","172","7","1","2","2","1FFF1F","1AAAA1AAA1AAAA","4",,,,,,,
"4600770","2017-09-06T01:00:00","25.24","-132.73",,,"1","4","2","5",,,"11",,,,,,,,,"10158",,,"8",,,,,"9","238",,,,,,,,,,,,,"236","52","798","172","7","1","2","2","1FFF1F","1AAAA1AAA1AAAA","4",,,,,,,
"2200638","2017-09-06T01:01:00","25.92","-137.08",,,"1","4","2","5",,,"11",,,,,,,,,,,,"8",,,,,"9","252",,,,,,,,,,,,,"236","57","798","172","7","0",,"2","1FFFFF","1AAAAAAAA1AAAA","4",,,,,,,
"4601544","2017-09-06T01:02:00","20.34","-135.95",,,"1","4","2","5",,,"11",,,,,,,,,,,,"8",,,,,"9","260",,,,,,,,,,,,,"236","5","798","172","7","0",,"2","1FFFFF","1AAAAAAAA1AAAA","4",,,,,,,
"4601544","2017-09-06T01:32:00","20.34","-135.95",,,"1","4","2","5",,,"11",,,,,,,,,,,,"8",,,,,"9","259",,,,,,,,,,,,,"236","5","798","172","7","0",,"2","1FFFFF","1AAAAAAAA1AAAA","4",,,,,,,
"2100901","2017-09-06T01:50:00","20.91","-136.79",,,"1","4","2","5",,,"11",,,,,,,,,"10145",,,"8",,,,,"9","252",,,,,,,,,,,,,"236","6","798","172","7","1","2","2","1FFF1F","1AAAA1AAA1AAAA","4",,,,,,,
"2100530","2017-09-06T02:00:00","26.54","-131.67",,,"1","4","2","5",,,"11",,,,,,,,,"10164",,,"8",,,,,"9","235",,,,,,,,,,,,,"236","61","798","172","7","1","2","2","1FFF1F","1AAAA1AAA1AAAA","4",,,,,,,
"4600623","2017-09-06T02:00:00","22.33","-136.38",,,"1","3","2","5",,,"11",,,,,,,,,,,,,,,,,,,,,,,,,,,,,,,"236","26","798","172","7","1","2","2","FFFFFF","1AAAAAAAAAAAAA","4",,,,,,,
"4600770","2017-09-06T02:00:00","25.22","-132.74",,,"1","4","2","5",,,"11",,,,,,,,,"10158",,,"8",,,,,"9","238",,,,,,,,,,,,,"236","52","798","172","7","1","2","2","1FFF1F","1AAAA1AAA1AAAA","4",,,,,,,
"2200638","2017-09-06T02:01:00","25.92","-137.08",,,"1","4","2","5",,,"11",,,,,,,,,,,,"8",,,,,"9","251",,,,,,,,,,,,,"236","57","798","172","7","0",,"2","1FFFFF","1AAAAAAAA1AAAA","4",,,,,,,
"4601544","2017-09-06T02:02:00","20.34","-135.95",,,"1","4","2","5",,,"11",,,,,,,,,,,,"8",,,,,"9","259",,,,,,,,,,,,,"236","5","798","172","7","0",,"2","1FFFFF","1AAAAAAAA1AAAA","4",,,,,,,
"4601544","2017-09-06T02:32:00","20.34","-135.95",,,"1","4","2","5",,,"11",,,,,,,,,,,,"8",,,,,"9","258",,,,,,,,,,,,,"236","5","798","172","7","0",,"2","1FFFFF","1AAAAAAAA1AAAA","4",,,,,,,
"2100901","2017-09-06T02:50:00","20.90","-136.81",,,"1","4","2","5",,,"11",,,,,,,,,"10148",,,"8",,,,,"9","251",,,,,,,,,,,,,"236","6","798","172","7","1","2","2","1FFF1F","1AAAA1AAA1AAAA","4",,,,,,,
"2100530","2017-09-06T03:00:00","26.54","-131.67",,,"1","4","2","5",,,"11",,,,,,,,,"10168",,,"8",,,,,"9","235",,,,,,,,,,,,,"236","61","798","172","7","1","2","1","1FFF1F","1AAAA1AAA1AAAA","4",,,,,,,
"4600623","2017-09-06T03:00:00","22.32","-136.38",,,"1","3","2","5",,,"11",,,,,,,,,,,,,,,,,,,,,,,,,,,,,,,"236","26","798","172","7","1","2","2","FFFFFF","1AAAAAAAAAAAAA","4",,,,,,,
"4600770","2017-09-06T03:00:00","25.23","-132.74",,,"1","4","2","5",,,"11",,,,,,,,,"10161",,,"8",,,,,"9","237",,,,,,,,,,,,,"236","52","798","172","7","1","2","1","1FFF1F","1AAAA1AAA1AAAA","4",,,,,,,
"4601544","2017-09-06T03:00:00","20.33","-135.95",,,"1","4","2","5",,,"11",,,,,,,,,,,,"8",,,,,"9","258",,,,,,,,,,,,,"236","5","798","172","7","0",,"2","1FFFFF","1AAAAAAAA1AAAA","4",,,,,,,
"2200638","2017-09-06T03:01:00","25.91","-137.08",,,"1","4","2","5",,,"11",,,,,,,,,,,,"8",,,,,"9","250",,,,,,,,,,,,,"236","57","798","172","7","0",,"2","1FFFFF","1AAAAAAAA1AAAA","4",,,,,,,
"2100901","2017-09-06T03:50:00","20.90","-136.82",,,"1","4","2","5",,,"11",,,,,,,,,"10153",,,"8",,,,,"9","250",,,,,,,,,,,,,"236","6","798","172","7","1","2","1","1FFF1F","1AAAA1AAA1AAAA","4",,,,,,,
"2100530","2017-09-06T04:00:00","26.54","-131.67",,,"1","4","2","5",,,"11",,,,,,,,,"10173",,,"8",,,,,"9","235",,,,,,,,,,,,,"236","61","798","172","7","1","2","1","1FFF1F","1AAAA1AAA1AAAA","4",,,,,,,
"4600623","2017-09-06T04:00:00","22.32","-136.39",,,"1","3","2","5",,,"11",,,,,,,,,,,,,,,,,,,,,,,,,,,,,,,"236","26","798","172","7","1","2","1","FFFFFF","1AAAAAAAAAAAAA","4",,,,,,,
"4600770","2017-09-06T04:00:00","25.21","-132.74",,,"1","4","2","5",,,"11",,,,,,,,,"10164",,,"8",,,,,"9","236",,,,,,,,,,,,,"236","52","798","172","7","1","2","1","1FFF1F","1AAAA1AAA1AAAA","4",,,,,,,
"2200638","2017-09-06T04:01:00","25.91","-137.07",,,"1","4","2","5",,,"11",,,,,,,,,,,,"8",,,,,"9","249",,,,,,,,,,,,,"236","57","798","172","7","0",,"1","1FFFFF","1AAAAAAAA1AAAA","4",,,,,,,
"4601544","2017-09-06T04:02:00","20.33","-135.95",,,"1","4","2","5",,,"11",,,,,,,,,,,,"8",,,,,"9","257",,,,,,,,,,,,,"236","5","798","172","7","0",,"1","1FFFFF","1AAAAAAAA1AAAA","4",,,,,,,
"2100901","2017-09-06T04:50:00","20.90","-136.82",,,"1","4","2","5",,,"11",,,,,,,,,"10159",,,"8",,,,,"9","250",,,,,,,,,,,,,"236","6","798","172","7","1","2","1","1FFF1F","1AAAA1AAA1AAAA","4",,,,,,,
"2100530","2017-09-06T05:00:00","26.54","-131.69",,,"1","4","2","5",,,"11",,,,,,,,,"10181",,,"8",,,,,"9","234",,,,,,,,,,,,,"236","61","798","172","7","1","2","1","1FFF1F","1AAAA1AAA1AAAA","4",,,,,,,
"4600623","2017-09-06T05:00:00","22.30","-136.40",,,"1","3","2","5",,,"11",,,,,,,,,,,,,,,,,,,,,,,,,,,,,,,"236","26","798","172","7","1","2","1","FFFFFF","1AAAAAAAAAAAAA","4",,,,,,,
"4600770","2017-09-06T05:00:00","25.21","-132.74",,,"1","4","2","5",,,"11",,,,,,,,,"10173",,,"8",,,,,"9","235",,,,,,,,,,,,,"236","52","798","172","7","1","2","1","1FFF1F","1AAAA1AAA1AAAA","4",,,,,,,
"4601544","2017-09-06T05:30:00","20.33","-135.95",,,"1","4","2","5",,,"11",,,,,,,,,,,,"8",,,,,"9","257",,,,,,,,,,,,,"236","5","798","172","7","0",,"1","1FFFFF","1AAAAAAAA1AAAA","4",,,,,,,
"2100901","2017-09-06T05:50:00","20.90","-136.83",,,"1","4","2","5",,,"11",,,,,,,,,"10168",,,"8",,,,,"9","249",,,,,,,,,,,,,"236","6","798","172","7","1","2","1","1FFF1F","1AAAA1AAA1AAAA","4",,,,,,,
"4600059","2017-09-06T05:50:00","28.30","-135.90",,,"1","3","2","5",,,"11","0","340","1","30",,,,,"10182",,,,,,,,,,,,,,,,,"13","3",,"13","3","236","85","798","172","6","1","2","1","FF11FF","11AAAAAAAAAAAA",,,"6",,,,,"4"
"2100530","2017-09-06T06:00:00","26.54","-131.69",,,"1","4","2","5",,,"11",,,,,,,,,"10184",,,"8",,,,,"9","234",,,,,,,,,,,,,"236","61","798","172","7","1","2","1","1FFF1F","1AAAA1AAA1AAAA","4",,,,,,,
"4600623","2017-09-06T06:00:00","22.31","-136.39",,,"1","3","2","5",,,"11",,,,,,,,,,,,,,,,,,,,,,,,,,,,,,,"236","26","798","172","7","1","2","1","FFFFFF","1AAAAAAAAAAAAA","4",,,,,,,
"4600770","2017-09-06T06:00:00","25.20","-132.75",,,"1","4","2","5",,,"11",,,,,,,,,"10179",,,"8",,,,,"9","234",,,,,,,,,,,,,"236","52","798","172","7","1","2","1","1FFF1F","1AAAA1AAA1AAAA","4",,,,,,,
"4601544","2017-09-06T06:00:00","20.33","-135.95",,,"1","4","2","5",,,"11",,,,,,,,,,,,"8",,,,,"9","257",,,,,,,,,,,,,"236","5","798","172","7","0",,"1","1FFFFF","1AAAAAAAA1AAAA","4",,,,,,,
"2200638","2017-09-06T06:01:00","25.90","-137.06",,,"1","4","2","5",,,"11",,,,,,,,,,,,"8",,,,,"9","246",,,,,,,,,,,,,"236","57","798","172","7","0",,"1","1FFFFF","1AAAAAAAA1AAAA","4",,,,,,,
"4601544","2017-09-06T06:30:00","20.33","-135.96",,,"1","4","2","5",,,"11",,,,,,,,,,,,"8",,,,,"9","256",,,,,,,,,,,,,"236","5","798","172","7","0",,"1","1FFFFF","1AAAAAAAA1AAAA","4",,,,,,,
"2100901","2017-09-06T06:50:00","20.90","-136.84",,,"1","4","2","5",,,"11",,,,,,,,,"10174",,,"8",,,,,"9","249",,,,,,,,,,,,,"236","6","798","172","7","1","2","1","1FFF1F","1AAAA1AAA1AAAA","4",,,,,,,
"2100530","2017-09-06T07:00:00","26.53","-131.70",,,"1","4","2","5",,,"11",,,,,,,,,"10185",,,"8",,,,,"9","234",,,,,,,,,,,,,"236","61","798","172","7","1","2","1","1FFF1F","1AAAA1AAA1AAAA","4",,,,,,,
"4600623","2017-09-06T07:00:00","22.30","-136.42",,,"1","3","2","5",,,"11",,,,,,,,,,,,,,,,,,,,,,,,,,,,,,,"236","26","798","172","7","1","2","1","FFFFFF","1AAAAAAAAAAAAA","4",,,,,,,
"4600770","2017-09-06T07:00:00","25.19","-132.77",,,"1","4","2","5",,,"11",,,,,,,,,"10181",,,"8",,,,,"9","234",,,,,,,,,,,,,"236","52","798","172","7","1","2","1","1FFF1F","1AAAA1AAA1AAAA","4",,,,,,,
"4601544","2017-09-06T07:00:00","20.33","-135.96",,,"1","4","2","5",,,"11",,,,,,,,,,,,"8",,,,,"9","256",,,,,,,,,,,,,"236","5","798","172","7","0",,"1","1FFFFF","1AAAAAAAA1AAAA","4",,,,,,,
"2200638","2017-09-06T07:01:00","25.89","-137.05",,,"1","4","2","5",,,"11",,,,,,,,,,,,"8",,,,,"9","246",,,,,,,,,,,,,"236","57","798","172","7","0",,"1","1FFFFF","1AAAAAAAA1AAAA","4",,,,,,,
"4601544","2017-09-06T07:30:00","20.33","-135.96",,,"1","4","2","5",,,"11",,,,,,,,,,,,"8",,,,,"9","256",,,,,,,,,,,,,"236","5","798","172","7","0",,"1","1FFFFF","1AAAAAAAA1AAAA","4",,,,,,,
"2100530","2017-09-06T08:00:00","26.53","-131.70",,,"1","4","2","5",,,"11",,,,,,,,,"10185",,,"8",,,,,"9","233",,,,,,,,,,,,,"236","61","798","172","7","1","2","1","1FFF1F","1AAAA1AAA1AAAA","4",,,,,,,
"4600623","2017-09-06T08:00:00","22.31","-136.42",,,"1","3","2","5",,,"11",,,,,,,,,,,,,,,,,,,,,,,,,,,,,,,"236","26","798","172","7","1","2","1","FFFFFF","1AAAAAAAAAAAAA","4",,,,,,,
"4600770","2017-09-06T08:00:00","25.19","-132.77",,,"1","4","2","5",,,"11",,,,,,,,,"10181",,,"8",,,,,"9","233",,,,,,,,,,,,,"236","52","798","172","7","1","2","1","1FFF1F","1AAAA1AAA1AAAA","4",,,,,,,
"4601544","2017-09-06T08:00:00","20.33","-135.97",,,"1","4","2","5",,,"11",,,,,,,,,,,,"8",,,,,"9","256",,,,,,,,,,,,,"236","5","798","172","7","0",,"1","1FFFFF","1AAAAAAAA1AAAA","4",,,,,,,
"2200638","2017-09-06T08:01:00","25.89","-137.04",,,"1","4","2","5",,,"11",,,,,,,,,,,,"8",,,,,"9","245",,,,,,,,,,,,,"236","57","798","172","7","0",,"1","1FFFFF","1AAAAAAAA1AAAA","4",,,,,,,
"4601544","2017-09-06T08:30:00","20.33","-135.97",,,"1","4","2","5",,,"11",,,,,,,,,,,,"8",,,,,"9","256",,,,,,,,,,,,,"236","5","798","172","7","0",,"1","1FFFFF","1AAAAAAAA1AAAA","4",,,,,,,
"2100901","2017-09-06T08:50:00","20.90","-136.84",,,"1","4","2","5",,,"11",,,,,,,,,"10173",,,"8",,,,,"9","249",,,,,,,,,,,,,"236","6","798","172","7","1","2","1","1FFF1F","1AAAA1AAA1AAAA","4",,,,,,,
"2100530","2017-09-06T09:00:00","26.53","-131.70",,,"1","4","2","5",,,"11",,,,,,,,,"10183",,,"8",,,,,"9","233",,,,,,,,,,,,,"236","61","798","172","7","1","2","1","1FFF1F","1AAAA1AAA1AAAA","4",,,,,,,
"4600623","2017-09-06T09:00:00","22.31","-136.42",,,"1","3","2","5",,,"11",,,,,,,,,,,,,,,,,,,,,,,,,,,,,,,"236","26","798","172","7","1","2","1","FFFFFF","1AAAAAAAAAAAAA","4",,,,,,,
"4600770","2017-09-06T09:00:00","25.19","-132.77",,,"1","4","2","5",,,"11",,,,,,,,,"10178",,,"8",,,,,"9","233",,,,,,,,,,,,,"236","52","798","172","7","1","2","1","1FFF1F","1AAAA1AAA1AAAA","4",,,,,,,
"4601544","2017-09-06T09:00:00","20.33","-135.97",,,"1","4","2","5",,,"11",,,,,,,,,,,,"8",,,,,"9","256",,,,,,,,,,,,,"236","5","798","172","7","0",,"1","1FFFFF","1AAAAAAAA1AAAA","4",,,,,,,
"2200638","2017-09-06T09:01:00","25.88","-137.04",,,"1","4","2","5",,,"11",,,,,,,,,,,,"8",,,,,"9","244",,,,,,,,,,,,,"236","57","798","172","7","0",,"1","1FFFFF","1AAAAAAAA1AAAA","4",,,,,,,
"4601544","2017-09-06T09:30:00","20.33","-135.97",,,"1","4","2","5",,,"11",,,,,,,,,,,,"8",,,,,"9","256",,,,,,,,,,,,,"236","5","798","172","7","0",,"1","1FFFFF","1AAAAAAAA1AAAA","4",,,,,,,
"2100901","2017-09-06T09:50:00","20.88","-136.86",,,"1","4","2","5",,,"11",,,,,,,,,"10168",,,"8",,,,,"9","249",,,,,,,,,,,,,"236","6","798","172","7","1","2","1","1FFF1F","1AAAA1AAA1AAAA","4",,,,,,,
"2100530","2017-09-06T10:00:00","26.53","-131.70",,,"1","4","2","5",,,"11",,,,,,,,,"10179",,,"8",,,,,"9","232",,,,,,,,,,,,,"236","61","798","172","7","1","2","1","1FFF1F","1AAAA1AAA1AAAA","4",,,,,,,
"4600623","2017-09-06T10:00:00","22.29","-136.45",,,"1","3","2","5",,,"11",,,,,,,,,,,,,,,,,,,,,,,,,,,,,,,"236","26","798","172","7","1","2","1","FFFFFF","1AAAAAAAAAAAAA","4",,,,,,,
"4600770","2017-09-06T10:00:00","25.17","-132.79",,,"1","4","2","5",,,"11",,,,,,,,,"10175",,,"8",,,,,"9","233",,,,,,,,,,,,,"236","52","798","172","7","1","2","1","1FFF1F","1AAAA1AAA1AAAA","4",,,,,,,
"4601544","2017-09-06T10:00:00","20.33","-135.98",,,"1","4","2","5",,,"11",,,,,,,,,,,,"8",,,,,"9","256",,,,,,,,,,,,,"236","5","798","172","7","0",,"1","1FFFFF","1AAAAAAAA1AAAA","4",,,,,,,
"2200638","2017-09-06T10:01:00","25.86","-137.03",,,"1","4","2","5",,,"11",,,,,,,,,,,,"8",,,,,"9","244",,,,,,,,,,,,,"236","57","798","172","7","0",,"1","1FFFFF","1AAAAAAAA1AAAA","4",,,,,,,
"4601544","2017-09-06T10:30:00","20.33","-135.98",,,"1","4","2","5",,,"11",,,,,,,,,,,,"8",,,,,"9","255",,,,,,,,,,,,,"236","5","798","172","7","0",,"1","1FFFFF","1AAAAAAAA1AAAA","4",,,,,,,
"2100901","2017-09-06T10:50:00","20.88","-136.86",,,"1","4","2","5",,,"11",,,,,,,,,"10164",,,"8",,,,,"9","248",,,,,,,,,,,,,"236","6","798","172","7","1","2","1","1FFF1F","1AAAA1AAA1AAAA","4",,,,,,,
"2100530","2017-09-06T11:00:00","26.54","-131.71",,,"1","4","2","5",,,"11",,,,,,,,,"10177",,,"8",,,,,"9","232",,,,,,,,,,,,,"236","61","798","172","7","1","2","1","1FFF1F","1AAAA1AAA1AAAA","4",,,,,,,
"4600623","2017-09-06T11:00:00","22.31","-136.42",,,"1","3","2","5",,,"11",,,,,,,,,,,,,,,,,,,,,,,,,,,,,,,"236","26","798","172","7","1","2","1","FFFFFF","1AAAAAAAAAAAAA","4",,,,,,,
"4600770","2017-09-06T11:00:00","25.19","-132.77",,,"1","4","2","5",,,"11",,,,,,,,,"10171",,,"8",,,,,"9","232",,,,,,,,,,,,,"236","52","798","172","7","1","2","1","1FFF1F","1AAAA1AAA1AAAA","4",,,,,,,
"4601544","2017-09-06T11:00:00","20.33","-135.98",,,"1","4","2","5",,,"11",,,,,,,,,,,,"8",,,,,"9","255",,,,,,,,,,,,,"236","5","798","172","7","0",,"1","1FFFFF","1AAAAAAAA1AAAA","4",,,,,,,
"2200638","2017-09-06T11:01:00","25.85","-137.04",,,"1","4","2","5",,,"11",,,,,,,,,,,,"8",,,,,"9","244",,,,,,,,,,,,,"236","57","798","172","7","0",,"1","1FFFFF","1AAAAAAAA1AAAA","4",,,,,,,
"4601544","2017-09-06T11:30:00","20.33","-135.98",,,"1","4","2","5",,,"11",,,,,,,,,,,,"8",,,,,"9","255",,,,,,,,,,,,,"236","5","798","172","7","0",,"1","1FFFFF","1AAAAAAAA1AAAA","4",,,,,,,
"2100901","2017-09-06T11:50:00","20.88","-136.86",,,"1","4","2","5",,,"11",,,,,,,,,"10159",,,"8",,,,,"9","248",,,,,,,,,,,,,"236","6","798","172","7","1","2","1","1FFF1F","1AAAA1AAA1AAAA","4",,,,,,,
"4600059","2017-09-06T11:50:00","28.20","-135.80",,,"1","3","2","5",,,"11","0","270","1","40",,,,,"10173",,,,,,,,,,,,,,,,,"15","3",,"15","3","236","85","798","172","6","1","2","1","FF11FF","11AAAAAAAAAAAA",,,"6",,,,,"4"
"2100530","2017-09-06T12:00:00","26.54","-131.71",,,"1","4","2","5",,,"11",,,,,,,,,"10175",,,"8",,,,,"9","231",,,,,,,,,,,,,"236","61","798","172","7","1","2","1","1FFF1F","1AAAA1AAA1AAAA","4",,,,,,,
"4600623","2017-09-06T12:00:00","22.29","-136.45",,,"1","3","2","5",,,"11",,,,,,,,,,,,,,,,,,,,,,,,,,,,,,,"236","26","798","172","7","1","2","1","FFFFFF","1AAAAAAAAAAAAA","4",,,,,,,
"4600770","2017-09-06T12:00:00","25.17","-132.79",,,"1","4","2","5",,,"11",,,,,,,,,"10169",,,"8",,,,,"9","232",,,,,,,,,,,,,"236","52","798","172","7","1","2","1","1FFF1F","1AAAA1AAA1AAAA","4",,,,,,,
"4601544","2017-09-06T12:00:00","20.33","-135.99",,,"1","4","2","5",,,"11",,,,,,,,,,,,"8",,,,,"9","255",,,,,,,,,,,,,"236","5","798","172","7","0",,"1","1FFFFF","1AAAAAAAA1AAAA","4",,,,,,,
"2200638","2017-09-06T12:01:00","25.84","-137.04",,,"1","4","2","5",,,"11",,,,,,,,,,,,"8",,,,,"9","243",,,,,,,,,,,,,"236","57","798","172","7","0",,"1","1FFFFF","1AAAAAAAA1AAAA","4",,,,,,,
"4600059","2017-09-06T12:30:00","28.20","-135.80",,,"1","3","2","5",,,"11","0","250","1","40",,,,,"10172",,,,,,,,,,,,,,,,,,,,,,"236","85","798","172","6","1","2","1","FF11FF","11AAAAAAAAAAAA",,,"6",,,,,"4"
"4601544","2017-09-06T12:30:00","20.33","-135.99",,,"1","4","2","5",,,"11",,,,,,,,,,,,"8",,,,,"9","255",,,,,,,,,,,,,"236","5","798","172","7","0",,"1","1FFFFF","1AAAAAAAA1AAAA","4",,,,,,,
"2100901","2017-09-06T12:50:00","20.88","-136.86",,,"1","4","2","5",,,"11",,,,,,,,,"10154",,,"8",,,,,"9","248",,,,,,,,,,,,,"236","6","798","172","7","1","2","1","1FFF1F","1AAAA1AAA1AAAA","4",,,,,,,
"2100530","2017-09-06T13:00:00","26.54","-131.71",,,"1","4","2","5",,,"11",,,,,,,,,"10176",,,"8",,,,,"9","231",,,,,,,,,,,,,"236","61","798","172","7","1","2","1","1FFF1F","1AAAA1AAA1AAAA","4",,,,,,,
"4600623","2017-09-06T13:00:00","22.29","-136.45",,,"1","3","2","5",,,"11",,,,,,,,,,,,,,,,,,,,,,,,,,,,,,,"236","26","798","172","7","1","2","1","FFFFFF","1AAAAAAAAAAAAA","4",,,,,,,
"4600770","2017-09-06T13:00:00","25.17","-132.79",,,"1","4","2","5",,,"11",,,,,,,,,"10167",,,"8",,,,,"9","231",,,,,,,,,,,,,"236","52","798","172","7","1","2","1","1FFF1F","1AAAA1AAA1AAAA","4",,,,,,,
"4601544","2017-09-06T13:00:00","20.33","-135.99",,,"1","4","2","5",,,"11",,,,,,,,,,,,"8",,,,,"9","255",,,,,,,,,,,,,"236","5","798","172","7","0",,"1","1FFFFF","1AAAAAAAA1AAAA","4",,,,,,,
"2200638","2017-09-06T13:01:00","25.83","-137.04",,,"1","4","2","5",,,"11",,,,,,,,,,,,"8",,,,,"9","243",,,,,,,,,,,,,"236","57","798","172","7","0",,"1","1FFFFF","1AAAAAAAA1AAAA","4",,,,,,,
"4601544","2017-09-06T13:30:00","20.34","-135.99",,,"1","4","2","5",,,"11",,,,,,,,,,,,"8",,,,,"9","255",,,,,,,,,,,,,"236","5","798","172","7","0",,"1","1FFFFF","1AAAAAAAA1AAAA","4",,,,,,,
"2100901","2017-09-06T13:50:00","20.87","-136.86",,,"1","4","2","5",,,"11",,,,,,,,,"10157",,,"8",,,,,"9","248",,,,,,,,,,,,,"236","6","798","172","7","1","2","1","1FFF1F","1AAAA1AAA1AAAA","4",,,,,,,
"2100530","2017-09-06T14:00:00","26.54","-131.71",,,"1","4","2","5",,,"11",,,,,,,,,"10179",,,"8",,,,,"9","231",,,,,,,,,,,,,"236","61","798","172","7","1","2","1","1FFF1F","1AAAA1AAA1AAAA","4",,,,,,,
"4600623","2017-09-06T14:00:00","22.28","-136.45",,,"1","3","2","5",,,"11",,,,,,,,,,,,,,,,,,,,,,,,,,,,,,,"236","26","798","172","7","1","2","1","FFFFFF","1AAAAAAAAAAAAA","4",,,,,,,
"4600770","2017-09-06T14:00:00","25.17","-132.80",,,"1","4","2","5",,,"11",,,,,,,,,"10169",,,"8",,,,,"9","231",,,,,,,,,,,,,"236","52","798","172","7","1","2","1","1FFF1F","1AAAA1AAA1AAAA","4",,,,,,,
"4601544","2017-09-06T14:00:00","20.34","-135.99",,,"1","4","2","5",,,"11",,,,,,,,,,,,"8",,,,,"9","254",,,,,,,,,,,,,"236","5","798","172","7","0",,"1","1FFFFF","1AAAAAAAA1AAAA","4",,,,,,,
"2200638","2017-09-06T14:01:00","25.83","-137.04",,,"1","4","2","5",,,"11",,,,,,,,,,,,"8",,,,,"9","243",,,,,,,,,,,,,"236","57","798","172","7","0",,"1","1FFFFF","1AAAAAAAA1AAAA","4",,,,,,,
"4601544","2017-09-06T14:30:00","20.34","-135.99",,,"1","4","2","5",,,"11",,,,,,,,,,,,"8",,,,,"9","254",,,,,,,,,,,,,"236","5","798","172","7","0",,"1","1FFFFF","1AAAAAAAA1AAAA","4",,,,,,,
"2100901","2017-09-06T14:50:00","20.87","-136.86",,,"1","4","2","5",,,"11",,,,,,,,,"10160",,,"8",,,,,"9","248",,,,,,,,,,,,,"236","6","798","172","7","1","2","1","1FFF1F","1AAAA1AAA1AAAA","4",,,,,,,
"2100530","2017-09-06T15:00:00","26.55","-131.71",,,"1","4","2","5",,,"11",,,,,,,,,"10182",,,"8",,,,,"9","231",,,,,,,,,,,,,"236","61","798","172","7","1","2","2","1FFF1F","1AAAA1AAA1AAAA","4",,,,,,,
"4600623","2017-09-06T15:00:00","22.28","-136.45",,,"1","3","2","5",,,"11",,,,,,,,,,,,,,,,,,,,,,,,,,,,,,,"236","26","798","172","7","1","2","2","FFFFFF","1AAAAAAAAAAAAA","4",,,,,,,
"4600770","2017-09-06T15:00:00","25.17","-132.80",,,"1","4","2","5",,,"11",,,,,,,,,"10174",,,"8",,,,,"9","231",,,,,,,,,,,,,"236","52","798","172","7","1","2","2","1FFF1F","1AAAA1AAA1AAAA","4",,,,,,,
"4601544","2017-09-06T15:00:00","20.34","-135.99",,,"1","4","2","5",,,"11",,,,,,,,,,,,"8",,,,,"9","254",,,,,,,,,,,,,"236","5","798","172","7","0",,"2","1FFFFF","1AAAAAAAA1AAAA","4",,,,,,,
"2200638","2017-09-06T15:01:00","25.82","-137.04",,,"1","4","2","5",,,"11",,,,,,,,,,,,"8",,,,,"9","243",,,,,,,,,,,,,"236","57","798","172","7","0",,"1","1FFFFF","1AAAAAAAA1AAAA","4",,,,,,,
"4601544","2017-09-06T15:30:00","20.34","-135.99",,,"1","4","2","5",,,"11",,,,,,,,,,,,"8",,,,,"9","255",,,,,,,,,,,,,"236","5","798","172","7","0",,"2","1FFFFF","1AAAAAAAA1AAAA","4",,,,,,,
"2100901","2017-09-06T15:50:00","20.86","-136.86",,,"1","4","2","5",,,"11",,,,,,,,,"10163",,,"8",,,,,"9","248",,,,,,,,,,,,,"236","6","798","172","7","1","2","2","1FFF1F","1AAAA1AAA1AAAA","4",,,,,,,
"2100530","2017-09-06T16:00:00","26.54","-131.72",,,"1","4","2","5",,,"11",,,,,,,,,"10186",,,"8",,,,,"9","231",,,,,,,,,,,,,"236","61","798","172","7","1","2","2","1FFF1F","1AAAA1AAA1AAAA","4",,,,,,,
"4600623","2017-09-06T16:00:00","22.27","-136.47",,,"1","3","2","5",,,"11",,,,,,,,,,,,,,,,,,,,,,,,,,,,,,,"236","26","798","172","7","1","2","2","FFFFFF","1AAAAAAAAAAAAA","4",,,,,,,
"4600770","2017-09-06T16:00:00","25.17","-132.80",,,"1","4","2","5",,,"11",,,,,,,,,"10178",,,"8",,,,,"9","231",,,,,,,,,,,,,"236","52","798","172","7","1","2","2","1FFF1F","1AAAA1AAA1AAAA","4",,,,,,,
"4601544","2017-09-06T16:00:00","20.34","-136.00",,,"1","4","2","5",,,"11",,,,,,,,,,,,"8",,,,,"9","254",,,,,,,,,,,,,"236","6","798","172","7","0",,"2","1FFFFF","1AAAAAAAA1AAAA","4",,,,,,,
"2200638","2017-09-06T16:01:00","25.82","-137.04",,,"1","4","2","5",,,"11",,,,,,,,,,,,"8",,,,,"9","242",,,,,,,,,,,,,"236","57","798","172","7","0",,"2","1FFFFF","1AAAAAAAA1AAAA","4",,,,,,,
"4601544","2017-09-06T16:30:00","20.34","-136.00",,,"1","4","2","5",,,"11",,,,,,,,,,,,"8",,,,,"9","254",,,,,,,,,,,,,"236","6","798","172","7","0",,"2","1FFFFF","1AAAAAAAA1AAAA","4",,,,,,,
"2100901","2017-09-06T16:50:00","20.85","-136.87",,,"1","4","2","5",,,"11",,,,,,,,,"10169",,,"8",,,,,"9","248",,,,,,,,,,,,,"236","6","798","172","7","1","2","2","1FFF1F","1AAAA1AAA1AAAA","4",,,,,,,
"2100530","2017-09-06T17:00:00","26.54","-131.72",,,"1","4","2","5",,,"11",,,,,,,,,"10191",,,"8",,,,,"9","232",,,,,,,,,,,,,"236","61","798","172","7","1","2","2","1FFF1F","1AAAA1AAA1AAAA","4",,,,,,,
"4600623","2017-09-06T17:00:00","22.27","-136.47",,,"1","3","2","5",,,"11",,,,,,,,,,,,,,,,,,,,,,,,,,,,,,,"236","26","798","172","7","1","2","2","FFFFFF","1AAAAAAAAAAAAA","4",,,,,,,
"4600770","2017-09-06T17:00:00","25.17","-132.80",,,"1","4","2","5",,,"11",,,,,,,,,"10182",,,"8",,,,,"9","231",,,,,,,,,,,,,"236","52","798","172","7","1","2","2","1FFF1F","1AAAA1AAA1AAAA","4",,,,,,,
"4601544","2017-09-06T17:00:00","20.35","-136.00",,,"1","4","2","5",,,"11",,,,,,,,,,,,"8",,,,,"9","254",,,,,,,,,,,,,"236","6","798","172","7","0",,"2","1FFFFF","1AAAAAAAA1AAAA","4",,,,,,,
"2200638","2017-09-06T17:01:00","25.82","-137.02",,,"1","4","2","5",,,"11",,,,,,,,,,,,"8",,,,,"9","243",,,,,,,,,,,,,"236","57","798","172","7","0",,"2","1FFFFF","1AAAAAAAA1AAAA","4",,,,,,,
"4601544","2017-09-06T17:30:00","20.35","-136.00",,,"1","4","2","5",,,"11",,,,,,,,,,,,"8",,,,,"9","254",,,,,,,,,,,,,"236","6","798","172","7","0",,"2","1FFFFF","1AAAAAAAA1AAAA","4",,,,,,,
"2100901","2017-09-06T17:50:00","20.85","-136.87",,,"1","4","2","5",,,"11",,,,,,,,,"10171",,,"8",,,,,"9","248",,,,,,,,,,,,,"236","6","798","172","7","1","2","2","1FFF1F","1AAAA1AAA1AAAA","4",,,,,,,
"2100530","2017-09-06T18:00:00","26.55","-131.72",,,"1","4","2","5",,,"11",,,,,,,,,"10195",,,"8",,,,,"9","233",,,,,,,,,,,,,"236","61","798","172","7","1","2","2","1FFF1F","1AAAA1AAA1AAAA","4",,,,,,,
"4600770","2017-09-06T18:00:00","25.17","-132.81",,,"1","4","2","5",,,"11",,,,,,,,,"10187",,,"8",,,,,"9","232",,,,,,,,,,,,,"236","52","798","172","7","1","2","2","1FFF1F","1AAAA1AAA1AAAA","4",,,,,,,
"4601544","2017-09-06T18:00:00","20.35","-136.00",,,"1","4","2","5",,,"11",,,,,,,,,,,,"8",,,,,"9","254",,,,,,,,,,,,,"236","6","798","172","7","0",,"2","1FFFFF","1AAAAAAAA1AAAA","4",,,,,,,
"2200638","2017-09-06T18:01:00","25.81","-137.01",,,"1","4","2","5",,,"11",,,,,,,,,,,,"8",,,,,"9","245",,,,,,,,,,,,,"236","57","798","172","7","0",,"2","1FFFFF","1AAAAAAAA1AAAA","4",,,,,,,
"2100901","2017-09-06T18:50:00","20.85","-136.87",,,"1","4","2","5",,,"11",,,,,,,,,"10173",,,"8",,,,,"9","248",,,,,,,,,,,,,"236","6","798","172","7","1","2","2","1FFF1F","1AAAA1AAA1AAAA","4",,,,,,,
"2100530","2017-09-06T19:00:00","26.54","-131.71",,,"1","4","2","5",,,"11",,,,,,,,,"10197",,,"8",,,,,"9","234",,,,,,,,,,,,,"236","61","798","172","7","1","2","2","1FFF1F","1AAAA1AAA1AAAA","4",,,,,,,
"4600623","2017-09-06T19:00:00","22.25","-136.48",,,"1","3","2","5",,,"11",,,,,,,,,,,,,,,,,,,,,,,,,,,,,,,"236","26","798","172","7","1","2","2","FFFFFF","1AAAAAAAAAAAAA","4",,,,,,,
"4600770","2017-09-06T19:00:00","25.17","-132.80",,,"1","4","2","5",,,"11",,,,,,,,,"10190",,,"8",,,,,"9","233",,,,,,,,,,,,,"236","52","798","172","7","1","2","2","1FFF1F","1AAAA1AAA1AAAA","4",,,,,,,
"2200638","2017-09-06T19:01:00","25.81","-137.01",,,"1","4","2","5",,,"11",,,,,,,,,,,,"8",,,,,"9","245",,,,,,,,,,,,,"236","57","798","172","7","0",,"2","1FFFFF","1AAAAAAAA1AAAA","4",,,,,,,
"4601544","2017-09-06T19:04:00","20.36","-136.00",,,"1","4","2","5",,,"11",,,,,,,,,,,,"8",,,,,"9","255",,,,,,,,,,,,,"236","6","798","172","7","0",,"2","1FFFFF","1AAAAAAAA1AAAA","4",,,,,,,
"4601544","2017-09-06T19:32:00","20.36","-136.01",,,"1","4","2","5",,,"11",,,,,,,,,,,,"8",,,,,"9","255",,,,,,,,,,,,,"236","6","798","172","7","0",,"2","1FFFFF","1AAAAAAAA1AAAA","4",,,,,,,
"2100901","2017-09-06T19:50:00","20.84","-136.88",,,"1","4","2","5",,,"11",,,,,,,,,"10171",,,"8",,,,,"9","249",,,,,,,,,,,,,"236","6","798","172","7","1","2","2","1FFF1F","1AAAA1AAA1AAAA","4",,,,,,,
"2100530","2017-09-06T20:00:00","26.55","-131.73",,,"1","4","2","5",,,"11",,,,,,,,,"10197",,,"8",,,,,"9","235",,,,,,,,,,,,,"236","61","798","172","7","1","2","2","1FFF1F","1AAAA1AAA1AAAA","4",,,,,,,
"4600623","2017-09-06T20:00:00","22.25","-136.49",,,"1","3","2","5",,,"11",,,,,,,,,,,,,,,,,,,,,,,,,,,,,,,"236","26","798","172","7","1","2","2","FFFFFF","1AAAAAAAAAAAAA","4",,,,,,,
"4600770","2017-09-06T20:00:00","25.17","-132.81",,,"1","4","2","5",,,"11",,,,,,,,,"10188",,,"8",,,,,"9","237",,,,,,,,,,,,,"236","52","798","172","7","1","2","2","1FFF1F","1AAAA1AAA1AAAA","4",,,,,,,
"2200638","2017-09-06T20:01:00","25.81","-137.01",,,"1","4","2","5",,,"11",,,,,,,,,,,,"8",,,,,"9","246",,,,,,,,,,,,,"236","57","798","172","7","0",,"2","1FFFFF","1AAAAAAAA1AAAA","4",,,,,,,
"4601544","2017-09-06T20:02:00","20.36","-136.01",,,"1","4","2","5",,,"11",,,,,,,,,,,,"8",,,,,"9","255",,,,,,,,,,,,,"236","6","798","172","7","0",,"2","1FFFFF","1AAAAAAAA1AAAA","4",,,,,,,
"4601544","2017-09-06T20:32:00","20.36","-136.01",,,"1","4","2","5",,,"11",,,,,,,,,,,,"8",,,,,"9","256",,,,,,,,,,,,,"236","6","798","172","7","0",,"2","1FFFFF","1AAAAAAAA1AAAA","4",,,,,,,
"2100901","2017-09-06T20:50:00","20.84","-136.88",,,"1","4","2","5",,,"11",,,,,,,,,"10165",,,"8",,,,,"9","250",,,,,,,,,,,,,"236","6","798","172","7","1","2","2","1FFF1F","1AAAA1AAA1AAAA","4",,,,,,,
"2100530","2017-09-06T21:00:00","26.55","-131.73",,,"1","4","2","5",,,"11",,,,,,,,,"10194",,,"8",,,,,"9","236",,,,,,,,,,,,,"236","61","798","172","7","1","2","2","1FFF1F","1AAAA1AAA1AAAA","4",,,,,,,
"4600623","2017-09-06T21:00:00","22.25","-136.49",,,"1","3","2","5",,,"11",,,,,,,,,,,,,,,,,,,,,,,,,,,,,,,"236","26","798","172","7","1","2","2","FFFFFF","1AAAAAAAAAAAAA","4",,,,,,,
"4600770","2017-09-06T21:00:00","25.17","-132.81",,,"1","4","2","5",,,"11",,,,,,,,,"10183",,,"8",,,,,"9","240",,,,,,,,,,,,,"236","52","798","172","7","1","2","2","1FFF1F","1AAAA1AAA1AAAA","4",,,,,,,
"2200638","2017-09-06T21:01:00","25.81","-137.01",,,"1","4","2","5",,,"11",,,,,,,,,,,,"8",,,,,"9","247",,,,,,,,,,,,,"236","57","798","172","7","0",,"2","1FFFFF","1AAAAAAAA1AAAA","4",,,,,,,
"4601544","2017-09-06T21:02:00","20.36","-136.01",,,"1","4","2","5",,,"11",,,,,,,,,,,,"8",,,,,"9","256",,,,,,,,,,,,,"236","6","798","172","7","0",,"2","1FFFFF","1AAAAAAAA1AAAA","4",,,,,,,
"4601544","2017-09-06T21:32:00","20.37","-136.01",,,"1","4","2","5",,,"11",,,,,,,,,,,,"8",,,,,"9","256",,,,,,,,,,,,,"236","6","798","172","7","0",,"2","1FFFFF","1AAAAAAAA1AAAA","4",,,,,,,
"2100901","2017-09-06T21:50:00","20.81","-136.90",,,"1","4","2","5",,,"11",,,,,,,,,"10160",,,"8",,,,,"9","251",,,,,,,,,,,,,"236","6","798","172","7","1","2","2","1FFF1F","1AAAA1AAA1AAAA","4",,,,,,,
"2100530","2017-09-06T22:00:00","26.54","-131.73",,,"1","4","2","5",,,"11",,,,,,,,,"10190",,,"8",,,,,"9","236",,,,,,,,,,,,,"236","61","798","172","7","1","2","2","1FFF1F","1AAAA1AAA1AAAA","4",,,,,,,
"4600623","2017-09-06T22:00:00","22.22","-136.50",,,"1","3","2","5",,,"11",,,,,,,,,,,,,,,,,,,,,,,,,,,,,,,"236","26","798","172","7","1","2","2","FFFFFF","1AAAAAAAAAAAAA","4",,,,,,,
"4600770","2017-09-06T22:00:00","25.15","-132.83",,,"1","4","2","5",,,"11",,,,,,,,,"10178",,,"8",,,,,"9","243",,,,,,,,,,,,,"236","52","798","172","7","1","2","2","1FFF1F","1AAAA1AAA1AAAA","4",,,,,,,
"4601544","2017-09-06T22:00:00","20.37","-136.01",,,"1","4","2","5",,,"11",,,,,,,,,,,,"8",,,,,"9","256",,,,,,,,,,,,,"236","6","798","172","7","0",,"2","1FFFFF","1AAAAAAAA1AAAA","4",,,,,,,
"2200638","2017-09-06T22:01:00","25.80","-137.01",,,"1","4","2","5",,,"11",,,,,,,,,,,,"8",,,,,"9","248",,,,,,,,,,,,,"236","57","798","172","7","0",,"2","1FFFFF","1AAAAAAAA1AAAA","4",,,,,,,
"4601544","2017-09-06T22:30:00","20.37","-136.01",,,"1","4","2","5",,,"11",,,,,,,,,,,,"8",,,,,"9","256",,,,,,,,,,,,,"236","6","798","172","7","0",,"2","1FFFFF","1AAAAAAAA1AAAA","4",,,,,,,
"2100901","2017-09-06T22:50:00","20.81","-136.90",,,"1","4","2","5",,,"11",,,,,,,,,"10157",,,"8",,,,,"9","252",,,,,,,,,,,,,"236","6","798","172","7","1","2","2","1FFF1F","1AAAA1AAA1AAAA","4",,,,,,,
"2100530","2017-09-06T23:00:00","26.54","-131.73",,,"1","4","2","5",,,"11",,,,,,,,,"10188",,,"8",,,,,"9","235",,,,,,,,,,,,,"236","61","798","172","7","1","2","2","1FFF1F","1AAAA1AAA1AAAA","4",,,,,,,
"4600623","2017-09-06T23:00:00","22.22","-136.50",,,"1","3","2","5",,,"11",,,,,,,,,,,,,,,,,,,,,,,,,,,,,,,"236","26","798","172","7","1","2","2","FFFFFF","1AAAAAAAAAAAAA","4",,,,,,,
"4600770","2017-09-06T23:00:00","25.15","-132.83",,,"1","4","2","5",,,"11",,,,,,,,,"10174",,,"8",,,,,"9","244",,,,,,,,,,,,,"236","52","798","172","7","1","2","2","1FFF1F","1AAAA1AAA1AAAA","4",,,,,,,
"4601544","2017-09-06T23:00:00","20.37","-136.01",,,"1","4","2","5",,,"11",,,,,,,,,,,,"8",,,,,"9","256",,,,,,,,,,,,,"236","6","798","172","7","0",,"2","1FFFFF","1AAAAAAAA1AAAA","4",,,,,,,
"2200638","2017-09-06T23:01:00","25.80","-137.01",,,"1","4","2","5",,,"11",,,,,,,,,,,,"8",,,,,"9","250",,,,,,,,,,,,,"236","57","798","172","7","0",,"2","1FFFFF","1AAAAAAAA1AAAA","4",,,,,,,
"2100901","2017-09-06T23:50:00","20.81","-136.90",,,"1","4","2","5",,,"11",,,,,,,,,"10154",,,"8",,,,,"9","252",,,,,,,,,,,,,"236","6","798","172","7","1","2","2","1FFF1F","1AAAA1AAA1AAAA","4",,,,,,,
"2100530","2017-09-07T00:00:00","26.54","-131.73",,,"1","4","2","5",,,"11",,,,,,,,,"10186",,,"8",,,,,"9","235",,,,,,,,,,,,,"236","61","798","172","7","1","2","2","1FFF1F","1AAAA1AAA1AAAA","4",,,,,,,
"4600623","2017-09-07T00:00:00","22.22","-136.50",,,"1","3","2","5",,,"11",,,,,,,,,,,,,,,,,,,,,,,,,,,,,,,"236","26","798","172","7","1","2","2","FFFFFF","1AAAAAAAAAAAAA","4",,,,,,,
"4600770","2017-09-07T00:00:00","25.13","-132.83",,,"1","4","2","5",,,"11",,,,,,,,,"10172",,,"8",,,,,"9","243",,,,,,,,,,,,,"236","52","798","172","7","1","2","2","1FFF1F","1AAAA1AAA1AAAA","4",,,,,,,
"2200638","2017-09-07T00:01:00","25.79","-137.01",,,"1","4","2","5",,,"11",,,,,,,,,,,,"8",,,,,"9","251",,,,,,,,,,,,,"236","57","798","172","7","0",,"2","1FFFFF","1AAAAAAAA1AAAA","4",,,,,,,
"4601544","2017-09-07T00:02:00","20.37","-136.01",,,"1","4","2","5",,,"11",,,,,,,,,,,,"8",,,,,"9","256",,,,,,,,,,,,,"236","6","798","172","7","0",,"2","1FFFFF","1AAAAAAAA1AAAA","4",,,,,,,
"2100901","2017-09-07T00:50:00","20.79","-136.91",,,"1","4","2","5",,,"11",,,,,,,,,"10154",,,"8",,,,,"9","252",,,,,,,,,,,,,"236","6","798","172","7","1","2","2","1FFF1F","1AAAA1AAA1AAAA","4",,,,,,,
"2100530","2017-09-07T01:00:00","26.53","-131.73",,,"1","4","2","5",,,"11",,,,,,,,,"10185",,,"8",,,,,"9","235",,,,,,,,,,,,,"236","61","798","172","7","1","2","2","1FFF1F","1AAAA1AAA1AAAA","4",,,,,,,
"4600623","2017-09-07T01:00:00","22.20","-136.51",,,"1","3","2","5",,,"11",,,,,,,,,,,,,,,,,,,,,,,,,,,,,,,"236","26","798","172","7","1","2","2","FFFFFF","1AAAAAAAAAAAAA","4",,,,,,,
"4600770","2017-09-07T01:00:00","25.13","-132.83",,,"1","4","2","5",,,"11",,,,,,,,,"10173",,,"8",,,,,"9","241",,,,,,,,,,,,,"236","52","798","172","7","1","2","2","1FFF1F","1AAAA1AAA1AAAA","4",,,,,,,
"2200638","2017-09-07T01:01:00","25.78","-137.01",,,"1","4","2","5",,,"11",,,,,,,,,,,,"8",,,,,"9","249",,,,,,,,,,,,,"236","57","798","172","7","0",,"2","1FFFFF","1AAAAAAAA1AAAA","4",,,,,,,
"4601544","2017-09-07T01:02:00","20.37","-136.01",,,"1","4","2","5",,,"11",,,,,,,,,,,,"8",,,,,"9","256",,,,,,,,,,,,,"236","6","798","172","7","0",,"2","1FFFFF","1AAAAAAAA1AAAA","4",,,,,,,
"4601544","2017-09-07T01:32:00","20.37","-136.01",,,"1","4","2","5",,,"11",,,,,,,,,,,,"8",,,,,"9","256",,,,,,,,,,,,,"236","6","798","172","7","0",,"2","1FFFFF","1AAAAAAAA1AAAA","4",,,,,,,
"2100901","2017-09-07T01:50:00","20.79","-136.91",,,"1","4","2","5",,,"11",,,,,,,,,"10155",,,"8",,,,,"9","252",,,,,,,,,,,,,"236","6","798","172","7","1","2","2","1FFF1F","1AAAA1AAA1AAAA","4",,,,,,,
"2100530","2017-09-07T02:00:00","26.53","-131.74",,,"1","4","2","5",,,"11",,,,,,,,,"10187",,,"8",,,,,"9","234",,,,,,,,,,,,,"236","61","798","172","7","1","2","2","1FFF1F","1AAAA1AAA1AAAA","4",,,,,,,
"4600623","2017-09-07T02:00:00","22.20","-136.51",,,"1","3","2","5",,,"11",,,,,,,,,,,,,,,,,,,,,,,,,,,,,,,"236","26","798","172","7","1","2","2","FFFFFF","1AAAAAAAAAAAAA","4",,,,,,,
"4600770","2017-09-07T02:00:00","25.13","-132.84",,,"1","4","2","5",,,"11",,,,,,,,,"10172",,,"8",,,,,"9","239",,,,,,,,,,,,,"236","52","798","172","7","1","2","2","1FFF1F","1AAAA1AAA1AAAA","4",,,,,,,
"2200638","2017-09-07T02:01:00","25.78","-137.01",,,"1","4","2","5",,,"11",,,,,,,,,,,,"8",,,,,"9","249",,,,,,,,,,,,,"236","57","798","172","7","0",,"2","1FFFFF","1AAAAAAAA1AAAA","4",,,,,,,
"4601544","2017-09-07T02:32:00","20.37","-136.01",,,"1","4","2","5",,,"11",,,,,,,,,,,,"8",,,,,"9","256",,,,,,,,,,,,,"236","6","798","172","7","0",,"2","1FFFFF","1AAAAAAAA1AAAA","4",,,,,,,
"2100901","2017-09-07T02:50:00","20.78","-136.92",,,"1","4","2","5",,,"11",,,,,,,,,"10157",,,"8",,,,,"9","252",,,,,,,,,,,,,"236","6","798","172","7","1","2","2","1FFF1F","1AAAA1AAA1AAAA","4",,,,,,,
"2100530","2017-09-07T03:00:00","26.52","-131.74",,,"1","4","2","5",,,"11",,,,,,,,,"10190",,,"8",,,,,"9","234",,,,,,,,,,,,,"236","61","798","172","7","1","2","1","1FFF1F","1AAAA1AAA1AAAA","4",,,,,,,
"4600623","2017-09-07T03:00:00","22.18","-136.51",,,"1","3","2","5",,,"11",,,,,,,,,,,,,,,,,,,,,,,,,,,,,,,"236","26","798","172","7","1","2","2","FFFFFF","1AAAAAAAAAAAAA","4",,,,,,,
"4600770","2017-09-07T03:00:00","25.13","-132.83",,,"1","4","2","5",,,"11",,,,,,,,,"10175",,,"8",,,,,"9","239",,,,,,,,,,,,,"236","52","798","172","7","1","2","1","1FFF1F","1AAAA1AAA1AAAA","4",,,,,,,
"4601544","2017-09-07T03:00:00","20.37","-136.01",,,"1","4","2","5",,,"11",,,,,,,,,,,,"8",,,,,"9","255",,,,,,,,,,,,,"236","6","798","172","7","0",,"2","1FFFFF","1AAAAAAAA1AAAA","4",,,,,,,
"2200638","2017-09-07T03:01:00","25.78","-137.01",,,"1","4","2","5",,,"11",,,,,,,,,,,,"8",,,,,"9","248",,,,,,,,,,,,,"236","57","798","172","7","0",,"2","1FFFFF","1AAAAAAAA1AAAA","4",,,,,,,
"4601544","2017-09-07T03:30:00","20.37","-136.01",,,"1","4","2","5",,,"11",,,,,,,,,,,,"8",,,,,"9","255",,,,,,,,,,,,,"236","6","798","172","7","0",,"1","1FFFFF","1AAAAAAAA1AAAA","4",,,,,,,
"2100901","2017-09-07T03:50:00","20.77","-136.93",,,"1","4","2","5",,,"11",,,,,,,,,"10164",,,"8",,,,,"9","251",,,,,,,,,,,,,"236","6","798","172","7","1","2","1","1FFF1F","1AAAA1AAA1AAAA","4",,,,,,,
"2100530","2017-09-07T04:00:00","26.52","-131.74",,,"1","4","2","5",,,"11",,,,,,,,,"10195",,,"8",,,,,"9","233",,,,,,,,,,,,,"236","61","798","172","7","1","2","1","1FFF1F","1AAAA1AAA1AAAA","4",,,,,,,
"4600623","2017-09-07T04:00:00","22.17","-136.53",,,"1","3","2","5",,,"11",,,,,,,,,,,,,,,,,,,,,,,,,,,,,,,"236","26","798","172","7","1","2","1","FFFFFF","1AAAAAAAAAAAAA","4",,,,,,,
"4600770","2017-09-07T04:00:00","25.12","-132.84",,,"1","4","2","5",,,"11",,,,,,,,,"10181",,,"8",,,,,"9","238",,,,,,,,,,,,,"236","52","798","172","7","1","2","1","1FFF1F","1AAAA1AAA1AAAA","4",,,,,,,
"4601544","2017-09-07T04:00:00","20.37","-136.01",,,"1","4","2","5",,,"11",,,,,,,,,,,,"8",,,,,"9","255",,,,,,,,,,,,,"236","6","798","172","7","0",,"1","1FFFFF","1AAAAAAAA1AAAA","4",,,,,,,
"2200638","2017-09-07T04:01:00","25.77","-137.01",,,"1","4","2","5",,,"11",,,,,,,,,,,,"8",,,,,"9","247",,,,,,,,,,,,,"236","57","798","172","7","0",,"1","1FFFFF","1AAAAAAAA1AAAA","4",,,,,,,
"4601544","2017-09-07T04:30:00","20.37","-136.01",,,"1","4","2","5",,,"11",,,,,,,,,,,,"8",,,,,"9","255",,,,,,,,,,,,,"236","6","798","172","7","0",,"1","1FFFFF","1AAAAAAAA1AAAA","4",,,,,,,
"2100901","2017-09-07T04:50:00","20.77","-136.93",,,"1","4","2","5",,,"11",,,,,,,,,"10170",,,"8",,,,,"9","251",,,,,,,,,,,,,"236","6","798","172","7","1","2","1","1FFF1F","1AAAA1AAA1AAAA","4",,,,,,,
"2100530","2017-09-07T05:00:00","26.52","-131.75",,,"1","4","2","5",,,"11",,,,,,,,,"10199",,,"8",,,,,"9","233",,,,,,,,,,,,,"236","61","798","172","7","1","2","1","1FFF1F","1AAAA1AAA1AAAA","4",,,,,,,
"4600623","2017-09-07T05:00:00","22.17","-136.53",,,"1","3","2","5",,,"11",,,,,,,,,,,,,,,,,,,,,,,,,,,,,,,"236","26","798","172","7","1","2","1","FFFFFF","1AAAAAAAAAAAAA","4",,,,,,,
"4600770","2017-09-07T05:00:00","25.12","-132.84",,,"1","4","2","5",,,"11",,,,,,,,,"10188",,,"8",,,,,"9","237",,,,,,,,,,,,,"236","52","798","172","7","1","2","1","1FFF1F","1AAAA1AAA1AAAA","4",,,,,,,
"4601544","2017-09-07T05:00:00","20.37","-136.01",,,"1","4","2","5",,,"11",,,,,,,,,,,,"8",,,,,"9","254",,,,,,,,,,,,,"236","6","798","172","7","0",,"1","1FFFFF","1AAAAAAAA1AAAA","4",,,,,,,
"2200638","2017-09-07T05:01:00","25.77","-137.00",,,"1","4","2","5",,,"11",,,,,,,,,,,,"8",,,,,"9","247",,,,,,,,,,,,,"236","57","798","172","7","0",,"1","1FFFFF","1AAAAAAAA1AAAA","4",,,,,,,
"4601544","2017-09-07T05:30:00","20.37","-136.01",,,"1","4","2","5",,,"11",,,,,,,,,,,,"8",,,,,"9","254",,,,,,,,,,,,,"236","6","798","172","7","0",,"1","1FFFFF","1AAAAAAAA1AAAA","4",,,,,,,
"2100901","2017-09-07T05:50:00","20.76","-136.94",,,"1","4","2","5",,,"11",,,,,,,,,"10178",,,"8",,,,,"9","250",,,,,,,,,,,,,"236","6","798","172","7","1","2","1","1FFF1F","1AAAA1AAA1AAAA","4",,,,,,,
"2100530","2017-09-07T06:00:00","26.51","-131.76",,,"1","4","2","5",,,"11",,,,,,,,,"10204",,,"8",,,,,"9","233",,,,,,,,,,,,,"236","61","798","172","7","1","2","1","1FFF1F","1AAAA1AAA1AAAA","4",,,,,,,
"4600623","2017-09-07T06:00:00","22.16","-136.56",,,"1","3","2","5",,,"11",,,,,,,,,,,,,,,,,,,,,,,,,,,,,,,"236","26","798","172","7","1","2","1","FFFFFF","1AAAAAAAAAAAAA","4",,,,,,,
"4600770","2017-09-07T06:00:00","25.11","-132.85",,,"1","4","2","5",,,"11",,,,,,,,,"10193",,,"8",,,,,"9","236",,,,,,,,,,,,,"236","52","798","172","7","1","2","1","1FFF1F","1AAAA1AAA1AAAA","4",,,,,,,
"4601544","2017-09-07T06:00:00","20.37","-136.01",,,"1","4","2","5",,,"11",,,,,,,,,,,,"8",,,,,"9","254",,,,,,,,,,,,,"236","6","798","172","7","0",,"1","1FFFFF","1AAAAAAAA1AAAA","4",,,,,,,
"2200638","2017-09-07T06:01:00","25.76","-137.00",,,"1","4","2","5",,,"11",,,,,,,,,,,,"8",,,,,"9","246",,,,,,,,,,,,,"236","57","798","172","7","0",,"1","1FFFFF","1AAAAAAAA1AAAA","4",,,,,,,
"4601544","2017-09-07T06:30:00","20.37","-136.01",,,"1","4","2","5",,,"11",,,,,,,,,,,,"8",,,,,"9","254",,,,,,,,,,,,,"236","6","798","172","7","0",,"1","1FFFFF","1AAAAAAAA1AAAA","4",,,,,,,
"2100901","2017-09-07T06:50:00","20.75","-136.95",,,"1","4","2","5",,,"11",,,,,,,,,"10182",,,"8",,,,,"9","250",,,,,,,,,,,,,"236","6","798","172","7","1","2","1","1FFF1F","1AAAA1AAA1AAAA","4",,,,,,,
"4600623","2017-09-07T07:00:00","22.16","-136.56",,,"1","3","2","5",,,"11",,,,,,,,,,,,,,,,,,,,,,,,,,,,,,,"236","26","798","172","7","1","2","1","FFFFFF","1AAAAAAAAAAAAA","4",,,,,,,
"4601544","2017-09-07T07:00:00","20.37","-136.02",,,"1","4","2","5",,,"11",,,,,,,,,,,,"8",,,,,"9","254",,,,,,,,,,,,,"236","6","798","172","7","0",,"1","1FFFFF","1AAAAAAAA1AAAA","4",,,,,,,
"2200638","2017-09-07T07:01:00","25.76","-137.00",,,"1","4","2","5",,,"11",,,,,,,,,,,,"8",,,,,"9","245",,,,,,,,,,,,,"236","57","798","172","7","0",,"1","1FFFFF","1AAAAAAAA1AAAA","4",,,,,,,
"4601544","2017-09-07T07:30:00","20.37","-136.02",,,"1","4","2","5",,,"11",,,,,,,,,,,,"8",,,,,"9","254",,,,,,,,,,,,,"236","6","798","172","7","0",,"1","1FFFFF","1AAAAAAAA1AAAA","4",,,,,,,
"2100901","2017-09-07T07:50:00","20.75","-136.96",,,"1","4","2","5",,,"11",,,,,,,,,"10181",,,"8",,,,,"9","250",,,,,,,,,,,,,"236","6","798","172","7","1","2","1","1FFF1F","1AAAA1AAA1AAAA","4",,,,,,,
"2100530","2017-09-07T08:00:00","26.50","-131.77",,,"1","4","2","5",,,"11",,,,,,,,,"10200",,,"8",,,,,"9","231",,,,,,,,,,,,,"236","61","798","172","7","1","2","1","1FFF1F","1AAAA1AAA1AAAA","4",,,,,,,
"4600623","2017-09-07T08:00:00","22.16","-136.56",,,"1","3","2","5",,,"11",,,,,,,,,,,,,,,,,,,,,,,,,,,,,,,"236","26","798","172","7","1","2","1","FFFFFF","1AAAAAAAAAAAAA","4",,,,,,,
"4600770","2017-09-07T08:00:00","25.10","-132.85",,,"1","4","2","5",,,"11",,,,,,,,,"10193",,,"8",,,,,"9","235",,,,,,,,,,,,,"236","52","798","172","7","1","2","1","1FFF1F","1AAAA1AAA1AAAA","4",,,,,,,
"4601544","2017-09-07T08:00:00","20.37","-136.02",,,"1","4","2","5",,,"11",,,,,,,,,,,,"8",,,,,"9","254",,,,,,,,,,,,,"236","6","798","172","7","0",,"1","1FFFFF","1AAAAAAAA1AAAA","4",,,,,,,
"2200638","2017-09-07T08:01:00","25.75","-137.00",,,"1","4","2","5",,,"11",,,,,,,,,,,,"8",,,,,"9","245",,,,,,,,,,,,,"236","57","798","172","7","0",,"1","1FFFFF","1AAAAAAAA1AAAA","4",,,,,,,
"4601544","2017-09-07T08:30:00","20.37","-136.02",,,"1","4","2","5",,,"11",,,,,,,,,,,,"8",,,,,"9","254",,,,,,,,,,,,,"236","6","798","172","7","0",,"1","1FFFFF","1AAAAAAAA1AAAA","4",,,,,,,
"2100901","2017-09-07T08:50:00","20.75","-136.96",,,"1","4","2","5",,,"11",,,,,,,,,"10178",,,"8",,,,,"9","250",,,,,,,,,,,,,"236","6","798","172","7","1","2","1","1FFF1F","1AAAA1AAA1AAAA","4",,,,,,,
"2100530","2017-09-07T09:00:00","26.50","-131.77",,,"1","4","2","5",,,"11",,,,,,,,,"10199",,,"8",,,,,"9","231",,,,,,,,,,,,,"236","61","798","172","7","1","2","1","1FFF1F","1AAAA1AAA1AAAA","4",,,,,,,
"4600623","2017-09-07T09:00:00","22.16","-136.56",,,"1","3","2","5",,,"11",,,,,,,,,,,,,,,,,,,,,,,,,,,,,,,"236","26","798","172","7","1","2","1","FFFFFF","1AAAAAAAAAAAAA","4",,,,,,,
"4600770","2017-09-07T09:00:00","25.10","-132.85",,,"1","4","2","5",,,"11",,,,,,,,,"10189",,,"8",,,,,"9","235",,,,,,,,,,,,,"236","52","798","172","7","1","2","1","1FFF1F","1AAAA1AAA1AAAA","4",,,,,,,
"4601544","2017-09-07T09:00:00","20.37","-136.01",,,"1","4","2","5",,,"11",,,,,,,,,,,,"8",,,,,"9","254",,,,,,,,,,,,,"236","6","798","172","7","0",,"1","1FFFFF","1AAAAAAAA1AAAA","4",,,,,,,
"2200638","2017-09-07T09:01:00","25.74","-137.00",,,"1","4","2","5",,,"11",,,,,,,,,,,,"8",,,,,"9","245",,,,,,,,,,,,,"236","57","798","172","7","0",,"1","1FFFFF","1AAAAAAAA1AAAA","4",,,,,,,
"4601544","2017-09-07T09:30:00","20.37","-136.01",,,"1","4","2","5",,,"11",,,,,,,,,,,,"8",,,,,"9","254",,,,,,,,,,,,,"236","6","798","172","7","0",,"1","1FFFFF","1AAAAAAAA1AAAA","4",,,,,,,
"2100901","2017-09-07T09:50:00","20.73","-137.00",,,"1","4","2","5",,,"11",,,,,,,,,"10170",,,"8",,,,,"9","250",,,,,,,,,,,,,"236","7","798","172","7","1","2","1","1FFF1F","1AAAA1AAA1AAAA","4",,,,,,,
"2100530","2017-09-07T10:00:00","26.50","-131.77",,,"1","4","2","5",,,"11",,,,,,,,,"10195",,,"8",,,,,"9","231",,,,,,,,,,,,,"236","61","798","172","7","1","2","1","1FFF1F","1AAAA1AAA1AAAA","4",,,,,,,
"4600623","2017-09-07T10:00:00","22.14","-136.60",,,"1","3","2","5",,,"11",,,,,,,,,,,,,,,,,,,,,,,,,,,,,,,"236","26","798","172","7","1","2","1","FFFFFF","1AAAAAAAAAAAAA","4",,,,,,,
"4600770","2017-09-07T10:00:00","25.08","-132.88",,,"1","4","2","5",,,"11",,,,,,,,,"10186",,,"8",,,,,"9","234",,,,,,,,,,,,,"236","52","798","172","7","1","2","1","1FFF1F","1AAAA1AAA1AAAA","4",,,,,,,
"4601544","2017-09-07T10:00:00","20.36","-136.02",,,"1","4","2","5",,,"11",,,,,,,,,,,,"8",,,,,"9","254",,,,,,,,,,,,,"236","6","798","172","7","0",,"1","1FFFFF","1AAAAAAAA1AAAA","4",,,,,,,
"2200638","2017-09-07T10:01:00","25.74","-137.00",,,"1","4","2","5",,,"11",,,,,,,,,,,,"8",,,,,"9","245",,,,,,,,,,,,,"236","57","798","172","7","0",,"1","1FFFFF","1AAAAAAAA1AAAA","4",,,,,,,
"4601544","2017-09-07T10:30:00","20.36","-136.02",,,"1","4","2","5",,,"11",,,,,,,,,,,,"8",,,,,"9","253",,,,,,,,,,,,,"236","6","798","172","7","0",,"1","1FFFFF","1AAAAAAAA1AAAA","4",,,,,,,
"2100901","2017-09-07T10:50:00","20.75","-136.96",,,"1","4","2","5",,,"11",,,,,,,,,"10166",,,"8",,,,,"9","250",,,,,,,,,,,,,"236","6","798","172","7","1","2","1","1FFF1F","1AAAA1AAA1AAAA","4",,,,,,,
"2100530","2017-09-07T11:00:00","26.50","-131.80",,,"1","4","2","5",,,"11",,,,,,,,,"10192",,,"8",,,,,"9","230",,,,,,,,,,,,,"236","61","798","172","7","1","2","1","1FFF1F","1AAAA1AAA1AAAA","4",,,,,,,
"4600623","2017-09-07T11:00:00","22.16","-136.56",,,"1","3","2","5",,,"11",,,,,,,,,,,,,,,,,,,,,,,,,,,,,,,"236","26","798","172","7","1","2","1","FFFFFF","1AAAAAAAAAAAAA","4",,,,,,,
"4600770","2017-09-07T11:00:00","25.10","-132.85",,,"1","4","2","5",,,"11",,,,,,,,,"10182",,,"8",,,,,"9","234",,,,,,,,,,,,,"236","52","798","172","7","1","2","1","1FFF1F","1AAAA1AAA1AAAA","4",,,,,,,
"4601544","2017-09-07T11:00:00","20.36","-136.02",,,"1","4","2","5",,,"11",,,,,,,,,,,,"8",,,,,"9","254",,,,,,,,,,,,,"236","6","798","172","7","0",,"1","1FFFFF","1AAAAAAAA1AAAA","4",,,,,,,
"2200638","2017-09-07T11:01:00","25.73","-137.00",,,"1","4","2","5",,,"11",,,,,,,,,,,,"8",,,,,"9","244",,,,,,,,,,,,,"236","57","798","172","7","0",,"1","1FFFFF","1AAAAAAAA1AAAA","4",,,,,,,
"4601544","2017-09-07T11:30:00","20.36","-136.02",,,"1","4","2","5",,,"11",,,,,,,,,,,,"8",,,,,"9","253",,,,,,,,,,,,,"236","6","798","172","7","0",,"1","1FFFFF","1AAAAAAAA1AAAA","4",,,,,,,
"2100901","2017-09-07T11:50:00","20.73","-137.00",,,"1","4","2","5",,,"11",,,,,,,,,"10164",,,"8",,,,,"9","250",,,,,,,,,,,,,"236","7","798","172","7","1","2","1","1FFF1F","1AAAA1AAA1AAAA","4",,,,,,,
"2100530","2017-09-07T12:00:00","26.50","-131.80",,,"1","4","2","5",,,"11",,,,,,,,,"10192",,,"8",,,,,"9","230",,,,,,,,,,,,,"236","61","798","172","7","1","2","1","1FFF1F","1AAAA1AAA1AAAA","4",,,,,,,
"4600623","2017-09-07T12:00:00","22.14","-136.60",,,"1","3","2","5",,,"11",,,,,,,,,,,,,,,,,,,,,,,,,,,,,,,"236","26","798","172","7","1","2","1","FFFFFF","1AAAAAAAAAAAAA","4",,,,,,,
"4600770","2017-09-07T12:00:00","25.08","-132.88",,,"1","4","2","5",,,"11",,,,,,,,,"10181",,,"8",,,,,"9","234",,,,,,,,,,,,,"236","52","798","172","7","1","2","1","1FFF1F","1AAAA1AAA1AAAA","4",,,,,,,
"4601544","2017-09-07T12:00:00","20.35","-136.02",,,"1","4","2","5",,,"11",,,,,,,,,,,,"8",,,,,"9","253",,,,,,,,,,,,,"236","6","798","172","7","0",,"1","1FFFFF","1AAAAAAAA1AAAA","4",,,,,,,
"2200638","2017-09-07T12:01:00","25.72","-137.00",,,"1","4","2","5",,,"11",,,,,,,,,,,,"8",,,,,"9","245",,,,,,,,,,,,,"236","57","798","172","7","0",,"1","1FFFFF","1AAAAAAAA1AAAA","4",,,,,,,
"4601544","2017-09-07T12:30:00","20.35","-136.02",,,"1","4","2","5",,,"11",,,,,,,,,,,,"8",,,,,"9","253",,,,,,,,,,,,,"236","6","798","172","7","0",,"1","1FFFFF","1AAAAAAAA1AAAA","4",,,,,,,
"2100901","2017-09-07T12:50:00","20.73","-137.00",,,"1","4","2","5",,,"11",,,,,,,,,"10165",,,"8",,,,,"9","250",,,,,,,,,,,,,"236","7","798","172","7","1","2","1","1FFF1F","1AAAA1AAA1AAAA","4",,,,,,,
"2100530","2017-09-07T13:00:00","26.50","-131.81",,,"1","4","2","5",,,"11",,,,,,,,,"10193",,,"8",,,,,"9","230",,,,,,,,,,,,,"236","61","798","172","7","1","2","1","1FFF1F","1AAAA1AAA1AAAA","4",,,,,,,
"4600623","2017-09-07T13:00:00","22.14","-136.60",,,"1","3","2","5",,,"11",,,,,,,,,,,,,,,,,,,,,,,,,,,,,,,"236","26","798","172","7","1","2","1","FFFFFF","1AAAAAAAAAAAAA","4",,,,,,,
"4600770","2017-09-07T13:00:00","25.07","-132.88",,,"1","4","2","5",,,"11",,,,,,,,,"10181",,,"8",,,,,"9","234",,,,,,,,,,,,,"236","52","798","172","7","1","2","1","1FFF1F","1AAAA1AAA1AAAA","4",,,,,,,
"4601544","2017-09-07T13:00:00","20.35","-136.03",,,"1","4","2","5",,,"11",,,,,,,,,,,,"8",,,,,"9","253",,,,,,,,,,,,,"236","6","798","172","7","0",,"1","1FFFFF","1AAAAAAAA1AAAA","4",,,,,,,
"2200638","2017-09-07T13:01:00","25.72","-137.00",,,"1","4","2","5",,,"11",,,,,,,,,,,,"8",,,,,"9","244",,,,,,,,,,,,,"236","57","798","172","7","0",,"1","1FFFFF","1AAAAAAAA1AAAA","4",,,,,,,
"4601544","2017-09-07T13:30:00","20.35","-136.03",,,"1","4","2","5",,,"11",,,,,,,,,,,,"8",,,,,"9","253",,,,,,,,,,,,,"236","6","798","172","7","0",,"1","1FFFFF","1AAAAAAAA1AAAA","4",,,,,,,
"2100901","2017-09-07T13:50:00","20.72","-137.01",,,"1","4","2","5",,,"11",,,,,,,,,"10164",,,"8",,,,,"9","250",,,,,,,,,,,,,"236","7","798","172","7","1","2","1","1FFF1F","1AAAA1AAA1AAAA","4",,,,,,,
"2100530","2017-09-07T14:00:00","26.50","-131.81",,,"1","4","2","5",,,"11",,,,,,,,,"10197",,,"8",,,,,"9","230",,,,,,,,,,,,,"236","61","798","172","7","1","2","1","1FFF1F","1AAAA1AAA1AAAA","4",,,,,,,
"4600623","2017-09-07T14:00:00","22.13","-136.61",,,"1","3","2","5",,,"11",,,,,,,,,,,,,,,,,,,,,,,,,,,,,,,"236","26","798","172","7","1","2","1","FFFFFF","1AAAAAAAAAAAAA","4",,,,,,,
"4600770","2017-09-07T14:00:00","25.08","-132.88",,,"1","4","2","5",,,"11",,,,,,,,,"10185",,,"8",,,,,"9","234",,,,,,,,,,,,,"236","52","798","172","7","1","2","1","1FFF1F","1AAAA1AAA1AAAA","4",,,,,,,
"4601544","2017-09-07T14:00:00","20.35","-136.03",,,"1","4","2","5",,,"11",,,,,,,,,,,,"8",,,,,"9","253",,,,,,,,,,,,,"236","6","798","172","7","0",,"1","1FFFFF","1AAAAAAAA1AAAA","4",,,,,,,
"2200638","2017-09-07T14:01:00","25.71","-137.00",,,"1","4","2","5",,,"11",,,,,,,,,,,,"8",,,,,"9","244",,,,,,,,,,,,,"236","57","798","172","7","0",,"1","1FFFFF","1AAAAAAAA1AAAA","4",,,,,,,
"4601544","2017-09-07T14:30:00","20.35","-136.03",,,"1","4","2","5",,,"11",,,,,,,,,,,,"8",,,,,"9","253",,,,,,,,,,,,,"236","6","798","172","7","0",,"1","1FFFFF","1AAAAAAAA1AAAA","4",,,,,,,
"2100901","2017-09-07T14:50:00","20.72","-137.01",,,"1","4","2","5",,,"11",,,,,,,,,"10169",,,"8",,,,,"9","249",,,,,,,,,,,,,"236","7","798","172","7","1","2","1","1FFF1F","1AAAA1AAA1AAAA","4",,,,,,,
"2100530","2017-09-07T15:00:00","26.51","-131.82",,,"1","4","2","5",,,"11",,,,,,,,,"10198",,,"8",,,,,"9","229",,,,,,,,,,,,,"236","61","798","172","7","1","2","2","1FFF1F","1AAAA1AAA1AAAA","4",,,,,,,
"4600623","2017-09-07T15:00:00","22.13","-136.62",,,"1","3","2","5",,,"11",,,,,,,,,,,,,,,,,,,,,,,,,,,,,,,"236","26","798","172","7","1","2","1","FFFFFF","1AAAAAAAAAAAAA","4",,,,,,,
"4600770","2017-09-07T15:00:00","25.07","-132.88",,,"1","4","2","5",,,"11",,,,,,,,,"10190",,,"8",,,,,"9","233",,,,,,,,,,,,,"236","52","798","172","7","1","2","2","1FFF1F","1AAAA1AAA1AAAA","4",,,,,,,
"4601544","2017-09-07T15:00:00","20.34","-136.04",,,"1","4","2","5",,,"11",,,,,,,,,,,,"8",,,,,"9","252",,,,,,,,,,,,,"236","6","798","172","7","0",,"2","1FFFFF","1AAAAAAAA1AAAA","4",,,,,,,
"2200638","2017-09-07T15:01:00","25.71","-137.00",,,"1","4","2","5",,,"11",,,,,,,,,,,,"8",,,,,"9","244",,,,,,,,,,,,,"236","57","798","172","7","0",,"1","1FFFFF","1AAAAAAAA1AAAA","4",,,,,,,
"4601544","2017-09-07T15:30:00","20.35","-136.04",,,"1","4","2","5",,,"11",,,,,,,,,,,,"8",,,,,"9","252",,,,,,,,,,,,,"236","6","798","172","7","0",,"2","1FFFFF","1AAAAAAAA1AAAA","4",,,,,,,
"2100901","2017-09-07T15:50:00","20.71","-137.03",,,"1","4","2","5",,,"11",,,,,,,,,"10175",,,"8",,,,,"9","249",,,,,,,,,,,,,"236","7","798","172","7","1","2","2","1FFF1F","1AAAA1AAA1AAAA","4",,,,,,,
"2100530","2017-09-07T16:00:00","26.51","-131.82",,,"1","4","2","5",,,"11",,,,,,,,,"10202",,,"8",,,,,"9","229",,,,,,,,,,,,,"236","61","798","172","7","1","2","2","1FFF1F","1AAAA1AAA1AAAA","4",,,,,,,
"4600623","2017-09-07T16:00:00","22.13","-136.62",,,"1","3","2","5",,,"11",,,,,,,,,,,,,,,,,,,,,,,,,,,,,,,"236","26","798","172","7","1","2","2","FFFFFF","1AAAAAAAAAAAAA","4",,,,,,,
"4600770","2017-09-07T16:00:00","25.07","-132.88",,,"1","4","2","5",,,"11",,,,,,,,,"10195",,,"8",,,,,"9","233",,,,,,,,,,,,,"236","52","798","172","7","1","2","2","1FFF1F","1AAAA1AAA1AAAA","4",,,,,,,
"4601544","2017-09-07T16:00:00","20.35","-136.04",,,"1","4","2","5",,,"11",,,,,,,,,,,,"8",,,,,"9","252",,,,,,,,,,,,,"236","6","798","172","7","0",,"2","1FFFFF","1AAAAAAAA1AAAA","4",,,,,,,
"2200638","2017-09-07T16:01:00","25.71","-137.00",,,"1","4","2","5",,,"11",,,,,,,,,,,,"8",,,,,"9","244",,,,,,,,,,,,,"236","57","798","172","7","0",,"2","1FFFFF","1AAAAAAAA1AAAA","4",,,,,,,
"4601544","2017-09-07T16:30:00","20.35","-136.05",,,"1","4","2","5",,,"11",,,,,,,,,,,,"8",,,,,"9","252",,,,,,,,,,,,,"236","6","798","172","7","0",,"2","1FFFFF","1AAAAAAAA1AAAA","4",,,,,,,
"2100901","2017-09-07T16:50:00","20.70","-137.03",,,"1","4","2","5",,,"11",,,,,,,,,"10178",,,"8",,,,,"9","249",,,,,,,,,,,,,"236","7","798","172","7","1","2","2","1FFF1F","1AAAA1AAA1AAAA","4",,,,,,,
"2100530","2017-09-07T17:00:00","26.52","-131.82",,,"1","4","2","5",,,"11",,,,,,,,,"10207",,,"8",,,,,"9","230",,,,,,,,,,,,,"236","61","798","172","7","1","2","2","1FFF1F","1AAAA1AAA1AAAA","4",,,,,,,
"4600623","2017-09-07T17:00:00","22.13","-136.63",,,"1","3","2","5",,,"11",,,,,,,,,,,,,,,,,,,,,,,,,,,,,,,"236","26","798","172","7","1","2","2","FFFFFF","1AAAAAAAAAAAAA","4",,,,,,,
"4600770","2017-09-07T17:00:00","25.07","-132.87",,,"1","4","2","5",,,"11",,,,,,,,,"10202",,,"8",,,,,"9","233",,,,,,,,,,,,,"236","52","798","172","7","1","2","2","1FFF1F","1AAAA1AAA1AAAA","4",,,,,,,
"4601544","2017-09-07T17:00:00","20.35","-136.05",,,"1","4","2","5",,,"11",,,,,,,,,,,,"8",,,,,"9","252",,,,,,,,,,,,,"236","6","798","172","7","0",,"2","1FFFFF","1AAAAAAAA1AAAA","4",,,,,,,
"2200638","2017-09-07T17:01:00","25.70","-137.00",,,"1","4","2","5",,,"11",,,,,,,,,,,,"8",,,,,"9","244",,,,,,,,,,,,,"236","57","798","172","7","0",,"2","1FFFFF","1AAAAAAAA1AAAA","4",,,,,,,
"4601544","2017-09-07T17:30:00","20.35","-136.05",,,"1","4","2","5",,,"11",,,,,,,,,,,,"8",,,,,"9","252",,,,,,,,,,,,,"236","6","798","172","7","0",,"2","1FFFFF","1AAAAAAAA1AAAA","4",,,,,,,
"2100901","2017-09-07T17:50:00","20.70","-137.04",,,"1","4","2","5",,,"11",,,,,,,,,"10182",,,"8",,,,,"9","250",,,,,,,,,,,,,"236","7","798","172","7","1","2","2","1FFF1F","1AAAA1AAA1AAAA","4",,,,,,,
"2100530","2017-09-07T18:00:00","26.52","-131.82",,,"1","4","2","5",,,"11",,,,,,,,,"10209",,,"8",,,,,"9","230",,,,,,,,,,,,,"236","61","798","172","7","1","2","2","1FFF1F","1AAAA1AAA1AAAA","4",,,,,,,
"4600623","2017-09-07T18:00:00","22.14","-136.63",,,"1","3","2","5",,,"11",,,,,,,,,,,,,,,,,,,,,,,,,,,,,,,"236","26","798","172","7","1","2","2","FFFFFF","1AAAAAAAAAAAAA","4",,,,,,,
"4600770","2017-09-07T18:00:00","25.07","-132.86",,,"1","4","2","5",,,"11",,,,,,,,,"10203",,,"8",,,,,"9","235",,,,,,,,,,,,,"236","52","798","172","7","1","2","2","1FFF1F","1AAAA1AAA1AAAA","4",,,,,,,
"4601544","2017-09-07T18:00:00","20.35","-136.06",,,"1","4","2","5",,,"11",,,,,,,,,,,,"8",,,,,"9","253",,,,,,,,,,,,,"236","6","798","172","7","0",,"2","1FFFFF","1AAAAAAAA1AAAA","4",,,,,,,
"2200638","2017-09-07T18:01:00","25.70","-137.00",,,"1","4","2","5",,,"11",,,,,,,,,,,,"8",,,,,"9","244",,,,,,,,,,,,,"236","57","798","172","7","0",,"2","1FFFFF","1AAAAAAAA1AAAA","4",,,,,,,
"4601544","2017-09-07T18:30:00","20.35","-136.06",,,"1","4","2","5",,,"11",,,,,,,,,,,,"8",,,,,"9","253",,,,,,,,,,,,,"236","6","798","172","7","0",,"2","1FFFFF","1AAAAAAAA1AAAA","4",,,,,,,
"2100901","2017-09-07T18:50:00","20.70","-137.05",,,"1","4","2","5",,,"11",,,,,,,,,"10186",,,"8",,,,,"9","250",,,,,,,,,,,,,"236","7","798","172","7","1","2","2","1FFF1F","1AAAA1AAA1AAAA","4",,,,,,,
"2100530","2017-09-07T19:00:00","26.52","-131.82",,,"1","4","2","5",,,"11",,,,,,,,,"10210",,,"8",,,,,"9","232",,,,,,,,,,,,,"236","61","798","172","7","1","2","2","1FFF1F","1AAAA1AAA1AAAA","4",,,,,,,
"4600623","2017-09-07T19:00:00","22.13","-136.65",,,"1","3","2","5",,,"11",,,,,,,,,,,,,,,,,,,,,,,,,,,,,,,"236","26","798","172","7","1","2","2","FFFFFF","1AAAAAAAAAAAAA","4",,,,,,,
"4600770","2017-09-07T19:00:00","25.07","-132.87",,,"1","4","2","5",,,"11",,,,,,,,,"10204",,,"8",,,,,"9","237",,,,,,,,,,,,,"236","52","798","172","7","1","2","2","1FFF1F","1AAAA1AAA1AAAA","4",,,,,,,
"4601544","2017-09-07T19:00:00","20.36","-136.07",,,"1","4","2","5",,,"11",,,,,,,,,,,,"8",,,,,"9","253",,,,,,,,,,,,,"236","6","798","172","7","0",,"2","1FFFFF","1AAAAAAAA1AAAA","4",,,,,,,
"2200638","2017-09-07T19:01:00","25.70","-137.00",,,"1","4","2","5",,,"11",,,,,,,,,,,,"8",,,,,"9","245",,,,,,,,,,,,,"236","57","798","172","7","0",,"2","1FFFFF","1AAAAAAAA1AAAA","4",,,,,,,
"4601544","2017-09-07T19:30:00","20.36","-136.07",,,"1","4","2","5",,,"11",,,,,,,,,,,,"8",,,,,"9","253",,,,,,,,,,,,,"236","6","798","172","7","0",,"2","1FFFFF","1AAAAAAAA1AAAA","4",,,,,,,
"2100901","2017-09-07T19:50:00","20.69","-137.05",,,"1","4","2","5",,,"11",,,,,,,,,"10187",,,"8",,,,,"9","250",,,,,,,,,,,,,"236","7","798","172","7","1","2","2","1FFF1F","1AAAA1AAA1AAAA","4",,,,,,,
"2100530","2017-09-07T20:00:00","26.52","-131.82",,,"1","4","2","5",,,"11",,,,,,,,,"10209",,,"8",,,,,"9","233",,,,,,,,,,,,,"236","61","798","172","7","1","2","2","1FFF1F","1AAAA1AAA1AAAA","4",,,,,,,
"4600623","2017-09-07T20:00:00","22.13","-136.65",,,"1","3","2","5",,,"11",,,,,,,,,,,,,,,,,,,,,,,,,,,,,,,"236","26","798","172","7","1","2","2","FFFFFF","1AAAAAAAAAAAAA","4",,,,,,,
"4600770","2017-09-07T20:00:00","25.07","-132.86",,,"1","4","2","5",,,"11",,,,,,,,,"10202",,,"8",,,,,"9","240",,,,,,,,,,,,,"236","52","798","172","7","1","2","2","1FFF1F","1AAAA1AAA1AAAA","4",,,,,,,
"4601544","2017-09-07T20:00:00","20.36","-136.07",,,"1","4","2","5",,,"11",,,,,,,,,,,,"8",,,,,"9","253",,,,,,,,,,,,,"236","6","798","172","7","0",,"2","1FFFFF","1AAAAAAAA1AAAA","4",,,,,,,
"2200638","2017-09-07T20:01:00","25.69","-137.00",,,"1","4","2","5",,,"11",,,,,,,,,,,,"8",,,,,"9","246",,,,,,,,,,,,,"236","57","798","172","7","0",,"2","1FFFFF","1AAAAAAAA1AAAA","4",,,,,,,
"4601544","2017-09-07T20:30:00","20.36","-136.07",,,"1","4","2","5",,,"11",,,,,,,,,,,,"8",,,,,"9","253",,,,,,,,,,,,,"236","6","798","172","7","0",,"2","1FFFFF","1AAAAAAAA1AAAA","4",,,,,,,
"2100901","2017-09-07T20:50:00","20.69","-137.05",,,"1","4","2","5",,,"11",,,,,,,,,"10184",,,"8",,,,,"9","251",,,,,,,,,,,,,"236","7","798","172","7","1","2","2","1FFF1F","1AAAA1AAA1AAAA","4",,,,,,,
"2100530","2017-09-07T21:00:00","26.52","-131.82",,,"1","4","2","5",,,"11",,,,,,,,,"10203",,,"8",,,,,"9","234",,,,,,,,,,,,,"236","61","798","172","7","1","2","2","1FFF1F","1AAAA1AAA1AAAA","4",,,,,,,
"4600623","2017-09-07T21:00:00","22.13","-136.65",,,"1","3","2","5",,,"11",,,,,,,,,,,,,,,,,,,,,,,,,,,,,,,"236","26","798","172","7","1","2","2","FFFFFF","1AAAAAAAAAAAAA","4",,,,,,,
"4600770","2017-09-07T21:00:00","25.07","-132.86",,,"1","4","2","5",,,"11",,,,,,,,,"10196",,,"8",,,,,"9","242",,,,,,,,,,,,,"236","52","798","172","7","1","2","2","1FFF1F","1AAAA1AAA1AAAA","4",,,,,,,
"4601544","2017-09-07T21:00:00","20.37","-136.08",,,"1","4","2","5",,,"11",,,,,,,,,,,,"8",,,,,"9","253",,,,,,,,,,,,,"236","6","798","172","7","0",,"2","1FFFFF","1AAAAAAAA1AAAA","4",,,,,,,
"2200638","2017-09-07T21:01:00","25.69","-137.01",,,"1","4","2","5",,,"11",,,,,,,,,,,,"8",,,,,"9","247",,,,,,,,,,,,,"236","57","798","172","7","0",,"2","1FFFFF","1AAAAAAAA1AAAA","4",,,,,,,
"4601544","2017-09-07T21:30:00","20.37","-136.08",,,"1","4","2","5",,,"11",,,,,,,,,,,,"8",,,,,"9","254",,,,,,,,,,,,,"236","6","798","172","7","0",,"2","1FFFFF","1AAAAAAAA1AAAA","4",,,,,,,
"2100901","2017-09-07T21:50:00","20.68","-137.08",,,"1","4","2","5",,,"11",,,,,,,,,"10177",,,"8",,,,,"9","252",,,,,,,,,,,,,"236","7","798","172","7","1","2","2","1FFF1F","1AAAA1AAA1AAAA","4",,,,,,,
"2100530","2017-09-07T22:00:00","26.51","-131.82",,,"1","4","2","5",,,"11",,,,,,,,,"10197",,,"8",,,,,"9","235",,,,,,,,,,,,,"236","61","798","172","7","1","2","2","1FFF1F","1AAAA1AAA1AAAA","4",,,,,,,
"4600623","2017-09-07T22:00:00","22.12","-136.65",,,"1","3","2","5",,,"11",,,,,,,,,,,,,,,,,,,,,,,,,,,,,,,"236","26","798","172","7","1","2","2","FFFFFF","1AAAAAAAAAAAAA","4",,,,,,,
"4600770","2017-09-07T22:00:00","25.04","-132.85",,,"1","4","2","5",,,"11",,,,,,,,,"10191",,,"8",,,,,"9","239",,,,,,,,,,,,,"236","52","798","172","7","1","2","2","1FFF1F","1AAAA1AAA1AAAA","4",,,,,,,
"4601544","2017-09-07T22:00:00","20.37","-136.08",,,"1","4","2","5",,,"11",,,,,,,,,,,,"8",,,,,"9","254",,,,,,,,,,,,,"236","6","798","172","7","0",,"2","1FFFFF","1AAAAAAAA1AAAA","4",,,,,,,
"2200638","2017-09-07T22:01:00","25.68","-137.01",,,"1","4","2","5",,,"11",,,,,,,,,,,,"8",,,,,"9","247",,,,,,,,,,,,,"236","57","798","172","7","0",,"2","1FFFFF","1AAAAAAAA1AAAA","4",,,,,,,
"4601544","2017-09-07T22:30:00","20.37","-136.08",,,"1","4","2","5",,,"11",,,,,,,,,,,,"8",,,,,"9","254",,,,,,,,,,,,,"236","6","798","172","7","0",,"2","1FFFFF","1AAAAAAAA1AAAA","4",,,,,,,
"2100901","2017-09-07T22:50:00","20.68","-137.08",,,"1","4","2","5",,,"11",,,,,,,,,"10170",,,"8",,,,,"9","252",,,,,,,,,,,,,"236","7","798","172","7","1","2","2","1FFF1F","1AAAA1AAA1AAAA","4",,,,,,,
"2100530","2017-09-07T23:00:00","26.51","-131.81",,,"1","4","2","5",,,"11",,,,,,,,,"10192",,,"8",,,,,"9","235",,,,,,,,,,,,,"236","61","798","172","7","1","2","2","1FFF1F","1AAAA1AAA1AAAA","4",,,,,,,
"4600623","2017-09-07T23:00:00","22.12","-136.65",,,"1","3","2","5",,,"11",,,,,,,,,,,,,,,,,,,,,,,,,,,,,,,"236","26","798","172","7","1","2","2","FFFFFF","1AAAAAAAAAAAAA","4",,,,,,,
"4600770","2017-09-07T23:00:00","25.04","-132.85",,,"1","4","2","5",,,"11",,,,,,,,,"10184",,,"8",,,,,"9","239",,,,,,,,,,,,,"236","52","798","172","7","1","2","2","1FFF1F","1AAAA1AAA1AAAA","4",,,,,,,
"4601544","2017-09-07T23:00:00","20.37","-136.08",,,"1","4","2","5",,,"11",,,,,,,,,,,,"8",,,,,"9","254",,,,,,,,,,,,,"236","6","798","172","7","0",,"2","1FFFFF","1AAAAAAAA1AAAA","4",,,,,,,
"2200638","2017-09-07T23:01:00","25.68","-137.01",,,"1","4","2","5",,,"11",,,,,,,,,,,,"8",,,,,"9","248",,,,,,,,,,,,,"236","57","798","172","7","0",,"2","1FFFFF","1AAAAAAAA1AAAA","4",,,,,,,
"4601544","2017-09-07T23:30:00","20.37","-136.08",,,"1","4","2","5",,,"11",,,,,,,,,,,,"8",,,,,"9","254",,,,,,,,,,,,,"236","6","798","172","7","0",,"2","1FFFFF","1AAAAAAAA1AAAA","4",,,,,,,
"2100901","2017-09-07T23:50:00","20.66","-137.08",,,"1","4","2","5",,,"11",,,,,,,,,"10164",,,"8",,,,,"9","252",,,,,,,,,,,,,"236","7","798","172","7","1","2","2","1FFF1F","1AAAA1AAA1AAAA","4",,,,,,,
"2100530","2017-09-08T00:00:00","26.50","-131.81",,,"1","4","2","5",,,"11",,,,,,,,,"10188",,,"8",,,,,"9","235",,,,,,,,,,,,,"236","61","798","172","7","1","2","2","1FFF1F","1AAAA1AAA1AAAA","4",,,,,,,
"4600623","2017-09-08T00:00:00","22.12","-136.65",,,"1","3","2","5",,,"11",,,,,,,,,,,,,,,,,,,,,,,,,,,,,,,"236","26","798","172","7","1","2","2","FFFFFF","1AAAAAAAAAAAAA","4",,,,,,,
"4600770","2017-09-08T00:00:00","25.03","-132.85",,,"1","4","2","5",,,"11",,,,,,,,,"10179",,,"8",,,,,"9","238",,,,,,,,,,,,,"236","52","798","172","7","1","2","2","1FFF1F","1AAAA1AAA1AAAA","4",,,,,,,
"4601544","2017-09-08T00:00:00","20.37","-136.08",,,"1","4","2","5",,,"11",,,,,,,,,,,,"8",,,,,"9","254",,,,,,,,,,,,,"236","6","798","172","7","0",,"2","1FFFFF","1AAAAAAAA1AAAA","4",,,,,,,
"2200638","2017-09-08T00:01:00","25.67","-137.01",,,"1","4","2","5",,,"11",,,,,,,,,,,,"8",,,,,"9","248",,,,,,,,,,,,,"236","57","798","172","7","0",,"2","1FFFFF","1AAAAAAAA1AAAA","4",,,,,,,
"4601544","2017-09-08T00:30:00","20.37","-136.08",,,"1","4","2","5",,,"11",,,,,,,,,,,,"8",,,,,"9","254",,,,,,,,,,,,,"236","6","798","172","7","0",,"2","1FFFFF","1AAAAAAAA1AAAA","4",,,,,,,
"2100901","2017-09-08T00:50:00","20.66","-137.08",,,"1","4","2","5",,,"11",,,,,,,,,"10162",,,"8",,,,,"9","252",,,,,,,,,,,,,"236","7","798","172","7","1","2","2","1FFF1F","1AAAA1AAA1AAAA","4",,,,,,,
"2100530","2017-09-08T01:00:00","26.50","-131.81",,,"1","4","2","5",,,"11",,,,,,,,,"10185",,,"8",,,,,"9","235",,,,,,,,,,,,,"236","61","798","172","7","1","2","2","1FFF1F","1AAAA1AAA1AAAA","4",,,,,,,
"4600623","2017-09-08T01:00:00","22.09","-136.66",,,"1","3","2","5",,,"11",,,,,,,,,,,,,,,,,,,,,,,,,,,,,,,"236","26","798","172","7","1","2","2","FFFFFF","1AAAAAAAAAAAAA","4",,,,,,,
"4600770","2017-09-08T01:00:00","25.03","-132.85",,,"1","4","2","5",,,"11",,,,,,,,,"10177",,,"8",,,,,"9","239",,,,,,,,,,,,,"236","52","798","172","7","1","2","2","1FFF1F","1AAAA1AAA1AAAA","4",,,,,,,
"4601544","2017-09-08T01:00:00","20.37","-136.08",,,"1","4","2","5",,,"11",,,,,,,,,,,,"8",,,,,"9","254",,,,,,,,,,,,,"236","6","798","172","7","0",,"2","1FFFFF","1AAAAAAAA1AAAA","4",,,,,,,
"2200638","2017-09-08T01:01:00","25.66","-137.01",,,"1","4","2","5",,,"11",,,,,,,,,,,,"8",,,,,"9","247",,,,,,,,,,,,,"236","57","798","172","7","0",,"2","1FFFFF","1AAAAAAAA1AAAA","4",,,,,,,
"4601544","2017-09-08T01:30:00","20.37","-136.08",,,"1","4","2","5",,,"11",,,,,,,,,,,,"8",,,,,"9","254",,,,,,,,,,,,,"236","6","798","172","7","0",,"2","1FFFFF","1AAAAAAAA1AAAA","4",,,,,,,
"2100901","2017-09-08T01:50:00","20.66","-137.08",,,"1","4","2","5",,,"11",,,,,,,,,"10161",,,"8",,,,,"9","251",,,,,,,,,,,,,"236","7","798","172","7","1","2","2","1FFF1F","1AAAA1AAA1AAAA","4",,,,,,,
"2100530","2017-09-08T02:00:00","26.49","-131.80",,,"1","4","2","5",,,"11",,,,,,,,,"10183",,,"8",,,,,"9","234",,,,,,,,,,,,,"236","61","798","172","7","1","2","2","1FFF1F","1AAAA1AAA1AAAA","4",,,,,,,
"4600623","2017-09-08T02:00:00","22.08","-136.67",,,"1","3","2","5",,,"11",,,,,,,,,,,,,,,,,,,,,,,,,,,,,,,"236","26","798","172","7","1","2","2","FFFFFF","1AAAAAAAAAAAAA","4",,,,,,,
"4600770","2017-09-08T02:00:00","25.02","-132.85",,,"1","4","2","5",,,"11",,,,,,,,,"10178",,,"8",,,,,"9","238",,,,,,,,,,,,,"236","52","798","172","7","1","2","2","1FFF1F","1AAAA1AAA1AAAA","4",,,,,,,
"2200638","2017-09-08T02:01:00","25.65","-137.02",,,"1","4","2","5",,,"11",,,,,,,,,,,,"8",,,,,"9","247",,,,,,,,,,,,,"236","57","798","172","7","0",,"2","1FFFFF","1AAAAAAAA1AAAA","4",,,,,,,
"4601544","2017-09-08T02:04:00","20.37","-136.09",,,"1","4","2","5",,,"11",,,,,,,,,,,,"8",,,,,"9","254",,,,,,,,,,,,,"236","6","798","172","7","0",,"2","1FFFFF","1AAAAAAAA1AAAA","4",,,,,,,
"4601544","2017-09-08T02:30:00","20.37","-136.09",,,"1","4","2","5",,,"11",,,,,,,,,,,,"8",,,,,"9","254",,,,,,,,,,,,,"236","6","798","172","7","0",,"2","1FFFFF","1AAAAAAAA1AAAA","4",,,,,,,
"2100901","2017-09-08T02:50:00","20.66","-137.08",,,"1","4","2","5",,,"11",,,,,,,,,"10163",,,"8",,,,,"9","251",,,,,,,,,,,,,"236","7","798","172","7","1","2","2","1FFF1F","1AAAA1AAA1AAAA","4",,,,,,,
"2100530","2017-09-08T03:00:00","26.48","-131.79",,,"1","4","2","5",,,"11",,,,,,,,,"10183",,,"8",,,,,"9","233",,,,,,,,,,,,,"236","61","798","172","7","1","2","1","1FFF1F","1AAAA1AAA1AAAA","4",,,,,,,
"4600623","2017-09-08T03:00:00","22.09","-136.66",,,"1","3","2","5",,,"11",,,,,,,,,,,,,,,,,,,,,,,,,,,,,,,"236","26","798","172","7","1","2","2","FFFFFF","1AAAAAAAAAAAAA","4",,,,,,,
"4600770","2017-09-08T03:00:00","25.00","-132.84",,,"1","4","2","5",,,"11",,,,,,,,,"10179",,,"8",,,,,"9","237",,,,,,,,,,,,,"236","52","798","172","7","1","2","1","1FFF1F","1AAAA1AAA1AAAA","4",,,,,,,
"4601544","2017-09-08T03:00:00","20.38","-136.09",,,"1","4","2","5",,,"11",,,,,,,,,,,,"8",,,,,"9","253",,,,,,,,,,,,,"236","6","798","172","7","0",,"2","1FFFFF","1AAAAAAAA1AAAA","4",,,,,,,
"2200638","2017-09-08T03:01:00","25.65","-137.02",,,"1","4","2","5",,,"11",,,,,,,,,,,,"8",,,,,"9","246",,,,,,,,,,,,,"236","57","798","172","7","0",,"2","1FFFFF","1AAAAAAAA1AAAA","4",,,,,,,
"4601544","2017-09-08T03:30:00","20.38","-136.09",,,"1","4","2","5",,,"11",,,,,,,,,,,,"8",,,,,"9","255",,,,,,,,,,,,,"236","6","798","172","7","0",,"1","1FFFFF","1AAAAAAAA1AAAA","4",,,,,,,
"2100901","2017-09-08T03:50:00","20.64","-137.11",,,"1","4","2","5",,,"11",,,,,,,,,"10168",,,"8",,,,,"9","250",,,,,,,,,,,,,"236","7","798","172","7","1","2","1","1FFF1F","1AAAA1AAA1AAAA","4",,,,,,,
"2100530","2017-09-08T04:00:00","26.47","-131.80",,,"1","4","2","5",,,"11",,,,,,,,,"10186",,,"8",,,,,"9","233",,,,,,,,,,,,,"236","61","798","172","7","1","2","1","1FFF1F","1AAAA1AAA1AAAA","4",,,,,,,
"4600623","2017-09-08T04:00:00","22.07","-136.68",,,"1","3","2","5",,,"11",,,,,,,,,,,,,,,,,,,,,,,,,,,,,,,"236","26","798","172","7","1","2","1","FFFFFF","1AAAAAAAAAAAAA","4",,,,,,,
"4600770","2017-09-08T04:00:00","25.00","-132.85",,,"1","4","2","5",,,"11",,,,,,,,,"10182",,,"8",,,,,"9","237",,,,,,,,,,,,,"236","52","798","172","7","1","2","1","1FFF1F","1AAAA1AAA1AAAA","4",,,,,,,
"4601544","2017-09-08T04:00:00","20.38","-136.09",,,"1","4","2","5",,,"11",,,,,,,,,,,,"8",,,,,"9","255",,,,,,,,,,,,,"236","6","798","172","7","0",,"1","1FFFFF","1AAAAAAAA1AAAA","4",,,,,,,
"2200638","2017-09-08T04:01:00","25.64","-137.03",,,"1","4","2","5",,,"11",,,,,,,,,,,,"8",,,,,"9","245",,,,,,,,,,,,,"236","57","798","172","7","0",,"1","1FFFFF","1AAAAAAAA1AAAA","4",,,,,,,
"4601544","2017-09-08T04:30:00","20.39","-136.09",,,"1","4","2","5",,,"11",,,,,,,,,,,,"8",,,,,"9","255",,,,,,,,,,,,,"236","6","798","172","7","0",,"1","1FFFFF","1AAAAAAAA1AAAA","4",,,,,,,
"2100901","2017-09-08T04:50:00","20.64","-137.11",,,"1","4","2","5",,,"11",,,,,,,,,"10171",,,"8",,,,,"9","250",,,,,,,,,,,,,"236","7","798","172","7","1","2","1","1FFF1F","1AAAA1AAA1AAAA","4",,,,,,,
"2100530","2017-09-08T05:00:00","26.46","-131.80",,,"1","4","2","5",,,"11",,,,,,,,,"10192",,,"8",,,,,"9","232",,,,,,,,,,,,,"236","61","798","172","7","1","2","1","1FFF1F","1AAAA1AAA1AAAA","4",,,,,,,
"4600623","2017-09-08T05:00:00","22.06","-136.70",,,"1","3","2","5",,,"11",,,,,,,,,,,,,,,,,,,,,,,,,,,,,,,"236","26","798","172","7","1","2","1","FFFFFF","1AAAAAAAAAAAAA","4",,,,,,,
"4600770","2017-09-08T05:00:00","24.99","-132.85",,,"1","4","2","5",,,"11",,,,,,,,,"10185",,,"8",,,,,"9","237",,,,,,,,,,,,,"236","42","798","172","7","1","2","1","1FFF1F","1AAAA1AAA1AAAA","4",,,,,,,
"4601544","2017-09-08T05:00:00","20.39","-136.09",,,"1","4","2","5",,,"11",,,,,,,,,,,,"8",,,,,"9","254",,,,,,,,,,,,,"236","6","798","172","7","0",,"1","1FFFFF","1AAAAAAAA1AAAA","4",,,,,,,
"2200638","2017-09-08T05:01:00","25.64","-137.03",,,"1","4","2","5",,,"11",,,,,,,,,,,,"8",,,,,"9","245",,,,,,,,,,,,,"236","57","798","172","7","0",,"1","1FFFFF","1AAAAAAAA1AAAA","4",,,,,,,
"4601544","2017-09-08T05:30:00","20.39","-136.09",,,"1","4","2","5",,,"11",,,,,,,,,,,,"8",,,,,"9","254",,,,,,,,,,,,,"236","6","798","172","7","0",,"1","1FFFFF","1AAAAAAAA1AAAA","4",,,,,,,
"2100901","2017-09-08T05:50:00","20.64","-137.13",,,"1","4","2","5",,,"11",,,,,,,,,"10176",,,"8",,,,,"9","250",,,,,,,,,,,,,"236","7","798","172","7","1","2","1","1FFF1F","1AAAA1AAA1AAAA","4",,,,,,,
"2100530","2017-09-08T06:00:00","26.45","-131.81",,,"1","4","2","5",,,"11",,,,,,,,,"10194",,,"8",,,,,"9","232",,,,,,,,,,,,,"236","61","798","172","7","1","2","1","1FFF1F","1AAAA1AAA1AAAA","4",,,,,,,
"4600623","2017-09-08T06:00:00","22.06","-136.70",,,"1","3","2","5",,,"11",,,,,,,,,,,,,,,,,,,,,,,,,,,,,,,"236","26","798","172","7","1","2","1","FFFFFF","1AAAAAAAAAAAAA","4",,,,,,,
"4600770","2017-09-08T06:00:00","24.98","-132.86",,,"1","4","2","5",,,"11",,,,,,,,,"10190",,,"8",,,,,"9","235",,,,,,,,,,,,,"236","42","798","172","7","1","2","1","1FFF1F","1AAAA1AAA1AAAA","4",,,,,,,
"4601544","2017-09-08T06:00:00","20.39","-136.09",,,"1","4","2","5",,,"11",,,,,,,,,,,,"8",,,,,"9","254",,,,,,,,,,,,,"236","6","798","172","7","0",,"1","1FFFFF","1AAAAAAAA1AAAA","4",,,,,,,
"2200638","2017-09-08T06:01:00","25.63","-137.04",,,"1","4","2","5",,,"11",,,,,,,,,,,,"8",,,,,"9","245",,,,,,,,,,,,,"236","57","798","172","7","0",,"1","1FFFFF","1AAAAAAAA1AAAA","4",,,,,,,
"4601544","2017-09-08T06:30:00","20.39","-136.09",,,"1","4","2","5",,,"11",,,,,,,,,,,,"8",,,,,"9","254",,,,,,,,,,,,,"236","6","798","172","7","0",,"1","1FFFFF","1AAAAAAAA1AAAA","4",,,,,,,
"4600059","2017-09-08T06:40:00","29.40","-134.50",,,"1","3","2","5",,,"11",,"40","1","80",,,,,"10200",,,,,,,,,,,,,,,,,,"3",,"12","3","236","94","798","172","6","1","2","1","FFFFFF","1AAAAAAAAAA77A",,,,,,,,
"4600623","2017-09-08T07:00:00","22.06","-136.71",,,"1","3","2","5",,,"11",,,,,,,,,,,,,,,,,,,,,,,,,,,,,,,"236","26","798","172","7","1","2","1","FFFFFF","1AAAAAAAAAAAAA","4",,,,,,,
"4601544","2017-09-08T07:00:00","20.40","-136.09",,,"1","4","2","5",,,"11",,,,,,,,,,,,"8",,,,,"9","254",,,,,,,,,,,,,"236","6","798","172","7","0",,"1","1FFFFF","1AAAAAAAA1AAAA","4",,,,,,,
"2200638","2017-09-08T07:01:00","25.63","-137.04",,,"1","4","2","5",,,"11",,,,,,,,,,,,"8",,,,,"9","244",,,,,,,,,,,,,"236","57","798","172","7","0",,"1","1FFFFF","1AAAAAAAA1AAAA","4",,,,,,,
"4601544","2017-09-08T07:30:00","20.40","-136.08",,,"1","4","2","5",,,"11",,,,,,,,,,,,"8",,,,,"9","254",,,,,,,,,,,,,"236","6","798","172","7","0",,"1","1FFFFF","1AAAAAAAA1AAAA","4",,,,,,,
"2100901","2017-09-08T07:50:00","20.63","-137.13",,,"1","4","2","5",,,"11",,,,,,,,,"10183",,,"8",,,,,"9","250",,,,,,,,,,,,,"236","7","798","172","7","1","2","1","1FFF1F","1AAAA1AAA1AAAA","4",,,,,,,
"2100530","2017-09-08T08:00:00","26.45","-131.82",,,"1","4","2","5",,,"11",,,,,,,,,"10193",,,"8",,,,,"9","232",,,,,,,,,,,,,"236","61","798","172","7","1","2","1","1FFF1F","1AAAA1AAA1AAAA","4",,,,,,,
"4600623","2017-09-08T08:00:00","22.06","-136.71",,,"1","3","2","5",,,"11",,,,,,,,,,,,,,,,,,,,,,,,,,,,,,,"236","26","798","172","7","1","2","1","FFFFFF","1AAAAAAAAAAAAA","4",,,,,,,
"4600770","2017-09-08T08:00:00","24.96","-132.87",,,"1","4","2","5",,,"11",,,,,,,,,"10189",,,"8",,,,,"9","235",,,,,,,,,,,,,"236","42","798","172","7","1","2","1","1FFF1F","1AAAA1AAA1AAAA","4",,,,,,,
"4601544","2017-09-08T08:00:00","20.40","-136.08",,,"1","4","2","5",,,"11",,,,,,,,,,,,"8",,,,,"9","254",,,,,,,,,,,,,"236","6","798","172","7","0",,"1","1FFFFF","1AAAAAAAA1AAAA","4",,,,,,,
"2200638","2017-09-08T08:01:00","25.62","-137.05",,,"1","4","2","5",,,"11",,,,,,,,,,,,"8",,,,,"9","244",,,,,,,,,,,,,"236","57","798","172","7","0",,"1","1FFFFF","1AAAAAAAA1AAAA","4",,,,,,,
"4601544","2017-09-08T08:30:00","20.40","-136.08",,,"1","4","2","5",,,"11",,,,,,,,,,,,"8",,,,,"9","253",,,,,,,,,,,,,"236","6","798","172","7","0",,"1","1FFFFF","1AAAAAAAA1AAAA","4",,,,,,,
"2100901","2017-09-08T08:50:00","20.63","-137.13",,,"1","4","2","5",,,"11",,,,,,,,,"10180",,,"8",,,,,"9","250",,,,,,,,,,,,,"236","7","798","172","7","1","2","1","1FFF1F","1AAAA1AAA1AAAA","4",,,,,,,
"2100530","2017-09-08T09:00:00","26.45","-131.82",,,"1","4","2","5",,,"11",,,,,,,,,"10192",,,"8",,,,,"9","231",,,,,,,,,,,,,"236","61","798","172","7","1","2","1","1FFF1F","1AAAA1AAA1AAAA","4",,,,,,,
"4600623","2017-09-08T09:00:00","22.06","-136.71",,,"1","3","2","5",,,"11",,,,,,,,,,,,,,,,,,,,,,,,,,,,,,,"236","26","798","172","7","1","2","1","FFFFFF","1AAAAAAAAAAAAA","4",,,,,,,
"4600770","2017-09-08T09:00:00","24.96","-132.87",,,"1","4","2","5",,,"11",,,,,,,,,"10186",,,"8",,,,,"9","235",,,,,,,,,,,,,"236","42","798","172","7","1","2","1","1FFF1F","1AAAA1AAA1AAAA","4",,,,,,,
"4601544","2017-09-08T09:00:00","20.40","-136.08",,,"1","4","2","5",,,"11",,,,,,,,,,,,"8",,,,,"9","253",,,,,,,,,,,,,"236","6","798","172","7","0",,"1","1FFFFF","1AAAAAAAA1AAAA","4",,,,,,,
"2200638","2017-09-08T09:01:00","25.62","-137.06",,,"1","4","2","5",,,"11",,,,,,,,,,,,"8",,,,,"9","243",,,,,,,,,,,,,"236","57","798","172","7","0",,"1","1FFFFF","1AAAAAAAA1AAAA","4",,,,,,,
"4601544","2017-09-08T09:30:00","20.40","-136.07",,,"1","4","2","5",,,"11",,,,,,,,,,,,"8",,,,,"9","253",,,,,,,,,,,,,"236","6","798","172","7","0",,"1","1FFFFF","1AAAAAAAA1AAAA","4",,,,,,,
"2100901","2017-09-08T09:50:00","20.61","-137.14",,,"1","4","2","5",,,"11",,,,,,,,,"10176",,,"8",,,,,"9","250",,,,,,,,,,,,,"236","7","798","172","7","1","2","1","1FFF1F","1AAAA1AAA1AAAA","4",,,,,,,
"4600059","2017-09-08T09:50:00","28.00","-135.60",,,"1","3","2","5",,,"11","0","40","1","80",,,,,"10200",,,,,,,,,,,,,,,,,"7","2",,"11","3","236","85","798","172","6","1","2","1","FF11FF","11AAAAAAAAAAAA",,,"6",,,,,"4"
"2100530","2017-09-08T10:00:00","26.45","-131.82",,,"1","4","2","5",,,"11",,,,,,,,,"10189",,,"8",,,,,"9","231",,,,,,,,,,,,,"236","61","798","172","7","1","2","1","1FFF1F","1AAAA1AAA1AAAA","4",,,,,,,
"4600623","2017-09-08T10:00:00","22.04","-136.73",,,"1","3","2","5",,,"11",,,,,,,,,,,,,,,,,,,,,,,,,,,,,,,"236","26","798","172","7","1","2","1","FFFFFF","1AAAAAAAAAAAAA","4",,,,,,,
"4600770","2017-09-08T10:00:00","24.93","-132.90",,,"1","4","2","5",,,"11",,,,,,,,,"10183",,,"8",,,,,"9","235",,,,,,,,,,,,,"236","42","798","172","7","1","2","1","1FFF1F","1AAAA1AAA1AAAA","4",,,,,,,
"4601544","2017-09-08T10:00:00","20.40","-136.07",,,"1","4","2","5",,,"11",,,,,,,,,,,,"8",,,,,"9","253",,,,,,,,,,,,,"236","6","798","172","7","0",,"1","1FFFFF","1AAAAAAAA1AAAA","4",,,,,,,
"2200638","2017-09-08T10:01:00","25.62","-137.06",,,"1","4","2","5",,,"11",,,,,,,,,,,,"8",,,,,"9","243",,,,,,,,,,,,,"236","57","798","172","7","0",,"1","1FFFFF","1AAAAAAAA1AAAA","4",,,,,,,
"4601544","2017-09-08T10:33:00","20.40","-136.07",,,"1","4","2","5",,,"11",,,,,,,,,,,,"8",,,,,"9","253",,,,,,,,,,,,,"236","6","798","172","7","0",,"1","1FFFFF","1AAAAAAAA1AAAA","4",,,,,,,
"2100901","2017-09-08T10:50:00","20.63","-137.13",,,"1","4","2","5",,,"11",,,,,,,,,"10170",,,"8",,,,,"9","250",,,,,,,,,,,,,"236","7","798","172","7","1","2","1","1FFF1F","1AAAA1AAA1AAAA","4",,,,,,,
"2100530","2017-09-08T11:00:00","26.43","-131.87",,,"1","4","2","5",,,"11",,,,,,,,,"10183",,,"8",,,,,"9","231",,,,,,,,,,,,,"236","61","798","172","7","1","2","1","1FFF1F","1AAAA1AAA1AAAA","4",,,,,,,
"4600623","2017-09-08T11:00:00","22.06","-136.71",,,"1","3","2","5",,,"11",,,,,,,,,,,,,,,,,,,,,,,,,,,,,,,"236","26","798","172","7","1","2","1","FFFFFF","1AAAAAAAAAAAAA","4",,,,,,,
"4600770","2017-09-08T11:00:00","24.96","-132.87",,,"1","4","2","5",,,"11",,,,,,,,,"10178",,,"8",,,,,"9","236",,,,,,,,,,,,,"236","42","798","172","7","1","2","1","1FFF1F","1AAAA1AAA1AAAA","4",,,,,,,
"4601544","2017-09-08T11:00:00","20.40","-136.06",,,"1","4","2","5",,,"11",,,,,,,,,,,,"8",,,,,"9","253",,,,,,,,,,,,,"236","6","798","172","7","0",,"1","1FFFFF","1AAAAAAAA1AAAA","4",,,,,,,
"2200638","2017-09-08T11:01:00","25.62","-137.07",,,"1","4","2","5",,,"11",,,,,,,,,,,,"8",,,,,"9","243",,,,,,,,,,,,,"236","57","798","172","7","0",,"1","1FFFFF","1AAAAAAAA1AAAA","4",,,,,,,
"4601544","2017-09-08T11:03:00","20.40","-136.06",,,"1","4","2","5",,,"11",,,,,,,,,,,,"8",,,,,"9","253",,,,,,,,,,,,,"236","6","798","172","7","0",,"1","1FFFFF","1AAAAAAAA1AAAA","4",,,,,,,
"4601544","2017-09-08T11:30:00","20.40","-136.06",,,"1","4","2","5",,,"11",,,,,,,,,,,,"8",,,,,"9","252",,,,,,,,,,,,,"236","6","798","172","7","0",,"1","1FFFFF","1AAAAAAAA1AAAA","4",,,,,,,
"2100901","2017-09-08T11:50:00","20.61","-137.14",,,"1","4","2","5",,,"11",,,,,,,,,"10166",,,"8",,,,,"9","250",,,,,,,,,,,,,"236","7","798","172","7","1","2","1","1FFF1F","1AAAA1AAA1AAAA","4",,,,,,,
"2100530","2017-09-08T12:00:00","26.43","-131.87",,,"1","4","2","5",,,"11",,,,,,,,,"10181",,,"8",,,,,"9","230",,,,,,,,,,,,,"236","61","798","172","7","1","2","1","1FFF1F","1AAAA1AAA1AAAA","4",,,,,,,
"4600623","2017-09-08T12:00:00","22.04","-136.73",,,"1","3","2","5",,,"11",,,,,,,,,,,,,,,,,,,,,,,,,,,,,,,"236","26","798","172","7","1","2","1","FFFFFF","1AAAAAAAAAAAAA","4",,,,,,,
"4600770","2017-09-08T12:00:00","24.93","-132.90",,,"1","4","2","5",,,"11",,,,,,,,,"10177",,,"8",,,,,"9","235",,,,,,,,,,,,,"236","42","798","172","7","1","2","1","1FFF1F","1AAAA1AAA1AAAA","4",,,,,,,
"4601544","2017-09-08T12:00:00","20.40","-136.06",,,"1","4","2","5",,,"11",,,,,,,,,,,,"8",,,,,"9","252",,,,,,,,,,,,,"236","6","798","172","7","0",,"1","1FFFFF","1AAAAAAAA1AAAA","4",,,,,,,
"2200638","2017-09-08T12:01:00","25.62","-137.07",,,"1","4","2","5",,,"11",,,,,,,,,,,,"8",,,,,"9","243",,,,,,,,,,,,,"236","57","798","172","7","0",,"1","1FFFFF","1AAAAAAAA1AAAA","4",,,,,,,
"4601544","2017-09-08T12:30:00","20.39","-136.06",,,"1","4","2","5",,,"11",,,,,,,,,,,,"8",,,,,"9","252",,,,,,,,,,,,,"236","6","798","172","7","0",,"1","1FFFFF","1AAAAAAAA1AAAA","4",,,,,,,
"2100901","2017-09-08T12:50:00","20.61","-137.14",,,"1","4","2","5",,,"11",,,,,,,,,"10164",,,"8",,,,,"9","250",,,,,,,,,,,,,"236","7","798","172","7","1","2","1","1FFF1F","1AAAA1AAA1AAAA","4",,,,,,,
"2100530","2017-09-08T13:00:00","26.43","-131.88",,,"1","4","2","5",,,"11",,,,,,,,,"10181",,,"8",,,,,"9","230",,,,,,,,,,,,,"236","61","798","172","7","1","2","1","1FFF1F","1AAAA1AAA1AAAA","4",,,,,,,
"4600623","2017-09-08T13:00:00","22.04","-136.73",,,"1","3","2","5",,,"11",,,,,,,,,,,,,,,,,,,,,,,,,,,,,,,"236","26","798","172","7","1","2","1","FFFFFF","1AAAAAAAAAAAAA","4",,,,,,,
"4600770","2017-09-08T13:00:00","24.93","-132.90",,,"1","4","2","5",,,"11",,,,,,,,,"10177",,,"8",,,,,"9","235",,,,,,,,,,,,,"236","42","798","172","7","1","2","1","1FFF1F","1AAAA1AAA1AAAA","4",,,,,,,
"4601544","2017-09-08T13:00:00","20.39","-136.06",,,"1","4","2","5",,,"11",,,,,,,,,,,,"8",,,,,"9","252",,,,,,,,,,,,,"236","6","798","172","7","0",,"1","1FFFFF","1AAAAAAAA1AAAA","4",,,,,,,
"2200638","2017-09-08T13:01:00","25.61","-137.07",,,"1","4","2","5",,,"11",,,,,,,,,,,,"8",,,,,"9","243",,,,,,,,,,,,,"236","57","798","172","7","0",,"1","1FFFFF","1AAAAAAAA1AAAA","4",,,,,,,
"4601544","2017-09-08T13:30:00","20.39","-136.06",,,"1","4","2","5",,,"11",,,,,,,,,,,,"8",,,,,"9","252",,,,,,,,,,,,,"236","6","798","172","7","0",,"1","1FFFFF","1AAAAAAAA1AAAA","4",,,,,,,
"2100901","2017-09-08T13:50:00","20.60","-137.14",,,"1","4","2","5",,,"11",,,,,,,,,"10163",,,"8",,,,,"9","250",,,,,,,,,,,,,"236","7","798","172","7","1","2","1","1FFF1F","1AAAA1AAA1AAAA","4",,,,,,,
"2100530","2017-09-08T14:00:00","26.44","-131.89",,,"1","4","2","5",,,"11",,,,,,,,,"10182",,,"8",,,,,"9","229",,,,,,,,,,,,,"236","61","798","172","7","1","2","1","1FFF1F","1AAAA1AAA1AAAA","4",,,,,,,
"4600623","2017-09-08T14:00:00","22.00","-136.75",,,"1","3","2","5",,,"11",,,,,,,,,,,,,,,,,,,,,,,,,,,,,,,"236","26","798","172","7","1","2","1","FFFFFF","1AAAAAAAAAAAAA","4",,,,,,,
"4600770","2017-09-08T14:00:00","24.91","-132.92",,,"1","4","2","5",,,"11",,,,,,,,,"10177",,,"8",,,,,"9","235",,,,,,,,,,,,,"236","42","798","172","7","1","2","1","1FFF1F","1AAAA1AAA1AAAA","4",,,,,,,
"4601544","2017-09-08T14:00:00","20.39","-136.06",,,"1","4","2","5",,,"11",,,,,,,,,,,,"8",,,,,"9","252",,,,,,,,,,,,,"236","6","798","172","7","0",,"1","1FFFFF","1AAAAAAAA1AAAA","4",,,,,,,
"2200638","2017-09-08T14:01:00","25.62","-137.07",,,"1","4","2","5",,,"11",,,,,,,,,,,,"8",,,,,"9","243",,,,,,,,,,,,,"236","57","798","172","7","0",,"1","1FFFFF","1AAAAAAAA1AAAA","4",,,,,,,
"4601544","2017-09-08T14:30:00","20.39","-136.06",,,"1","4","2","5",,,"11",,,,,,,,,,,,"8",,,,,"9","252",,,,,,,,,,,,,"236","6","798","172","7","0",,"1","1FFFFF","1AAAAAAAA1AAAA","4",,,,,,,
"2100901","2017-09-08T14:50:00","20.59","-137.15",,,"1","4","2","5",,,"11",,,,,,,,,"10166",,,"8",,,,,"9","250",,,,,,,,,,,,,"236","7","798","172","7","1","2","1","1FFF1F","1AAAA1AAA1AAAA","4",,,,,,,
"2100530","2017-09-08T15:00:00","26.44","-131.89",,,"1","4","2","5",,,"11",,,,,,,,,"10186",,,"8",,,,,"9","230",,,,,,,,,,,,,"236","61","798","172","7","1","2","2","1FFF1F","1AAAA1AAA1AAAA","4",,,,,,,
"4600623","2017-09-08T15:00:00","22.00","-136.75",,,"1","3","2","5",,,"11",,,,,,,,,,,,,,,,,,,,,,,,,,,,,,,"236","26","798","172","7","1","2","1","FFFFFF","1AAAAAAAAAAAAA","4",,,,,,,
"4600770","2017-09-08T15:00:00","24.91","-132.93",,,"1","4","2","5",,,"11",,,,,,,,,"10180",,,"8",,,,,"9","234",,,,,,,,,,,,,"236","42","798","172","7","1","2","2","1FFF1F","1AAAA1AAA1AAAA","4",,,,,,,
"4601544","2017-09-08T15:00:00","20.39","-136.06",,,"1","4","2","5",,,"11",,,,,,,,,,,,"8",,,,,"9","252",,,,,,,,,,,,,"236","6","798","172","7","0",,"2","1FFFFF","1AAAAAAAA1AAAA","4",,,,,,,
"2200638","2017-09-08T15:01:00","25.62","-137.07",,,"1","4","2","5",,,"11",,,,,,,,,,,,"8",,,,,"9","243",,,,,,,,,,,,,"236","57","798","172","7","0",,"1","1FFFFF","1AAAAAAAA1AAAA","4",,,,,,,
"4601544","2017-09-08T15:30:00","20.39","-136.06",,,"1","4","2","5",,,"11",,,,,,,,,,,,"8",,,,,"9","252",,,,,,,,,,,,,"236","6","798","172","7","0",,"2","1FFFFF","1AAAAAAAA1AAAA","4",,,,,,,
"2100901","2017-09-08T15:50:00","20.59","-137.15",,,"1","4","2","5",,,"11",,,,,,,,,"10170",,,"8",,,,,"9","250",,,,,,,,,,,,,"236","7","798","172","7","1","2","2","1FFF1F","1AAAA1AAA1AAAA","4",,,,,,,
"2100530","2017-09-08T16:00:00","26.44","-131.89",,,"1","4","2","5",,,"11",,,,,,,,,"10188",,,"8",,,,,"9","230",,,,,,,,,,,,,"236","61","798","172","7","1","2","2","1FFF1F","1AAAA1AAA1AAAA","4",,,,,,,
"4600623","2017-09-08T16:00:00","22.00","-136.75",,,"1","3","2","5",,,"11",,,,,,,,,,,,,,,,,,,,,,,,,,,,,,,"236","26","798","172","7","1","2","2","FFFFFF","1AAAAAAAAAAAAA","4",,,,,,,
"4600770","2017-09-08T16:00:00","24.91","-132.93",,,"1","4","2","5",,,"11",,,,,,,,,"10182",,,"8",,,,,"9","234",,,,,,,,,,,,,"236","42","798","172","7","1","2","2","1FFF1F","1AAAA1AAA1AAAA","4",,,,,,,
"4601544","2017-09-08T16:00:00","20.38","-136.06",,,"1","4","2","5",,,"11",,,,,,,,,,,,"8",,,,,"9","252",,,,,,,,,,,,,"236","6","798","172","7","0",,"2","1FFFFF","1AAAAAAAA1AAAA","4",,,,,,,
"2200638","2017-09-08T16:01:00","25.62","-137.07",,,"1","4","2","5",,,"11",,,,,,,,,,,,"8",,,,,"9","244",,,,,,,,,,,,,"236","57","798","172","7","0",,"2","1FFFFF","1AAAAAAAA1AAAA","4",,,,,,,
"4601544","2017-09-08T16:30:00","20.38","-136.06",,,"1","4","2","5",,,"11",,,,,,,,,,,,"8",,,,,"9","252",,,,,,,,,,,,,"236","6","798","172","7","0",,"2","1FFFFF","1AAAAAAAA1AAAA","4",,,,,,,
"2100901","2017-09-08T16:50:00","20.57","-137.16",,,"1","4","2","5",,,"11",,,,,,,,,"10173",,,"8",,,,,"9","250",,,,,,,,,,,,,"236","7","798","172","7","1","2","2","1FFF1F","1AAAA1AAA1AAAA","4",,,,,,,
"2100530","2017-09-08T17:00:00","26.45","-131.88",,,"1","4","2","5",,,"11",,,,,,,,,"10191",,,"8",,,,,"9","230",,,,,,,,,,,,,"236","61","798","172","7","1","2","2","1FFF1F","1AAAA1AAA1AAAA","4",,,,,,,
"4600623","2017-09-08T17:00:00","21.99","-136.78",,,"1","3","2","5",,,"11",,,,,,,,,,,,,,,,,,,,,,,,,,,,,,,"236","16","798","172","7","1","2","2","FFFFFF","1AAAAAAAAAAAAA","4",,,,,,,
"4600770","2017-09-08T17:00:00","24.91","-132.94",,,"1","4","2","5",,,"11",,,,,,,,,"10185",,,"8",,,,,"9","234",,,,,,,,,,,,,"236","42","798","172","7","1","2","2","1FFF1F","1AAAA1AAA1AAAA","4",,,,,,,
"4601544","2017-09-08T17:00:00","20.38","-136.06",,,"1","4","2","5",,,"11",,,,,,,,,,,,"8",,,,,"9","252",,,,,,,,,,,,,"236","6","798","172","7","0",,"2","1FFFFF","1AAAAAAAA1AAAA","4",,,,,,,
"2200638","2017-09-08T17:01:00","25.62","-137.07",,,"1","4","2","5",,,"11",,,,,,,,,,,,"8",,,,,"9","244",,,,,,,,,,,,,"236","57","798","172","7","0",,"2","1FFFFF","1AAAAAAAA1AAAA","4",,,,,,,
"4601544","2017-09-08T17:30:00","20.38","-136.06",,,"1","4","2","5",,,"11",,,,,,,,,,,,"8",,,,,"9","252",,,,,,,,,,,,,"236","6","798","172","7","0",,"2","1FFFFF","1AAAAAAAA1AAAA","4",,,,,,,
"2100901","2017-09-08T17:50:00","20.55","-137.17",,,"1","4","2","5",,,"11",,,,,,,,,"10177",,,"8",,,,,"9","250",,,,,,,,,,,,,"236","7","798","172","7","1","2","2","1FFF1F","1AAAA1AAA1AAAA","4",,,,,,,
"2100530","2017-09-08T18:00:00","26.46","-131.89",,,"1","4","2","5",,,"11",,,,,,,,,"10193",,,"8",,,,,"9","232",,,,,,,,,,,,,"236","61","798","172","7","1","2","2","1FFF1F","1AAAA1AAA1AAAA","4",,,,,,,
"4600623","2017-09-08T18:00:00","21.99","-136.78",,,"1","3","2","5",,,"11",,,,,,,,,,,,,,,,,,,,,,,,,,,,,,,"236","16","798","172","7","1","2","2","FFFFFF","1AAAAAAAAAAAAA","4",,,,,,,
"4600770","2017-09-08T18:00:00","24.91","-132.94",,,"1","4","2","5",,,"11",,,,,,,,,"10187",,,"8",,,,,"9","234",,,,,,,,,,,,,"236","42","798","172","7","1","2","2","1FFF1F","1AAAA1AAA1AAAA","4",,,,,,,
"4601544","2017-09-08T18:00:00","20.38","-136.06",,,"1","4","2","5",,,"11",,,,,,,,,,,,"8",,,,,"9","252",,,,,,,,,,,,,"236","6","798","172","7","0",,"2","1FFFFF","1AAAAAAAA1AAAA","4",,,,,,,
"WFLH","2017-09-08T18:00:00","28.80","-138.00",,,"1","6","2","5","6","4","1",,"60","3","87","1","98","2","2","10239","2","5","8","233",,"189","166","1","217","4","1","1","4","3","A",,"4","2","2","5","4","236","88","798","172","5","1","2","2","111111","11111111111111",,"5",,"1",,,,
"2200638","2017-09-08T18:01:00","25.62","-137.07",,,"1","4","2","5",,,"11",,,,,,,,,,,,"8",,,,,"9","244",,,,,,,,,,,,,"236","57","798","172","7","0",,"2","1FFFFF","1AAAAAAAA1AAAA","4",,,,,,,
"4601544","2017-09-08T18:30:00","20.38","-136.06",,,"1","4","2","5",,,"11",,,,,,,,,,,,"8",,,,,"9","252",,,,,,,,,,,,,"236","6","798","172","7","0",,"2","1FFFFF","1AAAAAAAA1AAAA","4",,,,,,,
"2100901","2017-09-08T18:50:00","20.56","-137.17",,,"1","4","2","5",,,"11",,,,,,,,,"10180",,,"8",,,,,"9","250",,,,,,,,,,,,,"236","7","798","172","7","1","2","2","1FFF1F","1AAAA1AAA1AAAA","4",,,,,,,
"2100530","2017-09-08T19:00:00","26.46","-131.88",,,"1","4","2","5",,,"11",,,,,,,,,"10195",,,"8",,,,,"9","234",,,,,,,,,,,,,"236","61","798","172","7","1","2","2","1FFF1F","1AAAA1AAA1AAAA","4",,,,,,,
"4600623","2017-09-08T19:00:00","21.98","-136.80",,,"1","3","2","5",,,"11",,,,,,,,,,,,,,,,,,,,,,,,,,,,,,,"236","16","798","172","7","1","2","2","FFFFFF","1AAAAAAAAAAAAA","4",,,,,,,
"4600770","2017-09-08T19:00:00","24.90","-132.94",,,"1","4","2","5",,,"11",,,,,,,,,"10188",,,"8",,,,,"9","235",,,,,,,,,,,,,"236","42","798","172","7","1","2","2","1FFF1F","1AAAA1AAA1AAAA","4",,,,,,,
"4601544","2017-09-08T19:00:00","20.38","-136.06",,,"1","4","2","5",,,"11",,,,,,,,,,,,"8",,,,,"9","252",,,,,,,,,,,,,"236","6","798","172","7","0",,"2","1FFFFF","1AAAAAAAA1AAAA","4",,,,,,,
"2200638","2017-09-08T19:01:00","25.62","-137.07",,,"1","4","2","5",,,"11",,,,,,,,,,,,"8",,,,,"9","244",,,,,,,,,,,,,"236","57","798","172","7","0",,"2","1FFFFF","1AAAAAAAA1AAAA","4",,,,,,,
"4601544","2017-09-08T19:30:00","20.38","-136.06",,,"1","4","2","5",,,"11",,,,,,,,,,,,"8",,,,,"9","253",,,,,,,,,,,,,"236","6","798","172","7","0",,"2","1FFFFF","1AAAAAAAA1AAAA","4",,,,,,,
"2100901","2017-09-08T19:50:00","20.55","-137.18",,,"1","4","2","5",,,"11",,,,,,,,,"10178",,,"8",,,,,"9","251",,,,,,,,,,,,,"236","7","798","172","7","1","2","2","1FFF1F","1AAAA1AAA1AAAA","4",,,,,,,
"2100530","2017-09-08T20:00:00","26.46","-131.88",,,"1","4","2","5",,,"11",,,,,,,,,"10192",,,"8",,,,,"9","234",,,,,,,,,,,,,"236","61","798","172","7","1","2","2","1FFF1F","1AAAA1AAA1AAAA","4",,,,,,,
"4600623","2017-09-08T20:00:00","21.98","-136.81",,,"1","3","2","5",,,"11",,,,,,,,,,,,,,,,,,,,,,,,,,,,,,,"236","16","798","172","7","1","2","2","FFFFFF","1AAAAAAAAAAAAA","4",,,,,,,
"4600770","2017-09-08T20:00:00","24.90","-132.94",,,"1","4","2","5",,,"11",,,,,,,,,"10184",,,"8",,,,,"9","235",,,,,,,,,,,,,"236","42","798","172","7","1","2","2","1FFF1F","1AAAA1AAA1AAAA","4",,,,,,,
"4601544","2017-09-08T20:00:00","20.38","-136.06",,,"1","4","2","5",,,"11",,,,,,,,,,,,"8",,,,,"9","254",,,,,,,,,,,,,"236","6","798","172","7","0",,"2","1FFFFF","1AAAAAAAA1AAAA","4",,,,,,,
"2200638","2017-09-08T20:01:00","25.62","-137.08",,,"1","4","2","5",,,"11",,,,,,,,,,,,"8",,,,,"9","244",,,,,,,,,,,,,"236","57","798","172","7","0",,"2","1FFFFF","1AAAAAAAA1AAAA","4",,,,,,,
"4601544","2017-09-08T20:30:00","20.38","-136.06",,,"1","4","2","5",,,"11",,,,,,,,,,,,"8",,,,,"9","254",,,,,,,,,,,,,"236","6","798","172","7","0",,"2","1FFFFF","1AAAAAAAA1AAAA","4",,,,,,,
"2100901","2017-09-08T20:50:00","20.55","-137.18",,,"1","4","2","5",,,"11",,,,,,,,,"10173",,,"8",,,,,"9","252",,,,,,,,,,,,,"236","7","798","172","7","1","2","2","1FFF1F","1AAAA1AAA1AAAA","4",,,,,,,
"2100530","2017-09-08T21:00:00","26.46","-131.88",,,"1","4","2","5",,,"11",,,,,,,,,"10186",,,"8",,,,,"9","235",,,,,,,,,,,,,"236","61","798","172","7","1","2","2","1FFF1F","1AAAA1AAA1AAAA","4",,,,,,,
"4600623","2017-09-08T21:00:00","21.98","-136.81",,,"1","3","2","5",,,"11",,,,,,,,,,,,,,,,,,,,,,,,,,,,,,,"236","16","798","172","7","1","2","2","FFFFFF","1AAAAAAAAAAAAA","4",,,,,,,
"4600770","2017-09-08T21:00:00","24.90","-132.94",,,"1","4","2","5",,,"11",,,,,,,,,"10179",,,"8",,,,,"9","237",,,,,,,,,,,,,"236","42","798","172","7","1","2","2","1FFF1F","1AAAA1AAA1AAAA","4",,,,,,,
"4601544","2017-09-08T21:00:00","20.38","-136.06",,,"1","4","2","5",,,"11",,,,,,,,,,,,"8",,,,,"9","254",,,,,,,,,,,,,"236","6","798","172","7","0",,"2","1FFFFF","1AAAAAAAA1AAAA","4",,,,,,,
"2200638","2017-09-08T21:01:00","25.62","-137.08",,,"1","4","2","5",,,"11",,,,,,,,,,,,"8",,,,,"9","244",,,,,,,,,,,,,"236","57","798","172","7","0",,"2","1FFFFF","1AAAAAAAA1AAAA","4",,,,,,,
"4601544","2017-09-08T21:30:00","20.38","-136.06",,,"1","4","2","5",,,"11",,,,,,,,,,,,"8",,,,,"9","254",,,,,,,,,,,,,"236","6","798","172","7","0",,"2","1FFFFF","1AAAAAAAA1AAAA","4",,,,,,,
"2100901","2017-09-08T21:50:00","20.54","-137.21",,,"1","4","2","5",,,"11",,,,,,,,,"10167",,,"8",,,,,"9","252",,,,,,,,,,,,,"236","7","798","172","7","1","2","2","1FFF1F","1AAAA1AAA1AAAA","4",,,,,,,
"2100530","2017-09-08T22:00:00","26.45","-131.87",,,"1","4","2","5",,,"11",,,,,,,,,"10182",,,"8",,,,,"9","236",,,,,,,,,,,,,"236","61","798","172","7","1","2","2","1FFF1F","1AAAA1AAA1AAAA","4",,,,,,,
"4600623","2017-09-08T22:00:00","21.98","-136.81",,,"1","3","2","5",,,"11",,,,,,,,,,,,,,,,,,,,,,,,,,,,,,,"236","16","798","172","7","1","2","2","FFFFFF","1AAAAAAAAAAAAA","4",,,,,,,
"4600770","2017-09-08T22:00:00","24.88","-132.95",,,"1","4","2","5",,,"11",,,,,,,,,"10174",,,"8",,,,,"9","238",,,,,,,,,,,,,"236","42","798","172","7","1","2","2","1FFF1F","1AAAA1AAA1AAAA","4",,,,,,,
"4601544","2017-09-08T22:00:00","20.38","-136.06",,,"1","4","2","5",,,"11",,,,,,,,,,,,"8",,,,,"9","255",,,,,,,,,,,,,"236","6","798","172","7","0",,"2","1FFFFF","1AAAAAAAA1AAAA","4",,,,,,,
"2200638","2017-09-08T22:01:00","25.61","-137.08",,,"1","4","2","5",,,"11",,,,,,,,,,,,"8",,,,,"9","244",,,,,,,,,,,,,"236","57","798","172","7","0",,"2","1FFFFF","1AAAAAAAA1AAAA","4",,,,,,,
"4601544","2017-09-08T22:30:00","20.38","-136.06",,,"1","4","2","5",,,"11",,,,,,,,,,,,"8",,,,,"9","255",,,,,,,,,,,,,"236","6","798","172","7","0",,"2","1FFFFF","1AAAAAAAA1AAAA","4",,,,,,,
"2100901","2017-09-08T22:50:00","20.54","-137.21",,,"1","4","2","5",,,"11",,,,,,,,,"10158",,,"8",,,,,"9","253",,,,,,,,,,,,,"236","7","798","172","7","1","2","2","1FFF1F","1AAAA1AAA1AAAA","4",,,,,,,
"2100530","2017-09-08T23:00:00","26.45","-131.87",,,"1","4","2","5",,,"11",,,,,,,,,"10176",,,"8",,,,,"9","236",,,,,,,,,,,,,"236","61","798","172","7","1","2","2","1FFF1F","1AAAA1AAA1AAAA","4",,,,,,,
"4600623","2017-09-08T23:00:00","21.97","-136.84",,,"1","3","2","5",,,"11",,,,,,,,,,,,,,,,,,,,,,,,,,,,,,,"236","16","798","172","7","1","2","2","FFFFFF","1AAAAAAAAAAAAA","4",,,,,,,
"4600770","2017-09-08T23:00:00","24.88","-132.95",,,"1","4","2","5",,,"11",,,,,,,,,"10168",,,"8",,,,,"9","239",,,,,,,,,,,,,"236","42","798","172","7","1","2","2","1FFF1F","1AAAA1AAA1AAAA","4",,,,,,,
"4601544","2017-09-08T23:00:00","20.38","-136.06",,,"1","4","2","5",,,"11",,,,,,,,,,,,"8",,,,,"9","255",,,,,,,,,,,,,"236","6","798","172","7","0",,"2","1FFFFF","1AAAAAAAA1AAAA","4",,,,,,,
"2200638","2017-09-08T23:01:00","25.60","-137.08",,,"1","4","2","5",,,"11",,,,,,,,,,,,"8",,,,,"9","244",,,,,,,,,,,,,"236","57","798","172","7","0",,"2","1FFFFF","1AAAAAAAA1AAAA","4",,,,,,,
"4600059","2017-09-08T23:30:00","27.90","-135.80",,,"1","3","2","5",,,"11",,"30","1","80",,,,,"10191",,,,,,,,,,,,,,,,,,,,,,"236","75","798","172","6","1","2","2","FF11FF","11AAAAAAAAAAAA",,,,,,,,
"4601544","2017-09-08T23:30:00","20.38","-136.07",,,"1","4","2","5",,,"11",,,,,,,,,,,,"8",,,,,"9","255",,,,,,,,,,,,,"236","6","798","172","7","0",,"2","1FFFFF","1AAAAAAAA1AAAA","4",,,,,,,
"2100901","2017-09-08T23:50:00","20.53","-137.22",,,"1","4","2","5",,,"11",,,,,,,,,"10153",,,"8",,,,,"9","253",,,,,,,,,,,,,"236","7","798","172","7","1","2","2","1FFF1F","1AAAA1AAA1AAAA","4",,,,,,,
"2100530","2017-09-09T00:00:00","26.45","-131.87",,,"1","4","2","5",,,"11",,,,,,,,,"10171",,,"8",,,,,"9","236",,,,,,,,,,,,,"236","61","798","172","7","1","2","2","1FFF1F","1AAAA1AAA1AAAA","4",,,,,,,
"4600623","2017-09-09T00:00:00","21.97","-136.84",,,"1","3","2","5",,,"11",,,,,,,,,,,,,,,,,,,,,,,,,,,,,,,"236","16","798","172","7","1","2","2","FFFFFF","1AAAAAAAAAAAAA","4",,,,,,,
"4600770","2017-09-09T00:00:00","24.88","-132.95",,,"1","4","2","5",,,"11",,,,,,,,,"10165",,,"8",,,,,"9","239",,,,,,,,,,,,,"236","42","798","172","7","1","2","2","1FFF1F","1AAAA1AAA1AAAA","4",,,,,,,
"4601544","2017-09-09T00:00:00","20.38","-136.07",,,"1","4","2","5",,,"11",,,,,,,,,,,,"8",,,,,"9","255",,,,,,,,,,,,,"236","6","798","172","7","0",,"2","1FFFFF","1AAAAAAAA1AAAA","4",,,,,,,
"2200638","2017-09-09T00:01:00","25.59","-137.09",,,"1","4","2","5",,,"11",,,,,,,,,,,,"8",,,,,"9","245",,,,,,,,,,,,,"236","57","798","172","7","0",,"2","1FFFFF","1AAAAAAAA1AAAA","4",,,,,,,
"4601544","2017-09-09T00:30:00","20.38","-136.07",,,"1","4","2","5",,,"11",,,,,,,,,,,,"8",,,,,"9","255",,,,,,,,,,,,,"236","6","798","172","7","0",,"2","1FFFFF","1AAAAAAAA1AAAA","4",,,,,,,
"2100901","2017-09-09T00:50:00","20.53","-137.22",,,"1","4","2","5",,,"11",,,,,,,,,"10152",,,"8",,,,,"9","252",,,,,,,,,,,,,"236","7","798","172","7","1","2","2","1FFF1F","1AAAA1AAA1AAAA","4",,,,,,,
"2100530","2017-09-09T01:00:00","26.44","-131.86",,,"1","4","2","5",,,"11",,,,,,,,,"10171",,,"8",,,,,"9","236",,,,,,,,,,,,,"236","61","798","172","7","1","2","2","1FFF1F","1AAAA1AAA1AAAA","4",,,,,,,
"4600623","2017-09-09T01:00:00","21.97","-136.84",,,"1","3","2","5",,,"11",,,,,,,,,,,,,,,,,,,,,,,,,,,,,,,"236","16","798","172","7","1","2","2","FFFFFF","1AAAAAAAAAAAAA","4",,,,,,,
"4600770","2017-09-09T01:00:00","24.87","-132.95",,,"1","4","2","5",,,"11",,,,,,,,,"10164",,,"8",,,,,"9","239",,,,,,,,,,,,,"236","42","798","172","7","1","2","2","1FFF1F","1AAAA1AAA1AAAA","4",,,,,,,
"4601544","2017-09-09T01:00:00","20.38","-136.07",,,"1","4","2","5",,,"11",,,,,,,,,,,,"8",,,,,"9","254",,,,,,,,,,,,,"236","6","798","172","7","0",,"2","1FFFFF","1AAAAAAAA1AAAA","4",,,,,,,
"2200638","2017-09-09T01:01:00","25.59","-137.09",,,"1","4","2","5",,,"11",,,,,,,,,,,,"8",,,,,"9","245",,,,,,,,,,,,,"236","57","798","172","7","0",,"2","1FFFFF","1AAAAAAAA1AAAA","4",,,,,,,
"4601544","2017-09-09T01:30:00","20.38","-136.07",,,"1","4","2","5",,,"11",,,,,,,,,,,,"8",,,,,"9","254",,,,,,,,,,,,,"236","6","798","172","7","0",,"2","1FFFFF","1AAAAAAAA1AAAA","4",,,,,,,
"2100901","2017-09-09T01:50:00","20.52","-137.24",,,"1","4","2","5",,,"11",,,,,,,,,"10153",,,"8",,,,,"9","252",,,,,,,,,,,,,"236","7","798","172","7","1","2","2","1FFF1F","1AAAA1AAA1AAAA","4",,,,,,,
"2100530","2017-09-09T02:00:00","26.42","-131.86",,,"1","4","2","5",,,"11",,,,,,,,,"10172",,,"8",,,,,"9","236",,,,,,,,,,,,,"236","61","798","172","7","1","2","2","1FFF1F","1AAAA1AAA1AAAA","4",,,,,,,
"4600623","2017-09-09T02:00:00","21.96","-136.85",,,"1","3","2","5",,,"11",,,,,,,,,,,,,,,,,,,,,,,,,,,,,,,"236","16","798","172","7","1","2","2","FFFFFF","1AAAAAAAAAAAAA","4",,,,,,,
"4600770","2017-09-09T02:00:00","24.86","-132.95",,,"1","4","2","5",,,"11",,,,,,,,,"10164",,,"8",,,,,"9","238",,,,,,,,,,,,,"236","42","798","172","7","1","2","2","1FFF1F","1AAAA1AAA1AAAA","4",,,,,,,
"4601544","2017-09-09T02:00:00","20.38","-136.07",,,"1","4","2","5",,,"11",,,,,,,,,,,,"8",,,,,"9","254",,,,,,,,,,,,,"236","6","798","172","7","0",,"2","1FFFFF","1AAAAAAAA1AAAA","4",,,,,,,
"2200638","2017-09-09T02:01:00","25.58","-137.10",,,"1","4","2","5",,,"11",,,,,,,,,,,,"8",,,,,"9","244",,,,,,,,,,,,,"236","57","798","172","7","0",,"2","1FFFFF","1AAAAAAAA1AAAA","4",,,,,,,
"4601544","2017-09-09T02:30:00","20.38","-136.07",,,"1","4","2","5",,,"11",,,,,,,,,,,,"8",,,,,"9","254",,,,,,,,,,,,,"236","6","798","172","7","0",,"2","1FFFFF","1AAAAAAAA1AAAA","4",,,,,,,
"2100901","2017-09-09T02:50:00","20.52","-137.24",,,"1","4","2","5",,,"11",,,,,,,,,"10156",,,"8",,,,,"9","252",,,,,,,,,,,,,"236","7","798","172","7","1","2","2","1FFF1F","1AAAA1AAA1AAAA","4",,,,,,,
"2100530","2017-09-09T03:00:00","26.41","-131.86",,,"1","4","2","5",,,"11",,,,,,,,,"10173",,,"8",,,,,"9","235",,,,,,,,,,,,,"236","61","798","172","7","1","2","1","1FFF1F","1AAAA1AAA1AAAA","4",,,,,,,
"4600623","2017-09-09T03:00:00","21.97","-136.85",,,"1","3","2","5",,,"11",,,,,,,,,,,,,,,,,,,,,,,,,,,,,,,"236","16","798","172","7","1","2","2","FFFFFF","1AAAAAAAAAAAAA","4",,,,,,,
"4600770","2017-09-09T03:00:00","24.84","-132.95",,,"1","4","2","5",,,"11",,,,,,,,,"10166",,,"8",,,,,"9","237",,,,,,,,,,,,,"236","42","798","172","7","1","2","1","1FFF1F","1AAAA1AAA1AAAA","4",,,,,,,
"4601544","2017-09-09T03:00:00","20.38","-136.08",,,"1","4","2","5",,,"11",,,,,,,,,,,,"8",,,,,"9","254",,,,,,,,,,,,,"236","6","798","172","7","0",,"2","1FFFFF","1AAAAAAAA1AAAA","4",,,,,,,
"2200638","2017-09-09T03:01:00","25.57","-137.10",,,"1","4","2","5",,,"11",,,,,,,,,,,,"8",,,,,"9","244",,,,,,,,,,,,,"236","57","798","172","7","0",,"2","1FFFFF","1AAAAAAAA1AAAA","4",,,,,,,
"4601544","2017-09-09T03:30:00","20.38","-136.08",,,"1","4","2","5",,,"11",,,,,,,,,,,,"8",,,,,"9","253",,,,,,,,,,,,,"236","6","798","172","7","0",,"1","1FFFFF","1AAAAAAAA1AAAA","4",,,,,,,
"2100901","2017-09-09T03:50:00","20.51","-137.26",,,"1","4","2","5",,,"11",,,,,,,,,"10158",,,"8",,,,,"9","252",,,,,,,,,,,,,"236","7","798","172","7","1","2","1","1FFF1F","1AAAA1AAA1AAAA","4",,,,,,,
"2100530","2017-09-09T04:00:00","26.40","-131.87",,,"1","4","2","5",,,"11",,,,,,,,,"10178",,,"8",,,,,"9","235",,,,,,,,,,,,,"236","61","798","172","7","1","2","1","1FFF1F","1AAAA1AAA1AAAA","4",,,,,,,
"4600623","2017-09-09T04:00:00","21.96","-136.86",,,"1","3","2","5",,,"11",,,,,,,,,,,,,,,,,,,,,,,,,,,,,,,"236","16","798","172","7","1","2","1","FFFFFF","1AAAAAAAAAAAAA","4",,,,,,,
"4600770","2017-09-09T04:00:00","24.83","-132.95",,,"1","4","2","5",,,"11",,,,,,,,,"10171",,,"8",,,,,"9","237",,,,,,,,,,,,,"236","42","798","172","7","1","2","1","1FFF1F","1AAAA1AAA1AAAA","4",,,,,,,
"4601544","2017-09-09T04:00:00","20.38","-136.08",,,"1","4","2","5",,,"11",,,,,,,,,,,,"8",,,,,"9","253",,,,,,,,,,,,,"236","6","798","172","7","0",,"1","1FFFFF","1AAAAAAAA1AAAA","4",,,,,,,
"2200638","2017-09-09T04:01:00","25.57","-137.11",,,"1","4","2","5",,,"11",,,,,,,,,,,,"8",,,,,"9","244",,,,,,,,,,,,,"236","57","798","172","7","0",,"1","1FFFFF","1AAAAAAAA1AAAA","4",,,,,,,
"4601544","2017-09-09T04:30:00","20.38","-136.08",,,"1","4","2","5",,,"11",,,,,,,,,,,,"8",,,,,"9","253",,,,,,,,,,,,,"236","6","798","172","7","0",,"1","1FFFFF","1AAAAAAAA1AAAA","4",,,,,,,
"2100901","2017-09-09T04:50:00","20.51","-137.27",,,"1","4","2","5",,,"11",,,,,,,,,"10163",,,"8",,,,,"9","251",,,,,,,,,,,,,"236","7","798","172","7","1","2","1","1FFF1F","1AAAA1AAA1AAAA","4",,,,,,,
"2100530","2017-09-09T05:00:00","26.38","-131.87",,,"1","4","2","5",,,"11",,,,,,,,,"10184",,,"8",,,,,"9","235",,,,,,,,,,,,,"236","61","798","172","7","1","2","1","1FFF1F","1AAAA1AAA1AAAA","4",,,,,,,
"4600623","2017-09-09T05:00:00","21.96","-136.87",,,"1","3","2","5",,,"11",,,,,,,,,,,,,,,,,,,,,,,,,,,,,,,"236","16","798","172","7","1","2","1","FFFFFF","1AAAAAAAAAAAAA","4",,,,,,,
"4600770","2017-09-09T05:00:00","24.83","-132.97",,,"1","4","2","5",,,"11",,,,,,,,,"10178",,,"8",,,,,"9","237",,,,,,,,,,,,,"236","42","798","172","7","1","2","1","1FFF1F","1AAAA1AAA1AAAA","4",,,,,,,
"4601544","2017-09-09T05:00:00","20.38","-136.08",,,"1","4","2","5",,,"11",,,,,,,,,,,,"8",,,,,"9","253",,,,,,,,,,,,,"236","6","798","172","7","0",,"1","1FFFFF","1AAAAAAAA1AAAA","4",,,,,,,
"2200638","2017-09-09T05:01:00","25.56","-137.12",,,"1","4","2","5",,,"11",,,,,,,,,,,,"8",,,,,"9","244",,,,,,,,,,,,,"236","57","798","172","7","0",,"1","1FFFFF","1AAAAAAAA1AAAA","4",,,,,,,
"4601544","2017-09-09T05:30:00","20.38","-136.08",,,"1","4","2","5",,,"11",,,,,,,,,,,,"8",,,,,"9","253",,,,,,,,,,,,,"236","6","798","172","7","0",,"1","1FFFFF","1AAAAAAAA1AAAA","4",,,,,,,
"4600059","2017-09-09T05:40:00","29.40","-134.50",,,"1","3","2","5",,,"11",,"40","1","80",,,,,"10201",,,,,,,,,,,,,,,,,,"4",,"11","2","236","94","798","172","6","1","2","1","FFFFFF","1AAAAAAAAAA77A",,,,,,,,
"2100901","2017-09-09T05:50:00","20.50","-137.27",,,"1","4","2","5",,,"11",,,,,,,,,"10171",,,"8",,,,,"9","251",,,,,,,,,,,,,"236","7","798","172","7","1","2","1","1FFF1F","1AAAA1AAA1AAAA","4",,,,,,,
"2100530","2017-09-09T06:00:00","26.38","-131.87",,,"1","4","2","5",,,"11",,,,,,,,,"10189",,,"8",,,,,"9","235",,,,,,,,,,,,,"236","61","798","172","7","1","2","1","1FFF1F","1AAAA1AAA1AAAA","4",,,,,,,
"4600623","2017-09-09T06:00:00","21.95","-136.88",,,"1","3","2","5",,,"11",,,,,,,,,,,,,,,,,,,,,,,,,,,,,,,"236","16","798","172","7","1","2","1","FFFFFF","1AAAAAAAAAAAAA","4",,,,,,,
"4600770","2017-09-09T06:00:00","24.82","-132.96",,,"1","4","2","5",,,"11",,,,,,,,,"10181",,,"8",,,,,"9","237",,,,,,,,,,,,,"236","42","798","172","7","1","2","1","1FFF1F","1AAAA1AAA1AAAA","4",,,,,,,
"2200638","2017-09-09T06:01:00","25.56","-137.13",,,"1","4","2","5",,,"11",,,,,,,,,,,,"8",,,,,"9","244",,,,,,,,,,,,,"236","57","798","172","7","0",,"1","1FFFFF","1AAAAAAAA1AAAA","4",,,,,,,
"4601544","2017-09-09T06:36:00","20.38","-136.08",,,"1","4","2","5",,,"11",,,,,,,,,,,,"8",,,,,"9","253",,,,,,,,,,,,,"236","6","798","172","7","0",,"1","1FFFFF","1AAAAAAAA1AAAA","4",,,,,,,
"2100901","2017-09-09T06:50:00","20.51","-137.27",,,"1","4","2","5",,,"11",,,,,,,,,"10174",,,"8",,,,,"9","251",,,,,,,,,,,,,"236","7","798","172","7","1","2","1","1FFF1F","1AAAA1AAA1AAAA","4",,,,,,,
"2100530","2017-09-09T07:00:00","26.37","-131.89",,,"1","4","2","5",,,"11",,,,,,,,,"10191",,,"8",,,,,"9","235",,,,,,,,,,,,,"236","61","798","172","7","1","2","1","1FFF1F","1AAAA1AAA1AAAA","4",,,,,,,
"4600623","2017-09-09T07:00:00","21.95","-136.88",,,"1","3","2","5",,,"11",,,,,,,,,,,,,,,,,,,,,,,,,,,,,,,"236","16","798","172","7","1","2","1","FFFFFF","1AAAAAAAAAAAAA","4",,,,,,,
"4600770","2017-09-09T07:00:00","24.81","-132.98",,,"1","4","2","5",,,"11",,,,,,,,,"10183",,,"8",,,,,"9","237",,,,,,,,,,,,,"236","42","798","172","7","1","2","1","1FFF1F","1AAAA1AAA1AAAA","4",,,,,,,
"4601544","2017-09-09T07:00:00","20.39","-136.08",,,"1","4","2","5",,,"11",,,,,,,,,,,,"8",,,,,"9","252",,,,,,,,,,,,,"236","6","798","172","7","0",,"1","1FFFFF","1AAAAAAAA1AAAA","4",,,,,,,
"2200638","2017-09-09T07:01:00","25.56","-137.15",,,"1","4","2","5",,,"11",,,,,,,,,,,,"8",,,,,"9","243",,,,,,,,,,,,,"236","57","798","172","7","0",,"1","1FFFFF","1AAAAAAAA1AAAA","4",,,,,,,
"4601544","2017-09-09T07:30:00","20.39","-136.08",,,"1","4","2","5",,,"11",,,,,,,,,,,,"8",,,,,"9","253",,,,,,,,,,,,,"236","6","798","172","7","0",,"1","1FFFFF","1AAAAAAAA1AAAA","4",,,,,,,
"2100901","2017-09-09T07:50:00","20.51","-137.27",,,"1","4","2","5",,,"11",,,,,,,,,"10175",,,"8",,,,,"9","251",,,,,,,,,,,,,"236","7","798","172","7","1","2","1","1FFF1F","1AAAA1AAA1AAAA","4",,,,,,,
"2100530","2017-09-09T08:00:00","26.37","-131.89",,,"1","4","2","5",,,"11",,,,,,,,,"10189",,,"8",,,,,"9","235",,,,,,,,,,,,,"236","61","798","172","7","1","2","1","1FFF1F","1AAAA1AAA1AAAA","4",,,,,,,
"4600623","2017-09-09T08:00:00","21.95","-136.88",,,"1","3","2","5",,,"11",,,,,,,,,,,,,,,,,,,,,,,,,,,,,,,"236","16","798","172","7","1","2","1","FFFFFF","1AAAAAAAAAAAAA","4",,,,,,,
"4600770","2017-09-09T08:00:00","24.81","-132.98",,,"1","4","2","5",,,"11",,,,,,,,,"10181",,,"8",,,,,"9","237",,,,,,,,,,,,,"236","42","798","172","7","1","2","1","1FFF1F","1AAAA1AAA1AAAA","4",,,,,,,
"4601544","2017-09-09T08:00:00","20.39","-136.08",,,"1","4","2","5",,,"11",,,,,,,,,,,,"8",,,,,"9","253",,,,,,,,,,,,,"236","6","798","172","7","0",,"1","1FFFFF","1AAAAAAAA1AAAA","4",,,,,,,
"2200638","2017-09-09T08:01:00","25.56","-137.16",,,"1","4","2","5",,,"11",,,,,,,,,,,,"8",,,,,"9","242",,,,,,,,,,,,,"236","57","798","172","7","0",,"1","1FFFFF","1AAAAAAAA1AAAA","4",,,,,,,
"2100901","2017-09-09T08:50:00","20.50","-137.29",,,"1","4","2","5",,,"11",,,,,,,,,"10173",,,"8",,,,,"9","250",,,,,,,,,,,,,"236","7","798","172","7","1","2","1","1FFF1F","1AAAA1AAA1AAAA","4",,,,,,,
"2100530","2017-09-09T09:00:00","26.37","-131.89",,,"1","4","2","5",,,"11",,,,,,,,,"10188",,,"8",,,,,"9","235",,,,,,,,,,,,,"236","61","798","172","7","1","2","1","1FFF1F","1AAAA1AAA1AAAA","4",,,,,,,
"4600623","2017-09-09T09:00:00","21.95","-136.88",,,"1","3","2","5",,,"11",,,,,,,,,,,,,,,,,,,,,,,,,,,,,,,"236","16","798","172","7","1","2","1","FFFFFF","1AAAAAAAAAAAAA","4",,,,,,,
"4600770","2017-09-09T09:00:00","24.81","-132.98",,,"1","4","2","5",,,"11",,,,,,,,,"10179",,,"8",,,,,"9","236",,,,,,,,,,,,,"236","42","798","172","7","1","2","1","1FFF1F","1AAAA1AAA1AAAA","4",,,,,,,
"2200638","2017-09-09T09:01:00","25.56","-137.17",,,"1","4","2","5",,,"11",,,,,,,,,,,,"8",,,,,"9","242",,,,,,,,,,,,,"236","57","798","172","7","0",,"1","1FFFFF","1AAAAAAAA1AAAA","4",,,,,,,
"4601544","2017-09-09T09:02:00","20.39","-136.08",,,"1","4","2","5",,,"11",,,,,,,,,,,,"8",,,,,"9","252",,,,,,,,,,,,,"236","6","798","172","7","0",,"1","1FFFFF","1AAAAAAAA1AAAA","4",,,,,,,
"4601544","2017-09-09T09:30:00","20.39","-136.08",,,"1","4","2","5",,,"11",,,,,,,,,,,,"8",,,,,"9","252",,,,,,,,,,,,,"236","6","798","172","7","0",,"1","1FFFFF","1AAAAAAAA1AAAA","4",,,,,,,
"2100901","2017-09-09T09:50:00","20.50","-137.29",,,"1","4","2","5",,,"11",,,,,,,,,"10169",,,"8",,,,,"9","250",,,,,,,,,,,,,"236","7","798","172","7","1","2","1","1FFF1F","1AAAA1AAA1AAAA","4",,,,,,,
"2100530","2017-09-09T10:00:00","26.37","-131.89",,,"1","4","2","5",,,"11",,,,,,,,,"10186",,,"8",,,,,"9","235",,,,,,,,,,,,,"236","61","798","172","7","1","2","1","1FFF1F","1AAAA1AAA1AAAA","4",,,,,,,
"4600623","2017-09-09T10:00:00","21.90","-136.89",,,"1","3","2","5",,,"11",,,,,,,,,,,,,,,,,,,,,,,,,,,,,,,"236","16","798","172","7","1","2","1","FFFFFF","1AAAAAAAAAAAAA","4",,,,,,,
"4600770","2017-09-09T10:00:00","24.79","-133.03",,,"1","4","2","5",,,"11",,,,,,,,,"10177",,,"8",,,,,"9","236",,,,,,,,,,,,,"236","43","798","172","7","1","2","1","1FFF1F","1AAAA1AAA1AAAA","4",,,,,,,
"4601544","2017-09-09T10:00:00","20.39","-136.08",,,"1","4","2","5",,,"11",,,,,,,,,,,,"8",,,,,"9","252",,,,,,,,,,,,,"236","6","798","172","7","0",,"1","1FFFFF","1AAAAAAAA1AAAA","4",,,,,,,
"2200638","2017-09-09T10:01:00","25.57","-137.18",,,"1","4","2","5",,,"11",,,,,,,,,,,,"8",,,,,"9","242",,,,,,,,,,,,,"236","57","798","172","7","0",,"1","1FFFFF","1AAAAAAAA1AAAA","4",,,,,,,
"4601544","2017-09-09T10:30:00","20.39","-136.08",,,"1","4","2","5",,,"11",,,,,,,,,,,,"8",,,,,"9","252",,,,,,,,,,,,,"236","6","798","172","7","0",,"1","1FFFFF","1AAAAAAAA1AAAA","4",,,,,,,
"2100901","2017-09-09T10:50:00","20.50","-137.29",,,"1","4","2","5",,,"11",,,,,,,,,"10164",,,"8",,,,,"9","250",,,,,,,,,,,,,"236","7","798","172","7","1","2","1","1FFF1F","1AAAA1AAA1AAAA","4",,,,,,,
"2100530","2017-09-09T11:00:00","26.37","-131.89",,,"1","4","2","5",,,"11",,,,,,,,,"10183",,,"8",,,,,"9","234",,,,,,,,,,,,,"236","61","798","172","7","1","2","1","1FFF1F","1AAAA1AAA1AAAA","4",,,,,,,
"4600623","2017-09-09T11:00:00","21.95","-136.88",,,"1","3","2","5",,,"11",,,,,,,,,,,,,,,,,,,,,,,,,,,,,,,"236","16","798","172","7","1","2","1","FFFFFF","1AAAAAAAAAAAAA","4",,,,,,,
"4600770","2017-09-09T11:00:00","24.79","-133.03",,,"1","4","2","5",,,"11",,,,,,,,,"10173",,,"8",,,,,"9","236",,,,,,,,,,,,,"236","43","798","172","7","1","2","1","1FFF1F","1AAAA1AAA1AAAA","4",,,,,,,
"4601544","2017-09-09T11:00:00","20.39","-136.08",,,"1","4","2","5",,,"11",,,,,,,,,,,,"8",,,,,"9","252",,,,,,,,,,,,,"236","6","798","172","7","0",,"1","1FFFFF","1AAAAAAAA1AAAA","4",,,,,,,
"2200638","2017-09-09T11:01:00","25.57","-137.19",,,"1","4","2","5",,,"11",,,,,,,,,,,,"8",,,,,"9","242",,,,,,,,,,,,,"236","57","798","172","7","0",,"1","1FFFFF","1AAAAAAAA1AAAA","4",,,,,,,
"4601544","2017-09-09T11:30:00","20.39","-136.08",,,"1","4","2","5",,,"11",,,,,,,,,,,,"8",,,,,"9","252",,,,,,,,,,,,,"236","6","798","172","7","0",,"1","1FFFFF","1AAAAAAAA1AAAA","4",,,,,,,
"2100901","2017-09-09T11:50:00","20.50","-137.31",,,"1","4","2","5",,,"11",,,,,,,,,"10160",,,"8",,,,,"9","250",,,,,,,,,,,,,"236","7","798","172","7","1","2","1","1FFF1F","1AAAA1AAA1AAAA","4",,,,,,,
"2100530","2017-09-09T12:00:00","26.35","-131.97",,,"1","4","2","5",,,"11",,,,,,,,,"10186",,,"8",,,,,"9","234",,,,,,,,,,,,,"236","61","798","172","7","1","2","1","1FFF1F","1AAAA1AAA1AAAA","4",,,,,,,
"4600623","2017-09-09T12:00:00","21.95","-136.88",,,"1","3","2","5",,,"11",,,,,,,,,,,,,,,,,,,,,,,,,,,,,,,"236","16","798","172","7","1","2","1","FFFFFF","1AAAAAAAAAAAAA","4",,,,,,,
"4600770","2017-09-09T12:00:00","24.79","-133.03",,,"1","4","2","5",,,"11",,,,,,,,,"10174",,,"8",,,,,"9","236",,,,,,,,,,,,,"236","43","798","172","7","1","2","1","1FFF1F","1AAAA1AAA1AAAA","4",,,,,,,
"4601544","2017-09-09T12:00:00","20.39","-136.08",,,"1","4","2","5",,,"11",,,,,,,,,,,,"8",,,,,"9","252",,,,,,,,,,,,,"236","6","798","172","7","0",,"1","1FFFFF","1AAAAAAAA1AAAA","4",,,,,,,
"2200638","2017-09-09T12:01:00","25.57","-137.19",,,"1","4","2","5",,,"11",,,,,,,,,,,,"8",,,,,"9","242",,,,,,,,,,,,,"236","57","798","172","7","0",,"1","1FFFFF","1AAAAAAAA1AAAA","4",,,,,,,
"4601544","2017-09-09T12:30:00","20.39","-136.08",,,"1","4","2","5",,,"11",,,,,,,,,,,,"8",,,,,"9","252",,,,,,,,,,,,,"236","6","798","172","7","0",,"1","1FFFFF","1AAAAAAAA1AAAA","4",,,,,,,
"2100901","2017-09-09T12:50:00","20.48","-137.30",,,"1","4","2","5",,,"11",,,,,,,,,"10158",,,"8",,,,,"9","250",,,,,,,,,,,,,"236","7","798","172","7","1","2","1","1FFF1F","1AAAA1AAA1AAAA","4",,,,,,,
"2100530","2017-09-09T13:00:00","26.35","-131.96",,,"1","4","2","5",,,"11",,,,,,,,,"10186",,,"8",,,,,"9","234",,,,,,,,,,,,,"236","61","798","172","7","1","2","1","1FFF1F","1AAAA1AAA1AAAA","4",,,,,,,
"4600623","2017-09-09T13:00:00","21.90","-136.89",,,"1","3","2","5",,,"11",,,,,,,,,,,,,,,,,,,,,,,,,,,,,,,"236","16","798","172","7","1","2","1","FFFFFF","1AAAAAAAAAAAAA","4",,,,,,,
"4600770","2017-09-09T13:00:00","24.77","-133.04",,,"1","4","2","5",,,"11",,,,,,,,,"10173",,,"8",,,,,"9","236",,,,,,,,,,,,,"236","43","798","172","7","1","2","1","1FFF1F","1AAAA1AAA1AAAA","4",,,,,,,
"4601544","2017-09-09T13:00:00","20.39","-136.08",,,"1","4","2","5",,,"11",,,,,,,,,,,,"8",,,,,"9","252",,,,,,,,,,,,,"236","6","798","172","7","0",,"1","1FFFFF","1AAAAAAAA1AAAA","4",,,,,,,
"2200638","2017-09-09T13:01:00","25.57","-137.20",,,"1","4","2","5",,,"11",,,,,,,,,,,,"8",,,,,"9","242",,,,,,,,,,,,,"236","57","798","172","7","0",,"1","1FFFFF","1AAAAAAAA1AAAA","4",,,,,,,
"4601544","2017-09-09T13:30:00","20.39","-136.08",,,"1","4","2","5",,,"11",,,,,,,,,,,,"8",,,,,"9","252",,,,,,,,,,,,,"236","6","798","172","7","0",,"1","1FFFFF","1AAAAAAAA1AAAA","4",,,,,,,
"2100901","2017-09-09T13:50:00","20.48","-137.31",,,"1","4","2","5",,,"11",,,,,,,,,"10160",,,"8",,,,,"9","250",,,,,,,,,,,,,"236","7","798","172","7","1","2","1","1FFF1F","1AAAA1AAA1AAAA","4",,,,,,,
"2100530","2017-09-09T14:00:00","26.35","-131.98",,,"1","4","2","5",,,"11",,,,,,,,,"10190",,,"8",,,,,"9","234",,,,,,,,,,,,,"236","61","798","172","7","1","2","1","1FFF1F","1AAAA1AAA1AAAA","4",,,,,,,
"4600623","2017-09-09T14:00:00","21.89","-136.90",,,"1","3","2","5",,,"11",,,,,,,,,,,,,,,,,,,,,,,,,,,,,,,"236","16","798","172","7","1","2","1","FFFFFF","1AAAAAAAAAAAAA","4",,,,,,,
"4600770","2017-09-09T14:00:00","24.76","-133.04",,,"1","4","2","5",,,"11",,,,,,,,,"10176",,,"8",,,,,"9","236",,,,,,,,,,,,,"236","43","798","172","7","1","2","1","1FFF1F","1AAAA1AAA1AAAA","4",,,,,,,
"4601544","2017-09-09T14:00:00","20.38","-136.08",,,"1","4","2","5",,,"11",,,,,,,,,,,,"8",,,,,"9","252",,,,,,,,,,,,,"236","6","798","172","7","0",,"1","1FFFFF","1AAAAAAAA1AAAA","4",,,,,,,
"2200638","2017-09-09T14:01:00","25.57","-137.20",,,"1","4","2","5",,,"11",,,,,,,,,,,,"8",,,,,"9","242",,,,,,,,,,,,,"236","57","798","172","7","0",,"1","1FFFFF","1AAAAAAAA1AAAA","4",,,,,,,
"4601544","2017-09-09T14:30:00","20.38","-136.08",,,"1","4","2","5",,,"11",,,,,,,,,,,,"8",,,,,"9","252",,,,,,,,,,,,,"236","6","798","172","7","0",,"1","1FFFFF","1AAAAAAAA1AAAA","4",,,,,,,
"2100901","2017-09-09T14:50:00","20.47","-137.31",,,"1","4","2","5",,,"11",,,,,,,,,"10163",,,"8",,,,,"9","250",,,,,,,,,,,,,"236","7","798","172","7","1","2","1","1FFF1F","1AAAA1AAA1AAAA","4",,,,,,,
"2100530","2017-09-09T15:00:00","26.35","-132.00",,,"1","4","2","5",,,"11",,,,,,,,,"10193",,,"8",,,,,"9","234",,,,,,,,,,,,,"236","62","798","172","7","1","2","2","1FFF1F","1AAAA1AAA1AAAA","4",,,,,,,
"4600623","2017-09-09T15:00:00","21.88","-136.92",,,"1","3","2","5",,,"11",,,,,,,,,,,,,,,,,,,,,,,,,,,,,,,"236","16","798","172","7","1","2","1","FFFFFF","1AAAAAAAAAAAAA","4",,,,,,,
"4600770","2017-09-09T15:00:00","24.74","-133.06",,,"1","4","2","5",,,"11",,,,,,,,,"10181",,,"8",,,,,"9","236",,,,,,,,,,,,,"236","43","798","172","7","1","2","2","1FFF1F","1AAAA1AAA1AAAA","4",,,,,,,
"4601544","2017-09-09T15:00:00","20.38","-136.08",,,"1","4","2","5",,,"11",,,,,,,,,,,,"8",,,,,"9","252",,,,,,,,,,,,,"236","6","798","172","7","0",,"2","1FFFFF","1AAAAAAAA1AAAA","4",,,,,,,
"2200638","2017-09-09T15:01:00","25.57","-137.20",,,"1","4","2","5",,,"11",,,,,,,,,,,,"8",,,,,"9","242",,,,,,,,,,,,,"236","57","798","172","7","0",,"1","1FFFFF","1AAAAAAAA1AAAA","4",,,,,,,
"4601544","2017-09-09T15:30:00","20.38","-136.07",,,"1","4","2","5",,,"11",,,,,,,,,,,,"8",,,,,"9","252",,,,,,,,,,,,,"236","6","798","172","7","0",,"2","1FFFFF","1AAAAAAAA1AAAA","4",,,,,,,
"2100901","2017-09-09T15:50:00","20.47","-137.31",,,"1","4","2","5",,,"11",,,,,,,,,"10166",,,"8",,,,,"9","250",,,,,,,,,,,,,"236","7","798","172","7","1","2","2","1FFF1F","1AAAA1AAA1AAAA","4",,,,,,,
"2100530","2017-09-09T16:00:00","26.35","-132.00",,,"1","4","2","5",,,"11",,,,,,,,,"10198",,,"8",,,,,"9","234",,,,,,,,,,,,,"236","62","798","172","7","1","2","2","1FFF1F","1AAAA1AAA1AAAA","4",,,,,,,
"4600623","2017-09-09T16:00:00","21.88","-136.92",,,"1","3","2","5",,,"11",,,,,,,,,,,,,,,,,,,,,,,,,,,,,,,"236","16","798","172","7","1","2","2","FFFFFF","1AAAAAAAAAAAAA","4",,,,,,,
"4600770","2017-09-09T16:00:00","24.74","-133.06",,,"1","4","2","5",,,"11",,,,,,,,,"10185",,,"8",,,,,"9","236",,,,,,,,,,,,,"236","43","798","172","7","1","2","2","1FFF1F","1AAAA1AAA1AAAA","4",,,,,,,
"2200638","2017-09-09T16:01:00","25.57","-137.20",,,"1","4","2","5",,,"11",,,,,,,,,,,,"8",,,,,"9","242",,,,,,,,,,,,,"236","57","798","172","7","0",,"2","1FFFFF","1AAAAAAAA1AAAA","4",,,,,,,
"4601544","2017-09-09T16:01:00","20.38","-136.07",,,"1","4","2","5",,,"11",,,,,,,,,,,,"8",,,,,"9","252",,,,,,,,,,,,,"236","6","798","172","7","0",,"2","1FFFFF","1AAAAAAAA1AAAA","4",,,,,,,
"4601544","2017-09-09T16:30:00","20.39","-136.07",,,"1","4","2","5",,,"11",,,,,,,,,,,,"8",,,,,"9","252",,,,,,,,,,,,,"236","6","798","172","7","0",,"2","1FFFFF","1AAAAAAAA1AAAA","4",,,,,,,
"2100901","2017-09-09T16:50:00","20.47","-137.32",,,"1","4","2","5",,,"11",,,,,,,,,"10170",,,"8",,,,,"9","250",,,,,,,,,,,,,"236","7","798","172","7","1","2","2","1FFF1F","1AAAA1AAA1AAAA","4",,,,,,,
"2100530","2017-09-09T17:00:00","26.35","-132.02",,,"1","4","2","5",,,"11",,,,,,,,,"10202",,,"8",,,,,"9","234",,,,,,,,,,,,,"236","62","798","172","7","1","2","2","1FFF1F","1AAAA1AAA1AAAA","4",,,,,,,
"4600623","2017-09-09T17:00:00","21.88","-136.93",,,"1","3","2","5",,,"11",,,,,,,,,,,,,,,,,,,,,,,,,,,,,,,"236","16","798","172","7","1","2","2","FFFFFF","1AAAAAAAAAAAAA","4",,,,,,,
"4600770","2017-09-09T17:00:00","24.72","-133.08",,,"1","4","2","5",,,"11",,,,,,,,,"10188",,,"8",,,,,"9","235",,,,,,,,,,,,,"236","43","798","172","7","1","2","2","1FFF1F","1AAAA1AAA1AAAA","4",,,,,,,
"4601544","2017-09-09T17:00:00","20.39","-136.07",,,"1","4","2","5",,,"11",,,,,,,,,,,,"8",,,,,"9","252",,,,,,,,,,,,,"236","6","798","172","7","0",,"2","1FFFFF","1AAAAAAAA1AAAA","4",,,,,,,
"2200638","2017-09-09T17:01:00","25.57","-137.21",,,"1","4","2","5",,,"11",,,,,,,,,,,,"8",,,,,"9","242",,,,,,,,,,,,,"236","57","798","172","7","0",,"2","1FFFFF","1AAAAAAAA1AAAA","4",,,,,,,
"4601544","2017-09-09T17:30:00","20.38","-136.07",,,"1","4","2","5",,,"11",,,,,,,,,,,,"8",,,,,"9","252",,,,,,,,,,,,,"236","6","798","172","7","0",,"2","1FFFFF","1AAAAAAAA1AAAA","4",,,,,,,
"2100901","2017-09-09T17:50:00","20.47","-137.32",,,"1","4","2","5",,,"11",,,,,,,,,"10174",,,"8",,,,,"9","250",,,,,,,,,,,,,"236","7","798","172","7","1","2","2","1FFF1F","1AAAA1AAA1AAAA","4",,,,,,,
"2100530","2017-09-09T18:00:00","26.35","-132.02",,,"1","4","2","5",,,"11",,,,,,,,,"10204",,,"8",,,,,"9","234",,,,,,,,,,,,,"236","62","798","172","7","1","2","2","1FFF1F","1AAAA1AAA1AAAA","4",,,,,,,
"4600623","2017-09-09T18:00:00","21.87","-136.94",,,"1","3","2","5",,,"11",,,,,,,,,,,,,,,,,,,,,,,,,,,,,,,"236","16","798","172","7","1","2","2","FFFFFF","1AAAAAAAAAAAAA","4",,,,,,,
"4600770","2017-09-09T18:00:00","24.72","-133.09",,,"1","4","2","5",,,"11",,,,,,,,,"10188",,,"8",,,,,"9","235",,,,,,,,,,,,,"236","43","798","172","7","1","2","2","1FFF1F","1AAAA1AAA1AAAA","4",,,,,,,
"2200638","2017-09-09T18:01:00","25.57","-137.21",,,"1","4","2","5",,,"11",,,,,,,,,,,,"8",,,,,"9","242",,,,,,,,,,,,,"236","57","798","172","7","0",,"2","1FFFFF","1AAAAAAAA1AAAA","4",,,,,,,
"4601544","2017-09-09T18:32:00","20.38","-136.07",,,"1","4","2","5",,,"11",,,,,,,,,,,,"8",,,,,"9","252",,,,,,,,,,,,,"236","6","798","172","7","0",,"2","1FFFFF","1AAAAAAAA1AAAA","4",,,,,,,
"2100901","2017-09-09T18:50:00","20.45","-137.32",,,"1","4","2","5",,,"11",,,,,,,,,"10176",,,"8",,,,,"9","251",,,,,,,,,,,,,"236","7","798","172","7","1","2","2","1FFF1F","1AAAA1AAA1AAAA","4",,,,,,,
"2100530","2017-09-09T19:00:00","26.35","-132.03",,,"1","4","2","5",,,"11",,,,,,,,,"10203",,,"8",,,,,"9","233",,,,,,,,,,,,,"236","62","798","172","7","1","2","2","1FFF1F","1AAAA1AAA1AAAA","4",,,,,,,
"4600623","2017-09-09T19:00:00","21.87","-136.95",,,"1","3","2","5",,,"11",,,,,,,,,,,,,,,,,,,,,,,,,,,,,,,"236","16","798","172","7","1","2","2","FFFFFF","1AAAAAAAAAAAAA","4",,,,,,,
"4600770","2017-09-09T19:00:00","24.71","-133.11",,,"1","4","2","5",,,"11",,,,,,,,,"10189",,,"8",,,,,"9","235",,,,,,,,,,,,,"236","43","798","172","7","1","2","2","1FFF1F","1AAAA1AAA1AAAA","4",,,,,,,
"4601544","2017-09-09T19:00:00","20.38","-136.06",,,"1","4","2","5",,,"11",,,,,,,,,,,,"8",,,,,"9","253",,,,,,,,,,,,,"236","6","798","172","7","0",,"2","1FFFFF","1AAAAAAAA1AAAA","4",,,,,,,
"2200638","2017-09-09T19:01:00","25.56","-137.21",,,"1","4","2","5",,,"11",,,,,,,,,,,,"8",,,,,"9","242",,,,,,,,,,,,,"236","57","798","172","7","0",,"2","1FFFFF","1AAAAAAAA1AAAA","4",,,,,,,
"4601544","2017-09-09T19:30:00","20.38","-136.06",,,"1","4","2","5",,,"11",,,,,,,,,,,,"8",,,,,"9","253",,,,,,,,,,,,,"236","6","798","172","7","0",,"2","1FFFFF","1AAAAAAAA1AAAA","4",,,,,,,
"2100901","2017-09-09T19:50:00","20.44","-137.31",,,"1","4","2","5",,,"11",,,,,,,,,"10173",,,"8",,,,,"9","252",,,,,,,,,,,,,"236","7","798","172","7","1","2","2","1FFF1F","1AAAA1AAA1AAAA","4",,,,,,,
"2100530","2017-09-09T20:00:00","26.35","-132.03",,,"1","4","2","5",,,"11",,,,,,,,,"10201",,,"8",,,,,"9","234",,,,,,,,,,,,,"236","62","798","172","7","1","2","2","1FFF1F","1AAAA1AAA1AAAA","4",,,,,,,
"4600623","2017-09-09T20:00:00","21.86","-136.95",,,"1","3","2","5",,,"11",,,,,,,,,,,,,,,,,,,,,,,,,,,,,,,"236","16","798","172","7","1","2","2","FFFFFF","1AAAAAAAAAAAAA","4",,,,,,,
"4600770","2017-09-09T20:00:00","24.71","-133.11",,,"1","4","2","5",,,"11",,,,,,,,,"10187",,,"8",,,,,"9","235",,,,,,,,,,,,,"236","43","798","172","7","1","2","2","1FFF1F","1AAAA1AAA1AAAA","4",,,,,,,
"4601544","2017-09-09T20:00:00","20.38","-136.06",,,"1","4","2","5",,,"11",,,,,,,,,,,,"8",,,,,"9","254",,,,,,,,,,,,,"236","6","798","172","7","0",,"2","1FFFFF","1AAAAAAAA1AAAA","4",,,,,,,
"2200638","2017-09-09T20:01:00","25.56","-137.22",,,"1","4","2","5",,,"11",,,,,,,,,,,,"8",,,,,"9","243",,,,,,,,,,,,,"236","57","798","172","7","0",,"2","1FFFFF","1AAAAAAAA1AAAA","4",,,,,,,
"4601544","2017-09-09T20:30:00","20.38","-136.06",,,"1","4","2","5",,,"11",,,,,,,,,,,,"8",,,,,"9","254",,,,,,,,,,,,,"236","6","798","172","7","0",,"2","1FFFFF","1AAAAAAAA1AAAA","4",,,,,,,
"2100901","2017-09-09T20:50:00","20.44","-137.31",,,"1","4","2","5",,,"11",,,,,,,,,"10169",,,"8",,,,,"9","252",,,,,,,,,,,,,"236","7","798","172","7","1","2","2","1FFF1F","1AAAA1AAA1AAAA","4",,,,,,,
"2100530","2017-09-09T21:00:00","26.35","-132.03",,,"1","4","2","5",,,"11",,,,,,,,,"10196",,,"8",,,,,"9","234",,,,,,,,,,,,,"236","62","798","172","7","1","2","2","1FFF1F","1AAAA1AAA1AAAA","4",,,,,,,
"4600623","2017-09-09T21:00:00","21.86","-136.95",,,"1","3","2","5",,,"11",,,,,,,,,,,,,,,,,,,,,,,,,,,,,,,"236","16","798","172","7","1","2","2","FFFFFF","1AAAAAAAAAAAAA","4",,,,,,,
"4600770","2017-09-09T21:00:00","24.71","-133.11",,,"1","4","2","5",,,"11",,,,,,,,,"10185",,,"8",,,,,"9","236",,,,,,,,,,,,,"236","43","798","172","7","1","2","2","1FFF1F","1AAAA1AAA1AAAA","4",,,,,,,
"4601544","2017-09-09T21:00:00","20.38","-136.06",,,"1","4","2","5",,,"11",,,,,,,,,,,,"8",,,,,"9","255",,,,,,,,,,,,,"236","6","798","172","7","0",,"2","1FFFFF","1AAAAAAAA1AAAA","4",,,,,,,
"2200638","2017-09-09T21:01:00","25.55","-137.23",,,"1","4","2","5",,,"11",,,,,,,,,,,,"8",,,,,"9","243",,,,,,,,,,,,,"236","57","798","172","7","0",,"2","1FFFFF","1AAAAAAAA1AAAA","4",,,,,,,
"2100901","2017-09-09T21:50:00","20.44","-137.31",,,"1","4","2","5",,,"11",,,,,,,,,"10163",,,"8",,,,,"9","252",,,,,,,,,,,,,"236","7","798","172","7","1","2","2","1FFF1F","1AAAA1AAA1AAAA","4",,,,,,,
"2100530","2017-09-09T22:00:00","26.35","-132.04",,,"1","4","2","5",,,"11",,,,,,,,,"10190",,,"8",,,,,"9","234",,,,,,,,,,,,,"236","62","798","172","7","1","2","2","1FFF1F","1AAAA1AAA1AAAA","4",,,,,,,
"4600623","2017-09-09T22:00:00","21.82","-136.99",,,"1","3","2","5",,,"11",,,,,,,,,,,,,,,,,,,,,,,,,,,,,,,"236","16","798","172","7","1","2","2","FFFFFF","1AAAAAAAAAAAAA","4",,,,,,,
"4600770","2017-09-09T22:00:00","24.72","-133.16",,,"1","4","2","5",,,"11",,,,,,,,,"10181",,,"8",,,,,"9","236",,,,,,,,,,,,,"236","43","798","172","7","1","2","2","1FFF1F","1AAAA1AAA1AAAA","4",,,,,,,
"2200638","2017-09-09T22:01:00","25.55","-137.23",,,"1","4","2","5",,,"11",,,,,,,,,,,,"8",,,,,"9","243",,,,,,,,,,,,,"236","57","798","172","7","0",,"2","1FFFFF","1AAAAAAAA1AAAA","4",,,,,,,
"4601544","2017-09-09T22:02:00","20.37","-136.06",,,"1","4","2","5",,,"11",,,,,,,,,,,,"8",,,,,"9","255",,,,,,,,,,,,,"236","6","798","172","7","0",,"2","1FFFFF","1AAAAAAAA1AAAA","4",,,,,,,
"4601544","2017-09-09T22:32:00","20.37","-136.06",,,"1","4","2","5",,,"11",,,,,,,,,,,,"8",,,,,"9","256",,,,,,,,,,,,,"236","6","798","172","7","0",,"2","1FFFFF","1AAAAAAAA1AAAA","4",,,,,,,
"2100901","2017-09-09T22:50:00","20.39","-137.35",,,"1","4","2","5",,,"11",,,,,,,,,"10155",,,"8",,,,,"9","253",,,,,,,,,,,,,"236","7","798","172","7","1","2","2","1FFF1F","1AAAA1AAA1AAAA","4",,,,,,,
"2100530","2017-09-09T23:00:00","26.35","-132.04",,,"1","4","2","5",,,"11",,,,,,,,,"10187",,,"8",,,,,"9","235",,,,,,,,,,,,,"236","62","798","172","7","1","2","2","1FFF1F","1AAAA1AAA1AAAA","4",,,,,,,
"4600623","2017-09-09T23:00:00","21.82","-136.99",,,"1","3","2","5",,,"11",,,,,,,,,,,,,,,,,,,,,,,,,,,,,,,"236","16","798","172","7","1","2","2","FFFFFF","1AAAAAAAAAAAAA","4",,,,,,,
"4600770","2017-09-09T23:00:00","24.72","-133.16",,,"1","4","2","5",,,"11",,,,,,,,,"10176",,,"8",,,,,"9","236",,,,,,,,,,,,,"236","43","798","172","7","1","2","2","1FFF1F","1AAAA1AAA1AAAA","4",,,,,,,
"4601544","2017-09-09T23:00:00","20.37","-136.06",,,"1","4","2","5",,,"11",,,,,,,,,,,,"8",,,,,"9","256",,,,,,,,,,,,,"236","6","798","172","7","0",,"2","1FFFFF","1AAAAAAAA1AAAA","4",,,,,,,
"2200638","2017-09-09T23:01:00","25.54","-137.24",,,"1","4","2","5",,,"11",,,,,,,,,,,,"8",,,,,"9","243",,,,,,,,,,,,,"236","57","798","172","7","0",,"2","1FFFFF","1AAAAAAAA1AAAA","4",,,,,,,
"4601544","2017-09-09T23:32:00","20.37","-136.06",,,"1","4","2","5",,,"11",,,,,,,,,,,,"8",,,,,"9","255",,,,,,,,,,,,,"236","6","798","172","7","0",,"2","1FFFFF","1AAAAAAAA1AAAA","4",,,,,,,
"2100901","2017-09-09T23:50:00","20.39","-137.35",,,"1","4","2","5",,,"11",,,,,,,,,"10150",,,"8",,,,,"9","253",,,,,,,,,,,,,"236","7","798","172","7","1","2","2","1FFF1F","1AAAA1AAA1AAAA","4",,,,,,,
"2100530","2017-09-10T00:00:00","26.35","-132.04",,,"1","4","2","5",,,"11",,,,,,,,,"10184",,,"8",,,,,"9","235",,,,,,,,,,,,,"236","62","798","172","7","1","2","2","1FFF1F","1AAAA1AAA1AAAA","4",,,,,,,
"4600623","2017-09-10T00:00:00","21.82","-136.99",,,"1","3","2","5",,,"11",,,,,,,,,,,,,,,,,,,,,,,,,,,,,,,"236","16","798","172","7","1","2","2","FFFFFF","1AAAAAAAAAAAAA","4",,,,,,,
"4600770","2017-09-10T00:00:00","24.72","-133.17",,,"1","4","2","5",,,"11",,,,,,,,,"10173",,,"8",,,,,"9","236",,,,,,,,,,,,,"236","43","798","172","7","1","2","2","1FFF1F","1AAAA1AAA1AAAA","4",,,,,,,
"4601544","2017-09-10T00:00:00","20.36","-136.06",,,"1","4","2","5",,,"11",,,,,,,,,,,,"8",,,,,"9","255",,,,,,,,,,,,,"236","6","798","172","7","0",,"2","1FFFFF","1AAAAAAAA1AAAA","4",,,,,,,
"2200638","2017-09-10T00:01:00","25.53","-137.25",,,"1","4","2","5",,,"11",,,,,,,,,,,,"8",,,,,"9","243",,,,,,,,,,,,,"236","57","798","172","7","0",,"2","1FFFFF","1AAAAAAAA1AAAA","4",,,,,,,
"4601544","2017-09-10T00:30:00","20.36","-136.06",,,"1","4","2","5",,,"11",,,,,,,,,,,,"8",,,,,"9","255",,,,,,,,,,,,,"236","6","798","172","7","0",,"2","1FFFFF","1AAAAAAAA1AAAA","4",,,,,,,
"2100901","2017-09-10T00:50:00","20.39","-137.35",,,"1","4","2","5",,,"11",,,,,,,,,"10149",,,"8",,,,,"9","253",,,,,,,,,,,,,"236","7","798","172","7","1","2","2","1FFF1F","1AAAA1AAA1AAAA","4",,,,,,,
"2100530","2017-09-10T01:00:00","26.35","-132.05",,,"1","4","2","5",,,"11",,,,,,,,,"10184",,,"8",,,,,"9","234",,,,,,,,,,,,,"236","62","798","172","7","1","2","2","1FFF1F","1AAAA1AAA1AAAA","4",,,,,,,
"4600623","2017-09-10T01:00:00","21.82","-136.99",,,"1","3","2","5",,,"11",,,,,,,,,,,,,,,,,,,,,,,,,,,,,,,"236","16","798","172","7","1","2","2","FFFFFF","1AAAAAAAAAAAAA","4",,,,,,,
"4600770","2017-09-10T01:00:00","24.72","-133.18",,,"1","4","2","5",,,"11",,,,,,,,,"10172",,,"8",,,,,"9","236",,,,,,,,,,,,,"236","43","798","172","7","1","2","2","1FFF1F","1AAAA1AAA1AAAA","4",,,,,,,
"2200638","2017-09-10T01:01:00","25.52","-137.25",,,"1","4","2","5",,,"11",,,,,,,,,,,,"8",,,,,"9","243",,,,,,,,,,,,,"236","57","798","172","7","0",,"2","1FFFFF","1AAAAAAAA1AAAA","4",,,,,,,
"4601544","2017-09-10T01:32:00","20.36","-136.07",,,"1","4","2","5",,,"11",,,,,,,,,,,,"8",,,,,"9","255",,,,,,,,,,,,,"236","6","798","172","7","0",,"2","1FFFFF","1AAAAAAAA1AAAA","4",,,,,,,
"2100901","2017-09-10T01:50:00","20.38","-137.36",,,"1","4","2","5",,,"11",,,,,,,,,"10150",,,"8",,,,,"9","252",,,,,,,,,,,,,"236","7","798","172","7","1","2","2","1FFF1F","1AAAA1AAA1AAAA","4",,,,,,,
"2100530","2017-09-10T02:00:00","26.35","-132.05",,,"1","4","2","5",,,"11",,,,,,,,,"10187",,,"8",,,,,"9","234",,,,,,,,,,,,,"236","62","798","172","7","1","2","2","1FFF1F","1AAAA1AAA1AAAA","4",,,,,,,
"4600623","2017-09-10T02:00:00","21.82","-137.00",,,"1","3","2","5",,,"11",,,,,,,,,,,,,,,,,,,,,,,,,,,,,,,"236","17","798","172","7","1","2","2","FFFFFF","1AAAAAAAAAAAAA","4",,,,,,,
"4600770","2017-09-10T02:00:00","24.72","-133.18",,,"1","4","2","5",,,"11",,,,,,,,,"10173",,,"8",,,,,"9","236",,,,,,,,,,,,,"236","43","798","172","7","1","2","2","1FFF1F","1AAAA1AAA1AAAA","4",,,,,,,
"2200638","2017-09-10T02:01:00","25.51","-137.26",,,"1","4","2","5",,,"11",,,,,,,,,,,,"8",,,,,"9","243",,,,,,,,,,,,,"236","57","798","172","7","0",,"2","1FFFFF","1AAAAAAAA1AAAA","4",,,,,,,
"4601544","2017-09-10T02:32:00","20.35","-136.07",,,"1","4","2","5",,,"11",,,,,,,,,,,,"8",,,,,"9","254",,,,,,,,,,,,,"236","6","798","172","7","0",,"2","1FFFFF","1AAAAAAAA1AAAA","4",,,,,,,
"2100901","2017-09-10T02:50:00","20.38","-137.36",,,"1","4","2","5",,,"11",,,,,,,,,"10154",,,"8",,,,,"9","252",,,,,,,,,,,,,"236","7","798","172","7","1","2","2","1FFF1F","1AAAA1AAA1AAAA","4",,,,,,,
"2100530","2017-09-10T03:00:00","26.33","-132.05",,,"1","4","2","5",,,"11",,,,,,,,,"10189",,,"8",,,,,"9","234",,,,,,,,,,,,,"236","62","798","172","7","1","2","1","1FFF1F","1AAAA1AAA1AAAA","4",,,,,,,
"4600623","2017-09-10T03:00:00","21.80","-137.02",,,"1","3","2","5",,,"11",,,,,,,,,,,,,,,,,,,,,,,,,,,,,,,"236","17","798","172","7","1","2","2","FFFFFF","1AAAAAAAAAAAAA","4",,,,,,,
"4600770","2017-09-10T03:00:00","24.71","-133.19",,,"1","4","2","5",,,"11",,,,,,,,,"10175",,,"8",,,,,"9","236",,,,,,,,,,,,,"236","43","798","172","7","1","2","1","1FFF1F","1AAAA1AAA1AAAA","4",,,,,,,
"4601544","2017-09-10T03:00:00","20.35","-136.07",,,"1","4","2","5",,,"11",,,,,,,,,,,,"8",,,,,"9","254",,,,,,,,,,,,,"236","6","798","172","7","0",,"2","1FFFFF","1AAAAAAAA1AAAA","4",,,,,,,
"2200638","2017-09-10T03:01:00","25.51","-137.27",,,"1","4","2","5",,,"11",,,,,,,,,,,,"8",,,,,"9","243",,,,,,,,,,,,,"236","57","798","172","7","0",,"2","1FFFFF","1AAAAAAAA1AAAA","4",,,,,,,
"4601544","2017-09-10T03:30:00","20.35","-136.07",,,"1","4","2","5",,,"11",,,,,,,,,,,,"8",,,,,"9","254",,,,,,,,,,,,,"236","6","798","172","7","0",,"1","1FFFFF","1AAAAAAAA1AAAA","4",,,,,,,
"2100901","2017-09-10T03:50:00","20.37","-137.37",,,"1","4","2","5",,,"11",,,,,,,,,"10159",,,"8",,,,,"9","252",,,,,,,,,,,,,"236","7","798","172","7","1","2","1","1FFF1F","1AAAA1AAA1AAAA","4",,,,,,,
"4600059","2017-09-10T03:50:00","27.80","-135.90",,,"1","3","2","5",,,"11","0","70","1","90",,,,,"10206",,,,,,,,,,,,,,,,,"6","4",,"14","2","236","75","798","172","6","1","2","1","FF11FF","11AAAAAAAAAAAA",,,"6",,,,,"4"
"2100530","2017-09-10T04:00:00","26.33","-132.05",,,"1","4","2","5",,,"11",,,,,,,,,"10194",,,"8",,,,,"9","233",,,,,,,,,,,,,"236","62","798","172","7","1","2","1","1FFF1F","1AAAA1AAA1AAAA","4",,,,,,,
"4600623","2017-09-10T04:00:00","21.80","-137.02",,,"1","3","2","5",,,"11",,,,,,,,,,,,,,,,,,,,,,,,,,,,,,,"236","17","798","172","7","1","2","1","FFFFFF","1AAAAAAAAAAAAA","4",,,,,,,
"4600770","2017-09-10T04:00:00","24.71","-133.19",,,"1","4","2","5",,,"11",,,,,,,,,"10178",,,"8",,,,,"9","236",,,,,,,,,,,,,"236","43","798","172","7","1","2","1","1FFF1F","1AAAA1AAA1AAAA","4",,,,,,,
"4601544","2017-09-10T04:00:00","20.35","-136.07",,,"1","4","2","5",,,"11",,,,,,,,,,,,"8",,,,,"9","254",,,,,,,,,,,,,"236","6","798","172","7","0",,"1","1FFFFF","1AAAAAAAA1AAAA","4",,,,,,,
"2200638","2017-09-10T04:01:00","25.51","-137.29",,,"1","4","2","5",,,"11",,,,,,,,,,,,"8",,,,,"9","243",,,,,,,,,,,,,"236","57","798","172","7","0",,"1","1FFFFF","1AAAAAAAA1AAAA","4",,,,,,,
"4601544","2017-09-10T04:30:00","20.35","-136.08",,,"1","4","2","5",,,"11",,,,,,,,,,,,"8",,,,,"9","254",,,,,,,,,,,,,"236","6","798","172","7","0",,"1","1FFFFF","1AAAAAAAA1AAAA","4",,,,,,,
"2100901","2017-09-10T04:50:00","20.36","-137.38",,,"1","4","2","5",,,"11",,,,,,,,,"10165",,,"8",,,,,"9","252",,,,,,,,,,,,,"236","7","798","172","7","1","2","1","1FFF1F","1AAAA1AAA1AAAA","4",,,,,,,
"2100530","2017-09-10T05:00:00","26.32","-132.06",,,"1","4","2","5",,,"11",,,,,,,,,"10200",,,"8",,,,,"9","233",,,,,,,,,,,,,"236","62","798","172","7","1","2","1","1FFF1F","1AAAA1AAA1AAAA","4",,,,,,,
"4600623","2017-09-10T05:00:00","21.80","-137.03",,,"1","3","2","5",,,"11",,,,,,,,,,,,,,,,,,,,,,,,,,,,,,,"236","17","798","172","7","1","2","1","FFFFFF","1AAAAAAAAAAAAA","4",,,,,,,
"4600770","2017-09-10T05:00:00","24.70","-133.19",,,"1","4","2","5",,,"11",,,,,,,,,"10186",,,"8",,,,,"9","236",,,,,,,,,,,,,"236","43","798","172","7","1","2","1","1FFF1F","1AAAA1AAA1AAAA","4",,,,,,,
"4601544","2017-09-10T05:00:00","20.35","-136.08",,,"1","4","2","5",,,"11",,,,,,,,,,,,"8",,,,,"9","253",,,,,,,,,,,,,"236","6","798","172","7","0",,"1","1FFFFF","1AAAAAAAA1AAAA","4",,,,,,,
"2200638","2017-09-10T05:01:00","25.50","-137.30",,,"1","4","2","5",,,"11",,,,,,,,,,,,"8",,,,,"9","242",,,,,,,,,,,,,"236","57","798","172","7","0",,"1","1FFFFF","1AAAAAAAA1AAAA","4",,,,,,,
"4601544","2017-09-10T05:30:00","20.35","-136.08",,,"1","4","2","5",,,"11",,,,,,,,,,,,"8",,,,,"9","253",,,,,,,,,,,,,"236","6","798","172","7","0",,"1","1FFFFF","1AAAAAAAA1AAAA","4",,,,,,,
"2100901","2017-09-10T05:50:00","20.36","-137.38",,,"1","4","2","5",,,"11",,,,,,,,,"10173",,,"8",,,,,"9","252",,,,,,,,,,,,,"236","7","798","172","7","1","2","1","1FFF1F","1AAAA1AAA1AAAA","4",,,,,,,
"2100530","2017-09-10T06:00:00","26.31","-132.05",,,"1","4","2","5",,,"11",,,,,,,,,"10202",,,"8",,,,,"9","233",,,,,,,,,,,,,"236","62","798","172","7","1","2","1","1FFF1F","1AAAA1AAA1AAAA","4",,,,,,,
"4600623","2017-09-10T06:00:00","21.80","-137.03",,,"1","3","2","5",,,"11",,,,,,,,,,,,,,,,,,,,,,,,,,,,,,,"236","17","798","172","7","1","2","1","FFFFFF","1AAAAAAAAAAAAA","4",,,,,,,
"4600770","2017-09-10T06:00:00","24.69","-133.19",,,"1","4","2","5",,,"11",,,,,,,,,"10189",,,"8",,,,,"9","236",,,,,,,,,,,,,"236","43","798","172","7","1","2","1","1FFF1F","1AAAA1AAA1AAAA","4",,,,,,,
"4601544","2017-09-10T06:00:00","20.35","-136.08",,,"1","4","2","5",,,"11",,,,,,,,,,,,"8",,,,,"9","253",,,,,,,,,,,,,"236","6","798","172","7","0",,"1","1FFFFF","1AAAAAAAA1AAAA","4",,,,,,,
"2200638","2017-09-10T06:01:00","25.49","-137.31",,,"1","4","2","5",,,"11",,,,,,,,,,,,"8",,,,,"9","242",,,,,,,,,,,,,"236","57","798","172","7","0",,"1","1FFFFF","1AAAAAAAA1AAAA","4",,,,,,,
"4601544","2017-09-10T06:30:00","20.35","-136.08",,,"1","4","2","5",,,"11",,,,,,,,,,,,"8",,,,,"9","253",,,,,,,,,,,,,"236","6","798","172","7","0",,"1","1FFFFF","1AAAAAAAA1AAAA","4",,,,,,,
"2100901","2017-09-10T06:50:00","20.35","-137.40",,,"1","4","2","5",,,"11",,,,,,,,,"10174",,,"8",,,,,"9","252",,,,,,,,,,,,,"236","7","798","172","7","1","2","1","1FFF1F","1AAAA1AAA1AAAA","4",,,,,,,
"2100530","2017-09-10T07:00:00","26.31","-132.06",,,"1","4","2","5",,,"11",,,,,,,,,"10204",,,"8",,,,,"9","233",,,,,,,,,,,,,"236","62","798","172","7","1","2","1","1FFF1F","1AAAA1AAA1AAAA","4",,,,,,,
"4600623","2017-09-10T07:00:00","21.81","-137.03",,,"1","3","2","5",,,"11",,,,,,,,,,,,,,,,,,,,,,,,,,,,,,,"236","17","798","172","7","1","2","1","FFFFFF","1AAAAAAAAAAAAA","4",,,,,,,
"4600770","2017-09-10T07:00:00","24.69","-133.19",,,"1","4","2","5",,,"11",,,,,,,,,"10192",,,"8",,,,,"9","235",,,,,,,,,,,,,"236","43","798","172","7","1","2","1","1FFF1F","1AAAA1AAA1AAAA","4",,,,,,,
"4601544","2017-09-10T07:00:00","20.35","-136.08",,,"1","4","2","5",,,"11",,,,,,,,,,,,"8",,,,,"9","253",,,,,,,,,,,,,"236","6","798","172","7","0",,"1","1FFFFF","1AAAAAAAA1AAAA","4",,,,,,,
"2200638","2017-09-10T07:01:00","25.49","-137.32",,,"1","4","2","5",,,"11",,,,,,,,,,,,"8",,,,,"9","242",,,,,,,,,,,,,"236","57","798","172","7","0",,"1","1FFFFF","1AAAAAAAA1AAAA","4",,,,,,,
"4601544","2017-09-10T07:30:00","20.35","-136.09",,,"1","4","2","5",,,"11",,,,,,,,,,,,"8",,,,,"9","253",,,,,,,,,,,,,"236","6","798","172","7","0",,"1","1FFFFF","1AAAAAAAA1AAAA","4",,,,,,,
"2100530","2017-09-10T08:00:00","26.31","-132.06",,,"1","4","2","5",,,"11",,,,,,,,,"10202",,,"8",,,,,"9","233",,,,,,,,,,,,,"236","62","798","172","7","1","2","1","1FFF1F","1AAAA1AAA1AAAA","4",,,,,,,
"4600623","2017-09-10T08:00:00","21.80","-137.05",,,"1","3","2","5",,,"11",,,,,,,,,,,,,,,,,,,,,,,,,,,,,,,"236","17","798","172","7","1","2","1","FFFFFF","1AAAAAAAAAAAAA","4",,,,,,,
"4600770","2017-09-10T08:00:00","24.69","-133.19",,,"1","4","2","5",,,"11",,,,,,,,,"10192",,,"8",,,,,"9","235",,,,,,,,,,,,,"236","43","798","172","7","1","2","1","1FFF1F","1AAAA1AAA1AAAA","4",,,,,,,
"4601544","2017-09-10T08:00:00","20.35","-136.09",,,"1","4","2","5",,,"11",,,,,,,,,,,,"8",,,,,"9","252",,,,,,,,,,,,,"236","6","798","172","7","0",,"1","1FFFFF","1AAAAAAAA1AAAA","4",,,,,,,
"2200638","2017-09-10T08:01:00","25.49","-137.34",,,"1","4","2","5",,,"11",,,,,,,,,,,,"8",,,,,"9","242",,,,,,,,,,,,,"236","57","798","172","7","0",,"1","1FFFFF","1AAAAAAAA1AAAA","4",,,,,,,
"4601544","2017-09-10T08:30:00","20.35","-136.09",,,"1","4","2","5",,,"11",,,,,,,,,,,,"8",,,,,"9","252",,,,,,,,,,,,,"236","6","798","172","7","0",,"1","1FFFFF","1AAAAAAAA1AAAA","4",,,,,,,
"2100901","2017-09-10T08:50:00","20.34","-137.41",,,"1","4","2","5",,,"11",,,,,,,,,"10172",,,"8",,,,,"9","252",,,,,,,,,,,,,"236","7","798","172","7","1","2","1","1FFF1F","1AAAA1AAA1AAAA","4",,,,,,,
"2100530","2017-09-10T09:00:00","26.31","-132.06",,,"1","4","2","5",,,"11",,,,,,,,,"10200",,,"8",,,,,"9","233",,,,,,,,,,,,,"236","62","798","172","7","1","2","1","1FFF1F","1AAAA1AAA1AAAA","4",,,,,,,
"4600623","2017-09-10T09:00:00","21.80","-137.05",,,"1","3","2","5",,,"11",,,,,,,,,,,,,,,,,,,,,,,,,,,,,,,"236","17","798","172","7","1","2","1","FFFFFF","1AAAAAAAAAAAAA","4",,,,,,,
"4600770","2017-09-10T09:00:00","24.69","-133.19",,,"1","4","2","5",,,"11",,,,,,,,,"10189",,,"8",,,,,"9","235",,,,,,,,,,,,,"236","43","798","172","7","1","2","1","1FFF1F","1AAAA1AAA1AAAA","4",,,,,,,
"4601544","2017-09-10T09:00:00","20.35","-136.09",,,"1","4","2","5",,,"11",,,,,,,,,,,,"8",,,,,"9","252",,,,,,,,,,,,,"236","6","798","172","7","0",,"1","1FFFFF","1AAAAAAAA1AAAA","4",,,,,,,
"2200638","2017-09-10T09:01:00","25.49","-137.35",,,"1","4","2","5",,,"11",,,,,,,,,,,,"8",,,,,"9","242",,,,,,,,,,,,,"236","57","798","172","7","0",,"1","1FFFFF","1AAAAAAAA1AAAA","4",,,,,,,
"4601544","2017-09-10T09:30:00","20.35","-136.10",,,"1","4","2","5",,,"11",,,,,,,,,,,,"8",,,,,"9","252",,,,,,,,,,,,,"236","6","798","172","7","0",,"1","1FFFFF","1AAAAAAAA1AAAA","4",,,,,,,
"2100901","2017-09-10T09:50:00","20.34","-137.41",,,"1","4","2","5",,,"11",,,,,,,,,"10166",,,"8",,,,,"9","251",,,,,,,,,,,,,"236","7","798","172","7","1","2","1","1FFF1F","1AAAA1AAA1AAAA","4",,,,,,,
"2100530","2017-09-10T10:00:00","26.31","-132.06",,,"1","4","2","5",,,"11",,,,,,,,,"10195",,,"8",,,,,"9","233",,,,,,,,,,,,,"236","62","798","172","7","1","2","1","1FFF1F","1AAAA1AAA1AAAA","4",,,,,,,
"4600623","2017-09-10T10:00:00","21.80","-137.05",,,"1","3","2","5",,,"11",,,,,,,,,,,,,,,,,,,,,,,,,,,,,,,"236","17","798","172","7","1","2","1","FFFFFF","1AAAAAAAAAAAAA","4",,,,,,,
"4600770","2017-09-10T10:00:00","24.69","-133.19",,,"1","4","2","5",,,"11",,,,,,,,,"10186",,,"8",,,,,"9","235",,,,,,,,,,,,,"236","43","798","172","7","1","2","1","1FFF1F","1AAAA1AAA1AAAA","4",,,,,,,
"4601544","2017-09-10T10:00:00","20.35","-136.10",,,"1","4","2","5",,,"11",,,,,,,,,,,,"8",,,,,"9","252",,,,,,,,,,,,,"236","6","798","172","7","0",,"1","1FFFFF","1AAAAAAAA1AAAA","4",,,,,,,
"2200638","2017-09-10T10:01:00","25.48","-137.36",,,"1","4","2","5",,,"11",,,,,,,,,,,,"8",,,,,"9","241",,,,,,,,,,,,,"236","57","798","172","7","0",,"1","1FFFFF","1AAAAAAAA1AAAA","4",,,,,,,
"4601544","2017-09-10T10:30:00","20.36","-136.10",,,"1","4","2","5",,,"11",,,,,,,,,,,,"8",,,,,"9","252",,,,,,,,,,,,,"236","6","798","172","7","0",,"1","1FFFFF","1AAAAAAAA1AAAA","4",,,,,,,
"2100901","2017-09-10T10:50:00","20.34","-137.41",,,"1","4","2","5",,,"11",,,,,,,,,"10162",,,"8",,,,,"9","251",,,,,,,,,,,,,"236","7","798","172","7","1","2","1","1FFF1F","1AAAA1AAA1AAAA","4",,,,,,,
"2100530","2017-09-10T11:00:00","26.28","-132.10",,,"1","4","2","5",,,"11",,,,,,,,,"10192",,,"8",,,,,"9","233",,,,,,,,,,,,,"236","62","798","172","7","1","2","1","1FFF1F","1AAAA1AAA1AAAA","4",,,,,,,
"4600623","2017-09-10T11:00:00","21.76","-137.07",,,"1","3","2","5",,,"11",,,,,,,,,,,,,,,,,,,,,,,,,,,,,,,"236","17","798","172","7","1","2","1","FFFFFF","1AAAAAAAAAAAAA","4",,,,,,,
"4600770","2017-09-10T11:00:00","24.69","-133.19",,,"1","4","2","5",,,"11",,,,,,,,,"10182",,,"8",,,,,"9","235",,,,,,,,,,,,,"236","43","798","172","7","1","2","1","1FFF1F","1AAAA1AAA1AAAA","4",,,,,,,
"4601544","2017-09-10T11:00:00","20.36","-136.10",,,"1","4","2","5",,,"11",,,,,,,,,,,,"8",,,,,"9","252",,,,,,,,,,,,,"236","6","798","172","7","0",,"1","1FFFFF","1AAAAAAAA1AAAA","4",,,,,,,
"2200638","2017-09-10T11:01:00","25.48","-137.37",,,"1","4","2","5",,,"11",,,,,,,,,,,,"8",,,,,"9","241",,,,,,,,,,,,,"236","57","798","172","7","0",,"1","1FFFFF","1AAAAAAAA1AAAA","4",,,,,,,
"4601544","2017-09-10T11:30:00","20.36","-136.10",,,"1","4","2","5",,,"11",,,,,,,,,,,,"8",,,,,"9","252",,,,,,,,,,,,,"236","6","798","172","7","0",,"1","1FFFFF","1AAAAAAAA1AAAA","4",,,,,,,
"2100901","2017-09-10T11:50:00","20.34","-137.41",,,"1","4","2","5",,,"11",,,,,,,,,"10157",,,"8",,,,,"9","251",,,,,,,,,,,,,"236","7","798","172","7","1","2","1","1FFF1F","1AAAA1AAA1AAAA","4",,,,,,,
"2100530","2017-09-10T12:00:00","26.27","-132.11",,,"1","4","2","5",,,"11",,,,,,,,,"10190",,,"8",,,,,"9","233",,,,,,,,,,,,,"236","62","798","172","7","1","2","1","1FFF1F","1AAAA1AAA1AAAA","4",,,,,,,
"4600623","2017-09-10T12:00:00","21.80","-137.05",,,"1","3","2","5",,,"11",,,,,,,,,,,,,,,,,,,,,,,,,,,,,,,"236","17","798","172","7","1","2","1","FFFFFF","1AAAAAAAAAAAAA","4",,,,,,,
"4600770","2017-09-10T12:00:00","24.69","-133.19",,,"1","4","2","5",,,"11",,,,,,,,,"10179",,,"8",,,,,"9","235",,,,,,,,,,,,,"236","43","798","172","7","1","2","1","1FFF1F","1AAAA1AAA1AAAA","4",,,,,,,
"4601544","2017-09-10T12:00:00","20.36","-136.10",,,"1","4","2","5",,,"11",,,,,,,,,,,,"8",,,,,"9","252",,,,,,,,,,,,,"236","6","798","172","7","0",,"1","1FFFFF","1AAAAAAAA1AAAA","4",,,,,,,
"2200638","2017-09-10T12:01:00","25.48","-137.38",,,"1","4","2","5",,,"11",,,,,,,,,,,,"8",,,,,"9","241",,,,,,,,,,,,,"236","57","798","172","7","0",,"1","1FFFFF","1AAAAAAAA1AAAA","4",,,,,,,
"4601544","2017-09-10T12:30:00","20.36","-136.11",,,"1","4","2","5",,,"11",,,,,,,,,,,,"8",,,,,"9","252",,,,,,,,,,,,,"236","6","798","172","7","0",,"1","1FFFFF","1AAAAAAAA1AAAA","4",,,,,,,
"2100901","2017-09-10T12:50:00","20.32","-137.46",,,"1","4","2","5",,,"11",,,,,,,,,"10155",,,"8",,,,,"9","251",,,,,,,,,,,,,"236","7","798","172","7","1","2","1","1FFF1F","1AAAA1AAA1AAAA","4",,,,,,,
"2100530","2017-09-10T13:00:00","26.27","-132.12",,,"1","4","2","5",,,"11",,,,,,,,,"10188",,,"8",,,,,"9","233",,,,,,,,,,,,,"236","62","798","172","7","1","2","1","1FFF1F","1AAAA1AAA1AAAA","4",,,,,,,
"4600623","2017-09-10T13:00:00","21.76","-137.07",,,"1","3","2","5",,,"11",,,,,,,,,,,,,,,,,,,,,,,,,,,,,,,"236","17","798","172","7","1","2","1","FFFFFF","1AAAAAAAAAAAAA","4",,,,,,,
"4600770","2017-09-10T13:00:00","24.64","-133.23",,,"1","4","2","5",,,"11",,,,,,,,,"10178",,,"8",,,,,"9","235",,,,,,,,,,,,,"236","43","798","172","7","1","2","1","1FFF1F","1AAAA1AAA1AAAA","4",,,,,,,
"4601544","2017-09-10T13:00:00","20.36","-136.11",,,"1","4","2","5",,,"11",,,,,,,,,,,,"8",,,,,"9","252",,,,,,,,,,,,,"236","6","798","172","7","0",,"1","1FFFFF","1AAAAAAAA1AAAA","4",,,,,,,
"2200638","2017-09-10T13:01:00","25.48","-137.39",,,"1","4","2","5",,,"11",,,,,,,,,,,,"8",,,,,"9","241",,,,,,,,,,,,,"236","57","798","172","7","0",,"1","1FFFFF","1AAAAAAAA1AAAA","4",,,,,,,
"4601544","2017-09-10T13:30:00","20.36","-136.11",,,"1","4","2","5",,,"11",,,,,,,,,,,,"8",,,,,"9","252",,,,,,,,,,,,,"236","6","798","172","7","0",,"1","1FFFFF","1AAAAAAAA1AAAA","4",,,,,,,
"2100901","2017-09-10T13:50:00","20.31","-137.46",,,"1","4","2","5",,,"11",,,,,,,,,"10157",,,"8",,,,,"9","251",,,,,,,,,,,,,"236","7","798","172","7","1","2","1","1FFF1F","1AAAA1AAA1AAAA","4",,,,,,,
"2100530","2017-09-10T14:00:00","26.27","-132.12",,,"1","4","2","5",,,"11",,,,,,,,,"10191",,,"8",,,,,"9","233",,,,,,,,,,,,,"236","62","798","172","7","1","2","1","1FFF1F","1AAAA1AAA1AAAA","4",,,,,,,
"4600623","2017-09-10T14:00:00","21.75","-137.06",,,"1","3","2","5",,,"11",,,,,,,,,,,,,,,,,,,,,,,,,,,,,,,"236","17","798","172","7","1","2","1","FFFFFF","1AAAAAAAAAAAAA","4",,,,,,,
"4600770","2017-09-10T14:00:00","24.64","-133.23",,,"1","4","2","5",,,"11",,,,,,,,,"10180",,,"8",,,,,"9","235",,,,,,,,,,,,,"236","43","798","172","7","1","2","1","1FFF1F","1AAAA1AAA1AAAA","4",,,,,,,
"4601544","2017-09-10T14:00:00","20.36","-136.11",,,"1","4","2","5",,,"11",,,,,,,,,,,,"8",,,,,"9","251",,,,,,,,,,,,,"236","6","798","172","7","0",,"1","1FFFFF","1AAAAAAAA1AAAA","4",,,,,,,
"2200638","2017-09-10T14:01:00","25.48","-137.39",,,"1","4","2","5",,,"11",,,,,,,,,,,,"8",,,,,"9","241",,,,,,,,,,,,,"236","57","798","172","7","0",,"1","1FFFFF","1AAAAAAAA1AAAA","4",,,,,,,
"4601544","2017-09-10T14:30:00","20.36","-136.10",,,"1","4","2","5",,,"11",,,,,,,,,,,,"8",,,,,"9","251",,,,,,,,,,,,,"236","6","798","172","7","0",,"1","1FFFFF","1AAAAAAAA1AAAA","4",,,,,,,
"2100901","2017-09-10T14:50:00","20.30","-137.46",,,"1","4","2","5",,,"11",,,,,,,,,"10160",,,"8",,,,,"9","251",,,,,,,,,,,,,"236","7","798","172","7","1","2","1","1FFF1F","1AAAA1AAA1AAAA","4",,,,,,,
"2100530","2017-09-10T15:00:00","26.27","-132.15",,,"1","4","2","5",,,"11",,,,,,,,,"10192",,,"8",,,,,"9","232",,,,,,,,,,,,,"236","62","798","172","7","1","2","2","1FFF1F","1AAAA1AAA1AAAA","4",,,,,,,
"4600623","2017-09-10T15:00:00","21.75","-137.06",,,"1","3","2","5",,,"11",,,,,,,,,,,,,,,,,,,,,,,,,,,,,,,"236","17","798","172","7","1","2","1","FFFFFF","1AAAAAAAAAAAAA","4",,,,,,,
"4600770","2017-09-10T15:00:00","24.61","-133.25",,,"1","4","2","5",,,"11",,,,,,,,,"10181",,,"8",,,,,"9","234",,,,,,,,,,,,,"236","43","798","172","7","1","2","2","1FFF1F","1AAAA1AAA1AAAA","4",,,,,,,
"4601544","2017-09-10T15:00:00","20.37","-136.10",,,"1","4","2","5",,,"11",,,,,,,,,,,,"8",,,,,"9","251",,,,,,,,,,,,,"236","6","798","172","7","0",,"2","1FFFFF","1AAAAAAAA1AAAA","4",,,,,,,
"2200638","2017-09-10T15:01:00","25.48","-137.40",,,"1","4","2","5",,,"11",,,,,,,,,,,,"8",,,,,"9","241",,,,,,,,,,,,,"236","57","798","172","7","0",,"1","1FFFFF","1AAAAAAAA1AAAA","4",,,,,,,
"4601544","2017-09-10T15:30:00","20.37","-136.10",,,"1","4","2","5",,,"11",,,,,,,,,,,,"8",,,,,"9","251",,,,,,,,,,,,,"236","6","798","172","7","0",,"2","1FFFFF","1AAAAAAAA1AAAA","4",,,,,,,
"2100901","2017-09-10T15:50:00","20.30","-137.47",,,"1","4","2","5",,,"11",,,,,,,,,"10166",,,"8",,,,,"9","251",,,,,,,,,,,,,"236","7","798","172","7","1","2","2","1FFF1F","1AAAA1AAA1AAAA","4",,,,,,,
"2100530","2017-09-10T16:00:00","26.27","-132.15",,,"1","4","2","5",,,"11",,,,,,,,,"10198",,,"8",,,,,"9","232",,,,,,,,,,,,,"236","62","798","172","7","1","2","2","1FFF1F","1AAAA1AAA1AAAA","4",,,,,,,
"4600623","2017-09-10T16:00:00","21.75","-137.07",,,"1","3","2","5",,,"11",,,,,,,,,,,,,,,,,,,,,,,,,,,,,,,"236","17","798","172","7","1","2","2","FFFFFF","1AAAAAAAAAAAAA","4",,,,,,,
"4600770","2017-09-10T16:00:00","24.61","-133.26",,,"1","4","2","5",,,"11",,,,,,,,,"10185",,,"8",,,,,"9","234",,,,,,,,,,,,,"236","43","798","172","7","1","2","2","1FFF1F","1AAAA1AAA1AAAA","4",,,,,,,
"4601544","2017-09-10T16:00:00","20.37","-136.10",,,"1","4","2","5",,,"11",,,,,,,,,,,,"8",,,,,"9","251",,,,,,,,,,,,,"236","6","798","172","7","0",,"2","1FFFFF","1AAAAAAAA1AAAA","4",,,,,,,
"2200638","2017-09-10T16:01:00","25.48","-137.41",,,"1","4","2","5",,,"11",,,,,,,,,,,,"8",,,,,"9","241",,,,,,,,,,,,,"236","57","798","172","7","0",,"2","1FFFFF","1AAAAAAAA1AAAA","4",,,,,,,
"4601544","2017-09-10T16:30:00","20.37","-136.10",,,"1","4","2","5",,,"11",,,,,,,,,,,,"8",,,,,"9","251",,,,,,,,,,,,,"236","6","798","172","7","0",,"2","1FFFFF","1AAAAAAAA1AAAA","4",,,,,,,
"2100901","2017-09-10T16:50:00","20.29","-137.48",,,"1","4","2","5",,,"11",,,,,,,,,"10166",,,"8",,,,,"9","251",,,,,,,,,,,,,"236","7","798","172","7","1","2","2","1FFF1F","1AAAA1AAA1AAAA","4",,,,,,,
"2100530","2017-09-10T17:00:00","26.27","-132.15",,,"1","4","2","5",,,"11",,,,,,,,,"10198",,,"8",,,,,"9","232",,,,,,,,,,,,,"236","62","798","172","7","1","2","2","1FFF1F","1AAAA1AAA1AAAA","4",,,,,,,
"4600623","2017-09-10T17:00:00","21.75","-137.07",,,"1","3","2","5",,,"11",,,,,,,,,,,,,,,,,,,,,,,,,,,,,,,"236","17","798","172","7","1","2","2","FFFFFF","1AAAAAAAAAAAAA","4",,,,,,,
"4600770","2017-09-10T17:00:00","24.61","-133.26",,,"1","4","2","5",,,"11",,,,,,,,,"10186",,,"8",,,,,"9","234",,,,,,,,,,,,,"236","43","798","172","7","1","2","2","1FFF1F","1AAAA1AAA1AAAA","4",,,,,,,
"4601544","2017-09-10T17:00:00","20.37","-136.10",,,"1","4","2","5",,,"11",,,,,,,,,,,,"8",,,,,"9","252",,,,,,,,,,,,,"236","6","798","172","7","0",,"2","1FFFFF","1AAAAAAAA1AAAA","4",,,,,,,
"2200638","2017-09-10T17:01:00","25.48","-137.42",,,"1","4","2","5",,,"11",,,,,,,,,,,,"8",,,,,"9","241",,,,,,,,,,,,,"236","57","798","172","7","0",,"2","1FFFFF","1AAAAAAAA1AAAA","4",,,,,,,
"4601544","2017-09-10T17:30:00","20.37","-136.10",,,"1","4","2","5",,,"11",,,,,,,,,,,,"8",,,,,"9","251",,,,,,,,,,,,,"236","6","798","172","7","0",,"2","1FFFFF","1AAAAAAAA1AAAA","4",,,,,,,
"2100901","2017-09-10T17:50:00","20.29","-137.48",,,"1","4","2","5",,,"11",,,,,,,,,"10167",,,"8",,,,,"9","251",,,,,,,,,,,,,"236","7","798","172","7","1","2","2","1FFF1F","1AAAA1AAA1AAAA","4",,,,,,,
"2100530","2017-09-10T18:00:00","26.27","-132.17",,,"1","4","2","5",,,"11",,,,,,,,,"10200",,,"8",,,,,"9","232",,,,,,,,,,,,,"236","62","798","172","7","1","2","2","1FFF1F","1AAAA1AAA1AAAA","4",,,,,,,
"4600623","2017-09-10T18:00:00","21.74","-137.08",,,"1","3","2","5",,,"11",,,,,,,,,,,,,,,,,,,,,,,,,,,,,,,"236","17","798","172","7","1","2","2","FFFFFF","1AAAAAAAAAAAAA","4",,,,,,,
"4600770","2017-09-10T18:00:00","24.59","-133.28",,,"1","4","2","5",,,"11",,,,,,,,,"10188",,,"8",,,,,"9","234",,,,,,,,,,,,,"236","43","798","172","7","1","2","2","1FFF1F","1AAAA1AAA1AAAA","4",,,,,,,
"2200638","2017-09-10T18:01:00","25.47","-137.42",,,"1","4","2","5",,,"11",,,,,,,,,,,,"8",,,,,"9","241",,,,,,,,,,,,,"236","57","798","172","7","0",,"2","1FFFFF","1AAAAAAAA1AAAA","4",,,,,,,
"4601544","2017-09-10T18:34:00","20.38","-136.10",,,"1","4","2","5",,,"11",,,,,,,,,,,,"8",,,,,"9","252",,,,,,,,,,,,,"236","6","798","172","7","0",,"2","1FFFFF","1AAAAAAAA1AAAA","4",,,,,,,
"2100901","2017-09-10T18:50:00","20.28","-137.48",,,"1","3","2","5",,,"11",,,,,,,,,"10169",,,"0",,,,,,"251",,,,,,,,,,,,,"236","7","794","103","7","1","2","2","1FFF1F","1AAAA1AAA1AAAA","4",,,,,,,
"4600059","2017-09-10T18:50:00","27.80","-135.90",,,"1","4",,"0",,,"11","0","60","1","90",,,,,"10213",,,,,,,,,,,,,,,,,"7","3",,"14","2","236","75","793","103","6","1","2","2","FF11FF","11AAAAAAAAAAAA",,,"6",,,,,"4"
"2100530","2017-09-10T19:00:00","26.27","-132.17",,,"1","4","2","5",,,"11",,,,,,,,,"10198",,,"8",,,,,"9","232",,,,,,,,,,,,,"236","62","798","172","7","1","2","2","1FFF1F","1AAAA1AAA1AAAA","4",,,,,,,
"4600623","2017-09-10T19:00:00","21.74","-137.08",,,"1","3","2","5",,,"11",,,,,,,,,,,,,,,,,,,,,,,,,,,,,,,"236","17","794","103","7","1","2","2","FFFFFF","1AAAAAAAAAAAAA","4",,,,,,,
"4600770","2017-09-10T19:00:00","24.59","-133.28",,,"1","3","2","5",,,"11",,,,,,,,,"10187",,,"0",,,,,,"235",,,,,,,,,,,,,"236","43","794","103","7","1","2","2","1FFF1F","1AAAA1AAA1AAAA","4",,,,,,,
"2200638","2017-09-10T19:01:00","25.47","-137.43",,,"1","4","2","5",,,"11",,,,,,,,,,,,"8",,,,,"9","242",,,,,,,,,,,,,"236","57","798","172","7","0",,"2","1FFFFF","1AAAAAAAA1AAAA","4",,,,,,,
"4601544","2017-09-10T19:32:00","20.38","-136.10",,,"1","4","2","5",,,"11",,,,,,,,,,,,"8",,,,,"9","252",,,,,,,,,,,,,"236","6","798","172","7","0",,"2","1FFFFF","1AAAAAAAA1AAAA","4",,,,,,,
"2100901","2017-09-10T19:50:00","20.28","-137.49",,,"1","4","2","5",,,"11",,,,,,,,,"10166",,,"8",,,,,"9","252",,,,,,,,,,,,,"236","7","798","172","7","1","2","2","1FFF1F","1AAAA1AAA1AAAA","4",,,,,,,
"2100530","2017-09-10T20:00:00","26.27","-132.20",,,"1","4","2","5",,,"11",,,,,,,,,"10194",,,"8",,,,,"9","232",,,,,,,,,,,,,"236","62","798","172","7","1","2","2","1FFF1F","1AAAA1AAA1AAAA","4",,,,,,,
"4600623","2017-09-10T20:00:00","21.74","-137.10",,,"1","3","2","5",,,"11",,,,,,,,,,,,,,,,,,,,,,,,,,,,,,,"236","17","798","172","7","1","2","2","FFFFFF","1AAAAAAAAAAAAA","4",,,,,,,
"4600770","2017-09-10T20:00:00","24.58","-133.30",,,"1","4","2","5",,,"11",,,,,,,,,"10184",,,"8",,,,,"9","235",,,,,,,,,,,,,"236","43","798","172","7","1","2","2","1FFF1F","1AAAA1AAA1AAAA","4",,,,,,,
"2200638","2017-09-10T20:01:00","25.47","-137.43",,,"1","4","2","5",,,"11",,,,,,,,,,,,"8",,,,,"9","242",,,,,,,,,,,,,"236","57","798","172","7","0",,"2","1FFFFF","1AAAAAAAA1AAAA","4",,,,,,,
"4601544","2017-09-10T20:02:00","20.38","-136.10",,,"1","4","2","5",,,"11",,,,,,,,,,,,"8",,,,,"9","252",,,,,,,,,,,,,"236","6","798","172","7","0",,"2","1FFFFF","1AAAAAAAA1AAAA","4",,,,,,,
"4601544","2017-09-10T20:32:00","20.38","-136.10",,,"1","4","2","5",,,"11",,,,,,,,,,,,"8",,,,,"9","253",,,,,,,,,,,,,"236","6","798","172","7","0",,"2","1FFFFF","1AAAAAAAA1AAAA","4",,,,,,,
"2100901","2017-09-10T20:50:00","20.28","-137.49",,,"1","4","2","5",,,"11",,,,,,,,,"10165",,,"8",,,,,"9","252",,,,,,,,,,,,,"236","7","798","172","7","1","2","2","1FFF1F","1AAAA1AAA1AAAA","4",,,,,,,
"2100530","2017-09-10T21:00:00","26.27","-132.20",,,"1","4","2","5",,,"11",,,,,,,,,"10191",,,"8",,,,,"9","232",,,,,,,,,,,,,"236","62","798","172","7","1","2","2","1FFF1F","1AAAA1AAA1AAAA","4",,,,,,,
"4600623","2017-09-10T21:00:00","21.74","-137.10",,,"1","3","2","5",,,"11",,,,,,,,,,,,,,,,,,,,,,,,,,,,,,,"236","17","798","172","7","1","2","2","FFFFFF","1AAAAAAAAAAAAA","4",,,,,,,
"4600770","2017-09-10T21:00:00","24.58","-133.30",,,"1","4","2","5",,,"11",,,,,,,,,"10180",,,"8",,,,,"9","236",,,,,,,,,,,,,"236","43","798","172","7","1","2","2","1FFF1F","1AAAA1AAA1AAAA","4",,,,,,,
"4601544","2017-09-10T21:00:00","20.38","-136.10",,,"1","4","2","5",,,"11",,,,,,,,,,,,"8",,,,,"9","253",,,,,,,,,,,,,"236","6","798","172","7","0",,"2","1FFFFF","1AAAAAAAA1AAAA","4",,,,,,,
"2200638","2017-09-10T21:01:00","25.47","-137.44",,,"1","4","2","5",,,"11",,,,,,,,,,,,"8",,,,,"9","243",,,,,,,,,,,,,"236","57","798","172","7","0",,"2","1FFFFF","1AAAAAAAA1AAAA","4",,,,,,,
"4601544","2017-09-10T21:32:00","20.38","-136.10",,,"1","4","2","5",,,"11",,,,,,,,,,,,"8",,,,,"9","253",,,,,,,,,,,,,"236","6","798","172","7","0",,"2","1FFFFF","1AAAAAAAA1AAAA","4",,,,,,,
"2100901","2017-09-10T21:50:00","20.28","-137.49",,,"1","4","2","5",,,"11",,,,,,,,,"10161",,,"8",,,,,"9","252",,,,,,,,,,,,,"236","7","798","172","7","1","2","2","1FFF1F","1AAAA1AAA1AAAA","4",,,,,,,
"2100530","2017-09-10T22:00:00","26.24","-132.20",,,"1","4","2","5",,,"11",,,,,,,,,"10186",,,"8",,,,,"9","233",,,,,,,,,,,,,"236","62","798","172","7","1","2","2","1FFF1F","1AAAA1AAA1AAAA","4",,,,,,,
"4600623","2017-09-10T22:00:00","21.74","-137.10",,,"1","3","2","5",,,"11",,,,,,,,,,,,,,,,,,,,,,,,,,,,,,,"236","17","798","172","7","1","2","2","FFFFFF","1AAAAAAAAAAAAA","4",,,,,,,
"4600770","2017-09-10T22:00:00","24.56","-133.33",,,"1","4","2","5",,,"11",,,,,,,,,"10173",,,"8",,,,,"9","236",,,,,,,,,,,,,"236","43","798","172","7","1","2","2","1FFF1F","1AAAA1AAA1AAAA","4",,,,,,,
"2200638","2017-09-10T22:01:00","25.46","-137.45",,,"1","4","2","5",,,"11",,,,,,,,,,,,"8",,,,,"9","243",,,,,,,,,,,,,"236","57","798","172","7","0",,"2","1FFFFF","1AAAAAAAA1AAAA","4",,,,,,,
"4601544","2017-09-10T22:02:00","20.38","-136.10",,,"1","4","2","5",,,"11",,,,,,,,,,,,"8",,,,,"9","254",,,,,,,,,,,,,"236","6","798","172","7","0",,"2","1FFFFF","1AAAAAAAA1AAAA","4",,,,,,,
"4601544","2017-09-10T22:32:00","20.38","-136.10",,,"1","4","2","5",,,"11",,,,,,,,,,,,"8",,,,,"9","254",,,,,,,,,,,,,"236","6","798","172","7","0",,"2","1FFFFF","1AAAAAAAA1AAAA","4",,,,,,,
"2100901","2017-09-10T22:50:00","20.28","-137.49",,,"1","4","2","5",,,"11",,,,,,,,,"10154",,,"8",,,,,"9","252",,,,,,,,,,,,,"236","7","798","172","7","1","2","2","1FFF1F","1AAAA1AAA1AAAA","4",,,,,,,
"2100530","2017-09-10T23:00:00","26.24","-132.20",,,"1","4","2","5",,,"11",,,,,,,,,"10180",,,"8",,,,,"9","233",,,,,,,,,,,,,"236","62","798","172","7","1","2","2","1FFF1F","1AAAA1AAA1AAAA","4",,,,,,,
"4600623","2017-09-10T23:00:00","21.74","-137.10",,,"1","3","2","5",,,"11",,,,,,,,,,,,,,,,,,,,,,,,,,,,,,,"236","17","798","172","7","1","2","2","FFFFFF","1AAAAAAAAAAAAA","4",,,,,,,
"4600770","2017-09-10T23:00:00","24.56","-133.33",,,"1","4","2","5",,,"11",,,,,,,,,"10168",,,"8",,,,,"9","237",,,,,,,,,,,,,"236","43","798","172","7","1","2","2","1FFF1F","1AAAA1AAA1AAAA","4",,,,,,,
"2200638","2017-09-10T23:01:00","25.45","-137.45",,,"1","4","2","5",,,"11",,,,,,,,,,,,"8",,,,,"9","244",,,,,,,,,,,,,"236","57","798","172","7","0",,"2","1FFFFF","1AAAAAAAA1AAAA","4",,,,,,,
"4601544","2017-09-10T23:02:00","20.38","-136.10",,,"1","4","2","5",,,"11",,,,,,,,,,,,"8",,,,,"9","254",,,,,,,,,,,,,"236","6","798","172","7","0",,"2","1FFFFF","1AAAAAAAA1AAAA","4",,,,,,,
"4601544","2017-09-10T23:30:00","20.38","-136.10",,,"1","4","2","5",,,"11",,,,,,,,,,,,"8",,,,,"9","254",,,,,,,,,,,,,"236","6","798","172","7","0",,"2","1FFFFF","1AAAAAAAA1AAAA","4",,,,,,,
"2100901","2017-09-10T23:50:00","20.28","-137.49",,,"1","4","2","5",,,"11",,,,,,,,,"10148",,,"8",,,,,"9","253",,,,,,,,,,,,,"236","7","798","172","7","1","2","2","1FFF1F","1AAAA1AAA1AAAA","4",,,,,,,
"2100530","2017-09-11T00:00:00","26.24","-132.20",,,"1","4","2","5",,,"11",,,,,,,,,"10176",,,"8",,,,,"9","233",,,,,,,,,,,,,"236","62","798","172","7","1","2","2","1FFF1F","1AAAA1AAA1AAAA","4",,,,,,,
"4600623","2017-09-11T00:00:00","21.71","-137.12",,,"1","3","2","5",,,"11",,,,,,,,,,,,,,,,,,,,,,,,,,,,,,,"236","17","798","172","7","1","2","2","FFFFFF","1AAAAAAAAAAAAA","4",,,,,,,
"4600770","2017-09-11T00:00:00","24.55","-133.33",,,"1","4","2","5",,,"11",,,,,,,,,"10165",,,"8",,,,,"9","237",,,,,,,,,,,,,"236","43","798","172","7","1","2","2","1FFF1F","1AAAA1AAA1AAAA","4",,,,,,,
"2200638","2017-09-11T00:01:00","25.45","-137.46",,,"1","4","2","5",,,"11",,,,,,,,,,,,"8",,,,,"9","244",,,,,,,,,,,,,"236","57","798","172","7","0",,"2","1FFFFF","1AAAAAAAA1AAAA","4",,,,,,,
"4601544","2017-09-11T00:32:00","20.37","-136.10",,,"1","4","2","5",,,"11",,,,,,,,,,,,"8",,,,,"9","254",,,,,,,,,,,,,"236","6","798","172","7","0",,"2","1FFFFF","1AAAAAAAA1AAAA","4",,,,,,,
"2100901","2017-09-11T00:50:00","20.26","-137.53",,,"1","4","2","5",,,"11",,,,,,,,,"10146",,,"8",,,,,"9","252",,,,,,,,,,,,,"236","7","798","172","7","1","2","2","1FFF1F","1AAAA1AAA1AAAA","4",,,,,,,
"2100530","2017-09-11T01:00:00","26.24","-132.21",,,"1","4","2","5",,,"11",,,,,,,,,"10176",,,"8",,,,,"9","233",,,,,,,,,,,,,"236","62","798","172","7","1","2","2","1FFF1F","1AAAA1AAA1AAAA","4",,,,,,,
"4600623","2017-09-11T01:00:00","21.71","-137.12",,,"1","3","2","5",,,"11",,,,,,,,,,,,,,,,,,,,,,,,,,,,,,,"236","17","798","172","7","1","2","2","FFFFFF","1AAAAAAAAAAAAA","4",,,,,,,
"4600770","2017-09-11T01:00:00","24.55","-133.32",,,"1","4","2","5",,,"11",,,,,,,,,"10163",,,"8",,,,,"9","237",,,,,,,,,,,,,"236","43","798","172","7","1","2","2","1FFF1F","1AAAA1AAA1AAAA","4",,,,,,,
"4601544","2017-09-11T01:00:00","20.37","-136.10",,,"1","4","2","5",,,"11",,,,,,,,,,,,"8",,,,,"9","254",,,,,,,,,,,,,"236","6","798","172","7","0",,"2","1FFFFF","1AAAAAAAA1AAAA","4",,,,,,,
"2200638","2017-09-11T01:01:00","25.44","-137.47",,,"1","4","2","5",,,"11",,,,,,,,,,,,"8",,,,,"9","244",,,,,,,,,,,,,"236","57","798","172","7","0",,"2","1FFFFF","1AAAAAAAA1AAAA","4",,,,,,,
"4601544","2017-09-11T01:30:00","20.37","-136.10",,,"1","4","2","5",,,"11",,,,,,,,,,,,"8",,,,,"9","253",,,,,,,,,,,,,"236","6","798","172","7","0",,"2","1FFFFF","1AAAAAAAA1AAAA","4",,,,,,,
"2100901","2017-09-11T01:50:00","20.24","-137.55",,,"1","4","2","5",,,"11",,,,,,,,,"10146",,,"8",,,,,"9","252",,,,,,,,,,,,,"236","7","798","172","7","1","2","2","1FFF1F","1AAAA1AAA1AAAA","4",,,,,,,
"2100530","2017-09-11T02:00:00","26.23","-132.23",,,"1","4","2","5",,,"11",,,,,,,,,"10176",,,"8",,,,,"9","233",,,,,,,,,,,,,"236","62","798","172","7","1","2","2","1FFF1F","1AAAA1AAA1AAAA","4",,,,,,,
"4600059","2017-09-11T02:00:00","27.80","-136.10",,,"1","4",,"0",,,"11","0","60","1","70",,,,,"10192","7","3",,,,,,,,,,,,,,,,,,,,"236","76","793","103","6","1","2","2","FF11FF","11AAAAAAAAAAAA",,,"6",,,,,"4"
"4600623","2017-09-11T02:00:00","21.71","-137.14",,,"1","3","2","5",,,"11",,,,,,,,,,,,,,,,,,,,,,,,,,,,,,,"236","17","798","172","7","1","2","2","FFFFFF","1AAAAAAAAAAAAA","4",,,,,,,
"4600770","2017-09-11T02:00:00","24.53","-133.36",,,"1","4","2","5",,,"11",,,,,,,,,"10164",,,"8",,,,,"9","237",,,,,,,,,,,,,"236","43","798","172","7","1","2","2","1FFF1F","1AAAA1AAA1AAAA","4",,,,,,,
"4601544","2017-09-11T02:00:00","20.37","-136.10",,,"1","4","2","5",,,"11",,,,,,,,,,,,"8",,,,,"9","253",,,,,,,,,,,,,"236","6","798","172","7","0",,"2","1FFFFF","1AAAAAAAA1AAAA","4",,,,,,,
"2200638","2017-09-11T02:01:00","25.43","-137.48",,,"1","4","2","5",,,"11",,,,,,,,,,,,"8",,,,,"9","244",,,,,,,,,,,,,"236","57","798","172","7","0",,"2","1FFFFF","1AAAAAAAA1AAAA","4",,,,,,,
"4601544","2017-09-11T02:30:00","20.37","-136.10",,,"1","4","2","5",,,"11",,,,,,,,,,,,"8",,,,,"9","253",,,,,,,,,,,,,"236","6","798","172","7","0",,"2","1FFFFF","1AAAAAAAA1AAAA","4",,,,,,,
"2100901","2017-09-11T02:50:00","20.24","-137.55",,,"1","4","2","5",,,"11",,,,,,,,,"10147",,,"8",,,,,"9","252",,,,,,,,,,,,,"236","7","798","172","7","1","2","2","1FFF1F","1AAAA1AAA1AAAA","4",,,,,,,
"2100530","2017-09-11T03:00:00","26.22","-132.26",,,"1","4","2","5",,,"11",,,,,,,,,"10177",,,"8",,,,,"9","233",,,,,,,,,,,,,"236","62","798","172","7","1","2","1","1FFF1F","1AAAA1AAA1AAAA","4",,,,,,,
"4600623","2017-09-11T03:00:00","21.71","-137.14",,,"1","3","2","5",,,"11",,,,,,,,,,,,,,,,,,,,,,,,,,,,,,,"236","17","798","172","7","1","2","2","FFFFFF","1AAAAAAAAAAAAA","4",,,,,,,
"4600770","2017-09-11T03:00:00","24.52","-133.38",,,"1","4","2","5",,,"11",,,,,,,,,"10165",,,"8",,,,,"9","237",,,,,,,,,,,,,"236","43","798","172","7","1","2","1","1FFF1F","1AAAA1AAA1AAAA","4",,,,,,,
"4601544","2017-09-11T03:00:00","20.37","-136.10",,,"1","4","2","5",,,"11",,,,,,,,,,,,"8",,,,,"9","252",,,,,,,,,,,,,"236","6","798","172","7","0",,"2","1FFFFF","1AAAAAAAA1AAAA","4",,,,,,,
"2200638","2017-09-11T03:01:00","25.42","-137.49",,,"1","4","2","5",,,"11",,,,,,,,,,,,"8",,,,,"9","244",,,,,,,,,,,,,"236","57","798","172","7","0",,"2","1FFFFF","1AAAAAAAA1AAAA","4",,,,,,,
"4601544","2017-09-11T03:30:00","20.37","-136.10",,,"1","4","2","5",,,"11",,,,,,,,,,,,"8",,,,,"9","252",,,,,,,,,,,,,"236","6","798","172","7","0",,"1","1FFFFF","1AAAAAAAA1AAAA","4",,,,,,,
"2100901","2017-09-11T03:50:00","20.23","-137.55",,,"1","4","2","5",,,"11",,,,,,,,,"10150",,,"8",,,,,"9","252",,,,,,,,,,,,,"236","7","798","172","7","1","2","1","1FFF1F","1AAAA1AAA1AAAA","4",,,,,,,
"2100530","2017-09-11T04:00:00","26.22","-132.24",,,"1","4","2","5",,,"11",,,,,,,,,"10181",,,"8",,,,,"9","233",,,,,,,,,,,,,"236","62","798","172","7","1","2","1","1FFF1F","1AAAA1AAA1AAAA","4",,,,,,,
"4600623","2017-09-11T04:00:00","21.71","-137.15",,,"1","3","2","5",,,"11",,,,,,,,,,,,,,,,,,,,,,,,,,,,,,,"236","17","798","172","7","1","2","1","FFFFFF","1AAAAAAAAAAAAA","4",,,,,,,
"4600770","2017-09-11T04:00:00","24.51","-133.38",,,"1","4","2","5",,,"11",,,,,,,,,"10170",,,"8",,,,,"9","236",,,,,,,,,,,,,"236","43","798","172","7","1","2","1","1FFF1F","1AAAA1AAA1AAAA","4",,,,,,,
"4601544","2017-09-11T04:00:00","20.36","-136.10",,,"1","4","2","5",,,"11",,,,,,,,,,,,"8",,,,,"9","252",,,,,,,,,,,,,"236","6","798","172","7","0",,"1","1FFFFF","1AAAAAAAA1AAAA","4",,,,,,,
"2200638","2017-09-11T04:01:00","25.42","-137.50",,,"1","4","2","5",,,"11",,,,,,,,,,,,"8",,,,,"9","244",,,,,,,,,,,,,"236","57","798","172","7","0",,"1","1FFFFF","1AAAAAAAA1AAAA","4",,,,,,,
"4600059","2017-09-11T04:30:00","27.80","-136.10",,,"1","3","2","5",,,"11",,"60","1","60",,,,,"10198",,,,,,,,,,,,,,,,,,,,,,"236","76","798","172","6","1","2","1","FF11FF","11AAAAAAAAAAAA",,,,,,,,
"4601544","2017-09-11T04:30:00","20.36","-136.09",,,"1","4","2","5",,,"11",,,,,,,,,,,,"8",,,,,"9","252",,,,,,,,,,,,,"236","6","798","172","7","0",,"1","1FFFFF","1AAAAAAAA1AAAA","4",,,,,,,
"2100901","2017-09-11T04:50:00","20.23","-137.56",,,"1","4","2","5",,,"11",,,,,,,,,"10153",,,"8",,,,,"9","252",,,,,,,,,,,,,"236","7","798","172","7","1","2","1","1FFF1F","1AAAA1AAA1AAAA","4",,,,,,,
"2100530","2017-09-11T05:00:00","26.21","-132.25",,,"1","4","2","5",,,"11",,,,,,,,,"10182",,,"8",,,,,"9","233",,,,,,,,,,,,,"236","62","798","172","7","1","2","1","1FFF1F","1AAAA1AAA1AAAA","4",,,,,,,
"4600623","2017-09-11T05:00:00","21.71","-137.15",,,"1","3","2","5",,,"11",,,,,,,,,,,,,,,,,,,,,,,,,,,,,,,"236","17","798","172","7","1","2","1","FFFFFF","1AAAAAAAAAAAAA","4",,,,,,,
"4600770","2017-09-11T05:00:00","24.50","-133.38",,,"1","4","2","5",,,"11",,,,,,,,,"10173",,,"8",,,,,"9","236",,,,,,,,,,,,,"236","43","798","172","7","1","2","1","1FFF1F","1AAAA1AAA1AAAA","4",,,,,,,
"4601544","2017-09-11T05:00:00","20.36","-136.10",,,"1","4","2","5",,,"11",,,,,,,,,,,,"8",,,,,"9","251",,,,,,,,,,,,,"236","6","798","172","7","0",,"1","1FFFFF","1AAAAAAAA1AAAA","4",,,,,,,
"2200638","2017-09-11T05:01:00","25.41","-137.51",,,"1","4","2","5",,,"11",,,,,,,,,,,,"8",,,,,"9","244",,,,,,,,,,,,,"236","57","798","172","7","0",,"1","1FFFFF","1AAAAAAAA1AAAA","4",,,,,,,
"4601544","2017-09-11T05:30:00","20.36","-136.10",,,"1","4","2","5",,,"11",,,,,,,,,,,,"8",,,,,"9","251",,,,,,,,,,,,,"236","6","798","172","7","0",,"1","1FFFFF","1AAAAAAAA1AAAA","4",,,,,,,
"2100901","2017-09-11T05:50:00","20.22","-137.57",,,"1","4","2","5",,,"11",,,,,,,,,"10159",,,"8",,,,,"9","252",,,,,,,,,,,,,"236","7","798","172","7","1","2","1","1FFF1F","1AAAA1AAA1AAAA","4",,,,,,,
"2100530","2017-09-11T06:00:00","26.19","-132.25",,,"1","4","2","5",,,"11",,,,,,,,,"10185",,,"8",,,,,"9","233",,,,,,,,,,,,,"236","62","798","172","7","1","2","1","1FFF1F","1AAAA1AAA1AAAA","4",,,,,,,
"4600623","2017-09-11T06:00:00","21.71","-137.15",,,"1","3","2","5",,,"11",,,,,,,,,,,,,,,,,,,,,,,,,,,,,,,"236","17","798","172","7","1","2","1","FFFFFF","1AAAAAAAAAAAAA","4",,,,,,,
"4600770","2017-09-11T06:00:00","24.49","-133.39",,,"1","4","2","5",,,"11",,,,,,,,,"10175",,,"8",,,,,"9","236",,,,,,,,,,,,,"236","43","798","172","7","1","2","1","1FFF1F","1AAAA1AAA1AAAA","4",,,,,,,
"4601544","2017-09-11T06:00:00","20.36","-136.10",,,"1","4","2","5",,,"11",,,,,,,,,,,,"8",,,,,"9","251",,,,,,,,,,,,,"236","6","798","172","7","0",,"1","1FFFFF","1AAAAAAAA1AAAA","4",,,,,,,
"2200638","2017-09-11T06:01:00","25.41","-137.52",,,"1","4","2","5",,,"11",,,,,,,,,,,,"8",,,,,"9","243",,,,,,,,,,,,,"236","57","798","172","7","0",,"1","1FFFFF","1AAAAAAAA1AAAA","4",,,,,,,
"2100901","2017-09-11T06:50:00","20.21","-137.58",,,"1","4","2","5",,,"11",,,,,,,,,"10162",,,"8",,,,,"9","252",,,,,,,,,,,,,"236","7","798","172","7","1","2","1","1FFF1F","1AAAA1AAA1AAAA","4",,,,,,,
"4600059","2017-09-11T06:50:00","27.80","-136.10",,,"1","4","2","0",,,"11","0","60","1","50",,,,,"10200",,,,,,,,,,,,,,,,,"4","1",,"12","3","236","76","793","103","6","1","2","1","FF11FF","11AAAAAAAAA17A",,,"6",,,,,"4"
"2100530","2017-09-11T07:00:00","26.19","-132.25",,,"1","4","2","5",,,"11",,,,,,,,,"10183",,,"8",,,,,"9","233",,,,,,,,,,,,,"236","62","798","172","7","1","2","1","1FFF1F","1AAAA1AAA1AAAA","4",,,,,,,
"4600623","2017-09-11T07:00:00","21.71","-137.15",,,"1","3","2","5",,,"11",,,,,,,,,,,,,,,,,,,,,,,,,,,,,,,"236","17","798","172","7","1","2","1","FFFFFF","1AAAAAAAAAAAAA","4",,,,,,,
"4600770","2017-09-11T07:00:00","24.48","-133.40",,,"1","4","2","5",,,"11",,,,,,,,,"10173",,,"8",,,,,"9","236",,,,,,,,,,,,,"236","43","798","172","7","1","2","1","1FFF1F","1AAAA1AAA1AAAA","4",,,,,,,
"4601544","2017-09-11T07:00:00","20.35","-136.10",,,"1","4","2","5",,,"11",,,,,,,,,,,,"8",,,,,"9","251",,,,,,,,,,,,,"236","6","798","172","7","0",,"1","1FFFFF","1AAAAAAAA1AAAA","4",,,,,,,
"2200638","2017-09-11T07:01:00","25.40","-137.53",,,"1","4","2","5",,,"11",,,,,,,,,,,,"8",,,,,"9","244",,,,,,,,,,,,,"236","57","798","172","7","0",,"1","1FFFFF","1AAAAAAAA1AAAA","4",,,,,,,
"4601544","2017-09-11T07:30:00","20.35","-136.10",,,"1","4","2","5",,,"11",,,,,,,,,,,,"8",,,,,"9","251",,,,,,,,,,,,,"236","6","798","172","7","0",,"1","1FFFFF","1AAAAAAAA1AAAA","4",,,,,,,
"2100530","2017-09-11T08:00:00","26.18","-132.27",,,"1","4","2","5",,,"11",,,,,,,,,"10179",,,"8",,,,,"9","232",,,,,,,,,,,,,"236","62","798","172","7","1","2","1","1FFF1F","1AAAA1AAA1AAAA","4",,,,,,,
"4600623","2017-09-11T08:00:00","21.70","-137.16",,,"1","3","2","5",,,"11",,,,,,,,,,,,,,,,,,,,,,,,,,,,,,,"236","17","798","172","7","1","2","1","FFFFFF","1AAAAAAAAAAAAA","4",,,,,,,
"4601544","2017-09-11T08:00:00","20.35","-136.10",,,"1","4","2","5",,,"11",,,,,,,,,,,,"8",,,,,"9","251",,,,,,,,,,,,,"236","6","798","172","7","0",,"1","1FFFFF","1AAAAAAAA1AAAA","4",,,,,,,
"2200638","2017-09-11T08:01:00","25.39","-137.54",,,"1","4","2","5",,,"11",,,,,,,,,,,,"8",,,,,"9","244",,,,,,,,,,,,,"236","57","798","172","7","0",,"1","1FFFFF","1AAAAAAAA1AAAA","4",,,,,,,
"4601544","2017-09-11T08:30:00","20.35","-136.11",,,"1","4","2","5",,,"11",,,,,,,,,,,,"8",,,,,"9","251",,,,,,,,,,,,,"236","6","798","172","7","0",,"1","1FFFFF","1AAAAAAAA1AAAA","4",,,,,,,
"2100901","2017-09-11T08:50:00","20.21","-137.58",,,"1","4","2","5",,,"11",,,,,,,,,"10155",,,"8",,,,,"9","252",,,,,,,,,,,,,"236","7","798","172","7","1","2","1","1FFF1F","1AAAA1AAA1AAAA","4",,,,,,,
"2100530","2017-09-11T09:00:00","26.18","-132.27",,,"1","4","2","5",,,"11",,,,,,,,,"10174",,,"8",,,,,"9","232",,,,,,,,,,,,,"236","62","798","172","7","1","2","1","1FFF1F","1AAAA1AAA1AAAA","4",,,,,,,
"4600623","2017-09-11T09:00:00","21.70","-137.16",,,"1","3","2","5",,,"11",,,,,,,,,,,,,,,,,,,,,,,,,,,,,,,"236","17","798","172","7","1","2","1","FFFFFF","1AAAAAAAAAAAAA","4",,,,,,,
"4600770","2017-09-11T09:00:00","24.48","-133.40",,,"1","4","2","5",,,"11",,,,,,,,,"10166",,,"8",,,,,"9","236",,,,,,,,,,,,,"236","43","798","172","7","1","2","1","1FFF1F","1AAAA1AAA1AAAA","4",,,,,,,
"4601544","2017-09-11T09:00:00","20.35","-136.11",,,"1","4","2","5",,,"11",,,,,,,,,,,,"8",,,,,"9","250",,,,,,,,,,,,,"236","6","798","172","7","0",,"1","1FFFFF","1AAAAAAAA1AAAA","4",,,,,,,
"2200638","2017-09-11T09:01:00","25.38","-137.54",,,"1","4","2","5",,,"11",,,,,,,,,,,,"8",,,,,"9","243",,,,,,,,,,,,,"236","57","798","172","7","0",,"1","1FFFFF","1AAAAAAAA1AAAA","4",,,,,,,
"4601544","2017-09-11T09:30:00","20.34","-136.11",,,"1","4","2","5",,,"11",,,,,,,,,,,,"8",,,,,"9","250",,,,,,,,,,,,,"236","6","798","172","7","0",,"1","1FFFFF","1AAAAAAAA1AAAA","4",,,,,,,
"2100901","2017-09-11T09:50:00","20.21","-137.58",,,"1","4","2","5",,,"11",,,,,,,,,"10151",,,"8",,,,,"9","251",,,,,,,,,,,,,"236","7","798","172","7","1","2","1","1FFF1F","1AAAA1AAA1AAAA","4",,,,,,,
"2100530","2017-09-11T10:00:00","26.18","-132.27",,,"1","4","2","5",,,"11",,,,,,,,,"10170",,,"8",,,,,"9","232",,,,,,,,,,,,,"236","62","798","172","7","1","2","1","1FFF1F","1AAAA1AAA1AAAA","4",,,,,,,
"4600623","2017-09-11T10:00:00","21.67","-137.17",,,"1","3","2","5",,,"11",,,,,,,,,,,,,,,,,,,,,,,,,,,,,,,"236","17","798","172","7","1","2","1","FFFFFF","1AAAAAAAAAAAAA","4",,,,,,,
"4600770","2017-09-11T10:00:00","24.48","-133.40",,,"1","4","2","5",,,"11",,,,,,,,,"10162",,,"8",,,,,"9","236",,,,,,,,,,,,,"236","43","798","172","7","1","2","1","1FFF1F","1AAAA1AAA1AAAA","4",,,,,,,
"4601544","2017-09-11T10:00:00","20.34","-136.11",,,"1","4","2","5",,,"11",,,,,,,,,,,,"8",,,,,"9","250",,,,,,,,,,,,,"236","6","798","172","7","0",,"1","1FFFFF","1AAAAAAAA1AAAA","4",,,,,,,
"2200638","2017-09-11T10:01:00","25.37","-137.55",,,"1","4","2","5",,,"11",,,,,,,,,,,,"8",,,,,"9","243",,,,,,,,,,,,,"236","57","798","172","7","0",,"1","1FFFFF","1AAAAAAAA1AAAA","4",,,,,,,
"4601544","2017-09-11T10:30:00","20.34","-136.11",,,"1","4","2","5",,,"11",,,,,,,,,,,,"8",,,,,"9","250",,,,,,,,,,,,,"236","6","798","172","7","0",,"1","1FFFFF","1AAAAAAAA1AAAA","4",,,,,,,
"2100901","2017-09-11T10:50:00","20.21","-137.58",,,"1","4","2","5",,,"11",,,,,,,,,"10147",,,"8",,,,,"9","251",,,,,,,,,,,,,"236","7","798","172","7","1","2","1","1FFF1F","1AAAA1AAA1AAAA","4",,,,,,,
"2100530","2017-09-11T11:00:00","26.18","-132.27",,,"1","4","2","5",,,"11",,,,,,,,,"10166",,,"8",,,,,"9","231",,,,,,,,,,,,,"236","62","798","172","7","1","2","1","1FFF1F","1AAAA1AAA1AAAA","4",,,,,,,
"4600623","2017-09-11T11:00:00","21.70","-137.16",,,"1","3","2","5",,,"11",,,,,,,,,,,,,,,,,,,,,,,,,,,,,,,"236","17","798","172","7","1","2","1","FFFFFF","1AAAAAAAAAAAAA","4",,,,,,,
"4600770","2017-09-11T11:00:00","24.43","-133.43",,,"1","4","2","5",,,"11",,,,,,,,,"10160",,,"8",,,,,"9","236",,,,,,,,,,,,,"236","43","798","172","7","1","2","1","1FFF1F","1AAAA1AAA1AAAA","4",,,,,,,
"4601544","2017-09-11T11:00:00","20.34","-136.11",,,"1","4","2","5",,,"11",,,,,,,,,,,,"8",,,,,"9","250",,,,,,,,,,,,,"236","6","798","172","7","0",,"1","1FFFFF","1AAAAAAAA1AAAA","4",,,,,,,
"2200638","2017-09-11T11:01:00","25.36","-137.56",,,"1","4","2","5",,,"11",,,,,,,,,,,,"8",,,,,"9","243",,,,,,,,,,,,,"236","57","798","172","7","0",,"1","1FFFFF","1AAAAAAAA1AAAA","4",,,,,,,
"4601544","2017-09-11T11:30:00","20.33","-136.12",,,"1","4","2","5",,,"11",,,,,,,,,,,,"8",,,,,"9","250",,,,,,,,,,,,,"236","6","798","172","7","0",,"1","1FFFFF","1AAAAAAAA1AAAA","4",,,,,,,
"2100901","2017-09-11T11:50:00","20.18","-137.63",,,"1","4","2","5",,,"11",,,,,,,,,"10142",,,"8",,,,,"9","251",,,,,,,,,,,,,"236","7","798","172","7","1","2","1","1FFF1F","1AAAA1AAA1AAAA","4",,,,,,,
"2100530","2017-09-11T12:00:00","26.18","-132.27",,,"1","4","2","5",,,"11",,,,,,,,,"10163",,,"8",,,,,"9","232",,,,,,,,,,,,,"236","62","798","172","7","1","2","1","1FFF1F","1AAAA1AAA1AAAA","4",,,,,,,
"4600623","2017-09-11T12:00:00","21.70","-137.16",,,"1","3","2","5",,,"11",,,,,,,,,,,,,,,,,,,,,,,,,,,,,,,"236","17","798","172","7","1","2","1","FFFFFF","1AAAAAAAAAAAAA","4",,,,,,,
"4600770","2017-09-11T12:00:00","24.48","-133.40",,,"1","4","2","5",,,"11",,,,,,,,,"10157",,,"8",,,,,"9","235",,,,,,,,,,,,,"236","43","798","172","7","1","2","1","1FFF1F","1AAAA1AAA1AAAA","4",,,,,,,
"4601544","2017-09-11T12:00:00","20.33","-136.12",,,"1","4","2","5",,,"11",,,,,,,,,,,,"8",,,,,"9","250",,,,,,,,,,,,,"236","6","798","172","7","0",,"1","1FFFFF","1AAAAAAAA1AAAA","4",,,,,,,
"KRGB","2017-09-11T12:00:00","29.50","-135.70",,,"1","6","2","5","6","5","1",,"20","3","77","1","99","1","1","10187","4","0","8","211",,"200","194","1","217","4","4","1","3","A","2",,,,,,,"236","95","798","172","5","1","2","1","111111","11111111111AA1",,"5",,"1",,,,
"2200638","2017-09-11T12:01:00","25.36","-137.57",,,"1","4","2","5",,,"11",,,,,,,,,,,,"8",,,,,"9","243",,,,,,,,,,,,,"236","57","798","172","7","0",,"1","1FFFFF","1AAAAAAAA1AAAA","4",,,,,,,
"4601544","2017-09-11T12:30:00","20.33","-136.12",,,"1","4","2","5",,,"11",,,,,,,,,,,,"8",,,,,"9","250",,,,,,,,,,,,,"236","6","798","172","7","0",,"1","1FFFFF","1AAAAAAAA1AAAA","4",,,,,,,
"2100901","2017-09-11T12:50:00","20.17","-137.63",,,"1","4","2","5",,,"11",,,,,,,,,"10140",,,"8",,,,,"9","251",,,,,,,,,,,,,"236","7","798","172","7","1","2","1","1FFF1F","1AAAA1AAA1AAAA","4",,,,,,,
"2100530","2017-09-11T13:00:00","26.13","-132.30",,,"1","4","2","5",,,"11",,,,,,,,,"10161",,,"8",,,,,"9","231",,,,,,,,,,,,,"236","62","798","172","7","1","2","1","1FFF1F","1AAAA1AAA1AAAA","4",,,,,,,
"4600623","2017-09-11T13:00:00","21.67","-137.17",,,"1","3","2","5",,,"11",,,,,,,,,,,,,,,,,,,,,,,,,,,,,,,"236","17","798","172","7","1","2","1","FFFFFF","1AAAAAAAAAAAAA","4",,,,,,,
"4600770","2017-09-11T13:00:00","24.43","-133.43",,,"1","4","2","5",,,"11",,,,,,,,,"10155",,,"8",,,,,"9","235",,,,,,,,,,,,,"236","43","798","172","7","1","2","1","1FFF1F","1AAAA1AAA1AAAA","4",,,,,,,
"4601544","2017-09-11T13:00:00","20.33","-136.12",,,"1","4","2","5",,,"11",,,,,,,,,,,,"8",,,,,"9","250",,,,,,,,,,,,,"236","6","798","172","7","0",,"1","1FFFFF","1AAAAAAAA1AAAA","4",,,,,,,
"2200638","2017-09-11T13:01:00","25.35","-137.58",,,"1","4","2","5",,,"11",,,,,,,,,,,,"8",,,,,"9","243",,,,,,,,,,,,,"236","57","798","172","7","0",,"1","1FFFFF","1AAAAAAAA1AAAA","4",,,,,,,
"4601544","2017-09-11T13:30:00","20.33","-136.12",,,"1","4","2","5",,,"11",,,,,,,,,,,,"8",,,,,"9","250",,,,,,,,,,,,,"236","6","798","172","7","0",,"1","1FFFFF","1AAAAAAAA1AAAA","4",,,,,,,
"2100901","2017-09-11T13:50:00","20.16","-137.64",,,"1","4","2","5",,,"11",,,,,,,,,"10141",,,"8",,,,,"9","251",,,,,,,,,,,,,"236","7","798","172","7","1","2","1","1FFF1F","1AAAA1AAA1AAAA","4",,,,,,,
"2100530","2017-09-11T14:00:00","26.12","-132.32",,,"1","4","2","5",,,"11",,,,,,,,,"10161",,,"8",,,,,"9","231",,,,,,,,,,,,,"236","62","798","172","7","1","2","1","1FFF1F","1AAAA1AAA1AAAA","4",,,,,,,
"4600623","2017-09-11T14:00:00","21.66","-137.17",,,"1","3","2","5",,,"11",,,,,,,,,,,,,,,,,,,,,,,,,,,,,,,"236","17","798","172","7","1","2","1","FFFFFF","1AAAAAAAAAAAAA","4",,,,,,,
"4600770","2017-09-11T14:00:00","24.43","-133.43",,,"1","4","2","5",,,"11",,,,,,,,,"10156",,,"8",,,,,"9","235",,,,,,,,,,,,,"236","43","798","172","7","1","2","1","1FFF1F","1AAAA1AAA1AAAA","4",,,,,,,
"4601544","2017-09-11T14:00:00","20.32","-136.12",,,"1","4","2","5",,,"11",,,,,,,,,,,,"8",,,,,"9","250",,,,,,,,,,,,,"236","6","798","172","7","0",,"1","1FFFFF","1AAAAAAAA1AAAA","4",,,,,,,
"2200638","2017-09-11T14:01:00","25.34","-137.59",,,"1","4","2","5",,,"11",,,,,,,,,,,,"8",,,,,"9","243",,,,,,,,,,,,,"236","57","798","172","7","0",,"1","1FFFFF","1AAAAAAAA1AAAA","4",,,,,,,
"4601544","2017-09-11T14:30:00","20.32","-136.12",,,"1","4","2","5",,,"11",,,,,,,,,,,,"8",,,,,"9","250",,,,,,,,,,,,,"236","6","798","172","7","0",,"1","1FFFFF","1AAAAAAAA1AAAA","4",,,,,,,
"2100901","2017-09-11T14:50:00","20.15","-137.65",,,"1","4","2","5",,,"11",,,,,,,,,"10144",,,"8",,,,,"9","251",,,,,,,,,,,,,"236","7","798","172","7","1","2","1","1FFF1F","1AAAA1AAA1AAAA","4",,,,,,,
"2100530","2017-09-11T15:00:00","26.12","-132.32",,,"1","4","2","5",,,"11",,,,,,,,,"10164",,,"8",,,,,"9","231",,,,,,,,,,,,,"236","62","798","172","7","1","2","2","1FFF1F","1AAAA1AAA1AAAA","4",,,,,,,
"4600623","2017-09-11T15:00:00","21.66","-137.17",,,"1","3","2","5",,,"11",,,,,,,,,,,,,,,,,,,,,,,,,,,,,,,"236","17","798","172","7","1","2","1","FFFFFF","1AAAAAAAAAAAAA","4",,,,,,,
"4600770","2017-09-11T15:00:00","24.39","-133.43",,,"1","4","2","5",,,"11",,,,,,,,,"10158",,,"8",,,,,"9","235",,,,,,,,,,,,,"236","43","798","172","7","1","2","2","1FFF1F","1AAAA1AAA1AAAA","4",,,,,,,
"4601544","2017-09-11T15:00:00","20.32","-136.12",,,"1","4","2","5",,,"11",,,,,,,,,,,,"8",,,,,"9","250",,,,,,,,,,,,,"236","6","798","172","7","0",,"2","1FFFFF","1AAAAAAAA1AAAA","4",,,,,,,
"KRGB","2017-09-11T15:00:00","29.10","-136.90",,,"1","6","2","5","6","5","1",,"40","3","62","1","98","15","1","10186","4","0","8","211",,"189","176","1","217","6","6","8","5","6","A",,"2","1","2","6","3","236","96","798","172","5","1","2","1","111111","11111111111111",,"5",,"1","32","14","4",
"2200638","2017-09-11T15:01:00","25.34","-137.60",,,"1","4","2","5",,,"11",,,,,,,,,,,,"8",,,,,"9","243",,,,,,,,,,,,,"236","57","798","172","7","0",,"1","1FFFFF","1AAAAAAAA1AAAA","4",,,,,,,
"4601544","2017-09-11T15:30:00","20.32","-136.12",,,"1","4","2","5",,,"11",,,,,,,,,,,,"8",,,,,"9","250",,,,,,,,,,,,,"236","6","798","172","7","0",,"2","1FFFFF","1AAAAAAAA1AAAA","4",,,,,,,
"2100901","2017-09-11T15:50:00","20.15","-137.67",,,"1","4","2","5",,,"11",,,,,,,,,"10146",,,"8",,,,,"9","251",,,,,,,,,,,,,"236","7","798","172","7","1","2","2","1FFF1F","1AAAA1AAA1AAAA","4",,,,,,,
"2100530","2017-09-11T16:00:00","26.12","-132.32",,,"1","4","2","5",,,"11",,,,,,,,,"10165",,,"8",,,,,"9","231",,,,,,,,,,,,,"236","62","798","172","7","1","2","2","1FFF1F","1AAAA1AAA1AAAA","4",,,,,,,
"4600623","2017-09-11T16:00:00","21.65","-137.18",,,"1","3","2","5",,,"11",,,,,,,,,,,,,,,,,,,,,,,,,,,,,,,"236","17","798","172","7","1","2","2","FFFFFF","1AAAAAAAAAAAAA","4",,,,,,,
"4600770","2017-09-11T16:00:00","24.39","-133.44",,,"1","4","2","5",,,"11",,,,,,,,,"10163",,,"8",,,,,"9","235",,,,,,,,,,,,,"236","43","798","172","7","1","2","2","1FFF1F","1AAAA1AAA1AAAA","4",,,,,,,
"4601544","2017-09-11T16:00:00","20.32","-136.12",,,"1","4","2","5",,,"11",,,,,,,,,,,,"8",,,,,"9","250",,,,,,,,,,,,,"236","6","798","172","7","0",,"2","1FFFFF","1AAAAAAAA1AAAA","4",,,,,,,
"2200638","2017-09-11T16:01:00","25.33","-137.61",,,"1","4","2","5",,,"11",,,,,,,,,,,,"8",,,,,"9","243",,,,,,,,,,,,,"236","57","798","172","7","0",,"2","1FFFFF","1AAAAAAAA1AAAA","4",,,,,,,
"4601544","2017-09-11T16:30:00","20.32","-136.12",,,"1","4","2","5",,,"11",,,,,,,,,,,,"8",,,,,"9","250",,,,,,,,,,,,,"236","6","798","172","7","0",,"2","1FFFFF","1AAAAAAAA1AAAA","4",,,,,,,
"2100901","2017-09-11T16:50:00","20.14","-137.67",,,"1","4","2","5",,,"11",,,,,,,,,"10150",,,"8",,,,,"9","251",,,,,,,,,,,,,"236","7","798","172","7","1","2","2","1FFF1F","1AAAA1AAA1AAAA","4",,,,,,,
"2100530","2017-09-11T17:00:00","26.12","-132.32",,,"1","4","2","5",,,"11",,,,,,,,,"10168",,,"8",,,,,"9","231",,,,,,,,,,,,,"236","62","798","172","7","1","2","2","1FFF1F","1AAAA1AAA1AAAA","4",,,,,,,
"4600623","2017-09-11T17:00:00","21.64","-137.18",,,"1","3","2","5",,,"11",,,,,,,,,,,,,,,,,,,,,,,,,,,,,,,"236","17","798","172","7","1","2","2","FFFFFF","1AAAAAAAAAAAAA","4",,,,,,,
"4600770","2017-09-11T17:00:00","24.37","-133.45",,,"1","4","2","5",,,"11",,,,,,,,,"10165",,,"8",,,,,"9","235",,,,,,,,,,,,,"236","43","798","172","7","1","2","2","1FFF1F","1AAAA1AAA1AAAA","4",,,,,,,
"4601544","2017-09-11T17:00:00","20.32","-136.12",,,"1","4","2","5",,,"11",,,,,,,,,,,,"8",,,,,"9","250",,,,,,,,,,,,,"236","6","798","172","7","0",,"2","1FFFFF","1AAAAAAAA1AAAA","4",,,,,,,
"2200638","2017-09-11T17:01:00","25.33","-137.61",,,"1","4","2","5",,,"11",,,,,,,,,,,,"8",,,,,"9","243",,,,,,,,,,,,,"236","57","798","172","7","0",,"2","1FFFFF","1AAAAAAAA1AAAA","4",,,,,,,
"4601544","2017-09-11T17:30:00","20.32","-136.12",,,"1","4","2","5",,,"11",,,,,,,,,,,,"8",,,,,"9","251",,,,,,,,,,,,,"236","6","798","172","7","0",,"2","1FFFFF","1AAAAAAAA1AAAA","4",,,,,,,
"2100901","2017-09-11T17:50:00","20.13","-137.68",,,"1","4","2","5",,,"11",,,,,,,,,"10153",,,"8",,,,,"9","251",,,,,,,,,,,,,"236","7","798","172","7","1","2","2","1FFF1F","1AAAA1AAA1AAAA","4",,,,,,,
"2100530","2017-09-11T18:00:00","26.11","-132.32",,,"1","4","2","5",,,"11",,,,,,,,,"10169",,,"8",,,,,"9","231",,,,,,,,,,,,,"236","62","798","172","7","1","2","2","1FFF1F","1AAAA1AAA1AAAA","4",,,,,,,
"4600623","2017-09-11T18:00:00","21.65","-137.19",,,"1","3","2","5",,,"11",,,,,,,,,,,,,,,,,,,,,,,,,,,,,,,"236","17","798","172","7","1","2","2","FFFFFF","1AAAAAAAAAAAAA","4",,,,,,,
"4600770","2017-09-11T18:00:00","24.36","-133.46",,,"1","4","2","5",,,"11",,,,,,,,,"10167",,,"8",,,,,"9","235",,,,,,,,,,,,,"236","43","798","172","7","1","2","2","1FFF1F","1AAAA1AAA1AAAA","4",,,,,,,
"4601544","2017-09-11T18:00:00","20.32","-136.12",,,"1","4","2","5",,,"11",,,,,,,,,,,,"8",,,,,"9","251",,,,,,,,,,,,,"236","6","798","172","7","0",,"2","1FFFFF","1AAAAAAAA1AAAA","4",,,,,,,
"KRGB","2017-09-11T18:00:00","28.80","-138.20",,,"1","5","2","5","6","4","1",,"30","3","62","1","97","2","2","10197","2","6","8","222",,"194","177",,,,,"7",,"1","A",,"15","3",,,,"236","88","798","172","5","1","2","2","F11111","111111111A81A1",,"5",,"2",,,,
"2200638","2017-09-11T18:01:00","25.33","-137.62",,,"1","4","2","5",,,"11",,,,,,,,,,,,"8",,,,,"9","243",,,,,,,,,,,,,"236","57","798","172","7","0",,"2","1FFFFF","1AAAAAAAA1AAAA","4",,,,,,,
"2100901","2017-09-11T18:50:00","20.13","-137.68",,,"1","4","2","5",,,"11",,,,,,,,,"10154",,,"8",,,,,"9","252",,,,,,,,,,,,,"236","7","798","172","7","1","2","2","1FFF1F","1AAAA1AAA1AAAA","4",,,,,,,
"2100530","2017-09-11T19:00:00","26.10","-132.31",,,"1","4","2","5",,,"11",,,,,,,,,"10168",,,"8",,,,,"9","232",,,,,,,,,,,,,"236","62","798","172","7","1","2","2","1FFF1F","1AAAA1AAA1AAAA","4",,,,,,,
"4600623","2017-09-11T19:00:00","21.63","-137.19",,,"1","3","2","5",,,"11",,,,,,,,,,,,,,,,,,,,,,,,,,,,,,,"236","17","798","172","7","1","2","2","FFFFFF","1AAAAAAAAAAAAA","4",,,,,,,
"4600770","2017-09-11T19:00:00","24.35","-133.46",,,"1","4","2","5",,,"11",,,,,,,,,"10165",,,"8",,,,,"9","236",,,,,,,,,,,,,"236","43","798","172","7","1","2","2","1FFF1F","1AAAA1AAA1AAAA","4",,,,,,,
"2200638","2017-09-11T19:01:00","25.32","-137.62",,,"1","4","2","5",,,"11",,,,,,,,,,,,"8",,,,,"9","244",,,,,,,,,,,,,"236","57","798","172","7","0",,"2","1FFFFF","1AAAAAAAA1AAAA","4",,,,,,,
"4601544","2017-09-11T19:02:00","20.32","-136.12",,,"1","4","2","5",,,"11",,,,,,,,,,,,"8",,,,,"9","251",,,,,,,,,,,,,"236","6","798","172","7","0",,"2","1FFFFF","1AAAAAAAA1AAAA","4",,,,,,,
"2100530","2017-09-11T20:00:00","26.11","-132.32",,,"1","4","2","5",,,"11",,,,,,,,,"10163",,,"8",,,,,"9","232",,,,,,,,,,,,,"236","62","798","172","7","1","2","2","1FFF1F","1AAAA1AAA1AAAA","4",,,,,,,
"4600623","2017-09-11T20:00:00","21.63","-137.20",,,"1","3","2","5",,,"11",,,,,,,,,,,,,,,,,,,,,,,,,,,,,,,"236","17","798","172","7","1","2","2","FFFFFF","1AAAAAAAAAAAAA","4",,,,,,,
"4600770","2017-09-11T20:00:00","24.35","-133.47",,,"1","4","2","5",,,"11",,,,,,,,,"10160",,,"8",,,,,"9","236",,,,,,,,,,,,,"236","43","798","172","7","1","2","2","1FFF1F","1AAAA1AAA1AAAA","4",,,,,,,
"2200638","2017-09-11T20:01:00","25.32","-137.63",,,"1","4","2","5",,,"11",,,,,,,,,,,,"8",,,,,"9","244",,,,,,,,,,,,,"236","57","798","172","7","0",,"2","1FFFFF","1AAAAAAAA1AAAA","4",,,,,,,
"4601544","2017-09-11T20:02:00","20.31","-136.13",,,"1","4","2","5",,,"11",,,,,,,,,,,,"8",,,,,"9","251",,,,,,,,,,,,,"236","6","798","172","7","0",,"2","1FFFFF","1AAAAAAAA1AAAA","4",,,,,,,
"2100901","2017-09-11T20:50:00","20.12","-137.70",,,"1","4","2","5",,,"11",,,,,,,,,"10147",,,"8",,,,,"9","252",,,,,,,,,,,,,"236","7","798","172","7","1","2","2","1FFF1F","1AAAA1AAA1AAAA","4",,,,,,,
"2100530","2017-09-11T21:00:00","26.11","-132.32",,,"1","4","2","5",,,"11",,,,,,,,,"10157",,,"8",,,,,"9","233",,,,,,,,,,,,,"236","62","798","172","7","1","2","2","1FFF1F","1AAAA1AAA1AAAA","4",,,,,,,
"4600623","2017-09-11T21:00:00","21.63","-137.20",,,"1","3","2","5",,,"11",,,,,,,,,,,,,,,,,,,,,,,,,,,,,,,"236","17","798","172","7","1","2","2","FFFFFF","1AAAAAAAAAAAAA","4",,,,,,,
"4600770","2017-09-11T21:00:00","24.35","-133.47",,,"1","4","2","5",,,"11",,,,,,,,,"10156",,,"8",,,,,"9","237",,,,,,,,,,,,,"236","43","798","172","7","1","2","2","1FFF1F","1AAAA1AAA1AAAA","4",,,,,,,
"2200638","2017-09-11T21:01:00","25.31","-137.63",,,"1","4","2","5",,,"11",,,,,,,,,,,,"8",,,,,"9","244",,,,,,,,,,,,,"236","57","798","172","7","0",,"2","1FFFFF","1AAAAAAAA1AAAA","4",,,,,,,
"4601544","2017-09-11T21:02:00","20.31","-136.13",,,"1","4","2","5",,,"11",,,,,,,,,,,,"8",,,,,"9","252",,,,,,,,,,,,,"236","6","798","172","7","0",,"2","1FFFFF","1AAAAAAAA1AAAA","4",,,,,,,
"4601544","2017-09-11T21:32:00","20.31","-136.13",,,"1","4","2","5",,,"11",,,,,,,,,,,,"8",,,,,"9","252",,,,,,,,,,,,,"236","6","798","172","7","0",,"2","1FFFFF","1AAAAAAAA1AAAA","4",,,,,,,
"2100901","2017-09-11T21:50:00","20.11","-137.74",,,"1","4","2","5",,,"11",,,,,,,,,"10140",,,"8",,,,,"9","253",,,,,,,,,,,,,"236","7","798","172","7","1","2","2","1FFF1F","1AAAA1AAA1AAAA","4",,,,,,,
"2100530","2017-09-11T22:00:00","26.08","-132.32",,,"1","4","2","5",,,"11",,,,,,,,,"10151",,,"8",,,,,"9","233",,,,,,,,,,,,,"236","62","798","172","7","1","2","2","1FFF1F","1AAAA1AAA1AAAA","4",,,,,,,
"4600623","2017-09-11T22:00:00","21.60","-137.23",,,"1","3","2","5",,,"11",,,,,,,,,,,,,,,,,,,,,,,,,,,,,,,"236","17","798","172","7","1","2","2","FFFFFF","1AAAAAAAAAAAAA","4",,,,,,,
"4600770","2017-09-11T22:00:00","24.31","-133.50",,,"1","4","2","5",,,"11",,,,,,,,,"10149",,,"8",,,,,"9","238",,,,,,,,,,,,,"236","43","798","172","7","1","2","2","1FFF1F","1AAAA1AAA1AAAA","4",,,,,,,
"4601544","2017-09-11T22:00:00","20.31","-136.13",,,"1","4","2","5",,,"11",,,,,,,,,,,,"8",,,,,"9","252",,,,,,,,,,,,,"236","6","798","172","7","0",,"2","1FFFFF","1AAAAAAAA1AAAA","4",,,,,,,
"2200638","2017-09-11T22:01:00","25.30","-137.64",,,"1","4","2","5",,,"11",,,,,,,,,,,,"8",,,,,"9","245",,,,,,,,,,,,,"236","57","798","172","7","0",,"2","1FFFFF","1AAAAAAAA1AAAA","4",,,,,,,
"2100901","2017-09-11T22:50:00","20.11","-137.74",,,"1","4","2","5",,,"11",,,,,,,,,"10135",,,"8",,,,,"9","254",,,,,,,,,,,,,"236","7","798","172","7","1","2","2","1FFF1F","1AAAA1AAA1AAAA","4",,,,,,,
"2100530","2017-09-11T23:00:00","26.08","-132.32",,,"1","4","2","5",,,"11",,,,,,,,,"10146",,,"8",,,,,"9","233",,,,,,,,,,,,,"236","62","798","172","7","1","2","2","1FFF1F","1AAAA1AAA1AAAA","4",,,,,,,
"4600623","2017-09-11T23:00:00","21.60","-137.23",,,"1","3","2","5",,,"11",,,,,,,,,,,,,,,,,,,,,,,,,,,,,,,"236","17","798","172","7","1","2","2","FFFFFF","1AAAAAAAAAAAAA","4",,,,,,,
"4600770","2017-09-11T23:00:00","24.31","-133.50",,,"1","4","2","5",,,"11",,,,,,,,,"10143",,,"8",,,,,"9","239",,,,,,,,,,,,,"236","43","798","172","7","1","2","2","1FFF1F","1AAAA1AAA1AAAA","4",,,,,,,
"2200638","2017-09-11T23:01:00","25.30","-137.64",,,"1","4","2","5",,,"11",,,,,,,,,,,,"8",,,,,"9","245",,,,,,,,,,,,,"236","57","798","172","7","0",,"2","1FFFFF","1AAAAAAAA1AAAA","4",,,,,,,
"4601544","2017-09-11T23:02:00","20.31","-136.13",,,"1","4","2","5",,,"11",,,,,,,,,,,,"8",,,,,"9","252",,,,,,,,,,,,,"236","6","798","172","7","0",,"2","1FFFFF","1AAAAAAAA1AAAA","4",,,,,,,
"4601544","2017-09-11T23:32:00","20.31","-136.13",,,"1","4","2","5",,,"11",,,,,,,,,,,,"8",,,,,"9","253",,,,,,,,,,,,,"236","6","798","172","7","0",,"2","1FFFFF","1AAAAAAAA1AAAA","4",,,,,,,
"2100901","2017-09-11T23:50:00","20.11","-137.74",,,"1","4","2","5",,,"11",,,,,,,,,"10130",,,"8",,,,,"9","255",,,,,,,,,,,,,"236","7","798","172","7","1","2","2","1FFF1F","1AAAA1AAA1AAAA","4",,,,,,,
"2100530","2017-09-12T00:00:00","26.08","-132.32",,,"1","4","2","5",,,"11",,,,,,,,,"10145",,,"8",,,,,"9","234",,,,,,,,,,,,,"236","62","798","172","7","1","2","2","1FFF1F","1AAAA1AAA1AAAA","4",,,,,,,
"4600623","2017-09-12T00:00:00","21.60","-137.23",,,"1","3","2","5",,,"11",,,,,,,,,,,,,,,,,,,,,,,,,,,,,,,"236","17","798","172","7","1","2","2","FFFFFF","1AAAAAAAAAAAAA","4",,,,,,,
"4600770","2017-09-12T00:00:00","24.31","-133.50",,,"1","4","2","5",,,"11",,,,,,,,,"10141",,,"8",,,,,"9","240",,,,,,,,,,,,,"236","43","798","172","7","1","2","2","1FFF1F","1AAAA1AAA1AAAA","4",,,,,,,
"4601544","2017-09-12T00:00:00","20.31","-136.13",,,"1","4","2","5",,,"11",,,,,,,,,,,,"8",,,,,"9","253",,,,,,,,,,,,,"236","6","798","172","7","0",,"2","1FFFFF","1AAAAAAAA1AAAA","4",,,,,,,
"WNRD","2017-09-12T00:00:00","28.60","-138.10",,,"1","6","2","5","6","5","1",,"40","4","87","1","98","60","1","10171","7","18","8","233",,"200","181","7","228","7","5","4","5","7","0",,"3","2","2","7","4","236","88","798","172","5","1","2","2","111111","11111111111111",,"5",,"1",,,,
"2200638","2017-09-12T00:01:00","25.29","-137.65",,,"1","4","2","5",,,"11",,,,,,,,,,,,"8",,,,,"9","246",,,,,,,,,,,,,"236","57","798","172","7","0",,"2","1FFFFF","1AAAAAAAA1AAAA","4",,,,,,,
"4601544","2017-09-12T00:30:00","20.31","-136.13",,,"1","4","2","5",,,"11",,,,,,,,,,,,"8",,,,,"9","253",,,,,,,,,,,,,"236","6","798","172","7","0",,"2","1FFFFF","1AAAAAAAA1AAAA","4",,,,,,,
"2100901","2017-09-12T00:50:00","20.11","-137.76",,,"1","4","2","5",,,"11",,,,,,,,,"10128",,,"8",,,,,"9","255",,,,,,,,,,,,,"236","7","798","172","7","1","2","2","1FFF1F","1AAAA1AAA1AAAA","4",,,,,,,
"2100530","2017-09-12T01:00:00","26.08","-132.32",,,"1","4","2","5",,,"11",,,,,,,,,"10147",,,"8",,,,,"9","236",,,,,,,,,,,,,"236","62","798","172","7","1","2","2","1FFF1F","1AAAA1AAA1AAAA","4",,,,,,,
"4600623","2017-09-12T01:00:00","21.60","-137.23",,,"1","3","2","5",,,"11",,,,,,,,,,,,,,,,,,,,,,,,,,,,,,,"236","17","798","172","7","1","2","2","FFFFFF","1AAAAAAAAAAAAA","4",,,,,,,
"4600770","2017-09-12T01:00:00","24.31","-133.50",,,"1","4","2","5",,,"11",,,,,,,,,"10140",,,"8",,,,,"9","239",,,,,,,,,,,,,"236","43","798","172","7","1","2","2","1FFF1F","1AAAA1AAA1AAAA","4",,,,,,,
"2200638","2017-09-12T01:01:00","25.28","-137.65",,,"1","4","2","5",,,"11",,,,,,,,,,,,"8",,,,,"9","246",,,,,,,,,,,,,"236","57","798","172","7","0",,"2","1FFFFF","1AAAAAAAA1AAAA","4",,,,,,,
"4601544","2017-09-12T01:32:00","20.31","-136.13",,,"1","4","2","5",,,"11",,,,,,,,,,,,"8",,,,,"9","253",,,,,,,,,,,,,"236","6","798","172","7","0",,"2","1FFFFF","1AAAAAAAA1AAAA","4",,,,,,,
"2100901","2017-09-12T01:50:00","20.11","-137.76",,,"1","4","2","5",,,"11",,,,,,,,,"10130",,,"8",,,,,"9","254",,,,,,,,,,,,,"236","7","798","172","7","1","2","2","1FFF1F","1AAAA1AAA1AAAA","4",,,,,,,
"2100530","2017-09-12T02:00:00","26.08","-132.32",,,"1","4","2","5",,,"11",,,,,,,,,"10147",,,"8",,,,,"9","234",,,,,,,,,,,,,"236","62","798","172","7","1","2","2","1FFF1F","1AAAA1AAA1AAAA","4",,,,,,,
"4600623","2017-09-12T02:00:00","21.59","-137.24",,,"1","3","2","5",,,"11",,,,,,,,,,,,,,,,,,,,,,,,,,,,,,,"236","17","798","172","7","1","2","2","FFFFFF","1AAAAAAAAAAAAA","4",,,,,,,
"4600770","2017-09-12T02:00:00","24.28","-133.51",,,"1","4","2","5",,,"11",,,,,,,,,"10142",,,"8",,,,,"9","239",,,,,,,,,,,,,"236","43","798","172","7","1","2","2","1FFF1F","1AAAA1AAA1AAAA","4",,,,,,,
"4601544","2017-09-12T02:00:00","20.31","-136.13",,,"1","4","2","5",,,"11",,,,,,,,,,,,"8",,,,,"9","253",,,,,,,,,,,,,"236","6","798","172","7","0",,"2","1FFFFF","1AAAAAAAA1AAAA","4",,,,,,,
"2200638","2017-09-12T02:01:00","25.28","-137.66",,,"1","4","2","5",,,"11",,,,,,,,,,,,"8",,,,,"9","245",,,,,,,,,,,,,"236","57","798","172","7","0",,"2","1FFFFF","1AAAAAAAA1AAAA","4",,,,,,,
"4601544","2017-09-12T02:30:00","20.31","-136.13",,,"1","4","2","5",,,"11",,,,,,,,,,,,"8",,,,,"9","252",,,,,,,,,,,,,"236","6","798","172","7","0",,"2","1FFFFF","1AAAAAAAA1AAAA","4",,,,,,,
"2100901","2017-09-12T02:50:00","20.11","-137.77",,,"1","4","2","5",,,"11",,,,,,,,,"10134",,,"8",,,,,"9","254",,,,,,,,,,,,,"236","7","798","172","7","1","2","2","1FFF1F","1AAAA1AAA1AAAA","4",,,,,,,
"2100530","2017-09-12T03:00:00","26.05","-132.33",,,"1","4","2","5",,,"11",,,,,,,,,"10151",,,"8",,,,,"9","234",,,,,,,,,,,,,"236","62","798","172","7","1","2","1","1FFF1F","1AAAA1AAA1AAAA","4",,,,,,,
"4600623","2017-09-12T03:00:00","21.59","-137.24",,,"1","3","2","5",,,"11",,,,,,,,,,,,,,,,,,,,,,,,,,,,,,,"236","17","798","172","7","1","2","2","FFFFFF","1AAAAAAAAAAAAA","4",,,,,,,
"4600770","2017-09-12T03:00:00","24.27","-133.52",,,"1","4","2","5",,,"11",,,,,,,,,"10146",,,"8",,,,,"9","238",,,,,,,,,,,,,"236","43","798","172","7","1","2","2","1FFF1F","1AAAA1AAA1AAAA","4",,,,,,,
"4601544","2017-09-12T03:00:00","20.31","-136.13",,,"1","4","2","5",,,"11",,,,,,,,,,,,"8",,,,,"9","252",,,,,,,,,,,,,"236","6","798","172","7","0",,"2","1FFFFF","1AAAAAAAA1AAAA","4",,,,,,,
"2200638","2017-09-12T03:01:00","25.28","-137.67",,,"1","4","2","5",,,"11",,,,,,,,,,,,"8",,,,,"9","245",,,,,,,,,,,,,"236","57","798","172","7","0",,"2","1FFFFF","1AAAAAAAA1AAAA","4",,,,,,,
"4601544","2017-09-12T03:30:00","20.31","-136.12",,,"1","4","2","5",,,"11",,,,,,,,,,,,"8",,,,,"9","252",,,,,,,,,,,,,"236","6","798","172","7","0",,"1","1FFFFF","1AAAAAAAA1AAAA","4",,,,,,,
"2100901","2017-09-12T03:50:00","20.10","-137.78",,,"1","4","2","5",,,"11",,,,,,,,,"10137",,,"8",,,,,"9","254",,,,,,,,,,,,,"236","7","798","172","7","1","2","1","1FFF1F","1AAAA1AAA1AAAA","4",,,,,,,
"2100530","2017-09-12T04:00:00","26.04","-132.33",,,"1","4","2","5",,,"11",,,,,,,,,"10154",,,"8",,,,,"9","233",,,,,,,,,,,,,"236","62","798","172","7","1","2","1","1FFF1F","1AAAA1AAA1AAAA","4",,,,,,,
"4600623","2017-09-12T04:00:00","21.59","-137.25",,,"1","3","2","5",,,"11",,,,,,,,,,,,,,,,,,,,,,,,,,,,,,,"236","17","798","172","7","1","2","1","FFFFFF","1AAAAAAAAAAAAA","4",,,,,,,
"4600770","2017-09-12T04:00:00","24.26","-133.52",,,"1","4","2","5",,,"11",,,,,,,,,"10149",,,"8",,,,,"9","237",,,,,,,,,,,,,"236","43","798","172","7","1","2","1","1FFF1F","1AAAA1AAA1AAAA","4",,,,,,,
"2200638","2017-09-12T04:01:00","25.27","-137.67",,,"1","4","2","5",,,"11",,,,,,,,,,,,"8",,,,,"9","244",,,,,,,,,,,,,"236","57","798","172","7","0",,"1","1FFFFF","1AAAAAAAA1AAAA","4",,,,,,,
"4601544","2017-09-12T04:04:00","20.31","-136.12",,,"1","4","2","5",,,"11",,,,,,,,,,,,"8",,,,,"9","252",,,,,,,,,,,,,"236","6","798","172","7","0",,"1","1FFFFF","1AAAAAAAA1AAAA","4",,,,,,,
"4601544","2017-09-12T04:30:00","20.31","-136.12",,,"1","4","2","5",,,"11",,,,,,,,,,,,"8",,,,,"9","252",,,,,,,,,,,,,"236","6","798","172","7","0",,"1","1FFFFF","1AAAAAAAA1AAAA","4",,,,,,,
"2100901","2017-09-12T04:50:00","20.10","-137.79",,,"1","4","2","5",,,"11",,,,,,,,,"10145",,,"8",,,,,"9","254",,,,,,,,,,,,,"236","7","798","172","7","1","2","1","1FFF1F","1AAAA1AAA1AAAA","4",,,,,,,
"2100530","2017-09-12T05:00:00","26.03","-132.34",,,"1","4","2","5",,,"11",,,,,,,,,"10160",,,"8",,,,,"9","233",,,,,,,,,,,,,"236","62","798","172","7","1","2","1","1FFF1F","1AAAA1AAA1AAAA","4",,,,,,,
"4600623","2017-09-12T05:00:00","21.59","-137.26",,,"1","3","2","5",,,"11",,,,,,,,,,,,,,,,,,,,,,,,,,,,,,,"236","17","798","172","7","1","2","1","FFFFFF","1AAAAAAAAAAAAA","4",,,,,,,
"4600770","2017-09-12T05:00:00","24.26","-133.53",,,"1","4","2","5",,,"11",,,,,,,,,"10155",,,"8",,,,,"9","237",,,,,,,,,,,,,"236","43","798","172","7","1","2","1","1FFF1F","1AAAA1AAA1AAAA","4",,,,,,,
"4601544","2017-09-12T05:00:00","20.31","-136.12",,,"1","4","2","5",,,"11",,,,,,,,,,,,"8",,,,,"9","252",,,,,,,,,,,,,"236","6","798","172","7","0",,"1","1FFFFF","1AAAAAAAA1AAAA","4",,,,,,,
"2200638","2017-09-12T05:01:00","25.26","-137.67",,,"1","4","2","5",,,"11",,,,,,,,,,,,"8",,,,,"9","244",,,,,,,,,,,,,"236","57","798","172","7","0",,"1","1FFFFF","1AAAAAAAA1AAAA","4",,,,,,,
"4601544","2017-09-12T05:30:00","20.31","-136.12",,,"1","4","2","5",,,"11",,,,,,,,,,,,"8",,,,,"9","251",,,,,,,,,,,,,"236","6","798","172","7","0",,"1","1FFFFF","1AAAAAAAA1AAAA","4",,,,,,,
"2100901","2017-09-12T05:50:00","20.10","-137.80",,,"1","4","2","5",,,"11",,,,,,,,,"10152",,,"8",,,,,"9","254",,,,,,,,,,,,,"236","7","798","172","7","1","2","1","1FFF1F","1AAAA1AAA1AAAA","4",,,,,,,
"2100530","2017-09-12T06:00:00","26.02","-132.34",,,"1","4","2","5",,,"11",,,,,,,,,"10165",,,"8",,,,,"9","232",,,,,,,,,,,,,"236","62","798","172","7","1","2","1","1FFF1F","1AAAA1AAA1AAAA","4",,,,,,,
"4600623","2017-09-12T06:00:00","21.59","-137.27",,,"1","3","2","5",,,"11",,,,,,,,,,,,,,,,,,,,,,,,,,,,,,,"236","17","794","103","7","1","2","1","FFFFFF","1AAAAAAAAAAAAA","4",,,,,,,
"4600770","2017-09-12T06:00:00","24.25","-133.54",,,"1","4","2","5",,,"11",,,,,,,,,"10161",,,"8",,,,,"9","237",,,,,,,,,,,,,"236","43","798","172","7","1","2","1","1FFF1F","1AAAA1AAA1AAAA","4",,,,,,,
"4601544","2017-09-12T06:30:00","20.30","-136.12",,,"1","4","2","5",,,"11",,,,,,,,,,,,"8",,,,,"9","251",,,,,,,,,,,,,"236","6","798","172","7","0",,"1","1FFFFF","1AAAAAAAA1AAAA","4",,,,,,,
"2100901","2017-09-12T06:50:00","20.10","-137.81",,,"1","4","2","5",,,"11",,,,,,,,,"10156",,,"8",,,,,"9","254",,,,,,,,,,,,,"236","7","798","172","7","1","2","1","1FFF1F","1AAAA1AAA1AAAA","4",,,,,,,
"4600623","2017-09-12T07:00:00","21.58","-137.27",,,"1","3","2","5",,,"11",,,,,,,,,,,,,,,,,,,,,,,,,,,,,,,"236","17","798","172","7","1","2","1","FFFFFF","1AAAAAAAAAAAAA","4",,,,,,,
"4600770","2017-09-12T07:00:00","24.24","-133.55",,,"1","4","2","5",,,"11",,,,,,,,,"10163",,,"8",,,,,"9","237",,,,,,,,,,,,,"236","43","798","172","7","1","2","1","1FFF1F","1AAAA1AAA1AAAA","4",,,,,,,
"4601544","2017-09-12T07:00:00","20.30","-136.12",,,"1","4","2","5",,,"11",,,,,,,,,,,,"8",,,,,"9","251",,,,,,,,,,,,,"236","6","798","172","7","0",,"1","1FFFFF","1AAAAAAAA1AAAA","4",,,,,,,
"2200638","2017-09-12T07:01:00","25.25","-137.68",,,"1","4","2","5",,,"11",,,,,,,,,,,,"8",,,,,"9","244",,,,,,,,,,,,,"236","57","798","172","7","0",,"1","1FFFFF","1AAAAAAAA1AAAA","4",,,,,,,
"4601544","2017-09-12T07:30:00","20.30","-136.12",,,"1","4","2","5",,,"11",,,,,,,,,,,,"8",,,,,"9","251",,,,,,,,,,,,,"236","6","798","172","7","0",,"1","1FFFFF","1AAAAAAAA1AAAA","4",,,,,,,
"4600623","2017-09-12T08:00:00","21.58","-137.27",,,"1","3","2","5",,,"11",,,,,,,,,,,,,,,,,,,,,,,,,,,,,,,"236","17","798","172","7","1","2","1","FFFFFF","1AAAAAAAAAAAAA","4",,,,,,,
"4601544","2017-09-12T08:00:00","20.30","-136.11",,,"1","4","2","5",,,"11",,,,,,,,,,,,"8",,,,,"9","251",,,,,,,,,,,,,"236","6","798","172","7","0",,"1","1FFFFF","1AAAAAAAA1AAAA","4",,,,,,,
"2200638","2017-09-12T08:01:00","25.24","-137.68",,,"1","4","2","5",,,"11",,,,,,,,,,,,"8",,,,,"9","244",,,,,,,,,,,,,"236","57","798","172","7","0",,"1","1FFFFF","1AAAAAAAA1AAAA","4",,,,,,,
"4601544","2017-09-12T08:30:00","20.30","-136.11",,,"1","4","2","5",,,"11",,,,,,,,,,,,"8",,,,,"9","251",,,,,,,,,,,,,"236","6","798","172","7","0",,"1","1FFFFF","1AAAAAAAA1AAAA","4",,,,,,,
"2100901","2017-09-12T08:50:00","20.10","-137.81",,,"1","4","2","5",,,"11",,,,,,,,,"10150",,,"8",,,,,"9","254",,,,,,,,,,,,,"236","7","798","172","7","1","2","1","1FFF1F","1AAAA1AAA1AAAA","4",,,,,,,
"2100530","2017-09-12T09:00:00","26.01","-132.36",,,"1","4","2","5",,,"11",,,,,,,,,"10164",,,"8",,,,,"9","231",,,,,,,,,,,,,"236","62","798","172","7","1","2","1","1FFF1F","1AAAA1AAA1AAAA","4",,,,,,,
"4600623","2017-09-12T09:00:00","21.58","-137.27",,,"1","3","2","5",,,"11",,,,,,,,,,,,,,,,,,,,,,,,,,,,,,,"236","17","798","172","7","1","2","1","FFFFFF","1AAAAAAAAAAAAA","4",,,,,,,
"4600770","2017-09-12T09:00:00","24.24","-133.55",,,"1","4","2","5",,,"11",,,,,,,,,"10157",,,"8",,,,,"9","237",,,,,,,,,,,,,"236","43","798","172","7","1","2","1","1FFF1F","1AAAA1AAA1AAAA","4",,,,,,,
"4601544","2017-09-12T09:00:00","20.30","-136.11",,,"1","4","2","5",,,"11",,,,,,,,,,,,"8",,,,,"9","251",,,,,,,,,,,,,"236","6","798","172","7","0",,"1","1FFFFF","1AAAAAAAA1AAAA","4",,,,,,,
"2200638","2017-09-12T09:01:00","25.23","-137.68",,,"1","4","2","5",,,"11",,,,,,,,,,,,"8",,,,,"9","244",,,,,,,,,,,,,"236","57","798","172","7","0",,"1","1FFFFF","1AAAAAAAA1AAAA","4",,,,,,,
"4601544","2017-09-12T09:30:00","20.30","-136.11",,,"1","4","2","5",,,"11",,,,,,,,,,,,"8",,,,,"9","251",,,,,,,,,,,,,"236","6","798","172","7","0",,"1","1FFFFF","1AAAAAAAA1AAAA","4",,,,,,,
"2100901","2017-09-12T09:50:00","20.10","-137.81",,,"1","4","2","5",,,"11",,,,,,,,,"10145",,,"8",,,,,"9","255",,,,,,,,,,,,,"236","7","798","172","7","1","2","1","1FFF1F","1AAAA1AAA1AAAA","4",,,,,,,
"2100530","2017-09-12T10:00:00","25.99","-132.42",,,"1","4","2","5",,,"11",,,,,,,,,"10163",,,"8",,,,,"9","231",,,,,,,,,,,,,"236","52","798","172","7","1","2","1","1FFF1F","1AAAA1AAA1AAAA","4",,,,,,,
"4600623","2017-09-12T10:00:00","21.58","-137.31",,,"1","3","2","5",,,"11",,,,,,,,,,,,,,,,,,,,,,,,,,,,,,,"236","17","798","172","7","1","2","1","FFFFFF","1AAAAAAAAAAAAA","4",,,,,,,
"4600770","2017-09-12T10:00:00","24.24","-133.55",,,"1","4","2","5",,,"11",,,,,,,,,"10154",,,"8",,,,,"9","237",,,,,,,,,,,,,"236","43","798","172","7","1","2","1","1FFF1F","1AAAA1AAA1AAAA","4",,,,,,,
"4601544","2017-09-12T10:00:00","20.30","-136.11",,,"1","4","2","5",,,"11",,,,,,,,,,,,"8",,,,,"9","251",,,,,,,,,,,,,"236","6","798","172","7","0",,"1","1FFFFF","1AAAAAAAA1AAAA","4",,,,,,,
"2200638","2017-09-12T10:01:00","25.23","-137.69",,,"1","4","2","5",,,"11",,,,,,,,,,,,"8",,,,,"9","244",,,,,,,,,,,,,"236","57","798","172","7","0",,"1","1FFFFF","1AAAAAAAA1AAAA","4",,,,,,,
"4601544","2017-09-12T10:30:00","20.29","-136.11",,,"1","4","2","5",,,"11",,,,,,,,,,,,"8",,,,,"9","251",,,,,,,,,,,,,"236","6","798","172","7","0",,"1","1FFFFF","1AAAAAAAA1AAAA","4",,,,,,,
"2100901","2017-09-12T10:50:00","20.13","-137.82",,,"1","4","2","5",,,"11",,,,,,,,,"10141",,,"8",,,,,"9","255",,,,,,,,,,,,,"236","7","798","172","7","1","2","1","1FFF1F","1AAAA1AAA1AAAA","4",,,,,,,
"2100530","2017-09-12T11:00:00","26.01","-132.36",,,"1","4","2","5",,,"11",,,,,,,,,"10159",,,"8",,,,,"9","231",,,,,,,,,,,,,"236","62","798","172","7","1","2","1","1FFF1F","1AAAA1AAA1AAAA","4",,,,,,,
"4600623","2017-09-12T11:00:00","21.58","-137.31",,,"1","3","2","5",,,"11",,,,,,,,,,,,,,,,,,,,,,,,,,,,,,,"236","17","798","172","7","1","2","1","FFFFFF","1AAAAAAAAAAAAA","4",,,,,,,
"4600770","2017-09-12T11:00:00","24.24","-133.58",,,"1","4","2","5",,,"11",,,,,,,,,"10150",,,"8",,,,,"9","237",,,,,,,,,,,,,"236","43","798","172","7","1","2","1","1FFF1F","1AAAA1AAA1AAAA","4",,,,,,,
"4601544","2017-09-12T11:00:00","20.29","-136.11",,,"1","4","2","5",,,"11",,,,,,,,,,,,"8",,,,,"9","251",,,,,,,,,,,,,"236","6","798","172","7","0",,"1","1FFFFF","1AAAAAAAA1AAAA","4",,,,,,,
"2200638","2017-09-12T11:01:00","25.22","-137.69",,,"1","4","2","5",,,"11",,,,,,,,,,,,"8",,,,,"9","244",,,,,,,,,,,,,"236","57","798","172","7","0",,"1","1FFFFF","1AAAAAAAA1AAAA","4",,,,,,,
"4601544","2017-09-12T11:30:00","20.29","-136.11",,,"1","4","2","5",,,"11",,,,,,,,,,,,"8",,,,,"9","251",,,,,,,,,,,,,"236","6","798","172","7","0",,"1","1FFFFF","1AAAAAAAA1AAAA","4",,,,,,,
"2100901","2017-09-12T11:50:00","20.10","-137.81",,,"1","4","2","5",,,"11",,,,,,,,,"10138",,,"8",,,,,"9","254",,,,,,,,,,,,,"236","7","798","172","7","1","2","1","1FFF1F","1AAAA1AAA1AAAA","4",,,,,,,
"2100530","2017-09-12T12:00:00","25.99","-132.42",,,"1","4","2","5",,,"11",,,,,,,,,"10157",,,"8",,,,,"9","231",,,,,,,,,,,,,"236","52","798","172","7","1","2","1","1FFF1F","1AAAA1AAA1AAAA","4",,,,,,,
"4600623","2017-09-12T12:00:00","21.58","-137.27",,,"1","3","2","5",,,"11",,,,,,,,,,,,,,,,,,,,,,,,,,,,,,,"236","17","798","172","7","1","2","1","FFFFFF","1AAAAAAAAAAAAA","4",,,,,,,
"4600770","2017-09-12T12:00:00","24.24","-133.55",,,"1","4","2","5",,,"11",,,,,,,,,"10149",,,"8",,,,,"9","237",,,,,,,,,,,,,"236","43","798","172","7","1","2","1","1FFF1F","1AAAA1AAA1AAAA","4",,,,,,,
"4601544","2017-09-12T12:00:00","20.29","-136.11",,,"1","4","2","5",,,"11",,,,,,,,,,,,"8",,,,,"9","251",,,,,,,,,,,,,"236","6","798","172","7","0",,"1","1FFFFF","1AAAAAAAA1AAAA","4",,,,,,,
"2200638","2017-09-12T12:01:00","25.20","-137.70",,,"1","4","2","5",,,"11",,,,,,,,,,,,"8",,,,,"9","244",,,,,,,,,,,,,"236","57","798","172","7","0",,"1","1FFFFF","1AAAAAAAA1AAAA","4",,,,,,,
"4601544","2017-09-12T12:30:00","20.29","-136.11",,,"1","4","2","5",,,"11",,,,,,,,,,,,"8",,,,,"9","251",,,,,,,,,,,,,"236","6","798","172","7","0",,"1","1FFFFF","1AAAAAAAA1AAAA","4",,,,,,,
"2100901","2017-09-12T12:50:00","20.12","-137.82",,,"1","4","2","5",,,"11",,,,,,,,,"10134",,,"8",,,,,"9","254",,,,,,,,,,,,,"236","7","798","172","7","1","2","1","1FFF1F","1AAAA1AAA1AAAA","4",,,,,,,
"2100530","2017-09-12T13:00:00","25.99","-132.41",,,"1","4","2","5",,,"11",,,,,,,,,"10158",,,"8",,,,,"9","231",,,,,,,,,,,,,"236","52","798","172","7","1","2","1","1FFF1F","1AAAA1AAA1AAAA","4",,,,,,,
"4600623","2017-09-12T13:00:00","21.58","-137.31",,,"1","3","2","5",,,"11",,,,,,,,,,,,,,,,,,,,,,,,,,,,,,,"236","17","798","172","7","1","2","1","FFFFFF","1AAAAAAAAAAAAA","4",,,,,,,
"4600770","2017-09-12T13:00:00","24.24","-133.58",,,"1","4","2","5",,,"11",,,,,,,,,"10147",,,"8",,,,,"9","236",,,,,,,,,,,,,"236","43","798","172","7","1","2","1","1FFF1F","1AAAA1AAA1AAAA","4",,,,,,,
"4601544","2017-09-12T13:00:00","20.29","-136.11",,,"1","4","2","5",,,"11",,,,,,,,,,,,"8",,,,,"9","251",,,,,,,,,,,,,"236","6","798","172","7","0",,"1","1FFFFF","1AAAAAAAA1AAAA","4",,,,,,,
"2200638","2017-09-12T13:01:00","25.19","-137.70",,,"1","4","2","5",,,"11",,,,,,,,,,,,"8",,,,,"9","243",,,,,,,,,,,,,"236","57","798","172","7","0",,"1","1FFFFF","1AAAAAAAA1AAAA","4",,,,,,,
"4601544","2017-09-12T13:30:00","20.29","-136.11",,,"1","4","2","5",,,"11",,,,,,,,,,,,"8",,,,,"9","251",,,,,,,,,,,,,"236","6","798","172","7","0",,"1","1FFFFF","1AAAAAAAA1AAAA","4",,,,,,,
"2100901","2017-09-12T13:50:00","20.12","-137.82",,,"1","4","2","5",,,"11",,,,,,,,,"10135",,,"8",,,,,"9","254",,,,,,,,,,,,,"236","7","798","172","7","1","2","1","1FFF1F","1AAAA1AAA1AAAA","4",,,,,,,
"2100530","2017-09-12T14:00:00","25.98","-132.42",,,"1","4","2","5",,,"11",,,,,,,,,"10158",,,"8",,,,,"9","231",,,,,,,,,,,,,"236","52","798","172","7","1","2","1","1FFF1F","1AAAA1AAA1AAAA","4",,,,,,,
"4600623","2017-09-12T14:00:00","21.58","-137.31",,,"1","3","2","5",,,"11",,,,,,,,,,,,,,,,,,,,,,,,,,,,,,,"236","17","798","172","7","1","2","1","FFFFFF","1AAAAAAAAAAAAA","4",,,,,,,
"4600770","2017-09-12T14:00:00","24.24","-133.59",,,"1","4","2","5",,,"11",,,,,,,,,"10149",,,"8",,,,,"9","237",,,,,,,,,,,,,"236","43","798","172","7","1","2","1","1FFF1F","1AAAA1AAA1AAAA","4",,,,,,,
"4601544","2017-09-12T14:00:00","20.29","-136.11",,,"1","4","2","5",,,"11",,,,,,,,,,,,"8",,,,,"9","251",,,,,,,,,,,,,"236","6","798","172","7","0",,"1","1FFFFF","1AAAAAAAA1AAAA","4",,,,,,,
"2200638","2017-09-12T14:01:00","25.18","-137.71",,,"1","4","2","5",,,"11",,,,,,,,,,,,"8",,,,,"9","243",,,,,,,,,,,,,"236","57","798","172","7","0",,"1","1FFFFF","1AAAAAAAA1AAAA","4",,,,,,,
"4601544","2017-09-12T14:30:00","20.29","-136.11",,,"1","4","2","5",,,"11",,,,,,,,,,,,"8",,,,,"9","251",,,,,,,,,,,,,"236","6","798","172","7","0",,"1","1FFFFF","1AAAAAAAA1AAAA","4",,,,,,,
"2100901","2017-09-12T14:50:00","20.12","-137.82",,,"1","4","2","5",,,"11",,,,,,,,,"10136",,,"8",,,,,"9","254",,,,,,,,,,,,,"236","7","798","172","7","1","2","1","1FFF1F","1AAAA1AAA1AAAA","4",,,,,,,
"2100530","2017-09-12T15:00:00","25.97","-132.42",,,"1","4","2","5",,,"11",,,,,,,,,"10161",,,"8",,,,,"9","231",,,,,,,,,,,,,"236","52","798","172","7","1","2","2","1FFF1F","1AAAA1AAA1AAAA","4",,,,,,,
"4600623","2017-09-12T15:00:00","21.58","-137.32",,,"1","3","2","5",,,"11",,,,,,,,,,,,,,,,,,,,,,,,,,,,,,,"236","17","798","172","7","1","2","1","FFFFFF","1AAAAAAAAAAAAA","4",,,,,,,
"4600770","2017-09-12T15:00:00","24.24","-133.58",,,"1","4","2","5",,,"11",,,,,,,,,"10152",,,"8",,,,,"9","237",,,,,,,,,,,,,"236","43","798","172","7","1","2","2","1FFF1F","1AAAA1AAA1AAAA","4",,,,,,,
"4601544","2017-09-12T15:00:00","20.28","-136.11",,,"1","4","2","5",,,"11",,,,,,,,,,,,"8",,,,,"9","251",,,,,,,,,,,,,"236","6","798","172","7","0",,"2","1FFFFF","1AAAAAAAA1AAAA","4",,,,,,,
"2200638","2017-09-12T15:01:00","25.17","-137.72",,,"1","4","2","5",,,"11",,,,,,,,,,,,"8",,,,,"9","243",,,,,,,,,,,,,"236","57","798","172","7","0",,"1","1FFFFF","1AAAAAAAA1AAAA","4",,,,,,,
"4601544","2017-09-12T15:30:00","20.28","-136.10",,,"1","4","2","5",,,"11",,,,,,,,,,,,"8",,,,,"9","251",,,,,,,,,,,,,"236","6","798","172","7","0",,"2","1FFFFF","1AAAAAAAA1AAAA","4",,,,,,,
"2100901","2017-09-12T15:50:00","20.12","-137.82",,,"1","4","2","5",,,"11",,,,,,,,,"10141",,,"8",,,,,"9","253",,,,,,,,,,,,,"236","7","798","172","7","1","2","2","1FFF1F","1AAAA1AAA1AAAA","4",,,,,,,
"2100530","2017-09-12T16:00:00","25.96","-132.43",,,"1","4","2","5",,,"11",,,,,,,,,"10166",,,"8",,,,,"9","231",,,,,,,,,,,,,"236","52","798","172","7","1","2","2","1FFF1F","1AAAA1AAA1AAAA","4",,,,,,,
"4600623","2017-09-12T16:00:00","21.58","-137.33",,,"1","3","2","5",,,"11",,,,,,,,,,,,,,,,,,,,,,,,,,,,,,,"236","17","798","172","7","1","2","2","FFFFFF","1AAAAAAAAAAAAA","4",,,,,,,
"4600770","2017-09-12T16:00:00","24.22","-133.59",,,"1","4","2","5",,,"11",,,,,,,,,"10156",,,"8",,,,,"9","237",,,,,,,,,,,,,"236","43","798","172","7","1","2","2","1FFF1F","1AAAA1AAA1AAAA","4",,,,,,,
"4601544","2017-09-12T16:00:00","20.28","-136.10",,,"1","4","2","5",,,"11",,,,,,,,,,,,"8",,,,,"9","251",,,,,,,,,,,,,"236","6","798","172","7","0",,"2","1FFFFF","1AAAAAAAA1AAAA","4",,,,,,,
"2200638","2017-09-12T16:01:00","25.16","-137.73",,,"1","4","2","5",,,"11",,,,,,,,,,,,"8",,,,,"9","243",,,,,,,,,,,,,"236","57","798","172","7","0",,"2","1FFFFF","1AAAAAAAA1AAAA","4",,,,,,,
"4601544","2017-09-12T16:30:00","20.28","-136.10",,,"1","4","2","5",,,"11",,,,,,,,,,,,"8",,,,,"9","251",,,,,,,,,,,,,"236","6","798","172","7","0",,"2","1FFFFF","1AAAAAAAA1AAAA","4",,,,,,,
"2100901","2017-09-12T16:50:00","20.11","-137.82",,,"1","4","2","5",,,"11",,,,,,,,,"10146",,,"8",,,,,"9","254",,,,,,,,,,,,,"236","7","798","172","7","1","2","2","1FFF1F","1AAAA1AAA1AAAA","4",,,,,,,
"2100530","2017-09-12T17:00:00","25.95","-132.43",,,"1","4","2","5",,,"11",,,,,,,,,"10172",,,"8",,,,,"9","231",,,,,,,,,,,,,"236","52","798","172","7","1","2","2","1FFF1F","1AAAA1AAA1AAAA","4",,,,,,,
"4600623","2017-09-12T17:00:00","21.58","-137.32",,,"1","3","2","5",,,"11",,,,,,,,,,,,,,,,,,,,,,,,,,,,,,,"236","17","798","172","7","1","2","2","FFFFFF","1AAAAAAAAAAAAA","4",,,,,,,
"4600770","2017-09-12T17:00:00","24.22","-133.59",,,"1","4","2","5",,,"11",,,,,,,,,"10160",,,"8",,,,,"9","237",,,,,,,,,,,,,"236","43","798","172","7","1","2","2","1FFF1F","1AAAA1AAA1AAAA","4",,,,,,,
"4601544","2017-09-12T17:00:00","20.28","-136.10",,,"1","4","2","5",,,"11",,,,,,,,,,,,"8",,,,,"9","252",,,,,,,,,,,,,"236","6","798","172","7","0",,"2","1FFFFF","1AAAAAAAA1AAAA","4",,,,,,,
"2200638","2017-09-12T17:01:00","25.16","-137.73",,,"1","4","2","5",,,"11",,,,,,,,,,,,"8",,,,,"9","243",,,,,,,,,,,,,"236","57","798","172","7","0",,"2","1FFFFF","1AAAAAAAA1AAAA","4",,,,,,,
"4601544","2017-09-12T17:30:00","20.28","-136.10",,,"1","4","2","5",,,"11",,,,,,,,,,,,"8",,,,,"9","252",,,,,,,,,,,,,"236","6","798","172","7","0",,"2","1FFFFF","1AAAAAAAA1AAAA","4",,,,,,,
"2100901","2017-09-12T17:50:00","20.11","-137.82",,,"1","4","2","5",,,"11",,,,,,,,,"10150",,,"8",,,,,"9","254",,,,,,,,,,,,,"236","7","798","172","7","1","2","2","1FFF1F","1AAAA1AAA1AAAA","4",,,,,,,
"2100530","2017-09-12T18:00:00","25.94","-132.44",,,"1","4","2","5",,,"11",,,,,,,,,"10173",,,"8",,,,,"9","232",,,,,,,,,,,,,"236","52","798","172","7","1","2","2","1FFF1F","1AAAA1AAA1AAAA","4",,,,,,,
"4600623","2017-09-12T18:00:00","21.58","-137.33",,,"1","3","2","5",,,"11",,,,,,,,,,,,,,,,,,,,,,,,,,,,,,,"236","17","798","172","7","1","2","2","FFFFFF","1AAAAAAAAAAAAA","4",,,,,,,
"4600770","2017-09-12T18:00:00","24.22","-133.58",,,"1","4","2","5",,,"11",,,,,,,,,"10163",,,"8",,,,,"9","238",,,,,,,,,,,,,"236","43","798","172","7","1","2","2","1FFF1F","1AAAA1AAA1AAAA","4",,,,,,,
"2200638","2017-09-12T18:01:00","25.16","-137.74",,,"1","4","2","5",,,"11",,,,,,,,,,,,"8",,,,,"9","243",,,,,,,,,,,,,"236","57","798","172","7","0",,"2","1FFFFF","1AAAAAAAA1AAAA","4",,,,,,,
"2100901","2017-09-12T18:50:00","20.11","-137.82",,,"1","4","2","5",,,"11",,,,,,,,,"10149",,,"8",,,,,"9","254",,,,,,,,,,,,,"236","7","798","172","7","1","2","2","1FFF1F","1AAAA1AAA1AAAA","4",,,,,,,
"2100530","2017-09-12T19:00:00","25.93","-132.45",,,"1","4","2","5",,,"11",,,,,,,,,"10173",,,"8",,,,,"9","232",,,,,,,,,,,,,"236","52","798","172","7","1","2","2","1FFF1F","1AAAA1AAA1AAAA","4",,,,,,,
"4600623","2017-09-12T19:00:00","21.57","-137.35",,,"1","3","2","5",,,"11",,,,,,,,,,,,,,,,,,,,,,,,,,,,,,,"236","17","798","172","7","1","2","2","FFFFFF","1AAAAAAAAAAAAA","4",,,,,,,
"4600770","2017-09-12T19:00:00","24.21","-133.60",,,"1","4","2","5",,,"11",,,,,,,,,"10163",,,"8",,,,,"9","239",,,,,,,,,,,,,"236","43","798","172","7","1","2","2","1FFF1F","1AAAA1AAA1AAAA","4",,,,,,,
"2200638","2017-09-12T19:01:00","25.15","-137.75",,,"1","4","2","5",,,"11",,,,,,,,,,,,"8",,,,,"9","244",,,,,,,,,,,,,"236","57","798","172","7","0",,"2","1FFFFF","1AAAAAAAA1AAAA","4",,,,,,,
"4601544","2017-09-12T19:02:00","20.28","-136.11",,,"1","4","2","5",,,"11",,,,,,,,,,,,"8",,,,,"9","252",,,,,,,,,,,,,"236","6","798","172","7","0",,"2","1FFFFF","1AAAAAAAA1AAAA","4",,,,,,,
"4601544","2017-09-12T19:32:00","20.28","-136.11",,,"1","4","2","5",,,"11",,,,,,,,,,,,"8",,,,,"9","252",,,,,,,,,,,,,"236","6","798","172","7","0",,"2","1FFFFF","1AAAAAAAA1AAAA","4",,,,,,,
"2100901","2017-09-12T19:50:00","20.11","-137.82",,,"1","4","2","5",,,"11",,,,,,,,,"10145",,,"8",,,,,"9","255",,,,,,,,,,,,,"236","7","798","172","7","1","2","2","1FFF1F","1AAAA1AAA1AAAA","4",,,,,,,
"2100530","2017-09-12T20:00:00","25.94","-132.45",,,"1","4","2","5",,,"11",,,,,,,,,"10170",,,"8",,,,,"9","232",,,,,,,,,,,,,"236","52","798","172","7","1","2","2","1FFF1F","1AAAA1AAA1AAAA","4",,,,,,,
"4600623","2017-09-12T20:00:00","21.57","-137.35",,,"1","3","2","5",,,"11",,,,,,,,,,,,,,,,,,,,,,,,,,,,,,,"236","17","798","172","7","1","2","2","FFFFFF","1AAAAAAAAAAAAA","4",,,,,,,
"4600770","2017-09-12T20:00:00","24.20","-133.60",,,"1","4","2","5",,,"11",,,,,,,,,"10159",,,"8",,,,,"9","242",,,,,,,,,,,,,"236","43","798","172","7","1","2","2","1FFF1F","1AAAA1AAA1AAAA","4",,,,,,,
"2200638","2017-09-12T20:01:00","25.15","-137.76",,,"1","4","2","5",,,"11",,,,,,,,,,,,"8",,,,,"9","244",,,,,,,,,,,,,"236","57","798","172","7","0",,"2","1FFFFF","1AAAAAAAA1AAAA","4",,,,,,,
"4601544","2017-09-12T20:02:00","20.28","-136.11",,,"1","4","2","5",,,"11",,,,,,,,,,,,"8",,,,,"9","252",,,,,,,,,,,,,"236","6","798","172","7","0",,"2","1FFFFF","1AAAAAAAA1AAAA","4",,,,,,,
"2100901","2017-09-12T20:50:00","20.11","-137.82",,,"1","4","2","5",,,"11",,,,,,,,,"10142",,,"8",,,,,"9","255",,,,,,,,,,,,,"236","7","798","172","7","1","2","2","1FFF1F","1AAAA1AAA1AAAA","4",,,,,,,
"2100530","2017-09-12T21:00:00","25.94","-132.45",,,"1","4","2","5",,,"11",,,,,,,,,"10165",,,"8",,,,,"9","233",,,,,,,,,,,,,"236","52","798","172","7","1","2","2","1FFF1F","1AAAA1AAA1AAAA","4",,,,,,,
"4600623","2017-09-12T21:00:00","21.57","-137.35",,,"1","3","2","5",,,"11",,,,,,,,,,,,,,,,,,,,,,,,,,,,,,,"236","17","798","172","7","1","2","2","FFFFFF","1AAAAAAAAAAAAA","4",,,,,,,
"4600770","2017-09-12T21:00:00","24.20","-133.60",,,"1","4","2","5",,,"11",,,,,,,,,"10154",,,"8",,,,,"9","244",,,,,,,,,,,,,"236","43","798","172","7","1","2","2","1FFF1F","1AAAA1AAA1AAAA","4",,,,,,,
"2200638","2017-09-12T21:01:00","25.15","-137.76",,,"1","4","2","5",,,"11",,,,,,,,,,,,"8",,,,,"9","245",,,,,,,,,,,,,"236","57","798","172","7","0",,"2","1FFFFF","1AAAAAAAA1AAAA","4",,,,,,,
"4601544","2017-09-12T21:04:00","20.27","-136.11",,,"1","4","2","5",,,"11",,,,,,,,,,,,"8",,,,,"9","253",,,,,,,,,,,,,"236","6","798","172","7","0",,"2","1FFFFF","1AAAAAAAA1AAAA","4",,,,,,,
"4601544","2017-09-12T21:30:00","20.27","-136.11",,,"1","4","2","5",,,"11",,,,,,,,,,,,"8",,,,,"9","253",,,,,,,,,,,,,"236","6","798","172","7","0",,"2","1FFFFF","1AAAAAAAA1AAAA","4",,,,,,,
"2100901","2017-09-12T21:50:00","20.08","-137.85",,,"1","4","2","5",,,"11",,,,,,,,,"10136",,,"8",,,,,"9","256",,,,,,,,,,,,,"236","7","798","172","7","1","2","2","1FFF1F","1AAAA1AAA1AAAA","4",,,,,,,
"2100530","2017-09-12T22:00:00","25.93","-132.50",,,"1","4","2","5",,,"11",,,,,,,,,"10161",,,"8",,,,,"9","235",,,,,,,,,,,,,"236","52","798","172","7","1","2","2","1FFF1F","1AAAA1AAA1AAAA","4",,,,,,,
"4600623","2017-09-12T22:00:00","21.55","-137.40",,,"1","3","2","5",,,"11",,,,,,,,,,,,,,,,,,,,,,,,,,,,,,,"236","17","798","172","7","1","2","2","FFFFFF","1AAAAAAAAAAAAA","4",,,,,,,
"4600770","2017-09-12T22:00:00","24.19","-133.63",,,"1","4","2","5",,,"11",,,,,,,,,"10149",,,"8",,,,,"9","246",,,,,,,,,,,,,"236","43","798","172","7","1","2","2","1FFF1F","1AAAA1AAA1AAAA","4",,,,,,,
"2200638","2017-09-12T22:01:00","25.14","-137.77",,,"1","4","2","5",,,"11",,,,,,,,,,,,"8",,,,,"9","246",,,,,,,,,,,,,"236","57","798","172","7","0",,"2","1FFFFF","1AAAAAAAA1AAAA","4",,,,,,,
"4601544","2017-09-12T22:34:00","20.27","-136.11",,,"1","4","2","5",,,"11",,,,,,,,,,,,"8",,,,,"9","253",,,,,,,,,,,,,"236","6","798","172","7","0",,"2","1FFFFF","1AAAAAAAA1AAAA","4",,,,,,,
"2100901","2017-09-12T22:50:00","20.08","-137.85",,,"1","4","2","5",,,"11",,,,,,,,,"10130",,,"8",,,,,"9","256",,,,,,,,,,,,,"236","7","798","172","7","1","2","2","1FFF1F","1AAAA1AAA1AAAA","4",,,,,,,
"2100530","2017-09-12T23:00:00","25.93","-132.50",,,"1","4","2","5",,,"11",,,,,,,,,"10156",,,"8",,,,,"9","237",,,,,,,,,,,,,"236","52","798","172","7","1","2","2","1FFF1F","1AAAA1AAA1AAAA","4",,,,,,,
"4600623","2017-09-12T23:00:00","21.55","-137.40",,,"1","3","2","5",,,"11",,,,,,,,,,,,,,,,,,,,,,,,,,,,,,,"236","17","798","172","7","1","2","2","FFFFFF","1AAAAAAAAAAAAA","4",,,,,,,
"4600770","2017-09-12T23:00:00","24.19","-133.63",,,"1","4","2","5",,,"11",,,,,,,,,"10145",,,"8",,,,,"9","245",,,,,,,,,,,,,"236","43","798","172","7","1","2","2","1FFF1F","1AAAA1AAA1AAAA","4",,,,,,,
"4601544","2017-09-12T23:00:00","20.27","-136.11",,,"1","4","2","5",,,"11",,,,,,,,,,,,"8",,,,,"9","253",,,,,,,,,,,,,"236","6","798","172","7","0",,"2","1FFFFF","1AAAAAAAA1AAAA","4",,,,,,,
"2200638","2017-09-12T23:01:00","25.14","-137.78",,,"1","4","2","5",,,"11",,,,,,,,,,,,"8",,,,,"9","247",,,,,,,,,,,,,"236","57","798","172","7","0",,"2","1FFFFF","1AAAAAAAA1AAAA","4",,,,,,,
"2100901","2017-09-12T23:50:00","20.08","-137.85",,,"1","4","2","5",,,"11",,,,,,,,,"10127",,,"8",,,,,"9","256",,,,,,,,,,,,,"236","7","798","172","7","1","2","2","1FFF1F","1AAAA1AAA1AAAA","4",,,,,,,
"2100530","2017-09-13T00:00:00","25.93","-132.50",,,"1","4","2","5",,,"11",,,,,,,,,"10155",,,"8",,,,,"9","238",,,,,,,,,,,,,"236","52","798","172","7","1","2","2","1FFF1F","1AAAA1AAA1AAAA","4",,,,,,,
"4600623","2017-09-13T00:00:00","21.55","-137.40",,,"1","3","2","5",,,"11",,,,,,,,,,,,,,,,,,,,,,,,,,,,,,,"236","17","798","172","7","1","2","2","FFFFFF","1AAAAAAAAAAAAA","4",,,,,,,
"4600770","2017-09-13T00:00:00","24.19","-133.63",,,"1","4","2","5",,,"11",,,,,,,,,"10144",,,"8",,,,,"9","244",,,,,,,,,,,,,"236","43","798","172","7","1","2","2","1FFF1F","1AAAA1AAA1AAAA","4",,,,,,,
"2200638","2017-09-13T00:01:00","25.13","-137.79",,,"1","4","2","5",,,"11",,,,,,,,,,,,"8",,,,,"9","246",,,,,,,,,,,,,"236","57","798","172","7","0",,"2","1FFFFF","1AAAAAAAA1AAAA","4",,,,,,,
"4601544","2017-09-13T00:02:00","20.27","-136.11",,,"1","4","2","5",,,"11",,,,,,,,,,,,"8",,,,,"9","253",,,,,,,,,,,,,"236","6","798","172","7","0",,"2","1FFFFF","1AAAAAAAA1AAAA","4",,,,,,,
"2100901","2017-09-13T00:50:00","20.06","-137.88",,,"1","4","2","5",,,"11",,,,,,,,,"10127",,,"8",,,,,"9","256",,,,,,,,,,,,,"236","7","798","172","7","1","2","2","1FFF1F","1AAAA1AAA1AAAA","4",,,,,,,
"2100530","2017-09-13T01:00:00","25.93","-132.50",,,"1","4","2","5",,,"11",,,,,,,,,"10154",,,"8",,,,,"9","235",,,,,,,,,,,,,"236","52","798","172","7","1","2","2","1FFF1F","1AAAA1AAA1AAAA","4",,,,,,,
"4600059","2017-09-13T01:00:00","27.60","-136.30",,,"1","3","2","5",,,"11","0","60","1","70",,,,,"10162","6","6",,,,,,,,,,,,,,,,,,,,"236","76","798","172","6","1","2","2","FF11FF","11AAAAAAAAAAAA",,,"6",,,,,"4"
"4600623","2017-09-13T01:00:00","21.55","-137.40",,,"1","3","2","5",,,"11",,,,,,,,,,,,,,,,,,,,,,,,,,,,,,,"236","17","798","172","7","1","2","2","FFFFFF","1AAAAAAAAAAAAA","4",,,,,,,
"4600770","2017-09-13T01:00:00","24.17","-133.64",,,"1","4","2","5",,,"11",,,,,,,,,"10142",,,"8",,,,,"9","244",,,,,,,,,,,,,"236","43","798","172","7","1","2","2","1FFF1F","1AAAA1AAA1AAAA","4",,,,,,,
"2200638","2017-09-13T01:01:00","25.13","-137.80",,,"1","4","2","5",,,"11",,,,,,,,,,,,"8",,,,,"9","246",,,,,,,,,,,,,"236","57","798","172","7","0",,"2","1FFFFF","1AAAAAAAA1AAAA","4",,,,,,,
"4601544","2017-09-13T01:02:00","20.27","-136.11",,,"1","4","2","5",,,"11",,,,,,,,,,,,"8",,,,,"9","253",,,,,,,,,,,,,"236","6","798","172","7","0",,"2","1FFFFF","1AAAAAAAA1AAAA","4",,,,,,,
"2100901","2017-09-13T01:50:00","20.06","-137.88",,,"1","4","2","5",,,"11",,,,,,,,,"10126",,,"8",,,,,"9","256",,,,,,,,,,,,,"236","7","798","172","7","1","2","2","1FFF1F","1AAAA1AAA1AAAA","4",,,,,,,
"2100530","2017-09-13T02:00:00","25.92","-132.52",,,"1","4","2","5",,,"11",,,,,,,,,"10154",,,"8",,,,,"9","235",,,,,,,,,,,,,"236","52","798","172","7","1","2","2","1FFF1F","1AAAA1AAA1AAAA","4",,,,,,,
"4600623","2017-09-13T02:00:00","21.54","-137.43",,,"1","3","2","5",,,"11",,,,,,,,,,,,,,,,,,,,,,,,,,,,,,,"236","17","798","172","7","1","2","2","FFFFFF","1AAAAAAAAAAAAA","4",,,,,,,
"4600770","2017-09-13T02:00:00","24.17","-133.65",,,"1","4","2","5",,,"11",,,,,,,,,"10142",,,"8",,,,,"9","244",,,,,,,,,,,,,"236","43","798","172","7","1","2","2","1FFF1F","1AAAA1AAA1AAAA","4",,,,,,,
"2200638","2017-09-13T02:01:00","25.12","-137.81",,,"1","4","2","5",,,"11",,,,,,,,,,,,"8",,,,,"9","245",,,,,,,,,,,,,"236","57","798","172","7","0",,"2","1FFFFF","1AAAAAAAA1AAAA","4",,,,,,,
"4601544","2017-09-13T02:02:00","20.27","-136.12",,,"1","4","2","5",,,"11",,,,,,,,,,,,"8",,,,,"9","253",,,,,,,,,,,,,"236","6","798","172","7","0",,"2","1FFFFF","1AAAAAAAA1AAAA","4",,,,,,,
"4601544","2017-09-13T02:30:00","20.27","-136.12",,,"1","4","2","5",,,"11",,,,,,,,,,,,"8",,,,,"9","253",,,,,,,,,,,,,"236","6","798","172","7","0",,"2","1FFFFF","1AAAAAAAA1AAAA","4",,,,,,,
"2100901","2017-09-13T02:50:00","20.05","-137.89",,,"1","4","2","5",,,"11",,,,,,,,,"10129",,,"8",,,,,"9","256",,,,,,,,,,,,,"236","7","798","172","7","1","2","2","1FFF1F","1AAAA1AAA1AAAA","4",,,,,,,
"2100530","2017-09-13T03:00:00","25.92","-132.53",,,"1","4","2","5",,,"11",,,,,,,,,"10158",,,"8",,,,,"9","234",,,,,,,,,,,,,"236","52","798","172","7","1","2","1","1FFF1F","1AAAA1AAA1AAAA","4",,,,,,,
"4600623","2017-09-13T03:00:00","21.53","-137.44",,,"1","3","2","5",,,"11",,,,,,,,,,,,,,,,,,,,,,,,,,,,,,,"236","17","798","172","7","1","2","2","FFFFFF","1AAAAAAAAAAAAA","4",,,,,,,
"4600770","2017-09-13T03:00:00","24.16","-133.65",,,"1","4","2","5",,,"11",,,,,,,,,"10146",,,"8",,,,,"9","243",,,,,,,,,,,,,"236","43","798","172","7","1","2","2","1FFF1F","1AAAA1AAA1AAAA","4",,,,,,,
"4601544","2017-09-13T03:00:00","20.27","-136.12",,,"1","4","2","5",,,"11",,,,,,,,,,,,"8",,,,,"9","253",,,,,,,,,,,,,"236","6","798","172","7","0",,"2","1FFFFF","1AAAAAAAA1AAAA","4",,,,,,,
"2200638","2017-09-13T03:01:00","25.12","-137.82",,,"1","4","2","5",,,"11",,,,,,,,,,,,"8",,,,,"9","244",,,,,,,,,,,,,"236","57","798","172","7","0",,"2","1FFFFF","1AAAAAAAA1AAAA","4",,,,,,,
"4601544","2017-09-13T03:30:00","20.27","-136.12",,,"1","4","2","5",,,"11",,,,,,,,,,,,"8",,,,,"9","253",,,,,,,,,,,,,"236","6","798","172","7","0",,"1","1FFFFF","1AAAAAAAA1AAAA","4",,,,,,,
"2100901","2017-09-13T03:50:00","20.04","-137.91",,,"1","4","2","5",,,"11",,,,,,,,,"10134",,,"8",,,,,"9","255",,,,,,,,,,,,,"236","7","798","172","7","1","2","1","1FFF1F","1AAAA1AAA1AAAA","4",,,,,,,
"2100530","2017-09-13T04:00:00","25.91","-132.54",,,"1","4","2","5",,,"11",,,,,,,,,"10163",,,"8",,,,,"9","233",,,,,,,,,,,,,"236","52","798","172","7","1","2","1","1FFF1F","1AAAA1AAA1AAAA","4",,,,,,,
"4600623","2017-09-13T04:00:00","21.53","-137.45",,,"1","3","2","5",,,"11",,,,,,,,,,,,,,,,,,,,,,,,,,,,,,,"236","17","798","172","7","1","2","1","FFFFFF","1AAAAAAAAAAAAA","4",,,,,,,
"4600770","2017-09-13T04:00:00","24.14","-133.66",,,"1","4","2","5",,,"11",,,,,,,,,"10151",,,"8",,,,,"9","242",,,,,,,,,,,,,"236","43","798","172","7","1","2","1","1FFF1F","1AAAA1AAA1AAAA","4",,,,,,,
"4601544","2017-09-13T04:00:00","20.27","-136.11",,,"1","4","2","5",,,"11",,,,,,,,,,,,"8",,,,,"9","253",,,,,,,,,,,,,"236","6","798","172","7","0",,"1","1FFFFF","1AAAAAAAA1AAAA","4",,,,,,,
"2200638","2017-09-13T04:01:00","25.11","-137.83",,,"1","4","2","5",,,"11",,,,,,,,,,,,"8",,,,,"9","244",,,,,,,,,,,,,"236","57","798","172","7","0",,"1","1FFFFF","1AAAAAAAA1AAAA","4",,,,,,,
"4601544","2017-09-13T04:30:00","20.27","-136.11",,,"1","4","2","5",,,"11",,,,,,,,,,,,"8",,,,,"9","253",,,,,,,,,,,,,"236","6","798","172","7","0",,"1","1FFFFF","1AAAAAAAA1AAAA","4",,,,,,,
"2100901","2017-09-13T04:50:00","20.03","-137.92",,,"1","4","2","5",,,"11",,,,,,,,,"10141",,,"8",,,,,"9","255",,,,,,,,,,,,,"236","7","798","172","7","1","2","1","1FFF1F","1AAAA1AAA1AAAA","4",,,,,,,
"2100530","2017-09-13T05:00:00","25.90","-132.54",,,"1","4","2","5",,,"11",,,,,,,,,"10170",,,"8",,,,,"9","232",,,,,,,,,,,,,"236","52","798","172","7","1","2","1","1FFF1F","1AAAA1AAA1AAAA","4",,,,,,,
"4600623","2017-09-13T05:00:00","21.52","-137.45",,,"1","3","2","5",,,"11",,,,,,,,,,,,,,,,,,,,,,,,,,,,,,,"236","17","798","172","7","1","2","1","FFFFFF","1AAAAAAAAAAAAA","4",,,,,,,
"4600770","2017-09-13T05:00:00","24.14","-133.67",,,"1","4","2","5",,,"11",,,,,,,,,"10159",,,"8",,,,,"9","241",,,,,,,,,,,,,"236","43","798","172","7","1","2","1","1FFF1F","1AAAA1AAA1AAAA","4",,,,,,,
"4601544","2017-09-13T05:00:00","20.26","-136.11",,,"1","4","2","5",,,"11",,,,,,,,,,,,"8",,,,,"9","253",,,,,,,,,,,,,"236","6","798","172","7","0",,"1","1FFFFF","1AAAAAAAA1AAAA","4",,,,,,,
"2200638","2017-09-13T05:01:00","25.11","-137.83",,,"1","4","2","5",,,"11",,,,,,,,,,,,"8",,,,,"9","243",,,,,,,,,,,,,"236","57","798","172","7","0",,"1","1FFFFF","1AAAAAAAA1AAAA","4",,,,,,,
"4601544","2017-09-13T05:30:00","20.26","-136.11",,,"1","4","2","5",,,"11",,,,,,,,,,,,"8",,,,,"9","253",,,,,,,,,,,,,"236","6","798","172","7","0",,"1","1FFFFF","1AAAAAAAA1AAAA","4",,,,,,,
"2100901","2017-09-13T05:50:00","20.02","-137.94",,,"1","4","2","5",,,"11",,,,,,,,,"10149",,,"8",,,,,"9","255",,,,,,,,,,,,,"236","7","798","172","7","1","2","1","1FFF1F","1AAAA1AAA1AAAA","4",,,,,,,
"2100530","2017-09-13T06:00:00","25.90","-132.55",,,"1","4","2","5",,,"11",,,,,,,,,"10175",,,"8",,,,,"9","232",,,,,,,,,,,,,"236","52","798","172","7","1","2","1","1FFF1F","1AAAA1AAA1AAAA","4",,,,,,,
"4600623","2017-09-13T06:00:00","21.51","-137.46",,,"1","3","2","5",,,"11",,,,,,,,,,,,,,,,,,,,,,,,,,,,,,,"236","17","798","172","7","1","2","1","FFFFFF","1AAAAAAAAAAAAA","4",,,,,,,
"4600770","2017-09-13T06:00:00","24.13","-133.69",,,"1","4","2","5",,,"11",,,,,,,,,"10164",,,"8",,,,,"9","241",,,,,,,,,,,,,"236","43","798","172","7","1","2","1","1FFF1F","1AAAA1AAA1AAAA","4",,,,,,,
"4601544","2017-09-13T06:00:00","20.26","-136.11",,,"1","4","2","5",,,"11",,,,,,,,,,,,"8",,,,,"9","253",,,,,,,,,,,,,"236","6","798","172","7","0",,"1","1FFFFF","1AAAAAAAA1AAAA","4",,,,,,,
"2200638","2017-09-13T06:01:00","25.11","-137.84",,,"1","4","2","5",,,"11",,,,,,,,,,,,"8",,,,,"9","243",,,,,,,,,,,,,"236","57","798","172","7","0",,"1","1FFFFF","1AAAAAAAA1AAAA","4",,,,,,,
"4601544","2017-09-13T06:30:00","20.26","-136.12",,,"1","4","2","5",,,"11",,,,,,,,,,,,"8",,,,,"9","252",,,,,,,,,,,,,"236","6","798","172","7","0",,"1","1FFFFF","1AAAAAAAA1AAAA","4",,,,,,,
"4600623","2017-09-13T07:00:00","21.50","-137.46",,,"1","3","2","5",,,"11",,,,,,,,,,,,,,,,,,,,,,,,,,,,,,,"236","17","798","172","7","1","2","1","FFFFFF","1AAAAAAAAAAAAA","4",,,,,,,
"4600770","2017-09-13T07:00:00","24.13","-133.71",,,"1","4","2","5",,,"11",,,,,,,,,"10165",,,"8",,,,,"9","240",,,,,,,,,,,,,"236","43","798","172","7","1","2","1","1FFF1F","1AAAA1AAA1AAAA","4",,,,,,,
"4601544","2017-09-13T07:00:00","20.26","-136.12",,,"1","4","2","5",,,"11",,,,,,,,,,,,"8",,,,,"9","252",,,,,,,,,,,,,"236","6","798","172","7","0",,"1","1FFFFF","1AAAAAAAA1AAAA","4",,,,,,,
"2200638","2017-09-13T07:01:00","25.10","-137.85",,,"1","4","2","5",,,"11",,,,,,,,,,,,"8",,,,,"9","243",,,,,,,,,,,,,"236","57","798","172","7","0",,"1","1FFFFF","1AAAAAAAA1AAAA","4",,,,,,,
"4601544","2017-09-13T07:30:00","20.26","-136.12",,,"1","4","2","5",,,"11",,,,,,,,,,,,"8",,,,,"9","252",,,,,,,,,,,,,"236","6","798","172","7","0",,"1","1FFFFF","1AAAAAAAA1AAAA","4",,,,,,,
"2100901","2017-09-13T07:50:00","20.02","-137.96",,,"1","4","2","5",,,"11",,,,,,,,,"10147",,,"8",,,,,"9","255",,,,,,,,,,,,,"236","7","798","172","7","1","2","1","1FFF1F","1AAAA1AAA1AAAA","4",,,,,,,
"4600623","2017-09-13T08:00:00","21.50","-137.46",,,"1","3","2","5",,,"11",,,,,,,,,,,,,,,,,,,,,,,,,,,,,,,"236","17","798","172","7","1","2","1","FFFFFF","1AAAAAAAAAAAAA","4",,,,,,,
"4601544","2017-09-13T08:00:00","20.26","-136.12",,,"1","4","2","5",,,"11",,,,,,,,,,,,"8",,,,,"9","252",,,,,,,,,,,,,"236","6","798","172","7","0",,"1","1FFFFF","1AAAAAAAA1AAAA","4",,,,,,,
"2200638","2017-09-13T08:01:00","25.10","-137.85",,,"1","4","2","5",,,"11",,,,,,,,,,,,"8",,,,,"9","243",,,,,,,,,,,,,"236","57","798","172","7","0",,"1","1FFFFF","1AAAAAAAA1AAAA","4",,,,,,,
"4601544","2017-09-13T08:30:00","20.26","-136.12",,,"1","4","2","5",,,"11",,,,,,,,,,,,"8",,,,,"9","252",,,,,,,,,,,,,"236","6","798","172","7","0",,"1","1FFFFF","1AAAAAAAA1AAAA","4",,,,,,,
"4600059","2017-09-13T08:40:00","29.40","-134.50",,,"1","4",,"0",,,"11","0","70","1","50",,,,,"10177",,,,,,,,,,,,,,,,,"5","1",,"9","3","236","94","793","103","6","1","2","1","FFFFFF","1AAAAAAAAAA77A",,,"6",,,,,"4"
"2100901","2017-09-13T08:50:00","20.02","-137.96",,,"1","4","2","5",,,"11",,,,,,,,,"10143",,,"8",,,,,"9","255",,,,,,,,,,,,,"236","7","798","172","7","1","2","1","1FFF1F","1AAAA1AAA1AAAA","4",,,,,,,
"2100530","2017-09-13T09:00:00","25.89","-132.57",,,"1","4","2","5",,,"11",,,,,,,,,"10170",,,"8",,,,,"9","232",,,,,,,,,,,,,"236","52","798","172","7","1","2","1","1FFF1F","1AAAA1AAA1AAAA","4",,,,,,,
"4600623","2017-09-13T09:00:00","21.50","-137.46",,,"1","3","2","5",,,"11",,,,,,,,,,,,,,,,,,,,,,,,,,,,,,,"236","17","798","172","7","1","2","1","FFFFFF","1AAAAAAAAAAAAA","4",,,,,,,
"4600770","2017-09-13T09:00:00","24.13","-133.71",,,"1","4","2","5",,,"11",,,,,,,,,"10159",,,"8",,,,,"9","240",,,,,,,,,,,,,"236","43","798","172","7","1","2","1","1FFF1F","1AAAA1AAA1AAAA","4",,,,,,,
"4601544","2017-09-13T09:00:00","20.26","-136.13",,,"1","4","2","5",,,"11",,,,,,,,,,,,"8",,,,,"9","252",,,,,,,,,,,,,"236","6","798","172","7","0",,"1","1FFFFF","1AAAAAAAA1AAAA","4",,,,,,,
"2200638","2017-09-13T09:01:00","25.11","-137.86",,,"1","4","2","5",,,"11",,,,,,,,,,,,"8",,,,,"9","243",,,,,,,,,,,,,"236","57","798","172","7","0",,"1","1FFFFF","1AAAAAAAA1AAAA","4",,,,,,,
"4601544","2017-09-13T09:30:00","20.25","-136.13",,,"1","4","2","5",,,"11",,,,,,,,,,,,"8",,,,,"9","252",,,,,,,,,,,,,"236","6","798","172","7","0",,"1","1FFFFF","1AAAAAAAA1AAAA","4",,,,,,,
"2100901","2017-09-13T09:50:00","20.01","-138.05",,,"1","4","2","5",,,"11",,,,,,,,,"10139",,,"8",,,,,"9","255",,,,,,,,,,,,,"236","8","798","172","7","1","2","1","1FFF1F","1AAAA1AAA1AAAA","4",,,,,,,
"2100530","2017-09-13T10:00:00","25.89","-132.57",,,"1","4","2","5",,,"11",,,,,,,,,"10169",,,"8",,,,,"9","232",,,,,,,,,,,,,"236","52","798","172","7","1","2","1","1FFF1F","1AAAA1AAA1AAAA","4",,,,,,,
"4600623","2017-09-13T10:00:00","21.48","-137.46",,,"1","3","2","5",,,"11",,,,,,,,,,,,,,,,,,,,,,,,,,,,,,,"236","17","798","172","7","1","2","1","FFFFFF","1AAAAAAAAAAAAA","4",,,,,,,
"4600770","2017-09-13T10:00:00","24.13","-133.71",,,"1","4","2","5",,,"11",,,,,,,,,"10158",,,"8",,,,,"9","240",,,,,,,,,,,,,"236","43","798","172","7","1","2","1","1FFF1F","1AAAA1AAA1AAAA","4",,,,,,,
"4601544","2017-09-13T10:00:00","20.25","-136.13",,,"1","4","2","5",,,"11",,,,,,,,,,,,"8",,,,,"9","252",,,,,,,,,,,,,"236","6","798","172","7","0",,"1","1FFFFF","1AAAAAAAA1AAAA","4",,,,,,,
"2200638","2017-09-13T10:01:00","25.11","-137.86",,,"1","4","2","5",,,"11",,,,,,,,,,,,"8",,,,,"9","243",,,,,,,,,,,,,"236","57","798","172","7","0",,"1","1FFFFF","1AAAAAAAA1AAAA","4",,,,,,,
"4601544","2017-09-13T10:30:00","20.25","-136.13",,,"1","4","2","5",,,"11",,,,,,,,,,,,"8",,,,,"9","252",,,,,,,,,,,,,"236","6","798","172","7","0",,"1","1FFFFF","1AAAAAAAA1AAAA","4",,,,,,,
"2100901","2017-09-13T10:50:00","20.01","-138.05",,,"1","4","2","5",,,"11",,,,,,,,,"10137",,,"8",,,,,"9","254",,,,,,,,,,,,,"236","8","798","172","7","1","2","1","1FFF1F","1AAAA1AAA1AAAA","4",,,,,,,
"2100530","2017-09-13T11:00:00","25.89","-132.57",,,"1","4","2","5",,,"11",,,,,,,,,"10165",,,"8",,,,,"9","231",,,,,,,,,,,,,"236","52","798","172","7","1","2","1","1FFF1F","1AAAA1AAA1AAAA","4",,,,,,,
"4600623","2017-09-13T11:00:00","21.48","-137.46",,,"1","3","2","5",,,"11",,,,,,,,,,,,,,,,,,,,,,,,,,,,,,,"236","17","798","172","7","1","2","1","FFFFFF","1AAAAAAAAAAAAA","4",,,,,,,
"4600770","2017-09-13T11:00:00","24.13","-133.76",,,"1","4","2","5",,,"11",,,,,,,,,"10155",,,"8",,,,,"9","239",,,,,,,,,,,,,"236","43","798","172","7","1","2","1","1FFF1F","1AAAA1AAA1AAAA","4",,,,,,,
"4601544","2017-09-13T11:00:00","20.26","-136.13",,,"1","4","2","5",,,"11",,,,,,,,,,,,"8",,,,,"9","252",,,,,,,,,,,,,"236","6","798","172","7","0",,"1","1FFFFF","1AAAAAAAA1AAAA","4",,,,,,,
"2200638","2017-09-13T11:01:00","25.11","-137.87",,,"1","4","2","5",,,"11",,,,,,,,,,,,"8",,,,,"9","243",,,,,,,,,,,,,"236","57","798","172","7","0",,"1","1FFFFF","1AAAAAAAA1AAAA","4",,,,,,,
"4601544","2017-09-13T11:30:00","20.26","-136.14",,,"1","4","2","5",,,"11",,,,,,,,,,,,"8",,,,,"9","252",,,,,,,,,,,,,"236","6","798","172","7","0",,"1","1FFFFF","1AAAAAAAA1AAAA","4",,,,,,,
"2100901","2017-09-13T11:50:00","20.02","-137.96",,,"1","4","2","5",,,"11",,,,,,,,,"10133",,,"8",,,,,"9","255",,,,,,,,,,,,,"236","7","798","172","7","1","2","1","1FFF1F","1AAAA1AAA1AAAA","4",,,,,,,
"2100530","2017-09-13T12:00:00","25.87","-132.58",,,"1","4","2","5",,,"11",,,,,,,,,"10163",,,"8",,,,,"9","231",,,,,,,,,,,,,"236","52","798","172","7","1","2","1","1FFF1F","1AAAA1AAA1AAAA","4",,,,,,,
"4600623","2017-09-13T12:00:00","21.50","-137.46",,,"1","3","2","5",,,"11",,,,,,,,,,,,,,,,,,,,,,,,,,,,,,,"236","17","798","172","7","1","2","1","FFFFFF","1AAAAAAAAAAAAA","4",,,,,,,
"4600770","2017-09-13T12:00:00","24.13","-133.71",,,"1","4","2","5",,,"11",,,,,,,,,"10151",,,"8",,,,,"9","238",,,,,,,,,,,,,"236","43","798","172","7","1","2","1","1FFF1F","1AAAA1AAA1AAAA","4",,,,,,,
"4601544","2017-09-13T12:00:00","20.26","-136.14",,,"1","4","2","5",,,"11",,,,,,,,,,,,"8",,,,,"9","252",,,,,,,,,,,,,"236","6","798","172","7","0",,"1","1FFFFF","1AAAAAAAA1AAAA","4",,,,,,,
"2200638","2017-09-13T12:01:00","25.10","-137.87",,,"1","4","2","5",,,"11",,,,,,,,,,,,"8",,,,,"9","243",,,,,,,,,,,,,"236","57","798","172","7","0",,"1","1FFFFF","1AAAAAAAA1AAAA","4",,,,,,,
"4601544","2017-09-13T12:30:00","20.26","-136.14",,,"1","4","2","5",,,"11",,,,,,,,,,,,"8",,,,,"9","252",,,,,,,,,,,,,"236","6","798","172","7","0",,"1","1FFFFF","1AAAAAAAA1AAAA","4",,,,,,,
"2100901","2017-09-13T12:50:00","20.01","-138.04",,,"1","4","2","5",,,"11",,,,,,,,,"10133",,,"8",,,,,"9","255",,,,,,,,,,,,,"236","8","798","172","7","1","2","1","1FFF1F","1AAAA1AAA1AAAA","4",,,,,,,
"2100530","2017-09-13T13:00:00","25.86","-132.57",,,"1","4","2","5",,,"11",,,,,,,,,"10163",,,"8",,,,,"9","232",,,,,,,,,,,,,"236","52","798","172","7","1","2","1","1FFF1F","1AAAA1AAA1AAAA","4",,,,,,,
"4600623","2017-09-13T13:00:00","21.48","-137.45",,,"1","3","2","5",,,"11",,,,,,,,,,,,,,,,,,,,,,,,,,,,,,,"236","17","798","172","7","1","2","1","FFFFFF","1AAAAAAAAAAAAA","4",,,,,,,
"4600770","2017-09-13T13:00:00","24.13","-133.77",,,"1","4","2","5",,,"11",,,,,,,,,"10151",,,"8",,,,,"9","238",,,,,,,,,,,,,"236","43","798","172","7","1","2","1","1FFF1F","1AAAA1AAA1AAAA","4",,,,,,,
"4601544","2017-09-13T13:00:00","20.26","-136.14",,,"1","4","2","5",,,"11",,,,,,,,,,,,"8",,,,,"9","252",,,,,,,,,,,,,"236","6","798","172","7","0",,"1","1FFFFF","1AAAAAAAA1AAAA","4",,,,,,,
"2200638","2017-09-13T13:01:00","25.10","-137.88",,,"1","4","2","5",,,"11",,,,,,,,,,,,"8",,,,,"9","243",,,,,,,,,,,,,"236","57","798","172","7","0",,"1","1FFFFF","1AAAAAAAA1AAAA","4",,,,,,,
"4601544","2017-09-13T13:30:00","20.26","-136.14",,,"1","4","2","5",,,"11",,,,,,,,,,,,"8",,,,,"9","252",,,,,,,,,,,,,"236","6","798","172","7","0",,"1","1FFFFF","1AAAAAAAA1AAAA","4",,,,,,,
"2100901","2017-09-13T13:50:00","20.00","-138.06",,,"1","4","2","5",,,"11",,,,,,,,,"10134",,,"8",,,,,"9","254",,,,,,,,,,,,,"236","8","798","172","7","1","2","1","1FFF1F","1AAAA1AAA1AAAA","4",,,,,,,
"2100530","2017-09-13T14:00:00","25.86","-132.58",,,"1","4","2","5",,,"11",,,,,,,,,"10165",,,"8",,,,,"9","232",,,,,,,,,,,,,"236","52","798","172","7","1","2","1","1FFF1F","1AAAA1AAA1AAAA","4",,,,,,,
"4600623","2017-09-13T14:00:00","21.47","-137.45",,,"1","3","2","5",,,"11",,,,,,,,,,,,,,,,,,,,,,,,,,,,,,,"236","17","798","172","7","1","2","1","FFFFFF","1AAAAAAAAAAAAA","4",,,,,,,
"4600770","2017-09-13T14:00:00","24.13","-133.78",,,"1","4","2","5",,,"11",,,,,,,,,"10154",,,"8",,,,,"9","239",,,,,,,,,,,,,"236","43","798","172","7","1","2","1","1FFF1F","1AAAA1AAA1AAAA","4",,,,,,,
"4601544","2017-09-13T14:00:00","20.26","-136.14",,,"1","4","2","5",,,"11",,,,,,,,,,,,"8",,,,,"9","252",,,,,,,,,,,,,"236","6","798","172","7","0",,"1","1FFFFF","1AAAAAAAA1AAAA","4",,,,,,,
"2200638","2017-09-13T14:01:00","25.10","-137.88",,,"1","4","2","5",,,"11",,,,,,,,,,,,"8",,,,,"9","243",,,,,,,,,,,,,"236","57","798","172","7","0",,"1","1FFFFF","1AAAAAAAA1AAAA","4",,,,,,,
"4601544","2017-09-13T14:30:00","20.26","-136.14",,,"1","4","2","5",,,"11",,,,,,,,,,,,"8",,,,,"9","252",,,,,,,,,,,,,"236","6","798","172","7","0",,"1","1FFFFF","1AAAAAAAA1AAAA","4",,,,,,,
"2100901","2017-09-13T14:50:00","20.01","-138.06",,,"1","4","2","5",,,"11",,,,,,,,,"10140",,,"8",,,,,"9","252",,,,,,,,,,,,,"236","8","798","172","7","1","2","1","1FFF1F","1AAAA1AAA1AAAA","4",,,,,,,
"2100530","2017-09-13T15:00:00","25.86","-132.58",,,"1","4","2","5",,,"11",,,,,,,,,"10168",,,"8",,,,,"9","232",,,,,,,,,,,,,"236","52","798","172","7","1","2","2","1FFF1F","1AAAA1AAA1AAAA","4",,,,,,,
"4600623","2017-09-13T15:00:00","21.45","-137.45",,,"1","3","2","5",,,"11",,,,,,,,,,,,,,,,,,,,,,,,,,,,,,,"236","17","798","172","7","1","2","1","FFFFFF","1AAAAAAAAAAAAA","4",,,,,,,
"4600770","2017-09-13T15:00:00","24.12","-133.80",,,"1","4","2","5",,,"11",,,,,,,,,"10157",,,"8",,,,,"9","240",,,,,,,,,,,,,"236","43","798","172","7","1","2","2","1FFF1F","1AAAA1AAA1AAAA","4",,,,,,,
"4601544","2017-09-13T15:00:00","20.26","-136.13",,,"1","4","2","5",,,"11",,,,,,,,,,,,"8",,,,,"9","252",,,,,,,,,,,,,"236","6","798","172","7","0",,"2","1FFFFF","1AAAAAAAA1AAAA","4",,,,,,,
"2200638","2017-09-13T15:01:00","25.10","-137.89",,,"1","4","2","5",,,"11",,,,,,,,,,,,"8",,,,,"9","243",,,,,,,,,,,,,"236","57","798","172","7","0",,"1","1FFFFF","1AAAAAAAA1AAAA","4",,,,,,,
"4601544","2017-09-13T15:30:00","20.26","-136.13",,,"1","4","2","5",,,"11",,,,,,,,,,,,"8",,,,,"9","252",,,,,,,,,,,,,"236","6","798","172","7","0",,"2","1FFFFF","1AAAAAAAA1AAAA","4",,,,,,,
"2100901","2017-09-13T15:50:00","20.00","-138.08",,,"1","4","2","5",,,"11",,,,,,,,,"10145",,,"8",,,,,"9","253",,,,,,,,,,,,,"236","8","798","172","7","1","2","2","1FFF1F","1AAAA1AAA1AAAA","4",,,,,,,
"2100530","2017-09-13T16:00:00","25.84","-132.58",,,"1","4","2","5",,,"11",,,,,,,,,"10171",,,"8",,,,,"9","232",,,,,,,,,,,,,"236","52","798","172","7","1","2","2","1FFF1F","1AAAA1AAA1AAAA","4",,,,,,,
"4600623","2017-09-13T16:00:00","21.44","-137.45",,,"1","3","2","5",,,"11",,,,,,,,,,,,,,,,,,,,,,,,,,,,,,,"236","17","798","172","7","1","2","2","FFFFFF","1AAAAAAAAAAAAA","4",,,,,,,
"4600770","2017-09-13T16:00:00","24.12","-133.80",,,"1","4","2","5",,,"11",,,,,,,,,"10162",,,"8",,,,,"9","239",,,,,,,,,,,,,"236","43","798","172","7","1","2","2","1FFF1F","1AAAA1AAA1AAAA","4",,,,,,,
"4601544","2017-09-13T16:00:00","20.26","-136.13",,,"1","4","2","5",,,"11",,,,,,,,,,,,"8",,,,,"9","252",,,,,,,,,,,,,"236","6","798","172","7","0",,"2","1FFFFF","1AAAAAAAA1AAAA","4",,,,,,,
"2200638","2017-09-13T16:01:00","25.09","-137.89",,,"1","4","2","5",,,"11",,,,,,,,,,,,"8",,,,,"9","243",,,,,,,,,,,,,"236","57","798","172","7","0",,"2","1FFFFF","1AAAAAAAA1AAAA","4",,,,,,,
"4601544","2017-09-13T16:30:00","20.26","-136.13",,,"1","4","2","5",,,"11",,,,,,,,,,,,"8",,,,,"9","252",,,,,,,,,,,,,"236","6","798","172","7","0",,"2","1FFFFF","1AAAAAAAA1AAAA","4",,,,,,,
"2100901","2017-09-13T16:50:00","20.00","-138.11",,,"1","4","2","5",,,"11",,,,,,,,,"10148",,,"8",,,,,"9","252",,,,,,,,,,,,,"236","8","798","172","7","1","2","2","1FFF1F","1AAAA1AAA1AAAA","4",,,,,,,
"2100530","2017-09-13T17:00:00","25.82","-132.59",,,"1","4","2","5",,,"11",,,,,,,,,"10173",,,"8",,,,,"9","232",,,,,,,,,,,,,"236","52","798","172","7","1","2","2","1FFF1F","1AAAA1AAA1AAAA","4",,,,,,,
"4600623","2017-09-13T17:00:00","21.45","-137.45",,,"1","3","2","5",,,"11",,,,,,,,,,,,,,,,,,,,,,,,,,,,,,,"236","17","798","172","7","1","2","2","FFFFFF","1AAAAAAAAAAAAA","4",,,,,,,
"4600770","2017-09-13T17:00:00","24.12","-133.81",,,"1","4","2","5",,,"11",,,,,,,,,"10164",,,"8",,,,,"9","240",,,,,,,,,,,,,"236","43","798","172","7","1","2","2","1FFF1F","1AAAA1AAA1AAAA","4",,,,,,,
"4601544","2017-09-13T17:00:00","20.26","-136.13",,,"1","4","2","5",,,"11",,,,,,,,,,,,"8",,,,,"9","252",,,,,,,,,,,,,"236","6","798","172","7","0",,"2","1FFFFF","1AAAAAAAA1AAAA","4",,,,,,,
"2200638","2017-09-13T17:01:00","25.09","-137.90",,,"1","4","2","5",,,"11",,,,,,,,,,,,"8",,,,,"9","243",,,,,,,,,,,,,"236","57","798","172","7","0",,"2","1FFFFF","1AAAAAAAA1AAAA","4",,,,,,,
"4601544","2017-09-13T17:30:00","20.26","-136.13",,,"1","4","2","5",,,"11",,,,,,,,,,,,"8",,,,,"9","252",,,,,,,,,,,,,"236","6","798","172","7","0",,"2","1FFFFF","1AAAAAAAA1AAAA","4",,,,,,,
"2100901","2017-09-13T17:50:00","20.00","-138.11",,,"1","4","2","5",,,"11",,,,,,,,,"10152",,,"8",,,,,"9","254",,,,,,,,,,,,,"236","8","798","172","7","1","2","2","1FFF1F","1AAAA1AAA1AAAA","4",,,,,,,
"2100530","2017-09-13T18:00:00","25.82","-132.58",,,"1","4","2","5",,,"11",,,,,,,,,"10175",,,"8",,,,,"9","232",,,,,,,,,,,,,"236","52","798","172","7","1","2","2","1FFF1F","1AAAA1AAA1AAAA","4",,,,,,,
"4600623","2017-09-13T18:00:00","21.43","-137.45",,,"1","3","2","5",,,"11",,,,,,,,,,,,,,,,,,,,,,,,,,,,,,,"236","17","798","172","7","1","2","2","FFFFFF","1AAAAAAAAAAAAA","4",,,,,,,
"4600770","2017-09-13T18:00:00","24.12","-133.81",,,"1","4","2","5",,,"11",,,,,,,,,"10166",,,"8",,,,,"9","240",,,,,,,,,,,,,"236","43","798","172","7","1","2","2","1FFF1F","1AAAA1AAA1AAAA","4",,,,,,,
"4601544","2017-09-13T18:00:00","20.26","-136.13",,,"1","4","2","5",,,"11",,,,,,,,,,,,"8",,,,,"9","253",,,,,,,,,,,,,"236","6","798","172","7","0",,"2","1FFFFF","1AAAAAAAA1AAAA","4",,,,,,,
"2200638","2017-09-13T18:01:00","25.09","-137.91",,,"1","4","2","5",,,"11",,,,,,,,,,,,"8",,,,,"9","243",,,,,,,,,,,,,"236","57","798","172","7","0",,"2","1FFFFF","1AAAAAAAA1AAAA","4",,,,,,,
"4601544","2017-09-13T18:30:00","20.26","-136.13",,,"1","4","2","5",,,"11",,,,,,,,,,,,"8",,,,,"9","253",,,,,,,,,,,,,"236","6","798","172","7","0",,"2","1FFFFF","1AAAAAAAA1AAAA","4",,,,,,,
"2100530","2017-09-13T19:00:00","25.81","-132.60",,,"1","4","2","5",,,"11",,,,,,,,,"10173",,,"8",,,,,"9","232",,,,,,,,,,,,,"236","52","798","172","7","1","2","2","1FFF1F","1AAAA1AAA1AAAA","4",,,,,,,
"4600623","2017-09-13T19:00:00","21.41","-137.44",,,"1","3","2","5",,,"11",,,,,,,,,,,,,,,,,,,,,,,,,,,,,,,"236","17","798","172","7","1","2","2","FFFFFF","1AAAAAAAAAAAAA","4",,,,,,,
"4600770","2017-09-13T19:00:00","24.11","-133.84",,,"1","4","2","5",,,"11",,,,,,,,,"10166",,,"8",,,,,"9","240",,,,,,,,,,,,,"236","43","798","172","7","1","2","2","1FFF1F","1AAAA1AAA1AAAA","4",,,,,,,
"4601544","2017-09-13T19:00:00","20.26","-136.13",,,"1","4","2","5",,,"11",,,,,,,,,,,,"8",,,,,"9","253",,,,,,,,,,,,,"236","6","798","172","7","0",,"2","1FFFFF","1AAAAAAAA1AAAA","4",,,,,,,
"2200638","2017-09-13T19:01:00","25.09","-137.91",,,"1","4","2","5",,,"11",,,,,,,,,,,,"8",,,,,"9","244",,,,,,,,,,,,,"236","57","798","172","7","0",,"2","1FFFFF","1AAAAAAAA1AAAA","4",,,,,,,
"4601544","2017-09-13T19:30:00","20.26","-136.13",,,"1","4","2","5",,,"11",,,,,,,,,,,,"8",,,,,"9","253",,,,,,,,,,,,,"236","6","798","172","7","0",,"2","1FFFFF","1AAAAAAAA1AAAA","4",,,,,,,
"2100530","2017-09-13T20:00:00","25.81","-132.60",,,"1","4","2","5",,,"11",,,,,,,,,"10170",,,"8",,,,,"9","232",,,,,,,,,,,,,"236","52","798","172","7","1","2","2","1FFF1F","1AAAA1AAA1AAAA","4",,,,,,,
"4600623","2017-09-13T20:00:00","21.41","-137.44",,,"1","3","2","5",,,"11",,,,,,,,,,,,,,,,,,,,,,,,,,,,,,,"236","17","798","172","7","1","2","2","FFFFFF","1AAAAAAAAAAAAA","4",,,,,,,
"4600770","2017-09-13T20:00:00","24.11","-133.84",,,"1","4","2","5",,,"11",,,,,,,,,"10164",,,"8",,,,,"9","240",,,,,,,,,,,,,"236","43","798","172","7","1","2","2","1FFF1F","1AAAA1AAA1AAAA","4",,,,,,,
"4601544","2017-09-13T20:00:00","20.26","-136.13",,,"1","4","2","5",,,"11",,,,,,,,,,,,"8",,,,,"9","253",,,,,,,,,,,,,"236","6","798","172","7","0",,"2","1FFFFF","1AAAAAAAA1AAAA","4",,,,,,,
"2200638","2017-09-13T20:01:00","25.09","-137.92",,,"1","4","2","5",,,"11",,,,,,,,,,,,"8",,,,,"9","244",,,,,,,,,,,,,"236","57","798","172","7","0",,"2","1FFFFF","1AAAAAAAA1AAAA","4",,,,,,,
"4601544","2017-09-13T20:30:00","20.26","-136.13",,,"1","4","2","5",,,"11",,,,,,,,,,,,"8",,,,,"9","253",,,,,,,,,,,,,"236","6","798","172","7","0",,"2","1FFFFF","1AAAAAAAA1AAAA","4",,,,,,,
"2100530","2017-09-13T21:00:00","25.81","-132.60",,,"1","4","2","5",,,"11",,,,,,,,,"10167",,,"8",,,,,"9","233",,,,,,,,,,,,,"236","52","798","172","7","1","2","2","1FFF1F","1AAAA1AAA1AAAA","4",,,,,,,
"4600623","2017-09-13T21:00:00","21.41","-137.44",,,"1","3","2","5",,,"11",,,,,,,,,,,,,,,,,,,,,,,,,,,,,,,"236","17","798","172","7","1","2","2","FFFFFF","1AAAAAAAAAAAAA","4",,,,,,,
"4600770","2017-09-13T21:00:00","24.11","-133.84",,,"1","4","2","5",,,"11",,,,,,,,,"10160",,,"8",,,,,"9","241",,,,,,,,,,,,,"236","43","798","172","7","1","2","2","1FFF1F","1AAAA1AAA1AAAA","4",,,,,,,
"4601544","2017-09-13T21:00:00","20.26","-136.13",,,"1","4","2","5",,,"11",,,,,,,,,,,,"8",,,,,"9","253",,,,,,,,,,,,,"236","6","798","172","7","0",,"2","1FFFFF","1AAAAAAAA1AAAA","4",,,,,,,
"2200638","2017-09-13T21:01:00","25.09","-137.93",,,"1","4","2","5",,,"11",,,,,,,,,,,,"8",,,,,"9","244",,,,,,,,,,,,,"236","57","798","172","7","0",,"2","1FFFFF","1AAAAAAAA1AAAA","4",,,,,,,
"4601544","2017-09-13T21:30:00","20.26","-136.13",,,"1","4","2","5",,,"11",,,,,,,,,,,,"8",,,,,"9","254",,,,,,,,,,,,,"236","6","798","172","7","0",,"2","1FFFFF","1AAAAAAAA1AAAA","4",,,,,,,
"2100530","2017-09-13T22:00:00","25.77","-132.64",,,"1","4","2","5",,,"11",,,,,,,,,"10162",,,"8",,,,,"9","232",,,,,,,,,,,,,"236","52","798","172","7","1","2","2","1FFF1F","1AAAA1AAA1AAAA","4",,,,,,,
"4600623","2017-09-13T22:00:00","21.38","-137.45",,,"1","3","2","5",,,"11",,,,,,,,,,,,,,,,,,,,,,,,,,,,,,,"236","17","798","172","7","1","2","2","FFFFFF","1AAAAAAAAAAAAA","4",,,,,,,
"4600770","2017-09-13T22:00:00","24.09","-133.90",,,"1","4","2","5",,,"11",,,,,,,,,"10154",,,"8",,,,,"9","242",,,,,,,,,,,,,"236","43","798","172","7","1","2","2","1FFF1F","1AAAA1AAA1AAAA","4",,,,,,,
"2200638","2017-09-13T22:01:00","25.08","-137.94",,,"1","4","2","5",,,"11",,,,,,,,,,,,"8",,,,,"9","244",,,,,,,,,,,,,"236","57","798","172","7","0",,"2","1FFFFF","1AAAAAAAA1AAAA","4",,,,,,,
"4601544","2017-09-13T22:32:00","20.26","-136.13",,,"1","4","2","5",,,"11",,,,,,,,,,,,"8",,,,,"9","254",,,,,,,,,,,,,"236","6","798","172","7","0",,"2","1FFFFF","1AAAAAAAA1AAAA","4",,,,,,,
"2100530","2017-09-13T23:00:00","25.77","-132.64",,,"1","4","2","5",,,"11",,,,,,,,,"10157",,,"8",,,,,"9","232",,,,,,,,,,,,,"236","52","798","172","7","1","2","2","1FFF1F","1AAAA1AAA1AAAA","4",,,,,,,
"4600623","2017-09-13T23:00:00","21.39","-137.45",,,"1","3","2","5",,,"11",,,,,,,,,,,,,,,,,,,,,,,,,,,,,,,"236","17","798","172","7","1","2","2","FFFFFF","1AAAAAAAAAAAAA","4",,,,,,,
"4600770","2017-09-13T23:00:00","24.09","-133.90",,,"1","4","2","5",,,"11",,,,,,,,,"10151",,,"8",,,,,"9","243",,,,,,,,,,,,,"236","43","798","172","7","1","2","2","1FFF1F","1AAAA1AAA1AAAA","4",,,,,,,
"2200638","2017-09-13T23:01:00","25.08","-137.95",,,"1","4","2","5",,,"11",,,,,,,,,,,,"8",,,,,"9","245",,,,,,,,,,,,,"236","57","798","172","7","0",,"2","1FFFFF","1AAAAAAAA1AAAA","4",,,,,,,
"4601544","2017-09-13T23:02:00","20.26","-136.13",,,"1","4","2","5",,,"11",,,,,,,,,,,,"8",,,,,"9","254",,,,,,,,,,,,,"236","6","798","172","7","0",,"2","1FFFFF","1AAAAAAAA1AAAA","4",,,,,,,
"4601544","2017-09-13T23:30:00","20.26","-136.13",,,"1","4","2","5",,,"11",,,,,,,,,,,,"8",,,,,"9","254",,,,,,,,,,,,,"236","6","798","172","7","0",,"2","1FFFFF","1AAAAAAAA1AAAA","4",,,,,,,
"2100530","2017-09-14T00:00:00","25.78","-132.63",,,"1","4","2","5",,,"11",,,,,,,,,"10157",,,"8",,,,,"9","232",,,,,,,,,,,,,"236","52","798","172","7","1","2","2","1FFF1F","1AAAA1AAA1AAAA","4",,,,,,,
"4600623","2017-09-14T00:00:00","21.39","-137.45",,,"1","3","2","5",,,"11",,,,,,,,,,,,,,,,,,,,,,,,,,,,,,,"236","17","798","172","7","1","2","2","FFFFFF","1AAAAAAAAAAAAA","4",,,,,,,
"4600770","2017-09-14T00:00:00","24.09","-133.89",,,"1","4","2","5",,,"11",,,,,,,,,"10147",,,"8",,,,,"9","243",,,,,,,,,,,,,"236","43","798","172","7","1","2","2","1FFF1F","1AAAA1AAA1AAAA","4",,,,,,,
"2200638","2017-09-14T00:01:00","25.07","-137.96",,,"1","4","2","5",,,"11",,,,,,,,,,,,"8",,,,,"9","245",,,,,,,,,,,,,"236","57","798","172","7","0",,"2","1FFFFF","1AAAAAAAA1AAAA","4",,,,,,,
"4601544","2017-09-14T00:32:00","20.25","-136.13",,,"1","4","2","5",,,"11",,,,,,,,,,,,"8",,,,,"9","254",,,,,,,,,,,,,"236","6","798","172","7","0",,"2","1FFFFF","1AAAAAAAA1AAAA","4",,,,,,,
"2100530","2017-09-14T01:00:00","25.78","-132.64",,,"1","4","2","5",,,"11",,,,,,,,,"10156",,,"8",,,,,"9","232",,,,,,,,,,,,,"236","52","798","172","7","1","2","2","1FFF1F","1AAAA1AAA1AAAA","4",,,,,,,
"4600623","2017-09-14T01:00:00","21.39","-137.45",,,"1","3","2","5",,,"11",,,,,,,,,,,,,,,,,,,,,,,,,,,,,,,"236","17","798","172","7","1","2","2","FFFFFF","1AAAAAAAAAAAAA","4",,,,,,,
"4600770","2017-09-14T01:00:00","24.08","-133.91",,,"1","4","2","5",,,"11",,,,,,,,,"10146",,,"8",,,,,"9","243",,,,,,,,,,,,,"236","43","798","172","7","1","2","2","1FFF1F","1AAAA1AAA1AAAA","4",,,,,,,
"2200638","2017-09-14T01:01:00","25.06","-137.97",,,"1","4","2","5",,,"11",,,,,,,,,,,,"8",,,,,"9","245",,,,,,,,,,,,,"236","57","798","172","7","0",,"2","1FFFFF","1AAAAAAAA1AAAA","4",,,,,,,
"4601544","2017-09-14T01:32:00","20.25","-136.13",,,"1","4","2","5",,,"11",,,,,,,,,,,,"8",,,,,"9","254",,,,,,,,,,,,,"236","6","798","172","7","0",,"2","1FFFFF","1AAAAAAAA1AAAA","4",,,,,,,
"2100530","2017-09-14T02:00:00","25.77","-132.63",,,"1","4","2","5",,,"11",,,,,,,,,"10156",,,"8",,,,,"9","232",,,,,,,,,,,,,"236","52","798","172","7","1","2","2","1FFF1F","1AAAA1AAA1AAAA","4",,,,,,,
"4600623","2017-09-14T02:00:00","21.37","-137.45",,,"1","3","2","5",,,"11",,,,,,,,,,,,,,,,,,,,,,,,,,,,,,,"236","17","798","172","7","1","2","2","FFFFFF","1AAAAAAAAAAAAA","4",,,,,,,
"4600770","2017-09-14T02:00:00","24.08","-133.92",,,"1","4","2","5",,,"11",,,,,,,,,"10146",,,"8",,,,,"9","242",,,,,,,,,,,,,"236","43","798","172","7","1","2","2","1FFF1F","1AAAA1AAA1AAAA","4",,,,,,,
"4601544","2017-09-14T02:00:00","20.25","-136.13",,,"1","4","2","5",,,"11",,,,,,,,,,,,"8",,,,,"9","254",,,,,,,,,,,,,"236","6","798","172","7","0",,"2","1FFFFF","1AAAAAAAA1AAAA","4",,,,,,,
"2200638","2017-09-14T02:01:00","25.05","-137.98",,,"1","4","2","5",,,"11",,,,,,,,,,,,"8",,,,,"9","245",,,,,,,,,,,,,"236","57","798","172","7","0",,"2","1FFFFF","1AAAAAAAA1AAAA","4",,,,,,,
"2100530","2017-09-14T03:00:00","25.77","-132.65",,,"1","4","2","5",,,"11",,,,,,,,,"10156",,,"8",,,,,"9","232",,,,,,,,,,,,,"236","52","798","172","7","1","2","1","1FFF1F","1AAAA1AAA1AAAA","4",,,,,,,
"4600623","2017-09-14T03:00:00","21.35","-137.46",,,"1","3","2","5",,,"11",,,,,,,,,,,,,,,,,,,,,,,,,,,,,,,"236","17","798","172","7","1","2","2","FFFFFF","1AAAAAAAAAAAAA","4",,,,,,,
"4600770","2017-09-14T03:00:00","24.08","-133.92",,,"1","4","2","5",,,"11",,,,,,,,,"10149",,,"8",,,,,"9","241",,,,,,,,,,,,,"236","43","798","172","7","1","2","2","1FFF1F","1AAAA1AAA1AAAA","4",,,,,,,
"2200638","2017-09-14T03:01:00","25.05","-137.99",,,"1","4","2","5",,,"11",,,,,,,,,,,,"8",,,,,"9","245",,,,,,,,,,,,,"236","57","798","172","7","0",,"2","1FFFFF","1AAAAAAAA1AAAA","4",,,,,,,
"4601544","2017-09-14T03:04:00","20.25","-136.13",,,"1","4","2","5",,,"11",,,,,,,,,,,,"8",,,,,"9","253",,,,,,,,,,,,,"236","6","798","172","7","0",,"2","1FFFFF","1AAAAAAAA1AAAA","4",,,,,,,
"4601544","2017-09-14T03:30:00","20.25","-136.13",,,"1","4","2","5",,,"11",,,,,,,,,,,,"8",,,,,"9","253",,,,,,,,,,,,,"236","6","798","172","7","0",,"1","1FFFFF","1AAAAAAAA1AAAA","4",,,,,,,
"2100530","2017-09-14T04:00:00","25.76","-132.65",,,"1","4","2","5",,,"11",,,,,,,,,"10159",,,"8",,,,,"9","231",,,,,,,,,,,,,"236","52","798","172","7","1","2","1","1FFF1F","1AAAA1AAA1AAAA","4",,,,,,,
"4600623","2017-09-14T04:00:00","21.35","-137.46",,,"1","3","2","5",,,"11",,,,,,,,,,,,,,,,,,,,,,,,,,,,,,,"236","17","798","172","7","1","2","1","FFFFFF","1AAAAAAAAAAAAA","4",,,,,,,
"4600770","2017-09-14T04:00:00","24.07","-133.96",,,"1","4","2","5",,,"11",,,,,,,,,"10152",,,"8",,,,,"9","240",,,,,,,,,,,,,"236","43","798","172","7","1","2","1","1FFF1F","1AAAA1AAA1AAAA","4",,,,,,,
"4601544","2017-09-14T04:00:00","20.25","-136.13",,,"1","4","2","5",,,"11",,,,,,,,,,,,"8",,,,,"9","253",,,,,,,,,,,,,"236","6","798","172","7","0",,"1","1FFFFF","1AAAAAAAA1AAAA","4",,,,,,,
"2200638","2017-09-14T04:01:00","25.04","-138.00",,,"1","4","2","5",,,"11",,,,,,,,,,,,"8",,,,,"9","245",,,,,,,,,,,,,"236","58","798","172","7","0",,"1","1FFFFF","1AAAAAAAA1AAAA","4",,,,,,,
"4601544","2017-09-14T04:30:00","20.25","-136.13",,,"1","4","2","5",,,"11",,,,,,,,,,,,"8",,,,,"9","253",,,,,,,,,,,,,"236","6","798","172","7","0",,"1","1FFFFF","1AAAAAAAA1AAAA","4",,,,,,,
"2100530","2017-09-14T05:00:00","25.76","-132.64",,,"1","4","2","5",,,"11",,,,,,,,,"10167",,,"8",,,,,"9","231",,,,,,,,,,,,,"236","52","798","172","7","1","2","1","1FFF1F","1AAAA1AAA1AAAA","4",,,,,,,
"4600623","2017-09-14T05:00:00","21.35","-137.46",,,"1","3","2","5",,,"11",,,,,,,,,,,,,,,,,,,,,,,,,,,,,,,"236","17","798","172","7","1","2","1","FFFFFF","1AAAAAAAAAAAAA","4",,,,,,,
"4600770","2017-09-14T05:00:00","24.08","-133.96",,,"1","4","2","5",,,"11",,,,,,,,,"10159",,,"8",,,,,"9","240",,,,,,,,,,,,,"236","43","798","172","7","1","2","1","1FFF1F","1AAAA1AAA1AAAA","4",,,,,,,
"4601544","2017-09-14T05:00:00","20.24","-136.14",,,"1","4","2","5",,,"11",,,,,,,,,,,,"8",,,,,"9","253",,,,,,,,,,,,,"236","6","798","172","7","0",,"1","1FFFFF","1AAAAAAAA1AAAA","4",,,,,,,
"2200638","2017-09-14T05:01:00","25.04","-138.01",,,"1","4","2","5",,,"11",,,,,,,,,,,,"8",,,,,"9","245",,,,,,,,,,,,,"236","58","798","172","7","0",,"1","1FFFFF","1AAAAAAAA1AAAA","4",,,,,,,
"4601544","2017-09-14T05:30:00","20.24","-136.14",,,"1","4","2","5",,,"11",,,,,,,,,,,,"8",,,,,"9","253",,,,,,,,,,,,,"236","6","798","172","7","0",,"1","1FFFFF","1AAAAAAAA1AAAA","4",,,,,,,
"2100530","2017-09-14T06:00:00","25.76","-132.64",,,"1","4","2","5",,,"11",,,,,,,,,"10172",,,"8",,,,,"9","231",,,,,,,,,,,,,"236","52","798","172","7","1","2","1","1FFF1F","1AAAA1AAA1AAAA","4",,,,,,,
"4600623","2017-09-14T06:00:00","21.34","-137.47",,,"1","3","2","5",,,"11",,,,,,,,,,,,,,,,,,,,,,,,,,,,,,,"236","17","798","172","7","1","2","1","FFFFFF","1AAAAAAAAAAAAA","4",,,,,,,
"4600770","2017-09-14T06:00:00","24.08","-133.96",,,"1","4","2","5",,,"11",,,,,,,,,"10166",,,"8",,,,,"9","239",,,,,,,,,,,,,"236","43","798","172","7","1","2","1","1FFF1F","1AAAA1AAA1AAAA","4",,,,,,,
"4601544","2017-09-14T06:00:00","20.24","-136.14",,,"1","4","2","5",,,"11",,,,,,,,,,,,"8",,,,,"9","253",,,,,,,,,,,,,"236","6","798","172","7","0",,"1","1FFFFF","1AAAAAAAA1AAAA","4",,,,,,,
"2200638","2017-09-14T06:01:00","25.03","-138.02",,,"1","4","2","5",,,"11",,,,,,,,,,,,"8",,,,,"9","245",,,,,,,,,,,,,"236","58","798","172","7","0",,"1","1FFFFF","1AAAAAAAA1AAAA","4",,,,,,,
"4601544","2017-09-14T06:30:00","20.24","-136.14",,,"1","4","2","5",,,"11",,,,,,,,,,,,"8",,,,,"9","253",,,,,,,,,,,,,"236","6","798","172","7","0",,"1","1FFFFF","1AAAAAAAA1AAAA","4",,,,,,,
"2100530","2017-09-14T07:00:00","25.75","-132.67",,,"1","4","2","5",,,"11",,,,,,,,,"10171",,,"8",,,,,"9","231",,,,,,,,,,,,,"236","52","798","172","7","1","2","1","1FFF1F","1AAAA1AAA1AAAA","4",,,,,,,
"4600623","2017-09-14T07:00:00","21.34","-137.47",,,"1","3","2","5",,,"11",,,,,,,,,,,,,,,,,,,,,,,,,,,,,,,"236","17","798","172","7","1","2","1","FFFFFF","1AAAAAAAAAAAAA","4",,,,,,,
"4600770","2017-09-14T07:00:00","24.08","-133.96",,,"1","4","2","5",,,"11",,,,,,,,,"10166",,,"8",,,,,"9","239",,,,,,,,,,,,,"236","43","798","172","7","1","2","1","1FFF1F","1AAAA1AAA1AAAA","4",,,,,,,
"4601544","2017-09-14T07:00:00","20.23","-136.14",,,"1","4","2","5",,,"11",,,,,,,,,,,,"8",,,,,"9","252",,,,,,,,,,,,,"236","6","798","172","7","0",,"1","1FFFFF","1AAAAAAAA1AAAA","4",,,,,,,
"2200638","2017-09-14T07:01:00","25.03","-138.03",,,"1","4","2","5",,,"11",,,,,,,,,,,,"8",,,,,"9","244",,,,,,,,,,,,,"236","58","798","172","7","0",,"1","1FFFFF","1AAAAAAAA1AAAA","4",,,,,,,
"4601544","2017-09-14T07:30:00","20.23","-136.14",,,"1","4","2","5",,,"11",,,,,,,,,,,,"8",,,,,"9","252",,,,,,,,,,,,,"236","6","798","172","7","0",,"1","1FFFFF","1AAAAAAAA1AAAA","4",,,,,,,
"4600059","2017-09-14T07:50:00","27.50","-136.30",,,"1","4","2","0",,,"11","0","70","1","20",,,,,"10178",,,,,,,,,,,,,,,,,"4","1",,"16","3","236","76","793","103","6","1","2","1","FF11FF","11AAAAAAAAA17A",,,"6",,,,,"4"
"2100530","2017-09-14T08:00:00","25.75","-132.67",,,"1","4","2","5",,,"11",,,,,,,,,"10170",,,"8",,,,,"9","231",,,,,,,,,,,,,"236","52","798","172","7","1","2","1","1FFF1F","1AAAA1AAA1AAAA","4",,,,,,,
"4600623","2017-09-14T08:00:00","21.34","-137.47",,,"1","3","2","5",,,"11",,,,,,,,,,,,,,,,,,,,,,,,,,,,,,,"236","17","798","172","7","1","2","1","FFFFFF","1AAAAAAAAAAAAA","4",,,,,,,
"4600770","2017-09-14T08:00:00","24.08","-133.96",,,"1","4","2","5",,,"11",,,,,,,,,"10164",,,"8",,,,,"9","239",,,,,,,,,,,,,"236","43","798","172","7","1","2","1","1FFF1F","1AAAA1AAA1AAAA","4",,,,,,,
"4601544","2017-09-14T08:00:00","20.23","-136.15",,,"1","4","2","5",,,"11",,,,,,,,,,,,"8",,,,,"9","252",,,,,,,,,,,,,"236","6","798","172","7","0",,"1","1FFFFF","1AAAAAAAA1AAAA","4",,,,,,,
"2200638","2017-09-14T08:01:00","25.03","-138.04",,,"1","4","2","5",,,"11",,,,,,,,,,,,"8",,,,,"9","245",,,,,,,,,,,,,"236","58","798","172","7","0",,"1","1FFFFF","1AAAAAAAA1AAAA","4",,,,,,,
"4601544","2017-09-14T08:30:00","20.23","-136.15",,,"1","4","2","5",,,"11",,,,,,,,,,,,"8",,,,,"9","252",,,,,,,,,,,,,"236","6","798","172","7","0",,"1","1FFFFF","1AAAAAAAA1AAAA","4",,,,,,,
"2100530","2017-09-14T09:00:00","25.75","-132.67",,,"1","4","2","5",,,"11",,,,,,,,,"10169",,,"8",,,,,"9","231",,,,,,,,,,,,,"236","52","798","172","7","1","2","1","1FFF1F","1AAAA1AAA1AAAA","4",,,,,,,
"4600623","2017-09-14T09:00:00","21.34","-137.47",,,"1","3","2","5",,,"11",,,,,,,,,,,,,,,,,,,,,,,,,,,,,,,"236","17","798","172","7","1","2","1","FFFFFF","1AAAAAAAAAAAAA","4",,,,,,,
"4600770","2017-09-14T09:00:00","24.08","-133.96",,,"1","4","2","5",,,"11",,,,,,,,,"10159",,,"8",,,,,"9","239",,,,,,,,,,,,,"236","43","798","172","7","1","2","1","1FFF1F","1AAAA1AAA1AAAA","4",,,,,,,
"4601544","2017-09-14T09:00:00","20.23","-136.15",,,"1","4","2","5",,,"11",,,,,,,,,,,,"8",,,,,"9","252",,,,,,,,,,,,,"236","6","798","172","7","0",,"1","1FFFFF","1AAAAAAAA1AAAA","4",,,,,,,
"2200638","2017-09-14T09:01:00","25.02","-138.04",,,"1","4","2","5",,,"11",,,,,,,,,,,,"8",,,,,"9","244",,,,,,,,,,,,,"236","58","798","172","7","0",,"1","1FFFFF","1AAAAAAAA1AAAA","4",,,,,,,
"4601544","2017-09-14T09:30:00","20.23","-136.15",,,"1","4","2","5",,,"11",,,,,,,,,,,,"8",,,,,"9","252",,,,,,,,,,,,,"236","6","798","172","7","0",,"1","1FFFFF","1AAAAAAAA1AAAA","4",,,,,,,
"2100530","2017-09-14T10:00:00","25.75","-132.67",,,"1","4","2","5",,,"11",,,,,,,,,"10164",,,"8",,,,,"9","231",,,,,,,,,,,,,"236","52","798","172","7","1","2","1","1FFF1F","1AAAA1AAA1AAAA","4",,,,,,,
"4600623","2017-09-14T10:00:00","21.33","-137.48",,,"1","3","2","5",,,"11",,,,,,,,,,,,,,,,,,,,,,,,,,,,,,,"236","17","798","172","7","1","2","1","FFFFFF","1AAAAAAAAAAAAA","4",,,,,,,
"4600770","2017-09-14T10:00:00","24.05","-134.04",,,"1","4","2","5",,,"11",,,,,,,,,"10156",,,"8",,,,,"9","238",,,,,,,,,,,,,"236","44","798","172","7","1","2","1","1FFF1F","1AAAA1AAA1AAAA","4",,,,,,,
"4601544","2017-09-14T10:00:00","20.23","-136.16",,,"1","4","2","5",,,"11",,,,,,,,,,,,"8",,,,,"9","252",,,,,,,,,,,,,"236","6","798","172","7","0",,"1","1FFFFF","1AAAAAAAA1AAAA","4",,,,,,,
"2200638","2017-09-14T10:01:00","25.02","-138.05",,,"1","4","2","5",,,"11",,,,,,,,,,,,"8",,,,,"9","244",,,,,,,,,,,,,"236","58","798","172","7","0",,"1","1FFFFF","1AAAAAAAA1AAAA","4",,,,,,,
"4601544","2017-09-14T10:30:00","20.23","-136.16",,,"1","4","2","5",,,"11",,,,,,,,,,,,"8",,,,,"9","252",,,,,,,,,,,,,"236","6","798","172","7","0",,"1","1FFFFF","1AAAAAAAA1AAAA","4",,,,,,,
"2100530","2017-09-14T11:00:00","25.73","-132.66",,,"1","4","2","5",,,"11",,,,,,,,,"10162",,,"8",,,,,"9","231",,,,,,,,,,,,,"236","52","798","172","7","1","2","1","1FFF1F","1AAAA1AAA1AAAA","4",,,,,,,
"4600623","2017-09-14T11:00:00","21.34","-137.47",,,"1","3","2","5",,,"11",,,,,,,,,,,,,,,,,,,,,,,,,,,,,,,"236","17","798","172","7","1","2","1","FFFFFF","1AAAAAAAAAAAAA","4",,,,,,,
"4600770","2017-09-14T11:00:00","24.08","-133.96",,,"1","4","2","5",,,"11",,,,,,,,,"10153",,,"8",,,,,"9","238",,,,,,,,,,,,,"236","43","798","172","7","1","2","1","1FFF1F","1AAAA1AAA1AAAA","4",,,,,,,
"4601544","2017-09-14T11:00:00","20.23","-136.16",,,"1","4","2","5",,,"11",,,,,,,,,,,,"8",,,,,"9","252",,,,,,,,,,,,,"236","6","798","172","7","0",,"1","1FFFFF","1AAAAAAAA1AAAA","4",,,,,,,
"2200638","2017-09-14T11:01:00","25.02","-138.05",,,"1","4","2","5",,,"11",,,,,,,,,,,,"8",,,,,"9","244",,,,,,,,,,,,,"236","58","798","172","7","0",,"1","1FFFFF","1AAAAAAAA1AAAA","4",,,,,,,
"4601544","2017-09-14T11:30:00","20.23","-136.16",,,"1","4","2","5",,,"11",,,,,,,,,,,,"8",,,,,"9","252",,,,,,,,,,,,,"236","6","798","172","7","0",,"1","1FFFFF","1AAAAAAAA1AAAA","4",,,,,,,
"4600059","2017-09-14T11:40:00","29.40","-134.50",,,"1","3","2","5",,,"11",,"40","1","40",,,,,"10170",,,,,,,,,,,,,,,,,,"3",,"16","2","236","94","798","172","6","1","2","1","FFFFFF","1AAAAAAAAAA77A",,,,,,,,
"2100530","2017-09-14T12:00:00","25.73","-132.66",,,"1","4","2","5",,,"11",,,,,,,,,"10162",,,"8",,,,,"9","231",,,,,,,,,,,,,"236","52","798","172","7","1","2","1","1FFF1F","1AAAA1AAA1AAAA","4",,,,,,,
"4600623","2017-09-14T12:00:00","21.33","-137.48",,,"1","3","2","5",,,"11",,,,,,,,,,,,,,,,,,,,,,,,,,,,,,,"236","17","798","172","7","1","2","1","FFFFFF","1AAAAAAAAAAAAA","4",,,,,,,
"4600770","2017-09-14T12:00:00","24.05","-134.04",,,"1","4","2","5",,,"11",,,,,,,,,"10152",,,"8",,,,,"9","238",,,,,,,,,,,,,"236","44","798","172","7","1","2","1","1FFF1F","1AAAA1AAA1AAAA","4",,,,,,,
"4601544","2017-09-14T12:00:00","20.23","-136.17",,,"1","4","2","5",,,"11",,,,,,,,,,,,"8",,,,,"9","252",,,,,,,,,,,,,"236","6","798","172","7","0",,"1","1FFFFF","1AAAAAAAA1AAAA","4",,,,,,,
"2200638","2017-09-14T12:01:00","25.01","-138.07",,,"1","4","2","5",,,"11",,,,,,,,,,,,"8",,,,,"9","244",,,,,,,,,,,,,"236","58","798","172","7","0",,"1","1FFFFF","1AAAAAAAA1AAAA","4",,,,,,,
"4601544","2017-09-14T12:30:00","20.23","-136.17",,,"1","4","2","5",,,"11",,,,,,,,,,,,"8",,,,,"9","252",,,,,,,,,,,,,"236","6","798","172","7","0",,"1","1FFFFF","1AAAAAAAA1AAAA","4",,,,,,,
"4600059","2017-09-14T12:50:00","27.40","-136.30",,,"1","3","2","5",,,"11","0","50","1","50",,,,,"10170",,,,,,,,,,,,,,,,,"5","1",,"16","3","236","76","798","172","6","1","2","1","FF11FF","11AAAAAAAAAAAA",,,"6",,,,,"4"
"2100530","2017-09-14T13:00:00","25.72","-132.65",,,"1","4","2","5",,,"11",,,,,,,,,"10165",,,"8",,,,,"9","231",,,,,,,,,,,,,"236","52","798","172","7","1","2","1","1FFF1F","1AAAA1AAA1AAAA","4",,,,,,,
"4600623","2017-09-14T13:00:00","21.33","-137.48",,,"1","3","2","5",,,"11",,,,,,,,,,,,,,,,,,,,,,,,,,,,,,,"236","17","798","172","7","1","2","1","FFFFFF","1AAAAAAAAAAAAA","4",,,,,,,
"4600770","2017-09-14T13:00:00","24.05","-134.04",,,"1","4","2","5",,,"11",,,,,,,,,"10153",,,"8",,,,,"9","237",,,,,,,,,,,,,"236","44","798","172","7","1","2","1","1FFF1F","1AAAA1AAA1AAAA","4",,,,,,,
"4601544","2017-09-14T13:00:00","20.23","-136.17",,,"1","4","2","5",,,"11",,,,,,,,,,,,"8",,,,,"9","252",,,,,,,,,,,,,"236","6","798","172","7","0",,"1","1FFFFF","1AAAAAAAA1AAAA","4",,,,,,,
"2200638","2017-09-14T13:01:00","25.00","-138.07",,,"1","4","2","5",,,"11",,,,,,,,,,,,"8",,,,,"9","244",,,,,,,,,,,,,"236","58","798","172","7","0",,"1","1FFFFF","1AAAAAAAA1AAAA","4",,,,,,,
"4601544","2017-09-14T13:30:00","20.23","-136.17",,,"1","4","2","5",,,"11",,,,,,,,,,,,"8",,,,,"9","252",,,,,,,,,,,,,"236","6","798","172","7","0",,"1","1FFFFF","1AAAAAAAA1AAAA","4",,,,,,,
"2100530","2017-09-14T14:00:00","25.71","-132.66",,,"1","4","2","5",,,"11",,,,,,,,,"10168",,,"8",,,,,"9","231",,,,,,,,,,,,,"236","52","798","172","7","1","2","1","1FFF1F","1AAAA1AAA1AAAA","4",,,,,,,
"4600623","2017-09-14T14:00:00","21.32","-137.48",,,"1","3","2","5",,,"11",,,,,,,,,,,,,,,,,,,,,,,,,,,,,,,"236","17","798","172","7","1","2","1","FFFFFF","1AAAAAAAAAAAAA","4",,,,,,,
"4600770","2017-09-14T14:00:00","24.04","-134.06",,,"1","4","2","5",,,"11",,,,,,,,,"10156",,,"8",,,,,"9","237",,,,,,,,,,,,,"236","44","798","172","7","1","2","1","1FFF1F","1AAAA1AAA1AAAA","4",,,,,,,
"4601544","2017-09-14T14:00:00","20.24","-136.17",,,"1","4","2","5",,,"11",,,,,,,,,,,,"8",,,,,"9","252",,,,,,,,,,,,,"236","6","798","172","7","0",,"1","1FFFFF","1AAAAAAAA1AAAA","4",,,,,,,
"2200638","2017-09-14T14:01:00","25.00","-138.08",,,"1","4","2","5",,,"11",,,,,,,,,,,,"8",,,,,"9","244",,,,,,,,,,,,,"236","58","798","172","7","0",,"1","1FFFFF","1AAAAAAAA1AAAA","4",,,,,,,
"4601544","2017-09-14T14:30:00","20.24","-136.17",,,"1","4","2","5",,,"11",,,,,,,,,,,,"8",,,,,"9","252",,,,,,,,,,,,,"236","6","798","172","7","0",,"1","1FFFFF","1AAAAAAAA1AAAA","4",,,,,,,
"2100530","2017-09-14T15:00:00","25.71","-132.66",,,"1","4","2","5",,,"11",,,,,,,,,"10174",,,"8",,,,,"9","231",,,,,,,,,,,,,"236","52","798","172","7","1","2","2","1FFF1F","1AAAA1AAA1AAAA","4",,,,,,,
"4600623","2017-09-14T15:00:00","21.32","-137.47",,,"1","3","2","5",,,"11",,,,,,,,,,,,,,,,,,,,,,,,,,,,,,,"236","17","798","172","7","1","2","1","FFFFFF","1AAAAAAAAAAAAA","4",,,,,,,
"4600770","2017-09-14T15:00:00","24.04","-134.09",,,"1","4","2","5",,,"11",,,,,,,,,"10162",,,"8",,,,,"9","236",,,,,,,,,,,,,"236","44","798","172","7","1","2","2","1FFF1F","1AAAA1AAA1AAAA","4",,,,,,,
"4601544","2017-09-14T15:00:00","20.24","-136.17",,,"1","4","2","5",,,"11",,,,,,,,,,,,"8",,,,,"9","252",,,,,,,,,,,,,"236","6","798","172","7","0",,"2","1FFFFF","1AAAAAAAA1AAAA","4",,,,,,,
"2200638","2017-09-14T15:01:00","25.00","-138.08",,,"1","4","2","5",,,"11",,,,,,,,,,,,"8",,,,,"9","244",,,,,,,,,,,,,"236","58","798","172","7","0",,"1","1FFFFF","1AAAAAAAA1AAAA","4",,,,,,,
"4601544","2017-09-14T15:30:00","20.24","-136.17",,,"1","4","2","5",,,"11",,,,,,,,,,,,"8",,,,,"9","252",,,,,,,,,,,,,"236","6","798","172","7","0",,"2","1FFFFF","1AAAAAAAA1AAAA","4",,,,,,,
"2100530","2017-09-14T16:00:00","25.69","-132.66",,,"1","4","2","5",,,"11",,,,,,,,,"10179",,,"8",,,,,"9","231",,,,,,,,,,,,,"236","52","798","172","7","1","2","2","1FFF1F","1AAAA1AAA1AAAA","4",,,,,,,
"4600623","2017-09-14T16:00:00","21.32","-137.47",,,"1","3","2","5",,,"11",,,,,,,,,,,,,,,,,,,,,,,,,,,,,,,"236","17","798","172","7","1","2","2","FFFFFF","1AAAAAAAAAAAAA","4",,,,,,,
"4600770","2017-09-14T16:00:00","24.04","-134.09",,,"1","4","2","5",,,"11",,,,,,,,,"10166",,,"8",,,,,"9","236",,,,,,,,,,,,,"236","44","798","172","7","1","2","2","1FFF1F","1AAAA1AAA1AAAA","4",,,,,,,
"4601544","2017-09-14T16:00:00","20.24","-136.17",,,"1","4","2","5",,,"11",,,,,,,,,,,,"8",,,,,"9","252",,,,,,,,,,,,,"236","6","798","172","7","0",,"2","1FFFFF","1AAAAAAAA1AAAA","4",,,,,,,
"2200638","2017-09-14T16:01:00","24.99","-138.09",,,"1","4","2","5",,,"11",,,,,,,,,,,,"8",,,,,"9","244",,,,,,,,,,,,,"236","48","798","172","7","0",,"2","1FFFFF","1AAAAAAAA1AAAA","4",,,,,,,
"4601544","2017-09-14T16:30:00","20.24","-136.17",,,"1","4","2","5",,,"11",,,,,,,,,,,,"8",,,,,"9","252",,,,,,,,,,,,,"236","6","798","172","7","0",,"2","1FFFFF","1AAAAAAAA1AAAA","4",,,,,,,
"2100530","2017-09-14T17:00:00","25.69","-132.66",,,"1","4","2","5",,,"11",,,,,,,,,"10182",,,"8",,,,,"9","231",,,,,,,,,,,,,"236","52","798","172","7","1","2","2","1FFF1F","1AAAA1AAA1AAAA","4",,,,,,,
"4600623","2017-09-14T17:00:00","21.31","-137.46",,,"1","3","2","5",,,"11",,,,,,,,,,,,,,,,,,,,,,,,,,,,,,,"236","17","798","172","7","1","2","2","FFFFFF","1AAAAAAAAAAAAA","4",,,,,,,
"4600770","2017-09-14T17:00:00","24.04","-134.09",,,"1","4","2","5",,,"11",,,,,,,,,"10169",,,"8",,,,,"9","236",,,,,,,,,,,,,"236","44","798","172","7","1","2","2","1FFF1F","1AAAA1AAA1AAAA","4",,,,,,,
"4601544","2017-09-14T17:00:00","20.24","-136.17",,,"1","4","2","5",,,"11",,,,,,,,,,,,"8",,,,,"9","252",,,,,,,,,,,,,"236","6","798","172","7","0",,"2","1FFFFF","1AAAAAAAA1AAAA","4",,,,,,,
"2200638","2017-09-14T17:01:00","24.99","-138.09",,,"1","4","2","5",,,"11",,,,,,,,,,,,"8",,,,,"9","244",,,,,,,,,,,,,"236","48","798","172","7","0",,"2","1FFFFF","1AAAAAAAA1AAAA","4",,,,,,,
"4601544","2017-09-14T17:30:00","20.24","-136.17",,,"1","4","2","5",,,"11",,,,,,,,,,,,"8",,,,,"9","252",,,,,,,,,,,,,"236","6","798","172","7","0",,"2","1FFFFF","1AAAAAAAA1AAAA","4",,,,,,,
"2100530","2017-09-14T18:00:00","25.69","-132.67",,,"1","4","2","5",,,"11",,,,,,,,,"10186",,,"8",,,,,"9","231",,,,,,,,,,,,,"236","52","798","172","7","1","2","2","1FFF1F","1AAAA1AAA1AAAA","4",,,,,,,
"4600623","2017-09-14T18:00:00","21.30","-137.47",,,"1","3","2","5",,,"11",,,,,,,,,,,,,,,,,,,,,,,,,,,,,,,"236","17","798","172","7","1","2","2","FFFFFF","1AAAAAAAAAAAAA","4",,,,,,,
"4600770","2017-09-14T18:00:00","24.03","-134.10",,,"1","4","2","5",,,"11",,,,,,,,,"10174",,,"8",,,,,"9","236",,,,,,,,,,,,,"236","44","798","172","7","1","2","2","1FFF1F","1AAAA1AAA1AAAA","4",,,,,,,
"4601544","2017-09-14T18:00:00","20.24","-136.17",,,"1","4","2","5",,,"11",,,,,,,,,,,,"8",,,,,"9","252",,,,,,,,,,,,,"236","6","798","172","7","0",,"2","1FFFFF","1AAAAAAAA1AAAA","4",,,,,,,
"2200638","2017-09-14T18:01:00","24.98","-138.10",,,"1","4","2","5",,,"11",,,,,,,,,,,,"8",,,,,"9","244",,,,,,,,,,,,,"236","48","798","172","7","0",,"2","1FFFFF","1AAAAAAAA1AAAA","4",,,,,,,
"4601544","2017-09-14T18:30:00","20.24","-136.18",,,"1","4","2","5",,,"11",,,,,,,,,,,,"8",,,,,"9","252",,,,,,,,,,,,,"236","6","798","172","7","0",,"2","1FFFFF","1AAAAAAAA1AAAA","4",,,,,,,
"2100530","2017-09-14T19:00:00","25.68","-132.68",,,"1","4","2","5",,,"11",,,,,,,,,"10186",,,"8",,,,,"9","232",,,,,,,,,,,,,"236","52","798","172","7","1","2","2","1FFF1F","1AAAA1AAA1AAAA","4",,,,,,,
"4600623","2017-09-14T19:00:00","21.30","-137.47",,,"1","3","2","5",,,"11",,,,,,,,,,,,,,,,,,,,,,,,,,,,,,,"236","17","798","172","7","1","2","2","FFFFFF","1AAAAAAAAAAAAA","4",,,,,,,
"4600770","2017-09-14T19:00:00","24.02","-134.11",,,"1","4","2","5",,,"11",,,,,,,,,"10173",,,"8",,,,,"9","237",,,,,,,,,,,,,"236","44","798","172","7","1","2","2","1FFF1F","1AAAA1AAA1AAAA","4",,,,,,,
"4601544","2017-09-14T19:00:00","20.24","-136.18",,,"1","4","2","5",,,"11",,,,,,,,,,,,"8",,,,,"9","252",,,,,,,,,,,,,"236","6","798","172","7","0",,"2","1FFFFF","1AAAAAAAA1AAAA","4",,,,,,,
"2200638","2017-09-14T19:01:00","24.97","-138.10",,,"1","4","2","5",,,"11",,,,,,,,,,,,"8",,,,,"9","244",,,,,,,,,,,,,"236","48","798","172","7","0",,"2","1FFFFF","1AAAAAAAA1AAAA","4",,,,,,,
"4601544","2017-09-14T19:30:00","20.24","-136.18",,,"1","4","2","5",,,"11",,,,,,,,,,,,"8",,,,,"9","252",,,,,,,,,,,,,"236","6","798","172","7","0",,"2","1FFFFF","1AAAAAAAA1AAAA","4",,,,,,,
"2100530","2017-09-14T20:00:00","25.68","-132.68",,,"1","4","2","5",,,"11",,,,,,,,,"10182",,,"8",,,,,"9","233",,,,,,,,,,,,,"236","52","798","172","7","1","2","2","1FFF1F","1AAAA1AAA1AAAA","4",,,,,,,
"4600623","2017-09-14T20:00:00","21.29","-137.47",,,"1","3","2","5",,,"11",,,,,,,,,,,,,,,,,,,,,,,,,,,,,,,"236","17","798","172","7","1","2","2","FFFFFF","1AAAAAAAAAAAAA","4",,,,,,,
"4600770","2017-09-14T20:00:00","24.02","-134.11",,,"1","4","2","5",,,"11",,,,,,,,,"10172",,,"8",,,,,"9","238",,,,,,,,,,,,,"236","44","798","172","7","1","2","2","1FFF1F","1AAAA1AAA1AAAA","4",,,,,,,
"4601544","2017-09-14T20:00:00","20.24","-136.18",,,"1","4","2","5",,,"11",,,,,,,,,,,,"8",,,,,"9","253",,,,,,,,,,,,,"236","6","798","172","7","0",,"2","1FFFFF","1AAAAAAAA1AAAA","4",,,,,,,
"2200638","2017-09-14T20:01:00","24.97","-138.11",,,"1","4","2","5",,,"11",,,,,,,,,,,,"8",,,,,"9","244",,,,,,,,,,,,,"236","48","798","172","7","0",,"2","1FFFFF","1AAAAAAAA1AAAA","4",,,,,,,
"2100530","2017-09-14T21:00:00","25.68","-132.68",,,"1","4","2","5",,,"11",,,,,,,,,"10177",,,"8",,,,,"9","234",,,,,,,,,,,,,"236","52","798","172","7","1","2","2","1FFF1F","1AAAA1AAA1AAAA","4",,,,,,,
"4600623","2017-09-14T21:00:00","21.29","-137.47",,,"1","3","2","5",,,"11",,,,,,,,,,,,,,,,,,,,,,,,,,,,,,,"236","17","798","172","7","1","2","2","FFFFFF","1AAAAAAAAAAAAA","4",,,,,,,
"4600770","2017-09-14T21:00:00","24.02","-134.11",,,"1","4","2","5",,,"11",,,,,,,,,"10167",,,"8",,,,,"9","238",,,,,,,,,,,,,"236","44","798","172","7","1","2","2","1FFF1F","1AAAA1AAA1AAAA","4",,,,,,,
"2200638","2017-09-14T21:01:00","24.96","-138.12",,,"1","4","2","5",,,"11",,,,,,,,,,,,"8",,,,,"9","245",,,,,,,,,,,,,"236","48","798","172","7","0",,"2","1FFFFF","1AAAAAAAA1AAAA","4",,,,,,,
"4601544","2017-09-14T21:02:00","20.25","-136.18",,,"1","4","2","5",,,"11",,,,,,,,,,,,"8",,,,,"9","253",,,,,,,,,,,,,"236","6","798","172","7","0",,"2","1FFFFF","1AAAAAAAA1AAAA","4",,,,,,,
"4601544","2017-09-14T21:30:00","20.25","-136.19",,,"1","4","2","5",,,"11",,,,,,,,,,,,"8",,,,,"9","253",,,,,,,,,,,,,"236","6","798","172","7","0",,"2","1FFFFF","1AAAAAAAA1AAAA","4",,,,,,,
"2100530","2017-09-14T22:00:00","25.65","-132.71",,,"1","4","2","5",,,"11",,,,,,,,,"10171",,,"8",,,,,"9","235",,,,,,,,,,,,,"236","52","798","172","7","1","2","2","1FFF1F","1AAAA1AAA1AAAA","4",,,,,,,
"4600623","2017-09-14T22:00:00","21.29","-137.47",,,"1","3","2","5",,,"11",,,,,,,,,,,,,,,,,,,,,,,,,,,,,,,"236","17","798","172","7","1","2","2","FFFFFF","1AAAAAAAAAAAAA","4",,,,,,,
"4600770","2017-09-14T22:00:00","24.00","-134.17",,,"1","4","2","5",,,"11",,,,,,,,,"10160",,,"8",,,,,"9","239",,,,,,,,,,,,,"236","44","798","172","7","1","2","2","1FFF1F","1AAAA1AAA1AAAA","4",,,,,,,
"4601544","2017-09-14T22:00:00","20.25","-136.19",,,"1","4","2","5",,,"11",,,,,,,,,,,,"8",,,,,"9","253",,,,,,,,,,,,,"236","6","798","172","7","0",,"2","1FFFFF","1AAAAAAAA1AAAA","4",,,,,,,
"2200638","2017-09-14T22:01:00","24.95","-138.13",,,"1","4","2","5",,,"11",,,,,,,,,,,,"8",,,,,"9","244",,,,,,,,,,,,,"236","48","798","172","7","0",,"2","1FFFFF","1AAAAAAAA1AAAA","4",,,,,,,
"4601544","2017-09-14T22:30:00","20.25","-136.19",,,"1","4","2","5",,,"11",,,,,,,,,,,,"8",,,,,"9","254",,,,,,,,,,,,,"236","6","798","172","7","0",,"2","1FFFFF","1AAAAAAAA1AAAA","4",,,,,,,
"2100530","2017-09-14T23:00:00","25.65","-132.71",,,"1","4","2","5",,,"11",,,,,,,,,"10168",,,"8",,,,,"9","235",,,,,,,,,,,,,"236","52","798","172","7","1","2","2","1FFF1F","1AAAA1AAA1AAAA","4",,,,,,,
"4600623","2017-09-14T23:00:00","21.27","-137.48",,,"1","3","2","5",,,"11",,,,,,,,,,,,,,,,,,,,,,,,,,,,,,,"236","17","798","172","7","1","2","2","FFFFFF","1AAAAAAAAAAAAA","4",,,,,,,
"4600770","2017-09-14T23:00:00","24.02","-134.11",,,"1","4","2","5",,,"11",,,,,,,,,"10155",,,"8",,,,,"9","239",,,,,,,,,,,,,"236","44","798","172","7","1","2","2","1FFF1F","1AAAA1AAA1AAAA","4",,,,,,,
"2200638","2017-09-14T23:01:00","24.95","-138.14",,,"1","4","2","5",,,"11",,,,,,,,,,,,"8",,,,,"9","244",,,,,,,,,,,,,"236","48","798","172","7","0",,"2","1FFFFF","1AAAAAAAA1AAAA","4",,,,,,,
"4601544","2017-09-14T23:32:00","20.25","-136.20",,,"1","4","2","5",,,"11",,,,,,,,,,,,"8",,,,,"9","254",,,,,,,,,,,,,"236","6","798","172","7","0",,"2","1FFFFF","1AAAAAAAA1AAAA","4",,,,,,,
"2100530","2017-09-15T00:00:00","25.65","-132.71",,,"1","4","2","5",,,"11",,,,,,,,,"10164",,,"8",,,,,"9","235",,,,,,,,,,,,,"236","52","798","172","7","1","2","2","1FFF1F","1AAAA1AAA1AAAA","4",,,,,,,
"4600623","2017-09-15T00:00:00","21.27","-137.48",,,"1","3","2","5",,,"11",,,,,,,,,,,,,,,,,,,,,,,,,,,,,,,"236","17","798","172","7","1","2","2","FFFFFF","1AAAAAAAAAAAAA","4",,,,,,,
"4600770","2017-09-15T00:00:00","24.00","-134.17",,,"1","4","2","5",,,"11",,,,,,,,,"10152",,,"8",,,,,"9","239",,,,,,,,,,,,,"236","44","798","172","7","1","2","2","1FFF1F","1AAAA1AAA1AAAA","4",,,,,,,
"4601544","2017-09-15T00:00:00","20.25","-136.20",,,"1","4","2","5",,,"11",,,,,,,,,,,,"8",,,,,"9","254",,,,,,,,,,,,,"236","6","798","172","7","0",,"2","1FFFFF","1AAAAAAAA1AAAA","4",,,,,,,
"2200638","2017-09-15T00:01:00","24.95","-138.14",,,"1","4","2","5",,,"11",,,,,,,,,,,,"8",,,,,"9","245",,,,,,,,,,,,,"236","48","798","172","7","0",,"2","1FFFFF","1AAAAAAAA1AAAA","4",,,,,,,
"4601544","2017-09-15T00:30:00","20.25","-136.20",,,"1","4","2","5",,,"11",,,,,,,,,,,,"8",,,,,"9","254",,,,,,,,,,,,,"236","6","798","172","7","0",,"2","1FFFFF","1AAAAAAAA1AAAA","4",,,,,,,
"2100530","2017-09-15T01:00:00","25.65","-132.72",,,"1","4","2","5",,,"11",,,,,,,,,"10164",,,"8",,,,,"9","235",,,,,,,,,,,,,"236","52","798","172","7","1","2","2","1FFF1F","1AAAA1AAA1AAAA","4",,,,,,,
"4600059","2017-09-15T01:00:00","27.40","-136.30",,,"1","3","2","5",,,"11","0","50","1","70",,,,,"10172","6","6",,,,,,,,,,,,,,,,,,,,"236","76","798","172","6","1","2","2","FF11FF","11AAAAAAAAAAAA",,,"6",,,,,"4"
"4600623","2017-09-15T01:00:00","21.27","-137.48",,,"1","3","2","5",,,"11",,,,,,,,,,,,,,,,,,,,,,,,,,,,,,,"236","17","798","172","7","1","2","2","FFFFFF","1AAAAAAAAAAAAA","4",,,,,,,
"4600770","2017-09-15T01:00:00","24.00","-134.20",,,"1","4","2","5",,,"11",,,,,,,,,"10152",,,"8",,,,,"9","239",,,,,,,,,,,,,"236","44","798","172","7","1","2","2","1FFF1F","1AAAA1AAA1AAAA","4",,,,,,,
"2200638","2017-09-15T01:01:00","24.93","-138.16",,,"1","4","2","5",,,"11",,,,,,,,,,,,"8",,,,,"9","245",,,,,,,,,,,,,"236","48","798","172","7","0",,"2","1FFFFF","1AAAAAAAA1AAAA","4",,,,,,,
"4601544","2017-09-15T01:32:00","20.25","-136.20",,,"1","4","2","5",,,"11",,,,,,,,,,,,"8",,,,,"9","253",,,,,,,,,,,,,"236","6","798","172","7","0",,"2","1FFFFF","1AAAAAAAA1AAAA","4",,,,,,,
"2100530","2017-09-15T02:00:00","25.64","-132.73",,,"1","4","2","5",,,"11",,,,,,,,,"10167",,,"8",,,,,"9","235",,,,,,,,,,,,,"236","52","798","172","7","1","2","2","1FFF1F","1AAAA1AAA1AAAA","4",,,,,,,
"4600623","2017-09-15T02:00:00","21.26","-137.49",,,"1","3","2","5",,,"11",,,,,,,,,,,,,,,,,,,,,,,,,,,,,,,"236","17","798","172","7","1","2","2","FFFFFF","1AAAAAAAAAAAAA","4",,,,,,,
"4600770","2017-09-15T02:00:00","23.99","-134.23",,,"1","4","2","5",,,"11",,,,,,,,,"10157",,,"8",,,,,"9","239",,,,,,,,,,,,,"236","34","798","172","7","1","2","2","1FFF1F","1AAAA1AAA1AAAA","4",,,,,,,
"4601544","2017-09-15T02:00:00","20.25","-136.20",,,"1","4","2","5",,,"11",,,,,,,,,,,,"8",,,,,"9","253",,,,,,,,,,,,,"236","6","798","172","7","0",,"2","1FFFFF","1AAAAAAAA1AAAA","4",,,,,,,
"2200638","2017-09-15T02:01:00","24.93","-138.17",,,"1","4","2","5",,,"11",,,,,,,,,,,,"8",,,,,"9","245",,,,,,,,,,,,,"236","48","798","172","7","0",,"2","1FFFFF","1AAAAAAAA1AAAA","4",,,,,,,
"4601544","2017-09-15T02:30:00","20.25","-136.20",,,"1","4","2","5",,,"11",,,,,,,,,,,,"8",,,,,"9","253",,,,,,,,,,,,,"236","6","798","172","7","0",,"2","1FFFFF","1AAAAAAAA1AAAA","4",,,,,,,
"2100530","2017-09-15T03:00:00","25.64","-132.74",,,"1","4","2","5",,,"11",,,,,,,,,"10172",,,"8",,,,,"9","234",,,,,,,,,,,,,"236","52","798","172","7","1","2","1","1FFF1F","1AAAA1AAA1AAAA","4",,,,,,,
"4600623","2017-09-15T03:00:00","21.26","-137.48",,,"1","3","2","5",,,"11",,,,,,,,,,,,,,,,,,,,,,,,,,,,,,,"236","17","798","172","7","1","2","2","FFFFFF","1AAAAAAAAAAAAA","4",,,,,,,
"4600770","2017-09-15T03:00:00","23.99","-134.23",,,"1","4","2","5",,,"11",,,,,,,,,"10163",,,"8",,,,,"9","238",,,,,,,,,,,,,"236","34","798","172","7","1","2","2","1FFF1F","1AAAA1AAA1AAAA","4",,,,,,,
"4601544","2017-09-15T03:00:00","20.25","-136.20",,,"1","4","2","5",,,"11",,,,,,,,,,,,"8",,,,,"9","253",,,,,,,,,,,,,"236","6","798","172","7","0",,"2","1FFFFF","1AAAAAAAA1AAAA","4",,,,,,,
"2200638","2017-09-15T03:01:00","24.92","-138.18",,,"1","4","2","5",,,"11",,,,,,,,,,,,"8",,,,,"9","245",,,,,,,,,,,,,"236","48","798","172","7","0",,"2","1FFFFF","1AAAAAAAA1AAAA","4",,,,,,,
"4601544","2017-09-15T03:30:00","20.25","-136.20",,,"1","4","2","5",,,"11",,,,,,,,,,,,"8",,,,,"9","253",,,,,,,,,,,,,"236","6","798","172","7","0",,"1","1FFFFF","1AAAAAAAA1AAAA","4",,,,,,,
"2100530","2017-09-15T04:00:00","25.63","-132.74",,,"1","4","2","5",,,"11",,,,,,,,,"10179",,,"8",,,,,"9","233",,,,,,,,,,,,,"236","52","798","172","7","1","2","1","1FFF1F","1AAAA1AAA1AAAA","4",,,,,,,
"4600623","2017-09-15T04:00:00","21.25","-137.49",,,"1","3","2","5",,,"11",,,,,,,,,,,,,,,,,,,,,,,,,,,,,,,"236","17","798","172","7","1","2","1","FFFFFF","1AAAAAAAAAAAAA","4",,,,,,,
"4600770","2017-09-15T04:00:00","23.99","-134.23",,,"1","4","2","5",,,"11",,,,,,,,,"10168",,,"8",,,,,"9","238",,,,,,,,,,,,,"236","34","798","172","7","1","2","1","1FFF1F","1AAAA1AAA1AAAA","4",,,,,,,
"4601544","2017-09-15T04:00:00","20.26","-136.20",,,"1","4","2","5",,,"11",,,,,,,,,,,,"8",,,,,"9","253",,,,,,,,,,,,,"236","6","798","172","7","0",,"1","1FFFFF","1AAAAAAAA1AAAA","4",,,,,,,
"2200638","2017-09-15T04:01:00","24.92","-138.19",,,"1","4","2","5",,,"11",,,,,,,,,,,,"8",,,,,"9","245",,,,,,,,,,,,,"236","48","798","172","7","0",,"1","1FFFFF","1AAAAAAAA1AAAA","4",,,,,,,
"4601544","2017-09-15T04:30:00","20.26","-136.20",,,"1","4","2","5",,,"11",,,,,,,,,,,,"8",,,,,"9","252",,,,,,,,,,,,,"236","6","798","172","7","0",,"1","1FFFFF","1AAAAAAAA1AAAA","4",,,,,,,
"2100530","2017-09-15T05:00:00","25.63","-132.75",,,"1","4","2","5",,,"11",,,,,,,,,"10188",,,"8",,,,,"9","233",,,,,,,,,,,,,"236","52","798","172","7","1","2","1","1FFF1F","1AAAA1AAA1AAAA","4",,,,,,,
"4600623","2017-09-15T05:00:00","21.25","-137.49",,,"1","3","2","5",,,"11",,,,,,,,,,,,,,,,,,,,,,,,,,,,,,,"236","17","798","172","7","1","2","1","FFFFFF","1AAAAAAAAAAAAA","4",,,,,,,
"4600770","2017-09-15T05:00:00","23.99","-134.26",,,"1","4","2","5",,,"11",,,,,,,,,"10175",,,"8",,,,,"9","238",,,,,,,,,,,,,"236","34","798","172","7","1","2","1","1FFF1F","1AAAA1AAA1AAAA","4",,,,,,,
"4601544","2017-09-15T05:00:00","20.26","-136.20",,,"1","4","2","5",,,"11",,,,,,,,,,,,"8",,,,,"9","252",,,,,,,,,,,,,"236","6","798","172","7","0",,"1","1FFFFF","1AAAAAAAA1AAAA","4",,,,,,,
"2200638","2017-09-15T05:01:00","24.91","-138.20",,,"1","4","2","5",,,"11",,,,,,,,,,,,"8",,,,,"9","245",,,,,,,,,,,,,"236","48","798","172","7","0",,"1","1FFFFF","1AAAAAAAA1AAAA","4",,,,,,,
"4601544","2017-09-15T05:30:00","20.26","-136.20",,,"1","4","2","5",,,"11",,,,,,,,,,,,"8",,,,,"9","252",,,,,,,,,,,,,"236","6","798","172","7","0",,"1","1FFFFF","1AAAAAAAA1AAAA","4",,,,,,,
"2100530","2017-09-15T06:00:00","25.62","-132.75",,,"1","4","2","5",,,"11",,,,,,,,,"10191",,,"8",,,,,"9","232",,,,,,,,,,,,,"236","52","798","172","7","1","2","1","1FFF1F","1AAAA1AAA1AAAA","4",,,,,,,
"4600623","2017-09-15T06:00:00","21.24","-137.49",,,"1","3","2","5",,,"11",,,,,,,,,,,,,,,,,,,,,,,,,,,,,,,"236","17","798","172","7","1","2","1","FFFFFF","1AAAAAAAAAAAAA","4",,,,,,,
"4600770","2017-09-15T06:00:00","23.98","-134.26",,,"1","4","2","5",,,"11",,,,,,,,,"10178",,,"8",,,,,"9","238",,,,,,,,,,,,,"236","34","798","172","7","1","2","1","1FFF1F","1AAAA1AAA1AAAA","4",,,,,,,
"4601544","2017-09-15T06:00:00","20.26","-136.19",,,"1","4","2","5",,,"11",,,,,,,,,,,,"8",,,,,"9","252",,,,,,,,,,,,,"236","6","798","172","7","0",,"1","1FFFFF","1AAAAAAAA1AAAA","4",,,,,,,
"WGEB","2017-09-15T06:00:00","29.00","-133.50",,,"1","5","2","5","6","5","1",,"50","3","72","1","98","2","2","10210","2","20","8","222",,"183","158",,,"8","8","A","A","A","A",,"3","2","1","8","3","236","93","798","172","5","1","2","1","F11111","111111111A1111",,"5",,"2",,,,
"2200638","2017-09-15T06:01:00","24.91","-138.22",,,"1","4","2","5",,,"11",,,,,,,,,,,,"8",,,,,"9","245",,,,,,,,,,,,,"236","48","798","172","7","0",,"1","1FFFFF","1AAAAAAAA1AAAA","4",,,,,,,
"4601544","2017-09-15T06:30:00","20.25","-136.19",,,"1","4","2","5",,,"11",,,,,,,,,,,,"8",,,,,"9","252",,,,,,,,,,,,,"236","6","798","172","7","0",,"1","1FFFFF","1AAAAAAAA1AAAA","4",,,,,,,
"2100530","2017-09-15T07:00:00","25.62","-132.77",,,"1","4","2","5",,,"11",,,,,,,,,"10190",,,"8",,,,,"9","233",,,,,,,,,,,,,"236","52","798","172","7","1","2","1","1FFF1F","1AAAA1AAA1AAAA","4",,,,,,,
"4600623","2017-09-15T07:00:00","21.24","-137.50",,,"1","3","2","5",,,"11",,,,,,,,,,,,,,,,,,,,,,,,,,,,,,,"236","17","798","172","7","1","2","1","FFFFFF","1AAAAAAAAAAAAA","4",,,,,,,
"4600770","2017-09-15T07:00:00","23.98","-134.27",,,"1","4","2","5",,,"11",,,,,,,,,"10180",,,"8",,,,,"9","238",,,,,,,,,,,,,"236","34","798","172","7","1","2","1","1FFF1F","1AAAA1AAA1AAAA","4",,,,,,,
"4601544","2017-09-15T07:00:00","20.25","-136.19",,,"1","4","2","5",,,"11",,,,,,,,,,,,"8",,,,,"9","252",,,,,,,,,,,,,"236","6","798","172","7","0",,"1","1FFFFF","1AAAAAAAA1AAAA","4",,,,,,,
"2200638","2017-09-15T07:01:00","24.91","-138.23",,,"1","4","2","5",,,"11",,,,,,,,,,,,"8",,,,,"9","245",,,,,,,,,,,,,"236","48","798","172","7","0",,"1","1FFFFF","1AAAAAAAA1AAAA","4",,,,,,,
"4601544","2017-09-15T07:30:00","20.25","-136.19",,,"1","4","2","5",,,"11",,,,,,,,,,,,"8",,,,,"9","252",,,,,,,,,,,,,"236","6","798","172","7","0",,"1","1FFFFF","1AAAAAAAA1AAAA","4",,,,,,,
"2100530","2017-09-15T08:00:00","25.61","-132.78",,,"1","4","2","5",,,"11",,,,,,,,,"10189",,,"8",,,,,"9","233",,,,,,,,,,,,,"236","52","798","172","7","1","2","1","1FFF1F","1AAAA1AAA1AAAA","4",,,,,,,
"4600623","2017-09-15T08:00:00","21.22","-137.51",,,"1","3","2","5",,,"11",,,,,,,,,,,,,,,,,,,,,,,,,,,,,,,"236","17","798","172","7","1","2","1","FFFFFF","1AAAAAAAAAAAAA","4",,,,,,,
"4600770","2017-09-15T08:00:00","23.97","-134.28",,,"1","4","2","5",,,"11",,,,,,,,,"10180",,,"8",,,,,"9","238",,,,,,,,,,,,,"236","34","798","172","7","1","2","1","1FFF1F","1AAAA1AAA1AAAA","4",,,,,,,
"4601544","2017-09-15T08:00:00","20.25","-136.19",,,"1","4","2","5",,,"11",,,,,,,,,,,,"8",,,,,"9","252",,,,,,,,,,,,,"236","6","798","172","7","0",,"1","1FFFFF","1AAAAAAAA1AAAA","4",,,,,,,
"2200638","2017-09-15T08:01:00","24.91","-138.25",,,"1","4","2","5",,,"11",,,,,,,,,,,,"8",,,,,"9","244",,,,,,,,,,,,,"236","48","798","172","7","0",,"1","1FFFFF","1AAAAAAAA1AAAA","4",,,,,,,
"4601544","2017-09-15T08:30:00","20.25","-136.19",,,"1","4","2","5",,,"11",,,,,,,,,,,,"8",,,,,"9","252",,,,,,,,,,,,,"236","6","798","172","7","0",,"1","1FFFFF","1AAAAAAAA1AAAA","4",,,,,,,
"2100530","2017-09-15T09:00:00","25.61","-132.78",,,"1","4","2","5",,,"11",,,,,,,,,"10188",,,"8",,,,,"9","232",,,,,,,,,,,,,"236","52","798","172","7","1","2","1","1FFF1F","1AAAA1AAA1AAAA","4",,,,,,,
"4600623","2017-09-15T09:00:00","21.22","-137.51",,,"1","3","2","5",,,"11",,,,,,,,,,,,,,,,,,,,,,,,,,,,,,,"236","17","798","172","7","1","2","1","FFFFFF","1AAAAAAAAAAAAA","4",,,,,,,
"4600770","2017-09-15T09:00:00","23.97","-134.28",,,"1","4","2","5",,,"11",,,,,,,,,"10177",,,"8",,,,,"9","238",,,,,,,,,,,,,"236","34","798","172","7","1","2","1","1FFF1F","1AAAA1AAA1AAAA","4",,,,,,,
"4601544","2017-09-15T09:00:00","20.24","-136.19",,,"1","4","2","5",,,"11",,,,,,,,,,,,"8",,,,,"9","252",,,,,,,,,,,,,"236","6","798","172","7","0",,"1","1FFFFF","1AAAAAAAA1AAAA","4",,,,,,,
"2200638","2017-09-15T09:01:00","24.91","-138.26",,,"1","4","2","5",,,"11",,,,,,,,,,,,"8",,,,,"9","244",,,,,,,,,,,,,"236","48","798","172","7","0",,"1","1FFFFF","1AAAAAAAA1AAAA","4",,,,,,,
"4601544","2017-09-15T09:30:00","20.24","-136.19",,,"1","4","2","5",,,"11",,,,,,,,,,,,"8",,,,,"9","252",,,,,,,,,,,,,"236","6","798","172","7","0",,"1","1FFFFF","1AAAAAAAA1AAAA","4",,,,,,,
"2100530","2017-09-15T10:00:00","25.61","-132.78",,,"1","4","2","5",,,"11",,,,,,,,,"10185",,,"8",,,,,"9","232",,,,,,,,,,,,,"236","52","798","172","7","1","2","1","1FFF1F","1AAAA1AAA1AAAA","4",,,,,,,
"4600623","2017-09-15T10:00:00","21.21","-137.51",,,"1","3","2","5",,,"11",,,,,,,,,,,,,,,,,,,,,,,,,,,,,,,"236","17","798","172","7","1","2","1","FFFFFF","1AAAAAAAAAAAAA","4",,,,,,,
"4600770","2017-09-15T10:00:00","23.97","-134.28",,,"1","4","2","5",,,"11",,,,,,,,,"10175",,,"8",,,,,"9","238",,,,,,,,,,,,,"236","34","798","172","7","1","2","1","1FFF1F","1AAAA1AAA1AAAA","4",,,,,,,
"4601544","2017-09-15T10:00:00","20.24","-136.19",,,"1","4","2","5",,,"11",,,,,,,,,,,,"8",,,,,"9","252",,,,,,,,,,,,,"236","6","798","172","7","0",,"1","1FFFFF","1AAAAAAAA1AAAA","4",,,,,,,
"2200638","2017-09-15T10:01:00","24.91","-138.27",,,"1","4","2","5",,,"11",,,,,,,,,,,,"8",,,,,"9","244",,,,,,,,,,,,,"236","48","798","172","7","0",,"1","1FFFFF","1AAAAAAAA1AAAA","4",,,,,,,
"4601544","2017-09-15T10:30:00","20.24","-136.20",,,"1","4","2","5",,,"11",,,,,,,,,,,,"8",,,,,"9","252",,,,,,,,,,,,,"236","6","798","172","7","0",,"1","1FFFFF","1AAAAAAAA1AAAA","4",,,,,,,
"2100530","2017-09-15T11:00:00","25.61","-132.78",,,"1","4","2","5",,,"11",,,,,,,,,"10181",,,"8",,,,,"9","232",,,,,,,,,,,,,"236","52","798","172","7","1","2","1","1FFF1F","1AAAA1AAA1AAAA","4",,,,,,,
"4600623","2017-09-15T11:00:00","21.22","-137.51",,,"1","3","2","5",,,"11",,,,,,,,,,,,,,,,,,,,,,,,,,,,,,,"236","17","798","172","7","1","2","1","FFFFFF","1AAAAAAAAAAAAA","4",,,,,,,
"4600770","2017-09-15T11:00:00","23.97","-134.28",,,"1","4","2","5",,,"11",,,,,,,,,"10169",,,"8",,,,,"9","238",,,,,,,,,,,,,"236","34","798","172","7","1","2","1","1FFF1F","1AAAA1AAA1AAAA","4",,,,,,,
"2200638","2017-09-15T11:01:00","24.91","-138.28",,,"1","4","2","5",,,"11",,,,,,,,,,,,"8",,,,,"9","244",,,,,,,,,,,,,"236","48","798","172","7","0",,"1","1FFFFF","1AAAAAAAA1AAAA","4",,,,,,,
"4601544","2017-09-15T11:04:00","20.24","-136.20",,,"1","4","2","5",,,"11",,,,,,,,,,,,"8",,,,,"9","251",,,,,,,,,,,,,"236","6","798","172","7","0",,"1","1FFFFF","1AAAAAAAA1AAAA","4",,,,,,,
"4601544","2017-09-15T11:34:00","20.23","-136.20",,,"1","4","2","5",,,"11",,,,,,,,,,,,"8",,,,,"9","251",,,,,,,,,,,,,"236","6","798","172","7","0",,"1","1FFFFF","1AAAAAAAA1AAAA","4",,,,,,,
"2100530","2017-09-15T12:00:00","25.61","-132.78",,,"1","4","2","5",,,"11",,,,,,,,,"10178",,,"8",,,,,"9","232",,,,,,,,,,,,,"236","52","798","172","7","1","2","1","1FFF1F","1AAAA1AAA1AAAA","4",,,,,,,
"4600623","2017-09-15T12:00:00","21.21","-137.51",,,"1","3","2","5",,,"11",,,,,,,,,,,,,,,,,,,,,,,,,,,,,,,"236","17","798","172","7","1","2","1","FFFFFF","1AAAAAAAAAAAAA","4",,,,,,,
"4600770","2017-09-15T12:00:00","23.96","-134.32",,,"1","4","2","5",,,"11",,,,,,,,,"10166",,,"8",,,,,"9","238",,,,,,,,,,,,,"236","34","798","172","7","1","2","1","1FFF1F","1AAAA1AAA1AAAA","4",,,,,,,
"4601544","2017-09-15T12:00:00","20.23","-136.20",,,"1","4","2","5",,,"11",,,,,,,,,,,,"8",,,,,"9","251",,,,,,,,,,,,,"236","6","798","172","7","0",,"1","1FFFFF","1AAAAAAAA1AAAA","4",,,,,,,
"2200638","2017-09-15T12:01:00","24.91","-138.29",,,"1","4","2","5",,,"11",,,,,,,,,,,,"8",,,,,"9","244",,,,,,,,,,,,,"236","48","798","172","7","0",,"1","1FFFFF","1AAAAAAAA1AAAA","4",,,,,,,
"4601544","2017-09-15T12:30:00","20.23","-136.20",,,"1","4","2","5",,,"11",,,,,,,,,,,,"8",,,,,"9","251",,,,,,,,,,,,,"236","6","798","172","7","0",,"1","1FFFFF","1AAAAAAAA1AAAA","4",,,,,,,
"2100530","2017-09-15T13:00:00","25.61","-132.78",,,"1","4","2","5",,,"11",,,,,,,,,"10178",,,"8",,,,,"9","232",,,,,,,,,,,,,"236","52","798","172","7","1","2","1","1FFF1F","1AAAA1AAA1AAAA","4",,,,,,,
"4600623","2017-09-15T13:00:00","21.22","-137.51",,,"1","3","2","5",,,"11",,,,,,,,,,,,,,,,,,,,,,,,,,,,,,,"236","17","798","172","7","1","2","1","FFFFFF","1AAAAAAAAAAAAA","4",,,,,,,
"4600770","2017-09-15T13:00:00","23.96","-134.34",,,"1","4","2","5",,,"11",,,,,,,,,"10166",,,"8",,,,,"9","238",,,,,,,,,,,,,"236","34","798","172","7","1","2","1","1FFF1F","1AAAA1AAA1AAAA","4",,,,,,,
"4601544","2017-09-15T13:00:00","20.23","-136.21",,,"1","4","2","5",,,"11",,,,,,,,,,,,"8",,,,,"9","251",,,,,,,,,,,,,"236","6","798","172","7","0",,"1","1FFFFF","1AAAAAAAA1AAAA","4",,,,,,,
"2200638","2017-09-15T13:01:00","24.92","-138.30",,,"1","4","2","5",,,"11",,,,,,,,,,,,"8",,,,,"9","244",,,,,,,,,,,,,"236","48","798","172","7","0",,"1","1FFFFF","1AAAAAAAA1AAAA","4",,,,,,,
"4601544","2017-09-15T13:30:00","20.23","-136.21",,,"1","4","2","5",,,"11",,,,,,,,,,,,"8",,,,,"9","251",,,,,,,,,,,,,"236","6","798","172","7","0",,"1","1FFFFF","1AAAAAAAA1AAAA","4",,,,,,,
"2100530","2017-09-15T14:00:00","25.59","-132.82",,,"1","4","2","5",,,"11",,,,,,,,,"10183",,,"8",,,,,"9","232",,,,,,,,,,,,,"236","52","798","172","7","1","2","1","1FFF1F","1AAAA1AAA1AAAA","4",,,,,,,
"4600623","2017-09-15T14:00:00","21.21","-137.50",,,"1","3","2","5",,,"11",,,,,,,,,,,,,,,,,,,,,,,,,,,,,,,"236","17","798","172","7","1","2","1","FFFFFF","1AAAAAAAAAAAAA","4",,,,,,,
"4600770","2017-09-15T14:00:00","23.96","-134.35",,,"1","4","2","5",,,"11",,,,,,,,,"10169",,,"8",,,,,"9","238",,,,,,,,,,,,,"236","34","798","172","7","1","2","1","1FFF1F","1AAAA1AAA1AAAA","4",,,,,,,
"4601544","2017-09-15T14:00:00","20.23","-136.21",,,"1","4","2","5",,,"11",,,,,,,,,,,,"8",,,,,"9","251",,,,,,,,,,,,,"236","6","798","172","7","0",,"1","1FFFFF","1AAAAAAAA1AAAA","4",,,,,,,
"2200638","2017-09-15T14:01:00","24.92","-138.30",,,"1","4","2","5",,,"11",,,,,,,,,,,,"8",,,,,"9","244",,,,,,,,,,,,,"236","48","798","172","7","0",,"1","1FFFFF","1AAAAAAAA1AAAA","4",,,,,,,
"4601544","2017-09-15T14:30:00","20.23","-136.21",,,"1","4","2","5",,,"11",,,,,,,,,,,,"8",,,,,"9","251",,,,,,,,,,,,,"236","6","798","172","7","0",,"1","1FFFFF","1AAAAAAAA1AAAA","4",,,,,,,
"4600059","2017-09-15T14:50:00","27.30","-136.40",,,"1","4",,"0",,,"11","0","60","1","90",,,,,"10198",,,,,,,,,,,,,,,,,"5","2",,"14","2","236","76","793","103","6","1","2","1","FF11FF","11AAAAAAAAAAAA",,,"6",,,,,"4"
"2100530","2017-09-15T15:00:00","25.59","-132.82",,,"1","4","2","5",,,"11",,,,,,,,,"10188",,,"8",,,,,"9","232",,,,,,,,,,,,,"236","52","798","172","7","1","2","2","1FFF1F","1AAAA1AAA1AAAA","4",,,,,,,
"4600623","2017-09-15T15:00:00","21.20","-137.51",,,"1","3","2","5",,,"11",,,,,,,,,,,,,,,,,,,,,,,,,,,,,,,"236","17","798","172","7","1","2","1","FFFFFF","1AAAAAAAAAAAAA","4",,,,,,,
"4600770","2017-09-15T15:00:00","23.96","-134.35",,,"1","4","2","5",,,"11",,,,,,,,,"10175",,,"8",,,,,"9","238",,,,,,,,,,,,,"236","34","798","172","7","1","2","2","1FFF1F","1AAAA1AAA1AAAA","4",,,,,,,
"4601544","2017-09-15T15:00:00","20.23","-136.21",,,"1","4","2","5",,,"11",,,,,,,,,,,,"8",,,,,"9","251",,,,,,,,,,,,,"236","6","798","172","7","0",,"2","1FFFFF","1AAAAAAAA1AAAA","4",,,,,,,
"2200638","2017-09-15T15:01:00","24.92","-138.31",,,"1","4","2","5",,,"11",,,,,,,,,,,,"8",,,,,"9","244",,,,,,,,,,,,,"236","48","798","172","7","0",,"1","1FFFFF","1AAAAAAAA1AAAA","4",,,,,,,
"4601544","2017-09-15T15:30:00","20.23","-136.21",,,"1","4","2","5",,,"11",,,,,,,,,,,,"8",,,,,"9","251",,,,,,,,,,,,,"236","6","798","172","7","0",,"2","1FFFFF","1AAAAAAAA1AAAA","4",,,,,,,
"2100530","2017-09-15T16:00:00","25.57","-132.83",,,"1","4","2","5",,,"11",,,,,,,,,"10194",,,"8",,,,,"9","233",,,,,,,,,,,,,"236","52","798","172","7","1","2","2","1FFF1F","1AAAA1AAA1AAAA","4",,,,,,,
"4600623","2017-09-15T16:00:00","21.19","-137.52",,,"1","3","2","5",,,"11",,,,,,,,,,,,,,,,,,,,,,,,,,,,,,,"236","17","798","172","7","1","2","2","FFFFFF","1AAAAAAAAAAAAA","4",,,,,,,
"4600770","2017-09-15T16:00:00","23.95","-134.37",,,"1","4","2","5",,,"11",,,,,,,,,"10182",,,"8",,,,,"9","238",,,,,,,,,,,,,"236","34","798","172","7","1","2","2","1FFF1F","1AAAA1AAA1AAAA","4",,,,,,,
"4601544","2017-09-15T16:00:00","20.23","-136.21",,,"1","4","2","5",,,"11",,,,,,,,,,,,"8",,,,,"9","251",,,,,,,,,,,,,"236","6","798","172","7","0",,"2","1FFFFF","1AAAAAAAA1AAAA","4",,,,,,,
"2200638","2017-09-15T16:01:00","24.92","-138.32",,,"1","4","2","5",,,"11",,,,,,,,,,,,"8",,,,,"9","244",,,,,,,,,,,,,"236","48","798","172","7","0",,"2","1FFFFF","1AAAAAAAA1AAAA","4",,,,,,,
"4601544","2017-09-15T16:30:00","20.23","-136.21",,,"1","4","2","5",,,"11",,,,,,,,,,,,"8",,,,,"9","251",,,,,,,,,,,,,"236","6","798","172","7","0",,"2","1FFFFF","1AAAAAAAA1AAAA","4",,,,,,,
"2100530","2017-09-15T17:00:00","25.57","-132.83",,,"1","4","2","5",,,"11",,,,,,,,,"10197",,,"8",,,,,"9","233",,,,,,,,,,,,,"236","52","798","172","7","1","2","2","1FFF1F","1AAAA1AAA1AAAA","4",,,,,,,
"4600623","2017-09-15T17:00:00","21.20","-137.51",,,"1","3","2","5",,,"11",,,,,,,,,,,,,,,,,,,,,,,,,,,,,,,"236","17","798","172","7","1","2","2","FFFFFF","1AAAAAAAAAAAAA","4",,,,,,,
"4600770","2017-09-15T17:00:00","23.95","-134.37",,,"1","4","2","5",,,"11",,,,,,,,,"10186",,,"8",,,,,"9","238",,,,,,,,,,,,,"236","34","798","172","7","1","2","2","1FFF1F","1AAAA1AAA1AAAA","4",,,,,,,
"4601544","2017-09-15T17:00:00","20.23","-136.21",,,"1","4","2","5",,,"11",,,,,,,,,,,,"8",,,,,"9","251",,,,,,,,,,,,,"236","6","798","172","7","0",,"2","1FFFFF","1AAAAAAAA1AAAA","4",,,,,,,
"WDH6745","2017-09-15T17:00:00","28.70","-137.20",,,"1","6","2","5","6","5","1",,"60","4","67","1","98","2",,"10230",,,"8","222",,"188","167","1","252","8","9","7","2","A","A",,"5","2","2","12","3","236","87","798","172","5","1","2","2","111111","1111A11111311A",,"5",,,,,,
"2200638","2017-09-15T17:01:00","24.92","-138.33",,,"1","4","2","5",,,"11",,,,,,,,,,,,"8",,,,,"9","244",,,,,,,,,,,,,"236","48","798","172","7","0",,"2","1FFFFF","1AAAAAAAA1AAAA","4",,,,,,,
"4601544","2017-09-15T17:30:00","20.23","-136.21",,,"1","4","2","5",,,"11",,,,,,,,,,,,"8",,,,,"9","251",,,,,,,,,,,,,"236","6","798","172","7","0",,"2","1FFFFF","1AAAAAAAA1AAAA","4",,,,,,,
"2100530","2017-09-15T18:00:00","25.57","-132.83",,,"1","4","2","5",,,"11",,,,,,,,,"10200",,,"8",,,,,"9","233",,,,,,,,,,,,,"236","52","798","172","7","1","2","2","1FFF1F","1AAAA1AAA1AAAA","4",,,,,,,
"4600623","2017-09-15T18:00:00","21.20","-137.52",,,"1","3","2","5",,,"11",,,,,,,,,,,,,,,,,,,,,,,,,,,,,,,"236","17","798","172","7","1","2","2","FFFFFF","1AAAAAAAAAAAAA","4",,,,,,,
"4600770","2017-09-15T18:00:00","23.94","-134.39",,,"1","4","2","5",,,"11",,,,,,,,,"10191",,,"8",,,,,"9","237",,,,,,,,,,,,,"236","34","798","172","7","1","2","2","1FFF1F","1AAAA1AAA1AAAA","4",,,,,,,
"WGEB","2017-09-15T18:00:00","27.60","-138.30",,,"1","6","2","5","6","5","1",,"60","3","51","1","98","2","2","10228","1","18","8","250",,"211","190","7","232","8","8","7","4","A","A",,"3","2","5","8","2","236","78","798","172","5","1","2","2","111111","11111111111111",,"5",,"2",,,,
"2200638","2017-09-15T18:01:00","24.91","-138.34",,,"1","4","2","5",,,"11",,,,,,,,,,,,"8",,,,,"9","244",,,,,,,,,,,,,"236","48","798","172","7","0",,"2","1FFFFF","1AAAAAAAA1AAAA","4",,,,,,,
"4601544","2017-09-15T18:30:00","20.22","-136.21",,,"1","4","2","5",,,"11",,,,,,,,,,,,"8",,,,,"9","251",,,,,,,,,,,,,"236","6","798","172","7","0",,"2","1FFFFF","1AAAAAAAA1AAAA","4",,,,,,,
"2100530","2017-09-15T19:00:00","25.56","-132.84",,,"1","4","2","5",,,"11",,,,,,,,,"10200",,,"8",,,,,"9","233",,,,,,,,,,,,,"236","52","798","172","7","1","2","2","1FFF1F","1AAAA1AAA1AAAA","4",,,,,,,
"4600623","2017-09-15T19:00:00","21.20","-137.52",,,"1","3","2","5",,,"11",,,,,,,,,,,,,,,,,,,,,,,,,,,,,,,"236","17","798","172","7","1","2","2","FFFFFF","1AAAAAAAAAAAAA","4",,,,,,,
"4600770","2017-09-15T19:00:00","23.94","-134.39",,,"1","4","2","5",,,"11",,,,,,,,,"10189",,,"8",,,,,"9","237",,,,,,,,,,,,,"236","34","798","172","7","1","2","2","1FFF1F","1AAAA1AAA1AAAA","4",,,,,,,
"4601544","2017-09-15T19:00:00","20.22","-136.21",,,"1","4","2","5",,,"11",,,,,,,,,,,,"8",,,,,"9","252",,,,,,,,,,,,,"236","6","798","172","7","0",,"2","1FFFFF","1AAAAAAAA1AAAA","4",,,,,,,
"2200638","2017-09-15T19:01:00","24.91","-138.35",,,"1","4","2","5",,,"11",,,,,,,,,,,,"8",,,,,"9","245",,,,,,,,,,,,,"236","48","798","172","7","0",,"2","1FFFFF","1AAAAAAAA1AAAA","4",,,,,,,
"4601544","2017-09-15T19:30:00","20.22","-136.21",,,"1","4","2","5",,,"11",,,,,,,,,,,,"8",,,,,"9","252",,,,,,,,,,,,,"236","6","798","172","7","0",,"2","1FFFFF","1AAAAAAAA1AAAA","4",,,,,,,
"2100530","2017-09-15T20:00:00","25.56","-132.85",,,"1","4","2","5",,,"11",,,,,,,,,"10196",,,"8",,,,,"9","233",,,,,,,,,,,,,"236","52","798","172","7","1","2","2","1FFF1F","1AAAA1AAA1AAAA","4",,,,,,,
"4600623","2017-09-15T20:00:00","21.20","-137.53",,,"1","3","2","5",,,"11",,,,,,,,,,,,,,,,,,,,,,,,,,,,,,,"236","17","798","172","7","1","2","2","FFFFFF","1AAAAAAAAAAAAA","4",,,,,,,
"4600770","2017-09-15T20:00:00","23.95","-134.41",,,"1","4","2","5",,,"11",,,,,,,,,"10185",,,"8",,,,,"9","238",,,,,,,,,,,,,"236","34","798","172","7","1","2","2","1FFF1F","1AAAA1AAA1AAAA","4",,,,,,,
"4601544","2017-09-15T20:00:00","20.22","-136.22",,,"1","4","2","5",,,"11",,,,,,,,,,,,"8",,,,,"9","252",,,,,,,,,,,,,"236","6","798","172","7","0",,"2","1FFFFF","1AAAAAAAA1AAAA","4",,,,,,,
"2200638","2017-09-15T20:01:00","24.91","-138.36",,,"1","4","2","5",,,"11",,,,,,,,,,,,"8",,,,,"9","245",,,,,,,,,,,,,"236","48","798","172","7","0",,"2","1FFFFF","1AAAAAAAA1AAAA","4",,,,,,,
"4601544","2017-09-15T20:30:00","20.21","-136.22",,,"1","4","2","5",,,"11",,,,,,,,,,,,"8",,,,,"9","253",,,,,,,,,,,,,"236","6","798","172","7","0",,"2","1FFFFF","1AAAAAAAA1AAAA","4",,,,,,,
"2100530","2017-09-15T21:00:00","25.56","-132.85",,,"1","4","2","5",,,"11",,,,,,,,,"10192",,,"8",,,,,"9","233",,,,,,,,,,,,,"236","52","798","172","7","1","2","2","1FFF1F","1AAAA1AAA1AAAA","4",,,,,,,
"4600623","2017-09-15T21:00:00","21.20","-137.53",,,"1","3","2","5",,,"11",,,,,,,,,,,,,,,,,,,,,,,,,,,,,,,"236","17","798","172","7","1","2","2","FFFFFF","1AAAAAAAAAAAAA","4",,,,,,,
"4600770","2017-09-15T21:00:00","23.95","-134.41",,,"1","4","2","5",,,"11",,,,,,,,,"10178",,,"8",,,,,"9","237",,,,,,,,,,,,,"236","34","798","172","7","1","2","2","1FFF1F","1AAAA1AAA1AAAA","4",,,,,,,
"4601544","2017-09-15T21:00:00","20.21","-136.22",,,"1","4","2","5",,,"11",,,,,,,,,,,,"8",,,,,"9","253",,,,,,,,,,,,,"236","6","798","172","7","0",,"2","1FFFFF","1AAAAAAAA1AAAA","4",,,,,,,
"2200638","2017-09-15T21:01:00","24.90","-138.37",,,"1","4","2","5",,,"11",,,,,,,,,,,,"8",,,,,"9","246",,,,,,,,,,,,,"236","48","798","172","7","0",,"2","1FFFFF","1AAAAAAAA1AAAA","4",,,,,,,
"4601544","2017-09-15T21:30:00","20.21","-136.23",,,"1","4","2","5",,,"11",,,,,,,,,,,,"8",,,,,"9","253",,,,,,,,,,,,,"236","6","798","172","7","0",,"2","1FFFFF","1AAAAAAAA1AAAA","4",,,,,,,
"2100530","2017-09-15T22:00:00","25.56","-132.85",,,"1","4","2","5",,,"11",,,,,,,,,"10185",,,"8",,,,,"9","234",,,,,,,,,,,,,"236","52","798","172","7","1","2","2","1FFF1F","1AAAA1AAA1AAAA","4",,,,,,,
"4600623","2017-09-15T22:00:00","21.20","-137.53",,,"1","3","2","5",,,"11",,,,,,,,,,,,,,,,,,,,,,,,,,,,,,,"236","17","798","172","7","1","2","2","FFFFFF","1AAAAAAAAAAAAA","4",,,,,,,
"4600770","2017-09-15T22:00:00","23.93","-134.44",,,"1","4","2","5",,,"11",,,,,,,,,"10172",,,"8",,,,,"9","237",,,,,,,,,,,,,"236","34","798","172","7","1","2","2","1FFF1F","1AAAA1AAA1AAAA","4",,,,,,,
"4601544","2017-09-15T22:00:00","20.21","-136.23",,,"1","4","2","5",,,"11",,,,,,,,,,,,"8",,,,,"9","253",,,,,,,,,,,,,"236","6","798","172","7","0",,"2","1FFFFF","1AAAAAAAA1AAAA","4",,,,,,,
"2200638","2017-09-15T22:01:00","24.90","-138.37",,,"1","4","2","5",,,"11",,,,,,,,,,,,"8",,,,,"9","246",,,,,,,,,,,,,"236","48","798","172","7","0",,"2","1FFFFF","1AAAAAAAA1AAAA","4",,,,,,,
"4601544","2017-09-15T22:30:00","20.21","-136.24",,,"1","4","2","5",,,"11",,,,,,,,,,,,"8",,,,,"9","253",,,,,,,,,,,,,"236","6","798","172","7","0",,"2","1FFFFF","1AAAAAAAA1AAAA","4",,,,,,,
"2100530","2017-09-15T23:00:00","25.56","-132.85",,,"1","4","2","5",,,"11",,,,,,,,,"10182",,,"8",,,,,"9","234",,,,,,,,,,,,,"236","52","798","172","7","1","2","2","1FFF1F","1AAAA1AAA1AAAA","4",,,,,,,
"4600623","2017-09-15T23:00:00","21.20","-137.53",,,"1","3","2","5",,,"11",,,,,,,,,,,,,,,,,,,,,,,,,,,,,,,"236","17","798","172","7","1","2","2","FFFFFF","1AAAAAAAAAAAAA","4",,,,,,,
"4600770","2017-09-15T23:00:00","23.93","-134.44",,,"1","4","2","5",,,"11",,,,,,,,,"10168",,,"8",,,,,"9","238",,,,,,,,,,,,,"236","34","798","172","7","1","2","2","1FFF1F","1AAAA1AAA1AAAA","4",,,,,,,
"4601544","2017-09-15T23:00:00","20.21","-136.24",,,"1","4","2","5",,,"11",,,,,,,,,,,,"8",,,,,"9","253",,,,,,,,,,,,,"236","6","798","172","7","0",,"2","1FFFFF","1AAAAAAAA1AAAA","4",,,,,,,
"2200638","2017-09-15T23:01:00","24.90","-138.38",,,"1","4","2","5",,,"11",,,,,,,,,,,,"8",,,,,"9","246",,,,,,,,,,,,,"236","48","798","172","7","0",,"2","1FFFFF","1AAAAAAAA1AAAA","4",,,,,,,
"4601544","2017-09-15T23:30:00","20.21","-136.25",,,"1","4","2","5",,,"11",,,,,,,,,,,,"8",,,,,"9","253",,,,,,,,,,,,,"236","6","798","172","7","0",,"2","1FFFFF","1AAAAAAAA1AAAA","4",,,,,,,
"2100530","2017-09-16T00:00:00","25.52","-132.90",,,"1","4","2","5",,,"11",,,,,,,,,"10182",,,"8",,,,,"9","234",,,,,,,,,,,,,"236","52","798","172","7","1","2","2","1FFF1F","1AAAA1AAA1AAAA","4",,,,,,,
"4600623","2017-09-16T00:00:00","21.17","-137.52",,,"1","3","2","5",,,"11",,,,,,,,,,,,,,,,,,,,,,,,,,,,,,,"236","17","798","172","7","1","2","2","FFFFFF","1AAAAAAAAAAAAA","4",,,,,,,
"4600770","2017-09-16T00:00:00","23.93","-134.45",,,"1","4","2","5",,,"11",,,,,,,,,"10167",,,"8",,,,,"9","238",,,,,,,,,,,,,"236","34","798","172","7","1","2","2","1FFF1F","1AAAA1AAA1AAAA","4",,,,,,,
"4601544","2017-09-16T00:00:00","20.22","-136.25",,,"1","4","2","5",,,"11",,,,,,,,,,,,"8",,,,,"9","253",,,,,,,,,,,,,"236","6","798","172","7","0",,"2","1FFFFF","1AAAAAAAA1AAAA","4",,,,,,,
"2200638","2017-09-16T00:01:00","24.89","-138.39",,,"1","4","2","5",,,"11",,,,,,,,,,,,"8",,,,,"9","246",,,,,,,,,,,,,"236","48","798","172","7","0",,"2","1FFFFF","1AAAAAAAA1AAAA","4",,,,,,,
"4601544","2017-09-16T00:30:00","20.22","-136.26",,,"1","4","2","5",,,"11",,,,,,,,,,,,"8",,,,,"9","253",,,,,,,,,,,,,"236","6","798","172","7","0",,"2","1FFFFF","1AAAAAAAA1AAAA","4",,,,,,,
"2100530","2017-09-16T01:00:00","25.52","-132.90",,,"1","4","2","5",,,"11",,,,,,,,,"10184",,,"8",,,,,"9","234",,,,,,,,,,,,,"236","52","798","172","7","1","2","2","1FFF1F","1AAAA1AAA1AAAA","4",,,,,,,
"4600623","2017-09-16T01:00:00","21.15","-137.51",,,"1","3","2","5",,,"11",,,,,,,,,,,,,,,,,,,,,,,,,,,,,,,"236","17","794","103","7","1","2","2","FFFFFF","1AAAAAAAAAAAAA","4",,,,,,,
"4600770","2017-09-16T01:00:00","23.93","-134.45",,,"1","4","2","5",,,"11",,,,,,,,,"10168",,,"8",,,,,"9","239",,,,,,,,,,,,,"236","34","798","172","7","1","2","2","1FFF1F","1AAAA1AAA1AAAA","4",,,,,,,
"4601544","2017-09-16T01:00:00","20.22","-136.26",,,"1","4","2","5",,,"11",,,,,,,,,,,,"8",,,,,"9","252",,,,,,,,,,,,,"236","6","798","172","7","0",,"2","1FFFFF","1AAAAAAAA1AAAA","4",,,,,,,
"2200638","2017-09-16T01:01:00","24.89","-138.40",,,"1","4","2","5",,,"11",,,,,,,,,,,,"8",,,,,"9","246",,,,,,,,,,,,,"236","48","798","172","7","0",,"2","1FFFFF","1AAAAAAAA1AAAA","4",,,,,,,
"4601544","2017-09-16T01:30:00","20.22","-136.26",,,"1","4","2","5",,,"11",,,,,,,,,,,,"8",,,,,"9","252",,,,,,,,,,,,,"236","6","798","172","7","0",,"2","1FFFFF","1AAAAAAAA1AAAA","4",,,,,,,
"2100530","2017-09-16T02:00:00","25.51","-132.91",,,"1","4","2","5",,,"11",,,,,,,,,"10186",,,"8",,,,,"9","234",,,,,,,,,,,,,"236","52","798","172","7","1","2","2","1FFF1F","1AAAA1AAA1AAAA","4",,,,,,,
"4600623","2017-09-16T02:00:00","21.15","-137.51",,,"1","3","2","5",,,"11",,,,,,,,,,,,,,,,,,,,,,,,,,,,,,,"236","17","798","172","7","1","2","2","FFFFFF","1AAAAAAAAAAAAA","4",,,,,,,
"4600770","2017-09-16T02:00:00","23.92","-134.46",,,"1","4","2","5",,,"11",,,,,,,,,"10170",,,"8",,,,,"9","239",,,,,,,,,,,,,"236","34","798","172","7","1","2","2","1FFF1F","1AAAA1AAA1AAAA","4",,,,,,,
"4601544","2017-09-16T02:00:00","20.22","-136.27",,,"1","4","2","5",,,"11",,,,,,,,,,,,"8",,,,,"9","252",,,,,,,,,,,,,"236","6","798","172","7","0",,"2","1FFFFF","1AAAAAAAA1AAAA","4",,,,,,,
"2200638","2017-09-16T02:01:00","24.88","-138.41",,,"1","4","2","5",,,"11",,,,,,,,,,,,"8",,,,,"9","246",,,,,,,,,,,,,"236","48","798","172","7","0",,"2","1FFFFF","1AAAAAAAA1AAAA","4",,,,,,,
"4601544","2017-09-16T02:30:00","20.23","-136.27",,,"1","4","2","5",,,"11",,,,,,,,,,,,"8",,,,,"9","252",,,,,,,,,,,,,"236","6","798","172","7","0",,"2","1FFFFF","1AAAAAAAA1AAAA","4",,,,,,,
"2100530","2017-09-16T03:00:00","25.51","-132.92",,,"1","4","2","5",,,"11",,,,,,,,,"10186",,,"8",,,,,"9","234",,,,,,,,,,,,,"236","52","798","172","7","1","2","1","1FFF1F","1AAAA1AAA1AAAA","4",,,,,,,
"4600623","2017-09-16T03:00:00","21.13","-137.51",,,"1","3","2","5",,,"11",,,,,,,,,,,,,,,,,,,,,,,,,,,,,,,"236","17","798","172","7","1","2","2","FFFFFF","1AAAAAAAAAAAAA","4",,,,,,,
"4600770","2017-09-16T03:00:00","23.93","-134.47",,,"1","4","2","5",,,"11",,,,,,,,,"10172",,,"8",,,,,"9","239",,,,,,,,,,,,,"236","34","798","172","7","1","2","2","1FFF1F","1AAAA1AAA1AAAA","4",,,,,,,
"4601544","2017-09-16T03:00:00","20.23","-136.27",,,"1","4","2","5",,,"11",,,,,,,,,,,,"8",,,,,"9","252",,,,,,,,,,,,,"236","6","798","172","7","0",,"2","1FFFFF","1AAAAAAAA1AAAA","4",,,,,,,
"2200638","2017-09-16T03:01:00","24.88","-138.42",,,"1","4","2","5",,,"11",,,,,,,,,,,,"8",,,,,"9","246",,,,,,,,,,,,,"236","48","798","172","7","0",,"2","1FFFFF","1AAAAAAAA1AAAA","4",,,,,,,
"4601544","2017-09-16T03:30:00","20.23","-136.27",,,"1","4","2","5",,,"11",,,,,,,,,,,,"8",,,,,"9","252",,,,,,,,,,,,,"236","6","798","172","7","0",,"1","1FFFFF","1AAAAAAAA1AAAA","4",,,,,,,
"2100530","2017-09-16T04:00:00","25.50","-132.93",,,"1","4","2","5",,,"11",,,,,,,,,"10191",,,"8",,,,,"9","234",,,,,,,,,,,,,"236","52","798","172","7","1","2","1","1FFF1F","1AAAA1AAA1AAAA","4",,,,,,,
"4600623","2017-09-16T04:00:00","21.12","-137.51",,,"1","3","2","5",,,"11",,,,,,,,,,,,,,,,,,,,,,,,,,,,,,,"236","17","798","172","7","1","2","1","FFFFFF","1AAAAAAAAAAAAA","4",,,,,,,
"4600770","2017-09-16T04:00:00","23.91","-134.48",,,"1","4","2","5",,,"11",,,,,,,,,"10175",,,"8",,,,,"9","238",,,,,,,,,,,,,"236","34","798","172","7","1","2","1","1FFF1F","1AAAA1AAA1AAAA","4",,,,,,,
"4601544","2017-09-16T04:00:00","20.23","-136.27",,,"1","4","2","5",,,"11",,,,,,,,,,,,"8",,,,,"9","252",,,,,,,,,,,,,"236","6","798","172","7","0",,"1","1FFFFF","1AAAAAAAA1AAAA","4",,,,,,,
"2200638","2017-09-16T04:01:00","24.87","-138.44",,,"1","4","2","5",,,"11",,,,,,,,,,,,"8",,,,,"9","245",,,,,,,,,,,,,"236","48","798","172","7","0",,"1","1FFFFF","1AAAAAAAA1AAAA","4",,,,,,,
"4601544","2017-09-16T04:30:00","20.23","-136.27",,,"1","4","2","5",,,"11",,,,,,,,,,,,"8",,,,,"9","252",,,,,,,,,,,,,"236","6","798","172","7","0",,"1","1FFFFF","1AAAAAAAA1AAAA","4",,,,,,,
"2100530","2017-09-16T05:00:00","25.49","-132.95",,,"1","4","2","5",,,"11",,,,,,,,,"10198",,,"8",,,,,"9","234",,,,,,,,,,,,,"236","52","798","172","7","1","2","1","1FFF1F","1AAAA1AAA1AAAA","4",,,,,,,
"4600623","2017-09-16T05:00:00","21.10","-137.51",,,"1","3","2","5",,,"11",,,,,,,,,,,,,,,,,,,,,,,,,,,,,,,"236","17","798","172","7","1","2","1","FFFFFF","1AAAAAAAAAAAAA","4",,,,,,,
"4600770","2017-09-16T05:00:00","23.91","-134.49",,,"1","4","2","5",,,"11",,,,,,,,,"10183",,,"8",,,,,"9","238",,,,,,,,,,,,,"236","34","798","172","7","1","2","1","1FFF1F","1AAAA1AAA1AAAA","4",,,,,,,
"4601544","2017-09-16T05:00:00","20.23","-136.27",,,"1","4","2","5",,,"11",,,,,,,,,,,,"8",,,,,"9","251",,,,,,,,,,,,,"236","6","798","172","7","0",,"1","1FFFFF","1AAAAAAAA1AAAA","4",,,,,,,
"2200638","2017-09-16T05:01:00","24.87","-138.46",,,"1","4","2","5",,,"11",,,,,,,,,,,,"8",,,,,"9","245",,,,,,,,,,,,,"236","48","798","172","7","0",,"1","1FFFFF","1AAAAAAAA1AAAA","4",,,,,,,
"4601544","2017-09-16T05:30:00","20.23","-136.27",,,"1","4","2","5",,,"11",,,,,,,,,,,,"8",,,,,"9","251",,,,,,,,,,,,,"236","6","798","172","7","0",,"1","1FFFFF","1AAAAAAAA1AAAA","4",,,,,,,
"2100530","2017-09-16T06:00:00","25.49","-132.95",,,"1","4","2","5",,,"11",,,,,,,,,"10202",,,"8",,,,,"9","234",,,,,,,,,,,,,"236","52","798","172","7","1","2","1","1FFF1F","1AAAA1AAA1AAAA","4",,,,,,,
"4600623","2017-09-16T06:00:00","21.09","-137.52",,,"1","3","2","5",,,"11",,,,,,,,,,,,,,,,,,,,,,,,,,,,,,,"236","17","798","172","7","1","2","1","FFFFFF","1AAAAAAAAAAAAA","4",,,,,,,
"4600770","2017-09-16T06:00:00","23.90","-134.52",,,"1","4","2","5",,,"11",,,,,,,,,"10186",,,"8",,,,,"9","238",,,,,,,,,,,,,"236","34","798","172","7","1","2","1","1FFF1F","1AAAA1AAA1AAAA","4",,,,,,,
"4601544","2017-09-16T06:00:00","20.23","-136.27",,,"1","4","2","5",,,"11",,,,,,,,,,,,"8",,,,,"9","251",,,,,,,,,,,,,"236","6","798","172","7","0",,"1","1FFFFF","1AAAAAAAA1AAAA","4",,,,,,,
"2200638","2017-09-16T06:01:00","24.86","-138.47",,,"1","4","2","5",,,"11",,,,,,,,,,,,"8",,,,,"9","244",,,,,,,,,,,,,"236","48","798","172","7","0",,"1","1FFFFF","1AAAAAAAA1AAAA","4",,,,,,,
"4601544","2017-09-16T06:31:00","20.23","-136.27",,,"1","4","2","5",,,"11",,,,,,,,,,,,"8",,,,,"9","251",,,,,,,,,,,,,"236","6","798","172","7","0",,"1","1FFFFF","1AAAAAAAA1AAAA","4",,,,,,,
"2100530","2017-09-16T07:00:00","25.48","-132.97",,,"1","4","2","5",,,"11",,,,,,,,,"10201",,,"8",,,,,"9","234",,,,,,,,,,,,,"236","52","798","172","7","1","2","1","1FFF1F","1AAAA1AAA1AAAA","4",,,,,,,
"4600623","2017-09-16T07:00:00","21.09","-137.52",,,"1","3","2","5",,,"11",,,,,,,,,,,,,,,,,,,,,,,,,,,,,,,"236","17","798","172","7","1","2","1","FFFFFF","1AAAAAAAAAAAAA","4",,,,,,,
"4600770","2017-09-16T07:00:00","23.89","-134.54",,,"1","4","2","5",,,"11",,,,,,,,,"10186",,,"8",,,,,"9","238",,,,,,,,,,,,,"236","34","798","172","7","1","2","1","1FFF1F","1AAAA1AAA1AAAA","4",,,,,,,
"4601544","2017-09-16T07:00:00","20.23","-136.27",,,"1","4","2","5",,,"11",,,,,,,,,,,,"8",,,,,"9","251",,,,,,,,,,,,,"236","6","798","172","7","0",,"1","1FFFFF","1AAAAAAAA1AAAA","4",,,,,,,
"2200638","2017-09-16T07:01:00","24.86","-138.48",,,"1","4","2","5",,,"11",,,,,,,,,,,,"8",,,,,"9","244",,,,,,,,,,,,,"236","48","798","172","7","0",,"1","1FFFFF","1AAAAAAAA1AAAA","4",,,,,,,
"4601544","2017-09-16T07:30:00","20.23","-136.27",,,"1","4","2","5",,,"11",,,,,,,,,,,,"8",,,,,"9","251",,,,,,,,,,,,,"236","6","798","172","7","0",,"1","1FFFFF","1AAAAAAAA1AAAA","4",,,,,,,
"2100530","2017-09-16T08:00:00","25.48","-132.97",,,"1","4","2","5",,,"11",,,,,,,,,"10200",,,"8",,,,,"9","234",,,,,,,,,,,,,"236","52","798","172","7","1","2","1","1FFF1F","1AAAA1AAA1AAAA","4",,,,,,,
"4600623","2017-09-16T08:00:00","21.08","-137.53",,,"1","3","2","5",,,"11",,,,,,,,,,,,,,,,,,,,,,,,,,,,,,,"236","17","798","172","7","1","2","1","FFFFFF","1AAAAAAAAAAAAA","4",,,,,,,
"4600770","2017-09-16T08:00:00","23.89","-134.54",,,"1","4","2","5",,,"11",,,,,,,,,"10186",,,"8",,,,,"9","239",,,,,,,,,,,,,"236","34","798","172","7","1","2","1","1FFF1F","1AAAA1AAA1AAAA","4",,,,,,,
"4601544","2017-09-16T08:00:00","20.23","-136.27",,,"1","4","2","5",,,"11",,,,,,,,,,,,"8",,,,,"9","251",,,,,,,,,,,,,"236","6","798","172","7","0",,"1","1FFFFF","1AAAAAAAA1AAAA","4",,,,,,,
"2200638","2017-09-16T08:01:00","24.85","-138.50",,,"1","4","2","5",,,"11",,,,,,,,,,,,"8",,,,,"9","244",,,,,,,,,,,,,"236","48","798","172","7","0",,"1","1FFFFF","1AAAAAAAA1AAAA","4",,,,,,,
"4601544","2017-09-16T08:30:00","20.23","-136.27",,,"1","4","2","5",,,"11",,,,,,,,,,,,"8",,,,,"9","251",,,,,,,,,,,,,"236","6","798","172","7","0",,"1","1FFFFF","1AAAAAAAA1AAAA","4",,,,,,,
"2100530","2017-09-16T09:00:00","25.48","-132.97",,,"1","4","2","5",,,"11",,,,,,,,,"10197",,,"8",,,,,"9","234",,,,,,,,,,,,,"236","52","798","172","7","1","2","1","1FFF1F","1AAAA1AAA1AAAA","4",,,,,,,
"4600623","2017-09-16T09:00:00","21.08","-137.53",,,"1","3","2","5",,,"11",,,,,,,,,,,,,,,,,,,,,,,,,,,,,,,"236","17","798","172","7","1","2","1","FFFFFF","1AAAAAAAAAAAAA","4",,,,,,,
"4600770","2017-09-16T09:00:00","23.89","-134.54",,,"1","4","2","5",,,"11",,,,,,,,,"10184",,,"8",,,,,"9","239",,,,,,,,,,,,,"236","34","798","172","7","1","2","1","1FFF1F","1AAAA1AAA1AAAA","4",,,,,,,
"4601544","2017-09-16T09:00:00","20.22","-136.27",,,"1","4","2","5",,,"11",,,,,,,,,,,,"8",,,,,"9","251",,,,,,,,,,,,,"236","6","798","172","7","0",,"1","1FFFFF","1AAAAAAAA1AAAA","4",,,,,,,
"2200638","2017-09-16T09:01:00","24.85","-138.51",,,"1","4","2","5",,,"11",,,,,,,,,,,,"8",,,,,"9","244",,,,,,,,,,,,,"236","48","798","172","7","0",,"1","1FFFFF","1AAAAAAAA1AAAA","4",,,,,,,
"4601544","2017-09-16T09:30:00","20.22","-136.27",,,"1","4","2","5",,,"11",,,,,,,,,,,,"8",,,,,"9","251",,,,,,,,,,,,,"236","6","798","172","7","0",,"1","1FFFFF","1AAAAAAAA1AAAA","4",,,,,,,
"2100530","2017-09-16T10:00:00","25.48","-132.97",,,"1","4","2","5",,,"11",,,,,,,,,"10193",,,"8",,,,,"9","234",,,,,,,,,,,,,"236","52","798","172","7","1","2","1","1FFF1F","1AAAA1AAA1AAAA","4",,,,,,,
"4600623","2017-09-16T10:00:00","21.03","-137.53",,,"1","3","2","5",,,"11",,,,,,,,,,,,,,,,,,,,,,,,,,,,,,,"236","17","798","172","7","1","2","1","FFFFFF","1AAAAAAAAAAAAA","4",,,,,,,
"4600770","2017-09-16T10:00:00","23.89","-134.54",,,"1","4","2","5",,,"11",,,,,,,,,"10178",,,"8",,,,,"9","238",,,,,,,,,,,,,"236","34","798","172","7","1","2","1","1FFF1F","1AAAA1AAA1AAAA","4",,,,,,,
"4601544","2017-09-16T10:00:00","20.22","-136.28",,,"1","4","2","5",,,"11",,,,,,,,,,,,"8",,,,,"9","250",,,,,,,,,,,,,"236","6","798","172","7","0",,"1","1FFFFF","1AAAAAAAA1AAAA","4",,,,,,,
"2200638","2017-09-16T10:01:00","24.84","-138.52",,,"1","4","2","5",,,"11",,,,,,,,,,,,"8",,,,,"9","244",,,,,,,,,,,,,"236","48","798","172","7","0",,"1","1FFFFF","1AAAAAAAA1AAAA","4",,,,,,,
"4601544","2017-09-16T10:30:00","20.22","-136.28",,,"1","4","2","5",,,"11",,,,,,,,,,,,"8",,,,,"9","251",,,,,,,,,,,,,"236","6","798","172","7","0",,"1","1FFFFF","1AAAAAAAA1AAAA","4",,,,,,,
"2100530","2017-09-16T11:00:00","25.48","-132.97",,,"1","4","2","5",,,"11",,,,,,,,,"10187",,,"8",,,,,"9","234",,,,,,,,,,,,,"236","52","798","172","7","1","2","1","1FFF1F","1AAAA1AAA1AAAA","4",,,,,,,
"4600623","2017-09-16T11:00:00","21.08","-137.53",,,"1","3","2","5",,,"11",,,,,,,,,,,,,,,,,,,,,,,,,,,,,,,"236","17","798","172","7","1","2","1","FFFFFF","1AAAAAAAAAAAAA","4",,,,,,,
"4600770","2017-09-16T11:00:00","23.89","-134.54",,,"1","4","2","5",,,"11",,,,,,,,,"10174",,,"8",,,,,"9","238",,,,,,,,,,,,,"236","34","798","172","7","1","2","1","1FFF1F","1AAAA1AAA1AAAA","4",,,,,,,
"4601544","2017-09-16T11:00:00","20.22","-136.28",,,"1","4","2","5",,,"11",,,,,,,,,,,,"8",,,,,"9","250",,,,,,,,,,,,,"236","6","798","172","7","0",,"1","1FFFFF","1AAAAAAAA1AAAA","4",,,,,,,
"2200638","2017-09-16T11:01:00","24.84","-138.53",,,"1","4","2","5",,,"11",,,,,,,,,,,,"8",,,,,"9","244",,,,,,,,,,,,,"236","48","798","172","7","0",,"1","1FFFFF","1AAAAAAAA1AAAA","4",,,,,,,
"4601544","2017-09-16T11:30:00","20.22","-136.28",,,"1","4","2","5",,,"11",,,,,,,,,,,,"8",,,,,"9","250",,,,,,,,,,,,,"236","6","798","172","7","0",,"1","1FFFFF","1AAAAAAAA1AAAA","4",,,,,,,
"4600059","2017-09-16T11:40:00","29.40","-134.50",,,"1","3","2","5",,,"11",,"50","1","50",,,,,"10204",,,,,,,,,,,,,,,,,,"3",,"8","2","236","94","798","172","6","1","2","1","FFFFFF","1AAAAAAAAAA77A",,,,,,,,
"2100530","2017-09-16T12:00:00","25.48","-132.97",,,"1","4","2","5",,,"11",,,,,,,,,"10186",,,"8",,,,,"9","233",,,,,,,,,,,,,"236","52","798","172","7","1","2","1","1FFF1F","1AAAA1AAA1AAAA","4",,,,,,,
"4600623","2017-09-16T12:00:00","21.03","-137.53",,,"1","3","2","5",,,"11",,,,,,,,,,,,,,,,,,,,,,,,,,,,,,,"236","17","798","172","7","1","2","1","FFFFFF","1AAAAAAAAAAAAA","4",,,,,,,
"4600770","2017-09-16T12:00:00","23.87","-134.60",,,"1","4","2","5",,,"11",,,,,,,,,"10173",,,"8",,,,,"9","238",,,,,,,,,,,,,"236","34","798","172","7","1","2","1","1FFF1F","1AAAA1AAA1AAAA","4",,,,,,,
"4601544","2017-09-16T12:00:00","20.22","-136.28",,,"1","4","2","5",,,"11",,,,,,,,,,,,"8",,,,,"9","250",,,,,,,,,,,,,"236","6","798","172","7","0",,"1","1FFFFF","1AAAAAAAA1AAAA","4",,,,,,,
"2200638","2017-09-16T12:01:00","24.83","-138.54",,,"1","4","2","5",,,"11",,,,,,,,,,,,"8",,,,,"9","244",,,,,,,,,,,,,"236","48","798","172","7","0",,"1","1FFFFF","1AAAAAAAA1AAAA","4",,,,,,,
"4601544","2017-09-16T12:30:00","20.22","-136.28",,,"1","4","2","5",,,"11",,,,,,,,,,,,"8",,,,,"9","250",,,,,,,,,,,,,"236","6","798","172","7","0",,"1","1FFFFF","1AAAAAAAA1AAAA","4",,,,,,,
"2100530","2017-09-16T13:00:00","25.45","-133.03",,,"1","4","2","5",,,"11",,,,,,,,,"10186",,,"8",,,,,"9","233",,,,,,,,,,,,,"236","53","798","172","7","1","2","1","1FFF1F","1AAAA1AAA1AAAA","4",,,,,,,
"4600623","2017-09-16T13:00:00","21.08","-137.53",,,"1","3","2","5",,,"11",,,,,,,,,,,,,,,,,,,,,,,,,,,,,,,"236","17","798","172","7","1","2","1","FFFFFF","1AAAAAAAAAAAAA","4",,,,,,,
"4600770","2017-09-16T13:00:00","23.89","-134.54",,,"1","4","2","5",,,"11",,,,,,,,,"10171",,,"8",,,,,"9","238",,,,,,,,,,,,,"236","34","798","172","7","1","2","1","1FFF1F","1AAAA1AAA1AAAA","4",,,,,,,
"4601544","2017-09-16T13:00:00","20.22","-136.28",,,"1","4","2","5",,,"11",,,,,,,,,,,,"8",,,,,"9","250",,,,,,,,,,,,,"236","6","798","172","7","0",,"1","1FFFFF","1AAAAAAAA1AAAA","4",,,,,,,
"2200638","2017-09-16T13:01:00","24.83","-138.55",,,"1","4","2","5",,,"11",,,,,,,,,,,,"8",,,,,"9","245",,,,,,,,,,,,,"236","48","798","172","7","0",,"1","1FFFFF","1AAAAAAAA1AAAA","4",,,,,,,
"4601544","2017-09-16T13:30:00","20.22","-136.28",,,"1","4","2","5",,,"11",,,,,,,,,,,,"8",,,,,"9","250",,,,,,,,,,,,,"236","6","798","172","7","0",,"1","1FFFFF","1AAAAAAAA1AAAA","4",,,,,,,
"2100530","2017-09-16T14:00:00","25.45","-133.03",,,"1","4","2","5",,,"11",,,,,,,,,"10190",,,"8",,,,,"9","233",,,,,,,,,,,,,"236","53","798","172","7","1","2","1","1FFF1F","1AAAA1AAA1AAAA","4",,,,,,,
"4600623","2017-09-16T14:00:00","21.01","-137.51",,,"1","3","2","5",,,"11",,,,,,,,,,,,,,,,,,,,,,,,,,,,,,,"236","17","798","172","7","1","2","1","FFFFFF","1AAAAAAAAAAAAA","4",,,,,,,
"4600770","2017-09-16T14:00:00","23.87","-134.63",,,"1","4","2","5",,,"11",,,,,,,,,"10175",,,"8",,,,,"9","238",,,,,,,,,,,,,"236","34","798","172","7","1","2","1","1FFF1F","1AAAA1AAA1AAAA","4",,,,,,,
"4601544","2017-09-16T14:00:00","20.21","-136.28",,,"1","4","2","5",,,"11",,,,,,,,,,,,"8",,,,,"9","250",,,,,,,,,,,,,"236","6","798","172","7","0",,"1","1FFFFF","1AAAAAAAA1AAAA","4",,,,,,,
"2200638","2017-09-16T14:01:00","24.82","-138.56",,,"1","4","2","5",,,"11",,,,,,,,,,,,"8",,,,,"9","245",,,,,,,,,,,,,"236","48","798","172","7","0",,"1","1FFFFF","1AAAAAAAA1AAAA","4",,,,,,,
"4601544","2017-09-16T14:30:00","20.21","-136.28",,,"1","4","2","5",,,"11",,,,,,,,,,,,"8",,,,,"9","250",,,,,,,,,,,,,"236","6","798","172","7","0",,"1","1FFFFF","1AAAAAAAA1AAAA","4",,,,,,,
"2100530","2017-09-16T15:00:00","25.44","-133.04",,,"1","4","2","5",,,"11",,,,,,,,,"10196",,,"8",,,,,"9","233",,,,,,,,,,,,,"236","53","798","172","7","1","2","2","1FFF1F","1AAAA1AAA1AAAA","4",,,,,,,
"4600623","2017-09-16T15:00:00","21.00","-137.54",,,"1","3","2","5",,,"11",,,,,,,,,,,,,,,,,,,,,,,,,,,,,,,"236","17","798","172","7","1","2","1","FFFFFF","1AAAAAAAAAAAAA","4",,,,,,,
"4600770","2017-09-16T15:00:00","23.87","-134.64",,,"1","4","2","5",,,"11",,,,,,,,,"10178",,,"8",,,,,"9","238",,,,,,,,,,,,,"236","34","798","172","7","1","2","2","1FFF1F","1AAAA1AAA1AAAA","4",,,,,,,
"4601544","2017-09-16T15:00:00","20.21","-136.28",,,"1","4","2","5",,,"11",,,,,,,,,,,,"8",,,,,"9","250",,,,,,,,,,,,,"236","6","798","172","7","0",,"2","1FFFFF","1AAAAAAAA1AAAA","4",,,,,,,
"2200638","2017-09-16T15:01:00","24.82","-138.58",,,"1","4","2","5",,,"11",,,,,,,,,,,,"8",,,,,"9","245",,,,,,,,,,,,,"236","48","798","172","7","0",,"1","1FFFFF","1AAAAAAAA1AAAA","4",,,,,,,
"4601544","2017-09-16T15:30:00","20.21","-136.28",,,"1","4","2","5",,,"11",,,,,,,,,,,,"8",,,,,"9","250",,,,,,,,,,,,,"236","6","798","172","7","0",,"2","1FFFFF","1AAAAAAAA1AAAA","4",,,,,,,
"2100530","2017-09-16T16:00:00","25.44","-133.05",,,"1","4","2","5",,,"11",,,,,,,,,"10200",,,"8",,,,,"9","233",,,,,,,,,,,,,"236","53","798","172","7","1","2","2","1FFF1F","1AAAA1AAA1AAAA","4",,,,,,,
"4600623","2017-09-16T16:00:00","21.00","-137.54",,,"1","3","2","5",,,"11",,,,,,,,,,,,,,,,,,,,,,,,,,,,,,,"236","17","798","172","7","1","2","2","FFFFFF","1AAAAAAAAAAAAA","4",,,,,,,
"4600770","2017-09-16T16:00:00","23.86","-134.66",,,"1","4","2","5",,,"11",,,,,,,,,"10184",,,"8",,,,,"9","238",,,,,,,,,,,,,"236","34","798","172","7","1","2","2","1FFF1F","1AAAA1AAA1AAAA","4",,,,,,,
"4601544","2017-09-16T16:00:00","20.21","-136.28",,,"1","4","2","5",,,"11",,,,,,,,,,,,"8",,,,,"9","250",,,,,,,,,,,,,"236","6","798","172","7","0",,"2","1FFFFF","1AAAAAAAA1AAAA","4",,,,,,,
"2200638","2017-09-16T16:01:00","24.82","-138.59",,,"1","4","2","5",,,"11",,,,,,,,,,,,"8",,,,,"9","244",,,,,,,,,,,,,"236","48","798","172","7","0",,"2","1FFFFF","1AAAAAAAA1AAAA","4",,,,,,,
"4601544","2017-09-16T16:30:00","20.21","-136.28",,,"1","4","2","5",,,"11",,,,,,,,,,,,"8",,,,,"9","250",,,,,,,,,,,,,"236","6","798","172","7","0",,"2","1FFFFF","1AAAAAAAA1AAAA","4",,,,,,,
"2100530","2017-09-16T17:00:00","25.44","-133.05",,,"1","4","2","5",,,"11",,,,,,,,,"10206",,,"8",,,,,"9","233",,,,,,,,,,,,,"236","53","798","172","7","1","2","2","1FFF1F","1AAAA1AAA1AAAA","4",,,,,,,
"4600623","2017-09-16T17:00:00","20.99","-137.54",,,"1","3","2","5",,,"11",,,,,,,,,,,,,,,,,,,,,,,,,,,,,,,"236","7","798","172","7","1","2","2","FFFFFF","1AAAAAAAAAAAAA","4",,,,,,,
"4600770","2017-09-16T17:00:00","23.86","-134.67",,,"1","4","2","5",,,"11",,,,,,,,,"10191",,,"8",,,,,"9","238",,,,,,,,,,,,,"236","34","798","172","7","1","2","2","1FFF1F","1AAAA1AAA1AAAA","4",,,,,,,
"4601544","2017-09-16T17:00:00","20.21","-136.28",,,"1","4","2","5",,,"11",,,,,,,,,,,,"8",,,,,"9","250",,,,,,,,,,,,,"236","6","798","172","7","0",,"2","1FFFFF","1AAAAAAAA1AAAA","4",,,,,,,
"2200638","2017-09-16T17:01:00","24.82","-138.60",,,"1","4","2","5",,,"11",,,,,,,,,,,,"8",,,,,"9","244",,,,,,,,,,,,,"236","48","798","172","7","0",,"2","1FFFFF","1AAAAAAAA1AAAA","4",,,,,,,
"4601544","2017-09-16T17:30:00","20.20","-136.28",,,"1","4","2","5",,,"11",,,,,,,,,,,,"8",,,,,"9","250",,,,,,,,,,,,,"236","6","798","172","7","0",,"2","1FFFFF","1AAAAAAAA1AAAA","4",,,,,,,
"2100530","2017-09-16T18:00:00","25.44","-133.06",,,"1","4","2","5",,,"11",,,,,,,,,"10209",,,"8",,,,,"9","232",,,,,,,,,,,,,"236","53","798","172","7","1","2","2","1FFF1F","1AAAA1AAA1AAAA","4",,,,,,,
"4600623","2017-09-16T18:00:00","20.99","-137.54",,,"1","3","2","5",,,"11",,,,,,,,,,,,,,,,,,,,,,,,,,,,,,,"236","7","798","172","7","1","2","2","FFFFFF","1AAAAAAAAAAAAA","4",,,,,,,
"4600770","2017-09-16T18:00:00","23.85","-134.68",,,"1","4","2","5",,,"11",,,,,,,,,"10193",,,"8",,,,,"9","238",,,,,,,,,,,,,"236","34","798","172","7","1","2","2","1FFF1F","1AAAA1AAA1AAAA","4",,,,,,,
"A8UL6","2017-09-16T18:00:00","20.10","-137.00",,,"1","6","2","5","1","3","1",,"40",,"77","1","98","3","2","10168","2","18","8","270","0","245","234","1","270","3","1","4","5","3","0","4","3","1","5","4","4","236","7","798","172","5","1","2","2","111111","11111111111111",,"5",,"2",,,,
"2200638","2017-09-16T18:01:00","24.82","-138.61",,,"1","4","2","5",,,"11",,,,,,,,,,,,"8",,,,,"9","244",,,,,,,,,,,,,"236","48","798","172","7","0",,"2","1FFFFF","1AAAAAAAA1AAAA","4",,,,,,,
"4601544","2017-09-16T18:32:00","20.20","-136.27",,,"1","4","2","5",,,"11",,,,,,,,,,,,"8",,,,,"9","250",,,,,,,,,,,,,"236","6","798","172","7","0",,"2","1FFFFF","1AAAAAAAA1AAAA","4",,,,,,,
"2100530","2017-09-16T19:00:00","25.42","-133.07",,,"1","4","2","5",,,"11",,,,,,,,,"10206",,,"8",,,,,"9","232",,,,,,,,,,,,,"236","53","798","172","7","1","2","2","1FFF1F","1AAAA1AAA1AAAA","4",,,,,,,
"4600623","2017-09-16T19:00:00","20.97","-137.55",,,"1","3","2","5",,,"11",,,,,,,,,,,,,,,,,,,,,,,,,,,,,,,"236","7","798","172","7","1","2","2","FFFFFF","1AAAAAAAAAAAAA","4",,,,,,,
"4600770","2017-09-16T19:00:00","23.84","-134.70",,,"1","4","2","5",,,"11",,,,,,,,,"10192",,,"8",,,,,"9","238",,,,,,,,,,,,,"236","34","798","172","7","1","2","2","1FFF1F","1AAAA1AAA1AAAA","4",,,,,,,
"4601544","2017-09-16T19:00:00","20.19","-136.27",,,"1","4","2","5",,,"11",,,,,,,,,,,,"8",,,,,"9","250",,,,,,,,,,,,,"236","6","798","172","7","0",,"2","1FFFFF","1AAAAAAAA1AAAA","4",,,,,,,
"2200638","2017-09-16T19:01:00","24.82","-138.62",,,"1","4","2","5",,,"11",,,,,,,,,,,,"8",,,,,"9","244",,,,,,,,,,,,,"236","48","798","172","7","0",,"2","1FFFFF","1AAAAAAAA1AAAA","4",,,,,,,
"4601544","2017-09-16T19:30:00","20.19","-136.28",,,"1","4","2","5",,,"11",,,,,,,,,,,,"8",,,,,"9","250",,,,,,,,,,,,,"236","6","798","172","7","0",,"2","1FFFFF","1AAAAAAAA1AAAA","4",,,,,,,
"2100530","2017-09-16T20:00:00","25.42","-133.07",,,"1","4","2","5",,,"11",,,,,,,,,"10203",,,"8",,,,,"9","232",,,,,,,,,,,,,"236","53","798","172","7","1","2","2","1FFF1F","1AAAA1AAA1AAAA","4",,,,,,,
"4600623","2017-09-16T20:00:00","20.97","-137.55",,,"1","3","2","5",,,"11",,,,,,,,,,,,,,,,,,,,,,,,,,,,,,,"236","7","798","172","7","1","2","2","FFFFFF","1AAAAAAAAAAAAA","4",,,,,,,
"4600770","2017-09-16T20:00:00","23.84","-134.70",,,"1","4","2","5",,,"11",,,,,,,,,"10188",,,"8",,,,,"9","239",,,,,,,,,,,,,"236","34","798","172","7","1","2","2","1FFF1F","1AAAA1AAA1AAAA","4",,,,,,,
"4601544","2017-09-16T20:00:00","20.19","-136.28",,,"1","4","2","5",,,"11",,,,,,,,,,,,"8",,,,,"9","251",,,,,,,,,,,,,"236","6","798","172","7","0",,"2","1FFFFF","1AAAAAAAA1AAAA","4",,,,,,,
"2200638","2017-09-16T20:01:00","24.82","-138.62",,,"1","4","2","5",,,"11",,,,,,,,,,,,"8",,,,,"9","244",,,,,,,,,,,,,"236","48","798","172","7","0",,"2","1FFFFF","1AAAAAAAA1AAAA","4",,,,,,,
"4601544","2017-09-16T20:30:00","20.18","-136.28",,,"1","4","2","5",,,"11",,,,,,,,,,,,"8",,,,,"9","251",,,,,,,,,,,,,"236","6","798","172","7","0",,"2","1FFFFF","1AAAAAAAA1AAAA","4",,,,,,,
"2100530","2017-09-16T21:00:00","25.42","-133.07",,,"1","4","2","5",,,"11",,,,,,,,,"10195",,,"8",,,,,"9","232",,,,,,,,,,,,,"236","53","798","172","7","1","2","2","1FFF1F","1AAAA1AAA1AAAA","4",,,,,,,
"4600623","2017-09-16T21:00:00","20.97","-137.55",,,"1","3","2","5",,,"11",,,,,,,,,,,,,,,,,,,,,,,,,,,,,,,"236","7","798","172","7","1","2","2","FFFFFF","1AAAAAAAAAAAAA","4",,,,,,,
"4600770","2017-09-16T21:00:00","23.84","-134.70",,,"1","4","2","5",,,"11",,,,,,,,,"10182",,,"8",,,,,"9","240",,,,,,,,,,,,,"236","34","798","172","7","1","2","2","1FFF1F","1AAAA1AAA1AAAA","4",,,,,,,
"4601544","2017-09-16T21:00:00","20.18","-136.28",,,"1","4","2","5",,,"11",,,,,,,,,,,,"8",,,,,"9","251",,,,,,,,,,,,,"236","6","798","172","7","0",,"2","1FFFFF","1AAAAAAAA1AAAA","4",,,,,,,
"2200638","2017-09-16T21:01:00","24.82","-138.63",,,"1","4","2","5",,,"11",,,,,,,,,,,,"8",,,,,"9","244",,,,,,,,,,,,,"236","48","798","172","7","0",,"2","1FFFFF","1AAAAAAAA1AAAA","4",,,,,,,
"4601544","2017-09-16T21:30:00","20.18","-136.28",,,"1","4","2","5",,,"11",,,,,,,,,,,,"8",,,,,"9","251",,,,,,,,,,,,,"236","6","798","172","7","0",,"2","1FFFFF","1AAAAAAAA1AAAA","4",,,,,,,
"2100530","2017-09-16T22:00:00","25.42","-133.07",,,"1","4","2","5",,,"11",,,,,,,,,"10189",,,"8",,,,,"9","232",,,,,,,,,,,,,"236","53","798","172","7","1","2","2","1FFF1F","1AAAA1AAA1AAAA","4",,,,,,,
"4600623","2017-09-16T22:00:00","20.97","-137.55",,,"1","3","2","5",,,"11",,,,,,,,,,,,,,,,,,,,,,,,,,,,,,,"236","7","798","172","7","1","2","2","FFFFFF","1AAAAAAAAAAAAA","4",,,,,,,
"4600770","2017-09-16T22:00:00","23.84","-134.75",,,"1","4","2","5",,,"11",,,,,,,,,"10175",,,"8",,,,,"9","239",,,,,,,,,,,,,"236","34","798","172","7","1","2","2","1FFF1F","1AAAA1AAA1AAAA","4",,,,,,,
"4601544","2017-09-16T22:00:00","20.18","-136.29",,,"1","4","2","5",,,"11",,,,,,,,,,,,"8",,,,,"9","252",,,,,,,,,,,,,"236","6","798","172","7","0",,"2","1FFFFF","1AAAAAAAA1AAAA","4",,,,,,,
"2200638","2017-09-16T22:01:00","24.81","-138.64",,,"1","4","2","5",,,"11",,,,,,,,,,,,"8",,,,,"9","244",,,,,,,,,,,,,"236","48","798","172","7","0",,"2","1FFFFF","1AAAAAAAA1AAAA","4",,,,,,,
"2100530","2017-09-16T23:00:00","25.39","-133.09",,,"1","4","2","5",,,"11",,,,,,,,,"10183",,,"8",,,,,"9","232",,,,,,,,,,,,,"236","53","798","172","7","1","2","2","1FFF1F","1AAAA1AAA1AAAA","4",,,,,,,
"4600623","2017-09-16T23:00:00","20.92","-137.59",,,"1","3","2","5",,,"11",,,,,,,,,,,,,,,,,,,,,,,,,,,,,,,"236","7","798","172","7","1","2","2","FFFFFF","1AAAAAAAAAAAAA","4",,,,,,,
"4600770","2017-09-16T23:00:00","23.84","-134.75",,,"1","4","2","5",,,"11",,,,,,,,,"10168",,,"8",,,,,"9","239",,,,,,,,,,,,,"236","34","798","172","7","1","2","2","1FFF1F","1AAAA1AAA1AAAA","4",,,,,,,
"2200638","2017-09-16T23:01:00","24.81","-138.64",,,"1","4","2","5",,,"11",,,,,,,,,,,,"8",,,,,"9","244",,,,,,,,,,,,,"236","48","798","172","7","0",,"2","1FFFFF","1AAAAAAAA1AAAA","4",,,,,,,
"4601544","2017-09-16T23:02:00","20.17","-136.29",,,"1","4","2","5",,,"11",,,,,,,,,,,,"8",,,,,"9","252",,,,,,,,,,,,,"236","6","798","172","7","0",,"2","1FFFFF","1AAAAAAAA1AAAA","4",,,,,,,
"4601544","2017-09-16T23:30:00","20.17","-136.30",,,"1","4","2","5",,,"11",,,,,,,,,,,,"8",,,,,"9","252",,,,,,,,,,,,,"236","6","798","172","7","0",,"2","1FFFFF","1AAAAAAAA1AAAA","4",,,,,,,
"2100530","2017-09-17T00:00:00","25.37","-133.09",,,"1","4","2","5",,,"11",,,,,,,,,"10180",,,"8",,,,,"9","232",,,,,,,,,,,,,"236","53","798","172","7","1","2","2","1FFF1F","1AAAA1AAA1AAAA","4",,,,,,,
"4600623","2017-09-17T00:00:00","20.97","-137.55",,,"1","3","2","5",,,"11",,,,,,,,,,,,,,,,,,,,,,,,,,,,,,,"236","7","798","172","7","1","2","2","FFFFFF","1AAAAAAAAAAAAA","4",,,,,,,
"4600770","2017-09-17T00:00:00","23.83","-134.76",,,"1","4","2","5",,,"11",,,,,,,,,"10166",,,"8",,,,,"9","240",,,,,,,,,,,,,"236","34","798","172","7","1","2","2","1FFF1F","1AAAA1AAA1AAAA","4",,,,,,,
"4601544","2017-09-17T00:00:00","20.16","-136.30",,,"1","4","2","5",,,"11",,,,,,,,,,,,"8",,,,,"9","252",,,,,,,,,,,,,"236","6","798","172","7","0",,"2","1FFFFF","1AAAAAAAA1AAAA","4",,,,,,,
"A8UL6","2017-09-17T00:00:00","21.20","-136.20",,,"1","6","2","5","1","3","1",,"30","4","93","1","98","15","2","10141","6","18","8","250",,"220","207","1","260","6","3","4","4","6","0",,"6","4","2","8","5","236","16","798","172","5","1","2","2","111111","11111111111111",,"5",,"2",,,,
"2200638","2017-09-17T00:01:00","24.80","-138.65",,,"1","4","2","5",,,"11",,,,,,,,,,,,"8",,,,,"9","244",,,,,,,,,,,,,"236","48","798","172","7","0",,"2","1FFFFF","1AAAAAAAA1AAAA","4",,,,,,,
"4601544","2017-09-17T00:30:00","20.16","-136.31",,,"1","4","2","5",,,"11",,,,,,,,,,,,"8",,,,,"9","252",,,,,,,,,,,,,"236","6","798","172","7","0",,"2","1FFFFF","1AAAAAAAA1AAAA","4",,,,,,,
"2100530","2017-09-17T01:00:00","25.37","-133.09",,,"1","4","2","5",,,"11",,,,,,,,,"10179",,,"8",,,,,"9","232",,,,,,,,,,,,,"236","53","798","172","7","1","2","2","1FFF1F","1AAAA1AAA1AAAA","4",,,,,,,
"4600623","2017-09-17T01:00:00","20.92","-137.59",,,"1","3","2","5",,,"11",,,,,,,,,,,,,,,,,,,,,,,,,,,,,,,"236","7","798","172","7","1","2","2","FFFFFF","1AAAAAAAAAAAAA","4",,,,,,,
"4600770","2017-09-17T01:00:00","23.83","-134.76",,,"1","4","2","5",,,"11",,,,,,,,,"10164",,,"8",,,,,"9","240",,,,,,,,,,,,,"236","34","798","172","7","1","2","2","1FFF1F","1AAAA1AAA1AAAA","4",,,,,,,
"4601544","2017-09-17T01:00:00","20.16","-136.31",,,"1","4","2","5",,,"11",,,,,,,,,,,,"8",,,,,"9","252",,,,,,,,,,,,,"236","6","798","172","7","0",,"2","1FFFFF","1AAAAAAAA1AAAA","4",,,,,,,
"2200638","2017-09-17T01:01:00","24.79","-138.66",,,"1","4","2","5",,,"11",,,,,,,,,,,,"8",,,,,"9","244",,,,,,,,,,,,,"236","48","798","172","7","0",,"2","1FFFFF","1AAAAAAAA1AAAA","4",,,,,,,
"4601544","2017-09-17T01:30:00","20.16","-136.31",,,"1","4","2","5",,,"11",,,,,,,,,,,,"8",,,,,"9","251",,,,,,,,,,,,,"236","6","798","172","7","0",,"2","1FFFFF","1AAAAAAAA1AAAA","4",,,,,,,
"2100530","2017-09-17T02:00:00","25.36","-133.10",,,"1","4","2","5",,,"11",,,,,,,,,"10177",,,"8",,,,,"9","232",,,,,,,,,,,,,"236","53","798","172","7","1","2","2","1FFF1F","1AAAA1AAA1AAAA","4",,,,,,,
"4600623","2017-09-17T02:00:00","20.92","-137.59",,,"1","3","2","5",,,"11",,,,,,,,,,,,,,,,,,,,,,,,,,,,,,,"236","7","798","172","7","1","2","2","FFFFFF","1AAAAAAAAAAAAA","4",,,,,,,
"4600770","2017-09-17T02:00:00","23.84","-134.77",,,"1","4","2","5",,,"11",,,,,,,,,"10165",,,"8",,,,,"9","239",,,,,,,,,,,,,"236","34","798","172","7","1","2","2","1FFF1F","1AAAA1AAA1AAAA","4",,,,,,,
"2200638","2017-09-17T02:01:00","24.78","-138.67",,,"1","4","2","5",,,"11",,,,,,,,,,,,"8",,,,,"9","245",,,,,,,,,,,,,"236","48","798","172","7","0",,"2","1FFFFF","1AAAAAAAA1AAAA","4",,,,,,,
"4601544","2017-09-17T02:02:00","20.16","-136.32",,,"1","4","2","5",,,"11",,,,,,,,,,,,"8",,,,,"9","251",,,,,,,,,,,,,"236","6","798","172","7","0",,"2","1FFFFF","1AAAAAAAA1AAAA","4",,,,,,,
"4601544","2017-09-17T02:30:00","20.16","-136.32",,,"1","4","2","5",,,"11",,,,,,,,,,,,"8",,,,,"9","251",,,,,,,,,,,,,"236","6","798","172","7","0",,"2","1FFFFF","1AAAAAAAA1AAAA","4",,,,,,,
"2100530","2017-09-17T03:00:00","25.36","-133.10",,,"1","4","2","5",,,"11",,,,,,,,,"10178",,,"8",,,,,"9","232",,,,,,,,,,,,,"236","53","798","172","7","1","2","1","1FFF1F","1AAAA1AAA1AAAA","4",,,,,,,
"4600623","2017-09-17T03:00:00","20.89","-137.60",,,"1","3","2","5",,,"11",,,,,,,,,,,,,,,,,,,,,,,,,,,,,,,"236","7","798","172","7","1","2","2","FFFFFF","1AAAAAAAAAAAAA","4",,,,,,,
"4600770","2017-09-17T03:00:00","23.82","-134.78",,,"1","4","2","5",,,"11",,,,,,,,,"10168",,,"8",,,,,"9","239",,,,,,,,,,,,,"236","34","798","172","7","1","2","2","1FFF1F","1AAAA1AAA1AAAA","4",,,,,,,
"4601544","2017-09-17T03:00:00","20.15","-136.32",,,"1","4","2","5",,,"11",,,,,,,,,,,,"8",,,,,"9","251",,,,,,,,,,,,,"236","6","798","172","7","0",,"2","1FFFFF","1AAAAAAAA1AAAA","4",,,,,,,
"2200638","2017-09-17T03:01:00","24.78","-138.69",,,"1","4","2","5",,,"11",,,,,,,,,,,,"8",,,,,"9","245",,,,,,,,,,,,,"236","48","798","172","7","0",,"2","1FFFFF","1AAAAAAAA1AAAA","4",,,,,,,
"4601544","2017-09-17T03:30:00","20.15","-136.32",,,"1","4","2","5",,,"11",,,,,,,,,,,,"8",,,,,"9","251",,,,,,,,,,,,,"236","6","798","172","7","0",,"1","1FFFFF","1AAAAAAAA1AAAA","4",,,,,,,
"2100530","2017-09-17T04:00:00","25.32","-133.12",,,"1","4","2","5",,,"11",,,,,,,,,"10182",,,"8",,,,,"9","232",,,,,,,,,,,,,"236","53","798","172","7","1","2","1","1FFF1F","1AAAA1AAA1AAAA","4",,,,,,,
"4600623","2017-09-17T04:00:00","20.89","-137.60",,,"1","3","2","5",,,"11",,,,,,,,,,,,,,,,,,,,,,,,,,,,,,,"236","7","798","172","7","1","2","1","FFFFFF","1AAAAAAAAAAAAA","4",,,,,,,
"4600770","2017-09-17T04:00:00","23.83","-134.79",,,"1","4","2","5",,,"11",,,,,,,,,"10174",,,"8",,,,,"9","239",,,,,,,,,,,,,"236","34","798","172","7","1","2","1","1FFF1F","1AAAA1AAA1AAAA","4",,,,,,,
"4601544","2017-09-17T04:00:00","20.15","-136.33",,,"1","4","2","5",,,"11",,,,,,,,,,,,"8",,,,,"9","251",,,,,,,,,,,,,"236","6","798","172","7","0",,"1","1FFFFF","1AAAAAAAA1AAAA","4",,,,,,,
"2200638","2017-09-17T04:01:00","24.77","-138.70",,,"1","4","2","5",,,"11",,,,,,,,,,,,"8",,,,,"9","245",,,,,,,,,,,,,"236","48","798","172","7","0",,"1","1FFFFF","1AAAAAAAA1AAAA","4",,,,,,,
"4601544","2017-09-17T04:30:00","20.15","-136.33",,,"1","4","2","5",,,"11",,,,,,,,,,,,"8",,,,,"9","251",,,,,,,,,,,,,"236","6","798","172","7","0",,"1","1FFFFF","1AAAAAAAA1AAAA","4",,,,,,,
"2100530","2017-09-17T05:00:00","25.32","-133.12",,,"1","4","2","5",,,"11",,,,,,,,,"10187",,,"8",,,,,"9","232",,,,,,,,,,,,,"236","53","798","172","7","1","2","1","1FFF1F","1AAAA1AAA1AAAA","4",,,,,,,
"4600623","2017-09-17T05:00:00","20.87","-137.60",,,"1","3","2","5",,,"11",,,,,,,,,,,,,,,,,,,,,,,,,,,,,,,"236","7","798","172","7","1","2","1","FFFFFF","1AAAAAAAAAAAAA","4",,,,,,,
"4600770","2017-09-17T05:00:00","23.82","-134.81",,,"1","4","2","5",,,"11",,,,,,,,,"10180",,,"8",,,,,"9","239",,,,,,,,,,,,,"236","34","798","172","7","1","2","1","1FFF1F","1AAAA1AAA1AAAA","4",,,,,,,
"4601544","2017-09-17T05:00:00","20.15","-136.33",,,"1","4","2","5",,,"11",,,,,,,,,,,,"8",,,,,"9","251",,,,,,,,,,,,,"236","6","798","172","7","0",,"1","1FFFFF","1AAAAAAAA1AAAA","4",,,,,,,
"2200638","2017-09-17T05:01:00","24.77","-138.71",,,"1","4","2","5",,,"11",,,,,,,,,,,,"8",,,,,"9","245",,,,,,,,,,,,,"236","48","798","172","7","0",,"1","1FFFFF","1AAAAAAAA1AAAA","4",,,,,,,
"4601544","2017-09-17T05:30:00","20.15","-136.34",,,"1","4","2","5",,,"11",,,,,,,,,,,,"8",,,,,"9","251",,,,,,,,,,,,,"236","6","798","172","7","0",,"1","1FFFFF","1AAAAAAAA1AAAA","4",,,,,,,
"2100530","2017-09-17T06:00:00","25.30","-133.13",,,"1","4","2","5",,,"11",,,,,,,,,"10193",,,"8",,,,,"9","231",,,,,,,,,,,,,"236","53","798","172","7","1","2","1","1FFF1F","1AAAA1AAA1AAAA","4",,,,,,,
"4600623","2017-09-17T06:00:00","20.87","-137.61",,,"1","3","2","5",,,"11",,,,,,,,,,,,,,,,,,,,,,,,,,,,,,,"236","7","798","172","7","1","2","1","FFFFFF","1AAAAAAAAAAAAA","4",,,,,,,
"4600770","2017-09-17T06:00:00","23.82","-134.81",,,"1","4","2","5",,,"11",,,,,,,,,"10186",,,"8",,,,,"9","239",,,,,,,,,,,,,"236","34","798","172","7","1","2","1","1FFF1F","1AAAA1AAA1AAAA","4",,,,,,,
"4601544","2017-09-17T06:00:00","20.15","-136.34",,,"1","4","2","5",,,"11",,,,,,,,,,,,"8",,,,,"9","250",,,,,,,,,,,,,"236","6","798","172","7","0",,"1","1FFFFF","1AAAAAAAA1AAAA","4",,,,,,,
"2200638","2017-09-17T06:01:00","24.76","-138.72",,,"1","4","2","5",,,"11",,,,,,,,,,,,"8",,,,,"9","245",,,,,,,,,,,,,"236","48","798","172","7","0",,"1","1FFFFF","1AAAAAAAA1AAAA","4",,,,,,,
"4600059","2017-09-17T06:10:00","27.20","-136.60",,,"1","3","2","5",,,"11",,"60","1","50",,,,,"10203",,,,,,,,,,,,,,,,,,,,,,"236","76","798","172","6","1","2","1","FF11FF","11AAAAAAAAAAAA",,,,,,,,
"4601544","2017-09-17T06:30:00","20.15","-136.34",,,"1","4","2","5",,,"11",,,,,,,,,,,,"8",,,,,"9","250",,,,,,,,,,,,,"236","6","798","172","7","0",,"1","1FFFFF","1AAAAAAAA1AAAA","4",,,,,,,
"4600059","2017-09-17T06:40:00","29.40","-134.50",,,"1","3","2","5",,,"11",,"50","1","50",,,,,"10204",,,,,,,,,,,,,,,,,,"3",,"9","2","236","94","798","172","6","1","2","1","FFFFFF","1AAAAAAAAAA77A",,,,,,,,
"4600623","2017-09-17T07:00:00","20.86","-137.63",,,"1","3","2","5",,,"11",,,,,,,,,,,,,,,,,,,,,,,,,,,,,,,"236","7","798","172","7","1","2","1","FFFFFF","1AAAAAAAAAAAAA","4",,,,,,,
"4600770","2017-09-17T07:00:00","23.81","-134.83",,,"1","4","2","5",,,"11",,,,,,,,,"10189",,,"8",,,,,"9","239",,,,,,,,,,,,,"236","34","798","172","7","1","2","1","1FFF1F","1AAAA1AAA1AAAA","4",,,,,,,
"4601544","2017-09-17T07:00:00","20.15","-136.35",,,"1","4","2","5",,,"11",,,,,,,,,,,,"8",,,,,"9","250",,,,,,,,,,,,,"236","6","798","172","7","0",,"1","1FFFFF","1AAAAAAAA1AAAA","4",,,,,,,
"2200638","2017-09-17T07:01:00","24.76","-138.73",,,"1","4","2","5",,,"11",,,,,,,,,,,,"8",,,,,"9","245",,,,,,,,,,,,,"236","48","798","172","7","0",,"1","1FFFFF","1AAAAAAAA1AAAA","4",,,,,,,
"4601544","2017-09-17T07:30:00","20.15","-136.35",,,"1","4","2","5",,,"11",,,,,,,,,,,,"8",,,,,"9","250",,,,,,,,,,,,,"236","6","798","172","7","0",,"1","1FFFFF","1AAAAAAAA1AAAA","4",,,,,,,
"2100530","2017-09-17T08:00:00","25.28","-133.15",,,"1","4","2","5",,,"11",,,,,,,,,"10193",,,"8",,,,,"9","231",,,,,,,,,,,,,"236","53","798","172","7","1","2","1","1FFF1F","1AAAA1AAA1AAAA","4",,,,,,,
"4600623","2017-09-17T08:00:00","20.86","-137.64",,,"1","3","2","5",,,"11",,,,,,,,,,,,,,,,,,,,,,,,,,,,,,,"236","7","798","172","7","1","2","1","FFFFFF","1AAAAAAAAAAAAA","4",,,,,,,
"4600770","2017-09-17T08:00:00","23.81","-134.83",,,"1","4","2","5",,,"11",,,,,,,,,"10185",,,"8",,,,,"9","239",,,,,,,,,,,,,"236","34","798","172","7","1","2","1","1FFF1F","1AAAA1AAA1AAAA","4",,,,,,,
"4601544","2017-09-17T08:00:00","20.15","-136.35",,,"1","4","2","5",,,"11",,,,,,,,,,,,"8",,,,,"9","250",,,,,,,,,,,,,"236","6","798","172","7","0",,"1","1FFFFF","1AAAAAAAA1AAAA","4",,,,,,,
"2200638","2017-09-17T08:01:00","24.76","-138.74",,,"1","4","2","5",,,"11",,,,,,,,,,,,"8",,,,,"9","245",,,,,,,,,,,,,"236","48","798","172","7","0",,"1","1FFFFF","1AAAAAAAA1AAAA","4",,,,,,,
"4601544","2017-09-17T08:30:00","20.15","-136.35",,,"1","4","2","5",,,"11",,,,,,,,,,,,"8",,,,,"9","250",,,,,,,,,,,,,"236","6","798","172","7","0",,"1","1FFFFF","1AAAAAAAA1AAAA","4",,,,,,,
"2100530","2017-09-17T09:00:00","25.28","-133.15",,,"1","4","2","5",,,"11",,,,,,,,,"10191",,,"8",,,,,"9","231",,,,,,,,,,,,,"236","53","798","172","7","1","2","1","1FFF1F","1AAAA1AAA1AAAA","4",,,,,,,
"4600623","2017-09-17T09:00:00","20.86","-137.64",,,"1","3","2","5",,,"11",,,,,,,,,,,,,,,,,,,,,,,,,,,,,,,"236","7","798","172","7","1","2","1","FFFFFF","1AAAAAAAAAAAAA","4",,,,,,,
"4600770","2017-09-17T09:00:00","23.81","-134.83",,,"1","4","2","5",,,"11",,,,,,,,,"10184",,,"8",,,,,"9","239",,,,,,,,,,,,,"236","34","798","172","7","1","2","1","1FFF1F","1AAAA1AAA1AAAA","4",,,,,,,
"4601544","2017-09-17T09:00:00","20.15","-136.36",,,"1","4","2","5",,,"11",,,,,,,,,,,,"8",,,,,"9","250",,,,,,,,,,,,,"236","6","798","172","7","0",,"1","1FFFFF","1AAAAAAAA1AAAA","4",,,,,,,
"2200638","2017-09-17T09:01:00","24.75","-138.75",,,"1","4","2","5",,,"11",,,,,,,,,,,,"8",,,,,"9","245",,,,,,,,,,,,,"236","48","798","172","7","0",,"1","1FFFFF","1AAAAAAAA1AAAA","4",,,,,,,
"4601544","2017-09-17T09:30:00","20.14","-136.36",,,"1","4","2","5",,,"11",,,,,,,,,,,,"8",,,,,"9","250",,,,,,,,,,,,,"236","6","798","172","7","0",,"1","1FFFFF","1AAAAAAAA1AAAA","4",,,,,,,
"2100530","2017-09-17T10:00:00","25.28","-133.15",,,"1","4","2","5",,,"11",,,,,,,,,"10189",,,"8",,,,,"9","231",,,,,,,,,,,,,"236","53","798","172","7","1","2","1","1FFF1F","1AAAA1AAA1AAAA","4",,,,,,,
"4600623","2017-09-17T10:00:00","20.86","-137.64",,,"1","3","2","5",,,"11",,,,,,,,,,,,,,,,,,,,,,,,,,,,,,,"236","7","798","172","7","1","2","1","FFFFFF","1AAAAAAAAAAAAA","4",,,,,,,
"4600770","2017-09-17T10:00:00","23.81","-134.83",,,"1","4","2","5",,,"11",,,,,,,,,"10180",,,"8",,,,,"9","239",,,,,,,,,,,,,"236","34","798","172","7","1","2","1","1FFF1F","1AAAA1AAA1AAAA","4",,,,,,,
"4601544","2017-09-17T10:00:00","20.14","-136.36",,,"1","4","2","5",,,"11",,,,,,,,,,,,"8",,,,,"9","250",,,,,,,,,,,,,"236","6","798","172","7","0",,"1","1FFFFF","1AAAAAAAA1AAAA","4",,,,,,,
"2200638","2017-09-17T10:01:00","24.74","-138.76",,,"1","4","2","5",,,"11",,,,,,,,,,,,"8",,,,,"9","245",,,,,,,,,,,,,"236","48","798","172","7","0",,"1","1FFFFF","1AAAAAAAA1AAAA","4",,,,,,,
"4601544","2017-09-17T10:30:00","20.14","-136.36",,,"1","4","2","5",,,"11",,,,,,,,,,,,"8",,,,,"9","250",,,,,,,,,,,,,"236","6","798","172","7","0",,"1","1FFFFF","1AAAAAAAA1AAAA","4",,,,,,,
"2100530","2017-09-17T11:00:00","25.28","-133.15",,,"1","4","2","5",,,"11",,,,,,,,,"10185",,,"8",,,,,"9","231",,,,,,,,,,,,,"236","53","798","172","7","1","2","1","1FFF1F","1AAAA1AAA1AAAA","4",,,,,,,
"4600623","2017-09-17T11:00:00","20.82","-137.67",,,"1","3","2","5",,,"11",,,,,,,,,,,,,,,,,,,,,,,,,,,,,,,"236","7","798","172","7","1","2","1","FFFFFF","1AAAAAAAAAAAAA","4",,,,,,,
"4600770","2017-09-17T11:00:00","23.81","-134.83",,,"1","4","2","5",,,"11",,,,,,,,,"10173",,,"8",,,,,"9","239",,,,,,,,,,,,,"236","34","798","172","7","1","2","1","1FFF1F","1AAAA1AAA1AAAA","4",,,,,,,
"4601544","2017-09-17T11:00:00","20.14","-136.36",,,"1","4","2","5",,,"11",,,,,,,,,,,,"8",,,,,"9","250",,,,,,,,,,,,,"236","6","798","172","7","0",,"1","1FFFFF","1AAAAAAAA1AAAA","4",,,,,,,
"2200638","2017-09-17T11:01:00","24.74","-138.77",,,"1","4","2","5",,,"11",,,,,,,,,,,,"8",,,,,"9","245",,,,,,,,,,,,,"236","48","798","172","7","0",,"1","1FFFFF","1AAAAAAAA1AAAA","4",,,,,,,
"4601544","2017-09-17T11:30:00","20.14","-136.37",,,"1","4","2","5",,,"11",,,,,,,,,,,,"8",,,,,"9","250",,,,,,,,,,,,,"236","6","798","172","7","0",,"1","1FFFFF","1AAAAAAAA1AAAA","4",,,,,,,
"4600059","2017-09-17T11:50:00","27.10","-136.60",,,"1","3","2","5",,,"11","0","50","1","70",,,,,"10194",,,,,,,,,,,,,,,,,"4","2",,"11","2","236","76","798","172","6","1","2","1","FF11FF","11AAAAAAAAAAAA",,,"6",,,,,"4"
"2100530","2017-09-17T12:00:00","25.28","-133.15",,,"1","4","2","5",,,"11",,,,,,,,,"10179",,,"8",,,,,"9","231",,,,,,,,,,,,,"236","53","798","172","7","1","2","1","1FFF1F","1AAAA1AAA1AAAA","4",,,,,,,
"4600623","2017-09-17T12:00:00","20.82","-137.67",,,"1","3","2","5",,,"11",,,,,,,,,,,,,,,,,,,,,,,,,,,,,,,"236","7","798","172","7","1","2","1","FFFFFF","1AAAAAAAAAAAAA","4",,,,,,,
"4600770","2017-09-17T12:00:00","23.78","-134.87",,,"1","4","2","5",,,"11",,,,,,,,,"10169",,,"8",,,,,"9","239",,,,,,,,,,,,,"236","34","798","172","7","1","2","1","1FFF1F","1AAAA1AAA1AAAA","4",,,,,,,
"4601544","2017-09-17T12:00:00","20.14","-136.37",,,"1","4","2","5",,,"11",,,,,,,,,,,,"8",,,,,"9","250",,,,,,,,,,,,,"236","6","798","172","7","0",,"1","1FFFFF","1AAAAAAAA1AAAA","4",,,,,,,
"2200638","2017-09-17T12:01:00","24.73","-138.78",,,"1","4","2","5",,,"11",,,,,,,,,,,,"8",,,,,"9","245",,,,,,,,,,,,,"236","48","798","172","7","0",,"1","1FFFFF","1AAAAAAAA1AAAA","4",,,,,,,
"4601544","2017-09-17T12:30:00","20.14","-136.37",,,"1","4","2","5",,,"11",,,,,,,,,,,,"8",,,,,"9","250",,,,,,,,,,,,,"236","6","798","172","7","0",,"1","1FFFFF","1AAAAAAAA1AAAA","4",,,,,,,
"2100530","2017-09-17T13:00:00","25.24","-133.21",,,"1","4","2","5",,,"11",,,,,,,,,"10178",,,"8",,,,,"9","231",,,,,,,,,,,,,"236","53","798","172","7","1","2","1","1FFF1F","1AAAA1AAA1AAAA","4",,,,,,,
"4600623","2017-09-17T13:00:00","20.86","-137.64",,,"1","3","2","5",,,"11",,,,,,,,,,,,,,,,,,,,,,,,,,,,,,,"236","7","798","172","7","1","2","1","FFFFFF","1AAAAAAAAAAAAA","4",,,,,,,
"4600770","2017-09-17T13:00:00","23.81","-134.83",,,"1","4","2","5",,,"11",,,,,,,,,"10167",,,"8",,,,,"9","239",,,,,,,,,,,,,"236","34","798","172","7","1","2","1","1FFF1F","1AAAA1AAA1AAAA","4",,,,,,,
"4601544","2017-09-17T13:00:00","20.14","-136.37",,,"1","4","2","5",,,"11",,,,,,,,,,,,"8",,,,,"9","249",,,,,,,,,,,,,"236","6","798","172","7","0",,"1","1FFFFF","1AAAAAAAA1AAAA","4",,,,,,,
"2200638","2017-09-17T13:01:00","24.72","-138.79",,,"1","4","2","5",,,"11",,,,,,,,,,,,"8",,,,,"9","245",,,,,,,,,,,,,"236","48","798","172","7","0",,"1","1FFFFF","1AAAAAAAA1AAAA","4",,,,,,,
"4601544","2017-09-17T13:30:00","20.14","-136.37",,,"1","4","2","5",,,"11",,,,,,,,,,,,"8",,,,,"9","249",,,,,,,,,,,,,"236","6","798","172","7","0",,"1","1FFFFF","1AAAAAAAA1AAAA","4",,,,,,,
"2100530","2017-09-17T14:00:00","25.24","-133.20",,,"1","4","2","5",,,"11",,,,,,,,,"10184",,,"8",,,,,"9","231",,,,,,,,,,,,,"236","53","798","172","7","1","2","1","1FFF1F","1AAAA1AAA1AAAA","4",,,,,,,
"4600623","2017-09-17T14:00:00","20.83","-137.67",,,"1","3","2","5",,,"11",,,,,,,,,,,,,,,,,,,,,,,,,,,,,,,"236","7","798","172","7","1","2","1","FFFFFF","1AAAAAAAAAAAAA","4",,,,,,,
"4600770","2017-09-17T14:00:00","23.76","-134.88",,,"1","4","2","5",,,"11",,,,,,,,,"10170",,,"8",,,,,"9","239",,,,,,,,,,,,,"236","34","798","172","7","1","2","1","1FFF1F","1AAAA1AAA1AAAA","4",,,,,,,
"4601544","2017-09-17T14:00:00","20.14","-136.37",,,"1","4","2","5",,,"11",,,,,,,,,,,,"8",,,,,"9","249",,,,,,,,,,,,,"236","6","798","172","7","0",,"1","1FFFFF","1AAAAAAAA1AAAA","4",,,,,,,
"2200638","2017-09-17T14:01:00","24.72","-138.80",,,"1","4","2","5",,,"11",,,,,,,,,,,,"8",,,,,"9","245",,,,,,,,,,,,,"236","48","798","172","7","0",,"1","1FFFFF","1AAAAAAAA1AAAA","4",,,,,,,
"4601544","2017-09-17T14:30:00","20.14","-136.37",,,"1","4","2","5",,,"11",,,,,,,,,,,,"8",,,,,"9","249",,,,,,,,,,,,,"236","6","798","172","7","0",,"1","1FFFFF","1AAAAAAAA1AAAA","4",,,,,,,
"2100530","2017-09-17T15:00:00","25.23","-133.21",,,"1","4","2","5",,,"11",,,,,,,,,"10186",,,"8",,,,,"9","230",,,,,,,,,,,,,"236","53","798","172","7","1","2","2","1FFF1F","1AAAA1AAA1AAAA","4",,,,,,,
"4600623","2017-09-17T15:00:00","20.81","-137.67",,,"1","3","2","5",,,"11",,,,,,,,,,,,,,,,,,,,,,,,,,,,,,,"236","7","798","172","7","1","2","1","FFFFFF","1AAAAAAAAAAAAA","4",,,,,,,
"4600770","2017-09-17T15:00:00","23.76","-134.88",,,"1","4","2","5",,,"11",,,,,,,,,"10173",,,"8",,,,,"9","238",,,,,,,,,,,,,"236","34","798","172","7","1","2","2","1FFF1F","1AAAA1AAA1AAAA","4",,,,,,,
"4601544","2017-09-17T15:00:00","20.14","-136.37",,,"1","4","2","5",,,"11",,,,,,,,,,,,"8",,,,,"9","249",,,,,,,,,,,,,"236","6","798","172","7","0",,"2","1FFFFF","1AAAAAAAA1AAAA","4",,,,,,,
"2200638","2017-09-17T15:01:00","24.72","-138.81",,,"1","4","2","5",,,"11",,,,,,,,,,,,"8",,,,,"9","245",,,,,,,,,,,,,"236","48","798","172","7","0",,"1","1FFFFF","1AAAAAAAA1AAAA","4",,,,,,,
"4601544","2017-09-17T15:30:00","20.14","-136.37",,,"1","4","2","5",,,"11",,,,,,,,,,,,"8",,,,,"9","249",,,,,,,,,,,,,"236","6","798","172","7","0",,"2","1FFFFF","1AAAAAAAA1AAAA","4",,,,,,,
"2100530","2017-09-17T16:00:00","25.23","-133.21",,,"1","4","2","5",,,"11",,,,,,,,,"10188",,,"8",,,,,"9","230",,,,,,,,,,,,,"236","53","798","172","7","1","2","2","1FFF1F","1AAAA1AAA1AAAA","4",,,,,,,
"4600623","2017-09-17T16:00:00","20.80","-137.68",,,"1","3","2","5",,,"11",,,,,,,,,,,,,,,,,,,,,,,,,,,,,,,"236","7","798","172","7","1","2","2","FFFFFF","1AAAAAAAAAAAAA","4",,,,,,,
"4600770","2017-09-17T16:00:00","23.76","-134.88",,,"1","4","2","5",,,"11",,,,,,,,,"10177",,,"8",,,,,"9","239",,,,,,,,,,,,,"236","34","798","172","7","1","2","2","1FFF1F","1AAAA1AAA1AAAA","4",,,,,,,
"4601544","2017-09-17T16:00:00","20.14","-136.37",,,"1","4","2","5",,,"11",,,,,,,,,,,,"8",,,,,"9","249",,,,,,,,,,,,,"236","6","798","172","7","0",,"2","1FFFFF","1AAAAAAAA1AAAA","4",,,,,,,
"2200638","2017-09-17T16:01:00","24.72","-138.81",,,"1","4","2","5",,,"11",,,,,,,,,,,,"8",,,,,"9","245",,,,,,,,,,,,,"236","48","798","172","7","0",,"2","1FFFFF","1AAAAAAAA1AAAA","4",,,,,,,
"4601544","2017-09-17T16:30:00","20.14","-136.37",,,"1","4","2","5",,,"11",,,,,,,,,,,,"8",,,,,"9","249",,,,,,,,,,,,,"236","6","798","172","7","0",,"2","1FFFFF","1AAAAAAAA1AAAA","4",,,,,,,
"2100530","2017-09-17T17:00:00","25.23","-133.21",,,"1","4","2","5",,,"11",,,,,,,,,"10192",,,"8",,,,,"9","231",,,,,,,,,,,,,"236","53","798","172","7","1","2","2","1FFF1F","1AAAA1AAA1AAAA","4",,,,,,,
"4600623","2017-09-17T17:00:00","20.80","-137.68",,,"1","3","2","5",,,"11",,,,,,,,,,,,,,,,,,,,,,,,,,,,,,,"236","7","798","172","7","1","2","2","FFFFFF","1AAAAAAAAAAAAA","4",,,,,,,
"4600770","2017-09-17T17:00:00","23.76","-134.88",,,"1","4","2","5",,,"11",,,,,,,,,"10182",,,"8",,,,,"9","239",,,,,,,,,,,,,"236","34","798","172","7","1","2","2","1FFF1F","1AAAA1AAA1AAAA","4",,,,,,,
"4601544","2017-09-17T17:00:00","20.14","-136.37",,,"1","4","2","5",,,"11",,,,,,,,,,,,"8",,,,,"9","249",,,,,,,,,,,,,"236","6","798","172","7","0",,"2","1FFFFF","1AAAAAAAA1AAAA","4",,,,,,,
"2200638","2017-09-17T17:01:00","24.72","-138.82",,,"1","4","2","5",,,"11",,,,,,,,,,,,"8",,,,,"9","245",,,,,,,,,,,,,"236","48","798","172","7","0",,"2","1FFFFF","1AAAAAAAA1AAAA","4",,,,,,,
"4601544","2017-09-17T17:30:00","20.14","-136.37",,,"1","4","2","5",,,"11",,,,,,,,,,,,"8",,,,,"9","250",,,,,,,,,,,,,"236","6","798","172","7","0",,"2","1FFFFF","1AAAAAAAA1AAAA","4",,,,,,,
"2100530","2017-09-17T18:00:00","25.22","-133.22",,,"1","4","2","5",,,"11",,,,,,,,,"10195",,,"8",,,,,"9","231",,,,,,,,,,,,,"236","53","798","172","7","1","2","2","1FFF1F","1AAAA1AAA1AAAA","4",,,,,,,
"4600623","2017-09-17T18:00:00","20.80","-137.68",,,"1","3","2","5",,,"11",,,,,,,,,,,,,,,,,,,,,,,,,,,,,,,"236","7","798","172","7","1","2","2","FFFFFF","1AAAAAAAAAAAAA","4",,,,,,,
"4600770","2017-09-17T18:00:00","23.73","-134.90",,,"1","4","2","5",,,"11",,,,,,,,,"10185",,,"8",,,,,"9","239",,,,,,,,,,,,,"236","34","798","172","7","1","2","2","1FFF1F","1AAAA1AAA1AAAA","4",,,,,,,
"4601544","2017-09-17T18:00:00","20.14","-136.37",,,"1","4","2","5",,,"11",,,,,,,,,,,,"8",,,,,"9","250",,,,,,,,,,,,,"236","6","798","172","7","0",,"2","1FFFFF","1AAAAAAAA1AAAA","4",,,,,,,
"A8UL6","2017-09-17T18:00:00","24.50","-133.60",,,"1","6","2","5","1","3","1",,"80",,"57","1","98","3","8","10190","3","15","8","240","0","210","194","1","245","4","2","4","5","4","0","8","2","1","2","4","2","236","43","798","172","5","1","2","2","111111","11111111111111",,"5",,"6",,,,
"2200638","2017-09-17T18:01:00","24.71","-138.82",,,"1","4","2","5",,,"11",,,,,,,,,,,,"8",,,,,"9","245",,,,,,,,,,,,,"236","48","798","172","7","0",,"2","1FFFFF","1AAAAAAAA1AAAA","4",,,,,,,
"4601544","2017-09-17T18:30:00","20.14","-136.37",,,"1","4","2","5",,,"11",,,,,,,,,,,,"8",,,,,"9","250",,,,,,,,,,,,,"236","6","798","172","7","0",,"2","1FFFFF","1AAAAAAAA1AAAA","4",,,,,,,
"4600059","2017-09-17T18:50:00","27.10","-136.60",,,"1","3","2","5",,,"11","0","50","1","80",,,,,"10207",,,,,,,,,,,,,,,,,"5","3",,"9","2","236","76","798","172","6","1","2","2","FF11FF","11AAAAAAAAAAAA",,,"6",,,,,"4"
"2100530","2017-09-17T19:00:00","25.19","-133.21",,,"1","4","2","5",,,"11",,,,,,,,,"10194",,,"8",,,,,"9","231",,,,,,,,,,,,,"236","53","798","172","7","1","2","2","1FFF1F","1AAAA1AAA1AAAA","4",,,,,,,
"4600623","2017-09-17T19:00:00","20.77","-137.70",,,"1","3","2","5",,,"11",,,,,,,,,,,,,,,,,,,,,,,,,,,,,,,"236","7","798","172","7","1","2","2","FFFFFF","1AAAAAAAAAAAAA","4",,,,,,,
"4600770","2017-09-17T19:00:00","23.72","-134.91",,,"1","4","2","5",,,"11",,,,,,,,,"10186",,,"8",,,,,"9","239",,,,,,,,,,,,,"236","34","798","172","7","1","2","2","1FFF1F","1AAAA1AAA1AAAA","4",,,,,,,
"4601544","2017-09-17T19:00:00","20.14","-136.37",,,"1","4","2","5",,,"11",,,,,,,,,,,,"8",,,,,"9","250",,,,,,,,,,,,,"236","6","798","172","7","0",,"2","1FFFFF","1AAAAAAAA1AAAA","4",,,,,,,
"2200638","2017-09-17T19:01:00","24.71","-138.83",,,"1","4","2","5",,,"11",,,,,,,,,,,,"8",,,,,"9","245",,,,,,,,,,,,,"236","48","798","172","7","0",,"2","1FFFFF","1AAAAAAAA1AAAA","4",,,,,,,
"4601544","2017-09-17T19:30:00","20.14","-136.37",,,"1","4","2","5",,,"11",,,,,,,,,,,,"8",,,,,"9","250",,,,,,,,,,,,,"236","6","798","172","7","0",,"2","1FFFFF","1AAAAAAAA1AAAA","4",,,,,,,
"2100530","2017-09-17T20:00:00","25.19","-133.22",,,"1","4","2","5",,,"11",,,,,,,,,"10191",,,"8",,,,,"9","232",,,,,,,,,,,,,"236","53","798","172","7","1","2","2","1FFF1F","1AAAA1AAA1AAAA","4",,,,,,,
"4600623","2017-09-17T20:00:00","20.76","-137.71",,,"1","3","2","5",,,"11",,,,,,,,,,,,,,,,,,,,,,,,,,,,,,,"236","7","798","172","7","1","2","2","FFFFFF","1AAAAAAAAAAAAA","4",,,,,,,
"4600770","2017-09-17T20:00:00","23.72","-134.92",,,"1","4","2","5",,,"11",,,,,,,,,"10185",,,"8",,,,,"9","239",,,,,,,,,,,,,"236","34","798","172","7","1","2","2","1FFF1F","1AAAA1AAA1AAAA","4",,,,,,,
"4601544","2017-09-17T20:00:00","20.14","-136.37",,,"1","4","2","5",,,"11",,,,,,,,,,,,"8",,,,,"9","250",,,,,,,,,,,,,"236","6","798","172","7","0",,"2","1FFFFF","1AAAAAAAA1AAAA","4",,,,,,,
"2200638","2017-09-17T20:01:00","24.70","-138.84",,,"1","4","2","5",,,"11",,,,,,,,,,,,"8",,,,,"9","245",,,,,,,,,,,,,"236","48","798","172","7","0",,"2","1FFFFF","1AAAAAAAA1AAAA","4",,,,,,,
"4601544","2017-09-17T20:30:00","20.14","-136.37",,,"1","4","2","5",,,"11",,,,,,,,,,,,"8",,,,,"9","250",,,,,,,,,,,,,"236","6","798","172","7","0",,"2","1FFFFF","1AAAAAAAA1AAAA","4",,,,,,,
"2100530","2017-09-17T21:00:00","25.19","-133.22",,,"1","4","2","5",,,"11",,,,,,,,,"10188",,,"8",,,,,"9","232",,,,,,,,,,,,,"236","53","798","172","7","1","2","2","1FFF1F","1AAAA1AAA1AAAA","4",,,,,,,
"4600623","2017-09-17T21:00:00","20.76","-137.71",,,"1","3","2","5",,,"11",,,,,,,,,,,,,,,,,,,,,,,,,,,,,,,"236","7","798","172","7","1","2","2","FFFFFF","1AAAAAAAAAAAAA","4",,,,,,,
"4600770","2017-09-17T21:00:00","23.72","-134.92",,,"1","4","2","5",,,"11",,,,,,,,,"10178",,,"8",,,,,"9","240",,,,,,,,,,,,,"236","34","798","172","7","1","2","2","1FFF1F","1AAAA1AAA1AAAA","4",,,,,,,
"4601544","2017-09-17T21:00:00","20.14","-136.37",,,"1","4","2","5",,,"11",,,,,,,,,,,,"8",,,,,"9","250",,,,,,,,,,,,,"236","6","798","172","7","0",,"2","1FFFFF","1AAAAAAAA1AAAA","4",,,,,,,
"2200638","2017-09-17T21:01:00","24.69","-138.85",,,"1","4","2","5",,,"11",,,,,,,,,,,,"8",,,,,"9","246",,,,,,,,,,,,,"236","48","798","172","7","0",,"2","1FFFFF","1AAAAAAAA1AAAA","4",,,,,,,
"4601544","2017-09-17T21:30:00","20.13","-136.37",,,"1","4","2","5",,,"11",,,,,,,,,,,,"8",,,,,"9","251",,,,,,,,,,,,,"236","6","798","172","7","0",,"2","1FFFFF","1AAAAAAAA1AAAA","4",,,,,,,
"2100530","2017-09-17T22:00:00","25.19","-133.22",,,"1","4","2","5",,,"11",,,,,,,,,"10182",,,"8",,,,,"9","233",,,,,,,,,,,,,"236","53","798","172","7","1","2","2","1FFF1F","1AAAA1AAA1AAAA","4",,,,,,,
"4600623","2017-09-17T22:00:00","20.76","-137.71",,,"1","3","2","5",,,"11",,,,,,,,,,,,,,,,,,,,,,,,,,,,,,,"236","7","798","172","7","1","2","2","FFFFFF","1AAAAAAAAAAAAA","4",,,,,,,
"4600770","2017-09-17T22:00:00","23.72","-134.92",,,"1","4","2","5",,,"11",,,,,,,,,"10174",,,"8",,,,,"9","240",,,,,,,,,,,,,"236","34","798","172","7","1","2","2","1FFF1F","1AAAA1AAA1AAAA","4",,,,,,,
"4601544","2017-09-17T22:00:00","20.13","-136.37",,,"1","4","2","5",,,"11",,,,,,,,,,,,"8",,,,,"9","251",,,,,,,,,,,,,"236","6","798","172","7","0",,"2","1FFFFF","1AAAAAAAA1AAAA","4",,,,,,,
"2200638","2017-09-17T22:01:00","24.69","-138.85",,,"1","4","2","5",,,"11",,,,,,,,,,,,"8",,,,,"9","246",,,,,,,,,,,,,"236","48","798","172","7","0",,"2","1FFFFF","1AAAAAAAA1AAAA","4",,,,,,,
"4601544","2017-09-17T22:30:00","20.13","-136.37",,,"1","4","2","5",,,"11",,,,,,,,,,,,"8",,,,,"9","251",,,,,,,,,,,,,"236","6","798","172","7","0",,"2","1FFFFF","1AAAAAAAA1AAAA","4",,,,,,,
"2100530","2017-09-17T23:00:00","25.16","-133.23",,,"1","4","2","5",,,"11",,,,,,,,,"10177",,,"8",,,,,"9","233",,,,,,,,,,,,,"236","53","798","172","7","1","2","2","1FFF1F","1AAAA1AAA1AAAA","4",,,,,,,
"4600623","2017-09-17T23:00:00","20.72","-137.75",,,"1","3","2","5",,,"11",,,,,,,,,,,,,,,,,,,,,,,,,,,,,,,"236","7","798","172","7","1","2","2","FFFFFF","1AAAAAAAAAAAAA","4",,,,,,,
"4600770","2017-09-17T23:00:00","23.70","-134.95",,,"1","4","2","5",,,"11",,,,,,,,,"10168",,,"8",,,,,"9","240",,,,,,,,,,,,,"236","34","798","172","7","1","2","2","1FFF1F","1AAAA1AAA1AAAA","4",,,,,,,
"4601544","2017-09-17T23:00:00","20.13","-136.38",,,"1","4","2","5",,,"11",,,,,,,,,,,,"8",,,,,"9","251",,,,,,,,,,,,,"236","6","798","172","7","0",,"2","1FFFFF","1AAAAAAAA1AAAA","4",,,,,,,
"2200638","2017-09-17T23:01:00","24.69","-138.85",,,"1","4","2","5",,,"11",,,,,,,,,,,,"8",,,,,"9","246",,,,,,,,,,,,,"236","48","798","172","7","0",,"2","1FFFFF","1AAAAAAAA1AAAA","4",,,,,,,
"4601544","2017-09-17T23:30:00","20.13","-136.38",,,"1","4","2","5",,,"11",,,,,,,,,,,,"8",,,,,"9","251",,,,,,,,,,,,,"236","6","798","172","7","0",,"2","1FFFFF","1AAAAAAAA1AAAA","4",,,,,,,
"2100530","2017-09-18T00:00:00","25.13","-133.24",,,"1","4","2","5",,,"11",,,,,,,,,"10175",,,"8",,,,,"9","233",,,,,,,,,,,,,"236","53","798","172","7","1","2","2","1FFF1F","1AAAA1AAA1AAAA","4",,,,,,,
"4600623","2017-09-18T00:00:00","20.72","-137.75",,,"1","3","2","5",,,"11",,,,,,,,,,,,,,,,,,,,,,,,,,,,,,,"236","7","798","172","7","1","2","2","FFFFFF","1AAAAAAAAAAAAA","4",,,,,,,
"4600770","2017-09-18T00:00:00","23.70","-134.97",,,"1","4","2","5",,,"11",,,,,,,,,"10164",,,"8",,,,,"9","240",,,,,,,,,,,,,"236","34","798","172","7","1","2","2","1FFF1F","1AAAA1AAA1AAAA","4",,,,,,,
"4601544","2017-09-18T00:00:00","20.13","-136.38",,,"1","4","2","5",,,"11",,,,,,,,,,,,"8",,,,,"9","251",,,,,,,,,,,,,"236","6","798","172","7","0",,"2","1FFFFF","1AAAAAAAA1AAAA","4",,,,,,,
"A8UL6","2017-09-18T00:00:00","25.60","-132.80",,,"1","6","2","5","1","3","1",,"20","4","77","1","98","3","2","10170","7","13","8","240",,"205","188","1","245","6","4","2","4","6","0",,"5","2","3","8","4","236","52","798","172","5","1","2","2","111111","11111111111111",,"5",,"2",,,,
"2200638","2017-09-18T00:01:00","24.67","-138.87",,,"1","4","2","5",,,"11",,,,,,,,,,,,"8",,,,,"9","245",,,,,,,,,,,,,"236","48","798","172","7","0",,"2","1FFFFF","1AAAAAAAA1AAAA","4",,,,,,,
"2100530","2017-09-18T01:00:00","25.13","-133.24",,,"1","4","2","5",,,"11",,,,,,,,,"10177",,,"8",,,,,"9","233",,,,,,,,,,,,,"236","53","798","172","7","1","2","2","1FFF1F","1AAAA1AAA1AAAA","4",,,,,,,
"4600623","2017-09-18T01:00:00","20.72","-137.75",,,"1","3","2","5",,,"11",,,,,,,,,,,,,,,,,,,,,,,,,,,,,,,"236","7","798","172","7","1","2","2","FFFFFF","1AAAAAAAAAAAAA","4",,,,,,,
"4600770","2017-09-18T01:00:00","23.70","-134.97",,,"1","4","2","5",,,"11",,,,,,,,,"10165",,,"8",,,,,"9","240",,,,,,,,,,,,,"236","34","798","172","7","1","2","2","1FFF1F","1AAAA1AAA1AAAA","4",,,,,,,
"2200638","2017-09-18T01:01:00","24.66","-138.88",,,"1","4","2","5",,,"11",,,,,,,,,,,,"8",,,,,"9","245",,,,,,,,,,,,,"236","48","798","172","7","0",,"2","1FFFFF","1AAAAAAAA1AAAA","4",,,,,,,
"2100530","2017-09-18T02:00:00","25.13","-133.24",,,"1","4","2","5",,,"11",,,,,,,,,"10175",,,"8",,,,,"9","232",,,,,,,,,,,,,"236","53","798","172","7","1","2","2","1FFF1F","1AAAA1AAA1AAAA","4",,,,,,,
"4600623","2017-09-18T02:00:00","20.72","-137.75",,,"1","3","2","5",,,"11",,,,,,,,,,,,,,,,,,,,,,,,,,,,,,,"236","7","798","172","7","1","2","2","FFFFFF","1AAAAAAAAAAAAA","4",,,,,,,
"4600770","2017-09-18T02:00:00","23.69","-134.99",,,"1","4","2","5",,,"11",,,,,,,,,"10166",,,"8",,,,,"9","240",,,,,,,,,,,,,"236","34","798","172","7","1","2","2","1FFF1F","1AAAA1AAA1AAAA","4",,,,,,,
"2200638","2017-09-18T02:01:00","24.65","-138.89",,,"1","4","2","5",,,"11",,,,,,,,,,,,"8",,,,,"9","244",,,,,,,,,,,,,"236","48","798","172","7","0",,"2","1FFFFF","1AAAAAAAA1AAAA","4",,,,,,,
"2100530","2017-09-18T03:00:00","25.10","-133.25",,,"1","4","2","5",,,"11",,,,,,,,,"10177",,,"8",,,,,"9","232",,,,,,,,,,,,,"236","53","798","172","7","1","2","1","1FFF1F","1AAAA1AAA1AAAA","4",,,,,,,
"4600623","2017-09-18T03:00:00","20.72","-137.75",,,"1","3","2","5",,,"11",,,,,,,,,,,,,,,,,,,,,,,,,,,,,,,"236","7","798","172","7","1","2","2","FFFFFF","1AAAAAAAAAAAAA","4",,,,,,,
"4600770","2017-09-18T03:00:00","23.70","-134.97",,,"1","4","2","5",,,"11",,,,,,,,,"10167",,,"8",,,,,"9","240",,,,,,,,,,,,,"236","34","798","172","7","1","2","2","1FFF1F","1AAAA1AAA1AAAA","4",,,,,,,
"4601544","2017-09-18T03:00:00","20.12","-136.38",,,"1","4","2","5",,,"11",,,,,,,,,,,,"8",,,,,"9","250",,,,,,,,,,,,,"236","6","798","172","7","0",,"2","1FFFFF","1AAAAAAAA1AAAA","4",,,,,,,
"2200638","2017-09-18T03:01:00","24.65","-138.90",,,"1","4","2","5",,,"11",,,,,,,,,,,,"8",,,,,"9","244",,,,,,,,,,,,,"236","48","798","172","7","0",,"2","1FFFFF","1AAAAAAAA1AAAA","4",,,,,,,
"4601544","2017-09-18T03:30:00","20.12","-136.38",,,"1","4","2","5",,,"11",,,,,,,,,,,,"8",,,,,"9","250",,,,,,,,,,,,,"236","6","798","172","7","0",,"1","1FFFFF","1AAAAAAAA1AAAA","4",,,,,,,
"2100530","2017-09-18T04:00:00","25.10","-133.27",,,"1","4","2","5",,,"11",,,,,,,,,"10181",,,"8",,,,,"9","232",,,,,,,,,,,,,"236","53","798","172","7","1","2","1","1FFF1F","1AAAA1AAA1AAAA","4",,,,,,,
"4600623","2017-09-18T04:00:00","20.69","-137.77",,,"1","3","2","5",,,"11",,,,,,,,,,,,,,,,,,,,,,,,,,,,,,,"236","7","798","172","7","1","2","1","FFFFFF","1AAAAAAAAAAAAA","4",,,,,,,
"4600770","2017-09-18T04:00:00","23.70","-135.01",,,"1","4","2","5",,,"11",,,,,,,,,"10172",,,"8",,,,,"9","240",,,,,,,,,,,,,"236","35","798","172","7","1","2","1","1FFF1F","1AAAA1AAA1AAAA","4",,,,,,,
"4601544","2017-09-18T04:00:00","20.12","-136.38",,,"1","4","2","5",,,"11",,,,,,,,,,,,"8",,,,,"9","250",,,,,,,,,,,,,"236","6","798","172","7","0",,"1","1FFFFF","1AAAAAAAA1AAAA","4",,,,,,,
"2200638","2017-09-18T04:01:00","24.64","-138.91",,,"1","4","2","5",,,"11",,,,,,,,,,,,"8",,,,,"9","244",,,,,,,,,,,,,"236","48","798","172","7","0",,"1","1FFFFF","1AAAAAAAA1AAAA","4",,,,,,,
"4601544","2017-09-18T04:30:00","20.12","-136.38",,,"1","4","2","5",,,"11",,,,,,,,,,,,"8",,,,,"9","250",,,,,,,,,,,,,"236","6","798","172","7","0",,"1","1FFFFF","1AAAAAAAA1AAAA","4",,,,,,,
"2100530","2017-09-18T05:00:00","25.09","-133.28",,,"1","4","2","5",,,"11",,,,,,,,,"10187",,,"8",,,,,"9","232",,,,,,,,,,,,,"236","53","798","172","7","1","2","1","1FFF1F","1AAAA1AAA1AAAA","4",,,,,,,
"4600623","2017-09-18T05:00:00","20.68","-137.78",,,"1","3","2","5",,,"11",,,,,,,,,,,,,,,,,,,,,,,,,,,,,,,"236","7","798","172","7","1","2","1","FFFFFF","1AAAAAAAAAAAAA","4",,,,,,,
"4600770","2017-09-18T05:00:00","23.70","-135.03",,,"1","4","2","5",,,"11",,,,,,,,,"10176",,,"8",,,,,"9","240",,,,,,,,,,,,,"236","35","798","172","7","1","2","1","1FFF1F","1AAAA1AAA1AAAA","4",,,,,,,
"2200638","2017-09-18T05:01:00","24.63","-138.92",,,"1","4","2","5",,,"11",,,,,,,,,,,,"8",,,,,"9","244",,,,,,,,,,,,,"236","48","798","172","7","0",,"1","1FFFFF","1AAAAAAAA1AAAA","4",,,,,,,
"2100530","2017-09-18T06:00:00","25.08","-133.28",,,"1","4","2","5",,,"11",,,,,,,,,"10188",,,"8",,,,,"9","231",,,,,,,,,,,,,"236","53","798","172","7","1","2","1","1FFF1F","1AAAA1AAA1AAAA","4",,,,,,,
"4600623","2017-09-18T06:00:00","20.68","-137.79",,,"1","3","2","5",,,"11",,,,,,,,,,,,,,,,,,,,,,,,,,,,,,,"236","7","798","172","7","1","2","1","FFFFFF","1AAAAAAAAAAAAA","4",,,,,,,
"4600770","2017-09-18T06:00:00","23.70","-135.03",,,"1","4","2","5",,,"11",,,,,,,,,"10181",,,"8",,,,,"9","239",,,,,,,,,,,,,"236","35","798","172","7","1","2","1","1FFF1F","1AAAA1AAA1AAAA","4",,,,,,,
"2200638","2017-09-18T06:01:00","24.63","-138.94",,,"1","4","2","5",,,"11",,,,,,,,,,,,"8",,,,,"9","244",,,,,,,,,,,,,"236","48","798","172","7","0",,"1","1FFFFF","1AAAAAAAA1AAAA","4",,,,,,,
"4601544","2017-09-18T06:02:00","20.11","-136.37",,,"1","4","2","5",,,"11",,,,,,,,,,,,"8",,,,,"9","250",,,,,,,,,,,,,"236","6","798","172","7","0",,"1","1FFFFF","1AAAAAAAA1AAAA","4",,,,,,,
"4601544","2017-09-18T06:30:00","20.11","-136.37",,,"1","4","2","5",,,"11",,,,,,,,,,,,"8",,,,,"9","250",,,,,,,,,,,,,"236","6","798","172","7","0",,"1","1FFFFF","1AAAAAAAA1AAAA","4",,,,,,,
"2100530","2017-09-18T07:00:00","25.07","-133.30",,,"1","4","2","5",,,"11",,,,,,,,,"10190",,,"8",,,,,"9","231",,,,,,,,,,,,,"236","53","798","172","7","1","2","1","1FFF1F","1AAAA1AAA1AAAA","4",,,,,,,
"4600623","2017-09-18T07:00:00","20.67","-137.79",,,"1","3","2","5",,,"11",,,,,,,,,,,,,,,,,,,,,,,,,,,,,,,"236","7","798","172","7","1","2","1","FFFFFF","1AAAAAAAAAAAAA","4",,,,,,,
"4600770","2017-09-18T07:00:00","23.70","-135.04",,,"1","4","2","5",,,"11",,,,,,,,,"10182",,,"8",,,,,"9","239",,,,,,,,,,,,,"236","35","798","172","7","1","2","1","1FFF1F","1AAAA1AAA1AAAA","4",,,,,,,
"4601544","2017-09-18T07:00:00","20.10","-136.37",,,"1","4","2","5",,,"11",,,,,,,,,,,,"8",,,,,"9","250",,,,,,,,,,,,,"236","6","798","172","7","0",,"1","1FFFFF","1AAAAAAAA1AAAA","4",,,,,,,
"2200638","2017-09-18T07:01:00","24.62","-138.95",,,"1","4","2","5",,,"11",,,,,,,,,,,,"8",,,,,"9","244",,,,,,,,,,,,,"236","48","798","172","7","0",,"1","1FFFFF","1AAAAAAAA1AAAA","4",,,,,,,
"4601544","2017-09-18T07:30:00","20.10","-136.37",,,"1","4","2","5",,,"11",,,,,,,,,,,,"8",,,,,"9","250",,,,,,,,,,,,,"236","6","798","172","7","0",,"1","1FFFFF","1AAAAAAAA1AAAA","4",,,,,,,
"2100530","2017-09-18T08:00:00","25.07","-133.30",,,"1","4","2","5",,,"11",,,,,,,,,"10190",,,"8",,,,,"9","231",,,,,,,,,,,,,"236","53","798","172","7","1","2","1","1FFF1F","1AAAA1AAA1AAAA","4",,,,,,,
"4600623","2017-09-18T08:00:00","20.66","-137.80",,,"1","3","2","5",,,"11",,,,,,,,,,,,,,,,,,,,,,,,,,,,,,,"236","7","798","172","7","1","2","1","FFFFFF","1AAAAAAAAAAAAA","4",,,,,,,
"4600770","2017-09-18T08:00:00","23.70","-135.04",,,"1","4","2","5",,,"11",,,,,,,,,"10180",,,"8",,,,,"9","239",,,,,,,,,,,,,"236","35","798","172","7","1","2","1","1FFF1F","1AAAA1AAA1AAAA","4",,,,,,,
"4601544","2017-09-18T08:00:00","20.10","-136.37",,,"1","4","2","5",,,"11",,,,,,,,,,,,"8",,,,,"9","250",,,,,,,,,,,,,"236","6","798","172","7","0",,"1","1FFFFF","1AAAAAAAA1AAAA","4",,,,,,,
"2200638","2017-09-18T08:01:00","24.61","-138.96",,,"1","4","2","5",,,"11",,,,,,,,,,,,"8",,,,,"9","244",,,,,,,,,,,,,"236","48","798","172","7","0",,"1","1FFFFF","1AAAAAAAA1AAAA","4",,,,,,,
"4601544","2017-09-18T08:30:00","20.09","-136.37",,,"1","4","2","5",,,"11",,,,,,,,,,,,"8",,,,,"9","250",,,,,,,,,,,,,"236","6","798","172","7","0",,"1","1FFFFF","1AAAAAAAA1AAAA","4",,,,,,,
"2100530","2017-09-18T09:00:00","25.07","-133.30",,,"1","4","2","5",,,"11",,,,,,,,,"10185",,,"8",,,,,"9","231",,,,,,,,,,,,,"236","53","798","172","7","1","2","1","1FFF1F","1AAAA1AAA1AAAA","4",,,,,,,
"4600623","2017-09-18T09:00:00","20.66","-137.80",,,"1","3","2","5",,,"11",,,,,,,,,,,,,,,,,,,,,,,,,,,,,,,"236","7","798","172","7","1","2","1","FFFFFF","1AAAAAAAAAAAAA","4",,,,,,,
"4600770","2017-09-18T09:00:00","23.70","-135.04",,,"1","4","2","5",,,"11",,,,,,,,,"10175",,,"8",,,,,"9","239",,,,,,,,,,,,,"236","35","798","172","7","1","2","1","1FFF1F","1AAAA1AAA1AAAA","4",,,,,,,
"4601544","2017-09-18T09:00:00","20.09","-136.37",,,"1","4","2","5",,,"11",,,,,,,,,,,,"8",,,,,"9","250",,,,,,,,,,,,,"236","6","798","172","7","0",,"1","1FFFFF","1AAAAAAAA1AAAA","4",,,,,,,
"2200638","2017-09-18T09:01:00","24.61","-138.97",,,"1","4","2","5",,,"11",,,,,,,,,,,,"8",,,,,"9","244",,,,,,,,,,,,,"236","48","798","172","7","0",,"1","1FFFFF","1AAAAAAAA1AAAA","4",,,,,,,
"4601544","2017-09-18T09:05:00","20.09","-136.38",,,"1","4","2","5",,,"11",,,,,,,,,,,,"8",,,,,"9","250",,,,,,,,,,,,,"236","6","798","172","7","0",,"1","1FFFFF","1AAAAAAAA1AAAA","4",,,,,,,
"4601544","2017-09-18T09:30:00","20.08","-136.38",,,"1","4","2","5",,,"11",,,,,,,,,,,,"8",,,,,"9","250",,,,,,,,,,,,,"236","6","798","172","7","0",,"1","1FFFFF","1AAAAAAAA1AAAA","4",,,,,,,
"2100530","2017-09-18T10:00:00","25.07","-133.30",,,"1","4","2","5",,,"11",,,,,,,,,"10180",,,"8",,,,,"9","231",,,,,,,,,,,,,"236","53","798","172","7","1","2","1","1FFF1F","1AAAA1AAA1AAAA","4",,,,,,,
"4600623","2017-09-18T10:00:00","20.66","-137.80",,,"1","3","2","5",,,"11",,,,,,,,,,,,,,,,,,,,,,,,,,,,,,,"236","7","798","172","7","1","2","1","FFFFFF","1AAAAAAAAAAAAA","4",,,,,,,
"4600770","2017-09-18T10:00:00","23.70","-135.04",,,"1","4","2","5",,,"11",,,,,,,,,"10170",,,"8",,,,,"9","239",,,,,,,,,,,,,"236","35","798","172","7","1","2","1","1FFF1F","1AAAA1AAA1AAAA","4",,,,,,,
"2200638","2017-09-18T10:01:00","24.60","-138.98",,,"1","4","2","5",,,"11",,,,,,,,,,,,"8",,,,,"9","244",,,,,,,,,,,,,"236","48","798","172","7","0",,"1","1FFFFF","1AAAAAAAA1AAAA","4",,,,,,,
"4601544","2017-09-18T10:02:00","20.08","-136.38",,,"1","4","2","5",,,"11",,,,,,,,,,,,"8",,,,,"9","250",,,,,,,,,,,,,"236","6","798","172","7","0",,"1","1FFFFF","1AAAAAAAA1AAAA","4",,,,,,,
"2100530","2017-09-18T11:00:00","25.07","-133.30",,,"1","4","2","5",,,"11",,,,,,,,,"10178",,,"8",,,,,"9","231",,,,,,,,,,,,,"236","53","798","172","7","1","2","1","1FFF1F","1AAAA1AAA1AAAA","4",,,,,,,
"4600623","2017-09-18T11:00:00","20.63","-137.83",,,"1","3","2","5",,,"11",,,,,,,,,,,,,,,,,,,,,,,,,,,,,,,"236","7","798","172","7","1","2","1","FFFFFF","1AAAAAAAAAAAAA","4",,,,,,,
"4600770","2017-09-18T11:00:00","23.69","-135.07",,,"1","4","2","5",,,"11",,,,,,,,,"10163",,,"8",,,,,"9","239",,,,,,,,,,,,,"236","35","798","172","7","1","2","1","1FFF1F","1AAAA1AAA1AAAA","4",,,,,,,
"2200638","2017-09-18T11:01:00","24.60","-138.99",,,"1","4","2","5",,,"11",,,,,,,,,,,,"8",,,,,"9","244",,,,,,,,,,,,,"236","48","798","172","7","0",,"1","1FFFFF","1AAAAAAAA1AAAA","4",,,,,,,
"2100530","2017-09-18T12:00:00","25.02","-133.35",,,"1","4","2","5",,,"11",,,,,,,,,"10175",,,"8",,,,,"9","231",,,,,,,,,,,,,"236","53","798","172","7","1","2","1","1FFF1F","1AAAA1AAA1AAAA","4",,,,,,,
"4600623","2017-09-18T12:00:00","20.66","-137.80",,,"1","3","2","5",,,"11",,,,,,,,,,,,,,,,,,,,,,,,,,,,,,,"236","7","798","172","7","1","2","1","FFFFFF","1AAAAAAAAAAAAA","4",,,,,,,
"4600770","2017-09-18T12:00:00","23.70","-135.04",,,"1","4","2","5",,,"11",,,,,,,,,"10160",,,"8",,,,,"9","239",,,,,,,,,,,,,"236","35","798","172","7","1","2","1","1FFF1F","1AAAA1AAA1AAAA","4",,,,,,,
"4601544","2017-09-18T12:00:00","20.06","-136.39",,,"1","4","2","5",,,"11",,,,,,,,,,,,"8",,,,,"9","250",,,,,,,,,,,,,"236","6","798","172","7","0",,"1","1FFFFF","1AAAAAAAA1AAAA","4",,,,,,,
"2200638","2017-09-18T12:01:00","24.59","-139.00",,,"1","4","2","5",,,"11",,,,,,,,,,,,"8",,,,,"9","244",,,,,,,,,,,,,"236","49","798","172","7","0",,"1","1FFFFF","1AAAAAAAA1AAAA","4",,,,,,,
"4601544","2017-09-18T12:05:00","20.06","-136.39",,,"1","4","2","5",,,"11",,,,,,,,,,,,"8",,,,,"9","250",,,,,,,,,,,,,"236","6","798","172","7","0",,"1","1FFFFF","1AAAAAAAA1AAAA","4",,,,,,,
"4601544","2017-09-18T12:30:00","20.06","-136.39",,,"1","4","2","5",,,"11",,,,,,,,,,,,"8",,,,,"9","250",,,,,,,,,,,,,"236","6","798","172","7","0",,"1","1FFFFF","1AAAAAAAA1AAAA","4",,,,,,,
"2100530","2017-09-18T13:00:00","25.01","-133.36",,,"1","4","2","5",,,"11",,,,,,,,,"10172",,,"8",,,,,"9","230",,,,,,,,,,,,,"236","53","798","172","7","1","2","1","1FFF1F","1AAAA1AAA1AAAA","4",,,,,,,
"4600059","2017-09-18T13:00:00","27.00","-136.80",,,"1","3","2","5",,,"11","0","50","1","70",,,,,"10190","6","11",,,,,,,,,,,,,,,,,,,,"236","76","798","172","6","1","2","1","FF11FF","11AAAAAAAAAAAA",,,"6",,,,,"4"
"4600623","2017-09-18T13:00:00","20.63","-137.83",,,"1","3","2","5",,,"11",,,,,,,,,,,,,,,,,,,,,,,,,,,,,,,"236","7","798","172","7","1","2","1","FFFFFF","1AAAAAAAAAAAAA","4",,,,,,,
"4600770","2017-09-18T13:00:00","23.68","-135.08",,,"1","4","2","5",,,"11",,,,,,,,,"10160",,,"8",,,,,"9","239",,,,,,,,,,,,,"236","35","798","172","7","1","2","1","1FFF1F","1AAAA1AAA1AAAA","4",,,,,,,
"4601544","2017-09-18T13:00:00","20.06","-136.39",,,"1","4","2","5",,,"11",,,,,,,,,,,,"8",,,,,"9","250",,,,,,,,,,,,,"236","6","798","172","7","0",,"1","1FFFFF","1AAAAAAAA1AAAA","4",,,,,,,
"2200638","2017-09-18T13:01:00","24.58","-139.00",,,"1","4","2","5",,,"11",,,,,,,,,,,,"8",,,,,"9","244",,,,,,,,,,,,,"236","49","798","172","7","0",,"1","1FFFFF","1AAAAAAAA1AAAA","4",,,,,,,
"4601544","2017-09-18T13:30:00","20.06","-136.39",,,"1","4","2","5",,,"11",,,,,,,,,,,,"8",,,,,"9","250",,,,,,,,,,,,,"236","6","798","172","7","0",,"1","1FFFFF","1AAAAAAAA1AAAA","4",,,,,,,
"2100530","2017-09-18T14:00:00","24.99","-133.38",,,"1","4","2","5",,,"11",,,,,,,,,"10174",,,"8",,,,,"9","230",,,,,,,,,,,,,"236","43","798","172","7","1","2","1","1FFF1F","1AAAA1AAA1AAAA","4",,,,,,,
"4600623","2017-09-18T14:00:00","20.62","-137.84",,,"1","3","2","5",,,"11",,,,,,,,,,,,,,,,,,,,,,,,,,,,,,,"236","7","798","172","7","1","2","1","FFFFFF","1AAAAAAAAAAAAA","4",,,,,,,
"4600770","2017-09-18T14:00:00","23.66","-135.08",,,"1","4","2","5",,,"11",,,,,,,,,"10164",,,"8",,,,,"9","239",,,,,,,,,,,,,"236","35","798","172","7","1","2","1","1FFF1F","1AAAA1AAA1AAAA","4",,,,,,,
"4601544","2017-09-18T14:00:00","20.06","-136.39",,,"1","4","2","5",,,"11",,,,,,,,,,,,"8",,,,,"9","250",,,,,,,,,,,,,"236","6","798","172","7","0",,"1","1FFFFF","1AAAAAAAA1AAAA","4",,,,,,,
"2200638","2017-09-18T14:01:00","24.58","-139.01",,,"1","4","2","5",,,"11",,,,,,,,,,,,"8",,,,,"9","244",,,,,,,,,,,,,"236","49","798","172","7","0",,"1","1FFFFF","1AAAAAAAA1AAAA","4",,,,,,,
"4601544","2017-09-18T14:30:00","20.06","-136.39",,,"1","4","2","5",,,"11",,,,,,,,,,,,"8",,,,,"9","250",,,,,,,,,,,,,"236","6","798","172","7","0",,"1","1FFFFF","1AAAAAAAA1AAAA","4",,,,,,,
"2100530","2017-09-18T15:00:00","24.99","-133.38",,,"1","4","2","5",,,"11",,,,,,,,,"10180",,,"8",,,,,"9","230",,,,,,,,,,,,,"236","43","798","172","7","1","2","2","1FFF1F","1AAAA1AAA1AAAA","4",,,,,,,
"4600623","2017-09-18T15:00:00","20.62","-137.85",,,"1","3","2","5",,,"11",,,,,,,,,,,,,,,,,,,,,,,,,,,,,,,"236","7","798","172","7","1","2","1","FFFFFF","1AAAAAAAAAAAAA","4",,,,,,,
"4600770","2017-09-18T15:00:00","23.66","-135.08",,,"1","4","2","5",,,"11",,,,,,,,,"10170",,,"8",,,,,"9","239",,,,,,,,,,,,,"236","35","798","172","7","1","2","2","1FFF1F","1AAAA1AAA1AAAA","4",,,,,,,
"4601544","2017-09-18T15:00:00","20.06","-136.39",,,"1","4","2","5",,,"11",,,,,,,,,,,,"8",,,,,"9","250",,,,,,,,,,,,,"236","6","798","172","7","0",,"2","1FFFFF","1AAAAAAAA1AAAA","4",,,,,,,
"2200638","2017-09-18T15:01:00","24.57","-139.02",,,"1","4","2","5",,,"11",,,,,,,,,,,,"8",,,,,"9","244",,,,,,,,,,,,,"236","49","798","172","7","0",,"1","1FFFFF","1AAAAAAAA1AAAA","4",,,,,,,
"4601544","2017-09-18T15:30:00","20.06","-136.39",,,"1","4","2","5",,,"11",,,,,,,,,,,,"8",,,,,"9","250",,,,,,,,,,,,,"236","6","798","172","7","0",,"2","1FFFFF","1AAAAAAAA1AAAA","4",,,,,,,
"2100530","2017-09-18T16:00:00","24.98","-133.42",,,"1","4","2","5",,,"11",,,,,,,,,"10186",,,"8",,,,,"9","230",,,,,,,,,,,,,"236","43","798","172","7","1","2","2","1FFF1F","1AAAA1AAA1AAAA","4",,,,,,,
"4600623","2017-09-18T16:00:00","20.62","-137.84",,,"1","3","2","5",,,"11",,,,,,,,,,,,,,,,,,,,,,,,,,,,,,,"236","7","798","172","7","1","2","2","FFFFFF","1AAAAAAAAAAAAA","4",,,,,,,
"4600770","2017-09-18T16:00:00","23.65","-135.11",,,"1","4","2","5",,,"11",,,,,,,,,"10173",,,"8",,,,,"9","239",,,,,,,,,,,,,"236","35","798","172","7","1","2","2","1FFF1F","1AAAA1AAA1AAAA","4",,,,,,,
"4601544","2017-09-18T16:00:00","20.06","-136.39",,,"1","4","2","5",,,"11",,,,,,,,,,,,"8",,,,,"9","250",,,,,,,,,,,,,"236","6","798","172","7","0",,"2","1FFFFF","1AAAAAAAA1AAAA","4",,,,,,,
"2200638","2017-09-18T16:01:00","24.57","-139.04",,,"1","4","2","5",,,"11",,,,,,,,,,,,"8",,,,,"9","244",,,,,,,,,,,,,"236","49","798","172","7","0",,"2","1FFFFF","1AAAAAAAA1AAAA","4",,,,,,,
"4601544","2017-09-18T16:30:00","20.06","-136.39",,,"1","4","2","5",,,"11",,,,,,,,,,,,"8",,,,,"9","250",,,,,,,,,,,,,"236","6","798","172","7","0",,"2","1FFFFF","1AAAAAAAA1AAAA","4",,,,,,,
"2100530","2017-09-18T17:00:00","24.98","-133.42",,,"1","4","2","5",,,"11",,,,,,,,,"10193",,,"8",,,,,"9","230",,,,,,,,,,,,,"236","43","798","172","7","1","2","2","1FFF1F","1AAAA1AAA1AAAA","4",,,,,,,
"4600059","2017-09-18T17:00:00","27.00","-136.80",,,"1","3","2","5",,,"11",,"90","1","50",,,,,"10205","2","13",,,,,,,,,,,,,,,,,,,,"236","76","798","172","6","1","2","2","FF11FF","11AAAAAAAAAAAA",,,,,,,,
"4600623","2017-09-18T17:00:00","20.61","-137.86",,,"1","3","2","5",,,"11",,,,,,,,,,,,,,,,,,,,,,,,,,,,,,,"236","7","798","172","7","1","2","2","FFFFFF","1AAAAAAAAAAAAA","4",,,,,,,
"4600770","2017-09-18T17:00:00","23.65","-135.11",,,"1","4","2","5",,,"11",,,,,,,,,"10178",,,"8",,,,,"9","239",,,,,,,,,,,,,"236","35","798","172","7","1","2","2","1FFF1F","1AAAA1AAA1AAAA","4",,,,,,,
"4601544","2017-09-18T17:00:00","20.06","-136.39",,,"1","4","2","5",,,"11",,,,,,,,,,,,"8",,,,,"9","250",,,,,,,,,,,,,"236","6","798","172","7","0",,"2","1FFFFF","1AAAAAAAA1AAAA","4",,,,,,,
"2200638","2017-09-18T17:01:00","24.56","-139.05",,,"1","4","2","5",,,"11",,,,,,,,,,,,"8",,,,,"9","244",,,,,,,,,,,,,"236","49","798","172","7","0",,"2","1FFFFF","1AAAAAAAA1AAAA","4",,,,,,,
"4601544","2017-09-18T17:30:00","20.05","-136.39",,,"1","4","2","5",,,"11",,,,,,,,,,,,"8",,,,,"9","250",,,,,,,,,,,,,"236","6","798","172","7","0",,"2","1FFFFF","1AAAAAAAA1AAAA","4",,,,,,,
"2100530","2017-09-18T18:00:00","24.97","-133.43",,,"1","4","2","5",,,"11",,,,,,,,,"10196",,,"8",,,,,"9","231",,,,,,,,,,,,,"236","43","798","172","7","1","2","2","1FFF1F","1AAAA1AAA1AAAA","4",,,,,,,
"4600623","2017-09-18T18:00:00","20.61","-137.86",,,"1","3","2","5",,,"11",,,,,,,,,,,,,,,,,,,,,,,,,,,,,,,"236","7","798","172","7","1","2","2","FFFFFF","1AAAAAAAAAAAAA","4",,,,,,,
"4600770","2017-09-18T18:00:00","23.64","-135.11",,,"1","4","2","5",,,"11",,,,,,,,,"10181",,,"8",,,,,"9","239",,,,,,,,,,,,,"236","35","798","172","7","1","2","2","1FFF1F","1AAAA1AAA1AAAA","4",,,,,,,
"4601544","2017-09-18T18:00:00","20.05","-136.39",,,"1","4","2","5",,,"11",,,,,,,,,,,,"8",,,,,"9","250",,,,,,,,,,,,,"236","6","798","172","7","0",,"2","1FFFFF","1AAAAAAAA1AAAA","4",,,,,,,
"A8UL6","2017-09-18T18:00:00","29.10","-130.10",,,"1","6","2","5","1","3","1",,"10",,"57","1","98","2","2","10208","3","11","8","200","0","180","169","1","235","8","5","7","2","2","0","1","2","1","1","4","2","236","90","798","172","5","1","2","2","111111","11111111111111",,"5",,"2",,,,
"2200638","2017-09-18T18:01:00","24.56","-139.07",,,"1","4","2","5",,,"11",,,,,,,,,,,,"8",,,,,"9","244",,,,,,,,,,,,,"236","49","798","172","7","0",,"2","1FFFFF","1AAAAAAAA1AAAA","4",,,,,,,
"4601544","2017-09-18T18:30:00","20.05","-136.39",,,"1","4","2","5",,,"11",,,,,,,,,,,,"8",,,,,"9","251",,,,,,,,,,,,,"236","6","798","172","7","0",,"2","1FFFFF","1AAAAAAAA1AAAA","4",,,,,,,
"2100530","2017-09-18T19:00:00","24.97","-133.45",,,"1","4","2","5",,,"11",,,,,,,,,"10197",,,"8",,,,,"9","231",,,,,,,,,,,,,"236","43","798","172","7","1","2","2","1FFF1F","1AAAA1AAA1AAAA","4",,,,,,,
"4600623","2017-09-18T19:00:00","20.61","-137.86",,,"1","3","2","5",,,"11",,,,,,,,,,,,,,,,,,,,,,,,,,,,,,,"236","7","798","172","7","1","2","2","FFFFFF","1AAAAAAAAAAAAA","4",,,,,,,
"4600770","2017-09-18T19:00:00","23.64","-135.13",,,"1","4","2","5",,,"11",,,,,,,,,"10184",,,"8",,,,,"9","239",,,,,,,,,,,,,"236","35","798","172","7","1","2","2","1FFF1F","1AAAA1AAA1AAAA","4",,,,,,,
"4601544","2017-09-18T19:00:00","20.05","-136.39",,,"1","4","2","5",,,"11",,,,,,,,,,,,"8",,,,,"9","251",,,,,,,,,,,,,"236","6","798","172","7","0",,"2","1FFFFF","1AAAAAAAA1AAAA","4",,,,,,,
"WSRL","2017-09-18T19:00:00","28.80","-138.60",,,"1","5","2","5","6","4","1",,"50","3","41","1","98","2","0","10207","5","5","8","211",,"183","165",,,"7",,"7","2","A","A",,"4","2","4","10","2","236","88","798","172","5","1","2","2","F11111","111111111A1111",,"5",,"0",,,,
"2200638","2017-09-18T19:01:00","24.55","-139.08",,,"1","4","2","5",,,"11",,,,,,,,,,,,"8",,,,,"9","244",,,,,,,,,,,,,"236","49","798","172","7","0",,"2","1FFFFF","1AAAAAAAA1AAAA","4",,,,,,,
"4601544","2017-09-18T19:30:00","20.05","-136.39",,,"1","4","2","5",,,"11",,,,,,,,,,,,"8",,,,,"9","251",,,,,,,,,,,,,"236","6","798","172","7","0",,"2","1FFFFF","1AAAAAAAA1AAAA","4",,,,,,,
"2100530","2017-09-18T20:00:00","24.96","-133.46",,,"1","4","2","5",,,"11",,,,,,,,,"10195",,,"8",,,,,"9","231",,,,,,,,,,,,,"236","43","798","172","7","1","2","2","1FFF1F","1AAAA1AAA1AAAA","4",,,,,,,
"4600623","2017-09-18T20:00:00","20.61","-137.87",,,"1","3","2","5",,,"11",,,,,,,,,,,,,,,,,,,,,,,,,,,,,,,"236","7","798","172","7","1","2","2","FFFFFF","1AAAAAAAAAAAAA","4",,,,,,,
"4600770","2017-09-18T20:00:00","23.63","-135.14",,,"1","4","2","5",,,"11",,,,,,,,,"10183",,,"8",,,,,"9","239",,,,,,,,,,,,,"236","35","798","172","7","1","2","2","1FFF1F","1AAAA1AAA1AAAA","4",,,,,,,
"4601544","2017-09-18T20:00:00","20.04","-136.39",,,"1","4","2","5",,,"11",,,,,,,,,,,,"8",,,,,"9","251",,,,,,,,,,,,,"236","6","798","172","7","0",,"2","1FFFFF","1AAAAAAAA1AAAA","4",,,,,,,
"2200638","2017-09-18T20:01:00","24.55","-139.09",,,"1","4","2","5",,,"11",,,,,,,,,,,,"8",,,,,"9","244",,,,,,,,,,,,,"236","49","798","172","7","0",,"2","1FFFFF","1AAAAAAAA1AAAA","4",,,,,,,
"4601544","2017-09-18T20:30:00","20.04","-136.40",,,"1","4","2","5",,,"11",,,,,,,,,,,,"8",,,,,"9","251",,,,,,,,,,,,,"236","6","798","172","7","0",,"2","1FFFFF","1AAAAAAAA1AAAA","4",,,,,,,
"2100530","2017-09-18T21:00:00","24.96","-133.46",,,"1","4","2","5",,,"11",,,,,,,,,"10189",,,"8",,,,,"9","231",,,,,,,,,,,,,"236","43","798","172","7","1","2","2","1FFF1F","1AAAA1AAA1AAAA","4",,,,,,,
"4600623","2017-09-18T21:00:00","20.61","-137.87",,,"1","3","2","5",,,"11",,,,,,,,,,,,,,,,,,,,,,,,,,,,,,,"236","7","798","172","7","1","2","2","FFFFFF","1AAAAAAAAAAAAA","4",,,,,,,
"4600770","2017-09-18T21:00:00","23.63","-135.14",,,"1","4","2","5",,,"11",,,,,,,,,"10178",,,"8",,,,,"9","239",,,,,,,,,,,,,"236","35","798","172","7","1","2","2","1FFF1F","1AAAA1AAA1AAAA","4",,,,,,,
"4601544","2017-09-18T21:00:00","20.04","-136.40",,,"1","4","2","5",,,"11",,,,,,,,,,,,"8",,,,,"9","251",,,,,,,,,,,,,"236","6","798","172","7","0",,"2","1FFFFF","1AAAAAAAA1AAAA","4",,,,,,,
"2200638","2017-09-18T21:01:00","24.55","-139.11",,,"1","4","2","5",,,"11",,,,,,,,,,,,"8",,,,,"9","245",,,,,,,,,,,,,"236","49","798","172","7","0",,"2","1FFFFF","1AAAAAAAA1AAAA","4",,,,,,,
"4601544","2017-09-18T21:30:00","20.04","-136.40",,,"1","4","2","5",,,"11",,,,,,,,,,,,"8",,,,,"9","251",,,,,,,,,,,,,"236","6","798","172","7","0",,"2","1FFFFF","1AAAAAAAA1AAAA","4",,,,,,,
"2100530","2017-09-18T22:00:00","24.96","-133.46",,,"1","4","2","5",,,"11",,,,,,,,,"10183",,,"8",,,,,"9","232",,,,,,,,,,,,,"236","43","798","172","7","1","2","2","1FFF1F","1AAAA1AAA1AAAA","4",,,,,,,
"4600623","2017-09-18T22:00:00","20.59","-137.92",,,"1","3","2","5",,,"11",,,,,,,,,,,,,,,,,,,,,,,,,,,,,,,"236","7","798","172","7","1","2","2","FFFFFF","1AAAAAAAAAAAAA","4",,,,,,,
"4600770","2017-09-18T22:00:00","23.63","-135.14",,,"1","4","2","5",,,"11",,,,,,,,,"10171",,,"8",,,,,"9","239",,,,,,,,,,,,,"236","35","798","172","7","1","2","2","1FFF1F","1AAAA1AAA1AAAA","4",,,,,,,
"4601544","2017-09-18T22:00:00","20.04","-136.40",,,"1","4","2","5",,,"11",,,,,,,,,,,,"8",,,,,"9","251",,,,,,,,,,,,,"236","6","798","172","7","0",,"2","1FFFFF","1AAAAAAAA1AAAA","4",,,,,,,
"2200638","2017-09-18T22:01:00","24.54","-139.12",,,"1","4","2","5",,,"11",,,,,,,,,,,,"8",,,,,"9","244",,,,,,,,,,,,,"236","49","798","172","7","0",,"2","1FFFFF","1AAAAAAAA1AAAA","4",,,,,,,
"4601544","2017-09-18T22:30:00","20.03","-136.40",,,"1","4","2","5",,,"11",,,,,,,,,,,,"8",,,,,"9","251",,,,,,,,,,,,,"236","6","798","172","7","0",,"2","1FFFFF","1AAAAAAAA1AAAA","4",,,,,,,
"2100530","2017-09-18T23:00:00","24.94","-133.49",,,"1","4","2","5",,,"11",,,,,,,,,"10180",,,"8",,,,,"9","231",,,,,,,,,,,,,"236","43","798","172","7","1","2","2","1FFF1F","1AAAA1AAA1AAAA","4",,,,,,,
"4600623","2017-09-18T23:00:00","20.59","-137.92",,,"1","3","2","5",,,"11",,,,,,,,,,,,,,,,,,,,,,,,,,,,,,,"236","7","798","172","7","1","2","2","FFFFFF","1AAAAAAAAAAAAA","4",,,,,,,
"4600770","2017-09-18T23:00:00","23.63","-135.14",,,"1","4","2","5",,,"11",,,,,,,,,"10166",,,"8",,,,,"9","239",,,,,,,,,,,,,"236","35","798","172","7","1","2","2","1FFF1F","1AAAA1AAA1AAAA","4",,,,,,,
"4601544","2017-09-18T23:00:00","20.03","-136.40",,,"1","4","2","5",,,"11",,,,,,,,,,,,"8",,,,,"9","251",,,,,,,,,,,,,"236","6","798","172","7","0",,"2","1FFFFF","1AAAAAAAA1AAAA","4",,,,,,,
"2200638","2017-09-18T23:01:00","24.53","-139.13",,,"1","4","2","5",,,"11",,,,,,,,,,,,"8",,,,,"9","244",,,,,,,,,,,,,"236","49","798","172","7","0",,"2","1FFFFF","1AAAAAAAA1AAAA","4",,,,,,,
"4601544","2017-09-18T23:30:00","20.03","-136.40",,,"1","4","2","5",,,"11",,,,,,,,,,,,"8",,,,,"9","251",,,,,,,,,,,,,"236","6","798","172","7","0",,"2","1FFFFF","1AAAAAAAA1AAAA","4",,,,,,,
"2100530","2017-09-19T00:00:00","24.94","-133.49",,,"1","4","2","5",,,"11",,,,,,,,,"10176",,,"8",,,,,"9","231",,,,,,,,,,,,,"236","43","798","172","7","1","2","2","1FFF1F","1AAAA1AAA1AAAA","4",,,,,,,
"4600623","2017-09-19T00:00:00","20.59","-137.91",,,"1","3","2","5",,,"11",,,,,,,,,,,,,,,,,,,,,,,,,,,,,,,"236","7","798","172","7","1","2","2","FFFFFF","1AAAAAAAAAAAAA","4",,,,,,,
"4600770","2017-09-19T00:00:00","23.63","-135.14",,,"1","4","2","5",,,"11",,,,,,,,,"10164",,,"8",,,,,"9","239",,,,,,,,,,,,,"236","35","798","172","7","1","2","2","1FFF1F","1AAAA1AAA1AAAA","4",,,,,,,
"4601544","2017-09-19T00:00:00","20.02","-136.40",,,"1","4","2","5",,,"11",,,,,,,,,,,,"8",,,,,"9","251",,,,,,,,,,,,,"236","6","798","172","7","0",,"2","1FFFFF","1AAAAAAAA1AAAA","4",,,,,,,
"2200638","2017-09-19T00:01:00","24.53","-139.14",,,"1","4","2","5",,,"11",,,,,,,,,,,,"8",,,,,"9","244",,,,,,,,,,,,,"236","49","798","172","7","0",,"2","1FFFFF","1AAAAAAAA1AAAA","4",,,,,,,
"4601544","2017-09-19T00:30:00","20.02","-136.40",,,"1","4","2","5",,,"11",,,,,,,,,,,,"8",,,,,"9","251",,,,,,,,,,,,,"236","6","798","172","7","0",,"2","1FFFFF","1AAAAAAAA1AAAA","4",,,,,,,
"2100530","2017-09-19T01:00:00","24.93","-133.50",,,"1","4","2","5",,,"11",,,,,,,,,"10178",,,"8",,,,,"9","231",,,,,,,,,,,,,"236","43","798","172","7","1","2","2","1FFF1F","1AAAA1AAA1AAAA","4",,,,,,,
"4600623","2017-09-19T01:00:00","20.59","-137.91",,,"1","3","2","5",,,"11",,,,,,,,,,,,,,,,,,,,,,,,,,,,,,,"236","7","798","172","7","1","2","2","FFFFFF","1AAAAAAAAAAAAA","4",,,,,,,
"4600770","2017-09-19T01:00:00","23.63","-135.14",,,"1","4","2","5",,,"11",,,,,,,,,"10164",,,"8",,,,,"9","239",,,,,,,,,,,,,"236","35","798","172","7","1","2","2","1FFF1F","1AAAA1AAA1AAAA","4",,,,,,,
"4601544","2017-09-19T01:00:00","20.02","-136.40",,,"1","4","2","5",,,"11",,,,,,,,,,,,"8",,,,,"9","251",,,,,,,,,,,,,"236","6","798","172","7","0",,"2","1FFFFF","1AAAAAAAA1AAAA","4",,,,,,,
"2200638","2017-09-19T01:01:00","24.53","-139.16",,,"1","4","2","5",,,"11",,,,,,,,,,,,"8",,,,,"9","244",,,,,,,,,,,,,"236","49","798","172","7","0",,"2","1FFFFF","1AAAAAAAA1AAAA","4",,,,,,,
"4601544","2017-09-19T01:30:00","20.02","-136.40",,,"1","4","2","5",,,"11",,,,,,,,,,,,"8",,,,,"9","251",,,,,,,,,,,,,"236","6","798","172","7","0",,"2","1FFFFF","1AAAAAAAA1AAAA","4",,,,,,,
"2100530","2017-09-19T02:00:00","24.93","-133.51",,,"1","4","2","5",,,"11",,,,,,,,,"10177",,,"8",,,,,"9","231",,,,,,,,,,,,,"236","43","798","172","7","1","2","2","1FFF1F","1AAAA1AAA1AAAA","4",,,,,,,
"4600623","2017-09-19T02:00:00","20.59","-137.92",,,"1","3","2","5",,,"11",,,,,,,,,,,,,,,,,,,,,,,,,,,,,,,"236","7","798","172","7","1","2","2","FFFFFF","1AAAAAAAAAAAAA","4",,,,,,,
"4600770","2017-09-19T02:00:00","23.63","-135.14",,,"1","4","2","5",,,"11",,,,,,,,,"10166",,,"8",,,,,"9","239",,,,,,,,,,,,,"236","35","798","172","7","1","2","2","1FFF1F","1AAAA1AAA1AAAA","4",,,,,,,
"4601544","2017-09-19T02:00:00","20.02","-136.40",,,"1","4","2","5",,,"11",,,,,,,,,,,,"8",,,,,"9","251",,,,,,,,,,,,,"236","6","798","172","7","0",,"2","1FFFFF","1AAAAAAAA1AAAA","4",,,,,,,
"2200638","2017-09-19T02:01:00","24.52","-139.17",,,"1","4","2","5",,,"11",,,,,,,,,,,,"8",,,,,"9","245",,,,,,,,,,,,,"236","49","798","172","7","0",,"2","1FFFFF","1AAAAAAAA1AAAA","4",,,,,,,
"4601544","2017-09-19T02:30:00","20.02","-136.40",,,"1","4","2","5",,,"11",,,,,,,,,,,,"8",,,,,"9","251",,,,,,,,,,,,,"236","6","798","172","7","0",,"2","1FFFFF","1AAAAAAAA1AAAA","4",,,,,,,
"2100530","2017-09-19T03:00:00","24.93","-133.51",,,"1","4","2","5",,,"11",,,,,,,,,"10182",,,"8",,,,,"9","231",,,,,,,,,,,,,"236","43","798","172","7","1","2","2","1FFF1F","1AAAA1AAA1AAAA","4",,,,,,,
"4600623","2017-09-19T03:00:00","20.58","-137.93",,,"1","3","2","5",,,"11",,,,,,,,,,,,,,,,,,,,,,,,,,,,,,,"236","7","798","172","7","1","2","2","FFFFFF","1AAAAAAAAAAAAA","4",,,,,,,
"4600770","2017-09-19T03:00:00","23.59","-135.20",,,"1","4","2","5",,,"11",,,,,,,,,"10169",,,"8",,,,,"9","239",,,,,,,,,,,,,"236","35","798","172","7","1","2","2","1FFF1F","1AAAA1AAA1AAAA","4",,,,,,,
"4601544","2017-09-19T03:00:00","20.02","-136.40",,,"1","4","2","5",,,"11",,,,,,,,,,,,"8",,,,,"9","251",,,,,,,,,,,,,"236","6","798","172","7","0",,"2","1FFFFF","1AAAAAAAA1AAAA","4",,,,,,,
"2200638","2017-09-19T03:01:00","24.52","-139.18",,,"1","4","2","5",,,"11",,,,,,,,,,,,"8",,,,,"9","244",,,,,,,,,,,,,"236","49","798","172","7","0",,"2","1FFFFF","1AAAAAAAA1AAAA","4",,,,,,,
"4601544","2017-09-19T03:30:00","20.02","-136.40",,,"1","4","2","5",,,"11",,,,,,,,,,,,"8",,,,,"9","251",,,,,,,,,,,,,"236","6","798","172","7","0",,"1","1FFFFF","1AAAAAAAA1AAAA","4",,,,,,,
"2100530","2017-09-19T04:00:00","24.92","-133.52",,,"1","4","2","5",,,"11",,,,,,,,,"10187",,,"8",,,,,"9","231",,,,,,,,,,,,,"236","43","798","172","7","1","2","1","1FFF1F","1AAAA1AAA1AAAA","4",,,,,,,
"4600623","2017-09-19T04:00:00","20.59","-137.92",,,"1","3","2","5",,,"11",,,,,,,,,,,,,,,,,,,,,,,,,,,,,,,"236","7","798","172","7","1","2","1","FFFFFF","1AAAAAAAAAAAAA","4",,,,,,,
"4600770","2017-09-19T04:00:00","23.58","-135.22",,,"1","4","2","5",,,"11",,,,,,,,,"10175",,,"8",,,,,"9","240",,,,,,,,,,,,,"236","35","798","172","7","1","2","1","1FFF1F","1AAAA1AAA1AAAA","4",,,,,,,
"4601544","2017-09-19T04:00:00","20.02","-136.40",,,"1","4","2","5",,,"11",,,,,,,,,,,,"8",,,,,"9","251",,,,,,,,,,,,,"236","6","798","172","7","0",,"1","1FFFFF","1AAAAAAAA1AAAA","4",,,,,,,
"2200638","2017-09-19T04:01:00","24.52","-139.19",,,"1","4","2","5",,,"11",,,,,,,,,,,,"8",,,,,"9","244",,,,,,,,,,,,,"236","49","798","172","7","0",,"1","1FFFFF","1AAAAAAAA1AAAA","4",,,,,,,
"4601544","2017-09-19T04:30:00","20.01","-136.40",,,"1","4","2","5",,,"11",,,,,,,,,,,,"8",,,,,"9","251",,,,,,,,,,,,,"236","6","798","172","7","0",,"1","1FFFFF","1AAAAAAAA1AAAA","4",,,,,,,
"2100530","2017-09-19T05:00:00","24.91","-133.53",,,"1","4","2","5",,,"11",,,,,,,,,"10192",,,"8",,,,,"9","231",,,,,,,,,,,,,"236","43","798","172","7","1","2","1","1FFF1F","1AAAA1AAA1AAAA","4",,,,,,,
"4600623","2017-09-19T05:00:00","20.57","-137.94",,,"1","3","2","5",,,"11",,,,,,,,,,,,,,,,,,,,,,,,,,,,,,,"236","7","798","172","7","1","2","1","FFFFFF","1AAAAAAAAAAAAA","4",,,,,,,
"4600770","2017-09-19T05:00:00","23.58","-135.22",,,"1","4","2","5",,,"11",,,,,,,,,"10180",,,"8",,,,,"9","240",,,,,,,,,,,,,"236","35","798","172","7","1","2","1","1FFF1F","1AAAA1AAA1AAAA","4",,,,,,,
"2200638","2017-09-19T05:01:00","24.52","-139.20",,,"1","4","2","5",,,"11",,,,,,,,,,,,"8",,,,,"9","244",,,,,,,,,,,,,"236","49","798","172","7","0",,"1","1FFFFF","1AAAAAAAA1AAAA","4",,,,,,,
"2100530","2017-09-19T06:00:00","24.90","-133.53",,,"1","4","2","5",,,"11",,,,,,,,,"10194",,,"8",,,,,"9","230",,,,,,,,,,,,,"236","43","798","172","7","1","2","1","1FFF1F","1AAAA1AAA1AAAA","4",,,,,,,
"4600623","2017-09-19T06:00:00","20.56","-137.94",,,"1","3","2","5",,,"11",,,,,,,,,,,,,,,,,,,,,,,,,,,,,,,"236","7","798","172","7","1","2","1","FFFFFF","1AAAAAAAAAAAAA","4",,,,,,,
"4600770","2017-09-19T06:00:00","23.58","-135.23",,,"1","4","2","5",,,"11",,,,,,,,,"10186",,,"8",,,,,"9","240",,,,,,,,,,,,,"236","35","798","172","7","1","2","1","1FFF1F","1AAAA1AAA1AAAA","4",,,,,,,
"2200638","2017-09-19T06:01:00","24.51","-139.22",,,"1","4","2","5",,,"11",,,,,,,,,,,,"8",,,,,"9","244",,,,,,,,,,,,,"236","49","798","172","7","0",,"1","1FFFFF","1AAAAAAAA1AAAA","4",,,,,,,
"4601544","2017-09-19T06:02:00","20.01","-136.40",,,"1","4","2","5",,,"11",,,,,,,,,,,,"8",,,,,"9","251",,,,,,,,,,,,,"236","6","798","172","7","0",,"1","1FFFFF","1AAAAAAAA1AAAA","4",,,,,,,
"2100530","2017-09-19T07:00:00","24.89","-133.54",,,"1","4","2","5",,,"11",,,,,,,,,"10195",,,"8",,,,,"9","230",,,,,,,,,,,,,"236","43","798","172","7","1","2","1","1FFF1F","1AAAA1AAA1AAAA","4",,,,,,,
"4600623","2017-09-19T07:00:00","20.56","-137.95",,,"1","3","2","5",,,"11",,,,,,,,,,,,,,,,,,,,,,,,,,,,,,,"236","7","798","172","7","1","2","1","FFFFFF","1AAAAAAAAAAAAA","4",,,,,,,
"4600770","2017-09-19T07:00:00","23.57","-135.24",,,"1","4","2","5",,,"11",,,,,,,,,"10187",,,"8",,,,,"9","240",,,,,,,,,,,,,"236","35","798","172","7","1","2","1","1FFF1F","1AAAA1AAA1AAAA","4",,,,,,,
"4601544","2017-09-19T07:00:00","20.01","-136.40",,,"1","4","2","5",,,"11",,,,,,,,,,,,"8",,,,,"9","251",,,,,,,,,,,,,"236","6","798","172","7","0",,"1","1FFFFF","1AAAAAAAA1AAAA","4",,,,,,,
"2200638","2017-09-19T07:01:00","24.51","-139.24",,,"1","4","2","5",,,"11",,,,,,,,,,,,"8",,,,,"9","244",,,,,,,,,,,,,"236","49","798","172","7","0",,"1","1FFFFF","1AAAAAAAA1AAAA","4",,,,,,,
"4601544","2017-09-19T07:30:00","20.00","-136.40",,,"1","4","2","5",,,"11",,,,,,,,,,,,"8",,,,,"9","251",,,,,,,,,,,,,"236","6","798","172","7","0",,"1","1FFFFF","1AAAAAAAA1AAAA","4",,,,,,,
"2100530","2017-09-19T08:00:00","24.89","-133.54",,,"1","4","2","5",,,"11",,,,,,,,,"10195",,,"8",,,,,"9","230",,,,,,,,,,,,,"236","43","798","172","7","1","2","1","1FFF1F","1AAAA1AAA1AAAA","4",,,,,,,
"4600623","2017-09-19T08:00:00","20.56","-137.95",,,"1","3","2","5",,,"11",,,,,,,,,,,,,,,,,,,,,,,,,,,,,,,"236","7","798","172","7","1","2","1","FFFFFF","1AAAAAAAAAAAAA","4",,,,,,,
"4600770","2017-09-19T08:00:00","23.57","-135.24",,,"1","4","2","5",,,"11",,,,,,,,,"10187",,,"8",,,,,"9","240",,,,,,,,,,,,,"236","35","798","172","7","1","2","1","1FFF1F","1AAAA1AAA1AAAA","4",,,,,,,
"4601544","2017-09-19T08:00:00","20.00","-136.40",,,"1","4","2","5",,,"11",,,,,,,,,,,,"8",,,,,"9","251",,,,,,,,,,,,,"236","6","798","172","7","0",,"1","1FFFFF","1AAAAAAAA1AAAA","4",,,,,,,
"2200638","2017-09-19T08:01:00","24.51","-139.25",,,"1","4","2","5",,,"11",,,,,,,,,,,,"8",,,,,"9","244",,,,,,,,,,,,,"236","49","798","172","7","0",,"1","1FFFFF","1AAAAAAAA1AAAA","4",,,,,,,
"4601544","2017-09-19T08:01:00","20.00","-136.40",,,"1","4","2","5",,,"11",,,,,,,,,,,,"8",,,,,"9","251",,,,,,,,,,,,,"236","6","798","172","7","0",,"1","1FFFFF","1AAAAAAAA1AAAA","4",,,,,,,
"2100530","2017-09-19T09:00:00","24.89","-133.54",,,"1","4","2","5",,,"11",,,,,,,,,"10192",,,"8",,,,,"9","230",,,,,,,,,,,,,"236","43","798","172","7","1","2","1","1FFF1F","1AAAA1AAA1AAAA","4",,,,,,,
"4600623","2017-09-19T09:00:00","20.56","-137.95",,,"1","3","2","5",,,"11",,,,,,,,,,,,,,,,,,,,,,,,,,,,,,,"236","7","798","172","7","1","2","1","FFFFFF","1AAAAAAAAAAAAA","4",,,,,,,
"4600770","2017-09-19T09:00:00","23.57","-135.24",,,"1","4","2","5",,,"11",,,,,,,,,"10185",,,"8",,,,,"9","240",,,,,,,,,,,,,"236","35","798","172","7","1","2","1","1FFF1F","1AAAA1AAA1AAAA","4",,,,,,,
"2200638","2017-09-19T09:01:00","24.51","-139.27",,,"1","4","2","5",,,"11",,,,,,,,,,,,"8",,,,,"9","244",,,,,,,,,,,,,"236","49","798","172","7","0",,"1","1FFFFF","1AAAAAAAA1AAAA","4",,,,,,,
"4601544","2017-09-19T09:02:00","20.00","-136.40",,,"1","4","2","5",,,"11",,,,,,,,,,,,"8",,,,,"9","251",,,,,,,,,,,,,"236","6","798","172","7","0",,"1","1FFFFF","1AAAAAAAA1AAAA","4",,,,,,,
"4601544","2017-09-19T09:30:00","20.00","-136.40",,,"1","4","2","5",,,"11",,,,,,,,,,,,"8",,,,,"9","251",,,,,,,,,,,,,"236","6","798","172","7","0",,"1","1FFFFF","1AAAAAAAA1AAAA","4",,,,,,,
"2100530","2017-09-19T10:00:00","24.89","-133.54",,,"1","4","2","5",,,"11",,,,,,,,,"10186",,,"8",,,,,"9","230",,,,,,,,,,,,,"236","43","798","172","7","1","2","1","1FFF1F","1AAAA1AAA1AAAA","4",,,,,,,
"4600623","2017-09-19T10:00:00","20.53","-138.03",,,"1","3","2","5",,,"11",,,,,,,,,,,,,,,,,,,,,,,,,,,,,,,"236","8","798","172","7","1","2","1","FFFFFF","1AAAAAAAAAAAAA","4",,,,,,,
"4600770","2017-09-19T10:00:00","23.57","-135.24",,,"1","4","2","5",,,"11",,,,,,,,,"10177",,,"8",,,,,"9","240",,,,,,,,,,,,,"236","35","798","172","7","1","2","1","1FFF1F","1AAAA1AAA1AAAA","4",,,,,,,
"4601544","2017-09-19T10:00:00","20.00","-136.40",,,"1","4","2","5",,,"11",,,,,,,,,,,,"8",,,,,"9","251",,,,,,,,,,,,,"236","6","798","172","7","0",,"1","1FFFFF","1AAAAAAAA1AAAA","4",,,,,,,
"2200638","2017-09-19T10:01:00","24.50","-139.28",,,"1","4","2","5",,,"11",,,,,,,,,,,,"8",,,,,"9","244",,,,,,,,,,,,,"236","49","798","172","7","0",,"1","1FFFFF","1AAAAAAAA1AAAA","4",,,,,,,
"2100530","2017-09-19T11:00:00","24.89","-133.54",,,"1","4","2","5",,,"11",,,,,,,,,"10184",,,"8",,,,,"9","230",,,,,,,,,,,,,"236","43","798","172","7","1","2","1","1FFF1F","1AAAA1AAA1AAAA","4",,,,,,,
"4600623","2017-09-19T11:00:00","20.53","-138.03",,,"1","3","2","5",,,"11",,,,,,,,,,,,,,,,,,,,,,,,,,,,,,,"236","8","798","172","7","1","2","1","FFFFFF","1AAAAAAAAAAAAA","4",,,,,,,
"4600770","2017-09-19T11:00:00","23.54","-135.28",,,"1","4","2","5",,,"11",,,,,,,,,"10174",,,"8",,,,,"9","240",,,,,,,,,,,,,"236","35","798","172","7","1","2","1","1FFF1F","1AAAA1AAA1AAAA","4",,,,,,,
"2200638","2017-09-19T11:01:00","24.50","-139.30",,,"1","4","2","5",,,"11",,,,,,,,,,,,"8",,,,,"9","244",,,,,,,,,,,,,"236","49","798","172","7","0",,"1","1FFFFF","1AAAAAAAA1AAAA","4",,,,,,,
"2100530","2017-09-19T12:00:00","24.82","-133.58",,,"1","4","2","5",,,"11",,,,,,,,,"10182",,,"8",,,,,"9","230",,,,,,,,,,,,,"236","43","798","172","7","1","2","1","1FFF1F","1AAAA1AAA1AAAA","4",,,,,,,
"4600623","2017-09-19T12:00:00","20.56","-137.95",,,"1","3","2","5",,,"11",,,,,,,,,,,,,,,,,,,,,,,,,,,,,,,"236","7","798","172","7","1","2","1","FFFFFF","1AAAAAAAAAAAAA","4",,,,,,,
"4600770","2017-09-19T12:00:00","23.57","-135.24",,,"1","4","2","5",,,"11",,,,,,,,,"10170",,,"8",,,,,"9","240",,,,,,,,,,,,,"236","35","798","172","7","1","2","1","1FFF1F","1AAAA1AAA1AAAA","4",,,,,,,
"CQIB5","2017-09-19T12:00:00","27.90","-130.50",,,"1","4","0","0","6","3","1","0","60","4","93",,"96","60","6","10200","0",,"0","190",,,,"1","220","8",,,"A",,,,"7","4",,,,"236","70","992","114","5","1","2","1","11111F","1111111AA111A7",,,"1","2",,,,"4"
"2200638","2017-09-19T12:01:00","24.50","-139.31",,,"1","4","2","5",,,"11",,,,,,,,,,,,"8",,,,,"9","244",,,,,,,,,,,,,"236","49","798","172","7","0",,"1","1FFFFF","1AAAAAAAA1AAAA","4",,,,,,,
"2100530","2017-09-19T13:00:00","24.82","-133.58",,,"1","4","2","5",,,"11",,,,,,,,,"10182",,,"8",,,,,"9","230",,,,,,,,,,,,,"236","43","798","172","7","1","2","1","1FFF1F","1AAAA1AAA1AAAA","4",,,,,,,
"4600623","2017-09-19T13:00:00","20.53","-138.03",,,"1","3","2","5",,,"11",,,,,,,,,,,,,,,,,,,,,,,,,,,,,,,"236","8","798","172","7","1","2","1","FFFFFF","1AAAAAAAAAAAAA","4",,,,,,,
"4600770","2017-09-19T13:00:00","23.54","-135.28",,,"1","4","2","5",,,"11",,,,,,,,,"10169",,,"8",,,,,"9","240",,,,,,,,,,,,,"236","35","798","172","7","1","2","1","1FFF1F","1AAAA1AAA1AAAA","4",,,,,,,
"2200638","2017-09-19T13:01:00","24.49","-139.32",,,"1","4","2","5",,,"11",,,,,,,,,,,,"8",,,,,"9","244",,,,,,,,,,,,,"236","49","798","172","7","0",,"1","1FFFFF","1AAAAAAAA1AAAA","4",,,,,,,
"2100530","2017-09-19T14:00:00","24.81","-133.59",,,"1","4","2","5",,,"11",,,,,,,,,"10186",,,"8",,,,,"9","230",,,,,,,,,,,,,"236","43","798","172","7","1","2","1","1FFF1F","1AAAA1AAA1AAAA","4",,,,,,,
"4600623","2017-09-19T14:00:00","20.52","-138.00",,,"1","3","2","5",,,"11",,,,,,,,,,,,,,,,,,,,,,,,,,,,,,,"236","8","798","172","7","1","2","1","FFFFFF","1AAAAAAAAAAAAA","4",,,,,,,
"4600770","2017-09-19T14:00:00","23.53","-135.27",,,"1","4","2","5",,,"11",,,,,,,,,"10171",,,"8",,,,,"9","240",,,,,,,,,,,,,"236","35","798","172","7","1","2","1","1FFF1F","1AAAA1AAA1AAAA","4",,,,,,,
"2200638","2017-09-19T14:01:00","24.49","-139.34",,,"1","4","2","5",,,"11",,,,,,,,,,,,"8",,,,,"9","244",,,,,,,,,,,,,"236","49","798","172","7","0",,"1","1FFFFF","1AAAAAAAA1AAAA","4",,,,,,,
"2100530","2017-09-19T15:00:00","24.79","-133.63",,,"1","4","2","5",,,"11",,,,,,,,,"10187",,,"8",,,,,"9","230",,,,,,,,,,,,,"236","43","798","172","7","1","2","2","1FFF1F","1AAAA1AAA1AAAA","4",,,,,,,
"4600623","2017-09-19T15:00:00","20.52","-138.00",,,"1","3","2","5",,,"11",,,,,,,,,,,,,,,,,,,,,,,,,,,,,,,"236","8","798","172","7","1","2","1","FFFFFF","1AAAAAAAAAAAAA","4",,,,,,,
"4600770","2017-09-19T15:00:00","23.52","-135.29",,,"1","4","2","5",,,"11",,,,,,,,,"10175",,,"8",,,,,"9","240",,,,,,,,,,,,,"236","35","798","172","7","1","2","2","1FFF1F","1AAAA1AAA1AAAA","4",,,,,,,
"2200638","2017-09-19T15:01:00","24.49","-139.35",,,"1","4","2","5",,,"11",,,,,,,,,,,,"8",,,,,"9","244",,,,,,,,,,,,,"236","49","798","172","7","0",,"1","1FFFFF","1AAAAAAAA1AAAA","4",,,,,,,
"4600059","2017-09-19T15:50:00","27.00","-136.80",,,"1","4","2","0",,,"11","0","50","1","50",,,,,"10207",,,,,,,,,,,,,,,,,"4","1",,"6","3","236","76","793","103","6","1","2","2","FF11FF","11AAAAAAAAA17A",,,"6",,,,,"4"
"2100530","2017-09-19T16:00:00","24.79","-133.63",,,"1","4","2","5",,,"11",,,,,,,,,"10191",,,"8",,,,,"9","230",,,,,,,,,,,,,"236","43","798","172","7","1","2","2","1FFF1F","1AAAA1AAA1AAAA","4",,,,,,,
"4600623","2017-09-19T16:00:00","20.52","-138.03",,,"1","3","2","5",,,"11",,,,,,,,,,,,,,,,,,,,,,,,,,,,,,,"236","8","798","172","7","1","2","2","FFFFFF","1AAAAAAAAAAAAA","4",,,,,,,
"4600770","2017-09-19T16:00:00","23.52","-135.29",,,"1","4","2","5",,,"11",,,,,,,,,"10177",,,"8",,,,,"9","239",,,,,,,,,,,,,"236","35","798","172","7","1","2","2","1FFF1F","1AAAA1AAA1AAAA","4",,,,,,,
"2200638","2017-09-19T16:01:00","24.48","-139.37",,,"1","4","2","5",,,"11",,,,,,,,,,,,"8",,,,,"9","244",,,,,,,,,,,,,"236","49","798","172","7","0",,"2","1FFFFF","1AAAAAAAA1AAAA","4",,,,,,,
"2100530","2017-09-19T17:00:00","24.77","-133.65",,,"1","4","2","5",,,"11",,,,,,,,,"10196",,,"8",,,,,"9","230",,,,,,,,,,,,,"236","43","798","172","7","1","2","2","1FFF1F","1AAAA1AAA1AAAA","4",,,,,,,
"4600623","2017-09-19T17:00:00","20.51","-138.03",,,"1","3","2","5",,,"11",,,,,,,,,,,,,,,,,,,,,,,,,,,,,,,"236","8","798","172","7","1","2","2","FFFFFF","1AAAAAAAAAAAAA","4",,,,,,,
"4600770","2017-09-19T17:00:00","23.51","-135.30",,,"1","4","2","5",,,"11",,,,,,,,,"10183",,,"8",,,,,"9","239",,,,,,,,,,,,,"236","35","798","172","7","1","2","2","1FFF1F","1AAAA1AAA1AAAA","4",,,,,,,
"2200638","2017-09-19T17:01:00","24.48","-139.39",,,"1","4","2","5",,,"11",,,,,,,,,,,,"8",,,,,"9","244",,,,,,,,,,,,,"236","49","798","172","7","0",,"2","1FFFFF","1AAAAAAAA1AAAA","4",,,,,,,
"2100530","2017-09-19T18:00:00","24.77","-133.66",,,"1","4","2","5",,,"11",,,,,,,,,"10200",,,"8",,,,,"9","230",,,,,,,,,,,,,"236","43","798","172","7","1","2","2","1FFF1F","1AAAA1AAA1AAAA","4",,,,,,,
"4600623","2017-09-19T18:00:00","20.52","-138.04",,,"1","3","2","5",,,"11",,,,,,,,,,,,,,,,,,,,,,,,,,,,,,,"236","8","798","172","7","1","2","2","FFFFFF","1AAAAAAAAAAAAA","4",,,,,,,
"4600770","2017-09-19T18:00:00","23.50","-135.30",,,"1","4","2","5",,,"11",,,,,,,,,"10185",,,"8",,,,,"9","240",,,,,,,,,,,,,"236","35","798","172","7","1","2","2","1FFF1F","1AAAA1AAA1AAAA","4",,,,,,,
"CQIB5","2017-09-19T18:00:00","28.20","-131.80",,,"1","6","2","5","6","3","1",,"70","4","72","1","99","2","2","10225",,,"8","225",,"185","159","1","220","7","5","5","8","6","A",,"3","1",,,,"236","81","798","172","5","1","2","2","111111","111111111111AA",,"5",,"2",,,,
"2200638","2017-09-19T18:01:00","24.48","-139.40",,,"1","4","2","5",,,"11",,,,,,,,,,,,"8",,,,,"9","244",,,,,,,,,,,,,"236","49","798","172","7","0",,"2","1FFFFF","1AAAAAAAA1AAAA","4",,,,,,,
"2100530","2017-09-19T19:00:00","24.76","-133.69",,,"1","4","2","5",,,"11",,,,,,,,,"10202",,,"8",,,,,"9","230",,,,,,,,,,,,,"236","43","798","172","7","1","2","2","1FFF1F","1AAAA1AAA1AAAA","4",,,,,,,
"4600623","2017-09-19T19:00:00","20.52","-138.04",,,"1","3","2","5",,,"11",,,,,,,,,,,,,,,,,,,,,,,,,,,,,,,"236","8","798","172","7","1","2","2","FFFFFF","1AAAAAAAAAAAAA","4",,,,,,,
"4600770","2017-09-19T19:00:00","23.48","-135.32",,,"1","4","2","5",,,"11",,,,,,,,,"10187",,,"8",,,,,"9","240",,,,,,,,,,,,,"236","35","798","172","7","1","2","2","1FFF1F","1AAAA1AAA1AAAA","4",,,,,,,
"2200638","2017-09-19T19:01:00","24.48","-139.42",,,"1","4","2","5",,,"11",,,,,,,,,,,,"8",,,,,"9","244",,,,,,,,,,,,,"236","49","798","172","7","0",,"2","1FFFFF","1AAAAAAAA1AAAA","4",,,,,,,
"2100530","2017-09-19T20:00:00","24.76","-133.69",,,"1","4","2","5",,,"11",,,,,,,,,"10200",,,"8",,,,,"9","231",,,,,,,,,,,,,"236","43","798","172","7","1","2","2","1FFF1F","1AAAA1AAA1AAAA","4",,,,,,,
"4600623","2017-09-19T20:00:00","20.51","-138.05",,,"1","3","2","5",,,"11",,,,,,,,,,,,,,,,,,,,,,,,,,,,,,,"236","8","798","172","7","1","2","2","FFFFFF","1AAAAAAAAAAAAA","4",,,,,,,
"4600770","2017-09-19T20:00:00","23.48","-135.32",,,"1","4","2","5",,,"11",,,,,,,,,"10186",,,"8",,,,,"9","240",,,,,,,,,,,,,"236","35","798","172","7","1","2","2","1FFF1F","1AAAA1AAA1AAAA","4",,,,,,,
"2200638","2017-09-19T20:01:00","24.48","-139.44",,,"1","4","2","5",,,"11",,,,,,,,,,,,"8",,,,,"9","244",,,,,,,,,,,,,"236","49","798","172","7","0",,"2","1FFFFF","1AAAAAAAA1AAAA","4",,,,,,,
"2100530","2017-09-19T21:00:00","24.74","-133.71",,,"1","4","2","5",,,"11",,,,,,,,,"10193",,,"8",,,,,"9","231",,,,,,,,,,,,,"236","43","798","172","7","1","2","2","1FFF1F","1AAAA1AAA1AAAA","4",,,,,,,
"4600623","2017-09-19T21:00:00","20.51","-138.05",,,"1","3","2","5",,,"11",,,,,,,,,,,,,,,,,,,,,,,,,,,,,,,"236","8","798","172","7","1","2","2","FFFFFF","1AAAAAAAAAAAAA","4",,,,,,,
"4600770","2017-09-19T21:00:00","23.48","-135.32",,,"1","4","2","5",,,"11",,,,,,,,,"10180",,,"8",,,,,"9","240",,,,,,,,,,,,,"236","35","798","172","7","1","2","2","1FFF1F","1AAAA1AAA1AAAA","4",,,,,,,
"2200638","2017-09-19T21:01:00","24.48","-139.45",,,"1","4","2","5",,,"11",,,,,,,,,,,,"8",,,,,"9","245",,,,,,,,,,,,,"236","49","798","172","7","0",,"2","1FFFFF","1AAAAAAAA1AAAA","4",,,,,,,
"2100530","2017-09-19T22:00:00","24.74","-133.71",,,"1","4","2","5",,,"11",,,,,,,,,"10188",,,"8",,,,,"9","231",,,,,,,,,,,,,"236","43","798","172","7","1","2","2","1FFF1F","1AAAA1AAA1AAAA","4",,,,,,,
"4600623","2017-09-19T22:00:00","20.51","-138.05",,,"1","3","2","5",,,"11",,,,,,,,,,,,,,,,,,,,,,,,,,,,,,,"236","8","798","172","7","1","2","2","FFFFFF","1AAAAAAAAAAAAA","4",,,,,,,
"4600770","2017-09-19T22:00:00","23.45","-135.36",,,"1","4","2","5",,,"11",,,,,,,,,"10174",,,"8",,,,,"9","240",,,,,,,,,,,,,"236","35","798","172","7","1","2","2","1FFF1F","1AAAA1AAA1AAAA","4",,,,,,,
"2200638","2017-09-19T22:01:00","24.48","-139.47",,,"1","4","2","5",,,"11",,,,,,,,,,,,"8",,,,,"9","245",,,,,,,,,,,,,"236","49","798","172","7","0",,"2","1FFFFF","1AAAAAAAA1AAAA","4",,,,,,,
"2100530","2017-09-19T23:00:00","24.74","-133.76",,,"1","4","2","5",,,"11",,,,,,,,,"10182",,,"8",,,,,"9","231",,,,,,,,,,,,,"236","43","798","172","7","1","2","2","1FFF1F","1AAAA1AAA1AAAA","4",,,,,,,
"4600623","2017-09-19T23:00:00","20.51","-138.10",,,"1","3","2","5",,,"11",,,,,,,,,,,,,,,,,,,,,,,,,,,,,,,"236","8","798","172","7","1","2","2","FFFFFF","1AAAAAAAAAAAAA","4",,,,,,,
"4600770","2017-09-19T23:00:00","23.45","-135.36",,,"1","4","2","5",,,"11",,,,,,,,,"10168",,,"8",,,,,"9","240",,,,,,,,,,,,,"236","35","798","172","7","1","2","2","1FFF1F","1AAAA1AAA1AAAA","4",,,,,,,
"2200638","2017-09-19T23:01:00","24.48","-139.48",,,"1","4","2","5",,,"11",,,,,,,,,,,,"8",,,,,"9","245",,,,,,,,,,,,,"236","49","798","172","7","0",,"2","1FFFFF","1AAAAAAAA1AAAA","4",,,,,,,
"2100530","2017-09-20T00:00:00","24.74","-133.76",,,"1","4","2","5",,,"11",,,,,,,,,"10178",,,"8",,,,,"9","231",,,,,,,,,,,,,"236","43","798","172","7","1","2","2","1FFF1F","1AAAA1AAA1AAAA","4",,,,,,,
"4600623","2017-09-20T00:00:00","20.51","-138.05",,,"1","3","2","5",,,"11",,,,,,,,,,,,,,,,,,,,,,,,,,,,,,,"236","8","798","172","7","1","2","2","FFFFFF","1AAAAAAAAAAAAA","4",,,,,,,
"4600770","2017-09-20T00:00:00","23.45","-135.36",,,"1","4","2","5",,,"11",,,,,,,,,"10167",,,"8",,,,,"9","240",,,,,,,,,,,,,"236","35","798","172","7","1","2","2","1FFF1F","1AAAA1AAA1AAAA","4",,,,,,,
"CQIB5","2017-09-20T00:00:00","28.50","-133.20",,,"1","4","0","0","6","3","1","0","70","4","87",,"96","60","6","10210","0",,"0","200",,,,"1","230","8",,,"A",,,,"6","4",,,,"236","83","992","114","5","1","2","2","11111F","1111111AA111A7",,,"1","6",,,,"4"
"2200638","2017-09-20T00:01:00","24.47","-139.49",,,"1","4","2","5",,,"11",,,,,,,,,,,,"8",,,,,"9","245",,,,,,,,,,,,,"236","49","798","172","7","0",,"2","1FFFFF","1AAAAAAAA1AAAA","4",,,,,,,
"2100530","2017-09-20T01:00:00","24.73","-133.77",,,"1","4","2","5",,,"11",,,,,,,,,"10176",,,"8",,,,,"9","231",,,,,,,,,,,,,"236","43","798","172","7","1","2","2","1FFF1F","1AAAA1AAA1AAAA","4",,,,,,,
"4600623","2017-09-20T01:00:00","20.49","-138.10",,,"1","3","2","5",,,"11",,,,,,,,,,,,,,,,,,,,,,,,,,,,,,,"236","8","798","172","7","1","2","2","FFFFFF","1AAAAAAAAAAAAA","4",,,,,,,
"4600770","2017-09-20T01:00:00","23.43","-135.37",,,"1","4","2","5",,,"11",,,,,,,,,"10165",,,"8",,,,,"9","240",,,,,,,,,,,,,"236","35","798","172","7","1","2","2","1FFF1F","1AAAA1AAA1AAAA","4",,,,,,,
"2200638","2017-09-20T01:01:00","24.47","-139.50",,,"1","4","2","5",,,"11",,,,,,,,,,,,"8",,,,,"9","245",,,,,,,,,,,,,"236","49","798","172","7","0",,"2","1FFFFF","1AAAAAAAA1AAAA","4",,,,,,,
"2100530","2017-09-20T02:00:00","24.73","-133.77",,,"1","4","2","5",,,"11",,,,,,,,,"10180",,,"8",,,,,"9","231",,,,,,,,,,,,,"236","43","798","172","7","1","2","2","1FFF1F","1AAAA1AAA1AAAA","4",,,,,,,
"4600623","2017-09-20T02:00:00","20.49","-138.10",,,"1","3","2","5",,,"11",,,,,,,,,,,,,,,,,,,,,,,,,,,,,,,"236","8","798","172","7","1","2","2","FFFFFF","1AAAAAAAAAAAAA","4",,,,,,,
"4600770","2017-09-20T02:00:00","23.43","-135.37",,,"1","4","2","5",,,"11",,,,,,,,,"10168",,,"8",,,,,"9","240",,,,,,,,,,,,,"236","35","798","172","7","1","2","2","1FFF1F","1AAAA1AAA1AAAA","4",,,,,,,
"2200638","2017-09-20T02:01:00","24.47","-139.52",,,"1","4","2","5",,,"11",,,,,,,,,,,,"8",,,,,"9","245",,,,,,,,,,,,,"236","49","798","172","7","0",,"2","1FFFFF","1AAAAAAAA1AAAA","4",,,,,,,
"2100530","2017-09-20T03:00:00","24.72","-133.78",,,"1","4","2","5",,,"11",,,,,,,,,"10181",,,"8",,,,,"9","231",,,,,,,,,,,,,"236","43","798","172","7","1","2","2","1FFF1F","1AAAA1AAA1AAAA","4",,,,,,,
"4600623","2017-09-20T03:00:00","20.49","-138.12",,,"1","3","2","5",,,"11",,,,,,,,,,,,,,,,,,,,,,,,,,,,,,,"236","8","798","172","7","1","2","2","FFFFFF","1AAAAAAAAAAAAA","4",,,,,,,
"4600770","2017-09-20T03:00:00","23.44","-135.38",,,"1","4","2","5",,,"11",,,,,,,,,"10169",,,"8",,,,,"9","240",,,,,,,,,,,,,"236","35","798","172","7","1","2","2","1FFF1F","1AAAA1AAA1AAAA","4",,,,,,,
"2200638","2017-09-20T03:01:00","24.46","-139.54",,,"1","4","2","5",,,"11",,,,,,,,,,,,"8",,,,,"9","244",,,,,,,,,,,,,"236","49","798","172","7","0",,"2","1FFFFF","1AAAAAAAA1AAAA","4",,,,,,,
"2100530","2017-09-20T04:00:00","24.71","-133.79",,,"1","4","2","5",,,"11",,,,,,,,,"10186",,,"8",,,,,"9","231",,,,,,,,,,,,,"236","43","798","172","7","1","2","1","1FFF1F","1AAAA1AAA1AAAA","4",,,,,,,
"4600623","2017-09-20T04:00:00","20.49","-138.12",,,"1","3","2","5",,,"11",,,,,,,,,,,,,,,,,,,,,,,,,,,,,,,"236","8","798","172","7","1","2","1","FFFFFF","1AAAAAAAAAAAAA","4",,,,,,,
"4600770","2017-09-20T04:00:00","23.43","-135.39",,,"1","4","2","5",,,"11",,,,,,,,,"10175",,,"8",,,,,"9","240",,,,,,,,,,,,,"236","35","798","172","7","1","2","1","1FFF1F","1AAAA1AAA1AAAA","4",,,,,,,
"2200638","2017-09-20T04:01:00","24.46","-139.55",,,"1","4","2","5",,,"11",,,,,,,,,,,,"8",,,,,"9","244",,,,,,,,,,,,,"236","49","798","172","7","0",,"1","1FFFFF","1AAAAAAAA1AAAA","4",,,,,,,
"2100530","2017-09-20T05:00:00","24.71","-133.79",,,"1","4","2","5",,,"11",,,,,,,,,"10192",,,"8",,,,,"9","231",,,,,,,,,,,,,"236","43","798","172","7","1","2","1","1FFF1F","1AAAA1AAA1AAAA","4",,,,,,,
"4600623","2017-09-20T05:00:00","20.48","-138.12",,,"1","3","2","5",,,"11",,,,,,,,,,,,,,,,,,,,,,,,,,,,,,,"236","8","798","172","7","1","2","1","FFFFFF","1AAAAAAAAAAAAA","4",,,,,,,
"4600770","2017-09-20T05:00:00","23.42","-135.40",,,"1","4","2","5",,,"11",,,,,,,,,"10183",,,"8",,,,,"9","240",,,,,,,,,,,,,"236","35","798","172","7","1","2","1","1FFF1F","1AAAA1AAA1AAAA","4",,,,,,,
"2200638","2017-09-20T05:01:00","24.46","-139.57",,,"1","4","2","5",,,"11",,,,,,,,,,,,"8",,,,,"9","244",,,,,,,,,,,,,"236","49","798","172","7","0",,"1","1FFFFF","1AAAAAAAA1AAAA","4",,,,,,,
"2100530","2017-09-20T06:00:00","24.70","-133.80",,,"1","4","2","5",,,"11",,,,,,,,,"10195",,,"8",,,,,"9","231",,,,,,,,,,,,,"236","43","798","172","7","1","2","1","1FFF1F","1AAAA1AAA1AAAA","4",,,,,,,
"4600623","2017-09-20T06:00:00","20.47","-138.12",,,"1","3","2","5",,,"11",,,,,,,,,,,,,,,,,,,,,,,,,,,,,,,"236","8","798","172","7","1","2","1","FFFFFF","1AAAAAAAAAAAAA","4",,,,,,,
"4600770","2017-09-20T06:00:00","23.41","-135.41",,,"1","4","2","5",,,"11",,,,,,,,,"10184",,,"8",,,,,"9","239",,,,,,,,,,,,,"236","35","798","172","7","1","2","1","1FFF1F","1AAAA1AAA1AAAA","4",,,,,,,
"CQIB5","2017-09-20T06:00:00","28.80","-134.60",,,"1","4","0","0","6","3","1","0","80","4","72",,"98","1","0","10220","1",,"0","210","0","180","160","1","220",,,,"A",,,,"3","1",,,,"236","84","992","114","5","1","2","1","111111","111111111181A7",,,"1","0",,,,"4"
"2200638","2017-09-20T06:01:00","24.46","-139.58",,,"1","4","2","5",,,"11",,,,,,,,,,,,"8",,,,,"9","244",,,,,,,,,,,,,"236","49","798","172","7","0",,"1","1FFFFF","1AAAAAAAA1AAAA","4",,,,,,,
"2100530","2017-09-20T07:00:00","24.70","-133.80",,,"1","4","2","5",,,"11",,,,,,,,,"10196",,,"8",,,,,"9","231",,,,,,,,,,,,,"236","43","798","172","7","1","2","1","1FFF1F","1AAAA1AAA1AAAA","4",,,,,,,
"4600623","2017-09-20T07:00:00","20.46","-138.14",,,"1","3","2","5",,,"11",,,,,,,,,,,,,,,,,,,,,,,,,,,,,,,"236","8","798","172","7","1","2","1","FFFFFF","1AAAAAAAAAAAAA","4",,,,,,,
"2200638","2017-09-20T07:01:00","24.46","-139.60",,,"1","4","2","5",,,"11",,,,,,,,,,,,"8",,,,,"9","244",,,,,,,,,,,,,"236","49","798","172","7","0",,"1","1FFFFF","1AAAAAAAA1AAAA","4",,,,,,,
"4600623","2017-09-20T08:00:00","20.46","-138.14",,,"1","3","2","5",,,"11",,,,,,,,,,,,,,,,,,,,,,,,,,,,,,,"236","8","798","172","7","1","2","1","FFFFFF","1AAAAAAAAAAAAA","4",,,,,,,
"2200638","2017-09-20T08:01:00","24.46","-139.62",,,"1","4","2","5",,,"11",,,,,,,,,,,,"8",,,,,"9","244",,,,,,,,,,,,,"236","49","798","172","7","0",,"1","1FFFFF","1AAAAAAAA1AAAA","4",,,,,,,
"2100530","2017-09-20T09:00:00","24.69","-133.82",,,"1","4","2","5",,,"11",,,,,,,,,"10189",,,"8",,,,,"9","231",,,,,,,,,,,,,"236","43","798","172","7","1","2","1","1FFF1F","1AAAA1AAA1AAAA","4",,,,,,,
"4600623","2017-09-20T09:00:00","20.46","-138.14",,,"1","3","2","5",,,"11",,,,,,,,,,,,,,,,,,,,,,,,,,,,,,,"236","8","798","172","7","1","2","1","FFFFFF","1AAAAAAAAAAAAA","4",,,,,,,
"4600770","2017-09-20T09:00:00","23.41","-135.43",,,"1","4","2","5",,,"11",,,,,,,,,"10180",,,"8",,,,,"9","239",,,,,,,,,,,,,"236","35","798","172","7","1","2","1","1FFF1F","1AAAA1AAA1AAAA","4",,,,,,,
"2200638","2017-09-20T09:01:00","24.46","-139.63",,,"1","4","2","5",,,"11",,,,,,,,,,,,"8",,,,,"9","244",,,,,,,,,,,,,"236","49","798","172","7","0",,"1","1FFFFF","1AAAAAAAA1AAAA","4",,,,,,,
"2100530","2017-09-20T10:00:00","24.65","-133.88",,,"1","4","2","5",,,"11",,,,,,,,,"10186",,,"8",,,,,"9","231",,,,,,,,,,,,,"236","43","798","172","7","1","2","1","1FFF1F","1AAAA1AAA1AAAA","4",,,,,,,
"4600623","2017-09-20T10:00:00","20.44","-138.19",,,"1","3","2","5",,,"11",,,,,,,,,,,,,,,,,,,,,,,,,,,,,,,"236","8","798","172","7","1","2","1","FFFFFF","1AAAAAAAAAAAAA","4",,,,,,,
"4600770","2017-09-20T10:00:00","23.41","-135.43",,,"1","4","2","5",,,"11",,,,,,,,,"10175",,,"8",,,,,"9","239",,,,,,,,,,,,,"236","35","798","172","7","1","2","1","1FFF1F","1AAAA1AAA1AAAA","4",,,,,,,
"2200638","2017-09-20T10:01:00","24.46","-139.64",,,"1","4","2","5",,,"11",,,,,,,,,,,,"8",,,,,"9","244",,,,,,,,,,,,,"236","49","798","172","7","0",,"1","1FFFFF","1AAAAAAAA1AAAA","4",,,,,,,
"2100530","2017-09-20T11:00:00","24.69","-133.82",,,"1","4","2","5",,,"11",,,,,,,,,"10180",,,"8",,,,,"9","231",,,,,,,,,,,,,"236","43","798","172","7","1","2","1","1FFF1F","1AAAA1AAA1AAAA","4",,,,,,,
"4600623","2017-09-20T11:00:00","20.44","-138.19",,,"1","3","2","5",,,"11",,,,,,,,,,,,,,,,,,,,,,,,,,,,,,,"236","8","798","172","7","1","2","1","FFFFFF","1AAAAAAAAAAAAA","4",,,,,,,
"4600770","2017-09-20T11:00:00","23.39","-135.46",,,"1","4","2","5",,,"11",,,,,,,,,"10168",,,"8",,,,,"9","238",,,,,,,,,,,,,"236","35","798","172","7","1","2","1","1FFF1F","1AAAA1AAA1AAAA","4",,,,,,,
"2200638","2017-09-20T11:01:00","24.45","-139.66",,,"1","4","2","5",,,"11",,,,,,,,,,,,"8",,,,,"9","244",,,,,,,,,,,,,"236","49","798","172","7","0",,"1","1FFFFF","1AAAAAAAA1AAAA","4",,,,,,,
"2100530","2017-09-20T12:00:00","24.65","-133.88",,,"1","4","2","5",,,"11",,,,,,,,,"10179",,,"8",,,,,"9","231",,,,,,,,,,,,,"236","43","798","172","7","1","2","1","1FFF1F","1AAAA1AAA1AAAA","4",,,,,,,
"4600623","2017-09-20T12:00:00","20.46","-138.14",,,"1","3","2","5",,,"11",,,,,,,,,,,,,,,,,,,,,,,,,,,,,,,"236","8","798","172","7","1","2","1","FFFFFF","1AAAAAAAAAAAAA","4",,,,,,,
"4600770","2017-09-20T12:00:00","23.41","-135.43",,,"1","4","2","5",,,"11",,,,,,,,,"10168",,,"8",,,,,"9","238",,,,,,,,,,,,,"236","35","798","172","7","1","2","1","1FFF1F","1AAAA1AAA1AAAA","4",,,,,,,
"CQIB5","2017-09-20T12:00:00","29.10","-136.00",,,"1","6","2","5","6","3","1",,"70","4","77","1","97",,"0","10220",,,"8","200",,,,"1","220","1","1","1","8","1","5",,"6","3",,,,"236","96","798","172","5","1","2","1","11111F","111A111AA111AA",,"5",,"0",,,,
"2200638","2017-09-20T12:01:00","24.45","-139.67",,,"1","4","2","5",,,"11",,,,,,,,,,,,"8",,,,,"9","244",,,,,,,,,,,,,"236","49","798","172","7","0",,"1","1FFFFF","1AAAAAAAA1AAAA","4",,,,,,,
"2100530","2017-09-20T13:00:00","24.65","-133.84",,,"1","4","2","5",,,"11",,,,,,,,,"10180",,,"8",,,,,"9","231",,,,,,,,,,,,,"236","43","798","172","7","1","2","1","1FFF1F","1AAAA1AAA1AAAA","4",,,,,,,
"4600623","2017-09-20T13:00:00","20.44","-138.19",,,"1","3","2","5",,,"11",,,,,,,,,,,,,,,,,,,,,,,,,,,,,,,"236","8","798","172","7","1","2","1","FFFFFF","1AAAAAAAAAAAAA","4",,,,,,,
"4600770","2017-09-20T13:00:00","23.38","-135.45",,,"1","4","2","5",,,"11",,,,,,,,,"10167",,,"8",,,,,"9","238",,,,,,,,,,,,,"236","35","798","172","7","1","2","1","1FFF1F","1AAAA1AAA1AAAA","4",,,,,,,
"2200638","2017-09-20T13:01:00","24.45","-139.69",,,"1","4","2","5",,,"11",,,,,,,,,,,,"8",,,,,"9","244",,,,,,,,,,,,,"236","49","798","172","7","0",,"1","1FFFFF","1AAAAAAAA1AAAA","4",,,,,,,
"2100530","2017-09-20T14:00:00","24.62","-133.84",,,"1","4","2","5",,,"11",,,,,,,,,"10180",,,"8",,,,,"9","231",,,,,,,,,,,,,"236","43","798","172","7","1","2","1","1FFF1F","1AAAA1AAA1AAAA","4",,,,,,,
"4600623","2017-09-20T14:00:00","20.43","-138.19",,,"1","3","2","5",,,"11",,,,,,,,,,,,,,,,,,,,,,,,,,,,,,,"236","8","798","172","7","1","2","1","FFFFFF","1AAAAAAAAAAAAA","4",,,,,,,
"4600770","2017-09-20T14:00:00","23.37","-135.46",,,"1","4","2","5",,,"11",,,,,,,,,"10170",,,"8",,,,,"9","238",,,,,,,,,,,,,"236","35","798","172","7","1","2","1","1FFF1F","1AAAA1AAA1AAAA","4",,,,,,,
"2200638","2017-09-20T14:01:00","24.44","-139.70",,,"1","4","2","5",,,"11",,,,,,,,,,,,"8",,,,,"9","244",,,,,,,,,,,,,"236","49","798","172","7","0",,"1","1FFFFF","1AAAAAAAA1AAAA","4",,,,,,,
"2100530","2017-09-20T15:00:00","24.61","-133.86",,,"1","4","2","5",,,"11",,,,,,,,,"10186",,,"8",,,,,"9","231",,,,,,,,,,,,,"236","43","798","172","7","1","2","2","1FFF1F","1AAAA1AAA1AAAA","4",,,,,,,
"4600623","2017-09-20T15:00:00","20.42","-138.20",,,"1","3","2","5",,,"11",,,,,,,,,,,,,,,,,,,,,,,,,,,,,,,"236","8","798","172","7","1","2","1","FFFFFF","1AAAAAAAAAAAAA","4",,,,,,,
"4600770","2017-09-20T15:00:00","23.37","-135.46",,,"1","4","2","5",,,"11",,,,,,,,,"10174",,,"8",,,,,"9","238",,,,,,,,,,,,,"236","35","798","172","7","1","2","2","1FFF1F","1AAAA1AAA1AAAA","4",,,,,,,
"2200638","2017-09-20T15:01:00","24.44","-139.71",,,"1","4","2","5",,,"11",,,,,,,,,,,,"8",,,,,"9","244",,,,,,,,,,,,,"236","49","798","172","7","0",,"1","1FFFFF","1AAAAAAAA1AAAA","4",,,,,,,
"2100530","2017-09-20T16:00:00","24.59","-133.87",,,"1","4","2","5",,,"11",,,,,,,,,"10190",,,"8",,,,,"9","231",,,,,,,,,,,,,"236","43","798","172","7","1","2","2","1FFF1F","1AAAA1AAA1AAAA","4",,,,,,,
"4600623","2017-09-20T16:00:00","20.42","-138.20",,,"1","3","2","5",,,"11",,,,,,,,,,,,,,,,,,,,,,,,,,,,,,,"236","8","798","172","7","1","2","2","FFFFFF","1AAAAAAAAAAAAA","4",,,,,,,
"4600770","2017-09-20T16:00:00","23.36","-135.48",,,"1","4","2","5",,,"11",,,,,,,,,"10180",,,"8",,,,,"9","238",,,,,,,,,,,,,"236","35","798","172","7","1","2","2","1FFF1F","1AAAA1AAA1AAAA","4",,,,,,,
"2200638","2017-09-20T16:01:00","24.44","-139.73",,,"1","4","2","5",,,"11",,,,,,,,,,,,"8",,,,,"9","244",,,,,,,,,,,,,"236","49","798","172","7","0",,"2","1FFFFF","1AAAAAAAA1AAAA","4",,,,,,,
"2100530","2017-09-20T17:00:00","24.59","-133.87",,,"1","4","2","5",,,"11",,,,,,,,,"10192",,,"8",,,,,"9","231",,,,,,,,,,,,,"236","43","798","172","7","1","2","2","1FFF1F","1AAAA1AAA1AAAA","4",,,,,,,
"4600623","2017-09-20T17:00:00","20.42","-138.20",,,"1","3","2","5",,,"11",,,,,,,,,,,,,,,,,,,,,,,,,,,,,,,"236","8","798","172","7","1","2","2","FFFFFF","1AAAAAAAAAAAAA","4",,,,,,,
"4600770","2017-09-20T17:00:00","23.36","-135.48",,,"1","4","2","5",,,"11",,,,,,,,,"10183",,,"8",,,,,"9","238",,,,,,,,,,,,,"236","35","798","172","7","1","2","2","1FFF1F","1AAAA1AAA1AAAA","4",,,,,,,
"2200638","2017-09-20T17:01:00","24.44","-139.73",,,"1","4","2","5",,,"11",,,,,,,,,,,,"8",,,,,"9","244",,,,,,,,,,,,,"236","49","798","172","7","0",,"2","1FFFFF","1AAAAAAAA1AAAA","4",,,,,,,
"4600059","2017-09-20T17:50:00","26.90","-137.00",,,"1","3","2","5",,,"11","0","70","1","60",,,,,"10210",,,,,,,,,,,,,,,,,"4","2",,"13","4","236","67","798","172","6","1","2","2","FF11FF","11AAAAAAAAAAAA",,,"6",,,,,"4"
"2100530","2017-09-20T18:00:00","24.58","-133.88",,,"1","4","2","5",,,"11",,,,,,,,,"10196",,,"8",,,,,"9","232",,,,,,,,,,,,,"236","43","798","172","7","1","2","2","1FFF1F","1AAAA1AAA1AAAA","4",,,,,,,
"4600623","2017-09-20T18:00:00","20.42","-138.21",,,"1","3","2","5",,,"11",,,,,,,,,,,,,,,,,,,,,,,,,,,,,,,"236","8","798","172","7","1","2","2","FFFFFF","1AAAAAAAAAAAAA","4",,,,,,,
"4600770","2017-09-20T18:00:00","23.35","-135.48",,,"1","4","2","5",,,"11",,,,,,,,,"10185",,,"8",,,,,"9","239",,,,,,,,,,,,,"236","35","798","172","7","1","2","2","1FFF1F","1AAAA1AAA1AAAA","4",,,,,,,
"CQIB5","2017-09-20T18:00:00","29.30","-137.30",,,"1","6","2","5","6","3","1",,"70","4","62","1","98","3","0","10240",,,"8","220",,"190","172","1","220","6","3","1","8","6","A",,"2","1","34","5","3","236","97","798","172","5","1","2","2","111111","1111111111111A",,"5",,"0",,,,
"2200638","2017-09-20T18:01:00","24.43","-139.75",,,"1","4","2","5",,,"11",,,,,,,,,,,,"8",,,,,"9","244",,,,,,,,,,,,,"236","49","798","172","7","0",,"2","1FFFFF","1AAAAAAAA1AAAA","4",,,,,,,
"2100530","2017-09-20T19:00:00","24.56","-133.90",,,"1","4","2","5",,,"11",,,,,,,,,"10195",,,"8",,,,,"9","232",,,,,,,,,,,,,"236","43","798","172","7","1","2","2","1FFF1F","1AAAA1AAA1AAAA","4",,,,,,,
"4600623","2017-09-20T19:00:00","20.42","-138.21",,,"1","3","2","5",,,"11",,,,,,,,,,,,,,,,,,,,,,,,,,,,,,,"236","8","798","172","7","1","2","2","FFFFFF","1AAAAAAAAAAAAA","4",,,,,,,
"4600770","2017-09-20T19:00:00","23.35","-135.50",,,"1","4","2","5",,,"11",,,,,,,,,"10186",,,"8",,,,,"9","239",,,,,,,,,,,,,"236","35","798","172","7","1","2","2","1FFF1F","1AAAA1AAA1AAAA","4",,,,,,,
"2200638","2017-09-20T19:01:00","24.42","-139.76",,,"1","4","2","5",,,"11",,,,,,,,,,,,"8",,,,,"9","244",,,,,,,,,,,,,"236","49","798","172","7","0",,"2","1FFFFF","1AAAAAAAA1AAAA","4",,,,,,,
"2100530","2017-09-20T20:00:00","24.55","-133.91",,,"1","4","2","5",,,"11",,,,,,,,,"10191",,,"8",,,,,"9","232",,,,,,,,,,,,,"236","43","798","172","7","1","2","2","1FFF1F","1AAAA1AAA1AAAA","4",,,,,,,
"4600623","2017-09-20T20:00:00","20.40","-138.22",,,"1","3","2","5",,,"11",,,,,,,,,,,,,,,,,,,,,,,,,,,,,,,"236","8","798","172","7","1","2","2","FFFFFF","1AAAAAAAAAAAAA","4",,,,,,,
"4600770","2017-09-20T20:00:00","23.35","-135.50",,,"1","4","2","5",,,"11",,,,,,,,,"10185",,,"8",,,,,"9","239",,,,,,,,,,,,,"236","35","798","172","7","1","2","2","1FFF1F","1AAAA1AAA1AAAA","4",,,,,,,
"OWDC2","2017-09-20T20:00:00","29.60","-133.30",,,"1","6","2","5","7","4","1",,,,,"1","98","80","8","10224","2","2","8","200",,"190","185",,"220","7","6","2","3","6","0",,,,"35","7","5","236","93","798","172","5","1","2","2","11FF11","1A111111111A11",,"5",,"8",,,,
"2200638","2017-09-20T20:01:00","24.42","-139.78",,,"1","4","2","5",,,"11",,,,,,,,,,,,"8",,,,,"9","244",,,,,,,,,,,,,"236","49","798","172","7","0",,"2","1FFFFF","1AAAAAAAA1AAAA","4",,,,,,,
"2100530","2017-09-20T21:00:00","24.55","-133.91",,,"1","4","2","5",,,"11",,,,,,,,,"10186",,,"8",,,,,"9","233",,,,,,,,,,,,,"236","43","798","172","7","1","2","2","1FFF1F","1AAAA1AAA1AAAA","4",,,,,,,
"4600623","2017-09-20T21:00:00","20.40","-138.22",,,"1","3","2","5",,,"11",,,,,,,,,,,,,,,,,,,,,,,,,,,,,,,"236","8","798","172","7","1","2","2","FFFFFF","1AAAAAAAAAAAAA","4",,,,,,,
"4600770","2017-09-20T21:00:00","23.35","-135.50",,,"1","4","2","5",,,"11",,,,,,,,,"10179",,,"8",,,,,"9","239",,,,,,,,,,,,,"236","35","798","172","7","1","2","2","1FFF1F","1AAAA1AAA1AAAA","4",,,,,,,
"2200638","2017-09-20T21:01:00","24.41","-139.79",,,"1","4","2","5",,,"11",,,,,,,,,,,,"8",,,,,"9","244",,,,,,,,,,,,,"236","49","798","172","7","0",,"2","1FFFFF","1AAAAAAAA1AAAA","4",,,,,,,
"2100530","2017-09-20T22:00:00","24.55","-133.91",,,"1","4","2","5",,,"11",,,,,,,,,"10181",,,"8",,,,,"9","233",,,,,,,,,,,,,"236","43","798","172","7","1","2","2","1FFF1F","1AAAA1AAA1AAAA","4",,,,,,,
"4600623","2017-09-20T22:00:00","20.40","-138.22",,,"1","3","2","5",,,"11",,,,,,,,,,,,,,,,,,,,,,,,,,,,,,,"236","8","798","172","7","1","2","2","FFFFFF","1AAAAAAAAAAAAA","4",,,,,,,
"4600770","2017-09-20T22:00:00","23.32","-135.53",,,"1","4","2","5",,,"11",,,,,,,,,"10172",,,"8",,,,,"9","240",,,,,,,,,,,,,"236","35","798","172","7","1","2","2","1FFF1F","1AAAA1AAA1AAAA","4",,,,,,,
"2200638","2017-09-20T22:01:00","24.41","-139.81",,,"1","4","2","5",,,"11",,,,,,,,,,,,"8",,,,,"9","244",,,,,,,,,,,,,"236","49","798","172","7","0",,"2","1FFFFF","1AAAAAAAA1AAAA","4",,,,,,,
"2100530","2017-09-20T23:00:00","24.51","-133.97",,,"1","4","2","5",,,"11",,,,,,,,,"10176",,,"8",,,,,"9","234",,,,,,,,,,,,,"236","43","798","172","7","1","2","2","1FFF1F","1AAAA1AAA1AAAA","4",,,,,,,
"4600623","2017-09-20T23:00:00","20.37","-138.25",,,"1","3","2","5",,,"11",,,,,,,,,,,,,,,,,,,,,,,,,,,,,,,"236","8","798","172","7","1","2","2","FFFFFF","1AAAAAAAAAAAAA","4",,,,,,,
"4600770","2017-09-20T23:00:00","23.32","-135.53",,,"1","4","2","5",,,"11",,,,,,,,,"10165",,,"8",,,,,"9","240",,,,,,,,,,,,,"236","35","798","172","7","1","2","2","1FFF1F","1AAAA1AAA1AAAA","4",,,,,,,
"2200638","2017-09-20T23:01:00","24.40","-139.83",,,"1","4","2","5",,,"11",,,,,,,,,,,,"8",,,,,"9","244",,,,,,,,,,,,,"236","49","798","172","7","0",,"2","1FFFFF","1AAAAAAAA1AAAA","4",,,,,,,
"2100530","2017-09-21T00:00:00","24.51","-133.97",,,"1","4","2","5",,,"11",,,,,,,,,"10171",,,"8",,,,,"9","234",,,,,,,,,,,,,"236","43","798","172","7","1","2","2","1FFF1F","1AAAA1AAA1AAAA","4",,,,,,,
"4600623","2017-09-21T00:00:00","20.37","-138.25",,,"1","3","2","5",,,"11",,,,,,,,,,,,,,,,,,,,,,,,,,,,,,,"236","8","798","172","7","1","2","2","FFFFFF","1AAAAAAAAAAAAA","4",,,,,,,
"4600770","2017-09-21T00:00:00","23.32","-135.53",,,"1","4","2","5",,,"11",,,,,,,,,"10161",,,"8",,,,,"9","240",,,,,,,,,,,,,"236","35","798","172","7","1","2","2","1FFF1F","1AAAA1AAA1AAAA","4",,,,,,,
"2200638","2017-09-21T00:01:00","24.40","-139.85",,,"1","4","2","5",,,"11",,,,,,,,,,,,"8",,,,,"9","245",,,,,,,,,,,,,"236","49","798","172","7","0",,"2","1FFFFF","1AAAAAAAA1AAAA","4",,,,,,,
"2100530","2017-09-21T01:00:00","24.51","-133.97",,,"1","4","2","5",,,"11",,,,,,,,,"10171",,,"8",,,,,"9","234",,,,,,,,,,,,,"236","43","798","172","7","1","2","2","1FFF1F","1AAAA1AAA1AAAA","4",,,,,,,
"4600623","2017-09-21T01:00:00","20.35","-138.26",,,"1","3","2","5",,,"11",,,,,,,,,,,,,,,,,,,,,,,,,,,,,,,"236","8","798","172","7","1","2","2","FFFFFF","1AAAAAAAAAAAAA","4",,,,,,,
"4600770","2017-09-21T01:00:00","23.31","-135.54",,,"1","4","2","5",,,"11",,,,,,,,,"10160",,,"8",,,,,"9","240",,,,,,,,,,,,,"236","35","798","172","7","1","2","2","1FFF1F","1AAAA1AAA1AAAA","4",,,,,,,
"2200638","2017-09-21T01:01:00","24.40","-139.87",,,"1","4","2","5",,,"11",,,,,,,,,,,,"8",,,,,"9","245",,,,,,,,,,,,,"236","49","798","172","7","0",,"2","1FFFFF","1AAAAAAAA1AAAA","4",,,,,,,
"2100530","2017-09-21T02:00:00","24.48","-134.00",,,"1","4","2","5",,,"11",,,,,,,,,"10173",,,"8",,,,,"9","234",,,,,,,,,,,,,"236","44","798","172","7","1","2","2","1FFF1F","1AAAA1AAA1AAAA","4",,,,,,,
"4600059","2017-09-21T02:00:00","26.80","-137.10",,,"1","3","2","5",,,"11","0","70","1","80",,,,,"10189","6","4",,,,,,,,,,,,,,,,,,,,"236","67","798","172","6","1","2","2","FF11FF","11AAAAAAAAAAAA",,,"6",,,,,"4"
"4600623","2017-09-21T02:00:00","20.35","-138.26",,,"1","3","2","5",,,"11",,,,,,,,,,,,,,,,,,,,,,,,,,,,,,,"236","8","798","172","7","1","2","2","FFFFFF","1AAAAAAAAAAAAA","4",,,,,,,
"4600770","2017-09-21T02:00:00","23.30","-135.55",,,"1","4","2","5",,,"11",,,,,,,,,"10162",,,"8",,,,,"9","239",,,,,,,,,,,,,"236","35","798","172","7","1","2","2","1FFF1F","1AAAA1AAA1AAAA","4",,,,,,,
"2200638","2017-09-21T02:01:00","24.40","-139.89",,,"1","4","2","5",,,"11",,,,,,,,,,,,"8",,,,,"9","244",,,,,,,,,,,,,"236","49","798","172","7","0",,"2","1FFFFF","1AAAAAAAA1AAAA","4",,,,,,,
"2100530","2017-09-21T03:00:00","24.47","-134.01",,,"1","4","2","5",,,"11",,,,,,,,,"10176",,,"8",,,,,"9","234",,,,,,,,,,,,,"236","44","798","172","7","1","2","2","1FFF1F","1AAAA1AAA1AAAA","4",,,,,,,
"4600623","2017-09-21T03:00:00","20.34","-138.29",,,"1","3","2","5",,,"11",,,,,,,,,,,,,,,,,,,,,,,,,,,,,,,"236","8","798","172","7","1","2","2","FFFFFF","1AAAAAAAAAAAAA","4",,,,,,,
"4600770","2017-09-21T03:00:00","23.30","-135.57",,,"1","4","2","5",,,"11",,,,,,,,,"10161",,,"8",,,,,"9","239",,,,,,,,,,,,,"236","35","798","172","7","1","2","2","1FFF1F","1AAAA1AAA1AAAA","4",,,,,,,
"2200638","2017-09-21T03:01:00","24.40","-139.91",,,"1","4","2","5",,,"11",,,,,,,,,,,,"8",,,,,"9","244",,,,,,,,,,,,,"236","49","798","172","7","0",,"2","1FFFFF","1AAAAAAAA1AAAA","4",,,,,,,
"2100530","2017-09-21T04:00:00","24.46","-134.02",,,"1","4","2","5",,,"11",,,,,,,,,"10178",,,"8",,,,,"9","234",,,,,,,,,,,,,"236","44","798","172","7","1","2","1","1FFF1F","1AAAA1AAA1AAAA","4",,,,,,,
"4600623","2017-09-21T04:00:00","20.33","-138.27",,,"1","3","2","5",,,"11",,,,,,,,,,,,,,,,,,,,,,,,,,,,,,,"236","8","798","172","7","1","2","1","FFFFFF","1AAAAAAAAAAAAA","4",,,,,,,
"4600770","2017-09-21T04:00:00","23.30","-135.56",,,"1","4","2","5",,,"11",,,,,,,,,"10167",,,"8",,,,,"9","239",,,,,,,,,,,,,"236","35","798","172","7","1","2","1","1FFF1F","1AAAA1AAA1AAAA","4",,,,,,,
"2200638","2017-09-21T04:01:00","24.40","-139.92",,,"1","4","2","5",,,"11",,,,,,,,,,,,"8",,,,,"9","244",,,,,,,,,,,,,"236","49","798","172","7","0",,"1","1FFFFF","1AAAAAAAA1AAAA","4",,,,,,,
"2100530","2017-09-21T05:00:00","24.46","-134.04",,,"1","4","2","5",,,"11",,,,,,,,,"10184",,,"8",,,,,"9","234",,,,,,,,,,,,,"236","44","798","172","7","1","2","1","1FFF1F","1AAAA1AAA1AAAA","4",,,,,,,
"4600623","2017-09-21T05:00:00","20.32","-138.28",,,"1","3","2","5",,,"11",,,,,,,,,,,,,,,,,,,,,,,,,,,,,,,"236","8","798","172","7","1","2","1","FFFFFF","1AAAAAAAAAAAAA","4",,,,,,,
"4600770","2017-09-21T05:00:00","23.29","-135.58",,,"1","4","2","5",,,"11",,,,,,,,,"10174",,,"8",,,,,"9","239",,,,,,,,,,,,,"236","35","798","172","7","1","2","1","1FFF1F","1AAAA1AAA1AAAA","4",,,,,,,
"2200638","2017-09-21T05:01:00","24.40","-139.94",,,"1","4","2","5",,,"11",,,,,,,,,,,,"8",,,,,"9","244",,,,,,,,,,,,,"236","49","798","172","7","0",,"1","1FFFFF","1AAAAAAAA1AAAA","4",,,,,,,
"2100530","2017-09-21T06:00:00","24.45","-134.05",,,"1","4","2","5",,,"11",,,,,,,,,"10189",,,"8",,,,,"9","235",,,,,,,,,,,,,"236","44","798","172","7","1","2","1","1FFF1F","1AAAA1AAA1AAAA","4",,,,,,,
"4600623","2017-09-21T06:00:00","20.31","-138.30",,,"1","3","2","5",,,"11",,,,,,,,,,,,,,,,,,,,,,,,,,,,,,,"236","8","798","172","7","1","2","1","FFFFFF","1AAAAAAAAAAAAA","4",,,,,,,
"4600770","2017-09-21T06:00:00","23.29","-135.58",,,"1","4","2","5",,,"11",,,,,,,,,"10179",,,"8",,,,,"9","239",,,,,,,,,,,,,"236","35","798","172","7","1","2","1","1FFF1F","1AAAA1AAA1AAAA","4",,,,,,,
"CQIB5","2017-09-21T06:00:00","29.80","-140.00",,,"1","4","0","0","6","3","1","0","50","4","67",,"98","3","1","10240","3",,"0","210","0","190","178","1","230",,,,"A",,,,"3","1",,,,"235","90","992","114","5","1","2","1","111111","111111111181A7",,,"1","1",,,,"4"
"2200638","2017-09-21T06:01:00","24.40","-139.95",,,"1","4","2","5",,,"11",,,,,,,,,,,,"8",,,,,"9","244",,,,,,,,,,,,,"236","49","798","172","7","0",,"1","1FFFFF","1AAAAAAAA1AAAA","4",,,,,,,
"2100530","2017-09-21T07:00:00","24.45","-134.08",,,"1","4","2","5",,,"11",,,,,,,,,"10189",,,"8",,,,,"9","235",,,,,,,,,,,,,"236","44","798","172","7","1","2","1","1FFF1F","1AAAA1AAA1AAAA","4",,,,,,,
"4600623","2017-09-21T07:00:00","20.31","-138.31",,,"1","3","2","5",,,"11",,,,,,,,,,,,,,,,,,,,,,,,,,,,,,,"236","8","798","172","7","1","2","1","FFFFFF","1AAAAAAAAAAAAA","4",,,,,,,
"4600770","2017-09-21T07:00:00","23.28","-135.60",,,"1","4","2","5",,,"11",,,,,,,,,"10182",,,"8",,,,,"9","239",,,,,,,,,,,,,"236","35","798","172","7","1","2","1","1FFF1F","1AAAA1AAA1AAAA","4",,,,,,,
"2200638","2017-09-21T07:01:00","24.40","-139.97",,,"1","4","2","5",,,"11",,,,,,,,,,,,"8",,,,,"9","244",,,,,,,,,,,,,"236","49","798","172","7","0",,"1","1FFFFF","1AAAAAAAA1AAAA","4",,,,,,,
"4600623","2017-09-21T08:00:00","20.31","-138.31",,,"1","3","2","5",,,"11",,,,,,,,,,,,,,,,,,,,,,,,,,,,,,,"236","8","798","172","7","1","2","1","FFFFFF","1AAAAAAAAAAAAA","4",,,,,,,
"2200638","2017-09-21T08:01:00","24.40","-139.98",,,"1","4","2","5",,,"11",,,,,,,,,,,,"8",,,,,"9","244",,,,,,,,,,,,,"236","49","798","172","7","0",,"1","1FFFFF","1AAAAAAAA1AAAA","4",,,,,,,
"2100530","2017-09-21T09:00:00","24.45","-134.08",,,"1","4","2","5",,,"11",,,,,,,,,"10188",,,"8",,,,,"9","234",,,,,,,,,,,,,"236","44","798","172","7","1","2","1","1FFF1F","1AAAA1AAA1AAAA","4",,,,,,,
"4600623","2017-09-21T09:00:00","20.31","-138.31",,,"1","3","2","5",,,"11",,,,,,,,,,,,,,,,,,,,,,,,,,,,,,,"236","8","798","172","7","1","2","1","FFFFFF","1AAAAAAAAAAAAA","4",,,,,,,
"4600770","2017-09-21T09:00:00","23.28","-135.60",,,"1","4","2","5",,,"11",,,,,,,,,"10178",,,"8",,,,,"9","239",,,,,,,,,,,,,"236","35","798","172","7","1","2","1","1FFF1F","1AAAA1AAA1AAAA","4",,,,,,,
"2200638","2017-09-21T09:01:00","24.40","-139.99",,,"1","4","2","5",,,"11",,,,,,,,,,,,"8",,,,,"9","244",,,,,,,,,,,,,"236","49","798","172","7","0",,"1","1FFFFF","1AAAAAAAA1AAAA","4",,,,,,,
"2100530","2017-09-21T10:00:00","24.42","-134.12",,,"1","4","2","5",,,"11",,,,,,,,,"10187",,,"8",,,,,"9","234",,,,,,,,,,,,,"236","44","798","172","7","1","2","1","1FFF1F","1AAAA1AAA1AAAA","4",,,,,,,
"4600623","2017-09-21T10:00:00","20.28","-138.35",,,"1","3","2","5",,,"11",,,,,,,,,,,,,,,,,,,,,,,,,,,,,,,"236","8","798","172","7","1","2","1","FFFFFF","1AAAAAAAAAAAAA","4",,,,,,,
"4600770","2017-09-21T10:00:00","23.28","-135.60",,,"1","4","2","5",,,"11",,,,,,,,,"10177",,,"8",,,,,"9","239",,,,,,,,,,,,,"236","35","798","172","7","1","2","1","1FFF1F","1AAAA1AAA1AAAA","4",,,,,,,
"2100530","2017-09-21T11:00:00","24.45","-134.08",,,"1","4","2","5",,,"11",,,,,,,,,"10183",,,"8",,,,,"9","234",,,,,,,,,,,,,"236","44","798","172","7","1","2","1","1FFF1F","1AAAA1AAA1AAAA","4",,,,,,,
"4600623","2017-09-21T11:00:00","20.28","-138.35",,,"1","3","2","5",,,"11",,,,,,,,,,,,,,,,,,,,,,,,,,,,,,,"236","8","798","172","7","1","2","1","FFFFFF","1AAAAAAAAAAAAA","4",,,,,,,
"4600770","2017-09-21T11:00:00","23.25","-135.64",,,"1","4","2","5",,,"11",,,,,,,,,"10173",,,"8",,,,,"9","239",,,,,,,,,,,,,"236","35","798","172","7","1","2","1","1FFF1F","1AAAA1AAA1AAAA","4",,,,,,,
"2100530","2017-09-21T12:00:00","24.45","-134.08",,,"1","4","2","5",,,"11",,,,,,,,,"10177",,,"8",,,,,"9","234",,,,,,,,,,,,,"236","44","798","172","7","1","2","1","1FFF1F","1AAAA1AAA1AAAA","4",,,,,,,
"4600623","2017-09-21T12:00:00","20.31","-138.31",,,"1","3","2","5",,,"11",,,,,,,,,,,,,,,,,,,,,,,,,,,,,,,"236","8","798","172","7","1","2","1","FFFFFF","1AAAAAAAAAAAAA","4",,,,,,,
"4600770","2017-09-21T12:00:00","23.28","-135.60",,,"1","4","2","5",,,"11",,,,,,,,,"10167",,,"8",,,,,"9","239",,,,,,,,,,,,,"236","35","798","172","7","1","2","1","1FFF1F","1AAAA1AAA1AAAA","4",,,,,,,
"2100530","2017-09-21T13:00:00","24.42","-134.12",,,"1","4","2","5",,,"11",,,,,,,,,"10180",,,"8",,,,,"9","234",,,,,,,,,,,,,"236","44","798","172","7","1","2","1","1FFF1F","1AAAA1AAA1AAAA","4",,,,,,,
"4600623","2017-09-21T13:00:00","20.28","-138.35",,,"1","3","2","5",,,"11",,,,,,,,,,,,,,,,,,,,,,,,,,,,,,,"236","8","798","172","7","1","2","1","FFFFFF","1AAAAAAAAAAAAA","4",,,,,,,
"4600770","2017-09-21T13:00:00","23.26","-135.64",,,"1","4","2","5",,,"11",,,,,,,,,"10167",,,"8",,,,,"9","239",,,,,,,,,,,,,"236","35","798","172","7","1","2","1","1FFF1F","1AAAA1AAA1AAAA","4",,,,,,,
"2100530","2017-09-21T14:00:00","24.40","-134.14",,,"1","4","2","5",,,"11",,,,,,,,,"10180",,,"8",,,,,"9","234",,,,,,,,,,,,,"236","44","798","172","7","1","2","1","1FFF1F","1AAAA1AAA1AAAA","4",,,,,,,
"4600623","2017-09-21T14:00:00","20.28","-138.36",,,"1","3","2","5",,,"11",,,,,,,,,,,,,,,,,,,,,,,,,,,,,,,"236","8","798","172","7","1","2","1","FFFFFF","1AAAAAAAAAAAAA","4",,,,,,,
"4600770","2017-09-21T14:00:00","23.24","-135.66",,,"1","4","2","5",,,"11",,,,,,,,,"10168",,,"8",,,,,"9","239",,,,,,,,,,,,,"236","35","798","172","7","1","2","1","1FFF1F","1AAAA1AAA1AAAA","4",,,,,,,
"2100530","2017-09-21T15:00:00","24.39","-134.13",,,"1","4","2","5",,,"11",,,,,,,,,"10184",,,"8",,,,,"9","234",,,,,,,,,,,,,"236","44","798","172","7","1","2","2","1FFF1F","1AAAA1AAA1AAAA","4",,,,,,,
"4600623","2017-09-21T15:00:00","20.26","-138.37",,,"1","3","2","5",,,"11",,,,,,,,,,,,,,,,,,,,,,,,,,,,,,,"236","8","798","172","7","1","2","1","FFFFFF","1AAAAAAAAAAAAA","4",,,,,,,
"4600770","2017-09-21T15:00:00","23.24","-135.66",,,"1","4","2","5",,,"11",,,,,,,,,"10173",,,"8",,,,,"9","239",,,,,,,,,,,,,"236","35","798","172","7","1","2","2","1FFF1F","1AAAA1AAA1AAAA","4",,,,,,,
"4600059","2017-09-21T15:40:00","29.40","-134.50",,,"1","3","2","5",,,"11",,"60","1","70",,,,,"10201",,,,,,,,,,,,,,,,,,"4",,"11","3","236","94","798","172","6","1","2","2","FFFFFF","1AAAAAAAAAA77A",,,,,,,,
"2100530","2017-09-21T16:00:00","24.38","-134.16",,,"1","4","2","5",,,"11",,,,,,,,,"10188",,,"8",,,,,"9","234",,,,,,,,,,,,,"236","44","798","172","7","1","2","2","1FFF1F","1AAAA1AAA1AAAA","4",,,,,,,
"4600623","2017-09-21T16:00:00","20.26","-138.37",,,"1","3","2","5",,,"11",,,,,,,,,,,,,,,,,,,,,,,,,,,,,,,"236","8","798","172","7","1","2","2","FFFFFF","1AAAAAAAAAAAAA","4",,,,,,,
"4600770","2017-09-21T16:00:00","23.23","-135.68",,,"1","4","2","5",,,"11",,,,,,,,,"10178",,,"8",,,,,"9","239",,,,,,,,,,,,,"236","35","798","172","7","1","2","2","1FFF1F","1AAAA1AAA1AAAA","4",,,,,,,
"2100530","2017-09-21T17:00:00","24.38","-134.16",,,"1","4","2","5",,,"11",,,,,,,,,"10194",,,"8",,,,,"9","234",,,,,,,,,,,,,"236","44","798","172","7","1","2","2","1FFF1F","1AAAA1AAA1AAAA","4",,,,,,,
"4600623","2017-09-21T17:00:00","20.26","-138.37",,,"1","3","2","5",,,"11",,,,,,,,,,,,,,,,,,,,,,,,,,,,,,,"236","8","798","172","7","1","2","2","FFFFFF","1AAAAAAAAAAAAA","4",,,,,,,
"4600770","2017-09-21T17:00:00","23.23","-135.68",,,"1","4","2","5",,,"11",,,,,,,,,"10184",,,"8",,,,,"9","239",,,,,,,,,,,,,"236","35","798","172","7","1","2","2","1FFF1F","1AAAA1AAA1AAAA","4",,,,,,,
"2100530","2017-09-21T18:00:00","24.35","-134.19",,,"1","4","2","5",,,"11",,,,,,,,,"10197",,,"8",,,,,"9","234",,,,,,,,,,,,,"236","44","798","172","7","1","2","2","1FFF1F","1AAAA1AAA1AAAA","4",,,,,,,
"4600623","2017-09-21T18:00:00","20.25","-138.37",,,"1","3","2","5",,,"11",,,,,,,,,,,,,,,,,,,,,,,,,,,,,,,"236","8","798","172","7","1","2","2","FFFFFF","1AAAAAAAAAAAAA","4",,,,,,,
"4600770","2017-09-21T18:00:00","23.23","-135.68",,,"1","4","2","5",,,"11",,,,,,,,,"10188",,,"8",,,,,"9","239",,,,,,,,,,,,,"236","35","798","172","7","1","2","2","1FFF1F","1AAAA1AAA1AAAA","4",,,,,,,
"2100530","2017-09-21T19:00:00","24.35","-134.18",,,"1","4","2","5",,,"11",,,,,,,,,"10196",,,"8",,,,,"9","234",,,,,,,,,,,,,"236","44","798","172","7","1","2","2","1FFF1F","1AAAA1AAA1AAAA","4",,,,,,,
"4600623","2017-09-21T19:00:00","20.24","-138.38",,,"1","3","2","5",,,"11",,,,,,,,,,,,,,,,,,,,,,,,,,,,,,,"236","8","798","172","7","1","2","2","FFFFFF","1AAAAAAAAAAAAA","4",,,,,,,
"4600770","2017-09-21T19:00:00","23.23","-135.72",,,"1","4","2","5",,,"11",,,,,,,,,"10186",,,"8",,,,,"9","239",,,,,,,,,,,,,"236","35","798","172","7","1","2","2","1FFF1F","1AAAA1AAA1AAAA","4",,,,,,,
"2100530","2017-09-21T20:00:00","24.34","-134.19",,,"1","4","2","5",,,"11",,,,,,,,,"10194",,,"8",,,,,"9","234",,,,,,,,,,,,,"236","44","798","172","7","1","2","2","1FFF1F","1AAAA1AAA1AAAA","4",,,,,,,
"4600623","2017-09-21T20:00:00","20.24","-138.38",,,"1","3","2","5",,,"11",,,,,,,,,,,,,,,,,,,,,,,,,,,,,,,"236","8","798","172","7","1","2","2","FFFFFF","1AAAAAAAAAAAAA","4",,,,,,,
"4600770","2017-09-21T20:00:00","23.22","-135.70",,,"1","4","2","5",,,"11",,,,,,,,,"10183",,,"8",,,,,"9","239",,,,,,,,,,,,,"236","35","798","172","7","1","2","2","1FFF1F","1AAAA1AAA1AAAA","4",,,,,,,
"2100530","2017-09-21T21:00:00","24.34","-134.19",,,"1","4","2","5",,,"11",,,,,,,,,"10188",,,"8",,,,,"9","234",,,,,,,,,,,,,"236","44","798","172","7","1","2","2","1FFF1F","1AAAA1AAA1AAAA","4",,,,,,,
"4600623","2017-09-21T21:00:00","20.24","-138.38",,,"1","3","2","5",,,"11",,,,,,,,,,,,,,,,,,,,,,,,,,,,,,,"236","8","798","172","7","1","2","2","FFFFFF","1AAAAAAAAAAAAA","4",,,,,,,
"4600770","2017-09-21T21:00:00","23.22","-135.70",,,"1","4","2","5",,,"11",,,,,,,,,"10178",,,"8",,,,,"9","240",,,,,,,,,,,,,"236","35","798","172","7","1","2","2","1FFF1F","1AAAA1AAA1AAAA","4",,,,,,,
"2100530","2017-09-21T22:00:00","24.30","-134.25",,,"1","4","2","5",,,"11",,,,,,,,,"10181",,,"8",,,,,"9","234",,,,,,,,,,,,,"236","44","798","172","7","1","2","2","1FFF1F","1AAAA1AAA1AAAA","4",,,,,,,
"4600623","2017-09-21T22:00:00","20.24","-138.38",,,"1","3","2","5",,,"11",,,,,,,,,,,,,,,,,,,,,,,,,,,,,,,"236","8","798","172","7","1","2","2","FFFFFF","1AAAAAAAAAAAAA","4",,,,,,,
"4600770","2017-09-21T22:00:00","23.19","-135.75",,,"1","4","2","5",,,"11",,,,,,,,,"10169",,,"8",,,,,"9","240",,,,,,,,,,,,,"236","35","798","172","7","1","2","2","1FFF1F","1AAAA1AAA1AAAA","4",,,,,,,
"2100530","2017-09-21T23:00:00","24.30","-134.25",,,"1","4","2","5",,,"11",,,,,,,,,"10176",,,"8",,,,,"9","234",,,,,,,,,,,,,"236","44","798","172","7","1","2","2","1FFF1F","1AAAA1AAA1AAAA","4",,,,,,,
"4600623","2017-09-21T23:00:00","20.19","-138.42",,,"1","3","2","5",,,"11",,,,,,,,,,,,,,,,,,,,,,,,,,,,,,,"236","8","798","172","7","1","2","2","FFFFFF","1AAAAAAAAAAAAA","4",,,,,,,
"4600770","2017-09-21T23:00:00","23.22","-135.70",,,"1","4","2","5",,,"11",,,,,,,,,"10164",,,"8",,,,,"9","240",,,,,,,,,,,,,"236","35","798","172","7","1","2","2","1FFF1F","1AAAA1AAA1AAAA","4",,,,,,,
"2100530","2017-09-22T00:00:00","24.30","-134.25",,,"1","4","2","5",,,"11",,,,,,,,,"10172",,,"8",,,,,"9","235",,,,,,,,,,,,,"236","44","798","172","7","1","2","2","1FFF1F","1AAAA1AAA1AAAA","4",,,,,,,
"4600623","2017-09-22T00:00:00","20.19","-138.42",,,"1","3","2","5",,,"11",,,,,,,,,,,,,,,,,,,,,,,,,,,,,,,"236","8","798","172","7","1","2","2","FFFFFF","1AAAAAAAAAAAAA","4",,,,,,,
"4600770","2017-09-22T00:00:00","23.19","-135.75",,,"1","4","2","5",,,"11",,,,,,,,,"10161",,,"8",,,,,"9","240",,,,,,,,,,,,,"236","35","798","172","7","1","2","2","1FFF1F","1AAAA1AAA1AAAA","4",,,,,,,
"2100530","2017-09-22T01:00:00","24.28","-134.26",,,"1","4","2","5",,,"11",,,,,,,,,"10170",,,"8",,,,,"9","235",,,,,,,,,,,,,"236","44","798","172","7","1","2","2","1FFF1F","1AAAA1AAA1AAAA","4",,,,,,,
"4600623","2017-09-22T01:00:00","20.19","-138.42",,,"1","3","2","5",,,"11",,,,,,,,,,,,,,,,,,,,,,,,,,,,,,,"236","8","798","172","7","1","2","2","FFFFFF","1AAAAAAAAAAAAA","4",,,,,,,
"4600770","2017-09-22T01:00:00","23.18","-135.77",,,"1","4","2","5",,,"11",,,,,,,,,"10160",,,"8",,,,,"9","240",,,,,,,,,,,,,"236","35","798","172","7","1","2","2","1FFF1F","1AAAA1AAA1AAAA","4",,,,,,,
"2100530","2017-09-22T02:00:00","24.28","-134.27",,,"1","4","2","5",,,"11",,,,,,,,,"10172",,,"8",,,,,"9","234",,,,,,,,,,,,,"236","44","798","172","7","1","2","2","1FFF1F","1AAAA1AAA1AAAA","4",,,,,,,
"4600623","2017-09-22T02:00:00","20.18","-138.43",,,"1","3","2","5",,,"11",,,,,,,,,,,,,,,,,,,,,,,,,,,,,,,"236","8","798","172","7","1","2","2","FFFFFF","1AAAAAAAAAAAAA","4",,,,,,,
"4600770","2017-09-22T02:00:00","23.18","-135.77",,,"1","4","2","5",,,"11",,,,,,,,,"10160",,,"8",,,,,"9","240",,,,,,,,,,,,,"236","35","798","172","7","1","2","2","1FFF1F","1AAAA1AAA1AAAA","4",,,,,,,
"2100530","2017-09-22T03:00:00","24.26","-134.29",,,"1","4","2","5",,,"11",,,,,,,,,"10172",,,"8",,,,,"9","234",,,,,,,,,,,,,"236","44","798","172","7","1","2","2","1FFF1F","1AAAA1AAA1AAAA","4",,,,,,,
"4600623","2017-09-22T03:00:00","20.17","-138.44",,,"1","3","2","5",,,"11",,,,,,,,,,,,,,,,,,,,,,,,,,,,,,,"236","8","798","172","7","1","2","2","FFFFFF","1AAAAAAAAAAAAA","4",,,,,,,
"4600770","2017-09-22T03:00:00","23.15","-135.78",,,"1","4","2","5",,,"11",,,,,,,,,"10162",,,"8",,,,,"9","240",,,,,,,,,,,,,"236","35","798","172","7","1","2","2","1FFF1F","1AAAA1AAA1AAAA","4",,,,,,,
"2100530","2017-09-22T04:00:00","24.26","-134.32",,,"1","4","2","5",,,"11",,,,,,,,,"10176",,,"8",,,,,"9","234",,,,,,,,,,,,,"236","44","798","172","7","1","2","1","1FFF1F","1AAAA1AAA1AAAA","4",,,,,,,
"4600623","2017-09-22T04:00:00","20.16","-138.48",,,"1","3","2","5",,,"11",,,,,,,,,,,,,,,,,,,,,,,,,,,,,,,"236","8","798","172","7","1","2","1","FFFFFF","1AAAAAAAAAAAAA","4",,,,,,,
"4600770","2017-09-22T04:00:00","23.15","-135.81",,,"1","4","2","5",,,"11",,,,,,,,,"10166",,,"8",,,,,"9","239",,,,,,,,,,,,,"236","35","798","172","7","1","2","1","1FFF1F","1AAAA1AAA1AAAA","4",,,,,,,
"2100530","2017-09-22T05:00:00","24.25","-134.32",,,"1","4","2","5",,,"11",,,,,,,,,"10182",,,"8",,,,,"9","234",,,,,,,,,,,,,"236","44","798","172","7","1","2","1","1FFF1F","1AAAA1AAA1AAAA","4",,,,,,,
"4600623","2017-09-22T05:00:00","20.16","-138.48",,,"1","3","2","5",,,"11",,,,,,,,,,,,,,,,,,,,,,,,,,,,,,,"236","8","798","172","7","1","2","1","FFFFFF","1AAAAAAAAAAAAA","4",,,,,,,
"4600770","2017-09-22T05:00:00","23.15","-135.81",,,"1","4","2","5",,,"11",,,,,,,,,"10172",,,"8",,,,,"9","239",,,,,,,,,,,,,"236","35","798","172","7","1","2","1","1FFF1F","1AAAA1AAA1AAAA","4",,,,,,,
"2100530","2017-09-22T06:00:00","24.25","-134.35",,,"1","4","2","5",,,"11",,,,,,,,,"10186",,,"8",,,,,"9","234",,,,,,,,,,,,,"236","44","798","172","7","1","2","1","1FFF1F","1AAAA1AAA1AAAA","4",,,,,,,
"4600623","2017-09-22T06:00:00","20.16","-138.48",,,"1","3","2","5",,,"11",,,,,,,,,,,,,,,,,,,,,,,,,,,,,,,"236","8","798","172","7","1","2","1","FFFFFF","1AAAAAAAAAAAAA","4",,,,,,,
"4600770","2017-09-22T06:00:00","23.15","-135.81",,,"1","3","2","5",,,"11",,,,,,,,,"10177",,,"0",,,,,,"239",,,,,,,,,,,,,"236","35","794","103","7","1","2","1","1FFF1F","1AAAA1AAA1AAAA","4",,,,,,,
"4600623","2017-09-22T07:00:00","20.15","-138.51",,,"1","3","2","5",,,"11",,,,,,,,,,,,,,,,,,,,,,,,,,,,,,,"236","8","798","172","7","1","2","1","FFFFFF","1AAAAAAAAAAAAA","4",,,,,,,
"4600770","2017-09-22T07:00:00","23.14","-135.84",,,"1","4","2","5",,,"11",,,,,,,,,"10179",,,"8",,,,,"9","239",,,,,,,,,,,,,"236","35","798","172","7","1","2","1","1FFF1F","1AAAA1AAA1AAAA","4",,,,,,,
"4600623","2017-09-22T08:00:00","20.16","-138.52",,,"1","3","2","5",,,"11",,,,,,,,,,,,,,,,,,,,,,,,,,,,,,,"236","8","798","172","7","1","2","1","FFFFFF","1AAAAAAAAAAAAA","4",,,,,,,
"2100530","2017-09-22T09:00:00","24.25","-134.36",,,"1","4","2","5",,,"11",,,,,,,,,"10185",,,"8",,,,,"9","233",,,,,,,,,,,,,"236","44","798","172","7","1","2","1","1FFF1F","1AAAA1AAA1AAAA","4",,,,,,,
"4600623","2017-09-22T09:00:00","20.16","-138.52",,,"1","3","2","5",,,"11",,,,,,,,,,,,,,,,,,,,,,,,,,,,,,,"236","8","798","172","7","1","2","1","FFFFFF","1AAAAAAAAAAAAA","4",,,,,,,
"4600770","2017-09-22T09:00:00","23.14","-135.84",,,"1","4","2","5",,,"11",,,,,,,,,"10176",,,"8",,,,,"9","239",,,,,,,,,,,,,"236","35","798","172","7","1","2","1","1FFF1F","1AAAA1AAA1AAAA","4",,,,,,,
"2100530","2017-09-22T10:00:00","24.25","-134.36",,,"1","4","2","5",,,"11",,,,,,,,,"10183",,,"8",,,,,"9","233",,,,,,,,,,,,,"236","44","798","172","7","1","2","1","1FFF1F","1AAAA1AAA1AAAA","4",,,,,,,
"4600623","2017-09-22T10:00:00","20.15","-138.57",,,"1","3","2","5",,,"11",,,,,,,,,,,,,,,,,,,,,,,,,,,,,,,"236","8","798","172","7","1","2","1","FFFFFF","1AAAAAAAAAAAAA","4",,,,,,,
"4600770","2017-09-22T10:00:00","23.14","-135.84",,,"1","4","2","5",,,"11",,,,,,,,,"10172",,,"8",,,,,"9","239",,,,,,,,,,,,,"236","35","798","172","7","1","2","1","1FFF1F","1AAAA1AAA1AAAA","4",,,,,,,
"2100530","2017-09-22T11:00:00","24.25","-134.36",,,"1","4","2","5",,,"11",,,,,,,,,"10182",,,"8",,,,,"9","233",,,,,,,,,,,,,"236","44","798","172","7","1","2","1","1FFF1F","1AAAA1AAA1AAAA","4",,,,,,,
"4600623","2017-09-22T11:00:00","20.15","-138.57",,,"1","3","2","5",,,"11",,,,,,,,,,,,,,,,,,,,,,,,,,,,,,,"236","8","798","172","7","1","2","1","FFFFFF","1AAAAAAAAAAAAA","4",,,,,,,
"4600770","2017-09-22T11:00:00","23.14","-135.84",,,"1","4","2","5",,,"11",,,,,,,,,"10170",,,"8",,,,,"9","239",,,,,,,,,,,,,"236","35","798","172","7","1","2","1","1FFF1F","1AAAA1AAA1AAAA","4",,,,,,,
"2100530","2017-09-22T12:00:00","24.25","-134.36",,,"1","4","2","5",,,"11",,,,,,,,,"10177",,,"8",,,,,"9","234",,,,,,,,,,,,,"236","44","798","172","7","1","2","1","1FFF1F","1AAAA1AAA1AAAA","4",,,,,,,
"4600623","2017-09-22T12:00:00","20.16","-138.52",,,"1","3","2","5",,,"11",,,,,,,,,,,,,,,,,,,,,,,,,,,,,,,"236","8","798","172","7","1","2","1","FFFFFF","1AAAAAAAAAAAAA","4",,,,,,,
"4600770","2017-09-22T12:00:00","23.14","-135.84",,,"1","4","2","5",,,"11",,,,,,,,,"10168",,,"8",,,,,"9","239",,,,,,,,,,,,,"236","35","798","172","7","1","2","1","1FFF1F","1AAAA1AAA1AAAA","4",,,,,,,
"WDH6745","2017-09-22T12:00:00","27.00","-134.90",,,"1","6","2","5","2","5","1",,"60","4","103","1","98","2",,"10198","4","0","8","211",,"188","174","1","263",,,"5",,"A","A",,"7","4",,,,"236","74","798","172","5","1","2","1","311111","1111A1111181A1",,"5",,,,,,
"2100530","2017-09-22T13:00:00","24.22","-134.44",,,"1","4","2","5",,,"11",,,,,,,,,"10178",,,"8",,,,,"9","234",,,,,,,,,,,,,"236","44","798","172","7","1","2","1","1FFF1F","1AAAA1AAA1AAAA","4",,,,,,,
"4600623","2017-09-22T13:00:00","20.15","-138.57",,,"1","3","2","5",,,"11",,,,,,,,,,,,,,,,,,,,,,,,,,,,,,,"236","8","798","172","7","1","2","1","FFFFFF","1AAAAAAAAAAAAA","4",,,,,,,
"4600770","2017-09-22T13:00:00","23.12","-135.93",,,"1","4","2","5",,,"11",,,,,,,,,"10166",,,"8",,,,,"9","239",,,,,,,,,,,,,"236","35","798","172","7","1","2","1","1FFF1F","1AAAA1AAA1AAAA","4",,,,,,,
"2100530","2017-09-22T14:00:00","24.22","-134.43",,,"1","4","2","5",,,"11",,,,,,,,,"10179",,,"8",,,,,"9","234",,,,,,,,,,,,,"236","44","798","172","7","1","2","1","1FFF1F","1AAAA1AAA1AAAA","4",,,,,,,
"4600623","2017-09-22T14:00:00","20.15","-138.60",,,"1","3","2","5",,,"11",,,,,,,,,,,,,,,,,,,,,,,,,,,,,,,"236","8","798","172","7","1","2","1","FFFFFF","1AAAAAAAAAAAAA","4",,,,,,,
"4600770","2017-09-22T14:00:00","23.12","-135.92",,,"1","4","2","5",,,"11",,,,,,,,,"10165",,,"8",,,,,"9","239",,,,,,,,,,,,,"236","35","798","172","7","1","2","1","1FFF1F","1AAAA1AAA1AAAA","4",,,,,,,
"2100530","2017-09-22T15:00:00","24.22","-134.46",,,"1","4","2","5",,,"11",,,,,,,,,"10181",,,"8",,,,,"9","234",,,,,,,,,,,,,"236","44","798","172","7","1","2","2","1FFF1F","1AAAA1AAA1AAAA","4",,,,,,,
"4600623","2017-09-22T15:00:00","20.14","-138.59",,,"1","3","2","5",,,"11",,,,,,,,,,,,,,,,,,,,,,,,,,,,,,,"236","8","798","172","7","1","2","1","FFFFFF","1AAAAAAAAAAAAA","4",,,,,,,
"4600770","2017-09-22T15:00:00","23.11","-135.95",,,"1","4","2","5",,,"11",,,,,,,,,"10170",,,"8",,,,,"9","239",,,,,,,,,,,,,"236","35","798","172","7","1","2","2","1FFF1F","1AAAA1AAA1AAAA","4",,,,,,,
"WFLH","2017-09-22T15:00:00","29.70","-135.80",,,"1","6","2","5","5","4","1",,"60","3","77","1","98",,"0",,,,"8","210",,"170","150","1","210","1","0","A","9","A","1",,"4","2","5","11","2","236","95","798","172","5","1","2","2","1111F1","111A1A1111111A",,"5",,"0","37","1","1",
"4600059","2017-09-22T15:40:00","29.40","-134.50",,,"1","3","2","5",,,"11",,"70","1","60",,,,,"10196",,,,,,,,,,,,,,,,,,"3",,"10","3","236","94","798","172","6","1","2","2","FFFFFF","1AAAAAAAAAA77A",,,,,,,,
"2100530","2017-09-22T16:00:00","24.22","-134.46",,,"1","4","2","5",,,"11",,,,,,,,,"10183",,,"8",,,,,"9","234",,,,,,,,,,,,,"236","44","798","172","7","1","2","2","1FFF1F","1AAAA1AAA1AAAA","4",,,,,,,
"4600623","2017-09-22T16:00:00","20.14","-138.59",,,"1","3","2","5",,,"11",,,,,,,,,,,,,,,,,,,,,,,,,,,,,,,"236","8","798","172","7","1","2","2","FFFFFF","1AAAAAAAAAAAAA","4",,,,,,,
"4600770","2017-09-22T16:00:00","23.11","-135.95",,,"1","4","2","5",,,"11",,,,,,,,,"10173",,,"8",,,,,"9","239",,,,,,,,,,,,,"236","35","798","172","7","1","2","2","1FFF1F","1AAAA1AAA1AAAA","4",,,,,,,
"2100530","2017-09-22T17:00:00","24.22","-134.47",,,"1","4","2","5",,,"11",,,,,,,,,"10189",,,"8",,,,,"9","234",,,,,,,,,,,,,"236","44","798","172","7","1","2","2","1FFF1F","1AAAA1AAA1AAAA","4",,,,,,,
"4600623","2017-09-22T17:00:00","20.13","-138.60",,,"1","3","2","5",,,"11",,,,,,,,,,,,,,,,,,,,,,,,,,,,,,,"236","8","798","172","7","1","2","2","FFFFFF","1AAAAAAAAAAAAA","4",,,,,,,
"4600770","2017-09-22T17:00:00","23.11","-135.96",,,"1","4","2","5",,,"11",,,,,,,,,"10177",,,"8",,,,,"9","239",,,,,,,,,,,,,"236","35","798","172","7","1","2","2","1FFF1F","1AAAA1AAA1AAAA","4",,,,,,,
"2100530","2017-09-22T18:00:00","24.21","-134.49",,,"1","4","2","5",,,"11",,,,,,,,,"10192",,,"8",,,,,"9","234",,,,,,,,,,,,,"236","44","798","172","7","1","2","2","1FFF1F","1AAAA1AAA1AAAA","4",,,,,,,
"4600623","2017-09-22T18:00:00","20.13","-138.60",,,"1","3","2","5",,,"11",,,,,,,,,,,,,,,,,,,,,,,,,,,,,,,"236","8","798","172","7","1","2","2","FFFFFF","1AAAAAAAAAAAAA","4",,,,,,,
"4600770","2017-09-22T18:00:00","23.11","-135.96",,,"1","4","2","5",,,"11",,,,,,,,,"10182",,,"8",,,,,"9","239",,,,,,,,,,,,,"236","35","798","172","7","1","2","2","1FFF1F","1AAAA1AAA1AAAA","4",,,,,,,
"WFLH","2017-09-22T18:00:00","29.00","-138.00",,,"1","6","2","5","6","4","1",,"70","3","103","1","98","1","0","10242","2","3","8","233",,"189","166","1","211","1","1","1","3","A","A",,"4","3","1","9","4","236","98","798","172","5","1","2","2","111111","11111111111111",,"5",,"0",,,,
"2100530","2017-09-22T19:00:00","24.21","-134.49",,,"1","4","2","5",,,"11",,,,,,,,,"10194",,,"8",,,,,"9","234",,,,,,,,,,,,,"236","44","798","172","7","1","2","2","1FFF1F","1AAAA1AAA1AAAA","4",,,,,,,
"4600623","2017-09-22T19:00:00","20.12","-138.63",,,"1","3","2","5",,,"11",,,,,,,,,,,,,,,,,,,,,,,,,,,,,,,"236","8","798","172","7","1","2","2","FFFFFF","1AAAAAAAAAAAAA","4",,,,,,,
"4600770","2017-09-22T19:00:00","23.11","-135.99",,,"1","4","2","5",,,"11",,,,,,,,,"10183",,,"8",,,,,"9","239",,,,,,,,,,,,,"236","35","798","172","7","1","2","2","1FFF1F","1AAAA1AAA1AAAA","4",,,,,,,
"4600059","2017-09-22T19:40:00","29.40","-134.50",,,"1","3","2","5",,,"11",,"70","1","60",,,,,"10201",,,,,,,,,,,,,,,,,,"3",,"11","2","236","94","798","172","6","1","2","2","FFFFFF","1AAAAAAAAAA77A",,,,,,,,
"2100530","2017-09-22T20:00:00","24.21","-134.51",,,"1","4","2","5",,,"11",,,,,,,,,"10191",,,"8",,,,,"9","235",,,,,,,,,,,,,"236","44","798","172","7","1","2","2","1FFF1F","1AAAA1AAA1AAAA","4",,,,,,,
"4600623","2017-09-22T20:00:00","20.11","-138.64",,,"1","3","2","5",,,"11",,,,,,,,,,,,,,,,,,,,,,,,,,,,,,,"236","8","798","172","7","1","2","2","FFFFFF","1AAAAAAAAAAAAA","4",,,,,,,
"4600770","2017-09-22T20:00:00","23.11","-136.00",,,"1","4","2","5",,,"11",,,,,,,,,"10180",,,"8",,,,,"9","240",,,,,,,,,,,,,"236","36","798","172","7","1","2","2","1FFF1F","1AAAA1AAA1AAAA","4",,,,,,,
"2100530","2017-09-22T21:00:00","24.21","-134.51",,,"1","4","2","5",,,"11",,,,,,,,,"10187",,,"8",,,,,"9","236",,,,,,,,,,,,,"236","44","798","172","7","1","2","2","1FFF1F","1AAAA1AAA1AAAA","4",,,,,,,
"4600623","2017-09-22T21:00:00","20.11","-138.64",,,"1","3","2","5",,,"11",,,,,,,,,,,,,,,,,,,,,,,,,,,,,,,"236","8","798","172","7","1","2","2","FFFFFF","1AAAAAAAAAAAAA","4",,,,,,,
"4600770","2017-09-22T21:00:00","23.11","-136.00",,,"1","4","2","5",,,"11",,,,,,,,,"10175",,,"8",,,,,"9","240",,,,,,,,,,,,,"236","36","798","172","7","1","2","2","1FFF1F","1AAAA1AAA1AAAA","4",,,,,,,
"2100530","2017-09-22T22:00:00","24.20","-134.55",,,"1","4","2","5",,,"11",,,,,,,,,"10182",,,"8",,,,,"9","237",,,,,,,,,,,,,"236","44","798","172","7","1","2","2","1FFF1F","1AAAA1AAA1AAAA","4",,,,,,,
"4600623","2017-09-22T22:00:00","20.11","-138.64",,,"1","3","2","5",,,"11",,,,,,,,,,,,,,,,,,,,,,,,,,,,,,,"236","8","798","172","7","1","2","2","FFFFFF","1AAAAAAAAAAAAA","4",,,,,,,
"4600770","2017-09-22T22:00:00","23.11","-136.00",,,"1","4","2","5",,,"11",,,,,,,,,"10171",,,"8",,,,,"9","240",,,,,,,,,,,,,"236","36","798","172","7","1","2","2","1FFF1F","1AAAA1AAA1AAAA","4",,,,,,,
"2100530","2017-09-22T23:00:00","24.20","-134.55",,,"1","4","2","5",,,"11",,,,,,,,,"10178",,,"8",,,,,"9","237",,,,,,,,,,,,,"236","44","798","172","7","1","2","2","1FFF1F","1AAAA1AAA1AAAA","4",,,,,,,
"4600623","2017-09-22T23:00:00","20.10","-138.67",,,"1","3","2","5",,,"11",,,,,,,,,,,,,,,,,,,,,,,,,,,,,,,"236","8","798","172","7","1","2","2","FFFFFF","1AAAAAAAAAAAAA","4",,,,,,,
"4600770","2017-09-22T23:00:00","23.10","-136.04",,,"1","4","2","5",,,"11",,,,,,,,,"10165",,,"8",,,,,"9","241",,,,,,,,,,,,,"236","36","798","172","7","1","2","2","1FFF1F","1AAAA1AAA1AAAA","4",,,,,,,
"4600059","2017-09-22T23:50:00","26.60","-137.30",,,"1","3","2","5",,,"11","0","80","1","90",,,,,"10185",,,,,,,,,,,,,,,,,"8","4",,"9","2","236","67","798","172","6","1","2","2","FF11FF","11AAAAAAAAAAAA",,,"6",,,,,"4"
"2100530","2017-09-23T00:00:00","24.20","-134.55",,,"1","4","2","5",,,"11",,,,,,,,,"10173",,,"8",,,,,"9","238",,,,,,,,,,,,,"236","44","798","172","7","1","2","2","1FFF1F","1AAAA1AAA1AAAA","4",,,,,,,
"4600623","2017-09-23T00:00:00","20.10","-138.67",,,"1","3","2","5",,,"11",,,,,,,,,,,,,,,,,,,,,,,,,,,,,,,"236","8","798","172","7","1","2","2","FFFFFF","1AAAAAAAAAAAAA","4",,,,,,,
"4600770","2017-09-23T00:00:00","23.10","-136.04",,,"1","4","2","5",,,"11",,,,,,,,,"10161",,,"8",,,,,"9","241",,,,,,,,,,,,,"236","36","798","172","7","1","2","2","1FFF1F","1AAAA1AAA1AAAA","4",,,,,,,
"2100530","2017-09-23T01:00:00","24.19","-134.57",,,"1","4","2","5",,,"11",,,,,,,,,"10172",,,"8",,,,,"9","237",,,,,,,,,,,,,"236","44","798","172","7","1","2","2","1FFF1F","1AAAA1AAA1AAAA","4",,,,,,,
"4600623","2017-09-23T01:00:00","20.10","-138.67",,,"1","3","2","5",,,"11",,,,,,,,,,,,,,,,,,,,,,,,,,,,,,,"236","8","798","172","7","1","2","2","FFFFFF","1AAAAAAAAAAAAA","4",,,,,,,
"4600770","2017-09-23T01:00:00","23.09","-136.08",,,"1","4","2","5",,,"11",,,,,,,,,"10161",,,"8",,,,,"9","241",,,,,,,,,,,,,"236","36","798","172","7","1","2","2","1FFF1F","1AAAA1AAA1AAAA","4",,,,,,,
"2100530","2017-09-23T02:00:00","24.19","-134.59",,,"1","4","2","5",,,"11",,,,,,,,,"10172",,,"8",,,,,"9","236",,,,,,,,,,,,,"236","44","798","172","7","1","2","2","1FFF1F","1AAAA1AAA1AAAA","4",,,,,,,
"4600623","2017-09-23T02:00:00","20.10","-138.69",,,"1","3","2","5",,,"11",,,,,,,,,,,,,,,,,,,,,,,,,,,,,,,"236","8","798","172","7","1","2","2","FFFFFF","1AAAAAAAAAAAAA","4",,,,,,,
"4600770","2017-09-23T02:00:00","23.09","-136.06",,,"1","4","2","5",,,"11",,,,,,,,,"10160",,,"8",,,,,"9","240",,,,,,,,,,,,,"236","36","798","172","7","1","2","2","1FFF1F","1AAAA1AAA1AAAA","4",,,,,,,
"2100530","2017-09-23T03:00:00","24.18","-134.60",,,"1","4","2","5",,,"11",,,,,,,,,"10173",,,"8",,,,,"9","235",,,,,,,,,,,,,"236","44","798","172","7","1","2","2","1FFF1F","1AAAA1AAA1AAAA","4",,,,,,,
"4600623","2017-09-23T03:00:00","20.10","-138.69",,,"1","3","2","5",,,"11",,,,,,,,,,,,,,,,,,,,,,,,,,,,,,,"236","8","798","172","7","1","2","2","FFFFFF","1AAAAAAAAAAAAA","4",,,,,,,
"4600770","2017-09-23T03:00:00","23.09","-136.07",,,"1","4","2","5",,,"11",,,,,,,,,"10161",,,"8",,,,,"9","240",,,,,,,,,,,,,"236","36","798","172","7","1","2","2","1FFF1F","1AAAA1AAA1AAAA","4",,,,,,,
"2100530","2017-09-23T04:00:00","24.18","-134.62",,,"1","4","2","5",,,"11",,,,,,,,,"10179",,,"8",,,,,"9","234",,,,,,,,,,,,,"236","44","798","172","7","1","2","1","1FFF1F","1AAAA1AAA1AAAA","4",,,,,,,
"4600623","2017-09-23T04:00:00","20.09","-138.71",,,"1","3","2","5",,,"11",,,,,,,,,,,,,,,,,,,,,,,,,,,,,,,"236","8","798","172","7","1","2","1","FFFFFF","1AAAAAAAAAAAAA","4",,,,,,,
"4600770","2017-09-23T04:00:00","23.08","-136.09",,,"1","4","2","5",,,"11",,,,,,,,,"10166",,,"8",,,,,"9","240",,,,,,,,,,,,,"236","36","798","172","7","1","2","1","1FFF1F","1AAAA1AAA1AAAA","4",,,,,,,
"2100530","2017-09-23T05:00:00","24.17","-134.65",,,"1","4","2","5",,,"11",,,,,,,,,"10185",,,"8",,,,,"9","234",,,,,,,,,,,,,"236","44","798","172","7","1","2","1","1FFF1F","1AAAA1AAA1AAAA","4",,,,,,,
"4600623","2017-09-23T05:00:00","20.08","-138.73",,,"1","3","2","5",,,"11",,,,,,,,,,,,,,,,,,,,,,,,,,,,,,,"236","8","798","172","7","1","2","1","FFFFFF","1AAAAAAAAAAAAA","4",,,,,,,
"4600770","2017-09-23T05:00:00","23.07","-136.10",,,"1","4","2","5",,,"11",,,,,,,,,"10171",,,"8",,,,,"9","239",,,,,,,,,,,,,"236","36","798","172","7","1","2","1","1FFF1F","1AAAA1AAA1AAAA","4",,,,,,,
"2100530","2017-09-23T06:00:00","24.17","-134.65",,,"1","4","2","5",,,"11",,,,,,,,,"10189",,,"8",,,,,"9","234",,,,,,,,,,,,,"236","44","798","172","7","1","2","1","1FFF1F","1AAAA1AAA1AAAA","4",,,,,,,
"4600623","2017-09-23T06:00:00","20.08","-138.73",,,"1","3","2","5",,,"11",,,,,,,,,,,,,,,,,,,,,,,,,,,,,,,"236","8","798","172","7","1","2","1","FFFFFF","1AAAAAAAAAAAAA","4",,,,,,,
"4600770","2017-09-23T06:00:00","23.06","-136.11",,,"1","4","2","5",,,"11",,,,,,,,,"10176",,,"8",,,,,"9","239",,,,,,,,,,,,,"236","36","798","172","7","1","2","1","1FFF1F","1AAAA1AAA1AAAA","4",,,,,,,
"2100530","2017-09-23T07:00:00","24.17","-134.68",,,"1","4","2","5",,,"11",,,,,,,,,"10190",,,"8",,,,,"9","234",,,,,,,,,,,,,"236","44","798","172","7","1","2","1","1FFF1F","1AAAA1AAA1AAAA","4",,,,,,,
"4600623","2017-09-23T07:00:00","20.07","-138.73",,,"1","3","2","5",,,"11",,,,,,,,,,,,,,,,,,,,,,,,,,,,,,,"236","8","798","172","7","1","2","1","FFFFFF","1AAAAAAAAAAAAA","4",,,,,,,
"4600770","2017-09-23T07:00:00","23.05","-136.14",,,"1","4","2","5",,,"11",,,,,,,,,"10178",,,"8",,,,,"9","239",,,,,,,,,,,,,"236","36","798","172","7","1","2","1","1FFF1F","1AAAA1AAA1AAAA","4",,,,,,,
"2100530","2017-09-23T08:00:00","24.17","-134.68",,,"1","4","2","5",,,"11",,,,,,,,,"10185",,,"8",,,,,"9","234",,,,,,,,,,,,,"236","44","798","172","7","1","2","1","1FFF1F","1AAAA1AAA1AAAA","4",,,,,,,
"4600623","2017-09-23T08:00:00","20.07","-138.74",,,"1","3","2","5",,,"11",,,,,,,,,,,,,,,,,,,,,,,,,,,,,,,"236","8","798","172","7","1","2","1","FFFFFF","1AAAAAAAAAAAAA","4",,,,,,,
"4600770","2017-09-23T08:00:00","23.05","-136.14",,,"1","4","2","5",,,"11",,,,,,,,,"10176",,,"8",,,,,"9","239",,,,,,,,,,,,,"236","36","798","172","7","1","2","1","1FFF1F","1AAAA1AAA1AAAA","4",,,,,,,
"2100530","2017-09-23T09:00:00","24.17","-134.68",,,"1","4","2","5",,,"11",,,,,,,,,"10183",,,"8",,,,,"9","234",,,,,,,,,,,,,"236","44","798","172","7","1","2","1","1FFF1F","1AAAA1AAA1AAAA","4",,,,,,,
"4600623","2017-09-23T09:00:00","20.07","-138.74",,,"1","3","2","5",,,"11",,,,,,,,,,,,,,,,,,,,,,,,,,,,,,,"236","8","798","172","7","1","2","1","FFFFFF","1AAAAAAAAAAAAA","4",,,,,,,
"4600770","2017-09-23T09:00:00","23.05","-136.14",,,"1","4","2","5",,,"11",,,,,,,,,"10173",,,"8",,,,,"9","239",,,,,,,,,,,,,"236","36","798","172","7","1","2","1","1FFF1F","1AAAA1AAA1AAAA","4",,,,,,,
"2100530","2017-09-23T10:00:00","24.17","-134.68",,,"1","4","2","5",,,"11",,,,,,,,,"10180",,,"8",,,,,"9","234",,,,,,,,,,,,,"236","44","798","172","7","1","2","1","1FFF1F","1AAAA1AAA1AAAA","4",,,,,,,
"4600623","2017-09-23T10:00:00","20.05","-138.79",,,"1","3","2","5",,,"11",,,,,,,,,,,,,,,,,,,,,,,,,,,,,,,"236","8","798","172","7","1","2","1","FFFFFF","1AAAAAAAAAAAAA","4",,,,,,,
"4600770","2017-09-23T10:00:00","23.05","-136.14",,,"1","4","2","5",,,"11",,,,,,,,,"10169",,,"8",,,,,"9","239",,,,,,,,,,,,,"236","36","798","172","7","1","2","1","1FFF1F","1AAAA1AAA1AAAA","4",,,,,,,
"2100530","2017-09-23T11:00:00","24.16","-134.77",,,"1","4","2","5",,,"11",,,,,,,,,"10176",,,"8",,,,,"9","234",,,,,,,,,,,,,"236","44","798","172","7","1","2","1","1FFF1F","1AAAA1AAA1AAAA","4",,,,,,,
"4600623","2017-09-23T11:00:00","20.07","-138.74",,,"1","3","2","5",,,"11",,,,,,,,,,,,,,,,,,,,,,,,,,,,,,,"236","8","798","172","7","1","2","1","FFFFFF","1AAAAAAAAAAAAA","4",,,,,,,
"4600770","2017-09-23T11:00:00","23.05","-136.14",,,"1","4","2","5",,,"11",,,,,,,,,"10166",,,"8",,,,,"9","239",,,,,,,,,,,,,"236","36","798","172","7","1","2","1","1FFF1F","1AAAA1AAA1AAAA","4",,,,,,,
"2100530","2017-09-23T12:00:00","24.17","-134.68",,,"1","4","2","5",,,"11",,,,,,,,,"10173",,,"8",,,,,"9","234",,,,,,,,,,,,,"236","44","798","172","7","1","2","1","1FFF1F","1AAAA1AAA1AAAA","4",,,,,,,
"4600623","2017-09-23T12:00:00","20.05","-138.79",,,"1","3","2","5",,,"11",,,,,,,,,,,,,,,,,,,,,,,,,,,,,,,"236","8","798","172","7","1","2","1","FFFFFF","1AAAAAAAAAAAAA","4",,,,,,,
"4600770","2017-09-23T12:00:00","23.02","-136.22",,,"1","4","2","5",,,"11",,,,,,,,,"10162",,,"8",,,,,"9","239",,,,,,,,,,,,,"236","36","798","172","7","1","2","1","1FFF1F","1AAAA1AAA1AAAA","4",,,,,,,
"9VKU8","2017-09-23T12:00:00","28.60","-131.10",,,"1","6","2","5","6","3","1",,"20","4","98","1","98","0","0","10149","7","7","8","200",,"170","153","1","230","6","6","A","A","A","A",,,,,,,"236","81","798","172","5","1","2","1","111111","11111111111AA1",,"5",,"0",,,,
"2100530","2017-09-23T13:00:00","24.16","-134.77",,,"1","4","2","5",,,"11",,,,,,,,,"10174",,,"8",,,,,"9","234",,,,,,,,,,,,,"236","44","798","172","7","1","2","1","1FFF1F","1AAAA1AAA1AAAA","4",,,,,,,
"4600623","2017-09-23T13:00:00","20.07","-138.74",,,"1","3","2","5",,,"11",,,,,,,,,,,,,,,,,,,,,,,,,,,,,,,"236","8","798","172","7","1","2","1","FFFFFF","1AAAAAAAAAAAAA","4",,,,,,,
"4600770","2017-09-23T13:00:00","23.02","-136.22",,,"1","4","2","5",,,"11",,,,,,,,,"10163",,,"8",,,,,"9","239",,,,,,,,,,,,,"236","36","798","172","7","1","2","1","1FFF1F","1AAAA1AAA1AAAA","4",,,,,,,
"2100530","2017-09-23T14:00:00","24.16","-134.77",,,"1","4","2","5",,,"11",,,,,,,,,"10178",,,"8",,,,,"9","234",,,,,,,,,,,,,"236","44","798","172","7","1","2","1","1FFF1F","1AAAA1AAA1AAAA","4",,,,,,,
"4600623","2017-09-23T14:00:00","20.05","-138.79",,,"1","3","2","5",,,"11",,,,,,,,,,,,,,,,,,,,,,,,,,,,,,,"236","8","798","172","7","1","2","1","FFFFFF","1AAAAAAAAAAAAA","4",,,,,,,
"4600770","2017-09-23T14:00:00","23.02","-136.22",,,"1","4","2","5",,,"11",,,,,,,,,"10168",,,"8",,,,,"9","239",,,,,,,,,,,,,"236","36","798","172","7","1","2","1","1FFF1F","1AAAA1AAA1AAAA","4",,,,,,,
"2100530","2017-09-23T15:00:00","24.16","-134.80",,,"1","4","2","5",,,"11",,,,,,,,,"10182",,,"8",,,,,"9","234",,,,,,,,,,,,,"236","44","798","172","7","1","2","2","1FFF1F","1AAAA1AAA1AAAA","4",,,,,,,
"4600623","2017-09-23T15:00:00","20.05","-138.79",,,"1","3","2","5",,,"11",,,,,,,,,,,,,,,,,,,,,,,,,,,,,,,"236","8","798","172","7","1","2","1","FFFFFF","1AAAAAAAAAAAAA","4",,,,,,,
"4600770","2017-09-23T15:00:00","23.02","-136.22",,,"1","4","2","5",,,"11",,,,,,,,,"10170",,,"8",,,,,"9","239",,,,,,,,,,,,,"236","36","798","172","7","1","2","2","1FFF1F","1AAAA1AAA1AAAA","4",,,,,,,
"2100530","2017-09-23T16:00:00","24.16","-134.82",,,"1","4","2","5",,,"11",,,,,,,,,"10185",,,"8",,,,,"9","234",,,,,,,,,,,,,"236","44","798","172","7","1","2","2","1FFF1F","1AAAA1AAA1AAAA","4",,,,,,,
"4600623","2017-09-23T16:00:00","20.04","-138.81",,,"1","3","2","5",,,"11",,,,,,,,,,,,,,,,,,,,,,,,,,,,,,,"236","8","798","172","7","1","2","2","FFFFFF","1AAAAAAAAAAAAA","4",,,,,,,
"4600770","2017-09-23T16:00:00","23.02","-136.27",,,"1","4","2","5",,,"11",,,,,,,,,"10171",,,"8",,,,,"9","239",,,,,,,,,,,,,"236","36","798","172","7","1","2","2","1FFF1F","1AAAA1AAA1AAAA","4",,,,,,,
"2100530","2017-09-23T17:00:00","24.16","-134.82",,,"1","4","2","5",,,"11",,,,,,,,,"10191",,,"8",,,,,"9","234",,,,,,,,,,,,,"236","44","798","172","7","1","2","2","1FFF1F","1AAAA1AAA1AAAA","4",,,,,,,
"4600623","2017-09-23T17:00:00","20.03","-138.84",,,"1","3","2","5",,,"11",,,,,,,,,,,,,,,,,,,,,,,,,,,,,,,"236","8","798","172","7","1","2","2","FFFFFF","1AAAAAAAAAAAAA","4",,,,,,,
"4600770","2017-09-23T17:00:00","23.02","-136.30",,,"1","4","2","5",,,"11",,,,,,,,,"10180",,,"8",,,,,"9","239",,,,,,,,,,,,,"236","36","798","172","7","1","2","2","1FFF1F","1AAAA1AAA1AAAA","4",,,,,,,
"2100530","2017-09-23T18:00:00","24.15","-134.83",,,"1","4","2","5",,,"11",,,,,,,,,"10193",,,"8",,,,,"9","234",,,,,,,,,,,,,"236","44","798","172","7","1","2","2","1FFF1F","1AAAA1AAA1AAAA","4",,,,,,,
"4600623","2017-09-23T18:00:00","20.03","-138.84",,,"1","3","2","5",,,"11",,,,,,,,,,,,,,,,,,,,,,,,,,,,,,,"236","8","798","172","7","1","2","2","FFFFFF","1AAAAAAAAAAAAA","4",,,,,,,
"4600770","2017-09-23T18:00:00","23.02","-136.32",,,"1","4","2","5",,,"11",,,,,,,,,"10182",,,"8",,,,,"9","239",,,,,,,,,,,,,"236","36","798","172","7","1","2","2","1FFF1F","1AAAA1AAA1AAAA","4",,,,,,,
"9VKU8","2017-09-23T18:00:00","29.00","-132.70",,,"1","4","0","0","7","3","1","0","220","4","31",,"98","3","2","10216","2","7","0","210","0","180","164","1","220","8","8","4","7","A","A",,,"1","0",,,"236","92","992","114","5","1","2","2","111111","11111111111331",,,"1","2","0",,,"4"
"2100530","2017-09-23T19:00:00","24.15","-134.83",,,"1","4","2","5",,,"11",,,,,,,,,"10194",,,"8",,,,,"9","235",,,,,,,,,,,,,"236","44","798","172","7","1","2","2","1FFF1F","1AAAA1AAA1AAAA","4",,,,,,,
"4600623","2017-09-23T19:00:00","20.03","-138.87",,,"1","3","2","5",,,"11",,,,,,,,,,,,,,,,,,,,,,,,,,,,,,,"236","8","798","172","7","1","2","2","FFFFFF","1AAAAAAAAAAAAA","4",,,,,,,
"4600770","2017-09-23T19:00:00","23.02","-136.31",,,"1","4","2","5",,,"11",,,,,,,,,"10182",,,"8",,,,,"9","239",,,,,,,,,,,,,"236","36","798","172","7","1","2","2","1FFF1F","1AAAA1AAA1AAAA","4",,,,,,,
"2100530","2017-09-23T20:00:00","24.15","-134.85",,,"1","4","2","5",,,"11",,,,,,,,,"10194",,,"8",,,,,"9","235",,,,,,,,,,,,,"236","44","798","172","7","1","2","2","1FFF1F","1AAAA1AAA1AAAA","4",,,,,,,
"4600623","2017-09-23T20:00:00","20.02","-138.87",,,"1","3","2","5",,,"11",,,,,,,,,,,,,,,,,,,,,,,,,,,,,,,"236","8","798","172","7","1","2","2","FFFFFF","1AAAAAAAAAAAAA","4",,,,,,,
"4600770","2017-09-23T20:00:00","23.02","-136.34",,,"1","4","2","5",,,"11",,,,,,,,,"10181",,,"8",,,,,"9","239",,,,,,,,,,,,,"236","36","798","172","7","1","2","2","1FFF1F","1AAAA1AAA1AAAA","4",,,,,,,
"2100530","2017-09-23T21:00:00","24.15","-134.85",,,"1","4","2","5",,,"11",,,,,,,,,"10189",,,"8",,,,,"9","236",,,,,,,,,,,,,"236","44","798","172","7","1","2","2","1FFF1F","1AAAA1AAA1AAAA","4",,,,,,,
"4600623","2017-09-23T21:00:00","20.02","-138.87",,,"1","3","2","5",,,"11",,,,,,,,,,,,,,,,,,,,,,,,,,,,,,,"236","8","798","172","7","1","2","2","FFFFFF","1AAAAAAAAAAAAA","4",,,,,,,
"4600770","2017-09-23T21:00:00","23.02","-136.34",,,"1","4","2","5",,,"11",,,,,,,,,"10178",,,"8",,,,,"9","240",,,,,,,,,,,,,"236","36","798","172","7","1","2","2","1FFF1F","1AAAA1AAA1AAAA","4",,,,,,,
"2100530","2017-09-23T22:00:00","24.15","-134.85",,,"1","4","2","5",,,"11",,,,,,,,,"10185",,,"8",,,,,"9","236",,,,,,,,,,,,,"236","44","798","172","7","1","2","2","1FFF1F","1AAAA1AAA1AAAA","4",,,,,,,
"4600623","2017-09-23T22:00:00","20.02","-138.87",,,"1","3","2","5",,,"11",,,,,,,,,,,,,,,,,,,,,,,,,,,,,,,"236","8","798","172","7","1","2","2","FFFFFF","1AAAAAAAAAAAAA","4",,,,,,,
"4600770","2017-09-23T22:00:00","23.02","-136.34",,,"1","4","2","5",,,"11",,,,,,,,,"10172",,,"8",,,,,"9","240",,,,,,,,,,,,,"236","36","798","172","7","1","2","2","1FFF1F","1AAAA1AAA1AAAA","4",,,,,,,
"2100530","2017-09-23T23:00:00","24.15","-134.90",,,"1","4","2","5",,,"11",,,,,,,,,"10179",,,"8",,,,,"9","236",,,,,,,,,,,,,"236","44","798","172","7","1","2","2","1FFF1F","1AAAA1AAA1AAAA","4",,,,,,,
"4600623","2017-09-23T23:00:00","20.02","-138.87",,,"1","3","2","5",,,"11",,,,,,,,,,,,,,,,,,,,,,,,,,,,,,,"236","8","798","172","7","1","2","2","FFFFFF","1AAAAAAAAAAAAA","4",,,,,,,
"4600770","2017-09-23T23:00:00","23.02","-136.39",,,"1","4","2","5",,,"11",,,,,,,,,"10167",,,"8",,,,,"9","240",,,,,,,,,,,,,"236","36","798","172","7","1","2","2","1FFF1F","1AAAA1AAA1AAAA","4",,,,,,,
"2100530","2017-09-24T00:00:00","24.15","-134.90",,,"1","4","2","5",,,"11",,,,,,,,,"10175",,,"8",,,,,"9","236",,,,,,,,,,,,,"236","44","798","172","7","1","2","2","1FFF1F","1AAAA1AAA1AAAA","4",,,,,,,
"4600623","2017-09-24T00:00:00","20.01","-138.91",,,"1","3","2","5",,,"11",,,,,,,,,,,,,,,,,,,,,,,,,,,,,,,"236","8","798","172","7","1","2","2","FFFFFF","1AAAAAAAAAAAAA","4",,,,,,,
"4600770","2017-09-24T00:00:00","23.02","-136.39",,,"1","4","2","5",,,"11",,,,,,,,,"10165",,,"8",,,,,"9","240",,,,,,,,,,,,,"236","36","798","172","7","1","2","2","1FFF1F","1AAAA1AAA1AAAA","4",,,,,,,
"9VKU8","2017-09-24T00:00:00","29.50","-134.30",,,"1","6","2","5","7","3","1",,"50","4","77","1","98","2","2","10167","6","14","8","210",,"170","147","1","220","6","6","A","A","A","A","0","0","0",,,,"236","94","798","172","5","1","2","2","111111","111111111111A1",,"5",,"2",,,,
"2100530","2017-09-24T01:00:00","24.15","-134.93",,,"1","4","2","5",,,"11",,,,,,,,,"10176",,,"8",,,,,"9","236",,,,,,,,,,,,,"236","44","798","172","7","1","2","2","1FFF1F","1AAAA1AAA1AAAA","4",,,,,,,
"4600623","2017-09-24T01:00:00","20.01","-138.91",,,"1","3","2","5",,,"11",,,,,,,,,,,,,,,,,,,,,,,,,,,,,,,"236","8","798","172","7","1","2","2","FFFFFF","1AAAAAAAAAAAAA","4",,,,,,,
"4600770","2017-09-24T01:00:00","23.02","-136.41",,,"1","4","2","5",,,"11",,,,,,,,,"10164",,,"8",,,,,"9","240",,,,,,,,,,,,,"236","36","798","172","7","1","2","2","1FFF1F","1AAAA1AAA1AAAA","4",,,,,,,
"4600059","2017-09-24T01:50:00","26.50","-137.40",,,"1","3","2","5",,,"11","0","80","1","80",,,,,"10184",,,,,,,,,,,,,,,,,"7","2",,"10","2","236","67","798","172","6","1","2","2","FF11FF","11AAAAAAAAAAAA",,,"6",,,,,"4"
"2100530","2017-09-24T02:00:00","24.16","-134.93",,,"1","4","2","5",,,"11",,,,,,,,,"10178",,,"8",,,,,"9","236",,,,,,,,,,,,,"236","44","798","172","7","1","2","2","1FFF1F","1AAAA1AAA1AAAA","4",,,,,,,
"4600623","2017-09-24T02:00:00","20.01","-138.94",,,"1","3","2","5",,,"11",,,,,,,,,,,,,,,,,,,,,,,,,,,,,,,"236","8","798","172","7","1","2","2","FFFFFF","1AAAAAAAAAAAAA","4",,,,,,,
"4600770","2017-09-24T02:00:00","23.02","-136.41",,,"1","4","2","5",,,"11",,,,,,,,,"10166",,,"8",,,,,"9","240",,,,,,,,,,,,,"236","36","798","172","7","1","2","2","1FFF1F","1AAAA1AAA1AAAA","4",,,,,,,
"2100530","2017-09-24T03:00:00","24.16","-134.96",,,"1","4","2","5",,,"11",,,,,,,,,"10179",,,"8",,,,,"9","236",,,,,,,,,,,,,"236","44","798","172","7","1","2","2","1FFF1F","1AAAA1AAA1AAAA","4",,,,,,,
"4600623","2017-09-24T03:00:00","20.01","-138.92",,,"1","3","2","5",,,"11",,,,,,,,,,,,,,,,,,,,,,,,,,,,,,,"236","8","798","172","7","1","2","2","FFFFFF","1AAAAAAAAAAAAA","4",,,,,,,
"4600770","2017-09-24T03:00:00","23.00","-136.44",,,"1","4","2","5",,,"11",,,,,,,,,"10168",,,"8",,,,,"9","239",,,,,,,,,,,,,"236","36","798","172","7","1","2","2","1FFF1F","1AAAA1AAA1AAAA","4",,,,,,,
"2100530","2017-09-24T04:00:00","24.15","-134.97",,,"1","4","2","5",,,"11",,,,,,,,,"10182",,,"8",,,,,"9","236",,,,,,,,,,,,,"236","44","798","172","7","1","2","1","1FFF1F","1AAAA1AAA1AAAA","4",,,,,,,
"4600623","2017-09-24T04:00:00","20.00","-138.95",,,"1","3","2","5",,,"11",,,,,,,,,,,,,,,,,,,,,,,,,,,,,,,"236","8","798","172","7","1","2","1","FFFFFF","1AAAAAAAAAAAAA","4",,,,,,,
"4600770","2017-09-24T04:00:00","23.01","-136.44",,,"1","4","2","5",,,"11",,,,,,,,,"10170",,,"8",,,,,"9","239",,,,,,,,,,,,,"236","36","798","172","7","1","2","1","1FFF1F","1AAAA1AAA1AAAA","4",,,,,,,
"2100530","2017-09-24T05:00:00","24.15","-134.98",,,"1","3","2","5",,,"11",,,,,,,,,"10186",,,"0",,,,,,"235",,,,,,,,,,,,,"236","44","794","103","7","1","2","1","1FFF1F","1AAAA1AAA1AAAA","4",,,,,,,
"4600623","2017-09-24T05:00:00","20.00","-138.95",,,"1","3","2","5",,,"11",,,,,,,,,,,,,,,,,,,,,,,,,,,,,,,"236","8","798","172","7","1","2","1","FFFFFF","1AAAAAAAAAAAAA","4",,,,,,,
"4600770","2017-09-24T05:00:00","23.01","-136.46",,,"1","4","2","5",,,"11",,,,,,,,,"10175",,,"8",,,,,"9","239",,,,,,,,,,,,,"236","36","798","172","7","1","2","1","1FFF1F","1AAAA1AAA1AAAA","4",,,,,,,
"2100530","2017-09-24T06:00:00","24.15","-134.99",,,"1","3","2","5",,,"11",,,,,,,,,"10189",,,"0",,,,,,"235",,,,,,,,,,,,,"236","44","794","103","7","1","2","1","1FFF1F","1AAAA1AAA1AAAA","4",,,,,,,
"4600770","2017-09-24T06:00:00","23.00","-136.48",,,"1","3","2","5",,,"11",,,,,,,,,"10179",,,"0",,,,,,"239",,,,,,,,,,,,,"236","36","794","103","7","1","2","1","1FFF1F","1AAAA1AAA1AAAA","4",,,,,,,
"2100530","2017-09-24T07:00:00","24.15","-135.00",,,"1","4","2","5",,,"11",,,,,,,,,"10190",,,"8",,,,,"9","235",,,,,,,,,,,,,"236","45","798","172","7","1","2","1","1FFF1F","1AAAA1AAA1AAAA","4",,,,,,,
"4600770","2017-09-24T07:00:00","23.00","-136.50",,,"1","4","2","5",,,"11",,,,,,,,,"10180",,,"8",,,,,"9","239",,,,,,,,,,,,,"236","36","798","172","7","1","2","1","1FFF1F","1AAAA1AAA1AAAA","4",,,,,,,
"2100530","2017-09-24T08:00:00","24.15","-135.00",,,"1","4","2","5",,,"11",,,,,,,,,"10191",,,"8",,,,,"9","235",,,,,,,,,,,,,"236","45","798","172","7","1","2","1","1FFF1F","1AAAA1AAA1AAAA","4",,,,,,,
"4600770","2017-09-24T08:00:00","23.00","-136.52",,,"1","4","2","5",,,"11",,,,,,,,,"10179",,,"8",,,,,"9","239",,,,,,,,,,,,,"236","36","798","172","7","1","2","1","1FFF1F","1AAAA1AAA1AAAA","4",,,,,,,
"2100530","2017-09-24T09:00:00","24.15","-135.00",,,"1","4","2","5",,,"11",,,,,,,,,"10186",,,"8",,,,,"9","235",,,,,,,,,,,,,"236","45","798","172","7","1","2","1","1FFF1F","1AAAA1AAA1AAAA","4",,,,,,,
"4600770","2017-09-24T09:00:00","23.00","-136.52",,,"1","4","2","5",,,"11",,,,,,,,,"10176",,,"8",,,,,"9","238",,,,,,,,,,,,,"236","36","798","172","7","1","2","1","1FFF1F","1AAAA1AAA1AAAA","4",,,,,,,
"2100530","2017-09-24T10:00:00","24.15","-135.00",,,"1","4","2","5",,,"11",,,,,,,,,"10181",,,"8",,,,,"9","235",,,,,,,,,,,,,"236","45","798","172","7","1","2","1","1FFF1F","1AAAA1AAA1AAAA","4",,,,,,,
"4600770","2017-09-24T10:00:00","23.00","-136.52",,,"1","4","2","5",,,"11",,,,,,,,,"10171",,,"8",,,,,"9","238",,,,,,,,,,,,,"236","36","798","172","7","1","2","1","1FFF1F","1AAAA1AAA1AAAA","4",,,,,,,
"2100530","2017-09-24T11:00:00","24.15","-135.00",,,"1","4","2","5",,,"11",,,,,,,,,"10177",,,"8",,,,,"9","235",,,,,,,,,,,,,"236","45","798","172","7","1","2","1","1FFF1F","1AAAA1AAA1AAAA","4",,,,,,,
"4600770","2017-09-24T11:00:00","23.00","-136.52",,,"1","4","2","5",,,"11",,,,,,,,,"10167",,,"8",,,,,"9","238",,,,,,,,,,,,,"236","36","798","172","7","1","2","1","1FFF1F","1AAAA1AAA1AAAA","4",,,,,,,
"2100530","2017-09-24T12:00:00","24.15","-135.00",,,"1","4","2","5",,,"11",,,,,,,,,"10176",,,"8",,,,,"9","235",,,,,,,,,,,,,"236","45","798","172","7","1","2","1","1FFF1F","1AAAA1AAA1AAAA","4",,,,,,,
"4600770","2017-09-24T12:00:00","23.01","-136.58",,,"1","4","2","5",,,"11",,,,,,,,,"10166",,,"8",,,,,"9","238",,,,,,,,,,,,,"236","36","798","172","7","1","2","1","1FFF1F","1AAAA1AAA1AAAA","4",,,,,,,
"2100530","2017-09-24T13:00:00","24.14","-135.08",,,"1","4","2","5",,,"11",,,,,,,,,"10178",,,"8",,,,,"9","235",,,,,,,,,,,,,"236","45","798","172","7","1","2","1","1FFF1F","1AAAA1AAA1AAAA","4",,,,,,,
"4600770","2017-09-24T13:00:00","23.01","-136.61",,,"1","4","2","5",,,"11",,,,,,,,,"10166",,,"8",,,,,"9","238",,,,,,,,,,,,,"236","36","798","172","7","1","2","1","1FFF1F","1AAAA1AAA1AAAA","4",,,,,,,
"2100530","2017-09-24T14:00:00","24.13","-135.09",,,"1","4","2","5",,,"11",,,,,,,,,"10180",,,"8",,,,,"9","236",,,,,,,,,,,,,"236","45","798","172","7","1","2","1","1FFF1F","1AAAA1AAA1AAAA","4",,,,,,,
"4600770","2017-09-24T14:00:00","23.01","-136.61",,,"1","4","2","5",,,"11",,,,,,,,,"10168",,,"8",,,,,"9","238",,,,,,,,,,,,,"236","36","798","172","7","1","2","1","1FFF1F","1AAAA1AAA1AAAA","4",,,,,,,
"2100530","2017-09-24T15:00:00","24.13","-135.09",,,"1","4","2","5",,,"11",,,,,,,,,"10183",,,"8",,,,,"9","236",,,,,,,,,,,,,"236","45","798","172","7","1","2","2","1FFF1F","1AAAA1AAA1AAAA","4",,,,,,,
"4600770","2017-09-24T15:00:00","23.01","-136.61",,,"1","4","2","5",,,"11",,,,,,,,,"10171",,,"8",,,,,"9","238",,,,,,,,,,,,,"236","36","798","172","7","1","2","1","1FFF1F","1AAAA1AAA1AAAA","4",,,,,,,
"2100530","2017-09-24T16:00:00","24.14","-135.12",,,"1","4","2","5",,,"11",,,,,,,,,"10186",,,"8",,,,,"9","236",,,,,,,,,,,,,"236","45","798","172","7","1","2","2","1FFF1F","1AAAA1AAA1AAAA","4",,,,,,,
"4600770","2017-09-24T16:00:00","23.00","-136.64",,,"1","4","2","5",,,"11",,,,,,,,,"10174",,,"8",,,,,"9","238",,,,,,,,,,,,,"236","36","798","172","7","1","2","2","1FFF1F","1AAAA1AAA1AAAA","4",,,,,,,
"2100530","2017-09-24T17:00:00","24.13","-135.11",,,"1","4","2","5",,,"11",,,,,,,,,"10190",,,"8",,,,,"9","236",,,,,,,,,,,,,"236","45","798","172","7","1","2","2","1FFF1F","1AAAA1AAA1AAAA","4",,,,,,,
"4600770","2017-09-24T17:00:00","23.00","-136.65",,,"1","4","2","5",,,"11",,,,,,,,,"10180",,,"8",,,,,"9","238",,,,,,,,,,,,,"236","36","798","172","7","1","2","2","1FFF1F","1AAAA1AAA1AAAA","4",,,,,,,
"2100530","2017-09-24T18:00:00","24.13","-135.13",,,"1","4","2","5",,,"11",,,,,,,,,"10192",,,"8",,,,,"9","236",,,,,,,,,,,,,"236","45","798","172","7","1","2","2","1FFF1F","1AAAA1AAA1AAAA","4",,,,,,,
"4600770","2017-09-24T18:00:00","22.99","-136.65",,,"1","4","2","5",,,"11",,,,,,,,,"10183",,,"8",,,,,"9","238",,,,,,,,,,,,,"236","26","798","172","7","1","2","2","1FFF1F","1AAAA1AAA1AAAA","4",,,,,,,
"4600059","2017-09-24T18:50:00","26.50","-137.40",,,"1","3","2","5",,,"11","0","90","1","70",,,,,"10204",,,,,,,,,,,,,,,,,"6","2",,"8","2","236","67","798","172","6","1","2","2","FF11FF","11AAAAAAAAAAAA",,,"6",,,,,"4"
"2100530","2017-09-24T19:00:00","24.13","-135.15",,,"1","4","2","5",,,"11",,,,,,,,,"10193",,,"8",,,,,"9","236",,,,,,,,,,,,,"236","45","798","172","7","1","2","2","1FFF1F","1AAAA1AAA1AAAA","4",,,,,,,
"4600770","2017-09-24T19:00:00","22.98","-136.68",,,"1","4","2","5",,,"11",,,,,,,,,"10183",,,"8",,,,,"9","238",,,,,,,,,,,,,"236","26","798","172","7","1","2","2","1FFF1F","1AAAA1AAA1AAAA","4",,,,,,,
"2100530","2017-09-24T20:00:00","24.13","-135.15",,,"1","4","2","5",,,"11",,,,,,,,,"10190",,,"8",,,,,"9","236",,,,,,,,,,,,,"236","45","798","172","7","1","2","2","1FFF1F","1AAAA1AAA1AAAA","4",,,,,,,
"4600770","2017-09-24T20:00:00","22.99","-136.70",,,"1","4","2","5",,,"11",,,,,,,,,"10181",,,"8",,,,,"9","239",,,,,,,,,,,,,"236","26","798","172","7","1","2","2","1FFF1F","1AAAA1AAA1AAAA","4",,,,,,,
"4600059","2017-09-24T20:40:00","29.40","-134.50",,,"1","4",,"0",,,"11","0","70","1","60",,,,,"10199",,,,,,,,,,,,,,,,,"6","2",,"9","2","236","94","793","103","6","1","2","2","FFFFFF","1AAAAAAAAAA77A",,,"6",,,,,"4"
"2100530","2017-09-24T21:00:00","24.13","-135.17",,,"1","4","2","5",,,"11",,,,,,,,,"10187",,,"8",,,,,"9","237",,,,,,,,,,,,,"236","45","798","172","7","1","2","2","1FFF1F","1AAAA1AAA1AAAA","4",,,,,,,
"4600770","2017-09-24T21:00:00","22.99","-136.70",,,"1","4","2","5",,,"11",,,,,,,,,"10177",,,"8",,,,,"9","239",,,,,,,,,,,,,"236","26","798","172","7","1","2","2","1FFF1F","1AAAA1AAA1AAAA","4",,,,,,,
"2100530","2017-09-24T22:00:00","24.13","-135.17",,,"1","4","2","5",,,"11",,,,,,,,,"10180",,,"8",,,,,"9","237",,,,,,,,,,,,,"236","45","798","172","7","1","2","2","1FFF1F","1AAAA1AAA1AAAA","4",,,,,,,
"4600770","2017-09-24T22:00:00","22.99","-136.70",,,"1","4","2","5",,,"11",,,,,,,,,"10170",,,"8",,,,,"9","239",,,,,,,,,,,,,"236","26","798","172","7","1","2","2","1FFF1F","1AAAA1AAA1AAAA","4",,,,,,,
"2100530","2017-09-24T23:00:00","24.13","-135.17",,,"1","4","2","5",,,"11",,,,,,,,,"10176",,,"8",,,,,"9","237",,,,,,,,,,,,,"236","45","798","172","7","1","2","2","1FFF1F","1AAAA1AAA1AAAA","4",,,,,,,
"4600770","2017-09-24T23:00:00","22.98","-136.76",,,"1","4","2","5",,,"11",,,,,,,,,"10165",,,"8",,,,,"9","239",,,,,,,,,,,,,"236","26","798","172","7","1","2","2","1FFF1F","1AAAA1AAA1AAAA","4",,,,,,,
"2100530","2017-09-25T00:00:00","24.12","-135.23",,,"1","4","2","5",,,"11",,,,,,,,,"10172",,,"8",,,,,"9","237",,,,,,,,,,,,,"236","45","798","172","7","1","2","2","1FFF1F","1AAAA1AAA1AAAA","4",,,,,,,
"4600770","2017-09-25T00:00:00","22.98","-136.79",,,"1","4","2","5",,,"11",,,,,,,,,"10162",,,"8",,,,,"9","239",,,,,,,,,,,,,"236","26","798","172","7","1","2","2","1FFF1F","1AAAA1AAA1AAAA","4",,,,,,,
"2100530","2017-09-25T01:00:00","24.12","-135.23",,,"1","4","2","5",,,"11",,,,,,,,,"10170",,,"8",,,,,"9","237",,,,,,,,,,,,,"236","45","798","172","7","1","2","2","1FFF1F","1AAAA1AAA1AAAA","4",,,,,,,
"4600770","2017-09-25T01:00:00","22.98","-136.79",,,"1","3","2","5",,,"11",,,,,,,,,"10161",,,"0",,,,,,"239",,,,,,,,,,,,,"236","26","794","103","7","1","2","2","1FFF1F","1AAAA1AAA1AAAA","4",,,,,,,
"2100530","2017-09-25T02:00:00","24.12","-135.25",,,"1","4","2","5",,,"11",,,,,,,,,"10171",,,"8",,,,,"9","236",,,,,,,,,,,,,"236","45","798","172","7","1","2","2","1FFF1F","1AAAA1AAA1AAAA","4",,,,,,,
"4600770","2017-09-25T02:00:00","22.98","-136.81",,,"1","4","2","5",,,"11",,,,,,,,,"10162",,,"8",,,,,"9","239",,,,,,,,,,,,,"236","26","798","172","7","1","2","2","1FFF1F","1AAAA1AAA1AAAA","4",,,,,,,
"2100530","2017-09-25T03:00:00","24.13","-135.26",,,"1","4","2","5",,,"11",,,,,,,,,"10174",,,"8",,,,,"9","236",,,,,,,,,,,,,"236","45","798","172","7","1","2","2","1FFF1F","1AAAA1AAA1AAAA","4",,,,,,,
"4600770","2017-09-25T03:00:00","22.98","-136.81",,,"1","4","2","5",,,"11",,,,,,,,,"10166",,,"8",,,,,"9","239",,,,,,,,,,,,,"236","26","798","172","7","1","2","2","1FFF1F","1AAAA1AAA1AAAA","4",,,,,,,
"2100530","2017-09-25T04:00:00","24.13","-135.28",,,"1","4","2","5",,,"11",,,,,,,,,"10180",,,"8",,,,,"9","236",,,,,,,,,,,,,"236","45","798","172","7","1","2","1","1FFF1F","1AAAA1AAA1AAAA","4",,,,,,,
"4600770","2017-09-25T04:00:00","22.98","-136.84",,,"1","4","2","5",,,"11",,,,,,,,,"10172",,,"8",,,,,"9","239",,,,,,,,,,,,,"236","26","798","172","7","1","2","1","1FFF1F","1AAAA1AAA1AAAA","4",,,,,,,
"2100530","2017-09-25T05:00:00","24.13","-135.28",,,"1","4","2","5",,,"11",,,,,,,,,"10186",,,"8",,,,,"9","235",,,,,,,,,,,,,"236","45","798","172","7","1","2","1","1FFF1F","1AAAA1AAA1AAAA","4",,,,,,,
"4600059","2017-09-25T05:00:00","26.50","-137.40",,,"1","3","2","5",,,"11",,"70","1","70",,,,,"10195","2","15",,,,,,,,,,,,,,,,,,,,"236","67","798","172","6","1","2","1","FF11FF","11AAAAAAAAAAAA",,,,,,,,
"4600770","2017-09-25T05:00:00","22.98","-136.84",,,"1","4","2","5",,,"11",,,,,,,,,"10177",,,"8",,,,,"9","239",,,,,,,,,,,,,"236","26","798","172","7","1","2","1","1FFF1F","1AAAA1AAA1AAAA","4",,,,,,,
"2100530","2017-09-25T06:00:00","24.13","-135.29",,,"1","4","2","5",,,"11",,,,,,,,,"10191",,,"8",,,,,"9","235",,,,,,,,,,,,,"236","45","798","172","7","1","2","1","1FFF1F","1AAAA1AAA1AAAA","4",,,,,,,
"4600770","2017-09-25T06:00:00","22.98","-136.86",,,"1","4","2","5",,,"11",,,,,,,,,"10183",,,"8",,,,,"9","239",,,,,,,,,,,,,"236","26","798","172","7","1","2","1","1FFF1F","1AAAA1AAA1AAAA","4",,,,,,,
"WNRD","2017-09-25T06:00:00","29.80","-133.70",,,"1","6","2","5","6","5","1",,"20","4","98","1","98",,"0","10210",,,"8","209",,"170","143","7","211",,,"A",,"A","A",,"7","4",,,,"236","93","798","172","5","1","2","1","111111","111A11111181AA",,"5",,"0",,,,
"4600059","2017-09-25T06:10:00","26.50","-137.40",,,"1","3","2","5",,,"11","0","70","1","70",,,,,"10200",,,,,,,,,,,,,,,,,,,,,,"236","67","798","172","6","1","2","1","FF11FF","11AAAAAAAAAAAA",,,"6",,,,,"4"
"2100530","2017-09-25T07:00:00","24.13","-135.31",,,"1","4","2","5",,,"11",,,,,,,,,"10190",,,"8",,,,,"9","235",,,,,,,,,,,,,"236","45","798","172","7","1","2","1","1FFF1F","1AAAA1AAA1AAAA","4",,,,,,,
"4600770","2017-09-25T07:00:00","22.98","-136.88",,,"1","4","2","5",,,"11",,,,,,,,,"10185",,,"8",,,,,"9","239",,,,,,,,,,,,,"236","26","798","172","7","1","2","1","1FFF1F","1AAAA1AAA1AAAA","4",,,,,,,
"2100530","2017-09-25T08:00:00","24.13","-135.31",,,"1","4","2","5",,,"11",,,,,,,,,"10187",,,"8",,,,,"9","235",,,,,,,,,,,,,"236","45","798","172","7","1","2","1","1FFF1F","1AAAA1AAA1AAAA","4",,,,,,,
"4600770","2017-09-25T08:00:00","22.98","-136.88",,,"1","4","2","5",,,"11",,,,,,,,,"10179",,,"8",,,,,"9","239",,,,,,,,,,,,,"236","26","798","172","7","1","2","1","1FFF1F","1AAAA1AAA1AAAA","4",,,,,,,
"2100530","2017-09-25T09:00:00","24.13","-135.31",,,"1","4","2","5",,,"11",,,,,,,,,"10184",,,"8",,,,,"9","235",,,,,,,,,,,,,"236","45","798","172","7","1","2","1","1FFF1F","1AAAA1AAA1AAAA","4",,,,,,,
"4600770","2017-09-25T09:00:00","22.98","-136.88",,,"1","4","2","5",,,"11",,,,,,,,,"10176",,,"8",,,,,"9","239",,,,,,,,,,,,,"236","26","798","172","7","1","2","1","1FFF1F","1AAAA1AAA1AAAA","4",,,,,,,
"2100530","2017-09-25T10:00:00","24.13","-135.31",,,"1","4","2","5",,,"11",,,,,,,,,"10179",,,"8",,,,,"9","235",,,,,,,,,,,,,"236","45","798","172","7","1","2","1","1FFF1F","1AAAA1AAA1AAAA","4",,,,,,,
"4600770","2017-09-25T10:00:00","22.98","-136.88",,,"1","4","2","5",,,"11",,,,,,,,,"10169",,,"8",,,,,"9","239",,,,,,,,,,,,,"236","26","798","172","7","1","2","1","1FFF1F","1AAAA1AAA1AAAA","4",,,,,,,
"2100530","2017-09-25T11:00:00","24.13","-135.31",,,"1","4","2","5",,,"11",,,,,,,,,"10176",,,"8",,,,,"9","235",,,,,,,,,,,,,"236","45","798","172","7","1","2","1","1FFF1F","1AAAA1AAA1AAAA","4",,,,,,,
"4600770","2017-09-25T11:00:00","22.98","-136.88",,,"1","4","2","5",,,"11",,,,,,,,,"10167",,,"8",,,,,"9","238",,,,,,,,,,,,,"236","26","798","172","7","1","2","1","1FFF1F","1AAAA1AAA1AAAA","4",,,,,,,
"2100530","2017-09-25T12:00:00","24.13","-135.31",,,"1","4","2","5",,,"11",,,,,,,,,"10173",,,"8",,,,,"9","235",,,,,,,,,,,,,"236","45","798","172","7","1","2","1","1FFF1F","1AAAA1AAA1AAAA","4",,,,,,,
"4600770","2017-09-25T12:00:00","23.00","-136.92",,,"1","4","2","5",,,"11",,,,,,,,,"10165",,,"8",,,,,"9","238",,,,,,,,,,,,,"236","36","798","172","7","1","2","1","1FFF1F","1AAAA1AAA1AAAA","4",,,,,,,
"KRGB","2017-09-25T12:00:00","29.70","-134.80",,,"1","5","2","5","6","4","1",,"40","3","77","1","98","3","1","10208","7","9",,,,,,,,"6","6","7","2","A","A",,,,,,,"236","94","798","172","5","1","2","1","FF111F","111111AAAA1AA1",,"5",,"1",,,,
"WNRD","2017-09-25T12:00:00","29.10","-136.30",,,"1","6","2","5","6","5","1",,"50","4","57","1","98","1","1","10209","7","1","8","200",,"178","164","7","217","1",,"A","A","A","A",,,,,,,"236","96","798","172","5","1","2","1","111111","11111111111AA1",,"5",,"1",,,,
"2100530","2017-09-25T13:00:00","24.12","-135.36",,,"1","4","2","5",,,"11",,,,,,,,,"10172",,,"8",,,,,"9","235",,,,,,,,,,,,,"236","45","798","172","7","1","2","1","1FFF1F","1AAAA1AAA1AAAA","4",,,,,,,
"4600770","2017-09-25T13:00:00","22.98","-136.88",,,"1","4","2","5",,,"11",,,,,,,,,"10162",,,"8",,,,,"9","238",,,,,,,,,,,,,"236","26","798","172","7","1","2","1","1FFF1F","1AAAA1AAA1AAAA","4",,,,,,,
"2100530","2017-09-25T14:00:00","24.12","-135.36",,,"1","4","2","5",,,"11",,,,,,,,,"10175",,,"8",,,,,"9","234",,,,,,,,,,,,,"236","45","798","172","7","1","2","1","1FFF1F","1AAAA1AAA1AAAA","4",,,,,,,
"4600770","2017-09-25T14:00:00","22.99","-136.95",,,"1","4","2","5",,,"11",,,,,,,,,"10165",,,"8",,,,,"9","238",,,,,,,,,,,,,"236","26","798","172","7","1","2","1","1FFF1F","1AAAA1AAA1AAAA","4",,,,,,,
"2100530","2017-09-25T15:00:00","24.11","-135.39",,,"1","4","2","5",,,"11",,,,,,,,,"10179",,,"8",,,,,"9","235",,,,,,,,,,,,,"236","45","798","172","7","1","2","2","1FFF1F","1AAAA1AAA1AAAA","4",,,,,,,
"4600770","2017-09-25T15:00:00","22.99","-136.98",,,"1","4","2","5",,,"11",,,,,,,,,"10167",,,"8",,,,,"9","238",,,,,,,,,,,,,"236","26","798","172","7","1","2","1","1FFF1F","1AAAA1AAA1AAAA","4",,,,,,,
"KRGB","2017-09-25T15:00:00","29.40","-136.00",,,"1","6","2","5","6","4","1",,"60","3","62","1","98","3","1","10210","4","0","8","200",,"178","164","1","217","7","7","7","2","A","A",,,,,,,"236","96","798","172","5","1","2","2","111111","11111111111AA1",,"5",,"1",,,,
"2100530","2017-09-25T16:00:00","24.11","-135.39",,,"1","4","2","5",,,"11",,,,,,,,,"10181",,,"8",,,,,"9","234",,,,,,,,,,,,,"236","45","798","172","7","1","2","2","1FFF1F","1AAAA1AAA1AAAA","4",,,,,,,
"4600770","2017-09-25T16:00:00","22.99","-136.98",,,"1","4","2","5",,,"11",,,,,,,,,"10170",,,"8",,,,,"9","238",,,,,,,,,,,,,"236","26","798","172","7","1","2","2","1FFF1F","1AAAA1AAA1AAAA","4",,,,,,,
"2100530","2017-09-25T17:00:00","24.11","-135.40",,,"1","4","2","5",,,"11",,,,,,,,,"10185",,,"8",,,,,"9","235",,,,,,,,,,,,,"236","45","798","172","7","1","2","2","1FFF1F","1AAAA1AAA1AAAA","4",,,,,,,
"4600770","2017-09-25T17:00:00","22.99","-136.98",,,"1","4","2","5",,,"11",,,,,,,,,"10177",,,"8",,,,,"9","238",,,,,,,,,,,,,"236","26","798","172","7","1","2","2","1FFF1F","1AAAA1AAA1AAAA","4",,,,,,,
"2100530","2017-09-25T18:00:00","24.11","-135.40",,,"1","4","2","5",,,"11",,,,,,,,,"10189",,,"8",,,,,"9","235",,,,,,,,,,,,,"236","45","798","172","7","1","2","2","1FFF1F","1AAAA1AAA1AAAA","4",,,,,,,
"4600770","2017-09-25T18:00:00","22.99","-136.98",,,"1","4","2","5",,,"11",,,,,,,,,"10180",,,"8",,,,,"9","238",,,,,,,,,,,,,"236","26","798","172","7","1","2","2","1FFF1F","1AAAA1AAA1AAAA","4",,,,,,,
"KRGB","2017-09-25T18:00:00","29.00","-137.20",,,"1","5","2","5","6","4","1",,,,,"1","97","2","2","10219","2","10","8","222",,"189","168",,,,,"7",,"1","A",,,,,,,"236","97","798","172","5","1","2","2","F1FF11","1A1111111A8AA1",,"5",,"2",,,,
"WNRD","2017-09-25T18:00:00","28.50","-138.50",,,"1","6","2","5","6","5","1",,"70","4","62","1","98",,"0","10210","4","0","8","220",,"190","172","7","220","3","3","1","4","1","0",,"4","2","36","9","2","236","88","798","172","5","1","2","2","111111","111A1111111111",,"5",,"0",,,,
"2100530","2017-09-25T19:00:00","24.09","-135.43",,,"1","4","2","5",,,"11",,,,,,,,,"10190",,,"8",,,,,"9","235",,,,,,,,,,,,,"236","45","798","172","7","1","2","2","1FFF1F","1AAAA1AAA1AAAA","4",,,,,,,
"4600770","2017-09-25T19:00:00","22.99","-137.02",,,"1","4","2","5",,,"11",,,,,,,,,"10179",,,"8",,,,,"9","239",,,,,,,,,,,,,"236","27","798","172","7","1","2","2","1FFF1F","1AAAA1AAA1AAAA","4",,,,,,,
"2100530","2017-09-25T20:00:00","24.09","-135.44",,,"1","4","2","5",,,"11",,,,,,,,,"10189",,,"8",,,,,"9","235",,,,,,,,,,,,,"236","45","798","172","7","1","2","2","1FFF1F","1AAAA1AAA1AAAA","4",,,,,,,
"4600770","2017-09-25T20:00:00","23.00","-137.02",,,"1","3","2","5",,,"11",,,,,,,,,"10181",,,"0",,,,,,"239",,,,,,,,,,,,,"236","37","794","103","7","1","2","2","1FFF1F","1AAAA1AAA1AAAA","4",,,,,,,
"2100530","2017-09-25T21:00:00","24.09","-135.44",,,"1","3","2","5",,,"11",,,,,,,,,"10183",,,"0",,,,,,"235",,,,,,,,,,,,,"236","45","794","103","7","1","2","2","1FFF1F","1AAAA1AAA1AAAA","4",,,,,,,
"4600770","2017-09-25T21:00:00","23.00","-137.02",,,"1","4","2","5",,,"11",,,,,,,,,"10175",,,"8",,,,,"9","240",,,,,,,,,,,,,"236","37","798","172","7","1","2","2","1FFF1F","1AAAA1AAA1AAAA","4",,,,,,,
"2100530","2017-09-25T22:00:00","24.09","-135.44",,,"1","3","2","5",,,"11",,,,,,,,,"10175",,,"0",,,,,,"235",,,,,,,,,,,,,"236","45","794","103","7","1","2","2","1FFF1F","1AAAA1AAA1AAAA","4",,,,,,,
"4600770","2017-09-25T22:00:00","23.00","-137.02",,,"1","4","2","5",,,"11",,,,,,,,,"10167",,,"8",,,,,"9","240",,,,,,,,,,,,,"236","37","798","172","7","1","2","2","1FFF1F","1AAAA1AAA1AAAA","4",,,,,,,
"2100530","2017-09-25T23:00:00","24.07","-135.48",,,"1","4","2","5",,,"11",,,,,,,,,"10169",,,"8",,,,,"9","236",,,,,,,,,,,,,"236","45","798","172","7","1","2","2","1FFF1F","1AAAA1AAA1AAAA","4",,,,,,,
"4600770","2017-09-25T23:00:00","22.98","-137.06",,,"1","4","2","5",,,"11",,,,,,,,,"10161",,,"8",,,,,"9","240",,,,,,,,,,,,,"236","27","798","172","7","1","2","2","1FFF1F","1AAAA1AAA1AAAA","4",,,,,,,
"2100530","2017-09-26T00:00:00","24.07","-135.51",,,"1","4","2","5",,,"11",,,,,,,,,"10166",,,"8",,,,,"9","236",,,,,,,,,,,,,"236","45","798","172","7","1","2","2","1FFF1F","1AAAA1AAA1AAAA","4",,,,,,,
"4600770","2017-09-26T00:00:00","22.98","-137.08",,,"1","4","2","5",,,"11",,,,,,,,,"10157",,,"8",,,,,"9","241",,,,,,,,,,,,,"236","27","798","172","7","1","2","2","1FFF1F","1AAAA1AAA1AAAA","4",,,,,,,
"KRGB","2017-09-26T00:00:00","28.40","-139.30",,,"1","6","2","5","6","4","1",,"70","3","93",,,"3","1","10193","7","10","8","244",,"206","184","1","222","7","7","8","5","A","A",,"4","2","6","6","3","236","89","798","172","5","1","2","2","111111","11A11111111111",,"5",,"1",,,,
"2100530","2017-09-26T01:00:00","24.07","-135.51",,,"1","4","2","5",,,"11",,,,,,,,,"10166",,,"8",,,,,"9","236",,,,,,,,,,,,,"236","45","798","172","7","1","2","2","1FFF1F","1AAAA1AAA1AAAA","4",,,,,,,
"4600770","2017-09-26T01:00:00","22.98","-137.08",,,"1","4","2","5",,,"11",,,,,,,,,"10157",,,"8",,,,,"9","241",,,,,,,,,,,,,"236","27","798","172","7","1","2","2","1FFF1F","1AAAA1AAA1AAAA","4",,,,,,,
"2100530","2017-09-26T02:00:00","24.07","-135.51",,,"1","4","2","5",,,"11",,,,,,,,,"10168",,,"8",,,,,"9","236",,,,,,,,,,,,,"236","45","798","172","7","1","2","2","1FFF1F","1AAAA1AAA1AAAA","4",,,,,,,
"4600770","2017-09-26T02:00:00","22.97","-137.10",,,"1","4","2","5",,,"11",,,,,,,,,"10158",,,"8",,,,,"9","240",,,,,,,,,,,,,"236","27","798","172","7","1","2","2","1FFF1F","1AAAA1AAA1AAAA","4",,,,,,,
"2100530","2017-09-26T03:00:00","24.07","-135.54",,,"1","4","2","5",,,"11",,,,,,,,,"10169",,,"8",,,,,"9","235",,,,,,,,,,,,,"236","45","798","172","7","1","2","2","1FFF1F","1AAAA1AAA1AAAA","4",,,,,,,
"4600770","2017-09-26T03:00:00","22.97","-137.10",,,"1","4","2","5",,,"11",,,,,,,,,"10160",,,"8",,,,,"9","240",,,,,,,,,,,,,"236","27","798","172","7","1","2","2","1FFF1F","1AAAA1AAA1AAAA","4",,,,,,,
"2100530","2017-09-26T04:00:00","24.07","-135.56",,,"1","4","2","5",,,"11",,,,,,,,,"10174",,,"8",,,,,"9","235",,,,,,,,,,,,,"236","45","798","172","7","1","2","1","1FFF1F","1AAAA1AAA1AAAA","4",,,,,,,
"4600770","2017-09-26T04:00:00","22.97","-137.13",,,"1","4","2","5",,,"11",,,,,,,,,"10164",,,"8",,,,,"9","241",,,,,,,,,,,,,"236","27","798","172","7","1","2","1","1FFF1F","1AAAA1AAA1AAAA","4",,,,,,,
"2100530","2017-09-26T05:00:00","24.06","-135.58",,,"1","4","2","5",,,"11",,,,,,,,,"10180",,,"8",,,,,"9","235",,,,,,,,,,,,,"236","45","798","172","7","1","2","1","1FFF1F","1AAAA1AAA1AAAA","4",,,,,,,
"4600770","2017-09-26T05:00:00","22.97","-137.15",,,"1","4","2","5",,,"11",,,,,,,,,"10169",,,"8",,,,,"9","241",,,,,,,,,,,,,"236","27","798","172","7","1","2","1","1FFF1F","1AAAA1AAA1AAAA","4",,,,,,,
"2100530","2017-09-26T06:00:00","24.06","-135.58",,,"1","4","2","5",,,"11",,,,,,,,,"10183",,,"8",,,,,"9","235",,,,,,,,,,,,,"236","45","798","172","7","1","2","1","1FFF1F","1AAAA1AAA1AAAA","4",,,,,,,
"4600770","2017-09-26T06:00:00","22.97","-137.16",,,"1","4","2","5",,,"11",,,,,,,,,"10173",,,"8",,,,,"9","242",,,,,,,,,,,,,"236","27","798","172","7","1","2","1","1FFF1F","1AAAA1AAA1AAAA","4",,,,,,,
"2100530","2017-09-26T07:00:00","24.07","-135.60",,,"1","4","2","5",,,"11",,,,,,,,,"10185",,,"8",,,,,"9","235",,,,,,,,,,,,,"236","45","798","172","7","1","2","1","1FFF1F","1AAAA1AAA1AAAA","4",,,,,,,
"4600770","2017-09-26T07:00:00","22.97","-137.18",,,"1","4","2","5",,,"11",,,,,,,,,"10176",,,"8",,,,,"9","242",,,,,,,,,,,,,"236","27","798","172","7","1","2","1","1FFF1F","1AAAA1AAA1AAAA","4",,,,,,,
"2100530","2017-09-26T08:00:00","24.07","-135.60",,,"1","4","2","5",,,"11",,,,,,,,,"10183",,,"8",,,,,"9","235",,,,,,,,,,,,,"236","45","798","172","7","1","2","1","1FFF1F","1AAAA1AAA1AAAA","4",,,,,,,
"4600770","2017-09-26T08:00:00","22.97","-137.18",,,"1","4","2","5",,,"11",,,,,,,,,"10177",,,"8",,,,,"9","242",,,,,,,,,,,,,"236","27","798","172","7","1","2","1","1FFF1F","1AAAA1AAA1AAAA","4",,,,,,,
"2100530","2017-09-26T09:00:00","24.07","-135.60",,,"1","4","2","5",,,"11",,,,,,,,,"10180",,,"8",,,,,"9","235",,,,,,,,,,,,,"236","45","798","172","7","1","2","1","1FFF1F","1AAAA1AAA1AAAA","4",,,,,,,
"4600770","2017-09-26T09:00:00","22.97","-137.18",,,"1","4","2","5",,,"11",,,,,,,,,"10173",,,"8",,,,,"9","242",,,,,,,,,,,,,"236","27","798","172","7","1","2","1","1FFF1F","1AAAA1AAA1AAAA","4",,,,,,,
"2100530","2017-09-26T10:00:00","24.07","-135.60",,,"1","4","2","5",,,"11",,,,,,,,,"10177",,,"8",,,,,"9","235",,,,,,,,,,,,,"236","45","798","172","7","1","2","1","1FFF1F","1AAAA1AAA1AAAA","4",,,,,,,
"4600770","2017-09-26T10:00:00","22.97","-137.18",,,"1","4","2","5",,,"11",,,,,,,,,"10171",,,"8",,,,,"9","242",,,,,,,,,,,,,"236","27","798","172","7","1","2","1","1FFF1F","1AAAA1AAA1AAAA","4",,,,,,,
"2100530","2017-09-26T11:00:00","24.07","-135.60",,,"1","4","2","5",,,"11",,,,,,,,,"10175",,,"8",,,,,"9","235",,,,,,,,,,,,,"236","45","798","172","7","1","2","1","1FFF1F","1AAAA1AAA1AAAA","4",,,,,,,
"4600770","2017-09-26T11:00:00","22.97","-137.18",,,"1","4","2","5",,,"11",,,,,,,,,"10167",,,"8",,,,,"9","242",,,,,,,,,,,,,"236","27","798","172","7","1","2","1","1FFF1F","1AAAA1AAA1AAAA","4",,,,,,,
"2100530","2017-09-26T12:00:00","24.07","-135.60",,,"1","4","2","5",,,"11",,,,,,,,,"10172",,,"8",,,,,"9","235",,,,,,,,,,,,,"236","45","798","172","7","1","2","1","1FFF1F","1AAAA1AAA1AAAA","4",,,,,,,
"4600770","2017-09-26T12:00:00","22.99","-137.23",,,"1","4","2","5",,,"11",,,,,,,,,"10161",,,"8",,,,,"9","242",,,,,,,,,,,,,"236","27","798","172","7","1","2","1","1FFF1F","1AAAA1AAA1AAAA","4",,,,,,,
"2100530","2017-09-26T13:00:00","24.07","-135.65",,,"1","4","2","5",,,"11",,,,,,,,,"10171",,,"8",,,,,"9","235",,,,,,,,,,,,,"236","45","798","172","7","1","2","1","1FFF1F","1AAAA1AAA1AAAA","4",,,,,,,
"4600059","2017-09-26T13:00:00","26.50","-137.40",,,"1","3","2","5",,,"11","0","40","1","60",,,,,"10182","8","5",,,,,,,,,,,,,,,,,,,,"236","67","798","172","6","1","2","1","FF11FF","11AAAAAAAAAAAA",,,"6",,,,,"4"
"4600770","2017-09-26T13:00:00","22.98","-137.25",,,"1","4","2","5",,,"11",,,,,,,,,"10160",,,"8",,,,,"9","242",,,,,,,,,,,,,"236","27","798","172","7","1","2","1","1FFF1F","1AAAA1AAA1AAAA","4",,,,,,,
"2100530","2017-09-26T14:00:00","24.06","-135.64",,,"1","4","2","5",,,"11",,,,,,,,,"10173",,,"8",,,,,"9","235",,,,,,,,,,,,,"236","45","798","172","7","1","2","1","1FFF1F","1AAAA1AAA1AAAA","4",,,,,,,
"4600770","2017-09-26T14:00:00","22.98","-137.25",,,"1","4","2","5",,,"11",,,,,,,,,"10161",,,"8",,,,,"9","242",,,,,,,,,,,,,"236","27","798","172","7","1","2","1","1FFF1F","1AAAA1AAA1AAAA","4",,,,,,,
"2100530","2017-09-26T15:00:00","24.05","-135.66",,,"1","4","2","5",,,"11",,,,,,,,,"10173",,,"8",,,,,"9","235",,,,,,,,,,,,,"236","45","798","172","7","1","2","2","1FFF1F","1AAAA1AAA1AAAA","4",,,,,,,
"4600770","2017-09-26T15:00:00","22.98","-137.27",,,"1","4","2","5",,,"11",,,,,,,,,"10163",,,"8",,,,,"9","242",,,,,,,,,,,,,"236","27","798","172","7","1","2","1","1FFF1F","1AAAA1AAA1AAAA","4",,,,,,,
"2100530","2017-09-26T16:00:00","24.05","-135.66",,,"1","4","2","5",,,"11",,,,,,,,,"10176",,,"8",,,,,"9","236",,,,,,,,,,,,,"236","45","798","172","7","1","2","2","1FFF1F","1AAAA1AAA1AAAA","4",,,,,,,
"4600770","2017-09-26T16:00:00","22.98","-137.27",,,"1","4","2","5",,,"11",,,,,,,,,"10168",,,"8",,,,,"9","242",,,,,,,,,,,,,"236","27","798","172","7","1","2","2","1FFF1F","1AAAA1AAA1AAAA","4",,,,,,,
"2100530","2017-09-26T17:00:00","24.05","-135.66",,,"1","4","2","5",,,"11",,,,,,,,,"10178",,,"8",,,,,"9","236",,,,,,,,,,,,,"236","45","798","172","7","1","2","2","1FFF1F","1AAAA1AAA1AAAA","4",,,,,,,
"4600770","2017-09-26T17:00:00","22.98","-137.27",,,"1","4","2","5",,,"11",,,,,,,,,"10173",,,"8",,,,,"9","242",,,,,,,,,,,,,"236","27","798","172","7","1","2","2","1FFF1F","1AAAA1AAA1AAAA","4",,,,,,,
"2100530","2017-09-26T18:00:00","24.03","-135.68",,,"1","4","2","5",,,"11",,,,,,,,,"10180",,,"8",,,,,"9","236",,,,,,,,,,,,,"236","45","798","172","7","1","2","2","1FFF1F","1AAAA1AAA1AAAA","4",,,,,,,
"4600770","2017-09-26T18:00:00","22.98","-137.31",,,"1","4","2","5",,,"11",,,,,,,,,"10175",,,"8",,,,,"9","242",,,,,,,,,,,,,"236","27","798","172","7","1","2","2","1FFF1F","1AAAA1AAA1AAAA","4",,,,,,,
"2100530","2017-09-26T19:00:00","24.02","-135.69",,,"1","4","2","5",,,"11",,,,,,,,,"10177",,,"8",,,,,"9","235",,,,,,,,,,,,,"236","45","798","172","7","1","2","2","1FFF1F","1AAAA1AAA1AAAA","4",,,,,,,
"4600770","2017-09-26T19:00:00","22.98","-137.32",,,"1","4","2","5",,,"11",,,,,,,,,"10175",,,"8",,,,,"9","242",,,,,,,,,,,,,"236","27","798","172","7","1","2","2","1FFF1F","1AAAA1AAA1AAAA","4",,,,,,,
"2100530","2017-09-26T20:00:00","24.02","-135.70",,,"1","4","2","5",,,"11",,,,,,,,,"10176",,,"8",,,,,"9","235",,,,,,,,,,,,,"236","45","798","172","7","1","2","2","1FFF1F","1AAAA1AAA1AAAA","4",,,,,,,
"4600770","2017-09-26T20:00:00","22.98","-137.32",,,"1","4","2","5",,,"11",,,,,,,,,"10172",,,"8",,,,,"9","242",,,,,,,,,,,,,"236","27","798","172","7","1","2","2","1FFF1F","1AAAA1AAA1AAAA","4",,,,,,,
"2100530","2017-09-26T21:00:00","24.02","-135.70",,,"1","4","2","5",,,"11",,,,,,,,,"10170",,,"8",,,,,"9","236",,,,,,,,,,,,,"236","45","798","172","7","1","2","2","1FFF1F","1AAAA1AAA1AAAA","4",,,,,,,
"4600770","2017-09-26T21:00:00","22.98","-137.32",,,"1","4","2","5",,,"11",,,,,,,,,"10164",,,"8",,,,,"9","242",,,,,,,,,,,,,"236","27","798","172","7","1","2","2","1FFF1F","1AAAA1AAA1AAAA","4",,,,,,,
"2100530","2017-09-26T22:00:00","24.02","-135.70",,,"1","4","2","5",,,"11",,,,,,,,,"10163",,,"8",,,,,"9","236",,,,,,,,,,,,,"236","45","798","172","7","1","2","2","1FFF1F","1AAAA1AAA1AAAA","4",,,,,,,
"4600770","2017-09-26T22:00:00","22.98","-137.32",,,"1","4","2","5",,,"11",,,,,,,,,"10157",,,"8",,,,,"9","243",,,,,,,,,,,,,"236","27","798","172","7","1","2","2","1FFF1F","1AAAA1AAA1AAAA","4",,,,,,,
"C6FZ6","2017-09-26T22:00:00","26.10","-132.10",,,"1","6","2","5","6","3","1",,"50","4","103",,,"2","0","10190",,,"8","220",,"190","170","1","200","4","3","1","2","A","3",,"5","3",,,,"236","62","798","172","5","1","2","2","111111","11A111111111AA",,"5",,"0",,,,
"2100530","2017-09-26T23:00:00","24.00","-135.74",,,"1","4","2","5",,,"11",,,,,,,,,"10157",,,"8",,,,,"9","236",,,,,,,,,,,,,"236","45","798","172","7","1","2","2","1FFF1F","1AAAA1AAA1AAAA","4",,,,,,,
"4600770","2017-09-26T23:00:00","22.98","-137.32",,,"1","4","2","5",,,"11",,,,,,,,,"10153",,,"8",,,,,"9","243",,,,,,,,,,,,,"236","27","798","172","7","1","2","2","1FFF1F","1AAAA1AAA1AAAA","4",,,,,,,
"2100530","2017-09-27T00:00:00","23.99","-135.76",,,"1","4","2","5",,,"11",,,,,,,,,"10155",,,"8",,,,,"9","236",,,,,,,,,,,,,"236","35","798","172","7","1","2","2","1FFF1F","1AAAA1AAA1AAAA","4",,,,,,,
"4600770","2017-09-27T00:00:00","22.98","-137.32",,,"1","4","2","5",,,"11",,,,,,,,,"10149",,,"8",,,,,"9","243",,,,,,,,,,,,,"236","27","798","172","7","1","2","2","1FFF1F","1AAAA1AAA1AAAA","4",,,,,,,
"2100530","2017-09-27T01:00:00","23.99","-135.76",,,"1","4","2","5",,,"11",,,,,,,,,"10153",,,"8",,,,,"9","236",,,,,,,,,,,,,"236","35","798","172","7","1","2","2","1FFF1F","1AAAA1AAA1AAAA","4",,,,,,,
"4600770","2017-09-27T01:00:00","22.98","-137.36",,,"1","4","2","5",,,"11",,,,,,,,,"10147",,,"8",,,,,"9","242",,,,,,,,,,,,,"236","27","798","172","7","1","2","2","1FFF1F","1AAAA1AAA1AAAA","4",,,,,,,
"2100530","2017-09-27T02:00:00","23.99","-135.77",,,"1","4","2","5",,,"11",,,,,,,,,"10155",,,"8",,,,,"9","236",,,,,,,,,,,,,"236","35","798","172","7","1","2","2","1FFF1F","1AAAA1AAA1AAAA","4",,,,,,,
"4600770","2017-09-27T02:00:00","22.96","-137.39",,,"1","4","2","5",,,"11",,,,,,,,,"10147",,,"8",,,,,"9","242",,,,,,,,,,,,,"236","27","798","172","7","1","2","2","1FFF1F","1AAAA1AAA1AAAA","4",,,,,,,
"2100530","2017-09-27T03:00:00","23.97","-135.80",,,"1","4","2","5",,,"11",,,,,,,,,"10157",,,"8",,,,,"9","236",,,,,,,,,,,,,"236","35","798","172","7","1","2","2","1FFF1F","1AAAA1AAA1AAAA","4",,,,,,,
"4600770","2017-09-27T03:00:00","22.96","-137.39",,,"1","4","2","5",,,"11",,,,,,,,,"10149",,,"8",,,,,"9","241",,,,,,,,,,,,,"236","27","798","172","7","1","2","2","1FFF1F","1AAAA1AAA1AAAA","4",,,,,,,
"2100530","2017-09-27T04:00:00","23.97","-135.81",,,"1","4","2","5",,,"11",,,,,,,,,"10161",,,"8",,,,,"9","236",,,,,,,,,,,,,"236","35","798","172","7","1","2","1","1FFF1F","1AAAA1AAA1AAAA","4",,,,,,,
"4600770","2017-09-27T04:00:00","22.96","-137.40",,,"1","4","2","5",,,"11",,,,,,,,,"10153",,,"8",,,,,"9","240",,,,,,,,,,,,,"236","27","798","172","7","1","2","1","1FFF1F","1AAAA1AAA1AAAA","4",,,,,,,
"4600059","2017-09-27T04:30:00","26.50","-137.40",,,"1","3","2","5",,,"11",,"70","1","60",,,,,"10171",,,,,,,,,,,,,,,,,,,,,,"236","67","798","172","6","1","2","1","FF11FF","11AAAAAAAAAAAA",,,,,,,,
"2100530","2017-09-27T05:00:00","23.97","-135.82",,,"1","4","2","5",,,"11",,,,,,,,,"10165",,,"8",,,,,"9","236",,,,,,,,,,,,,"236","35","798","172","7","1","2","1","1FFF1F","1AAAA1AAA1AAAA","4",,,,,,,
"4600770","2017-09-27T05:00:00","22.96","-137.40",,,"1","4","2","5",,,"11",,,,,,,,,"10157",,,"8",,,,,"9","240",,,,,,,,,,,,,"236","27","798","172","7","1","2","1","1FFF1F","1AAAA1AAA1AAAA","4",,,,,,,
"2100530","2017-09-27T06:00:00","23.97","-135.83",,,"1","4","2","5",,,"11",,,,,,,,,"10169",,,"8",,,,,"9","236",,,,,,,,,,,,,"236","35","798","172","7","1","2","1","1FFF1F","1AAAA1AAA1AAAA","4",,,,,,,
"4600770","2017-09-27T06:00:00","22.96","-137.42",,,"1","4","2","5",,,"11",,,,,,,,,"10161",,,"8",,,,,"9","240",,,,,,,,,,,,,"236","27","798","172","7","1","2","1","1FFF1F","1AAAA1AAA1AAAA","4",,,,,,,
"NHNM","2017-09-27T06:00:00","28.60","-137.40",,,"1","6","2","5","5","4","1",,"20","3","51",,,,,"10175","4","9","8","205",,"150","110","1","205","6",,"8","5","A","A",,"4","2","7","5","4","236","87","798","172","5","1","2","1","111111","11AAA111111117",,"5",,,"0","0","0",
"4600770","2017-09-27T07:00:00","22.95","-137.44",,,"1","4","2","5",,,"11",,,,,,,,,"10161",,,"8",,,,,"9","240",,,,,,,,,,,,,"236","27","798","172","7","1","2","1","1FFF1F","1AAAA1AAA1AAAA","4",,,,,,,
"2100530","2017-09-27T08:00:00","23.97","-135.83",,,"1","4","2","5",,,"11",,,,,,,,,"10166",,,"8",,,,,"9","236",,,,,,,,,,,,,"236","35","798","172","7","1","2","1","1FFF1F","1AAAA1AAA1AAAA","4",,,,,,,
"2100530","2017-09-27T09:00:00","23.97","-135.83",,,"1","4","2","5",,,"11",,,,,,,,,"10164",,,"8",,,,,"9","236",,,,,,,,,,,,,"236","35","798","172","7","1","2","1","1FFF1F","1AAAA1AAA1AAAA","4",,,,,,,
"4600770","2017-09-27T09:00:00","22.95","-137.44",,,"1","4","2","5",,,"11",,,,,,,,,"10155",,,"8",,,,,"9","241",,,,,,,,,,,,,"236","27","798","172","7","1","2","1","1FFF1F","1AAAA1AAA1AAAA","4",,,,,,,
"2100530","2017-09-27T10:00:00","23.97","-135.83",,,"1","4","2","5",,,"11",,,,,,,,,"10162",,,"8",,,,,"9","236",,,,,,,,,,,,,"236","35","798","172","7","1","2","1","1FFF1F","1AAAA1AAA1AAAA","4",,,,,,,
"4600770","2017-09-27T10:00:00","22.95","-137.44",,,"1","4","2","5",,,"11",,,,,,,,,"10154",,,"8",,,,,"9","241",,,,,,,,,,,,,"236","27","798","172","7","1","2","1","1FFF1F","1AAAA1AAA1AAAA","4",,,,,,,
"2100530","2017-09-27T11:00:00","23.97","-135.83",,,"1","4","2","5",,,"11",,,,,,,,,"10158",,,"8",,,,,"9","236",,,,,,,,,,,,,"236","35","798","172","7","1","2","1","1FFF1F","1AAAA1AAA1AAAA","4",,,,,,,
"4600770","2017-09-27T11:00:00","22.96","-137.51",,,"1","4","2","5",,,"11",,,,,,,,,"10151",,,"8",,,,,"9","241",,,,,,,,,,,,,"236","27","798","172","7","1","2","1","1FFF1F","1AAAA1AAA1AAAA","4",,,,,,,
"2100530","2017-09-27T12:00:00","23.95","-135.89",,,"1","4","2","5",,,"11",,,,,,,,,"10156",,,"8",,,,,"9","236",,,,,,,,,,,,,"236","35","798","172","7","1","2","1","1FFF1F","1AAAA1AAA1AAAA","4",,,,,,,
"4600770","2017-09-27T12:00:00","22.95","-137.44",,,"1","4","2","5",,,"11",,,,,,,,,"10147",,,"8",,,,,"9","241",,,,,,,,,,,,,"236","27","798","172","7","1","2","1","1FFF1F","1AAAA1AAA1AAAA","4",,,,,,,
"2100530","2017-09-27T13:00:00","23.95","-135.89",,,"1","4","2","5",,,"11",,,,,,,,,"10154",,,"8",,,,,"9","236",,,,,,,,,,,,,"236","35","798","172","7","1","2","1","1FFF1F","1AAAA1AAA1AAAA","4",,,,,,,
"4600770","2017-09-27T13:00:00","22.96","-137.51",,,"1","4","2","5",,,"11",,,,,,,,,"10148",,,"8",,,,,"9","241",,,,,,,,,,,,,"236","27","798","172","7","1","2","1","1FFF1F","1AAAA1AAA1AAAA","4",,,,,,,
"2100530","2017-09-27T14:00:00","23.95","-135.89",,,"1","4","2","5",,,"11",,,,,,,,,"10157",,,"8",,,,,"9","236",,,,,,,,,,,,,"236","35","798","172","7","1","2","1","1FFF1F","1AAAA1AAA1AAAA","4",,,,,,,
"4600770","2017-09-27T14:00:00","22.96","-137.53",,,"1","4","2","5",,,"11",,,,,,,,,"10151",,,"8",,,,,"9","241",,,,,,,,,,,,,"236","27","798","172","7","1","2","1","1FFF1F","1AAAA1AAA1AAAA","4",,,,,,,
"2100530","2017-09-27T15:00:00","23.95","-135.92",,,"1","4","2","5",,,"11",,,,,,,,,"10161",,,"8",,,,,"9","236",,,,,,,,,,,,,"236","35","798","172","7","1","2","2","1FFF1F","1AAAA1AAA1AAAA","4",,,,,,,
"4600770","2017-09-27T15:00:00","22.96","-137.52",,,"1","4","2","5",,,"11",,,,,,,,,"10155",,,"8",,,,,"9","241",,,,,,,,,,,,,"236","27","798","172","7","1","2","1","1FFF1F","1AAAA1AAA1AAAA","4",,,,,,,
"2100530","2017-09-27T16:00:00","23.95","-135.92",,,"1","4","2","5",,,"11",,,,,,,,,"10165",,,"8",,,,,"9","236",,,,,,,,,,,,,"236","35","798","172","7","1","2","2","1FFF1F","1AAAA1AAA1AAAA","4",,,,,,,
"4600770","2017-09-27T16:00:00","22.95","-137.54",,,"1","4","2","5",,,"11",,,,,,,,,"10157",,,"8",,,,,"9","241",,,,,,,,,,,,,"236","27","798","172","7","1","2","2","1FFF1F","1AAAA1AAA1AAAA","4",,,,,,,
"4600059","2017-09-27T16:50:00","26.50","-137.40",,,"1","4","2","0",,,"11","0","50","1","80",,,,,"10176",,,,,,,,,,,,,,,,,"7","2",,"8","2","236","67","793","103","6","1","2","2","FF11FF","11AAAAAAAAA17A",,,"6",,,,,"4"
"2100530","2017-09-27T17:00:00","23.94","-135.94",,,"1","4","2","5",,,"11",,,,,,,,,"10168",,,"8",,,,,"9","236",,,,,,,,,,,,,"236","35","798","172","7","1","2","2","1FFF1F","1AAAA1AAA1AAAA","4",,,,,,,
"3EGL5","2017-09-27T17:00:00","28.10","-132.30",,,"1","4","0","0","6","3","1","0","40","4","82",,"97","80","8","10170","1","20","0","210","0","200","200","1","220","6","5","2","1","8","8",,"5","2","1","5","2","236","82","992","114","5","1","2","2","111111","11111111111111",,,"3","2","2","6","2","4"
"4600770","2017-09-27T17:00:00","22.95","-137.53",,,"1","4","2","5",,,"11",,,,,,,,,"10162",,,"8",,,,,"9","242",,,,,,,,,,,,,"236","27","798","172","7","1","2","2","1FFF1F","1AAAA1AAA1AAAA","4",,,,,,,
"2100530","2017-09-27T18:00:00","23.94","-135.95",,,"1","4","2","5",,,"11",,,,,,,,,"10169",,,"8",,,,,"9","236",,,,,,,,,,,,,"236","35","798","172","7","1","2","2","1FFF1F","1AAAA1AAA1AAAA","4",,,,,,,
"4600770","2017-09-27T18:00:00","22.95","-137.54",,,"1","4","2","5",,,"11",,,,,,,,,"10164",,,"8",,,,,"9","242",,,,,,,,,,,,,"236","27","798","172","7","1","2","2","1FFF1F","1AAAA1AAA1AAAA","4",,,,,,,
"4600059","2017-09-27T18:10:00","26.50","-137.40",,,"1","3","2","5",,,"11",,"60","1","70",,,,,"10179",,,,,,,,,,,,,,,,,,,,,,"236","67","798","172","6","1","2","2","FF11FF","11AAAAAAAAAAAA",,,,,,,,
"2100530","2017-09-27T19:00:00","23.93","-135.95",,,"1","4","2","5",,,"11",,,,,,,,,"10166",,,"8",,,,,"9","236",,,,,,,,,,,,,"236","35","798","172","7","1","2","2","1FFF1F","1AAAA1AAA1AAAA","4",,,,,,,
"4600770","2017-09-27T19:00:00","22.95","-137.56",,,"1","4","2","5",,,"11",,,,,,,,,"10164",,,"8",,,,,"9","242",,,,,,,,,,,,,"236","27","798","172","7","1","2","2","1FFF1F","1AAAA1AAA1AAAA","4",,,,,,,
"2100530","2017-09-27T20:00:00","23.92","-135.96",,,"1","4","2","5",,,"11",,,,,,,,,"10167",,,"8",,,,,"9","236",,,,,,,,,,,,,"236","35","798","172","7","1","2","2","1FFF1F","1AAAA1AAA1AAAA","4",,,,,,,
"4600770","2017-09-27T20:00:00","22.95","-137.56",,,"1","4","2","5",,,"11",,,,,,,,,"10161",,,"8",,,,,"9","243",,,,,,,,,,,,,"236","27","798","172","7","1","2","2","1FFF1F","1AAAA1AAA1AAAA","4",,,,,,,
"2100530","2017-09-27T21:00:00","23.92","-135.96",,,"1","4","2","5",,,"11",,,,,,,,,"10160",,,"8",,,,,"9","236",,,,,,,,,,,,,"236","35","798","172","7","1","2","2","1FFF1F","1AAAA1AAA1AAAA","4",,,,,,,
"4600770","2017-09-27T21:00:00","22.95","-137.56",,,"1","4","2","5",,,"11",,,,,,,,,"10155",,,"8",,,,,"9","243",,,,,,,,,,,,,"236","27","798","172","7","1","2","2","1FFF1F","1AAAA1AAA1AAAA","4",,,,,,,
"2100530","2017-09-27T22:00:00","23.92","-135.96",,,"1","4","2","5",,,"11",,,,,,,,,"10155",,,"8",,,,,"9","236",,,,,,,,,,,,,"236","35","798","172","7","1","2","2","1FFF1F","1AAAA1AAA1AAAA","4",,,,,,,
"4600770","2017-09-27T22:00:00","22.95","-137.56",,,"1","4","2","5",,,"11",,,,,,,,,"10150",,,"8",,,,,"9","243",,,,,,,,,,,,,"236","27","798","172","7","1","2","2","1FFF1F","1AAAA1AAA1AAAA","4",,,,,,,
"2100530","2017-09-27T23:00:00","23.92","-135.96",,,"1","4","2","5",,,"11",,,,,,,,,"10152",,,"8",,,,,"9","236",,,,,,,,,,,,,"236","35","798","172","7","1","2","2","1FFF1F","1AAAA1AAA1AAAA","4",,,,,,,
"4600770","2017-09-27T23:00:00","22.95","-137.56",,,"1","4","2","5",,,"11",,,,,,,,,"10145",,,"8",,,,,"9","243",,,,,,,,,,,,,"236","27","798","172","7","1","2","2","1FFF1F","1AAAA1AAA1AAAA","4",,,,,,,
"2100530","2017-09-28T00:00:00","23.92","-135.96",,,"1","4","2","5",,,"11",,,,,,,,,"10150",,,"8",,,,,"9","236",,,,,,,,,,,,,"236","35","798","172","7","1","2","2","1FFF1F","1AAAA1AAA1AAAA","4",,,,,,,
"4600770","2017-09-28T00:00:00","22.95","-137.60",,,"1","4","2","5",,,"11",,,,,,,,,"10142",,,"8",,,,,"9","243",,,,,,,,,,,,,"236","27","798","172","7","1","2","2","1FFF1F","1AAAA1AAA1AAAA","4",,,,,,,
"2100530","2017-09-28T01:00:00","23.89","-136.00",,,"1","4","2","5",,,"11",,,,,,,,,"10148",,,"8",,,,,"9","236",,,,,,,,,,,,,"236","36","798","172","7","1","2","2","1FFF1F","1AAAA1AAA1AAAA","4",,,,,,,
"4600770","2017-09-28T01:00:00","22.95","-137.60",,,"1","4","2","5",,,"11",,,,,,,,,"10142",,,"8",,,,,"9","243",,,,,,,,,,,,,"236","27","798","172","7","1","2","2","1FFF1F","1AAAA1AAA1AAAA","4",,,,,,,
"2100530","2017-09-28T02:00:00","23.87","-136.03",,,"1","4","2","5",,,"11",,,,,,,,,"10149",,,"8",,,,,"9","236",,,,,,,,,,,,,"236","36","798","172","7","1","2","2","1FFF1F","1AAAA1AAA1AAAA","4",,,,,,,
"4600770","2017-09-28T02:00:00","22.94","-137.63",,,"1","4","2","5",,,"11",,,,,,,,,"10141",,,"8",,,,,"9","243",,,,,,,,,,,,,"236","27","798","172","7","1","2","2","1FFF1F","1AAAA1AAA1AAAA","4",,,,,,,
"2100530","2017-09-28T03:00:00","23.87","-136.03",,,"1","4","2","5",,,"11",,,,,,,,,"10152",,,"8",,,,,"9","236",,,,,,,,,,,,,"236","36","798","172","7","1","2","2","1FFF1F","1AAAA1AAA1AAAA","4",,,,,,,
"4600770","2017-09-28T03:00:00","22.94","-137.64",,,"1","4","2","5",,,"11",,,,,,,,,"10145",,,"8",,,,,"9","243",,,,,,,,,,,,,"236","27","798","172","7","1","2","2","1FFF1F","1AAAA1AAA1AAAA","4",,,,,,,
"2100530","2017-09-28T04:00:00","23.85","-136.03",,,"1","4","2","5",,,"11",,,,,,,,,"10156",,,"8",,,,,"9","236",,,,,,,,,,,,,"236","36","798","172","7","1","2","1","1FFF1F","1AAAA1AAA1AAAA","4",,,,,,,
"4600770","2017-09-28T04:00:00","22.94","-137.64",,,"1","4","2","5",,,"11",,,,,,,,,"10150",,,"8",,,,,"9","243",,,,,,,,,,,,,"236","27","798","172","7","1","2","1","1FFF1F","1AAAA1AAA1AAAA","4",,,,,,,
"2100530","2017-09-28T05:00:00","23.84","-136.04",,,"1","4","2","5",,,"11",,,,,,,,,"10164",,,"8",,,,,"9","236",,,,,,,,,,,,,"236","36","798","172","7","1","2","1","1FFF1F","1AAAA1AAA1AAAA","4",,,,,,,
"4600770","2017-09-28T05:00:00","22.94","-137.65",,,"1","4","2","5",,,"11",,,,,,,,,"10155",,,"8",,,,,"9","243",,,,,,,,,,,,,"236","27","798","172","7","1","2","1","1FFF1F","1AAAA1AAA1AAAA","4",,,,,,,
"2100530","2017-09-28T06:00:00","23.84","-136.05",,,"1","4","2","5",,,"11",,,,,,,,,"10166",,,"8",,,,,"9","236",,,,,,,,,,,,,"236","36","798","172","7","1","2","1","1FFF1F","1AAAA1AAA1AAAA","4",,,,,,,
"4600770","2017-09-28T06:00:00","22.93","-137.67",,,"1","4","2","5",,,"11",,,,,,,,,"10160",,,"8",,,,,"9","243",,,,,,,,,,,,,"236","27","798","172","7","1","2","1","1FFF1F","1AAAA1AAA1AAAA","4",,,,,,,
"2100530","2017-09-28T07:00:00","23.82","-136.07",,,"1","4","2","5",,,"11",,,,,,,,,"10167",,,"8",,,,,"9","236",,,,,,,,,,,,,"236","36","798","172","7","1","2","1","1FFF1F","1AAAA1AAA1AAAA","4",,,,,,,
"4600770","2017-09-28T07:00:00","22.94","-137.67",,,"1","4","2","5",,,"11",,,,,,,,,"10162",,,"8",,,,,"9","243",,,,,,,,,,,,,"236","27","798","172","7","1","2","1","1FFF1F","1AAAA1AAA1AAAA","4",,,,,,,
"2100530","2017-09-28T09:00:00","23.82","-136.07",,,"1","4","2","5",,,"11",,,,,,,,,"10163",,,"8",,,,,"9","236",,,,,,,,,,,,,"236","36","798","172","7","1","2","1","1FFF1F","1AAAA1AAA1AAAA","4",,,,,,,
"4600770","2017-09-28T09:00:00","22.94","-137.67",,,"1","4","2","5",,,"11",,,,,,,,,"10157",,,"8",,,,,"9","243",,,,,,,,,,,,,"236","27","798","172","7","1","2","1","1FFF1F","1AAAA1AAA1AAAA","4",,,,,,,
"2100530","2017-09-28T10:00:00","23.82","-136.07",,,"1","4","2","5",,,"11",,,,,,,,,"10161",,,"8",,,,,"9","236",,,,,,,,,,,,,"236","36","798","172","7","1","2","1","1FFF1F","1AAAA1AAA1AAAA","4",,,,,,,
"4600770","2017-09-28T10:00:00","22.94","-137.67",,,"1","4","2","5",,,"11",,,,,,,,,"10154",,,"8",,,,,"9","243",,,,,,,,,,,,,"236","27","798","172","7","1","2","1","1FFF1F","1AAAA1AAA1AAAA","4",,,,,,,
"2100530","2017-09-28T11:00:00","23.82","-136.07",,,"1","4","2","5",,,"11",,,,,,,,,"10158",,,"8",,,,,"9","236",,,,,,,,,,,,,"236","36","798","172","7","1","2","1","1FFF1F","1AAAA1AAA1AAAA","4",,,,,,,
"4600770","2017-09-28T11:00:00","22.93","-137.71",,,"1","4","2","5",,,"11",,,,,,,,,"10151",,,"8",,,,,"9","243",,,,,,,,,,,,,"236","27","798","172","7","1","2","1","1FFF1F","1AAAA1AAA1AAAA","4",,,,,,,
"2100530","2017-09-28T12:00:00","23.77","-136.14",,,"1","4","2","5",,,"11",,,,,,,,,"10153",,,"8",,,,,"9","236",,,,,,,,,,,,,"236","36","798","172","7","1","2","1","1FFF1F","1AAAA1AAA1AAAA","4",,,,,,,
"4600770","2017-09-28T12:00:00","22.94","-137.67",,,"1","4","2","5",,,"11",,,,,,,,,"10148",,,"8",,,,,"9","242",,,,,,,,,,,,,"236","27","798","172","7","1","2","1","1FFF1F","1AAAA1AAA1AAAA","4",,,,,,,
"2100530","2017-09-28T13:00:00","23.77","-136.14",,,"1","4","2","5",,,"11",,,,,,,,,"10153",,,"8",,,,,"9","235",,,,,,,,,,,,,"236","36","798","172","7","1","2","1","1FFF1F","1AAAA1AAA1AAAA","4",,,,,,,
"4600059","2017-09-28T13:00:00","26.50","-137.40",,,"1","3","2","5",,,"11","0","40","1","60",,,,,"10162","6","6",,,,,,,,,,,,,,,,,,,,"236","67","798","172","6","1","2","1","FF11FF","11AAAAAAAAAAAA",,,"6",,,,,"4"
"4600770","2017-09-28T13:00:00","22.93","-137.71",,,"1","4","2","5",,,"11",,,,,,,,,"10147",,,"8",,,,,"9","242",,,,,,,,,,,,,"236","27","798","172","7","1","2","1","1FFF1F","1AAAA1AAA1AAAA","4",,,,,,,
"2100530","2017-09-28T14:00:00","23.77","-136.14",,,"1","4","2","5",,,"11",,,,,,,,,"10154",,,"8",,,,,"9","235",,,,,,,,,,,,,"236","36","798","172","7","1","2","1","1FFF1F","1AAAA1AAA1AAAA","4",,,,,,,
"4600770","2017-09-28T14:00:00","22.92","-137.74",,,"1","4","2","5",,,"11",,,,,,,,,"10148",,,"8",,,,,"9","241",,,,,,,,,,,,,"236","27","798","172","7","1","2","1","1FFF1F","1AAAA1AAA1AAAA","4",,,,,,,
"2100530","2017-09-28T15:00:00","23.77","-136.14",,,"1","4","2","5",,,"11",,,,,,,,,"10157",,,"8",,,,,"9","236",,,,,,,,,,,,,"236","36","798","172","7","1","2","2","1FFF1F","1AAAA1AAA1AAAA","4",,,,,,,
"4600770","2017-09-28T15:00:00","22.92","-137.75",,,"1","4","2","5",,,"11",,,,,,,,,"10151",,,"8",,,,,"9","241",,,,,,,,,,,,,"236","27","798","172","7","1","2","1","1FFF1F","1AAAA1AAA1AAAA","4",,,,,,,
"2100530","2017-09-28T16:00:00","23.77","-136.16",,,"1","4","2","5",,,"11",,,,,,,,,"10162",,,"8",,,,,"9","235",,,,,,,,,,,,,"236","36","798","172","7","1","2","2","1FFF1F","1AAAA1AAA1AAAA","4",,,,,,,
"4600770","2017-09-28T16:00:00","22.92","-137.77",,,"1","4","2","5",,,"11",,,,,,,,,"10155",,,"8",,,,,"9","241",,,,,,,,,,,,,"236","27","798","172","7","1","2","2","1FFF1F","1AAAA1AAA1AAAA","4",,,,,,,
"2100530","2017-09-28T17:00:00","23.75","-136.15",,,"1","4","2","5",,,"11",,,,,,,,,"10166",,,"8",,,,,"9","235",,,,,,,,,,,,,"236","36","798","172","7","1","2","2","1FFF1F","1AAAA1AAA1AAAA","4",,,,,,,
"3EGL5","2017-09-28T17:00:00","29.30","-138.50",,,"1","4","0","0","6","3","1","0","70","4","51",,"98","1","2","10160","2","20","0","220","0","180","160","1","220","7","7","1","4","5","9",,"10","1","9","10","1","236","98","992","114","5","1","2","2","111111","11111111111111",,,"3","2","8","9","1","4"
"4600770","2017-09-28T17:00:00","22.91","-137.79",,,"1","4","2","5",,,"11",,,,,,,,,"10159",,,"8",,,,,"9","240",,,,,,,,,,,,,"236","27","798","172","7","1","2","2","1FFF1F","1AAAA1AAA1AAAA","4",,,,,,,
"2100530","2017-09-28T18:00:00","23.75","-136.15",,,"1","4","2","5",,,"11",,,,,,,,,"10168",,,"8",,,,,"9","235",,,,,,,,,,,,,"236","36","798","172","7","1","2","2","1FFF1F","1AAAA1AAA1AAAA","4",,,,,,,
"4600770","2017-09-28T18:00:00","22.91","-137.80",,,"1","4","2","5",,,"11",,,,,,,,,"10163",,,"8",,,,,"9","240",,,,,,,,,,,,,"236","27","798","172","7","1","2","2","1FFF1F","1AAAA1AAA1AAAA","4",,,,,,,
"2100530","2017-09-28T19:00:00","23.75","-136.17",,,"1","3","2","5",,,"11",,,,,,,,,"10169",,,"0",,,,,,"236",,,,,,,,,,,,,"236","36","794","103","7","1","2","2","1FFF1F","1AAAA1AAA1AAAA","4",,,,,,,
"4600770","2017-09-28T19:00:00","22.91","-137.83",,,"1","3","2","5",,,"11",,,,,,,,,"10165",,,"0",,,,,,"240",,,,,,,,,,,,,"236","27","794","103","7","1","2","2","1FFF1F","1AAAA1AAA1AAAA","4",,,,,,,
"2100530","2017-09-28T20:00:00","23.74","-136.16",,,"1","4","2","5",,,"11",,,,,,,,,"10166",,,"8",,,,,"9","236",,,,,,,,,,,,,"236","36","798","172","7","1","2","2","1FFF1F","1AAAA1AAA1AAAA","4",,,,,,,
"4600770","2017-09-28T20:00:00","22.91","-137.83",,,"1","4","2","5",,,"11",,,,,,,,,"10165",,,"8",,,,,"9","240",,,,,,,,,,,,,"236","27","798","172","7","1","2","2","1FFF1F","1AAAA1AAA1AAAA","4",,,,,,,
"2100530","2017-09-28T21:00:00","23.74","-136.16",,,"1","4","2","5",,,"11",,,,,,,,,"10159",,,"8",,,,,"9","237",,,,,,,,,,,,,"236","36","798","172","7","1","2","2","1FFF1F","1AAAA1AAA1AAAA","4",,,,,,,
"4600770","2017-09-28T21:00:00","22.91","-137.82",,,"1","4","2","5",,,"11",,,,,,,,,"10158",,,"8",,,,,"9","241",,,,,,,,,,,,,"236","27","798","172","7","1","2","2","1FFF1F","1AAAA1AAA1AAAA","4",,,,,,,
"2100530","2017-09-28T22:00:00","23.70","-136.20",,,"1","4","2","5",,,"11",,,,,,,,,"10152",,,"8",,,,,"9","237",,,,,,,,,,,,,"236","36","798","172","7","1","2","2","1FFF1F","1AAAA1AAA1AAAA","4",,,,,,,
"4600770","2017-09-28T22:00:00","22.91","-137.87",,,"1","4","2","5",,,"11",,,,,,,,,"10149",,,"8",,,,,"9","241",,,,,,,,,,,,,"236","27","798","172","7","1","2","2","1FFF1F","1AAAA1AAA1AAAA","4",,,,,,,
"2100530","2017-09-28T23:00:00","23.70","-136.20",,,"1","4","2","5",,,"11",,,,,,,,,"10148",,,"8",,,,,"9","238",,,,,,,,,,,,,"236","36","798","172","7","1","2","2","1FFF1F","1AAAA1AAA1AAAA","4",,,,,,,
"4600770","2017-09-28T23:00:00","22.91","-137.87",,,"1","4","2","5",,,"11",,,,,,,,,"10144",,,"8",,,,,"9","242",,,,,,,,,,,,,"236","27","798","172","7","1","2","2","1FFF1F","1AAAA1AAA1AAAA","4",,,,,,,
"2100530","2017-09-29T00:00:00","23.70","-136.20",,,"1","4","2","5",,,"11",,,,,,,,,"10148",,,"8",,,,,"9","238",,,,,,,,,,,,,"236","36","798","172","7","1","2","2","1FFF1F","1AAAA1AAA1AAAA","4",,,,,,,
"4600770","2017-09-29T00:00:00","22.91","-137.87",,,"1","4","2","5",,,"11",,,,,,,,,"10143",,,"8",,,,,"9","242",,,,,,,,,,,,,"236","27","798","172","7","1","2","2","1FFF1F","1AAAA1AAA1AAAA","4",,,,,,,
"2100530","2017-09-29T01:00:00","23.68","-136.22",,,"1","4","2","5",,,"11",,,,,,,,,"10147",,,"8",,,,,"9","238",,,,,,,,,,,,,"236","36","798","172","7","1","2","2","1FFF1F","1AAAA1AAA1AAAA","4",,,,,,,
"4600770","2017-09-29T01:00:00","22.92","-137.88",,,"1","4","2","5",,,"11",,,,,,,,,"10142",,,"8",,,,,"9","242",,,,,,,,,,,,,"236","27","798","172","7","1","2","2","1FFF1F","1AAAA1AAA1AAAA","4",,,,,,,
"2100530","2017-09-29T02:00:00","23.68","-136.22",,,"1","4","2","5",,,"11",,,,,,,,,"10148",,,"8",,,,,"9","238",,,,,,,,,,,,,"236","36","798","172","7","1","2","2","1FFF1F","1AAAA1AAA1AAAA","4",,,,,,,
"4600770","2017-09-29T02:00:00","22.92","-137.89",,,"1","4","2","5",,,"11",,,,,,,,,"10145",,,"8",,,,,"9","242",,,,,,,,,,,,,"236","27","798","172","7","1","2","2","1FFF1F","1AAAA1AAA1AAAA","4",,,,,,,
"2100530","2017-09-29T03:00:00","23.67","-136.23",,,"1","4","2","5",,,"11",,,,,,,,,"10153",,,"8",,,,,"9","237",,,,,,,,,,,,,"236","36","798","172","7","1","2","2","1FFF1F","1AAAA1AAA1AAAA","4",,,,,,,
"4600770","2017-09-29T03:00:00","22.92","-137.90",,,"1","4","2","5",,,"11",,,,,,,,,"10149",,,"8",,,,,"9","242",,,,,,,,,,,,,"236","27","798","172","7","1","2","2","1FFF1F","1AAAA1AAA1AAAA","4",,,,,,,
"2100530","2017-09-29T04:00:00","23.66","-136.24",,,"1","4","2","5",,,"11",,,,,,,,,"10160",,,"8",,,,,"9","237",,,,,,,,,,,,,"236","36","798","172","7","1","2","1","1FFF1F","1AAAA1AAA1AAAA","4",,,,,,,
"4600770","2017-09-29T04:00:00","22.92","-137.90",,,"1","4","2","5",,,"11",,,,,,,,,"10154",,,"8",,,,,"9","241",,,,,,,,,,,,,"236","27","798","172","7","1","2","1","1FFF1F","1AAAA1AAA1AAAA","4",,,,,,,
"2100530","2017-09-29T05:00:00","23.65","-136.25",,,"1","4","2","5",,,"11",,,,,,,,,"10166",,,"8",,,,,"9","237",,,,,,,,,,,,,"236","36","798","172","7","1","2","1","1FFF1F","1AAAA1AAA1AAAA","4",,,,,,,
"4600770","2017-09-29T05:00:00","22.92","-137.91",,,"1","4","2","5",,,"11",,,,,,,,,"10160",,,"8",,,,,"9","241",,,,,,,,,,,,,"236","27","798","172","7","1","2","1","1FFF1F","1AAAA1AAA1AAAA","4",,,,,,,
"2100530","2017-09-29T06:00:00","23.64","-136.25",,,"1","4","2","5",,,"11",,,,,,,,,"10171",,,"8",,,,,"9","236",,,,,,,,,,,,,"236","36","798","172","7","1","2","1","1FFF1F","1AAAA1AAA1AAAA","4",,,,,,,
"4600770","2017-09-29T06:00:00","22.92","-137.92",,,"1","4","2","5",,,"11",,,,,,,,,"10168",,,"8",,,,,"9","241",,,,,,,,,,,,,"236","27","798","172","7","1","2","1","1FFF1F","1AAAA1AAA1AAAA","4",,,,,,,
"2100530","2017-09-29T07:00:00","23.63","-136.27",,,"1","4","2","5",,,"11",,,,,,,,,"10174",,,"8",,,,,"9","236",,,,,,,,,,,,,"236","36","798","172","7","1","2","1","1FFF1F","1AAAA1AAA1AAAA","4",,,,,,,
"4600770","2017-09-29T07:00:00","22.92","-137.93",,,"1","4","2","5",,,"11",,,,,,,,,"10169",,,"8",,,,,"9","241",,,,,,,,,,,,,"236","27","798","172","7","1","2","1","1FFF1F","1AAAA1AAA1AAAA","4",,,,,,,
"2100530","2017-09-29T09:00:00","23.62","-136.28",,,"1","4","2","5",,,"11",,,,,,,,,"10170",,,"8",,,,,"9","236",,,,,,,,,,,,,"236","36","798","172","7","1","2","1","1FFF1F","1AAAA1AAA1AAAA","4",,,,,,,
"4600770","2017-09-29T09:00:00","22.92","-137.94",,,"1","4","2","5",,,"11",,,,,,,,,"10166",,,"8",,,,,"9","241",,,,,,,,,,,,,"236","27","798","172","7","1","2","1","1FFF1F","1AAAA1AAA1AAAA","4",,,,,,,
"2100530","2017-09-29T10:00:00","23.62","-136.28",,,"1","4","2","5",,,"11",,,,,,,,,"10166",,,"8",,,,,"9","236",,,,,,,,,,,,,"236","36","798","172","7","1","2","1","1FFF1F","1AAAA1AAA1AAAA","4",,,,,,,
"4600770","2017-09-29T10:00:00","22.92","-137.94",,,"1","4","2","5",,,"11",,,,,,,,,"10162",,,"8",,,,,"9","241",,,,,,,,,,,,,"236","27","798","172","7","1","2","1","1FFF1F","1AAAA1AAA1AAAA","4",,,,,,,
"2100530","2017-09-29T11:00:00","23.62","-136.28",,,"1","4","2","5",,,"11",,,,,,,,,"10165",,,"8",,,,,"9","236",,,,,,,,,,,,,"236","36","798","172","7","1","2","1","1FFF1F","1AAAA1AAA1AAAA","4",,,,,,,
"4600770","2017-09-29T11:00:00","22.92","-137.96",,,"1","4","2","5",,,"11",,,,,,,,,"10161",,,"8",,,,,"9","241",,,,,,,,,,,,,"236","27","798","172","7","1","2","1","1FFF1F","1AAAA1AAA1AAAA","4",,,,,,,
"2100530","2017-09-29T12:00:00","23.57","-136.32",,,"1","4","2","5",,,"11",,,,,,,,,"10164",,,"8",,,,,"9","236",,,,,,,,,,,,,"236","36","798","172","7","1","2","1","1FFF1F","1AAAA1AAA1AAAA","4",,,,,,,
"4600770","2017-09-29T12:00:00","22.92","-137.94",,,"1","4","2","5",,,"11",,,,,,,,,"10159",,,"8",,,,,"9","241",,,,,,,,,,,,,"236","27","798","172","7","1","2","1","1FFF1F","1AAAA1AAA1AAAA","4",,,,,,,
"2100530","2017-09-29T13:00:00","23.56","-136.33",,,"1","4","2","5",,,"11",,,,,,,,,"10164",,,"8",,,,,"9","236",,,,,,,,,,,,,"236","36","798","172","7","1","2","1","1FFF1F","1AAAA1AAA1AAAA","4",,,,,,,
"4600770","2017-09-29T13:00:00","22.92","-137.96",,,"1","4","2","5",,,"11",,,,,,,,,"10160",,,"8",,,,,"9","241",,,,,,,,,,,,,"236","27","798","172","7","1","2","1","1FFF1F","1AAAA1AAA1AAAA","4",,,,,,,
"WDH6745","2017-09-29T13:00:00","29.60","-134.90",,,"1","6","2","5","6","5","1",,"20","4","51","1","98","1",,"10210","4","0","8","188",,"177","170","1","253",,,"7",,"A","A",,"5","1",,,,"236","94","798","172","5","1","2","1","111111","1111A1111181A1",,"5",,,,,,
"2100530","2017-09-29T14:00:00","23.56","-136.34",,,"1","4","2","5",,,"11",,,,,,,,,"10168",,,"8",,,,,"9","236",,,,,,,,,,,,,"236","36","798","172","7","1","2","1","1FFF1F","1AAAA1AAA1AAAA","4",,,,,,,
"4600770","2017-09-29T14:00:00","22.92","-137.97",,,"1","4","2","5",,,"11",,,,,,,,,"10163",,,"8",,,,,"9","242",,,,,,,,,,,,,"236","27","798","172","7","1","2","1","1FFF1F","1AAAA1AAA1AAAA","4",,,,,,,
"2100530","2017-09-29T15:00:00","23.56","-136.34",,,"1","4","2","5",,,"11",,,,,,,,,"10171",,,"8",,,,,"9","236",,,,,,,,,,,,,"236","36","798","172","7","1","2","2","1FFF1F","1AAAA1AAA1AAAA","4",,,,,,,
"4600770","2017-09-29T15:00:00","22.92","-137.97",,,"1","4","2","5",,,"11",,,,,,,,,"10165",,,"8",,,,,"9","242",,,,,,,,,,,,,"236","27","798","172","7","1","2","1","1FFF1F","1AAAA1AAA1AAAA","4",,,,,,,
"2100530","2017-09-29T16:00:00","23.56","-136.35",,,"1","4","2","5",,,"11",,,,,,,,,"10173",,,"8",,,,,"9","236",,,,,,,,,,,,,"236","36","798","172","7","1","2","2","1FFF1F","1AAAA1AAA1AAAA","4",,,,,,,
"4600770","2017-09-29T16:00:00","22.91","-137.99",,,"1","4","2","5",,,"11",,,,,,,,,"10168",,,"8",,,,,"9","243",,,,,,,,,,,,,"236","27","798","172","7","1","2","2","1FFF1F","1AAAA1AAA1AAAA","4",,,,,,,
"2100530","2017-09-29T17:00:00","23.54","-136.35",,,"1","4","2","5",,,"11",,,,,,,,,"10179",,,"8",,,,,"9","236",,,,,,,,,,,,,"236","36","798","172","7","1","2","2","1FFF1F","1AAAA1AAA1AAAA","4",,,,,,,
"4600770","2017-09-29T17:00:00","22.91","-137.99",,,"1","4","2","5",,,"11",,,,,,,,,"10172",,,"8",,,,,"9","243",,,,,,,,,,,,,"236","27","798","172","7","1","2","2","1FFF1F","1AAAA1AAA1AAAA","4",,,,,,,
"2100530","2017-09-29T18:00:00","23.53","-136.36",,,"1","4","2","5",,,"11",,,,,,,,,"10181",,,"8",,,,,"9","237",,,,,,,,,,,,,"236","36","798","172","7","1","2","2","1FFF1F","1AAAA1AAA1AAAA","4",,,,,,,
"4600770","2017-09-29T18:00:00","22.91","-138.02",,,"1","4","2","5",,,"11",,,,,,,,,"10175",,,"8",,,,,"9","243",,,,,,,,,,,,,"236","28","798","172","7","1","2","2","1FFF1F","1AAAA1AAA1AAAA","4",,,,,,,
"WFLH","2017-09-29T18:00:00","28.90","-138.30",,,"1","6","2","5","2","3","1",,"70","3","51","1","98","1","2","10223","4","0","8","217",,"172","145","1","228","8","8","5","4","A","A",,"4","1","31","8","3","236","88","798","172","5","1","2","2","111111","11111111111111",,"5",,"1",,,,
"WRJP","2017-09-29T18:00:00","28.60","-138.10",,,"1","6","2","5","6","5","1",,"30","4","36","1","99","2","2","10234",,,"8","217",,"200","190","1","260","7","6","7","6","7","A",,"4","1","11","8","2","236","88","798","172","5","1","2","2","311111","1111111111111A",,"5",,"2",,,,
"2100530","2017-09-29T19:00:00","23.51","-136.36",,,"1","4","2","5",,,"11",,,,,,,,,"10182",,,"8",,,,,"9","237",,,,,,,,,,,,,"236","36","798","172","7","1","2","2","1FFF1F","1AAAA1AAA1AAAA","4",,,,,,,
"4600770","2017-09-29T19:00:00","22.91","-138.02",,,"1","4","2","5",,,"11",,,,,,,,,"10176",,,"8",,,,,"9","244",,,,,,,,,,,,,"236","28","798","172","7","1","2","2","1FFF1F","1AAAA1AAA1AAAA","4",,,,,,,
"2100530","2017-09-29T20:00:00","23.51","-136.37",,,"1","4","2","5",,,"11",,,,,,,,,"10178",,,"8",,,,,"9","238",,,,,,,,,,,,,"236","36","798","172","7","1","2","2","1FFF1F","1AAAA1AAA1AAAA","4",,,,,,,
"4600770","2017-09-29T20:00:00","22.92","-138.05",,,"1","4","2","5",,,"11",,,,,,,,,"10173",,,"8",,,,,"9","244",,,,,,,,,,,,,"236","28","798","172","7","1","2","2","1FFF1F","1AAAA1AAA1AAAA","4",,,,,,,
"PFRO","2017-09-29T20:00:00","28.20","-130.10",,,"1","6","2","5","6","4","1",,"30","4","98","1","98","3","2","10195","2","20","8","220",,"210","205","1","250","6","6","5","5","6","A",,"2","1","4","4","2","236","80","798","172","5","1","2","2","311111","11111111111111",,"5",,"2",,,,
"2100530","2017-09-29T21:00:00","23.51","-136.37",,,"1","4","2","5",,,"11",,,,,,,,,"10171",,,"8",,,,,"9","239",,,,,,,,,,,,,"236","36","798","172","7","1","2","2","1FFF1F","1AAAA1AAA1AAAA","4",,,,,,,
"4600770","2017-09-29T21:00:00","22.92","-138.05",,,"1","4","2","5",,,"11",,,,,,,,,"10167",,,"8",,,,,"9","244",,,,,,,,,,,,,"236","28","798","172","7","1","2","2","1FFF1F","1AAAA1AAA1AAAA","4",,,,,,,
"PFRO","2017-09-29T21:00:00","28.10","-130.40",,,"1","6","2","5","6","4","1",,"40","4","57","1","98","3","2","10190","2","20","8","220",,"210","205","1","250","6","6","5","5","6","A",,"2","1","4","4","9","236","80","798","172","5","1","2","2","311111","11111111111111",,"5",,"2",,,,
"4600059","2017-09-29T21:30:00","25.40","-137.60",,,"1","4",,"0",,,"11","0","60","1","70",,,,,"10177",,,,"234",,,"180",,,,,,,,,,,,,,,"236","57","793","103","6","1","2","2","F11111","11AAA11A1AAAAA",,,"6",,,,,"4"
"4600059","2017-09-29T21:40:00","25.40","-137.60",,,"1","4","2","5",,,"11",,"60","1","70",,,,,"10176",,,"8","234",,,"179",,,,,,,,,,,,,,,"236","57","798","172","6","1","2","2","F11111","11AAA11A1AAAAA",,,,,,,,
"4600059","2017-09-29T21:50:00","25.40","-137.60",,,"1","4",,"0",,,"11","0","60","1","60",,,,,"10174",,,,"234",,,"178",,,,,,,,,,"7","2",,"10","2","236","57","793","103","6","1","2","2","F11111","11AAA11A1AA17A",,,"6",,,,,"4"
"2100530","2017-09-29T22:00:00","23.45","-136.41",,,"1","4","2","5",,,"11",,,,,,,,,"10163",,,"8",,,,,"9","239",,,,,,,,,,,,,"236","36","798","172","7","1","2","2","1FFF1F","1AAAA1AAA1AAAA","4",,,,,,,
"4600059","2017-09-29T22:00:00","25.40","-137.60",,,"1","4",,"0",,,"11","0","60","1","70",,,,,"10173","8","17",,"235",,,"182",,,,,,,,,,,,,,,"236","57","793","103","6","1","2","2","F11111","11AAA11A1AAAA1",,,"6",,,,,"4"
"4600770","2017-09-29T22:00:00","22.91","-138.08",,,"1","4","2","5",,,"11",,,,,,,,,"10159",,,"8",,,,,"9","244",,,,,,,,,,,,,"236","28","798","172","7","1","2","2","1FFF1F","1AAAA1AAA1AAAA","4",,,,,,,
"4600059","2017-09-29T22:10:00","25.40","-137.60",,,"1","4","2","5",,,"11",,"60","1","70",,,,,"10172",,,"8","234",,,"190",,,,,,,,,,,,,,,"236","57","798","172","6","1","2","2","F11111","11AAA11A1AAAAA",,,,,,,,
"4600059","2017-09-29T22:20:00","25.40","-137.60",,,"1","4","2","5",,,"11",,"50","1","70",,,,,"10171",,,"8","233",,,"192",,,,,,,,,,,,,,,"236","57","798","172","6","1","2","2","F11111","11AAA11A1AAAAA",,,,,,,,
"4600059","2017-09-29T22:30:00","25.40","-137.60",,,"1","4","2","5",,,"11",,"50","1","70",,,,,"10169",,,"8","232",,,"190",,,,,,,,,,,,,,,"236","57","798","172","6","1","2","2","F11111","11AAA11A1AAAAA",,,,,,,,
"4600059","2017-09-29T22:40:00","25.40","-137.60",,,"1","4","2","5",,,"11",,"50","1","70",,,,,"10168",,,"8","232",,,"191",,,,,,,,,,,,,,,"236","57","798","172","6","1","2","2","F11111","11AAA11A1AAAAA",,,,,,,,
"4600059","2017-09-29T22:50:00","25.40","-137.60",,,"1","4",,"0",,,"11","0","60","1","70",,,,,"10167",,,,"232",,,"193",,,,,,,,,,"6","2",,"10","2","236","57","793","103","6","1","2","2","F11111","11AAA11A1AA17A",,,"6",,,,,"4"
"2100530","2017-09-29T23:00:00","23.45","-136.41",,,"1","4","2","5",,,"11",,,,,,,,,"10158",,,"8",,,,,"9","239",,,,,,,,,,,,,"236","36","798","172","7","1","2","2","1FFF1F","1AAAA1AAA1AAAA","4",,,,,,,
"4600770","2017-09-29T23:00:00","22.91","-138.08",,,"1","4","2","5",,,"11",,,,,,,,,"10152",,,"8",,,,,"9","245",,,,,,,,,,,,,"236","28","798","172","7","1","2","2","1FFF1F","1AAAA1AAA1AAAA","4",,,,,,,
"4600059","2017-09-29T23:10:00","25.40","-137.60",,,"1","4","2","5",,,"11",,"70","1","80",,,,,"10165",,,"8","233",,,"193",,,,,,,,,,,,,,,"236","57","798","172","6","1","2","2","F11111","11AAA11A1AAAAA",,,,,,,,
"4600059","2017-09-29T23:20:00","25.40","-137.60",,,"1","4","2","5",,,"11",,"60","1","70",,,,,"10165",,,"8","234",,,"191",,,,,,,,,,,,,,,"236","57","798","172","6","1","2","2","F11111","11AAA11A1AAAAA",,,,,,,,
"4600059","2017-09-29T23:30:00","25.40","-137.60",,,"1","4","2","5",,,"11",,"70","1","70",,,,,"10164",,,"8","235",,,"186",,,,,,,,,,,,,,,"236","57","798","172","6","1","2","2","F11111","11AAA11A1AAAAA",,,,,,,,
"4600059","2017-09-29T23:40:00","25.40","-137.60",,,"1","4","2","5",,,"11",,"80","1","70",,,,,"10165",,,"8","235",,,"181",,,,,,,,,,,,,,,"236","57","798","172","6","1","2","2","F11111","11AAA11A1AAAAA",,,,,,,,
"4600059","2017-09-29T23:50:00","25.40","-137.60",,,"1","4",,"0",,,"11","0","70","1","70",,,,,"10166",,,,"236",,,"178",,,,,,,,,,"5","2",,"11","2","236","57","793","103","6","1","2","2","F11111","11AAA11A1AA17A",,,"6",,,,,"4"
"2100530","2017-09-30T00:00:00","23.45","-136.41",,,"1","4","2","5",,,"11",,,,,,,,,"10158",,,"8",,,,,"9","239",,,,,,,,,,,,,"236","36","798","172","7","1","2","2","1FFF1F","1AAAA1AAA1AAAA","4",,,,,,,
"4600770","2017-09-30T00:00:00","22.91","-138.08",,,"1","4","2","5",,,"11",,,,,,,,,"10150",,,"8",,,,,"9","245",,,,,,,,,,,,,"236","28","798","172","7","1","2","2","1FFF1F","1AAAA1AAA1AAAA","4",,,,,,,
"4600059","2017-09-30T00:10:00","25.40","-137.60",,,"1","4","2","5",,,"11",,"60","1","70",,,,,"10166",,,"8","235",,,"186",,,,,,,,,,,,,,,"236","57","798","172","6","1","2","2","F11111","11AAA11A1AAAAA",,,,,,,,
"4600059","2017-09-30T00:20:00","25.40","-137.60",,,"1","4","2","5",,,"11",,"60","1","70",,,,,"10167",,,"8","234",,,"186",,,,,,,,,,,,,,,"236","57","798","172","6","1","2","2","F11111","11AAA11A1AAAAA",,,,,,,,
"4600059","2017-09-30T00:30:00","25.40","-137.60",,,"1","4","2","5",,,"11",,"60","1","70",,,,,"10167",,,"8","234",,,"186",,,,,,,,,,,,,,,"236","57","798","172","6","1","2","2","F11111","11AAA11A1AAAAA",,,,,,,,
"4600059","2017-09-30T00:40:00","25.40","-137.60",,,"1","4","2","5",,,"11",,"60","1","70",,,,,"10166",,,"8","234",,,"189",,,,,,,,,,,,,,,"236","57","798","172","6","1","2","2","F11111","11AAA11A1AAAAA",,,,,,,,
"4600059","2017-09-30T00:50:00","25.40","-137.60",,,"1","4",,"0",,,"11","0","70","1","70",,,,,"10166",,,,"234",,,"189",,,,,,,,,,"6","2",,"10","2","236","57","793","103","6","1","2","2","F11111","11AAA11A1AA17A",,,"6",,,,,"4"
"2100530","2017-09-30T01:00:00","23.43","-136.42",,,"1","4","2","5",,,"11",,,,,,,,,"10156",,,"8",,,,,"9","239",,,,,,,,,,,,,"236","36","798","172","7","1","2","2","1FFF1F","1AAAA1AAA1AAAA","4",,,,,,,
"4600059","2017-09-30T01:00:00","25.40","-137.60",,,"1","4",,"0",,,"11","0","70","1","80",,,,,"10167","6","6",,"235",,,"185",,,,,,,,,,,,,,,"236","57","793","103","6","1","2","2","F11111","11AAA11A1AAAA1",,,"6",,,,,"4"
"4600770","2017-09-30T01:00:00","22.90","-138.10",,,"1","4","2","5",,,"11",,,,,,,,,"10149",,,"8",,,,,"9","245",,,,,,,,,,,,,"236","28","798","172","7","1","2","2","1FFF1F","1AAAA1AAA1AAAA","4",,,,,,,
"PFRO","2017-09-30T01:00:00","27.80","-131.80",,,"1","6","2","5","6","4","1",,"30","4","87","1","98","3","2","10180","0","0","8","210",,"210","210","1","240","6","6","8","5","0","0",,"3","1","21","3","1","236","71","798","172","5","1","2","2","111113","11111111111111",,"5",,"2",,,,
"4600059","2017-09-30T01:10:00","25.40","-137.60",,,"1","4","2","5",,,"11",,"70","1","70",,,,,"10168",,,"8","235",,,"182",,,,,,,,,,,,,,,"236","57","798","172","6","1","2","2","F11111","11AAA11A1AAAAA",,,,,,,,
"4600059","2017-09-30T01:20:00","25.40","-137.60",,,"1","4","2","5",,,"11",,"70","1","70",,,,,"10167",,,"8","235",,,"181",,,,,,,,,,,,,,,"236","57","798","172","6","1","2","2","F11111","11AAA11A1AAAAA",,,,,,,,
"4600059","2017-09-30T01:30:00","25.40","-137.60",,,"1","4",,"0",,,"11","0","60","1","70",,,,,"10167",,,,"235",,,"188",,,,,,,,,,,,,,,"236","57","793","103","6","1","2","2","F11111","11AAA11A1AAAAA",,,"6",,,,,"4"
"4600059","2017-09-30T01:40:00","25.40","-137.60",,,"1","4","2","5",,,"11",,"70","1","80",,,,,"10171",,,"8","234",,,"193",,,,,,,,,,,,,,,"236","57","798","172","6","1","2","2","F11111","11AAA11A1AAAAA",,,,,,,,
"4600059","2017-09-30T01:50:00","25.40","-137.60",,,"1","4",,"0",,,"11","0","60","1","80",,,,,"10166",,,,"233",,,"195",,,,,,,,,,"6","2",,"9","2","236","57","793","103","6","1","2","2","F11111","11AAA11A1AA17A",,,"6",,,,,"4"
"2100530","2017-09-30T02:00:00","23.43","-136.43",,,"1","4","2","5",,,"11",,,,,,,,,"10159",,,"8",,,,,"9","238",,,,,,,,,,,,,"236","36","798","172","7","1","2","2","1FFF1F","1AAAA1AAA1AAAA","4",,,,,,,
"4600059","2017-09-30T02:00:00","25.40","-137.60",,,"1","4","2","5",,,"11",,"60","1","70",,,,,"10167","4","0","8","233",,,"195",,,,,,,,,,,,,,,"236","57","798","172","6","1","2","2","F11111","11AAA11A1AAAA1",,,,,,,,
"4600770","2017-09-30T02:00:00","22.90","-138.10",,,"1","4","2","5",,,"11",,,,,,,,,"10151",,,"8",,,,,"9","245",,,,,,,,,,,,,"236","28","798","172","7","1","2","2","1FFF1F","1AAAA1AAA1AAAA","4",,,,,,,
"4600059","2017-09-30T02:10:00","25.40","-137.60",,,"1","4","2","5",,,"11",,"70","1","70",,,,,"10167",,,"8","233",,,"192",,,,,,,,,,,,,,,"236","57","798","172","6","1","2","2","F11111","11AAA11A1AAAAA",,,,,,,,
"4600059","2017-09-30T02:20:00","25.40","-137.60",,,"1","4","2","5",,,"11",,"70","1","80",,,,,"10167",,,"8","234",,,"185",,,,,,,,,,,,,,,"236","57","798","172","6","1","2","2","F11111","11AAA11A1AAAAA",,,,,,,,
"4600059","2017-09-30T02:30:00","25.40","-137.60",,,"1","4","2","5",,,"11",,"70","1","80",,,,,"10168",,,"8","236",,,"184",,,,,,,,,,,,,,,"236","57","798","172","6","1","2","2","F11111","11AAA11A1AAAAA",,,,,,,,
"4600059","2017-09-30T02:40:00","25.40","-137.60",,,"1","4",,"0",,,"11","0","70","1","70",,,,,"10168",,,,"235",,,"187",,,,,,,,,,,,,,,"236","57","793","103","6","1","2","2","F11111","11AAA11A1AAAAA",,,"6",,,,,"4"
"4600059","2017-09-30T02:50:00","25.40","-137.60",,,"1","4",,"0",,,"11","0","60","1","80",,,,,"10169",,,,"235",,,"190",,,,,,,,,,"7","2",,"9","2","236","57","793","103","6","1","2","2","F11111","11AAA11A1AA17A",,,"6",,,,,"4"
"2100530","2017-09-30T03:00:00","23.42","-136.44",,,"1","4","2","5",,,"11",,,,,,,,,"10161",,,"8",,,,,"9","237",,,,,,,,,,,,,"236","36","798","172","7","1","2","2","1FFF1F","1AAAA1AAA1AAAA","4",,,,,,,
"4600059","2017-09-30T03:00:00","25.40","-137.60",,,"1","4",,"0",,,"11","0","60","1","80",,,,,"10169","3","3",,"234",,,"192",,,,,,,,,,,,,,,"236","57","793","103","6","1","2","2","F11111","11AAA11A1AAAA1",,,"6",,,,,"4"
"4600770","2017-09-30T03:00:00","22.89","-138.13",,,"1","4","2","5",,,"11",,,,,,,,,"10155",,,"8",,,,,"9","245",,,,,,,,,,,,,"236","28","798","172","7","1","2","2","1FFF1F","1AAAA1AAA1AAAA","4",,,,,,,
"4600059","2017-09-30T03:10:00","25.40","-137.60",,,"1","4",,"0",,,"11","0","70","1","80",,,,,"10170",,,,"234",,,"193",,,,,,,,,,,,,,,"236","57","793","103","6","1","2","2","F11111","11AAA11A1AAAAA",,,"6",,,,,"4"
"4600059","2017-09-30T03:20:00","25.40","-137.60",,,"1","4",,"0",,,"11","0","70","1","70",,,,,"10171",,,,"234",,,"195",,,,,,,,,,,,,,,"236","57","793","103","6","1","2","1","F11111","11AAA11A1AAAAA",,,"6",,,,,"4"
"4600059","2017-09-30T03:30:00","25.40","-137.60",,,"1","4",,"0",,,"11","0","70","1","70",,,,,"10172",,,,"234",,,"193",,,,,,,,,,,,,,,"236","57","793","103","6","1","2","1","F11111","11AAA11A1AAAAA",,,"6",,,,,"4"
"4600059","2017-09-30T03:40:00","25.40","-137.60",,,"1","4","2","5",,,"11",,"70","1","80",,,,,"10173",,,"8","234",,,"195",,,,,,,,,,,,,,,"236","57","798","172","6","1","2","1","F11111","11AAA11A1AAAAA",,,,,,,,
"4600059","2017-09-30T03:50:00","25.40","-137.60",,,"1","4",,"0",,,"11","0","70","1","80",,,,,"10174",,,,"233",,,"194",,,,,,,,,,"7","2",,"10","2","236","57","793","103","6","1","2","1","F11111","11AAA11A1AA17A",,,"6",,,,,"4"
"2100530","2017-09-30T04:00:00","23.41","-136.46",,,"1","4","2","5",,,"11",,,,,,,,,"10167",,,"8",,,,,"9","237",,,,,,,,,,,,,"236","36","798","172","7","1","2","1","1FFF1F","1AAAA1AAA1AAAA","4",,,,,,,
"4600059","2017-09-30T04:00:00","25.40","-137.60",,,"1","4","2","5",,,"11",,"70","1","80",,,,,"10175","3","7","8","233",,,"191",,,,,,,,,,,,,,,"236","57","798","172","6","1","2","1","F11111","11AAA11A1AAAA1",,,,,,,,
"4600770","2017-09-30T04:00:00","22.90","-138.14",,,"1","4","2","5",,,"11",,,,,,,,,"10161",,,"8",,,,,"9","244",,,,,,,,,,,,,"236","28","798","172","7","1","2","1","1FFF1F","1AAAA1AAA1AAAA","4",,,,,,,
"4600059","2017-09-30T04:10:00","25.40","-137.60",,,"1","4","2","5",,,"11",,"70","1","80",,,,,"10176",,,"8","234",,,"186",,,,,,,,,,,,,,,"236","57","798","172","6","1","2","1","F11111","11AAA11A1AAAAA",,,,,,,,
"4600059","2017-09-30T04:20:00","25.40","-137.60",,,"1","4","2","5",,,"11",,"60","1","90",,,,,"10177",,,"8","235",,,"188",,,,,,,,,,,,,,,"236","57","798","172","6","1","2","1","F11111","11AAA11A1AAAAA",,,,,,,,
"4600059","2017-09-30T04:30:00","25.40","-137.60",,,"1","4","2","5",,,"11",,"70","1","80",,,,,"10179",,,"8","233",,,"182",,,,,,,,,,,,,,,"236","57","798","172","6","1","2","1","F11111","11AAA11A1AAAAA",,,,,,,,
"4600059","2017-09-30T04:40:00","25.40","-137.60",,,"1","4","2","5",,,"11",,"70","1","80",,,,,"10181",,,"8","234",,,"181",,,,,,,,,,,,,,,"236","57","798","172","6","1","2","1","F11111","11AAA11A1AAAAA",,,,,,,,
"4600059","2017-09-30T04:50:00","25.40","-137.60",,,"1","4",,"0",,,"11","0","70","1","70",,,,,"10182",,,,"234",,,"181",,,,,,,,,,"5","3",,"11","2","236","57","793","103","6","1","2","1","F11111","11AAA11A1AA17A",,,"6",,,,,"4"
"2100530","2017-09-30T05:00:00","23.41","-136.46",,,"1","4","2","5",,,"11",,,,,,,,,"10173",,,"8",,,,,"9","237",,,,,,,,,,,,,"236","36","798","172","7","1","2","1","1FFF1F","1AAAA1AAA1AAAA","4",,,,,,,
"4600059","2017-09-30T05:00:00","25.40","-137.60",,,"1","4","2","5",,,"11",,"70","1","70",,,,,"10183","3","17","8","234",,,"185",,,,,,,,,,,,,,,"236","57","798","172","6","1","2","1","F11111","11AAA11A1AAAA1",,,,,,,,
"4600770","2017-09-30T05:00:00","22.91","-138.14",,,"1","4","2","5",,,"11",,,,,,,,,"10168",,,"8",,,,,"9","244",,,,,,,,,,,,,"236","28","798","172","7","1","2","1","1FFF1F","1AAAA1AAA1AAAA","4",,,,,,,
"4600059","2017-09-30T05:10:00","25.40","-137.60",,,"1","4","2","5",,,"11",,"80","1","80",,,,,"10185",,,"8","234",,,"184",,,,,,,,,,,,,,,"236","57","798","172","6","1","2","1","F11111","11AAA11A1AAAAA",,,,,,,,
"4600059","2017-09-30T05:20:00","25.40","-137.60",,,"1","4","2","5",,,"11",,"80","1","80",,,,,"10185",,,"8","234",,,"182",,,,,,,,,,,,,,,"236","57","798","172","6","1","2","1","F11111","11AAA11A1AAAAA",,,,,,,,
"4600059","2017-09-30T05:30:00","25.40","-137.60",,,"1","4","2","5",,,"11",,"80","1","80",,,,,"10186",,,"8","234",,,"180",,,,,,,,,,,,,,,"236","57","798","172","6","1","2","1","F11111","11AAA11A1AAAAA",,,,,,,,
"4600059","2017-09-30T05:40:00","25.40","-137.60",,,"1","4","2","5",,,"11",,"70","1","80",,,,,"10188",,,"8","234",,,"177",,,,,,,,,,,,,,,"236","57","798","172","6","1","2","1","F11111","11AAA11A1AAAAA",,,,,,,,
"4600059","2017-09-30T05:50:00","25.40","-137.60",,,"1","4",,"0",,,"11","0","80","1","80",,,,,"10188",,,,"234",,,"181",,,,,,,,,,"7","2",,"10","2","236","57","793","103","6","1","2","1","F11111","11AAA11A1AA17A",,,"6",,,,,"4"
"2100530","2017-09-30T06:00:00","23.39","-136.47",,,"1","4","2","5",,,"11",,,,,,,,,"10180",,,"8",,,,,"9","237",,,,,,,,,,,,,"236","36","798","172","7","1","2","1","1FFF1F","1AAAA1AAA1AAAA","4",,,,,,,
"4600059","2017-09-30T06:00:00","25.40","-137.60",,,"1","4","2","5",,,"11",,"80","1","80",,,,,"10189","2","19","8","234",,,"180",,,,,,,,,,,,,,,"236","57","798","172","6","1","2","1","F11111","11AAA11A1AAAA1",,,,,,,,
"4600770","2017-09-30T06:00:00","22.90","-138.15",,,"1","4","2","5",,,"11",,,,,,,,,"10172",,,"8",,,,,"9","244",,,,,,,,,,,,,"236","28","798","172","7","1","2","1","1FFF1F","1AAAA1AAA1AAAA","4",,,,,,,
"PFRO","2017-09-30T06:00:00","27.40","-133.50",,,"1","4","0","0","6","4","1","0","70","4","87",,"98","2","2","10200","4","0","0","208","0","180","162","1","240",,,,"A",,,,"6","3","38","5","2","236","73","992","114","5","1","2","1","111111","11111111118111",,,"1","2",,,,"4"
"WFLH","2017-09-30T06:00:00","29.90","-135.00",,,"1","6","2","5","2","3","1",,"40","4","72","1","98","2","2","10227","2","3","8","211",,"194","186","1","217","8","8","4","3","A","A",,"4","1","30","8","3","236","95","798","172","5","1","2","1","111111","11111111111111",,"5",,"2",,,,
"4600059","2017-09-30T06:10:00","25.40","-137.60",,,"1","4","2","5",,,"11",,"80","1","70",,,,,"10189",,,"8","234",,,"180",,,,,,,,,,,,,,,"236","57","798","172","6","1","2","1","F11111","11AAA11A1AAAAA",,,,,,,,
"4600059","2017-09-30T06:20:00","25.40","-137.60",,,"1","4","2","5",,,"11",,"60","1","70",,,,,"10188",,,"8","233",,,"177",,,,,,,,,,,,,,,"236","57","798","172","6","1","2","1","F11111","11AAA11A1AAAAA",,,,,,,,
"4600059","2017-09-30T06:30:00","25.40","-137.60",,,"1","4","2","5",,,"11",,"60","1","70",,,,,"10189",,,"8","233",,,"180",,,,,,,,,,,,,,,"236","57","798","172","6","1","2","1","F11111","11AAA11A1AAAAA",,,,,,,,
"4600059","2017-09-30T06:40:00","25.40","-137.60",,,"1","4","2","5",,,"11",,"70","1","70",,,,,"10189",,,"8","233",,,"181",,,,,,,,,,,,,,,"236","57","798","172","6","1","2","1","F11111","11AAA11A1AAAAA",,,,,,,,
"4600059","2017-09-30T06:50:00","25.40","-137.60",,,"1","4",,"0",,,"11","0","70","1","80",,,,,"10190",,,,"233",,,"180",,,,,,,,,,"7","3",,"11","2","236","57","793","103","6","1","2","1","F11111","11AAA11A1AA17A",,,"6",,,,,"4"
"2100530","2017-09-30T07:00:00","23.37","-136.50",,,"1","4","2","5",,,"11",,,,,,,,,"10182",,,"8",,,,,"9","237",,,,,,,,,,,,,"236","36","798","172","7","1","2","1","1FFF1F","1AAAA1AAA1AAAA","4",,,,,,,
"4600059","2017-09-30T07:00:00","25.40","-137.60",,,"1","4","2","5",,,"11",,"60","1","60",,,,,"10190","1","15","8","234",,,"183",,,,,,,,,,,,,,,"236","57","798","172","6","1","2","1","F11111","11AAA11A1AAAA1",,,,,,,,
"4600770","2017-09-30T07:00:00","22.90","-138.17",,,"1","4","2","5",,,"11",,,,,,,,,"10174",,,"8",,,,,"9","244",,,,,,,,,,,,,"236","28","798","172","7","1","2","1","1FFF1F","1AAAA1AAA1AAAA","4",,,,,,,
"4600059","2017-09-30T07:10:00","25.40","-137.60",,,"1","4","2","5",,,"11",,"60","1","80",,,,,"10188",,,"8","234",,,"181",,,,,,,,,,,,,,,"236","57","798","172","6","1","2","1","F11111","11AAA11A1AAAAA",,,,,,,,
"4600059","2017-09-30T07:20:00","25.40","-137.60",,,"1","4","2","5",,,"11",,"60","1","80",,,,,"10188",,,"8","234",,,"182",,,,,,,,,,,,,,,"236","57","798","172","6","1","2","1","F11111","11AAA11A1AAAAA",,,,,,,,
"4600059","2017-09-30T07:30:00","25.40","-137.60",,,"1","4","2","5",,,"11",,"70","1","80",,,,,"10187",,,"8","235",,,"182",,,,,,,,,,,,,,,"236","57","798","172","6","1","2","1","F11111","11AAA11A1AAAAA",,,,,,,,
"4600059","2017-09-30T07:40:00","25.40","-137.60",,,"1","4","2","5",,,"11",,"70","1","80",,,,,"10188",,,"8","236",,,"179",,,,,,,,,,,,,,,"236","57","798","172","6","1","2","1","F11111","11AAA11A1AAAAA",,,,,,,,
"4600059","2017-09-30T07:50:00","25.40","-137.60",,,"1","4",,"0",,,"11","0","80","1","80",,,,,"10188",,,,"236",,,"181",,,,,,,,,,"7","3",,"10","2","236","57","793","103","6","1","2","1","F11111","11AAA11A1AA17A",,,"6",,,,,"4"
"4600059","2017-09-30T08:00:00","25.40","-137.60",,,"1","4","2","5",,,"11",,"90","1","80",,,,,"10187","0","3","8","235",,,"181",,,,,,,,,,,,,,,"236","57","798","172","6","1","2","1","F11111","11AAA11A1AAAA1",,,,,,,,
"4600059","2017-09-30T08:10:00","25.40","-137.60",,,"1","4","2","5",,,"11",,"80","1","80",,,,,"10187",,,"8","235",,,"182",,,,,,,,,,,,,,,"236","57","798","172","6","1","2","1","F11111","11AAA11A1AAAAA",,,,,,,,
"4600059","2017-09-30T08:20:00","25.40","-137.60",,,"1","4","2","5",,,"11",,"90","1","80",,,,,"10187",,,"8","234",,,"185",,,,,,,,,,,,,,,"236","57","798","172","6","1","2","1","F11111","11AAA11A1AAAAA",,,,,,,,
"4600059","2017-09-30T08:30:00","25.40","-137.60",,,"1","4","2","5",,,"11",,"90","1","80",,,,,"10186",,,"8","234",,,"181",,,,,,,,,,,,,,,"236","57","798","172","6","1","2","1","F11111","11AAA11A1AAAAA",,,,,,,,
"4600059","2017-09-30T08:40:00","25.40","-137.60",,,"1","4",,"0",,,"11","0","90","1","90",,,,,"10186",,,,"234",,,"178",,,,,,,,,,,,,,,"236","57","793","103","6","0",,"1","F11111","11AAA11A1AAAAA",,,"6",,,,,"4"
"4600059","2017-09-30T08:50:00","25.40","-137.60",,,"1","4",,"0",,,"11","0","90","1","80",,,,,"10186",,,,"234",,,"175",,,,,,,,,,"5","3",,"10","2","236","57","793","103","6","0",,"1","F11111","11AAA11A1AA17A",,,"6",,,,,"4"
"2100530","2017-09-30T09:00:00","23.37","-136.50",,,"1","4","2","5",,,"11",,,,,,,,,"10176",,,"8",,,,,"9","237",,,,,,,,,,,,,"236","36","798","172","7","1","2","1","1FFF1F","1AAAA1AAA1AAAA","4",,,,,,,
"4600059","2017-09-30T09:00:00","25.40","-137.60",,,"1","4",,"0",,,"11","0","80","1","80",,,,,"10186","7","3",,"234",,,"173",,,,,,,,,,,,,,,"236","57","793","103","6","0",,"1","F11111","11AAA11A1AAAA1",,,"6",,,,,"4"
"4600770","2017-09-30T09:00:00","22.90","-138.17",,,"1","4","2","5",,,"11",,,,,,,,,"10171",,,"8",,,,,"9","245",,,,,,,,,,,,,"236","28","798","172","7","1","2","1","1FFF1F","1AAAA1AAA1AAAA","4",,,,,,,
"4600059","2017-09-30T09:10:00","25.40","-137.60",,,"1","4",,"0",,,"11","0","90","1","70",,,,,"10185",,,,"234",,,"170",,,,,,,,,,,,,,,"236","57","793","103","6","0",,"1","F11111","11AAA11A1AAAAA",,,"6",,,,,"4"
"4600059","2017-09-30T09:20:00","25.40","-137.60",,,"1","4",,"0",,,"11","0","90","1","80",,,,,"10185",,,,"235",,,"173",,,,,,,,,,,,,,,"236","57","793","103","6","0",,"1","F11111","11AAA11A1AAAAA",,,"6",,,,,"4"
"4600059","2017-09-30T09:30:00","25.40","-137.60",,,"1","4",,"0",,,"11","0","80","1","70",,,,,"10185",,,,"234",,,"173",,,,,,,,,,,,,,,"236","57","793","103","6","0",,"1","F11111","11AAA11A1AAAAA",,,"6",,,,,"4"
"4600059","2017-09-30T09:40:00","25.40","-137.60",,,"1","4","2","5",,,"11",,"90","1","70",,,,,"10184",,,"8","233",,,"170",,,,,,,,,,,,,,,"236","57","798","172","6","1","2","1","F11111","11AAA11A1AAAAA",,,,,,,,
"4600059","2017-09-30T09:50:00","25.40","-137.60",,,"1","4",,"0",,,"11","0","90","1","80",,,,,"10183",,,,"233",,,"170",,,,,,,,,,"5","2",,"9","2","236","57","793","103","6","1","2","1","F11111","11AAA11A1AA17A",,,"6",,,,,"4"
"2100530","2017-09-30T10:00:00","23.37","-136.50",,,"1","4","2","5",,,"11",,,,,,,,,"10174",,,"8",,,,,"9","237",,,,,,,,,,,,,"236","36","798","172","7","1","2","1","1FFF1F","1AAAA1AAA1AAAA","4",,,,,,,
"4600059","2017-09-30T10:00:00","25.40","-137.60",,,"1","4",,"0",,,"11","0","80","1","70",,,,,"10183","7","7",,"232",,,"167",,,,,,,,,,,,,,,"236","57","793","103","6","1","2","1","F11111","11AAA11A1AAAA1",,,"6",,,,,"4"
"4600770","2017-09-30T10:00:00","22.90","-138.17",,,"1","4","2","5",,,"11",,,,,,,,,"10166",,,"8",,,,,"9","245",,,,,,,,,,,,,"236","28","798","172","7","1","2","1","1FFF1F","1AAAA1AAA1AAAA","4",,,,,,,
"PFRO","2017-09-30T10:00:00","27.10","-134.80",,,"1","6","2","5","6","4","1",,"50","4","87","1","98","2","2","10190","6","0","8","208",,"180","162","1","240","9","9","A","A","A","A",,"4","3","37","5","2","236","74","798","172","5","0",,"1","111111","11111111114177",,"5",,"2",,,,
"4600059","2017-09-30T10:10:00","25.40","-137.60",,,"1","4","2","5",,,"11",,"70","1","70",,,,,"10182",,,"8","232",,,"169",,,,,,,,,,,,,,,"236","57","798","172","6","1","2","1","F11111","11AAA11A1AAAAA",,,,,,,,
"4600059","2017-09-30T10:20:00","25.40","-137.60",,,"1","4","2","5",,,"11",,"70","1","60",,,,,"10182",,,"8","232",,,"169",,,,,,,,,,,,,,,"236","57","798","172","6","1","2","1","F11111","11AAA11A1AAAAA",,,,,,,,
"4600059","2017-09-30T10:30:00","25.40","-137.60",,,"1","4","2","5",,,"11",,"70","1","70",,,,,"10181",,,"8","232",,,"175",,,,,,,,,,,,,,,"236","57","798","172","6","1","2","1","F11111","11AAA11A1AAAAA",,,,,,,,
"4600059","2017-09-30T10:40:00","25.40","-137.60",,,"1","4","2","5",,,"11",,"70","1","70",,,,,"10180",,,"8","232",,,"178",,,,,,,,,,,,,,,"236","57","798","172","6","1","2","1","F11111","11AAA11A1AAAAA",,,,,,,,
"4600059","2017-09-30T10:50:00","25.40","-137.60",,,"1","4",,"0",,,"11","0","80","1","70",,,,,"10179",,,,"232",,,"173",,,,,,,,,,"7","3",,"10","2","236","57","793","103","6","1","2","1","F11111","11AAA11A1AA17A",,,"6",,,,,"4"
"2100530","2017-09-30T11:00:00","23.37","-136.50",,,"1","4","2","5",,,"11",,,,,,,,,"10171",,,"8",,,,,"9","237",,,,,,,,,,,,,"236","36","798","172","7","1","2","1","1FFF1F","1AAAA1AAA1AAAA","4",,,,,,,
"4600059","2017-09-30T11:00:00","25.40","-137.60",,,"1","4",,"0",,,"11","0","90","1","70",,,,,"10179","8","8",,"233",,,"173",,,,,,,,,,,,,,,"236","57","793","103","6","1","2","1","F11111","11AAA11A1AAAA1",,,"6",,,,,"4"
"4600770","2017-09-30T11:00:00","22.90","-138.21",,,"1","4","2","5",,,"11",,,,,,,,,"10164",,,"8",,,,,"9","245",,,,,,,,,,,,,"236","28","798","172","7","1","2","1","1FFF1F","1AAAA1AAA1AAAA","4",,,,,,,
"PFRO","2017-09-30T11:00:00","27.00","-135.10",,,"1","6","2","5","6","4","1",,"60","4","103","1","98","2","2","10190","4","0","8","208",,"180","162","1","240","9","9","A","A","A","A",,"4","3","37","5","2","236","75","798","172","5","0",,"1","111111","11111111114171",,"5",,"2",,,,
"4600059","2017-09-30T11:10:00","25.40","-137.60",,,"1","4","2","5",,,"11",,"80","1","60",,,,,"10179",,,"8","233",,,"177",,,,,,,,,,,,,,,"236","57","798","172","6","1","2","1","F11111","11AAA11A1AAAAA",,,,,,,,
"4600059","2017-09-30T11:20:00","25.40","-137.60",,,"1","4","2","5",,,"11",,"80","1","70",,,,,"10179",,,"8","233",,,"179",,,,,,,,,,,,,,,"236","57","798","172","6","1","2","1","F11111","11AAA11A1AAAAA",,,,,,,,
"4600059","2017-09-30T11:30:00","25.40","-137.60",,,"1","4","2","5",,,"11",,"80","1","70",,,,,"10179",,,"8","233",,,"185",,,,,,,,,,,,,,,"236","57","798","172","6","1","2","1","F11111","11AAA11A1AAAAA",,,,,,,,
"4600059","2017-09-30T11:40:00","25.40","-137.60",,,"1","4","2","5",,,"11",,"70","1","80",,,,,"10179",,,"8","233",,,"189",,,,,,,,,,,,,,,"236","57","798","172","6","1","2","1","F11111","11AAA11A1AAAAA",,,,,,,,
"4600059","2017-09-30T11:50:00","25.40","-137.60",,,"1","4",,"0",,,"11","0","70","1","70",,,,,"10179",,,,"233",,,"191",,,,,,,,,,"7","2",,"10","2","236","57","793","103","6","1","2","1","F11111","11AAA11A1AA17A",,,"6",,,,,"4"
"2100530","2017-09-30T12:00:00","23.32","-136.55",,,"1","4","2","5",,,"11",,,,,,,,,"10169",,,"8",,,,,"9","237",,,,,,,,,,,,,"236","36","798","172","7","1","2","1","1FFF1F","1AAAA1AAA1AAAA","4",,,,,,,
"4600059","2017-09-30T12:00:00","25.40","-137.60",,,"1","4",,"0",,,"11","0","70","1","80",,,,,"10179","6","7",,"233",,,"184",,,,,,,,,,,,,,,"236","57","793","103","6","1","2","1","F11111","11AAA11A1AAAA1",,,"6",,,,,"4"
"4600770","2017-09-30T12:00:00","22.90","-138.17",,,"1","4","2","5",,,"11",,,,,,,,,"10162",,,"8",,,,,"9","245",,,,,,,,,,,,,"236","28","798","172","7","1","2","1","1FFF1F","1AAAA1AAA1AAAA","4",,,,,,,
"PFRO","2017-09-30T12:00:00","27.90","-135.50",,,"1","6","2","5","6","4","1",,"70","4","98","1","98","2","2","10190","4","0","8","208",,"180","162","1","240","9","9","A","A","A","A",,"4","3","37","5","2","236","75","798","172","5","0",,"1","111111","11111111114171",,"5",,"2",,,,
"4600059","2017-09-30T12:10:00","25.40","-137.60",,,"1","4","2","5",,,"11",,"70","1","70",,,,,"10178",,,"8","233",,,"181",,,,,,,,,,,,,,,"236","57","798","172","6","1","2","1","F11111","11AAA11A1AAAAA",,,,,,,,
"4600059","2017-09-30T12:20:00","25.40","-137.60",,,"1","4","2","5",,,"11",,"70","1","70",,,,,"10179",,,"8","234",,,"175",,,,,,,,,,,,,,,"236","57","798","172","6","1","2","1","F11111","11AAA11A1AAAAA",,,,,,,,
"4600059","2017-09-30T12:30:00","25.40","-137.60",,,"1","4","2","5",,,"11",,"80","1","80",,,,,"10179",,,"8","234",,,"173",,,,,,,,,,,,,,,"236","57","798","172","6","1","2","1","F11111","11AAA11A1AAAAA",,,,,,,,
"4600059","2017-09-30T12:40:00","25.40","-137.60",,,"1","4","2","5",,,"11",,"90","1","70",,,,,"10180",,,"8","234",,,"166",,,,,,,,,,,,,,,"236","57","798","172","6","1","2","1","F11111","11AAA11A1AAAAA",,,,,,,,
"4600059","2017-09-30T12:50:00","25.40","-137.60",,,"1","4","2","5",,,"11","0","80","1","70",,,,,"10183",,,"8","234",,,"166",,,,,,,,,,"6","2",,"8","2","236","57","798","172","6","1","2","1","F11111","11AAA11A1AAAAA",,,"6",,,,,"4"
"2100530","2017-09-30T13:00:00","23.32","-136.55",,,"1","4","2","5",,,"11",,,,,,,,,"10171",,,"8",,,,,"9","237",,,,,,,,,,,,,"236","36","798","172","7","1","2","1","1FFF1F","1AAAA1AAA1AAAA","4",,,,,,,
"4600059","2017-09-30T13:00:00","25.40","-137.60",,,"1","4",,"0",,,"11","0","90","1","70",,,,,"10180","6","3",,"233",,,"174",,,,,,,,,,,,,,,"236","57","793","103","6","1","2","1","F11111","11AAA11A1AAAA1",,,"6",,,,,"4"
"4600770","2017-09-30T13:00:00","22.90","-138.21",,,"1","4","2","5",,,"11",,,,,,,,,"10161",,,"8",,,,,"9","246",,,,,,,,,,,,,"236","28","798","172","7","1","2","1","1FFF1F","1AAAA1AAA1AAAA","4",,,,,,,
"4600059","2017-09-30T13:10:00","25.40","-137.60",,,"1","4","2","5",,,"11",,"90","1","70",,,,,"10179",,,"8","233",,,"170",,,,,,,,,,,,,,,"236","57","798","172","6","1","2","1","F11111","11AAA11A1AAAAA",,,,,,,,
"4600059","2017-09-30T13:20:00","25.40","-137.60",,,"1","4","2","5",,,"11",,"90","1","70",,,,,"10181",,,"8","233",,,"173",,,,,,,,,,,,,,,"236","57","798","172","6","1","2","1","F11111","11AAA11A1AAAAA",,,,,,,,
"4600059","2017-09-30T13:30:00","25.40","-137.60",,,"1","4","2","5",,,"11",,"100","1","70",,,,,"10182",,,"8","233",,,"171",,,,,,,,,,,,,,,"236","57","798","172","6","1","2","1","F11111","11AAA11A1AAAAA",,,,,,,,
"4600059","2017-09-30T13:40:00","25.40","-137.60",,,"1","4","2","5",,,"11",,"90","1","70",,,,,"10182",,,"8","233",,,"175",,,,,,,,,,,,,,,"236","57","798","172","6","1","2","1","F11111","11AAA11A1AAAAA",,,,,,,,
"4600059","2017-09-30T13:50:00","25.40","-137.60",,,"1","4",,"0",,,"11","0","90","1","80",,,,,"10183",,,,"232",,,"172",,,,,,,,,,"6","2",,"10","2","236","57","793","103","6","1","2","1","F11111","11AAA11A1AA17A",,,"6",,,,,"4"
"2100530","2017-09-30T14:00:00","23.31","-136.56",,,"1","4","2","5",,,"11",,,,,,,,,"10173",,,"8",,,,,"9","237",,,,,,,,,,,,,"236","36","798","172","7","1","2","1","1FFF1F","1AAAA1AAA1AAAA","4",,,,,,,
"4600059","2017-09-30T14:00:00","25.40","-137.60",,,"1","4","2","5",,,"11",,"100","1","80",,,,,"10183","3","5","8","232",,,"172",,,,,,,,,,,,,,,"236","57","798","172","6","1","2","1","F11111","11AAA11A1AAAA1",,,,,,,,
"4600770","2017-09-30T14:00:00","22.90","-138.22",,,"1","4","2","5",,,"11",,,,,,,,,"10164",,,"8",,,,,"9","246",,,,,,,,,,,,,"236","28","798","172","7","1","2","1","1FFF1F","1AAAA1AAA1AAAA","4",,,,,,,
"PFRO","2017-09-30T14:00:00","26.70","-136.10",,,"1","6","2","5","6","4","1",,"70","4","87","1","98","2","2","10195","4","0","8","210",,"180","160","1","240","8",,"A","A","A","A",,"4","1","37","5","2","236","66","798","172","5","0",,"1","111111","11111111111171",,"5",,"2",,,,
"4600059","2017-09-30T14:10:00","25.40","-137.60",,,"1","4","2","5",,,"11",,"100","1","70",,,,,"10183",,,"8","232",,,"176",,,,,,,,,,,,,,,"236","57","798","172","6","1","2","1","F11111","11AAA11A1AAAAA",,,,,,,,
"4600059","2017-09-30T14:20:00","25.40","-137.60",,,"1","4","2","5",,,"11",,"90","1","70",,,,,"10184",,,"8","233",,,"179",,,,,,,,,,,,,,,"236","57","798","172","6","1","2","1","F11111","11AAA11A1AAAAA",,,,,,,,
"4600059","2017-09-30T14:30:00","25.40","-137.60",,,"1","4","2","5",,,"11",,"90","1","80",,,,,"10184",,,"8","233",,,"174",,,,,,,,,,,,,,,"236","57","798","172","6","1","2","1","F11111","11AAA11A1AAAAA",,,,,,,,
"4600059","2017-09-30T14:40:00","25.40","-137.60",,,"1","4",,"0",,,"11","0","90","1","70",,,,,"10184",,,,"233",,,"171",,,,,,,,,,,,,,,"236","57","793","103","6","0",,"1","F11111","11AAA11A1AAAAA",,,"6",,,,,"4"
"4600059","2017-09-30T14:50:00","25.40","-137.60",,,"1","4",,"0",,,"11","0","90","1","70",,,,,"10184",,,,"233",,,"170",,,,,,,,,,"6","2",,"10","2","236","57","793","103","6","0",,"1","F11111","11AAA11A1AA17A",,,"6",,,,,"4"
"2100530","2017-09-30T15:00:00","23.30","-136.57",,,"1","4","2","5",,,"11",,,,,,,,,"10175",,,"8",,,,,"9","236",,,,,,,,,,,,,"236","36","798","172","7","1","2","1","1FFF1F","1AAAA1AAA1AAAA","4",,,,,,,
"4600059","2017-09-30T15:00:00","25.40","-137.60",,,"1","4",,"0",,,"11","0","90","1","70",,,,,"10185","2","6",,"234",,,"166",,,,,,,,,,,,,,,"236","57","793","103","6","0",,"1","F11111","11AAA11A1AAAA1",,,"6",,,,,"4"
"4600770","2017-09-30T15:00:00","22.90","-138.23",,,"1","4","2","5",,,"11",,,,,,,,,"10166",,,"8",,,,,"9","245",,,,,,,,,,,,,"236","28","798","172","7","1","2","1","1FFF1F","1AAAA1AAA1AAAA","4",,,,,,,
"PFRO","2017-09-30T15:00:00","26.60","-136.50",,,"1","6","2","5","6","4","1",,"70","4","77","1","98","2","2","10200","3","6","8","210",,"175","151","1","240","8","7","5","5","6","A",,"4","1","37","6","2","236","66","798","172","5","0",,"1","111111","11111111111171",,"5",,"2",,,,
"4600059","2017-09-30T15:10:00","25.40","-137.60",,,"1","4",,"0",,,"11","0","90","1","80",,,,,"10186",,,,"235",,,"166",,,,,,,,,,,,,,,"236","57","793","103","6","0",,"2","F11111","11AAA11A1AAAAA",,,"6",,,,,"4"
"4600059","2017-09-30T15:20:00","25.40","-137.60",,,"1","4",,"0",,,"11","0","90","1","80",,,,,"10187",,,,"235",,,"168",,,,,,,,,,,,,,,"236","57","793","103","6","0",,"2","F11111","11AAA11A1AAAAA",,,"6",,,,,"4"
"4600059","2017-09-30T15:30:00","25.40","-137.60",,,"1","4",,"0",,,"11","0","90","1","80",,,,,"10187",,,,"235",,,"167",,,,,,,,,,,,,,,"236","57","793","103","6","0",,"2","F11111","11AAA11A1AAAAA",,,"6",,,,,"4"
"4600059","2017-09-30T15:40:00","25.40","-137.60",,,"1","4","2","5",,,"11",,"90","1","80",,,,,"10188",,,"8","234",,,"176",,,,,,,,,,,,,,,"236","57","798","172","6","1","2","2","F11111","11AAA11A1AAAAA",,,,,,,,
"4600059","2017-09-30T15:50:00","25.40","-137.60",,,"1","4",,"0",,,"11","0","90","1","80",,,,,"10188",,,,"233",,,"176",,,,,,,,,,"6","2",,"9","1","236","57","793","103","6","1","2","2","F11111","11AAA11A1AA17A",,,"6",,,,,"4"
"2100530","2017-09-30T16:00:00","23.29","-136.58",,,"1","4","2","5",,,"11",,,,,,,,,"10179",,,"8",,,,,"9","236",,,,,,,,,,,,,"236","36","798","172","7","1","2","2","1FFF1F","1AAAA1AAA1AAAA","4",,,,,,,
"4600059","2017-09-30T16:00:00","25.40","-137.60",,,"1","4","2","5",,,"11",,"90","1","70",,,,,"10188","2","9","8","234",,,"163",,,,,,,,,,,,,,,"236","57","798","172","6","1","2","2","F11111","11AAA11A1AAAA1",,,,,,,,
"4600770","2017-09-30T16:00:00","22.89","-138.24",,,"1","4","2","5",,,"11",,,,,,,,,"10172",,,"8",,,,,"9","245",,,,,,,,,,,,,"236","28","798","172","7","1","2","2","1FFF1F","1AAAA1AAA1AAAA","4",,,,,,,
"PFRO","2017-09-30T16:00:00","26.60","-136.80",,,"1","6","2","5","6","4","1",,"80","4","77","1","98","2","2","10202","3","10","8","210",,"175","151","1","240","8","7","5","5","6","A",,"3","1","37","6","2","236","66","798","172","5","0",,"2","111111","11111111111171",,"5",,"2",,,,
"4600059","2017-09-30T16:10:00","25.40","-137.60",,,"1","4","2","5",,,"11",,"80","1","70",,,,,"10190",,,"8","235",,,"166",,,,,,,,,,,,,,,"236","57","798","172","6","1","2","2","F11111","11AAA11A1AAAAA",,,,,,,,
"4600059","2017-09-30T16:20:00","25.40","-137.60",,,"1","4","2","5",,,"11",,"70","1","70",,,,,"10190",,,"8","234",,,"179",,,,,,,,,,,,,,,"236","57","798","172","6","1","2","2","F11111","11AAA11A1AAAAA",,,,,,,,
"4600059","2017-09-30T16:30:00","25.40","-137.60",,,"1","4","2","5",,,"11",,"70","1","80",,,,,"10192",,,"8","233",,,"183",,,,,,,,,,,,,,,"236","57","798","172","6","1","2","2","F11111","11AAA11A1AAAAA",,,,,,,,
"4600059","2017-09-30T16:40:00","25.40","-137.60",,,"1","4","2","5",,,"11",,"70","1","80",,,,,"10192",,,"8","233",,,"179",,,,,,,,,,,,,,,"236","57","798","172","6","1","2","2","F11111","11AAA11A1AAAAA",,,,,,,,
"4600059","2017-09-30T16:50:00","25.40","-137.60",,,"1","4",,"0",,,"11","0","80","1","80",,,,,"10194",,,,"233",,,"183",,,,,,,,,,"7","2",,"9","2","236","57","793","103","6","1","2","2","F11111","11AAA11A1AA17A",,,"6",,,,,"4"
"2100530","2017-09-30T17:00:00","23.29","-136.61",,,"1","4","2","5",,,"11",,,,,,,,,"10185",,,"8",,,,,"9","236",,,,,,,,,,,,,"236","36","798","172","7","1","2","2","1FFF1F","1AAAA1AAA1AAAA","4",,,,,,,
"4600059","2017-09-30T17:00:00","25.40","-137.60",,,"1","4","2","5",,,"11",,"80","1","80",,,,,"10196","3","12","8","233",,,"184",,,,,,,,,,,,,,,"236","57","798","172","6","1","2","2","F11111","11AAA11A1AAAA1",,,,,,,,
"4600770","2017-09-30T17:00:00","22.90","-138.26",,,"1","4","2","5",,,"11",,,,,,,,,"10178",,,"8",,,,,"9","245",,,,,,,,,,,,,"236","28","798","172","7","1","2","2","1FFF1F","1AAAA1AAA1AAAA","4",,,,,,,
"4600059","2017-09-30T17:10:00","25.40","-137.60",,,"1","4","2","5",,,"11",,"80","1","80",,,,,"10195",,,"8","233",,,"183",,,,,,,,,,,,,,,"236","57","798","172","6","1","2","2","F11111","11AAA11A1AAAAA",,,,,,,,
"4600059","2017-09-30T17:20:00","25.40","-137.60",,,"1","4","2","5",,,"11",,"80","1","90",,,,,"10196",,,"8","232",,,"185",,,,,,,,,,,,,,,"236","57","798","172","6","1","2","2","F11111","11AAA11A1AAAAA",,,,,,,,
"4600059","2017-09-30T17:30:00","25.40","-137.60",,,"1","4","2","5",,,"11",,"80","1","90",,,,,"10196",,,"8","233",,,"188",,,,,,,,,,,,,,,"236","57","798","172","6","1","2","2","F11111","11AAA11A1AAAAA",,,,,,,,
"4600059","2017-09-30T17:40:00","25.40","-137.60",,,"1","4","2","5",,,"11",,"80","1","90",,,,,"10197",,,"8","232",,,"185",,,,,,,,,,,,,,,"236","57","798","172","6","1","2","2","F11111","11AAA11A1AAAAA",,,,,,,,
"4600059","2017-09-30T17:50:00","25.40","-137.60",,,"1","4",,"0",,,"11","0","80","1","80",,,,,"10198",,,,"232",,,"184",,,,,,,,,,"6","3",,"9","2","236","57","793","103","6","1","2","2","F11111","11AAA11A1AA17A",,,"6",,,,,"4"
"2100530","2017-09-30T18:00:00","23.28","-136.62",,,"1","4","2","5",,,"11",,,,,,,,,"10189",,,"8",,,,,"9","237",,,,,,,,,,,,,"236","36","798","172","7","1","2","2","1FFF1F","1AAAA1AAA1AAAA","4",,,,,,,
"4600059","2017-09-30T18:00:00","25.40","-137.60",,,"1","4","2","5",,,"11",,"70","1","80",,,,,"10197","1","12","8","232",,,"184",,,,,,,,,,,,,,,"236","57","798","172","6","1","2","2","F11111","11AAA11A1AAAA1",,,,,,,,
"4600770","2017-09-30T18:00:00","22.90","-138.26",,,"1","4","2","5",,,"11",,,,,,,,,"10182",,,"8",,,,,"9","245",,,,,,,,,,,,,"236","28","798","172","7","1","2","2","1FFF1F","1AAAA1AAA1AAAA","4",,,,,,,
"4600059","2017-09-30T18:10:00","25.40","-137.60",,,"1","4","2","5",,,"11",,"70","1","80",,,,,"10198",,,"8","234",,,"185",,,,,,,,,,,,,,,"236","57","798","172","6","1","2","2","F11111","11AAA11A1AAAAA",,,,,,,,
"4600059","2017-09-30T18:20:00","25.40","-137.60",,,"1","4","2","5",,,"11",,"70","1","80",,,,,"10199",,,"8","234",,,"184",,,,,,,,,,,,,,,"236","57","798","172","6","1","2","2","F11111","11AAA11A1AAAAA",,,,,,,,
"4600059","2017-09-30T18:30:00","25.40","-137.60",,,"1","4","2","5",,,"11",,"70","1","80",,,,,"10199",,,"8","234",,,"184",,,,,,,,,,,,,,,"236","57","798","172","6","1","2","2","F11111","11AAA11A1AAAAA",,,,,,,,
"4600059","2017-09-30T18:40:00","25.40","-137.60",,,"1","4","2","5",,,"11",,"70","1","80",,,,,"10200",,,"8","233",,,"183",,,,,,,,,,,,,,,"236","57","798","172","6","1","2","2","F11111","11AAA11A1AAAAA",,,,,,,,
"4600059","2017-09-30T18:50:00","25.40","-137.60",,,"1","4",,"0",,,"11","0","70","1","80",,,,,"10201",,,,"233",,,"183",,,,,,,,,,"6","3",,"11","1","236","57","793","103","6","1","2","2","F11111","11AAA11A1AA17A",,,"6",,,,,"4"
"2100530","2017-09-30T19:00:00","23.27","-136.64",,,"1","4","2","5",,,"11",,,,,,,,,"10191",,,"8",,,,,"9","237",,,,,,,,,,,,,"236","36","798","172","7","1","2","2","1FFF1F","1AAAA1AAA1AAAA","4",,,,,,,
"4600059","2017-09-30T19:00:00","25.40","-137.60",,,"1","4","2","5",,,"11",,"70","1","80",,,,,"10201","1","13","8","233",,,"185",,,,,,,,,,,,,,,"236","57","798","172","6","1","2","2","F11111","11AAA11A1AAAA1",,,,,,,,
"4600770","2017-09-30T19:00:00","22.89","-138.26",,,"1","4","2","5",,,"11",,,,,,,,,"10184",,,"8",,,,,"9","245",,,,,,,,,,,,,"236","28","798","172","7","1","2","2","1FFF1F","1AAAA1AAA1AAAA","4",,,,,,,
"4600059","2017-09-30T19:10:00","25.40","-137.60",,,"1","4","2","5",,,"11",,"70","1","80",,,,,"10202",,,"8","233",,,"185",,,,,,,,,,,,,,,"236","57","798","172","6","1","2","2","F11111","11AAA11A1AAAAA",,,,,,,,
"4600059","2017-09-30T19:20:00","25.40","-137.60",,,"1","4","2","5",,,"11",,"70","1","80",,,,,"10202",,,"8","233",,,"180",,,,,,,,,,,,,,,"236","57","798","172","6","1","2","2","F11111","11AAA11A1AAAAA",,,,,,,,
"4600059","2017-09-30T19:30:00","25.30","-137.80",,,"1","4","2","5",,,"11",,"70","1","80",,,,,"10202",,,"8","234",,,"177",,,,,,,,,,,,,,,"236","57","798","172","6","1","2","2","F11111","11AAA11A1AAAAA",,,,,,,,
"4600059","2017-09-30T19:40:00","25.30","-137.80",,,"1","4","2","5",,,"11",,"80","1","80",,,,,"10202",,,"8","234",,,"179",,,,,,,,,,,,,,,"236","57","798","172","6","1","2","2","F11111","11AAA11A1AAAAA",,,,,,,,
"4600059","2017-09-30T19:50:00","25.30","-137.80",,,"1","4",,"0",,,"11","0","80","1","70",,,,,"10201",,,,"235",,,"178",,,,,,,,,,"6","3",,"9","1","236","57","793","103","6","1","2","2","F11111","11AAA11A1AA17A",,,"6",,,,,"4"
"2100530","2017-09-30T20:00:00","23.28","-136.65",,,"1","4","2","5",,,"11",,,,,,,,,"10192",,,"8",,,,,"9","237",,,,,,,,,,,,,"236","36","798","172","7","1","2","2","1FFF1F","1AAAA1AAA1AAAA","4",,,,,,,
"4600059","2017-09-30T20:00:00","25.30","-137.80",,,"1","4","2","5",,,"11",,"80","1","70",,,,,"10200","2","4","8","235",,,"176",,,,,,,,,,,,,,,"236","57","798","172","6","1","2","2","F11111","11AAA11A1AAAA1",,,,,,,,
"4600770","2017-09-30T20:00:00","22.90","-138.27",,,"1","4","2","5",,,"11",,,,,,,,,"10184",,,"8",,,,,"9","245",,,,,,,,,,,,,"236","28","798","172","7","1","2","2","1FFF1F","1AAAA1AAA1AAAA","4",,,,,,,
"PFRO","2017-09-30T20:00:00","26.20","-138.20",,,"1","6","2","5","6","4","1",,"90","4","98","1","98","1","0","10210","3","10","8","280",,"275","273","1","270","4","4","1","1","6","0",,"3","2","37","4","3","236","68","798","172","5","0",,"2","351113","11111116611171",,"5",,"0",,,,
"4600059","2017-09-30T20:10:00","25.30","-137.80",,,"1","4","2","5",,,"11",,"80","1","70",,,,,"10199",,,"8","235",,,"179",,,,,,,,,,,,,,,"236","57","798","172","6","1","2","2","F11111","11AAA11A1AAAAA",,,,,,,,
"4600059","2017-09-30T20:20:00","25.30","-137.80",,,"1","4","2","5",,,"11",,"80","1","70",,,,,"10199",,,"8","236",,,"177",,,,,,,,,,,,,,,"236","57","798","172","6","1","2","2","F11111","11AAA11A1AAAAA",,,,,,,,
"4600059","2017-09-30T20:30:00","25.30","-137.80",,,"1","4","2","5",,,"11",,"90","1","80",,,,,"10198",,,"8","236",,,"177",,,,,,,,,,,,,,,"236","57","798","172","6","1","2","2","F11111","11AAA11A1AAAAA",,,,,,,,
"4600059","2017-09-30T20:40:00","25.30","-137.80",,,"1","4",,"0",,,"11","0","80","1","80",,,,,"10197",,,,"235",,,"175",,,,,,,,,,,,,,,"236","57","793","103","6","0",,"2","F11111","11AAA11A1AAAAA",,,"6",,,,,"4"
"4600059","2017-09-30T20:50:00","25.30","-137.80",,,"1","4",,"0",,,"11","0","80","1","70",,,,,"10196",,,,"235",,,"173",,,,,,,,,,"6","3",,"10","1","236","57","793","103","6","0",,"2","F11111","11AAA11A1AA17A",,,"6",,,,,"4"
"2100530","2017-09-30T21:00:00","23.28","-136.65",,,"1","4","2","5",,,"11",,,,,,,,,"10185",,,"8",,,,,"9","237",,,,,,,,,,,,,"236","36","798","172","7","1","2","2","1FFF1F","1AAAA1AAA1AAAA","4",,,,,,,
"4600059","2017-09-30T21:00:00","25.30","-137.80",,,"1","4",,"0",,,"11","0","80","1","80",,,,,"10195","0","0",,"236",,,"174",,,,,,,,,,,,,,,"236","57","793","103","6","0",,"2","F11111","11AAA11A1AAAA1",,,"6",,,,,"4"
"4600770","2017-09-30T21:00:00","22.90","-138.27",,,"1","4","2","5",,,"11",,,,,,,,,"10176",,,"8",,,,,"9","245",,,,,,,,,,,,,"236","28","798","172","7","1","2","2","1FFF1F","1AAAA1AAA1AAAA","4",,,,,,,
"PFRO","2017-09-30T21:00:00","26.10","-138.50",,,"1","6","2","5","6","4","1",,"80","4","82","1","98","1","0","10210","3","10","8","280",,"275","273","1","270","4","4","1","1","6","0",,"3","2","37","4","2","236","68","798","172","5","0",,"2","351113","11111116611171",,"5",,"0",,,,
"4600059","2017-09-30T21:10:00","25.30","-137.80",,,"1","4",,"0",,,"11","0","80","1","80",,,,,"10193",,,,"235",,,"178",,,,,,,,,,,,,,,"236","57","793","103","6","0",,"2","F11111","11AAA11A1AAAAA",,,"6",,,,,"4"
"4600059","2017-09-30T21:20:00","25.30","-137.80",,,"1","4",,"0",,,"11","0","80","1","80",,,,,"10192",,,,"235",,,"179",,,,,,,,,,,,,,,"236","57","793","103","6","0",,"2","F11111","11AAA11A1AAAAA",,,"6",,,,,"4"
"4600059","2017-09-30T21:30:00","25.30","-137.80",,,"1","4",,"0",,,"11","0","80","1","80",,,,,"10192",,,,"234",,,"177",,,,,,,,,,,,,,,"236","57","793","103","6","0",,"2","F11111","11AAA11A1AAAAA",,,"6",,,,,"4"
"4600059","2017-09-30T21:40:00","25.30","-137.80",,,"1","4","2","5",,,"11",,"80","1","80",,,,,"10190",,,"8","234",,,"179",,,,,,,,,,,,,,,"236","57","798","172","6","1","2","2","F11111","11AAA11A1AAAAA",,,,,,,,
"4600059","2017-09-30T21:50:00","25.30","-137.80",,,"1","4",,"0",,,"11","0","80","1","80",,,,,"10189",,,,"234",,,"180",,,,,,,,,,"6","3",,"8","1","236","57","793","103","6","1","2","2","F11111","11AAA11A1AA17A",,,"6",,,,,"4"
"2100530","2017-09-30T22:00:00","23.25","-136.69",,,"1","4","2","5",,,"11",,,,,,,,,"10176",,,"8",,,,,"9","237",,,,,,,,,,,,,"236","36","798","172","7","1","2","2","1FFF1F","1AAAA1AAA1AAAA","4",,,,,,,
"4600059","2017-09-30T22:00:00","25.30","-137.80",,,"1","4",,"0",,,"11","0","90","1","80",,,,,"10187","8","14",,"234",,,"179",,,,,,,,,,,,,,,"236","57","793","103","6","1","2","2","F11111","11AAA11A1AAAA1",,,"6",,,,,"4"
"4600770","2017-09-30T22:00:00","22.90","-138.32",,,"1","4","2","5",,,"11",,,,,,,,,"10169",,,"8",,,,,"9","246",,,,,,,,,,,,,"236","28","798","172","7","1","2","2","1FFF1F","1AAAA1AAA1AAAA","4",,,,,,,
"4600059","2017-09-30T22:10:00","25.30","-137.80",,,"1","4","2","5",,,"11",,"80","1","80",,,,,"10187",,,"8","234",,,"180",,,,,,,,,,,,,,,"236","57","798","172","6","1","2","2","F11111","11AAA11A1AAAAA",,,,,,,,
"4600059","2017-09-30T22:20:00","25.30","-137.80",,,"1","4","2","5",,,"11",,"80","1","80",,,,,"10185",,,"8","234",,,"180",,,,,,,,,,,,,,,"236","57","798","172","6","1","2","2","F11111","11AAA11A1AAAAA",,,,,,,,
"4600059","2017-09-30T22:30:00","25.30","-137.80",,,"1","4","2","5",,,"11",,"80","1","80",,,,,"10184",,,"8","233",,,"177",,,,,,,,,,,,,,,"236","57","798","172","6","1","2","2","F11111","11AAA11A1AAAAA",,,,,,,,
"4600059","2017-09-30T22:40:00","25.30","-137.80",,,"1","4","2","5",,,"11",,"80","1","80",,,,,"10183",,,"8","234",,,"181",,,,,,,,,,,,,,,"236","57","798","172","6","1","2","2","F11111","11AAA11A1AAAAA",,,,,,,,
"4600059","2017-09-30T22:50:00","25.30","-137.80",,,"1","4",,"0",,,"11","0","70","1","80",,,,,"10181",,,,"234",,,"181",,,,,,,,,,"6","3",,"10","1","236","57","793","103","6","1","2","2","F11111","11AAA11A1AA17A",,,"6",,,,,"4"
"2100530","2017-09-30T23:00:00","23.25","-136.69",,,"1","4","2","5",,,"11",,,,,,,,,"10169",,,"8",,,,,"9","238",,,,,,,,,,,,,"236","36","798","172","7","1","2","2","1FFF1F","1AAAA1AAA1AAAA","4",,,,,,,
"4600059","2017-09-30T23:00:00","25.30","-137.80",,,"1","4",,"0",,,"11","0","80","1","80",,,,,"10181","8","18",,"233",,,"179",,,,,,,,,,,,,,,"236","57","793","103","6","1","2","2","F11111","11AAA11A1AAAA1",,,"6",,,,,"4"
"4600770","2017-09-30T23:00:00","22.90","-138.27",,,"1","4","2","5",,,"11",,,,,,,,,"10161",,,"8",,,,,"9","246",,,,,,,,,,,,,"236","28","798","172","7","1","2","2","1FFF1F","1AAAA1AAA1AAAA","4",,,,,,,
"PFRO","2017-09-30T23:00:00","26.00","-139.10",,,"1","6","2","5","6","4","1",,"90","4","98","1","98","1","0","10190","3","10","8","245",,"205","182","1","270","4","4","1","5","6","0",,"4","2","37","3","1","236","69","798","172","5","0",,"2","311111","11111111111171",,"5",,"0",,,,
"4600059","2017-09-30T23:10:00","25.30","-137.80",,,"1","4","2","5",,,"11",,"70","1","80",,,,,"10181",,,"8","233",,,"174",,,,,,,,,,,,,,,"236","57","798","172","6","1","2","2","F11111","11AAA11A1AAAAA",,,,,,,,
"4600059","2017-09-30T23:20:00","25.30","-137.80",,,"1","4","2","5",,,"11",,"80","1","80",,,,,"10180",,,"8","234",,,"176",,,,,,,,,,,,,,,"236","57","798","172","6","1","2","2","F11111","11AAA11A1AAAAA",,,,,,,,
"4600059","2017-09-30T23:30:00","25.30","-137.80",,,"1","4","2","5",,,"11",,"80","1","80",,,,,"10179",,,"8","234",,,"178",,,,,,,,,,,,,,,"236","57","798","172","6","1","2","2","F11111","11AAA11A1AAAAA",,,,,,,,
"4600059","2017-09-30T23:40:00","25.30","-137.80",,,"1","4","2","5",,,"11",,"80","1","80",,,,,"10180",,,"8","233",,,"179",,,,,,,,,,,,,,,"236","57","798","172","6","1","2","2","F11111","11AAA11A1AAAAA",,,,,,,,
"4600059","2017-09-30T23:50:00","25.30","-137.80",,,"1","4",,"0",,,"11","0","80","1","80",,,,,"10180",,,,"234",,,"181",,,,,,,,,,"6","3",,"9","2","236","57","793","103","6","1","2","2","F11111","11AAA11A1AA17A",,,"6",,,,,"4"
