"STATION","DATE","LATITUDE","LONGITUDE","ELEVATION","NAME","IMMA_VER","ATTM_CT","TIME_IND","LL_IND","SHIP_COURSE","SHIP_SPD","ID_IND","WIND_DIR_IND","WIND_DIR","WIND_SPD_IND","WIND_SPEED","VV_IND","VISIBILITY","PRES_WX","PAST_WX","SEA_LVL_PRES","CHAR_PPP","AMT_PRES_TEND","IND_FOR_TEMP","AIR_TEMP","IND_FOR_WBT","WET_BULB_TEMP","DEW_PT_TEMP","SST_MM","SEA_SURF_TEMP","TOT_CLD_AMT","LOW_CLD_AMT","LOW_CLD_TYPE","CLD_HGT","MID_CLD_TYPE","HI_CLD_TYPE","WAVE_DIR","WAVE_PERIOD","WAVE_HGT","SWELL_DIR","SWELL_PERIOD","SWELL_HGT","TEN_BOX_NUM","ONE_BOX_NUM","DECK","SOURCE_ID","PLATFORM_ID","DUP_STATUS","DUP_CHK","NIGHT_DAY_FLAG","TRIM_FLAG","NCDC_QC_FLAGS","OB_SOURCE","STA_WX_IND","PAST_WX2","DIR_OF_SWELL2","PER_OF_SWELL2","HGT_OF_SWELL2","CONCEN_OF_SEA_ICE","STAGE_OF_DEVELP","ICE_OF_LAND_ORIGIN","TRUE_BEARING_ICE_EDGE","ICE_SIT_TREND","IND_FOR_PRECIP"
"9V6416","2023-09-01T00:00:00","22.70","69.90",,,"1","6","2","5","9","0","1",,"250","3","41","1","97","0","1","10100",,,"8","280",,"260","252","7","280","8","8","8","5","7","A",,"3","1",,,,"220","29","798","172","5","1","2","1","111111","111111111111AA","5",,"1",,,,,,,,,
"V7OE5","2023-09-01T00:00:00","21.20","62.10",,,"1","5","2","5","7","4","1",,"230","4","93","1","98","3","2","10067",,,"8","270",,"265","263",,,,,"1",,"4","A",,"8","3","20","8","4","220","12","798","172","5","1","2","1","F11111","111111111A811A","5",,"2",,,,,,,,,
"V7OE5","2023-09-01T07:00:00","22.50","60.50",,,"1","6","2","5","7","4","1",,"180","4","82","1","97","3","2","10070","8","9","8","260",,"260","260","3","262","7","6","6","2","2","7",,"8","4","18","10","3","220","20","798","172","5","1","2","2","111113","11111111111111","5",,"2",,,,,,,,,
"CQCZ","2023-09-01T11:00:00","21.50","61.80",,,"1","6","2","5","3","3","1",,"230","4","87","1","97","5","0","10060","6","7","8","290","0","260","250","1","270","3","2","0","3","6","1",,"4","3","20","10","4","220","11","798","172","5","0",,"2","111111","11111111111111","5",,"0",,,,,,,,,
"OZDA2","2023-09-01T17:00:00","21.20","66.20",,,"1","6","2","5","6","3","1",,"180","3","51","1","97","1","1","10094",,,"8","285",,"265","257","7","280","2",,"1","4","A","A",,"3","1","23","9","3","220","16","798","172","5","1","2","1","111111","1111111111111A","5",,"1",,,,,,,,,
"3E2529","2023-09-01T18:00:00","22.30","67.40",,,"1","6","2","5","6","3","1",,"210","4","41","1","98","1","1","10090","4","0","8","280","0","260","252","3","290",,,,,,,,,"2",,,,"220","27","798","172","5","0",,"1","111111","1111111111A3A1","5",,"1",,,,,,,,,
"OZDA2","2023-09-01T22:00:00","20.70","65.00",,,"1","6","2","5","5","3","1",,"200","3","62","1","97","3","2","10083",,,"8","285",,"275","271","7","280",,,"A",,"A","A",,"4","2","22","4","2","220","5","798","172","5","1","2","1","111111","1111111111811A","5",,"2",,,,,,,,,
"3E2529","2023-09-02T00:00:00","22.70","66.10",,,"1","6","2","5","6","3","1",,"240","4","51","1","98","2","2","10080",,,"8","260","0","250","246","3","280","5","5","4","5","A","0",,"10","1","24","10","2","220","26","798","172","5","0",,"1","111111","1111111111111A","5",,"2",,,,,,,,,
"TBWUK71","2023-09-02T04:00:00","22.03","60.95",,,"1","6","2","5","3","3","1","5",,,,"1","98","1","1","10082","2","18","8","269",,"261","258","1","270","5","5","7","2","2",,,,"2",,,,"220","20","798","172","5","0",,"2","11FF11","171111111113A1","5",,"1",,,,,,,,,
"TBWUK71","2023-09-02T05:00:00","21.78","61.17",,,"1","6","2","5","3","3","1","5",,,,"1","97","2","1","10090","1","17","8","275",,"254","245","1","270","7","7","8","3",,,,,"2",,"6","4","220","11","798","172","5","0",,"2","11FF11","17111111111371","5",,"1",,,,,,,,,
"3E2529","2023-09-02T06:00:00","23.00","64.80",,,"1","6","2","5","6","3","1",,"250","4","31","1","98","2","0","10090","4","0","8","280","0","260","252","3","290",,,,,,,,,"2",,,,"220","34","798","172","5","0",,"2","111111","1111111111A3A1","5",,"0",,,,,,,,,
"7KDL","2023-09-02T06:00:00","24.10","61.00",,,"1","6","2","5","2","3","1",,"150","3","57","1","97","3","2","10085","2","10","8","280","0","260","252","1","280","2","1","7","2","7","8",,"6","2","17","3","1","220","41","798","172","5","0",,"2","111111","11111111111111","5",,"2",,,,,,,,,
"OZDA2","2023-09-02T06:00:00","20.10","63.30",,,"1","6","2","5","6","3","1",,"210","3","57","1","97","1","1","10103",,,"8","295",,"280","275","7","280","3",,"1","3","A","A",,"3","1","22","9","3","220","3","798","172","5","1","2","2","111111","1111111111111A","5",,"1",,,,,,,,,
"TBWUK71","2023-09-02T06:00:00","21.60","61.30",,,"1","4","0","0","3","3","1","0",,,,,"97","2","2","10086","0","7","0","276","0","272","270","1","255","6","6","8","4","A","A",,"3","2",,"6","4","220","11","992","114","5","1","2","2","11FF11","17111111111171",,,"2",,,,,,,,,"4"
"TBWUK71","2023-09-02T09:00:00","20.97","61.90",,,"1","6","2","5","3","3","1","5",,,,"1","97","2","1","10073","7","11","8","281",,"261","253","1","265",,,,,,,,,"4",,,,"220","1","798","172","5","0",,"2","11FF11","1711111111A3A1","5",,"1",,,,,,,,,
"3E2529","2023-09-02T12:00:00","23.40","63.40",,,"1","6","2","5","6","3","1",,"240","4","36","1","98","2","2","10060",,,"8","310","0","290","283","3","290","6","6","4","6","6","0",,"10","1","36",,,"220","33","798","172","5","0",,"2","111111","1111111111117A","5",,"2","36",,,,,,,,
"7KDL","2023-09-02T12:00:00","23.70","62.50",,,"1","6","2","5","2","3","1",,"180","3","41","1","98","2","0","10064","6","9","8","280","0","260","252","1","270","3","2","1","4","2","2",,"3","4","19","2","5","220","32","798","172","5","0",,"2","111111","11111111111111","5",,"0",,,,,,,,,
"7XCL4WP","2023-09-02T15:00:00","21.84","60.02",,,"1","5","2","5","1","5","1",,,,,,,,,"10056","2","9","8","263",,,"245",,,,,,,,,,,,,,,"220","10","798","172","5","0",,"1","F1FF11","1AAAA11A1AAAA1","5",,,,,,,,,,,
"7XCL4WP","2023-09-02T16:00:00","22.18","60.09",,,"1","5","2","5","8","5","1",,,,,,,,,"10062","2","12","8","261",,,"246",,,,,,,,,,,,,,,"220","20","798","172","5","0",,"1","F1FF11","1AAAA11A1AAAA1","5",,,,,,,,,,,
"7XCL4WP","2023-09-02T17:00:00","22.52","60.09",,,"1","5","2","5","8","4","1",,,,,,,,,"10065","2","14","8","261",,,"245",,,,,,,,,,,,,,,"220","20","798","172","5","0",,"1","F1FF11","1AAAA11A1AAAA1","5",,,,,,,,,,,
"7KDL","2023-09-02T18:00:00","23.20","64.10",,,"1","6","2","5","2","3","1",,"200","3","46","1","98","1","1","10078","0",,"8","270","0","250","241","1","280","3","3","4","5","4","5",,"3","1",,,,"220","34","798","172","5","0",,"1","111111","111111111111A7","5",,"1",,,,,,,,,
"7KDL","2023-09-03T00:00:00","22.40","65.40",,,"1","6","2","5","3","3","1",,"210","3","46","1","98",,"1","10062","5","6","8","260","0","250","246","1","280",,,,,,,,,,,,,"220","25","798","172","5","0",,"1","111111","111A111111AAA1","5",,"1",,,,,,,,,
"7KDL","2023-09-03T02:00:00","21.20","66.50",,,"1","6","2","5","3","3","1",,"200","3","51","1","98","2","0","10088","0","10","8","290","0","280","276","1","280","1","1","1","6","4","5",,"3","1","22","3","2","220","16","798","172","5","0",,"2","111111","11111111111111","5",,"0",,,,,,,,,
"3E2529","2023-09-03T06:00:00","24.00","61.80",,,"1","6","2","5","0","0","1",,"230","4","46","1","98","3","2","10080","2","10","8","290","0","260","248","3","280",,,,,,,,,"2","36",,,"220","41","798","172","5","0",,"2","111111","1111111111A371","5",,"1","36",,,,,,,,
"7KDL","2023-09-03T08:00:00","20.00","67.60",,,"1","6","2","5","3","3","1",,"240","3","62","1","98","2","0","10065","5","10","8","290","0","270","262","1","290","2","2","1","6","4","5",,"3","1","20","3","2","220","7","798","172","5","0",,"2","111111","11111111111111","5",,"0",,,,,,,,,
"7KDL","2023-09-03T09:00:00","20.60","67.00",,,"1","6","2","5","3","4","1",,"230","3","57","1","98","2","2","10075","7",,"8","290","0","270","262","1","290","5","5","4","6","A","A",,"5","1","18","5","2","220","7","798","172","5","0",,"2","111111","11111111111117","5",,"2",,,,,,,,,
"3E2529","2023-09-03T12:00:00","23.70","61.60",,,"1","6","2","5","5","3","1",,"170","4","41","1","98","2","2","10040",,,"8","290","0","270","262","3","280","5","5","4","6","7","0",,"9","1","36",,,"220","31","798","172","5","0",,"2","111111","1111111111117A","5",,"2","36",,,,,,,,
"7KHY","2023-09-04T00:00:00","20.60","62.60",,,"1","6","2","5","7","4","1",,"220","4","62","1","98","2","1","10057","4","0","8","267","0","245","235","3","275","5","5","4","6","9","3",,,,,,,"220","2","798","172","5","0",,"1","111111","11111111111AA1","5",,"1",,,,,,,,,
"WMHA","2023-09-04T02:00:00","24.40","60.10",,,"1","5","2","5","2","3","1",,,,,,,,,"10044","3","15","8","266",,"253","248",,,,,"A",,"A","A",,,,,,,"220","40","798","172","5","1","2","2","F1FF11","1AAAA1111A8AA1","5",,,,,,,,,,,
"D5RG3","2023-09-04T03:00:00","22.20","67.80",,,"1","6","2","5","7","4","1",,"150","4","41","1","98","3","1","10075",,,"8","280","0","250","237","3","290","3",,"4","5","9","8",,"1","1","25","8","2","220","27","798","172","5","0",,"2","111111","1111111111111A","5",,"1",,,,,,,,,
"TBWUK59","2023-09-04T03:00:00","21.77","61.33",,,"1","6","2","5","7","3","1",,,,,"1","97","2",,"10063","2","12","8","271",,"246","235","1","275","2","2","1","4","0","0",,"3","1","5","10","3","220","11","798","172","5","0",,"2","11FF11","1711A111111111","5",,,,,,,,,,,
"WMHA","2023-09-04T03:00:00","24.40","60.40",,,"1","5","2","5","2","3","1",,,,,,,,,"10052","3","22","8","271",,"253","246",,,,,"A",,"A","A",,,,,,,"220","40","798","172","5","1","2","2","F1FF11","1AAAA1111A8AA1","5",,,,,,,,,,,
"TBWUK59","2023-09-04T04:00:00","22.05","61.07",,,"1","6","2","5","7","4","1","5",,,,"1","97","2","1","10073","2","9","8","271",,"251","242","1","300","4",,"6","2",,,,,"1",,,,"220","21","798","172","5","0",,"2","11FF11","171111111113A1","5",,"1",,,,,,,,,
"WMHA","2023-09-04T04:00:00","24.30","60.70",,,"1","5","2","5","2","4","1",,,,,,,,,"10056","1","20","8","277",,"253","244",,,,,"A",,"A","A",,,,,,,"220","40","798","172","5","1","2","2","F1FF11","1AAAA1111A8AA1","5",,,,,,,,,,,
"WMHA","2023-09-04T05:00:00","24.30","61.00",,,"1","5","2","5","2","4","1",,,,,,,,,"10062","1","18","8","286",,"258","248",,,,,"A",,"A","A",,,,,,,"220","41","798","172","5","1","2","2","F1FF11","1AAAA1111A8AA1","5",,,,,,,,,,,
"7KHY","2023-09-04T06:00:00","21.80","61.50",,,"1","6","2","5","7","3","1",,"230","4","51","1","98","3","2","10061","4","0","8","280","0","260","252","3","280","5","2","2","3","7","2",,"4","2","23","4","2","220","11","798","172","5","0",,"2","111111","11111111111111","5",,"2",,,,,,,,,
"9HYO7","2023-09-04T06:00:00","22.90","63.90",,,"1","6","2","5","3","4","1",,"150","4","62","1","97","0","0","10102","6","20","8","290",,,"250","1","283","2","2","0","6","6","0",,"4","2","22","6","3","220","23","798","172","5","1","2","2","111111","1111111A111111","5",,"0","26",,,,,,,,
"WMHA","2023-09-04T06:00:00","24.30","61.30",,,"1","5","2","5","2","4","1",,,,,,,,,"10063","0","11","8","292",,"261","250",,,,,"A",,"A","A",,,,,,,"220","41","798","172","5","1","2","2","F1FF11","1AAAA1111A8AA1","5",,,,,,,,,,,
"WMHA","2023-09-04T07:00:00","24.30","61.70",,,"1","5","2","5","2","4","1",,,,,,,,,"10058","0","2","8","298",,"264","252",,,,,"A",,"A","A",,,,,,,"220","41","798","172","5","1","2","2","F1FF11","1AAAA1111A8AA1","5",,,,,,,,,,,
"WMHA","2023-09-04T08:00:00","24.30","62.00",,,"1","5","2","5","2","4","1",,,,,,,,,"10055","8","7","8","301",,"264","252",,,,,"A",,"A","A",,,,,,,"220","42","798","172","5","1","2","2","F1FF11","1AAAA1111A8AA1","5",,,,,,,,,,,
"WMHA","2023-09-04T09:00:00","24.30","62.30",,,"1","5","2","5","2","4","1",,,,,,,,,"10050","8","14","8","315",,"273","259",,,,,"A",,"A","A",,,,,,,"220","42","798","172","5","1","2","2","F3FF11","1AAAA1111A8AA1","5",,,,,,,,,,,
"WMHA","2023-09-04T10:00:00","24.30","62.60",,,"1","5","2","5","2","4","1",,,,,,,,,"10043","8","15","8","321",,"277","262",,,,,"A",,"A","A",,,,,,,"220","42","798","172","5","1","2","2","F3FF11","1AAAA1111A8AA1","5",,,,,,,,,,,
"WMHA","2023-09-04T11:00:00","24.30","62.80",,,"1","5","2","5","2","4","1",,,,,,,,,"10037","6","18","8","301",,"267","256",,,,,"A",,"A","A",,,,,,,"220","42","798","172","5","1","2","2","F1FF11","1AAAA1111A8AA1","5",,,,,,,,,,,
"7KHY","2023-09-04T12:00:00","22.90","60.40",,,"1","6","2","5","7","3","1",,"190","4","103","1","97","2","1","10076","4","0","8","282","0","259","250","3","287","4","4","5","5","4","3",,"4","2","20","4","2","220","20","798","172","5","0",,"2","111311","11111111111111","5",,"1",,,,,,,,,
"V7A4868","2023-09-04T12:00:00","20.40","63.70",,,"1","5","2","5","9",,"1",,"10","4","62","1","93",,,,,,"8","280",,,,,,"2",,,"A",,,,,"1",,,,"220","3","798","172","5","1","2","2","F112FF","111AAA1AAA13AA","5",,,,,,,,,,,
"WMHA","2023-09-04T12:00:00","24.30","63.10",,,"1","5","2","5","2","3","1",,,,,,,,,"10037","6","13","8","297",,"264","253",,,,,"A",,"A","A",,,,,,,"220","43","798","172","5","1","2","2","F1FF11","1AAAA1111A8AA1","5",,,,,,,,,,,
"WMHA","2023-09-04T14:00:00","24.30","63.60",,,"1","5","2","5","2","3","1",,,,,,,,,"10038","0","1","8","269",,"249","242",,,,,"A",,"A","A",,,,,,,"220","43","798","172","5","1","2","1","F1FF11","1AAAA1111A8AA1","5",,,,,,,,,,,
"WMHA","2023-09-04T15:00:00","24.30","63.90",,,"1","5","2","5","2","3","1",,,,,,,,,"10042","3","6","8","264",,"247","240",,,,,"A",,"A","A",,,,,,,"220","43","798","172","5","1","2","1","F1FF11","1AAAA1111A8AA1","5",,,,,,,,,,,
"WMHA","2023-09-04T16:00:00","24.30","64.10",,,"1","5","2","5","9",,"1",,,,,,,,,"10050","3","11","8","262",,"245","239",,,,,"A",,"A","A",,,,,,,"220","44","798","172","5","1","2","1","F1FF11","1AAAA1111A8AA1","5",,,,,,,,,,,
"WMHA","2023-09-04T17:00:00","24.30","64.30",,,"1","5","2","5","2","3","1",,,,,,,,,"10056","3","18","8","262",,"244","237",,,,,"A",,"A","A",,,,,,,"220","44","798","172","5","1","2","1","F1FF11","1AAAA1111A8AA1","5",,,,,,,,,,,
"WMHA","2023-09-04T18:00:00","24.30","64.60",,,"1","5","2","5","2","3","1",,,,,,,,,"10056","1","14","8","260",,"243","237",,,,,"A",,"A","A",,,,,,,"220","44","798","172","5","1","2","1","F1FF11","1AAAA1111A8AA1","5",,,,,,,,,,,
"WMHA","2023-09-04T20:00:00","24.30","65.10",,,"1","4","0","0","2","3","1",,,,,,,,,"10050","8","6","0","259","0","242","236",,,,,,"A",,,,,,,,,"220","45","992","114","5","0",,"1","F1FF11","1AAAA1111A8AA1",,"1",,,,,,,,,,"4"
"WMHA","2023-09-04T21:00:00","24.30","65.30",,,"1","5","2","5","2","3","1",,,,,,,,,"10050","6","6","8","259",,"243","237",,,,,"A",,"A","A",,,,,,,"220","45","798","172","5","1","2","1","F1FF11","1AAAA1111A8AA1","5",,,,,,,,,,,
"WMHA","2023-09-04T22:00:00","24.30","65.60",,,"1","4","0","0","2","3","1",,,,,,,,,"10046","8","7","0","261","0","244","238",,,,,,"A",,,,,,,,,"220","45","992","114","5","0",,"1","F1FF11","1AAAA1111A8AA1",,"1",,,,,,,,,,"4"
"WMHA","2023-09-05T00:00:00","24.30","66.10",,,"1","5","2","5","2","3","1",,,,,,,,,"10049","5","1","8","267",,"247","240",,,,,"A",,"A","A",,,,,,,"220","46","798","172","5","1","2","1","F1FF11","1AAAA1111A8AA1","5",,,,,,,,,,,
"WMHA","2023-09-05T01:00:00","24.30","66.30",,,"1","5","2","5","2","3","1",,,,,,,,,"10050","3","4","8","266",,"248","241",,,,,"A",,"A","A",,,,,,,"220","46","798","172","5","1","2","1","F1FF11","1AAAA1111A8AA1","5",,,,,,,,,,,
"WMHA","2023-09-05T02:00:00","24.40","66.50",,,"1","5","2","5","2","3","1",,,,,,,,,"10055","3","7","8","267",,"249","242",,,,,"A",,"A","A",,,,,,,"220","46","798","172","5","1","2","2","F1FF11","1AAAA1111A8AA1","5",,,,,,,,,,,
"D5RG3","2023-09-05T03:00:00","24.70","60.10",,,"1","6","2","5","6","4","1",,"140","4","15","1","97","1","1","10058",,,"8","280","0","260","252","3","285","1",,"4","5","1","5","0","0","0","27","7","2","220","40","798","172","5","0",,"2","111111","1111111111111A","5",,"1",,,,,,,,,
"WMHA","2023-09-05T03:00:00","24.40","66.80",,,"1","5","2","5","2","3","1",,,,,,,,,"10060","3","11","8","274",,"253","245",,,,,"A",,"A","A",,,,,,,"220","46","798","172","5","1","2","2","F1FF11","1AAAA1111A8AA1","5",,,,,,,,,,,
"DGZS2","2023-09-05T06:00:00","20.90","69.40",,,"1","6","2","5","7","3","1",,"300","4","51","1","97","2","0","10080","0","2","8","295","0","260","248","1","290","3","2","1","4","0","1","0","2","0","27","6","2","220","9","798","172","5","0",,"2","111111","11111111111311","5",,"0",,,,,,,,,
"WMHA","2023-09-05T06:00:00","24.70","67.20",,,"1","5","2","5","1","3","1",,,,,,,,,"10054","8","6","8","305",,"270","258",,,,,"A",,"A","A",,,,,,,"220","47","798","172","5","1","2","2","F3FF11","1AAAA1111A8AA1","5",,,,,,,,,,,
"TBWUK32","2023-09-05T07:00:00","22.20","61.20",,,"1","4","0","0","7","3","1","0","290","4","103",,"98","2","2","10050","4","0","0","270","0","240","226","1","270",,,"7","A","A","A",,"4","3","38","4","4","220","21","992","114","5","1","2","2","113111","11111111118111",,"1","2",,,,,,,,,"4"
"WMHA","2023-09-05T07:00:00","24.70","67.30",,,"1","5","2","5","1","2","1",,,,,,,,,"10052","8","10","8","289",,"260","249",,,,,"A",,"A","A",,,,,,,"220","47","798","172","5","1","2","2","F1FF11","1AAAA1111A8AA1","5",,,,,,,,,,,
"WMHA","2023-09-05T08:00:00","24.70","67.30",,,"1","4","0","0","1","1","1",,,,,,,,,"10051","6","11","0","297","0","262","250",,,,,,"A",,,,,,,,,"220","47","992","114","5","0",,"2","F1FF11","1AAAA1111A8AA1",,"1",,,,,,,,,,"4"
"WMHA","2023-09-05T09:00:00","24.70","67.30",,,"1","5","2","5","2","1","1",,,,,,,,,"10045","8","9","8","292",,"261","250",,,,,"A",,"A","A",,,,,,,"220","47","798","172","5","1","2","2","F1FF11","1AAAA1111A8AA1","5",,,,,,,,,,,
"WMHA","2023-09-05T10:00:00","24.70","67.30",,,"1","5","2","5","9","0","1",,,,,,,,,"10042","8","11","8","294",,"262","252",,,,,"A",,"A","A",,,,,,,"220","47","798","172","5","1","2","2","F1FF11","1AAAA1111A8AA1","5",,,,,,,,,,,
"WMHA","2023-09-05T11:00:00","24.70","67.30",,,"1","5","2","5","9","0","1",,,,,,,,,"10033","8","17","8","320",,"277","263",,,,,"A",,"A","A",,,,,,,"220","47","798","172","5","1","2","2","F5FF11","1AAAA1111A8AA1","5",,,,,,,,,,,
"WMHA","2023-09-05T12:00:00","24.70","67.30",,,"1","5","2","5","9","0","1",,,,,,,,,"10033","6","12","8","312",,"272","258",,,,,"A",,"A","A",,,,,,,"220","47","798","172","5","1","2","2","F3FF11","1AAAA1111A8AA1","5",,,,,,,,,,,
"WMHA","2023-09-05T13:00:00","24.70","67.30",,,"1","5","2","5","9","0","1",,,,,,,,,"10035","5","7","8","292",,"261","250",,,,,"A",,"A","A",,,,,,,"220","47","798","172","5","1","2","2","F1FF11","1AAAA1111A8AA1","5",,,,,,,,,,,
"WMHA","2023-09-05T14:00:00","24.70","67.30",,,"1","5","2","5","9","0","1",,,,,,,,,"10041","3","8","8","275",,"251","242",,,,,"A",,"A","A",,,,,,,"220","47","798","172","5","1","2","1","F1FF11","1AAAA1111A8AA1","5",,,,,,,,,,,
"WMHA","2023-09-05T15:00:00","24.70","67.30",,,"1","5","2","5","9","0","1",,,,,,,,,"10045","3","12","8","269",,"250","243",,,,,"A",,"A","A",,,,,,,"220","47","798","172","5","1","2","1","F1FF11","1AAAA1111A8AA1","5",,,,,,,,,,,
"WMHA","2023-09-05T16:00:00","24.70","67.30",,,"1","5","2","5","9","0","1",,,,,,,,,"10053","3","18","8","265",,"249","243",,,,,"A",,"A","A",,,,,,,"220","47","798","172","5","1","2","1","F1FF11","1AAAA1111A8AA1","5",,,,,,,,,,,
"WMHA","2023-09-05T17:00:00","24.70","67.30",,,"1","5","2","5","9","0","1",,,,,,,,,"10058","3","16","8","262",,"250","245",,,,,"A",,"A","A",,,,,,,"220","47","798","172","5","1","2","1","F1FF11","1AAAA1111A8AA1","5",,,,,,,,,,,
"WMHA","2023-09-05T18:00:00","24.70","67.30",,,"1","5","2","5","9","0","1",,,,,,,,,"10056","0","11","8","259",,"248","244",,,,,"A",,"A","A",,,,,,,"220","47","798","172","5","1","2","1","F1FF11","1AAAA1111A8AA1","5",,,,,,,,,,,
"WMHA","2023-09-05T19:00:00","24.70","67.30",,,"1","5","2","5","9","0","1",,,,,,,,,"10055","0","2","8","258",,"248","245",,,,,"A",,"A","A",,,,,,,"220","47","798","172","5","1","2","1","F1FF11","1AAAA1111A8AA1","5",,,,,,,,,,,
"WMHA","2023-09-05T20:00:00","24.70","67.30",,,"1","5","2","5","9","0","1",,,,,,,,,"10054","8","4","8","259",,"250","247",,,,,"A",,"A","A",,,,,,,"220","47","798","172","5","1","2","1","F1FF11","1AAAA1111A8AA1","5",,,,,,,,,,,
"WMHA","2023-09-05T21:00:00","24.70","67.30",,,"1","5","2","5","9","0","1",,,,,,,,,"10050","8","6","8","260",,"252","249",,,,,"A",,"A","A",,,,,,,"220","47","798","172","5","1","2","1","F1FF11","1AAAA1111A8AA1","5",,,,,,,,,,,
"WMHA","2023-09-05T22:00:00","24.70","67.30",,,"1","4","0","0","0","0","1",,,,,,,,,"10049","6","7","0","261","0","249","245",,,,,,"A",,,,,,,,,"220","47","992","114","5","0",,"1","F1FF11","1AAAA1111A8AA1",,"1",,,,,,,,,,"4"
"WMHA","2023-09-05T23:00:00","24.70","67.30",,,"1","5","2","5","9","0","1",,,,,,,,,"10050","5","3","8","261",,"251","247",,,,,"A",,"A","A",,,,,,,"220","47","798","172","5","1","2","1","F1FF11","1AAAA1111A8AA1","5",,,,,,,,,,,
"WMHA","2023-09-06T00:00:00","24.70","67.30",,,"1","5","2","5","9","0","1",,,,,,,,,"10053","3","3","8","259",,"251","249",,,,,"A",,"A","A",,,,,,,"220","47","798","172","5","1","2","1","F1FF11","1AAAA1111A8AA1","5",,,,,,,,,,,
"7XCL4WP","2023-09-06T01:00:00","24.67","60.20",,,"1","5","2","5","2","4","1",,,,,,,,,"10039","2","15","8","275",,,"255",,,,,,,,,,,,,,,"220","40","798","172","5","0",,"1","F1FF11","1AAAA11A1AAAA1","5",,,,,,,,,,,
"7XCL4WP","2023-09-06T02:00:00","24.67","60.52",,,"1","5","2","5","2","4","1",,,,,,,,,"10045","2","16","8","275",,,"251",,,,,,,,,,,,,,,"220","40","798","172","5","0",,"2","F1FF11","1AAAA11A1AAAA1","5",,,,,,,,,,,
"WMHA","2023-09-06T02:00:00","24.70","67.30",,,"1","5","2","5","9","0","1",,,,,,,,,"10059","3","8","8","260",,"253","250",,,,,"A",,"A","A",,,,,,,"220","47","798","172","5","1","2","2","F1FF11","1AAAA1111A8AA1","5",,,,,,,,,,,
"7XCL4WP","2023-09-06T03:00:00","24.67","60.84",,,"1","5","2","5","2","4","1",,,,,,,,,"10054","2","19","8","275",,,"249",,,,,,,,,,,,,,,"220","40","798","172","5","0",,"2","F1FF11","1AAAA11A1AAAA1","5",,,,,,,,,,,
"WMHA","2023-09-06T03:00:00","24.70","67.30",,,"1","5","2","5","9","0","1",,,,,,,,,"10063","3","10","8","278",,"258","251",,,,,"A",,"A","A",,,,,,,"220","47","798","172","5","1","2","2","F1FF11","1AAAA1111A8AA1","5",,,,,,,,,,,
"7XCL4WP","2023-09-06T04:00:00","24.67","61.16",,,"1","5","2","5","2","4","1",,,,,,,,,"10060","2","21","8","278",,,"245",,,,,,,,,,,,,,,"220","41","798","172","5","0",,"2","F1FF11","1AAAA11A1AAAA1","5",,,,,,,,,,,
"WMHA","2023-09-06T04:00:00","24.70","67.30",,,"1","5","2","5","9","0","1",,,,,,,,,"10069","3","14","8","300",,"270","260",,,,,"A",,"A","A",,,,,,,"220","47","798","172","5","1","2","2","F1FF11","1AAAA1111A8AA1","5",,,,,,,,,,,
"7XCL4WP","2023-09-06T05:00:00","24.67","61.49",,,"1","5","2","5","2","4","1",,,,,,,,,"10066","2","21","8","283",,,"244",,,,,,,,,,,,,,,"220","41","798","172","5","0",,"2","F1FF11","1AAAA11A1AAAA1","5",,,,,,,,,,,
"WMHA","2023-09-06T05:00:00","24.70","67.30",,,"1","5","2","5","9","0","1",,,,,,,,,"10072","1","13","8","309",,"274","262",,,,,"A",,"A","A",,,,,,,"220","47","798","172","5","1","2","2","F3FF11","1AAAA1111A8AA1","5",,,,,,,,,,,
"3E2529","2023-09-06T06:00:00","24.10","61.30",,,"1","6","2","5","0","0","1",,"180","4","26","1","98","3","2","10070","2","10","8","290","0","270","262","3","290",,,,,,,,,"1","36",,,"220","41","798","172","5","0",,"2","111111","1111111111A371","5",,"2","36",,,,,,,,
"7XCL4WP","2023-09-06T06:00:00","24.67","61.82",,,"1","5","2","5","2","4","1",,,,,,,,,"10067","2","14","8","282",,,"249",,,,,,,,,,,,,,,"220","41","798","172","5","0",,"2","F1FF11","1AAAA11A1AAAA1","5",,,,,,,,,,,
"WMHA","2023-09-06T06:00:00","24.70","67.30",,,"1","5","2","5","9","0","1",,,,,,,,,"10065","0","2","8","321",,"278","264",,,,,"A",,"A","A",,,,,,,"220","47","798","172","5","1","2","2","F5FF11","1AAAA1111A8AA1","5",,,,,,,,,,,
"7XCL4WP","2023-09-06T07:00:00","24.67","62.15",,,"1","5","2","5","2","4","1",,,,,,,,,"10066","2","6","8","283",,,"249",,,,,,,,,,,,,,,"220","42","798","172","5","0",,"2","F1FF11","1AAAA11A1AAAA1","5",,,,,,,,,,,
"WMHA","2023-09-06T07:00:00","24.70","67.30",,,"1","5","2","5","9","0","1",,,,,,,,,"10066","8","3","8",,,"284","269",,,,,"A",,"A","A",,,,,,,"220","47","798","172","5","1","2","2","F7FF11","1AAAA1111A8AA1","5",,,,,,,,,,,
"7XCL4WP","2023-09-06T08:00:00","24.67","62.49",,,"1","5","2","5","2","4","1",,,,,,,,,"10059","7","7","8","283",,,"249",,,,,,,,,,,,,,,"220","42","798","172","5","0",,"2","F1FF11","1AAAA11A1AAAA1","5",,,,,,,,,,,
"V7EQ4","2023-09-06T08:00:00","20.50","63.40",,,"1","6","2","5","3","3","1",,"240","4","51","1","97","3","2","10100",,,"8","300",,"280","273","1","280","5","5","1","4","6","A",,"10","3","22","8","3","220","3","798","172","5","1","2","2","111111","1111111111111A","5",,"2",,,,,,,,,
"WMHA","2023-09-06T08:00:00","24.70","67.30",,,"1","5","2","5","9","0","1",,,,,,,,,"10059","8","13","8",,,,,,,,,"A",,"A","A",,,,,,,"220","47","798","172","5","1","2","2","F7FF11","1AAAA1999A8AA1","5",,,,,,,,,,,
"7XCL4WP","2023-09-06T09:00:00","24.67","62.82",,,"1","5","2","5","2","4","1",,,,,,,,,"10052","7","15","8","278",,,"249",,,,,,,,,,,,,,,"220","42","798","172","5","0",,"2","F1FF11","1AAAA11A1AAAA1","5",,,,,,,,,,,
"DACF","2023-09-06T09:00:00","24.00","62.70",,,"1","5","2","5","2","4","1",,"210","1","70","1","97","3","1","10070","4","0","8","290","0","280","277",,,"3","3","1","3","A","A",,"2","1","9","2","1","220","42","798","172","5","0",,"2","F11111","111111111A1111","5",,"1",,,,,,,,,
"WMHA","2023-09-06T09:00:00","24.70","67.20",,,"1","5","2","5","9","0","1",,,,,,,,,"10050","8","14","8",,,"292","277",,,,,"A",,"A","A",,,,,,,"220","47","798","172","5","1","2","2","F7FF11","1AAAA1666A8AA1","5",,,,,,,,,,,
"7XCL4WP","2023-09-06T10:00:00","24.67","63.13",,,"1","5","2","5","2","4","1",,,,,,,,,"10049","7","17","8","279",,,"248",,,,,,,,,,,,,,,"220","43","798","172","5","0",,"2","F1FF11","1AAAA11A1AAAA1","5",,,,,,,,,,,
"WMHA","2023-09-06T10:00:00","24.60","67.10",,,"1","4","0","0","5","1","1",,,,,,,,,"10043","6","23","0","302","0","270","259",,,,,,"A",,,,,,,,,"220","47","992","114","5","0",,"2","F1FF11","1AAAA1111A8AA1",,"1",,,,,,,,,,"4"
"7XCL4WP","2023-09-06T11:00:00","24.67","63.44",,,"1","5","2","5","2","4","1",,,,,,,,,"10045","7","13","8","279",,,"247",,,,,,,,,,,,,,,"220","43","798","172","5","0",,"2","F1FF11","1AAAA11A1AAAA1","5",,,,,,,,,,,
"8JGV5XF","2023-09-06T11:00:00","22.90","60.13",,,"1","5","2","5","9",,"1","5","198",,"77",,,,,"10018",,,"8",,,,,,,,,,,,,,,,,,,"220","20","798","172","5","0",,"2","F6111F","11AAA19AAAAAAA","5",,,,,,,,,,,
"WMHA","2023-09-06T11:00:00","24.40","67.00",,,"1","5","2","5","5","2","1",,,,,,,,,"10046","5","13","8","296",,"263","252",,,,,"A",,"A","A",,,,,,,"220","47","798","172","5","1","2","2","F1FF11","1AAAA1111A8AA1","5",,,,,,,,,,,
"7XCL4WP","2023-09-06T12:00:00","24.67","63.74",,,"1","5","2","5","2","4","1",,,,,,,,,"10046","7","6","8","280",,,"245",,,,,,,,,,,,,,,"220","43","798","172","5","0",,"2","F1FF11","1AAAA11A1AAAA1","5",,,,,,,,,,,
"8JGV5XF","2023-09-06T12:00:00","22.71","60.36",,,"1","5","2","5","9",,"1","5","204",,"98",,,,,"10017",,,"8",,,,,,,,,,,,,,,,,,,"220","20","798","172","5","0",,"2","F6111F","11AAA19AAAAAAA","5",,,,,,,,,,,
"TBWUK70","2023-09-06T12:00:00","22.30","60.60",,,"1","4","0","0","4","3","1","0",,,,,"98",,,"10053","7","2","0","311","0","281","270","1","289","3",,,"A",,,,"3","4","36","3","4","220","20","992","114","5","1","2","2","11FF11","171AA111111111",,,,,,,,,,,,"4"
"WMHA","2023-09-06T12:00:00","24.20","67.00",,,"1","5","2","5","5","3","1",,,,,,,,,"10045","5","5","8","292",,"261","250",,,,,"A",,"A","A",,,,,,,"220","47","798","172","5","1","2","2","F1FF11","1AAAA1111A8AA1","5",,,,,,,,,,,
"7XCL4WP","2023-09-06T13:00:00","24.67","64.05",,,"1","5","2","5","2","4","1",,,,,,,,,"10050","4","0","8","279",,,"244",,,,,,,,,,,,,,,"220","44","798","172","5","0",,"2","F1FF11","1AAAA11A1AAAA1","5",,,,,,,,,,,
"8JGV5XF","2023-09-06T13:00:00","22.56","60.55",,,"1","5","2","5","9",,"1","5","198",,"75",,,,,"10023",,,"8",,,,,,,,,,,,,,,,,,,"220","20","798","172","5","0",,"2","F6111F","11AAA19AAAAAAA","5",,,,,,,,,,,
"WMHA","2023-09-06T13:00:00","24.00","67.00",,,"1","5","2","5","4","3","1",,,,,,,,,"10048","1","5","8","285",,"257","247",,,,,"A",,"A","A",,,,,,,"220","47","798","172","5","1","2","2","F1FF11","1AAAA1111A8AA1","5",,,,,,,,,,,
"7XCL4WP","2023-09-06T14:00:00","24.66","64.36",,,"1","5","2","5","2","4","1",,,,,,,,,"10052","2","6","8","276",,,"246",,,,,,,,,,,,,,,"220","44","798","172","5","0",,"1","F1FF11","1AAAA11A1AAAA1","5",,,,,,,,,,,
"8JGV5XF","2023-09-06T14:00:00","22.42","60.73",,,"1","5","2","5","9",,"1","5","197",,"68",,,,,"10031",,,"8",,,,,,,,,,,,,,,,,,,"220","20","798","172","5","0",,"2","F6111F","11AAA19AAAAAAA","5",,,,,,,,,,,
"9V6416","2023-09-06T14:00:00","23.40","60.30",,,"1","6","2","5","9","0","1",,"140","3","98","1","97","2","1","10070",,,"8","300",,"290","287","7","290","6","5","1","2","7","A",,"3","4",,,,"220","30","798","172","5","1","2","2","111111","111111111111AA","5",,"1",,,,,,,,,
"WMHA","2023-09-06T14:00:00","23.80","67.00",,,"1","5","2","5","4","3","1",,,,,,,,,"10054","3","8","8","272",,"253","247",,,,,"A",,"A","A",,,,,,,"220","37","798","172","5","1","2","1","F1FF11","1AAAA1111A8AA1","5",,,,,,,,,,,
"7XCL4WP","2023-09-06T15:00:00","24.66","64.66",,,"1","5","2","5","2","4","1",,,,,,,,,"10056","2","9","8","277",,,"245",,,,,,,,,,,,,,,"220","44","798","172","5","0",,"1","F1FF11","1AAAA11A1AAAA1","5",,,,,,,,,,,
"8JGV5XF","2023-09-06T15:00:00","22.26","60.90",,,"1","5","2","5","9",,"1","5","197",,"74",,,,,"10035",,,"8",,,,,,,,,,,,,,,,,,,"220","20","798","172","5","0",,"1","F6111F","11AAA19AAAAAAA","5",,,,,,,,,,,
"9V6416","2023-09-06T15:00:00","23.40","60.30",,,"1","6","2","5","9","0","1",,"140","3","98","1","97","2","1","10070",,,"8","300",,"290","287","7","290","6","5","1","2","7","A",,"3","4",,,,"220","30","798","172","5","1","2","1","111111","111111111111AA","5",,"1",,,,,,,,,
"WMHA","2023-09-06T15:00:00","23.60","67.00",,,"1","5","2","5","4","3","1",,,,,,,,,"10058","1","14","8","270",,"251","244",,,,,"A",,"A","A",,,,,,,"220","37","798","172","5","1","2","1","F1FF11","1AAAA1111A8AA1","5",,,,,,,,,,,
"7XCL4WP","2023-09-06T16:00:00","24.66","64.97",,,"1","5","2","5","2","4","1",,,,,,,,,"10060","2","11","8","278",,,"244",,,,,,,,,,,,,,,"220","44","798","172","5","0",,"1","F1FF11","1AAAA11A1AAAA1","5",,,,,,,,,,,
"8JGV5XF","2023-09-06T16:00:00","22.11","61.08",,,"1","5","2","5","9",,"1","5","208",,"78",,,,,"10046",,,"8",,,,,,,,,,,,,,,,,,,"220","21","798","172","5","0",,"1","F6111F","11AAA19AAAAAAA","5",,,,,,,,,,,
"9V6416","2023-09-06T16:00:00","23.40","60.30",,,"1","6","2","5","9","0","1",,"140","3","98","1","97","2","1","10070",,,"8","300",,"290","287","7","290","6","5","1","2","7","A",,"3","4",,,,"220","30","798","172","5","1","2","1","111111","111111111111AA","5",,"1",,,,,,,,,
"WMHA","2023-09-06T16:00:00","23.30","67.00",,,"1","5","2","5","4","3","1",,,,,,,,,"10065","3","16","8","270",,"252","245",,,,,"A",,"A","A",,,,,,,"220","37","798","172","5","1","2","1","F1FF11","1AAAA1111A8AA1","5",,,,,,,,,,,
"7XCL4WP","2023-09-06T17:00:00","24.66","65.29",,,"1","5","2","5","2","4","1",,,,,,,,,"10064","2","12","8","278",,,"245",,,,,,,,,,,,,,,"220","45","798","172","5","0",,"1","F1FF11","1AAAA11A1AAAA1","5",,,,,,,,,,,
"8JGV5XF","2023-09-06T17:00:00","21.95","61.26",,,"1","5","2","5","9",,"1","5","196",,"79",,,,,"10054",,,"8",,,,,,,,,,,,,,,,,,,"220","11","798","172","5","0",,"1","F6111F","11AAA19AAAAAAA","5",,,,,,,,,,,
"9V6416","2023-09-06T17:00:00","23.40","60.30",,,"1","6","2","5","9","0","1",,"140","3","98","1","97","2","1","10070",,,"8","300",,"290","287","7","290","6","5","1","2","7","A",,"3","4",,,,"220","30","798","172","5","1","2","1","111111","111111111111AA","5",,"1",,,,,,,,,
"WMHA","2023-09-06T17:00:00","23.10","67.00",,,"1","5","2","5","4","3","1",,,,,,,,,"10070","3","16","8","269",,"252","246",,,,,"A",,"A","A",,,,,,,"220","37","798","172","5","1","2","1","F1FF11","1AAAA1111A8AA1","5",,,,,,,,,,,
"3E2529","2023-09-06T18:00:00","23.90","60.90",,,"1","6","2","5","0","0","1",,"230","4","36","1","98","2","1","10080","2","30","8","270","0","260","256","3","290",,,,,,,,,"1","36",,,"220","30","798","172","5","0",,"1","111111","1111111111A371","5",,"1","36",,,,,,,,
"7XCL4WP","2023-09-06T18:00:00","24.66","65.61",,,"1","5","2","5","2","4","1",,,,,,,,,"10064","2","9","8","276",,,"247",,,,,,,,,,,,,,,"220","45","798","172","5","0",,"1","F1FF11","1AAAA11A1AAAA1","5",,,,,,,,,,,
"8JGV5XF","2023-09-06T18:00:00","21.80","61.44",,,"1","5","2","5","9",,"1","5","198",,"76",,,,,"10056",,,"8",,,,,,,,,,,,,,,,,,,"220","11","798","172","5","0",,"1","F6111F","11AAA19AAAAAAA","5",,,,,,,,,,,
"9V6416","2023-09-06T18:00:00","23.40","60.30",,,"1","6","2","5","9","0","1",,"140","3","98","1","97","2","1","10070",,,"8","300",,"290","287","7","290","6","5","1","2","7","A",,"3","4",,,,"220","30","798","172","5","1","2","1","111111","111111111111AA","5",,"1",,,,,,,,,
"WMHA","2023-09-06T18:00:00","22.90","67.00",,,"1","5","2","5","4","3","1",,,,,,,,,"10069","1","11","8","268",,"252","247",,,,,"A",,"A","A",,,,,,,"220","27","798","172","5","1","2","1","F1FF11","1AAAA1111A8AA1","5",,,,,,,,,,,
"7XCL4WP","2023-09-06T19:00:00","24.66","65.93",,,"1","5","2","5","2","4","1",,,,,,,,,"10064","2","4","8","274",,,"247",,,,,,,,,,,,,,,"220","45","798","172","5","0",,"1","F1FF11","1AAAA11A1AAAA1","5",,,,,,,,,,,
"8JGV5XF","2023-09-06T19:00:00","21.66","61.61",,,"1","5","2","5","9",,"1","5","197",,"79",,,,,"10057",,,"8",,,,,,,,,,,,,,,,,,,"220","11","798","172","5","0",,"1","F6111F","11AAA19AAAAAAA","5",,,,,,,,,,,
"9V6416","2023-09-06T19:00:00","23.40","60.30",,,"1","6","2","5","9","0","1",,"140","3","98","1","97","2","1","10070",,,"8","300",,"290","287","7","290","6","5","1","2","7","A",,"3","4",,,,"220","30","798","172","5","1","2","1","111111","111111111111AA","5",,"1",,,,,,,,,
"WMHA","2023-09-06T19:00:00","22.70","67.20",,,"1","5","2","5","4","3","1",,,,,,,,,"10069","0","4","8","268",,"251","244",,,,,"A",,"A","A",,,,,,,"220","27","798","172","5","1","2","1","F1FF11","1AAAA1111A8AA1","5",,,,,,,,,,,
"7XCL4WP","2023-09-06T20:00:00","24.66","66.22",,,"1","5","2","5","2","3","1",,,,,,,,,"10062","7","1","8","274",,,"250",,,,,,,,,,,,,,,"220","46","798","172","5","0",,"1","F1FF11","1AAAA11A1AAAA1","5",,,,,,,,,,,
"8JGV5XF","2023-09-06T20:00:00","21.52","61.77",,,"1","5","2","5","9",,"1","5","198",,"86",,,,,"10057",,,"8",,,,,,,,,,,,,,,,,,,"220","11","798","172","5","0",,"1","F6111F","11AAA19AAAAAAA","5",,,,,,,,,,,
"9V6416","2023-09-06T20:00:00","23.40","60.30",,,"1","6","2","5","9","0","1",,"140","3","98","1","97","2","1","10070",,,"8","300",,"290","287","7","290","6","5","1","2","7","A",,"3","4",,,,"220","30","798","172","5","1","2","1","111111","111111111111AA","5",,"1",,,,,,,,,
"WMHA","2023-09-06T20:00:00","22.60","67.30",,,"1","5","2","5","3","3","1",,,,,,,,,"10066","8","4","8","268",,"252","246",,,,,"A",,"A","A",,,,,,,"220","27","798","172","5","1","2","1","F1FF11","1AAAA1111A8AA1","5",,,,,,,,,,,
"7XCL4WP","2023-09-06T21:00:00","24.67","66.40",,,"1","5","2","5","2","2","1",,,,,,,,,"10060","7","4","8","277",,,"251",,,,,,,,,,,,,,,"220","46","798","172","5","0",,"1","F1FF11","1AAAA11A1AAAA1","5",,,,,,,,,,,
"8JGV5XF","2023-09-06T21:00:00","21.38","61.94",,,"1","5","2","5","9",,"1","5","206",,"77",,,,,"10056",,,"8",,,,,,,,,,,,,,,,,,,"220","11","798","172","5","0",,"1","F6111F","11AAA19AAAAAAA","5",,,,,,,,,,,
"9V6416","2023-09-06T21:00:00","23.50","60.10",,,"1","6","2","5","9","0","1",,"150","3","93","1","97","2","1","10070",,,"8","280",,"280","280","7","290","6","5","A","A","A","A",,"3","4",,,,"220","30","798","172","5","1","2","1","111113","111111111111AA","5",,"1",,,,,,,,,
"WMHA","2023-09-06T21:00:00","22.40","67.40",,,"1","5","2","5","3","3","1",,,,,,,,,"10063","8","6","8","267",,"253","248",,,,,"A",,"A","A",,,,,,,"220","27","798","172","5","1","2","1","F1FF11","1AAAA1111A8AA1","5",,,,,,,,,,,
"7XCL4WP","2023-09-06T22:00:00","24.67","66.58",,,"1","5","2","5","2","2","1",,,,,,,,,"10056","7","8","8","279",,,"246",,,,,,,,,,,,,,,"220","46","798","172","5","0",,"1","F1FF11","1AAAA11A1AAAA1","5",,,,,,,,,,,
"8JGV5XF","2023-09-06T22:00:00","21.24","62.10",,,"1","5","2","5","9",,"1","5","204",,"63",,,,,"10056",,,"8",,,,,,,,,,,,,,,,,,,"220","12","798","172","5","0",,"1","F6111F","11AAA19AAAAAAA","5",,,,,,,,,,,
"9V6416","2023-09-06T22:00:00","23.50","60.10",,,"1","6","2","5","9","0","1",,"150","3","93","1","97","2","1","10070",,,"8","280",,"280","280","7","290","6","5","A","A","A","A",,"3","4",,,,"220","30","798","172","5","1","2","1","111113","111111111111AA","5",,"1",,,,,,,,,
"WMHA","2023-09-06T22:00:00","22.20","67.60",,,"1","5","2","5","3","3","1",,,,,,,,,"10060","6","9","8","266",,"251","245",,,,,"A",,"A","A",,,,,,,"220","27","798","172","5","1","2","1","F1FF11","1AAAA1111A8AA1","5",,,,,,,,,,,
"7XCL4WP","2023-09-06T23:00:00","24.70","66.76",,,"1","5","2","5","2","2","1",,,,,,,,,"10055","7","7","8","275",,,"247",,,,,,,,,,,,,,,"220","46","798","172","5","0",,"1","F1FF11","1AAAA11A1AAAA1","5",,,,,,,,,,,
"8JGV5XF","2023-09-06T23:00:00","21.11","62.26",,,"1","5","2","5","9",,"1","5","212",,"73",,,,,"10061",,,"8",,,,,,,,,,,,,,,,,,,"220","12","798","172","5","0",,"1","F6111F","11AAA19AAAAAAA","5",,,,,,,,,,,
"9V6416","2023-09-06T23:00:00","23.50","60.10",,,"1","6","2","5","9","0","1",,"150","3","93","1","97","2","1","10070",,,"8","280",,"280","280","7","290","6","5","A","A","A","A",,"3","4",,,,"220","30","798","172","5","1","2","1","111113","111111111111AA","5",,"1",,,,,,,,,
"WMHA","2023-09-06T23:00:00","22.10","67.70",,,"1","5","2","5","3","3","1",,,,,,,,,"10057","5","9","8","266",,"251","246",,,,,"A",,"A","A",,,,,,,"220","27","798","172","5","1","2","1","F1FF11","1AAAA1111A8AA1","5",,,,,,,,,,,
"3EBY2","2023-09-07T00:00:00","22.10","61.80",,,"1","6","2","5","7","3","1",,"230","4","67","1","98","1","1","10182","7","10","8","260","0","250","246","3","290","4","3","3","3","8","A",,"9","6",,,,"220","21","798","172","5","0",,"1","111151","111111111111A1","5",,"1",,,,,,,,,
"7XCL4WP","2023-09-07T00:00:00","24.73","66.93",,,"1","5","2","5","2","2","1",,,,,,,,,"10058","7","3","8","276",,,"250",,,,,,,,,,,,,,,"220","46","798","172","5","0",,"1","F1FF11","1AAAA11A1AAAA1","5",,,,,,,,,,,
"8JGV5XF","2023-09-07T00:00:00","20.99","62.43",,,"1","5","2","5","9",,"1","5","219",,"48",,,,,"10061",,,"8",,,,,,,,,,,,,,,,,,,"220","2","798","172","5","0",,"1","F6111F","11AAA19AAAAAAA","5",,,,,,,,,,,
"9V6416","2023-09-07T00:00:00","23.50","60.10",,,"1","6","2","5","9","0","1",,"150","3","93","1","97","2","1","10070",,,"8","280",,"280","280","7","290","6","5","A","A","A","A",,"3","4",,,,"220","30","798","172","5","1","2","1","111113","111111111111AA","5",,"1",,,,,,,,,
"WMHA","2023-09-07T00:00:00","21.90","67.90",,,"1","5","2","5","3","3","1",,,,,,,,,"10059","5","3","8","266",,"252","247",,,,,"A",,"A","A",,,,,,,"220","17","798","172","5","1","2","1","F1FF11","1AAAA1111A8AA1","5",,,,,,,,,,,
"7XCL4WP","2023-09-07T01:00:00","24.81","66.99",,,"1","5","2","5","7","1","1",,,,,,,,,"10062","2","5","8","273",,,"249",,,,,,,,,,,,,,,"220","46","798","172","5","0",,"1","F1FF11","1AAAA11A1AAAA1","5",,,,,,,,,,,
"8JGV5XF","2023-09-07T01:00:00","20.86","62.59",,,"1","5","2","5","9",,"1","5","224",,"42",,,,,"10063",,,"8",,,,,,,,,,,,,,,,,,,"220","2","798","172","5","0",,"1","F6111F","11AAA19AAAAAAA","5",,,,,,,,,,,
"9V6416","2023-09-07T01:00:00","23.50","60.10",,,"1","6","2","5","9","0","1",,"150","3","93","1","97","2","1","10070",,,"8","280",,"280","280","7","290","6","5","A","A","A","A",,"3","4",,,,"220","30","798","172","5","1","2","1","111113","111111111111AA","5",,"1",,,,,,,,,
"WMHA","2023-09-07T01:00:00","21.70","68.10",,,"1","5","2","5","3","3","1",,,,,,,,,"10065","3","5","8","265",,"249","244",,,,,"A",,"A","A",,,,,,,"220","18","798","172","5","1","2","1","F1FF11","1AAAA1111A8AA1","5",,,,,,,,,,,
"7XCL4WP","2023-09-07T02:00:00","24.81","66.99",,,"1","5","2","5","0","0","1",,,,,,,,,"10065","2","9","8","275",,,"249",,,,,,,,,,,,,,,"220","46","798","172","5","0",,"2","F1FF11","1AAAA11A1AAAA1","5",,,,,,,,,,,
"8JGV5XF","2023-09-07T02:00:00","20.72","62.74",,,"1","5","2","5","9",,"1",,"220",,"53",,,,,"10068",,,"8",,,,,,,,,,,,,,,,,,,"220","2","798","172","5","0",,"2","F6111F","11AAA19AAAAAAA","5",,,,,,,,,,,
"9V6416","2023-09-07T02:00:00","23.50","60.10",,,"1","6","2","5","9","0","1",,"150","3","93","1","97","2","1","10070",,,"8","280",,"280","280","7","290","6","5","A","A","A","A",,"3","4",,,,"220","30","798","172","5","1","2","2","111113","111111111111AA","5",,"1",,,,,,,,,
"WMHA","2023-09-07T02:00:00","21.50","68.20",,,"1","5","2","5","3","3","1",,,,,,,,,"10067","1","9","8","269",,"254","249",,,,,"A",,"A","A",,,,,,,"220","18","798","172","5","1","2","2","F1FF11","1AAAA1111A8AA1","5",,,,,,,,,,,
"7XCL4WP","2023-09-07T03:00:00","24.81","66.99",,,"1","5","2","5","0","0","1",,,,,,,,,"10070","2","12","8","278",,,"247",,,,,,,,,,,,,,,"220","46","798","172","5","0",,"2","F1FF11","1AAAA11A1AAAA1","5",,,,,,,,,,,
"8JGV5XF","2023-09-07T03:00:00","20.58","62.91",,,"1","5","2","5","9",,"1","5","213",,"42",,,,,"10076",,,"8",,,,,,,,,,,,,,,,,,,"220","2","798","172","5","0",,"2","F6111F","11AAA19AAAAAAA","5",,,,,,,,,,,
"9V6416","2023-09-07T03:00:00","23.60","60.00",,,"1","6","2","5","9","0","1",,"150","3","93","1","97","2","1","10070",,,"8","300",,"290","287","7","300","6","5","1","2","4","A",,"3","4",,,,"220","30","798","172","5","1","2","2","111111","111111111111AA","5",,"1",,,,,,,,,
"WMHA","2023-09-07T03:00:00","21.40","68.40",,,"1","5","2","5","3","3","1",,,,,,,,,"10072","3","13","8","275",,"253","246",,,,,"A",,"A","A",,,,,,,"220","18","798","172","5","1","2","2","F1FF11","1AAAA1111A8AA1","5",,,,,,,,,,,
"7XCL4WP","2023-09-07T04:00:00","24.81","66.99",,,"1","5","2","5","0","0","1",,,,,,,,,"10069","2","8","8","285",,,"248",,,,,,,,,,,,,,,"220","46","798","172","5","0",,"2","F1FF11","1AAAA11A1AAAA1","5",,,,,,,,,,,
"8JGV5XF","2023-09-07T04:00:00","20.44","63.07",,,"1","5","2","5","9",,"1","5","217",,"43",,,,,"10080",,,"8",,,,,,,,,,,,,,,,,,,"220","3","798","172","5","0",,"2","F6111F","11AAA19AAAAAAA","5",,,,,,,,,,,
"9V6416","2023-09-07T04:00:00","23.60","60.00",,,"1","6","2","5","9","0","1",,"150","3","93","1","97","2","1","10070",,,"8","300",,"290","287","7","300","6","5","1","2","4","A",,"3","4",,,,"220","30","798","172","5","1","2","2","111111","111111111111AA","5",,"1",,,,,,,,,
"WMHA","2023-09-07T04:00:00","21.20","68.50",,,"1","5","2","5","3","3","1",,,,,,,,,"10075","3","10","8","291",,"263","253",,,,,"A",,"A","A",,,,,,,"220","18","798","172","5","1","2","2","F1FF11","1AAAA1111A8AA1","5",,,,,,,,,,,
"7XCL4WP","2023-09-07T05:00:00","24.81","66.99",,,"1","5","2","5","0","0","1",,,,,,,,,"10070","2","6","8","290",,,"249",,,,,,,,,,,,,,,"220","46","798","172","5","0",,"2","F1FF11","1AAAA11A1AAAA1","5",,,,,,,,,,,
"8JGV5XF","2023-09-07T05:00:00","20.30","63.23",,,"1","5","2","5","9",,"1","5","209",,"38",,,,,"10082",,,"8",,,,,,,,,,,,,,,,,,,"220","3","798","172","5","0",,"2","F6111F","11AAA19AAAAAAA","5",,,,,,,,,,,
"9V6416","2023-09-07T05:00:00","23.60","60.00",,,"1","6","2","5","9","0","1",,"150","3","93","1","97","2","1","10070",,,"8","300",,"290","287","7","300","6","5","1","2","4","A",,"3","4",,,,"220","30","798","172","5","1","2","2","111111","111111111111AA","5",,"1",,,,,,,,,
"WMHA","2023-09-07T05:00:00","21.00","68.70",,,"1","5","2","5","3","3","1",,,,,,,,,"10079","1","13","8","306",,"270","257",,,,,"A",,"A","A",,,,,,,"220","18","798","172","5","1","2","2","F1FF11","1AAAA1111A8AA1","5",,,,,,,,,,,
"7XCL4WP","2023-09-07T06:00:00","24.81","66.99",,,"1","5","2","5","0","0","1",,,,,,,,,"10070","4","0","8","296",,,"249",,,,,,,,,,,,,,,"220","46","798","172","5","0",,"2","F1FF11","1AAAA11A1AAAA1","5",,,,,,,,,,,
"8JGV5XF","2023-09-07T06:00:00","20.17","63.40",,,"1","5","2","5","9",,"1","5","241",,"40",,,,,"10078",,,"8",,,,,,,,,,,,,,,,,,,"220","3","798","172","5","0",,"2","F6111F","11AAA19AAAAAAA","5",,,,,,,,,,,
"9V6416","2023-09-07T06:00:00","23.60","60.00",,,"1","6","2","5","9","0","1",,"150","3","93","1","97","2","1","10070",,,"8","300",,"290","287","7","300","6","5","1","2","4","A",,"3","4",,,,"220","30","798","172","5","1","2","2","111111","111111111111AA","5",,"1",,,,,,,,,
"WMHA","2023-09-07T06:00:00","20.80","68.80",,,"1","5","2","5","3","3","1",,,,,,,,,"10079","1","7","8","302",,"269","257",,,,,"A",,"A","A",,,,,,,"220","8","798","172","5","1","2","2","F1FF11","1AAAA1111A8AA1","5",,,,,,,,,,,
"7XCL4WP","2023-09-07T07:00:00","24.81","66.99",,,"1","5","2","5","0","0","1",,,,,,,,,"10061","7","8","8","300",,,"244",,,,,,,,,,,,,,,"220","46","798","172","5","0",,"2","F1FF11","1AAAA11A1AAAA1","5",,,,,,,,,,,
"8JGV5XF","2023-09-07T07:00:00","20.04","63.55",,,"1","5","2","5","9",,"1","5","234",,"52",,,,,"10075",,,"8",,,,,,,,,,,,,,,,,,,"220","3","798","172","5","0",,"2","F6111F","11AAA19AAAAAAA","5",,,,,,,,,,,
"D5UT6","2023-09-07T07:00:00","20.00","63.70",,,"1","6","2","5","7","3","1",,"240","4","46","1","98",,"2","10168",,,"8","310","0","270","254","3","291","2","2","1","7","4","4",,"7","1",,,,"220","3","798","172","5","0",,"2","131131","111A11111111AA","5",,"2",,,,,,,,,
"WMHA","2023-09-07T07:00:00","20.60","69.00",,,"1","5","2","5","3","3","1",,,,,,,,,"10075","8","0","8",,,"284","269",,,,,"A",,"A","A",,,,,,,"220","9","798","172","5","1","2","2","F7FF11","1AAAA1111A8AA7","5",,,,,,,,,,,
"7XCL4WP","2023-09-07T08:00:00","24.81","66.99",,,"1","5","2","5","0","0","1",,,,,,,,,"10051","7","19","8","296",,,"254",,,,,,,,,,,,,,,"220","46","798","172","5","0",,"2","F1FF11","1AAAA11A1AAAA1","5",,,,,,,,,,,
"WMHA","2023-09-07T08:00:00","20.50","69.20",,,"1","5","2","5","3","3","1",,,,,,,,,"10068","8","12","8",,,"286","270",,,,,"A",,"A","A",,,,,,,"220","9","798","172","5","1","2","2","F7FF11","1AAAA1666A8AA1","5",,,,,,,,,,,
"3EZM3","2023-09-07T09:00:00","21.60","61.30",,,"1","6","2","5","3","3","1",,"220","4","51",,,,,"10040","4","0","8","320","0","300","293","1","280",,,,,,,,,,,,,"220","11","798","172","5","0",,"2","131111","11AAA11111AAA1","5",,,,,,,,,,,
"7XCL4WP","2023-09-07T09:00:00","24.81","66.99",,,"1","5","2","5","0","0","1",,,,,,,,,"10043","7","26","8","293",,,"251",,,,,,,,,,,,,,,"220","46","798","172","5","0",,"2","F1FF11","1AAAA11A1AAAA1","5",,,,,,,,,,,
"WMHA","2023-09-07T09:00:00","20.30","69.30",,,"1","5","2","5","3","3","1",,,,,,,,,"10061","8","19","8","329",,"282","267",,,,,"A",,"A","A",,,,,,,"220","9","798","172","5","1","2","2","F5FF11","1AAAA1111A8AA1","5",,,,,,,,,,,
"7XCL4WP","2023-09-07T10:00:00","24.81","66.99",,,"1","5","2","5","0","0","1",,,,,,,,,"10038","7","23","8","289",,,"251",,,,,,,,,,,,,,,"220","46","798","172","5","0",,"2","F1FF11","1AAAA11A1AAAA1","5",,,,,,,,,,,
"WMHA","2023-09-07T10:00:00","20.20","69.60",,,"1","5","2","5","3","3","1",,,,,,,,,"10054","6","20","8",,,,,,,,,"A",,"A","A",,,,,,,"220","9","798","172","5","1","2","2","F7FF11","1AAAA1999A8AA1","5",,,,,,,,,,,
"7XCL4WP","2023-09-07T11:00:00","24.81","66.99",,,"1","5","2","5","0","0","1",,,,,,,,,"10033","7","18","8","288",,,"251",,,,,,,,,,,,,,,"220","46","798","172","5","0",,"2","F1FF11","1AAAA11A1AAAA1","5",,,,,,,,,,,
"WMHA","2023-09-07T11:00:00","20.10","69.80",,,"1","5","2","5","3","3","1",,,,,,,,,"10046","6","22","8",,,"289","274",,,,,"A",,"A","A",,,,,,,"220","9","798","172","5","1","2","2","F7FF11","1AAAA1666A8AA1","5",,,,,,,,,,,
"7XCL4WP","2023-09-07T12:00:00","24.81","66.99",,,"1","5","2","5","0","0","1",,,,,,,,,"10032","7","11","8","286",,,"252",,,,,,,,,,,,,,,"220","46","798","172","5","0",,"2","F1FF11","1AAAA11A1AAAA1","5",,,,,,,,,,,
"D7VM","2023-09-07T12:00:00","22.30","60.60",,,"1","5","2","5","9",,"1",,"10","4","51","1","93",,,,,,"8","287",,,,,,"2",,,"A",,,,,"1",,,,"220","20","798","172","5","1","2","2","F112FF","111AAA1AAA13AA","5",,,,,,,,,,,
"V7A4868","2023-09-07T12:00:00","20.20","64.00",,,"1","5","2","5","9",,"1",,"10","4","62","1","93",,,,,,"8","300",,,,,,"1",,,"A",,,,,"1",,,,"220","4","798","172","5","1","2","2","F112FF","111AAA1AAA13AA","5",,,,,,,,,,,
"7XCL4WP","2023-09-07T13:00:00","24.81","66.99",,,"1","5","2","5","0","0","1",,,,,,,,,"10037","7","2","8","285",,,"255",,,,,,,,,,,,,,,"220","46","798","172","5","0",,"2","F1FF11","1AAAA11A1AAAA1","5",,,,,,,,,,,
"7XCL4WP","2023-09-07T14:00:00","24.81","66.99",,,"1","5","2","5","0","0","1",,,,,,,,,"10040","2","6","8","277",,,"254",,,,,,,,,,,,,,,"220","46","798","172","5","0",,"1","F1FF11","1AAAA11A1AAAA1","5",,,,,,,,,,,
"7XCL4WP","2023-09-07T15:00:00","24.81","66.99",,,"1","5","2","5","0","0","1",,,,,,,,,"10045","2","13","8","276",,,"253",,,,,,,,,,,,,,,"220","46","798","172","5","0",,"1","F1FF11","1AAAA11A1AAAA1","5",,,,,,,,,,,
"7XCL4WP","2023-09-07T16:00:00","24.81","66.99",,,"1","5","2","5","0","0","1",,,,,,,,,"10052","2","15","8","275",,,"255",,,,,,,,,,,,,,,"220","46","798","172","5","0",,"1","F1FF11","1AAAA11A1AAAA1","5",,,,,,,,,,,
"7XCL4WP","2023-09-07T17:00:00","24.81","66.99",,,"1","5","2","5","0","0","1",,,,,,,,,"10055","2","15","8","273",,,"255",,,,,,,,,,,,,,,"220","46","798","172","5","0",,"1","F1FF11","1AAAA11A1AAAA1","5",,,,,,,,,,,
"7XCL4WP","2023-09-07T18:00:00","24.81","66.99",,,"1","5","2","5","0","0","1",,,,,,,,,"10053","2","8","8","274",,,"255",,,,,,,,,,,,,,,"220","46","798","172","5","0",,"1","F1FF11","1AAAA11A1AAAA1","5",,,,,,,,,,,
"9V8197","2023-09-07T18:00:00","24.30","60.20",,,"1","6","2","5","2","3","1",,,"4",,"1","98","2","2","10073","1",,"8","270","0","260","256","3","290",,,,,,,,,,,,,"220","40","798","172","5","0",,"1","117111","1111111111AAA7","5",,"2",,,,,,,,,
"7XCL4WP","2023-09-07T19:00:00","24.81","66.99",,,"1","5","2","5","0","0","1",,,,,,,,,"10053","2","1","8","273",,,"255",,,,,,,,,,,,,,,"220","46","798","172","5","0",,"1","F1FF11","1AAAA11A1AAAA1","5",,,,,,,,,,,
"7XCL4WP","2023-09-07T20:00:00","24.81","66.99",,,"1","5","2","5","0","0","1",,,,,,,,,"10052","7","2","8","274",,,"251",,,,,,,,,,,,,,,"220","46","798","172","5","0",,"1","F1FF11","1AAAA11A1AAAA1","5",,,,,,,,,,,
"7XCL4WP","2023-09-07T21:00:00","24.81","66.99",,,"1","5","2","5","0","0","1",,,,,,,,,"10049","7","5","8","276",,,"248",,,,,,,,,,,,,,,"220","46","798","172","5","0",,"1","F1FF11","1AAAA11A1AAAA1","5",,,,,,,,,,,
"7XCL4WP","2023-09-07T22:00:00","24.81","66.99",,,"1","5","2","5","0","0","1",,,,,,,,,"10046","7","7","8","274",,,"251",,,,,,,,,,,,,,,"220","46","798","172","5","0",,"1","F1FF11","1AAAA11A1AAAA1","5",,,,,,,,,,,
"WMCU","2023-09-07T22:00:00","21.90","60.00",,,"1","5","2","5","8","4","1",,,,,,,,,"10054","8","11","8","258",,"256","255",,,,,"A",,"A","A",,,,,,,"220","10","798","172","5","1","2","1","F1FF13","1AAAA1111A8AA1","5",,,,,,,,,,,
"7XCL4WP","2023-09-07T23:00:00","24.81","66.99",,,"1","5","2","5","0","0","1",,,,,,,,,"10043","7","10","8","272",,,"249",,,,,,,,,,,,,,,"220","46","798","172","5","0",,"1","F1FF11","1AAAA11A1AAAA1","5",,,,,,,,,,,
"TBWUK72","2023-09-07T23:00:00","20.55","65.02",,,"1","6","2","5","7","4","1",,,,,"1","98","2","1","10066","6","12","8","276",,"246","233","1","288","5","3","4","6","6","5",,"6","3","25","6","4","220","5","798","172","5","0",,"1","11FF11","17111111111111","5",,"1",,,,,,,,,
"VROB9","2023-09-07T23:00:00","22.20","63.80",,,"1","6","2","5","1","3","1",,"230","4","46","1","97","1","2","10100","8","10","8","260",,"240","231","1","280",,,"A",,"A","A",,,,,,,"220","23","798","172","5","1","2","1","111111","11111111118AA1","5",,"2",,,,,,,,,
"7XCL4WP","2023-09-08T00:00:00","24.81","66.99",,,"1","5","2","5","0","0","1",,,,,,,,,"10043","7","5","8","270",,,"250",,,,,,,,,,,,,,,"220","46","798","172","5","0",,"1","F1FF11","1AAAA11A1AAAA1","5",,,,,,,,,,,
"VROB9","2023-09-08T00:00:00","22.10","63.70",,,"1","4","2","0","1","3","1","0","230","4","46",,"97","1","2","10100","8","10","0","260",,,"231","1","280",,,,"A",,,,,,,,,"220","23","992","114","5","0",,"1","111111","1111111A118AA1",,"1","2",,,,,,,,,"4"
"7XCL4WP","2023-09-08T01:00:00","24.81","66.99",,,"1","5","2","5","0","0","1",,,,,,,,,"10045","4","0","8","270",,,"251",,,,,,,,,,,,,,,"220","46","798","172","5","0",,"1","F1FF11","1AAAA11A1AAAA1","5",,,,,,,,,,,
"WMCU","2023-09-08T01:00:00","22.60","60.00",,,"1","5","2","5","8","3","1",,,,,,,,,"10052","8","2","8","253",,"253","253",,,,,"A",,"A","A",,,,,,,"220","20","798","172","5","1","2","1","F1FF13","1AAAA1111A8AA1","5",,,,,,,,,,,
"7XCL4WP","2023-09-08T02:00:00","24.81","66.99",,,"1","5","2","5","0","0","1",,,,,,,,,"10051","2","9","8","272",,,"249",,,,,,,,,,,,,,,"220","46","798","172","5","0",,"2","F1FF11","1AAAA11A1AAAA1","5",,,,,,,,,,,
"7XCL4WP","2023-09-08T03:00:00","24.81","66.99",,,"1","5","2","5","0","0","1",,,,,,,,,"10058","2","15","8","275",,,"248",,,,,,,,,,,,,,,"220","46","798","172","5","0",,"2","F1FF11","1AAAA11A1AAAA1","5",,,,,,,,,,,
"TBWUK53","2023-09-08T03:00:00","21.75","61.55",,,"1","6","2","5","7","3","1","5",,,,"1","98",,,"10076","2","12","8","241",,"211","195","1","280","2","2","2","A","6","1",,"3","1","22","9","3","220","11","798","172","5","0",,"2","116111","141AA111111411","5",,,,,,"0",,,,,
"7XCL4WP","2023-09-08T04:00:00","24.81","66.99",,,"1","5","2","5","0","0","1",,,,,,,,,"10062","2","17","8","280",,,"248",,,,,,,,,,,,,,,"220","46","798","172","5","0",,"2","F1FF11","1AAAA11A1AAAA1","5",,,,,,,,,,,
"7XCL4WP","2023-09-08T05:00:00","24.81","66.99",,,"1","5","2","5","3","0","1",,,,,,,,,"10062","2","11","8","289",,,"250",,,,,,,,,,,,,,,"220","46","798","172","5","0",,"2","F1FF11","1AAAA11A1AAAA1","5",,,,,,,,,,,
"7XCL4WP","2023-09-08T06:00:00","24.66","66.88",,,"1","5","2","5","5","4","1",,,,,,,,,"10050","7","8","8","277",,,"247",,,,,,,,,,,,,,,"220","46","798","172","5","0",,"2","F1FF11","1AAAA11A1AAAA1","5",,,,,,,,,,,
"9V8197","2023-09-08T06:00:00","23.60","62.70",,,"1","6","2","5","3","3","1",,"230","4","62","1","98","2",,"10093","1","20","8","300","0","280","273","3","280","7","6","5","5","1","A",,"8","3","20","7","3","220","32","798","172","5","0",,"2","111111","1111A111111111","5",,,,,,,,,,,
"7XCL4WP","2023-09-08T07:00:00","24.37","66.96",,,"1","5","2","5","4","4","1",,,,,,,,,"10059","7","3","8","280",,,"252",,,,,,,,,,,,,,,"220","46","798","172","5","0",,"2","F1FF11","1AAAA11A1AAAA1","5",,,,,,,,,,,
"D5UT6","2023-09-08T07:00:00","23.10","60.10",,,"1","6","2","5","7","3","1",,"180","4","103","1","98",,"2","10148",,,"8","310","0","270","254","3","294","3","3","4","7","4","4",,"20","4",,,,"220","30","798","172","5","0",,"2","111311","111A11111113AA","5",,"2",,,,,,,,,
"TBWUK72","2023-09-08T07:00:00","21.77","63.25",,,"1","6","2","5","7","4","1",,,,,"1","98","2",,"10072","8","0","8","291",,"281","277","1","275","3","3","2","2","0","0","0","4","1","23","8","3","220","13","798","172","5","0",,"2","11FF11","1711A111111117","5",,,,,,,,,,,
"7XCL4WP","2023-09-08T08:00:00","24.07","67.05",,,"1","5","2","5","4","4","1",,,,,,,,,"10054","7","8","8","278",,,"249",,,,,,,,,,,,,,,"220","47","798","172","5","0",,"2","F1FF11","1AAAA11A1AAAA1","5",,,,,,,,,,,
"7XCL4WP","2023-09-08T09:00:00","23.77","67.15",,,"1","5","2","5","4","4","1",,,,,,,,,"10048","7","2","8","279",,,"246",,,,,,,,,,,,,,,"220","37","798","172","5","0",,"2","F1FF11","1AAAA11A1AAAA1","5",,,,,,,,,,,
"7XCL4WP","2023-09-08T10:00:00","23.47","67.25",,,"1","5","2","5","4","4","1",,,,,,,,,"10043","7","16","8","280",,,"245",,,,,,,,,,,,,,,"220","37","798","172","5","0",,"2","F1FF11","1AAAA11A1AAAA1","5",,,,,,,,,,,
"7XCL4WP","2023-09-08T11:00:00","23.16","67.35",,,"1","5","2","5","4","4","1",,,,,,,,,"10043","7","12","8","281",,,"246",,,,,,,,,,,,,,,"220","37","798","172","5","0",,"2","F1FF11","1AAAA11A1AAAA1","5",,,,,,,,,,,
"TBWUK72","2023-09-08T11:00:00","22.35","62.25",,,"1","6","2","5","7","4","1",,,,,"1","98","2","0","10054","8","22","8","291",,"276","270","1","265","3","2","1","4","4","8",,"6","1",,,,"220","22","798","172","5","0",,"2","11FF11","171111111111A1","5",,"0",,,,,,,,,
"7XCL4WP","2023-09-08T12:00:00","22.85","67.46",,,"1","5","2","5","3","4","1",,,,,,,,,"10044","7","4","8","281",,,"246",,,,,,,,,,,,,,,"220","27","798","172","5","0",,"2","F1FF11","1AAAA11A1AAAA1","5",,,,,,,,,,,
"7XCL4WP","2023-09-08T13:00:00","22.59","67.67",,,"1","5","2","5","3","4","1",,,,,,,,,"10045","2","2","8","281",,,"246",,,,,,,,,,,,,,,"220","27","798","172","5","0",,"2","F1FF11","1AAAA11A1AAAA1","5",,,,,,,,,,,
"7XCL4WP","2023-09-08T14:00:00","22.34","67.89",,,"1","5","2","5","3","4","1",,,,,,,,,"10051","2","9","8","280",,,"252",,,,,,,,,,,,,,,"220","27","798","172","5","0",,"1","F1FF11","1AAAA11A1AAAA1","5",,,,,,,,,,,
"EUMDE60","2023-09-08T14:00:00","22.22","60.09",,,"1","5","2","5","8","4","1",,"190",,"93",,,,,"10052","7","4","8","277",,,"247",,,,,,,,,,,,,,,"220","20","798","172","5","0",,"2","F11111","11AAA11A1AAAA1","5",,,,,,,,,,,
"TBWUK72","2023-09-08T14:00:00","22.82","61.52",,,"1","6","2","5","7","4","1","5",,,,"1","98","3",,"10053","5","3","8","271",,"261","257","1","280","5","5","5","5","6","5",,"10","4",,,,"220","21","798","172","5","0",,"1","11FF11","1711A1111111A1","5",,,,,,,,,,,
"7XCL4WP","2023-09-08T15:00:00","22.09","68.12",,,"1","5","2","5","3","4","1",,,,,,,,,"10055","2","11","8","280",,,"249",,,,,,,,,,,,,,,"220","28","798","172","5","0",,"1","F1FF11","1AAAA11A1AAAA1","5",,,,,,,,,,,
"EUMDE60","2023-09-08T15:00:00","22.49","60.08",,,"1","5","2","5","8","4","1","5","185",,"77",,,,,"10057","2","5","8","260",,,"244",,,,,,,,,,,,,,,"220","20","798","172","5","0",,"1","F11111","11AAA11A1AAAA1","5",,,,,,,,,,,
"7XCL4WP","2023-09-08T16:00:00","21.83","68.35",,,"1","5","2","5","3","4","1",,,,,,,,,"10064","2","19","8","281",,,"249",,,,,,,,,,,,,,,"220","18","798","172","5","0",,"1","F1FF11","1AAAA11A1AAAA1","5",,,,,,,,,,,
"7XCL4WP","2023-09-08T17:00:00","21.58","68.58",,,"1","5","2","5","3","4","1",,,,,,,,,"10067","2","16","8","282",,,"251",,,,,,,,,,,,,,,"220","18","798","172","5","0",,"1","F1FF11","1AAAA11A1AAAA1","5",,,,,,,,,,,
"TBWUK72","2023-09-08T17:00:00","23.30","60.67",,,"1","6","2","5","7","4","1",,,,,"1","98","2",,"10046","3","4","8","271",,"251","242","1","290","2","2","1","4","0","0",,"4","1","15","5","1","220","30","798","172","5","0",,"1","11FF11","1711A111111111","5",,,,,,,,,,,
"7XCL4WP","2023-09-08T18:00:00","21.34","68.81",,,"1","5","2","5","3","4","1",,,,,,,,,"10065","2","10","8","281",,,"249",,,,,,,,,,,,,,,"220","18","798","172","5","0",,"1","F1FF11","1AAAA11A1AAAA1","5",,,,,,,,,,,
"7XCL4WP","2023-09-08T19:00:00","21.08","69.04",,,"1","5","2","5","3","4","1",,,,,,,,,"10057","7","8","8","281",,,"249",,,,,,,,,,,,,,,"220","19","798","172","5","0",,"1","F1FF11","1AAAA11A1AAAA1","5",,,,,,,,,,,
"7XCL4WP","2023-09-08T20:00:00","20.83","69.26",,,"1","5","2","5","3","4","1",,,,,,,,,"10053","7","15","8","281",,,"249",,,,,,,,,,,,,,,"220","9","798","172","5","0",,"1","F1FF11","1AAAA11A1AAAA1","5",,,,,,,,,,,
"7XCL4WP","2023-09-08T21:00:00","20.58","69.49",,,"1","5","2","5","3","4","1",,,,,,,,,"10049","7","17","8","281",,,"255",,,,,,,,,,,,,,,"220","9","798","172","5","0",,"1","F1FF11","1AAAA11A1AAAA1","5",,,,,,,,,,,
"7XCL4WP","2023-09-08T22:00:00","20.32","69.71",,,"1","5","2","5","3","4","1",,,,,,,,,"10044","7","13","8","281",,,"251",,,,,,,,,,,,,,,"220","9","798","172","5","0",,"1","F1FF11","1AAAA11A1AAAA1","5",,,,,,,,,,,
"7XCL4WP","2023-09-08T23:00:00","20.06","69.93",,,"1","5","2","5","3","4","1",,,,,,,,,"10050","7","3","8","282",,,"255",,,,,,,,,,,,,,,"220","9","798","172","5","0",,"1","F1FF11","1AAAA11A1AAAA1","5",,,,,,,,,,,
"9V8197","2023-09-09T00:00:00","22.50","66.80",,,"1","6","2","5","2","3","1",,"280","4","82","1","98","2","0","10063","0","0","8","260","0","250","246","3","280",,,,,,,,,"4","26","5","4","220","26","798","172","5","0",,"1","111111","1111111111A311","5",,"0",,,,,,,,,
"VTMV","2023-09-09T07:00:00","23.60","60.20",,,"1","6","2","5","3","3","1",,"160","4","108",,,,,"10068","0",,"8","300","0","270","258","1","330",,,,,,,,,,,,,"220","30","798","172","5","0",,"2","311311","11AAA11111AAA7","5",,,,,,,,,,,
"C6UU5","2023-09-09T08:00:00","23.50","60.80",,,"1","6","2","5","7","3","1",,"240","4","82","1","98",,,"10094",,"10","8","280","0","260","252",,"280","6","1","6","2","4","2",,"2","2","36","5","4","220","30","798","172","5","0",,"2","111111","111AA111111117","5",,,,,,,,,,,
"3FMI2","2023-09-09T18:00:00","21.00","68.90",,,"1","6","2","5","8","3","1",,"270","3","82","1","98","3","0","10000","6",,"8","270","0","250","243","3","300","4","4","5","5","0","0",,"2","3","27","2","3","220","18","798","172","5","0",,"1","111111","11111111111117","5",,"0",,,,,,,,,
"VTMV","2023-09-10T07:00:00","21.40","65.20",,,"1","6","2","5","2","3","1",,"260","4","103",,,,,"10068","0",,"8","320","0","280","265","1","310",,,,,,,,,,,,,"220","15","798","172","5","0",,"2","351111","11AAA11111AAA7","5",,,,,,,,,,,
"TBWUK48","2023-09-10T11:00:00","21.40","61.63",,,"1","6","2","5","3","4","1",,"220",,"103",,,,,"10022","2",,"8","301",,"261","244","1","270",,,,,,,,,,,,,"220","11","798","172","5","0",,"2","111111","11AAA11111AAA7","5",,,,,,,,,,,
"7XCL4WP","2023-09-10T23:00:00","20.27","69.98",,,"1","5","2","5","7","4","1",,,,,,,,,"10046","7","9","8","283",,,"249",,,,,,,,,,,,,,,"220","9","798","172","5","0",,"1","F1FF11","1AAAA11A1AAAA1","5",,,,,,,,,,,
"7XCL4WP","2023-09-11T00:00:00","20.53","69.81",,,"1","5","2","5","7","4","1",,,,,,,,,"10049","7","1","8","283",,,"250",,,,,,,,,,,,,,,"220","9","798","172","5","0",,"1","F1FF11","1AAAA11A1AAAA1","5",,,,,,,,,,,
"7XCL4WP","2023-09-11T01:00:00","20.77","69.62",,,"1","5","2","5","7","4","1",,,,,,,,,"10052","2","4","8","284",,,"254",,,,,,,,,,,,,,,"220","9","798","172","5","0",,"1","F1FF11","1AAAA11A1AAAA1","5",,,,,,,,,,,
"7XCL4WP","2023-09-11T02:00:00","21.01","69.43",,,"1","5","2","5","7","4","1",,,,,,,,,"10053","2","7","8","283",,,"248",,,,,,,,,,,,,,,"220","19","798","172","5","0",,"2","F1FF11","1AAAA11A1AAAA1","5",,,,,,,,,,,
"WMCU","2023-09-11T02:00:00","24.50","60.00",,,"1","4","0","0","2","4","1",,,,,,,,,"10011","0","1","0","276","0","273","272",,,,,,"A",,,,,,,,,"220","40","992","114","5","0",,"2","F1FF13","1AAAA1111A8AA1",,"1",,,,,,,,,,"4"
"7XCL4WP","2023-09-11T03:00:00","21.25","69.24",,,"1","5","2","5","7","4","1",,,,,,,,,"10058","2","9","8","284",,,"243",,,,,,,,,,,,,,,"220","19","798","172","5","0",,"2","F1FF11","1AAAA11A1AAAA1","5",,,,,,,,,,,
"WMCU","2023-09-11T03:00:00","24.40","60.30",,,"1","5","2","5","2","4","1",,,,,,,,,"10019","3","5","8","283",,"269","265",,,,,"A",,"A","A",,,,,,,"220","40","798","172","5","1","2","2","F1FF11","1AAAA1111A8AA1","5",,,,,,,,,,,
"7XCL4WP","2023-09-11T04:00:00","21.49","69.06",,,"1","5","2","5","7","4","1",,,,,,,,,"10063","2","12","8","287",,,"244",,,,,,,,,,,,,,,"220","19","798","172","5","0",,"2","F1FF11","1AAAA11A1AAAA1","5",,,,,,,,,,,
"WMCU","2023-09-11T04:00:00","24.40","60.60",,,"1","5","2","5","2","4","1",,,,,,,,,"10030","3","18","8","298",,"275","268",,,,,"A",,"A","A",,,,,,,"220","40","798","172","5","1","2","2","F1FF11","1AAAA1111A8AA1","5",,,,,,,,,,,
"7XCL4WP","2023-09-11T05:00:00","21.77","68.92",,,"1","5","2","5","8","4","1",,,,,,,,,"10061","2","8","8","285",,,"245",,,,,,,,,,,,,,,"220","18","798","172","5","0",,"2","F1FF11","1AAAA11A1AAAA1","5",,,,,,,,,,,
"WMCU","2023-09-11T05:00:00","24.30","60.90",,,"1","5","2","5","2","4","1",,,,,,,,,"10041","3","30","8","303",,"274","265",,,,,"A",,"A","A",,,,,,,"220","40","798","172","5","1","2","2","F1FF11","1AAAA1111A8AA1","5",,,,,,,,,,,
"3FUY2","2023-09-11T06:00:00","21.60","62.80",,,"1","6","2","5","7","3","1",,"230","4","46","1","98","3","1","10020","7",,"8","300","0","280","273","3","280","3","3","1","5","0","1",,"4","2","30","4","2","220","12","798","172","5","0",,"2","111111","11111111111117","5",,"1",,,,,,,,,
"7XCL4WP","2023-09-11T06:00:00","22.05","68.83",,,"1","5","2","5","8","4","1",,,,,,,,,"10060","2","2","8","285",,,"246",,,,,,,,,,,,,,,"220","28","798","172","5","0",,"2","F1FF11","1AAAA11A1AAAA1","5",,,,,,,,,,,
"V7QS7","2023-09-11T06:00:00","23.00","60.90",,,"1","6","2","5","3","3","1",,"190","4","72","1","98","0","2","10050","1","10","8","280","0","260","253","1","270","8","8","7","2","5","7",,"4","4","15","4","4","220","30","798","172","5","0",,"2","111111","11111111111111","5",,"2",,,,,,,,,
"WMCU","2023-09-11T06:00:00","24.30","61.20",,,"1","5","2","5","2","4","1",,,,,,,,,"10043","1","23","8","309",,"275","264",,,,,"A",,"A","A",,,,,,,"220","41","798","172","5","1","2","2","F1FF11","1AAAA1111A8AA1","5",,,,,,,,,,,
"7XCL4WP","2023-09-11T07:00:00","22.35","68.83",,,"1","5","2","5","1","4","1",,,,,,,,,"10057","7","6","8","287",,,"253",,,,,,,,,,,,,,,"220","28","798","172","5","0",,"2","F1FF11","1AAAA11A1AAAA1","5",,,,,,,,,,,
"WMCU","2023-09-11T07:00:00","24.20","61.60",,,"1","5","2","5","2","4","1",,,,,,,,,"10041","0","11","8","315",,"276","263",,,,,"A",,"A","A",,,,,,,"220","41","798","172","5","1","2","2","F1FF11","1AAAA1111A8AA1","5",,,,,,,,,,,
"7XCL4WP","2023-09-11T08:00:00","22.61","68.98",,,"1","5","2","5","1","4","1",,,,,,,,,"10051","7","10","8","292",,,"251",,,,,,,,,,,,,,,"220","28","798","172","5","0",,"2","F1FF11","1AAAA11A1AAAA1","5",,,,,,,,,,,
"WMCU","2023-09-11T08:00:00","24.20","61.90",,,"1","5","2","5","2","4","1",,,,,,,,,"10036","8","5","8","320",,"279","266",,,,,"A",,"A","A",,,,,,,"220","41","798","172","5","1","2","2","F1FF11","1AAAA1111A8AA1","5",,,,,,,,,,,
"7XCL4WP","2023-09-11T09:00:00","22.58","69.28",,,"1","5","2","5","3","4","1",,,,,,,,,"10046","7","15","8","289",,,"255",,,,,,,,,,,,,,,"220","29","798","172","5","0",,"2","F1FF11","1AAAA11A1AAAA1","5",,,,,,,,,,,
"WMCU","2023-09-11T09:00:00","24.20","62.20",,,"1","5","2","5","2","4","1",,,,,,,,,"10034","8","9","8","314",,"276","264",,,,,"A",,"A","A",,,,,,,"220","42","798","172","5","1","2","2","F1FF11","1AAAA1111A8AA1","5",,,,,,,,,,,
"7XCL4WP","2023-09-11T10:00:00","22.62","69.55",,,"1","5","2","5","2","4","1",,,,,,,,,"10039","7","18","8","291",,,"253",,,,,,,,,,,,,,,"220","29","798","172","5","0",,"2","F1FF11","1AAAA11A1AAAA1","5",,,,,,,,,,,
"WMCU","2023-09-11T10:00:00","24.20","62.50",,,"1","5","2","5","2","4","1",,,,,,,,,"10027","8","14","8","317",,"281","269",,,,,"A",,"A","A",,,,,,,"220","42","798","172","5","1","2","2","F3FF11","1AAAA1111A8AA1","5",,,,,,,,,,,
"7XCL4WP","2023-09-11T11:00:00","22.65","69.70",,,"1","5","2","5","7","1","1",,,,,,,,,"10035","7","16","8","291",,,"250",,,,,,,,,,,,,,,"220","29","798","172","5","0",,"2","F1FF11","1AAAA11A1AAAA1","5",,,,,,,,,,,
"WMCU","2023-09-11T11:00:00","24.20","62.90",,,"1","5","2","5","2","4","1",,,,,,,,,"10023","8","13","8","317",,"278","265",,,,,"A",,"A","A",,,,,,,"220","42","798","172","5","1","2","2","F3FF11","1AAAA1111A8AA1","5",,,,,,,,,,,
"3FUY2","2023-09-11T12:00:00","22.30","61.80",,,"1","6","2","5","7","3","1",,"180","4","51",,,"2","1","10020","4","0","8","300","0","280","273","3","282","5","4","1","4","4","3",,"3","3","18","3","3","220","21","798","172","5","0",,"2","111111","11A11111111111","5",,"1",,,,,,,,,
"7XCL4WP","2023-09-11T12:00:00","22.66","69.70",,,"1","5","2","5","0","0","1",,,,,,,,,"10035","7","10","8","294",,,"251",,,,,,,,,,,,,,,"220","29","798","172","5","0",,"2","F1FF11","1AAAA11A1AAAA1","5",,,,,,,,,,,
"V7QS7","2023-09-11T12:00:00","22.20","62.10",,,"1","6","2","5","3","3","1",,"170","4","41","1","98",,,"10040","0","0","8","330","0","280","264","1","280","5","5","4","5","A","A",,"2","2","15","2","2","220","22","798","172","5","0",,"2","151111","111AA111111111","5",,,,,,,,,,,
"WMCU","2023-09-11T12:00:00","24.20","63.20",,,"1","5","2","5","2","4","1",,,,,,,,,"10023","6","10","8","313",,"276","264",,,,,"A",,"A","A",,,,,,,"220","43","798","172","5","1","2","2","F1FF11","1AAAA1111A8AA1","5",,,,,,,,,,,
"7XCL4WP","2023-09-11T13:00:00","22.65","69.70",,,"1","5","2","5","8","0","1",,,,,,,,,"10037","7","2","8","286",,,"254",,,,,,,,,,,,,,,"220","29","798","172","5","0",,"2","F1FF11","1AAAA11A1AAAA1","5",,,,,,,,,,,
"WMCU","2023-09-11T13:00:00","24.20","63.40",,,"1","5","2","5","2","4","1",,,,,,,,,"10025","5","2","8","299",,"270","261",,,,,"A",,"A","A",,,,,,,"220","43","798","172","5","1","2","2","F1FF11","1AAAA1111A8AA1","5",,,,,,,,,,,
"7XCL4WP","2023-09-11T14:00:00","22.66","69.71",,,"1","5","2","5","8","0","1",,,,,,,,,"10041","2","6","8","282",,,"252",,,,,,,,,,,,,,,"220","29","798","172","5","0",,"1","F1FF11","1AAAA11A1AAAA1","5",,,,,,,,,,,
"WMCU","2023-09-11T14:00:00","24.20","63.70",,,"1","4","0","0","2","4","1",,,,,,,,,"10028","3","5","0","278","0","260","254",,,,,,"A",,,,,,,,,"220","43","992","114","5","0",,"1","F1FF11","1AAAA1111A8AA1",,"1",,,,,,,,,,"4"
"7XCL4WP","2023-09-11T15:00:00","22.66","69.71",,,"1","5","2","5","1","0","1",,,,,,,,,"10046","2","11","8","285",,,"244",,,,,,,,,,,,,,,"220","29","798","172","5","0",,"1","F1FF11","1AAAA11A1AAAA1","5",,,,,,,,,,,
"WMCU","2023-09-11T15:00:00","24.20","64.00",,,"1","5","2","5","2","4","1",,,,,,,,,"10031","3","7","8","274",,"262","258",,,,,"A",,"A","A",,,,,,,"220","44","798","172","5","1","2","1","F1FF11","1AAAA1111A8AA1","5",,,,,,,,,,,
"7XCL4WP","2023-09-11T16:00:00","22.70","69.71",,,"1","5","2","5","1","2","1",,,,,,,,,"10053","2","16","8","283",,,"248",,,,,,,,,,,,,,,"220","29","798","172","5","0",,"1","F1FF11","1AAAA11A1AAAA1","5",,,,,,,,,,,
"WMCU","2023-09-11T16:00:00","24.30","64.30",,,"1","5","2","5","2","4","1",,,,,,,,,"10034","3","9","8","270",,"263","260",,,,,"A",,"A","A",,,,,,,"220","44","798","172","5","1","2","1","F1FF11","1AAAA1111A8AA1","5",,,,,,,,,,,
"7XCL4WP","2023-09-11T17:00:00","22.75","69.71",,,"1","5","2","5","6","0","1",,,,,,,,,"10057","2","15","8","281",,,"247",,,,,,,,,,,,,,,"220","29","798","172","5","0",,"1","F1FF11","1AAAA11A1AAAA1","5",,,,,,,,,,,
"WMCU","2023-09-11T17:00:00","24.30","64.60",,,"1","5","2","5","2","4","1",,,,,,,,,"10038","3","10","8","270",,"262","260",,,,,"A",,"A","A",,,,,,,"220","44","798","172","5","1","2","1","F1FF11","1AAAA1111A8AA1","5",,,,,,,,,,,
"7XCL4WP","2023-09-11T18:00:00","22.75","69.71",,,"1","5","2","5","0","0","1",,,,,,,,,"10056","2","9","8","280",,,"247",,,,,,,,,,,,,,,"220","29","798","172","5","0",,"1","F1FF11","1AAAA11A1AAAA1","5",,,,,,,,,,,
"V7QS7","2023-09-11T18:00:00","21.40","63.30",,,"1","6","2","5","3","3","1",,"180","4","72","1","98","1","2","10050","1","10","8","270","0","250","243","1","270","8","8","7","2","6","7",,"4","4","22","5","4","220","13","798","172","5","0",,"1","111111","11111111111111","5",,"2",,,,,,,,,
"WMCU","2023-09-11T18:00:00","24.30","64.90",,,"1","5","2","5","2","4","1",,,,,,,,,"10036","0","5","8","270",,"262","260",,,,,"A",,"A","A",,,,,,,"220","44","798","172","5","1","2","1","F1FF11","1AAAA1111A8AA1","5",,,,,,,,,,,
"7XCL4WP","2023-09-11T19:00:00","22.75","69.71",,,"1","5","2","5","0","0","1",,,,,,,,,"10053","7","1","8","279",,,"246",,,,,,,,,,,,,,,"220","29","798","172","5","0",,"1","F1FF11","1AAAA11A1AAAA1","5",,,,,,,,,,,
"WMCU","2023-09-11T19:00:00","24.30","65.20",,,"1","5","2","5","2","4","1",,,,,,,,,"10046","3","12","8","267",,"260","258",,,,,"A",,"A","A",,,,,,,"220","45","798","172","5","1","2","1","F1FF11","1AAAA1111A8AA1","5",,,,,,,,,,,
"7XCL4WP","2023-09-11T20:00:00","22.75","69.71",,,"1","5","2","5","0","0","1",,,,,,,,,"10049","7","8","8","280",,,"240",,,,,,,,,,,,,,,"220","29","798","172","5","0",,"1","F1FF11","1AAAA11A1AAAA1","5",,,,,,,,,,,
"7XCL4WP","2023-09-11T21:00:00","22.75","69.71",,,"1","5","2","5","0","0","1",,,,,,,,,"10040","7","15","8","280",,,"241",,,,,,,,,,,,,,,"220","29","798","172","5","0",,"1","F1FF11","1AAAA11A1AAAA1","5",,,,,,,,,,,
"WMCU","2023-09-11T21:00:00","24.30","65.70",,,"1","5","2","5","2","4","1",,,,,,,,,"10033","8","3","8","269",,"264","263",,,,,"A",,"A","A",,,,,,,"220","45","798","172","5","1","2","1","F1FF11","1AAAA1111A8AA1","5",,,,,,,,,,,
"7XCL4WP","2023-09-11T22:00:00","22.75","69.71",,,"1","5","2","5","0","0","1",,,,,,,,,"10037","7","15","8","278",,,"241",,,,,,,,,,,,,,,"220","29","798","172","5","0",,"1","F1FF11","1AAAA11A1AAAA1","5",,,,,,,,,,,
"WMCU","2023-09-11T22:00:00","24.30","66.00",,,"1","5","2","5","2","4","1",,,,,,,,,"10032","6","14","8","269",,"261","258",,,,,"A",,"A","A",,,,,,,"220","46","798","172","5","1","2","1","F1FF11","1AAAA1111A8AA1","5",,,,,,,,,,,
"7XCL4WP","2023-09-11T23:00:00","22.75","69.71",,,"1","5","2","5","0","0","1",,,,,,,,,"10041","7","7","8","278",,,"241",,,,,,,,,,,,,,,"220","29","798","172","5","0",,"1","F1FF11","1AAAA11A1AAAA1","5",,,,,,,,,,,
"V7DR9","2023-09-11T23:00:00","21.20","60.10",,,"1","6","2","5","4","3","1",,"200","3","77","1","97",,,"10056","4","0","8","270",,"250","243","3","286",,,"A",,"A","A",,,,,,,"220","10","798","172","5","1","2","1","111111","111AA111118AA1","5",,,,,,,,,,,
"WMCU","2023-09-11T23:00:00","24.30","66.30",,,"1","5","2","5","2","4","1",,,,,,,,,"10034","5","8","8","267",,"263","262",,,,,"A",,"A","A",,,,,,,"220","46","798","172","5","1","2","1","F1FF13","1AAAA1111A8AA1","5",,,,,,,,,,,
"7XCL4WP","2023-09-12T00:00:00","22.75","69.71",,,"1","5","2","5","0","0","1",,,,,,,,,"10045","2","4","8","278",,,"237",,,,,,,,,,,,,,,"220","29","798","172","5","0",,"1","F1FF11","1AAAA11A1AAAA1","5",,,,,,,,,,,
"V7QS7","2023-09-12T00:00:00","20.70","64.40",,,"1","6","2","5","3","3","1",,"210","4","77","1","98",,,"10050","0","0","8","270","0","250","243","1","280","4","4","3","4","A","A",,"2","2","18","2","2","220","4","798","172","5","0",,"1","111111","111AA111111111","5",,,,,,,,,,,
"WMCU","2023-09-12T00:00:00","24.40","66.60",,,"1","5","2","5","2","4","1",,,,,,,,,"10035","3","2","8","267",,"262","260",,,,,"A",,"A","A",,,,,,,"220","46","798","172","5","1","2","1","F1FF11","1AAAA1111A8AA1","5",,,,,,,,,,,
"7XCL4WP","2023-09-12T01:00:00","22.75","69.71",,,"1","5","2","5","0","0","1",,,,,,,,,"10047","2","9","8","277",,,"239",,,,,,,,,,,,,,,"220","29","798","172","5","0",,"1","F1FF11","1AAAA11A1AAAA1","5",,,,,,,,,,,
"V7DR9","2023-09-12T01:00:00","20.80","60.00",,,"1","6","2","5","4","3","1",,"200","3","72","1","97",,,"10066","0","10","8","270",,"250","243","3","284",,,"A",,"A","A",,,,,,,"220","0","798","172","5","1","2","1","111111","111AA111118AA1","5",,,,,,,,,,,
"WMCU","2023-09-12T01:00:00","24.40","66.90",,,"1","5","2","5","2","4","1",,,,,,,,,"10037","3","5","8","272",,"264","261",,,,,"A",,"A","A",,,,,,,"220","46","798","172","5","1","2","1","F1FF11","1AAAA1111A8AA1","5",,,,,,,,,,,
"7XCL4WP","2023-09-12T02:00:00","22.75","69.71",,,"1","5","2","5","0","0","1",,,,,,,,,"10054","2","12","8","280",,,"244",,,,,,,,,,,,,,,"220","29","798","172","5","0",,"2","F1FF11","1AAAA11A1AAAA1","5",,,,,,,,,,,
"7XCL4WP","2023-09-12T03:00:00","22.75","69.71",,,"1","5","2","5","0","0","1",,,,,,,,,"10062","2","17","8","288",,,"241",,,,,,,,,,,,,,,"220","29","798","172","5","0",,"2","F1FF11","1AAAA11A1AAAA1","5",,,,,,,,,,,
"V7A2307","2023-09-12T03:00:00","22.10","63.00",,,"1","4","0","0","5","3","1","0","250","3","113",,,"2",,"10050","4","0","0","290","0","270","262",,"300","2","2","1","4","A","A",,,"3","27",,"3","220","23","992","114","5","1","2","2","111111","11A1A111111331",,"1",,,,,,,,,,"4"
"WMCU","2023-09-12T03:00:00","24.70","67.10",,,"1","5","2","5","1","3","1",,,,,,,,,"10040","0","5","8","275",,"266","263",,,,,"A",,"A","A",,,,,,,"220","47","798","172","5","1","2","2","F1FF11","1AAAA1111A8AA1","5",,,,,,,,,,,
"7XCL4WP","2023-09-12T04:00:00","22.75","69.71",,,"1","5","2","5","0","0","1",,,,,,,,,"10063","2","17","8","291",,,"244",,,,,,,,,,,,,,,"220","29","798","172","5","0",,"2","F1FF11","1AAAA11A1AAAA1","5",,,,,,,,,,,
"WMCU","2023-09-12T04:00:00","24.70","67.30",,,"1","5","2","5","1","2","1",,,,,,,,,"10039","0","1","8","277",,"264","259",,,,,"A",,"A","A",,,,,,,"220","47","798","172","5","1","2","2","F1FF11","1AAAA1111A8AA1","5",,,,,,,,,,,
"7XCL4WP","2023-09-12T05:00:00","22.75","69.71",,,"1","5","2","5","0","0","1",,,,,,,,,"10067","2","14","8","286",,,"245",,,,,,,,,,,,,,,"220","29","798","172","5","0",,"2","F1FF11","1AAAA11A1AAAA1","5",,,,,,,,,,,
"WMCU","2023-09-12T05:00:00","24.70","67.30",,,"1","5","2","5","1","2","1",,,,,,,,,"10036","8","3","8","293",,"268","259",,,,,"A",,"A","A",,,,,,,"220","47","798","172","5","1","2","2","F1FF11","1AAAA1111A8AA1","5",,,,,,,,,,,
"3FMI2","2023-09-12T06:00:00","21.50","67.30",,,"1","6","2","5","5","3","1",,"250","3","62","1","98","3","0","10000","0",,"8","270","0","250","243","3","300","3","2","1","5","0","0",,"2","4","24","2","4","220","17","798","172","5","0",,"2","111111","11111111111117","5",,"0",,,,,,,,,
"7XCL4WP","2023-09-12T06:00:00","22.75","69.71",,,"1","5","2","5","0","0","1",,,,,,,,,"10066","2","5","8","300",,,"244",,,,,,,,,,,,,,,"220","29","798","172","5","0",,"2","F1FF11","1AAAA11A1AAAA1","5",,,,,,,,,,,
"WMCU","2023-09-12T06:00:00","24.70","67.30",,,"1","5","2","5","2","1","1",,,,,,,,,"10036","5","3","8","296",,"268","258",,,,,"A",,"A","A",,,,,,,"220","47","798","172","5","1","2","2","F1FF11","1AAAA1111A8AA1","5",,,,,,,,,,,
"7XCL4WP","2023-09-12T07:00:00","22.75","69.71",,,"1","5","2","5","0","0","1",,,,,,,,,"10061","7","2","8","298",,,"246",,,,,,,,,,,,,,,"220","29","798","172","5","0",,"2","F1FF11","1AAAA11A1AAAA1","5",,,,,,,,,,,
"WMCU","2023-09-12T07:00:00","24.70","67.30",,,"1","5","2","5","9","0","1",,,,,,,,,"10035","5","4","8","301",,"267","256",,,,,"A",,"A","A",,,,,,,"220","47","798","172","5","1","2","2","F1FF11","1AAAA1111A8AA1","5",,,,,,,,,,,
"7XCL4WP","2023-09-12T08:00:00","22.75","69.71",,,"1","5","2","5","0","0","1",,,,,,,,,"10050","7","17","8","298",,,"249",,,,,,,,,,,,,,,"220","29","798","172","5","0",,"2","F1FF11","1AAAA11A1AAAA1","5",,,,,,,,,,,
"7XCL4WP","2023-09-12T09:00:00","22.75","69.71",,,"1","5","2","5","0","0","1",,,,,,,,,"10042","7","24","8","300",,,"246",,,,,,,,,,,,,,,"220","29","798","172","5","0",,"2","F1FF11","1AAAA11A1AAAA1","5",,,,,,,,,,,
"WMCU","2023-09-12T09:00:00","24.70","67.30",,,"1","5","2","5","9","0","1",,,,,,,,,"10024","8","12","8","323",,"279","264",,,,,"A",,"A","A",,,,,,,"220","47","798","172","5","1","2","2","F5FF11","1AAAA1111A8AA1","5",,,,,,,,,,,
"7XCL4WP","2023-09-12T10:00:00","22.75","69.71",,,"1","5","2","5","0","0","1",,,,,,,,,"10038","7","23","8","303",,,"245",,,,,,,,,,,,,,,"220","29","798","172","5","0",,"2","F1FF11","1AAAA11A1AAAA1","5",,,,,,,,,,,
"7XCL4WP","2023-09-12T11:00:00","22.75","69.71",,,"1","5","2","5","0","0","1",,,,,,,,,"10036","7","14","8","299",,,"243",,,,,,,,,,,,,,,"220","29","798","172","5","0",,"2","F1FF11","1AAAA11A1AAAA1","5",,,,,,,,,,,
"3FMI2","2023-09-12T12:00:00","20.90","66.00",,,"1","6","2","5","6","3","1",,"250","3","41","1","98",,"0","10000","0",,"8","300","0","260","246","3","300","3","3","1","5","4","5",,"5","1",,,,"220","6","798","172","5","0",,"2","111111","111A11111111A7","5",,"0",,,,,,,,,
"7XCL4WP","2023-09-12T12:00:00","22.75","69.71",,,"1","5","2","5","0","0","1",,,,,,,,,"10038","7","4","8","299",,,"244",,,,,,,,,,,,,,,"220","29","798","172","5","0",,"2","F1FF11","1AAAA11A1AAAA1","5",,,,,,,,,,,
"V7A2307","2023-09-12T12:00:00","21.10","61.30",,,"1","6","2","5","5","3","1",,"230","3","113","1","98",,,"10070",,,"8","300",,"280","273","7","300","3","3","1","3","A","8",,"8","3","28","8","3","220","11","798","172","5","1","2","2","111111","111AA11111111A","5",,,,,,,,,,,
"WMCU","2023-09-12T12:00:00","24.70","67.30",,,"1","5","2","5","9","0","1",,,,,,,,,"10020","5","4","8","306",,"271","259",,,,,"A",,"A","A",,,,,,,"220","47","798","172","5","1","2","2","F3FF11","1AAAA1111A8AA1","5",,,,,,,,,,,
"7XCL4WP","2023-09-12T13:00:00","22.75","69.71",,,"1","5","2","5","0","0","1",,,,,,,,,"10044","2","6","8","289",,,"249",,,,,,,,,,,,,,,"220","29","798","172","5","0",,"2","F1FF11","1AAAA11A1AAAA1","5",,,,,,,,,,,
"7XCL4WP","2023-09-12T14:00:00","22.75","69.71",,,"1","5","2","5","0","0","1",,,,,,,,,"10051","2","14","8","285",,,"250",,,,,,,,,,,,,,,"220","29","798","172","5","0",,"1","F1FF11","1AAAA11A1AAAA1","5",,,,,,,,,,,
"WMCU","2023-09-12T14:00:00","24.70","67.30",,,"1","4","0","0","0","0","1",,,,,,,,,"10024","3","5","0","278","0","260","253",,,,,,"A",,,,,,,,,"220","47","992","114","5","0",,"1","F1FF11","1AAAA1111A8AA1",,"1",,,,,,,,,,"4"
"7XCL4WP","2023-09-12T15:00:00","22.75","69.71",,,"1","5","2","5","0","0","1",,,,,,,,,"10053","2","15","8","283",,,"249",,,,,,,,,,,,,,,"220","29","798","172","5","0",,"1","F1FF11","1AAAA11A1AAAA1","5",,,,,,,,,,,
"7XCL4WP","2023-09-12T16:00:00","22.75","69.71",,,"1","5","2","5","0","0","1",,,,,,,,,"10060","2","15","8","284",,,"245",,,,,,,,,,,,,,,"220","29","798","172","5","0",,"1","F1FF11","1AAAA11A1AAAA1","5",,,,,,,,,,,
"7XCL4WP","2023-09-12T17:00:00","22.75","69.71",,,"1","5","2","5","0","0","1",,,,,,,,,"10061","2","11","8","282",,,"249",,,,,,,,,,,,,,,"220","29","798","172","5","0",,"1","F1FF11","1AAAA11A1AAAA1","5",,,,,,,,,,,
"3FMI2","2023-09-12T18:00:00","20.20","64.60",,,"1","6","2","5","5","3","1",,"230","3","98","1","98","3","0","10010","1",,"8","270","0","250","243","3","300","3","3","1","5","0","0",,"3","4","23","3","4","220","4","798","172","5","0",,"1","111111","11111111111117","5",,"0",,,,,,,,,
"7XCL4WP","2023-09-12T18:00:00","22.68","69.71",,,"1","5","2","5","5","4","1",,,,,,,,,"10051","7","3","8","280",,,"252",,,,,,,,,,,,,,,"220","29","798","172","5","0",,"1","F1FF11","1AAAA11A1AAAA1","5",,,,,,,,,,,
"7XCL4WP","2023-09-12T19:00:00","22.63","69.44",,,"1","5","2","5","6","4","1",,,,,,,,,"10052","7","8","8","279",,,"252",,,,,,,,,,,,,,,"220","29","798","172","5","0",,"1","F1FF11","1AAAA11A1AAAA1","5",,,,,,,,,,,
"7XCL4WP","2023-09-12T20:00:00","22.64","69.13",,,"1","5","2","5","6","4","1",,,,,,,,,"10047","7","14","8","278",,,"250",,,,,,,,,,,,,,,"220","29","798","172","5","0",,"1","F1FF11","1AAAA11A1AAAA1","5",,,,,,,,,,,
"WMCU","2023-09-12T20:00:00","24.70","67.30",,,"1","5","2","5","9","0","1",,,,,,,,,"10028","6","9","8","266",,"262","261",,,,,"A",,"A","A",,,,,,,"220","47","798","172","5","1","2","1","F1FF13","1AAAA1111A8AA1","5",,,,,,,,,,,
"7XCL4WP","2023-09-12T21:00:00","22.51","68.88",,,"1","5","2","5","4","4","1",,,,,,,,,"10038","7","13","8","278",,,"255",,,,,,,,,,,,,,,"220","28","798","172","5","0",,"1","F1FF11","1AAAA11A1AAAA1","5",,,,,,,,,,,
"7XCL4WP","2023-09-12T22:00:00","22.28","68.66",,,"1","5","2","5","5","4","1",,,,,,,,,"10041","7","10","8","281",,,"251",,,,,,,,,,,,,,,"220","28","798","172","5","0",,"1","F1FF11","1AAAA11A1AAAA1","5",,,,,,,,,,,
"WMCU","2023-09-12T22:00:00","24.70","67.30",,,"1","5","2","5","9","0","1",,,,,,,,,"10024","8","7","8","262",,"261","261",,,,,"A",,"A","A",,,,,,,"220","47","798","172","5","1","2","1","F1FF13","1AAAA1111A8AA1","5",,,,,,,,,,,
"7XCL4WP","2023-09-12T23:00:00","22.12","68.37",,,"1","5","2","5","5","4","1",,,,,,,,,"10038","7","9","8","280",,,"245",,,,,,,,,,,,,,,"220","28","798","172","5","0",,"1","F1FF11","1AAAA11A1AAAA1","5",,,,,,,,,,,
"7XCL4WP","2023-09-13T00:00:00","21.96","68.09",,,"1","5","2","5","5","4","1",,,,,,,,,"10041","2","4","8","281",,,"242",,,,,,,,,,,,,,,"220","18","798","172","5","0",,"1","F1FF11","1AAAA11A1AAAA1","5",,,,,,,,,,,
"VROB9","2023-09-13T00:00:00","24.50","66.90",,,"1","6","2","5","9","0","1",,"230","4","113",,,,,"10070","4","0","8","300",,"260","243","1","260",,,"A",,"A","A",,,,,,,"220","46","798","172","5","1","2","1","111111","11AAA111118AA1","5",,,,,,,,,,,
"WMCU","2023-09-13T00:00:00","24.70","67.30",,,"1","5","2","5","9","0","1",,,,,,,,,"10019","5","8","8","266",,"261","260",,,,,"A",,"A","A",,,,,,,"220","47","798","172","5","1","2","1","F1FF11","1AAAA1111A8AA1","5",,,,,,,,,,,
"7XCL4WP","2023-09-13T01:00:00","21.81","67.81",,,"1","5","2","5","5","4","1",,,,,,,,,"10045","2","3","8","281",,,"245",,,,,,,,,,,,,,,"220","17","798","172","5","0",,"1","F1FF11","1AAAA11A1AAAA1","5",,,,,,,,,,,
"7XCL4WP","2023-09-13T02:00:00","21.66","67.52",,,"1","5","2","5","5","4","1",,,,,,,,,"10050","2","11","8","283",,,"245",,,,,,,,,,,,,,,"220","17","798","172","5","0",,"2","F1FF11","1AAAA11A1AAAA1","5",,,,,,,,,,,
"WMCU","2023-09-13T02:00:00","24.70","67.30",,,"1","5","2","5","9","0","1",,,,,,,,,"10025","3","6","8","269",,"264","262",,,,,"A",,"A","A",,,,,,,"220","47","798","172","5","1","2","2","F1FF11","1AAAA1111A8AA1","5",,,,,,,,,,,
"7XCL4WP","2023-09-13T03:00:00","21.51","67.23",,,"1","5","2","5","5","4","1",,,,,,,,,"10055","2","14","8","284",,,"244",,,,,,,,,,,,,,,"220","17","798","172","5","0",,"2","F1FF11","1AAAA11A1AAAA1","5",,,,,,,,,,,
"7XCL4WP","2023-09-13T04:00:00","21.37","66.94",,,"1","5","2","5","5","4","1",,,,,,,,,"10058","2","14","8","284",,,"244",,,,,,,,,,,,,,,"220","16","798","172","5","0",,"2","F1FF11","1AAAA11A1AAAA1","5",,,,,,,,,,,
"TBWUK53","2023-09-13T04:00:00","22.97","60.47",,,"1","6","2","5","3","3","1","5",,,,"1","97",,,"10059","0","20","8","291",,"251","233","1","280","5","5","7","A","7","0",,"8","5","22","9","3","220","20","798","172","5","0",,"2","117311","111AA111111111","5",,,,,,"0",,,,,
"WMCU","2023-09-13T04:00:00","24.70","67.30",,,"1","5","2","5","9","0","1",,,,,,,,,"10033","3","10","8","280",,"266","262",,,,,"A",,"A","A",,,,,,,"220","47","798","172","5","1","2","2","F1FF11","1AAAA1111A8AA1","5",,,,,,,,,,,
"7XCL4WP","2023-09-13T05:00:00","21.23","66.64",,,"1","5","2","5","5","4","1",,,,,,,,,"10058","2","9","8","284",,,"245",,,,,,,,,,,,,,,"220","16","798","172","5","0",,"2","F1FF11","1AAAA11A1AAAA1","5",,,,,,,,,,,
"7KCR","2023-09-13T06:00:00","20.30","67.60",,,"1","6","2","5","3","3","1",,"230",,"82","1","98","3",,"10062","0","2","8","280","0","260","253","1","300","6","6","9","7","6","2","23","8","2","34","6","4","220","7","798","172","5","0",,"2","111111","1111A111111111","5",,,,,,,,,,,
"7XCL4WP","2023-09-13T06:00:00","21.08","66.35",,,"1","5","2","5","5","4","1",,,,,,,,,"10057","2","2","8","285",,,"241",,,,,,,,,,,,,,,"220","16","798","172","5","0",,"2","F1FF11","1AAAA11A1AAAA1","5",,,,,,,,,,,
"9HYO7","2023-09-13T06:00:00","23.50","62.10",,,"1","6","2","5","3","4","1",,"170","4","62","1","97","2","0","10090","4","0","8","290",,,"264","1","283","3","3","0","6","4","0",,"3","2","22","3","5","220","32","798","172","5","1","2","2","111111","1111111A111111","5",,"0","20",,,,,,,,
"WMCU","2023-09-13T06:00:00","24.70","67.30",,,"1","5","2","5","9","0","1",,,,,,,,,"10032","0","4","8","293",,"270","263",,,,,"A",,"A","A",,,,,,,"220","47","798","172","5","1","2","2","F1FF11","1AAAA1111A8AA1","5",,,,,,,,,,,
"7XCL4WP","2023-09-13T07:00:00","20.93","66.05",,,"1","5","2","5","5","4","1",,,,,,,,,"10054","7","5","8","289",,,"247",,,,,,,,,,,,,,,"220","6","798","172","5","0",,"2","F1FF11","1AAAA11A1AAAA1","5",,,,,,,,,,,
"7XCL4WP","2023-09-13T08:00:00","20.79","65.75",,,"1","5","2","5","5","4","1",,,,,,,,,"10051","7","7","8","290",,,"246",,,,,,,,,,,,,,,"220","5","798","172","5","0",,"2","F1FF11","1AAAA11A1AAAA1","5",,,,,,,,,,,
"TBWUK53","2023-09-13T08:00:00","22.20","61.32",,,"1","6","2","5","3","4","1","5","235",,"134",,,,,"10060","0","0","8","291",,"281","277","1","280",,,,,,,,,,,,,"220","21","798","172","5","0",,"2","113111","11AAA11111AAA1","5",,,,,,,,,,,
"WMCU","2023-09-13T08:00:00","24.70","67.30",,,"1","5","2","5","9","0","1",,,,,,,,,"10023","8","13","8","312",,"278","267",,,,,"A",,"A","A",,,,,,,"220","47","798","172","5","1","2","2","F3FF11","1AAAA1111A8AA1","5",,,,,,,,,,,
"2ICI4","2023-09-13T09:00:00","21.70","68.50",,,"1","6","2","5","2","2","1",,"270","3","77","1","97","2","1","10043","7","13","8","300",,"280","273","3","286","6","3","2","4","6","3",,"4","2","23","9","4","220","18","798","172","5","1","2","2","111111","11111111111111","5",,"1",,,,,,,,,
"7XCL4WP","2023-09-13T09:00:00","20.64","65.45",,,"1","5","2","5","5","4","1",,,,,,,,,"10042","7","15","8","290",,,"244",,,,,,,,,,,,,,,"220","5","798","172","5","0",,"2","F1FF11","1AAAA11A1AAAA1","5",,,,,,,,,,,
"WMCU","2023-09-13T09:00:00","24.70","67.30",,,"1","5","2","5","9","0","1",,,,,,,,,"10015","8","17","8","322",,"279","265",,,,,"A",,"A","A",,,,,,,"220","47","798","172","5","1","2","2","F5FF11","1AAAA1111A8AA1","5",,,,,,,,,,,
"7XCL4WP","2023-09-13T10:00:00","20.50","65.15",,,"1","5","2","5","5","4","1",,,,,,,,,"10036","7","17","8","290",,,"244",,,,,,,,,,,,,,,"220","5","798","172","5","0",,"2","F1FF11","1AAAA11A1AAAA1","5",,,,,,,,,,,
"7XCL4WP","2023-09-13T11:00:00","20.35","64.86",,,"1","5","2","5","5","4","1",,,,,,,,,"10028","7","23","8","288",,,"245",,,,,,,,,,,,,,,"220","4","798","172","5","0",,"2","F1FF11","1AAAA11A1AAAA1","5",,,,,,,,,,,
"7XCL4WP","2023-09-13T12:00:00","20.21","64.57",,,"1","5","2","5","5","4","1",,,,,,,,,"10030","7","12","8","288",,,"237",,,,,,,,,,,,,,,"220","4","798","172","5","0",,"2","F1FF11","1AAAA11A1AAAA1","5",,,,,,,,,,,
"WMCU","2023-09-13T12:00:00","24.50","67.00",,,"1","5","2","5","5","2","1",,,,,,,,,"10011","5","4","8","284",,"266","260",,,,,"A",,"A","A",,,,,,,"220","47","798","172","5","1","2","2","F1FF11","1AAAA1111A8AA1","5",,,,,,,,,,,
"7XCL4WP","2023-09-13T13:00:00","20.07","64.28",,,"1","5","2","5","5","4","1",,,,,,,,,"10032","7","5","8","284",,,"241",,,,,,,,,,,,,,,"220","4","798","172","5","0",,"2","F1FF11","1AAAA11A1AAAA1","5",,,,,,,,,,,
"WMCU","2023-09-13T13:00:00","24.20","67.00",,,"1","5","2","5","5","3","1",,,,,,,,,"10013","3","3","8","282",,"266","260",,,,,"A",,"A","A",,,,,,,"220","47","798","172","5","1","2","2","F1FF11","1AAAA1111A8AA1","5",,,,,,,,,,,
"WMCU","2023-09-13T14:00:00","24.00","66.90",,,"1","5","2","5","4","3","1",,,,,,,,,"10020","3","14","8","277",,"267","263",,,,,"A",,"A","A",,,,,,,"220","46","798","172","5","1","2","1","F1FF11","1AAAA1111A8AA1","5",,,,,,,,,,,
"WMCU","2023-09-13T15:00:00","23.80","67.00",,,"1","5","2","5","4","3","1",,,,,,,,,"10026","3","15","8","276",,"269","266",,,,,"A",,"A","A",,,,,,,"220","37","798","172","5","1","2","1","F1FF11","1AAAA1111A8AA1","5",,,,,,,,,,,
"WMCU","2023-09-13T16:00:00","23.60","67.00",,,"1","5","2","5","4","3","1",,,,,,,,,"10033","3","20","8","276",,"268","266",,,,,"A",,"A","A",,,,,,,"220","37","798","172","5","1","2","1","F1FF11","1AAAA1111A8AA1","5",,,,,,,,,,,
"WMCU","2023-09-13T17:00:00","23.40","67.10",,,"1","5","2","5","4","3","1",,,,,,,,,"10043","3","23","8","275",,"269","267",,,,,"A",,"A","A",,,,,,,"220","37","798","172","5","1","2","1","F1FF11","1AAAA1111A8AA1","5",,,,,,,,,,,
"WMCU","2023-09-13T18:00:00","23.20","67.10",,,"1","5","2","5","4","3","1",,,,,,,,,"10044","1","17","8","276",,"269","266",,,,,"A",,"A","A",,,,,,,"220","37","798","172","5","1","2","1","F1FF11","1AAAA1111A8AA1","5",,,,,,,,,,,
"WMCU","2023-09-13T19:00:00","23.00","67.10",,,"1","5","2","5","4","3","1",,,,,,,,,"10039","0","6","8","277",,"269","267",,,,,"A",,"A","A",,,,,,,"220","37","798","172","5","1","2","1","F1FF11","1AAAA1111A8AA1","5",,,,,,,,,,,
"WMCU","2023-09-13T20:00:00","22.80","67.20",,,"1","5","2","5","4","3","1",,,,,,,,,"10039","5","4","8","277",,"268","265",,,,,"A",,"A","A",,,,,,,"220","27","798","172","5","1","2","1","F1FF11","1AAAA1111A8AA1","5",,,,,,,,,,,
"WMCU","2023-09-13T21:00:00","22.60","67.30",,,"1","5","2","5","4","3","1",,,,,,,,,"10041","5","2","8","277",,"266","263",,,,,"A",,"A","A",,,,,,,"220","27","798","172","5","1","2","1","F1FF11","1AAAA1111A8AA1","5",,,,,,,,,,,
"WMCU","2023-09-13T22:00:00","22.40","67.40",,,"1","5","2","5","3","3","1",,,,,,,,,"10037","8","2","8","277",,"268","265",,,,,"A",,"A","A",,,,,,,"220","27","798","172","5","1","2","1","F1FF11","1AAAA1111A8AA1","5",,,,,,,,,,,
"WMCU","2023-09-13T23:00:00","22.30","67.60",,,"1","5","2","5","3","3","1",,,,,,,,,"10040","3","1","8","276",,"267","264",,,,,"A",,"A","A",,,,,,,"220","27","798","172","5","1","2","1","F1FF11","1AAAA1111A8AA1","5",,,,,,,,,,,
"2ICI4","2023-09-14T00:00:00","21.60","68.40",,,"1","6","2","5","9","0","1",,"260","3","67","1","97","2","0","10047","5","1","8","280",,"260","252","3","270","0","0","0","9","0","0",,"5","4","23","9","4","220","18","798","172","5","1","2","1","111111","11111111111111","5",,"0",,,,,,,,,
"WMCU","2023-09-14T00:00:00","22.10","67.70",,,"1","4","0","0","3","3","1",,,,,,,,,"10043","3","2","0","276","0","267","264",,,,,,"A",,,,,,,,,"220","27","992","114","5","0",,"1","F1FF11","1AAAA1111A8AA1",,"1",,,,,,,,,,"4"
"WMCU","2023-09-14T01:00:00","21.90","67.90",,,"1","5","2","5","3","3","1",,,,,,,,,"10049","3","12","8","276",,"269","266",,,,,"A",,"A","A",,,,,,,"220","17","798","172","5","1","2","1","F1FF11","1AAAA1111A8AA1","5",,,,,,,,,,,
"WMCU","2023-09-14T02:00:00","21.70","68.00",,,"1","5","2","5","3","3","1",,,,,,,,,"10053","3","13","8","278",,"266","262",,,,,"A",,"A","A",,,,,,,"220","18","798","172","5","1","2","2","F1FF11","1AAAA1111A8AA1","5",,,,,,,,,,,
"WMCU","2023-09-14T03:00:00","21.60","68.20",,,"1","5","2","5","3","3","1",,,,,,,,,"10061","3","18","8","294",,"269","260",,,,,"A",,"A","A",,,,,,,"220","18","798","172","5","1","2","2","F1FF11","1AAAA1111A8AA1","5",,,,,,,,,,,
"AMOHK02","2023-09-14T04:00:00","24.50","66.90",,,"1","5","2","5","9",,"1",,,,,,,,,"10058",,,,,,,,,,,,,,,,,,,,,,"220","46","798","172","5","1","2","2","FFFF1F","1AAAA1AAAAAAAA","5",,,,,,,,,,,
"WMCU","2023-09-14T04:00:00","21.40","68.40",,,"1","5","2","5","3","3","1",,,,,,,,,"10063","0","14","8","307",,"278","269",,,,,"A",,"A","A",,,,,,,"220","18","798","172","5","1","2","2","F1FF11","1AAAA1111A8AA1","5",,,,,,,,,,,
"2ICI4","2023-09-14T05:00:00","21.60","68.40",,,"1","6","2","5","9","0","1",,"220","3","62","1","97","2","2","10063","3","10","8","300",,"260","243","3","280","4","4","7","2","4","7",,"4","4",,,,"220","18","798","172","5","1","2","2","111111","111111111111A1","5",,"2",,,,,,,,,
"AMOHK02","2023-09-14T05:00:00","24.50","66.90",,,"1","5","2","5","9",,"1",,,,,,,,,"10059",,,,,,,,,,,,,,,,,,,,,,"220","46","798","172","5","1","2","2","FFFF1F","1AAAA1AAAAAAAA","5",,,,,,,,,,,
"WMCU","2023-09-14T05:00:00","21.20","68.50",,,"1","5","2","5","3","3","1",,,,,,,,,"10064","1","10","8","320",,"284","272",,,,,"A",,"A","A",,,,,,,"220","18","798","172","5","1","2","2","F5FF11","1AAAA1111A8AA1","5",,,,,,,,,,,
"9HYO7","2023-09-14T06:00:00","21.40","67.70",,,"1","6","2","5","3","3","1",,"170","4","51","1","98","2","0","10065","4","0","8","310",,,"257","1","287","2","2","0","6","4","0",,"3","2","23","4","3","220","17","798","172","5","1","2","2","131111","1111111A111111","5",,"0","21",,,,,,,,
"AMOHK02","2023-09-14T06:00:00","24.70","66.90",,,"1","5","2","5","9",,"1",,,,,,,,,"10059",,,,,,,,,,,,,,,,,,,,,,"220","46","798","172","5","1","2","2","FFFF1F","1AAAA1AAAAAAAA","5",,,,,,,,,,,
"WMCU","2023-09-14T06:00:00","21.10","68.70",,,"1","4","0","0","3","3","1",,,,,,,,,"10063","0","2","0","324","0","283","269",,,,,,"A",,,,,,,,,"220","18","992","114","5","0",,"2","F5FF11","1AAAA1111A8AA1",,"1",,,,,,,,,,"4"
"AMOHK02","2023-09-14T07:00:00","24.80","67.00",,,"1","5","2","5","9",,"1",,,,,,,,,"10051",,,,,,,,,,,,,,,,,,,,,,"220","47","798","172","5","1","2","2","FFFF1F","1AAAA1AAAAAAAA","5",,,,,,,,,,,
"WMCU","2023-09-14T07:00:00","21.00","68.90",,,"1","5","2","5","3","3","1",,,,,,,,,"10057","8","6","8",,,"294","278",,,,,"A",,"A","A",,,,,,,"220","18","798","172","5","1","2","2","F7FF11","1AAAA1666A8AA1","5",,,,,,,,,,,
"AMOHK02","2023-09-14T08:00:00","24.80","67.00",,,"1","5","2","5","9",,"1",,,,,,,,,"10045",,,,,,,,,,,,,,,,,,,,,,"220","47","798","172","5","1","2","2","FFFF1F","1AAAA1AAAAAAAA","5",,,,,,,,,,,
"WMCU","2023-09-14T08:00:00","20.90","69.10",,,"1","5","2","5","3","3","1",,,,,,,,,"10052","8","11","8",,,"292","278",,,,,"A",,"A","A",,,,,,,"220","9","798","172","5","1","2","2","F7FF11","1AAAA1666A8AA1","5",,,,,,,,,,,
"AMOHK02","2023-09-14T09:00:00","24.80","67.00",,,"1","5","2","5","9",,"1",,,,,,,,,"10039",,,,,,,,,,,,,,,,,,,,,,"220","47","798","172","5","1","2","2","FFFF1F","1AAAA1AAAAAAAA","5",,,,,,,,,,,
"WMCU","2023-09-14T09:00:00","20.80","69.30",,,"1","5","2","5","2","3","1",,,,,,,,,"10045","8","18","8",,,,,,,,,"A",,"A","A",,,,,,,"220","9","798","172","5","1","2","2","F7FF11","1AAAA1999A8AA1","5",,,,,,,,,,,
"2ICI4","2023-09-14T10:00:00","21.50","68.40",,,"1","6","2","5","9","0","1",,"260","3","62","1","97","2","0","10038","7","18","8","310",,"270","254","3","286","4","3","2","5","4","2",,"4","2","13","9","4","220","18","798","172","5","1","2","2","111111","11111111111111","5",,"0",,,,,,,,,
"AMOHK02","2023-09-14T10:00:00","24.80","67.00",,,"1","5","2","5","9",,"1",,,,,,,,,"10036",,,,,,,,,,,,,,,,,,,,,,"220","47","798","172","5","1","2","2","FFFF1F","1AAAA1AAAAAAAA","5",,,,,,,,,,,
"WMCU","2023-09-14T10:00:00","20.80","69.50",,,"1","5","2","5","2","3","1",,,,,,,,,"10039","8","18","8",,,,,,,,,"A",,"A","A",,,,,,,"220","9","798","172","5","1","2","2","F7FF12","1AAAA1999A8AA1","5",,,,,,,,,,,
"AMOHK02","2023-09-14T11:00:00","24.80","67.00",,,"1","5","2","5","9",,"1",,,,,,,,,"10029",,,,,,,,,,,,,,,,,,,,,,"220","47","798","172","5","1","2","2","FFFF1F","1AAAA1AAAAAAAA","5",,,,,,,,,,,
"WMCU","2023-09-14T11:00:00","20.60","69.70",,,"1","5","2","5","3","3","1",,,,,,,,,"10038","6","15","8",,,,,,,,,"A",,"A","A",,,,,,,"220","9","798","172","5","1","2","2","F7FF11","1AAAA1999A8AA1","5",,,,,,,,,,,
"AMOHK02","2023-09-14T12:00:00","24.80","67.00",,,"1","5","2","5","9",,"1",,,,,,,,,"10030",,,,,,,,,,,,,,,,,,,,,,"220","47","798","172","5","1","2","2","FFFF1F","1AAAA1AAAAAAAA","5",,,,,,,,,,,
"WMCU","2023-09-14T12:00:00","20.60","69.90",,,"1","5","2","5","3","3","1",,,,,,,,,"10038","6","7","8",,,,,,,,,"A",,"A","A",,,,,,,"220","9","798","172","5","1","2","2","F7FF11","1AAAA1999A8AA1","5",,,,,,,,,,,
"AMOHK02","2023-09-14T13:00:00","24.80","67.00",,,"1","5","2","5","9",,"1",,,,,,,,,"10035",,,,,,,,,,,,,,,,,,,,,,"220","47","798","172","5","1","2","2","FFFF1F","1AAAA1AAAAAAAA","5",,,,,,,,,,,
"AMOHK02","2023-09-14T14:00:00","24.80","67.00",,,"1","5","2","5","9",,"1",,,,,,,,,"10038",,,,,,,,,,,,,,,,,,,,,,"220","47","798","172","5","1","2","1","FFFF1F","1AAAA1AAAAAAAA","5",,,,,,,,,,,
"AMOHK02","2023-09-14T15:00:00","24.80","67.00",,,"1","5","2","5","9",,"1",,,,,,,,,"10041",,,,,,,,,,,,,,,,,,,,,,"220","47","798","172","5","1","2","1","FFFF1F","1AAAA1AAAAAAAA","5",,,,,,,,,,,
"AMOHK02","2023-09-14T16:00:00","24.80","67.00",,,"1","5","2","5","9",,"1",,,,,,,,,"10047",,,,,,,,,,,,,,,,,,,,,,"220","47","798","172","5","1","2","1","FFFF1F","1AAAA1AAAAAAAA","5",,,,,,,,,,,
"AMOHK02","2023-09-14T17:00:00","24.80","67.00",,,"1","5","2","5","9",,"1",,,,,,,,,"10050",,,,,,,,,,,,,,,,,,,,,,"220","47","798","172","5","1","2","1","FFFF1F","1AAAA1AAAAAAAA","5",,,,,,,,,,,
"7KHY","2023-09-14T18:00:00","22.10","61.40",,,"1","6","2","5","3","3","1",,"180","4","82","1","98","3","1","10031","2","10","8","260","0","250","246","3","280","4",,"A","2","A","A",,"5","2",,,,"220","21","798","172","5","0",,"1","111111","111111111111A1","5",,"1",,,,,,,,,
"AMOHK02","2023-09-14T18:00:00","24.80","67.00",,,"1","5","2","5","9",,"1",,,,,,,,,"10051",,,,,,,,,,,,,,,,,,,,,,"220","47","798","172","5","1","2","1","FFFF1F","1AAAA1AAAAAAAA","5",,,,,,,,,,,
"AMOHK02","2023-09-14T19:00:00","24.80","67.00",,,"1","5","2","5","9",,"1",,,,,,,,,"10052",,,,,,,,,,,,,,,,,,,,,,"220","47","798","172","5","1","2","1","FFFF1F","1AAAA1AAAAAAAA","5",,,,,,,,,,,
"AMOHK02","2023-09-14T20:00:00","24.80","67.00",,,"1","5","2","5","9",,"1",,,,,,,,,"10053",,,,,,,,,,,,,,,,,,,,,,"220","47","798","172","5","1","2","1","FFFF1F","1AAAA1AAAAAAAA","5",,,,,,,,,,,
"AMOHK02","2023-09-14T21:00:00","24.80","67.00",,,"1","5","2","5","9",,"1",,,,,,,,,"10050",,,,,,,,,,,,,,,,,,,,,,"220","47","798","172","5","1","2","1","FFFF1F","1AAAA1AAAAAAAA","5",,,,,,,,,,,
"AMOHK02","2023-09-14T22:00:00","24.80","67.00",,,"1","5","2","5","9",,"1",,,,,,,,,"10048",,,,,,,,,,,,,,,,,,,,,,"220","47","798","172","5","1","2","1","FFFF1F","1AAAA1AAAAAAAA","5",,,,,,,,,,,
"AMOHK02","2023-09-14T23:00:00","24.80","67.00",,,"1","5","2","5","9",,"1",,,,,,,,,"10046",,,,,,,,,,,,,,,,,,,,,,"220","47","798","172","5","1","2","1","FFFF1F","1AAAA1AAAAAAAA","5",,,,,,,,,,,
"2ICI4","2023-09-15T00:00:00","21.50","68.40",,,"1","6","2","5","9","0","1",,"260","3","51","1","97","2","0","10049","2","2","8","280",,"260","252","3","274","0","0","0","9","0","0",,"5","2","13","9","4","220","18","798","172","5","1","2","1","111111","11111111111111","5",,"0",,,,,,,,,
"7KHY","2023-09-15T00:00:00","21.30","62.30",,,"1","6","2","5","3","2","1",,"160","4","62","1","98","2","1","10016","4","0","8","264","0","252","247","3","279","4","4","5","5","4","3",,,,,,,"220","12","798","172","5","0",,"1","111111","11111111111AA1","5",,"1",,,,,,,,,
"AMOHK02","2023-09-15T00:00:00","24.80","67.00",,,"1","5","2","5","9",,"1",,,,,,,,,"10046",,,,,,,,,,,,,,,,,,,,,,"220","47","798","172","5","1","2","1","FFFF1F","1AAAA1AAAAAAAA","5",,,,,,,,,,,
"AMOHK02","2023-09-15T01:00:00","24.80","67.00",,,"1","5","2","5","9",,"1",,,,,,,,,"10048",,,,,,,,,,,,,,,,,,,,,,"220","47","798","172","5","1","2","1","FFFF1F","1AAAA1AAAAAAAA","5",,,,,,,,,,,
"AMOHK02","2023-09-15T02:00:00","24.80","67.00",,,"1","5","2","5","9",,"1",,,,,,,,,"10050",,,,,,,,,,,,,,,,,,,,,,"220","47","798","172","5","1","2","2","FFFF1F","1AAAA1AAAAAAAA","5",,,,,,,,,,,
"AMOHK02","2023-09-15T03:00:00","24.80","67.00",,,"1","5","2","5","9",,"1",,,,,,,,,"10055",,,,,,,,,,,,,,,,,,,,,,"220","47","798","172","5","1","2","2","FFFF1F","1AAAA1AAAAAAAA","5",,,,,,,,,,,
"WMCS","2023-09-15T03:00:00","22.10","60.00",,,"1","5","2","5","8","5","1",,,,,,,,,"10060","3","17","8","274",,"259","254",,,,,"A",,"A","A",,,,,,,"220","20","798","172","5","1","2","2","F1FF11","1AAAA1111A8AA1","5",,,,,,,,,,,
"AMOHK02","2023-09-15T04:00:00","24.80","67.00",,,"1","5","2","5","9",,"1",,,,,,,,,"10058",,,,,,,,,,,,,,,,,,,,,,"220","47","798","172","5","1","2","2","FFFF1F","1AAAA1AAAAAAAA","5",,,,,,,,,,,
"WMCS","2023-09-15T04:00:00","22.40","60.00",,,"1","5","2","5","8","5","1",,,,,,,,,"10067","3","18","8","270",,"254","248",,,,,"A",,"A","A",,,,,,,"220","20","798","172","5","1","2","2","F1FF11","1AAAA1111A8AA1","5",,,,,,,,,,,
"2ICI4","2023-09-15T05:00:00","21.50","68.40",,,"1","6","2","5","9","0","1",,"250","3","15","1","97","2","2","10071","1","14","8","300",,"260","243","3","280","3","3","5","5","6","5",,,,,,,"220","18","798","172","5","1","2","2","111111","11111111111AA1","5",,"2",,,,,,,,,
"AMOHK02","2023-09-15T05:00:00","24.80","67.00",,,"1","5","2","5","9",,"1",,,,,,,,,"10059",,,,,,,,,,,,,,,,,,,,,,"220","47","798","172","5","1","2","2","FFFF1F","1AAAA1AAAAAAAA","5",,,,,,,,,,,
"7KHY","2023-09-15T06:00:00","20.60","63.10",,,"1","6","2","5","3","2","1",,"170","4","41","1","97","3","0","10051","1","10","8","300","0","270","258","3","280","5","3","6","3","7","4",,"3","2","23","3","2","220","3","798","172","5","0",,"2","111111","11111111111111","5",,"0",,,,,,,,,
"AMOHK02","2023-09-15T06:00:00","24.80","67.00",,,"1","4","0","0",,,"1",,,,,,,,,"10060",,,,,,,,,,,,,"A",,,,,,,,,"220","47","992","114","5","0",,"2","FFFF1F","1AAAA1AAAA8AAA",,"6",,,,,,,,,,"4"
"3FEM7","2023-09-15T08:00:00","23.60","60.40",,,"1","6","2","5","7","4","1",,,"4",,"1","98","3","1","10060","2",,"8","320","0","290","281","1","280","4","2","5","6","6","4",,"2","2","17","5","2","220","30","798","172","5","0",,"2","116111","11111111111117","5",,"1",,,,,,,,,
"2ICI4","2023-09-15T09:00:00","21.50","68.40",,,"1","6","2","5","9","0","1",,"260","3","51","1","97","2","0","10057","8","13","8","310",,"280","269","3","286","2","1","2","4","4","9",,"3","2","13","9","4","220","18","798","172","5","1","2","2","111111","11111111111111","5",,"0",,,,,,,,,
"9V3776","2023-09-15T11:00:00","21.20","62.10",,,"1","6","2","5","9",,"1",,"230","3","62","1","97","2",,"10040",,,"8","300",,,,"3","280",,,"A",,"A","A",,,"4",,,,"220","12","798","172","5","1","2","2","11111F","1111A11AA183AA","5",,,,,,,,,,,
"EUMDE61","2023-09-15T12:00:00","21.86","60.10",,,"1","5","2","5","8","4","1","5","185",,"51",,,,,"10031","7","15","8","288",,,"249",,,,,,,,,,,,,,,"220","10","798","172","5","0",,"2","F11111","11AAA11A1AAAA1","5",,,,,,,,,,,
"V7A4867","2023-09-15T12:00:00","21.20","62.10",,,"1","5","2","5","9",,"1",,,"4","0","1","93","8",,,,,"8","290",,,,,,"8",,,"A",,,,,"1",,,,"220","12","798","172","5","1","2","2","F111FF","1211AA1AAA17AA","5",,,,,,,,,,,
"EUMDE61","2023-09-15T13:00:00","22.12","60.11",,,"1","5","2","5","0","4","1","5","185",,"57",,,,,"10031","7","8","8","286",,,"249",,,,,,,,,,,,,,,"220","20","798","172","5","0",,"2","F11111","11AAA11A1AAAA1","5",,,,,,,,,,,
"EUMDE60","2023-09-15T14:00:00","22.92","60.13",,,"1","5","2","5","3","4","1",,"170",,"109",,,,,"10026","2","4","8","280",,,"252",,,,,,,,,,,,,,,"220","20","798","172","5","0",,"2","F11311","11AAA11A1AAAA1","5",,,,,,,,,,,
"EUMDE61","2023-09-15T14:00:00","22.38","60.10",,,"1","5","2","5","8","4","1",,"180",,"66",,,,,"10035","4","0","8","280",,,"253",,,,,,,,,,,,,,,"220","20","798","172","5","0",,"2","F11111","11AAA11A1AAAA1","5",,,,,,,,,,,
"EUMDE60","2023-09-15T15:00:00","22.75","60.36",,,"1","5","2","5","3","4","1","5","175",,"100",,,,,"10036","2","18","8","278",,,"250",,,,,,,,,,,,,,,"220","20","798","172","5","0",,"1","F11311","11AAA11A1AAAA1","5",,,,,,,,,,,
"EUMDE61","2023-09-15T15:00:00","22.61","60.07",,,"1","5","2","5","7","3","1","5","155",,"55",,,,,"10039","2","8","8","274",,,"257",,,,,,,,,,,,,,,"220","20","798","172","5","0",,"1","F11111","11AAA11A1AAAA1","5",,,,,,,,,,,
"EUMDE60","2023-09-15T16:00:00","22.57","60.58",,,"1","5","2","5","3","4","1",,"180",,"90",,,,,"10043","2","21","8","276",,,"250",,,,,,,,,,,,,,,"220","20","798","172","5","0",,"1","F11111","11AAA11A1AAAA1","5",,,,,,,,,,,
"TBWUK59","2023-09-15T16:00:00","21.70","60.22",,,"1","6","2","5","4","3","1",,,,,"1","97","2",,"10041","2","14","8","281",,"256","246","1","285","4","2","1","4","2",,,,,,,,"220","10","798","172","5","0",,"1","11FF11","1711A111111AA1","5",,,,,,,,,,,
"9V3776","2023-09-15T17:00:00","20.00","63.20",,,"1","6","2","5","9",,"1",,"180","3","51","1","97","2",,"10050",,,"8","280",,,,"3","290",,,"A",,"A","A",,,"3",,,,"220","3","798","172","5","1","2","1","11111F","1111A11AA183AA","5",,,,,,,,,,,
"EUMDE60","2023-09-15T17:00:00","22.39","60.81",,,"1","5","2","5","3","4","1","5","185",,"94",,,,,"10047","2","22","8","276",,,"252",,,,,,,,,,,,,,,"220","20","798","172","5","0",,"1","F11111","11AAA11A1AAAA1","5",,,,,,,,,,,
"9V8705","2023-09-15T18:00:00","20.60","64.20",,,"1","6","2","5","7","3","1",,"230","4","41","1","98","3","2","10060","4","0","8","280","0","250","237","1","300","8",,"7","2","A","A",,"3","4","25","2","3","220","4","798","172","5","1","2","1","111111","11111111111111","5",,"2",,,,"0","A","A",,"A",
"EUMDE60","2023-09-15T18:00:00","22.20","61.04",,,"1","5","2","5","3","4","1",,"180",,"92",,,,,"10050","2","14","8","276",,,"251",,,,,,,,,,,,,,,"220","21","798","172","5","0",,"1","F11111","11AAA11A1AAAA1","5",,,,,,,,,,,
"VTLD","2023-09-15T18:00:00","20.10","68.00",,,"1","6","2","5","7","3","1",,"240","4","51","1","97","3","2","10070",,,"8","260","0","240","231",,"300","7",,"7","3","7","A",,"4","2","31","5","3","220","8","798","172","5","0",,"1","111111","1111111111111A","5",,"2",,,,,,,,,
"EUMDE60","2023-09-15T19:00:00","22.01","61.26",,,"1","5","2","5","3","4","1","5","185",,"81",,,,,"10049","2","5","8","273",,,"249",,,,,,,,,,,,,,,"220","21","798","172","5","0",,"1","F11111","11AAA11A1AAAA1","5",,,,,,,,,,,
"EUMDE60","2023-09-15T20:00:00","21.81","61.47",,,"1","5","2","5","3","4","1",,"190",,"68",,,,,"10046","7","1","8","274",,,"250",,,,,,,,,,,,,,,"220","11","798","172","5","0",,"1","F11111","11AAA11A1AAAA1","5",,,,,,,,,,,
"EUMDE60","2023-09-15T21:00:00","21.60","61.68",,,"1","5","2","5","3","4","1",,"190",,"68",,,,,"10044","7","6","8","272",,,"248",,,,,,,,,,,,,,,"220","11","798","172","5","0",,"1","F11111","11AAA11A1AAAA1","5",,,,,,,,,,,
"EUMDE60","2023-09-15T22:00:00","21.40","61.89",,,"1","5","2","5","3","4","1",,"200",,"56",,,,,"10043","7","6","8","271",,,"255",,,,,,,,,,,,,,,"220","11","798","172","5","0",,"1","F11111","11AAA11A1AAAA1","5",,,,,,,,,,,
"EUMDE60","2023-09-15T23:00:00","21.20","62.08",,,"1","5","2","5","3","4","1","5","195",,"50",,,,,"10043","7","4","8","274",,,"249",,,,,,,,,,,,,,,"220","12","798","172","5","0",,"1","F11111","11AAA11A1AAAA1","5",,,,,,,,,,,
"EUMDE60","2023-09-16T00:00:00","21.02","62.29",,,"1","5","2","5","3","4","1","5","185",,"60",,,,,"10045","2","1","8","272",,,"247",,,,,,,,,,,,,,,"220","12","798","172","5","0",,"1","F11111","11AAA11A1AAAA1","5",,,,,,,,,,,
"VTLD","2023-09-16T00:00:00","20.80","66.90",,,"1","6","2","5","7","3","1",,"280","4","62","1","97","3","0","10050","4","0","8","280","0","250","237",,"300","4",,"5","6","A","A",,"6","5","24","5","4","220","6","798","172","5","0",,"1","111111","11111111111111","5",,"0",,,,,,,,,
"EUMDE60","2023-09-16T01:00:00","20.86","62.50",,,"1","5","2","5","3","4","1",,"180",,"63",,,,,"10047","2","4","8","273",,,"246",,,,,,,,,,,,,,,"220","2","798","172","5","0",,"1","F11111","11AAA11A1AAAA1","5",,,,,,,,,,,
"EUMDE60","2023-09-16T02:00:00","20.70","62.72",,,"1","5","2","5","3","4","1",,"180",,"62",,,,,"10051","2","8","8","273",,,"244",,,,,,,,,,,,,,,"220","2","798","172","5","0",,"2","F11111","11AAA11A1AAAA1","5",,,,,,,,,,,
"TBWUK68","2023-09-16T02:00:00","22.80","67.40",,,"1","6","2","5","3","4","1",,"260","4","72","1","98",,,"10047",,,"8","292",,"245","223","1","284","4","4","A","A","A","A",,"2","4",,,,"220","27","798","172","5","1","2","2","111111","111AA1111111AA","5",,,,,,,,,,,
"EUMDE60","2023-09-16T03:00:00","20.54","62.94",,,"1","5","2","5","3","4","1","5","205",,"61",,,,,"10060","2","16","8","275",,,"245",,,,,,,,,,,,,,,"220","2","798","172","5","0",,"2","F11111","11AAA11A1AAAA1","5",,,,,,,,,,,
"EUMDE60","2023-09-16T04:00:00","20.36","63.15",,,"1","5","2","5","3","4","1",,"230",,"43",,,,,"10067","2","20","8","281",,,"244",,,,,,,,,,,,,,,"220","3","798","172","5","0",,"2","F11111","11AAA11A1AAAA1","5",,,,,,,,,,,
"EUMDE60","2023-09-16T05:00:00","20.19","63.35",,,"1","5","2","5","3","4","1",,"200",,"67",,,,,"10069","2","19","8","284",,,"243",,,,,,,,,,,,,,,"220","3","798","172","5","0",,"2","F11111","11AAA11A1AAAA1","5",,,,,,,,,,,
"EUMDE60","2023-09-16T06:00:00","20.01","63.55",,,"1","5","2","5","3","4","1",,"190",,"58",,,,,"10063","2","3","8","282",,,"246",,,,,,,,,,,,,,,"220","3","798","172","5","0",,"2","F11111","11AAA11A1AAAA1","5",,,,,,,,,,,
"VTLD","2023-09-16T06:00:00","21.40","65.70",,,"1","6","2","5","7","3","1",,"260","4","62","1","97","3","1","10070",,,"8","330","0","280","261",,"300","5",,"5","5","6","2",,"4","2","31","6","3","220","15","798","172","5","0",,"2","151111","1111111111111A","5",,"1",,,,,,,,,
"9V8705","2023-09-16T18:00:00","22.20","62.80",,,"1","6","2","5","2","1","1",,"190","4","41","1","98","3","1","10050","4","0","8","280","0","250","237","1","300","6","6","4","6","A","A",,"2","3","28","2","2","220","22","798","172","5","0",,"1","111111","11111111111111","5",,"1",,,,"0","A","A",,"A",
"VTLD","2023-09-16T18:00:00","22.40","63.30",,,"1","6","2","5","7","3","1",,"200","4","46","1","97","3","1","10050",,,"8","260","0","240","231",,"300","4",,"5","5","6","A",,"5","2","31","6","3","220","23","798","172","5","0",,"1","111111","1111111111111A","5",,"1",,,,,,,,,
"MAOR9","2023-09-16T23:00:00","20.70","65.80",,,"1","6","2","5","7","4","1",,"240","3","72","1","98","25","8","10038","7","12","8","280",,"257","247","1","294","2","2","A","A","A","A",,,,,,,"220","5","798","172","5","1","2","1","111111","11111111111AA1","5",,"6",,,,,,,,,
"9V8705","2023-09-17T06:00:00","22.20","63.10",,,"1","6","2","5","2","1","1",,"250","4","31","1","98","3","2","10060","0","10","8","310","0","290","283","1","310","7","7","8","4","A","A",,"2","3","27","2","2","220","23","798","172","5","0",,"2","111111","11111111111111","5",,"2",,,,"0","A","A",,"A",
"MAOR9","2023-09-17T06:00:00","22.10","64.70",,,"1","6","2","5","6","4","1",,"270","3","41","1","98","2","2","10049","0","6","8","300",,"260","243","1","294","8","0","0","9","0","7",,"8","1","20","14","4","220","24","798","172","5","1","2","2","111111","11111111111111","5",,"2",,,,,,,,,
"VTLD","2023-09-17T06:00:00","23.60","60.70",,,"1","6","2","5","7","3","1",,"200","4","62","1","97","3","1","10040",,,"8","320","0","270","250",,"300","4",,"6","2","6","A",,"4","1","24","5","2","220","30","798","172","5","0",,"2","111111","1111111111111A","5",,"1",,,,,,,,,
"7KKB","2023-09-17T07:00:00","20.00","62.80",,,"1","6","2","5","7","4","1",,"240","3","15","1","98","2",,"10060","0",,"8","310","0","270","254","0","280","4","4","2","5","2","8",,"5","2","23","5","2","220","2","798","172","5","0",,"2","131111","1111A111111117","5",,,,,,,,,,,
"MAOR9","2023-09-17T11:00:00","22.10","63.20",,,"1","4","0","0","6","4","1","0","300","3","51",,"97","2","2","10021","7","18","0","295","0","265","253","1","297","7","2","1","4","A","8",,"1","0","25","8","5","220","23","992","114","5","1","2","2","111111","11111111111111",,"1","2","23","8","5",,,,,,"4"
"9V8705","2023-09-17T12:00:00","22.30","63.30",,,"1","6","2","5","2","1","1",,"220","4","31","1","98","0","0","10060","1","10","8","310","0","280","269","1","310","2","2","7","2","6","6",,,,,,,"220","23","798","172","5","0",,"2","111111","11111111111AA1","5",,"0",,,,,,,,,
"V7A4867","2023-09-17T12:00:00","22.50","60.10",,,"1","4","0","0",,,"1","0","361","4","72",,,"8",,,,,"0","280",,,,,,,,,"A",,,,,"1",,,,"220","20","992","114","5","1","2","2","F114FF","12A1AA1AAA83AA",,"1",,,,,,,,,,"4"
"9V8705","2023-09-17T18:00:00","22.40","63.40",,,"1","6","2","5","1","1","1",,"200","4","41","1","98","3","2","10030","5","10","8","280","0","250","237","1","300","7","7","8","3","A","A",,"2","3","28","2","2","220","23","798","172","5","0",,"1","111111","11111111111111","5",,"2",,,,"0","A","A",,"A",
"V7A5141","2023-09-17T18:00:00","20.60","63.80",,,"1","6","2","5","7","4","1",,"230","4","51","1","98",,,"10038","1","6","8","280","0","260","252","1","295",,,,,,,,,,,,,"220","3","798","172","5","0",,"1","111111","111AA11111AAA1","5",,,,,,,,,,,
"TBWUK50","2023-09-17T23:00:00","22.13","61.17",,,"1","6","2","5","7","4","1","5",,,,"1","98",,,"10015","8","6","8","281",,"261","253","1","280",,,,,,,,,,,,,"220","21","798","172","5","0",,"1","11FF11","171AA11111AAA1","5",,,,,,"0",,,,,
"V7A5141","2023-09-18T00:00:00","21.80","62.40",,,"1","6","2","5","7","4","1",,"220","4","51","1","98",,,"10021","7","3","8","270","0","260","256","1","289",,,,,,,,,"6",,,,"220","12","798","172","5","0",,"1","111111","111AA11111A3A1","5",,,,,,,,,,,
"WMCS","2023-09-18T01:00:00","24.40","60.20",,,"1","5","2","5","2","4","1",,,,,,,,,"10019","5","0","8","294",,"276","270",,,,,"A",,"A","A",,,,,,,"220","40","798","172","5","1","2","1","F1FF11","1AAAA1111A8AA1","5",,,,,,,,,,,
"WMCS","2023-09-18T02:00:00","24.40","60.50",,,"1","5","2","5","2","4","1",,,,,,,,,"10025","3","8","8","292",,"274","268",,,,,"A",,"A","A",,,,,,,"220","40","798","172","5","1","2","2","F1FF11","1AAAA1111A8AA1","5",,,,,,,,,,,
"WMCS","2023-09-18T03:00:00","24.30","60.80",,,"1","5","2","5","2","4","1",,,,,,,,,"10030","3","14","8","283",,"275","273",,,,,"A",,"A","A",,,,,,,"220","40","798","172","5","1","2","2","F1FF11","1AAAA1111A8AA1","5",,,,,,,,,,,
"WMCS","2023-09-18T04:00:00","24.20","61.10",,,"1","5","2","5","2","4","1",,,,,,,,,"10045","3","26","8","292",,"272","266",,,,,"A",,"A","A",,,,,,,"220","41","798","172","5","1","2","2","F1FF11","1AAAA1111A8AA1","5",,,,,,,,,,,
"WMCS","2023-09-18T05:00:00","24.20","61.40",,,"1","5","2","5","2","4","1",,,,,,,,,"10048","1","23","8","309",,"280","271",,,,,"A",,"A","A",,,,,,,"220","41","798","172","5","1","2","2","F1FF11","1AAAA1111A8AA1","5",,,,,,,,,,,
"9V8705","2023-09-18T06:00:00","23.00","63.00",,,"1","6","2","5","7","3","1",,"230","4","72","1","98","2","1","10040","0","10","8","300","0","280","273","1","300","7","7","A","A","7","A",,"2","3","23","2","2","220","33","798","172","5","0",,"2","111111","11111111111111","5",,"1",,,,"0","A","A",,"A",
"V7A5141","2023-09-18T06:00:00","23.00","61.20",,,"1","6","2","5","7","4","1",,"210","4","72","1","98",,,"10035","1","2","8","300","0","280","273","1","294","8","7","7","3","2","A",,"4","2","21","5","4","220","31","798","172","5","0",,"2","111111","111AA111111111","5",,,,,,,,,,,
"VRGO8","2023-09-18T06:00:00","20.40","69.00",,,"1","4","0","0","3","2","1","0","270","4","103",,"99",,"1","10069","4","0","0","300","0","280","273","1","300",,,,"A",,,,"3","1",,,,"220","9","992","114","5","1","2","2","111111","111A11111181A1",,"1","1",,,,,,,,,"4"
"WMCS","2023-09-18T06:00:00","24.20","61.70",,,"1","5","2","5","2","4","1",,,,,,,,,"10048","0","17","8","329",,"287","274",,,,,"A",,"A","A",,,,,,,"220","41","798","172","5","1","2","2","F3FF11","1AAAA1111A8AA1","5",,,,,,,,,,,
"WMCS","2023-09-18T07:00:00","24.20","62.00",,,"1","5","2","5","2","4","1",,,,,,,,,"10042","8","3","8",,,"293","280",,,,,"A",,"A","A",,,,,,,"220","42","798","172","5","1","2","2","F7FF11","1AAAA1111A8AA1","5",,,,,,,,,,,
"WMCS","2023-09-18T08:00:00","24.20","62.40",,,"1","4","0","0","2","4","1",,,,,,,,,"10035","8","13","0",,"0","300","285",,,,,,"A",,,,,,,,,"220","42","992","114","5","0",,"2","F7FF11","1AAAA1666A8AA1",,"1",,,,,,,,,,"4"
"WMCS","2023-09-18T09:00:00","24.20","62.70",,,"1","5","2","5","2","4","1",,,,,,,,,"10027","8","21","8",,,"300","284",,,,,"A",,"A","A",,,,,,,"220","42","798","172","5","1","2","2","F7FF11","1AAAA1666A8AA1","5",,,,,,,,,,,
"WMCS","2023-09-18T10:00:00","24.20","63.00",,,"1","5","2","5","2","4","1",,,,,,,,,"10021","6","21","8",,,,,,,,,"A",,"A","A",,,,,,,"220","43","798","172","5","1","2","2","F7FF11","1AAAA1999A8AA1","5",,,,,,,,,,,
"WMCS","2023-09-18T11:00:00","24.30","63.30",,,"1","5","2","5","2","4","1",,,,,,,,,"10014","6","21","8",,,,,,,,,"A",,"A","A",,,,,,,"220","43","798","172","5","1","2","2","F7FF11","1AAAA1999A8AA1","5",,,,,,,,,,,
"3EBY2","2023-09-18T12:00:00","20.60","63.00",,,"1","6","2","5","3","4","1",,"230","4","31","1","98","1","0","10109","6","10","8","290","0","270","262","3","290","3","1","4","8","7","8",,"6","2","23","6","2","220","3","798","172","5","0",,"2","111111","11111111111111","5",,"0",,,,,,,,,
"AWWB","2023-09-18T12:00:00","20.10","64.40",,,"1","6","2","5","1","3","1",,"270","4","103","1","95","1","0","10025","1","5","8","310",,,"257","1","290","7","7","0","4","1","0",,"10","2","20","10","2","220","4","798","172","5","1","2","2","131111","1114111A111111","5",,"0","20","10","2",,,,,,
"WMCS","2023-09-18T12:00:00","24.30","63.60",,,"1","5","2","5","2","4","1",,,,,,,,,"10016","5","10","8",,,,,,,,,"A",,"A","A",,,,,,,"220","43","798","172","5","1","2","2","F7FF11","1AAAA1999A8AA1","5",,,,,,,,,,,
"WMCS","2023-09-18T13:00:00","24.30","63.80",,,"1","5","2","5","2","4","1",,,,,,,,,"10020","5","1","8","330",,"290","277",,,,,"A",,"A","A",,,,,,,"220","43","798","172","5","1","2","2","F5FF11","1AAAA1111A8AA1","5",,,,,,,,,,,
"WMCS","2023-09-18T14:00:00","24.30","64.10",,,"1","5","2","5","2","3","1",,,,,,,,,"10023","3","8","8","294",,"270","262",,,,,"A",,"A","A",,,,,,,"220","44","798","172","5","1","2","1","F1FF11","1AAAA1111A8AA1","5",,,,,,,,,,,
"WMCS","2023-09-18T15:00:00","24.30","64.30",,,"1","5","2","5","2","3","1",,,,,,,,,"10031","3","15","8","287",,"271","265",,,,,"A",,"A","A",,,,,,,"220","44","798","172","5","1","2","1","F1FF11","1AAAA1111A8AA1","5",,,,,,,,,,,
"WMCS","2023-09-18T16:00:00","24.30","64.60",,,"1","5","2","5","2","3","1",,,,,,,,,"10035","3","15","8","289",,"270","264",,,,,"A",,"A","A",,,,,,,"220","44","798","172","5","1","2","1","F1FF11","1AAAA1111A8AA1","5",,,,,,,,,,,
"WMCS","2023-09-18T17:00:00","24.30","64.80",,,"1","5","2","5","2","3","1",,,,,,,,,"10045","3","22","8","285",,"269","263",,,,,"A",,"A","A",,,,,,,"220","44","798","172","5","1","2","1","F1FF11","1AAAA1111A8AA1","5",,,,,,,,,,,
"WMCS","2023-09-18T18:00:00","24.30","65.10",,,"1","5","2","5","2","3","1",,,,,,,,,"10042","0","11","8","286",,"268","262",,,,,"A",,"A","A",,,,,,,"220","45","798","172","5","1","2","1","F1FF11","1AAAA1111A8AA1","5",,,,,,,,,,,
"WMCS","2023-09-18T19:00:00","24.30","65.30",,,"1","5","2","5","2","3","1",,,,,,,,,"10043","0","8","8","278",,"266","262",,,,,"A",,"A","A",,,,,,,"220","45","798","172","5","1","2","1","F1FF11","1AAAA1111A8AA1","5",,,,,,,,,,,
"WMCS","2023-09-18T20:00:00","24.30","65.60",,,"1","5","2","5","2","3","1",,,,,,,,,"10044","5","1","8","277",,"268","265",,,,,"A",,"A","A",,,,,,,"220","45","798","172","5","1","2","1","F1FF11","1AAAA1111A8AA1","5",,,,,,,,,,,
"WMCS","2023-09-18T21:00:00","24.30","65.80",,,"1","5","2","5","2","3","1",,,,,,,,,"10041","8","2","8","276",,"267","264",,,,,"A",,"A","A",,,,,,,"220","45","798","172","5","1","2","1","F1FF11","1AAAA1111A8AA1","5",,,,,,,,,,,
"AWWB","2023-09-19T00:00:00","22.00","62.40",,,"1","6","2","5","1","3","1",,"280","4","77","1","95","1","0","10030","4","0","8","270",,,"243","1","290","6","6","0","4","1","0",,"10","2","30","10","2","220","22","798","172","5","1","2","1","111111","1114111A111111","5",,"0","30","10","2",,,,,,
"WMCS","2023-09-19T00:00:00","24.30","66.50",,,"1","5","2","5","2","3","1",,,,,,,,,"10043","3","2","8","275",,"271","269",,,,,"A",,"A","A",,,,,,,"220","46","798","172","5","1","2","1","F1FF11","1AAAA1111A8AA1","5",,,,,,,,,,,
"WMCS","2023-09-19T01:00:00","24.30","66.70",,,"1","5","2","5","2","3","1",,,,,,,,,"10046","3","8","8","274",,"272","271",,,,,"A",,"A","A",,,,,,,"220","46","798","172","5","1","2","1","F1FF13","1AAAA1111A8AA1","5",,,,,,,,,,,
"WMCS","2023-09-19T02:00:00","24.40","66.90",,,"1","5","2","5","2","4","1",,,,,,,,,"10049","0","9","8","275",,"272","271",,,,,"A",,"A","A",,,,,,,"220","46","798","172","5","1","2","2","F1FF13","1AAAA1111A8AA1","5",,,,,,,,,,,
"WMCS","2023-09-19T03:00:00","24.40","66.90",,,"1","5","2","5","2","2","1",,,,,,,,,"10056","3","13","8","291",,"277","273",,,,,"A",,"A","A",,,,,,,"220","46","798","172","5","1","2","2","F1FF11","1AAAA1111A8AA1","5",,,,,,,,,,,
"WMCS","2023-09-19T04:00:00","24.40","66.90",,,"1","5","2","5","1","1","1",,,,,,,,,"10059","3","13","8","296",,"278","272",,,,,"A",,"A","A",,,,,,,"220","46","798","172","5","1","2","2","F1FF11","1AAAA1111A8AA1","5",,,,,,,,,,,
"WMCS","2023-09-19T05:00:00","24.50","67.00",,,"1","5","2","5","1","1","1",,,,,,,,,"10063","1","14","8","292",,"278","274",,,,,"A",,"A","A",,,,,,,"220","47","798","172","5","1","2","2","F1FF11","1AAAA1111A8AA1","5",,,,,,,,,,,
"WMCS","2023-09-19T06:00:00","24.60","67.10",,,"1","5","2","5","1","2","1",,,,,,,,,"10064","1","8","8","292",,"279","276",,,,,"A",,"A","A",,,,,,,"220","47","798","172","5","1","2","2","F1FF11","1AAAA1111A8AA1","5",,,,,,,,,,,
"WMCS","2023-09-19T07:00:00","24.70","67.20",,,"1","5","2","5","1","2","1",,,,,,,,,"10056","8","3","8","324",,"291","281",,,,,"A",,"A","A",,,,,,,"220","47","798","172","5","1","2","2","F5FF11","1AAAA1111A8AA1","5",,,,,,,,,,,
"WMCS","2023-09-19T08:00:00","24.70","67.30",,,"1","4","0","0","1","2","1",,,,,,,,,"10046","8","17","0",,"0",,,,,,,,"A",,,,,,,,,"220","47","992","114","5","0",,"2","F7FF11","1AAAA1999A8AA1",,"1",,,,,,,,,,"4"
"WMCS","2023-09-19T09:00:00","24.70","67.30",,,"1","5","2","5","1","1","1",,,,,,,,,"10038","8","26","8",,,,,,,,,"A",,"A","A",,,,,,,"220","47","798","172","5","1","2","2","F7FF11","1AAAA1999A8AA1","5",,,,,,,,,,,
"WMCS","2023-09-19T10:00:00","24.70","67.30",,,"1","5","2","5","9","0","1",,,,,,,,,"10030","6","26","8",,,,,,,,,"A",,"A","A",,,,,,,"220","47","798","172","5","1","2","2","F7FF11","1AAAA1999A8AA1","5",,,,,,,,,,,
"WMCS","2023-09-19T11:00:00","24.70","67.30",,,"1","5","2","5","9","0","1",,,,,,,,,"10025","6","21","8",,,"297","284",,,,,"A",,"A","A",,,,,,,"220","47","798","172","5","1","2","2","F7FF11","1AAAA1666A8AA1","5",,,,,,,,,,,
"WMCS","2023-09-19T12:00:00","24.70","67.30",,,"1","5","2","5","9","0","1",,,,,,,,,"10027","5","11","8",,,"287","275",,,,,"A",,"A","A",,,,,,,"220","47","798","172","5","1","2","2","F7FF11","1AAAA1111A8AA1","5",,,,,,,,,,,
"WMCS","2023-09-19T13:00:00","24.70","67.30",,,"1","5","2","5","9","0","1",,,,,,,,,"10030","5","0","8","321",,"285","274",,,,,"A",,"A","A",,,,,,,"220","47","798","172","5","1","2","2","F5FF11","1AAAA1111A8AA1","5",,,,,,,,,,,
"EUMDE10","2023-09-19T14:00:00","20.07","64.00",,,"1","5","2","5","1","3","1",,"280",,"40",,,,,"10058","2","2","8","287",,,"259",,,,,,,,,,,,,,,"220","4","798","172","5","0",,"1","F11111","11AAA11A1AAAA1","5",,,,,,,,,,,
"WMCS","2023-09-19T14:00:00","24.70","67.30",,,"1","5","2","5","9","0","1",,,,,,,,,"10039","3","14","8","315",,"282","272",,,,,"A",,"A","A",,,,,,,"220","47","798","172","5","1","2","1","F5FF11","1AAAA1111A8AA1","5",,,,,,,,,,,
"EUMDE10","2023-09-19T15:00:00","20.16","64.22",,,"1","5","2","5","2","3","1",,"270",,"37",,,,,"10064","2","9","8","289",,,"259",,,,,,,,,,,,,,,"220","4","798","172","5","0",,"1","F11111","11AAA11A1AAAA1","5",,,,,,,,,,,
"WMCS","2023-09-19T15:00:00","24.70","67.30",,,"1","5","2","5","9","0","1",,,,,,,,,"10042","3","15","8","309",,"282","273",,,,,"A",,"A","A",,,,,,,"220","47","798","172","5","1","2","1","F3FF11","1AAAA1111A8AA1","5",,,,,,,,,,,
"EUMDE10","2023-09-19T16:00:00","20.25","64.44",,,"1","5","2","5","1","3","1","5","255",,"35",,,,,"10074","2","18","8","289",,,"255",,,,,,,,,,,,,,,"220","4","798","172","5","0",,"1","F11111","11AAA11A1AAAA1","5",,,,,,,,,,,
"WMCS","2023-09-19T16:00:00","24.70","67.30",,,"1","5","2","5","9","0","1",,,,,,,,,"10054","3","23","8","308",,"280","271",,,,,"A",,"A","A",,,,,,,"220","47","798","172","5","1","2","1","F3FF11","1AAAA1111A8AA1","5",,,,,,,,,,,
"9V7382","2023-09-19T17:00:00","20.20","64.50",,,"1","6","2","5","1","3","1",,"250","3","41","1","98","2","2","10073","3","20","8","280","0","240","224","3","300","4","4","4","8","A","A",,"5","2",,,,"220","4","798","172","5","0",,"1","111111","111111111111A1","5",,"2",,,,,,,,,
"EUMDE10","2023-09-19T17:00:00","20.33","64.66",,,"1","5","2","5","1","3","1",,"250",,"40",,,,,"10078","2","20","8","289",,,"254",,,,,,,,,,,,,,,"220","4","798","172","5","0",,"1","F11111","11AAA11A1AAAA1","5",,,,,,,,,,,
"WMCS","2023-09-19T17:00:00","24.70","67.30",,,"1","5","2","5","9","0","1",,,,,,,,,"10056","1","17","8","309",,"277","266",,,,,"A",,"A","A",,,,,,,"220","47","798","172","5","1","2","1","F3FF11","1AAAA1111A8AA1","5",,,,,,,,,,,
"EUMDE10","2023-09-19T18:00:00","20.43","64.87",,,"1","5","2","5","1","3","1","5","245",,"49",,,,,"10073","2","9","8","288",,,"260",,,,,,,,,,,,,,,"220","4","798","172","5","0",,"1","F11111","11AAA11A1AAAA1","5",,,,,,,,,,,
"EUMDE10","2023-09-19T19:00:00","20.52","65.08",,,"1","5","2","5","2","3","1","5","255",,"60",,,,,"10066","7","8","8","288",,,"258",,,,,,,,,,,,,,,"220","5","798","172","5","0",,"1","F11111","11AAA11A1AAAA1","5",,,,,,,,,,,
"WMCS","2023-09-19T19:00:00","24.70","67.30",,,"1","5","2","5","9","0","1",,,,,,,,,"10055","0","1","8","304",,"270","259",,,,,"A",,"A","A",,,,,,,"220","47","798","172","5","1","2","1","F1FF11","1AAAA1111A8AA1","5",,,,,,,,,,,
"EUMDE10","2023-09-19T20:00:00","20.60","65.30",,,"1","5","2","5","2","3","1",,"250",,"61",,,,,"10063","7","15","8","288",,,"263",,,,,,,,,,,,,,,"220","5","798","172","5","0",,"1","F11111","11AAA11A1AAAA1","5",,,,,,,,,,,
"WMCS","2023-09-19T20:00:00","24.70","67.30",,,"1","5","2","5","9","0","1",,,,,,,,,"10048","8","8","8","302",,"266","253",,,,,"A",,"A","A",,,,,,,"220","47","798","172","5","1","2","1","F1FF11","1AAAA1111A8AA1","5",,,,,,,,,,,
"EUMDE10","2023-09-19T21:00:00","20.68","65.52",,,"1","5","2","5","2","3","1","5","255",,"63",,,,,"10060","7","12","8","287",,,"262",,,,,,,,,,,,,,,"220","5","798","172","5","0",,"1","F11111","11AAA11A1AAAA1","5",,,,,,,,,,,
"WMCS","2023-09-19T21:00:00","24.70","67.30",,,"1","5","2","5","9","0","1",,,,,,,,,"10042","8","11","8","303",,"266","254",,,,,"A",,"A","A",,,,,,,"220","47","798","172","5","1","2","1","F1FF11","1AAAA1111A8AA1","5",,,,,,,,,,,
"EUMDE10","2023-09-19T22:00:00","20.77","65.73",,,"1","5","2","5","2","3","1",,"250",,"64",,,,,"10057","7","8","8","287",,,"265",,,,,,,,,,,,,,,"220","5","798","172","5","0",,"1","F11111","11AAA11A1AAAA1","5",,,,,,,,,,,
"EUMDE10","2023-09-19T23:00:00","20.85","65.95",,,"1","5","2","5","1","3","1",,"260",,"64",,,,,"10057","7","6","8","286",,,"263",,,,,,,,,,,,,,,"220","5","798","172","5","0",,"1","F11111","11AAA11A1AAAA1","5",,,,,,,,,,,
"EUMDE10","2023-09-20T00:00:00","20.95","66.16",,,"1","5","2","5","1","3","1","5","265",,"60",,,,,"10060","7","1","8","286",,,"262",,,,,,,,,,,,,,,"220","6","798","172","5","0",,"1","F11111","11AAA11A1AAAA1","5",,,,,,,,,,,
"EUMDE10","2023-09-20T01:00:00","21.04","66.38",,,"1","5","2","5","1","3","1",,"260",,"71",,,,,"10061","2","3","8","286",,,"261",,,,,,,,,,,,,,,"220","16","798","172","5","0",,"1","F11111","11AAA11A1AAAA1","5",,,,,,,,,,,
"EUMDE10","2023-09-20T02:00:00","21.12","66.57",,,"1","5","2","5","1","2","1",,"270",,"52",,,,,"10066","2","9","8","288",,,"262",,,,,,,,,,,,,,,"220","16","798","172","5","0",,"2","F11111","11AAA11A1AAAA1","5",,,,,,,,,,,
"EUMDE10","2023-09-20T03:00:00","21.18","66.72",,,"1","5","2","5","2","2","1",,"240",,"36",,,,,"10068","2","8","8","294",,,"265",,,,,,,,,,,,,,,"220","16","798","172","5","0",,"2","F11111","11AAA11A1AAAA1","5",,,,,,,,,,,
"EUMDE10","2023-09-20T04:00:00","21.23","66.85",,,"1","5","2","5","1","2","1","5","235",,"35",,,,,"10076","2","15","8","298",,,"265",,,,,,,,,,,,,,,"220","16","798","172","5","0",,"2","F11111","11AAA11A1AAAA1","5",,,,,,,,,,,
"9V7382","2023-09-20T05:00:00","21.20","66.90",,,"1","6","2","5","1","2","1",,"300","3","103","1","98","3","2","10076","3","15","8","290","0","270","263","3","270","5","5","7","8","A","A",,"7","2","22","8","3","220","16","798","172","5","0",,"2","111111","11111111111111","5",,"2",,,,,,,,,
"EUMDE10","2023-09-20T05:00:00","21.28","66.97",,,"1","5","2","5","1","2","1",,"290",,"49",,,,,"10077","2","11","8","290",,,"263",,,,,,,,,,,,,,,"220","16","798","172","5","0",,"2","F11111","11AAA11A1AAAA1","5",,,,,,,,,,,
"EUMDE10","2023-09-20T06:00:00","21.33","67.10",,,"1","5","2","5","1","2","1","5","245",,"35",,,,,"10073","2","6","8","310",,,"269",,,,,,,,,,,,,,,"220","17","798","172","5","0",,"2","F31111","11AAA11A1AAAA1","5",,,,,,,,,,,
"EUMDE10","2023-09-20T07:00:00","21.39","67.22",,,"1","5","2","5","1","2","1","5","285",,"56",,,,,"10064","7","12","8","292",,,"262",,,,,,,,,,,,,,,"220","17","798","172","5","0",,"2","F11111","11AAA11A1AAAA1","5",,,,,,,,,,,
"WMCS","2023-09-20T07:00:00","24.70","67.30",,,"1","5","2","5","9","0","1",,,,,,,,,"10047","8","13","8","316",,"281","271",,,,,"A",,"A","A",,,,,,,"220","47","798","172","5","1","2","2","F5FF11","1AAAA1111A8AA1","5",,,,,,,,,,,
"EUMDE10","2023-09-20T08:00:00","21.32","67.08",,,"1","5","2","5","5","2","1",,"270",,"116",,,,,"10047","7","30","8","289",,,"264",,,,,,,,,,,,,,,"220","17","798","172","5","0",,"2","F11111","11AAA11A1AAAA1","5",,,,,,,,,,,
"WMCS","2023-09-20T08:00:00","24.70","67.20",,,"1","5","2","5","6","1","1",,,,,,,,,"10038","8","22","8",,,,,,,,,"A",,"A","A",,,,,,,"220","47","798","172","5","1","2","2","F7FF11","1AAAA1999A8AA1","5",,,,,,,,,,,
"EUMDE10","2023-09-20T09:00:00","21.32","67.12",,,"1","5","2","5","1","2","1","5","285",,"60",,,,,"10052","7","21","8","293",,,"264",,,,,,,,,,,,,,,"220","17","798","172","5","0",,"2","F11111","11AAA11A1AAAA1","5",,,,,,,,,,,
"WMCS","2023-09-20T09:00:00","24.60","67.10",,,"1","5","2","5","5","2","1",,,,,,,,,"10027","8","28","8",,,"290","277",,,,,"A",,"A","A",,,,,,,"220","47","798","172","5","1","2","2","F7FF11","1AAAA1111A8AA1","5",,,,,,,,,,,
"EUMDE10","2023-09-20T10:00:00","21.39","67.28",,,"1","5","2","5","1","2","1","5","295",,"67",,,,,"10042","7","21","8","293",,,"259",,,,,,,,,,,,,,,"220","17","798","172","5","0",,"2","F11111","11AAA11A1AAAA1","5",,,,,,,,,,,
"WMCS","2023-09-20T10:00:00","24.40","66.90",,,"1","4","0","0","5","2","1",,,,,,,,,"10032","5","14","0","292","0","274","268",,,,,,"A",,,,,,,,,"220","46","992","114","5","0",,"2","F1FF11","1AAAA1111A8AA1",,"1",,,,,,,,,,"4"
"EUMDE10","2023-09-20T11:00:00","21.47","67.43",,,"1","5","2","5","1","2","1","5","285",,"59",,,,,"10039","7","8","8","291",,,"262",,,,,,,,,,,,,,,"220","17","798","172","5","0",,"2","F11111","11AAA11A1AAAA1","5",,,,,,,,,,,
"WMCS","2023-09-20T11:00:00","24.20","66.90",,,"1","5","2","5","5","3","1",,,,,,,,,"10030","5","8","8","292",,"272","265",,,,,"A",,"A","A",,,,,,,"220","46","798","172","5","1","2","2","F1FF11","1AAAA1111A8AA1","5",,,,,,,,,,,
"EUMDE10","2023-09-20T12:00:00","21.53","67.59",,,"1","5","2","5","2","2","1",,"270",,"46",,,,,"10038","7","15","8","290",,,"258",,,,,,,,,,,,,,,"220","17","798","172","5","0",,"2","F11111","11AAA11A1AAAA1","5",,,,,,,,,,,
"WMCS","2023-09-20T12:00:00","24.00","66.90",,,"1","5","2","5","4","3","1",,,,,,,,,"10038","3","11","8","271",,"267","265",,,,,"A",,"A","A",,,,,,,"220","46","798","172","5","1","2","2","F1FF11","1AAAA1111A8AA1","5",,,,,,,,,,,
"EUMDE10","2023-09-20T13:00:00","21.60","67.75",,,"1","5","2","5","1","2","1","5","235",,"45",,,,,"10036","7","7","8","290",,,"258",,,,,,,,,,,,,,,"220","17","798","172","5","0",,"2","F11111","11AAA11A1AAAA1","5",,,,,,,,,,,
"WMCS","2023-09-20T13:00:00","23.80","66.90",,,"1","6","2","5","4","3","1",,"320","4","51","1","97","80","2","10041","3","9","8","269",,"268","268","1","281","8","8","7","2","7","A",,"3","2","23","9","4","220","36","798","172","5","1","2","2","111113","11111111111111","5",,"1",,,,,,,,,
"EUMDE10","2023-09-20T14:00:00","21.66","67.91",,,"1","5","2","5","2","2","1",,"240",,"47",,,,,"10044","2","5","8","288",,,"259",,,,,,,,,,,,,,,"220","17","798","172","5","0",,"1","F11111","11AAA11A1AAAA1","5",,,,,,,,,,,
"WMCS","2023-09-20T14:00:00","23.60","66.90",,,"1","5","2","5","4","3","1",,,,,,,,,"10036","0","6","8","268",,"267","266",,,,,"A",,"A","A",,,,,,,"220","36","798","172","5","1","2","1","F1FF13","1AAAA1111A8AA1","5",,,,,,,,,,,
"EUMDE10","2023-09-20T15:00:00","21.73","68.08",,,"1","5","2","5","1","3","1",,"240",,"48",,,,,"10051","2","13","8","290",,,"248",,,,,,,,,,,,,,,"220","18","798","172","5","0",,"1","F11111","11AAA11A1AAAA1","5",,,,,,,,,,,
"WMCS","2023-09-20T15:00:00","23.30","66.90",,,"1","5","2","5","4","3","1",,,,,,,,,"10044","3","6","8","262",,"262","262",,,,,"A",,"A","A",,,,,,,"220","36","798","172","5","1","2","1","F1FF13","1AAAA1111A8AA1","5",,,,,,,,,,,
"EUMDE10","2023-09-20T16:00:00","21.80","68.25",,,"1","5","2","5","1","3","1",,"240",,"49",,,,,"10055","2","19","8","290",,,"244",,,,,,,,,,,,,,,"220","18","798","172","5","0",,"1","F11111","11AAA11A1AAAA1","5",,,,,,,,,,,
"WMCS","2023-09-20T16:00:00","23.10","67.00",,,"1","5","2","5","4","3","1",,,,,,,,,"10045","3","4","8","261",,"261","261",,,,,"A",,"A","A",,,,,,,"220","37","798","172","5","1","2","1","F1FF13","1AAAA1111A8AA1","5",,,,,,,,,,,
"EUMDE10","2023-09-20T17:00:00","21.87","68.42",,,"1","5","2","5","1","3","1","5","255",,"50",,,,,"10058","2","14","8","286",,,"252",,,,,,,,,,,,,,,"220","18","798","172","5","0",,"1","F11111","11AAA11A1AAAA1","5",,,,,,,,,,,
"WMCS","2023-09-20T17:00:00","22.90","67.10",,,"1","5","2","5","4","3","1",,,,,,,,,"10045","0","9","8","262",,"262","262",,,,,"A",,"A","A",,,,,,,"220","27","798","172","5","1","2","1","F1FF13","1AAAA1111A8AA1","5",,,,,,,,,,,
"EUMDE10","2023-09-20T18:00:00","21.96","68.58",,,"1","5","2","5","1","3","1","5","235",,"46",,,,,"10053","2","2","8","277",,,"240",,,,,,,,,,,,,,,"220","18","798","172","5","0",,"1","F11111","11AAA11A1AAAA1","5",,,,,,,,,,,
"WMCS","2023-09-20T18:00:00","22.80","67.30",,,"1","5","2","5","3","3","1",,,,,,,,,"10051","0","7","8","251",,"251","251",,,,,"A",,"A","A",,,,,,,"220","27","798","172","5","1","2","1","F1FF13","1AAAA1111A8AA1","5",,,,,,,,,,,
"EUMDE10","2023-09-20T19:00:00","22.05","68.74",,,"1","5","2","5","1","3","1",,"230",,"48",,,,,"10052","7","3","8","280",,,"243",,,,,,,,,,,,,,,"220","28","798","172","5","0",,"1","F11111","11AAA11A1AAAA1","5",,,,,,,,,,,
"WMCS","2023-09-20T19:00:00","22.60","67.50",,,"1","5","2","5","3","3","1",,,,,,,,,"10051","0","6","8","253",,"253","253",,,,,"A",,"A","A",,,,,,,"220","27","798","172","5","1","2","1","F1FF13","1AAAA1111A8AA1","5",,,,,,,,,,,
"EUMDE10","2023-09-20T20:00:00","22.20","68.80",,,"1","5","2","5","8","3","1",,"210",,"77",,,,,"10045","7","13","8","269",,,"236",,,,,,,,,,,,,,,"220","28","798","172","5","0",,"1","F11111","11AAA11A1AAAA1","5",,,,,,,,,,,
"WMCS","2023-09-20T20:00:00","22.50","67.60",,,"1","5","2","5","3","3","1",,,,,,,,,"10048","0","3","8","256",,"255","254",,,,,"A",,"A","A",,,,,,,"220","27","798","172","5","1","2","1","F1FF13","1AAAA1111A8AA1","5",,,,,,,,,,,
"EUMDE10","2023-09-20T21:00:00","22.38","68.83",,,"1","5","2","5","8","2","1","5","245",,"60",,,,,"10041","7","12","8","269",,,"240",,,,,,,,,,,,,,,"220","28","798","172","5","0",,"1","F11111","11AAA11A1AAAA1","5",,,,,,,,,,,
"WMCS","2023-09-20T21:00:00","22.30","67.80",,,"1","5","2","5","3","3","1",,,,,,,,,"10046","8","5","8","257",,"256","256",,,,,"A",,"A","A",,,,,,,"220","27","798","172","5","1","2","1","F1FF13","1AAAA1111A8AA1","5",,,,,,,,,,,
"EUMDE10","2023-09-20T22:00:00","22.53","68.91",,,"1","5","2","5","1","2","1",,"230",,"49",,,,,"10036","7","16","8","267",,,"242",,,,,,,,,,,,,,,"220","28","798","172","5","0",,"1","F11111","11AAA11A1AAAA1","5",,,,,,,,,,,
"WMCS","2023-09-20T22:00:00","22.10","67.90",,,"1","5","2","5","3","3","1",,,,,,,,,"10044","5","6","8","258",,"255","254",,,,,"A",,"A","A",,,,,,,"220","27","798","172","5","1","2","1","F1FF13","1AAAA1111A8AA1","5",,,,,,,,,,,
"EUMDE10","2023-09-20T23:00:00","22.63","69.03",,,"1","5","2","5","2","3","1","5","255",,"63",,,,,"10038","7","7","8","265",,,"242",,,,,,,,,,,,,,,"220","29","798","172","5","0",,"1","F11111","11AAA11A1AAAA1","5",,,,,,,,,,,
"3E2529","2023-09-21T00:00:00","21.70","61.90",,,"1","6","2","5","3","3","1",,"250","4","103","1","98","2",,"10040","4","0","8","280","0","270","266","3","290","4","2","4","5","6","2",,"2","4","22","2","4","220","11","798","172","5","0",,"1","111111","1111A111111111","5",,,,,,,,,,,
"EUMDE10","2023-09-21T00:00:00","22.62","69.20",,,"1","5","2","5","3","2","1","5","175",,"72",,,,,"10037","7","4","8","262",,,"242",,,,,,,,,,,,,,,"220","29","798","172","5","0",,"1","F11111","11AAA11A1AAAA1","5",,,,,,,,,,,
"WMCS","2023-09-21T00:00:00","21.80","68.20",,,"1","5","2","5","3","3","1",,,,,,,,,"10050","3","4","8","270",,"259","256",,,,,"A",,"A","A",,,,,,,"220","18","798","172","5","1","2","1","F1FF11","1AAAA1111A8AA1","5",,,,,,,,,,,
"EUMDE10","2023-09-21T01:00:00","22.60","69.37",,,"1","5","2","5","2","3","1",,"190",,"50",,,,,"10047","2","11","8","267",,,"241",,,,,,,,,,,,,,,"220","29","798","172","5","0",,"1","F11111","11AAA11A1AAAA1","5",,,,,,,,,,,
"WMCS","2023-09-21T01:00:00","21.60","68.40",,,"1","5","2","5","3","3","1",,,,,,,,,"10058","3","14","8","276",,"265","261",,,,,"A",,"A","A",,,,,,,"220","18","798","172","5","1","2","1","F1FF11","1AAAA1111A8AA1","5",,,,,,,,,,,
"EUMDE10","2023-09-21T02:00:00","22.63","69.55",,,"1","5","2","5","2","2","1",,"180",,"77",,,,,"10054","2","16","8","268",,,"244",,,,,,,,,,,,,,,"220","29","798","172","5","0",,"2","F11311","11AAA11A1AAAA1","5",,,,,,,,,,,
"WMCS","2023-09-21T02:00:00","21.40","68.60",,,"1","5","2","5","3","3","1",,,,,,,,,"10063","3","16","8","281",,"276","274",,,,,"A",,"A","A",,,,,,,"220","18","798","172","5","1","2","2","F1FF11","1AAAA1111A8AA1","5",,,,,,,,,,,
"EUMDE10","2023-09-21T03:00:00","22.60","69.73",,,"1","5","2","5","2","3","1","5","165",,"84",,,,,"10061","2","24","8","273",,,"244",,,,,,,,,,,,,,,"220","29","798","172","5","0",,"2","F11311","11AAA11A1AAAA1","5",,,,,,,,,,,
"WMCS","2023-09-21T03:00:00","21.30","68.70",,,"1","5","2","5","3","3","1",,,,,,,,,"10070","1","20","8","292",,"283","280",,,,,"A",,"A","A",,,,,,,"220","18","798","172","5","1","2","2","F1FF11","1AAAA1111A8AA1","5",,,,,,,,,,,
"EUMDE10","2023-09-21T04:00:00","22.71","69.73",,,"1","5","2","5","8","1","1","5","195",,"27",,,,,"10068","2","21","8","283",,,"243",,,,,,,,,,,,,,,"220","29","798","172","5","0",,"2","F11111","11AAA11A1AAAA1","5",,,,,,,,,,,
"WMCS","2023-09-21T04:00:00","21.10","68.80",,,"1","5","2","5","3","3","1",,,,,,,,,"10079","3","21","8","308",,"287","280",,,,,"A",,"A","A",,,,,,,"220","18","798","172","5","1","2","2","F1FF11","1AAAA1111A8AA1","5",,,,,,,,,,,
"EUMDE10","2023-09-21T05:00:00","22.74","69.71",,,"1","5","2","5","0","0","1",,,,,,,,,"10070","2","16","8","298",,,"249",,,,,,,,,,,,,,,"220","29","798","172","5","0",,"2","F1FF11","1AAAA11A1AAAA1","5",,,,,,,,,,,
"WMCS","2023-09-21T05:00:00","21.00","69.00",,,"1","5","2","5","3","3","1",,,,,,,,,"10080","1","17","8","315",,"289","281",,,,,"A",,"A","A",,,,,,,"220","19","798","172","5","1","2","2","F3FF11","1AAAA1111A8AA1","5",,,,,,,,,,,
"3E2529","2023-09-21T06:00:00","20.70","63.00",,,"1","6","2","5","3","3","1",,"290","4","93","1","98","1","2","10080","2","10","8","280","0","270","266","3","290",,,,,,,,,"3",,,,"220","3","798","172","5","0",,"2","111111","1111111111A3A1","5",,"2",,,,,,,,,
"EUMDE10","2023-09-21T06:00:00","22.74","69.71",,,"1","5","2","5","0","0","1",,,,,,,,,"10068","2","7","8","302",,,"248",,,,,,,,,,,,,,,"220","29","798","172","5","0",,"2","F1FF11","1AAAA11A1AAAA1","5",,,,,,,,,,,
"H3JW","2023-09-21T06:00:00","20.00","63.80",,,"1","6","2","5","7","3","1",,"260",,"103","1","98","2","2","10086","4","0","8","280","0","250","237","1",,"6","6","8","6","7","8","26","4","4","27","5","4","220","3","798","172","5","0",,"2","711111","11111111111111","5",,"2",,,,,,,,,
"WMCS","2023-09-21T06:00:00","20.90","69.20",,,"1","5","2","5","3","3","1",,,,,,,,,"10082","1","12","8","322",,"290","281",,,,,"A",,"A","A",,,,,,,"220","9","798","172","5","1","2","2","F5FF11","1AAAA1111A8AA1","5",,,,,,,,,,,
"EUMDE10","2023-09-21T07:00:00","22.74","69.71",,,"1","5","2","5","0","0","1",,,,,,,,,"10064","7","4","8","297",,,"248",,,,,,,,,,,,,,,"220","29","798","172","5","0",,"2","F1FF11","1AAAA11A1AAAA1","5",,,,,,,,,,,
"WMCS","2023-09-21T07:00:00","20.80","69.40",,,"1","5","2","5","3","3","1",,,,,,,,,"10081","0","2","8","326",,"291","281",,,,,"A",,"A","A",,,,,,,"220","9","798","172","5","1","2","2","F5FF11","1AAAA1111A8AA1","5",,,,,,,,,,,
"EUMDE10","2023-09-21T08:00:00","22.74","69.71",,,"1","5","2","5","0","0","1",,,,,,,,,"10056","7","13","8","296",,,"238",,,,,,,,,,,,,,,"220","29","798","172","5","0",,"2","F1FF11","1AAAA11A1AAAA1","5",,,,,,,,,,,
"WMCS","2023-09-21T08:00:00","20.70","69.60",,,"1","5","2","5","3","3","1",,,,,,,,,"10073","8","7","8",,,"297","286",,,,,"A",,"A","A",,,,,,,"220","9","798","172","5","1","2","2","F7FF11","1AAAA1111A8AA1","5",,,,,,,,,,,
"EUMDE10","2023-09-21T09:00:00","22.74","69.71",,,"1","5","2","5","0","0","1",,,,,,,,,"10048","7","20","8","298",,,"239",,,,,,,,,,,,,,,"220","29","798","172","5","0",,"2","F1FF11","1AAAA11A1AAAA1","5",,,,,,,,,,,
"WMCS","2023-09-21T09:00:00","20.70","69.70",,,"1","5","2","5","3","3","1",,,,,,,,,"10066","8","16","8",,,"298","286",,,,,"A",,"A","A",,,,,,,"220","9","798","172","5","1","2","2","F7FF11","1AAAA1666A8AA1","5",,,,,,,,,,,
"EUMDE10","2023-09-21T10:00:00","22.74","69.71",,,"1","5","2","5","0","0","1",,,,,,,,,"10040","7","24","8","305",,,"240",,,,,,,,,,,,,,,"220","29","798","172","5","0",,"2","F1FF11","1AAAA11A1AAAA1","5",,,,,,,,,,,
"WMCS","2023-09-21T10:00:00","20.60","69.90",,,"1","5","2","5","2","3","1",,,,,,,,,"10061","6","20","8",,,"298","286",,,,,"A",,"A","A",,,,,,,"220","9","798","172","5","1","2","2","F7FF11","1AAAA1666A8AA1","5",,,,,,,,,,,
"EUMDE10","2023-09-21T11:00:00","22.74","69.71",,,"1","5","2","5","0","0","1",,,,,,,,,"10040","7","17","8","298",,,"239",,,,,,,,,,,,,,,"220","29","798","172","5","0",,"2","F1FF11","1AAAA11A1AAAA1","5",,,,,,,,,,,
"MAOR9","2023-09-21T11:00:00","22.20","62.10",,,"1","6","2","5","2","4","1",,"250","3","103","1","97","25","8","10044","5","14","8","280",,,,"1","273","8","8","6","2","A","A",,"3","2","23","6","6","220","22","798","172","5","1","2","2","11111F","1111111AA11111","5",,"6",,,,,,,,,
"EUMDE10","2023-09-21T12:00:00","22.74","69.71",,,"1","5","2","5","0","0","1",,,,,,,,,"10043","7","5","8","294",,,"249",,,,,,,,,,,,,,,"220","29","798","172","5","0",,"2","F1FF11","1AAAA11A1AAAA1","5",,,,,,,,,,,
"H3JW","2023-09-21T12:00:00","20.90","63.00",,,"1","6","2","5","7","3","1",,"240",,"154","1","98","3","2","10046",,,"8","270","0","250","241","1","317","6","6","6","4","1","7",,,,,,,"220","3","798","172","5","0",,"2","513111","11111111111AAA","5",,"2",,,,,,,,,
"EUMDE10","2023-09-21T13:00:00","22.74","69.71",,,"1","5","2","5","0","0","1",,,,,,,,,"10047","2","7","8","281",,,"249",,,,,,,,,,,,,,,"220","29","798","172","5","0",,"2","F1FF11","1AAAA11A1AAAA1","5",,,,,,,,,,,
"EUMDE10","2023-09-21T14:00:00","22.74","69.71",,,"1","5","2","5","0","0","1",,,,,,,,,"10058","2","18","8","277",,,"249",,,,,,,,,,,,,,,"220","29","798","172","5","0",,"1","F1FF11","1AAAA11A1AAAA1","5",,,,,,,,,,,
"EUMDE10","2023-09-21T15:00:00","22.74","69.71",,,"1","5","2","5","0","0","1",,,,,,,,,"10065","2","22","8","275",,,"246",,,,,,,,,,,,,,,"220","29","798","172","5","0",,"1","F1FF11","1AAAA11A1AAAA1","5",,,,,,,,,,,
"EUMDE10","2023-09-21T16:00:00","22.74","69.71",,,"1","5","2","5","0","0","1",,,,,,,,,"10070","2","23","8","275",,,"245",,,,,,,,,,,,,,,"220","29","798","172","5","0",,"1","F1FF11","1AAAA11A1AAAA1","5",,,,,,,,,,,
"2ICI4","2023-09-21T17:00:00","21.90","68.50",,,"1","6","2","5","5","3","1",,"260","3","77","1","97","2","2","10058","1","17","8","280",,"250","237","3","280",,,"A",,"A","A",,"6","5",,,,"220","18","798","172","5","1","2","1","111111","111111111181A1","5",,"2",,,,,,,,,
"EUMDE10","2023-09-21T17:00:00","22.74","69.71",,,"1","5","2","5","0","0","1",,,,,,,,,"10072","2","14","8","273",,,"244",,,,,,,,,,,,,,,"220","29","798","172","5","0",,"1","F1FF11","1AAAA11A1AAAA1","5",,,,,,,,,,,
"2EIF7","2023-09-21T18:00:00","21.50","61.90",,,"1","6","2","5","3","3","1",,"210","4","87","1","97","2",,"10114","2",,"8","270","0","260","257",,"230","8","8","7","5","7","A",,"5","2","36","10","4","220","11","798","172","5","0",,"1","111111","1111A111111117","5",,,,,,,,,,,
"3FAZ9","2023-09-21T18:00:00","20.10","64.20",,,"1","6","2","5","1","1","1",,"250","4","72","1","98",,,"10098",,,"8","280","0","270","267","3","290",,,,,,,,,"2",,,,"220","4","798","172","5","0",,"1","111111","111AA11111A3AA","5",,,,,,,,,,,
"3FUY2","2023-09-21T18:00:00","22.00","62.20",,,"1","6","2","5","3","4","1",,"220","4","77",,,"2","2","10030","2",,"8","270","0","260","256","3","260",,,,,,,,,"2",,,,"220","22","798","172","5","0",,"1","111111","11A1111111A3A7","5",,"2",,,,,,,,,
"EUMDE10","2023-09-21T18:00:00","22.74","69.71",,,"1","5","2","5","0","0","1",,,,,,,,,"10067","2","2","8","272",,,"246",,,,,,,,,,,,,,,"220","29","798","172","5","0",,"1","F1FF11","1AAAA11A1AAAA1","5",,,,,,,,,,,
"MAOR9","2023-09-21T18:00:00","22.10","64.10",,,"1","6","2","5","2","3","1",,"240","3","103","1","97","2","2","10057","0","1","8","290",,"270","262","1","290","8","8","7","2","A","A",,,,,,,"220","24","798","172","5","1","2","1","111111","11111111111AA1","5",,"2",,,,,,,,,
"EUMDE10","2023-09-21T19:00:00","22.74","69.71",,,"1","5","2","5","0","0","1",,,,,,,,,"10067","7","3","8","271",,,"245",,,,,,,,,,,,,,,"220","29","798","172","5","0",,"1","F1FF11","1AAAA11A1AAAA1","5",,,,,,,,,,,
"EUMDE10","2023-09-21T20:00:00","22.74","69.71",,,"1","5","2","5","0","0","1",,,,,,,,,"10063","7","9","8","271",,,"247",,,,,,,,,,,,,,,"220","29","798","172","5","0",,"1","F1FF11","1AAAA11A1AAAA1","5",,,,,,,,,,,
"EUMDE10","2023-09-21T21:00:00","22.74","69.71",,,"1","5","2","5","0","0","1",,,,,,,,,"10060","7","7","8","273",,,"247",,,,,,,,,,,,,,,"220","29","798","172","5","0",,"1","F1FF11","1AAAA11A1AAAA1","5",,,,,,,,,,,
"EUMDE10","2023-09-21T22:00:00","22.74","69.71",,,"1","5","2","5","0","0","1",,,,,,,,,"10057","7","11","8","273",,,"248",,,,,,,,,,,,,,,"220","29","798","172","5","0",,"1","F1FF11","1AAAA11A1AAAA1","5",,,,,,,,,,,
"WTAA","2023-09-21T22:00:00","22.00","60.00",,,"1","5","2","5","8","4","1",,,,,,,,,"10048","6","15","8","272",,"263","259",,,,,"A",,"A","A",,,,,,,"220","20","798","172","5","1","2","1","F1FF11","1AAAA1111A8AA1","5",,,,,,,,,,,
"EUMDE10","2023-09-21T23:00:00","22.74","69.71",,,"1","5","2","5","0","0","1",,,,,,,,,"10056","7","7","8","273",,,"246",,,,,,,,,,,,,,,"220","29","798","172","5","0",,"1","F1FF11","1AAAA11A1AAAA1","5",,,,,,,,,,,
"MAOR9","2023-09-21T23:00:00","21.60","65.20",,,"1","6","2","5","3","3","1",,"270","3","118",,,"2","2","10051","5","5","8","288",,"268","260","1","293","8",,"A","A","A","A",,,,,,,"220","15","798","172","5","1","2","1","111111","11A11111111AA1","5",,"2",,,,,,,,,
"VROB9","2023-09-21T23:00:00","21.30","67.20",,,"1","6","2","5","5","3","1",,"240","4","93","1","97","2","2","10070","4","0","8","290",,"270","262","1","290",,,"A",,"A","A",,"5","3","23","8","4","220","17","798","172","5","1","2","1","111111","11111111118111","5",,"2",,,,,,,,,
"WTAA","2023-09-21T23:00:00","22.30","60.10",,,"1","6","2","5","8","4","1",,"220","4","118","1","97",,,"10044","6","12","8","265",,"257","254","3","276",,,"A",,"A","A",,,,,,,"220","20","798","172","5","1","2","1","111111","111AA111118AA1","5",,,,,,,,,,,
"EUMDE10","2023-09-22T00:00:00","22.74","69.71",,,"1","5","2","5","0","0","1",,,,,,,,,"10059","7","1","8","272",,,"246",,,,,,,,,,,,,,,"220","29","798","172","5","0",,"1","F1FF11","1AAAA11A1AAAA1","5",,,,,,,,,,,
"VROB9","2023-09-22T00:00:00","21.00","66.70",,,"1","4","2","0","5","3","1","0","250","4","108",,,"10",,"10070","4","0","0","320",,,"279","1","300",,,,"A",,,,,,,,,"220","16","992","114","5","0",,"1","151111","11A1A11A118AA1",,"3",,,,,"0","A","A","A","A","4"
"WTAA","2023-09-22T00:00:00","22.60","60.00",,,"1","6","2","5","8","4","1",,"210","4","103","1","97","5",,"10041","6","11","8","272",,"258","254","3","285",,,"A",,"A","A",,,,,,,"220","20","798","172","5","1","2","1","111111","1111A111118AA1","5",,,,,,,,,,,
"EUMDE10","2023-09-22T01:00:00","22.74","69.71",,,"1","5","2","5","0","0","1",,,,,,,,,"10063","2","7","8","272",,,"249",,,,,,,,,,,,,,,"220","29","798","172","5","0",,"1","F1FF11","1AAAA11A1AAAA1","5",,,,,,,,,,,
"VROB9","2023-09-22T01:00:00","21.00","66.70",,,"1","6","2","5","5","3","1",,"250","4","108",,,,,"10070","4","0","8","320",,"290","279","1","300",,,"A",,"A","A",,,,,,,"220","16","798","172","5","1","2","1","151111","11AAA111118AA1","5",,,,,,"0",,,,,
"EUMDE10","2023-09-22T02:00:00","22.74","69.71",,,"1","5","2","5","0","0","1",,,,,,,,,"10065","2","9","8","276",,,"249",,,,,,,,,,,,,,,"220","29","798","172","5","0",,"2","F1FF11","1AAAA11A1AAAA1","5",,,,,,,,,,,
"EUMDE10","2023-09-22T03:00:00","22.74","69.71",,,"1","5","2","5","0","0","1",,,,,,,,,"10073","2","14","8","285",,,"249",,,,,,,,,,,,,,,"220","29","798","172","5","0",,"2","F1FF11","1AAAA11A1AAAA1","5",,,,,,,,,,,
"EUMDE10","2023-09-22T04:00:00","22.74","69.71",,,"1","5","2","5","0","0","1",,,,,,,,,"10079","2","17","8","296",,,"249",,,,,,,,,,,,,,,"220","29","798","172","5","0",,"2","F1FF11","1AAAA11A1AAAA1","5",,,,,,,,,,,
"H3JW","2023-09-22T04:00:00","23.20","61.10",,,"1","6","2","5","7","3","1",,"220",,"72","1","98","2","2","10076",,,"8","270","0","240","226","1","317","6","6","6","4","1","7",,,,,,,"220","31","798","172","5","0",,"2","111111","11111111111AAA","5",,"2",,,,,,,,,
"EUMDE10","2023-09-22T05:00:00","22.74","69.71",,,"1","5","2","5","0","0","1",,,,,,,,,"10081","2","16","8","305",,,"249",,,,,,,,,,,,,,,"220","29","798","172","5","0",,"2","F1FF11","1AAAA11A1AAAA1","5",,,,,,,,,,,
"9HYO7","2023-09-22T06:00:00","22.80","64.10",,,"1","6","2","5","3","4","1",,"130","4","41","1","96","2","2","10100","4","0","8","310",,,"277","1","289","7","7","0","6","5","A",,"3","2","23","3","4","220","24","798","172","5","1","2","2","111111","1114111A111111","5",,"2",,,,,,,,,
"EUMDE10","2023-09-22T06:00:00","22.74","69.71",,,"1","5","2","5","0","0","1",,,,,,,,,"10078","2","5","8","308",,,"252",,,,,,,,,,,,,,,"220","29","798","172","5","0",,"2","F1FF11","1AAAA11A1AAAA1","5",,,,,,,,,,,
"H3JW","2023-09-22T06:00:00","23.60","60.80",,,"1","6","2","5","7","3","1",,"230",,"21","1","98","2","2","10066","4","0","8","280","0","250","237","1","327","5","5","5","6","7","8","23","3","2","20","4","3","220","30","798","172","5","0",,"2","311111","11111111111111","5",,"2",,,,,,,,,
"VRMD3","2023-09-22T06:00:00","21.80","66.50",,,"1","4","0","0","6","3","1","0","250","4","93",,"97","50","2","10070","8","10","0","280","0","250","237",,"310","8","6","7","4","7","0",,"5","3",,,,"220","16","992","114","5","0",,"2","311111","111111111111A1",,"1","2",,,,,,,,,"4"
"VTMV","2023-09-22T06:00:00","20.90","67.40",,,"1","6","2","5","6","3","1",,"270","4","118",,,,,"10080","0",,"8","300","0","290","287","1","300",,,,,,,,,,,,,"220","7","798","172","5","0",,"2","111111","11AAA11111AAA7","5",,,,,,,,,,,
"EUMDE10","2023-09-22T07:00:00","22.74","69.71",,,"1","5","2","5","0","0","1",,,,,,,,,"10070","7","9","8","312",,,"254",,,,,,,,,,,,,,,"220","29","798","172","5","0",,"2","F1FF11","1AAAA11A1AAAA1","5",,,,,,,,,,,
"EUMDE10","2023-09-22T08:00:00","22.74","69.71",,,"1","5","2","5","0","0","1",,,,,,,,,"10062","7","18","8","321",,,"251",,,,,,,,,,,,,,,"220","29","798","172","5","0",,"2","F3FF11","1AAAA11A1AAAA1","5",,,,,,,,,,,
"EUMDE10","2023-09-22T09:00:00","22.74","69.71",,,"1","5","2","5","0","0","1",,,,,,,,,"10054","7","23","8","311",,,"251",,,,,,,,,,,,,,,"220","29","798","172","5","0",,"2","F1FF11","1AAAA11A1AAAA1","5",,,,,,,,,,,
"EUMDE10","2023-09-22T10:00:00","22.74","69.71",,,"1","5","2","5","0","0","1",,,,,,,,,"10049","7","22","8","312",,,"255",,,,,,,,,,,,,,,"220","29","798","172","5","0",,"2","F1FF11","1AAAA11A1AAAA1","5",,,,,,,,,,,
"EUMDE10","2023-09-22T11:00:00","22.74","69.71",,,"1","5","2","5","0","0","1",,,,,,,,,"10046","7","17","8","300",,,"256",,,,,,,,,,,,,,,"220","29","798","172","5","0",,"2","F1FF11","1AAAA11A1AAAA1","5",,,,,,,,,,,
"EUMDE10","2023-09-22T12:00:00","22.74","69.71",,,"1","5","2","5","0","0","1",,,,,,,,,"10045","7","10","8","300",,,"253",,,,,,,,,,,,,,,"220","29","798","172","5","0",,"2","F1FF11","1AAAA11A1AAAA1","5",,,,,,,,,,,
"EUMDE10","2023-09-22T13:00:00","22.74","69.71",,,"1","5","2","5","0","0","1",,,,,,,,,"10048","7","1","8","296",,,"255",,,,,,,,,,,,,,,"220","29","798","172","5","0",,"2","F1FF11","1AAAA11A1AAAA1","5",,,,,,,,,,,
"EUMDE10","2023-09-22T14:00:00","22.74","69.71",,,"1","5","2","5","0","0","1",,,,,,,,,"10052","2","7","8","293",,,"262",,,,,,,,,,,,,,,"220","29","798","172","5","0",,"1","F1FF11","1AAAA11A1AAAA1","5",,,,,,,,,,,
"EUMDE10","2023-09-22T15:00:00","22.74","69.71",,,"1","5","2","5","0","0","1",,,,,,,,,"10063","2","18","8","290",,,"258",,,,,,,,,,,,,,,"220","29","798","172","5","0",,"1","F1FF11","1AAAA11A1AAAA1","5",,,,,,,,,,,
"EUMDE10","2023-09-22T16:00:00","22.74","69.71",,,"1","5","2","5","0","0","1",,,,,,,,,"10074","2","26","8","286",,,"259",,,,,,,,,,,,,,,"220","29","798","172","5","0",,"1","F1FF11","1AAAA11A1AAAA1","5",,,,,,,,,,,
"EUMDE10","2023-09-22T17:00:00","22.74","69.71",,,"1","5","2","5","0","0","1",,,,,,,,,"10079","2","26","8","283",,,"258",,,,,,,,,,,,,,,"220","29","798","172","5","0",,"1","F1FF11","1AAAA11A1AAAA1","5",,,,,,,,,,,
"3FAZ9","2023-09-22T18:00:00","20.40","64.50",,,"1","6","2","5","1","1","1",,"230","4","82","1","97",,,"10088",,,"8","290","0","270","263","3","290",,,,,,,,,,,,,"220","4","798","172","5","0",,"1","111111","111AA11111AAAA","5",,,,,,,,,,,
"EUMDE10","2023-09-22T18:00:00","22.74","69.71",,,"1","5","2","5","0","0","1",,,,,,,,,"10077","2","14","8","280",,,"257",,,,,,,,,,,,,,,"220","29","798","172","5","0",,"1","F1FF11","1AAAA11A1AAAA1","5",,,,,,,,,,,
"EUMDE10","2023-09-22T19:00:00","22.74","69.71",,,"1","5","2","5","0","0","1",,,,,,,,,"10073","7","1","8","278",,,"256",,,,,,,,,,,,,,,"220","29","798","172","5","0",,"1","F1FF11","1AAAA11A1AAAA1","5",,,,,,,,,,,
"EUMDE10","2023-09-22T20:00:00","22.70","69.74",,,"1","5","2","5","4","2","1","5","205",,"71",,,,,"10062","7","17","8","279",,,"257",,,,,,,,,,,,,,,"220","29","798","172","5","0",,"1","F11111","11AAA11A1AAAA1","5",,,,,,,,,,,
"EUMDE10","2023-09-22T21:00:00","22.64","69.57",,,"1","5","2","5","6","4","1","5","165",,"73",,,,,"10060","7","17","8","277",,,"262",,,,,,,,,,,,,,,"220","29","798","172","5","0",,"1","F11111","11AAA11A1AAAA1","5",,,,,,,,,,,
"EUMDE10","2023-09-22T22:00:00","22.60","69.32",,,"1","5","2","5","6","3","1","5","195",,"49",,,,,"10055","7","18","8","275",,,"260",,,,,,,,,,,,,,,"220","29","798","172","5","0",,"1","F11111","11AAA11A1AAAA1","5",,,,,,,,,,,
"EUMDE10","2023-09-22T23:00:00","22.64","69.09",,,"1","5","2","5","6","3","1","5","185",,"71",,,,,"10053","7","9","8","270",,,"261",,,,,,,,,,,,,,,"220","29","798","172","5","0",,"1","F11111","11AAA11A1AAAA1","5",,,,,,,,,,,
"EUMDE10","2023-09-23T00:00:00","22.54","68.89",,,"1","5","2","5","4","4","1","5","215",,"34",,,,,"10054","7","6","8","274",,,"257",,,,,,,,,,,,,,,"220","28","798","172","5","0",,"1","F11111","11AAA11A1AAAA1","5",,,,,,,,,,,
"EUMDE10","2023-09-23T01:00:00","22.31","68.77",,,"1","5","2","5","5","4","1",,"220",,"42",,,,,"10062","2","7","8","275",,,"259",,,,,,,,,,,,,,,"220","28","798","172","5","0",,"1","F11111","11AAA11A1AAAA1","5",,,,,,,,,,,
"EUMDE10","2023-09-23T02:00:00","22.04","68.74",,,"1","5","2","5","5","4","1","5","185",,"32",,,,,"10071","2","18","8","277",,,"263",,,,,,,,,,,,,,,"220","28","798","172","5","0",,"2","F11111","11AAA11A1AAAA1","5",,,,,,,,,,,
"EUMDE10","2023-09-23T03:00:00","21.89","68.52",,,"1","5","2","5","5","4","1",,"240",,"59",,,,,"10079","2","25","8","276",,,"250",,,,,,,,,,,,,,,"220","18","798","172","5","0",,"2","F11111","11AAA11A1AAAA1","5",,,,,,,,,,,
"EUMDE10","2023-09-23T04:00:00","21.67","68.42",,,"1","5","2","5","4","4","1","5","255",,"87",,,,,"10088","2","26","8","285",,,"256",,,,,,,,,,,,,,,"220","18","798","172","5","0",,"2","F11111","11AAA11A1AAAA1","5",,,,,,,,,,,
"9V7382","2023-09-23T05:00:00","21.50","68.40",,,"1","6","2","5","3","4","1",,"250","3","108","1","98","1","2","10088","1","24","8","310","0","250","227","3","280","4","4","4","8","A","A",,"4","1","21","9","3","220","18","798","172","5","0",,"2","111112","11111111111111","5",,"2",,,,,,,,,
"EUMDE10","2023-09-23T05:00:00","21.42","68.56",,,"1","5","2","5","3","4","1",,"260",,"92",,,,,"10091","2","20","8","288",,,"256",,,,,,,,,,,,,,,"220","18","798","172","5","0",,"2","F11111","11AAA11A1AAAA1","5",,,,,,,,,,,
"3FAZ9","2023-09-23T06:00:00","20.80","64.30",,,"1","6","2","5","7","3","1",,"270","4","98","1","97",,,"10088",,,"8","290","0","270","263","3","290",,,,,,,,,"2",,,,"220","4","798","172","5","0",,"2","111111","111AA11111A3AA","5",,,,,,,,,,,
"7KNE","2023-09-23T06:00:00","21.70","68.90",,,"1","6","2","5","8","2","1",,"250","4","87","1","97","2","1","10095","1","7","8","310","0","280","269",,"290","6","3","5","5","6","8",,"3","2","23","3","2","220","18","798","172","5","0",,"2","111111","11111111111111","5",,"1",,,,,,,,,
"EUMDE10","2023-09-23T06:00:00","21.16","68.68",,,"1","5","2","5","4","4","1","5","255",,"87",,,,,"10091","2","12","8","289",,,"255",,,,,,,,,,,,,,,"220","18","798","172","5","0",,"2","F11111","11AAA11A1AAAA1","5",,,,,,,,,,,
"EUMDE10","2023-09-23T07:00:00","20.90","68.80",,,"1","5","2","5","3","4","1","5","265",,"88",,,,,"10092","2","4","8","290",,,"253",,,,,,,,,,,,,,,"220","8","798","172","5","0",,"2","F11111","11AAA11A1AAAA1","5",,,,,,,,,,,
"EUMDE10","2023-09-23T08:00:00","20.65","68.94",,,"1","5","2","5","3","4","1","5","265",,"85",,,,,"10085","7","5","8","291",,,"253",,,,,,,,,,,,,,,"220","8","798","172","5","0",,"2","F11111","11AAA11A1AAAA1","5",,,,,,,,,,,
"V7A5868","2023-09-23T08:00:00","20.40","62.90",,,"1","6","2","5","7","3","1",,"300","4","123","1","98","0","1","10090","4","0","8","300",,,"260","0","300","5","5","2","7","8","0",,"10","4","30","10","4","220","2","798","172","5","1","2","2","111211","1111111A111111","5",,"1","31","12","4",,,,,,
"EUMDE10","2023-09-23T09:00:00","20.40","69.08",,,"1","5","2","5","3","4","1",,"270",,"83",,,,,"10081","7","10","8","291",,,"253",,,,,,,,,,,,,,,"220","9","798","172","5","0",,"2","F11111","11AAA11A1AAAA1","5",,,,,,,,,,,
"9V7382","2023-09-23T10:00:00","20.10","69.20",,,"1","6","2","5","3","4","1",,"270","3","87","1","98","2","2","10069","7","18","8","305","0","275","265","3","300","6","6","1","4","3","A",,"5","2",,,,"220","9","798","172","5","0",,"2","111111","111111111111A1","5",,"2",,,,,,,,,
"EUMDE10","2023-09-23T10:00:00","20.14","69.21",,,"1","5","2","5","3","4","1",,"270",,"77",,,,,"10074","7","17","8","291",,,"252",,,,,,,,,,,,,,,"220","9","798","172","5","0",,"2","F11111","11AAA11A1AAAA1","5",,,,,,,,,,,
"TBWUK50","2023-09-23T14:00:00","20.92","62.53",,,"1","6","2","5","3","2","1","5",,,,"1","97","1",,"10076","3","9","8","281",,"261","253","1","280",,,,,,,,,,,,,"220","2","798","172","5","0",,"1","11FF11","1711A11111AAA1","5",,,,,,,,,,,
"VRMD3","2023-09-23T23:00:00","23.20","62.60",,,"1","6","2","5","7","3","1",,"240","4","62",,,,,"10050",,,"8","280",,"260","252","7","310",,,"A",,"A","A",,,,,,,"220","32","798","172","5","1","2","1","111111","11AAA111118AAA","5",,,,,,,,,,,
"EUMDE61","2023-09-24T00:00:00","23.15","60.11",,,"1","5","2","5","3","3","1",,"200",,"46",,,,,"10057","7","3","8","281",,,"260",,,,,,,,,,,,,,,"220","30","798","172","5","0",,"1","F11111","11AAA11A1AAAA1","5",,,,,,,,,,,
"EUMDE61","2023-09-24T01:00:00","23.02","60.28",,,"1","5","2","5","3","3","1",,"230",,"47",,,,,"10063","2","7","8","278",,,"256",,,,,,,,,,,,,,,"220","30","798","172","5","0",,"1","F11111","11AAA11A1AAAA1","5",,,,,,,,,,,
"EUMDE61","2023-09-24T02:00:00","22.88","60.44",,,"1","5","2","5","3","3","1","5","225",,"67",,,,,"10071","2","16","8","279",,,"248",,,,,,,,,,,,,,,"220","20","798","172","5","0",,"2","F11111","11AAA11A1AAAA1","5",,,,,,,,,,,
"EUMDE61","2023-09-24T03:00:00","22.74","60.60",,,"1","5","2","5","3","3","1",,"220",,"65",,,,,"10077","2","20","8","275",,,"245",,,,,,,,,,,,,,,"220","20","798","172","5","0",,"2","F11111","11AAA11A1AAAA1","5",,,,,,,,,,,
"EUMDE61","2023-09-24T04:00:00","22.60","60.77",,,"1","5","2","5","3","3","1","5","215",,"61",,,,,"10087","2","24","8","273",,,"248",,,,,,,,,,,,,,,"220","20","798","172","5","0",,"2","F11111","11AAA11A1AAAA1","5",,,,,,,,,,,
"EUMDE61","2023-09-24T05:00:00","22.45","60.94",,,"1","5","2","5","3","3","1","5","225",,"73",,,,,"10089","2","17","8","274",,,"249",,,,,,,,,,,,,,,"220","20","798","172","5","0",,"2","F11111","11AAA11A1AAAA1","5",,,,,,,,,,,
"7KBT","2023-09-24T06:00:00","22.00","61.20",,,"1","6","2","5","7","2","1",,"270","4","82","1","98","2","2","10090","1","10","8","280","0","260","252","1","300","6","6","5","A","7","8",,"3","2","23","6","4","220","21","798","172","5","0",,"2","111111","11111111111111","5",,"2",,,,,,,,,
"EUMDE61","2023-09-24T06:00:00","22.30","61.11",,,"1","5","2","5","3","3","1","5","245",,"67",,,,,"10090","2","12","8","282",,,"251",,,,,,,,,,,,,,,"220","21","798","172","5","0",,"2","F11111","11AAA11A1AAAA1","5",,,,,,,,,,,
"EUMDE61","2023-09-24T07:00:00","22.15","61.29",,,"1","5","2","5","3","3","1",,"290",,"63",,,,,"10088","2","2","8","292",,,"255",,,,,,,,,,,,,,,"220","21","798","172","5","0",,"2","F11111","11AAA11A1AAAA1","5",,,,,,,,,,,
"TBWUK72","2023-09-24T07:00:00","23.07","60.47",,,"1","6","2","5","3","4","1",,"230",,"77","1","98",,"2","10063","8",,"8","311",,"281","270","1","290","4","0","1","4","1","1",,"4","1",,,,"220","30","798","172","5","0",,"2","111111","111A11111111A7","5",,"2",,,,,,,,,
"EUMDE61","2023-09-24T08:00:00","21.99","61.46",,,"1","5","2","5","3","3","1","5","295",,"69",,,,,"10084","7","5","8","298",,,"252",,,,,,,,,,,,,,,"220","11","798","172","5","0",,"2","F11111","11AAA11A1AAAA1","5",,,,,,,,,,,
"EUMDE61","2023-09-24T09:00:00","21.84","61.64",,,"1","5","2","5","3","3","1",,"310",,"64",,,,,"10079","7","11","8","300",,,"252",,,,,,,,,,,,,,,"220","11","798","172","5","0",,"2","F11111","11AAA11A1AAAA1","5",,,,,,,,,,,
"EUMDE61","2023-09-24T10:00:00","21.69","61.82",,,"1","5","2","5","3","3","1","5","315",,"56",,,,,"10073","7","15","8","296",,,"253",,,,,,,,,,,,,,,"220","11","798","172","5","0",,"2","F11111","11AAA11A1AAAA1","5",,,,,,,,,,,
"EUMDE61","2023-09-24T11:00:00","21.54","62.00",,,"1","5","2","5","3","3","1",,"310",,"58",,,,,"10068","7","15","8","293",,,"251",,,,,,,,,,,,,,,"220","12","798","172","5","0",,"2","F11111","11AAA11A1AAAA1","5",,,,,,,,,,,
"7KBT","2023-09-24T12:00:00","22.70","60.40",,,"1","6","2","5","7","3","1",,"260","4","41","1","98","2","0","10076",,,"8","290","0","270","262","1","310","3","3","1","4","4","4",,"1","2","24","1","3","220","20","798","172","5","0",,"2","111111","1111111111111A","5",,"0",,,,,,,,,
"EUMDE61","2023-09-24T12:00:00","21.39","62.17",,,"1","5","2","5","3","3","1",,"300",,"62",,,,,"10069","7","9","8","288",,,"256",,,,,,,,,,,,,,,"220","12","798","172","5","0",,"2","F11111","11AAA11A1AAAA1","5",,,,,,,,,,,
"EUMDE61","2023-09-24T13:00:00","21.25","62.34",,,"1","5","2","5","3","3","1","5","295",,"59",,,,,"10070","7","4","8","282",,,"259",,,,,,,,,,,,,,,"220","12","798","172","5","0",,"2","F11111","11AAA11A1AAAA1","5",,,,,,,,,,,
"EUMDE61","2023-09-24T14:00:00","21.11","62.49",,,"1","5","2","5","3","3","1","5","295",,"61",,,,,"10075","2","6","8","280",,,"258",,,,,,,,,,,,,,,"220","12","798","172","5","0",,"1","F11111","11AAA11A1AAAA1","5",,,,,,,,,,,
"EUMDE61","2023-09-24T15:00:00","20.98","62.65",,,"1","5","2","5","3","3","1",,"300",,"59",,,,,"10081","2","11","8","280",,,"255",,,,,,,,,,,,,,,"220","2","798","172","5","0",,"1","F11111","11AAA11A1AAAA1","5",,,,,,,,,,,
"EUMDE61","2023-09-24T16:00:00","20.84","62.81",,,"1","5","2","5","3","3","1",,"300",,"59",,,,,"10088","2","18","8","279",,,"254",,,,,,,,,,,,,,,"220","2","798","172","5","0",,"1","F11111","11AAA11A1AAAA1","5",,,,,,,,,,,
"EUMDE61","2023-09-24T17:00:00","20.71","62.96",,,"1","5","2","5","3","3","1","5","295",,"58",,,,,"10090","2","15","8","279",,,"256",,,,,,,,,,,,,,,"220","2","798","172","5","0",,"1","F11111","11AAA11A1AAAA1","5",,,,,,,,,,,
"EUMDE61","2023-09-24T18:00:00","20.58","63.12",,,"1","5","2","5","3","3","1","5","295",,"58",,,,,"10088","2","7","8","280",,,"255",,,,,,,,,,,,,,,"220","3","798","172","5","0",,"1","F11111","11AAA11A1AAAA1","5",,,,,,,,,,,
"EUMDE61","2023-09-24T19:00:00","20.45","63.27",,,"1","5","2","5","3","3","1","5","295",,"61",,,,,"10084","7","4","8","280",,,"255",,,,,,,,,,,,,,,"220","3","798","172","5","0",,"1","F11111","11AAA11A1AAAA1","5",,,,,,,,,,,
"EUMDE61","2023-09-24T20:00:00","20.31","63.42",,,"1","5","2","5","3","3","1",,"300",,"60",,,,,"10080","7","10","8","279",,,"253",,,,,,,,,,,,,,,"220","3","798","172","5","0",,"1","F11111","11AAA11A1AAAA1","5",,,,,,,,,,,
"EUMDE61","2023-09-24T21:00:00","20.17","63.57",,,"1","5","2","5","3","3","1","5","295",,"59",,,,,"10075","7","12","8","280",,,"257",,,,,,,,,,,,,,,"220","3","798","172","5","0",,"1","F11111","11AAA11A1AAAA1","5",,,,,,,,,,,
"EUMDE61","2023-09-24T22:00:00","20.04","63.72",,,"1","5","2","5","3","3","1",,"310",,"46",,,,,"10074","7","10","8","279",,,"252",,,,,,,,,,,,,,,"220","3","798","172","5","0",,"1","F11111","11AAA11A1AAAA1","5",,,,,,,,,,,
"OZDA2","2023-09-24T22:00:00","21.10","68.40",,,"1","6","2","5","7","4","1",,"250","3","103","1","97",,,"10089",,,"8","270",,,,"7","290",,,"A",,"A","A",,"1","2","25","1","2","220","18","798","172","5","1","2","1","11111F","111AA11AA1811A","5",,,,,,,,,,,
"OZDA2","2023-09-25T05:00:00","22.70","67.10",,,"1","6","2","5","8","4","1",,"270","3","98","1","97","2","2","10080",,,"8","285",,"270","264","7","280","4","3","1","3","1","A",,"5","2","23","9","2","220","27","798","172","5","1","2","2","111111","1111111111111A","5",,"2",,,,,,,,,
"VRFB8","2023-09-25T07:00:00","22.70","69.70",,,"1","5","2","5","9",,"1",,,,,,,,,"10075","8","6","8",,,,,,,,,"A",,"A","A",,,,,,,"220","29","798","172","5","1","2","2","F7FF14","1AAAA1999A8AA1","5",,,,,,,,,,,
"VRFB8","2023-09-25T08:00:00","22.70","69.70",,,"1","5","2","5","9",,"1",,,,,,,,,"10066","8","17","8",,,,,,,,,"A",,"A","A",,,,,,,"220","29","798","172","5","1","2","2","F7FF14","1AAAA1999A8AA1","5",,,,,,,,,,,
"VRFB8","2023-09-25T09:00:00","22.70","69.70",,,"1","5","2","5","9",,"1",,,,,,,,,"10060","8","20","8",,,,,,,,,"A",,"A","A",,,,,,,"220","29","798","172","5","1","2","2","F7FF14","1AAAA1999A8AA1","5",,,,,,,,,,,
"VRFB8","2023-09-25T10:00:00","22.70","69.70",,,"1","5","2","5","9","0","1",,,,,,,,,"10056","6","19","8",,,"283","263",,,,,"A",,"A","A",,,,,,,"220","29","798","172","5","1","2","2","F7FF12","1AAAA1666A8AA1","5",,,,,,,,,,,
"VRFB8","2023-09-25T11:00:00","22.70","69.70",,,"1","5","2","5","9","0","1",,,,,,,,,"10054","6","13","8","332",,"275","255",,,,,"A",,"A","A",,,,,,,"220","29","798","172","5","1","2","2","F5FF12","1AAAA1111A8AA1","5",,,,,,,,,,,
"9V8705","2023-09-25T12:00:00","22.90","61.20",,,"1","6","2","5","3","3","1",,"290","4","26","1","98","0","0","10070","0","0","8","340","0","300","287","1","320","1","1","1","5","1","1",,,,"36",,,"220","21","798","172","5","0",,"2","151111","11111111111A71","5",,"0","36",,,,,,,,
"VRFB8","2023-09-25T12:00:00","22.70","69.70",,,"1","5","2","5","9","0","1",,,,,,,,,"10057","5","2","8","313",,"267","251",,,,,"A",,"A","A",,,,,,,"220","29","798","172","5","1","2","2","F3FF11","1AAAA1111A8AA1","5",,,,,,,,,,,
"VRFB8","2023-09-25T13:00:00","22.70","69.70",,,"1","5","2","5","9","0","1",,,,,,,,,"10059","3","3","8","304",,"263","248",,,,,"A",,"A","A",,,,,,,"220","29","798","172","5","1","2","2","F1FF11","1AAAA1111A8AA1","5",,,,,,,,,,,
"WTAA","2023-09-25T13:00:00","24.40","61.10",,,"1","6","2","5","9",,"1",,"200","4","46","1","96","5",,"10043","6","7","8","311",,"269","255","3","302",,,"A",,"A","A",,,,,,,"220","41","798","172","5","1","2","2","111111","1111A111118AA1","5",,,,,,,,,,,
"VRFB8","2023-09-25T14:00:00","22.70","69.70",,,"1","5","2","5","9","0","1",,,,,,,,,"10062","3","8","8","285",,"256","245",,,,,"A",,"A","A",,,,,,,"220","29","798","172","5","1","2","1","F1FF11","1AAAA1111A8AA1","5",,,,,,,,,,,
"WTAA","2023-09-25T14:00:00","24.30","61.40",,,"1","6","2","5","9",,"1",,"200","4","41","1","96","5","0","10048","3","2","8","289",,"257","245","3","302","0","0","0","9","0","0",,,,,,,"220","41","798","172","5","1","2","2","111111","11111111111AA1","5",,"0",,,,,,,,,
"VRFB8","2023-09-25T15:00:00","22.60","69.50",,,"1","5","2","5","5","1","1",,,,,,,,,"10067","3","10","8","285",,"256","246",,,,,"A",,"A","A",,,,,,,"220","29","798","172","5","1","2","1","F1FF11","1AAAA1111A8AA1","5",,,,,,,,,,,
"WTAA","2023-09-25T15:00:00","24.30","61.80",,,"1","6","2","5","9",,"1",,"200","4","62","1","96","5","0","10050","3","7","8","280",,"257","249","3","304","0","0","0","9","0","0",,"3","1",,,,"220","41","798","172","5","1","2","1","111111","111111111111A1","5",,"0",,,,,,,,,
"C6UT5","2023-09-25T16:00:00","20.30","63.30",,,"1","6","2","5","7","4","1",,"270","4","77","1","98","2","2","10086","3","30","8","290",,"270","262","3","290","8","8","7","3","A","A",,"4","1","22","10","3","220","3","798","172","5","1","2","1","111111","11111111111111","5",,"2",,,,,,,,,
"VRFB8","2023-09-25T16:00:00","22.60","69.20",,,"1","5","2","5","6","2","1",,,,,,,,,"10075","3","16","8","279",,"252","242",,,,,"A",,"A","A",,,,,,,"220","29","798","172","5","1","2","1","F1FF11","1AAAA1111A8AA1","5",,,,,,,,,,,
"WTAA","2023-09-25T16:00:00","24.20","62.20",,,"1","5","2","5","2","5","1",,,,,,,,,"10058","3","15","8","278",,"256","248",,,,,"A",,"A","A",,,,,,,"220","42","798","172","5","1","2","1","F1FF11","1AAAA1111A8AA1","5",,,,,,,,,,,
"VRFB8","2023-09-25T17:00:00","22.60","68.90",,,"1","5","2","5","6","4","1",,,,,,,,,"10079","3","16","8","274",,"246","235",,,,,"A",,"A","A",,,,,,,"220","28","798","172","5","1","2","1","F1FF11","1AAAA1111A8AA1","5",,,,,,,,,,,
"WTAA","2023-09-25T17:00:00","24.20","62.50",,,"1","5","2","5","2","5","1",,,,,,,,,"10062","3","14","8","274",,"251","243",,,,,"A",,"A","A",,,,,,,"220","42","798","172","5","1","2","1","F1FF11","1AAAA1111A8AA1","5",,,,,,,,,,,
"9V8705","2023-09-25T18:00:00","22.10","62.60",,,"1","6","2","5","3","3","1",,"230","4","41","1","98","1","0","10070","4","0","8","270","0","250","241","1","300","3","3","1","A","A","A",,"2","3","22","1","2","220","22","798","172","5","0",,"1","111111","11111111111111","5",,"0",,,,"0","A","A",,"A",
"VRFB8","2023-09-25T18:00:00","22.30","68.70",,,"1","5","2","5","5","4","1",,,,,,,,,"10079","0","11","8","269",,"244","234",,,,,"A",,"A","A",,,,,,,"220","28","798","172","5","1","2","1","F1FF11","1AAAA1111A8AA1","5",,,,,,,,,,,
"WTAA","2023-09-25T18:00:00","24.30","62.90",,,"1","6","2","5","2","5","1",,"240","4","72","1","97","5","0","10061","0","11","8","275",,"251","242","3","302","2","0","0","9","0","7",,,,,,,"220","42","798","172","5","1","2","1","111111","11111111111AA1","5",,"0",,,,,,,,,
"VRFB8","2023-09-25T19:00:00","21.90","68.80",,,"1","5","2","5","5","3","1",,,,,,,,,"10075","0","1","8","269",,"242","232",,,,,"A",,"A","A",,,,,,,"220","18","798","172","5","1","2","1","F1FF11","1AAAA1111A8AA1","5",,,,,,,,,,,
"WTAA","2023-09-25T19:00:00","24.30","63.30",,,"1","5","2","5","2","5","1",,,,,,,,,"10066","3","8","8","278",,"255","247",,,,,"A",,"A","A",,,,,,,"220","43","798","172","5","1","2","1","F1FF11","1AAAA1111A8AA1","5",,,,,,,,,,,
"TBWUK75","2023-09-25T20:00:00","21.80","60.40",,,"1","6","2","5","8","3","1",,"220","3","82","1","98","3","0","10061",,,"8","270",,"260","256","1","270","2","2","1","2","0","0",,"5","3",,,,"220","10","798","172","5","1","2","1","111111","111111111111AA","5",,"0",,,,,,,,,
"VRFB8","2023-09-25T20:00:00","21.60","68.90",,,"1","5","2","5","4","4","1",,,,,,,,,"10073","8","6","8","269",,"241","230",,,,,"A",,"A","A",,,,,,,"220","18","798","172","5","1","2","1","F1FF11","1AAAA1111A8AA1","5",,,,,,,,,,,
"WTAA","2023-09-25T20:00:00","24.30","63.60",,,"1","5","2","5","2","5","1",,,,,,,,,"10062","8","0","8","274",,"254","247",,,,,"A",,"A","A",,,,,,,"220","43","798","172","5","1","2","1","F1FF11","1AAAA1111A8AA7","5",,,,,,,,,,,
"VRFB8","2023-09-25T21:00:00","21.30","69.00",,,"1","5","2","5","4","5","1",,,,,,,,,"10070","5","9","8","269",,"247","238",,,,,"A",,"A","A",,,,,,,"220","19","798","172","5","1","2","1","F1FF11","1AAAA1111A8AA1","5",,,,,,,,,,,
"WTAA","2023-09-25T21:00:00","24.30","64.00",,,"1","5","2","5","2","5","1",,,,,,,,,"10058","8","2","8","270",,"254","248",,,,,"A",,"A","A",,,,,,,"220","44","798","172","5","1","2","1","F1FF11","1AAAA1111A8AA1","5",,,,,,,,,,,
"VRFB8","2023-09-25T22:00:00","21.00","69.20",,,"1","5","2","5","9",,"1",,,,,,,,,"10069","6","6","8","269",,"250","243",,,,,"A",,"A","A",,,,,,,"220","19","798","172","5","1","2","1","F1FF11","1AAAA1111A8AA1","5",,,,,,,,,,,
"WTAA","2023-09-25T22:00:00","24.30","64.40",,,"1","5","2","5","2","5","1",,,,,,,,,"10057","5","8","8","270",,"254","249",,,,,"A",,"A","A",,,,,,,"220","44","798","172","5","1","2","1","F1FF11","1AAAA1111A8AA1","5",,,,,,,,,,,
"WTAA","2023-09-25T23:00:00","24.30","64.80",,,"1","6","2","5","2","5","1",,"280","4","26",,,,,"10056","5","6","8","270",,"248","239","3","296",,,"A",,"A","A",,,,,,,"220","44","798","172","5","1","2","1","111111","11AAA111118AA1","5",,,,,,,,,,,
"7JJV","2023-09-26T00:00:00","21.60","63.40",,,"1","6","2","5","8","3","1",,"210","4","77","1","98","1","0","10112",,,"8","260","0","240","232",,"280","2","2","5","6","4","A",,"2","2","36",,,"220","13","798","172","5","0",,"1","111111","1111111111117A","5",,"0","36",,,,,,,,
"9V8705","2023-09-26T00:00:00","21.10","63.70",,,"1","6","2","5","3","3","1",,"240","4","51","1","98","0","0","10070","0","0","8","270","0","240","226","1","300","1","1","1","4","A","1",,,,"36",,,"220","13","798","172","5","0",,"1","111111","11111111111A71","5",,"0","36",,,,,,,,
"VRFB8","2023-09-26T00:00:00","20.40","69.50",,,"1","5","2","5","3","5","1",,,,,,,,,"10070","3","1","8","275",,"253","246",,,,,"A",,"A","A",,,,,,,"220","9","798","172","5","1","2","1","F1FF11","1AAAA1111A8AA1","5",,,,,,,,,,,
"WTAA","2023-09-26T00:00:00","24.30","65.10",,,"1","6","2","5","2","5","1",,"230","4","15","1","96","5","0","10058","5","1","8","270",,"246","237","3","294",,,"A",,"A","A","0","0","0",,,,"220","45","798","172","5","1","2","1","111111","111111111181A1","5",,"0",,,,,,,,,
"VRFB8","2023-09-26T01:00:00","20.10","69.70",,,"1","5","2","5","3","5","1",,,,,,,,,"10076","3","8","8","275",,"254","246",,,,,"A",,"A","A",,,,,,,"220","9","798","172","5","1","2","1","F1FF11","1AAAA1111A8AA1","5",,,,,,,,,,,
"WTAA","2023-09-26T01:00:00","24.40","65.50",,,"1","6","2","5","2","5","1",,"260","4","51","1","96","5","0","10063","3","6","8","268",,"245","237","3","296","0","0","0","9","0","0",,"3","1","23","5","2","220","45","798","172","5","1","2","1","111111","11111111111111","5",,"0",,,,,,,,,
"WTAA","2023-09-26T02:00:00","24.40","65.90",,,"1","6","2","5","2","5","1",,"240","4","26","1","96","5","0","10070","3","14","8","269",,"246","238","3","297","0","0","0","9","0","0",,"3","1","24","5","3","220","45","798","172","5","1","2","2","111111","11111111111111","5",,"0",,,,,,,,,
"C6UT5","2023-09-26T03:00:00","22.50","60.70",,,"1","6","2","5","7","4","1",,"270","4","62","1","98","1","1","10086","3","30","8","300",,"270","258","3","290","4","4","1","4","1","A",,"4","1","22","8","3","220","20","798","172","5","1","2","2","111111","11111111111111","5",,"1",,,,,,,,,
"TBWUK75","2023-09-26T03:00:00","23.20","60.00",,,"1","6","2","5","8","3","1",,"180","3","72","1","98","3","2","10069",,,"8","290",,"280","276","1","260","4","4","2","2","4","5",,"3","2",,,,"220","30","798","172","5","1","2","2","111111","111111111111AA","5",,"2",,,,,,,,,
"WTAA","2023-09-26T03:00:00","24.40","66.20",,,"1","6","2","5","2","5","1",,"280","4","31","1","96","5","0","10078","3","19","8","283",,"251","239","3","289","0","0","0","9","0","0",,"2","1","24","5","3","220","46","798","172","5","1","2","2","111111","11111111111111","5",,"0",,,,,,,,,
"WTAA","2023-09-26T04:00:00","22.70","67.70",,,"1","5","2","5","3","9","1",,,,,,,,,"10086","3","23","8","300",,"261","247",,,,,"A",,"A","A",,,,,,,"220","27","798","172","5","1","2","2","F1FF11","1AAAA1111A8AA1","5",,,,,,,,,,,
"7KNE","2023-09-26T06:00:00","20.20","68.10",,,"1","6","2","5","4","3","1",,"330","4","15","1","97","3","0","10103","1","9","8","290","0","240","216",,"290","3","0","1","5","A","1",,"3","2","23","3","2","220","8","798","172","5","0",,"2","111112","11111111111111","5",,"0",,,,,,,,,
"9V8705","2023-09-26T06:00:00","20.00","64.80",,,"1","6","2","5","3","3","1",,"330","4","36","1","98","3","2","10100","0","10","8","300","0","280","273","1","310","7","7","A","A","7","A",,,,"36","1","1","220","4","798","172","5","0",,"2","311111","11111111111A11","5",,"2",,,,"0","A","A",,"A",
"9V9375","2023-09-26T19:00:00","20.10","60.70",,,"1","6","2","5","1","3","1",,"220","4","21","1","97","1","1",,,,"8","280",,"250","237","7","250",,,"A",,"A","A",,"3","2",,,,"220","0","798","172","5","1","2","1","1111F1","11111A111181AA","5",,"1",,,,,,,,,
"VRPJ7","2023-09-27T00:00:00","22.30","60.00",,,"1","6","2","5","8","4","1",,"230","4","21","1","97","2","1","10146","0","0","8","280",,"270","266","1","270",,,"A",,"A","A",,"6","2","14","6","2","220","20","798","172","5","1","2","1","111111","11111111118111","5",,"1",,,,,,,,,
"OZDA2","2023-09-27T05:00:00","22.80","67.10",,,"1","4","0","0","0","0","1","0",,"3",,,"97","2","0","10109",,,"0","300","0","280","273",,"280","4",,"1","4","A","A",,"2","0","23","8","2","220","27","992","114","5","1","2","2","11FF11","1111111111131A",,"1","0",,,,,,,,,"4"
"7KJY","2023-09-27T06:00:00","20.00","64.50",,,"1","6","2","5","7","3","1",,"320","4","51","1","98","1","2","10110","1","20","8","310","0","280","269","3","300","6","6","1","4","4","5",,"5","2","33","5","3","220","4","798","172","5","0",,"2","131111","11111111111111","5",,"2",,,,,,,,,
"9V9409","2023-09-27T06:00:00","24.30","60.10",,,"1","6","2","5","2","2","1",,"140","4","36","1","98","2","2","10113",,,"8","310","0","300","297","1","300","5","5","4","5","4","4",,"5","1","36",,,"220","40","798","172","5","0",,"2","111111","1111111111117A","5",,"2","36",,,,,,,,
"VTLD","2023-09-27T06:00:00","24.60","60.40",,,"1","6","2","5","2","3","1",,"160","4","21","1","97","3","1","10110",,,"8","320","0","290","279",,"300","4",,"5","5","1","7",,"4","1","18","5","2","220","40","798","172","5","0",,"2","111111","1111111111111A","5",,"1",,,,,,,,,
"3FEM7","2023-09-27T07:00:00","23.20","66.00",,,"1","6","2","5","2","3","1",,"260","4","57","1","98","2","0","10103","2",,"8","300","0","270","260","1","280","3","2","4","7","4","1",,"3","2","24","3","2","220","36","798","172","5","0",,"2","111111","11111111111117","5",,"0",,,,,,,,,
"9V9375","2023-09-27T07:00:00","21.90","63.30",,,"1","6","2","5","1","3","1",,"310","4","41","1","97","2","1","10140",,,"8","250",,"200","170","7",,,,"A",,"A","A",,"8","2",,,,"220","13","798","172","5","1","2","2","611112","111111111181AA","5",,"1",,,,,,,,,
"C6UU5","2023-09-27T08:00:00","24.00","64.90",,,"1","6","2","5","6","3","1",,"90","4","15","1","98",,,"10132",,"10","8","300","0","290","287",,"290","3","0","1","2","7","1","0","0","0","36",,,"220","44","798","172","5","0",,"2","111111","111AA111111177","5",,,"36",,,,,,,,
"VRPJ7","2023-09-27T08:00:00","22.30","60.00",,,"1","6","2","5","8","4","1",,"230","4","21","1","98","2","2","10146","0","0","8","280",,"270","266","1","270","0","0","0","9","0","0",,"6","1","14","6","1","220","20","798","172","5","1","2","2","111111","11111111111111","5",,"2",,,,,,,,,
"9V9409","2023-09-27T11:00:00","24.10","60.90",,,"1","6","2","5","2","2","1",,"250","4","36",,,,,"10103","4","0","8",,"0",,,"1","290",,,"A",,"A","A",,,,,,,"220","40","798","172","5","0",,"2","171112","11AAA199918AA1","5",,,,,,,,,,,
"9V9409","2023-09-27T13:00:00","24.10","61.30",,,"1","6","2","5","2","2","1",,"260","4","46","1","97","2","1","10093",,,"8","350","0","300","283","1","300","6","6","6","2","1","7","0","4","0",,,,"220","41","798","172","5","0",,"2","151111","111111666113AA","5",,"1",,,,,,,,,
"WTAA","2023-09-27T15:00:00","24.30","66.90",,,"1","5","2","5","9",,"1",,,,,,,,,"10069","3","14","8","286",,"260","250",,,,,"A",,"A","A",,,,,,,"220","46","798","172","5","1","2","1","F1FF11","1AAAA1111A8AA1","5",,,,,,,,,,,
"WTAA","2023-09-27T16:00:00","24.10","67.00",,,"1","5","2","5","9",,"1",,,,,,,,,"10078","3","22","8","285",,"260","251",,,,,"A",,"A","A",,,,,,,"220","47","798","172","5","1","2","1","F1FF11","1AAAA1111A8AA1","5",,,,,,,,,,,
"WTAA","2023-09-27T17:00:00","23.80","67.00",,,"1","5","2","5","4","3","1",,,,,,,,,"10082","1","20","8","282",,"259","251",,,,,"A",,"A","A",,,,,,,"220","37","798","172","5","1","2","1","F1FF11","1AAAA1111A8AA1","5",,,,,,,,,,,
"9V9409","2023-09-27T18:00:00","23.80","62.30",,,"1","6","2","5","3","2","1",,"220","4","72","1","98","2","2","10093",,,"8","310","0","300","297","1","300","6","6","7","2","7","A",,"6","2","36",,,"220","32","798","172","5","0",,"1","111111","1111111111117A","5",,"2","36",,,,,,,,
"VTLD","2023-09-27T18:00:00","23.80","63.00",,,"1","6","2","5","2","3","1",,"240","4","51","1","97","3","1","10090",,,"8","300","0","250","228",,"300","4",,"5","5","6","5",,"4","1","18","5","2","220","33","798","172","5","0",,"1","111111","1111111111111A","5",,"1",,,,,,,,,
"WLMQ","2023-09-27T18:00:00","22.20","60.00",,,"1","5","2","5","8","4","1",,,,,,,,,"10103","0","11","8","259",,"235","226",,,,,"A",,"A","A",,,,,,,"220","20","798","172","5","1","2","1","F1FF11","1AAAA1111A8AA1","5",,,,,,,,,,,
"WTAA","2023-09-27T18:00:00","23.60","67.00",,,"1","5","2","5","4","3","1",,,,,,,,,"10081","0","11","8","282",,"257","249",,,,,"A",,"A","A",,,,,,,"220","37","798","172","5","1","2","1","F1FF11","1AAAA1111A8AA1","5",,,,,,,,,,,
"9V9375","2023-09-27T19:00:00","23.50","65.60",,,"1","4","0","0","1","3","1","0","270","4","57",,"97","2","1","10110",,,"0","260","0","240","231",,"240",,,,"A",,,,"8","2",,,,"220","35","992","114","5","0",,"1","211111","111111111181AA",,"1","1",,,,,,,,,"4"
"WLMQ","2023-09-27T19:00:00","22.50","60.10",,,"1","5","2","5","8","4","1",,,,,,,,,"10098","8","0","8","256",,"237","229",,,,,"A",,"A","A",,,,,,,"220","20","798","172","5","1","2","1","F1FF11","1AAAA1111A8AA7","5",,,,,,,,,,,
"WTAA","2023-09-27T19:00:00","23.40","67.10",,,"1","5","2","5","4","3","1",,,,,,,,,"10080","0","2","8","280",,"259","251",,,,,"A",,"A","A",,,,,,,"220","37","798","172","5","1","2","1","F1FF11","1AAAA1111A8AA1","5",,,,,,,,,,,
"TBWUK47","2023-09-27T20:00:00","21.53","62.10",,,"1","6","2","5","7","4","1",,"230",,"77",,,,,"10094","8","10","8","271",,"241","227","1","290",,,,,,,,,,,,,"220","12","798","172","5","0",,"1","111111","11AAA11111AAA1","5",,,,,,,,,,,
"WTAA","2023-09-27T20:00:00","23.10","67.10",,,"1","5","2","5","4","3","1",,,,,,,,,"10078","5","5","8","278",,"257","249",,,,,"A",,"A","A",,,,,,,"220","37","798","172","5","1","2","1","F1FF11","1AAAA1111A8AA1","5",,,,,,,,,,,
"WTAA","2023-09-27T21:00:00","22.90","67.20",,,"1","5","2","5","4","3","1",,,,,,,,,"10073","8","8","8","277",,"254","246",,,,,"A",,"A","A",,,,,,,"220","27","798","172","5","1","2","1","F1FF11","1AAAA1111A8AA1","5",,,,,,,,,,,
"WTAA","2023-09-27T22:00:00","22.70","67.30",,,"1","4","0","0","4","3","1",,,,,,,,,"10075","5","5","0","276","0","253","244",,,,,,"A",,,,,,,,,"220","27","992","114","5","0",,"1","F1FF11","1AAAA1111A8AA1",,"1",,,,,,,,,,"4"
"WTAA","2023-09-27T23:00:00","22.50","67.40",,,"1","4","0","0","4","3","1","0","290","4","62",,"96","5",,"10074","5","3","0","273","0","251","244","3","312",,,,"A",,,,,,,,,"220","27","992","114","5","0",,"1","311111","1111A111118AA1",,"1",,,,,,,,,,"4"
"AWWB","2023-09-28T00:00:00","20.80","64.40",,,"1","4","0","0",,,"1","0","160","4","36",,"95","1","0","10050","1","5","0","260",,,"233",,,"6",,,"4",,,,,,,,,"220","4","992","114","5","0",,"1","F11111","1114111A1A1AA1",,"1","0",,,,,,,,,"4"
"VRLQ4","2023-09-28T00:00:00","22.50","60.50",,,"1","6","2","5","3","3","1",,"240",,"87","1","98","2","0","10081","4","0","8","260",,"250","246",,"293",,,,,,,,,,,,,"220","20","798","172","5","1","2","1","111111","1111111111AAA1","5",,"0",,,,,,,,,
"WTAA","2023-09-28T00:00:00","22.30","67.50",,,"1","4","0","0","3","3","1","0","280","4","67",,"97","5",,"10073","8","0","0","272","0","249","241","3","308",,,,"A",,,,"3","2",,,,"220","27","992","114","5","0",,"1","311111","1111A1111181A7",,"1",,,,,,,,,,"4"
"WTAA","2023-09-28T01:00:00","22.10","67.70",,,"1","4","0","0","3","3","1","0","300","4","67",,"97","5","2","10080","3","6","0","270","0","248","239","3","311","6","6","5","5","A","A",,"3","2","24","5","3","220","27","992","114","5","0",,"1","311111","11111111111111",,"1","2",,,,,,,,,"4"
"9V9409","2023-09-28T02:00:00","23.50","63.40",,,"1","6","2","5","2","2","1",,"270","4","46","1","97","3","2","10103",,,"8","300","0","280","273","1","300","7","7","7","2","1","7","0","4","0",,,,"220","33","798","172","5","0",,"2","111111","111111111113AA","5",,"2",,,,,,,,,
"WTAA","2023-09-28T02:00:00","21.90","67.80",,,"1","4","0","0","3","3","1",,,,,,,,,"10085","3","10","0","275","0","249","240",,,,,,"A",,,,,,,,,"220","17","992","114","5","0",,"2","F1FF11","1AAAA1111A8AA1",,"1",,,,,,,,,,"4"
"WTAA","2023-09-28T03:00:00","21.70","68.00",,,"1","4","0","0","3","3","1","0","300","4","72",,"96","5","0","10089","1","16","0",,"0","284","265","3","308","3","0","0","9","0","7",,,,,,,"220","18","992","114","5","0",,"2","371112","11111166611AA1",,"1","0",,,,,,,,,"4"
"TBWUK47","2023-09-28T04:00:00","23.08","60.35",,,"1","6","2","5","7","4","1","5","155",,"26","1","97","5","0","10106","4","0","8","291",,"261","249","1","290","0","0","1","9",,,,,"1",,,,"220","30","798","172","5","0",,"2","111111","111111111113A1","5",,"0",,,,,,,,,
"HSDLRRX","2023-09-28T05:00:00","20.14","63.38",,,"1","5","2","5","7","4","1",,,,,,,,,"10108","2","17","8","277",,,"235",,,,,,,,,,,,,,,"220","3","798","172","5","0",,"2","F1FF11","1AAAA11A1AAAA1","5",,,,,,,,,,,
"HSDLRRX","2023-09-28T06:00:00","20.36","63.15",,,"1","5","2","5","7","4","1",,,,,,,,,"10109","2","13","8","277",,,"228",,,,,,,,,,,,,,,"220","3","798","172","5","0",,"2","F1FF11","1AAAA11A1AAAA1","5",,,,,,,,,,,
"V7HH2","2023-09-28T06:00:00","21.60","67.90",,,"1","4","0","0","1","3","1","0","350","4","36",,"97",,,"10150",,,"0","310","0","300","297","1","280",,,"A","A","A","7",,,,,,,"220","17","992","114","5","0",,"2","131111","111AA111118AAA",,"1",,,,,,,,,,"4"
"VRLQ4","2023-09-28T06:00:00","21.60","61.50",,,"1","6","2","5","3","3","1",,,,,"1","98",,"2","10070","4","0","8","330",,"310","305",,"290","3","3","5","6","4","5",,,,,,,"220","11","798","172","5","1","2","2","15FF11","1A1A1116611AA1","5",,"2",,,,,,,,,
"HSDLRRX","2023-09-28T07:00:00","20.57","62.91",,,"1","5","2","5","7","4","1",,,,,,,,,"10104","7","1","8","277",,,"230",,,,,,,,,,,,,,,"220","2","798","172","5","0",,"2","F1FF11","1AAAA11A1AAAA1","5",,,,,,,,,,,
"C6UU5","2023-09-28T08:00:00","24.00","65.00",,,"1","6","2","5","2","3","1",,"270","4","36","1","98",,,"10132",,"10","8","310","0","300","297",,"290","4","1","1","2","4","2",,"1","1","36","2","2","220","45","798","172","5","0",,"2","131111","111AA111111117","5",,,,,,,,,,,
"HSDLRRX","2023-09-28T08:00:00","20.79","62.67",,,"1","5","2","5","7","4","1",,,,,,,,,"10097","7","11","8","279",,,"229",,,,,,,,,,,,,,,"220","2","798","172","5","0",,"2","F1FF11","1AAAA11A1AAAA1","5",,,,,,,,,,,
"HSDLRRX","2023-09-28T09:00:00","21.00","62.44",,,"1","5","2","5","7","4","1",,,,,,,,,"10088","7","21","8","278",,,"232",,,,,,,,,,,,,,,"220","12","798","172","5","0",,"2","F1FF11","1AAAA11A1AAAA1","5",,,,,,,,,,,
"HSDLRRX","2023-09-28T10:00:00","21.21","62.20",,,"1","5","2","5","7","4","1",,,,,,,,,"10080","7","23","8","283",,,"236",,,,,,,,,,,,,,,"220","12","798","172","5","0",,"2","F1FF11","1AAAA11A1AAAA1","5",,,,,,,,,,,
"HSDLRRX","2023-09-28T11:00:00","21.40","61.97",,,"1","5","2","5","7","4","1",,,,,,,,,"10076","7","20","8","285",,,"238",,,,,,,,,,,,,,,"220","11","798","172","5","0",,"2","F1FF11","1AAAA11A1AAAA1","5",,,,,,,,,,,
"HSDLRRX","2023-09-28T12:00:00","21.61","61.76",,,"1","5","2","5","7","4","1",,,,,,,,,"10073","7","14","8","283",,,"243",,,,,,,,,,,,,,,"220","11","798","172","5","0",,"2","F1FF11","1AAAA11A1AAAA1","5",,,,,,,,,,,
"VRLQ4","2023-09-28T12:00:00","20.80","62.50",,,"1","4","0","0","3","3","1","0","270","4","57",,"98","2","0","10078","7","12","0","290","0","280","277","3","302","1","1","1","3","0","0",,"4","1","0",,,"220","2","992","114","5","1","2","2","111111","11111111111131",,"1","0","0",,,,,,,,"4"
"HSDLRRX","2023-09-28T13:00:00","21.81","61.55",,,"1","5","2","5","7","4","1",,,,,,,,,"10076","7","5","8","281",,,"235",,,,,,,,,,,,,,,"220","11","798","172","5","0",,"2","F1FF11","1AAAA11A1AAAA1","5",,,,,,,,,,,
"WTAA","2023-09-28T13:00:00","20.30","69.60",,,"1","6","2","5","9",,"1",,"320","4","87","1","97","5",,"10059","5","4","8","290",,"262","252","3","314",,,"A",,"A","A",,,,,,,"220","9","798","172","5","1","2","2","511111","1111A111118AA1","5",,,,,,,,,,,
"HSDLRRX","2023-09-28T14:00:00","22.01","61.33",,,"1","5","2","5","7","4","1",,,,,,,,,"10077","4","0","8","278",,,"237",,,,,,,,,,,,,,,"220","21","798","172","5","0",,"2","F1FF11","1AAAA11A1AAAA1","5",,,,,,,,,,,
"WTAA","2023-09-28T14:00:00","20.40","69.90",,,"1","6","2","5","9",,"1",,"320","4","87","1","96","5",,"10063","3","6","8","286",,"258","249","3","314",,,"A",,"A","A",,,,,,,"220","9","798","172","5","1","2","1","511111","1111A111118AA1","5",,,,,,,,,,,
"HSDLRRX","2023-09-28T15:00:00","22.20","61.12",,,"1","5","2","5","7","4","1",,,,,,,,,"10083","2","9","8","279",,,"238",,,,,,,,,,,,,,,"220","21","798","172","5","0",,"1","F1FF11","1AAAA11A1AAAA1","5",,,,,,,,,,,
"HSDLRRX","2023-09-28T16:00:00","22.37","60.93",,,"1","5","2","5","7","4","1",,,,,,,,,"10085","2","9","8","279",,,"243",,,,,,,,,,,,,,,"220","20","798","172","5","0",,"1","F1FF11","1AAAA11A1AAAA1","5",,,,,,,,,,,
"HSDLRRX","2023-09-28T17:00:00","22.54","60.74",,,"1","5","2","5","7","4","1",,,,,,,,,"10088","2","11","8","280",,,"242",,,,,,,,,,,,,,,"220","20","798","172","5","0",,"1","F1FF11","1AAAA11A1AAAA1","5",,,,,,,,,,,
"9V9409","2023-09-28T18:00:00","23.00","64.80",,,"1","6","2","5","3","2","1",,"210","4","51","1","98","2","2","10093",,,"8","310","0","280","269","1","300","5","5","4","5","4","A",,"5","1","36",,,"220","34","798","172","5","0",,"1","111111","1111111111117A","5",,"2","36",,,,,,,,
"HSDLRRX","2023-09-28T18:00:00","22.72","60.54",,,"1","5","2","5","7","4","1",,,,,,,,,"10084","2","2","8","288",,,"231",,,,,,,,,,,,,,,"220","20","798","172","5","0",,"1","F1FF11","1AAAA11A1AAAA1","5",,,,,,,,,,,
"HSDLRRX","2023-09-28T19:00:00","22.90","60.35",,,"1","5","2","5","7","4","1",,,,,,,,,"10079","7","6","8","288",,,"236",,,,,,,,,,,,,,,"220","20","798","172","5","0",,"1","F1FF11","1AAAA11A1AAAA1","5",,,,,,,,,,,
"HSDLRRX","2023-09-28T20:00:00","23.08","60.16",,,"1","5","2","5","7","4","1",,,,,,,,,"10074","7","13","8","299",,,"209",,,,,,,,,,,,,,,"220","30","798","172","5","0",,"1","F1FF12","1AAAA11A1AAAA1","5",,,,,,,,,,,
"9V9409","2023-09-29T00:00:00","22.40","66.00",,,"1","6","2","5","3","2","1",,"350","4","57","1","97","1","0","10093",,,"8","260","0","250","246","1","300","5","5","6","2","1","7","0","4","0",,,,"220","26","798","172","5","0",,"1","111111","111111111113AA","5",,"0",,,,,,,,,
"9V9409","2023-09-29T06:00:00","22.20","66.20",,,"1","6","2","5","0","0","1",,"270","4","41","1","98","2","2","10113",,,"8","300","0","280","273","1","300","5","5","4","5","4","A",,"5","1","36",,,"220","26","798","172","5","0",,"2","111111","1111111111117A","5",,"2","36",,,,,,,,
"V7HH2","2023-09-29T06:00:00","22.60","69.90",,,"1","6","2","5","9","0","1",,"270","4","36","1","97",,,"10150",,,"8","300",,"290","287","1","280",,,"7",,"A","A",,,,,,,"220","29","798","172","5","1","2","2","111131","111AA111118AAA","5",,,,,,,,,,,
"VRLA2","2023-09-29T06:00:00","20.80","61.40",,,"1","6","2","5","1","3","1",,"260","4","51","1","98","2","0","10108","2","19","8","311",,"269","252","1","280","1","1","1","3","0","0",,"5","1",,,,"220","1","798","172","5","1","2","2","131111","111111111111A1","5",,"0",,,,,,,,,
"C6UU5","2023-09-29T07:00:00","24.00","65.30",,,"1","6","2","5","2","3","1",,"270","4","31","1","98",,,"10132",,"10","8","300","0","290","287",,"290","3","1","1","2","4","1",,"2","2","36",,,"220","45","798","172","5","0",,"2","111111","111AA111111177","5",,,,,,,,,,,
"VRLA2","2023-09-29T10:00:00","21.30","62.20",,,"1","6","2","5","1","4","1",,"260","4","46","1","98","2","0","10069","7","30","8","310",,"275","262","1","285","5","4","6","2","1","5",,"3","1","20","9","3","220","12","798","172","5","1","2","2","131111","11111111111111","5",,"0",,,,,,,,,
"EUMDE54","2023-09-29T14:00:00","21.90","60.04",,,"1","5","2","5","1","4","1","5","195",,"66",,,,,"10072","4","0","8","291",,,"237",,,,,,,,,,,,,,,"220","10","798","172","5","0",,"2","F11111","11AAA11A1AAAA1","5",,,,,,,,,,,
"RCMSZ4L","2023-09-29T14:00:00","21.90","60.04",,,"1","6","2","5","9",,"1",,,,"0",,,,,"10073",,,"8","324",,,,,"294",,,,,,,,,,,,,"220","10","798","172","5","0",,"2","15111F","12AAA11AA1AAAA","5",,,,,,,,,,,
"EUMDE54","2023-09-29T15:00:00","22.17","60.10",,,"1","5","2","5","0","4","1",,"220",,"43",,,,,"10076","2","6","8","286",,,"248",,,,,,,,,,,,,,,"220","20","798","172","5","0",,"1","F11111","11AAA11A1AAAA1","5",,,,,,,,,,,
"RCMSZ4L","2023-09-29T15:00:00","22.17","60.10",,,"1","6","2","5","9",,"1",,,,"0",,,,,"10079",,,"8","296",,,,,"293",,,,,,,,,,,,,"220","20","798","172","5","0",,"1","11111F","12AAA11AA1AAAA","5",,,,,,,,,,,
"EUMDE54","2023-09-29T16:00:00","22.45","60.10",,,"1","5","2","5","8","4","1",,"230",,"47",,,,,"10079","2","8","8","282",,,"243",,,,,,,,,,,,,,,"220","20","798","172","5","0",,"1","F11111","11AAA11A1AAAA1","5",,,,,,,,,,,
"RCMSZ4L","2023-09-29T16:00:00","22.45","60.10",,,"1","6","2","5","9",,"1",,,,"0",,,,,"10084",,,"8","286",,,,,"284",,,,,,,,,,,,,"220","20","798","172","5","0",,"1","11111F","12AAA11AA1AAAA","5",,,,,,,,,,,
"EUMDE54","2023-09-29T17:00:00","22.68","60.02",,,"1","5","2","5","7","4","1",,"200",,"52",,,,,"10081","2","8","8","296",,,"242",,,,,,,,,,,,,,,"220","20","798","172","5","0",,"1","F11111","11AAA11A1AAAA1","5",,,,,,,,,,,
"OZDA2","2023-09-29T17:00:00","21.40","66.80",,,"1","6","2","5","6","4","1",,"270","3","67","1","97","3","2","10091",,,"8","285",,"270","264","7","290",,,"A",,"A","A",,"3","1","23","9","2","220","16","798","172","5","1","2","1","111111","1111111111811A","5",,"2",,,,,,,,,
"RCMSZ4L","2023-09-29T17:00:00","22.68","60.02",,,"1","6","2","5","9",,"1",,,,"0",,,,,"10084",,,"8","298",,,,,"308",,,,,,,,,,,,,"220","20","798","172","5","0",,"1","11111F","12AAA11AA1AAAA","5",,,,,,,,,,,
"9V9375","2023-09-29T19:00:00","21.50","68.40",,,"1","6","2","5","3","3","1",,"290","4","51","1","97","2","1","10100",,,"8","260",,"230","215","7",,,,"A",,"A","A",,"9","2",,,,"220","18","798","172","5","1","2","1","611111","111111111181AA","5",,"1",,,,,,,,,
"VRLA2","2023-09-29T19:00:00","22.70","64.30",,,"1","4","0","0","1","3","1","0","270","4","51",,"97","2","0","10069","3",,"0","285","0","260","250","1","285","0","0","0","9","0","0",,"2","0",,,,"220","24","992","114","5","1","2","1","111111","111111111111A7",,"1","0",,,,,,,,,"4"
"VRLA2","2023-09-29T22:00:00","23.30","65.00",,,"1","6","2","5","1","3","1",,"270","4","36","1","98","2","0","10069","4","0","8","285",,"270","264","1","285",,,"A",,"A","A",,"3","1","20","9","2","220","35","798","172","5","1","2","1","111111","11111111118111","5",,"0",,,,,,,,,
"V7UX2","2023-09-30T00:00:00","22.30","61.20",,,"1","6","2","5","7","2","1",,"250","4","62","1","98","2","0","10080",,,"8","270","0","260","256","1","300",,,,,,,,,"2",,,,"220","21","798","172","5","0",,"1","111111","1111111111A3AA","5",,"0",,,,,,,,,
"H3JW","2023-09-30T04:00:00","23.80","60.60",,,"1","6","2","5","4","3","1",,"160",,"46","1","98","3","2","10086",,,"8","260","0","230","215","1","326","6","6","6","4","1","7",,,,,,,"220","30","798","172","5","0",,"2","311111","11111111111AAA","5",,"2",,,,,,,,,
"OZDA2","2023-09-30T05:00:00","20.40","64.30",,,"1","6","2","5","6","3","1",,"270","3","72","1","97","1","0","10110",,,"8","290",,"270","262","7","290","3",,"1","4","A","A",,"3","1","21","9","2","220","4","798","172","5","1","2","2","111111","1111111111111A","5",,"0",,,,,,,,,
"TBWUK70","2023-09-30T05:00:00","22.08","60.75",,,"1","6","2","5","8","4","1",,,,,"1","98",,,"10109","1","16","8","301",,"281","274","1","310","3","3","9","5",,,,,,,,,"220","20","798","172","5","0",,"2","11FF11","171AA111111AA1","5",,,,,,,,,,,
"VRLA2","2023-09-30T05:00:00","24.40","66.60",,,"1","4","0","0","2","4","1","0","270","4","26",,"97","2","0","10089","3",,"0","310","0","270","254","1","280","1","1","1","5","0","0",,"2","0","0",,,"220","46","992","114","5","1","2","2","131111","11111111111137",,"1","0","0",,,,,,,,"4"
"7KDA","2023-09-30T06:00:00","20.00","64.90",,,"1","6","2","5","1","1","1",,"280","4","57","1","98","3","1","10090","0",,"8","290","0","270","262",,"290","5","5","5","4","6","3",,"2","2",,,,"220","4","798","172","5","0",,"2","111111","111111111111A7","5",,"1",,,,,,,,,
"H3JW","2023-09-30T06:00:00","23.50","60.90",,,"1","6","2","5","3","3","1",,"150",,"26","1","98","2","0","10096","1","20","8","290","0","270","262","1","326","2","2","1","7","0","5","15","2",,"37","2","1","220","30","798","172","5","0",,"2","311111","11111111111771","5",,"0",,,,,,,,,
"V7HH2","2023-09-30T06:00:00","22.60","69.90",,,"1","6","2","5","9","0","1",,"360","4","21","1","97",,,"10150",,,"8","300",,"290","287","1","280","7","7","7","5","A","A",,,,,,,"220","29","798","172","5","1","2","2","111131","111AA111111AAA","5",,,,,,,,,,,
"TBWUK70","2023-09-30T08:00:00","23.18","60.63",,,"1","6","2","5","7","4","1",,,,,"1","98",,,"10096",,,"8","311",,,,"1","310","0","0",,"9",,,,,,,,,"220","30","798","172","5","0",,"2","11FF1F","171AA11AA11AAA","5",,,,,,,,,,,
"VRPJ7","2023-09-30T08:00:00","24.10","60.00",,,"1","4","0","0","2","3","1","0","140","4","31",,"97","2","2","10156","0","0","0","300","0","280","273","1","300","2","2","6","2","1","0",,"3","0","14","5","1","220","40","992","114","5","1","2","2","111131","11111111111111",,"1","2",,,,,,,,,"4"
"9V9409","2023-09-30T10:00:00","21.80","68.30",,,"1","6","2","5","0","0","1",,"300","4","62",,,,,"10083",,,"8","300","0","280","273","1","300",,,"A",,"A","A",,,,,,,"220","18","798","172","5","0",,"2","111111","11AAA111118AAA","5",,,,,,,,,,,
"H3JW","2023-09-30T12:00:00","22.40","61.80",,,"1","6","2","5","3","3","1",,"230",,"57","1","98","2","2","10076",,,"8","270","0","230","210","1","335","7","7","7","4","1","7",,,,,,,"220","21","798","172","5","0",,"2","511111","11111111111AAA","5",,"2",,,,,,,,,
"3FAZ9","2023-09-30T18:00:00","22.90","60.40",,,"1","6","2","5","3","3","1",,"90","4","51","1","97",,,"10088",,,"8","300","0","280","274","3","300",,,,,,,,,,,,,"220","20","798","172","5","0",,"1","111111","111AA11111AAAA","5",,,,,,,,,,,
"7KDA","2023-09-30T18:00:00","20.00","65.10",,,"1","6","2","5","2","1","1",,"290","4","72","1","98","3","1","10090","0",,"8","290","0","260","248",,"290","4","4","2","4","6","3",,"2","2",,,,"220","5","798","172","5","0",,"1","111111","111111111111A7","5",,"1",,,,,,,,,
"H3JW","2023-09-30T18:00:00","21.30","62.70",,,"1","6","2","5","3","3","1",,"230",,"41","1","98","1","0","10095","4","0","8","250","0","230","220","1",,"2","2","1","6","8","5",,,,"36",,,"220","12","798","172","5","0",,"1","711111","11111111111A71","5",,"0","36",,,,,,,,
